# 3ds Max Wavefront OBJ Exporter v0.97b - (c)2007 guruware
# File Created: 15.06.2015 00:12:33

mtllib Necron.mtl

#
# object Necron
#

v  0.9016 0.5256 -0.3821
v  0.9178 0.5470 -0.3615
v  0.9252 0.5475 -0.3286
v  0.9259 0.5271 -0.2748
v  0.8790 0.5527 -0.2646
v  0.8636 0.5228 -0.2607
v  0.9105 0.4973 -0.2709
v  0.8680 0.5787 -0.3160
v  0.8624 0.5580 -0.2899
v  0.9196 0.5267 -0.3025
v  0.9307 0.5720 -0.3648
v  0.8838 0.5976 -0.3546
v  0.8913 0.5981 -0.3216
v  0.9382 0.5725 -0.3319
v  0.8443 0.5568 -0.3695
v  0.8605 0.5783 -0.3490
v  0.8799 0.4954 -0.4058
v  0.8330 0.5209 -0.3955
v  0.8484 0.5508 -0.3994
v  0.8953 0.5252 -0.4097
v  0.8805 0.4750 -0.3521
v  0.8233 0.5062 -0.3395
v  0.8289 0.5270 -0.3656
v  0.8861 0.4958 -0.3782
v  0.8751 0.4505 -0.3158
v  0.8282 0.4760 -0.3056
v  0.8208 0.4756 -0.3385
v  0.8676 0.4500 -0.3488
v  0.9042 0.4969 -0.2986
v  0.8469 0.5281 -0.2860
v  0.8308 0.5067 -0.3066
v  0.8880 0.4755 -0.3191
v  0.8067 0.4140 -0.3239
v  0.7587 0.4510 -0.3136
v  0.7891 0.4931 -0.3285
v  0.8401 0.4668 -0.3397
v  0.7616 0.4512 -0.3006
v  0.8096 0.4142 -0.3110
v  0.8463 0.4672 -0.3126
v  0.7953 0.4935 -0.3014
v  0.7572 0.4007 -0.3125
v  0.7601 0.4009 -0.2996
v  0.8278 0.3981 -0.3285
v  0.7959 0.3567 -0.3207
v  0.7988 0.3568 -0.3077
v  0.8307 0.3983 -0.3156
v  0.9443 0.4678 -0.3910
v  0.9416 0.4695 -0.4077
v  0.9519 0.4896 -0.4103
v  0.9567 0.4918 -0.3941
v  0.9439 0.4445 -0.3348
v  0.9357 0.4296 -0.3350
v  0.9307 0.4293 -0.3571
v  0.9379 0.4441 -0.3613
v  0.8404 0.3862 -0.3244
v  0.7813 0.3160 -0.3032
v  0.7883 0.2867 -0.3112
v  0.8092 0.3471 -0.3168
v  0.7303 0.3413 -0.2920
v  0.7146 0.3185 -0.2949
v  0.6924 0.3776 -0.2839
v  0.6644 0.3692 -0.2842
v  0.6762 0.4195 -0.2808
v  0.6466 0.4241 -0.2810
v  0.6859 0.4558 -0.2962
v  0.6888 0.4560 -0.2833
v  0.2204 0.7585 -0.1570
v  0.2113 0.7445 -0.1637
v  0.3815 0.6517 -0.2010
v  0.3972 0.6621 -0.1958
v  0.2066 0.7577 -0.2179
v  0.2014 0.7439 -0.2076
v  0.7784 0.3158 -0.3161
v  0.7274 0.3411 -0.3049
v  0.6895 0.3774 -0.2968
v  0.6733 0.4193 -0.2937
v  0.6637 0.4781 -0.2856
v  -0.0552 0.9266 -0.2816
v  -0.0787 0.9280 -0.3239
v  0.0384 0.8037 -0.3206
v  0.0332 0.8317 -0.2789
v  0.0635 0.8435 -0.3146
v  -0.0294 0.9423 -0.3179
v  -0.0792 1.0124 -0.2364
v  -0.1195 1.0524 -0.2575
v  -0.0632 1.0488 -0.2628
v  -0.0672 1.0217 -0.1797
v  -0.1025 1.0654 -0.1775
v  -0.0478 1.0606 -0.1902
v  0.9522 0.4970 -0.3253
v  0.9410 0.4963 -0.3747
v  0.9550 0.5129 -0.3522
v  0.9296 0.4702 -0.3619
v  0.9365 0.4706 -0.3313
v  0.9089 0.5261 -0.3049
v  0.9129 0.5487 -0.3431
v  0.8865 0.4884 -0.3134
v  0.8767 0.4878 -0.3569
v  0.1473 0.8906 -0.1083
v  0.1824 0.8714 -0.1160
v  0.2212 0.9734 -0.1262
v  0.1831 0.9599 -0.1174
v  0.1389 0.8940 -0.0859
v  0.1716 0.9570 -0.0937
v  0.1281 0.8608 -0.1219
v  0.1028 0.8366 -0.1082
v  -0.2456 0.9086 -0.1045
v  -0.2374 0.9091 -0.0682
v  -0.1118 1.0042 -0.1362
v  -0.1036 1.0047 -0.0999
v  -0.1652 1.0382 -0.0864
v  -0.1734 1.0377 -0.1227
v  -0.2079 0.8740 -0.1126
v  -0.0767 0.9766 -0.1438
v  -0.0685 0.9771 -0.1075
v  -0.1997 0.8745 -0.0763
v  0.2264 0.8177 -0.2133
v  0.1765 0.8449 -0.1957
v  0.1356 0.8006 -0.2325
v  0.1756 0.7628 -0.2589
v  0.2011 0.8561 -0.2346
v  0.1623 0.8142 -0.2694
v  0.9748 0.4929 -0.3145
v  0.9775 0.4911 -0.2978
v  0.9671 0.4711 -0.2951
v  0.9624 0.4689 -0.3114
v  0.9751 0.5162 -0.3707
v  0.9833 0.5311 -0.3705
v  0.9884 0.5314 -0.3484
v  0.9811 0.5165 -0.3442
v  0.8930 0.5251 -0.3753
v  -0.2066 0.8419 -0.0742
v  -0.2148 0.8414 -0.1106
v  -0.1878 1.0806 -0.1201
v  -0.3225 0.9989 -0.0884
v  -0.3142 0.9994 -0.0520
v  -0.1795 1.0811 -0.0837
v  -0.1706 1.1195 -0.1403
v  -0.1555 1.1204 -0.0740
v  -0.2299 0.8395 -0.0689
v  -0.2381 0.8390 -0.1053
v  -0.1265 1.0955 -0.1500
v  -0.1114 1.0964 -0.0836
v  -0.0008 1.0945 -0.0776
v  -0.0989 1.1198 -0.0557
v  -0.1372 1.0458 -0.0460
v  -0.0833 1.0164 -0.0578
v  -0.0293 1.0927 -0.2031
v  -0.1274 1.1181 -0.1812
v  -0.1118 1.0146 -0.1833
v  -0.1656 1.0440 -0.1715
v  -0.0241 1.0556 -0.2038
v  -0.0599 0.9863 -0.1947
v  0.1928 0.9716 -0.2518
v  0.1547 0.9581 -0.2429
v  0.0044 1.0574 -0.0782
v  -0.0546 0.9769 -0.2163
v  -0.0773 0.9204 -0.1790
v  -0.2795 0.9863 -0.0597
v  -0.2878 0.9858 -0.0961
v  -0.0172 0.9792 -0.0517
v  -0.0534 0.9218 -0.0739
v  -0.0712 0.9570 -0.1733
v  -0.1231 0.9853 -0.1619
v  0.1016 0.8917 -0.2505
v  -0.0222 1.0398 -0.2250
v  0.1340 0.9546 -0.2592
v  -0.0506 0.9583 -0.0827
v  -0.1025 0.9866 -0.0714
v  -0.0314 0.9881 -0.0691
v  0.1188 0.8888 -0.2338
v  0.1540 0.8697 -0.2415
v  0.1354 0.8443 -0.2186
v  0.1075 0.8595 -0.2125
v  0.1559 0.8456 -0.1280
v  0.0789 0.8352 -0.2133
v  0.0154 1.0422 -0.0595
v  0.2683 0.8602 -0.2706
v  0.2687 0.8651 -0.2519
v  0.3323 0.8305 -0.2659
v  0.2567 0.8419 -0.2489
v  0.2585 0.8412 -0.2681
v  0.3126 0.8117 -0.2799
v  0.3202 0.8072 -0.2628
v  0.2905 0.8665 -0.1560
v  0.2982 0.8621 -0.1389
v  0.3523 0.8326 -0.1507
v  0.3540 0.8318 -0.1699
v  0.2785 0.8432 -0.1529
v  0.2883 0.8430 -0.1364
v  0.3420 0.8086 -0.1668
v  0.3424 0.8135 -0.1482
v  0.3625 0.8631 -0.2092
v  0.2990 0.8978 -0.1953
v  0.3608 0.8815 -0.2337
v  0.3067 0.9110 -0.2218
v  0.3115 0.9113 -0.2008
v  0.3656 0.8818 -0.2126
v  0.2931 0.8974 -0.2210
v  0.3566 0.8628 -0.2349
v  0.3834 0.6613 -0.2566
v  0.3716 0.6511 -0.2449
v  0.4114 0.7155 -0.2637
v  0.4252 0.7163 -0.2029
v  0.2346 0.8119 -0.2250
v  0.2484 0.8128 -0.1641
v  0.3224 0.8307 -0.2824
v  0.3207 0.9463 -0.2048
v  0.3001 0.9032 -0.1918
v  0.2926 0.9028 -0.2248
v  0.3166 0.9460 -0.2231
v  0.2356 0.9583 -0.1857
v  0.2705 0.9441 -0.1934
v  0.2664 0.9438 -0.2117
v  0.2315 0.9580 -0.2040
v  0.3039 0.9554 -0.2011
v  0.2998 0.9552 -0.2194
v  0.3075 0.9118 -0.2109
v  0.2489 0.8223 -0.2559
v  0.2794 0.8814 -0.2636
v  0.2745 0.8239 -0.1427
v  0.3051 0.8830 -0.1505
v  0.2464 0.7935 -0.1954
v  0.1718 0.9401 -0.2401
v  0.1999 0.9705 -0.1873
v  0.1412 0.8810 -0.2323
v  0.1388 0.8522 -0.1718
v  0.1669 0.8826 -0.1191
v  0.1974 0.9417 -0.1269
v  0.3099 0.7758 -0.2318
v  0.2464 0.8105 -0.2179
v  0.2560 0.8111 -0.1756
v  0.3195 0.7764 -0.1895
v  0.8416 0.4400 -0.3334
v  0.8555 0.4689 -0.3417
v  0.8610 0.4692 -0.3175
v  0.8450 0.4402 -0.3182
v  0.0863 0.8520 -0.1679
v  0.1002 0.8809 -0.1762
v  0.1057 0.8812 -0.1520
v  0.0897 0.8522 -0.1527
v  0.2289 0.9421 -0.1762
v  0.2214 0.9416 -0.2091
v  0.3098 0.9815 0.0541
v  0.3019 1.0227 0.0482
v  0.3206 0.9682 0.0862
v  0.3537 1.0260 0.1156
v  0.3508 0.9725 0.0778
v  0.3569 0.9904 0.1090
v  0.3321 1.0270 0.0395
v  0.3400 0.9858 0.0457
v  0.2971 1.2760 0.1147
v  0.3036 1.2686 0.1279
v  0.3161 1.3289 0.1000
v  0.3309 1.3318 0.1041
v  0.2482 1.2563 0.0901
v  0.2428 1.2402 0.0913
v  0.2465 1.3065 0.0249
v  0.2449 1.3019 0.0151
v  0.3013 1.3322 0.0318
v  0.3145 1.3331 0.0189
v  0.3586 1.0780 0.0447
v  0.3407 1.0509 0.0559
v  0.3332 1.0324 0.0179
v  0.2780 1.0538 0.0669
v  0.2882 1.0255 0.0301
v  0.2974 1.0448 0.0679
v  0.3501 1.0535 0.0910
v  0.3632 1.0344 0.1270
v  0.2887 1.0576 0.1116
v  0.3068 1.0473 0.1030
v  0.3196 1.0289 0.1363
v  0.3178 1.1411 0.0216
v  0.2839 1.1326 0.0327
v  0.3480 1.1559 0.0606
v  0.3676 1.0806 0.0893
v  0.3538 1.0603 0.1423
v  0.2843 1.1359 0.0903
v  0.3096 1.1525 0.1159
v  0.3052 1.2433 0.0068
v  0.3513 1.2787 0.0499
v  0.3500 1.2545 0.1100
v  0.3426 1.1637 0.1072
v  0.3234 1.0217 0.1240
v  0.3266 0.9861 0.1173
v  0.2968 1.0460 0.1061
v  0.3068 1.0194 0.1289
v  0.2878 1.0435 0.0709
v  0.2864 1.0138 0.0498
v  0.2938 0.9793 0.0588
v  0.3044 0.9659 0.0910
v  0.3102 0.9838 0.1222
v  0.3566 0.9881 0.0408
v  0.3672 0.9747 0.0730
v  0.3492 1.0226 0.0319
v  0.3505 1.0523 0.0529
v  0.3596 1.0548 0.0881
v  0.3696 1.0282 0.1110
v  0.3252 1.0562 0.1478
v  0.3303 1.0304 0.0446
v  0.3406 1.0508 0.0898
v  0.3571 0.9977 0.1198
v  0.3247 1.0297 0.1202
v  0.3154 1.0472 0.0974
v  0.3319 0.9941 0.1274
v  0.3050 1.0269 0.0519
v  0.3570 0.9647 0.1018
v  0.3295 0.9791 0.0222
v  0.3329 0.9614 0.1095
v  0.3291 0.9865 -0.0049
v  0.3567 0.9739 0.0439
v  0.2907 0.9804 0.0065
v  0.2973 0.9645 0.0611
v  0.3057 0.9750 0.0290
v  0.3686 0.9029 0.0373
v  0.3442 0.8838 0.0598
v  0.3730 0.9424 0.0038
v  0.3524 0.8540 -0.0632
v  0.3139 0.8188 -0.0062
v  0.3079 0.8968 0.0522
v  0.2798 0.8428 -0.0395
v  0.2984 0.8662 -0.0626
v  0.2903 0.7824 -0.1214
v  0.2993 0.8555 -0.0529
v  0.2901 0.7742 -0.1104
v  0.3230 0.8584 -0.0582
v  0.3391 0.8552 -0.0542
v  0.3188 0.7783 -0.1190
v  0.3293 0.7736 -0.1140
v  0.2879 0.7678 -0.1016
v  0.2995 0.7613 -0.0940
v  0.2938 0.8481 -0.0395
v  0.3106 0.8422 -0.0350
v  0.3338 0.8337 -0.0230
v  0.3285 0.7565 -0.0907
v  0.3301 0.8450 -0.0409
v  0.3020 0.7519 -0.1095
v  0.3070 0.7535 -0.0843
v  0.3135 0.7616 -0.1238
v  0.3073 0.7847 -0.1265
v  0.3259 0.7650 -0.1019
v  0.3174 0.7538 -0.1138
v  0.2968 0.7594 -0.1191
v  0.2816 0.8751 -0.0710
v  0.3194 0.8803 -0.0824
v  0.3498 0.8238 -0.0170
v  0.3499 1.0333 0.1126
v  0.2711 0.9302 0.0315
v  0.3122 0.8682 -0.0668
v  0.3203 0.8318 -0.0189
v  0.1170 1.1195 0.0309
v  0.1243 1.1353 0.0262
v  0.2021 1.1512 0.1257
v  0.2068 1.1698 0.1122
v  -0.1469 1.1385 0.0657
v  -0.1017 1.1251 0.0099
v  -0.0843 1.1355 0.0362
v  -0.0766 1.1197 0.0402
v  -0.0829 1.1001 0.0167
v  -0.1325 1.1166 0.0784
v  -0.1580 1.1702 0.1298
v  -0.1521 1.1516 0.1428
v  -0.1723 1.1943 0.0700
v  -0.1580 1.1857 0.0397
v  -0.1022 1.1755 0.0191
v  -0.0971 1.1594 0.0236
v  -0.1646 1.1810 0.0983
v  -0.1558 1.1601 0.0518
v  0.1406 1.1752 0.0074
v  0.1981 1.1853 0.0225
v  0.2153 1.1939 0.0513
v  0.1359 1.1591 0.0124
v  0.2103 1.1806 0.0802
v  0.1506 1.3834 0.0123
v  0.0486 1.4061 0.0611
v  0.1057 1.4038 0.1075
v  -0.1113 1.3837 0.0249
v  -0.0050 1.4062 0.0637
v  -0.0425 1.3833 -0.0017
v  0.2035 1.3872 0.1982
v  0.1988 1.2705 0.2319
v  0.2191 1.3519 0.1596
v  -0.1460 1.3876 0.2150
v  -0.1860 1.4131 0.1759
v  -0.1654 1.3523 0.1781
v  -0.0657 1.4425 -0.0976
v  -0.0460 1.4334 -0.0065
v  -0.0547 1.4825 -0.0204
v  -0.0628 1.4521 -0.1223
v  0.0871 1.4882 -0.0232
v  0.0827 1.4334 -0.0127
v  0.0936 1.4424 -0.1053
v  0.0883 1.4520 -0.1296
v  -0.1867 1.3929 0.0008
v  -0.2892 1.3746 0.0119
v  -0.3186 1.4162 0.0882
v  0.0209 1.5649 0.0432
v  -0.0399 1.5420 0.0387
v  -0.0233 1.5016 0.0781
v  0.0684 1.5016 0.0736
v  -0.1384 1.2709 0.2482
v  -0.1309 1.2848 0.2682
v  0.1933 1.2844 0.2526
v  0.0653 1.2358 -0.0875
v  0.0816 1.1719 -0.0623
v  0.0735 1.1788 -0.0498
v  -0.0363 1.2359 -0.0826
v  -0.0158 1.2485 -0.0636
v  -0.0410 1.1789 -0.0443
v  0.1180 1.4379 -0.1134
v  0.1174 1.4309 -0.1135
v  0.1128 1.4299 -0.1275
v  -0.0908 1.4381 -0.1033
v  -0.0856 1.4370 -0.1170
v  -0.0871 1.4301 -0.1178
v  0.0612 1.4138 -0.1389
v  0.0722 1.4199 -0.1118
v  0.0519 1.3830 -0.0986
v  -0.0236 1.3831 -0.0949
v  -0.0451 1.4156 -0.1049
v  -0.0368 1.4094 -0.1330
v  -0.0191 1.4484 0.0695
v  -0.0146 1.4247 0.0484
v  0.2395 1.4127 0.1554
v  0.2385 1.4273 0.1641
v  -0.1849 1.4286 0.1848
v  -0.0069 1.2039 0.3350
v  -0.0111 1.2839 0.3044
v  -0.1219 1.2059 0.2462
v  0.1820 1.2056 0.2316
v  0.0775 1.2838 0.3001
v  0.0761 1.2038 0.3310
v  -0.1159 1.1709 -0.0059
v  -0.1099 1.1452 -0.0003
v  0.1518 1.1706 -0.0188
v  0.1970 1.1598 0.0348
v  0.1463 1.1449 -0.0126
v  0.1391 1.1249 -0.0017
v  0.1895 1.1382 0.0495
v  0.1763 1.1163 0.0636
v  0.1210 1.0999 0.0069
v  0.1076 1.4044 0.2346
v  0.1028 1.2978 0.3063
v  -0.0356 1.2980 0.3130
v  -0.0471 1.4045 0.2420
v  0.0052 1.4292 -0.1856
v  0.0105 1.4403 -0.1731
v  0.0145 1.4292 -0.1861
v  0.0223 1.4140 -0.1760
v  0.0103 1.4195 -0.1761
v  -0.0373 1.4070 -0.0774
v  0.0672 1.4070 -0.0825
v  0.0478 1.3350 -0.1224
v  0.0492 1.3889 -0.1439
v  -0.0254 1.3890 -0.1403
v  -0.0263 1.4215 -0.1510
v  -0.0017 1.4140 -0.1749
v  -0.0175 1.3566 -0.1699
v  0.0491 1.4215 -0.1547
v  -0.0140 1.2250 -0.0892
v  -0.0350 1.1716 -0.0599
v  0.0467 1.2484 -0.0666
v  0.0174 1.4552 0.2203
v  0.0019 1.4230 0.1741
v  0.0037 1.3861 0.2140
v  0.0184 1.4371 0.2427
v  0.0543 1.3860 0.2116
v  0.0425 1.4371 0.2416
v  0.0433 1.4150 0.2585
v  0.0192 1.4150 0.2596
v  0.0443 1.3948 0.2788
v  0.0202 1.3948 0.2799
v  0.0053 1.3485 0.2473
v  -0.1872 1.4316 0.0728
v  -0.3052 1.4170 0.1403
v  -0.0826 1.4460 0.1036
v  -0.0782 1.4799 0.0972
v  -0.0565 1.4707 0.1678
v  -0.1346 1.3837 -0.0200
v  -0.1265 1.4116 -0.0312
v  -0.1149 1.4559 0.0254
v  -0.1137 1.4324 0.0414
v  -0.1397 1.4547 0.1360
v  -0.1737 1.3755 0.0006
v  -0.2885 1.3617 0.0157
v  0.0444 1.0787 0.0130
v  0.1352 1.0710 0.0767
v  0.1302 1.1184 0.1212
v  -0.0062 1.0788 0.0154
v  0.0218 1.1183 0.0680
v  -0.0810 1.1183 0.1315
v  0.2636 1.3509 0.1213
v  0.2426 1.3635 0.0841
v  0.2147 1.3312 0.0967
v  0.2455 1.2966 0.1320
v  0.2862 1.3146 0.1340
v  0.2170 1.2867 0.0991
v  0.2356 1.3451 0.0442
v  0.2844 1.3648 0.0689
v  0.0792 0.9890 0.1982
v  0.0946 0.9930 0.2563
v  0.0616 0.9948 0.3053
v  0.0049 0.9949 0.3080
v  -0.0327 0.9930 0.2625
v  -0.0230 0.9891 0.2031
v  0.0268 0.9909 0.1742
v  -0.0551 1.0506 0.2542
v  -0.0563 1.0652 0.2521
v  -0.0275 1.0800 0.2352
v  -0.0241 1.0438 0.2408
v  -0.0551 1.0685 0.2663
v  -0.0253 1.0866 0.2636
v  -0.0540 1.0540 0.2689
v  -0.0218 1.0507 0.2703
v  0.3729 0.9926 0.1043
v  0.2175 1.2909 0.0548
v  0.0910 1.4039 -0.0299
v  0.0623 1.4146 -0.0590
v  0.0614 1.4024 -0.0385
v  0.0795 1.3832 -0.0076
v  0.0710 1.4139 -0.0590
v  0.0616 1.4061 -0.0786
v  0.0532 1.3912 -0.0827
v  0.0473 1.4078 0.0082
v  -0.0254 1.4023 -0.0348
v  -0.0301 1.4147 -0.0545
v  -0.0560 1.4040 -0.0228
v  -0.0314 1.4062 -0.0741
v  -0.0388 1.4140 -0.0536
v  -0.0234 1.3913 -0.0790
v  -0.0087 1.4079 0.0109
v  0.0819 1.5419 0.0324
v  0.1152 1.0506 0.2463
v  0.0831 1.0438 0.2359
v  0.0860 1.0800 0.2299
v  0.1161 1.0652 0.2441
v  0.0864 1.0866 0.2585
v  0.1163 1.0685 0.2584
v  0.0836 1.0507 0.2654
v  0.1154 1.0540 0.2610
v  -0.0574 1.4040 0.1154
v  -0.0184 1.4038 -0.0410
v  0.0567 1.4247 0.0450
v  0.0537 1.4054 -0.0447
v  0.0149 1.3611 -0.0795
v  -0.0140 1.3605 -0.0283
v  0.0486 1.3604 -0.0313
v  -0.3663 1.0753 0.0057
v  -0.3504 1.0764 0.0113
v  -0.3136 1.0510 -0.0790
v  -0.3249 1.0468 -0.0827
v  -0.3061 1.0185 -0.0658
v  -0.2928 1.0254 -0.0623
v  -0.3317 1.0506 0.0283
v  -0.3483 1.0472 0.0210
v  -0.3330 1.0196 -0.0778
v  -0.3737 1.0389 0.0146
v  -0.3634 1.0574 0.0114
v  -0.3264 1.0322 -0.0788
v  -0.3005 1.0579 -0.0754
v  -0.3377 1.0866 0.0159
v  -0.2873 1.0490 -0.0670
v  -0.3271 1.0794 0.0227
v  -0.2914 1.0361 -0.0648
v  -0.3313 1.0655 0.0220
v  -0.3164 1.0084 -0.0673
v  -0.3632 1.0318 0.0213
v  -0.4234 1.0295 0.0978
v  -0.4412 1.0561 0.1850
v  -0.4596 1.0688 0.1726
v  -0.3886 1.0356 0.1150
v  -0.3491 1.0651 0.1368
v  -0.4367 1.0633 0.0858
v  -0.3898 1.0314 0.0061
v  -0.3621 1.0128 0.0239
v  -0.3188 1.0433 0.0302
v  -0.3741 1.0829 -0.0062
v  -0.4703 1.0831 0.2058
v  -0.4222 1.1288 0.1749
v  -0.3825 1.1088 0.1506
v  -0.4021 1.1157 0.1865
v  -0.4634 1.1130 0.2266
v  -0.4464 1.1380 0.2262
v  -0.4269 1.1249 0.2387
v  -0.4439 1.0999 0.2390
v  -0.4508 1.0700 0.2182
v  -0.4011 1.1215 0.1396
v  -0.3894 1.1434 0.1265
v  -0.4345 1.1108 0.1403
v  -0.3883 1.0795 0.1684
v  -0.3595 1.1230 0.1449
v  -0.4290 1.1146 0.0872
v  -0.2591 1.3377 0.0344
v  -0.3157 1.3231 0.0776
v  -0.2668 1.3733 0.1132
v  -0.2559 1.3622 0.1118
v  -0.2472 1.3347 0.0482
v  -0.3328 1.1669 0.1164
v  -0.3586 1.1869 0.0997
v  -0.2974 1.2573 0.0535
v  -0.3380 1.2234 0.1853
v  -0.3268 1.1889 0.1693
v  -0.2384 1.2517 0.1402
v  -0.2153 1.2767 0.0482
v  -0.3217 1.3231 0.1422
v  -0.3738 1.2269 0.1283
v  -0.3615 1.2460 0.1701
v  -0.4203 1.1807 0.2359
v  -0.2732 1.3171 0.1591
v  -0.3683 1.1357 0.2146
v  -0.4263 1.1862 0.1780
v  -0.3090 1.0873 0.0293
v  -0.3382 1.1069 0.0106
v  -0.1916 1.0721 -0.0623
v  -0.2113 1.0613 -0.0741
v  -0.1892 1.0530 -0.0748
v  -0.1734 1.0612 -0.0666
v  -0.2301 1.0858 -0.0619
v  -0.1856 1.0781 -0.0847
v  -0.2199 1.0900 -0.0835
v  -0.2070 1.0674 -0.0851
v  -0.2246 1.0584 -0.0871
v  -0.1645 1.0238 -0.1382
v  -0.1731 1.0311 -0.1148
v  -0.1650 1.0543 -0.0835
v  -0.1517 1.0481 -0.0779
v  -0.1713 0.9869 -0.1231
v  -0.1583 1.0260 -0.0599
v  -0.1814 1.0027 -0.1084
v  -0.1743 1.0277 -0.0672
v  -0.2246 1.0403 -0.1400
v  -0.2113 1.0421 -0.1158
v  -0.2305 0.9963 -0.1298
v  -0.2159 1.0152 -0.1067
v  -0.1956 0.9547 -0.0827
v  -0.2261 1.0687 -0.1101
v  -0.2296 0.9671 -0.0750
v  -0.2544 1.0172 -0.0643
v  -0.3157 1.0100 -0.0373
v  -0.3285 1.0062 -0.0659
v  -0.2447 0.9585 -0.0958
v  -0.3074 1.0745 -0.0808
v  -0.3056 1.0334 -0.0776
v  -0.2957 1.0760 -0.0533
v  -0.2974 1.0486 -0.0297
v  -0.3289 1.0318 -0.0940
v  -0.1695 1.0658 -0.0811
v  -0.1851 1.0568 -0.0865
v  -0.3007 1.0213 -0.0831
v  -0.3054 1.0400 -0.0908
v  -0.3127 1.0289 -0.0907
v  -0.2924 1.0316 -0.0826
v  -0.1972 0.9813 -0.0547
v  -0.2131 0.9662 -0.0754
v  -0.2129 0.9851 -0.0627
v  0.3079 0.7634 -0.1089
v  0.3492 0.7859 -0.1261
v  0.3232 0.8103 -0.1329
v  0.2833 0.8097 -0.1159
v  0.2771 0.7860 -0.0959
v  0.3010 0.7581 -0.0859
v  0.3455 0.7630 -0.1073
v  0.3669 0.7131 -0.1646
v  0.3409 0.7076 -0.1701
v  0.3528 0.7039 -0.1845
v  0.3660 0.7439 -0.1749
v  0.3351 0.7277 -0.1788
v  0.2922 0.7662 -0.1666
v  0.2898 0.7148 -0.1917
v  0.2374 0.7324 -0.1720
v  0.2689 0.6975 -0.1726
v  0.3124 0.6843 -0.1724
v  0.3696 0.7145 -0.2041
v  0.3716 0.6928 -0.1943
v  0.3672 0.7005 -0.2204
v  0.3691 0.6865 -0.2137
v  0.3531 0.6903 -0.2047
v  0.3485 0.7152 -0.1899
v  0.3510 0.7021 -0.2095
v  -0.2350 1.2669 0.1333
v  -0.2136 1.2844 0.0558
v  -0.1941 1.2673 0.0920
v  -0.1921 1.2786 0.1350
v  -0.2345 1.3472 0.1515
v  -0.2651 1.3154 0.1450
v  -0.2089 1.3117 0.1597
v  -0.1766 1.3477 0.0931
v  -0.1979 1.3606 0.1301
v  -0.1679 1.3121 0.1184
v  -0.1831 1.3162 0.0623
v  -0.2131 1.3647 0.0740
v  0.2480 0.7478 -0.1917
v  0.2427 0.7360 -0.2307
v  0.2864 0.7098 -0.2235
v  0.2611 0.7405 -0.2681
v  0.2915 0.7157 -0.2820
v  0.2485 0.7315 -0.2695
v  0.2865 0.6990 -0.2848
v  0.2318 0.7228 -0.2291
v  0.3164 0.7036 -0.1918
v  0.3148 0.7003 -0.2278
v  0.3075 0.6755 -0.2239
v  0.3224 0.7067 -0.2775
v  0.3142 0.6934 -0.2773
v  0.2674 0.6879 -0.2294
v  -0.4236 1.1647 0.1378
v  -0.4270 1.1067 0.1302
v  -0.3908 1.0826 0.1486
v  -0.4428 1.1597 0.2290
v  -0.3974 1.1650 0.2453
v  -0.4073 1.1365 0.2440
v  -0.3647 1.1124 0.1749
v  -0.4248 1.1563 0.1903
v  -0.4152 1.1286 0.2344
v  -0.3898 1.1337 0.2080
v  -0.4398 1.1444 0.2220
v  -0.4001 1.1106 0.1828
v  -0.3859 1.1153 0.1768
v  -0.4210 1.1379 0.1591
v  -0.4240 1.1263 0.1693
v  -0.4366 1.0995 0.2395
v  -0.4430 1.0718 0.2168
v  -0.4296 1.0663 0.1834
v  -0.4675 1.0876 0.2044
v  -0.4611 1.1153 0.2271
v  -0.4541 1.0821 0.1710
v  -0.4326 1.1612 0.1862
v  -0.4290 1.1429 0.1548
v  -0.4527 1.1526 0.2153
v  -0.4741 1.1236 0.2203
v  -0.4808 1.0960 0.1975
v  -0.4676 1.0906 0.1639
v  -0.4446 1.1115 0.1449
v  -0.4167 1.0581 0.1901
v  -0.4231 1.0911 0.2465
v  -0.4298 1.0635 0.2236
v  -0.3816 1.1287 0.2123
v  -0.3936 1.0790 0.1711
v  -0.3780 1.1104 0.1810
v  -0.4017 1.1201 0.2415
v  -0.0496 1.3731 -0.0513
v  -0.0595 1.3944 -0.0456
v  -0.0976 1.3252 -0.0269
v  -0.0279 1.2958 -0.0357
v  -0.0594 1.3680 -0.0625
v  -0.0722 1.4007 -0.0489
v  -0.0408 1.3545 -0.0388
v  0.0140 1.3477 -0.0977
v  0.0618 1.4273 0.1727
v  0.0612 1.4259 0.1524
v  -0.0087 1.4259 0.1557
v  -0.0074 1.4274 0.1761
v  -0.0090 1.3922 0.1391
v  -0.0623 1.4074 -0.0175
v  -0.0903 1.4310 -0.1034
v  -0.0679 1.4418 -0.1292
v  -0.0016 1.4466 -0.1753
v  0.0025 1.4409 -0.1610
v  -0.0449 1.4649 -0.1658
v  0.0163 1.3419 -0.0504
v  -0.1291 1.3475 -0.0513
v  -0.1218 1.3666 -0.0112
v  -0.0372 1.2656 -0.1002
v  -0.0427 1.4604 -0.1330
v  -0.0643 1.4636 -0.1332
v  -0.0006 1.4449 -0.1413
v  0.0011 1.4353 -0.1653
v  -0.0261 1.4301 -0.1544
v  -0.0200 1.4353 -0.1322
v  -0.0572 1.5649 -0.0276
v  -0.0238 1.5945 -0.0341
v  -0.0168 1.3525 -0.1696
v  -0.0214 1.2960 -0.1430
v  -0.0221 1.3347 -0.1209
v  -0.0089 1.3548 -0.1672
v  0.0099 1.3624 -0.1824
v  0.0105 1.3565 -0.1703
v  0.0099 1.3534 -0.1828
v  -0.0576 1.4997 -0.0737
v  -0.0624 1.5601 -0.0987
v  -0.0371 1.5163 -0.1612
v  0.0135 1.5840 -0.1119
v  0.0978 1.1742 -0.0475
v  0.0919 1.1908 -0.0572
v  0.1456 1.2184 -0.0200
v  0.1454 1.2012 -0.0111
v  0.0880 1.2074 -0.0627
v  0.2009 1.2327 -0.0050
v  0.1547 1.2142 -0.0396
v  0.1449 1.2303 -0.0454
v  0.1905 1.2528 -0.0268
v  0.1310 1.2362 -0.0298
v  0.1232 1.2458 -0.0406
v  0.1806 1.2678 -0.0369
v  0.1295 1.2446 -0.0592
v  0.0819 1.2203 -0.0679
v  0.1271 1.2802 -0.0631
v  0.0646 1.2655 -0.1051
v  0.0900 1.1203 -0.0208
v  0.0537 1.0800 0.0001
v  0.0729 1.2523 -0.1075
v  0.0425 1.2250 -0.0919
v  0.0939 1.1447 -0.0346
v  0.0968 1.1586 -0.0415
v  0.1530 1.0729 0.0709
v  0.1072 1.0778 0.0145
v  0.2067 1.2149 0.0176
v  0.1577 1.1890 -0.0282
v  0.2136 1.2793 -0.0127
v  0.1647 1.0232 0.1271
v  0.1820 1.0274 0.1240
v  0.0703 1.1973 0.2993
v  0.0769 1.1852 0.3189
v  0.0696 1.2104 0.3141
v  0.1510 1.1434 0.1923
v  0.1801 1.0960 0.2232
v  0.1569 1.1512 0.2778
v  0.0960 1.3171 0.3134
v  0.0943 1.4175 0.2640
v  0.0763 1.4086 0.2664
v  0.0828 1.3115 0.3139
v  0.1754 1.3348 -0.0640
v  0.1609 1.3472 -0.0653
v  0.1689 1.3834 -0.0346
v  0.2098 1.3752 -0.0178
v  0.1319 1.3249 -0.0379
v  0.1541 1.4321 0.0285
v  0.1292 1.4458 0.0934
v  0.2313 1.4329 0.0524
v  0.1544 1.4556 0.0125
v  0.1250 1.4804 0.0877
v  0.1897 1.4544 0.1202
v  0.0910 1.4945 0.1701
v  0.0727 1.4879 0.1688
v  0.0003 1.0759 -0.0160
v  0.0660 1.1715 -0.0647
v  0.0350 1.0758 -0.0177
v  0.1331 1.1814 0.2463
v  0.2228 1.2578 0.1603
v  0.1931 1.2751 0.1398
v  0.2609 1.4040 0.0879
v  0.3543 1.4024 0.1037
v  0.2474 1.3629 0.0093
v  0.3254 1.3611 -0.0139
v  0.3612 1.4023 0.0609
v  0.2145 1.3236 -0.0313
v  0.1909 1.2936 0.0171
v  0.2257 1.2160 0.0780
v  0.2030 1.2430 0.0732
v  0.3544 1.4170 0.1088
v  0.2378 1.2874 0.0245
v  0.2681 1.3479 0.0289
v  0.2784 1.3770 0.0845
v  0.2413 1.3461 0.1403
v  0.1972 1.0987 0.2168
v  -0.1669 1.2153 0.0356
v  -0.1227 1.1893 -0.0147
v  -0.0649 1.1743 -0.0396
v  -0.0634 1.1588 -0.0338
v  -0.1766 1.2797 0.0061
v  -0.1550 1.2531 -0.0101
v  -0.1634 1.2331 0.0126
v  -0.1087 1.2014 0.0011
v  -0.1097 1.2187 -0.0077
v  -0.1207 1.2144 -0.0264
v  -0.0599 1.1909 -0.0499
v  -0.0565 1.2075 -0.0558
v  -0.0502 1.1721 -0.0560
v  -0.1115 1.2305 -0.0331
v  -0.0961 1.2364 -0.0189
v  -0.1461 1.2681 -0.0212
v  -0.0894 1.2460 -0.0303
v  -0.0975 1.2448 -0.0483
v  -0.1301 1.1285 0.1945
v  -0.1094 1.1613 0.2933
v  -0.1210 1.0963 0.2377
v  -0.0925 1.1515 0.2899
v  -0.1386 1.0990 0.2330
v  -0.0521 1.1028 -0.0013
v  -0.0547 1.1205 -0.0138
v  -0.1801 1.2164 0.0975
v  -0.0166 1.0801 0.0035
v  -0.0685 1.0780 0.0229
v  -0.0598 1.1448 -0.0272
v  -0.1326 1.0277 0.1391
v  -0.1087 1.0732 0.0835
v  -0.1581 1.2430 0.0904
v  -0.1692 1.2582 0.1792
v  -0.1416 1.2754 0.1559
v  -0.1971 1.2882 0.0458
v  -0.1894 1.3466 0.1610
v  -0.2316 1.3775 0.1090
v  -0.2268 1.3484 0.0528
v  -0.1150 1.0235 0.1406
v  -0.0904 1.0712 0.0876
v  -0.0088 1.1852 0.3230
v  -0.0042 1.1973 0.3029
v  -0.0020 1.2104 0.3176
v  -0.0949 1.1436 0.2041
v  -0.0281 1.3172 0.3193
v  -0.0150 1.3116 0.3186
v  -0.0128 1.4087 0.2707
v  -0.0310 1.4176 0.2700
v  -0.1434 1.3351 -0.0487
v  -0.0458 1.2525 -0.1018
v  -0.0065 1.3662 0.2514
v  0.0680 1.3661 0.2478
v  -0.0185 1.4880 0.1732
v  -0.0366 1.4946 0.1762
v  -0.0510 1.2205 -0.0615
v  -0.0953 1.2804 -0.0524
v  0.0616 1.2957 -0.0400
v  -0.0717 1.1816 0.2562
v  -0.2137 1.4044 0.1108
v  -0.3053 1.4030 0.1354
v  -0.3163 1.4029 0.0936
v  -0.2080 1.3633 0.0312
v  -0.1511 1.2934 0.0332
v  -0.1792 1.3240 -0.0124
v  -0.1911 1.2556 0.0972
v  -0.1755 1.2799 0.1470
v  -0.0488 1.1347 0.2387
v  -0.0363 1.0991 0.1747
v  -0.0027 1.1632 0.2873
v  0.0096 1.2915 -0.1880
v  -0.0121 1.2900 -0.1799
v  0.0590 1.5163 -0.1658
v  0.0321 1.2900 -0.1820
v  0.0448 1.2960 -0.1462
v  0.0598 1.3921 0.1358
v  0.0378 1.3525 -0.1723
v  0.0632 1.4483 0.0656
v  0.0673 1.5935 -0.0422
v  0.1851 1.1282 0.1793
v  0.1741 1.1611 0.2796
v  0.0956 1.5648 -0.0350
v  0.0876 1.5027 -0.0815
v  0.1046 1.4005 -0.0574
v  0.0978 1.4073 -0.0252
v  0.1575 1.3664 -0.0247
v  0.0905 1.3678 -0.0698
v  0.0743 1.3544 -0.0444
v  0.0818 1.3730 -0.0576
v  0.0923 1.3942 -0.0529
v  0.0222 1.4466 -0.1765
v  0.0195 1.4409 -0.1619
v  0.0673 1.1632 0.2839
v  0.0558 1.3485 0.2449
v  0.0229 1.2707 0.3384
v  0.0235 1.2458 0.3519
v  0.0476 1.2458 0.3507
v  0.0470 1.2707 0.3373
v  0.0081 1.2050 0.3089
v  0.0070 1.2540 0.2853
v  0.0221 1.3158 0.3208
v  0.0226 1.2899 0.3322
v  0.0467 1.2899 0.3310
v  0.0462 1.3158 0.3196
v  0.0062 1.3025 0.2671
v  0.0567 1.3025 0.2647
v  0.0211 1.3654 0.2997
v  0.0452 1.3653 0.2985
v  0.0458 1.3401 0.3113
v  0.0217 1.3401 0.3125
v  0.0254 1.0832 0.1435
v  0.0898 1.0990 0.1686
v  0.0576 1.2540 0.2828
v  0.0587 1.2050 0.3065
v  0.0415 1.4552 0.2191
v  0.0524 1.4229 0.1716
v  -0.0212 1.0569 0.2000
v  -0.0306 1.0674 0.2564
v  0.0057 1.0763 0.3025
v  0.0603 1.0763 0.2999
v  0.0920 1.0673 0.2505
v  0.1085 1.1346 0.2311
v  0.0771 1.0569 0.1952
v  0.0268 1.0523 0.1728
v  0.1604 1.4114 -0.0450
v  0.1091 1.4695 0.1597
v  0.2368 1.2548 0.0763
v  0.2261 1.2795 0.1277
v  0.3625 1.4155 0.0554
v  0.2234 1.3925 -0.0189
v  0.3258 1.3740 -0.0177
v  0.0886 1.1026 -0.0081
v  0.1114 1.4369 -0.1265
v  0.0927 1.4416 -0.1370
v  0.0447 1.4353 -0.1354
v  0.0904 1.5600 -0.1062
v  0.0205 1.4353 -0.1662
v  0.0662 1.4648 -0.1712
v  0.0245 1.4449 -0.1426
v  0.0887 1.4635 -0.1406
v  0.0672 1.4603 -0.1383
v  0.0486 1.4301 -0.1581
v  0.0385 1.3566 -0.1727
v  0.0302 1.3547 -0.1691
v  -0.4017 0.2254 0.4633
v  -0.3458 0.1802 0.4020
v  -0.3465 0.1506 0.4232
v  -0.4024 0.1959 0.4845
v  -0.3735 0.2461 0.4737
v  -0.3177 0.2009 0.4124
v  -0.3747 0.1982 0.5080
v  -0.3568 0.2293 0.5013
v  -0.4522 0.5238 0.1689
v  -0.4126 0.4932 0.1295
v  -0.3858 0.3927 0.2023
v  -0.4415 0.4359 0.2593
v  -0.4086 0.5025 0.1460
v  -0.4324 0.5210 0.1704
v  -0.3975 0.5196 0.2401
v  -0.3467 0.4816 0.1875
v  -0.3180 0.3893 0.2407
v  -0.3122 0.3179 0.3037
v  -0.3934 0.3779 0.3824
v  -0.4305 0.3332 0.3243
v  -0.3930 0.3040 0.2858
v  -0.2767 0.3822 0.3473
v  -0.3162 0.4128 0.3878
v  -0.3871 0.6131 0.1448
v  -0.3636 0.5949 0.1207
v  -0.3237 0.6096 0.1486
v  -0.3019 0.5857 0.1879
v  -0.3327 0.5146 0.2726
v  -0.3092 0.4963 0.2485
v  -0.3898 0.2196 0.4147
v  -0.4204 0.1901 0.4254
v  -0.3797 0.1929 0.4698
v  -0.3517 0.1711 0.4411
v  -0.3976 0.1724 0.4020
v  -0.3812 0.2126 0.4054
v  -0.3822 0.3501 0.3360
v  -0.3841 0.3269 0.3081
v  -0.3620 0.3335 0.3154
v  -0.3168 0.2453 0.4861
v  -0.3295 0.2944 0.4238
v  -0.3473 0.2862 0.4189
v  -0.3304 0.2708 0.4033
v  -0.3196 0.2854 0.4146
v  -0.2986 0.2308 0.4678
v  -0.3230 0.3560 0.3353
v  -0.3287 0.3858 0.3609
v  -0.3470 0.3757 0.3597
v  -0.3756 0.3731 0.3601
v  -0.3706 0.2104 0.4853
v  -0.3217 0.1934 0.4536
v  -0.3266 0.1760 0.4401
v  -0.3010 0.1840 0.4401
v  -0.3188 0.1530 0.4467
v  0.4057 0.5073 -0.1437
v  0.3674 0.5816 -0.0956
v  0.4132 0.4880 -0.0619
v  0.2921 0.5602 -0.1211
v  0.3131 0.6069 -0.1933
v  0.3233 0.4822 -0.1720
v  0.3178 0.3922 -0.0141
v  0.2788 0.5206 -0.0260
v  0.2903 0.4506 -0.1088
v  0.3148 0.3598 -0.0930
v  0.3762 0.4101 0.0060
v  0.3411 0.5386 -0.0052
v  0.2984 0.5410 -0.0508
v  0.3332 0.5516 -0.0389
v  0.4241 0.3868 -0.1376
v  0.3685 0.3699 -0.1567
v  0.3635 0.3780 -0.1055
v  0.4115 0.1793 -0.0837
v  0.3335 0.3738 -0.0867
v  0.3911 0.1794 -0.0682
v  0.4320 0.2405 -0.1019
v  0.4189 0.2365 -0.1068
v  0.3973 0.3862 -0.1187
v  0.3765 0.3793 -0.1260
v  0.3934 0.3880 -0.0950
v  0.4067 0.2902 -0.0457
v  0.4419 0.2022 -0.0328
v  0.4563 0.1994 -0.0457
v  0.3817 0.2861 -0.0337
v  0.3959 0.2922 -0.0287
v  0.3469 0.3925 -0.0393
v  0.3681 0.3995 -0.0318
v  0.3456 0.3826 -0.0599
v  -0.3254 0.6040 0.2119
v  -0.2757 0.4872 0.2631
v  -0.3179 0.5188 0.3063
v  0.2638 0.6860 -0.0788
v  0.2985 0.6966 -0.0669
v  0.2785 0.6920 -0.1271
v  0.3133 0.7026 -0.1152
v  0.2665 0.6444 -0.0497
v  0.3012 0.6550 -0.0378
v  0.4321 0.3955 -0.0563
v  -0.2539 0.5818 0.1752
v  -0.2873 0.6146 0.1278
v  -0.2655 0.6468 0.1349
v  -0.2814 0.6080 0.2496
v  -0.1884 0.7367 0.2947
v  -0.3066 0.6553 0.2396
v  -0.1573 0.6902 0.2542
v  -0.2610 0.5905 0.2253
v  -0.2376 0.6153 0.1869
v  -0.1001 0.9578 0.2278
v  -0.2426 0.8127 0.1614
v  -0.2235 0.8355 0.2567
v  -0.3361 0.6894 0.1836
v  -0.0740 0.8722 0.3053
v  -0.3775 0.5258 0.2262
v  -0.4137 0.5302 0.1881
v  -0.4199 0.5690 0.1529
v  -0.3495 0.5039 0.1971
v  -0.3106 0.5372 0.2094
v  -0.3635 0.5911 0.1180
v  -0.3920 0.5470 0.1238
v  -0.3535 0.5709 0.2540
v  -0.3411 0.6169 0.2313
v  -0.3647 0.6408 0.1907
v  -0.4064 0.6247 0.1627
v  -0.3486 0.5793 0.1025
v  -0.3068 0.5954 0.1304
v  -0.2832 0.5714 0.1711
v  -0.2956 0.5255 0.1938
v  -0.0507 0.8031 0.2300
v  -0.3472 0.6693 0.1424
v  -0.3999 0.6349 0.1303
v  -0.3638 0.6704 0.1907
v  -0.3622 0.6046 0.0906
v  -0.3242 0.6494 0.1187
v  -0.3350 0.6394 0.2436
v  -0.3244 0.5686 0.2588
v  -0.2873 0.5404 0.2204
v  -0.3472 0.6278 0.1726
v  -0.0762 0.9172 0.2617
v  -0.0972 0.9368 0.2826
v  -0.0654 0.8773 0.2781
v  -0.0785 0.9178 0.1797
v  -0.0935 0.9288 0.1669
v  -0.0816 0.9339 0.2210
v  -0.0634 0.8583 0.1703
v  -0.0706 0.8515 0.1492
v  -0.3858 0.5082 0.1590
v  -0.3385 0.5592 0.2385
v  -0.3915 0.6130 0.1471
v  -0.0495 0.8201 0.2263
v  -0.1780 0.7146 0.1579
v  -0.3265 0.3351 0.3131
v  -0.3982 0.3384 0.3224
v  -0.3523 0.2172 0.4849
v  -0.3144 0.3741 0.3464
v  -0.3984 0.4558 0.3291
v  0.4357 0.1186 -0.2479
v  0.3940 0.1076 -0.1141
v  0.4229 0.1685 -0.1261
v  0.3941 0.1575 -0.0436
v  0.4689 0.1297 -0.2478
v  0.4335 0.2029 -0.0351
v  0.4329 0.1592 -0.0248
v  0.4429 0.2009 -0.0961
v  0.4556 0.1682 -0.1136
v  0.4281 0.1221 0.0136
v  0.4918 0.1131 -0.0757
v  0.3852 0.0755 -0.0802
v  0.3686 0.1208 -0.0158
v  0.4314 0.0755 0.0041
v  0.4780 0.0755 -0.0379
v  0.3758 0.0755 -0.0186
v  -0.4351 0.1189 0.2869
v  -0.3457 0.1081 0.3949
v  -0.3663 0.0760 0.3712
v  -0.4089 0.0759 0.2967
v  -0.3523 0.2036 0.4829
v  -0.3477 0.1599 0.4922
v  -0.3191 0.1581 0.4601
v  -0.3289 0.2026 0.4631
v  -0.5233 0.1080 0.3761
v  -0.5183 0.0761 0.4011
v  -0.4483 0.0761 0.4476
v  -0.4216 0.1137 0.4676
v  -0.4658 0.1301 0.2997
v  -0.4025 0.1688 0.4187
v  -0.3770 0.1690 0.3947
v  -0.2849 0.1215 0.4762
v  -0.3288 0.1228 0.5259
v  -0.3354 0.0762 0.5185
v  -0.2926 0.0761 0.4764
v  -0.4811 0.1044 0.2575
v  -0.4731 0.0759 0.2563
v  -0.5122 0.0759 0.2832
v  0.4219 0.2003 -0.1010
v  0.5579 0.0756 -0.2271
v  0.5056 0.0756 -0.2807
v  0.5528 0.0960 -0.2302
v  0.4966 0.1117 -0.2871
v  0.5089 0.0755 -0.1044
v  0.4040 0.0755 -0.1438
v  0.4151 0.0755 -0.2290
v  0.5559 0.0755 -0.1740
v  0.4592 0.0755 -0.2907
v  0.4044 0.2020 -0.0445
v  0.5511 0.1075 -0.1989
v  -0.3666 0.2009 0.4175
v  -0.3841 0.2015 0.4300
v  -0.3945 0.0762 0.4974
v  -0.3247 0.0761 0.4229
v  -0.5064 0.1120 0.2739
v  -0.5402 0.0760 0.3527
v  -0.5367 0.0964 0.3478
v  0.4043 0.3973 -0.0642
v  0.3967 0.1884 -0.0483
v  0.3824 0.2798 -0.0541
v  0.4599 0.2156 -0.1246
v  0.4529 0.1920 -0.0695
v  0.4262 0.2052 -0.1362
v  0.3711 0.1818 -0.0504
v  0.3703 0.2114 -0.0717
v  0.3863 0.1547 -0.0695
v  0.3948 0.1676 -0.1024
v  0.3850 0.2026 -0.1038
v  0.4563 0.2070 -0.0184
v  0.4555 0.2366 -0.0397
v  0.4715 0.1799 -0.0375
v  0.4800 0.1928 -0.0704
v  0.4702 0.2278 -0.0718
v  0.3709 0.6251 -0.1742
v  0.3812 0.3944 -0.0474
v  0.3900 0.2115 -0.0089
v  0.4167 0.2202 0.0003
v  0.3555 0.6183 -0.1633
v  0.4671 0.1041 -0.2926
v  0.3203 0.6076 -0.1754
v  0.0458 0.8674 0.1916
v  0.0671 0.9056 0.2740
v  -0.0030 0.9056 0.2774
v  0.0102 0.8674 0.1933
v  0.0633 0.8757 0.1088
v  0.0828 0.9129 0.1431
v  0.0955 0.9011 0.2803
v  -0.0307 0.9011 0.2864
v  -0.0314 0.9129 0.1487
v  -0.0152 0.8757 0.1126
v  0.0858 0.9479 0.2851
v  0.0798 0.9091 0.2888
v  0.1027 0.9429 0.3203
v  -0.0340 0.9429 0.3270
v  -0.0143 0.9091 0.2934
v  -0.0206 0.9479 0.2903
v  0.0619 0.9908 0.3061
v  0.1024 0.9722 0.2625
v  -0.0393 0.9723 0.2694
v  0.0052 0.9908 0.3089
v  -0.0324 0.9919 0.2632
v  -0.0227 0.9915 0.2036
v  -0.0456 0.9667 0.2104
v  0.1030 0.9667 0.2032
v  0.0795 0.9915 0.1987
v  0.0950 0.9919 0.2571
v  0.0338 0.9426 0.3116
v  0.0722 0.8828 0.2996
v  -0.0057 0.8828 0.3033
v  -0.0083 0.9254 0.1585
v  0.0608 0.9254 0.1552
v  0.0271 0.9950 0.1749
v  0.1280 0.9851 0.1179
v  0.0940 0.9436 0.1449
v  0.1097 0.9360 0.1493
v  0.1183 0.9367 0.3157
v  0.1397 0.9764 0.3160
v  0.1583 0.9929 0.2257
v  0.1352 1.0025 0.2306
v  0.1206 0.9841 0.3218
v  0.0458 0.8794 0.1266
v  0.0039 0.8794 0.1286
v  0.0101 0.8208 0.1301
v  0.0108 0.8562 0.1351
v  0.0398 0.8208 0.1286
v  0.3097 0.5991 -0.1473
v  0.2874 0.5923 -0.1551
v  0.3001 0.6487 -0.1626
v  0.2561 0.6812 -0.1427
v  0.2784 0.6880 -0.1349
v  0.2778 0.6419 -0.1704
v  0.2389 0.6807 -0.0929
v  0.2522 0.6848 -0.0882
v  0.2389 0.6408 -0.0584
v  0.2523 0.6448 -0.0538
v  0.2563 0.5914 -0.0653
v  0.2786 0.5982 -0.0575
v  0.2779 0.5699 -0.1083
v  0.3002 0.5767 -0.1005
v  0.3737 0.6185 -0.1250
v  0.3514 0.6118 -0.1327
v  0.3641 0.6681 -0.1402
v  0.3417 0.6613 -0.1480
v  0.3642 0.5961 -0.0782
v  0.3419 0.5893 -0.0860
v  0.3426 0.6177 -0.0352
v  0.3203 0.6109 -0.0429
v  0.3252 0.6670 -0.0283
v  0.3118 0.6629 -0.0329
v  0.3251 0.7069 -0.0627
v  0.3118 0.7029 -0.0674
v  0.0658 0.8689 0.2072
v  0.0963 0.8467 0.2513
v  0.0772 0.8865 0.2463
v  0.0901 0.8793 0.1687
v  0.1049 0.8217 0.2039
v  0.1533 0.8570 0.2553
v  0.1153 0.8998 0.2648
v  0.1578 0.9010 0.2519
v  0.0849 0.9220 0.2207
v  0.1418 0.9322 0.2247
v  0.1147 0.9323 0.1895
v  0.3424 0.7074 -0.1125
v  -0.0025 0.8178 0.1343
v  -0.0225 0.8754 0.2967
v  -0.0008 0.8801 0.1066
v  0.0396 0.8562 0.1337
v  -0.0185 0.9206 0.1438
v  -0.0423 0.9436 0.1515
v  -0.0992 0.9769 0.1288
v  -0.0776 0.9541 0.1250
v  -0.0575 0.9360 0.1573
v  -0.0604 0.9611 0.1197
v  -0.0787 0.9851 0.1279
v  -0.0499 0.9368 0.3239
v  -0.0984 0.9930 0.2381
v  -0.0750 1.0025 0.2408
v  -0.0517 0.9841 0.3301
v  -0.0713 0.9764 0.3262
v  0.0695 0.9206 0.1395
v  0.0883 0.8754 0.2914
v  0.0527 0.8178 0.1316
v  0.0484 0.8801 0.1042
v  0.1266 0.9541 0.1151
v  0.1485 0.9769 0.1168
v  0.1090 0.9611 0.1115
v  -0.3770 0.5353 0.1083
v  -0.3158 0.6024 0.1397
v  -0.2922 0.5785 0.1804
v  -0.3345 0.4921 0.1815
v  -0.3708 0.4965 0.1435
v  -0.4287 0.5419 0.2037
v  -0.4349 0.5807 0.1685
v  -0.3924 0.5375 0.2418
v  -0.3321 0.6098 0.2220
v  -0.3557 0.6338 0.1813
v  -0.0210 0.8602 0.1896
v  -0.0193 0.8598 0.2476
v  -0.0338 0.9159 0.2485
v  -0.0110 0.8923 0.2186
v  -0.0355 0.9164 0.1905
v  -0.2167 0.7602 0.1180
v  0.2639 0.7105 -0.1496
v  0.2235 0.6970 -0.0770
v  0.2875 0.7490 -0.0786
v  0.3204 0.7281 -0.1294
v  0.2531 0.7368 -0.0911
v  0.0836 0.8817 0.1464
v  0.1213 0.9490 0.1758
v  0.1767 0.8265 0.0088
v  0.2281 0.8618 0.0465
v  0.2131 0.7215 -0.0477
v  0.1613 0.7651 0.0429
v  0.3056 0.6953 0.0112
v  0.3296 0.6824 -0.0073
v  0.3033 0.7509 -0.0342
v  0.3279 0.7340 -0.0512
v  0.2658 0.5944 -0.0353
v  0.3209 0.6104 -0.0166
v  0.2526 0.6355 0.0015
v  0.2849 0.6450 0.0149
v  0.2150 0.6699 -0.0052
v  0.1943 0.7043 0.1172
v  0.2674 0.8451 0.1368
v  0.2477 0.7358 0.1477
v  0.2181 0.6453 -0.0353
v  0.1747 0.8431 0.2689
v  0.1060 0.8048 0.1997
v  0.3201 0.7006 -0.1203
v  0.1636 0.9539 0.2285
v  0.1889 0.9138 0.2633
v  0.0349 0.0214 0.0728
v  -0.6310 0.0003 -0.2160
v  -0.5683 0.0001 -0.3431
v  -0.6789 0.0001 -0.0826
v  -0.4730 0.0003 -0.4479
v  -0.3665 0.0001 -0.5415
v  -0.2381 0.0003 -0.6019
v  -0.1039 0.0001 -0.6474
v  0.0376 0.0003 -0.6542
v  0.1791 0.0001 -0.6448
v  0.3126 0.0003 -0.5969
v  0.4396 0.0001 -0.5342
v  0.5446 0.0003 -0.4389
v  0.6381 0.0001 -0.3323
v  0.6984 0.0003 -0.2041
v  0.7441 0.0001 -0.0698
v  0.7508 0.0003 0.0716
v  0.7415 0.0001 0.2131
v  0.6936 0.0003 0.3467
v  0.6309 0.0001 0.4737
v  0.5356 0.0003 0.5786
v  0.4289 0.0001 0.6722
v  0.3007 0.0003 0.7325
v  0.1665 0.0001 0.7781
v  0.0249 0.0003 0.7849
v  -0.1166 0.0001 0.7756
v  -0.2500 0.0003 0.7277
v  -0.3772 0.0001 0.6649
v  -0.4819 0.0003 0.5696
v  -0.5755 0.0001 0.4630
v  -0.6360 0.0003 0.3348
v  -0.6815 0.0001 0.2005
v  -0.6882 0.0003 0.0589
v  -0.6430 0.0077 -0.2209
v  -0.6868 0.0077 -0.0841
v  -0.5750 0.0077 -0.3476
v  -0.6267 0.0172 -0.2141
v  -0.5595 0.0172 -0.3371
v  -0.6685 0.0172 -0.0803
v  -0.4697 0.0172 -0.4446
v  -0.4821 0.0077 -0.4572
v  -0.3606 0.0172 -0.5325
v  -0.3708 0.0077 -0.5482
v  -0.2364 0.0172 -0.5975
v  -0.2429 0.0077 -0.6138
v  -0.1020 0.0172 -0.6369
v  -0.1054 0.0077 -0.6554
v  0.0376 0.0172 -0.6495
v  0.0378 0.0077 -0.6672
v  0.1770 0.0172 -0.6345
v  0.1808 0.0077 -0.6528
v  0.3107 0.0172 -0.5926
v  0.3176 0.0077 -0.6088
v  0.4338 0.0172 -0.5254
v  0.4443 0.0077 -0.5409
v  0.5413 0.0172 -0.4357
v  0.5539 0.0077 -0.4481
v  0.6292 0.0172 -0.3266
v  0.6447 0.0077 -0.3367
v  0.6941 0.0172 -0.2023
v  0.7105 0.0077 -0.2089
v  0.7336 0.0172 -0.0679
v  0.7519 0.0077 -0.0714
v  0.7460 0.0172 0.0716
v  0.7638 0.0077 0.0718
v  0.7312 0.0172 0.2110
v  0.7495 0.0077 0.2148
v  0.6893 0.0172 0.3448
v  0.7055 0.0077 0.3517
v  0.6221 0.0172 0.4678
v  0.6374 0.0077 0.4783
v  0.5322 0.0172 0.5753
v  0.5447 0.0077 0.5879
v  0.4231 0.0172 0.6632
v  0.4334 0.0077 0.6787
v  0.2990 0.0172 0.7282
v  0.3056 0.0077 0.7445
v  0.1646 0.0172 0.7676
v  0.1681 0.0077 0.7859
v  0.0250 0.0172 0.7800
v  0.0249 0.0077 0.7978
v  -0.1144 0.0172 0.7652
v  -0.1182 0.0077 0.7835
v  -0.2481 0.0172 0.7233
v  -0.2550 0.0077 0.7395
v  -0.3711 0.0172 0.6561
v  -0.3816 0.0077 0.6715
v  -0.4786 0.0172 0.5662
v  -0.4912 0.0077 0.5788
v  -0.5665 0.0172 0.4571
v  -0.5822 0.0077 0.4675
v  -0.6315 0.0172 0.3330
v  -0.6479 0.0077 0.3396
v  -0.6710 0.0172 0.1986
v  -0.6894 0.0077 0.2021
v  -0.6835 0.0172 0.0591
v  -0.7013 0.0077 0.0589
v  -0.6592 0.0284 0.0592
v  -0.6472 0.0284 0.1940
v  -0.6448 0.0284 -0.0753
v  -0.6043 0.0284 -0.2046
v  -0.5395 0.0284 -0.3233
v  -0.5234 0.0403 -0.3124
v  -0.5865 0.0403 -0.1970
v  -0.5167 0.0522 -0.3080
v  -0.5791 0.0522 -0.1939
v  -0.6258 0.0403 -0.0714
v  -0.6179 0.0522 -0.0698
v  -0.5159 0.0632 -0.3073
v  -0.5781 0.0632 -0.1934
v  -0.6168 0.0632 -0.0697
v  -0.4333 0.0522 -0.4077
v  -0.4390 0.0403 -0.4134
v  -0.3322 0.0522 -0.4892
v  -0.3367 0.0403 -0.4961
v  -0.3317 0.0632 -0.4884
v  -0.4326 0.0632 -0.4069
v  -0.2171 0.0522 -0.5496
v  -0.2200 0.0403 -0.5570
v  -0.0923 0.0522 -0.5863
v  -0.0939 0.0403 -0.5942
v  -0.0921 0.0632 -0.5851
v  -0.2166 0.0632 -0.5485
v  0.0373 0.0522 -0.5978
v  0.0373 0.0403 -0.6059
v  0.1665 0.0522 -0.5838
v  0.1681 0.0403 -0.5918
v  0.1662 0.0632 -0.5828
v  0.0371 0.0632 -0.5966
v  0.2906 0.0522 -0.5451
v  0.2937 0.0403 -0.5525
v  0.4046 0.0522 -0.4827
v  0.4091 0.0403 -0.4894
v  0.4040 0.0632 -0.4818
v  0.2901 0.0632 -0.5440
v  0.5044 0.0522 -0.3993
v  0.5101 0.0403 -0.4050
v  0.5859 0.0522 -0.2981
v  0.5926 0.0403 -0.3026
v  0.5851 0.0632 -0.2976
v  0.5036 0.0632 -0.3986
v  0.6462 0.0522 -0.1830
v  0.6536 0.0403 -0.1860
v  0.6828 0.0522 -0.0583
v  0.6907 0.0403 -0.0598
v  0.6817 0.0632 -0.0581
v  0.6450 0.0632 -0.1825
v  0.6943 0.0522 0.0713
v  0.7024 0.0403 0.0713
v  0.6805 0.0522 0.2005
v  0.6885 0.0403 0.2021
v  0.6795 0.0632 0.2002
v  0.6933 0.0632 0.0713
v  0.6416 0.0522 0.3246
v  0.6492 0.0403 0.3277
v  0.5794 0.0522 0.4387
v  0.5861 0.0403 0.4432
v  0.5785 0.0632 0.4380
v  0.6405 0.0632 0.3241
v  0.4960 0.0522 0.5385
v  0.5017 0.0403 0.5441
v  0.3948 0.0522 0.6200
v  0.3993 0.0403 0.6267
v  0.3941 0.0632 0.6191
v  0.4953 0.0632 0.5376
v  0.2795 0.0522 0.6803
v  0.2826 0.0403 0.6877
v  0.1550 0.0522 0.7168
v  0.1563 0.0403 0.7247
v  0.1546 0.0632 0.7158
v  0.2792 0.0632 0.6791
v  0.0254 0.0522 0.7283
v  0.0254 0.0403 0.7364
v  -0.1039 0.0522 0.7146
v  -0.1054 0.0403 0.7225
v  -0.1037 0.0632 0.7135
v  0.0254 0.0632 0.7273
v  -0.2279 0.0522 0.6758
v  -0.2310 0.0403 0.6832
v  -0.3420 0.0522 0.6134
v  -0.3465 0.0403 0.6201
v  -0.3413 0.0632 0.6125
v  -0.2274 0.0632 0.6746
v  -0.4418 0.0522 0.5300
v  -0.4475 0.0403 0.5357
v  -0.5233 0.0522 0.4289
v  -0.5302 0.0403 0.4333
v  -0.5224 0.0632 0.4282
v  -0.4409 0.0632 0.5293
v  -0.5836 0.0522 0.3136
v  -0.5910 0.0403 0.3167
v  -0.6203 0.0522 0.1890
v  -0.6282 0.0403 0.1904
v  -0.6191 0.0632 0.1886
v  -0.5826 0.0632 0.3132
v  -0.6318 0.0522 0.0594
v  -0.6399 0.0403 0.0594
v  -0.6306 0.0632 0.0594
v  -0.6237 0.0727 0.0596
v  -0.6124 0.0727 0.1874
v  -0.6101 0.0727 -0.0681
v  -0.5717 0.0727 -0.1908
v  -0.5102 0.0727 -0.3035
v  0.0361 0.0439 0.0603
v  -0.5762 0.0727 0.3106
v  -0.5166 0.0727 0.4244
v  -0.4361 0.0727 0.5245
v  -0.3375 0.0727 0.6069
v  -0.2248 0.0727 0.6684
v  -0.1021 0.0727 0.7066
v  0.0256 0.0727 0.7204
v  0.1534 0.0727 0.7090
v  0.2766 0.0727 0.6727
v  0.3903 0.0727 0.6132
v  0.4905 0.0727 0.5326
v  0.5728 0.0727 0.4342
v  0.6342 0.0727 0.3213
v  0.6726 0.0727 0.1988
v  0.6864 0.0727 0.0711
v  0.6750 0.0727 -0.0567
v  0.6387 0.0727 -0.1799
v  0.5792 0.0727 -0.2938
v  0.4986 0.0727 -0.3938
v  0.4002 0.0727 -0.4761
v  0.2873 0.0727 -0.5377
v  0.1648 0.0727 -0.5761
v  0.0371 0.0727 -0.5897
v  -0.0908 0.0727 -0.5783
v  -0.2140 0.0727 -0.5421
v  -0.3279 0.0727 -0.4825
v  -0.4278 0.0727 -0.4019
v  -0.6089 0.0284 0.3239
v  -0.5462 0.0284 0.4438
v  -0.4612 0.0284 0.5493
v  -0.3573 0.0284 0.6360
v  -0.2386 0.0284 0.7009
v  -0.1094 0.0284 0.7414
v  0.0252 0.0284 0.7557
v  0.1600 0.0284 0.7437
v  0.2899 0.0284 0.7056
v  0.4098 0.0284 0.6429
v  0.5153 0.0284 0.5579
v  0.6019 0.0284 0.4540
v  0.6669 0.0284 0.3353
v  0.7074 0.0284 0.2061
v  0.7217 0.0284 0.0715
v  0.7096 0.0284 -0.0633
v  0.6716 0.0284 -0.1932
v  0.6088 0.0284 -0.3131
v  0.5239 0.0284 -0.4186
v  0.4200 0.0284 -0.5054
v  0.3013 0.0284 -0.5702
v  0.1720 0.0284 -0.6107
v  0.0374 0.0284 -0.6250
v  -0.0973 0.0284 -0.6131
v  -0.2272 0.0284 -0.5749
v  -0.3472 0.0284 -0.5122
v  -0.4526 0.0284 -0.4272
# 1640 vertices

vn 0.8621 -0.4703 -0.1889
vn 0.8621 -0.4702 -0.1889
vn 0.2212 0.0138 0.9751
vn 0.4788 0.6337 0.6076
vn 0.4560 0.8824 -0.1159
vn 0.1660 0.6142 -0.7715
vn -0.2212 -0.0138 -0.9751
vn -0.4788 -0.6337 -0.6076
vn -0.4560 -0.8824 0.1159
vn -0.1660 -0.6142 0.7715
vn -0.2977 -0.1209 -0.9470
vn -0.2692 -0.1151 -0.9562
vn 0.1539 -0.0763 0.9851
vn 0.1595 -0.1086 0.9812
vn 0.4916 -0.2194 0.8427
vn 0.5251 -0.1035 0.8447
vn 0.5619 -0.1502 0.8135
vn 0.1242 -0.2087 0.9701
vn 0.0927 -0.2408 0.9661
vn 0.0389 -0.1684 0.9850
vn 0.0547 -0.1625 0.9852
vn -0.0145 -0.0642 0.9978
vn 0.0092 -0.0697 0.9975
vn 0.5846 0.7985 -0.1439
vn 0.4357 0.8932 -0.1114
vn -0.7696 0.6165 0.1659
vn -0.7697 0.6165 0.1659
vn -0.9748 0.0339 0.2206
vn 0.8070 -0.5639 -0.1751
vn 0.5761 0.8050 -0.1420
vn -0.0267 -0.4143 0.9097
vn -0.8621 0.4703 0.1889
vn 0.2165 -0.0083 0.9762
vn -0.2165 0.0083 -0.9762
vn -0.0122 0.0897 0.9959
vn 0.0057 0.0661 0.9978
vn 0.6611 0.7330 -0.1603
vn -0.4229 0.0564 -0.9044
vn -0.3754 0.0668 -0.9244
vn -0.4252 -0.0845 -0.9011
vn -0.4447 -0.1064 -0.8893
vn -0.3802 -0.1854 -0.9061
vn -0.3859 -0.2028 -0.9000
vn -0.3145 -0.2626 -0.9122
vn -0.3160 -0.2284 -0.9209
vn 0.1750 -0.1507 -0.9730
vn 0.0744 -0.1418 -0.9871
vn 0.0768 -0.2494 -0.9654
vn 0.0964 -0.2557 -0.9619
vn 0.7066 0.6869 -0.1700
vn 0.4994 -0.2356 0.8337
vn -0.6857 -0.6351 0.3556
vn -0.5919 -0.5774 -0.5624
vn -0.4820 -0.4691 -0.7400
vn 0.5492 0.5367 0.6406
vn 0.5901 0.5416 -0.5987
vn 0.6303 0.5693 -0.5279
vn 0.5580 0.5384 0.6314
vn -0.8035 0.0797 -0.5899
vn -0.7900 -0.4438 0.4229
vn -0.7442 -0.4832 0.4612
vn -0.7705 0.0726 -0.6333
vn 0.8314 -0.0312 0.5549
vn 0.7500 0.4840 -0.4508
vn 0.5729 0.4986 -0.6505
vn 0.8670 -0.0201 0.4978
vn -0.7539 0.6548 0.0533
vn -0.7451 -0.6149 0.2585
vn -0.8787 0.4644 0.1108
vn 0.8771 -0.4676 -0.1100
vn 0.7032 0.6627 -0.2574
vn 0.8359 0.4852 -0.2566
vn 0.5185 0.1847 0.8349
vn 0.6342 0.6345 0.4417
vn 0.6210 0.7690 -0.1517
vn -0.0594 -0.7864 0.6149
vn 0.2107 -0.3336 0.9189
vn -0.3141 -0.8022 -0.5077
vn 0.8430 -0.3864 0.3742
vn 0.8447 -0.3926 0.3638
vn 0.7022 -0.6161 0.3567
vn 0.7389 -0.5914 0.3228
vn -0.5593 0.8209 0.1153
vn -0.4546 -0.8832 0.1156
vn 0.5931 -0.7957 -0.1233
vn 0.7179 -0.6951 0.0380
vn -0.0525 -0.6089 0.7915
vn 0.6699 -0.7303 0.1338
vn -0.6385 0.7463 -0.1879
vn 0.0353 0.6190 -0.7846
vn 0.0931 0.5839 -0.8065
vn -0.0402 -0.8676 -0.4956
vn -0.4395 -0.7784 0.4482
vn -0.4381 -0.7720 0.4606
vn -0.1150 -0.9296 -0.3503
vn 0.0918 0.9132 0.3971
vn 0.4712 0.5615 -0.6802
vn 0.4573 0.7207 -0.5210
vn 0.1017 0.9154 0.3895
vn -0.6926 -0.6357 0.3409
vn 0.2499 -0.1521 0.9563
vn 0.2644 -0.0100 0.9644
vn -0.3013 -0.9500 0.0818
vn -0.2359 -0.1533 -0.9596
vn -0.1476 -0.0534 -0.9876
vn 0.1065 0.1590 -0.9815
vn 0.5700 0.8216 -0.0064
vn 0.4988 0.8576 -0.1252
vn 0.3658 -0.0671 0.9283
vn -0.3793 -0.8953 0.2338
vn -0.3817 -0.9189 0.0995
vn -0.0666 0.0521 -0.9964
vn -0.1774 -0.0375 -0.9834
vn 0.5971 0.7887 -0.1466
vn 0.3221 0.1063 0.9407
vn 0.2931 -0.0260 0.9557
vn -0.3869 -0.9215 -0.0337
vn -0.4120 -0.9050 0.1062
vn -0.0700 -0.0942 -0.9931
vn 0.4653 0.8484 -0.2526
vn 0.5270 0.8396 -0.1314
vn 0.9531 -0.2148 -0.2132
vn -0.4985 0.8610 0.1009
vn -0.8586 0.4770 0.1880
vn 0.0980 -0.9952 -0.0082
vn 0.2354 0.9696 -0.0671
vn -0.9362 0.1747 -0.3048
vn 0.3970 -0.9146 -0.0771
vn 0.0111 -0.0580 0.9983
vn 0.0600 -0.2754 0.9594
vn 0.1258 -0.1631 0.9786
vn 0.0803 -0.1677 0.9826
vn -0.4203 -0.0849 -0.9034
vn -0.3581 -0.3015 -0.8837
vn -0.3173 -0.1814 -0.9308
vn -0.8574 -0.4738 0.2012
vn 0.0050 -0.3648 0.9311
vn -0.4102 -0.4286 -0.8050
vn -0.2241 -0.0194 -0.9744
vn -0.0202 -0.4043 0.9144
vn 0.7241 -0.6721 -0.1547
vn 0.9087 -0.3660 -0.2009
vn -0.9520 0.1952 -0.2360
vn -0.8479 0.3865 -0.3630
vn -0.8430 0.3864 -0.3742
vn 0.3032 0.7773 -0.5513
vn 0.6001 -0.4047 -0.6900
vn 0.6081 -0.4040 -0.6834
vn 0.5310 -0.6043 -0.5940
vn 0.4834 -0.6298 -0.6080
vn 0.6443 -0.7526 -0.1355
vn 0.5066 0.7899 0.3455
vn -0.6033 0.3985 0.6908
vn -0.6081 0.4040 0.6834
vn -0.7337 0.2119 0.6455
vn -0.7249 0.1624 0.6694
vn -0.9677 0.1268 0.2177
vn -0.3949 -0.3897 -0.8320
vn 0.2183 0.0081 0.9759
vn 0.4234 0.8731 -0.2416
vn -0.4808 -0.8767 -0.0118
vn 0.4808 0.8767 0.0118
vn -0.7625 0.4545 0.4606
vn -0.4234 -0.8732 0.2416
vn -0.4140 -0.4384 -0.7978
vn 0.5771 -0.8079 -0.1195
vn -0.6951 0.7035 0.1477
vn -0.6952 0.7035 0.1477
vn 0.2786 0.1283 0.9518
vn -0.1601 0.1010 -0.9819
vn -0.8893 0.4466 -0.0986
vn 0.3568 0.9294 -0.0940
vn 0.0256 0.9995 -0.0199
vn 0.0801 0.9963 -0.0322
vn 0.0364 0.4293 -0.9024
vn -0.4195 -0.4531 -0.7866
vn -0.0364 -0.4293 0.9024
vn 0.4195 0.4531 0.7865
vn 0.8505 0.4865 -0.1998
vn -0.4526 -0.5467 -0.7044
vn -0.1011 -0.5248 0.8452
vn -0.1011 -0.5249 0.8452
vn -0.2826 -0.1368 -0.9494
vn 0.1554 -0.1095 0.9818
vn -0.1773 0.1720 -0.9690
vn -0.1353 0.2304 -0.9636
vn -0.2070 0.1270 -0.9701
vn -0.1494 0.1204 -0.9814
vn 0.3447 0.3382 0.8756
vn 0.2570 0.1991 0.9457
vn 0.2922 0.2571 0.9212
vn 0.3398 0.3648 0.8669
vn -0.0688 0.3125 -0.9474
vn -0.0696 0.3393 -0.9381
vn 0.2878 0.1476 0.9462
vn 0.2309 0.1543 0.9607
vn 0.9544 0.1450 -0.2609
vn 0.9538 0.1407 -0.2656
vn -0.9536 -0.1381 0.2676
vn -0.9535 -0.1382 0.2678
vn -0.9547 -0.1360 0.2647
vn -0.9531 -0.1390 0.2689
vn -0.9544 -0.1451 0.2609
vn -0.7059 0.4133 0.5753
vn -0.6401 0.4286 0.6376
vn -0.3622 0.4530 0.8146
vn -0.3171 0.4524 0.8335
vn -0.5403 0.5947 0.5954
vn -0.7786 0.3054 0.5482
vn -0.5843 0.2556 0.7702
vn -0.9873 0.1121 0.1122
vn -0.9815 0.1408 0.1294
vn -0.9184 0.3185 0.2347
vn -0.3701 0.8733 -0.3170
vn -0.3699 0.8719 -0.3209
vn -0.3690 0.8654 -0.3390
vn -0.3688 0.8645 -0.3415
vn 0.8283 -0.5566 -0.0643
vn 0.8472 -0.5239 0.0882
vn -0.9031 -0.4103 0.1271
vn -0.8252 -0.3227 -0.4636
vn -0.4566 -0.8195 0.3464
vn 0.8272 -0.3108 -0.4682
vn 0.7802 -0.5124 -0.3587
vn 0.7887 -0.3741 -0.4879
vn -0.8365 -0.3633 0.4101
vn -0.5598 -0.7971 -0.2263
vn 0.0191 0.0476 -0.9987
vn 0.2750 0.0107 -0.9614
vn 0.7957 0.1632 -0.5833
vn -0.7714 -0.1342 -0.6221
vn 0.9449 0.1055 -0.3098
vn 0.6957 -0.1602 0.7002
vn 0.9706 0.2062 0.1238
vn 0.5821 0.0376 0.8122
vn -0.9110 -0.1023 0.3995
vn -0.6464 -0.0654 0.7602
vn -0.9111 -0.2599 0.3198
vn -0.4402 -0.0629 -0.8957
vn 0.2433 -0.0689 -0.9675
vn 0.9284 0.1514 -0.3394
vn 0.8154 0.0576 0.5760
vn 0.7546 0.1035 0.6480
vn 0.1994 0.1584 0.9670
vn 0.3690 0.0591 0.9275
vn 0.6396 0.7237 0.2592
vn 0.5955 0.2713 -0.7561
vn -0.4731 -0.1152 0.8734
vn 0.1278 -0.9906 -0.0482
vn 0.1275 -0.9907 -0.0482
vn 0.1267 -0.9908 -0.0483
vn 0.1264 -0.9908 -0.0484
vn 0.9534 0.1383 -0.2681
vn 0.9534 0.1367 -0.2689
vn 0.9534 0.1404 -0.2670
vn 0.1311 0.6779 0.7234
vn 0.1289 0.6766 0.7250
vn 0.1247 0.6742 0.7279
vn 0.1232 0.6734 0.7290
vn -0.1437 0.9890 -0.0337
vn -0.1436 0.9891 -0.0338
vn -0.1434 0.9891 -0.0339
vn -0.1433 0.9891 -0.0340
vn -0.3996 0.5639 -0.7227
vn -0.3790 0.5633 -0.7342
vn -0.3345 0.5610 -0.7572
vn -0.3101 0.5591 -0.7689
vn -0.2527 -0.1838 -0.9499
vn -0.1836 -0.1997 -0.9625
vn -0.0497 -0.2270 -0.9726
vn 0.0397 -0.2427 -0.9693
vn 0.0136 -0.9222 -0.3866
vn 0.0138 -0.9222 -0.3866
vn 0.0141 -0.9222 -0.3865
vn 0.0143 -0.9222 -0.3865
vn 0.2500 -0.8594 0.4461
vn 0.2499 -0.8594 0.4461
vn 0.2498 -0.8595 0.4461
vn 0.2497 -0.8595 0.4460
vn 0.0125 -0.9223 -0.3863
vn 0.0127 -0.9223 -0.3863
vn 0.0130 -0.9223 -0.3862
vn 0.0132 -0.9223 -0.3862
vn -0.4442 -0.2164 -0.8694
vn -0.3964 -0.2352 -0.8874
vn -0.2977 -0.2704 -0.9156
vn -0.2344 -0.2907 -0.9276
vn -0.3059 0.6099 -0.7310
vn -0.2730 0.5979 -0.7536
vn -0.2260 0.5792 -0.7832
vn -0.2086 0.5719 -0.7933
vn -0.1439 0.9890 -0.0337
vn -0.1435 0.9891 -0.0339
vn 0.1213 0.6710 0.7315
vn 0.1228 0.6715 0.7307
vn 0.1278 0.6734 0.7282
vn 0.1300 0.6742 0.7270
vn -0.8348 -0.3504 0.4247
vn -0.7038 -0.0135 0.7103
vn 0.1999 -0.0818 0.9764
vn 0.2344 -0.4244 0.8746
vn 0.8011 -0.5338 -0.2706
vn -0.5094 -0.8461 0.1567
vn -0.8529 -0.5205 0.0393
vn 0.2434 -0.8687 0.4315
vn 0.2357 -0.8525 0.4665
vn 0.2221 -0.8231 0.5226
vn 0.2168 -0.8112 0.5431
vn -0.7075 -0.5443 0.4507
vn 0.8346 -0.5336 -0.1370
vn 0.9471 -0.3195 -0.0308
vn 0.0847 -0.9670 -0.2404
vn 0.0830 -0.9691 -0.2321
vn 0.0807 -0.9719 -0.2213
vn 0.0780 -0.9749 -0.2083
vn 0.2994 -0.1492 0.9424
vn 0.2993 -0.1493 0.9424
vn 0.2991 -0.1495 0.9425
vn 0.2989 -0.1495 0.9425
vn 0.9479 0.1303 -0.2906
vn 0.9502 0.1369 -0.2798
vn 0.9502 0.1432 -0.2768
vn -0.9492 -0.1336 0.2850
vn -0.9502 -0.1368 0.2798
vn -0.9497 -0.1595 0.2695
vn -0.9476 -0.1472 0.2834
vn 0.9486 0.1377 -0.2848
vn 0.9449 0.1187 -0.3049
vn 0.3143 -0.4478 0.8371
vn 0.3226 -0.4518 0.8318
vn 0.3195 -0.4503 0.8338
vn 0.3278 -0.4543 0.8284
vn -0.9491 -0.1741 0.2623
vn -0.0654 0.9607 0.2699
vn -0.0425 0.9666 0.2529
vn 0.0474 0.9837 0.1734
vn -0.0751 0.9571 0.2799
vn -0.2248 0.9422 0.2483
vn -0.1036 0.9554 0.2767
vn 0.0604 0.9857 0.1576
vn 0.9363 -0.2554 0.2409
vn 0.7169 -0.2862 0.6357
vn 0.2660 -0.6154 0.7420
vn -0.3110 0.3810 -0.8707
vn -0.3077 0.3829 -0.8710
vn -0.3097 0.3817 -0.8708
vn -0.3066 0.3836 -0.8712
vn 0.9157 0.2863 -0.2820
vn 0.9099 0.0917 -0.4046
vn -0.7682 -0.4206 0.4827
vn -0.7091 -0.4059 0.5766
vn -0.7932 0.3992 -0.4599
vn -0.8114 0.3918 -0.4338
vn -0.9940 0.0229 0.1067
vn -0.9957 0.0814 0.0444
vn 0.3000 0.5667 -0.7674
vn 0.9251 0.1914 -0.3281
vn 0.5188 0.4664 -0.7165
vn 0.9230 0.1495 -0.3547
vn -0.9463 -0.1515 0.2855
vn -0.6255 -0.4439 0.6417
vn -0.9085 -0.1759 0.3791
vn -0.3842 -0.5086 0.7705
vn 0.8208 -0.4079 0.3999
vn 0.8709 -0.3578 0.3368
vn 0.9843 0.0722 -0.1609
vn -0.8181 -0.5406 0.1963
vn 0.5693 0.0569 -0.8201
vn 0.8481 -0.5152 -0.1237
vn -0.9090 -0.1920 -0.3700
vn -0.0661 -0.8007 -0.5954
vn 0.4675 0.1061 -0.8776
vn -0.2612 -0.1705 -0.9501
vn -0.2481 -0.1766 -0.9525
vn -0.9310 -0.2868 -0.2256
vn -0.7657 -0.6379 -0.0828
vn -0.6186 -0.7120 0.3321
vn 0.1510 -0.9877 0.0415
vn 0.1381 -0.9897 0.0369
vn 0.8840 -0.2508 -0.3944
vn 0.6876 -0.4204 -0.5921
vn -0.1200 -0.6891 -0.7147
vn -0.1257 -0.6857 -0.7170
vn -0.0875 -0.7662 -0.6366
vn -0.0882 -0.7677 -0.6347
vn -0.0498 -0.8346 -0.5487
vn -0.0498 -0.8345 -0.5488
vn -0.9448 -0.1442 0.2942
vn 0.9492 0.1336 -0.2850
vn -0.3075 0.5807 -0.7538
vn -0.3130 0.5786 -0.7532
vn -0.3088 0.5803 -0.7536
vn -0.3142 0.5781 -0.7530
vn 0.6401 0.3768 -0.6695
vn 0.6631 0.5607 -0.4959
vn 0.1742 -0.5134 0.8403
vn -0.3555 -0.5589 0.7492
vn -0.7406 -0.1625 0.6520
vn -0.8424 0.2218 0.4910
vn -0.9571 -0.0092 0.2897
vn -0.9343 0.3560 -0.0176
vn -0.9909 0.0457 -0.1263
vn 0.7892 -0.5287 0.3124
vn 0.1448 -0.7374 0.6598
vn -0.9862 -0.1522 0.0655
vn -0.2298 0.9060 -0.3556
vn -0.2309 0.9061 -0.3546
vn -0.2323 0.9062 -0.3534
vn -0.2334 0.9063 -0.3524
vn 0.0644 0.8039 0.5913
vn 0.2479 0.2408 0.9384
vn 0.2479 0.2407 0.9384
vn -0.2159 0.9719 0.0939
vn -0.0595 0.9978 0.0300
vn -0.0449 0.9987 0.0241
vn 0.9826 0.0767 -0.1689
vn 0.6519 0.4366 -0.6200
vn 0.2107 0.5716 -0.7930
vn 0.7491 0.3580 -0.5574
vn 0.2368 0.5564 -0.7964
vn -0.9329 0.2724 -0.2355
vn -0.9748 0.1778 -0.1347
vn -0.8512 -0.2280 0.4727
vn -0.3855 -0.5438 0.7454
vn -0.8878 -0.1954 0.4166
vn -0.3352 -0.5695 0.7505
vn 0.8829 -0.3134 0.3497
vn 0.9626 -0.2222 0.1549
vn -0.2466 0.9386 0.2414
vn 0.8645 0.5008 -0.0431
vn 0.7687 -0.4819 -0.4206
vn 0.7555 -0.4750 -0.4512
vn 0.7123 -0.5182 -0.4733
vn 0.7109 -0.5218 -0.4716
vn 0.1610 -0.8867 0.4334
vn 0.0839 -0.9444 0.3180
vn 0.1023 -0.9344 0.3411
vn -0.3938 0.7542 -0.5255
vn -0.3844 0.7569 -0.5285
vn -0.4021 0.7486 -0.5271
vn 0.1740 -0.8709 0.4595
vn -0.7963 -0.4735 -0.3765
vn -0.8065 -0.4803 -0.3447
vn -0.7556 -0.5168 -0.4026
vn -0.4027 0.7477 -0.5279
vn -0.0927 -0.9687 0.2302
vn -0.0928 -0.9688 0.2299
vn -0.0962 -0.9685 0.2298
vn -0.7469 -0.4391 -0.4993
vn -0.7712 -0.3889 -0.5040
vn -0.4892 -0.8076 -0.3293
vn -0.2012 0.8845 -0.4208
vn -0.1958 0.8809 -0.4309
vn -0.1965 0.8800 -0.4323
vn 0.1159 -0.9687 0.2195
vn 0.1126 -0.9690 0.2200
vn 0.1125 -0.9689 0.2203
vn 0.7184 -0.3903 -0.5758
vn 0.6946 -0.4405 -0.5688
vn 0.4536 -0.8086 -0.3748
vn 0.4036 -0.8559 -0.3233
vn 0.1125 0.9699 -0.2158
vn 0.1237 0.9732 -0.1940
vn 0.1517 0.9787 -0.1379
vn -0.1308 0.9702 -0.2041
vn -0.1398 0.9734 -0.1813
vn -0.1014 0.9558 -0.2761
vn 0.9000 -0.0810 0.4282
vn 0.9591 0.0386 0.2803
vn 0.9532 -0.0841 0.2905
vn -0.8549 -0.0793 0.5128
vn -0.7523 -0.2321 0.6166
vn -0.9210 -0.0823 0.3808
vn -0.9981 0.0016 0.0609
vn -0.8476 -0.4614 0.2622
vn -0.9790 -0.0452 0.1988
vn -0.9944 0.0699 0.0794
vn 0.9921 -0.0581 0.1110
vn 0.8769 -0.4481 0.1740
vn 0.9995 0.0193 -0.0267
vn 0.9972 0.0743 -0.0080
vn -0.3370 0.8224 -0.4584
vn -0.2043 0.8244 -0.5279
vn -0.1515 0.9614 -0.2297
vn 0.0306 0.7601 0.6490
vn -0.3538 0.7118 0.6067
vn -0.0431 0.2454 0.9685
vn 0.1380 0.2475 0.9590
vn -0.9277 0.0405 0.3712
vn -0.9433 0.0324 0.3305
vn 0.9707 0.0305 0.2383
vn -0.7923 -0.3676 -0.4870
vn -0.8683 -0.2214 -0.4439
vn -0.8633 -0.2350 -0.4467
vn 0.7411 -0.3691 -0.5609
vn 0.7434 -0.3758 -0.5533
vn 0.8159 -0.2367 -0.5276
vn 0.6938 0.6434 -0.3234
vn 0.9486 -0.0683 -0.3090
vn 0.8981 0.1487 -0.4140
vn -0.9648 0.0219 -0.2621
vn -0.9008 0.2364 -0.3642
vn -0.9340 0.1493 -0.3246
vn 0.7491 -0.4456 -0.4902
vn 0.8215 -0.5289 -0.2132
vn 0.9568 -0.2666 -0.1162
vn -0.9542 -0.2985 -0.0218
vn -0.8128 -0.5712 -0.1145
vn -0.7914 -0.4448 -0.4193
vn -0.8992 -0.2397 0.3660
vn -0.7539 -0.5611 0.3416
vn 0.8091 -0.2604 0.5268
vn -0.7575 -0.2846 0.5876
vn -0.5701 0.3438 0.7462
vn -0.5447 0.1594 0.8233
vn -0.8174 -0.0194 0.5757
vn 0.8652 -0.0207 0.5009
vn 0.6216 0.1582 0.7672
vn 0.6399 0.3425 0.6879
vn -0.0935 -0.9691 0.2282
vn -0.2059 0.8853 -0.4169
vn 0.1173 -0.9685 0.2198
vn 0.1552 0.8805 -0.4478
vn 0.1666 0.8850 -0.4348
vn 0.1616 0.8842 -0.4383
vn -0.0709 -0.9343 0.3495
vn -0.0548 -0.9442 0.3247
vn -0.1204 -0.8864 0.4470
vn 0.3511 0.7479 -0.5634
vn 0.3485 0.7531 -0.5580
vn 0.3429 0.7535 -0.5610
vn -0.1308 -0.8706 0.4742
vn 0.4101 0.4039 0.8178
vn 0.3307 0.5782 0.7459
vn 0.4553 0.4301 0.7796
vn -0.3070 0.5041 0.8072
vn -0.2554 0.5743 0.7778
vn -0.3285 0.3958 0.8576
vn -0.4636 0.1175 -0.8782
vn -0.0245 0.8628 -0.5050
vn 0.3762 0.1171 -0.9191
vn 0.4715 0.0661 -0.8794
vn -0.0454 -0.3991 -0.9158
vn -0.8426 -0.5338 0.0713
vn 0.8622 -0.5013 -0.0729
vn 0.9855 -0.0332 -0.1665
vn 0.9192 -0.1407 -0.3678
vn -0.9448 -0.1514 -0.2905
vn -0.6113 -0.2455 -0.7523
vn -0.5546 0.0668 -0.8294
vn -0.8927 -0.0273 -0.4498
vn 0.5451 -0.2495 -0.8004
vn -0.9207 0.2346 -0.3117
vn -0.9441 -0.1405 -0.2982
vn -0.9519 -0.1203 -0.2818
vn -0.9218 0.2523 -0.2942
vn -0.7939 -0.3742 -0.4793
vn -0.9657 0.1727 0.1941
vn -0.9639 0.1714 0.2039
vn -0.9649 0.1721 0.1983
vn -0.9671 0.1737 0.1858
vn 0.0412 -0.4985 0.8659
vn -0.0247 0.8480 -0.5295
vn 0.0385 -0.5835 0.8112
vn -0.2985 0.9138 -0.2754
vn -0.3583 0.6487 0.6714
vn 0.8932 0.0992 -0.4385
vn 0.9145 -0.1893 -0.3575
vn 0.3974 0.3579 -0.8450
vn 0.9546 0.0817 -0.2866
vn 0.9622 -0.2721 0.0150
vn 0.9431 -0.1826 -0.2780
vn 0.9113 0.0087 -0.4117
vn -0.3352 0.9408 0.0502
vn -0.2950 0.9492 0.1094
vn -0.2164 0.8661 0.4507
vn -0.5036 0.7453 -0.4369
vn -0.4721 0.8308 -0.2949
vn -0.2944 0.6446 0.7056
vn -0.4039 -0.2476 -0.8807
vn -0.4151 -0.2320 -0.8797
vn -0.2993 -0.2048 -0.9319
vn -0.2213 -0.1651 -0.9611
vn -0.0612 -0.2599 -0.9637
vn -0.0530 -0.2836 -0.9575
vn -0.3224 -0.7771 0.5405
vn -0.7246 -0.5110 0.4624
vn -0.7666 -0.4724 0.4348
vn 0.2178 -0.8039 0.5535
vn 0.2120 -0.8317 0.5131
vn 0.8039 -0.4748 0.3582
vn 0.3560 0.6438 0.6773
vn -0.4337 0.4249 0.7946
vn -0.5327 0.6636 0.5253
vn -0.6447 0.1835 0.7421
vn -0.5062 0.2076 0.8370
vn -0.1547 0.2390 0.9586
vn -0.7551 -0.0031 0.6556
vn -0.0828 0.7091 -0.7002
vn -0.1703 0.9063 -0.3867
vn -0.0526 0.8284 -0.5577
vn -0.0219 0.6328 -0.7740
vn -0.0865 0.4253 -0.9009
vn 0.7675 -0.0985 0.6335
vn 0.3798 0.7950 0.4729
vn 0.5014 0.5467 0.6706
vn 0.5014 0.6856 0.5278
vn 0.3152 0.8785 0.3591
vn 0.0730 0.9562 0.2836
vn 0.8016 0.5800 -0.1451
vn 0.0322 -0.9977 0.0594
vn -0.0267 -0.9977 0.0623
vn 0.0012 -0.9996 0.0296
vn 0.0601 -0.9974 0.0392
vn -0.0564 -0.9974 0.0449
vn -0.4305 -0.1689 -0.8866
vn -0.4395 -0.1588 -0.8841
vn -0.4270 -0.1729 -0.8876
vn -0.4224 -0.1780 -0.8888
vn -0.5219 0.8391 -0.1535
vn -0.0238 0.1771 0.9839
vn -0.0259 0.1733 0.9845
vn -0.0230 0.1785 0.9837
vn 0.2972 -0.1495 0.9430
vn 0.2971 -0.1496 0.9430
vn 0.2969 -0.1498 0.9431
vn 0.2967 -0.1499 0.9431
vn 0.2498 -0.8594 0.4461
vn 0.2496 -0.8595 0.4461
vn 0.9567 0.1389 -0.2559
vn -0.9567 -0.1389 0.2559
vn -0.8607 0.3375 -0.3813
vn -0.7422 0.1187 -0.6596
vn -0.9331 0.1202 -0.3388
vn -0.9442 0.2815 -0.1712
vn -0.7761 0.6138 -0.1450
vn -0.9985 -0.0530 -0.0147
vn -0.1928 -0.7797 -0.5958
vn -0.7073 -0.7033 -0.0721
vn 0.0306 -0.5949 0.8032
vn 0.1365 -0.4113 0.9012
vn -0.1295 -0.6335 0.7628
vn -0.2461 -0.7065 0.6635
vn -0.4639 -0.6534 0.5982
vn 0.0775 0.9405 0.3309
vn 0.7876 -0.4373 -0.4340
vn -0.1688 0.8396 0.5162
vn -0.2142 0.7678 0.6039
vn -0.0526 -0.9973 0.0519
vn 0.8177 -0.5756 0.0087
vn 0.4978 -0.7644 0.4097
vn 0.8314 -0.5387 -0.1362
vn 0.7172 -0.6416 0.2719
vn 0.6274 0.7755 0.0705
vn 0.6148 0.7845 -0.0813
vn 0.9701 0.0314 0.2408
vn 0.6108 0.7917 0.0110
vn 0.2468 0.8449 0.4746
vn -0.8175 -0.4208 -0.3933
vn -0.0446 0.9407 0.3363
vn 0.2712 0.7671 0.5813
vn -0.8131 -0.5756 0.0870
vn 0.0716 -0.9968 0.0345
vn -0.4547 -0.7647 0.4566
vn -0.8407 -0.5386 -0.0553
vn -0.6876 -0.6418 0.3395
vn -0.9501 0.0452 0.3087
vn -0.5247 0.8482 -0.0723
vn -0.6113 0.7841 0.1071
vn -0.6041 0.7939 0.0688
vn 0.9691 -0.1048 0.2231
vn -0.9390 -0.0972 0.3300
vn 0.9762 -0.1039 0.1904
vn 0.4085 0.7086 0.5753
vn -0.9557 -0.0497 0.2903
vn -0.0218 0.1806 0.9833
vn -0.1102 -0.9653 0.2366
vn -0.9936 -0.0651 0.0922
vn -0.9936 -0.0654 0.0926
vn -0.9937 -0.0649 0.0918
vn 0.3468 -0.1690 -0.9226
vn 0.3384 -0.1780 -0.9240
vn 0.3431 -0.1729 -0.9232
vn 0.3560 -0.1589 -0.9209
vn 0.5056 0.8390 -0.2010
vn 0.1146 0.1771 0.9775
vn 0.1126 0.1806 0.9771
vn 0.1138 0.1785 0.9773
vn 0.1167 0.1733 0.9779
vn 0.1315 -0.9654 0.2254
vn 0.9979 -0.0653 -0.0000
vn 0.9979 -0.0650 -0.0004
vn 0.9979 -0.0655 0.0004
vn -0.1623 0.9791 -0.1229
vn 0.0764 0.9556 -0.2847
vn -0.5620 -0.7938 0.2324
vn 0.7825 -0.5619 0.2682
vn 0.5715 -0.8004 0.1809
vn 0.0014 -0.9990 0.0455
vn -0.6233 -0.6945 -0.3594
vn -0.4792 -0.8703 -0.1139
vn 0.4649 -0.8711 -0.1583
vn 0.5845 -0.6960 -0.4171
vn -0.0182 0.9917 0.1269
vn 0.0481 -0.0685 0.9965
vn 0.0485 -0.0694 0.9964
vn 0.0062 0.9940 0.1096
vn -0.6975 0.5577 -0.4500
vn 0.0257 0.9649 -0.2613
vn -0.1845 0.9082 -0.3757
vn -0.6807 0.5413 -0.4937
vn 0.3112 -0.8705 0.3814
vn 0.7322 -0.5064 0.4554
vn 0.6590 -0.5728 0.4874
vn 0.0437 -0.9419 0.3329
vn -0.8993 -0.2753 -0.3398
vn -0.8783 -0.3632 -0.3108
vn -0.8149 0.3795 -0.4381
vn -0.8103 0.3873 -0.4398
vn 0.1165 0.9635 -0.2409
vn -0.3438 0.8579 -0.3818
vn -0.4521 0.7826 -0.4280
vn 0.0958 0.9600 -0.2630
vn 0.8861 0.3735 0.2743
vn 0.8808 0.3991 0.2547
vn 0.9172 -0.0081 0.3984
vn 0.9168 0.1346 0.3761
vn 0.0586 -0.9539 0.2942
vn 0.5707 -0.6558 0.4942
vn 0.6255 -0.6056 0.4919
vn 0.0134 -0.9650 0.2618
vn -0.9117 -0.0409 -0.4088
vn -0.9192 -0.2464 -0.3073
vn -0.5168 -0.8561 -0.0038
vn -0.4861 -0.8588 0.1621
vn -0.8989 -0.4366 -0.0362
vn 0.3876 -0.6885 0.6129
vn 0.4117 -0.8214 0.3946
vn 0.7289 -0.4029 0.5536
vn -0.9235 -0.1242 -0.3629
vn -0.8021 -0.4099 -0.4343
vn -0.3626 -0.9275 -0.0903
vn 0.4187 -0.2206 -0.8809
vn 0.3516 -0.3171 -0.8808
vn 0.4186 -0.2231 -0.8804
vn -0.7407 0.4805 -0.4696
vn -0.7479 0.4884 -0.4495
vn -0.7322 0.4775 -0.4857
vn 0.7446 -0.4998 0.4425
vn 0.7236 -0.4872 0.4888
vn 0.7368 -0.4914 0.4644
vn -0.7336 0.4931 -0.4676
vn -0.7466 0.4916 -0.4483
vn 0.7467 -0.4915 0.4482
vn 0.7336 -0.4931 0.4677
vn 0.7490 -0.4980 0.4370
vn -0.7145 0.4661 -0.5218
vn -0.6198 -0.7724 0.1391
vn -0.6151 -0.7744 0.1483
vn -0.6180 -0.7731 0.1425
vn -0.6227 -0.7710 0.1332
vn -0.1490 0.5751 0.8044
vn -0.1355 0.5551 0.8207
vn -0.1956 0.6569 0.7281
vn 0.0180 0.5173 0.8556
vn -0.1310 0.5440 0.8288
vn -0.1040 0.5381 0.8364
vn -0.2004 0.6710 0.7139
vn 0.5001 0.8581 0.1164
vn 0.5101 0.8523 0.1159
vn 0.5047 0.8555 0.1162
vn 0.4948 0.8611 0.1167
vn -0.7169 0.6001 -0.3548
vn -0.6424 0.5243 -0.5589
vn 0.5070 -0.7897 0.3454
vn 0.7578 -0.5544 0.3441
vn 0.8400 -0.2765 0.4668
vn 0.8644 -0.1945 0.4636
vn -0.6541 -0.3255 0.6828
vn -0.4373 0.2628 -0.8600
vn -0.7494 0.4729 -0.4634
vn -0.1629 0.9848 -0.0595
vn 0.6838 0.6992 -0.2086
vn 0.5572 0.7769 -0.2931
vn 0.5447 0.7830 -0.3004
vn 0.5437 -0.7012 -0.4612
vn -0.3104 -0.1743 -0.9345
vn -0.3238 -0.2558 -0.9109
vn 0.5853 -0.1226 0.8015
vn 0.7643 -0.4049 0.5019
vn 0.6782 -0.5575 0.4788
vn 0.2725 -0.5696 -0.7754
vn -0.6240 0.6467 0.4386
vn -0.7843 0.4544 -0.4222
vn -0.0115 0.5490 0.8357
vn -0.5427 0.6769 0.4973
vn -0.4141 0.5927 0.6908
vn -0.2106 0.5415 0.8139
vn 0.5694 -0.5725 0.5899
vn -0.7197 0.6924 -0.0507
vn 0.0408 0.5136 0.8571
vn -0.7931 0.6078 -0.0389
vn -0.4182 0.8803 -0.2241
vn 0.5195 -0.3216 0.7916
vn 0.8155 0.0666 0.5750
vn 0.5666 0.8239 -0.0091
vn 0.5618 0.8272 -0.0103
vn 0.5629 0.8264 -0.0100
vn 0.5677 0.8232 -0.0089
vn -0.3068 0.8395 -0.4485
vn 0.0313 -0.9608 0.2754
vn 0.9382 -0.1177 0.3254
vn 0.5103 0.8554 0.0887
vn 0.5090 0.8564 0.0867
vn 0.5123 0.8539 0.0919
vn 0.5136 0.8529 0.0938
vn -0.3810 0.2714 0.8838
vn -0.1698 -0.5518 0.8165
vn -0.2930 -0.5983 0.7457
vn -0.1610 -0.5527 0.8177
vn -0.1351 -0.5525 0.8225
vn 0.0324 0.9784 0.2043
vn 0.4181 0.8429 0.3387
vn 0.4297 0.8337 0.3468
vn 0.1599 0.9549 0.2501
vn 0.0344 0.0721 -0.9968
vn -0.0096 0.0650 -0.9978
vn 0.0697 -0.0946 -0.9931
vn 0.4581 -0.8249 -0.3311
vn 0.4609 -0.8407 -0.2842
vn 0.4562 -0.8157 -0.3558
vn -0.3091 -0.6040 0.7346
vn 0.1431 0.9451 -0.2939
vn -0.1918 0.9139 -0.3577
vn 0.4149 0.7967 -0.4394
vn 0.5225 0.7472 -0.4107
vn 0.9282 -0.3717 0.0186
vn 0.9675 -0.2256 -0.1138
vn 0.9604 -0.2753 -0.0435
vn 0.9100 -0.3977 0.1174
vn -0.7240 0.3591 0.5890
vn -0.5392 0.6244 0.5651
vn -0.8824 0.4568 -0.1124
vn -0.9448 0.3277 -0.0005
vn 0.2701 0.9390 -0.2127
vn 0.2744 0.9355 -0.2228
vn -0.2233 -0.4288 -0.8753
vn -0.2039 -0.1952 -0.9593
vn 0.0119 -0.3201 -0.9473
vn 0.0422 -0.3849 -0.9220
vn 0.6133 0.1324 0.7787
vn 0.5090 0.2452 0.8251
vn -0.1281 0.6167 0.7767
vn -0.2894 0.5713 0.7680
vn -0.2742 0.5149 0.8122
vn -0.0312 0.6354 0.7715
vn 0.8054 -0.5147 0.2940
vn 0.4532 -0.8026 -0.3879
vn 0.3847 0.3439 0.8566
vn 0.5807 -0.0252 0.8137
vn 0.4147 -0.2486 0.8754
vn -0.3622 -0.8727 0.3275
vn -0.3921 -0.8726 0.2911
vn -0.2259 -0.8524 0.4715
vn -0.1840 -0.8260 0.5329
vn -0.8476 0.0037 0.5306
vn -0.7971 0.3581 0.4862
vn -0.9663 0.0874 0.2421
vn -0.9546 0.2894 0.0713
vn -0.8301 0.5470 0.1084
vn -0.6327 0.6875 0.3563
vn -0.5484 0.3916 0.7388
vn 0.7201 0.4474 -0.5304
vn 0.5814 -0.4847 0.6535
vn 0.5076 -0.2977 0.8085
vn 0.7160 -0.2090 0.6660
vn -0.2651 -0.6221 -0.7366
vn -0.4752 -0.6086 -0.6354
vn -0.4545 -0.5756 -0.6798
vn 0.5258 0.7686 0.3644
vn 0.5080 0.7728 0.3804
vn 0.1124 0.0993 -0.9887
vn 0.1169 0.3583 -0.9263
vn -0.3747 -0.7747 -0.5094
vn -0.3907 -0.7310 -0.5594
vn -0.3551 -0.8184 -0.4519
vn -0.3341 -0.8566 -0.3932
vn -0.4549 -0.6518 0.6067
vn 0.6872 -0.7199 0.0974
vn -0.1520 0.6699 -0.7267
vn -0.6636 -0.1227 -0.7380
vn 0.9909 -0.1331 -0.0204
vn 0.3841 -0.2669 -0.8839
vn -0.0395 0.7186 -0.6943
vn 0.6656 0.3831 -0.6404
vn 0.6555 0.3829 -0.6510
vn 0.9544 -0.2976 0.0232
vn 0.7710 -0.6136 -0.1706
vn 0.4624 -0.8867 0.0011
vn -0.0762 -0.7439 -0.6640
vn -0.0625 -0.7457 -0.6634
vn -0.5971 0.2508 -0.7620
vn -0.3210 0.1953 -0.9267
vn 0.4820 -0.1195 -0.8680
vn 0.4761 -0.1221 -0.8709
vn 0.6682 -0.5192 0.5329
vn -0.4208 0.7312 0.5369
vn -0.8073 0.4461 -0.3864
vn 0.0341 -0.7382 -0.6737
vn 0.0931 -0.8055 -0.5853
vn -0.3434 0.3988 0.8503
vn -0.3352 0.3960 0.8549
vn -0.3366 0.3965 0.8541
vn -0.1361 -0.6040 0.7853
vn -0.1697 -0.7422 0.6483
vn -0.3711 -0.5927 0.7149
vn -0.4862 -0.4863 0.7260
vn -0.1584 0.7868 -0.5965
vn -0.1792 0.7424 -0.6455
vn -0.3236 0.5602 -0.7625
vn 0.8769 0.4582 0.1451
vn 0.8169 0.5134 -0.2629
vn 0.8652 0.4973 -0.0646
vn -0.0001 0.6543 0.7562
vn 0.7366 0.5084 -0.4460
vn 0.5193 -0.8465 -0.1171
vn 0.5029 -0.8580 -0.1048
vn 0.5143 -0.8501 -0.1133
vn 0.5296 -0.8390 -0.1249
vn -0.1684 0.9851 0.0354
vn -0.1739 0.9845 0.0212
vn -0.2648 0.6267 -0.7329
vn -0.3907 0.4466 -0.8050
vn 0.2980 0.7396 0.6034
vn 0.0814 0.5047 0.8595
vn 0.2607 0.3711 0.8912
vn 0.4700 0.3701 0.8013
vn 0.6234 0.5014 0.6000
vn 0.4269 0.8451 0.3218
vn -0.0224 0.7434 0.6684
vn 0.1271 -0.9304 0.3439
vn -0.1310 0.6284 -0.7668
vn -0.1344 0.4665 -0.8743
vn 0.0621 0.4509 -0.8904
vn 0.1144 0.5994 -0.7923
vn 0.3801 0.7105 -0.5922
vn -0.1914 0.7279 -0.6584
vn -0.6550 -0.6158 0.4379
vn -0.5039 -0.7674 0.3964
vn -0.6811 -0.4424 0.5834
vn -0.6381 -0.4997 0.5858
vn -0.2689 -0.8792 0.3932
vn 0.9961 0.0700 -0.0535
vn 0.9968 0.0623 -0.0509
vn 0.9871 0.0404 -0.1548
vn 0.9869 0.0637 -0.1480
vn -0.3065 -0.8686 0.3895
vn -0.1802 -0.8460 0.5017
vn -0.1200 -0.8814 0.4568
vn 0.1202 -0.8226 0.5558
vn -0.9451 -0.2761 0.1746
vn -0.9625 -0.2449 0.1164
vn -0.9764 -0.2094 0.0520
vn -0.9847 -0.1736 -0.0113
vn -0.3283 0.6368 -0.6976
vn -0.3696 0.7030 -0.6076
vn -0.3345 0.7495 -0.5712
vn -0.3216 0.7392 -0.5918
vn 0.9785 0.0982 0.1813
vn 0.9826 0.0795 0.1681
vn -0.2771 -0.9179 -0.2840
vn 0.2469 -0.9400 0.2354
vn -0.2504 0.0406 0.9673
vn -0.2601 -0.1918 0.9463
vn -0.1454 -0.3163 0.9374
vn -0.0902 -0.4661 0.8801
vn 0.1183 -0.5547 0.8236
vn 0.8361 0.4381 0.3301
vn 0.6528 0.3870 0.6512
vn 0.7079 0.0710 0.7027
vn 0.6090 0.1913 0.7698
vn 0.3328 0.4331 0.8377
vn 0.7015 -0.1622 0.6940
vn 0.5718 0.5094 -0.6431
vn 0.3711 0.2912 -0.8817
vn 0.4172 0.4491 -0.7901
vn 0.2742 0.2361 -0.9322
vn 0.2145 -0.0042 -0.9767
vn -0.6569 0.5172 0.5486
vn -0.0995 0.9115 0.3991
vn 0.1139 0.9829 0.1444
vn -0.0411 0.9748 0.2194
vn 0.2022 0.9792 0.0168
vn 0.4433 0.8947 -0.0549
vn -0.4081 0.8164 -0.4086
vn -0.7622 -0.4583 -0.4572
vn -0.7452 -0.4341 -0.5061
vn -0.7596 -0.4544 -0.4654
vn 0.4215 0.6768 -0.6036
vn -0.8988 0.3947 0.1906
vn -0.8946 0.4201 0.1522
vn -0.8495 0.5276 -0.0038
vn -0.8314 0.5548 -0.0314
vn 0.5348 0.8448 0.0186
vn 0.4512 0.8924 -0.0067
vn -0.1418 0.3485 -0.9265
vn -0.1899 0.2379 -0.9525
vn -0.1565 0.3160 -0.9358
vn 0.0209 0.1173 -0.9929
vn -0.7824 0.6123 -0.1138
vn -0.7515 0.6451 -0.1380
vn -0.6038 0.7767 -0.1791
vn -0.5568 0.8117 -0.1761
vn 0.3329 -0.7187 0.6104
vn 0.0209 -0.7502 0.6608
vn 0.3428 -0.6963 0.6306
vn 0.6230 -0.4782 -0.6190
vn 0.6674 -0.1264 -0.7339
vn 0.6517 -0.3434 -0.6762
vn 0.6904 0.6486 -0.3204
vn 0.5635 -0.6405 -0.5217
vn -0.5392 -0.3966 -0.7430
vn -0.5252 -0.4155 -0.7427
vn -0.5295 -0.4097 -0.7428
vn -0.5162 -0.4274 -0.7423
vn 0.9572 0.0870 0.2759
vn 0.9546 0.0806 0.2868
vn 0.3770 -0.6793 0.6297
vn 0.4544 -0.6733 0.5832
vn -0.1800 0.5404 -0.8219
vn -0.3123 0.5834 -0.7497
vn 0.2786 0.7186 -0.6372
vn -0.2061 -0.8228 0.5296
vn -0.7801 -0.4869 -0.3929
vn 0.9625 -0.2671 0.0466
vn 0.9533 -0.3019 0.0067
vn 0.8908 -0.4541 -0.0166
vn 0.8491 -0.5237 -0.0687
vn -0.2342 -0.9131 -0.3336
vn -0.4619 -0.8162 -0.3471
vn -0.1723 -0.9454 -0.2768
vn -0.3781 -0.8697 -0.3171
vn 0.3088 0.9506 0.0315
vn 0.4644 0.8736 0.1452
vn 0.2526 0.9536 0.1635
vn 0.9747 -0.2223 -0.0221
vn 0.9669 -0.2533 -0.0314
vn -0.2999 -0.9377 0.1755
vn -0.5240 -0.8346 0.1700
vn 0.1752 0.1082 -0.9786
vn 0.2099 -0.0561 -0.9761
vn 0.2276 -0.1523 -0.9618
vn -0.6666 -0.6395 -0.3830
vn -0.6810 -0.6056 -0.4117
vn 0.5706 0.7910 0.2208
vn -0.6872 -0.7021 0.1865
vn -0.6496 0.3345 -0.6828
vn -0.0749 -0.2856 -0.9554
vn 0.5018 -0.7802 -0.3736
vn -0.6208 0.4543 0.6389
vn 0.6566 -0.1265 0.7435
vn 0.5143 -0.6636 0.5433
vn -0.1323 0.3606 0.9233
vn 0.5794 -0.7377 0.3464
vn -0.3433 0.0704 0.9366
vn -0.9587 -0.1379 -0.2486
vn -0.9069 -0.0662 -0.4161
vn -0.9802 -0.1151 -0.1609
vn 0.4734 -0.8300 0.2950
vn 0.0408 -0.9480 0.3155
vn -0.5942 -0.4071 0.6937
vn -0.6119 -0.4278 0.6653
vn -0.5631 -0.3717 0.7381
vn -0.5508 -0.3580 0.7540
vn 0.4692 -0.6170 0.6318
vn 0.1159 -0.7516 0.6494
vn -0.9980 -0.0509 0.0374
vn -0.9989 0.0334 0.0331
vn -0.9900 0.1063 0.0927
vn -0.9738 0.2243 -0.0382
vn -0.6429 -0.6663 0.3778
vn -0.6385 -0.6664 0.3850
vn -0.6421 -0.6663 0.3790
vn -0.6474 -0.6662 0.3702
vn 0.4206 -0.0377 0.9064
vn -0.5797 -0.8079 0.1062
vn -0.5760 -0.8106 0.1058
vn -0.5838 -0.8049 0.1067
vn -0.5875 -0.8021 0.1071
vn -0.7697 0.5015 -0.3950
vn -0.7700 0.4992 -0.3973
vn -0.7715 0.4958 -0.3988
vn -0.7689 0.5038 -0.3937
vn -0.7687 0.5066 -0.3903
vn 0.7695 -0.5024 0.3943
vn 0.7700 -0.4990 0.3975
vn 0.7736 -0.4987 0.3909
vn 0.7685 -0.5020 0.3967
vn 0.7682 -0.5075 0.3902
vn 0.8191 0.2341 0.5237
vn 0.8627 0.1682 0.4769
vn 0.6072 0.4520 0.6535
vn 0.5697 0.4804 0.6668
vn 0.7106 0.1917 0.6770
vn 0.8137 0.4027 0.4193
vn 0.7992 0.3597 0.4815
vn 0.8685 0.0366 0.4943
vn 0.9252 -0.3362 0.1758
vn 0.9143 -0.3678 0.1696
vn 0.9694 -0.1276 0.2099
vn 0.7314 0.4038 -0.5495
vn 0.7326 0.4061 -0.5463
vn 0.7258 0.3931 -0.5645
vn 0.7250 0.3916 -0.5666
vn -0.9063 0.0102 -0.4224
vn 0.6200 0.7064 -0.3414
vn 0.6201 0.7064 -0.3413
vn 0.6198 0.7065 -0.3416
vn 0.6197 0.7066 -0.3416
vn 0.2939 0.8415 0.4534
vn 0.2949 0.8406 0.4544
vn 0.2903 0.8446 0.4498
vn 0.2887 0.8460 0.4482
vn -0.2529 0.3440 0.9043
vn -0.2530 0.3441 0.9042
vn -0.2527 0.3438 0.9044
vn -0.2527 0.3436 0.9045
vn -0.6115 -0.4123 0.6753
vn -0.6116 -0.4122 0.6753
vn -0.6114 -0.4124 0.6753
vn -0.6114 -0.4125 0.6753
vn -0.7731 0.5049 -0.3838
vn 0.7731 -0.5049 0.3838
vn 0.6432 -0.4972 -0.5824
vn 0.8784 -0.2890 -0.3807
vn 0.8345 -0.4846 -0.2621
vn 0.9393 -0.3054 -0.1565
vn 0.9647 0.0528 -0.2581
vn 0.8301 -0.5476 0.1058
vn -0.2546 0.3451 0.9034
vn -0.2547 0.3452 0.9033
vn -0.2545 0.3449 0.9035
vn -0.2544 0.3448 0.9035
vn 0.2907 0.8467 0.4457
vn 0.2893 0.8483 0.4435
vn 0.2933 0.8437 0.4497
vn 0.2942 0.8426 0.4511
vn 0.6198 0.7065 -0.3415
vn 0.6199 0.7065 -0.3414
vn 0.6196 0.7066 -0.3417
vn 0.6196 0.7067 -0.3417
vn -0.0974 0.1747 -0.9798
vn -0.4415 0.2299 -0.8673
vn 0.0606 0.1425 -0.9879
vn 0.4851 0.0346 -0.8738
vn -0.0152 -0.1324 -0.9911
vn 0.3299 -0.2306 -0.9154
vn -0.4408 0.0147 -0.8975
vn -0.6935 0.1202 -0.7103
vn -0.5092 -0.8584 -0.0619
vn -0.5091 -0.8585 -0.0619
vn -0.5095 -0.8582 -0.0619
vn -0.5097 -0.8581 -0.0619
vn -0.6117 -0.4122 0.6753
vn -0.6115 -0.4124 0.6753
vn -0.5084 -0.8590 -0.0615
vn -0.5082 -0.8591 -0.0615
vn -0.5086 -0.8588 -0.0614
vn -0.5088 -0.8587 -0.0614
vn 0.6474 -0.6123 -0.4538
vn 0.7758 -0.5404 -0.3256
vn 0.3221 -0.6843 -0.6542
vn -0.0220 -0.6591 -0.7518
vn 0.5798 -0.4293 -0.6925
vn -0.0086 -0.6587 -0.7524
vn 0.6667 -0.3657 -0.6495
vn 0.8078 -0.2300 -0.5427
vn -0.6799 -0.1234 -0.7228
vn -0.7287 0.4602 -0.5072
vn -0.0789 0.1112 -0.9907
vn -0.0253 0.2796 -0.9598
vn -0.0046 0.5075 -0.8616
vn 0.6443 0.2730 -0.7144
vn 0.4537 0.6902 -0.5637
vn 0.4880 0.6206 -0.6138
vn 0.6973 0.1892 -0.6913
vn 0.4091 -0.3666 -0.8356
vn 0.1572 -0.7420 -0.6518
vn 0.1986 -0.6956 -0.6904
vn -0.5703 -0.7108 0.4117
vn 0.0285 -0.8053 0.5922
vn 0.0155 0.9532 0.3020
vn -0.0024 0.9975 -0.0704
vn 0.6764 0.4066 -0.6141
vn 0.3286 0.4601 -0.8248
vn 0.4795 0.3852 -0.7885
vn -0.7187 -0.6424 0.2662
vn -0.3711 0.9074 -0.1971
vn 0.4822 0.8760 0.0127
vn 0.4845 0.8735 -0.0472
vn -0.1640 -0.1442 0.9759
vn -0.0767 -0.3159 0.9457
vn -0.0955 -0.2805 0.9551
vn -0.2181 -0.0282 0.9755
vn -0.3467 -0.9343 0.0825
vn -0.3221 -0.9466 -0.0114
vn -0.5422 -0.6672 -0.5107
vn -0.3511 -0.9309 0.1005
vn -0.7882 -0.6147 0.0308
vn -0.9090 0.4132 0.0548
vn -0.3824 -0.8511 -0.3597
vn -0.4422 -0.8923 -0.0911
vn -0.3309 -0.9392 -0.0914
vn 0.6340 0.7139 0.2971
vn -0.0480 0.0330 -0.9983
vn -0.0932 0.1332 -0.9867
vn 0.1261 -0.0251 -0.9917
vn -0.0275 -0.8354 -0.5489
vn 0.1443 0.9716 0.1877
vn 0.8470 0.2336 -0.4775
vn 0.7196 0.6293 -0.2935
vn 0.8237 0.4381 -0.3598
vn 0.7833 0.4930 -0.3787
vn 0.8137 0.3979 -0.4237
vn 0.6715 0.7395 -0.0476
vn 0.6640 0.7454 -0.0585
vn 0.6709 0.7164 -0.1915
vn -0.7358 -0.6580 0.1601
vn 0.7683 -0.0642 -0.6369
vn 0.1814 0.8888 0.4209
vn 0.2535 -0.7432 -0.6192
vn -0.4676 -0.2808 -0.8382
vn -0.3245 -0.3704 -0.8703
vn -0.7028 0.4871 -0.5185
vn -0.7143 0.5011 -0.4885
vn 0.2705 0.6719 0.6894
vn -0.2444 0.9152 0.3205
vn -0.4117 0.9107 0.0345
vn -0.2773 -0.4138 -0.8671
vn -0.1989 -0.5582 -0.8055
vn -0.0951 -0.6928 -0.7148
vn -0.3891 0.8876 -0.2465
vn -0.3150 0.8725 -0.3735
vn -0.1822 0.9509 -0.2500
vn -0.1840 0.9537 -0.2381
vn -0.2972 -0.2987 -0.9069
vn -0.9895 -0.0259 0.1424
vn -0.3225 0.9378 0.1284
vn -0.6236 0.7516 0.2150
vn -0.8993 -0.0528 -0.4341
vn -0.9841 -0.0037 -0.1777
vn -0.9967 -0.0304 -0.0758
vn 0.3029 -0.0281 -0.9526
vn -0.0092 -0.8762 -0.4819
vn -0.0220 -0.9012 -0.4329
vn -0.0225 -0.8959 -0.4438
vn -0.0098 -0.8432 -0.5376
vn -0.1670 0.9442 -0.2839
vn -0.0111 0.9702 -0.2422
vn -0.0116 0.9666 -0.2561
vn -0.1777 0.9384 -0.2964
vn -0.9924 -0.0170 0.1220
vn -0.9965 -0.0074 0.0828
vn -0.9946 -0.0403 0.0954
vn -0.6907 0.5360 -0.4855
vn -0.7286 0.4118 -0.5473
vn -0.4145 -0.3211 -0.8515
vn -0.5742 -0.4323 -0.6953
vn -0.9742 -0.0671 -0.2154
vn -0.2077 0.9762 -0.0620
vn -0.1427 0.9812 -0.1299
vn -0.2126 0.9755 -0.0567
vn -0.2621 0.9650 -0.0031
vn -0.4110 -0.1984 -0.8898
vn -0.3749 -0.2580 -0.8904
vn -0.5963 0.2193 -0.7723
vn 0.0496 0.6961 -0.7162
vn 0.0228 0.5514 -0.8339
vn -0.8062 -0.5800 0.1169
vn -0.0487 0.0507 -0.9975
vn -0.5246 0.7335 -0.4321
vn -0.4286 -0.9027 0.0385
vn -0.2546 -0.9602 -0.1147
vn -0.1434 -0.9817 -0.1251
vn -0.5341 0.1558 -0.8310
vn -0.8534 0.1803 -0.4891
vn -0.4560 0.3783 -0.8056
vn -0.0776 0.1609 -0.9839
vn -0.8960 0.3862 -0.2193
vn -0.2866 -0.2894 -0.9133
vn -0.0292 0.8642 -0.5022
vn 0.6389 -0.2344 -0.7327
vn 0.6285 -0.2139 -0.7478
vn 0.5048 -0.3854 -0.7724
vn 0.5424 -0.4226 -0.7261
vn 0.4725 -0.1452 -0.8693
vn 0.5502 -0.1602 -0.8195
vn 0.6053 -0.2772 -0.7462
vn 0.5796 -0.3070 -0.7549
vn 0.7533 -0.3228 -0.5730
vn 0.4807 -0.0271 -0.8765
vn 0.4432 -0.1410 -0.8853
vn 0.6266 -0.3184 -0.7114
vn -0.1903 0.8484 -0.4940
vn -0.1974 0.8440 -0.4987
vn -0.2003 0.8422 -0.5006
vn 0.4365 -0.4680 -0.7684
vn 0.5379 -0.3772 -0.7539
vn 0.1912 -0.4917 -0.8495
vn 0.1749 -0.4695 -0.8654
vn 0.3428 -0.9230 0.1750
vn 0.3793 -0.9063 0.1864
vn 0.3797 -0.9061 0.1865
vn 0.5957 -0.0852 -0.7986
vn 0.5761 -0.0576 -0.8153
vn 0.6126 -0.1804 -0.7695
vn 0.6518 -0.4645 -0.5995
vn 0.5396 -0.4032 -0.7391
vn 0.3057 -0.0828 -0.9485
vn 0.5247 -0.2319 -0.8191
vn -0.7636 -0.3414 -0.5480
vn 0.2749 -0.5582 -0.7829
vn 0.1950 -0.5836 -0.7882
vn 0.5505 -0.3484 -0.7586
vn 0.8870 0.2328 -0.3988
vn 0.8898 0.2505 -0.3815
vn 0.9202 -0.1221 -0.3719
vn 0.9136 -0.4046 -0.0397
vn 0.9561 -0.2885 0.0522
vn 0.8170 -0.4926 -0.2997
vn 0.8071 -0.4973 -0.3182
vn 0.5026 -0.5386 -0.6762
vn 0.5185 -0.5487 -0.6558
vn 0.4715 -0.4912 -0.7324
vn 0.1770 0.8850 -0.4306
vn 0.1558 0.8797 -0.4493
vn 0.7369 -0.4194 -0.5302
vn 0.7389 -0.4137 -0.5318
vn 0.5345 -0.3992 -0.7450
vn 0.8721 -0.3263 -0.3646
vn 0.4298 -0.5591 -0.7089
vn 0.5285 -0.5259 -0.6664
vn 0.8330 -0.5094 -0.2160
vn 0.8756 -0.2619 -0.4059
vn 0.9402 -0.2356 -0.2462
vn 0.7806 -0.3359 -0.5271
vn 0.5135 -0.5027 -0.6954
vn 0.5646 -0.4875 -0.6660
vn 0.7247 -0.2769 -0.6310
vn -0.0122 0.8106 -0.5855
vn 0.0302 0.8247 -0.5648
vn 0.0258 0.8233 -0.5670
vn 0.4238 -0.6162 -0.6639
vn 0.4374 -0.6480 -0.6236
vn 0.1675 -0.9445 0.2826
vn 0.2083 -0.9314 0.2987
vn 0.2127 -0.9298 0.3004
vn 0.0300 -0.7459 -0.6654
vn -0.0226 -0.9283 -0.3712
vn -0.0445 -0.8896 -0.4546
vn 0.0569 -0.7422 -0.6677
vn -0.8982 -0.3061 0.3157
vn -0.9550 -0.2441 0.1684
vn -0.9469 -0.2314 0.2233
vn -0.9472 -0.2319 0.2214
vn -0.8829 -0.4008 0.2445
vn -0.8898 -0.3801 0.2525
vn -0.7485 -0.6566 -0.0930
vn -0.1441 0.4271 0.8927
vn -0.2190 0.6441 0.7330
vn -0.1722 0.5670 0.8055
vn -0.1490 0.4259 0.8924
vn 0.4959 0.0883 -0.8639
vn 0.3790 0.3658 -0.8500
vn 0.4249 0.5104 -0.7476
vn 0.5632 0.3673 -0.7402
vn -0.7455 0.6285 -0.2217
vn -0.6651 0.7467 0.0056
vn -0.6848 0.7178 -0.1262
vn -0.9457 0.0167 -0.3246
vn -0.8944 0.2225 -0.3881
vn -0.7357 0.4027 -0.5446
vn -0.9296 0.1066 -0.3528
vn -0.7343 -0.3578 -0.5768
vn 0.2736 0.9129 -0.3029
vn 0.4279 0.8333 -0.3500
vn 0.3345 0.9419 0.0317
vn 0.3035 0.9469 0.1063
vn -0.3067 0.7307 0.6099
vn -0.3043 0.7316 0.6100
vn -0.0439 -0.4296 -0.9019
vn -0.0435 -0.4480 -0.8930
vn 0.9108 -0.1424 -0.3876
vn 0.8837 -0.4044 -0.2355
vn 0.8840 -0.4043 -0.2348
vn -0.9356 -0.2178 0.2780
vn -0.4965 -0.7972 -0.3434
vn -0.4878 -0.8056 -0.3363
vn -0.7025 -0.6992 -0.1326
vn 0.9732 0.0370 -0.2268
vn 0.5748 0.0172 -0.8181
vn -0.0365 -0.9925 0.1163
vn 0.0251 -0.9702 0.2409
vn -0.0223 -0.9992 0.0320
vn 0.1116 -0.8883 0.4454
vn 0.1071 -0.8900 0.4432
vn 0.0509 -0.9668 0.2505
vn 0.8229 0.2066 0.5293
vn 0.7881 0.4698 0.3977
vn 0.8139 0.3800 0.4396
vn 0.7753 0.6315 -0.0086
vn 0.7330 0.6692 0.1218
vn 0.6163 0.7411 -0.2662
vn 0.6610 0.7004 -0.2695
vn 0.4273 0.6423 0.6363
vn 0.9570 -0.2866 -0.0455
vn 0.8755 -0.2660 0.4034
vn 0.9472 -0.2868 0.1436
vn 0.8894 -0.4514 0.0722
vn 0.8349 -0.5126 0.2007
vn 0.8979 -0.4029 0.1773
vn 0.3412 -0.7059 0.6207
vn 0.3239 -0.7785 0.5376
vn 0.2923 -0.7813 0.5515
vn 0.2885 -0.7816 0.5530
vn -0.9599 -0.2337 -0.1546
vn -0.9111 -0.2601 -0.3198
vn -0.8283 -0.3343 -0.4496
vn -0.6270 -0.4863 -0.6086
vn -0.5790 -0.5017 -0.6428
vn -0.6500 -0.3058 -0.6957
vn -0.6045 -0.3980 -0.6901
vn -0.7826 -0.2754 -0.5584
vn -0.6927 -0.3170 -0.6478
vn -0.8056 -0.3212 -0.4979
vn -0.0425 0.8106 -0.5840
vn -0.6105 -0.4214 -0.6706
vn -0.4966 -0.6470 -0.5786
vn -0.4869 -0.6153 -0.6200
vn -0.5775 -0.3844 -0.7202
vn -0.1805 -0.9310 0.3174
vn -0.1414 -0.9442 0.2975
vn -0.1847 -0.9294 0.3195
vn -0.7068 -0.2330 -0.6679
vn -0.6979 -0.2126 -0.6839
vn -0.6267 -0.1591 -0.7628
vn -0.5541 -0.1442 -0.8199
vn -0.6747 -0.2759 -0.6846
vn -0.5265 -0.1400 -0.8386
vn -0.5627 -0.0261 -0.8262
vn 0.1502 0.8437 -0.5154
vn 0.1437 0.8480 -0.5101
vn 0.1529 0.8418 -0.5176
vn -0.5093 -0.4670 -0.7229
vn -0.2582 -0.4691 -0.8446
vn -0.2730 -0.4912 -0.8272
vn -0.6087 -0.3760 -0.6987
vn -0.3615 -0.9055 0.2221
vn -0.3263 -0.9223 0.2072
vn -0.3618 -0.9054 0.2223
vn -0.9959 -0.0295 0.0856
vn -0.7943 0.3733 0.4794
vn -0.2826 -0.5937 0.7534
vn -0.2043 -0.6148 0.7618
vn -0.1789 -0.5724 0.8002
vn -0.2813 -0.7053 0.6507
vn -0.3762 0.7585 -0.5320
vn -0.8376 -0.4070 -0.3643
vn -0.8386 -0.3919 -0.3783
vn -0.9575 -0.2847 0.0467
vn -0.9140 -0.4027 0.0483
vn -0.9327 -0.2765 0.2315
vn -0.2911 -0.5655 -0.7716
vn -0.2711 -0.5832 -0.7658
vn -0.4971 -0.5582 -0.6643
vn -0.5912 -0.5248 -0.6124
vn -0.8350 -0.4956 -0.2391
vn -0.8430 -0.4910 -0.2197
vn -0.5802 -0.5476 -0.6028
vn -0.5664 -0.5376 -0.6247
vn -0.5407 -0.4901 -0.6837
vn -0.3500 -0.5576 -0.7528
vn -0.9678 0.2507 -0.0217
vn -0.9587 0.1544 -0.2387
vn -0.2158 0.8854 -0.4117
vn -0.7875 -0.4122 -0.4582
vn -0.7853 -0.4179 -0.4569
vn -0.9038 -0.3245 -0.2791
vn -0.8509 -0.5078 -0.1349
vn -0.7142 0.6730 0.1921
vn -0.7696 0.6353 0.0644
vn -0.6822 0.7017 -0.2053
vn -0.6379 0.7419 -0.2066
vn -0.9287 -0.2877 0.2340
vn -0.8776 -0.4014 0.2620
vn -0.8121 -0.5121 0.2797
vn -0.8779 -0.4518 0.1586
vn -0.2356 -0.7811 0.5783
vn -0.2395 -0.7808 0.5771
vn -0.2722 -0.7779 0.5663
vn -0.0953 -0.7457 -0.6594
vn -0.1223 -0.7420 -0.6591
vn -0.0012 -0.8896 -0.4567
vn -0.0151 -0.9283 -0.3716
vn 0.7634 -0.5155 0.3892
vn 0.9233 -0.3092 0.2278
vn 0.9635 -0.2333 0.1313
vn 0.9663 -0.2461 0.0759
vn 0.9636 -0.2338 0.1293
vn 0.9090 -0.3820 0.1665
vn 0.9016 -0.4021 0.1592
vn 0.7348 -0.6580 -0.1645
vn 0.2301 0.4267 0.8746
vn 0.2349 0.4255 0.8739
vn 0.2500 0.5666 0.7852
vn 0.2897 0.6436 0.7085
vn -0.5761 0.0875 -0.8127
vn -0.6363 0.3573 -0.6837
vn -0.4937 0.5075 -0.7062
vn -0.4563 0.3639 -0.8120
vn 0.7067 -0.3429 -0.6189
vn 0.6748 -0.3592 -0.6447
vn 0.0391 0.6003 0.7988
vn 0.3630 0.7310 0.5779
vn 0.3654 0.7301 0.5775
vn -0.6519 -0.0563 -0.7562
vn -0.6699 -0.0839 -0.7377
vn -0.6841 -0.1791 -0.7071
vn -0.3956 -0.0821 -0.9147
vn -0.6090 -0.4021 -0.6837
vn -0.7074 -0.4632 -0.5340
vn -0.6015 -0.2308 -0.7648
vn -0.0665 0.2796 -0.9578
vn -0.6216 -0.3472 -0.7022
vn 0.8225 -0.3625 -0.4382
vn -0.9031 -0.4026 -0.1494
vn -0.9033 -0.4025 -0.1487
vn 0.9575 -0.2197 0.1868
vn 0.4596 -0.7982 -0.3895
vn 0.6852 -0.7006 -0.1994
vn 0.4516 -0.8065 -0.3815
vn -0.6508 0.0184 -0.7590
vn -0.9905 0.0390 -0.1322
vn -0.0062 -0.9615 0.2746
vn 0.0455 -0.9926 0.1124
vn -0.0624 -0.8909 0.4499
vn -0.0656 -0.8897 0.4519
vn -0.0694 -0.8882 0.4542
vn -0.7395 0.4761 0.4758
vn -0.7631 0.2105 0.6110
vn -0.7616 0.3851 0.5213
vn -0.2812 -0.7862 -0.5502
vn -0.3973 -0.7953 -0.4579
vn -0.2749 -0.5096 -0.8153
vn -0.2281 -0.8477 0.4789
vn -0.2246 -0.8499 0.4767
vn -0.2716 -0.6235 0.7332
vn -0.2698 -0.6668 0.6946
vn -0.7190 -0.0311 -0.6943
vn -0.7296 -0.4480 0.5167
vn -0.4427 -0.8115 0.3814
vn -0.5038 -0.8183 0.2767
vn -0.8029 -0.5791 0.1413
vn -0.5078 -0.4875 0.7102
vn -0.5894 -0.2550 0.7665
vn -0.4626 -0.3847 0.7988
vn -0.2439 -0.8319 0.4984
vn -0.7080 0.2499 -0.6605
vn -0.0035 0.3046 -0.9525
vn -0.0281 0.3533 -0.9351
vn 0.9813 0.1764 -0.0772
vn 0.9821 0.1825 0.0462
vn 0.9848 0.1725 0.0217
vn -0.0486 0.0849 -0.9952
vn -0.0481 0.1192 -0.9917
vn -0.7012 0.0644 -0.7100
vn 0.3758 0.3779 -0.8461
vn 0.0047 -0.9940 0.1094
vn 0.0047 -0.9940 0.1093
vn 0.0072 -0.9868 0.1618
vn -0.0106 -0.9787 -0.2049
vn 0.0073 -0.9868 0.1619
vn -0.7752 -0.6294 0.0543
vn -0.9180 -0.3263 0.2256
vn 0.9873 0.1105 0.1145
vn 0.9846 0.0876 0.1512
vn 0.9840 0.0548 0.1697
vn 0.9406 0.1451 0.3068
vn -0.5313 -0.0652 0.8447
vn -0.5956 0.1090 0.7959
vn -0.5135 -0.2771 0.8121
vn -0.6085 0.3587 0.7079
vn -0.6061 0.3606 0.7089
vn -0.7785 0.5319 -0.3333
vn -0.7754 0.5364 -0.3332
vn -0.7866 0.5196 -0.3335
vn -0.7919 0.5115 -0.3336
vn -0.5169 -0.2350 -0.8232
vn -0.1689 -0.5251 -0.8341
vn 0.0149 -0.9999 -0.0016
vn -0.8693 -0.2794 0.4077
vn -0.9532 -0.1420 -0.2670
vn -0.9536 -0.1310 -0.2710
vn -0.9874 -0.1550 0.0302
vn -0.9842 -0.1770 -0.0073
vn 0.0764 -0.9522 -0.2956
vn -0.2977 -0.3281 0.8965
vn -0.2482 -0.4680 0.8482
vn -0.8780 0.1912 0.4389
vn -0.8746 0.1931 0.4447
vn -0.8842 0.2560 0.3907
vn -0.8737 0.2918 0.3893
vn -0.7774 0.4276 0.4614
vn -0.7468 0.4468 0.4926
vn -0.9650 -0.0815 0.2492
vn -0.9650 -0.0837 0.2485
vn 0.1223 -0.3544 0.9270
vn -0.1523 -0.4688 0.8701
vn -0.9617 0.1663 0.2180
vn -0.9706 -0.1413 0.1948
vn -0.4366 0.3621 0.8235
vn 0.1597 0.8372 -0.5230
vn -0.3968 -0.8868 0.2370
vn -0.2226 -0.9143 0.3383
vn -0.1183 0.8357 -0.5363
vn -0.4345 -0.8551 -0.2830
vn -0.1006 -0.9676 0.2318
vn -0.7540 -0.5203 -0.4010
vn 0.0710 -0.9428 0.3258
vn 0.9291 0.1741 0.3263
vn 0.9278 0.1746 0.3296
vn -0.1989 -0.7402 0.6423
vn -0.1880 -0.7734 0.6054
vn -0.1233 -0.5264 0.8412
vn -0.1229 -0.5274 0.8407
vn -0.1280 -0.5145 0.8479
vn 0.7450 -0.1463 -0.6508
vn 0.7345 -0.1582 -0.6599
vn 0.7981 -0.0801 -0.5971
vn -0.6714 0.7409 0.0171
vn 0.1602 0.2738 -0.9483
vn 0.6695 0.1077 0.7349
vn 0.6744 0.3574 0.6461
vn 0.6722 0.3593 0.6473
vn 0.4315 -0.2311 -0.8720
vn 0.5764 -0.2318 -0.7836
vn 0.1755 -0.5106 -0.8417
vn -0.6470 -0.2350 -0.7254
vn 0.0193 -0.9110 0.4120
vn 0.0194 -0.9110 0.4119
vn -0.2827 0.4626 -0.8403
vn -0.3080 0.4301 -0.8486
vn -0.0427 0.4424 -0.8958
vn 0.9637 -0.0031 -0.2671
vn 0.6299 0.0636 -0.7741
vn 0.8562 -0.0531 -0.5140
vn 0.0098 0.9831 0.1827
vn -0.0487 0.9804 0.1910
vn 0.0436 -0.4027 0.9143
vn 0.0438 -0.4022 0.9145
vn 0.0356 -0.6614 0.7492
vn 0.0357 -0.6612 0.7494
vn 0.3832 0.9209 0.0709
vn 0.9994 -0.0315 -0.0105
vn 0.9317 0.1525 -0.3297
vn 0.9310 -0.2693 0.2465
vn -0.8926 -0.3016 0.3352
vn 0.9148 -0.3864 0.1173
vn -0.3897 -0.1269 0.9121
vn -0.8708 -0.2354 0.4317
vn 0.8374 0.3716 0.4008
vn 0.4754 -0.1277 0.8705
vn 0.9078 -0.2371 0.3460
vn 0.9951 -0.0899 0.0411
vn 0.9991 -0.0417 0.0007
vn -0.2500 0.2742 -0.9286
vn 0.6650 0.4997 -0.5550
vn 0.2759 0.9146 0.2955
vn 0.6507 0.4858 -0.5837
vn 0.3843 -0.2816 -0.8792
vn 0.2386 -0.3709 -0.8975
vn 0.4149 0.9099 -0.0053
vn -0.4850 0.8745 -0.0005
vn -0.6011 0.7152 0.3566
vn -0.4770 0.8769 0.0589
vn -0.0020 0.1330 -0.9911
vn -0.2210 -0.0247 -0.9750
vn -0.2206 -0.7418 -0.6333
vn -0.2658 -0.6950 -0.6681
vn -0.1237 0.9718 0.2006
vn -0.8645 0.4227 -0.2719
vn -0.8224 0.4848 -0.2977
vn -0.9778 0.0809 -0.1934
vn -0.8604 0.3819 -0.3374
vn 0.7460 -0.6600 0.0891
vn -0.7094 0.2743 -0.6492
vn -0.8261 -0.0626 -0.5601
vn -0.7602 0.1906 -0.6211
vn -0.0401 0.8793 0.4745
vn -0.0165 0.1112 -0.9937
vn -0.3133 -0.7426 -0.5919
vn -0.2017 0.6724 0.7122
vn 0.6786 0.4581 -0.5741
vn -0.0176 0.1613 -0.9867
vn 0.3449 -0.8515 -0.3950
vn 0.4306 -0.8928 -0.1325
vn -0.0318 -0.7620 -0.6468
vn -0.1043 -0.5863 0.8034
vn 0.1606 -0.5902 0.7911
vn 0.0233 -0.6892 0.7242
vn 0.4209 -0.4305 0.7985
vn 0.0417 -0.4954 0.8676
vn 0.0281 -0.5127 0.8581
vn -0.0430 -0.4670 -0.8832
vn 0.0447 0.3917 0.9190
vn 0.0312 -0.7474 0.6637
vn 0.4036 -0.2237 0.8872
vn 0.2697 -0.4155 0.8687
vn 0.0435 -0.4136 0.9094
vn 0.0476 -0.1387 0.9892
vn -0.0319 0.7349 -0.6774
vn 0.0277 -0.8058 0.5916
vn 0.0035 -0.9957 0.0925
vn 0.9796 0.1596 0.1219
vn 0.9803 0.1613 0.1140
vn 0.9792 0.1586 0.1262
vn 0.9787 0.1574 0.1317
vn 0.0346 0.7099 0.7034
vn -0.9620 0.1642 0.2181
vn -0.9609 0.1725 0.2167
vn -0.9626 0.1598 0.2188
vn -0.9633 0.1544 0.2197
vn 0.0428 0.4742 0.8794
vn -0.9625 0.1031 0.2511
vn -0.9640 0.1069 0.2433
vn -0.9630 0.1043 0.2485
vn -0.9618 0.1014 0.2544
vn 0.0444 0.4040 0.9137
vn -0.0105 0.9714 -0.2371
vn -0.0104 0.9714 -0.2371
vn -0.0136 0.9530 -0.3027
vn 0.9828 0.0958 0.1578
vn 0.9835 0.0995 0.1511
vn 0.9824 0.0936 0.1617
vn 0.9819 0.0911 0.1662
vn 0.0434 0.4520 0.8910
vn -0.0166 -0.9380 -0.3461
vn -0.0226 -0.8221 -0.5689
vn -0.3579 -0.8090 -0.4664
vn 0.3003 -0.8145 -0.4965
vn -0.9625 0.0951 0.2542
vn -0.9630 0.0904 0.2537
vn -0.9619 0.0995 0.2546
vn -0.9609 0.1068 0.2553
vn 0.0297 -0.7746 0.6318
vn -0.9618 0.0884 0.2592
vn -0.9608 0.0954 0.2603
vn -0.9623 0.0844 0.2585
vn -0.9629 0.0800 0.2578
vn 0.0282 -0.7988 0.6009
vn 0.9824 0.0864 0.1655
vn 0.9834 0.0780 0.1641
vn 0.9829 0.0825 0.1648
vn 0.9816 0.0934 0.1667
vn -0.0133 0.9551 -0.2961
vn -0.0133 0.9551 -0.2960
vn 0.0321 -0.7304 0.6823
vn 0.9823 0.1011 0.1574
vn 0.9820 0.0995 0.1608
vn 0.9826 0.1024 0.1548
vn 0.9832 0.1049 0.1495
vn -0.0264 0.8242 -0.5656
vn -0.0264 0.8242 -0.5657
vn 0.9802 0.1707 0.1003
vn 0.9808 0.1718 0.0920
vn 0.9798 0.1702 0.1047
vn 0.9793 0.1695 0.1103
vn 0.0310 0.7790 0.6263
vn 0.0309 0.7790 0.6263
vn -0.5029 -0.3355 -0.7966
vn -0.9727 -0.1950 -0.1256
vn -0.9488 -0.0755 0.3069
vn -0.7748 0.0241 0.6317
vn 0.0480 0.1230 0.9912
vn 0.4826 0.0967 0.8705
vn 0.9772 -0.0473 0.2070
vn 0.7630 -0.4639 0.4500
vn 0.9665 -0.1574 -0.2028
vn 0.8074 -0.5830 0.0909
vn 0.4113 -0.3227 -0.8524
vn -0.0342 -0.3958 -0.9177
vn -0.0773 0.5076 -0.8581
vn 0.9617 0.2488 -0.1146
vn 0.0151 -0.9975 -0.0686
vn -0.0039 -0.9946 -0.1041
vn -0.0081 -0.9946 -0.1039
vn -0.0236 -0.9975 -0.0668
vn -0.0024 -0.9942 -0.1071
vn -0.1595 -0.9529 -0.2579
vn -0.0099 -0.9942 -0.1067
vn 0.1352 -0.9523 -0.2737
vn -0.0499 -0.0254 -0.9984
vn -0.4982 -0.0236 -0.8667
vn -0.9864 0.0184 -0.1634
vn -0.9638 0.0499 0.2620
vn -0.7783 0.0632 0.6246
vn 0.0482 0.0666 0.9966
vn 0.4900 0.0652 0.8693
vn 0.9858 0.0400 0.1629
vn 0.9655 0.0155 -0.2598
vn 0.4146 -0.0266 -0.9096
vn -0.9675 -0.1626 -0.1939
vn -0.9619 -0.2561 0.0961
vn -0.9728 0.1844 0.1404
vn -0.9838 0.1784 0.0175
vn -0.9778 0.1744 0.1162
vn 0.2583 0.8621 0.4360
vn 0.5145 0.3612 0.7777
vn -0.2076 0.8376 -0.5053
vn 0.4160 -0.8876 0.1978
vn 0.2523 -0.9148 0.3154
vn 0.0679 0.8355 -0.5453
vn 0.1205 -0.9678 0.2211
vn -0.0413 -0.9426 0.3313
vn -0.9715 0.1125 0.2088
vn -0.9630 0.0568 0.2635
vn -0.9653 0.0896 0.2451
vn -0.9065 0.1470 0.3958
vn -0.8915 0.1764 0.4173
vn -0.8931 0.1759 0.4141
vn 0.2438 -0.7739 0.5846
vn 0.2583 -0.7407 0.6203
vn 0.2025 -0.5267 0.8256
vn 0.2079 -0.5148 0.8317
vn 0.2539 -0.5728 0.7794
vn 0.2021 -0.5277 0.8251
vn 0.3272 -0.8030 -0.4982
vn 0.2017 -0.7914 -0.5771
vn 0.0655 -0.5218 -0.8505
vn 0.2643 -0.8508 0.4541
vn 0.3647 -0.6320 0.6838
vn 0.3378 -0.6244 0.7043
vn 0.2579 -0.8545 0.4509
vn 0.6488 -0.0325 -0.7602
vn 0.5273 -0.8194 0.2249
vn 0.4737 -0.8144 0.3352
vn 0.5726 -0.4889 0.6581
vn 0.6385 0.2568 -0.7255
vn -0.4719 0.3591 -0.8052
vn -0.0834 0.3024 -0.9495
vn -0.0583 0.3459 -0.9365
vn -0.9464 -0.1644 -0.2781
vn 0.9834 -0.1424 -0.1125
vn 0.9869 -0.0549 0.1518
vn 0.9869 -0.0510 0.1529
vn 0.9901 -0.1195 -0.0731
vn 0.2343 -0.4691 0.8515
vn -0.0333 -0.3543 0.9345
vn 0.3144 -0.2564 -0.9140
vn 0.1246 -0.1689 -0.9777
vn 0.2077 -0.2130 -0.9547
vn 0.3261 -0.2406 -0.9142
vn -0.0398 -0.2837 -0.9581
vn -0.0322 -0.2600 -0.9651
vn 0.9846 -0.1427 0.1009
vn 0.9780 0.1680 0.1237
vn 0.3525 -0.5944 0.7228
vn 0.2754 -0.6153 0.7387
vn 0.3249 0.7578 -0.5658
vn 0.3516 0.7470 -0.5643
vn 0.7979 -0.4086 -0.4431
vn 0.7976 -0.3935 -0.4572
vn 0.2145 -0.5660 -0.7960
vn -0.8044 -0.1447 -0.5762
vn -0.7948 -0.1567 -0.5863
vn 0.4536 0.7418 -0.4939
vn 0.2983 0.8113 -0.5028
vn 0.1411 0.9572 -0.2528
vn 0.9039 -0.2811 0.3222
vn 0.9205 -0.1423 -0.3638
vn 0.9206 -0.1344 -0.3667
vn -0.1064 -0.9526 -0.2849
vn 0.3282 -0.4667 0.8213
vn 0.3838 -0.3186 0.8667
vn 0.9165 0.1894 0.3524
vn 0.9090 0.2885 0.3008
vn 0.9182 0.2542 0.3039
vn 0.9137 0.1913 0.3585
vn 0.8154 0.4286 0.3891
vn 0.8369 0.4120 0.3604
vn 0.2071 0.9752 -0.0777
vn 0.5452 0.7940 -0.2689
vn 0.3212 -0.2019 -0.9252
vn 0.5193 0.2194 -0.8259
vn 0.4443 -0.7182 -0.5355
vn 0.2864 -0.2594 -0.9223
vn 0.5722 0.6240 -0.5321
vn 0.3220 0.7452 -0.5839
vn 0.1625 0.9533 -0.2546
vn 0.8131 -0.5808 0.0390
vn 0.7761 0.5045 -0.3784
vn 0.6731 0.4116 -0.6144
vn 0.6822 0.7119 0.1669
vn 0.3191 -0.9397 -0.1228
vn 0.4293 -0.9032 -0.0016
vn 0.1294 -0.9819 -0.1386
vn 0.2407 -0.9606 -0.1391
vn 0.9598 0.0808 -0.2689
vn 0.4517 0.1561 -0.8784
vn 0.8700 0.3875 -0.3047
vn 0.2078 -0.2970 -0.9320
vn 0.1965 -0.2875 -0.9374
vn 0.1920 -0.4129 -0.8903
vn 0.1588 0.9506 -0.2668
vn 0.6081 -0.1254 -0.7839
vn -0.5435 0.6216 -0.5641
vn -0.5043 0.6912 -0.5176
vn -0.4885 -0.3655 -0.7923
vn 0.6062 -0.7115 0.3554
vn 0.4914 0.8479 -0.1990
vn 0.7371 -0.6413 0.2131
vn 0.2464 -0.1648 0.9551
vn 0.3101 -0.0292 0.9502
vn 0.1514 -0.3422 0.9273
vn 0.1272 -0.3835 0.9147
vn 0.2694 -0.9593 0.0851
vn 0.2760 -0.9555 0.1044
vn 0.2346 -0.9720 -0.0132
vn 0.7381 -0.6549 -0.1622
vn 0.9117 0.4094 -0.0341
vn 0.5106 -0.4704 -0.7198
vn 0.2613 0.9648 -0.0294
vn 0.3299 -0.3232 -0.8870
vn 0.8472 -0.0311 -0.5303
vn 0.7736 -0.6335 -0.0164
vn 0.1552 0.8236 -0.5455
vn 0.6099 -0.0663 0.7897
vn 0.7439 0.5303 -0.4066
vn 0.7572 0.5100 -0.4082
vn 0.7520 0.5181 -0.4076
vn 0.7409 0.5349 -0.4062
vn 0.1197 -0.5576 -0.8214
vn 0.0246 -0.6926 -0.7209
vn 0.3649 0.8869 -0.2834
vn 0.2785 0.8718 -0.4031
vn 0.9299 -0.2413 0.2777
vn -0.3946 -0.0268 -0.9185
vn -0.0394 -0.8762 -0.4804
vn -0.0442 -0.8431 -0.5359
vn 0.1401 0.9440 -0.2987
vn 0.1496 0.9381 -0.3123
vn 0.6411 0.5362 -0.5491
vn -0.3614 -0.4494 0.8170
vn -0.6408 0.2091 -0.7387
vn -0.6634 -0.7463 -0.0541
vn -0.2308 0.6704 -0.7052
vn -0.5916 0.4788 0.6487
vn -0.9754 -0.2029 -0.0861
vn -0.4243 -0.6022 -0.6762
vn -0.1628 -0.5933 -0.7883
vn -0.9994 0.0007 0.0354
vn 0.3691 0.7702 -0.5201
vn 0.3588 0.7742 -0.5215
vn 0.1527 0.9451 -0.2889
vn 0.1506 0.9509 -0.2705
vn -0.6446 0.5763 0.5024
vn 0.6018 -0.2997 -0.7403
vn 0.6447 -0.4166 -0.6409
vn 0.1254 -0.7231 0.6792
vn 0.1281 -0.7229 0.6790
vn 0.0032 -0.7946 0.6071
vn 0.0028 -0.7956 0.6058
vn 0.2436 -0.6374 0.7310
vn 0.2421 -0.6448 0.7250
vn -0.6632 0.1207 -0.7387
vn 0.6139 -0.4768 -0.6291
vn 0.7865 0.3018 0.5388
vn -0.7120 0.5942 -0.3741
vn -0.7155 0.6581 -0.2345
vn -0.5358 0.7171 0.4458
vn 0.6334 -0.1936 -0.7493
vn 0.0276 0.0780 -0.9966
vn -0.1395 0.1413 -0.9801
vn -0.9997 -0.0036 0.0241
vn -0.9339 0.2231 0.2795
vn -0.7697 0.3621 0.5258
vn -0.2567 -0.6053 -0.7534
vn -0.2443 -0.6323 -0.7352
vn 0.3757 -0.5910 -0.7138
vn -0.5016 0.6188 0.6046
vn -0.4469 0.5750 0.6854
vn -0.1454 0.6264 0.7658
vn 0.9680 -0.1253 -0.2175
vn 0.8539 -0.2830 -0.4368
vn 0.7910 -0.2624 -0.5526
vn 0.9603 -0.2115 -0.1818
vn -0.3468 0.5335 0.7715
vn -0.2223 0.5463 0.8075
vn -0.5950 0.4556 0.6621
vn -0.8640 0.2902 0.4114
vn 0.9133 -0.1445 -0.3808
vn 0.9613 -0.0655 -0.2677
vn -0.3227 -0.8789 0.3513
vn -0.3240 -0.8784 0.3514
vn 0.5916 -0.4788 -0.6487
vn 0.8060 0.3320 0.4900
vn 0.6634 0.7463 0.0541
vn 0.2308 -0.6704 0.7052
vn 0.8297 0.1719 -0.5310
vn 0.8703 0.4244 0.2499
vn 0.8890 0.3244 0.3231
vn -0.9454 -0.0712 -0.3179
vn -0.1080 -0.1762 -0.9784
vn -0.3837 -0.1704 -0.9076
vn -0.7851 -0.1672 0.5964
vn -0.8659 -0.0976 0.4906
vn -0.9345 -0.2246 -0.2762
vn -0.9075 -0.2967 -0.2975
vn -0.3228 -0.0062 0.9465
vn -0.3175 -0.0072 0.9482
vn 0.7239 0.4015 0.5611
vn -0.4709 0.8229 0.3180
vn -0.4219 0.8330 0.3580
vn -0.2400 0.8836 0.4021
vn -0.3152 0.8587 0.4040
vn 0.7540 0.0820 -0.6517
vn -0.2100 -0.1919 -0.9587
vn -0.4975 -0.2126 -0.8410
vn -0.5766 -0.2434 -0.7799
vn -0.9276 -0.3257 -0.1830
vn -0.7095 -0.2721 -0.6501
vn 0.8230 0.1728 -0.5411
vn -0.2887 -0.1781 -0.9407
vn 0.8494 0.1446 -0.5076
vn -0.2909 -0.2120 -0.9330
vn 0.9636 0.2472 0.1016
vn 0.6235 0.2666 0.7350
vn 0.7272 0.3757 0.5744
vn 0.6618 0.3616 0.6567
vn -0.3619 0.1074 0.9260
vn -0.3591 0.0898 0.9290
vn -0.3138 -0.0538 0.9479
vn -0.3146 -0.0542 0.9477
vn -0.9040 -0.2914 0.3129
vn -0.9724 -0.2293 0.0428
vn -0.9344 -0.2947 0.2001
vn -0.6028 -0.2296 -0.7641
vn -0.7764 -0.2995 -0.5546
vn -0.6139 0.4768 0.6291
vn 0.6180 -0.4730 -0.6279
vn 0.0995 0.9942 -0.0402
vn 0.2537 0.9411 -0.2236
vn 0.4051 0.8265 -0.3908
vn 0.5478 0.6715 -0.4990
vn 0.3858 0.8582 -0.3386
vn 0.3203 0.9123 -0.2554
vn -0.2997 0.9537 0.0251
vn -0.4139 0.5038 0.7582
vn 0.9088 0.2774 0.3117
vn 0.7287 0.2193 0.6487
vn 0.9478 0.1910 0.2553
vn 0.8980 -0.4126 -0.1527
vn 0.4841 -0.0665 -0.8725
vn 0.4775 -0.2891 -0.8297
vn 0.1901 -0.2375 0.9526
vn -0.0485 -0.1617 0.9857
vn -0.4095 -0.0231 0.9120
vn 0.3970 -0.4824 0.7808
vn 0.4573 -0.4793 0.7491
vn 0.8172 -0.5621 0.1274
vn 0.7979 -0.5333 -0.2809
vn -0.6507 0.7588 -0.0274
vn -0.6436 0.6249 -0.4420
vn -0.6799 0.5123 0.5247
vn -0.7176 0.6627 0.2144
vn -0.0163 -0.0389 0.9991
vn 0.6085 -0.4773 -0.6339
vn -0.6085 0.4773 0.6339
vn -0.6083 0.4771 0.6343
vn 0.6083 -0.4771 -0.6343
vn 0.6318 -0.4635 0.6213
vn -0.5127 0.6874 -0.5143
vn -0.3383 0.7397 -0.5817
vn -0.5041 0.8468 0.1696
vn -0.0207 0.5430 -0.8395
vn -0.0152 0.3392 -0.9406
vn -0.1486 0.4765 0.8665
vn 0.3424 -0.1412 0.9289
vn 0.8581 -0.4716 0.2033
vn 0.0791 0.8301 -0.5519
vn 0.8073 0.5128 0.2921
vn 0.7922 0.5350 0.2936
vn 0.9082 0.2312 0.3488
vn 0.9270 0.1821 0.3280
vn 0.7532 0.4786 -0.4514
vn 0.7553 0.5254 -0.3917
vn 0.7794 0.6264 0.0143
vn 0.7837 0.6193 -0.0468
vn 0.9242 0.1029 -0.3679
vn 0.9155 0.1656 -0.3668
vn -0.6558 -0.7523 -0.0630
vn -0.5556 0.5296 0.6410
vn 0.9404 -0.1253 -0.3162
vn 0.9367 -0.1339 -0.3234
vn 0.6046 -0.5081 -0.6134
vn 0.3692 -0.1345 -0.9196
vn 0.6669 -0.6006 -0.4410
vn 0.7114 -0.6449 -0.2794
vn -0.3949 0.4243 0.8148
vn 0.7098 -0.4646 -0.5294
vn 0.2633 -0.6023 -0.7536
vn 0.0781 -0.6210 -0.7799
vn -0.9972 -0.0112 0.0745
vn -0.3390 0.6627 0.6677
vn -0.2377 0.6801 0.6935
vn 0.7911 0.4563 0.4074
vn 0.7884 0.4704 0.3963
vn 0.7917 0.3414 0.5065
vn 0.7922 0.3409 0.5061
vn 0.9228 -0.2675 -0.2773
vn 0.1055 -0.6044 -0.7897
vn -0.9345 0.2006 0.2939
vn -0.9802 0.1190 0.1581
vn 0.7625 0.5767 0.2935
vn 0.7605 0.5786 0.2946
vn 0.3758 -0.5044 0.7774
vn 0.3765 -0.5232 0.7645
vn 0.6634 0.7436 0.0838
vn -0.2698 0.5566 0.7857
vn -0.6003 0.5217 0.6061
vn -0.6609 0.3787 0.6479
vn -0.9885 -0.1405 -0.0558
vn 0.6244 -0.4875 -0.6103
vn -0.3279 -0.6176 -0.7149
vn -0.3485 0.6794 0.6457
vn 0.9923 0.0438 -0.1156
vn 0.9987 0.0369 0.0343
vn 0.7862 0.3827 0.4853
vn 0.7893 0.3823 0.4806
vn -0.0256 -0.6128 -0.7898
vn -0.6759 0.6600 -0.3279
vn -0.9378 0.2124 -0.2748
vn -0.4386 0.8391 -0.3218
vn -0.9504 0.1451 -0.2753
vn -0.8801 0.3884 -0.2730
vn -0.8909 0.3716 -0.2611
vn 0.0364 0.9459 -0.3225
vn 0.4270 0.6404 0.6384
vn 0.9772 0.0919 0.1915
vn 0.6017 0.7632 -0.2357
vn 0.9389 0.2226 0.2625
vn 0.7562 0.5019 0.4199
vn 0.7615 0.2045 0.6151
vn 0.8415 0.3368 0.4225
vn -0.9703 -0.0367 -0.2391
vn -0.9653 0.1187 -0.2327
vn 0.7218 0.6455 0.2498
vn 0.6662 -0.1023 0.7387
vn 0.8145 0.1509 0.5602
vn -0.9779 -0.1460 -0.1493
vn 0.5005 0.6593 -0.5611
vn 0.7630 0.2118 -0.6107
vn 0.7857 0.0487 -0.6167
vn 0.8011 0.3853 -0.4580
vn -0.1525 0.6414 0.7519
vn 0.6590 0.4962 0.5653
vn 0.6436 0.5009 0.5787
vn 0.7514 0.6538 0.0891
vn -0.5525 0.7279 0.4061
vn -0.4821 0.4916 0.7252
vn -0.6495 0.1446 0.7465
vn -0.6056 0.4667 0.6445
vn -0.1564 0.9455 -0.2858
vn -0.4057 0.9064 0.1175
vn 0.2833 0.8385 -0.4655
vn 0.7091 0.2856 0.6447
vn 0.7300 0.2463 0.6376
vn 0.7187 -0.1720 0.6737
vn 0.6966 -0.1150 0.7082
vn -0.5630 -0.1225 -0.8173
vn -0.5621 -0.1239 -0.8177
vn -0.8146 -0.0174 -0.5798
vn -0.9321 0.2066 -0.2975
vn -0.9321 0.2083 -0.2963
vn -0.4409 0.7530 -0.4884
vn 0.7140 0.0722 -0.6964
vn 0.5332 -0.0164 -0.8458
vn 0.7151 0.0682 -0.6957
vn 0.4367 -0.0508 -0.8982
vn 0.0003 -1.0000 -0.0002
vn 0.0002 -1.0000 -0.0002
vn 0.9034 0.0914 0.4190
vn -0.9583 -0.0374 -0.2833
vn -0.4329 0.2453 0.8674
vn -0.3946 0.4953 0.7740
vn -0.4109 0.2846 0.8661
vn -0.3753 0.5000 0.7805
vn -0.6610 0.6535 0.3688
vn 0.2588 0.5655 -0.7831
vn 0.3055 0.5387 -0.7851
vn 0.6656 0.7275 0.1666
vn 0.4202 0.9063 -0.0443
vn 0.8053 0.4660 0.3667
vn -0.0001 -1.0000 0.0013
vn 0.2221 0.7522 -0.6203
vn -0.6463 0.7631 0.0096
vn -0.5406 0.1519 0.8275
vn -0.4707 0.2056 0.8580
vn -0.6179 0.3376 0.7101
vn -0.5371 0.5646 -0.6267
vn -0.5811 0.5378 -0.6109
vn 0.7103 0.3877 -0.5875
vn 0.7745 0.1444 -0.6159
vn 0.7248 0.3710 -0.5806
vn -0.8311 0.0925 0.5483
vn -0.7688 0.2233 0.5993
vn -0.5400 0.5027 0.6750
vn 0.8045 0.1180 -0.5821
vn 0.8067 -0.0373 -0.5898
vn -0.5729 0.6460 0.5045
vn -0.3355 -0.1011 0.9366
vn 0.8479 -0.1466 -0.5095
vn -0.7452 -0.0518 -0.6648
vn -0.9051 0.2086 0.3705
vn -0.8961 0.1770 0.4071
vn -0.9012 0.1939 0.3876
vn -0.9119 0.2393 0.3334
vn 0.5058 0.1568 -0.8483
vn 0.2439 0.6093 -0.7545
vn 0.3919 0.4430 -0.8063
vn 0.5273 0.1315 -0.8394
vn -0.4732 0.8772 -0.0816
vn -0.4918 0.8625 -0.1193
vn -0.1727 0.9262 -0.3353
vn -0.2683 0.9344 -0.2343
vn 0.7496 0.2076 -0.6285
vn 0.7491 0.2060 -0.6296
vn -0.9251 0.0715 -0.3730
vn -0.9258 0.0675 -0.3720
vn -0.6764 0.0922 0.7307
vn 0.7788 -0.0381 -0.6261
vn 0.9666 0.2482 -0.0632
vn 0.9104 0.2412 0.3361
vn -0.9742 -0.1403 0.1767
vn -0.9221 -0.2013 0.3304
vn -0.9397 -0.1260 0.3179
vn 0.3759 -0.8685 -0.3232
vn 0.3772 -0.8678 -0.3235
vn -0.9022 -0.2668 -0.3388
vn -0.3359 -0.0580 0.9401
vn -0.4308 0.5186 0.7386
vn -0.4307 0.5186 0.7386
vn 0.1534 -0.9328 0.3260
vn 0.4307 -0.5186 -0.7386
vn 0.1128 0.6124 -0.7825
vn -0.1534 0.9328 -0.3260
vn 0.9022 0.2668 0.3388
vn 0.7196 0.0366 -0.6934
vn 0.9468 0.2304 -0.2247
vn 0.8971 0.2226 -0.3817
vn 0.8159 0.3103 0.4878
vn 0.7019 0.1923 0.6859
vn -0.3872 0.2512 0.8871
vn -0.3897 0.2496 0.8865
vn 0.0945 -0.8420 0.5311
vn 0.0846 -0.8536 0.5140
vn 0.8179 0.3931 0.4201
vn -0.9864 -0.1512 -0.0643
vn 0.5100 0.8165 -0.2707
vn -0.5907 0.4784 -0.6498
vn 0.4200 0.8170 -0.3951
vn -0.4395 0.5590 -0.7031
vn 0.7637 0.5529 0.3332
vn -0.9655 0.0211 -0.2596
vn 0.9402 0.2562 -0.2244
vn 0.7805 0.2189 0.5856
vn -0.1956 0.9331 0.3018
vn -0.1827 0.9310 0.3161
vn -0.0038 0.8834 0.4686
vn -0.9611 0.0494 -0.2718
vn -0.9149 0.3858 -0.1187
vn 0.7216 0.4907 0.4883
vn 0.8845 0.1437 0.4439
vn -0.4089 -0.1730 0.8960
vn -0.3753 -0.1161 0.9196
vn 0.2092 -0.1227 -0.9701
vn 0.2102 -0.1212 -0.9701
vn 0.9836 0.1766 0.0363
vn 0.9781 0.2083 -0.0009
vn 0.9809 0.1936 0.0164
vn 0.9703 0.2391 -0.0378
vn -0.5121 0.6103 -0.6044
vn -0.7901 0.1579 -0.5923
vn -0.6687 0.4440 -0.5963
vn -0.8067 0.1326 -0.5759
vn 0.4098 0.8628 -0.2961
vn 0.4070 0.8774 -0.2541
vn 0.0326 0.9266 -0.3745
vn 0.1595 0.9348 -0.3174
vn -0.5142 0.8392 0.1773
vn -0.5221 0.8332 0.1823
vn 0.2161 -0.9496 0.2271
vn 0.2185 -0.9494 0.2256
vn 0.2685 -0.9603 0.0753
vn 0.2679 -0.9606 0.0736
vn 0.1583 -0.9204 0.3575
vn 0.1613 -0.9166 0.3659
vn 0.1220 0.5378 -0.8342
vn -0.9088 -0.2774 -0.3117
vn -0.2949 -0.1016 0.9501
vn -0.9110 -0.2753 -0.3070
vn -0.6645 0.7033 0.2526
vn 0.0201 -0.9091 0.4162
vn 0.1691 -0.7320 0.6600
vn -0.1047 -0.7320 0.6732
vn 0.9500 -0.2808 -0.1368
vn 0.8407 -0.5275 -0.1227
vn 0.8991 -0.4304 -0.0800
vn -0.9026 -0.4303 0.0072
vn -0.8487 -0.5274 -0.0410
vn -0.9588 -0.2807 -0.0444
vn -0.8520 0.3736 0.3668
vn -0.7863 0.2720 0.5547
vn -0.8474 0.2891 0.4454
vn 0.8864 0.2890 0.3615
vn 0.8362 0.2719 0.4762
vn 0.8835 0.3735 0.2828
vn 0.4474 0.0373 0.8936
vn 0.5920 -0.1483 0.7922
vn 0.8712 0.3240 0.3688
vn -0.8315 0.3241 0.4512
vn -0.6828 0.0978 0.7241
vn -0.6968 0.2187 0.6831
vn -0.8440 0.4592 0.2771
vn -0.7454 0.6547 -0.1260
vn -0.7985 0.5960 -0.0848
vn 0.7867 0.5959 -0.1615
vn 0.7298 0.6546 -0.1974
vn 0.8669 0.4591 0.1943
vn -0.1769 -0.0494 0.9830
vn -0.3728 -0.3009 0.8778
vn 0.0456 -0.3287 0.9433
vn -0.8926 0.1778 0.4144
vn -0.9527 -0.1845 0.2417
vn -0.9207 0.1515 0.3596
vn 0.9284 0.1777 0.3263
vn 0.9512 0.1514 0.2690
vn -0.2056 0.4191 -0.8844
vn -0.6001 0.3577 -0.7155
vn -0.5397 0.3913 -0.7454
vn 0.4653 0.3912 -0.7940
vn 0.5282 0.3577 -0.7701
vn 0.1193 0.4191 -0.9001
vn -0.0441 0.4095 -0.9112
vn 0.0593 0.9981 0.0160
vn 0.0016 0.9995 0.0314
vn -0.0574 0.9981 0.0217
vn 0.0296 0.9996 -0.0013
vn -0.7752 0.6282 -0.0661
vn -0.6787 0.7064 -0.2009
vn -0.7106 0.6967 -0.0980
vn 0.7336 -0.6785 -0.0371
vn 0.8722 -0.4873 -0.0423
vn 0.4243 0.8719 0.2444
vn 0.3843 0.9232 0.0076
vn 0.3959 0.9156 0.0699
vn 0.4257 0.8713 0.2441
vn -0.7002 0.7130 -0.0378
vn -0.7063 0.7068 0.0382
vn -0.7801 0.5858 0.2197
vn 0.8421 -0.5390 -0.0210
vn 0.7409 -0.6709 0.0297
vn -0.0408 0.5368 -0.8427
vn -0.0407 0.5368 -0.8427
vn 0.9957 -0.0439 -0.0817
vn 0.9822 0.0354 -0.1845
vn 0.9715 -0.1846 0.1486
vn -0.9989 -0.0438 0.0148
vn 0.4201 -0.5919 -0.6879
vn 0.4201 -0.5924 -0.6875
vn 0.2600 0.2229 -0.9395
vn -0.0958 0.8699 -0.4838
vn -0.0834 0.8571 -0.5083
vn 0.2602 0.2226 -0.9396
vn -0.3799 0.8617 0.3365
vn -0.3747 0.8731 0.3119
vn -0.3773 0.2046 0.9032
vn -0.3723 0.1803 0.9104
vn -0.0911 -0.6064 0.7899
vn -0.0788 -0.6285 0.7738
vn 0.0958 -0.8699 0.4839
vn 0.3795 -0.8619 -0.3362
vn 0.4201 -0.5918 -0.6880
vn 0.4201 -0.5923 -0.6875
vn 0.2600 0.2230 -0.9395
vn 0.2601 0.2226 -0.9396
vn -0.0912 -0.6064 0.7900
vn -0.0788 -0.6286 0.7737
vn -0.3773 0.2055 0.9030
vn -0.3722 0.1795 0.9107
vn -0.3796 0.8621 0.3357
vn -0.3749 0.8727 0.3127
vn -0.0294 0.9996 0.0015
vn -0.9722 -0.1777 -0.1524
vn -0.8016 -0.5224 0.2909
vn -0.7854 0.1268 0.6059
vn -0.8282 0.0930 -0.5527
vn -0.7686 -0.6288 -0.1176
vn 0.1229 -0.8683 0.4806
vn 0.1322 -0.3650 0.9216
vn -0.0619 -0.5485 0.8339
vn -0.1289 0.3562 0.9255
vn 0.2567 0.3969 0.8813
vn -0.6653 0.7381 0.1126
vn -0.0723 0.8703 0.4872
vn -0.4907 0.8512 -0.1860
vn 0.9075 0.2750 0.3176
vn -0.9075 -0.2750 -0.3176
vn 0.3214 -0.8819 0.3448
vn 0.3249 -0.8808 0.3445
vn 0.2628 -0.8990 0.3503
vn 0.2588 -0.9001 0.3506
vn 0.9191 0.3246 -0.2233
vn 0.8946 0.3892 -0.2194
vn -0.9692 -0.2415 -0.0477
vn -0.9513 -0.3081 -0.0079
vn 0.0090 -0.9821 0.1882
vn 0.5814 0.6084 -0.5402
vn 0.5322 0.6896 -0.4912
vn -0.0464 -0.2840 -0.9577
vn 0.6562 0.7064 -0.2655
vn 0.6979 0.6966 -0.1662
vn -0.7284 -0.6793 0.0889
vn -0.7195 -0.6921 0.0574
vn -0.7339 -0.6784 0.0339
vn 0.7750 0.6247 -0.0955
vn 0.7653 0.6281 -0.1407
vn -0.8723 -0.4872 0.0421
vn -0.3686 0.9204 -0.1305
vn -0.3816 0.9232 0.0446
vn -0.3872 0.9157 0.1078
vn -0.3697 0.9200 -0.1301
vn -0.1629 0.0885 -0.9827
vn -0.3240 0.0789 -0.9427
vn -0.2368 0.0844 -0.9679
vn -0.0791 0.0924 -0.9926
vn 0.6933 0.7129 -0.1052
vn -0.0104 -0.4279 0.9038
vn -0.0155 -0.4386 0.8985
vn -0.1431 -0.1352 0.9804
vn -0.1448 -0.1352 0.9802
vn -0.7347 -0.6708 0.1011
vn 0.7977 0.5857 0.1433
vn 0.7068 0.7068 -0.0302
vn 0.1816 -0.8115 -0.5554
vn 0.1595 -0.8155 -0.5564
vn 0.1674 -0.8141 -0.5561
vn 0.1904 -0.8098 -0.5549
vn -0.2118 -0.3920 -0.8953
vn -0.2478 -0.3877 -0.8879
vn -0.2414 -0.3885 -0.8893
vn -0.2048 -0.3927 -0.8966
vn -0.4446 0.1826 -0.8769
vn -0.3428 -0.0356 -0.9387
vn -0.3417 -0.0352 -0.9391
vn -0.4655 0.2589 -0.8463
vn -0.4690 0.4808 -0.7409
vn -0.4556 0.4855 -0.7462
vn 0.0524 -0.6935 0.7185
vn 0.0310 -0.6950 0.7183
vn -0.4514 0.1964 0.8704
vn -0.4635 0.1987 0.8635
vn -0.4433 0.1949 0.8749
vn -0.4311 0.1926 0.8815
vn 0.3816 0.2588 -0.8873
vn 0.3578 0.1825 -0.9158
vn 0.3953 0.4808 -0.7827
vn 0.1021 -0.4386 0.8928
vn 0.0384 -0.6950 0.7180
vn 0.0171 -0.6935 0.7202
vn 0.0976 -0.4279 0.8985
vn 0.5334 0.1963 0.8228
vn 0.5143 0.1925 0.8357
vn 0.5257 0.1948 0.8281
vn 0.5448 0.1986 0.8147
vn -0.2279 -0.8990 0.3740
vn -0.2902 -0.8808 0.3742
vn -0.2867 -0.8819 0.3743
vn -0.2238 -0.9000 0.3740
vn -0.9954 0.0356 -0.0888
vn -0.9116 0.3894 -0.1320
vn -0.9363 0.3247 -0.1335
vn 0.9461 -0.3082 -0.0997
vn 0.9601 -0.2416 -0.1411
vn -0.5771 0.6896 -0.4375
vn -0.6307 0.6085 -0.4816
vn 0.7216 -0.6922 -0.0123
vn 0.7335 -0.6794 0.0182
vn -0.7805 0.6248 -0.0202
vn -0.3986 0.8720 0.2842
vn -0.4001 0.8713 0.2841
vn -0.8402 -0.5389 0.0604
vn 0.3544 0.9203 -0.1655
vn 0.3556 0.9199 -0.1652
vn 0.0673 0.0884 -0.9938
vn -0.0172 0.0924 -0.9956
vn 0.1423 0.0844 -0.9862
vn 0.2315 0.0789 -0.9696
vn 0.2388 -0.1353 0.9616
vn 0.2371 -0.1352 0.9620
vn -0.2345 -0.8115 -0.5353
vn -0.2432 -0.8098 -0.5340
vn -0.2204 -0.8141 -0.5373
vn -0.2126 -0.8155 -0.5384
vn 0.1243 -0.3920 -0.9115
vn 0.1172 -0.3927 -0.9122
vn 0.1544 -0.3885 -0.9084
vn 0.1608 -0.3877 -0.9076
vn 0.2494 -0.0352 -0.9678
vn 0.2505 -0.0357 -0.9675
vn 0.3815 0.4854 -0.7867
vn -0.7578 -0.1146 -0.6423
vn -0.7577 -0.1143 -0.6425
vn -0.3113 0.5903 -0.7447
vn 0.3786 0.8765 -0.2975
vn 0.3977 0.8745 -0.2777
vn -0.2891 0.6097 -0.7381
vn 0.7871 0.4617 0.4091
vn 0.7844 0.4808 0.3919
vn 0.5645 -0.2997 0.7691
vn 0.5810 -0.2749 0.7661
vn 0.2892 -0.6097 0.7380
vn -0.6559 -0.7522 -0.0632
vn -0.6556 -0.7525 -0.0627
vn -0.3972 -0.8746 0.2779
vn -0.6557 -0.7524 -0.0628
vn -0.6560 -0.7521 -0.0633
vn -0.7577 -0.1142 -0.6425
vn -0.7578 -0.1145 -0.6423
vn 0.5644 -0.2999 0.7691
vn 0.5810 -0.2748 0.7661
vn 0.7872 0.4610 0.4096
vn 0.7842 0.4815 0.3913
vn 0.3792 0.8764 -0.2970
vn 0.3970 0.8746 -0.2783
vn 0.6450 -0.7123 -0.2768
vn 0.3702 -0.2165 -0.9034
vn 0.7412 -0.3336 -0.5825
vn 0.8843 -0.4660 -0.0290
vn 0.4402 0.0225 0.8976
vn 0.2647 -0.6062 0.7500
vn 0.5741 -0.2018 0.7935
vn 0.5733 0.6576 0.4887
vn 0.9677 0.2509 -0.0260
vn 0.2254 0.7234 0.6526
vn 0.5252 0.6441 -0.5562
vn 0.2252 0.9743 0.0009
vn 0.2033 0.6574 -0.7256
vn -0.3866 0.6168 -0.6857
vn 0.0011 0.0845 -0.9964
vn 0.5287 -0.3544 0.7713
vn -0.8320 -0.2569 0.4917
vn -0.8320 -0.3027 0.4649
vn -0.7557 0.0152 0.6547
vn 0.1981 -0.8818 -0.4280
vn 0.3794 -0.8363 -0.3958
vn 0.3465 -0.8637 -0.3659
vn -0.9210 0.1489 0.3600
vn -0.9402 -0.2497 0.2315
vn -0.9592 -0.1703 0.2255
vn 0.0400 -0.7911 -0.6104
vn 0.0084 -0.7919 -0.6106
vn 0.2686 -0.6811 -0.6811
vn 0.9556 -0.0011 0.2947
vn 0.9562 0.0003 0.2926
vn -0.3112 0.5904 -0.7447
vn -0.2892 0.6096 -0.7381
vn -0.1481 -0.8531 0.5002
vn -0.1217 -0.8530 0.5075
vn 0.3986 -0.6395 -0.6574
vn 0.1512 -0.8515 -0.5021
vn -0.8459 0.2580 0.4667
vn -0.7750 -0.5445 -0.3208
vn -0.7666 -0.5600 -0.3142
vn -0.7369 0.2096 0.6427
vn -0.5884 -0.7000 -0.4048
vn -0.5018 -0.6761 -0.5395
vn -0.5003 -0.6151 -0.6094
vn 0.2212 0.8846 -0.4105
vn 0.0460 0.9373 -0.3456
vn -0.4652 0.6639 -0.5855
vn -0.3814 0.8146 -0.4369
vn -0.8267 0.1747 -0.5348
vn 0.0144 0.8684 -0.4956
vn -0.5390 0.4483 -0.7131
vn 0.3619 0.8155 -0.4516
vn -0.8849 -0.0138 -0.4656
vn -0.8965 -0.3108 -0.3156
vn 0.8242 0.1342 0.5502
vn 0.6549 0.1340 0.7437
vn 0.7885 0.6149 0.0126
vn 0.6088 0.7760 0.1651
vn -0.0544 -0.6754 0.7354
vn 0.2112 -0.5158 0.8303
vn -0.0221 -0.7737 0.6331
vn 0.3390 -0.5954 0.7284
vn -0.8765 -0.4805 0.0300
vn -0.8170 -0.5737 -0.0580
vn 0.9105 0.3566 0.2094
vn 0.5633 -0.5098 0.6502
vn -0.6713 -0.6611 0.3352
vn 0.9085 -0.3537 -0.2224
vn 0.9286 -0.3215 -0.1853
vn 0.9868 -0.1406 0.0798
vn -0.6288 -0.6675 -0.3988
vn 0.8759 -0.2053 -0.4367
vn 0.9770 0.1116 -0.1816
vn 0.8975 -0.1278 -0.4221
vn -0.4349 -0.5030 -0.7469
vn -0.4609 -0.5061 -0.7290
vn -0.6760 -0.4055 -0.6153
vn -0.5324 -0.0237 0.8461
vn -0.5651 -0.0634 0.8226
vn -0.6284 -0.2231 0.7452
vn -0.0958 0.8699 -0.4839
vn -0.0835 0.8572 -0.5081
vn 0.6114 0.7855 -0.0957
vn 0.8736 0.3146 0.3711
vn 0.5584 -0.4055 0.7237
vn 0.0449 -0.7813 0.6225
vn 0.2983 -0.9541 -0.0250
vn 0.2805 -0.9598 -0.0049
vn -0.7656 -0.3912 -0.5106
vn 0.9863 0.1636 -0.0199
vn 0.4011 -0.2909 -0.8686
vn 0.3960 -0.3086 -0.8648
vn 0.9873 0.0407 0.1536
vn -0.8747 -0.4288 0.2258
vn -0.8879 0.2063 -0.4111
vn 0.8375 -0.3122 0.4484
vn -0.9075 -0.2754 -0.3173
vn 0.9075 0.2754 0.3173
vn -0.2348 -0.7322 0.6393
vn -0.6527 -0.6108 0.4481
vn -0.6299 -0.2211 0.7446
vn -0.4315 0.2902 0.8542
vn -0.4473 0.2685 0.8531
vn -0.7790 0.5405 0.3178
vn -0.8154 0.5199 0.2546
vn -0.5638 0.4797 0.6723
vn -0.6018 0.4954 0.6264
vn -0.9396 0.1811 0.2906
vn -0.9547 0.1228 0.2712
vn 0.4201 -0.5921 -0.6877
vn -0.9662 -0.1085 0.2338
vn -0.9682 -0.1133 0.2232
vn -0.8640 -0.4675 -0.1868
vn -0.0001 -1.0000 -0.0003
vn -0.2323 -0.9671 -0.1041
vn -0.3184 -0.9248 -0.2084
vn -0.3747 -0.9244 -0.0709
vn -0.1742 -0.9673 -0.1843
vn -0.2169 -0.9232 -0.3172
vn -0.0915 -0.9665 -0.2396
vn -0.0776 -0.9256 -0.3705
vn 0.0071 -0.9672 -0.2537
vn 0.0701 -0.9261 -0.3708
vn 0.1042 -0.9669 -0.2331
vn 0.2060 -0.9262 -0.3159
vn 0.1836 -0.9676 -0.1734
vn 0.3177 -0.9231 -0.2168
vn 0.2367 -0.9674 -0.0903
vn 0.3756 -0.9235 -0.0786
vn 0.2534 -0.9673 0.0070
vn 0.3707 -0.9261 0.0699
vn 0.2330 -0.9669 0.1043
vn 0.3214 -0.9235 0.2094
vn 0.1740 -0.9674 0.1842
vn 0.2169 -0.9228 0.3185
vn 0.0905 -0.9672 0.2375
vn 0.0785 -0.9235 0.3754
vn -0.0072 -0.9669 0.2552
vn -0.0708 -0.9247 0.3741
vn -0.1049 -0.9665 0.2343
vn -0.2104 -0.9232 0.3217
vn -0.1834 -0.9677 0.1732
vn -0.3144 -0.9248 0.2144
vn -0.2396 -0.9665 0.0916
vn -0.3726 -0.9247 0.0778
vn -0.2521 -0.9677 -0.0074
vn -0.9166 0.0154 -0.3994
vn -0.9727 0.1318 -0.1908
vn -0.8256 0.1313 -0.5488
vn -0.4113 0.8944 -0.1756
vn -0.3616 0.8994 -0.2454
vn -0.4287 0.8991 -0.0885
vn -0.3124 0.8947 -0.3192
vn -0.6935 0.0147 -0.7203
vn -0.2402 0.8995 -0.3649
vn -0.5519 0.1343 -0.8230
vn -0.1669 0.8940 -0.4157
vn -0.3648 0.0162 -0.9309
vn -0.0824 0.8998 -0.4286
vn -0.1955 0.1302 -0.9720
vn 0.0046 0.8952 -0.4457
vn 0.0191 0.0150 -0.9997
vn 0.0884 0.8994 -0.4282
vn 0.1922 0.1279 -0.9730
vn 0.1760 0.8940 -0.4120
vn 0.3998 0.0155 -0.9165
vn 0.2453 0.8994 -0.3617
vn 0.5494 0.1282 -0.8257
vn 0.3191 0.8948 -0.3124
vn 0.7203 0.0135 -0.6936
vn 0.3662 0.8989 -0.2408
vn 0.8230 0.1330 -0.5523
vn 0.4152 0.8943 -0.1667
vn 0.9309 0.0146 -0.3650
vn 0.4293 0.8994 -0.0822
vn 0.9715 0.1335 -0.1961
vn 0.4459 0.8951 0.0044
vn 0.9997 0.0162 0.0186
vn 0.4283 0.8993 0.0882
vn 0.9731 0.1279 0.1918
vn 0.4117 0.8942 0.1760
vn 0.9163 0.0154 0.4001
vn 0.3622 0.8991 0.2458
vn 0.8249 0.1330 0.5495
vn 0.3125 0.8946 0.3194
vn 0.6936 0.0154 0.7202
vn 0.2408 0.8988 0.3662
vn 0.5530 0.1349 0.8222
vn 0.1669 0.8941 0.4156
vn 0.3651 0.0146 0.9309
vn 0.0822 0.8991 0.4300
vn 0.1959 0.1336 0.9715
vn -0.0046 0.8951 0.4459
vn -0.0180 0.0178 0.9997
vn -0.0882 0.8994 0.4282
vn -0.1915 0.1312 0.9727
vn -0.1760 0.8942 0.4117
vn -0.4002 0.0170 0.9163
vn -0.2456 0.8993 0.3619
vn -0.5485 0.1346 0.8253
vn -0.3189 0.8950 0.3119
vn -0.7200 0.0153 0.6938
vn -0.3643 0.8999 0.2397
vn -0.8227 0.1322 0.5529
vn -0.4146 0.8946 0.1666
vn -0.9307 0.0175 0.3653
vn -0.4295 0.8993 0.0824
vn -0.9717 0.1318 0.1959
vn -0.4459 0.8951 -0.0046
vn -0.9997 0.0147 -0.0190
vn -0.4696 0.8829 -0.0043
vn -0.4614 0.8829 0.0876
vn -0.4594 0.8831 -0.0955
vn -0.4316 0.8833 -0.1833
vn -0.3871 0.8836 -0.2636
vn -0.5657 0.7290 -0.3854
vn -0.6305 0.7285 -0.2679
vn -0.7759 0.3424 -0.5299
vn -0.8638 0.3451 -0.3672
vn -0.6697 0.7294 -0.1393
vn -0.9188 0.3455 -0.1909
vn -0.7751 0.3473 -0.5279
vn -0.8620 0.3515 -0.3654
vn -0.9169 0.3502 -0.1915
vn -0.6580 0.3437 -0.6700
vn -0.4796 0.7294 -0.4878
vn -0.5151 0.3440 -0.7851
vn -0.3742 0.7313 -0.5702
vn -0.5140 0.3476 -0.7842
vn -0.6566 0.3501 -0.6681
vn -0.3517 0.3472 -0.8693
vn -0.2572 0.7265 -0.6373
vn -0.1743 0.3503 -0.9203
vn -0.1282 0.7280 -0.6735
vn -0.1742 0.3562 -0.9180
vn -0.3502 0.3552 -0.8667
vn 0.0093 0.3507 -0.9365
vn 0.0065 0.7278 -0.6857
vn 0.1916 0.3458 -0.9185
vn 0.1388 0.7303 -0.6688
vn 0.1911 0.3466 -0.9183
vn 0.0076 0.3549 -0.9349
vn 0.3664 0.3491 -0.8625
vn 0.2682 0.7277 -0.6312
vn 0.5287 0.3450 -0.7755
vn 0.3852 0.7293 -0.5654
vn 0.5278 0.3485 -0.7746
vn 0.3653 0.3548 -0.8606
vn 0.6701 0.3438 -0.6579
vn 0.4880 0.7293 -0.4795
vn 0.7871 0.3396 -0.5150
vn 0.5725 0.7289 -0.3755
vn 0.7846 0.3475 -0.5134
vn 0.6681 0.3500 -0.6566
vn 0.8678 0.3517 -0.3509
vn 0.6357 0.7280 -0.2569
vn 0.9220 0.3456 -0.1747
vn 0.6738 0.7278 -0.1276
vn 0.9203 0.3499 -0.1751
vn 0.8663 0.3562 -0.3501
vn 0.9395 0.3424 0.0085
vn 0.6840 0.7294 0.0057
vn 0.9185 0.3459 0.1916
vn 0.6684 0.7308 0.1386
vn 0.9163 0.3522 0.1906
vn 0.9379 0.3467 0.0088
vn 0.8609 0.3540 0.3655
vn 0.6281 0.7311 0.2664
vn 0.7749 0.3475 0.5280
vn 0.5669 0.7276 0.3864
vn 0.7744 0.3508 0.5265
vn 0.8606 0.3548 0.3653
vn 0.6571 0.3450 0.6702
vn 0.4807 0.7279 0.4889
vn 0.5139 0.3474 0.7844
vn 0.3754 0.7290 0.5724
vn 0.5117 0.3557 0.7821
vn 0.6557 0.3530 0.6674
vn 0.3502 0.3496 0.8690
vn 0.2565 0.7282 0.6356
vn 0.1755 0.3422 0.9231
vn 0.1270 0.7281 0.6736
vn 0.1737 0.3491 0.9209
vn 0.3506 0.3561 0.8662
vn -0.0082 0.3425 0.9395
vn -0.0056 0.7294 0.6841
vn -0.1910 0.3460 0.9186
vn -0.1389 0.7285 0.6708
vn -0.1904 0.3564 0.9147
vn -0.0089 0.3466 0.9380
vn -0.3658 0.3527 0.8613
vn -0.2681 0.7277 0.6313
vn -0.5283 0.3473 0.7748
vn -0.3858 0.7282 0.5664
vn -0.5275 0.3483 0.7749
vn -0.3656 0.3534 0.8610
vn -0.6694 0.3469 0.6569
vn -0.4883 0.7287 0.4801
vn -0.7830 0.3503 0.5140
vn -0.5720 0.7297 0.3746
vn -0.7825 0.3532 0.5128
vn -0.6683 0.3487 0.6571
vn -0.8709 0.3439 0.3512
vn -0.6359 0.7278 0.2570
vn -0.9199 0.3509 0.1752
vn -0.6732 0.7284 0.1277
vn -0.9190 0.3541 0.1734
vn -0.8687 0.3498 0.3507
vn -0.9365 0.3506 -0.0086
vn -0.6840 0.7294 -0.0061
vn -0.9349 0.3549 -0.0086
vn -0.4577 0.8891 -0.0036
vn -0.4529 0.8874 0.0857
vn -0.4489 0.8887 -0.0927
vn -0.4211 0.8892 -0.1791
vn -0.3795 0.8882 -0.2591
vn -0.0003 1.0000 0.0003
vn -0.4244 0.8891 0.1714
vn -0.3820 0.8895 0.2505
vn -0.3296 0.8870 0.3233
vn -0.2601 0.8867 0.3821
vn -0.1814 0.8861 0.4264
vn -0.0912 0.8920 0.4428
vn -0.0039 0.8890 0.4579
vn 0.0857 0.8890 0.4498
vn 0.1713 0.8893 0.4241
vn 0.2490 0.8910 0.3797
vn 0.3203 0.8895 0.3259
vn 0.3798 0.8882 0.2587
vn 0.4213 0.8892 0.1785
vn 0.4438 0.8913 0.0925
vn 0.4577 0.8891 0.0038
vn 0.4516 0.8881 -0.0855
vn 0.4266 0.8879 -0.1718
vn 0.3796 0.8910 -0.2490
vn 0.3255 0.8897 -0.3202
vn 0.2588 0.8883 -0.3794
vn 0.1786 0.8891 -0.4215
vn 0.0936 0.8882 -0.4498
vn 0.0041 0.8892 -0.4575
vn -0.0851 0.8895 -0.4490
vn -0.1711 0.8893 -0.4241
vn -0.2493 0.8909 -0.3796
vn -0.3202 0.8896 -0.3256
vn -0.4350 0.8831 0.1760
vn -0.3943 0.8819 0.2582
vn -0.3350 0.8827 0.3295
vn -0.2644 0.8828 0.3883
vn -0.1838 0.8828 0.4323
vn -0.0954 0.8830 0.4595
vn -0.0041 0.8829 0.4696
vn 0.0872 0.8833 0.4606
vn 0.1756 0.8833 0.4348
vn 0.2574 0.8828 0.3930
vn 0.3290 0.8831 0.3345
vn 0.3884 0.8827 0.2646
vn 0.4323 0.8827 0.1839
vn 0.4597 0.8829 0.0955
vn 0.4696 0.8829 0.0040
vn 0.4613 0.8830 -0.0873
vn 0.4350 0.8832 -0.1755
vn 0.3919 0.8835 -0.2566
vn 0.3340 0.8836 -0.3282
vn 0.2640 0.8832 -0.3877
vn 0.1839 0.8827 -0.4325
vn 0.0955 0.8830 -0.4596
vn 0.0041 0.8826 -0.4701
vn -0.0873 0.8822 -0.4627
vn -0.1757 0.8832 -0.4349
vn -0.2575 0.8826 -0.3933
vn -0.3283 0.8835 -0.3340
vn 0.3169 0.7926 -0.5209
vn 0.4530 0.8839 -0.1161
vn 0.2381 0.0640 0.9691
vn 0.4833 0.6315 0.6063
vn 0.4594 0.8859 -0.0642
vn 0.2187 0.0145 0.9757
vn -0.4504 -0.8770 0.1674
vn -0.1198 -0.5703 0.8127
vn -0.3322 -0.7908 0.5141
vn 0.2294 0.0123 0.9733
vn -0.4841 -0.8666 0.1210
vn -0.3706 -0.3644 -0.8543
vn -0.5015 -0.7565 -0.4198
vn -0.5048 -0.7055 -0.4974
vn 0.0021 0.3890 -0.9212
vn 0.2913 0.7633 -0.5767
vn 0.0542 0.4529 -0.8899
vn -0.2286 -0.0065 -0.9735
# 2933 vertex normals

vt 0.8518 0.1077 0.0000
vt 0.8368 0.1227 0.0000
vt 0.8368 0.1440 0.0000
vt 0.7214 0.0382 0.0000
vt 0.7214 0.0644 0.0000
vt 0.7378 0.0644 0.0000
vt 0.7378 0.0382 0.0000
vt 0.7039 0.0382 0.0000
vt 0.7039 0.0702 0.0000
vt 0.7214 0.0702 0.0000
vt 0.6902 0.0382 0.0000
vt 0.6902 0.0644 0.0000
vt 0.7559 0.0382 0.0000
vt 0.7559 0.0702 0.0000
vt 0.7378 0.0702 0.0000
vt 0.7696 0.0382 0.0000
vt 0.7696 0.0644 0.0000
vt 0.9187 0.0290 0.0000
vt 0.9131 0.0649 0.0000
vt 0.8819 0.0594 0.0000
vt 0.8811 0.0248 0.0000
vt 0.9398 0.0518 0.0000
vt 0.9210 0.0133 0.0000
vt 0.9518 0.0189 0.0000
vt 0.7362 0.0064 0.0000
vt 0.7351 0.0064 0.0000
vt 0.7241 0.0064 0.0000
vt 0.7230 0.0064 0.0000
vt 0.7559 0.0064 0.0000
vt 0.7641 0.0064 0.0000
vt 0.8731 0.1590 0.0000
vt 0.8518 0.1590 0.0000
vt 0.8881 0.1227 0.0000
vt 0.8881 0.1440 0.0000
vt 0.8731 0.1077 0.0000
vt 0.9242 0.0040 0.0000
vt 0.9782 0.0170 0.0000
vt 0.9910 0.0043 0.0000
vt 0.9535 0.0098 0.0000
vt 0.9794 0.0512 0.0000
vt 0.9954 0.0526 0.0000
vt 0.9713 0.0816 0.0000
vt 0.9832 0.0934 0.0000
vt 0.9540 0.1018 0.0000
vt 0.9596 0.1181 0.0000
vt 0.9314 0.1052 0.0000
vt 0.8827 0.2937 0.0000
vt 0.8900 0.2937 0.0000
vt 0.8900 0.2021 0.0000
vt 0.8827 0.1985 0.0000
vt 0.9265 0.1239 0.0000
vt 0.9956 0.3234 0.0000
vt 0.9686 0.3321 0.0000
vt 0.9686 0.2478 0.0000
vt 0.9179 0.2591 0.0000
vt 0.9433 0.2535 0.0000
vt 0.9433 0.3205 0.0000
vt 0.9179 0.3231 0.0000
vt 0.9686 0.3310 0.0000
vt 0.9956 0.3375 0.0000
vt 0.9954 0.3909 0.0000
vt 0.9686 0.4086 0.0000
vt 0.9179 0.3356 0.0000
vt 0.9433 0.3312 0.0000
vt 0.9433 0.3977 0.0000
vt 0.9179 0.3891 0.0000
vt 0.9686 0.4126 0.0000
vt 0.9956 0.4247 0.0000
vt 0.9962 0.4546 0.0000
vt 0.9686 0.4547 0.0000
vt 0.9179 0.4227 0.0000
vt 0.9433 0.4148 0.0000
vt 0.9433 0.4531 0.0000
vt 0.9178 0.4525 0.0000
vt 0.8573 0.1493 0.0000
vt 0.8573 0.1174 0.0000
vt 0.8457 0.1334 0.0000
vt 0.8760 0.1235 0.0000
vt 0.8760 0.1432 0.0000
vt 0.8005 0.1393 0.0000
vt 0.8024 0.1105 0.0000
vt 0.7927 0.1105 0.0000
vt 0.7867 0.1393 0.0000
vt 0.8228 0.1393 0.0000
vt 0.8180 0.1105 0.0000
vt 0.8049 0.3190 0.0000
vt 0.8049 0.3018 0.0000
vt 0.7588 0.3071 0.0000
vt 0.7716 0.3190 0.0000
vt 0.8063 0.3246 0.0000
vt 0.7761 0.3246 0.0000
vt 0.8191 0.3190 0.0000
vt 0.8336 0.3246 0.0000
vt 0.8597 0.0251 0.0000
vt 0.7908 0.0372 0.0000
vt 0.8038 0.0616 0.0000
vt 0.8563 0.0147 0.0000
vt 0.7847 0.0191 0.0000
vt 0.9686 0.1294 0.0000
vt 0.9954 0.1308 0.0000
vt 0.9954 0.1668 0.0000
vt 0.9686 0.1741 0.0000
vt 0.9179 0.1308 0.0000
vt 0.9433 0.1302 0.0000
vt 0.9433 0.1643 0.0000
vt 0.9179 0.1668 0.0000
vt 0.9686 0.1704 0.0000
vt 0.9955 0.1882 0.0000
vt 0.9955 0.2476 0.0000
vt 0.9686 0.2498 0.0000
vt 0.9179 0.1879 0.0000
vt 0.9433 0.1853 0.0000
vt 0.9433 0.2426 0.0000
vt 0.9179 0.2474 0.0000
vt 0.9954 0.2594 0.0000
vt 0.7039 0.0064 0.0000
vt 0.6958 0.0064 0.0000
vt 0.8666 0.0049 0.0000
vt 0.8001 0.0824 0.0000
vt 0.8681 0.0863 0.0000
vt 0.7834 0.0912 0.0000
vt 0.8755 0.0098 0.0000
vt 0.7732 0.0721 0.0000
vt 0.7588 0.4162 0.0000
vt 0.7693 0.4588 0.0000
vt 0.8049 0.4588 0.0000
vt 0.8049 0.4323 0.0000
vt 0.7587 0.4588 0.0000
vt 0.7043 0.4588 0.0000
vt 0.7043 0.4162 0.0000
vt 0.8292 0.4323 0.0000
vt 0.8292 0.4588 0.0000
vt 0.8837 0.4588 0.0000
vt 0.8837 0.4323 0.0000
vt 0.7587 0.4942 0.0000
vt 0.7043 0.4942 0.0000
vt 0.7716 0.4068 0.0000
vt 0.8049 0.4068 0.0000
vt 0.8063 0.4013 0.0000
vt 0.8336 0.4013 0.0000
vt 0.8564 0.0633 0.0000
vt 0.8191 0.4068 0.0000
vt 0.8191 0.4323 0.0000
vt 0.7761 0.4013 0.0000
vt 0.8761 0.4323 0.0000
vt 0.8761 0.4068 0.0000
vt 0.8368 0.4068 0.0000
vt 0.8368 0.4323 0.0000
vt 0.7043 0.3071 0.0000
vt 0.8191 0.3054 0.0000
vt 0.8046 0.2978 0.0000
vt 0.8187 0.2903 0.0000
vt 0.8187 0.2511 0.0000
vt 0.8046 0.2436 0.0000
vt 0.7587 0.2978 0.0000
vt 0.7587 0.2436 0.0000
vt 0.8761 0.2996 0.0000
vt 0.8368 0.2996 0.0000
vt 0.8368 0.3132 0.0000
vt 0.8761 0.3132 0.0000
vt 0.8793 0.3246 0.0000
vt 0.8793 0.4013 0.0000
vt 0.7857 0.1789 0.0000
vt 0.7809 0.1814 0.0000
vt 0.7809 0.1480 0.0000
vt 0.8011 0.1814 0.0000
vt 0.7955 0.1789 0.0000
vt 0.7955 0.1505 0.0000
vt 0.8011 0.1480 0.0000
vt 0.7857 0.1505 0.0000
vt 0.7586 0.1480 0.0000
vt 0.7586 0.1814 0.0000
vt 0.7503 0.1505 0.0000
vt 0.7503 0.1789 0.0000
vt 0.8827 0.1966 0.0000
vt 0.8900 0.1926 0.0000
vt 0.8900 0.1716 0.0000
vt 0.8827 0.1676 0.0000
vt 0.8540 0.1676 0.0000
vt 0.8540 0.1966 0.0000
vt 0.8542 0.2937 0.0000
vt 0.8542 0.1985 0.0000
vt 0.8252 0.1985 0.0000
vt 0.8252 0.2937 0.0000
vt 0.7262 0.1820 0.0000
vt 0.7472 0.1852 0.0000
vt 0.7472 0.1707 0.0000
vt 0.7262 0.1740 0.0000
vt 0.7394 0.2222 0.0000
vt 0.7376 0.2060 0.0000
vt 0.7265 0.1954 0.0000
vt 0.7265 0.1872 0.0000
vt 0.7504 0.1846 0.0000
vt 0.7987 0.1846 0.0000
vt 0.7703 0.1846 0.0000
vt 0.8211 0.1846 0.0000
vt 0.7703 0.2375 0.0000
vt 0.7504 0.2375 0.0000
vt 0.7987 0.2375 0.0000
vt 0.8211 0.2375 0.0000
vt 0.8209 0.1480 0.0000
vt 0.8209 0.1814 0.0000
vt 0.9128 0.0749 0.0000
vt 0.8989 0.0749 0.0000
vt 0.9128 0.4460 0.0000
vt 0.8989 0.4460 0.0000
vt 0.8972 0.0749 0.0000
vt 0.9077 0.0749 0.0000
vt 0.9077 0.4459 0.0000
vt 0.8972 0.4459 0.0000
vt 0.7472 0.1872 0.0000
vt 0.7472 0.2222 0.0000
vt 0.4611 0.1867 0.0000
vt 0.4772 0.1905 0.0000
vt 0.4540 0.1718 0.0000
vt 0.4918 0.1534 0.0000
vt 0.5151 0.1720 0.0000
vt 0.5079 0.1571 0.0000
vt 0.4916 0.1905 0.0000
vt 0.5078 0.1869 0.0000
vt 0.5212 0.1097 0.0000
vt 0.5254 0.1167 0.0000
vt 0.5347 0.0842 0.0000
vt 0.5428 0.0841 0.0000
vt 0.6850 0.1157 0.0000
vt 0.6563 0.1138 0.0000
vt 0.6889 0.1228 0.0000
vt 0.6508 0.1195 0.0000
vt 0.6259 0.0829 0.0000
vt 0.6208 0.0846 0.0000
vt 0.6522 0.1113 0.0000
vt 0.5937 0.0705 0.0000
vt 0.5860 0.0759 0.0000
vt 0.6209 0.0797 0.0000
vt 0.5852 0.2026 0.0000
vt 0.5842 0.2196 0.0000
vt 0.6044 0.2243 0.0000
vt 0.6347 0.2113 0.0000
vt 0.6229 0.2235 0.0000
vt 0.6373 0.2204 0.0000
vt 0.5546 0.2338 0.0000
vt 0.5667 0.2209 0.0000
vt 0.5481 0.2298 0.0000
vt 0.6551 0.2128 0.0000
vt 0.6500 0.2223 0.0000
vt 0.6669 0.2305 0.0000
vt 0.5997 0.1698 0.0000
vt 0.6181 0.1688 0.0000
vt 0.5756 0.1678 0.0000
vt 0.5629 0.2054 0.0000
vt 0.5425 0.2168 0.0000
vt 0.6482 0.1727 0.0000
vt 0.6652 0.1674 0.0000
vt 0.5994 0.1185 0.0000
vt 0.5690 0.1078 0.0000
vt 0.5506 0.1209 0.0000
vt 0.5479 0.1646 0.0000
vt 0.5306 0.1687 0.0000
vt 0.4774 0.1533 0.0000
vt 0.4612 0.1569 0.0000
vt 0.4984 0.0062 0.0000
vt 0.4982 0.0126 0.0000
vt 0.4766 0.0021 0.0000
vt 0.4767 0.0126 0.0000
vt 0.5203 0.0064 0.0000
vt 0.5201 0.0125 0.0000
vt 0.5422 0.0025 0.0000
vt 0.5423 0.0126 0.0000
vt 0.5633 0.0026 0.0000
vt 0.5631 0.0126 0.0000
vt 0.5835 0.0026 0.0000
vt 0.5836 0.0126 0.0000
vt 0.6023 0.0025 0.0000
vt 0.6023 0.0126 0.0000
vt 0.6749 0.2181 0.0000
vt 0.5281 0.2171 0.0000
vt 0.5261 0.2302 0.0000
vt 0.6624 0.2348 0.0000
vt 0.5445 0.2364 0.0000
vt 0.5288 0.2358 0.0000
vt 0.6284 0.2314 0.0000
vt 0.5974 0.2318 0.0000
vt 0.6068 0.2329 0.0000
vt 0.6225 0.2322 0.0000
vt 0.4548 0.0020 0.0000
vt 0.4548 0.0128 0.0000
vt 0.9599 0.5240 0.0000
vt 0.9768 0.5047 0.0000
vt 0.9561 0.4759 0.0000
vt 0.9730 0.5745 0.0000
vt 0.9768 0.5580 0.0000
vt 0.9563 0.5869 0.0000
vt 0.9599 0.5388 0.0000
vt 0.9351 0.4778 0.0000
vt 0.9251 0.5245 0.0000
vt 0.8203 0.5098 0.0000
vt 0.8409 0.5089 0.0000
vt 0.8203 0.4950 0.0000
vt 0.8412 0.4947 0.0000
vt 0.9355 0.5853 0.0000
vt 0.8171 0.6059 0.0000
vt 0.8309 0.6109 0.0000
vt 0.8466 0.6008 0.0000
vt 0.8167 0.6286 0.0000
vt 0.8459 0.6355 0.0000
vt 0.8306 0.6249 0.0000
vt 0.8740 0.6111 0.0000
vt 0.7958 0.5601 0.0000
vt 0.8441 0.5461 0.0000
vt 0.7931 0.5423 0.0000
vt 0.9246 0.5384 0.0000
vt 0.8014 0.5805 0.0000
vt 0.7387 0.5844 0.0000
vt 0.7409 0.6802 0.0000
vt 0.7951 0.6782 0.0000
vt 0.7392 0.6525 0.0000
vt 0.9139 0.5234 0.0000
vt 0.8515 0.5246 0.0000
vt 0.9123 0.5312 0.0000
vt 0.8515 0.5319 0.0000
vt 0.9127 0.5024 0.0000
vt 0.9128 0.4947 0.0000
vt 0.8514 0.5031 0.0000
vt 0.8512 0.4987 0.0000
vt 0.8515 0.5403 0.0000
vt 0.8515 0.5477 0.0000
vt 0.9133 0.5413 0.0000
vt 0.9127 0.5480 0.0000
vt 0.8504 0.5636 0.0000
vt 0.9127 0.5614 0.0000
vt 0.8518 0.5518 0.0000
vt 0.6183 0.5599 0.0000
vt 0.6175 0.5609 0.0000
vt 0.6181 0.5582 0.0000
vt 0.6147 0.5625 0.0000
vt 0.6154 0.5623 0.0000
vt 0.6156 0.5642 0.0000
vt 0.6149 0.5597 0.0000
vt 0.6155 0.5607 0.0000
vt 0.6138 0.5612 0.0000
vt 0.6185 0.5628 0.0000
vt 0.6175 0.5625 0.0000
vt 0.6192 0.5616 0.0000
vt 0.6178 0.5643 0.0000
vt 0.6152 0.5579 0.0000
vt 0.7433 0.6290 0.0000
vt 0.7432 0.6067 0.0000
vt 0.7198 0.6374 0.0000
vt 0.7209 0.5942 0.0000
vt 0.6920 0.6264 0.0000
vt 0.6920 0.6052 0.0000
vt 0.9728 0.4882 0.0000
vt 0.8437 0.5319 0.0000
vt 0.7943 0.5251 0.0000
vt 0.8442 0.6855 0.0000
vt 0.8280 0.6579 0.0000
vt 0.8018 0.6522 0.0000
vt 0.7414 0.5554 0.0000
vt 0.7404 0.5342 0.0000
vt 0.9804 0.5240 0.0000
vt 0.9804 0.5388 0.0000
vt 0.7875 0.4950 0.0000
vt 0.7875 0.5098 0.0000
vt 0.8044 0.4950 0.0000
vt 0.8044 0.5098 0.0000
vt 0.5454 0.0766 0.0000
vt 0.5792 0.0695 0.0000
vt 0.9130 0.5535 0.0000
vt 0.8514 0.5073 0.0000
vt 0.8515 0.5146 0.0000
vt 0.9127 0.5066 0.0000
vt 0.9138 0.5152 0.0000
vt 0.9123 0.5342 0.0000
vt 0.8515 0.5349 0.0000
vt 0.9129 0.5820 0.0000
vt 0.9127 0.5741 0.0000
vt 0.8517 0.5834 0.0000
vt 0.8504 0.5716 0.0000
vt 0.9119 0.4873 0.0000
vt 0.8508 0.4914 0.0000
vt 0.8738 0.6253 0.0000
vt 0.8282 0.5763 0.0000
vt 0.4240 0.9835 0.0000
vt 0.4236 0.9761 0.0000
vt 0.3704 0.9843 0.0000
vt 0.3730 0.9741 0.0000
vt 0.3999 0.9603 0.0000
vt 0.4323 0.9630 0.0000
vt 0.4235 0.9765 0.0000
vt 0.4240 0.9837 0.0000
vt 0.4359 0.9937 0.0000
vt 0.3999 0.9961 0.0000
vt 0.3731 0.9744 0.0000
vt 0.3704 0.9845 0.0000
vt 0.3864 0.9320 0.0000
vt 0.4003 0.9266 0.0000
vt 0.4249 0.9368 0.0000
vt 0.4242 0.9449 0.0000
vt 0.3825 0.9453 0.0000
vt 0.4003 0.9574 0.0000
vt 0.4248 0.9367 0.0000
vt 0.4004 0.9265 0.0000
vt 0.3862 0.9321 0.0000
vt 0.4245 0.9449 0.0000
vt 0.3825 0.9454 0.0000
vt 0.4773 0.1148 0.0000
vt 0.4077 0.1190 0.0000
vt 0.4359 0.0772 0.0000
vt 0.4471 0.1470 0.0000
vt 0.6840 0.5623 0.0000
vt 0.6643 0.6241 0.0000
vt 0.6580 0.5671 0.0000
vt 0.6843 0.5622 0.0000
vt 0.6749 0.5387 0.0000
vt 0.6583 0.5671 0.0000
vt 0.1714 0.2982 0.0000
vt 0.2390 0.2822 0.0000
vt 0.2209 0.2344 0.0000
vt 0.1547 0.2911 0.0000
vt 0.0351 0.8557 0.0000
vt 0.0246 0.9484 0.0000
vt 0.0954 0.9813 0.0000
vt 0.0747 0.1008 0.0000
vt 0.0127 0.1022 0.0000
vt 0.0382 0.0653 0.0000
vt 0.1112 0.0653 0.0000
vt 0.6646 0.6240 0.0000
vt 0.6794 0.6230 0.0000
vt 0.6790 0.6230 0.0000
vt 0.4781 0.5513 0.0000
vt 0.4816 0.5869 0.0000
vt 0.4717 0.5870 0.0000
vt 0.4784 0.5514 0.0000
vt 0.4644 0.5525 0.0000
vt 0.4720 0.5871 0.0000
vt 0.1440 0.0188 0.0000
vt 0.1455 0.0283 0.0000
vt 0.1326 0.0296 0.0000
vt 0.1440 0.0191 0.0000
vt 0.1298 0.0186 0.0000
vt 0.1324 0.0297 0.0000
vt 0.1574 0.3825 0.0000
vt 0.1814 0.3903 0.0000
vt 0.1798 0.4188 0.0000
vt 0.0180 0.4175 0.0000
vt 0.0128 0.3896 0.0000
vt 0.0392 0.3825 0.0000
vt 0.2911 0.2642 0.0000
vt 0.2783 0.2920 0.0000
vt 0.6746 0.5387 0.0000
vt 0.6828 0.5344 0.0000
vt 0.6830 0.5343 0.0000
vt 0.7111 0.6941 0.0000
vt 0.7246 0.6509 0.0000
vt 0.6478 0.6527 0.0000
vt 0.6475 0.6526 0.0000
vt 0.7242 0.6510 0.0000
vt 0.7108 0.6942 0.0000
vt 0.4289 0.9248 0.0000
vt 0.4321 0.9574 0.0000
vt 0.4290 0.9247 0.0000
vt 0.4002 0.9573 0.0000
vt 0.4322 0.9574 0.0000
vt 0.4324 0.9628 0.0000
vt 0.4000 0.9599 0.0000
vt 0.3999 0.9957 0.0000
vt 0.4359 0.9934 0.0000
vt 0.7141 0.8723 0.0000
vt 0.7550 0.7898 0.0000
vt 0.8634 0.8305 0.0000
vt 0.4152 0.8304 0.0000
vt 0.3069 0.7900 0.0000
vt 0.2648 0.8728 0.0000
vt 0.0911 0.3630 0.0000
vt 0.0983 0.3534 0.0000
vt 0.1055 0.3630 0.0000
vt 0.1134 0.3774 0.0000
vt 0.0983 0.3723 0.0000
vt 0.0085 0.4047 0.0000
vt 0.1898 0.4063 0.0000
vt 0.1387 0.4428 0.0000
vt 0.1454 0.4039 0.0000
vt 0.0512 0.4039 0.0000
vt 0.0590 0.3742 0.0000
vt 0.0831 0.3774 0.0000
vt 0.0708 0.4239 0.0000
vt 0.1376 0.3742 0.0000
vt 0.3990 0.7624 0.0000
vt 0.4451 0.7794 0.0000
vt 0.4432 0.7896 0.0000
vt 0.3834 0.7674 0.0000
vt 0.4642 0.5525 0.0000
vt 0.3855 0.4574 0.0000
vt 0.4186 0.4478 0.0000
vt 0.4207 0.4798 0.0000
vt 0.3855 0.4744 0.0000
vt 0.3933 0.5092 0.0000
vt 0.3635 0.5092 0.0000
vt 0.3713 0.4744 0.0000
vt 0.3713 0.4575 0.0000
vt 0.3635 0.4253 0.0000
vt 0.3933 0.4253 0.0000
vt 0.3855 0.4575 0.0000
vt 0.3933 0.5081 0.0000
vt 0.1056 0.8622 0.0000
vt 0.1425 0.9806 0.0000
vt 0.4621 0.0555 0.0000
vt 0.4760 0.0412 0.0000
vt 0.4380 0.0202 0.0000
vt 0.5033 0.1289 0.0000
vt 0.5163 0.1205 0.0000
vt 0.5069 0.0790 0.0000
vt 0.4905 0.0851 0.0000
vt 0.1530 0.7653 0.0000
vt 0.1731 0.8293 0.0000
vt 0.2228 0.7620 0.0000
vt 0.0218 0.7948 0.0000
vt 0.0811 0.7865 0.0000
vt 0.2082 0.8844 0.0000
vt 0.0034 0.8166 0.0000
vt 0.0156 0.8521 0.0000
vt 0.0135 0.9489 0.0000
vt 0.0966 0.6092 0.0000
vt 0.0472 0.6366 0.0000
vt 0.0545 0.6688 0.0000
vt 0.0960 0.6092 0.0000
vt 0.1089 0.6430 0.0000
vt 0.0543 0.6690 0.0000
vt 0.6568 0.8843 0.0000
vt 0.5958 0.0334 0.0000
vt 0.6239 0.0298 0.0000
vt 0.6162 0.0114 0.0000
vt 0.5644 0.0187 0.0000
vt 0.5621 0.0407 0.0000
vt 0.5752 0.0524 0.0000
vt 0.5417 0.0372 0.0000
vt 0.6373 0.0465 0.0000
vt 0.6115 0.0528 0.0000
vt 0.6214 0.0727 0.0000
vt 0.6444 0.0638 0.0000
vt 0.5630 0.0666 0.0000
vt 0.5896 0.0664 0.0000
vt 0.6434 0.5825 0.0000
vt 0.6515 0.5531 0.0000
vt 0.6336 0.5286 0.0000
vt 0.6032 0.5274 0.0000
vt 0.5831 0.5503 0.0000
vt 0.5885 0.5802 0.0000
vt 0.6153 0.5945 0.0000
vt 0.8190 0.7194 0.0000
vt 0.8199 0.7304 0.0000
vt 0.7961 0.7433 0.0000
vt 0.7937 0.7160 0.0000
vt 0.8307 0.7304 0.0000
vt 0.8335 0.7561 0.0000
vt 0.8117 0.7561 0.0000
vt 0.8302 0.7194 0.0000
vt 0.8535 0.7139 0.0000
vt 0.5288 0.0510 0.0000
vt 0.4895 0.0510 0.0000
vt 0.5091 0.0605 0.0000
vt 0.4846 0.0297 0.0000
vt 0.5337 0.0296 0.0000
vt 0.6611 0.0516 0.0000
vt 0.6659 0.0279 0.0000
vt 0.6803 0.0475 0.0000
vt 0.6822 0.0677 0.0000
vt 0.5399 0.0573 0.0000
vt 0.1867 0.0362 0.0000
vt 0.1970 0.0117 0.0000
vt 0.1799 0.0113 0.0000
vt 0.1679 0.0428 0.0000
vt 0.2002 0.0067 0.0000
vt 0.2126 0.0117 0.0000
vt 0.2132 0.0036 0.0000
vt 0.2263 0.0124 0.0000
vt 0.2243 0.0075 0.0000
vt 0.4331 0.1679 0.0000
vt 0.4087 0.1491 0.0000
vt 0.1800 0.0114 0.0000
vt 0.1970 0.0118 0.0000
vt 0.1679 0.0427 0.0000
vt 0.2002 0.0066 0.0000
vt 0.2131 0.0037 0.0000
vt 0.2243 0.0074 0.0000
vt 0.2855 0.2239 0.0000
vt 0.2416 0.1974 0.0000
vt 0.1376 0.1024 0.0000
vt 0.8543 0.7411 0.0000
vt 0.8100 0.6955 0.0000
vt 0.8326 0.6956 0.0000
vt 0.2349 0.3156 0.0000
vt 0.3902 0.1868 0.0000
vt 0.3721 0.2055 0.0000
vt 0.3633 0.1749 0.0000
vt 0.4171 0.1749 0.0000
vt 0.4083 0.2055 0.0000
vt 0.3724 0.1491 0.0000
vt 0.3732 0.1190 0.0000
vt 0.9432 0.8140 0.0000
vt 0.9430 0.7989 0.0000
vt 0.9320 0.8046 0.0000
vt 0.9312 0.8154 0.0000
vt 0.9468 0.5972 0.0000
vt 0.9281 0.5962 0.0000
vt 0.9265 0.6113 0.0000
vt 0.9454 0.6133 0.0000
vt 0.9307 0.6257 0.0000
vt 0.8902 0.6211 0.0000
vt 0.8972 0.6306 0.0000
vt 0.9053 0.6226 0.0000
vt 0.9614 0.8064 0.0000
vt 0.8967 0.6504 0.0000
vt 0.8977 0.6391 0.0000
vt 0.8707 0.6428 0.0000
vt 0.8689 0.6528 0.0000
vt 0.8973 0.6761 0.0000
vt 0.8624 0.6775 0.0000
vt 0.9179 0.7841 0.0000
vt 0.9130 0.7590 0.0000
vt 0.8697 0.7603 0.0000
vt 0.8750 0.7845 0.0000
vt 0.9307 0.6510 0.0000
vt 0.9244 0.6387 0.0000
vt 0.9297 0.6770 0.0000
vt 0.9317 0.7823 0.0000
vt 0.9282 0.7601 0.0000
vt 0.8592 0.6495 0.0000
vt 0.8507 0.6752 0.0000
vt 0.9031 0.7054 0.0000
vt 0.8951 0.6094 0.0000
vt 0.9284 0.7239 0.0000
vt 0.9631 0.7524 0.0000
vt 0.9923 0.7205 0.0000
vt 0.9921 0.7019 0.0000
vt 0.9210 0.7049 0.0000
vt 0.7446 0.6278 0.0000
vt 0.7182 0.6173 0.0000
vt 0.7443 0.6062 0.0000
vt 0.7214 0.5927 0.0000
vt 0.6920 0.6034 0.0000
vt 0.6913 0.6251 0.0000
vt 0.7206 0.6384 0.0000
vt 0.9411 0.6343 0.0000
vt 0.9932 0.7514 0.0000
vt 0.9465 0.7855 0.0000
vt 0.9924 0.6734 0.0000
vt 0.9132 0.5973 0.0000
vt 0.9123 0.6097 0.0000
vt 0.9154 0.6235 0.0000
vt 0.8813 0.6311 0.0000
vt 0.8865 0.6374 0.0000
vt 0.8745 0.7051 0.0000
vt 0.9107 0.7241 0.0000
vt 0.8777 0.7246 0.0000
vt 0.8515 0.6838 0.0000
vt 0.8632 0.7058 0.0000
vt 0.9923 0.6452 0.0000
vt 0.9278 0.6324 0.0000
vt 0.9930 0.7759 0.0000
vt 0.9126 0.5973 0.0000
vt 0.8987 0.5950 0.0000
vt 0.8986 0.6054 0.0000
vt 0.9118 0.6095 0.0000
vt 0.9922 0.5993 0.0000
vt 0.9934 0.6113 0.0000
vt 0.2286 0.0379 0.0000
vt 0.2091 0.0356 0.0000
vt 0.3238 0.2284 0.0000
vt 0.3643 0.2457 0.0000
vt 0.3722 0.2760 0.0000
vt 0.2243 0.0410 0.0000
vt 0.2060 0.0390 0.0000
vt 0.3569 0.2015 0.0000
vt 0.3522 0.1890 0.0000
vt 0.3642 0.1708 0.0000
vt 0.3902 0.1802 0.0000
vt 0.2552 0.0164 0.0000
vt 0.2550 0.0036 0.0000
vt 0.2989 0.0036 0.0000
vt 0.2987 0.0164 0.0000
vt 0.4106 0.0452 0.0000
vt 0.4114 0.0726 0.0000
vt 0.4083 0.1553 0.0000
vt 0.4298 0.1717 0.0000
vt 0.1869 0.0406 0.0000
vt 0.1454 0.0286 0.0000
vt 0.1651 0.0307 0.0000
vt 0.1582 0.0132 0.0000
vt 0.1517 0.0474 0.0000
vt 0.1246 0.0521 0.0000
vt 0.1715 0.3197 0.0000
vt 0.1973 0.3200 0.0000
vt 0.0128 0.3440 0.0000
vt 0.0266 0.3469 0.0000
vt 0.0318 0.3600 0.0000
vt 0.0620 0.3089 0.0000
vt 0.0615 0.3198 0.0000
vt 0.0341 0.3182 0.0000
vt 0.3902 0.2195 0.0000
vt 0.3721 0.2059 0.0000
vt 0.3569 0.2132 0.0000
vt 0.3902 0.2036 0.0000
vt 0.2976 0.2314 0.0000
vt 0.2915 0.2061 0.0000
vt 0.3044 0.2074 0.0000
vt 0.4918 0.1337 0.0000
vt 0.3487 0.2878 0.0000
vt 0.2121 0.3098 0.0000
vt 0.2383 0.0458 0.0000
vt 0.1808 0.0035 0.0000
vt 0.2251 0.0945 0.0000
vt 0.1986 0.0958 0.0000
vt 0.1795 0.0948 0.0000
vt 0.2140 0.1436 0.0000
vt 0.2505 0.1684 0.0000
vt 0.2454 0.1216 0.0000
vt 0.0766 0.3497 0.0000
vt 0.0852 0.3592 0.0000
vt 0.0574 0.3629 0.0000
vt 0.0521 0.3503 0.0000
vt 0.1985 0.1827 0.0000
vt 0.1893 0.1891 0.0000
vt 0.0429 0.1592 0.0000
vt 0.0102 0.1527 0.0000
vt 0.0715 0.4285 0.0000
vt 0.0707 0.4886 0.0000
vt 0.0579 0.4428 0.0000
vt 0.0791 0.4256 0.0000
vt 0.0983 0.4190 0.0000
vt 0.0983 0.4245 0.0000
vt 0.0983 0.4274 0.0000
vt 0.1361 0.2735 0.0000
vt 0.1743 0.2465 0.0000
vt 0.1442 0.2106 0.0000
vt 0.0850 0.3513 0.0000
vt 0.1462 0.0041 0.0000
vt 0.1198 0.0077 0.0000
vt 0.1159 0.0136 0.0000
vt 0.1102 0.0377 0.0000
vt 0.0054 0.2106 0.0000
vt 0.0596 0.3353 0.0000
vt 0.0217 0.3416 0.0000
vt 0.0049 0.3381 0.0000
vt 0.0341 0.2966 0.0000
vt 0.0135 0.2735 0.0000
vt 0.0459 0.2613 0.0000
vt 0.1464 0.1700 0.0000
vt 0.0748 0.2039 0.0000
vt 0.4553 0.9146 0.0000
vt 0.4547 0.9060 0.0000
vt 0.4277 0.9070 0.0000
vt 0.4276 0.9131 0.0000
vt 0.4898 0.5708 0.0000
vt 0.4903 0.5798 0.0000
vt 0.4928 0.5900 0.0000
vt 0.5514 0.5749 0.0000
vt 0.5232 0.5749 0.0000
vt 0.5215 0.5653 0.0000
vt 0.5466 0.5597 0.0000
vt 0.4555 0.8935 0.0000
vt 0.4311 0.8907 0.0000
vt 0.4288 0.8979 0.0000
vt 0.4323 0.8835 0.0000
vt 0.4060 0.8845 0.0000
vt 0.4057 0.8918 0.0000
vt 0.4366 0.8747 0.0000
vt 0.4584 0.8849 0.0000
vt 0.4879 0.5635 0.0000
vt 0.5177 0.5377 0.0000
vt 0.5142 0.5550 0.0000
vt 0.5454 0.5505 0.0000
vt 0.4702 0.5338 0.0000
vt 0.4882 0.6214 0.0000
vt 0.4697 0.6459 0.0000
vt 0.4785 0.5386 0.0000
vt 0.3990 0.7192 0.0000
vt 0.3834 0.7142 0.0000
vt 0.4432 0.6920 0.0000
vt 0.5757 0.6213 0.0000
vt 0.5864 0.6352 0.0000
vt 0.5505 0.6320 0.0000
vt 0.5525 0.6184 0.0000
vt 0.5148 0.6246 0.0000
vt 0.5180 0.6126 0.0000
vt 0.4900 0.6068 0.0000
vt 0.4562 0.9462 0.0000
vt 0.4553 0.9363 0.0000
vt 0.4915 0.5986 0.0000
vt 0.5347 0.6667 0.0000
vt 0.5003 0.6486 0.0000
vt 0.5055 0.6381 0.0000
vt 0.5481 0.6455 0.0000
vt 0.5570 0.5886 0.0000
vt 0.5666 0.6074 0.0000
vt 0.5522 0.6038 0.0000
vt 0.5228 0.5993 0.0000
vt 0.5257 0.5885 0.0000
vt 0.5619 0.5515 0.0000
vt 0.4297 0.9215 0.0000
vt 0.4027 0.9029 0.0000
vt 0.4010 0.9148 0.0000
vt 0.4275 0.9000 0.0000
vt 0.5420 0.7051 0.0000
vt 0.5271 0.6734 0.0000
vt 0.5512 0.7023 0.0000
vt 0.0095 0.6437 0.0000
vt 0.2536 0.1959 0.0000
vt 0.2395 0.1900 0.0000
vt 0.2545 0.1837 0.0000
vt 0.0407 0.7060 0.0000
vt 0.0084 0.7051 0.0000
vt 0.0200 0.7438 0.0000
vt 0.8692 0.8122 0.0000
vt 0.7688 0.7671 0.0000
vt 0.7820 0.7558 0.0000
vt 0.8808 0.8060 0.0000
vt 0.5518 0.5128 0.0000
vt 0.5460 0.5068 0.0000
vt 0.5773 0.4981 0.0000
vt 0.5856 0.5074 0.0000
vt 0.4828 0.2314 0.0000
vt 0.4317 0.2878 0.0000
vt 0.4566 0.2284 0.0000
vt 0.5534 0.8627 0.0000
vt 0.5296 0.7862 0.0000
vt 0.6016 0.7650 0.0000
vt 0.6203 0.8304 0.0000
vt 0.6712 0.7279 0.0000
vt 0.6829 0.7100 0.0000
vt 0.5259 0.7540 0.0000
vt 0.4452 0.7023 0.0000
vt 0.5259 0.7276 0.0000
vt 0.5428 0.7193 0.0000
vt 0.2443 0.1771 0.0000
vt 0.0446 0.7860 0.0000
vt 0.0554 0.7805 0.0000
vt 0.0449 0.7393 0.0000
vt 0.6328 0.6092 0.0000
vt 0.6265 0.5956 0.0000
vt 0.1261 0.7623 0.0000
vt 0.1060 0.7440 0.0000
vt 0.1261 0.7139 0.0000
vt 0.0737 0.7351 0.0000
vt 0.0783 0.7043 0.0000
vt 0.1128 0.7047 0.0000
vt 0.5658 0.5269 0.0000
vt 0.5770 0.5537 0.0000
vt 0.5853 0.6048 0.0000
vt 0.5888 0.5917 0.0000
vt 0.5906 0.9803 0.0000
vt 0.5907 0.5590 0.0000
vt 0.6058 0.5390 0.0000
vt 0.6313 0.5410 0.0000
vt 0.6416 0.5632 0.0000
vt 0.6074 0.6947 0.0000
vt 0.6107 0.7035 0.0000
vt 0.5513 0.7112 0.0000
vt 0.5668 0.6074 0.0000
vt 0.5573 0.5888 0.0000
vt 0.5524 0.6039 0.0000
vt 0.5264 0.5885 0.0000
vt 0.5235 0.5993 0.0000
vt 0.4931 0.5898 0.0000
vt 0.4918 0.5987 0.0000
vt 0.5620 0.5512 0.0000
vt 0.5468 0.5597 0.0000
vt 0.5513 0.5750 0.0000
vt 0.4278 0.9132 0.0000
vt 0.4552 0.9147 0.0000
vt 0.4298 0.9215 0.0000
vt 0.4010 0.9149 0.0000
vt 0.4028 0.9029 0.0000
vt 0.4274 0.9000 0.0000
vt 0.4550 0.9061 0.0000
vt 0.4907 0.5798 0.0000
vt 0.4899 0.5710 0.0000
vt 0.4819 0.5869 0.0000
vt 0.5217 0.5652 0.0000
vt 0.5236 0.5749 0.0000
vt 0.4063 0.8847 0.0000
vt 0.4367 0.8748 0.0000
vt 0.4584 0.8848 0.0000
vt 0.4553 0.8935 0.0000
vt 0.4310 0.8908 0.0000
vt 0.4289 0.8979 0.0000
vt 0.6034 0.6724 0.0000
vt 0.6527 0.6910 0.0000
vt 0.6116 0.7028 0.0000
vt 0.6516 0.7007 0.0000
vt 0.6076 0.6947 0.0000
vt 0.4495 0.9861 0.0000
vt 0.4529 0.9746 0.0000
vt 0.5855 0.6047 0.0000
vt 0.5760 0.6214 0.0000
vt 0.5867 0.6351 0.0000
vt 0.4885 0.6327 0.0000
vt 0.4699 0.6459 0.0000
vt 0.5007 0.6487 0.0000
vt 0.5057 0.6381 0.0000
vt 0.5526 0.6185 0.0000
vt 0.5510 0.6319 0.0000
vt 0.5183 0.6126 0.0000
vt 0.5150 0.6245 0.0000
vt 0.4903 0.6066 0.0000
vt 0.4884 0.6214 0.0000
vt 0.5514 0.7022 0.0000
vt 0.4551 0.9364 0.0000
vt 0.5351 0.6669 0.0000
vt 0.5485 0.6457 0.0000
vt 0.5893 0.5916 0.0000
vt 0.6331 0.6092 0.0000
vt 0.6271 0.5952 0.0000
vt 0.5912 0.5590 0.0000
vt 0.6418 0.5630 0.0000
vt 0.6315 0.5412 0.0000
vt 0.6060 0.5389 0.0000
vt 0.5514 0.7112 0.0000
vt 0.6108 0.7035 0.0000
vt 0.5423 0.7051 0.0000
vt 0.5273 0.6736 0.0000
vt 0.0468 0.6369 0.0000
vt 0.0092 0.6445 0.0000
vt 0.3146 0.1898 0.0000
vt 0.3004 0.1959 0.0000
vt 0.2995 0.1838 0.0000
vt 0.0088 0.7059 0.0000
vt 0.0411 0.7063 0.0000
vt 0.0209 0.7445 0.0000
vt 0.4203 0.8123 0.0000
vt 0.4336 0.8056 0.0000
vt 0.3342 0.7568 0.0000
vt 0.3199 0.7674 0.0000
vt 0.5520 0.5128 0.0000
vt 0.5858 0.5074 0.0000
vt 0.5776 0.4980 0.0000
vt 0.5462 0.5067 0.0000
vt 0.4705 0.5339 0.0000
vt 0.4787 0.5386 0.0000
vt 0.3004 0.0773 0.0000
vt 0.2536 0.0773 0.0000
vt 0.2345 0.7088 0.0000
vt 0.2230 0.7296 0.0000
vt 0.4057 0.8917 0.0000
vt 0.4880 0.5635 0.0000
vt 0.5145 0.5550 0.0000
vt 0.5179 0.5378 0.0000
vt 0.5458 0.5505 0.0000
vt 0.4161 0.2457 0.0000
vt 0.5428 0.7624 0.0000
vt 0.3096 0.1770 0.0000
vt 0.0459 0.7857 0.0000
vt 0.0458 0.7398 0.0000
vt 0.0567 0.7801 0.0000
vt 0.5772 0.5533 0.0000
vt 0.5661 0.5268 0.0000
vt 0.6014 0.5810 0.0000
vt 0.6232 0.5832 0.0000
vt 0.4183 0.3286 0.0000
vt 0.4043 0.3083 0.0000
vt 0.3713 0.3088 0.0000
vt 0.3860 0.3345 0.0000
vt 0.4235 0.3031 0.0000
vt 0.4508 0.3224 0.0000
vt 0.4506 0.3069 0.0000
vt 0.1095 0.6430 0.0000
vt 0.5970 0.5204 0.0000
vt 0.4168 0.0091 0.0000
vt 0.4273 0.0051 0.0000
vt 0.3171 0.0211 0.0000
vt 0.3534 0.0024 0.0000
vt 0.3263 0.0300 0.0000
vt 0.0983 0.4836 0.0000
vt 0.0772 0.4842 0.0000
vt 0.1037 0.2613 0.0000
vt 0.0773 0.4886 0.0000
vt 0.1195 0.4886 0.0000
vt 0.0707 0.5112 0.0000
vt 0.0984 0.4834 0.0000
vt 0.1260 0.5112 0.0000
vt 0.5873 0.6472 0.0000
vt 0.3599 0.0807 0.0000
vt 0.3307 0.0908 0.0000
vt 0.3669 0.1591 0.0000
vt 0.3478 0.1650 0.0000
vt 0.6440 0.5241 0.0000
vt 0.0162 0.9574 0.0000
vt 0.0949 0.9941 0.0000
vt 0.0576 0.7439 0.0000
vt 0.1513 0.9900 0.0000
vt 0.2165 0.8975 0.0000
vt 0.1385 0.9934 0.0000
vt 0.4422 0.8245 0.0000
vt 0.3617 0.9080 0.0000
vt 0.3245 0.2137 0.0000
vt 0.3192 0.2027 0.0000
vt 0.3717 0.9255 0.0000
vt 0.7044 0.7028 0.0000
vt 0.6571 0.6997 0.0000
vt 0.4621 0.6438 0.0000
vt 0.4082 0.2760 0.0000
vt 0.4766 0.5313 0.0000
vt 0.6439 0.5240 0.0000
vt 0.5967 0.5204 0.0000
vt 0.3726 0.1553 0.0000
vt 0.3694 0.0726 0.0000
vt 0.3702 0.0452 0.0000
vt 0.1259 0.4886 0.0000
vt 0.1194 0.4842 0.0000
vt 0.1250 0.4285 0.0000
vt 0.0494 0.0299 0.0000
vt 0.1000 0.0299 0.0000
vt 0.1009 0.0042 0.0000
vt 0.0485 0.0042 0.0000
vt 0.1137 0.1617 0.0000
vt 0.6033 0.6724 0.0000
vt 0.5871 0.6471 0.0000
vt 0.6525 0.6908 0.0000
vt 0.4769 0.5313 0.0000
vt 0.1869 0.0407 0.0000
vt 0.2250 0.0946 0.0000
vt 0.1795 0.0949 0.0000
vt 0.4083 0.2059 0.0000
vt 0.4235 0.2132 0.0000
vt 0.4282 0.1890 0.0000
vt 0.4886 0.2062 0.0000
vt 0.4759 0.2074 0.0000
vt 0.2384 0.0458 0.0000
vt 0.1807 0.0035 0.0000
vt 0.0876 0.3089 0.0000
vt 0.0881 0.3198 0.0000
vt 0.0748 0.3140 0.0000
vt 0.0580 0.5595 0.0000
vt 0.1387 0.5595 0.0000
vt 0.0984 0.5841 0.0000
vt 0.1409 0.6103 0.0000
vt 0.4509 0.3224 0.0000
vt 0.4506 0.3068 0.0000
vt 0.4804 0.3069 0.0000
vt 0.4802 0.3224 0.0000
vt 0.1218 0.6092 0.0000
vt 0.3371 0.4797 0.0000
vt 0.3390 0.4501 0.0000
vt 0.4178 0.4501 0.0000
vt 0.4197 0.4797 0.0000
vt 0.4206 0.5284 0.0000
vt 0.4206 0.5451 0.0000
vt 0.4064 0.5451 0.0000
vt 0.4064 0.5284 0.0000
vt 0.4556 0.5541 0.0000
vt 0.4542 0.5220 0.0000
vt 0.4285 0.4954 0.0000
vt 0.3986 0.4954 0.0000
vt 0.3986 0.4955 0.0000
vt 0.4285 0.4955 0.0000
vt 0.3713 0.5526 0.0000
vt 0.3730 0.5231 0.0000
vt 0.3136 0.2844 0.0000
vt 0.3136 0.3386 0.0000
vt 0.2821 0.3371 0.0000
vt 0.3451 0.3371 0.0000
vt 0.3635 0.5081 0.0000
vt 0.4540 0.5231 0.0000
vt 0.4558 0.5526 0.0000
vt 0.4285 0.5802 0.0000
vt 0.3986 0.5802 0.0000
vt 0.4541 0.5226 0.0000
vt 0.4558 0.5532 0.0000
vt 0.3986 0.5803 0.0000
vt 0.4285 0.5803 0.0000
vt 0.3713 0.5531 0.0000
vt 0.3730 0.5226 0.0000
vt 0.3986 0.4951 0.0000
vt 0.4285 0.4951 0.0000
vt 0.3986 0.5804 0.0000
vt 0.4285 0.5804 0.0000
vt 0.3714 0.5541 0.0000
vt 0.3728 0.5220 0.0000
vt 0.3713 0.4574 0.0000
vt 0.3635 0.4238 0.0000
vt 0.3933 0.4238 0.0000
vt 0.3361 0.4798 0.0000
vt 0.3382 0.4478 0.0000
vt 0.2891 0.3678 0.0000
vt 0.3934 0.3627 0.0000
vt 0.4223 0.3621 0.0000
vt 0.4518 0.3603 0.0000
vt 0.4792 0.3603 0.0000
vt 0.4519 0.3603 0.0000
vt 0.4224 0.3621 0.0000
vt 0.4180 0.3287 0.0000
vt 0.3934 0.3629 0.0000
vt 0.3855 0.3351 0.0000
vt 0.3381 0.3678 0.0000
vt 0.3136 0.3687 0.0000
vt 0.4657 0.6542 0.0000
vt 0.2609 0.3097 0.0000
vt 0.4655 0.6544 0.0000
vt 0.3663 0.3095 0.0000
vt 0.3136 0.4069 0.0000
vt 0.2881 0.4055 0.0000
vt 0.3919 0.4041 0.0000
vt 0.4218 0.3986 0.0000
vt 0.4513 0.3956 0.0000
vt 0.4797 0.3956 0.0000
vt 0.4514 0.3956 0.0000
vt 0.4220 0.3987 0.0000
vt 0.3919 0.4047 0.0000
vt 0.3391 0.4055 0.0000
vt 0.3534 0.0029 0.0000
vt 0.3164 0.0210 0.0000
vt 0.3258 0.0297 0.0000
vt 0.6712 0.7616 0.0000
vt 0.8106 0.9079 0.0000
vt 0.4528 0.9743 0.0000
vt 0.3589 0.0803 0.0000
vt 0.3673 0.1586 0.0000
vt 0.3305 0.0914 0.0000
vt 0.3482 0.1643 0.0000
vt 0.3194 0.2028 0.0000
vt 0.3246 0.2138 0.0000
vt 0.8895 0.8242 0.0000
vt 0.8208 0.9258 0.0000
vt 0.7041 0.7029 0.0000
vt 0.6568 0.6996 0.0000
vt 0.6011 0.5810 0.0000
vt 0.6228 0.5833 0.0000
vt 0.3705 0.3096 0.0000
vt 0.4033 0.3086 0.0000
vt 0.4236 0.3031 0.0000
vt 0.5435 0.9811 0.0000
vt 0.5862 0.9936 0.0000
vt 0.5435 0.9937 0.0000
vt 0.4692 0.7945 0.0000
vt 0.4831 0.8561 0.0000
vt 0.4638 0.8517 0.0000
vt 0.4514 0.8163 0.0000
vt 0.4726 0.9483 0.0000
vt 0.4615 0.9494 0.0000
vt 0.6115 0.7028 0.0000
vt 0.6514 0.7006 0.0000
vt 0.4497 0.9856 0.0000
vt 0.4882 0.6328 0.0000
vt 0.4620 0.6439 0.0000
vt 0.4640 0.9573 0.0000
vt 0.6651 0.8968 0.0000
vt 0.6002 0.9902 0.0000
vt 0.1460 0.0036 0.0000
vt 0.1298 0.0184 0.0000
vt 0.1104 0.0378 0.0000
vt 0.1715 0.3469 0.0000
vt 0.1664 0.3600 0.0000
vt 0.1461 0.3503 0.0000
vt 0.1114 0.3592 0.0000
vt 0.1421 0.1527 0.0000
vt 0.1155 0.3182 0.0000
vt 0.0900 0.3353 0.0000
vt 0.1407 0.3381 0.0000
vt 0.1239 0.3416 0.0000
vt 0.1155 0.2966 0.0000
vt 0.1116 0.3513 0.0000
vt 0.1199 0.3497 0.0000
vt 0.1984 0.1827 0.0000
vt 0.1463 0.1700 0.0000
vt 0.2139 0.1436 0.0000
vt 0.1391 0.3629 0.0000
vt 0.4235 0.2015 0.0000
vt 0.4162 0.1708 0.0000
vt 0.1582 0.0127 0.0000
vt 0.1653 0.0301 0.0000
vt 0.1520 0.0470 0.0000
vt 0.1250 0.0520 0.0000
vt 0.1838 0.3440 0.0000
vt 0.1196 0.0077 0.0000
vt 0.1257 0.4239 0.0000
vt 0.2504 0.1684 0.0000
vt 0.2453 0.1216 0.0000
vt 0.1175 0.4256 0.0000
vt 0.0558 0.6103 0.0000
vt 0.2547 0.3841 0.0000
vt 0.2143 0.3838 0.0000
vt 0.2144 0.3683 0.0000
vt 0.2549 0.3687 0.0000
vt 0.2547 0.3986 0.0000
vt 0.2142 0.3982 0.0000
vt 0.2550 0.3533 0.0000
vt 0.2698 0.3485 0.0000
vt 0.2789 0.3611 0.0000
vt 0.2697 0.3737 0.0000
vt 0.2170 0.4821 0.0000
vt 0.2442 0.4826 0.0000
vt 0.2520 0.5353 0.0000
vt 0.2130 0.5352 0.0000
vt 0.2392 0.4761 0.0000
vt 0.2226 0.4756 0.0000
vt 0.1861 0.5042 0.0000
vt 0.2766 0.5016 0.0000
vt 0.2824 0.5470 0.0000
vt 0.2587 0.6197 0.0000
vt 0.2038 0.6179 0.0000
vt 0.2191 0.5863 0.0000
vt 0.2453 0.5865 0.0000
vt 0.2429 0.6497 0.0000
vt 0.2154 0.6496 0.0000
vt 0.1497 0.6942 0.0000
vt 0.1497 0.6778 0.0000
vt 0.1926 0.6776 0.0000
vt 0.1926 0.6942 0.0000
vt 0.1384 0.6584 0.0000
vt 0.1473 0.6385 0.0000
vt 0.0645 0.6942 0.0000
vt 0.0645 0.6778 0.0000
vt 0.1109 0.6778 0.0000
vt 0.3459 0.6947 0.0000
vt 0.3402 0.7111 0.0000
vt 0.3188 0.6945 0.0000
vt 0.3790 0.6947 0.0000
vt 0.3574 0.7111 0.0000
vt 0.3518 0.6947 0.0000
vt 0.3463 0.6609 0.0000
vt 0.3369 0.6866 0.0000
vt 0.3339 0.5931 0.0000
vt 0.3529 0.6609 0.0000
vt 0.3551 0.5932 0.0000
vt 0.3658 0.5935 0.0000
vt 0.2953 0.6722 0.0000
vt 0.3064 0.6377 0.0000
vt 0.3152 0.6396 0.0000
vt 0.3871 0.6416 0.0000
vt 0.3959 0.6393 0.0000
vt 0.4064 0.6735 0.0000
vt 0.3884 0.5921 0.0000
vt 0.3062 0.5874 0.0000
vt 0.3146 0.5910 0.0000
vt 0.3222 0.5924 0.0000
vt 0.3271 0.6851 0.0000
vt 0.3888 0.6833 0.0000
vt 0.3811 0.6860 0.0000
vt 0.3384 0.7371 0.0000
vt 0.3592 0.7370 0.0000
vt 0.1904 0.3605 0.0000
vt 0.1997 0.3479 0.0000
vt 0.2145 0.3529 0.0000
vt 0.1995 0.3732 0.0000
vt 0.2548 0.3402 0.0000
vt 0.2144 0.3398 0.0000
vt 0.2148 0.3279 0.0000
vt 0.2552 0.3282 0.0000
vt 0.1817 0.5496 0.0000
vt 0.3180 0.5779 0.0000
vt 0.3153 0.5204 0.0000
vt 0.2858 0.5877 0.0000
vt 0.3456 0.5773 0.0000
vt 0.3446 0.5204 0.0000
vt 0.1470 0.5250 0.0000
vt 0.2407 0.4193 0.0000
vt 0.2478 0.4060 0.0000
vt 0.2243 0.4188 0.0000
vt 0.2186 0.4053 0.0000
vt 0.3623 0.6868 0.0000
vt 0.3783 0.5935 0.0000
vt 0.3720 0.6854 0.0000
vt 0.3446 0.5929 0.0000
vt 0.3127 0.6826 0.0000
vt 0.3202 0.6854 0.0000
vt 0.4150 0.6390 0.0000
vt 0.4224 0.6384 0.0000
vt 0.4139 0.5883 0.0000
vt 0.4246 0.5882 0.0000
vt 0.3969 0.5885 0.0000
vt 0.1109 0.6942 0.0000
vt 0.1885 0.7552 0.0000
vt 0.1475 0.7334 0.0000
vt 0.1882 0.6165 0.0000
vt 0.2141 0.4474 0.0000
vt 0.2494 0.4484 0.0000
vt 0.1279 0.6778 0.0000
vt 0.1279 0.6942 0.0000
vt 0.1385 0.7136 0.0000
vt 0.1511 0.5821 0.0000
vt 0.1846 0.5899 0.0000
vt 0.6735 0.4116 0.0000
vt 0.6453 0.4134 0.0000
vt 0.6443 0.3970 0.0000
vt 0.5292 0.4120 0.0000
vt 0.5332 0.3440 0.0000
vt 0.5494 0.4047 0.0000
vt 0.5069 0.3521 0.0000
vt 0.5082 0.4129 0.0000
vt 0.6876 0.4076 0.0000
vt 0.6724 0.3958 0.0000
vt 0.5823 0.2538 0.0000
vt 0.5988 0.3408 0.0000
vt 0.5694 0.3249 0.0000
vt 0.5827 0.4048 0.0000
vt 0.5336 0.2692 0.0000
vt 0.4616 0.1867 0.0000
vt 0.4544 0.1718 0.0000
vt 0.4616 0.1569 0.0000
vt 0.5082 0.1866 0.0000
vt 0.4921 0.1903 0.0000
vt 0.4921 0.1532 0.0000
vt 0.5082 0.1568 0.0000
vt 0.4847 0.0297 0.0000
vt 0.4982 0.0124 0.0000
vt 0.5202 0.0125 0.0000
vt 0.5336 0.0297 0.0000
vt 0.4935 0.2880 0.0000
vt 0.6048 0.4144 0.0000
vt 0.6027 0.4409 0.0000
vt 0.5816 0.4183 0.0000
vt 0.6270 0.4387 0.0000
vt 0.6253 0.4135 0.0000
vt 0.5511 0.4176 0.0000
vt 0.5299 0.4356 0.0000
vt 0.6905 0.4306 0.0000
vt 0.5551 0.2440 0.0000
vt 0.5592 0.2570 0.0000
vt 0.5278 0.2610 0.0000
vt 0.6117 0.2551 0.0000
vt 0.6071 0.2644 0.0000
vt 0.5863 0.2410 0.0000
vt 0.6393 0.2706 0.0000
vt 0.6337 0.2782 0.0000
vt 0.5154 0.1717 0.0000
vt 0.4778 0.1904 0.0000
vt 0.4777 0.1532 0.0000
vt 0.6772 0.2831 0.0000
vt 0.6732 0.2746 0.0000
vt 0.6518 0.3502 0.0000
vt 0.6914 0.3467 0.0000
vt 0.4256 0.6720 0.0000
vt 0.4122 0.6722 0.0000
vt 0.4292 0.6886 0.0000
vt 0.4066 0.6889 0.0000
vt 0.8373 0.9443 0.0000
vt 0.8934 0.9378 0.0000
vt 0.8854 0.9562 0.0000
vt 0.9207 0.9510 0.0000
vt 0.8326 0.9543 0.0000
vt 0.9029 0.9076 0.0000
vt 0.9004 0.9211 0.0000
vt 0.9274 0.9054 0.0000
vt 0.9368 0.9143 0.0000
vt 0.9217 0.9713 0.0000
vt 0.9365 0.9830 0.0000
vt 0.8935 0.9846 0.0000
vt 0.9069 0.9274 0.0000
vt 0.9343 0.9394 0.0000
vt 0.8849 0.9673 0.0000
vt 0.9320 0.9969 0.0000
vt 0.9094 0.9964 0.0000
vt 0.9315 0.9259 0.0000
vt 0.8802 0.9289 0.0000
vt 0.8465 0.9309 0.0000
vt 0.8898 0.9081 0.0000
vt 0.8897 0.8943 0.0000
vt 0.9030 0.8978 0.0000
vt 0.8384 0.9845 0.0000
vt 0.8468 0.9945 0.0000
vt 0.8799 0.9954 0.0000
vt 0.8715 0.8910 0.0000
vt 0.8712 0.9123 0.0000
vt 0.8573 0.9117 0.0000
vt 0.8579 0.8924 0.0000
vt 0.8087 0.9455 0.0000
vt 0.7981 0.9434 0.0000
vt 0.7991 0.9619 0.0000
vt 0.9372 0.8894 0.0000
vt 0.9018 0.8844 0.0000
vt 0.9269 0.8985 0.0000
vt 0.8006 0.9886 0.0000
vt 0.8080 0.9859 0.0000
vt 0.8122 0.9570 0.0000
vt 0.9899 0.9151 0.0000
vt 0.9881 0.8790 0.0000
vt 0.9460 0.9146 0.0000
vt 0.9482 0.8819 0.0000
vt 0.9771 0.8513 0.0000
vt 0.9535 0.8519 0.0000
vt 0.9379 0.9558 0.0000
vt 0.9972 0.9555 0.0000
vt 0.9636 0.9957 0.0000
vt 0.9452 0.9920 0.0000
vt 0.9361 0.8949 0.0000
vt 0.9373 0.9061 0.0000
vt 0.8265 0.9937 0.0000
vt 0.8250 0.9849 0.0000
vt 0.9903 0.9803 0.0000
vt 0.8169 0.9324 0.0000
vt 0.8152 0.9441 0.0000
vt 0.8142 0.9566 0.0000
vt 0.4567 0.4809 0.0000
vt 0.4481 0.4387 0.0000
vt 0.4830 0.4387 0.0000
vt 0.4744 0.4809 0.0000
vt 0.2054 0.9573 0.0000
vt 0.2339 0.9428 0.0000
vt 0.3077 0.9760 0.0000
vt 0.6822 0.9558 0.0000
vt 0.6871 0.9724 0.0000
vt 0.6664 0.9599 0.0000
vt 0.4390 0.4192 0.0000
vt 0.4227 0.4085 0.0000
vt 0.4225 0.4083 0.0000
vt 0.4388 0.4192 0.0000
vt 0.3919 0.4035 0.0000
vt 0.3970 0.4141 0.0000
vt 0.3976 0.4149 0.0000
vt 0.4921 0.4192 0.0000
vt 0.4655 0.4130 0.0000
vt 0.6950 0.9741 0.0000
vt 0.7386 0.9793 0.0000
vt 0.6871 0.9860 0.0000
vt 0.2963 0.4389 0.0000
vt 0.2765 0.4120 0.0000
vt 0.2881 0.4064 0.0000
vt 0.3391 0.4064 0.0000
vt 0.3507 0.4120 0.0000
vt 0.3308 0.4389 0.0000
vt 0.6151 0.5904 0.0000
vt 0.6309 0.5323 0.0000
vt 0.6392 0.5798 0.0000
vt 0.6047 0.5312 0.0000
vt 0.5920 0.5778 0.0000
vt 0.5874 0.5515 0.0000
vt 0.7459 0.9037 0.0000
vt 0.7432 0.9313 0.0000
vt 0.7140 0.9310 0.0000
vt 0.2454 0.9250 0.0000
vt 0.3369 0.9612 0.0000
vt 0.6548 0.9314 0.0000
vt 0.6903 0.9038 0.0000
vt 0.6942 0.9149 0.0000
vt 0.6581 0.9406 0.0000
vt 0.6872 0.9391 0.0000
vt 0.3474 0.9373 0.0000
vt 0.3039 0.9029 0.0000
vt 0.3241 0.4651 0.0000
vt 0.3031 0.4651 0.0000
vt 0.7737 0.9875 0.0000
vt 0.7663 0.9746 0.0000
vt 0.5833 0.0026 0.0000
vt 0.5634 0.0026 0.0000
vt 0.5424 0.0126 0.0000
vt 0.5632 0.0126 0.0000
vt 0.5203 0.0065 0.0000
vt 0.4985 0.0063 0.0000
vt 0.4767 0.0125 0.0000
vt 0.4767 0.0022 0.0000
vt 0.4547 0.0020 0.0000
vt 0.6023 0.0127 0.0000
vt 0.6463 0.5539 0.0000
vt 0.6667 0.4764 0.0000
vt 0.6737 0.4541 0.0000
vt 0.6425 0.4663 0.0000
vt 0.6793 0.4999 0.0000
vt 0.6977 0.4685 0.0000
vt 0.5739 0.4535 0.0000
vt 0.5869 0.4931 0.0000
vt 0.6026 0.4637 0.0000
vt 0.6149 0.4862 0.0000
vt 0.6064 0.5054 0.0000
vt 0.6435 0.4875 0.0000
vt 0.6288 0.5127 0.0000
vt 0.6504 0.5060 0.0000
vt 0.4895 0.0511 0.0000
vt 0.5287 0.0510 0.0000
vt 0.5092 0.0606 0.0000
vt 0.7716 0.9930 0.0000
vt 0.6903 0.9947 0.0000
vt 0.7746 0.9582 0.0000
vt 0.7652 0.9637 0.0000
vt 0.2058 0.9916 0.0000
vt 0.3082 0.9924 0.0000
vt 0.3047 0.5066 0.0000
vt 0.3064 0.4771 0.0000
vt 0.3208 0.4771 0.0000
vt 0.3225 0.5066 0.0000
vt 0.7514 0.9446 0.0000
vt 0.7447 0.9475 0.0000
vt 0.7434 0.9314 0.0000
vt 0.2410 0.8882 0.0000
vt 0.2330 0.9045 0.0000
vt 0.7538 0.9159 0.0000
vt 0.7441 0.8935 0.0000
vt 0.7595 0.9087 0.0000
vt 0.7524 0.8957 0.0000
vt 0.6588 0.9659 0.0000
vt 0.6483 0.9449 0.0000
vt 0.7524 0.9316 0.0000
vt 0.7616 0.9206 0.0000
vt 0.7798 0.9890 0.0000
vt 0.7820 0.9596 0.0000
vt 0.7572 0.9405 0.0000
vt 0.7762 0.9506 0.0000
vt 0.6786 0.9771 0.0000
vt 0.6792 0.9890 0.0000
vt 0.7513 0.9447 0.0000
vt 0.6258 0.3500 0.0000
vt 0.5044 0.4363 0.0000
vt 0.5769 0.4306 0.0000
vt 0.6483 0.4242 0.0000
vt 0.6358 0.4412 0.0000
vt 0.5529 0.4301 0.0000
vt 0.6691 0.4230 0.0000
vt 0.4944 0.2777 0.0000
vt 0.5264 0.4431 0.0000
vt 0.5072 0.4439 0.0000
vt 0.6842 0.4392 0.0000
vt 0.5358 0.4443 0.0000
vt 0.6048 0.4519 0.0000
vt 0.6240 0.4502 0.0000
vt 0.5928 0.4462 0.0000
vt 0.5836 0.3968 0.7948
vt 0.5836 0.3968 0.5041
vt 0.5836 0.3968 0.5014
vt 0.5836 0.3969 0.5014
vt 0.5836 0.3969 0.5041
vt 0.5837 0.3969 0.5014
vt 0.5837 0.3968 0.5041
vt 0.5837 0.3968 0.5014
vt 0.5836 0.3968 0.6061
vt 0.5836 0.3968 0.7369
vt 0.5836 0.3969 0.7369
vt 0.5836 0.3969 0.6061
vt 0.5837 0.3969 0.7369
vt 0.5837 0.3969 0.6061
vt 0.5837 0.3968 0.7369
vt 0.5837 0.3968 0.6061
vt 0.5836 0.3968 0.8912
vt 0.5836 0.3968 1.0551
vt 0.5836 0.3968 1.2190
vt 0.5836 0.3968 1.3705
vt 0.5836 0.3969 1.2190
vt 0.5836 0.3969 1.0551
vt 0.5836 0.3969 1.3705
vt 0.5837 0.3968 1.2190
vt 0.5837 0.3968 1.0551
vt 0.5837 0.3968 1.3705
vt 0.5836 0.3968 1.5014
vt 0.5836 0.3968 1.1047
vt 0.5837 0.3968 1.5014
vt 0.5836 0.3969 1.5014
vt 0.5837 0.3968 0.8912
vt 0.5836 0.3969 0.8912
vt 0.9095 0.0910 0.0000
vt 0.9076 0.1765 0.0000
vt 0.9028 0.0886 0.0000
vt 0.9014 0.1661 0.0000
vt 0.7659 0.3734 0.0000
vt 0.7659 0.3551 0.0000
vt 0.6995 0.3550 0.0000
vt 0.6995 0.3735 0.0000
vt 0.9100 0.0946 0.0000
vt 0.9081 0.0906 0.0000
vt 0.9090 0.1782 0.0000
vt 0.9118 0.1744 0.0000
vt 0.9016 0.0859 0.0000
vt 0.8982 0.1703 0.0000
vt 0.8967 0.0849 0.0000
vt 0.9010 0.1665 0.0000
vt 0.7656 0.3735 0.0000
vt 0.7656 0.3552 0.0000
vt 0.6993 0.3553 0.0000
vt 0.6993 0.3734 0.0000
vt 0.6993 0.3555 0.0000
vt 0.7654 0.3555 0.0000
vt 0.6998 0.3550 0.0000
vt 0.8997 0.1416 0.0000
# 1570 texture coords

g Necron
usemtl Tex_0000_0_dds
s 1
f 1/1/1 2/2/2 3/3/1 
s 2
f 4/4/3 5/5/3 6/6/3 
s 3
f 6/6/3 7/7/3 4/4/3 
s 4
f 3/8/4 8/9/4 9/10/4 
s 5
f 9/10/4 10/4/4 3/8/4 
s 6
f 11/11/5 12/12/5 13/12/5 
s 7
f 13/12/5 14/11/5 11/11/5 
s 8
f 1/4/6 15/10/6 16/9/6 
s 9
f 16/9/6 2/8/6 1/4/6 
s 10
f 17/7/7 18/6/7 19/5/7 
s 11
f 19/5/7 20/4/7 17/7/7 
s 12
f 21/13/8 22/14/8 23/15/8 
s 13
f 23/15/8 24/7/8 21/13/8 
s 14
f 25/16/9 26/17/9 27/17/9 
s 15
f 27/17/9 28/16/9 25/16/9 
s 16
f 29/7/10 30/15/10 31/14/10 
s 17
f 31/14/10 32/13/10 29/7/10 
s 18
f 33/18/11 34/19/11 35/20/11 
s 19
f 35/20/12 36/21/12 33/18/12 
s 20
f 37/19/13 38/18/13 39/21/13 
s 21
f 39/21/14 40/20/14 37/19/14 
s 22
f 41/22/7 34/19/7 33/18/7 
s 23
f 38/18/3 37/19/3 42/22/3 
s 24
f 33/18/7 43/23/7 44/24/7 
s 25
f 45/24/3 46/23/3 38/18/3 
s 26
f 41/22/7 33/18/7 44/24/7 
s 28
f 1/4/5 20/4/5 19/5/5 
s 29
f 19/5/5 15/10/5 1/4/5 
s 30
f 47/25/1 48/26/1 49/27/1 
s 31
f 49/27/1 50/28/1 47/25/1 
s 32
f 23/15/9 18/6/9 17/7/9 
s 33
f 17/7/9 24/7/9 23/15/9 
s 36
f 21/13/7 28/16/7 27/17/7 
s 37
f 27/17/7 22/14/7 21/13/7 
s 38
f 51/29/1 52/30/1 53/30/1 
s 39
f 53/30/1 54/29/1 51/29/1 
s 40
f 31/14/3 26/17/3 25/16/3 
s 41
f 25/16/3 32/13/3 31/14/3 
s 48
f 29/31/1 3/3/1 10/32/1 
s 49
f 29/31/1 1/1/1 3/3/1 
s 50
f 29/31/1 21/33/1 1/1/1 
s 51
f 29/31/1 32/34/1 21/33/1 
s 52
f 21/33/1 24/35/1 1/1/1 
s 53
f 55/36/15 46/23/15 45/24/15 
s 54
f 56/37/16 57/38/16 58/39/16 
s 55
f 58/39/17 45/24/17 56/37/17 
s 56
f 59/40/18 60/41/18 57/38/18 
s 57
f 57/38/19 56/37/19 59/40/19 
s 58
f 61/42/20 62/43/20 60/41/20 
s 59
f 60/41/21 59/40/21 61/42/21 
s 60
f 63/44/22 64/45/22 62/43/22 
s 61
f 62/43/23 61/42/23 63/44/23 
s 62
f 61/42/3 42/22/3 63/44/3 
s 63
f 41/22/24 65/46/24 66/46/24 
s 64
f 66/46/24 42/22/24 41/22/24 
s 65
f 36/21/25 35/20/25 40/20/25 
s 66
f 40/20/25 39/21/25 36/21/25 
s 67
f 35/20/26 34/19/26 37/19/26 
s 68
f 37/19/27 40/20/27 35/20/27 
s 69
f 34/19/28 41/22/28 42/22/28 
s 70
f 42/22/28 37/19/28 34/19/28 
s 71
f 33/18/29 36/21/29 39/21/29 
s 72
f 39/21/29 38/18/29 33/18/29 
s 73
f 38/18/30 46/23/30 43/23/30 
s 74
f 43/23/30 33/18/30 38/18/30 
s 75
f 67/47/31 68/48/31 69/49/31 
s 76
f 69/49/31 70/50/31 67/47/31 
s 77
f 71/47/32 72/48/32 68/48/32 
s 78
f 68/48/32 67/47/32 71/47/32 
s 79
f 45/24/3 38/18/3 42/22/3 
s 80
f 41/22/7 44/24/7 73/37/7 
s 81
f 56/37/3 45/24/3 42/22/3 
s 82
f 41/22/7 73/37/7 74/40/7 
s 83
f 59/40/3 56/37/3 42/22/3 
s 84
f 41/22/7 75/42/7 76/44/7 
s 85
f 42/22/33 66/46/33 63/44/33 
s 86
f 41/22/7 74/40/7 75/42/7 
s 87
f 61/42/3 59/40/3 42/22/3 
s 88
f 41/22/34 76/44/34 65/46/34 
s 89
f 66/46/35 77/51/35 64/45/35 
s 90
f 64/45/36 63/44/36 66/46/36 
s 91
f 77/51/37 66/46/37 65/46/37 
s 92
f 76/44/38 64/45/38 77/51/38 
s 93
f 77/51/39 65/46/39 76/44/39 
s 94
f 75/42/40 62/43/40 64/45/40 
s 95
f 64/45/41 76/44/41 75/42/41 
s 96
f 74/40/42 60/41/42 62/43/42 
s 97
f 62/43/43 75/42/43 74/40/43 
s 98
f 73/37/44 57/38/44 60/41/44 
s 99
f 60/41/45 74/40/45 73/37/45 
s 100
f 44/24/46 58/39/46 57/38/46 
s 101
f 57/38/47 73/37/47 44/24/47 
s 102
f 43/23/48 55/36/48 58/39/48 
s 103
f 58/39/49 44/24/49 43/23/49 
s 104
f 55/36/50 43/23/50 46/23/50 
s 105
f 45/24/51 58/39/51 55/36/51 
s 106
f 78/52/52 79/53/53 80/54/54 
s 107
f 81/55/55 82/56/56 83/57/57 
s 108
f 83/57/57 78/58/58 81/55/55 
s 109
f 82/56/56 80/54/54 79/53/53 
s 110
f 79/53/53 83/57/57 82/56/56 
s 111
f 79/59/59 78/60/60 84/61/61 
s 112
f 84/61/61 85/62/62 79/59/59 
s 113
f 78/63/63 83/64/64 86/65/65 
s 114
f 86/65/65 84/66/66 78/63/63 
s 115
f 83/64/64 79/59/59 85/62/62 
s 116
f 85/62/62 86/65/65 83/64/64 
s 117
f 85/67/67 84/68/68 87/69/68 
s 118
f 87/69/68 88/70/69 85/67/67 
s 119
f 84/71/70 86/72/71 89/73/72 
s 120
f 89/73/72 87/74/70 84/71/70 
s 121
f 86/72/71 85/67/67 88/70/69 
s 122
f 88/70/69 89/73/72 86/72/71 
s 123
f 90/75/1 91/76/1 92/77/1 
s 124
f 90/75/1 93/78/1 91/76/1 
s 125
f 90/75/1 94/79/1 93/78/1 
s 126
f 95/80/73 90/81/74 92/82/75 
s 127
f 92/82/75 96/83/75 95/80/73 
s 128
f 97/84/76 94/85/76 90/81/77 
s 129
f 90/81/77 95/80/73 97/84/76 
s 130
f 98/84/78 93/85/78 94/85/76 
s 131
f 94/85/76 97/84/76 98/84/78 
s 132
f 99/86/3 100/87/3 101/88/3 
s 133
f 101/88/3 102/89/3 99/86/3 
s 134
f 103/90/79 99/86/79 102/89/79 
s 135
f 102/89/80 104/91/80 103/90/80 
s 136
f 105/92/81 99/86/81 103/90/81 
s 137
f 103/90/82 106/93/82 105/92/82 
s 138
f 107/94/83 108/94/83 109/95/83 
s 139
f 108/94/83 110/95/83 109/95/83 
s 140
f 110/95/84 111/96/84 109/95/84 
s 141
f 111/96/84 112/96/84 109/95/84 
s 142
f 113/97/85 114/98/85 115/98/85 
s 143
f 115/98/85 116/97/85 113/97/85 
s 144
f 108/94/3 116/97/3 115/98/3 
s 145
f 115/98/3 110/95/3 108/94/3 
s 146
f 117/99/86 118/100/87 119/101/87 
s 147
f 119/101/87 120/102/88 117/99/86 
s 148
f 118/103/89 121/104/90 122/105/91 
s 149
f 122/105/91 119/106/89 118/103/89 
s 150
f 121/104/90 117/99/86 120/102/88 
s 151
f 120/102/88 122/105/91 121/104/90 
s 152
f 120/107/92 119/108/93 81/109/94 
s 153
f 81/109/94 80/110/95 120/107/92 
s 154
f 119/111/96 122/112/97 82/113/98 
s 155
f 82/113/98 81/114/99 119/111/96 
s 156
f 122/112/97 120/107/92 80/110/95 
s 157
f 80/110/95 82/113/98 122/112/97 
s 158
f 80/54/54 81/115/100 78/52/52 
s 159
f 50/28/3 1/4/3 24/7/3 
s 160
f 25/16/101 52/30/101 51/29/101 
s 161
f 51/29/102 32/13/102 25/16/102 
s 162
f 28/16/103 53/30/103 52/30/103 
s 163
f 52/30/103 25/16/103 28/16/103 
s 164
f 21/13/104 54/29/104 53/30/104 
s 165
f 53/30/105 28/16/105 21/13/105 
s 166
f 32/13/5 51/29/5 54/29/5 
s 167
f 54/29/5 21/13/5 32/13/5 
s 168
f 123/28/1 124/27/1 125/26/1 
s 169
f 125/26/1 126/25/1 123/28/1 
s 170
f 9/10/5 5/5/5 4/4/5 
s 171
f 4/4/5 10/4/5 9/10/5 
s 174
f 29/7/9 7/7/9 6/6/9 
s 175
f 6/6/9 30/15/9 29/7/9 
s 178
f 3/8/3 14/11/3 13/12/3 
s 179
f 13/12/3 8/9/3 3/8/3 
s 180
f 127/116/1 128/117/1 129/117/1 
s 181
f 129/117/1 130/116/1 127/116/1 
s 182
f 16/9/7 12/12/7 11/11/7 
s 183
f 11/11/7 2/8/7 16/9/7 
s 185
f 131/80/106 91/81/106 93/85/78 
s 186
f 93/85/78 98/84/78 131/80/106 
s 187
f 96/83/75 92/82/75 91/81/106 
s 188
f 91/81/106 131/80/106 96/83/75 
s 189
f 4/4/107 124/27/107 123/28/107 
s 190
f 123/28/108 10/4/108 4/4/108 
s 191
f 7/7/109 125/26/109 124/27/109 
s 192
f 124/27/109 4/4/109 7/7/109 
s 193
f 29/7/110 126/25/110 125/26/110 
s 194
f 125/26/111 7/7/111 29/7/111 
s 195
f 10/4/7 123/28/7 126/25/7 
s 196
f 126/25/7 29/7/7 10/4/7 
s 197
f 11/11/112 128/117/112 127/116/112 
s 198
f 127/116/113 2/8/113 11/11/113 
s 199
f 14/11/114 129/117/114 128/117/114 
s 200
f 128/117/114 11/11/114 14/11/114 
s 201
f 3/8/115 130/116/115 129/117/115 
s 202
f 129/117/116 14/11/116 3/8/116 
s 203
f 2/8/9 127/116/9 130/116/9 
s 204
f 130/116/9 3/8/9 2/8/9 
s 205
f 17/7/117 48/26/117 47/25/117 
s 206
f 47/25/118 24/7/118 17/7/118 
s 207
f 20/4/119 49/27/119 48/26/119 
s 208
f 48/26/119 17/7/119 20/4/119 
s 209
f 1/4/120 50/28/120 49/27/120 
s 210
f 49/27/121 20/4/121 1/4/121 
s 211
f 24/7/3 47/25/3 50/28/3 
s 212
f 116/97/122 132/118/122 133/118/122 
s 213
f 134/119/123 135/120/123 136/120/123 
s 214
f 136/120/123 137/119/123 134/119/123 
s 215
f 138/121/124 134/119/124 137/119/124 
s 216
f 137/119/124 139/121/124 138/121/124 
s 217
f 133/118/125 132/118/125 140/122/125 
s 218
f 140/122/125 141/122/125 133/118/125 
s 219
f 142/123/5 138/121/5 139/121/5 
s 220
f 139/121/5 143/123/5 142/123/5 
s 221
f 144/124/3 145/125/3 146/126/3 
s 222
f 146/126/3 147/127/3 144/124/3 
s 223
f 148/124/126 149/128/126 145/129/126 
s 224
f 145/129/126 144/130/126 148/124/126 
s 225
f 150/127/7 151/126/7 149/125/7 
s 226
f 149/125/7 148/124/7 150/127/7 
s 227
f 147/131/9 146/132/9 151/133/9 
s 228
f 151/133/9 150/134/9 147/131/9 
s 229
f 151/135/32 146/136/32 145/129/32 
s 230
f 145/129/32 149/128/32 151/135/32 
s 231
f 150/127/7 148/124/7 152/137/7 
s 232
f 152/137/7 153/138/7 150/127/7 
s 233
f 148/124/7 154/88/7 155/89/7 
s 234
f 155/89/7 152/137/7 148/124/7 
s 235
f 102/89/3 101/88/3 144/124/3 
s 236
f 144/124/3 156/137/3 102/89/3 
s 237
f 153/138/127 157/139/127 158/140/127 
s 238
f 109/95/7 114/98/7 113/97/7 
s 239
f 113/97/7 107/94/7 109/95/7 
s 240
f 112/96/128 111/96/128 159/141/128 
s 241
f 159/141/128 160/141/128 112/96/128 
s 242
f 137/119/129 111/96/129 143/123/129 
s 243
f 143/123/130 139/121/130 137/119/130 
s 244
f 134/119/7 112/96/7 160/141/7 
s 245
f 160/141/7 135/120/7 134/119/7 
s 246
f 143/123/131 111/96/131 110/95/131 
s 247
f 110/95/132 115/98/132 143/123/132 
s 248
f 137/119/3 136/120/3 159/141/3 
s 249
f 159/141/3 111/96/3 137/119/3 
s 250
f 140/122/3 108/94/3 159/141/3 
s 251
f 159/141/3 136/120/3 140/122/3 
s 252
f 108/94/3 140/122/3 132/118/3 
s 253
f 108/94/3 132/118/3 116/97/3 
s 254
f 107/94/7 113/97/7 133/118/7 
s 255
f 107/94/7 133/118/7 141/122/7 
s 256
f 135/120/7 160/141/7 107/94/7 
s 257
f 107/94/7 141/122/7 135/120/7 
s 258
f 142/123/133 112/96/133 134/119/133 
s 259
f 134/119/134 138/121/134 142/123/134 
s 260
f 114/98/3 109/95/3 112/96/3 
s 261
f 112/96/135 142/123/135 114/98/135 
s 262
f 135/120/136 141/122/136 140/122/136 
s 263
f 140/122/136 136/120/136 135/120/136 
s 264
f 133/118/122 113/97/122 116/97/122 
s 265
f 103/90/137 161/139/137 162/140/137 
s 266
f 162/140/137 106/93/137 103/90/137 
s 267
f 150/127/138 153/138/138 163/142/138 
s 268
f 163/142/138 164/143/138 150/127/138 
s 269
f 165/90/139 157/139/139 166/144/139 
s 270
f 166/144/139 167/91/139 165/90/139 
s 271
f 164/145/9 163/146/9 168/147/9 
s 272
f 168/147/9 169/148/9 164/145/9 
s 273
f 148/124/5 144/130/5 101/149/5 
s 274
f 101/149/5 154/88/5 148/124/5 
s 275
f 170/138/140 147/127/140 169/143/140 
s 276
f 169/143/140 168/142/140 170/138/140 
s 277
f 150/134/32 164/145/32 169/148/32 
s 278
f 169/148/32 147/131/32 150/134/32 
s 279
f 171/86/138 172/87/138 173/150/138 
s 280
f 173/150/138 174/92/138 171/86/138 
s 281
f 100/151/141 175/152/141 173/153/141 
s 282
f 173/153/141 172/154/141 100/151/141 
s 283
f 172/87/7 171/86/7 155/89/7 
s 284
f 155/89/7 154/88/7 172/87/7 
s 285
f 147/127/3 170/138/3 156/137/3 
s 286
f 156/137/3 144/124/3 147/127/3 
s 287
f 101/155/142 100/151/142 172/154/142 
s 288
f 172/154/142 154/156/142 101/155/142 
s 289
f 173/157/9 175/158/9 105/159/9 
s 290
f 105/159/9 174/160/9 173/157/9 
s 291
f 158/140/143 163/142/143 153/138/143 
s 292
f 152/137/144 166/144/144 157/139/144 
s 293
f 157/139/145 153/138/145 152/137/145 
s 294
f 155/89/146 167/91/146 166/144/146 
s 295
f 166/144/146 152/137/146 155/89/146 
s 296
f 171/86/147 165/90/147 167/91/147 
s 297
f 167/91/148 155/89/148 171/86/148 
s 298
f 174/92/149 176/93/149 165/90/149 
s 299
f 165/90/150 171/86/150 174/92/150 
s 300
f 105/159/151 106/93/151 176/161/151 
s 301
f 176/161/151 174/160/151 105/159/151 
s 302
f 156/137/152 177/144/152 104/91/152 
s 303
f 104/91/152 102/89/152 156/137/152 
s 304
f 170/138/153 161/139/153 177/144/153 
s 305
f 177/144/154 156/137/154 170/138/154 
s 306
f 168/142/155 162/140/155 161/139/155 
s 307
f 161/139/156 170/138/156 168/142/156 
s 308
f 163/146/157 158/162/157 162/140/157 
s 309
f 162/140/157 168/147/157 163/146/157 
s 310
f 175/150/140 100/87/140 99/86/140 
s 311
f 99/86/140 105/92/140 175/150/140 
s 312
f 157/139/158 165/90/158 176/93/158 
s 313
f 176/93/158 158/140/158 157/139/158 
s 314
f 161/139/159 103/90/159 104/91/159 
s 315
f 104/91/159 177/144/159 161/139/159 
s 316
f 158/162/9 176/161/9 106/93/9 
s 317
f 106/93/9 162/140/9 158/162/9 
s 318
f 178/163/160 179/164/160 180/165/160 
s 321
f 181/166/161 182/167/161 183/168/161 
s 322
f 183/168/161 184/169/161 181/166/161 
s 323
f 185/164/162 186/163/162 187/170/162 
s 324
f 187/170/162 188/165/162 185/164/162 
s 325
f 189/166/163 190/167/163 186/163/163 
s 326
f 186/163/163 185/164/163 189/166/163 
s 327
f 191/169/164 192/168/164 190/167/164 
s 328
f 190/167/164 189/166/164 191/169/164 
s 337
f 193/171/4 194/172/4 185/164/4 
s 338
f 185/164/4 188/165/4 193/171/4 
s 339
f 195/173/5 196/174/5 197/174/5 
s 340
f 197/174/5 198/173/5 195/173/5 
s 341
f 180/165/6 179/164/6 199/172/6 
s 342
f 199/172/6 200/171/6 180/165/6 
s 343
f 183/168/7 182/167/7 178/163/7 
s 344
f 201/50/165 202/49/165 72/48/165 
s 345
f 72/48/165 71/47/165 201/50/165 
s 346
f 70/175/166 69/176/166 202/177/166 
s 347
f 202/177/166 201/178/166 70/175/166 
s 348
f 201/178/1 203/179/1 204/180/1 
s 349
f 204/180/1 70/175/1 201/178/1 
s 350
f 71/47/7 205/181/7 203/182/7 
s 351
f 203/182/7 201/50/7 71/47/7 
s 352
f 67/47/32 206/181/32 205/181/32 
s 353
f 205/181/32 71/47/32 67/47/32 
s 354
f 70/50/3 204/182/3 206/181/3 
s 355
f 206/181/3 67/47/3 70/50/3 
s 356
f 204/183/5 203/182/5 205/181/5 
s 357
f 205/181/5 206/184/5 204/183/5 
s 358
f 69/49/9 68/48/9 72/48/9 
s 359
f 72/48/9 202/49/9 69/49/9 
s 360
f 194/172/167 197/174/167 196/174/167 
s 361
f 196/174/168 199/172/168 194/172/168 
s 362
f 193/171/169 198/173/169 197/174/169 
s 363
f 197/174/169 194/172/169 193/171/169 
s 366
f 199/172/170 196/174/170 195/173/170 
s 367
f 195/173/170 200/171/170 199/172/170 
s 368
f 179/164/171 178/163/171 182/167/171 
s 369
f 182/167/171 181/166/171 179/164/171 
s 370
f 180/165/160 207/170/160 178/163/160 
s 371
f 208/185/1 209/186/1 210/187/1 
s 372
f 210/187/1 211/188/1 208/185/1 
s 373
f 212/189/172 213/190/173 214/190/173 
s 374
f 214/190/173 215/189/172 212/189/172 
s 375
f 213/190/173 216/191/174 217/191/174 
s 376
f 217/191/174 214/190/173 213/190/173 
s 377
f 216/191/174 208/192/5 211/192/5 
s 378
f 211/192/5 217/191/174 216/191/174 
s 379
f 218/193/1 219/194/1 220/195/1 
s 380
f 218/193/1 221/194/1 219/194/1 
s 381
f 218/193/1 222/195/1 221/194/1 
s 382
f 221/194/1 223/196/1 219/194/1 
s 383
f 220/195/175 224/197/175 225/198/5 
s 384
f 225/198/5 218/193/5 220/195/175 
s 385
f 219/194/176 226/199/176 224/197/175 
s 386
f 224/197/175 220/195/175 219/194/176 
s 387
f 223/196/9 227/200/9 226/199/176 
s 388
f 226/199/176 219/194/176 223/196/9 
s 389
f 221/194/177 228/199/177 227/200/9 
s 390
f 227/200/9 223/196/9 221/194/177 
s 391
f 222/195/178 229/197/178 228/199/177 
s 392
f 228/199/177 221/194/177 222/195/178 
s 393
f 218/193/5 225/198/5 229/197/178 
s 394
f 229/197/178 222/195/178 218/193/5 
s 395
f 159/141/179 108/94/179 107/94/179 
s 396
f 107/94/179 160/141/179 159/141/179 
s 397
f 178/163/7 207/170/7 183/168/7 
s 398
f 230/201/180 231/202/180 181/166/180 
s 399
f 181/166/180 184/169/180 230/201/180 
s 400
f 191/169/181 189/166/181 232/202/181 
s 401
f 232/202/181 233/201/182 191/169/181 
s 402
f 187/170/3 186/163/3 190/167/3 
s 403
f 190/167/3 192/168/3 187/170/3 
s 404
f 234/203/1 235/204/1 236/204/1 
s 405
f 236/204/1 237/203/1 234/203/1 
s 406
f 238/205/183 239/206/183 235/204/183 
s 407
f 235/204/183 234/203/183 238/205/183 
s 408
f 237/203/184 236/204/184 240/206/184 
s 409
f 240/206/184 241/205/184 237/203/184 
s 410
f 236/207/5 235/208/5 239/209/5 
s 411
f 239/209/5 240/210/5 236/207/5 
s 412
f 237/203/9 241/205/9 238/205/9 
s 413
f 238/205/9 234/203/9 237/203/9 
s 414
f 210/211/185 214/190/186 217/191/187 
s 415
f 217/191/187 211/192/188 210/211/185 
s 416
f 242/212/189 209/211/190 213/190/191 
s 417
f 213/190/191 212/189/192 242/212/189 
s 418
f 243/212/193 215/189/194 214/190/186 
s 419
f 214/190/186 210/211/185 243/212/193 
s 420
f 215/189/32 243/212/32 242/212/32 
s 421
f 242/212/32 212/189/32 215/189/32 
s 422
f 209/211/190 208/192/195 216/191/196 
s 423
f 216/191/196 213/190/191 209/211/190 
s 1
f 244/213/197 245/214/198 246/215/197 
s 2
f 247/216/199 248/217/200 249/218/201 
s 3
f 250/219/202 248/217/200 247/216/199 
s 4
f 251/220/203 248/217/203 250/219/203 
s 5
f 252/221/204 253/222/205 254/223/206 
s 6
f 255/224/207 254/223/206 253/222/205 
s 7
f 252/225/208 256/226/208 253/227/208 
s 8
f 257/228/209 253/227/210 256/226/210 
s 9
f 258/229/211 259/230/212 256/231/213 
s 10
f 257/228/209 256/231/213 259/230/212 
s 11
f 260/232/214 261/233/215 258/234/216 
s 12
f 259/230/217 258/234/216 261/233/215 
s 13
f 262/235/218 263/236/219 264/237/219 
s 14
f 265/238/220 266/239/221 267/240/222 
s 15
f 247/241/223 268/242/224 269/243/225 
s 16
f 270/244/226 271/245/227 272/246/227 
s 17
f 264/237/228 273/247/229 262/235/230 
s 18
f 266/239/221 265/238/220 274/248/231 
s 19
f 262/235/230 273/247/229 275/249/232 
s 20
f 273/247/229 264/237/228 274/248/231 
s 21
f 266/239/221 274/248/231 264/237/228 
s 22
f 269/243/233 276/250/234 277/251/235 
s 23
f 278/252/236 279/253/237 257/228/238 
s 24
f 259/230/239 274/248/231 257/228/238 
s 25
f 280/254/240 274/248/231 259/230/239 
s 26
f 281/255/241 282/256/242 275/249/232 
s 27
f 273/247/229 280/254/240 275/249/232 
s 28
f 283/257/243 279/258/244 277/251/235 
s 29
f 279/258/244 283/257/243 253/222/245 
s 30
f 278/252/236 270/244/226 279/253/237 
s 31
f 277/251/235 276/250/234 283/257/243 
s 32
f 275/249/232 282/256/242 283/257/243 
s 33
f 280/254/240 281/255/241 275/249/232 
s 34
f 283/257/243 282/256/242 253/222/245 
s 35
f 255/224/246 282/256/242 281/255/241 
s 36
f 261/233/247 281/255/241 280/254/240 
s 37
f 259/230/239 261/233/247 280/254/240 
s 38
f 255/224/246 253/222/245 282/256/242 
s 39
f 274/248/231 278/252/236 257/228/238 
s 40
f 279/253/237 253/227/248 257/228/238 
s 41
f 247/216/249 284/259/250 250/219/251 
s 42
f 245/214/252 250/219/251 284/259/250 
s 43
f 285/260/253 245/214/198 284/259/254 
s 44
f 246/215/255 245/214/198 285/260/253 
s 45
f 271/261/256 286/262/257 284/263/258 
s 46
f 287/264/259 284/263/258 286/262/257 
s 47
f 267/265/260 288/266/261 271/261/262 
s 48
f 286/262/263 271/261/262 288/266/261 
s 49
f 245/267/264 289/268/265 267/265/266 
s 50
f 288/266/267 267/265/266 289/268/265 
s 51
f 244/269/268 290/270/269 245/267/270 
s 52
f 289/268/271 245/267/270 290/270/269 
s 53
f 246/271/272 291/272/273 244/269/274 
s 54
f 290/270/275 244/269/274 291/272/273 
s 55
f 285/273/276 292/274/277 246/271/278 
s 56
f 291/272/279 246/271/278 292/274/277 
s 57
f 251/269/280 293/270/281 248/271/282 
s 58
f 294/272/283 248/271/282 293/270/281 
s 59
f 250/267/284 295/268/285 251/269/286 
s 60
f 293/270/287 251/269/286 295/268/285 
s 61
f 263/265/288 296/266/289 250/267/290 
s 62
f 295/268/291 250/267/290 296/266/289 
s 63
f 268/261/292 297/262/292 263/265/292 
s 64
f 296/266/293 263/265/293 297/262/293 
s 65
f 247/263/294 298/264/295 268/261/296 
s 66
f 297/262/297 268/261/296 298/264/295 
s 67
f 272/246/298 299/275/299 270/244/226 
s 68
f 279/258/244 299/276/300 277/251/235 
s 69
f 270/244/226 278/252/236 265/238/220 
s 70
f 276/250/234 275/249/232 283/257/243 
s 71
f 269/243/233 277/251/235 272/277/301 
s 72
f 299/276/300 272/277/301 277/251/235 
s 73
f 269/243/225 268/242/224 276/250/302 
s 74
f 271/245/303 284/278/304 272/246/298 
s 75
f 247/279/305 269/243/306 284/280/307 
s 76
f 272/277/308 284/280/307 269/243/306 
s 77
f 266/239/221 245/281/309 267/240/222 
s 78
f 267/240/222 271/245/303 265/238/220 
s 79
f 270/244/226 265/238/220 271/245/303 
s 80
f 263/236/310 262/235/218 268/242/224 
s 81
f 276/250/302 268/242/224 262/235/218 
s 82
f 264/237/311 263/236/310 250/282/311 
s 83
f 264/237/312 250/283/313 266/239/314 
s 84
f 245/284/315 266/239/314 250/283/313 
s 85
f 265/238/220 278/252/236 274/248/231 
s 86
f 270/244/226 299/275/299 279/253/237 
s 87
f 262/235/230 275/249/232 276/250/234 
s 88
f 284/263/316 287/264/317 285/285/318 
s 89
f 292/286/319 285/285/318 287/264/317 
s 90
f 300/287/320 301/288/321 302/289/322 
s 91
f 303/290/323 304/291/324 305/292/325 
s 92
f 306/293/326 305/292/325 304/291/324 
s 93
f 307/294/327 308/295/328 300/287/320 
s 94
f 305/296/329 309/297/330 302/298/331 
s 95
f 307/299/332 302/298/331 309/297/330 
s 96
f 306/293/326 309/300/333 305/292/325 
s 97
f 310/301/334 308/302/335 311/303/336 
s 98
f 312/304/337 313/305/338 314/306/339 
s 99
f 311/303/336 308/302/335 307/307/340 
s 100
f 315/308/341 307/309/342 316/310/343 
s 101
f 314/311/344 306/293/345 308/295/346 
s 102
f 300/287/347 308/295/346 306/293/345 
s 103
f 317/312/348 315/308/341 318/313/349 
s 104
f 319/314/350 320/315/351 321/316/350 
s 105
f 322/317/352 323/318/353 324/319/354 
s 106
f 325/320/355 324/319/354 323/318/353 
s 107
f 326/321/356 327/322/357 328/323/358 
s 108
f 329/324/359 328/323/358 327/322/357 
s 109
f 330/325/360 331/326/361 332/327/362 
s 110
f 333/328/363 332/327/362 331/326/361 
s 111
f 334/329/364 335/330/365 336/331/366 
s 112
f 331/332/367 337/333/367 338/334/367 
s 113
f 328/335/368 339/336/368 340/337/368 
s 114
f 341/338/369 342/339/369 329/340/369 
s 115
f 325/341/370 343/342/370 330/343/370 
s 116
f 339/336/371 342/339/371 343/342/371 
s 117
f 337/333/371 343/342/371 342/339/371 
s 118
f 329/340/372 339/336/372 328/335/372 
s 119
f 323/344/373 340/337/373 343/342/373 
s 120
f 339/336/374 343/342/374 340/337/374 
s 121
f 323/344/375 343/342/375 325/341/375 
s 122
f 343/342/376 337/333/376 330/343/376 
s 123
f 330/343/377 337/333/377 331/332/377 
s 124
f 335/345/378 338/334/378 342/339/378 
s 125
f 337/333/379 342/339/379 338/334/379 
s 126
f 335/345/380 342/339/380 341/338/380 
s 127
f 342/339/381 339/336/381 329/340/381 
s 128
f 344/346/382 345/347/383 321/348/384 
s 129
f 318/349/385 321/348/384 345/347/383 
s 130
f 319/350/386 321/348/384 346/351/387 
s 131
f 318/349/385 346/351/387 321/348/384 
s 132
f 302/289/322 307/294/327 300/287/320 
s 133
f 314/311/388 309/300/388 306/293/326 
s 134
f 347/352/389 302/289/322 301/288/321 
s 135
f 344/346/390 312/304/391 345/347/392 
s 136
f 310/301/393 345/347/392 312/304/391 
s 137
f 317/312/348 318/313/349 345/347/394 
s 138
f 345/347/394 310/301/395 317/312/348 
s 139
f 317/312/348 307/309/342 315/308/341 
s 140
f 316/310/343 309/353/396 320/354/397 
s 141
f 309/355/398 313/356/399 348/357/400 
s 142
f 348/357/400 312/304/401 344/346/402 
s 143
f 318/313/349 315/308/341 346/358/403 
s 144
f 316/310/343 320/354/397 319/359/404 
s 145
f 320/315/351 348/357/400 321/316/405 
s 146
f 348/357/400 344/346/402 321/316/405 
s 147
f 300/287/406 306/293/407 301/360/408 
s 148
f 304/361/409 301/360/408 306/293/407 
s 149
f 301/362/410 304/363/410 347/364/410 
s 150
f 303/365/410 347/364/410 304/363/410 
s 151
f 347/364/411 303/365/412 302/298/412 
s 152
f 305/296/412 302/298/412 303/365/412 
s 153
f 281/255/241 261/233/247 255/224/246 
s 154
f 254/366/413 255/224/246 260/367/414 
s 155
f 261/233/415 260/367/414 255/224/246 
s 156
f 273/247/229 274/248/231 280/254/240 
s 157
f 341/368/416 336/331/366 335/330/365 
s 158
f 328/369/417 340/370/418 326/371/419 
s 159
f 349/372/420 326/371/419 340/370/418 
s 160
f 340/370/418 323/318/353 349/372/420 
s 161
f 322/317/352 349/372/420 323/318/353 
s 162
f 324/373/421 325/374/422 332/327/362 
s 163
f 330/325/360 332/327/362 325/374/422 
s 164
f 331/375/423 338/376/424 333/377/425 
s 165
f 350/378/426 333/377/425 338/376/424 
s 166
f 338/376/424 335/330/365 350/378/426 
s 167
f 334/329/364 350/378/426 335/330/365 
s 168
f 336/379/427 341/380/428 327/322/357 
s 169
f 329/324/359 327/322/357 341/380/428 
s 170
f 309/353/396 316/310/343 307/309/342 
s 171
f 320/315/351 309/355/398 348/357/400 
s 172
f 315/308/341 316/310/343 346/358/403 
s 173
f 346/358/403 316/310/343 319/359/404 
s 174
f 308/302/335 310/301/334 314/306/339 
s 175
f 312/304/337 314/306/339 310/301/334 
s 176
f 314/306/339 313/305/338 309/381/429 
s 177
f 317/312/348 311/382/430 307/309/342 
s 178
f 310/301/395 311/382/430 317/312/348 
s 179
f 348/357/400 313/356/399 312/304/401 
s 180
f 351/383/431 352/384/432 353/385/433 
s 181
f 352/384/432 354/386/434 353/385/433 
s 182
f 355/387/435 356/388/436 357/389/437 
s 183
f 358/390/438 359/391/439 360/392/440 
s 184
f 361/393/441 355/387/435 357/389/437 
s 185
f 357/389/442 358/390/443 362/394/444 
s 186
f 358/390/438 360/392/440 362/394/445 
s 187
f 363/395/446 364/396/447 365/397/448 
s 188
f 365/397/449 366/398/450 367/399/451 
s 189
f 366/398/452 368/400/453 367/399/454 
s 190
f 369/401/455 370/402/456 371/403/457 
s 191
f 372/404/458 369/401/459 373/405/460 
s 192
f 369/401/459 371/403/461 373/405/460 
s 193
f 374/406/462 375/407/463 376/408/464 
s 194
f 377/406/465 378/407/466 379/409/467 
s 195
f 380/410/468 381/411/469 382/412/470 
s 196
f 383/413/471 384/414/472 385/415/473 
s 197
f 386/416/474 387/417/475 388/418/476 
s 198
f 389/419/477 386/416/474 388/418/476 
s 199
f 390/418/478 391/417/479 392/416/480 
s 200
f 390/418/478 392/416/480 393/419/481 
s 201
f 394/420/482 395/421/483 396/422/484 
s 202
f 397/423/485 398/424/486 399/425/487 
s 203
f 397/423/485 399/425/487 400/426/488 
s 204
f 401/427/489 402/428/490 383/413/471 
s 205
f 380/410/468 403/429/491 381/411/469 
s 206
f 404/430/492 405/431/493 406/432/494 
s 207
f 407/433/495 408/434/496 409/435/497 
s 208
f 410/436/498 411/437/499 412/438/500 
s 209
f 413/439/501 414/440/502 415/441/503 
s 210
f 416/442/504 417/443/505 418/444/506 
s 211
f 419/445/507 420/446/508 421/447/509 
s 212
f 422/448/510 387/417/475 423/449/511 
s 213
f 424/450/512 425/451/512 380/410/512 
s 214
f 383/413/513 426/452/513 384/414/513 
s 215
f 427/453/514 428/454/515 429/455/516 
s 216
f 430/456/517 431/457/518 432/458/519 
s 217
f 364/396/447 433/459/520 365/397/448 
s 218
f 366/398/452 434/460/521 368/400/453 
s 219
f 369/401/455 435/461/522 370/402/456 
s 220
f 436/462/523 437/463/524 372/404/525 
s 221
f 352/384/526 438/464/527 439/465/528 
s 222
f 440/466/529 441/467/530 351/383/531 
s 223
f 352/384/526 439/465/528 354/386/532 
s 224
f 380/468/533 442/469/534 443/470/535 
s 225
f 444/471/536 445/472/537 383/473/538 
s 226
f 446/474/539 447/475/540 448/476/541 
s 227
f 448/476/541 449/477/542 450/478/543 
s 228
f 419/445/544 451/479/544 420/446/544 
s 229
f 417/443/545 452/480/545 418/444/545 
s 230
f 418/444/506 453/481/546 454/482/547 
s 231
f 419/445/507 421/447/509 455/483/548 
s 232
f 456/484/549 457/485/550 455/483/548 
s 233
f 457/485/550 458/486/551 455/483/548 
s 234
f 449/477/542 459/487/552 454/482/547 
s 235
f 459/487/552 416/442/504 454/482/547 
s 236
f 460/488/553 461/489/554 409/490/555 
s 237
f 409/490/555 408/491/556 460/488/553 
s 238
f 462/492/557 404/430/492 406/432/494 
s 239
f 463/493/558 464/494/559 465/495/560 
s 240
f 465/495/560 466/496/561 463/493/558 
s 241
f 466/496/562 465/497/562 467/498/562 
s 242
f 467/498/562 468/499/562 466/496/562 
s 243
f 469/500/563 467/501/563 465/502/563 
s 244
f 465/502/563 470/503/563 469/500/563 
s 245
f 471/499/564 472/496/564 473/504/564 
s 246
f 474/505/565 396/422/484 475/506/566 
s 247
f 476/507/567 477/508/568 478/509/569 
s 248
f 479/510/570 480/511/571 481/512/572 
s 249
f 481/512/572 482/513/573 479/510/570 
s 250
f 477/514/574 483/515/575 478/516/576 
s 251
f 480/517/577 394/420/482 474/505/565 
s 252
f 474/505/565 481/518/578 480/517/577 
s 253
f 474/505/565 394/420/482 396/422/484 
s 254
f 483/515/575 475/506/566 426/519/579 
s 255
f 426/519/579 478/516/576 483/515/575 
s 256
f 477/508/568 476/507/567 482/513/573 
s 257
f 482/513/573 481/512/572 477/508/568 
s 258
f 480/517/580 479/520/581 484/521/582 
s 259
f 484/521/582 394/420/583 480/517/580 
s 260
f 394/420/583 484/521/582 485/522/584 
s 261
f 485/522/584 395/421/585 394/420/583 
s 262
f 483/515/575 474/505/565 475/506/566 
s 263
f 474/505/565 483/515/575 477/514/574 
s 264
f 477/514/574 481/518/578 474/505/565 
s 265
f 486/523/586 487/524/587 488/525/588 
s 266
f 489/526/589 490/527/590 491/528/591 
s 267
f 426/519/579 383/473/538 445/472/537 
s 268
f 442/469/534 380/468/533 425/529/592 
s 269
f 492/530/593 493/531/594 494/532/594 
s 270
f 492/530/593 494/533/595 495/534/596 
s 271
f 496/535/597 492/530/593 495/534/596 
s 272
f 495/534/596 494/533/595 497/536/598 
s 273
f 498/537/599 493/531/600 499/538/601 
s 274
f 498/537/599 499/538/601 260/539/602 
s 275
f 258/540/603 498/537/599 260/539/602 
s 276
f 496/535/604 252/541/604 254/542/604 
s 277
f 492/530/605 496/535/606 254/542/607 
s 278
f 492/530/605 254/542/607 499/538/608 
s 279
f 493/531/609 492/530/605 499/538/608 
s 280
f 254/542/610 260/539/610 499/538/610 
s 281
f 500/543/611 501/544/611 502/545/611 
s 282
f 503/546/612 504/547/612 505/548/612 
s 283
f 502/545/613 503/546/613 506/549/613 
s 284
f 503/546/614 505/548/614 506/549/614 
s 285
f 500/543/615 502/545/615 506/549/615 
s 286
f 507/550/616 508/551/617 509/552/618 
s 287
f 509/552/618 510/553/619 507/550/616 
s 288
f 508/551/620 511/554/620 512/555/620 
s 289
f 512/555/620 509/556/620 508/551/620 
s 290
f 511/554/621 513/557/622 514/558/623 
s 291
f 249/285/624 515/286/625 247/263/626 
s 292
f 298/264/627 247/263/626 515/286/625 
s 293
f 248/271/277 294/272/628 249/273/629 
s 294
f 515/274/629 249/273/629 294/272/628 
s 295
f 293/559/630 515/560/630 294/561/630 
s 296
f 296/266/630 515/560/630 293/559/630 
s 297
f 298/562/630 515/560/630 296/266/630 
s 298
f 297/262/630 298/562/630 296/266/630 
s 299
f 295/563/630 296/266/630 293/559/630 
s 300
f 292/560/631 290/559/631 291/561/631 
s 301
f 286/262/631 290/559/631 292/560/631 
s 302
f 289/563/631 290/559/631 286/262/631 
s 303
f 288/266/631 289/563/631 286/262/631 
s 304
f 287/562/631 286/262/631 292/560/631 
s 305
f 498/537/632 258/540/633 516/564/634 
s 306
f 498/537/632 516/564/634 494/565/635 
s 307
f 493/531/636 498/537/632 494/565/635 
s 308
f 494/565/635 516/564/634 497/566/637 
s 309
f 258/540/638 256/567/638 516/564/638 
s 310
f 516/564/639 256/567/639 497/566/639 
s 311
f 252/541/640 496/535/641 495/534/642 
s 312
f 252/541/640 495/534/642 256/568/643 
s 313
f 256/568/643 495/534/642 497/536/644 
s 314
f 517/569/645 518/570/646 519/571/647 
s 315
f 519/571/647 520/572/648 517/569/645 
s 316
f 521/573/649 518/570/646 522/574/650 
s 317
f 522/574/650 452/575/651 521/573/649 
s 318
f 452/575/651 522/574/650 523/576/652 
s 319
f 523/576/652 418/577/653 452/575/651 
s 320
f 520/409/654 519/578/655 524/579/656 
s 321
f 524/579/656 375/407/657 520/409/654 
s 322
f 525/580/658 526/581/659 527/569/660 
s 323
f 527/569/660 379/582/661 525/580/658 
s 324
f 528/574/662 526/581/659 529/583/663 
s 325
f 529/583/663 451/584/664 528/574/662 
s 326
f 530/576/665 528/574/662 451/584/664 
s 327
f 451/584/664 419/585/666 530/576/665 
s 328
f 531/579/667 525/578/668 379/409/669 
s 329
f 379/409/669 378/407/670 531/579/667 
s 330
f 391/417/479 390/418/478 400/586/671 
s 331
f 387/417/475 422/448/510 399/586/672 
s 332
f 388/418/476 387/417/475 399/586/672 
s 333
f 390/418/478 532/587/673 400/586/671 
s 334
f 532/588/674 397/423/485 400/426/488 
s 335
f 398/587/675 388/418/476 399/586/672 
s 336
f 514/558/623 512/589/676 511/554/621 
s 337
f 513/557/677 507/550/677 510/590/677 
s 338
f 510/590/677 514/591/677 513/557/677 
s 339
f 511/554/678 508/551/679 507/550/678 
s 340
f 507/550/678 513/557/680 511/554/678 
s 341
f 533/550/681 534/553/682 535/552/683 
s 342
f 535/552/683 536/551/684 533/550/681 
s 343
f 536/551/685 535/556/685 537/555/685 
s 344
f 537/555/685 538/554/685 536/551/685 
s 345
f 538/554/686 537/589/687 539/558/688 
s 346
f 539/558/688 540/557/689 538/554/686 
s 347
f 540/557/690 539/591/690 534/590/690 
s 348
f 534/590/690 533/550/690 540/557/690 
s 349
f 538/554/691 540/557/692 533/550/691 
s 350
f 533/550/691 536/551/693 538/554/691 
s 351
f 377/406/465 541/408/694 378/407/466 
s 352
f 374/406/462 520/409/695 375/407/463 
s 353
f 387/417/475 542/592/696 423/449/511 
s 354
f 543/449/697 544/592/698 391/417/479 
s 355
f 545/593/699 546/594/700 530/595/701 
s 356
f 523/596/702 547/597/703 545/593/699 
s 357
f 375/407/704 524/579/705 531/598/706 
s 358
f 531/598/706 378/599/707 375/407/704 
s 359
f 548/322/708 549/321/709 550/323/710 
s 360
f 550/323/710 551/324/711 548/322/708 
s 361
f 552/326/712 553/325/713 554/327/714 
s 362
f 554/327/714 555/328/715 552/326/712 
s 363
f 556/330/716 557/329/717 558/331/718 
s 364
f 558/331/718 559/368/719 556/330/716 
s 365
f 560/370/720 550/369/721 549/371/722 
s 366
f 549/371/722 561/372/723 560/370/720 
s 367
f 562/318/724 560/370/720 561/372/723 
s 368
f 561/372/723 563/317/725 562/318/724 
s 369
f 564/374/726 565/373/727 554/327/714 
s 370
f 554/327/714 553/325/713 564/374/726 
s 371
f 566/376/728 552/375/729 555/377/730 
s 372
f 555/377/730 567/378/731 566/376/728 
s 373
f 556/330/716 566/376/728 567/378/731 
s 374
f 567/378/731 557/329/717 556/330/716 
s 375
f 559/380/732 558/379/733 548/322/708 
s 376
f 548/322/708 551/324/711 559/380/732 
s 377
f 568/310/734 569/353/735 570/309/736 
s 378
f 569/355/737 571/315/738 572/357/739 
s 379
f 568/310/734 573/308/740 574/358/741 
s 380
f 568/310/734 574/358/741 575/359/742 
s 381
f 576/348/743 575/350/744 574/351/744 
s 382
f 574/351/744 577/349/745 576/348/743 
s 383
f 570/294/746 578/289/747 579/287/748 
s 384
f 569/300/749 580/311/750 581/293/751 
s 385
f 578/289/747 582/352/752 583/288/753 
s 386
f 583/288/753 579/287/748 578/289/747 
s 387
f 584/291/754 585/290/755 586/292/756 
s 388
f 586/292/756 581/293/751 584/291/754 
s 389
f 587/295/757 570/294/746 579/287/748 
s 390
f 569/297/758 586/296/759 578/298/760 
s 391
f 578/298/760 570/299/761 569/297/758 
s 392
f 569/300/749 581/293/751 586/292/756 
s 393
f 587/302/762 588/301/763 589/303/764 
s 394
f 590/305/765 591/304/766 580/306/767 
s 395
f 587/302/762 589/303/764 570/307/768 
s 396
f 570/309/736 573/308/740 568/310/734 
s 397
f 581/293/769 580/311/770 587/295/771 
s 398
f 587/295/771 579/287/772 581/293/769 
s 399
f 573/308/740 592/312/773 577/313/774 
s 400
f 571/315/738 575/314/775 576/316/776 
s 401
f 562/318/724 563/317/725 565/319/777 
s 402
f 565/319/777 564/320/778 562/318/724 
s 403
f 578/298/779 586/296/779 585/365/779 
s 404
f 593/233/780 594/255/781 595/224/782 
s 405
f 595/224/782 596/366/783 597/367/784 
s 406
f 597/367/784 593/233/785 595/224/782 
s 407
f 598/248/786 599/247/787 600/254/788 
s 408
f 601/253/789 602/252/790 603/228/791 
s 409
f 598/248/786 604/230/792 603/228/791 
s 410
f 598/248/786 600/254/788 604/230/792 
s 411
f 605/256/793 594/255/781 606/249/794 
s 412
f 600/254/788 599/247/787 606/249/794 
s 413
f 601/258/795 607/257/796 608/251/797 
s 414
f 607/257/796 601/258/795 609/222/798 
s 415
f 610/244/799 602/252/790 601/253/789 
s 416
f 611/250/800 608/251/797 607/257/796 
s 417
f 605/256/793 606/249/794 607/257/796 
s 418
f 594/255/781 600/254/788 606/249/794 
s 419
f 605/256/793 607/257/796 609/222/798 
s 420
f 605/256/793 595/224/782 594/255/781 
s 421
f 594/255/781 593/233/780 600/254/788 
s 422
f 593/233/780 604/230/792 600/254/788 
s 423
f 609/222/798 595/224/782 605/256/793 
s 424
f 602/252/790 598/248/786 603/228/791 
s 425
f 588/301/763 587/302/762 580/306/767 
s 426
f 580/306/767 591/304/766 588/301/763 
s 427
f 590/305/765 580/306/767 569/381/801 
s 428
f 589/382/802 592/312/773 570/309/736 
s 429
f 589/382/802 588/301/803 592/312/773 
s 430
f 590/356/804 572/357/739 591/304/805 
s 431
f 591/304/806 612/346/807 613/347/808 
s 432
f 613/347/808 588/301/809 591/304/806 
s 433
f 577/313/774 592/312/773 613/347/810 
s 434
f 588/301/803 613/347/810 592/312/773 
s 435
f 570/309/736 592/312/773 573/308/740 
s 436
f 569/353/735 568/310/734 571/354/811 
s 437
f 590/356/804 569/355/737 572/357/739 
s 438
f 591/304/805 572/357/739 612/346/812 
s 439
f 573/308/740 577/313/774 574/358/741 
s 440
f 571/354/811 568/310/734 575/359/742 
s 441
f 572/357/739 571/315/738 576/316/776 
s 442
f 612/346/812 572/357/739 576/316/776 
s 443
f 581/293/813 579/287/814 583/360/815 
s 444
f 583/360/815 584/361/816 581/293/813 
s 445
f 584/363/817 583/362/817 582/364/817 
s 446
f 582/364/817 585/365/817 584/363/817 
s 447
f 585/365/779 582/364/779 578/298/779 
s 448
f 614/600/818 615/601/819 616/602/820 
s 449
f 616/602/820 617/603/821 614/600/818 
s 450
f 618/604/822 614/605/823 619/606/824 
s 451
f 619/606/824 620/607/825 618/604/822 
s 452
f 621/608/826 620/607/827 619/606/828 
s 453
f 621/609/829 615/610/830 622/611/831 
s 454
f 615/601/819 614/600/818 618/612/832 
s 455
f 623/613/833 624/614/834 625/615/835 
s 456
f 625/615/835 626/616/836 623/613/833 
s 457
f 627/617/837 623/613/838 626/616/839 
s 458
f 626/616/839 628/618/840 627/617/837 
s 459
f 624/619/841 629/620/842 630/621/843 
s 460
f 630/621/843 625/622/844 624/619/841 
s 461
f 631/623/845 632/624/846 624/614/834 
s 462
f 624/614/834 623/613/833 631/623/845 
s 463
f 633/625/847 631/623/848 623/613/849 
s 464
f 623/613/849 627/617/850 633/625/847 
s 465
f 632/626/851 634/627/852 629/620/842 
s 466
f 629/620/842 624/619/841 632/626/851 
s 467
f 625/628/853 630/629/854 628/618/855 
s 468
f 628/618/855 626/616/856 625/628/853 
s 469
f 635/630/857 627/617/837 628/618/840 
s 470
f 636/631/858 621/609/829 622/611/831 
s 471
f 637/632/859 638/633/860 639/634/861 
s 472
f 639/634/862 640/635/863 641/636/864 
s 473
f 641/636/864 637/632/865 639/634/862 
s 474
f 642/637/866 643/638/867 644/639/868 
s 475
f 644/639/868 643/638/867 645/640/869 
s 476
f 645/640/869 643/638/867 639/641/870 
s 477
f 639/641/870 643/638/867 640/642/871 
s 478
f 640/642/871 643/638/867 646/643/872 
s 479
f 646/643/872 643/638/867 642/637/866 
s 480
f 636/644/873 620/607/873 621/608/873 
s 481
f 618/612/874 645/645/875 622/646/876 
s 482
f 622/646/876 638/633/860 634/627/852 
s 483
f 638/633/860 645/645/875 639/634/861 
s 484
f 633/625/847 641/636/877 640/635/878 
s 485
f 640/635/878 646/647/879 633/625/847 
s 486
f 631/623/848 633/625/847 646/647/879 
s 487
f 619/606/824 614/605/823 617/648/880 
s 488
f 617/648/880 647/649/881 619/606/824 
s 489
f 621/608/826 619/606/828 647/649/882 
s 490
f 647/649/882 648/650/883 621/608/826 
s 491
f 615/610/884 621/609/885 648/651/886 
s 492
f 648/651/886 616/652/887 615/610/884 
s 493
f 638/633/860 637/632/859 634/627/852 
s 494
f 622/646/876 645/645/875 638/633/860 
s 495
f 622/646/888 615/601/819 618/612/832 
s 496
f 632/626/851 622/646/876 634/627/852 
s 497
f 649/333/889 552/332/889 566/334/889 
s 498
f 650/336/890 550/335/890 560/337/890 
s 499
f 651/339/891 559/338/891 551/340/891 
s 500
f 652/342/892 564/341/892 553/343/892 
s 501
f 651/339/893 650/336/893 652/342/893 
s 502
f 652/342/893 649/333/893 651/339/893 
s 503
f 650/336/894 551/340/894 550/335/894 
s 504
f 560/337/895 562/344/895 652/342/895 
s 505
f 652/342/896 650/336/896 560/337/896 
s 506
f 652/342/897 562/344/897 564/341/897 
s 507
f 649/333/898 652/342/898 553/343/898 
s 508
f 649/333/899 553/343/899 552/332/899 
s 509
f 566/334/900 556/345/900 651/339/900 
s 510
f 651/339/901 649/333/901 566/334/901 
s 511
f 651/339/902 556/345/902 559/338/902 
s 512
f 650/336/903 651/339/903 551/340/903 
s 513
f 613/347/904 612/346/905 576/348/743 
s 514
f 576/348/743 577/349/745 613/347/904 
s 515
f 628/618/840 653/653/906 635/630/857 
s 516
f 629/620/842 654/654/907 655/655/908 
s 517
f 655/655/908 630/621/843 629/620/842 
s 518
f 641/636/877 633/625/847 627/617/909 
s 519
f 627/617/909 635/630/910 641/636/877 
s 520
f 634/627/852 637/632/859 654/654/907 
s 521
f 654/654/907 629/620/842 634/627/852 
s 522
f 630/656/911 655/657/912 653/653/913 
s 523
f 653/653/913 628/618/855 630/656/911 
s 524
f 654/654/914 635/630/915 653/653/916 
s 525
f 653/653/916 655/655/917 654/654/914 
s 526
f 635/630/915 654/654/914 637/632/865 
s 527
f 637/632/865 641/636/864 635/630/915 
s 528
f 620/607/918 636/644/919 642/658/920 
s 529
f 622/659/921 632/624/922 636/644/923 
s 530
f 644/660/924 645/645/924 618/612/924 
s 531
f 636/644/923 632/624/922 631/623/925 
s 532
f 617/661/926 616/662/927 648/663/928 
s 533
f 648/663/928 647/664/929 617/661/926 
s 534
f 644/665/930 618/604/822 620/607/825 
s 535
f 620/607/825 642/666/931 644/665/930 
s 536
f 631/623/932 646/647/933 642/658/920 
s 537
f 642/658/920 636/644/919 631/623/932 
s 538
f 656/638/934 657/639/935 658/640/936 
s 539
f 656/638/934 658/640/936 659/641/937 
s 540
f 656/638/934 659/641/937 660/642/938 
s 541
f 656/638/934 660/642/938 661/643/939 
s 542
f 656/638/934 661/643/939 662/637/940 
s 543
f 663/607/941 664/644/941 665/608/941 
s 544
f 658/645/942 666/612/943 667/646/944 
s 545
f 668/633/945 667/646/944 669/627/946 
s 546
f 658/645/942 668/633/945 659/634/947 
s 547
f 670/636/948 671/625/949 660/635/950 
s 548
f 661/647/951 660/635/950 671/625/949 
s 549
f 671/625/949 672/623/952 661/647/951 
s 550
f 673/605/953 674/606/954 675/648/955 
s 551
f 676/649/956 675/648/955 674/606/954 
s 552
f 674/606/957 665/608/958 676/649/959 
s 553
f 677/650/960 676/649/959 665/608/958 
s 554
f 665/609/961 678/610/962 677/651/963 
s 555
f 679/652/964 677/651/963 678/610/962 
s 556
f 678/601/965 673/600/966 679/602/967 
s 557
f 675/603/968 679/602/967 673/600/966 
s 558
f 673/605/953 666/604/969 674/606/954 
s 559
f 663/607/970 674/606/954 666/604/969 
s 560
f 680/567/971 681/540/971 682/564/971 
s 561
f 680/567/972 682/564/972 683/566/972 
s 562
f 684/535/973 685/541/974 686/534/975 
s 563
f 686/534/975 685/541/974 680/568/976 
s 564
f 686/534/975 680/568/976 683/536/977 
s 565
f 687/531/978 688/530/979 689/532/978 
s 566
f 689/533/980 688/530/979 686/534/981 
s 567
f 688/530/979 684/535/982 686/534/981 
s 568
f 689/533/980 686/534/981 683/536/983 
s 569
f 687/531/984 690/537/985 691/538/986 
s 570
f 691/538/986 690/537/985 597/539/987 
s 571
f 690/537/985 681/540/988 597/539/987 
s 572
f 685/541/989 684/535/989 596/542/989 
s 573
f 684/535/990 688/530/991 596/542/992 
s 574
f 596/542/992 688/530/991 691/538/993 
s 575
f 688/530/991 687/531/994 691/538/993 
s 576
f 597/539/995 596/542/995 691/538/995 
s 577
f 665/609/996 664/631/997 667/611/998 
s 578
f 668/633/945 692/632/999 659/634/947 
s 579
f 660/635/1000 659/634/1001 670/636/1002 
s 580
f 692/632/1003 670/636/1002 659/634/1001 
s 581
f 656/638/934 662/637/940 657/639/935 
s 582
f 692/632/999 669/627/946 693/654/1004 
s 583
f 694/620/1005 693/654/1004 669/627/946 
s 584
f 695/657/1006 696/656/1007 697/653/1008 
s 585
f 698/618/1009 697/653/1008 696/656/1007 
s 586
f 699/630/1010 693/654/1011 697/653/1012 
s 587
f 695/655/1013 697/653/1012 693/654/1011 
s 588
f 693/654/1011 699/630/1010 692/632/1003 
s 589
f 670/636/1002 692/632/1003 699/630/1010 
s 590
f 664/644/1014 663/607/1015 662/658/1016 
s 591
f 700/624/1017 667/659/1018 664/644/1019 
s 592
f 658/645/1020 657/660/1020 666/612/1020 
s 593
f 700/624/1017 664/644/1019 672/623/1021 
s 594
f 679/662/1022 675/661/1023 677/663/1024 
s 595
f 676/664/1025 677/663/1024 675/661/1023 
s 596
f 666/604/969 657/665/1026 663/607/970 
s 597
f 662/666/1027 663/607/970 657/665/1026 
s 598
f 661/647/1028 672/623/1029 662/658/1016 
s 599
f 664/644/1014 662/658/1016 672/623/1029 
s 600
f 692/632/999 668/633/945 669/627/946 
s 601
f 658/645/942 667/646/944 668/633/945 
s 602
f 678/601/965 667/646/1030 666/612/1031 
s 603
f 667/646/944 700/626/1032 669/627/946 
s 604
f 663/607/1033 665/608/958 674/606/957 
s 605
f 678/610/1034 665/609/996 667/611/998 
s 606
f 673/600/966 678/601/965 666/612/1031 
s 607
f 701/614/1035 702/613/1036 703/615/1037 
s 608
f 704/616/1038 703/615/1037 702/613/1036 
s 609
f 702/613/1039 705/617/1040 704/616/1041 
s 610
f 698/618/1042 704/616/1041 705/617/1040 
s 611
f 694/620/1005 701/619/1043 696/621/1044 
s 612
f 703/622/1045 696/621/1044 701/619/1043 
s 613
f 700/624/1046 672/623/1047 701/614/1035 
s 614
f 702/613/1036 701/614/1035 672/623/1047 
s 615
f 672/623/952 671/625/949 702/613/1048 
s 616
f 705/617/1049 702/613/1048 671/625/949 
s 617
f 669/627/946 700/626/1032 694/620/1005 
s 618
f 701/619/1043 694/620/1005 700/626/1032 
s 619
f 696/629/1050 703/628/1051 698/618/1009 
s 620
f 704/616/1052 698/618/1009 703/628/1051 
s 621
f 705/617/1040 699/630/1053 698/618/1042 
s 622
f 697/653/1054 698/618/1042 699/630/1053 
s 623
f 693/654/1004 694/620/1005 695/655/1055 
s 624
f 696/621/1044 695/655/1055 694/620/1005 
s 625
f 671/625/949 670/636/948 705/617/1049 
s 626
f 699/630/1056 705/617/1049 670/636/948 
s 627
f 599/247/787 706/235/1057 606/249/794 
s 628
f 707/237/1058 599/247/787 598/248/786 
s 629
f 598/248/786 708/239/1059 707/237/1058 
s 630
f 611/250/800 709/243/1060 608/251/797 
s 631
f 710/275/1061 711/246/1062 610/244/799 
s 632
f 710/276/1063 601/258/795 608/251/797 
s 633
f 602/252/790 610/244/799 712/238/1064 
s 634
f 606/249/794 611/250/800 607/257/796 
s 635
f 608/251/797 709/243/1060 711/277/1065 
s 636
f 711/277/1065 710/276/1063 608/251/797 
s 637
f 713/242/1066 709/243/1067 611/250/1068 
s 638
f 714/278/1069 715/245/1070 711/246/1062 
s 639
f 709/243/1071 716/279/1072 714/280/1073 
s 640
f 714/280/1073 711/277/1074 709/243/1071 
s 641
f 717/281/1075 708/239/1059 718/240/1076 
s 642
f 715/245/1070 718/240/1076 712/238/1064 
s 643
f 712/238/1064 610/244/799 715/245/1070 
s 644
f 706/235/1077 719/236/1078 713/242/1066 
s 645
f 713/242/1066 611/250/1068 706/235/1077 
s 646
f 719/236/1078 707/237/1079 720/282/1080 
s 647
f 720/283/1081 707/237/1082 708/239/1083 
s 648
f 708/239/1083 717/284/1084 720/283/1081 
s 649
f 609/227/1085 601/253/789 603/228/791 
s 650
f 714/259/1086 716/216/1087 720/219/1088 
s 651
f 720/219/1088 717/214/1089 714/259/1086 
s 652
f 717/214/1090 721/260/1091 714/259/1092 
s 653
f 717/214/1090 722/215/1093 721/260/1091 
s 654
f 717/214/1090 723/213/1094 722/215/1093 
s 655
f 724/217/1095 716/216/1096 725/218/1097 
s 656
f 724/217/1095 720/219/1098 716/216/1096 
s 657
f 724/217/1095 726/220/1099 720/219/1098 
s 658
f 609/222/1100 685/221/1101 596/223/1102 
s 659
f 596/223/1102 595/224/1103 609/222/1100 
s 660
f 680/226/1104 685/225/1105 609/227/1106 
s 661
f 609/227/1106 603/228/1107 680/226/1104 
s 662
f 604/230/1108 681/229/1109 680/231/1110 
s 663
f 680/231/1110 603/228/1107 604/230/1108 
s 664
f 593/233/1111 597/232/1112 681/234/1113 
s 665
f 681/234/1113 604/230/1114 593/233/1111 
s 666
f 719/236/1078 706/235/1077 707/237/1079 
s 667
f 708/239/1059 712/238/1064 718/240/1076 
s 668
f 713/242/1066 716/241/1115 709/243/1067 
s 669
f 715/245/1070 610/244/799 711/246/1062 
s 670
f 599/247/787 707/237/1058 706/235/1057 
s 671
f 712/238/1064 708/239/1059 598/248/786 
s 672
f 727/262/1116 713/261/1117 719/265/1118 
s 673
f 719/265/1118 728/266/1119 727/262/1116 
s 674
f 729/264/1120 716/263/1121 713/261/1122 
s 675
f 713/261/1122 727/262/1123 729/264/1120 
s 676
f 730/286/1124 725/285/1125 716/263/1126 
s 677
f 716/263/1126 729/264/1127 730/286/1124 
s 678
f 731/272/1128 724/271/1129 725/273/1130 
s 679
f 725/273/1130 730/274/1131 731/272/1128 
s 680
f 730/560/1132 732/559/1132 731/561/1132 
s 681
f 730/560/1132 728/266/1132 732/559/1132 
s 682
f 730/560/1132 729/562/1132 728/266/1132 
s 683
f 729/562/1132 727/262/1132 728/266/1132 
s 684
f 728/266/1132 733/563/1132 732/559/1132 
s 685
f 734/559/1133 735/560/1133 736/561/1133 
s 686
f 734/559/1133 737/262/1133 735/560/1133 
s 687
f 734/559/1133 738/563/1133 737/262/1133 
s 688
f 738/563/1133 739/266/1133 737/262/1133 
s 689
f 737/262/1133 740/562/1133 735/560/1133 
s 690
f 681/540/1134 690/537/1135 682/564/1136 
s 691
f 682/564/1136 690/537/1135 689/565/1137 
s 692
f 690/537/1135 687/531/1138 689/565/1137 
s 693
f 682/564/1136 689/565/1137 683/566/1139 
s 694
f 602/252/790 712/238/1064 598/248/786 
s 695
f 710/275/1061 610/244/799 601/253/789 
s 696
f 606/249/794 706/235/1057 611/250/800 
s 697
f 740/264/1140 714/263/1141 721/285/1142 
s 698
f 721/285/1142 735/286/1143 740/264/1140 
s 699
f 737/262/1144 715/261/1145 714/263/1146 
s 700
f 714/263/1146 740/264/1147 737/262/1144 
s 701
f 739/266/1148 718/265/1149 715/261/1150 
s 702
f 715/261/1150 737/262/1151 739/266/1148 
s 703
f 738/268/1152 717/267/1153 718/265/1154 
s 704
f 718/265/1154 739/266/1155 738/268/1152 
s 705
f 734/270/1156 723/269/1157 717/267/1158 
s 706
f 717/267/1158 738/268/1159 734/270/1156 
s 707
f 736/272/1160 722/271/1161 723/269/1162 
s 708
f 723/269/1162 734/270/1163 736/272/1160 
s 709
f 735/274/1129 721/273/1164 722/271/1128 
s 710
f 722/271/1128 736/272/1165 735/274/1129 
s 711
f 732/270/1166 726/269/1167 724/271/1168 
s 712
f 724/271/1168 731/272/1169 732/270/1166 
s 713
f 733/268/1170 720/267/1171 726/269/1172 
s 714
f 726/269/1172 732/270/1173 733/268/1170 
s 715
f 728/266/1174 719/265/1175 720/267/1176 
s 716
f 720/267/1176 733/268/1177 728/266/1174 
s 717
f 741/667/1178 742/668/1179 528/574/662 
s 718
f 528/574/662 530/576/665 741/667/1178 
s 719
f 743/669/1180 744/670/1181 408/671/1182 
s 720
f 745/672/1183 746/673/1184 742/668/1185 
s 721
f 742/668/1185 741/667/1186 745/672/1183 
s 722
f 747/674/1187 741/675/1188 546/594/1189 
s 723
f 419/676/1190 748/677/1191 545/593/699 
s 724
f 545/593/699 530/595/701 419/676/1190 
s 725
f 749/678/1192 750/679/1193 751/680/1193 
s 726
f 751/680/1193 752/681/1192 749/678/1192 
s 727
f 541/408/1194 751/682/1195 753/683/1196 
s 728
f 423/684/1197 542/685/1198 525/578/668 
s 729
f 525/578/668 531/579/667 423/684/1197 
s 730
f 746/673/1184 754/686/1199 527/569/1200 
s 731
f 527/569/1200 742/668/1185 746/673/1184 
s 732
f 755/687/1201 420/688/1202 386/689/1203 
s 733
f 386/689/1203 413/439/1204 755/687/1201 
s 734
f 420/690/1205 755/687/1206 415/441/1207 
s 735
f 415/441/1207 421/691/1208 420/690/1205 
s 736
f 386/416/1209 420/692/1209 451/693/1209 
s 737
f 386/694/1210 389/695/1210 756/696/1210 
s 738
f 757/697/1211 758/698/1212 759/699/1213 
s 739
f 379/582/1214 527/569/1200 754/686/1199 
s 740
f 760/700/1215 744/670/1181 546/701/1216 
s 741
f 546/701/1216 744/670/1181 747/702/1217 
s 742
f 545/593/699 760/703/1218 546/594/700 
s 743
f 741/675/1188 530/595/701 546/594/1189 
s 744
f 753/683/1219 378/407/1219 541/408/1219 
s 745
f 541/408/1194 377/406/1220 482/513/573 
s 746
f 482/513/573 476/507/567 541/408/1194 
s 747
f 761/704/1221 479/705/1222 762/706/1223 
s 748
f 479/510/570 377/406/1220 762/707/1224 
s 749
f 408/671/1225 763/708/1226 743/669/1227 
s 750
f 529/709/1228 387/417/475 386/416/474 
s 751
f 529/709/1228 542/592/696 387/417/475 
s 752
f 747/710/1229 745/672/1183 741/667/1186 
s 753
f 529/583/663 526/581/659 525/580/658 
s 754
f 525/580/658 542/711/1230 529/583/663 
s 755
f 744/670/1181 743/669/1180 747/702/1217 
s 756
f 747/710/1231 743/712/1232 745/672/1233 
s 757
f 745/672/1233 762/713/1234 746/673/1235 
s 758
f 379/582/1236 754/686/1237 377/714/1238 
s 759
f 742/668/1179 527/569/660 526/581/659 
s 760
f 526/581/659 528/574/662 742/668/1179 
s 761
f 764/715/1239 389/716/1240 765/717/1241 
s 762
f 766/718/1242 767/719/1243 768/720/1244 
s 763
f 768/720/1244 769/721/1245 766/718/1242 
s 764
f 764/715/1239 769/722/1246 389/716/1240 
s 765
f 398/587/675 770/723/1247 388/418/476 
s 766
f 398/424/486 771/724/1248 770/725/1249 
s 767
f 772/726/1250 773/727/1251 774/728/1252 
s 768
f 458/486/1253 775/729/1253 772/726/1253 
s 769
f 458/486/1254 776/730/1255 777/731/1256 
s 770
f 777/731/1256 775/729/1257 458/486/1254 
s 771
f 775/729/1258 777/731/1259 778/732/1260 
s 772
f 778/732/1260 772/726/1261 775/729/1258 
s 773
f 765/733/1262 389/419/477 779/734/1263 
s 774
f 421/447/509 456/484/549 455/483/548 
s 775
f 765/733/1262 779/734/1263 780/735/1264 
s 776
f 758/736/1265 447/475/1265 767/719/1265 
s 777
f 767/719/1266 447/475/540 446/474/539 
s 778
f 774/728/1252 455/483/548 458/486/551 
s 779
f 446/474/539 457/485/550 767/719/1266 
s 780
f 767/719/1266 456/484/549 768/720/1267 
s 781
f 458/486/551 772/726/1250 774/728/1252 
s 782
f 756/696/1268 768/720/1267 456/484/549 
s 783
f 774/728/1252 419/445/507 455/483/548 
s 784
f 421/447/509 756/696/1268 456/484/549 
s 785
f 755/687/1269 413/439/501 415/441/503 
s 786
f 414/440/1270 413/439/1271 386/737/1272 
s 787
f 386/737/1272 756/738/1273 414/440/1270 
s 788
f 756/739/1274 421/740/1275 415/441/1207 
s 789
f 415/441/1207 414/440/1276 756/739/1274 
s 790
f 756/696/1277 389/695/1278 769/721/1245 
s 791
f 529/709/1228 386/416/474 451/693/1279 
s 792
f 767/719/1266 457/485/550 456/484/549 
s 793
f 457/485/550 450/478/543 776/730/1280 
s 794
f 771/724/1248 398/424/486 397/423/485 
s 795
f 770/725/1249 771/724/1248 780/741/1281 
s 796
f 759/699/1213 758/698/1212 766/742/1282 
s 797
f 764/743/1283 765/744/1284 759/699/1213 
s 798
f 759/745/1285 765/746/1286 781/747/1287 
s 799
f 759/745/1285 781/747/1287 757/697/1288 
s 800
f 764/743/1283 759/699/1213 766/742/1282 
s 801
f 766/718/1289 758/736/1289 767/719/1289 
s 802
f 766/748/1290 769/722/1246 764/715/1239 
s 803
f 769/721/1245 768/720/1244 756/696/1277 
s 804
f 781/747/1287 780/741/1281 782/749/1291 
s 805
f 781/747/1287 765/746/1286 780/741/1281 
s 806
f 783/750/1292 784/751/1293 785/752/1294 
s 807
f 785/752/1294 786/753/1295 783/750/1292 
s 808
f 787/754/1296 784/755/1297 405/431/1298 
s 809
f 405/431/1298 784/755/1297 783/756/1299 
s 810
f 788/757/1300 789/758/1301 790/759/1302 
s 811
f 790/759/1302 791/760/1303 788/757/1300 
s 812
f 784/755/1297 787/754/1296 790/759/1302 
s 813
f 790/759/1302 789/758/1301 784/755/1297 
s 814
f 787/761/1304 792/762/1305 790/763/1306 
s 815
f 792/762/1307 793/764/1308 794/765/1309 
s 816
f 794/765/1309 791/766/1310 792/762/1307 
s 817
f 794/765/1311 793/764/1312 795/767/1313 
s 818
f 793/764/1308 792/762/1307 787/761/1314 
s 819
f 787/761/1314 796/768/1315 793/764/1308 
s 820
f 796/769/1316 404/430/1317 797/770/1318 
s 821
f 797/770/1318 795/771/1319 796/769/1316 
s 822
f 797/770/1318 794/772/1320 795/771/1319 
s 823
f 405/431/1298 796/769/1316 787/754/1296 
s 824
f 462/492/557 798/773/1321 404/430/492 
s 825
f 799/774/1322 800/775/1323 405/431/1298 
s 826
f 801/776/1324 797/770/1318 404/430/1317 
s 827
f 802/777/1325 462/778/1326 406/779/1327 
s 828
f 373/780/1328 354/781/1329 439/782/1330 
s 829
f 439/782/1330 436/783/1331 373/780/1328 
s 830
f 439/782/1330 438/784/1332 437/785/1333 
s 831
f 437/785/1333 436/783/1331 439/782/1330 
s 832
f 438/784/1332 799/774/1322 803/786/1334 
s 833
f 803/786/1334 437/785/1333 438/784/1332 
s 834
f 803/787/1335 372/404/525 437/463/524 
s 835
f 436/462/523 372/404/525 373/405/1336 
s 836
f 372/404/458 803/787/1337 804/788/1338 
s 837
f 804/788/1338 369/401/459 372/404/458 
s 838
f 783/756/1299 804/789/1339 405/431/1298 
s 839
f 805/790/1340 806/791/1341 441/792/1342 
s 840
f 441/792/1342 440/793/1343 805/790/1340 
s 841
f 807/794/1344 371/795/1345 370/796/1346 
s 842
f 370/796/1346 435/797/1347 808/798/1348 
s 843
f 808/798/1348 807/794/1344 370/796/1346 
s 844
f 435/797/1347 804/789/1339 783/756/1299 
s 845
f 783/756/1299 808/798/1348 435/797/1347 
s 846
f 791/760/1303 809/799/1349 788/757/1300 
s 847
f 783/750/1350 786/753/1351 808/800/1352 
s 848
f 786/753/1295 785/752/1294 788/801/1353 
s 849
f 788/801/1353 807/802/1354 786/753/1295 
s 850
f 788/801/1355 785/752/1356 789/803/1357 
s 851
f 810/804/1358 487/805/1359 805/790/1360 
s 852
f 805/790/1360 811/806/1361 810/804/1358 
s 853
f 488/525/588 487/524/587 810/807/1362 
s 854
f 812/808/1363 813/809/1364 814/810/1365 
s 855
f 815/811/1366 816/812/1367 817/813/1368 
s 856
f 818/814/1369 819/815/1370 820/816/1371 
s 857
f 820/816/1371 821/817/1372 818/814/1369 
s 858
f 822/818/1373 823/819/1374 824/820/1375 
s 859
f 824/820/1375 825/821/1376 822/818/1373 
s 860
f 823/822/1377 798/823/1378 826/824/1379 
s 861
f 827/513/1380 374/406/1381 376/408/1382 
s 862
f 376/408/1382 828/507/1383 827/513/1380 
s 863
f 404/430/492 798/773/1321 801/776/1384 
s 864
f 829/825/1385 830/826/1386 831/827/1387 
s 865
f 831/827/1387 832/828/1388 829/825/1385 
s 866
f 819/815/1370 833/829/1389 834/830/1390 
s 867
f 834/830/1390 820/816/1371 819/815/1370 
s 868
f 835/831/1391 461/489/1392 836/832/1392 
s 869
f 836/832/1392 837/833/1391 835/831/1391 
s 870
f 754/686/1237 746/673/1235 762/713/1234 
s 871
f 745/672/1233 743/712/1232 762/713/1234 
s 872
f 754/686/1237 762/713/1234 377/714/1238 
s 873
f 406/779/1327 836/832/1393 802/777/1325 
s 874
f 837/833/1394 836/832/1393 406/779/1327 
s 875
f 406/779/1327 486/834/1395 837/833/1394 
s 876
f 432/835/1396 814/810/1365 813/809/1364 
s 877
f 813/836/1397 812/837/1398 838/838/1399 
s 878
f 838/838/1399 817/813/1368 813/836/1397 
s 879
f 839/839/1400 840/840/1401 382/412/470 
s 880
f 424/841/1402 841/842/1403 842/843/1404 
s 881
f 841/842/1403 843/844/1405 844/845/1406 
s 882
f 844/845/1406 845/846/1407 841/842/1403 
s 883
f 846/847/1408 847/848/1409 809/799/1410 
s 884
f 848/849/1411 809/799/1410 847/848/1409 
s 885
f 847/848/1409 849/850/1412 848/849/1411 
s 886
f 849/850/1412 840/840/1413 839/839/1414 
s 887
f 839/839/1414 848/849/1411 849/850/1412 
s 888
f 829/825/1385 832/828/1388 850/851/1415 
s 889
f 809/799/1349 848/849/1416 807/794/1344 
s 890
f 807/794/1344 788/757/1300 809/799/1349 
s 891
f 424/450/1417 380/410/468 382/412/470 
s 892
f 851/852/1418 852/853/1419 853/854/1420 
s 893
f 853/854/1420 854/855/1421 851/852/1418 
s 894
f 855/856/1422 816/857/1423 810/858/1424 
s 895
f 810/858/1424 811/806/1425 855/856/1422 
s 896
f 363/859/1426 856/860/1427 364/861/1428 
s 897
f 364/861/1428 856/860/1427 857/862/1429 
s 898
f 857/862/1429 433/863/1430 364/861/1428 
s 899
f 433/863/1430 857/862/1429 858/864/1431 
s 900
f 858/864/1431 859/865/1432 433/863/1430 
s 901
f 860/866/1433 861/867/1434 862/868/1435 
s 902
f 863/869/1436 858/870/1436 857/871/1436 
s 903
f 863/869/1437 856/872/1438 862/873/1439 
s 904
f 862/873/1439 864/752/1440 863/869/1437 
s 905
f 864/752/1441 862/873/1442 865/874/1443 
s 906
f 858/870/1444 863/869/1437 864/752/1440 
s 907
f 864/752/1440 866/875/1445 858/870/1444 
s 908
f 866/876/1446 867/877/1447 868/878/1448 
s 909
f 866/876/1446 868/878/1448 858/864/1431 
s 910
f 862/868/1435 861/867/1434 869/879/1449 
s 911
f 869/879/1449 865/880/1450 862/868/1435 
s 912
f 866/876/1446 865/880/1450 869/879/1449 
s 913
f 869/879/1449 867/877/1447 866/876/1446 
s 914
f 870/764/1451 867/881/1452 869/882/1453 
s 915
f 870/764/1454 861/883/1455 871/884/1456 
s 916
f 871/884/1456 872/885/1457 870/764/1454 
s 917
f 872/885/1458 871/884/1459 873/886/1460 
s 918
f 429/455/516 874/887/1461 875/888/1462 
s 919
f 876/889/1463 877/890/1464 875/888/1465 
s 920
f 875/888/1465 878/891/1466 876/889/1463 
s 921
f 358/390/438 879/892/1467 359/391/439 
s 922
f 879/892/1468 358/390/443 357/389/442 
s 923
f 357/389/442 880/893/1469 879/892/1468 
s 924
f 881/894/1470 367/895/1471 361/896/1472 
s 925
f 879/897/1473 882/898/1474 883/899/1475 
s 926
f 883/899/1475 359/900/1476 879/897/1473 
s 927
f 367/895/1471 368/901/1477 355/902/1478 
s 928
f 355/902/1478 361/896/1472 367/895/1471 
s 929
f 355/902/1478 368/901/1477 434/903/1479 
s 930
f 434/903/1479 356/904/1480 355/902/1478 
s 931
f 356/904/1480 434/903/1479 884/905/1481 
s 932
f 884/905/1481 880/906/1482 356/904/1480 
s 933
f 878/891/1483 874/887/1461 885/907/1484 
s 934
f 366/398/452 884/787/1485 434/460/521 
s 935
f 366/398/450 365/397/449 859/908/1486 
s 936
f 859/908/1486 884/787/1487 366/398/450 
s 937
f 859/865/1432 858/864/1431 868/878/1448 
s 938
f 886/909/1488 360/910/1489 359/900/1476 
s 939
f 359/900/1476 883/899/1475 886/909/1488 
s 940
f 887/911/1490 881/894/1491 888/912/1492 
s 941
f 888/912/1492 889/913/1493 887/911/1490 
s 942
f 860/866/1433 862/868/1435 856/860/1427 
s 943
f 856/860/1427 881/894/1470 860/866/1433 
s 944
f 890/914/1494 891/915/1495 892/916/1496 
s 945
f 892/916/1496 893/917/1497 890/914/1494 
s 946
f 878/891/1466 885/907/1498 894/918/1499 
s 947
f 894/918/1499 876/919/1500 878/891/1466 
s 948
f 894/920/1501 885/907/1502 886/909/1503 
s 949
f 886/909/1503 895/921/1504 894/920/1501 
s 950
f 895/922/1505 491/528/591 894/923/1506 
s 951
f 896/924/1507 897/925/1508 898/926/1509 
s 952
f 876/927/1510 899/928/1511 877/929/1512 
s 953
f 900/930/1513 901/931/1514 902/932/1515 
s 954
f 902/932/1515 903/933/1516 900/930/1513 
s 955
f 904/934/1517 484/935/1518 479/936/1519 
s 956
f 479/936/1519 761/937/1520 904/934/1517 
s 957
f 763/938/1521 407/433/495 905/939/1522 
s 958
f 906/940/1523 907/941/1523 749/678/1192 
s 959
f 749/678/1192 752/681/1192 906/940/1523 
s 960
f 903/933/1516 902/932/1515 908/942/1524 
s 961
f 908/942/1524 909/943/1525 903/933/1516 
s 962
f 872/885/1457 910/944/1526 867/881/1527 
s 963
f 867/881/1527 870/764/1454 872/885/1457 
s 964
f 910/945/1528 873/946/1529 911/947/1530 
s 965
f 911/947/1530 407/433/1531 910/945/1528 
s 966
f 871/948/1532 911/947/1530 873/946/1529 
s 967
f 910/945/1528 868/878/1448 867/877/1447 
s 968
f 763/938/1521 408/434/496 407/433/495 
s 969
f 760/700/1215 912/949/1533 744/670/1181 
s 970
f 882/898/1474 880/906/1482 868/878/1448 
s 971
f 911/947/1530 905/939/1534 407/433/1531 
s 972
f 868/878/1535 407/433/495 409/435/497 
s 973
f 835/831/1536 489/950/1537 409/490/555 
s 974
f 409/490/555 461/489/554 835/831/1536 
s 975
f 898/926/1509 427/951/1538 896/924/1507 
s 976
f 896/952/1539 877/929/1512 913/953/1540 
s 977
f 913/953/1540 897/954/1541 896/952/1539 
s 978
f 889/913/1542 888/912/1543 385/415/473 
s 979
f 914/842/1544 384/841/1545 915/843/1545 
s 980
f 914/842/1544 916/846/1546 485/845/1547 
s 981
f 485/845/1547 917/844/1548 914/842/1544 
s 982
f 918/955/1549 919/956/1550 860/866/1551 
s 983
f 881/894/1491 887/911/1490 918/955/1549 
s 984
f 918/955/1549 860/866/1551 881/894/1491 
s 985
f 887/911/1552 920/957/1553 890/914/1554 
s 986
f 920/957/1555 887/911/1556 889/913/1557 
s 987
f 889/913/1557 921/958/1558 920/957/1555 
s 988
f 871/948/1532 861/867/1434 860/866/1433 
s 989
f 871/948/1532 860/866/1433 919/956/1559 
s 990
f 904/934/1517 871/948/1532 919/956/1559 
s 991
f 491/528/591 899/928/1511 876/927/1510 
s 992
f 922/959/1560 899/960/1561 491/961/1562 
s 993
f 491/961/1562 923/962/1563 922/959/1560 
s 994
f 913/963/1564 922/959/1560 924/964/1565 
s 995
f 913/963/1564 899/960/1561 922/959/1560 
s 996
f 899/928/1511 913/953/1540 877/929/1512 
s 997
f 913/963/1564 924/964/1565 897/965/1566 
s 998
f 491/528/591 876/927/1510 894/923/1506 
s 999
f 486/523/586 488/525/588 490/966/1567 
s 1000
f 904/934/1517 919/956/1559 917/967/1568 
s 1001
f 751/682/1195 478/509/569 908/968/1569 
s 1002
f 478/509/569 909/969/1570 908/968/1569 
s 1003
f 541/408/1194 476/507/567 478/509/569 
s 1004
f 377/406/1220 479/510/570 482/513/573 
s 1005
f 751/970/1571 908/971/1572 752/972/1573 
s 1006
f 426/519/579 445/472/537 478/516/576 
s 1007
f 457/485/550 446/474/539 450/478/543 
s 1008
f 458/486/551 457/485/550 776/730/1280 
s 1009
f 772/726/1250 778/732/1574 925/973/1575 
s 1010
f 925/973/1575 926/974/1576 772/726/1250 
s 1011
f 771/724/1248 782/749/1291 780/741/1281 
s 1012
f 927/975/1577 781/747/1287 782/749/1291 
s 1013
f 389/419/477 388/418/476 779/734/1263 
s 1014
f 926/976/1578 928/977/1579 773/978/1580 
s 1015
f 926/976/1578 925/979/1581 928/977/1579 
s 1016
f 928/977/1579 929/980/1582 773/978/1580 
s 1017
f 761/704/1221 762/706/1223 743/669/1227 
s 1018
f 918/955/1583 917/967/1583 919/956/1583 
s 1019
f 362/981/1584 874/887/1461 429/455/516 
s 1020
f 902/982/1585 906/983/1586 752/972/1573 
s 1021
f 901/984/1587 428/985/1588 906/983/1586 
s 1022
f 363/859/1426 881/894/1470 856/860/1427 
s 1023
f 921/958/1558 889/913/1557 385/415/1589 
s 1024
f 385/415/1589 891/915/1590 921/958/1591 
s 1025
f 892/916/1592 891/915/1590 914/986/1593 
s 1026
f 892/916/1594 914/986/1595 917/967/1596 
s 1027
f 917/967/1596 893/917/1597 892/916/1594 
s 1028
f 890/914/1554 917/967/1598 918/955/1599 
s 1029
f 890/914/1554 918/955/1599 887/911/1552 
s 1030
f 879/897/1473 880/906/1482 882/898/1474 
s 1031
f 541/408/1194 478/509/569 751/682/1195 
s 1032
f 914/842/1600 915/843/1600 916/846/1600 
s 1033
f 914/986/1601 385/415/473 384/414/1601 
s 1034
f 395/421/1602 485/987/1603 916/988/1604 
s 1035
f 916/988/1604 396/422/1605 395/421/1602 
s 1036
f 917/844/1606 485/845/1606 484/989/1606 
s 1037
f 904/934/1517 917/967/1568 484/935/1518 
s 1038
f 401/427/489 383/413/471 385/415/473 
s 1039
f 426/519/579 475/506/566 915/990/1607 
s 1040
f 915/990/1607 384/991/1608 426/519/579 
s 1041
f 444/471/1609 900/930/1610 903/933/1611 
s 1042
f 903/933/1611 445/472/1612 444/471/1609 
s 1043
f 445/472/1612 903/933/1611 909/943/1613 
s 1044
f 909/943/1613 478/516/1614 445/472/1612 
s 1045
f 396/422/1605 916/988/1604 915/992/1615 
s 1046
f 915/992/1615 475/506/1616 396/422/1605 
s 1047
f 900/930/1617 444/471/1617 428/993/1617 
s 1048
f 428/993/1618 901/931/1618 900/930/1618 
s 1049
f 890/914/1494 920/957/1619 921/958/1620 
s 1050
f 921/958/1620 891/915/1495 890/914/1494 
s 1051
f 385/415/473 888/912/1543 401/427/489 
s 1052
f 444/471/1621 383/473/538 402/994/1621 
s 1053
f 870/764/1451 869/882/1453 861/883/1622 
s 1054
f 872/885/1458 873/886/1460 910/944/1623 
s 1055
f 864/752/1441 865/874/1443 866/875/1624 
s 1056
f 863/869/1625 857/871/1625 856/872/1625 
s 1057
f 363/395/1626 365/397/449 367/399/451 
s 1058
f 365/397/448 433/459/1627 859/908/1627 
s 1059
f 361/393/1628 357/389/442 362/394/444 
s 1060
f 357/389/437 356/388/436 880/893/1629 
s 1061
f 911/947/1530 871/948/1532 904/934/1517 
s 1062
f 908/971/1572 902/982/1585 752/972/1573 
s 1063
f 902/982/1585 901/984/1587 906/983/1586 
s 1064
f 428/985/1588 427/995/1630 898/996/1631 
s 1065
f 898/996/1631 906/983/1586 428/985/1588 
s 1066
f 428/993/1632 444/471/1632 402/994/1632 
s 1067
f 402/994/1633 401/997/1633 428/993/1633 
s 1068
f 896/998/1634 427/453/1635 875/888/1465 
s 1069
f 875/888/1465 877/999/1636 896/998/1634 
s 1070
f 910/945/1528 407/433/1531 868/878/1448 
s 1071
f 880/906/1482 884/905/1481 868/878/1448 
s 1072
f 884/905/1481 859/865/1432 868/878/1448 
s 1073
f 489/1000/1637 882/898/1638 868/878/1639 
s 1074
f 868/878/1639 409/435/497 489/1000/1637 
s 1075
f 905/939/1534 911/947/1530 904/934/1517 
s 1076
f 798/823/1378 462/1001/1640 826/824/1379 
s 1077
f 823/819/1374 822/818/1373 801/776/1324 
s 1078
f 801/776/1324 798/1002/1641 823/819/1374 
s 1079
f 822/818/1373 797/770/1318 801/776/1324 
s 1080
f 854/855/1642 853/854/1643 841/1003/1644 
s 1081
f 843/1004/1645 852/853/1646 851/852/1647 
s 1082
f 890/914/1554 893/917/1648 917/967/1598 
s 1083
f 891/915/1590 385/415/1589 914/986/1593 
s 1084
f 543/684/1649 423/1005/1650 531/598/706 
s 1085
f 531/598/706 524/579/705 543/684/1649 
s 1086
f 750/682/1651 930/683/1652 753/1006/1653 
s 1087
f 753/1006/1653 751/1007/1653 750/682/1651 
s 1088
f 929/1008/1654 928/1009/1655 931/1010/1656 
s 1089
f 772/726/1250 926/974/1576 773/727/1251 
s 1090
f 753/1006/1657 930/683/1658 375/407/704 
s 1091
f 375/407/704 378/599/707 753/1006/1657 
s 1092
f 399/425/487 422/1011/1659 932/1012/1660 
s 1093
f 932/1012/1660 400/426/488 399/425/487 
s 1094
f 543/1013/1661 932/1012/1660 422/1011/1659 
s 1095
f 422/1011/1659 423/1014/1662 543/1013/1661 
s 1096
f 771/724/1248 397/423/485 933/1015/1663 
s 1097
f 874/887/1461 878/891/1483 875/888/1462 
s 1098
f 805/790/1340 934/1016/1664 811/806/1665 
s 1099
f 354/781/1329 848/849/1416 839/839/1666 
s 1100
f 888/912/1667 881/894/1470 361/896/1472 
s 1101
f 881/894/1470 363/859/1426 367/895/1471 
s 1102
f 373/780/1328 371/795/1345 848/849/1416 
s 1103
f 353/1017/1668 354/781/1329 839/839/1666 
s 1104
f 839/839/1666 430/456/517 353/1017/1668 
s 1105
f 361/896/1472 362/981/1584 429/455/516 
s 1106
f 429/455/516 888/912/1667 361/896/1472 
s 1107
f 428/454/515 401/427/1669 429/455/516 
s 1108
f 427/453/514 429/455/516 875/888/1462 
s 1109
f 401/427/1670 888/912/1670 429/455/516 
s 1110
f 430/456/517 432/458/519 935/1018/1671 
s 1111
f 430/456/517 381/411/1672 431/457/518 
s 1112
f 430/456/517 839/839/1673 381/411/1673 
s 1113
f 770/723/1247 780/735/1264 779/734/1263 
s 1114
f 936/723/1674 390/418/478 937/734/1675 
s 1115
f 388/418/476 770/723/1247 779/734/1263 
s 1116
f 763/708/1226 761/704/1221 743/669/1227 
s 1117
f 905/939/1534 904/934/1517 761/937/1520 
s 1118
f 761/937/1520 763/1019/1676 905/939/1534 
s 1119
f 938/673/1677 939/1020/1678 940/713/1679 
s 1120
f 826/1021/1680 941/672/1681 940/713/1679 
s 1121
f 940/713/1679 939/1020/1678 374/1022/1682 
s 1122
f 517/569/1683 520/572/1684 939/1020/1685 
s 1123
f 912/949/1533 760/700/1215 547/1023/1686 
s 1124
f 912/949/1533 547/1023/1686 942/1024/1687 
s 1125
f 547/597/703 760/703/1218 545/593/699 
s 1126
f 523/596/702 943/1025/1688 547/597/1689 
s 1127
f 375/407/704 930/683/1658 376/408/1690 
s 1128
f 824/1026/1691 823/822/1377 940/1027/1692 
s 1129
f 374/406/1381 824/510/1693 940/707/1694 
s 1130
f 391/417/479 521/709/1695 392/416/480 
s 1131
f 544/592/698 521/709/1695 391/417/479 
s 1132
f 941/672/1696 942/1028/1697 943/667/1698 
s 1133
f 521/573/649 544/1029/1699 519/571/647 
s 1134
f 519/571/647 518/570/646 521/573/649 
s 1135
f 826/824/1700 912/949/1533 942/1024/1687 
s 1136
f 826/1021/1680 942/1028/1701 941/672/1681 
s 1137
f 940/713/1679 941/672/1681 938/673/1677 
s 1138
f 939/1020/1678 520/572/1702 374/1022/1682 
s 1139
f 944/668/1703 522/574/650 518/570/646 
s 1140
f 518/570/646 517/569/645 944/668/1703 
s 1141
f 927/975/1577 945/1030/1704 757/697/1288 
s 1142
f 757/697/1288 781/747/1287 927/975/1577 
s 1143
f 945/1030/1705 946/1031/1706 447/1032/1707 
s 1144
f 447/1032/1707 758/698/1212 757/697/1211 
s 1145
f 945/1030/1705 447/1032/1707 757/697/1211 
s 1146
f 774/1033/1708 453/1034/1709 748/1035/1710 
s 1147
f 453/1034/1709 418/1036/1711 748/1035/1710 
s 1148
f 774/1033/1708 773/978/1712 929/980/1713 
s 1149
f 929/980/1713 453/1034/1709 774/1033/1708 
s 1150
f 461/489/1392 460/488/1714 802/777/1714 
s 1151
f 802/777/1714 836/832/1392 461/489/1392 
s 1152
f 895/922/1505 489/526/589 491/528/591 
s 1153
f 814/810/1715 907/941/1523 906/940/1523 
s 1154
f 906/940/1523 898/926/1715 814/810/1715 
s 1155
f 812/808/1716 814/810/1716 898/926/1716 
s 1156
f 898/926/1716 897/925/1716 812/808/1716 
s 1157
f 947/1037/1717 812/1038/1718 897/1039/1719 
s 1158
f 897/1039/1719 924/1040/1720 947/1037/1717 
s 1159
f 462/778/1721 802/777/1721 460/488/1721 
s 1160
f 460/488/1721 408/491/1721 462/778/1721 
s 1161
f 486/1041/1722 490/527/590 489/526/589 
s 1162
f 837/833/1723 486/834/1723 489/950/1723 
s 1163
f 489/950/1723 835/831/1723 837/833/1723 
s 1164
f 469/500/1724 471/499/1725 948/1042/1726 
s 1165
f 948/1042/1726 467/1043/1727 469/500/1724 
s 1166
f 470/503/1728 472/496/1728 471/499/1728 
s 1167
f 471/499/1728 469/500/1728 470/503/1728 
s 1168
f 472/496/1729 470/503/1730 465/1044/1731 
s 1169
f 465/1044/1731 473/1045/1732 472/496/1729 
s 1170
f 949/1046/1733 950/1047/1733 951/1048/1733 
s 1171
f 951/1048/1733 952/1049/1733 949/1046/1733 
s 1172
f 953/1050/1734 950/1047/1735 949/1046/1736 
s 1173
f 949/1046/1736 954/1051/1737 953/1050/1734 
s 1174
f 955/1046/1738 956/1047/1738 957/1048/1738 
s 1175
f 957/1048/1738 958/1049/1738 955/1046/1738 
s 1176
f 959/1052/1739 955/1046/1740 958/1049/1739 
s 1177
f 958/1049/1739 960/1053/1739 959/1052/1739 
s 1178
f 948/1054/1741 473/1055/1741 961/1046/1741 
s 1179
f 961/1046/1741 962/1049/1741 948/1054/1741 
s 1180
f 962/1049/1742 963/1048/1743 960/1056/1744 
s 1181
f 960/1056/1744 948/1057/1745 962/1049/1742 
s 1182
f 961/1046/1746 964/1047/1746 963/1048/1746 
s 1183
f 963/1048/1746 962/1049/1746 961/1046/1746 
s 1184
f 490/1058/1747 965/1059/1748 923/1060/1749 
s 1185
f 966/1061/1750 965/1059/1748 490/1058/1747 
s 1186
f 473/504/564 948/1062/564 471/499/564 
s 1187
f 473/1063/1751 959/1064/1752 964/1047/1753 
s 1188
f 964/1047/1753 961/1046/1754 473/1063/1751 
s 1189
f 963/1048/1755 964/1047/1755 959/1065/1755 
s 1190
f 959/1065/1755 960/1066/1755 963/1048/1755 
s 1191
f 956/1047/1756 955/1046/1757 959/1067/1758 
s 1192
f 959/1067/1758 954/1068/1759 956/1047/1756 
s 1193
f 967/1069/1760 957/1048/1760 956/1047/1760 
s 1194
f 956/1047/1760 954/1070/1760 967/1069/1760 
s 1195
f 957/1048/1761 967/1071/1762 960/1072/1763 
s 1196
f 960/1072/1763 958/1049/1764 957/1048/1761 
s 1197
f 952/1049/1765 967/1073/1766 954/1074/1765 
s 1198
f 954/1074/1765 949/1046/1765 952/1049/1765 
s 1199
f 968/1075/1767 951/1048/1767 950/1047/1767 
s 1200
f 950/1047/1767 953/1076/1767 968/1075/1767 
s 1201
f 968/1077/1768 967/1078/1769 952/1049/1770 
s 1202
f 952/1049/1770 951/1048/1771 968/1077/1768 
s 1203
f 969/1079/1772 970/1080/1773 464/1081/1772 
s 1204
f 464/1081/1772 463/493/1772 969/1079/1772 
s 1205
f 969/1079/1774 468/499/1775 467/1082/1776 
s 1206
f 467/1082/1776 970/1083/1777 969/1079/1774 
s 1207
f 463/493/1778 466/496/1779 468/499/1778 
s 1208
f 468/499/1778 969/1079/1778 463/493/1778 
s 1209
f 971/1084/1780 923/1060/1749 965/1059/1748 
s 1210
f 923/962/1563 971/1085/1781 972/1086/1782 
s 1211
f 972/1086/1782 922/959/1560 923/962/1563 
s 1212
f 922/959/1560 972/1086/1782 973/1087/1783 
s 1213
f 973/1087/1783 924/964/1565 922/959/1560 
s 1214
f 924/1040/1720 973/1088/1784 974/1089/1785 
s 1215
f 974/1089/1785 947/1037/1717 924/1040/1720 
s 1216
f 947/1037/1717 974/1089/1785 975/1090/1786 
s 1217
f 975/1090/1786 976/1091/1787 947/1037/1717 
s 1218
f 976/1091/1787 975/1090/1786 977/1092/1788 
s 1219
f 977/1092/1788 966/1093/1789 976/1091/1787 
s 1220
f 966/1061/1750 977/1094/1790 978/1095/1791 
s 1221
f 978/1095/1791 965/1059/1748 966/1061/1750 
s 1222
f 912/949/1533 462/1001/1792 408/671/1182 
s 1223
f 408/671/1182 744/670/1181 912/949/1533 
s 1224
f 934/1016/1664 855/856/1793 811/806/1665 
s 1225
f 805/790/1340 440/793/1343 934/1016/1664 
s 1226
f 874/887/1461 886/909/1488 885/907/1484 
s 1227
f 874/887/1461 360/910/1489 886/909/1488 
s 1228
f 440/793/1343 353/1017/1668 934/1016/1664 
s 1229
f 874/887/1461 362/981/1584 360/910/1489 
s 1230
f 934/1016/1664 430/456/517 935/1018/1671 
s 1231
f 886/909/1503 883/899/1794 882/898/1795 
s 1232
f 800/775/1796 806/791/1797 805/790/1360 
s 1233
f 895/921/1504 886/909/1503 882/898/1795 
s 1234
f 882/898/1795 489/1096/1798 895/921/1504 
s 1235
f 490/1058/1747 923/1060/1749 491/1097/1799 
s 1236
f 800/775/1796 805/790/1360 487/805/1359 
s 1237
f 487/805/1359 486/1098/1800 800/775/1796 
s 1238
f 488/1099/1801 966/1061/1750 490/1058/1747 
s 1239
f 978/1095/1791 506/1100/1802 505/1101/1803 
s 1240
f 505/1101/1803 971/1084/1780 978/1095/1791 
s 1241
f 971/1085/1781 505/1102/1804 504/1103/1805 
s 1242
f 504/1103/1805 972/1086/1782 971/1085/1781 
s 1243
f 972/1086/1782 504/1103/1805 503/1104/1806 
s 1244
f 503/1104/1806 973/1087/1783 972/1086/1782 
s 1245
f 973/1088/1784 503/1105/1807 502/1106/1808 
s 1246
f 502/1106/1808 974/1089/1785 973/1088/1784 
s 1247
f 974/1089/1785 502/1106/1808 501/1107/1809 
s 1248
f 501/1107/1809 975/1090/1786 974/1089/1785 
s 1249
f 975/1090/1786 501/1107/1809 500/1108/1810 
s 1250
f 500/1108/1810 977/1092/1788 975/1090/1786 
s 1251
f 977/1094/1790 500/1109/1811 506/1100/1802 
s 1252
f 506/1100/1802 978/1095/1791 977/1094/1790 
s 1253
f 965/1059/1748 978/1095/1791 971/1084/1780 
s 1254
f 830/512/1812 979/511/1813 824/510/1693 
s 1255
f 834/1110/1814 750/1111/1815 749/1112/1816 
s 1256
f 442/469/534 425/529/592 980/1113/1817 
s 1257
f 380/468/533 443/470/535 403/1114/1818 
s 1258
f 790/763/1306 792/762/1305 791/766/1819 
s 1259
f 795/767/1313 793/764/1312 796/768/1820 
s 1260
f 789/803/1357 785/752/1356 784/751/1821 
s 1261
f 808/800/1352 786/753/1351 807/802/1822 
s 1262
f 435/461/522 369/401/455 804/788/1823 
s 1263
f 438/464/527 352/384/526 799/1115/1824 
s 1264
f 794/772/1320 797/770/1318 822/818/1373 
s 1265
f 820/1116/1825 834/1110/1814 749/1112/1816 
s 1266
f 821/1117/1826 820/1116/1825 907/1118/1827 
s 1267
f 431/1119/1828 907/1118/1827 814/1120/1829 
s 1268
f 814/1120/1829 432/1121/1830 431/1119/1828 
s 1269
f 832/828/1388 831/827/1387 980/1113/1817 
s 1270
f 431/1122/1831 381/1123/1831 403/1114/1831 
s 1271
f 403/1114/1832 443/470/1832 431/1122/1832 
s 1272
f 855/856/1793 934/1016/1664 935/1018/1671 
s 1273
f 813/1124/1833 817/1125/1834 935/1018/1835 
s 1274
f 935/1018/1835 432/458/1836 813/1124/1833 
s 1275
f 404/430/1317 796/769/1316 405/431/1298 
s 1276
f 851/852/1647 981/1126/1837 849/850/1838 
s 1277
f 849/850/1838 847/848/1839 851/852/1647 
s 1278
f 981/1126/1840 982/1127/1841 840/840/1842 
s 1279
f 840/840/1842 849/850/1843 981/1126/1840 
s 1280
f 791/760/1303 794/772/1320 809/799/1349 
s 1281
f 809/799/1349 794/772/1320 846/847/1844 
s 1282
f 794/772/1320 822/818/1373 846/847/1844 
s 1283
f 815/811/1366 488/525/588 816/812/1367 
s 1284
f 976/1091/1787 966/1093/1789 488/1128/1845 
s 1285
f 488/1128/1845 815/1129/1846 976/1091/1787 
s 1286
f 976/1091/1787 838/1130/1847 947/1037/1717 
s 1287
f 815/1129/1846 838/1130/1847 976/1091/1787 
s 1288
f 838/838/1399 815/811/1366 817/813/1368 
s 1289
f 947/1037/1717 838/1130/1847 812/1038/1718 
s 1290
f 816/812/1367 488/525/588 810/807/1362 
s 1291
f 846/847/1844 822/818/1373 843/1004/1848 
s 1292
f 980/509/1849 750/682/1651 834/968/1850 
s 1293
f 833/969/1851 980/509/1849 834/968/1850 
s 1294
f 828/507/1383 376/408/1382 980/509/1849 
s 1295
f 831/508/1852 828/507/1383 980/509/1849 
s 1296
f 824/510/1693 374/406/1381 827/513/1380 
s 1297
f 824/510/1693 827/513/1380 830/512/1812 
s 1298
f 983/1131/1853 850/851/1854 842/1132/1855 
s 1299
f 842/1132/1855 845/1133/1856 983/1131/1853 
s 1300
f 818/814/1857 821/817/1857 431/1122/1857 
s 1301
f 431/1122/1858 443/470/1858 818/814/1858 
s 1302
f 831/508/1852 830/512/1812 827/513/1380 
s 1303
f 827/513/1380 828/507/1383 831/508/1852 
s 1304
f 979/1134/1859 984/1135/1860 825/1136/1861 
s 1305
f 825/1136/1861 824/1137/1862 979/1134/1859 
s 1306
f 984/1135/1860 985/1138/1863 844/1139/1864 
s 1307
f 844/1139/1864 825/1136/1861 984/1135/1860 
s 1308
f 851/852/1418 854/855/1421 982/1127/1865 
s 1309
f 982/1127/1865 981/1126/1866 851/852/1418 
s 1310
f 839/839/1400 382/412/470 381/411/469 
s 1311
f 816/1140/1867 855/856/1422 935/1018/1835 
s 1312
f 935/1018/1835 817/1141/1868 816/1140/1867 
s 1313
f 986/1142/1869 351/383/531 441/467/1869 
s 1314
f 440/466/529 351/383/531 353/385/1870 
s 1315
f 986/1142/1871 799/1115/1872 352/384/432 
s 1316
f 352/384/432 351/383/431 986/1142/1871 
s 1317
f 373/780/1328 848/849/1416 354/781/1329 
s 1318
f 986/1143/1873 441/792/1342 806/791/1341 
s 1319
f 806/791/1341 800/775/1323 986/1143/1873 
s 1320
f 803/786/1334 799/774/1322 405/431/1298 
s 1321
f 804/789/1339 803/786/1334 405/431/1298 
s 1322
f 486/1144/1874 406/432/494 405/431/493 
s 1323
f 405/431/493 800/775/1875 486/1144/1874 
s 1324
f 799/774/1322 986/1143/1873 800/775/1323 
s 1325
f 980/509/1849 376/408/1382 750/682/1651 
s 1326
f 979/1134/1876 830/826/1386 829/825/1385 
s 1327
f 829/825/1385 984/1135/1877 979/1134/1876 
s 1328
f 984/1135/1877 829/825/1385 983/1131/1878 
s 1329
f 842/843/1404 841/842/1403 845/846/1407 
s 1330
f 850/851/1415 832/828/1388 425/529/592 
s 1331
f 382/412/470 841/1003/1879 424/450/1417 
s 1332
f 985/1138/1880 983/1131/1853 845/1133/1856 
s 1333
f 845/1133/1856 844/1145/1881 985/1138/1880 
s 1334
f 844/845/1882 843/844/1882 825/989/1882 
s 1335
f 843/1004/1848 822/818/1373 825/821/1376 
s 1336
f 980/1113/1817 425/529/592 832/828/1388 
s 1337
f 425/529/592 424/1146/1883 842/1147/1884 
s 1338
f 842/1147/1884 850/851/1415 425/529/592 
s 1339
f 443/470/1885 442/469/1886 819/815/1887 
s 1340
f 819/815/1887 818/814/1888 443/470/1885 
s 1341
f 442/469/1886 980/1113/1889 833/829/1890 
s 1342
f 833/829/1890 819/815/1887 442/469/1886 
s 1343
f 392/1148/1891 410/436/498 987/1149/1892 
s 1344
f 988/739/1893 987/1149/1894 412/438/1895 
s 1345
f 412/438/1895 416/1150/1896 988/739/1893 
s 1346
f 393/1151/1897 988/1152/1898 989/1153/1899 
s 1347
f 416/442/504 418/444/506 454/482/547 
s 1348
f 392/416/480 521/709/1695 452/693/1900 
s 1349
f 990/735/1901 936/723/1674 937/734/1675 
s 1350
f 390/418/478 393/419/481 937/734/1675 
s 1351
f 449/477/542 991/1154/1902 459/487/552 
s 1352
f 450/478/543 449/477/542 776/730/1280 
s 1353
f 532/588/674 933/1015/1663 397/423/485 
s 1354
f 771/724/1248 933/1015/1663 782/749/1291 
s 1355
f 933/1015/1663 936/1155/1903 990/735/1901 
s 1356
f 946/1031/1706 992/1156/1904 993/1157/1905 
s 1357
f 994/1158/1906 995/1159/1907 992/1156/1904 
s 1358
f 994/733/1908 992/1160/1909 927/975/1577 
s 1359
f 927/975/1577 992/1160/1909 945/1030/1704 
s 1360
f 992/1156/1904 995/1159/1907 993/1157/1905 
s 1361
f 991/1154/1910 946/1161/1910 993/1162/1910 
s 1362
f 989/1163/1911 993/1164/1912 995/1165/1913 
s 1363
f 996/1166/1914 989/1153/1899 988/1152/1898 
s 1364
f 990/735/1901 927/975/1577 782/749/1291 
s 1365
f 943/667/1915 523/576/652 522/574/650 
s 1366
f 522/574/650 944/668/1703 943/667/1915 
s 1367
f 912/949/1533 826/824/1700 462/1001/1792 
s 1368
f 941/672/1696 943/667/1698 944/668/1916 
s 1369
f 944/668/1916 938/673/1917 941/672/1696 
s 1370
f 943/1025/1688 942/1167/1918 547/597/1689 
s 1371
f 418/1168/1919 523/596/702 545/593/699 
s 1372
f 545/593/699 748/677/1191 418/1168/1919 
s 1373
f 750/682/1651 376/408/1382 930/683/1652 
s 1374
f 519/578/655 544/685/1920 543/684/1921 
s 1375
f 543/684/1921 524/579/656 519/578/655 
s 1376
f 938/673/1917 944/668/1916 517/569/1683 
s 1377
f 517/569/1683 939/1020/1685 938/673/1917 
s 1378
f 411/437/1922 410/436/1923 392/1169/1924 
s 1379
f 392/1169/1924 417/1170/1925 411/437/1922 
s 1380
f 417/1171/1926 416/1172/1927 412/438/1895 
s 1381
f 412/438/1895 411/437/1928 417/1171/1926 
s 1382
f 417/692/1929 392/416/1929 452/693/1929 
s 1383
f 393/1151/1897 392/1173/1930 988/1152/1898 
s 1384
f 946/1031/1706 945/1030/1705 992/1156/1904 
s 1385
f 988/1152/1931 416/442/504 459/487/552 
s 1386
f 987/1149/1892 410/436/498 412/438/500 
s 1387
f 987/1149/1892 988/1174/1932 392/1148/1891 
s 1388
f 459/487/552 991/1154/1902 996/1166/1933 
s 1389
f 931/1010/1656 997/1175/1934 453/481/546 
s 1390
f 996/1166/1933 988/1152/1931 459/487/552 
s 1391
f 446/474/539 448/476/541 450/478/543 
s 1392
f 449/477/542 997/1175/1934 776/730/1280 
s 1393
f 931/1010/1656 928/1009/1655 925/973/1575 
s 1394
f 925/973/1575 778/732/1574 931/1010/1656 
s 1395
f 782/749/1291 933/1015/1663 990/735/1901 
s 1396
f 940/1027/1692 823/822/1377 826/824/1379 
s 1397
f 843/1004/1935 847/848/1935 846/847/1935 
s 1398
f 934/1016/1664 353/1017/1668 430/456/517 
s 1399
f 907/1118/1827 820/1116/1825 749/1112/1816 
s 1400
f 431/1119/1828 821/1117/1826 907/1118/1827 
s 1401
f 985/1138/1936 984/1135/1877 983/1131/1878 
s 1402
f 983/1131/1878 829/825/1385 850/851/1415 
s 1403
f 848/849/1416 371/795/1345 807/794/1344 
s 1404
f 982/1127/1841 854/855/1642 382/412/1937 
s 1405
f 382/412/1937 840/840/1842 982/1127/1841 
s 1406
f 382/412/1937 854/855/1642 841/1003/1644 
s 1407
f 853/854/1938 852/853/1939 843/1004/1940 
s 1408
f 843/1004/1940 841/1003/1941 853/854/1938 
s 1409
f 843/1004/1645 851/852/1647 847/848/1839 
s 1410
f 994/733/1908 927/975/1577 990/735/1901 
s 1411
f 393/1176/1942 995/1165/1913 994/1177/1943 
s 1412
f 993/1162/1944 989/1153/1899 996/1166/1914 
s 1413
f 996/1166/1914 991/1154/1945 993/1162/1944 
s 1414
f 989/1163/1911 995/1165/1913 393/1176/1942 
s 1415
f 391/417/479 400/586/671 932/448/1946 
s 1416
f 936/723/1674 532/587/673 390/418/478 
s 1417
f 933/1015/1663 532/588/674 936/1155/1903 
s 1418
f 929/1008/1654 931/1010/1656 453/481/546 
s 1419
f 998/1178/1947 997/1175/1947 931/1010/1947 
s 1420
f 997/1175/1948 998/1178/1949 777/731/1256 
s 1421
f 777/731/1256 776/730/1255 997/1175/1948 
s 1422
f 998/1178/1950 931/1010/1951 778/732/1260 
s 1423
f 778/732/1260 777/731/1259 998/1178/1950 
s 1424
f 393/419/481 994/733/1908 937/734/1675 
s 1425
f 997/1175/1934 449/477/542 454/482/547 
s 1426
f 932/448/1946 543/449/697 391/417/479 
s 1427
f 937/734/1675 994/733/1908 990/735/1901 
s 1428
f 447/475/1952 946/1161/1952 991/1154/1952 
s 1429
f 447/475/540 991/1154/1902 448/476/541 
s 1430
f 454/482/547 453/481/546 997/1175/1934 
s 1431
f 419/1179/1953 774/1033/1708 748/1035/1710 
s 1432
f 449/477/542 448/476/541 991/1154/1902 
s 1433
f 999/1180/1954 1000/1181/1954 1001/1182/1955 
s 1434
f 1001/1182/1955 1002/1183/1955 999/1180/1954 
s 1435
f 1003/1184/1956 1004/1185/1956 1000/1181/1954 
s 1436
f 1000/1181/1954 999/1180/1954 1003/1184/1956 
s 1437
f 1002/1183/1957 1005/1186/1957 1006/1187/1957 
s 1438
f 1002/1183/1957 1006/1187/1957 1003/1188/1957 
s 1439
f 1002/1183/1957 1003/1188/1957 999/1189/1957 
s 1440
f 1007/1190/1958 1008/1191/1959 1009/1192/1960 
s 1441
f 1009/1192/1960 1010/1193/1961 1007/1190/1958 
s 1442
f 1011/1194/1962 1008/1191/1963 1007/1190/1964 
s 1443
f 1007/1190/1964 1012/1195/1965 1011/1194/1962 
s 1444
f 1013/1196/1966 1007/1190/1958 1010/1193/1961 
s 1445
f 1014/1197/1967 1015/1198/1968 1009/1192/1960 
s 1446
f 1016/1199/1969 1017/1200/1970 1018/1201/1971 
s 1447
f 1018/1201/1971 1019/1202/1972 1016/1199/1969 
s 1448
f 1020/1203/1973 1021/1204/1974 1017/1200/1970 
s 1449
f 1017/1200/1970 1016/1199/1969 1020/1203/1973 
s 1450
f 1022/1205/1975 1023/1206/1975 1011/1207/1975 
s 1451
f 1011/1207/1975 1012/1208/1975 1022/1205/1975 
s 1452
f 1024/1209/1976 1025/1210/1976 1023/1206/1976 
s 1453
f 1026/1211/1977 1027/1212/1977 1025/1213/1977 
s 1454
f 1028/1214/1978 1029/1215/1979 1030/1216/1980 
s 1455
f 1031/1217/1981 1032/1218/1982 1033/1219/1983 
s 1456
f 1028/1220/1984 1030/1221/1985 1034/1222/1986 
s 1457
f 1033/1223/1987 1035/1224/1988 1036/1225/1989 
s 1458
f 1037/1226/1990 1038/1227/1991 1039/1228/1992 
s 1459
f 1040/1229/1993 1041/1230/1994 1042/1231/1995 
s 1460
f 1041/1230/1994 1040/1229/1993 1043/1232/1996 
s 1461
f 1038/1227/1991 1044/1233/1997 1045/1234/1998 
s 1462
f 1039/1228/1992 1045/1234/1998 1046/1235/1999 
s 1463
f 1046/1235/1999 1047/1236/2000 1039/1228/1992 
s 1464
f 1040/1229/1993 1048/1237/2001 1049/1238/2002 
s 1465
f 1030/1239/2003 1029/1215/2003 1032/1218/2003 
s 1466
f 1032/1218/2004 1031/1240/2004 1030/1239/2004 
s 1467
f 1004/1241/2005 1050/1242/2005 1051/1243/2005 
s 1468
f 1004/1241/2005 1051/1243/2005 1001/1182/2005 
s 1469
f 1004/1241/2005 1001/1182/2005 1000/1244/2005 
s 1470
f 1006/1245/2006 1050/1246/2006 1004/1247/2007 
s 1471
f 1004/1247/2007 1003/1248/2007 1006/1245/2006 
s 1472
f 1005/1186/2008 1051/1243/2008 1050/1246/2006 
s 1473
f 1050/1246/2006 1006/1245/2006 1005/1186/2008 
s 1474
f 1002/1183/1955 1001/1182/1955 1051/1243/2008 
s 1475
f 1051/1243/2008 1005/1186/2008 1002/1183/1955 
s 1476
f 1052/1193/2009 1053/1196/2010 1054/1249/2011 
s 1477
f 1055/1197/2012 1056/1191/2013 1057/1192/2014 
s 1478
f 1058/1250/2015 1059/1251/2016 1060/1198/2017 
s 1479
f 1060/1198/2017 1061/1252/2018 1058/1250/2015 
s 1480
f 1062/1253/2019 1063/1254/2020 1058/1250/2015 
s 1481
f 1059/1251/2016 1058/1250/2015 1063/1254/2020 
s 1482
f 1054/1249/2011 1053/1196/2010 1063/1255/2021 
s 1483
f 1059/1251/2016 1055/1197/2012 1060/1198/2017 
s 1484
f 1064/1256/2022 1059/1257/2023 1065/1258/2024 
s 1485
f 1063/1259/2025 1065/1258/2024 1059/1257/2023 
s 1486
f 1052/1193/2009 1066/1201/2026 1057/1192/2014 
s 1487
f 1067/1202/2027 1057/1192/2014 1066/1201/2026 
s 1488
f 1068/1225/2028 1069/1260/2029 1070/1261/2030 
s 1489
f 1071/1262/2031 1070/1261/2030 1069/1260/2029 
s 1490
f 1072/1220/2032 1073/1223/2033 1074/1263/2034 
s 1491
f 1075/1224/2035 1074/1263/2034 1073/1223/2033 
s 1492
f 1076/1222/2036 1072/1220/2032 1074/1263/2034 
s 1493
f 1077/1228/2037 1078/1264/2038 1079/1265/2039 
s 1494
f 1080/1266/2040 1081/1267/2041 1082/1268/2042 
s 1495
f 1083/1269/2043 1082/1268/2042 1081/1267/2041 
s 1496
f 1084/1232/2044 1080/1230/2045 1082/1270/2046 
s 1497
f 1073/1223/2033 1069/1260/2047 1068/1225/2048 
s 1498
f 1025/1213/1977 1085/1271/1977 1026/1211/1977 
s 1499
f 1012/1208/2049 1026/1272/2049 1085/1273/2049 
s 1500
f 1085/1273/2049 1022/1205/2049 1012/1208/2049 
s 1501
f 1027/1274/2050 1011/1207/2050 1023/1206/2050 
s 1502
f 1023/1206/1976 1025/1210/1976 1027/1274/1976 
s 1503
f 1012/1195/1965 1013/1275/2051 1026/1258/2052 
s 1504
f 1027/1256/2053 1014/1276/2054 1011/1194/1962 
s 1505
f 1014/1276/2054 1008/1191/1963 1011/1194/1962 
s 1506
f 1027/1256/2053 1086/1257/2055 1014/1276/2054 
s 1507
f 1013/1275/2051 1087/1259/2056 1026/1258/2052 
s 1508
f 1012/1195/1965 1007/1190/1964 1013/1275/2051 
s 1509
f 1088/1277/2057 1089/1278/2057 1090/1206/2057 
s 1510
f 1091/1205/2057 1090/1206/2057 1089/1278/2057 
s 1511
f 1092/1213/2058 1093/1271/2058 1088/1277/2058 
s 1512
f 1089/1278/2058 1088/1277/2058 1093/1271/2058 
s 1513
f 1091/1205/2059 1089/1279/2059 1093/1273/2059 
s 1514
f 1054/1249/2011 1062/1280/2060 1094/1281/2061 
s 1515
f 1066/1201/2026 1052/1193/2009 1094/1281/2061 
s 1516
f 1054/1249/2011 1094/1281/2061 1052/1193/2009 
s 1517
f 1061/1252/2018 1060/1198/2017 1067/1202/2027 
s 1518
f 1057/1192/2014 1067/1202/2027 1060/1198/2017 
s 1519
f 1054/1249/2011 1063/1255/2021 1062/1280/2060 
s 1520
f 1095/1282/2062 1096/1283/2063 1097/1284/2064 
s 1521
f 1098/1285/2065 1099/1286/2066 1100/1287/2067 
s 1522
f 1101/1288/2068 1099/1286/2066 1098/1285/2065 
s 1523
f 1098/1285/2065 1102/1289/2069 1101/1288/2068 
s 1524
f 1102/1290/2070 1095/1282/2062 1103/1291/2071 
s 1525
f 1104/1292/2072 1105/1293/2073 1106/1294/2074 
s 1526
f 1105/1293/2073 1107/1295/2075 1106/1294/2074 
s 1527
f 1099/1286/2066 1108/1296/2076 1106/1294/2074 
s 1528
f 1109/1297/2077 1110/1298/2077 1111/1299/2077 
s 1529
f 1112/1300/2078 1113/1301/2078 1114/1302/2078 
s 1530
f 1114/1302/2078 1115/1303/2078 1112/1300/2078 
s 1531
f 1116/1304/2079 1117/1305/2079 1118/1306/2079 
s 1532
f 1118/1306/2079 1119/1307/2079 1116/1304/2079 
s 1533
f 1120/1307/2080 1121/1306/2080 1122/1305/2080 
s 1534
f 1122/1305/2080 1123/1304/2080 1120/1307/2080 
s 1535
f 1101/1288/2068 1124/1308/2081 1108/1296/2076 
s 1536
f 1125/1309/2082 1126/1310/2083 1127/1311/2084 
s 1537
f 1096/1283/2063 1128/1312/2085 1129/1313/2086 
s 1538
f 1130/1314/2087 1131/1315/2088 1098/1285/2065 
s 1539
f 1102/1290/2070 1132/1316/2089 1095/1282/2062 
s 1540
f 1133/1278/2090 1024/1277/2090 1023/1206/2090 
s 1541
f 1023/1206/2090 1022/1205/2090 1133/1278/2090 
s 1542
f 1134/1317/2091 1135/1318/2092 1108/1296/2093 
s 1543
f 1108/1296/2093 1136/1319/2094 1134/1317/2091 
s 1544
f 1137/1320/2095 1138/1321/2096 1104/1292/2097 
s 1545
f 1104/1292/2097 1139/1322/2098 1137/1320/2095 
s 1546
f 1140/1323/2099 1141/1324/2100 1138/1321/2096 
s 1547
f 1138/1321/2096 1137/1320/2095 1140/1323/2099 
s 1548
f 1142/1325/2078 1112/1300/2078 1115/1303/2078 
s 1549
f 1143/1326/2077 1109/1297/2077 1111/1299/2077 
s 1550
f 1111/1299/2077 1144/1327/2077 1143/1326/2077 
s 1551
f 1113/1301/2101 1143/1326/2101 1144/1327/2101 
s 1552
f 1144/1327/2101 1114/1302/2101 1113/1301/2101 
s 1553
f 1104/1292/2097 1135/1318/2092 1134/1317/2091 
s 1554
f 1134/1317/2091 1139/1322/2098 1104/1292/2097 
s 1555
f 1106/1294/2074 1135/1318/2102 1104/1292/2072 
s 1556
f 1124/1328/2103 1141/1324/2100 1140/1323/2099 
s 1557
f 1140/1323/2099 1145/1329/2104 1124/1328/2103 
s 1558
f 1146/1330/2105 1141/1324/2106 1124/1328/2107 
s 1559
f 1101/1331/2108 1146/1330/2105 1124/1328/2107 
s 1560
f 1107/1295/2075 1105/1293/2073 1125/1309/2082 
s 1561
f 1100/1287/2109 1106/1294/2074 1107/1295/2075 
s 1562
f 1097/1284/2064 1096/1283/2063 1129/1313/2086 
s 1563
f 1097/1284/2064 1103/1291/2071 1095/1282/2062 
s 1564
f 1147/1261/2110 1049/1262/2111 1031/1260/2112 
s 1565
f 1033/1223/1987 1028/1220/1984 1148/1263/2113 
s 1566
f 1148/1263/2113 1035/1224/1988 1033/1223/1987 
s 1567
f 1028/1220/1984 1034/1222/1986 1148/1263/2113 
s 1568
f 1149/1264/2114 1039/1228/1992 1047/1265/2115 
s 1569
f 1038/1267/2116 1041/1266/2117 1150/1268/2118 
s 1570
f 1150/1268/2118 1044/1269/2119 1038/1267/2116 
s 1571
f 1041/1230/1994 1043/1232/1996 1150/1270/2120 
s 1572
f 1031/1260/2121 1033/1223/1987 1036/1225/1989 
s 1573
f 1030/1221/2122 1047/1236/2000 1046/1235/1999 
s 1574
f 1046/1235/1999 1034/1222/2123 1030/1221/2122 
s 1575
f 1039/1228/1992 1038/1227/1991 1045/1234/1998 
s 1576
f 1037/1332/2124 1042/1333/2125 1041/1266/2117 
s 1577
f 1041/1266/2117 1038/1267/2116 1037/1332/2124 
s 1578
f 1147/1261/2110 1043/1232/1996 1040/1229/1993 
s 1579
f 1040/1229/1993 1049/1262/2111 1147/1261/2110 
s 1580
f 1042/1333/2126 1037/1332/2126 1149/1334/2126 
s 1581
f 1149/1334/2127 1048/1335/2127 1042/1333/2127 
s 1582
f 1149/1264/2114 1037/1226/1990 1039/1228/1992 
s 1583
f 1040/1229/1993 1042/1231/1995 1048/1237/2001 
s 1584
f 1032/1218/1982 1029/1215/1979 1028/1214/1978 
s 1585
f 1028/1214/1978 1033/1219/1983 1032/1218/1982 
s 1586
f 1085/1271/2128 1025/1213/2128 1024/1277/2128 
s 1587
f 1024/1277/2128 1133/1278/2128 1085/1271/2128 
s 1588
f 1133/1279/2049 1022/1205/2049 1085/1273/2049 
s 1589
f 1021/1280/2129 1151/1249/2130 1017/1281/2131 
s 1590
f 1010/1193/1961 1018/1201/2132 1017/1281/2131 
s 1591
f 1017/1281/2131 1151/1249/2130 1010/1193/1961 
s 1592
f 1015/1198/1968 1016/1252/2133 1019/1202/2134 
s 1593
f 1019/1202/2134 1009/1192/1960 1015/1198/1968 
s 1594
f 1087/1255/2135 1151/1249/2130 1021/1280/2129 
s 1595
f 1013/1196/1966 1010/1193/1961 1151/1249/2130 
s 1596
f 1008/1191/1959 1014/1197/1967 1009/1192/1960 
s 1597
f 1086/1251/2136 1020/1250/2137 1015/1198/1968 
s 1598
f 1016/1252/2133 1015/1198/1968 1020/1250/2137 
s 1599
f 1087/1254/2138 1021/1253/2139 1020/1250/2137 
s 1600
f 1020/1250/2137 1086/1251/2136 1087/1254/2138 
s 1601
f 1013/1196/1966 1151/1249/2130 1087/1255/2135 
s 1602
f 1014/1197/1967 1086/1251/2136 1015/1198/1968 
s 1603
f 1086/1257/2055 1027/1256/2053 1026/1258/2052 
s 1604
f 1026/1258/2052 1087/1259/2056 1086/1257/2055 
s 1605
f 1018/1201/2132 1010/1193/1961 1009/1192/1960 
s 1606
f 1009/1192/1960 1019/1202/2134 1018/1201/2132 
s 1607
f 1031/1260/2112 1036/1225/2140 1147/1261/2110 
s 1608
f 1152/1336/2141 1153/1337/2142 1154/1338/2143 
s 1609
f 1153/1337/2144 1155/1339/2145 1154/1338/2146 
s 1610
f 1156/1340/2147 1152/1336/2141 1154/1338/2143 
s 1611
f 1157/1341/2148 1158/1342/2149 1159/1343/2150 
s 1612
f 1160/1344/2151 1159/1343/2150 1158/1342/2149 
s 1613
f 1158/1345/2152 1161/1346/2153 1162/1347/2154 
s 1614
f 1163/1348/2155 1164/1349/2156 1153/1337/2144 
s 1615
f 1160/1350/2157 1158/1345/2152 1162/1347/2154 
s 1616
f 1164/1349/2156 1155/1339/2145 1153/1337/2144 
s 1617
f 1165/1351/2158 1166/1352/2159 1161/1346/2153 
s 1618
f 1167/1353/2160 1164/1349/2156 1163/1348/2155 
s 1619
f 1168/1336/2161 1169/1337/2162 1170/1354/2163 
s 1620
f 1170/1354/2163 1171/1355/2164 1168/1336/2161 
s 1621
f 1172/1341/2165 1173/1356/2166 1174/1357/2167 
s 1622
f 1174/1357/2167 1175/1358/2168 1172/1341/2165 
s 1623
f 1176/1359/2169 1177/1360/2170 1178/1361/2171 
s 1624
f 1178/1361/2171 1179/1347/2172 1176/1359/2169 
s 1625
f 1180/1340/2173 1181/1350/2174 1182/1338/2175 
s 1626
f 1183/1362/2176 1184/1363/2177 1185/1364/2178 
s 1627
f 1185/1364/2178 1186/1365/2179 1183/1362/2176 
s 1628
f 1187/1366/2180 1188/1367/2181 1189/1368/2182 
s 1629
f 1154/1369/2183 1155/1370/2184 1190/1371/2185 
s 1630
f 1191/1372/2186 1192/1368/2187 1193/1373/2188 
s 1631
f 1194/1374/2189 1193/1373/2188 1192/1368/2187 
s 1632
f 1195/1375/2190 1166/1376/2190 1196/1377/2190 
s 1633
f 1163/1378/2191 1196/1377/2191 1166/1376/2191 
s 1634
f 1162/1347/2154 1166/1352/2159 1195/1361/2192 
s 1635
f 1166/1376/2191 1165/1379/2191 1163/1378/2191 
s 1636
f 1167/1380/2191 1163/1378/2191 1165/1379/2191 
s 1637
f 1196/1354/2193 1163/1348/2155 1153/1337/2144 
s 1638
f 1197/1381/2191 1198/1382/2191 1196/1377/2191 
s 1639
f 1195/1375/2191 1196/1377/2191 1198/1382/2191 
s 1640
f 1197/1381/2191 1192/1383/2191 1198/1382/2191 
s 1641
f 1199/1384/2191 1192/1383/2191 1197/1381/2191 
s 1642
f 1161/1363/2194 1158/1356/2195 1164/1362/2196 
s 1643
f 1155/1357/2197 1164/1362/2196 1158/1356/2195 
s 1644
f 1190/1371/2185 1200/1358/2198 1159/1343/2150 
s 1645
f 1157/1341/2148 1159/1343/2150 1200/1358/2198 
s 1646
f 1161/1346/2153 1166/1352/2159 1162/1347/2154 
s 1647
f 1190/1371/2185 1159/1343/2150 1154/1385/2199 
s 1648
f 1160/1386/2200 1154/1385/2199 1159/1343/2150 
s 1649
f 1201/1359/2201 1160/1350/2202 1162/1347/2203 
s 1650
f 1156/1340/2147 1160/1350/2202 1201/1359/2201 
s 1651
f 1189/1383/2204 1171/1381/2204 1177/1382/2204 
s 1652
f 1189/1383/2204 1188/1384/2204 1171/1381/2204 
s 1653
f 1173/1356/2166 1184/1363/2177 1183/1362/2176 
s 1654
f 1183/1362/2176 1174/1357/2167 1173/1356/2166 
s 1655
f 1175/1358/2168 1202/1371/2205 1203/1343/2206 
s 1656
f 1203/1343/2206 1172/1341/2165 1175/1358/2168 
s 1657
f 1204/1352/2207 1184/1346/2208 1179/1347/2209 
s 1658
f 1203/1343/2206 1202/1371/2205 1182/1385/2210 
s 1659
f 1182/1385/2210 1181/1386/2211 1203/1343/2206 
s 1660
f 1181/1350/2174 1176/1359/2169 1179/1347/2172 
s 1661
f 1181/1350/2174 1180/1340/2173 1176/1359/2169 
s 1662
f 1169/1337/2162 1168/1336/2161 1182/1338/2175 
s 1663
f 1174/1339/2212 1169/1337/2213 1182/1338/2214 
s 1664
f 1168/1336/2161 1180/1340/2173 1182/1338/2175 
s 1665
f 1173/1342/2215 1172/1341/2165 1203/1343/2206 
s 1666
f 1203/1343/2206 1181/1344/2216 1173/1342/2215 
s 1667
f 1184/1346/2208 1173/1345/2217 1179/1347/2209 
s 1668
f 1183/1349/2218 1205/1348/2219 1169/1337/2213 
s 1669
f 1173/1345/2217 1181/1350/2220 1179/1347/2209 
s 1670
f 1174/1339/2212 1183/1349/2218 1169/1337/2213 
s 1671
f 1204/1352/2207 1185/1351/2221 1184/1346/2208 
s 1672
f 1183/1349/2218 1186/1353/2222 1205/1348/2219 
s 1673
f 1189/1368/2182 1206/1374/2223 1187/1366/2180 
s 1674
f 1207/1387/2224 1177/1360/2225 1176/1359/2226 
s 1675
f 1176/1359/2226 1208/1388/2227 1207/1387/2224 
s 1676
f 1207/1389/2204 1189/1383/2204 1177/1382/2204 
s 1677
f 1188/1390/2228 1187/1391/2229 1168/1336/2230 
s 1678
f 1168/1336/2230 1171/1355/2231 1188/1390/2228 
s 1679
f 1208/1388/2232 1176/1359/2233 1180/1340/2234 
s 1680
f 1180/1340/2234 1206/1392/2235 1208/1388/2232 
s 1681
f 1187/1391/2229 1206/1392/2235 1180/1340/2234 
s 1682
f 1180/1340/2234 1168/1336/2230 1187/1391/2229 
s 1683
f 1202/1371/2205 1175/1358/2168 1174/1370/2236 
s 1684
f 1174/1370/2236 1182/1369/2237 1202/1371/2205 
s 1685
f 1189/1368/2182 1207/1372/2238 1208/1373/2239 
s 1686
f 1208/1373/2239 1206/1374/2223 1189/1368/2182 
s 1687
f 1204/1376/2204 1178/1375/2204 1170/1377/2204 
s 1688
f 1170/1377/2204 1205/1378/2204 1204/1376/2204 
s 1689
f 1204/1352/2207 1179/1347/2209 1178/1361/2240 
s 1690
f 1185/1379/2204 1204/1376/2204 1205/1378/2204 
s 1691
f 1205/1378/2204 1186/1380/2204 1185/1379/2204 
s 1692
f 1205/1348/2219 1170/1354/2241 1169/1337/2213 
s 1693
f 1177/1382/2204 1171/1381/2204 1170/1377/2204 
s 1694
f 1170/1377/2204 1178/1375/2204 1177/1382/2204 
s 1695
f 1079/1236/2242 1209/1235/2243 1077/1228/2037 
s 1696
f 1210/1237/2244 1211/1229/2245 1071/1238/2246 
s 1697
f 1212/1215/2247 1213/1239/2247 1214/1218/2247 
s 1698
f 1069/1240/2248 1214/1218/2248 1213/1239/2248 
s 1699
f 1215/1242/2249 1216/1241/2249 1217/1243/2249 
s 1700
f 1217/1243/2249 1216/1241/2249 1218/1182/2249 
s 1701
f 1218/1182/2249 1216/1241/2249 1219/1244/2249 
s 1702
f 1215/1246/2250 1220/1245/2250 1216/1247/2251 
s 1703
f 1221/1248/2252 1216/1247/2251 1220/1245/2250 
s 1704
f 1217/1243/2253 1222/1186/2253 1215/1246/2250 
s 1705
f 1220/1245/2250 1215/1246/2250 1222/1186/2253 
s 1706
f 1218/1182/2254 1223/1183/2254 1217/1243/2253 
s 1707
f 1222/1186/2253 1217/1243/2253 1223/1183/2254 
s 1708
f 1219/1181/2255 1224/1180/2255 1218/1182/2254 
s 1709
f 1223/1183/2254 1218/1182/2254 1224/1180/2255 
s 1710
f 1216/1185/2256 1221/1184/2256 1219/1181/2255 
s 1711
f 1224/1180/2255 1219/1181/2255 1221/1184/2256 
s 1712
f 1222/1186/2257 1223/1183/2257 1220/1187/2257 
s 1713
f 1220/1187/2257 1223/1183/2257 1221/1188/2257 
s 1714
f 1221/1188/2257 1223/1183/2257 1224/1189/2257 
s 1715
f 1056/1191/2013 1225/1190/2258 1057/1192/2014 
s 1716
f 1052/1193/2009 1057/1192/2014 1225/1190/2258 
s 1717
f 1079/1236/2242 1213/1221/2259 1209/1235/2243 
s 1718
f 1076/1222/2260 1209/1235/2243 1213/1221/2259 
s 1719
f 1081/1227/2261 1077/1228/2037 1226/1234/2262 
s 1720
f 1227/1333/2263 1228/1332/2264 1080/1266/2040 
s 1721
f 1081/1267/2041 1080/1266/2040 1228/1332/2264 
s 1722
f 1084/1232/2044 1070/1261/2030 1211/1229/2245 
s 1723
f 1071/1262/2031 1211/1229/2245 1070/1261/2030 
s 1724
f 1228/1332/2265 1227/1333/2265 1078/1334/2265 
s 1725
f 1210/1335/2266 1078/1334/2266 1227/1333/2266 
s 1726
f 1228/1226/2267 1078/1264/2038 1077/1228/2037 
s 1727
f 1227/1231/2268 1211/1229/2245 1210/1237/2244 
s 1728
f 1212/1215/2269 1214/1218/2270 1072/1214/2271 
s 1729
f 1073/1219/2272 1072/1214/2271 1214/1218/2270 
s 1730
f 1212/1215/2269 1072/1214/2271 1213/1216/2273 
s 1731
f 1214/1218/2270 1069/1217/2274 1073/1219/2272 
s 1732
f 1213/1221/2275 1072/1220/2032 1076/1222/2036 
s 1733
f 1075/1224/2035 1073/1223/2033 1068/1225/2048 
s 1734
f 1081/1227/2261 1228/1226/2267 1077/1228/2037 
s 1735
f 1080/1230/2045 1211/1229/2245 1227/1231/2268 
s 1736
f 1211/1229/2245 1080/1230/2045 1084/1232/2044 
s 1737
f 1083/1233/2276 1081/1227/2261 1226/1234/2262 
s 1738
f 1226/1234/2262 1077/1228/2037 1209/1235/2243 
s 1739
f 1225/1190/2277 1229/1195/2278 1053/1275/2279 
s 1740
f 1153/1337/2142 1152/1336/2141 1196/1354/2280 
s 1741
f 1197/1355/2281 1196/1354/2280 1152/1336/2141 
s 1742
f 1158/1356/2195 1157/1341/2148 1155/1357/2197 
s 1743
f 1200/1358/2198 1155/1357/2197 1157/1341/2148 
s 1744
f 1198/1360/2282 1201/1359/2201 1195/1361/2283 
s 1745
f 1162/1347/2203 1195/1361/2283 1201/1359/2201 
s 1746
f 1160/1350/2202 1156/1340/2147 1154/1338/2143 
s 1747
f 1161/1363/2194 1164/1362/2196 1165/1364/2284 
s 1748
f 1167/1365/2285 1165/1364/2284 1164/1362/2196 
s 1749
f 1199/1367/2286 1230/1366/2287 1192/1368/2187 
s 1750
f 1194/1374/2189 1192/1368/2187 1230/1366/2287 
s 1751
f 1198/1360/2288 1191/1387/2289 1201/1359/2290 
s 1752
f 1193/1388/2291 1201/1359/2290 1191/1387/2289 
s 1753
f 1192/1383/2191 1191/1389/2191 1198/1382/2191 
s 1754
f 1230/1391/2292 1199/1390/2293 1152/1336/2294 
s 1755
f 1197/1355/2295 1152/1336/2294 1199/1390/2293 
s 1756
f 1201/1359/2296 1193/1388/2297 1156/1340/2298 
s 1757
f 1194/1392/2299 1156/1340/2298 1193/1388/2297 
s 1758
f 1194/1392/2299 1230/1391/2292 1156/1340/2298 
s 1759
f 1152/1336/2294 1156/1340/2298 1230/1391/2292 
s 1760
f 1200/1358/2198 1190/1371/2185 1155/1370/2184 
s 1761
f 1056/1191/2300 1231/1194/2301 1225/1190/2277 
s 1762
f 1229/1195/2278 1225/1190/2277 1231/1194/2301 
s 1763
f 1225/1190/2258 1053/1196/2010 1052/1193/2009 
s 1764
f 1060/1198/2017 1055/1197/2012 1057/1192/2014 
s 1765
f 1094/1200/2302 1061/1199/2303 1066/1201/2304 
s 1766
f 1067/1202/2305 1066/1201/2304 1061/1199/2303 
s 1767
f 1062/1204/2306 1058/1203/2307 1094/1200/2302 
s 1768
f 1061/1199/2303 1094/1200/2302 1058/1203/2307 
s 1769
f 1090/1206/2308 1091/1205/2308 1231/1207/2308 
s 1770
f 1229/1208/2308 1231/1207/2308 1091/1205/2308 
s 1771
f 1092/1210/2309 1088/1209/2309 1090/1206/2309 
s 1772
f 1064/1212/2310 1065/1211/2310 1092/1213/2310 
s 1773
f 1093/1271/2310 1092/1213/2310 1065/1211/2310 
s 1774
f 1065/1272/2059 1229/1208/2059 1093/1273/2059 
s 1775
f 1091/1205/2059 1093/1273/2059 1229/1208/2059 
s 1776
f 1231/1207/2311 1064/1274/2311 1090/1206/2311 
s 1777
f 1092/1210/2309 1090/1206/2309 1064/1274/2309 
s 1778
f 1053/1275/2279 1229/1195/2278 1065/1258/2024 
s 1779
f 1055/1276/2312 1064/1256/2022 1231/1194/2301 
s 1780
f 1056/1191/2300 1055/1276/2312 1231/1194/2301 
s 1781
f 1059/1257/2023 1064/1256/2022 1055/1276/2312 
s 1782
f 1063/1259/2025 1053/1275/2279 1065/1258/2024 
s 1783
f 1232/1393/2313 1233/1394/2314 1234/1395/2315 
s 1784
f 1234/1395/2315 1235/1396/2313 1232/1393/2313 
s 1785
f 1236/1397/2316 1237/1398/2317 1238/1399/2318 
s 1786
f 1239/1399/2319 1240/1398/2320 1241/1397/2321 
s 1787
f 1242/1400/2322 1243/1401/2323 1244/1402/2324 
s 1788
f 1245/1402/2325 1246/1401/2326 1247/1400/2327 
s 1789
f 1248/1106/2328 1242/1403/2329 1249/1404/2330 
s 1790
f 1250/1405/2331 1247/1406/2332 1251/1104/2333 
s 1791
f 1252/1103/2334 1253/1407/2335 1254/1408/2336 
s 1792
f 1255/1409/2337 1256/1102/2338 1257/1107/2339 
s 1793
f 1251/1105/2340 1247/1410/2341 1258/1411/2342 
s 1794
f 1233/1412/2343 1232/1413/2344 1259/1414/2345 
s 1795
f 1234/1412/2346 1246/1401/2326 1260/1414/2347 
s 1796
f 1261/1415/2348 1254/1416/2349 1253/1417/2350 
s 1797
f 1256/1418/2351 1255/1419/2352 1262/1420/2353 
s 1798
f 1263/1100/2354 1256/1418/2351 1262/1420/2353 
s 1799
f 1261/1415/2348 1253/1417/2350 1263/1100/2354 
s 1800
f 1263/1421/2355 1248/1422/2355 1256/1423/2355 
s 1801
f 1263/1421/2356 1251/1424/2356 1248/1422/2356 
s 1802
f 1263/1421/2357 1253/1425/2357 1251/1424/2357 
s 1803
f 1253/1425/2358 1252/1426/2358 1251/1424/2358 
s 1804
f 1264/1427/2359 1265/1428/2360 1255/1429/2361 
s 1805
f 1238/1399/2318 1237/1398/2317 1266/1430/2362 
s 1806
f 1266/1430/2362 1267/1431/2363 1238/1399/2318 
s 1807
f 1258/1411/2342 1233/1394/2314 1242/1403/2329 
s 1808
f 1248/1106/2328 1249/1404/2330 1257/1107/2339 
s 1809
f 1268/1432/2364 1269/1433/2365 1270/1434/2366 
s 1810
f 1270/1434/2366 1271/1435/2367 1268/1432/2364 
s 1811
f 1261/1415/2348 1263/1100/2354 1262/1420/2353 
s 1812
f 1270/1434/2368 1249/1436/2369 1271/1435/2370 
s 1813
f 1255/1429/2361 1249/1436/2369 1270/1434/2368 
s 1814
f 1268/1437/2371 1266/1430/2362 1269/1438/2372 
s 1815
f 1268/1437/2371 1267/1431/2363 1266/1430/2362 
s 1816
f 1272/1439/2373 1273/1440/2374 1261/1415/2348 
s 1817
f 1261/1415/2348 1262/1420/2353 1272/1439/2373 
s 1818
f 1246/1401/2326 1234/1412/2346 1247/1400/2327 
s 1819
f 1242/1400/2322 1233/1412/2343 1243/1401/2323 
s 1820
f 1274/1441/2375 1275/1442/2376 1235/1413/2377 
s 1821
f 1276/1441/2378 1259/1414/2345 1232/1413/2344 
s 1822
f 1260/1414/2347 1274/1441/2375 1235/1413/2377 
s 1823
f 1243/1401/2323 1233/1412/2343 1259/1414/2345 
s 1824
f 1234/1412/2346 1260/1414/2347 1235/1413/2377 
s 1825
f 1233/1394/2314 1258/1411/2342 1234/1395/2315 
s 1826
f 1277/1443/2379 1278/272/2380 1279/1444/2381 
s 1827
f 1280/1445/2382 1281/267/2383 1282/1446/2384 
s 1828
f 1279/1444/2381 1282/1446/2384 1281/267/2383 
s 1829
f 1283/1306/2385 1284/1447/2386 1280/1445/2382 
s 1830
f 1281/267/2383 1280/1445/2382 1284/1447/2386 
s 1831
f 1285/1305/2387 1286/1448/2388 1283/1306/2385 
s 1832
f 1284/1447/2386 1283/1306/2385 1286/1448/2388 
s 1833
f 1287/1449/2389 1288/1450/2390 1285/1305/2387 
s 1834
f 1286/1448/2388 1285/1305/2387 1288/1450/2390 
s 1835
f 1289/286/2391 1290/1451/2391 1287/1449/2389 
s 1836
f 1288/1450/2390 1287/1449/2389 1290/1451/2391 
s 1837
f 1278/272/2380 1277/1443/2379 1289/1452/2392 
s 1838
f 1290/273/2392 1289/1452/2392 1277/1443/2379 
s 1839
f 1291/272/2393 1292/1443/2394 1293/1446/2395 
s 1840
f 1294/1444/2396 1293/1446/2395 1292/1443/2394 
s 1841
f 1295/1452/2392 1296/273/2392 1291/272/2393 
s 1842
f 1292/1443/2394 1291/272/2393 1296/273/2392 
s 1843
f 1297/1449/2397 1298/1450/2398 1295/286/2391 
s 1844
f 1296/1451/2391 1295/286/2391 1298/1450/2398 
s 1845
f 1299/1305/2399 1300/1448/2400 1297/1449/2397 
s 1846
f 1298/1450/2398 1297/1449/2397 1300/1448/2400 
s 1847
f 1301/1306/2401 1302/1447/2402 1299/1305/2399 
s 1848
f 1248/1422/2403 1257/1453/2403 1256/1423/2403 
s 1849
f 1303/1454/2404 1304/1455/2405 1305/1456/2406 
s 1850
f 1306/1457/2407 1307/1458/2408 1303/1454/2404 
s 1851
f 1307/1458/2408 1304/1455/2405 1303/1454/2404 
s 1852
f 1307/1459/2409 1308/1460/2410 1304/1461/2411 
s 1853
f 1304/1461/2411 1309/1462/2412 1305/1456/2406 
s 1854
f 1308/1460/2410 1309/1462/2412 1304/1461/2411 
s 1855
f 1308/1460/2410 1310/1463/2413 1309/1462/2412 
s 1856
f 1309/1462/2412 1311/1464/2414 1305/1456/2406 
s 1857
f 1310/1463/2413 1312/1465/2415 1309/1462/2412 
s 1858
f 1312/1465/2415 1311/1464/2414 1309/1462/2412 
s 1859
f 1312/1465/2415 1313/1466/2416 1311/1464/2414 
s 1860
f 1311/1464/2414 1303/1454/2404 1305/1456/2406 
s 1861
f 1313/1466/2416 1306/1457/2407 1311/1464/2414 
s 1862
f 1306/1457/2407 1303/1454/2404 1311/1464/2414 
s 1863
f 1297/1304/2417 1295/1467/2417 1314/1307/2417 
s 1864
f 1314/1307/2417 1295/1467/2417 1293/1468/2417 
s 1865
f 1293/1468/2417 1295/1467/2417 1291/1469/2417 
s 1866
f 1280/1307/2418 1282/1468/2418 1287/1304/2418 
s 1867
f 1287/1304/2418 1282/1468/2418 1289/1467/2418 
s 1868
f 1289/1467/2418 1282/1468/2418 1278/1469/2418 
s 1869
f 1282/1446/2384 1279/1444/2381 1278/272/2380 
s 1870
f 1315/1470/2419 1274/1441/2420 1260/1414/2421 
s 1871
f 1260/1414/2421 1316/1471/2422 1315/1470/2419 
s 1872
f 1275/1442/2376 1274/1441/2375 1317/1472/2423 
s 1873
f 1317/1472/2423 1273/1473/2424 1275/1442/2376 
s 1874
f 1315/1474/2425 1316/1475/2426 1239/1399/2319 
s 1875
f 1239/1399/2319 1241/1397/2321 1315/1474/2425 
s 1876
f 1235/1476/2427 1275/1477/2427 1318/1478/2427 
s 1877
f 1318/1478/2427 1232/1479/2427 1235/1476/2427 
s 1878
f 1273/1473/2424 1317/1472/2423 1319/1480/2428 
s 1879
f 1319/1480/2428 1261/1481/2429 1273/1473/2424 
s 1880
f 1318/1478/2430 1275/1477/2430 1273/1440/2430 
s 1881
f 1273/1440/2430 1272/1439/2430 1318/1478/2430 
s 1882
f 1248/1106/2328 1251/1105/2340 1258/1411/2342 
s 1883
f 1252/1103/2334 1254/1408/2336 1250/1405/2331 
s 1884
f 1320/1482/2431 1254/1429/2432 1261/1481/2429 
s 1885
f 1261/1481/2429 1319/1480/2428 1320/1482/2431 
s 1886
f 1321/1483/2433 1322/1484/2434 1323/1430/2435 
s 1887
f 1320/1482/2431 1324/1485/2436 1325/1427/2437 
s 1888
f 1320/1482/2431 1325/1427/2437 1254/1429/2432 
s 1889
f 1239/1399/2319 1326/1431/2438 1323/1430/2435 
s 1890
f 1323/1430/2435 1240/1398/2320 1239/1399/2319 
s 1891
f 1234/1395/2315 1258/1411/2342 1247/1410/2341 
s 1892
f 1321/1486/2439 1327/1433/2440 1328/1434/2441 
s 1893
f 1328/1434/2441 1325/1427/2442 1321/1486/2439 
s 1894
f 1325/1427/2443 1324/1485/2444 1322/1487/2445 
s 1895
f 1322/1487/2445 1321/1488/2446 1325/1427/2443 
s 1896
f 1328/1434/2447 1254/1429/2432 1325/1427/2437 
s 1897
f 1326/1489/2448 1245/1402/2449 1329/1435/2450 
s 1898
f 1329/1435/2450 1330/1490/2451 1326/1489/2448 
s 1899
f 1321/1483/2433 1323/1430/2435 1327/1438/2452 
s 1900
f 1329/1435/2453 1245/1402/2325 1247/1400/2327 
s 1901
f 1247/1400/2327 1250/1436/2454 1329/1435/2453 
s 1902
f 1323/1491/2455 1322/1492/2456 1324/1485/2457 
s 1903
f 1324/1485/2457 1320/1482/2458 1323/1491/2455 
s 1904
f 1315/1493/2459 1241/1494/2460 1317/1472/2461 
s 1905
f 1317/1472/2461 1274/1441/2462 1315/1493/2459 
s 1906
f 1240/1495/2463 1323/1491/2464 1320/1482/2465 
s 1907
f 1320/1482/2465 1319/1480/2466 1240/1495/2463 
s 1908
f 1241/1496/2467 1240/1495/2463 1319/1480/2466 
s 1909
f 1319/1480/2466 1317/1472/2468 1241/1496/2467 
s 1910
f 1245/1402/2449 1326/1489/2448 1239/1497/2469 
s 1911
f 1239/1497/2469 1246/1401/2470 1245/1402/2449 
s 1912
f 1246/1401/2471 1239/1497/2472 1316/1498/2473 
s 1913
f 1316/1498/2473 1260/1414/2474 1246/1401/2471 
s 1914
f 1331/1499/2475 1237/1495/2476 1236/1496/2477 
s 1915
f 1244/1402/2478 1243/1401/2479 1238/1497/2480 
s 1916
f 1238/1497/2480 1267/1489/2481 1244/1402/2478 
s 1917
f 1243/1401/2482 1259/1414/2483 1332/1498/2484 
s 1918
f 1332/1498/2484 1238/1497/2485 1243/1401/2482 
s 1919
f 1259/1414/2486 1276/1441/2487 1333/1470/2488 
s 1920
f 1333/1470/2488 1332/1471/2489 1259/1414/2486 
s 1921
f 1318/1442/2490 1272/1473/2491 1334/1472/2492 
s 1922
f 1334/1472/2492 1276/1441/2378 1318/1442/2490 
s 1923
f 1238/1399/2318 1332/1475/2493 1333/1474/2494 
s 1924
f 1333/1474/2494 1236/1397/2316 1238/1399/2318 
s 1925
f 1272/1473/2491 1262/1481/2495 1331/1499/2496 
s 1926
f 1331/1499/2496 1334/1472/2492 1272/1473/2491 
s 1927
f 1318/1442/2490 1276/1441/2378 1232/1413/2344 
s 1928
f 1242/1403/2329 1248/1106/2328 1258/1411/2342 
s 1929
f 1255/1409/2337 1257/1107/2339 1249/1404/2330 
s 1930
f 1271/1435/2370 1249/1436/2369 1242/1400/2322 
s 1931
f 1242/1400/2322 1244/1402/2324 1271/1435/2370 
s 1932
f 1265/1428/2360 1331/1499/2496 1262/1481/2495 
s 1933
f 1262/1481/2495 1255/1429/2361 1265/1428/2360 
s 1934
f 1335/1484/2497 1336/1483/2498 1266/1430/2362 
s 1935
f 1337/1485/2499 1265/1428/2360 1264/1427/2359 
s 1936
f 1250/1405/2331 1251/1104/2333 1252/1103/2334 
s 1937
f 1330/1432/2500 1329/1435/2501 1328/1434/2441 
s 1938
f 1328/1434/2441 1327/1433/2440 1330/1432/2500 
s 1939
f 1250/1436/2454 1328/1434/2447 1329/1435/2453 
s 1940
f 1250/1436/2454 1254/1429/2432 1328/1434/2447 
s 1941
f 1323/1430/2435 1330/1437/2502 1327/1438/2452 
s 1942
f 1326/1431/2438 1330/1437/2502 1323/1430/2435 
s 1943
f 1336/1486/2503 1264/1427/2504 1270/1434/2366 
s 1944
f 1270/1434/2366 1269/1433/2365 1336/1486/2503 
s 1945
f 1264/1427/2505 1336/1488/2506 1335/1487/2507 
s 1946
f 1335/1487/2507 1337/1485/2508 1264/1427/2505 
s 1947
f 1255/1429/2361 1270/1434/2368 1264/1427/2359 
s 1948
f 1267/1489/2481 1268/1490/2509 1271/1435/2510 
s 1949
f 1271/1435/2510 1244/1402/2478 1267/1489/2481 
s 1950
f 1266/1430/2362 1336/1483/2498 1269/1438/2372 
s 1951
f 1266/1491/2511 1265/1428/2512 1337/1485/2513 
s 1952
f 1337/1485/2513 1335/1492/2514 1266/1491/2511 
s 1953
f 1333/1493/2515 1276/1441/2516 1334/1472/2517 
s 1954
f 1334/1472/2517 1236/1494/2518 1333/1493/2515 
s 1955
f 1237/1495/2476 1331/1499/2475 1265/1428/2519 
s 1956
f 1265/1428/2519 1266/1491/2520 1237/1495/2476 
s 1957
f 1236/1496/2477 1334/1472/2521 1331/1499/2475 
s 1958
f 1338/1446/2522 1115/1444/2523 1114/267/2524 
s 1959
f 1339/1447/2525 1121/1306/2526 1120/1445/2527 
s 1960
f 1120/1445/2527 1114/267/2524 1339/1447/2525 
s 1961
f 1340/1448/2528 1122/1305/2529 1121/1306/2526 
s 1962
f 1121/1306/2526 1339/1447/2525 1340/1448/2528 
s 1963
f 1113/1450/2530 1123/1449/2531 1122/1305/2529 
s 1964
f 1122/1305/2529 1340/1448/2528 1113/1450/2530 
s 1965
f 1112/1451/2532 1341/286/2532 1123/1449/2531 
s 1966
f 1123/1449/2531 1113/1450/2530 1112/1451/2532 
s 1967
f 1142/1443/2533 1342/272/2534 1341/1452/2535 
s 1968
f 1341/1452/2535 1112/273/2535 1142/1443/2533 
s 1969
f 1110/1443/2536 1343/272/2537 1344/1446/2538 
s 1970
f 1344/1446/2538 1111/1444/2539 1110/1443/2536 
s 1971
f 1109/273/2535 1345/1452/2535 1343/272/2537 
s 1972
f 1343/272/2537 1110/1443/2536 1109/273/2535 
s 1973
f 1143/1450/2540 1116/1449/2541 1345/286/2532 
s 1974
f 1345/286/2532 1109/1451/2532 1143/1450/2540 
s 1975
f 1346/1448/2542 1117/1305/2543 1116/1449/2541 
s 1976
f 1116/1449/2541 1143/1450/2540 1346/1448/2542 
s 1977
f 1347/1447/2544 1118/1306/2545 1117/1305/2543 
s 1978
f 1117/1305/2543 1346/1448/2542 1347/1447/2544 
s 1979
f 1145/1458/2546 1140/1457/2547 1348/1454/2548 
s 1980
f 1349/1455/2549 1145/1458/2546 1348/1454/2548 
s 1981
f 1136/1460/2550 1145/1459/2551 1349/1461/2552 
s 1982
f 1350/1462/2553 1349/1461/2552 1351/1456/2554 
s 1983
f 1350/1462/2553 1136/1460/2550 1349/1461/2552 
s 1984
f 1134/1463/2555 1136/1460/2550 1350/1462/2553 
s 1985
f 1352/1464/2556 1350/1462/2553 1351/1456/2554 
s 1986
f 1139/1465/2557 1134/1463/2555 1350/1462/2553 
s 1987
f 1352/1464/2556 1139/1465/2557 1350/1462/2553 
s 1988
f 1137/1466/2558 1139/1465/2557 1352/1464/2556 
s 1989
f 1348/1454/2548 1352/1464/2556 1351/1456/2554 
s 1990
f 1140/1457/2547 1137/1466/2558 1352/1464/2556 
s 1991
f 1348/1454/2548 1140/1457/2547 1352/1464/2556 
s 1992
f 1345/1467/2079 1116/1304/2079 1119/1307/2079 
s 1993
f 1345/1467/2079 1119/1307/2079 1344/1468/2079 
s 1994
f 1345/1467/2079 1344/1468/2079 1343/1469/2079 
s 1995
f 1338/1468/2080 1120/1307/2080 1123/1304/2080 
s 1996
f 1338/1468/2080 1123/1304/2080 1341/1467/2080 
s 1997
f 1338/1468/2080 1341/1467/2080 1342/1469/2080 
s 1998
f 1115/1444/2523 1338/1446/2522 1342/272/2534 
s 1999
f 1342/272/2534 1142/1443/2533 1115/1444/2523 
s 2000
f 1114/267/2524 1120/1445/2527 1338/1446/2522 
s 2001
f 1126/1310/2083 1125/1309/2082 1129/1313/2086 
s 2002
f 1129/1313/2086 1128/1312/2085 1126/1310/2083 
s 2003
f 1138/1321/2559 1141/1324/2106 1353/1500/2560 
s 2004
f 1353/1500/2560 1105/1293/2073 1138/1321/2559 
s 2005
f 1097/1284/2064 1129/1313/2086 1353/1500/2560 
s 2006
f 1353/1500/2560 1146/1330/2105 1097/1284/2064 
s 2007
f 1130/1314/2087 1100/1287/2109 1107/1295/2075 
s 2008
f 1107/1295/2075 1127/1311/2084 1130/1314/2087 
s 2009
f 1125/1309/2082 1105/1293/2073 1353/1500/2560 
s 2010
f 1353/1500/2560 1129/1313/2086 1125/1309/2082 
s 2011
f 1131/1315/2088 1132/1501/2561 1102/1289/2069 
s 2012
f 1102/1289/2069 1098/1285/2065 1131/1315/2088 
s 2013
f 1101/1331/2108 1103/1291/2071 1146/1330/2105 
s 2014
f 1099/1286/2066 1106/1294/2074 1100/1287/2109 
s 2015
f 1100/1287/2109 1130/1314/2087 1098/1285/2065 
s 2016
f 1103/1291/2071 1101/1331/2108 1102/1290/2070 
s 2017
f 1347/1502/2562 1127/1311/2563 1126/1310/2564 
s 2018
f 1339/1503/2565 1114/1504/2566 1128/1312/2567 
s 2019
f 1131/1315/2568 1130/1314/2569 1346/1505/2570 
s 2020
f 1340/1506/2571 1095/1282/2572 1132/1316/2573 
s 2021
f 1136/1319/2094 1108/1296/2093 1124/1308/2574 
s 2022
f 1124/1308/2574 1145/1507/2575 1136/1319/2094 
s 2023
f 1144/267/2576 1119/1445/2577 1118/1306/2545 
s 2024
f 1118/1306/2545 1347/1447/2544 1144/267/2576 
s 2025
f 1111/1444/2539 1344/1446/2538 1119/1445/2577 
s 2026
f 1119/1445/2577 1144/267/2576 1111/1444/2539 
s 2027
f 1146/1330/2105 1353/1500/2560 1141/1324/2106 
s 2028
f 1105/1293/2073 1104/1292/2072 1138/1321/2559 
s 2029
f 1103/1291/2071 1097/1284/2064 1146/1330/2105 
s 2030
f 1125/1309/2082 1127/1311/2084 1107/1295/2075 
s 2031
f 1135/1318/2102 1106/1294/2074 1108/1296/2076 
s 2032
f 1099/1286/2066 1101/1288/2068 1108/1296/2076 
s 2033
f 1131/1315/2578 1143/1508/2578 1113/1509/2578 
s 2034
f 1113/1509/2579 1132/1501/2579 1131/1315/2579 
s 2035
f 1340/1506/2571 1132/1316/2573 1113/1510/2580 
s 2036
f 1339/1503/2565 1096/1283/2581 1095/1282/2572 
s 2037
f 1095/1282/2572 1340/1506/2571 1339/1503/2565 
s 2038
f 1130/1314/2569 1127/1311/2563 1347/1502/2562 
s 2039
f 1347/1502/2562 1346/1505/2570 1130/1314/2569 
s 2040
f 1143/1511/2582 1131/1315/2568 1346/1505/2570 
s 2041
f 1144/1512/2583 1126/1310/2583 1128/1312/2583 
s 2042
f 1128/1312/2584 1114/1513/2584 1144/1512/2584 
s 2043
f 1144/1514/2585 1347/1502/2562 1126/1310/2564 
s 2044
f 1339/1503/2565 1128/1312/2567 1096/1283/2581 
s 2045
f 1354/1312/2586 1284/1503/2587 1355/1283/2588 
s 2046
f 1356/1309/2589 1357/1310/2590 1358/1313/2591 
s 2047
f 1354/1312/2592 1358/1313/2591 1357/1310/2590 
s 2048
f 1359/1324/2593 1360/1321/2594 1361/1500/2595 
s 2049
f 1362/1293/2596 1361/1500/2595 1360/1321/2594 
s 2050
f 1358/1313/2591 1363/1284/2597 1361/1500/2595 
s 2051
f 1364/1330/2598 1361/1500/2595 1363/1284/2597 
s 2052
f 1365/1287/2599 1366/1314/2600 1367/1295/2601 
s 2053
f 1368/1311/2602 1367/1295/2601 1366/1314/2600 
s 2054
f 1362/1293/2596 1356/1309/2589 1361/1500/2595 
s 2055
f 1358/1313/2591 1361/1500/2595 1356/1309/2589 
s 2056
f 1369/1501/2603 1370/1315/2604 1371/1289/2605 
s 2057
f 1372/1285/2606 1371/1289/2605 1370/1315/2604 
s 2058
f 1373/1291/2607 1374/1331/2608 1364/1330/2598 
s 2059
f 1375/1294/2609 1376/1286/2610 1365/1287/2599 
s 2060
f 1366/1314/2600 1365/1287/2599 1372/1285/2606 
s 2061
f 1374/1331/2608 1373/1291/2607 1371/1290/2611 
s 2062
f 1368/1311/2612 1302/1502/2613 1357/1310/2614 
s 2063
f 1281/1504/2615 1284/1503/2587 1354/1312/2586 
s 2064
f 1366/1314/2616 1370/1315/2617 1300/1505/2618 
s 2065
f 1377/1282/2619 1286/1506/2620 1369/1316/2621 
s 2066
f 1378/1296/2622 1308/1319/2623 1379/1308/2624 
s 2067
f 1300/1448/2400 1299/1305/2399 1302/1447/2402 
s 2068
f 1314/1445/2625 1380/267/2626 1301/1306/2401 
s 2069
f 1302/1447/2402 1301/1306/2401 1380/267/2626 
s 2070
f 1293/1446/2395 1294/1444/2396 1314/1445/2625 
s 2071
f 1380/267/2626 1314/1445/2625 1294/1444/2396 
s 2072
f 1361/1500/2595 1364/1330/2598 1359/1324/2593 
s 2073
f 1381/1292/2627 1362/1293/2596 1360/1321/2594 
s 2074
f 1363/1284/2597 1373/1291/2607 1364/1330/2598 
s 2075
f 1368/1311/2602 1356/1309/2589 1367/1295/2601 
s 2076
f 1375/1294/2609 1382/1318/2628 1378/1296/2629 
s 2077
f 1374/1288/2630 1376/1286/2610 1378/1296/2629 
s 2078
f 1298/1508/2631 1370/1315/2631 1288/1509/2631 
s 2079
f 1369/1501/2632 1288/1509/2632 1370/1315/2632 
s 2080
f 1369/1316/2621 1286/1506/2620 1288/1510/2633 
s 2081
f 1355/1283/2588 1284/1503/2587 1377/1282/2619 
s 2082
f 1286/1506/2620 1377/1282/2619 1284/1503/2587 
s 2083
f 1368/1311/2612 1366/1314/2616 1302/1502/2613 
s 2084
f 1300/1505/2618 1302/1502/2613 1366/1314/2616 
s 2085
f 1370/1315/2617 1298/1511/2634 1300/1505/2618 
s 2086
f 1357/1310/2635 1380/1512/2635 1354/1312/2635 
s 2087
f 1281/1513/2636 1354/1312/2636 1380/1512/2636 
s 2088
f 1302/1502/2613 1380/1514/2637 1357/1310/2614 
s 2089
f 1373/1291/2607 1363/1284/2597 1377/1282/2638 
s 2090
f 1355/1283/2639 1377/1282/2638 1363/1284/2597 
s 2091
f 1376/1286/2610 1372/1285/2606 1365/1287/2640 
s 2092
f 1376/1286/2610 1374/1288/2630 1372/1285/2606 
s 2093
f 1371/1289/2605 1372/1285/2606 1374/1288/2630 
s 2094
f 1377/1282/2638 1371/1290/2611 1373/1291/2607 
s 2095
f 1362/1293/2596 1381/1292/2627 1375/1294/2609 
s 2096
f 1367/1295/2601 1362/1293/2596 1375/1294/2609 
s 2097
f 1378/1296/2629 1376/1286/2610 1375/1294/2609 
s 2098
f 1292/1298/2641 1296/1297/2641 1294/1299/2641 
s 2099
f 1288/1301/2642 1290/1300/2642 1281/1302/2642 
s 2100
f 1279/1303/2642 1281/1302/2642 1290/1300/2642 
s 2101
f 1299/1305/2417 1297/1304/2417 1301/1306/2417 
s 2102
f 1314/1307/2417 1301/1306/2417 1297/1304/2417 
s 2103
f 1283/1306/2418 1280/1307/2418 1285/1305/2418 
s 2104
f 1287/1304/2418 1285/1305/2418 1280/1307/2418 
s 2105
f 1379/1308/2643 1374/1288/2630 1378/1296/2629 
s 2106
f 1357/1310/2590 1356/1309/2589 1368/1311/2602 
s 2107
f 1354/1312/2592 1355/1283/2639 1358/1313/2591 
s 2108
f 1370/1315/2604 1366/1314/2600 1372/1285/2606 
s 2109
f 1369/1316/2644 1371/1290/2611 1377/1282/2638 
s 2110
f 1349/1455/2549 1348/1454/2548 1351/1456/2554 
s 2111
f 1307/1507/2645 1379/1308/2624 1308/1319/2623 
s 2112
f 1382/1318/2646 1310/1317/2647 1378/1296/2622 
s 2113
f 1308/1319/2623 1378/1296/2622 1310/1317/2647 
s 2114
f 1360/1321/2648 1313/1320/2649 1381/1292/2650 
s 2115
f 1312/1322/2651 1381/1292/2650 1313/1320/2649 
s 2116
f 1359/1324/2652 1306/1323/2653 1360/1321/2648 
s 2117
f 1313/1320/2649 1360/1321/2648 1306/1323/2653 
s 2118
f 1290/1300/2642 1277/1325/2642 1279/1303/2642 
s 2119
f 1296/1297/2641 1298/1326/2641 1294/1299/2641 
s 2120
f 1380/1327/2641 1294/1299/2641 1298/1326/2641 
s 2121
f 1298/1326/2654 1288/1301/2654 1380/1327/2654 
s 2122
f 1281/1302/2654 1380/1327/2654 1288/1301/2654 
s 2123
f 1382/1318/2646 1381/1292/2650 1310/1317/2647 
s 2124
f 1312/1322/2651 1310/1317/2647 1381/1292/2650 
s 2125
f 1382/1318/2628 1375/1294/2609 1381/1292/2627 
s 2126
f 1359/1324/2652 1379/1328/2655 1306/1323/2653 
s 2127
f 1307/1329/2656 1306/1323/2653 1379/1328/2655 
s 2128
f 1359/1324/2593 1364/1330/2598 1379/1328/2657 
s 2129
f 1364/1330/2598 1374/1331/2608 1379/1328/2657 
s 2130
f 1362/1293/2596 1367/1295/2601 1356/1309/2589 
s 2131
f 1375/1294/2609 1365/1287/2599 1367/1295/2601 
s 2132
f 1355/1283/2639 1363/1284/2597 1358/1313/2591 
s 1
f 1383/1515/2658 1384/1516/2659 1385/1517/2660 
f 1383/1515/2658 1386/1517/2661 1384/1516/2659 
f 1383/1515/2658 1387/1516/2662 1388/1518/2663 
f 1383/1515/2658 1385/1517/2660 1387/1516/2662 
f 1383/1515/2658 1389/1519/2664 1390/1518/2665 
f 1383/1515/2658 1388/1518/2663 1389/1519/2664 
f 1383/1515/2658 1391/1519/2666 1392/1518/2667 
f 1383/1515/2658 1390/1518/2665 1391/1519/2666 
f 1383/1515/2658 1393/1519/2668 1394/1520/2669 
f 1383/1515/2658 1392/1518/2667 1393/1519/2668 
f 1383/1515/2658 1395/1521/2670 1396/1522/2671 
f 1383/1515/2658 1394/1520/2669 1395/1521/2670 
f 1383/1515/2658 1397/1521/2672 1398/1522/2673 
f 1383/1515/2658 1396/1522/2671 1397/1521/2672 
f 1383/1515/2658 1399/1521/2674 1400/1522/2675 
f 1383/1515/2658 1398/1522/2673 1399/1521/2674 
f 1383/1515/2658 1401/1521/2676 1402/1522/2677 
f 1383/1515/2658 1400/1522/2675 1401/1521/2676 
f 1383/1515/2658 1403/1521/2678 1404/1517/2679 
f 1383/1515/2658 1402/1522/2677 1403/1521/2678 
f 1383/1515/2658 1405/1516/2680 1406/1517/2681 
f 1383/1515/2658 1404/1517/2679 1405/1516/2680 
f 1383/1515/2658 1407/1516/2682 1408/1517/2683 
f 1383/1515/2658 1406/1517/2681 1407/1516/2682 
f 1383/1515/2658 1409/1516/2684 1410/1517/2685 
f 1383/1515/2658 1408/1517/2683 1409/1516/2684 
f 1383/1515/2658 1411/1516/2686 1412/1517/2687 
f 1383/1515/2658 1410/1517/2685 1411/1516/2686 
f 1383/1515/2658 1413/1516/2688 1414/1517/2689 
f 1383/1515/2658 1412/1517/2687 1413/1516/2688 
f 1383/1515/2658 1415/1516/2690 1386/1517/2661 
f 1383/1515/2658 1414/1517/2689 1415/1516/2690 
f 1386/1517/2661 1416/1523/2691 1384/1516/2659 
f 1386/1517/2661 1417/1523/2692 1416/1523/2691 
f 1384/1516/2659 1416/1523/2691 1418/1523/2693 
f 1384/1516/2659 1418/1523/2693 1385/1517/2660 
f 1417/1523/2692 1419/1524/2694 1416/1523/2691 
f 1416/1523/2691 1419/1524/2694 1420/1524/2695 
f 1416/1523/2691 1420/1524/2695 1418/1523/2693 
f 1417/1523/2692 1421/1524/2696 1419/1524/2694 
f 1418/1523/2693 1420/1524/2695 1422/1524/2697 
f 1418/1523/2693 1422/1524/2697 1423/1523/2698 
f 1423/1523/2698 1422/1524/2697 1424/1525/2699 
f 1423/1523/2698 1424/1525/2699 1425/1526/2700 
f 1425/1526/2700 1424/1525/2699 1426/1525/2701 
f 1425/1526/2700 1426/1525/2701 1427/1526/2702 
f 1388/1518/2663 1425/1526/2700 1427/1526/2702 
f 1388/1518/2663 1427/1526/2702 1389/1519/2664 
f 1427/1526/2702 1426/1525/2701 1428/1525/2703 
f 1427/1526/2702 1428/1525/2703 1429/1526/2704 
f 1389/1519/2664 1427/1526/2702 1429/1526/2704 
f 1389/1519/2664 1429/1526/2704 1390/1518/2665 
f 1429/1526/2704 1428/1525/2703 1430/1525/2705 
f 1429/1526/2704 1430/1525/2705 1431/1526/2706 
f 1390/1518/2665 1429/1526/2704 1431/1526/2706 
f 1390/1518/2665 1431/1526/2706 1391/1519/2666 
f 1431/1526/2706 1430/1525/2705 1432/1525/2707 
f 1431/1526/2706 1432/1525/2707 1433/1526/2708 
f 1391/1519/2666 1431/1526/2706 1433/1526/2708 
f 1391/1519/2666 1433/1526/2708 1392/1518/2667 
f 1433/1526/2708 1432/1525/2707 1434/1525/2709 
f 1433/1526/2708 1434/1525/2709 1435/1526/2710 
f 1392/1518/2667 1433/1526/2708 1435/1526/2710 
f 1392/1518/2667 1435/1526/2710 1393/1519/2668 
f 1435/1526/2710 1434/1525/2709 1436/1527/2711 
f 1435/1526/2710 1436/1527/2711 1437/1528/2712 
f 1393/1519/2668 1435/1526/2710 1437/1528/2712 
f 1393/1519/2668 1437/1528/2712 1394/1520/2669 
f 1437/1528/2712 1436/1527/2711 1438/1529/2713 
f 1437/1528/2712 1438/1529/2713 1439/1530/2714 
f 1394/1520/2669 1437/1528/2712 1439/1530/2714 
f 1394/1520/2669 1439/1530/2714 1395/1521/2670 
f 1439/1530/2714 1438/1529/2713 1440/1529/2715 
f 1439/1530/2714 1440/1529/2715 1441/1530/2716 
f 1395/1521/2670 1439/1530/2714 1441/1530/2716 
f 1395/1521/2670 1441/1530/2716 1396/1522/2671 
f 1441/1530/2716 1440/1529/2715 1442/1529/2717 
f 1441/1530/2716 1442/1529/2717 1443/1530/2718 
f 1443/1530/2718 1442/1529/2717 1444/1529/2719 
f 1443/1530/2718 1444/1529/2719 1445/1530/2720 
f 1445/1530/2720 1444/1529/2719 1446/1529/2721 
f 1445/1530/2720 1446/1529/2721 1447/1530/2722 
f 1447/1530/2722 1446/1529/2721 1448/1529/2723 
f 1447/1530/2722 1448/1529/2723 1449/1530/2724 
f 1449/1530/2724 1448/1529/2723 1450/1529/2725 
f 1449/1530/2724 1450/1529/2725 1451/1530/2726 
f 1451/1530/2726 1450/1529/2725 1452/1529/2727 
f 1451/1530/2726 1452/1529/2727 1453/1530/2728 
f 1453/1530/2728 1452/1529/2727 1454/1529/2729 
f 1453/1530/2728 1454/1529/2729 1455/1530/2730 
f 1455/1530/2730 1454/1529/2729 1456/1524/2731 
f 1455/1530/2730 1456/1524/2731 1457/1530/2732 
f 1457/1530/2732 1456/1524/2731 1458/1524/2733 
f 1457/1530/2732 1458/1524/2733 1459/1523/2734 
f 1404/1517/2679 1457/1530/2732 1459/1523/2734 
f 1404/1517/2679 1459/1523/2734 1405/1516/2680 
f 1459/1523/2734 1458/1524/2733 1460/1524/2735 
f 1459/1523/2734 1460/1524/2735 1461/1523/2736 
f 1405/1516/2680 1459/1523/2734 1461/1523/2736 
f 1405/1516/2680 1461/1523/2736 1406/1517/2681 
f 1461/1523/2736 1460/1524/2735 1462/1524/2737 
f 1461/1523/2736 1462/1524/2737 1463/1523/2738 
f 1406/1517/2681 1461/1523/2736 1463/1523/2738 
f 1406/1517/2681 1463/1523/2738 1407/1516/2682 
f 1463/1523/2738 1462/1524/2737 1464/1524/2739 
f 1463/1523/2738 1464/1524/2739 1465/1523/2740 
f 1407/1516/2682 1463/1523/2738 1465/1523/2740 
f 1407/1516/2682 1465/1523/2740 1408/1517/2683 
f 1465/1523/2740 1464/1524/2739 1466/1524/2741 
f 1465/1523/2740 1466/1524/2741 1467/1523/2742 
f 1408/1517/2683 1465/1523/2740 1467/1523/2742 
f 1408/1517/2683 1467/1523/2742 1409/1516/2684 
f 1467/1523/2742 1466/1524/2741 1468/1524/2743 
f 1467/1523/2742 1468/1524/2743 1469/1523/2744 
f 1409/1516/2684 1467/1523/2742 1469/1523/2744 
f 1409/1516/2684 1469/1523/2744 1410/1517/2685 
f 1469/1523/2744 1468/1524/2743 1470/1524/2745 
f 1469/1523/2744 1470/1524/2745 1471/1523/2746 
f 1410/1517/2685 1469/1523/2744 1471/1523/2746 
f 1410/1517/2685 1471/1523/2746 1411/1516/2686 
f 1471/1523/2746 1470/1524/2745 1472/1524/2747 
f 1471/1523/2746 1472/1524/2747 1473/1523/2748 
f 1411/1516/2686 1471/1523/2746 1473/1523/2748 
f 1411/1516/2686 1473/1523/2748 1412/1517/2687 
f 1473/1523/2748 1472/1524/2747 1474/1524/2749 
f 1473/1523/2748 1474/1524/2749 1475/1523/2750 
f 1475/1523/2750 1474/1524/2749 1476/1524/2751 
f 1475/1523/2750 1476/1524/2751 1477/1523/2752 
f 1477/1523/2752 1476/1524/2751 1478/1524/2753 
f 1477/1523/2752 1478/1524/2753 1479/1523/2754 
f 1479/1523/2754 1478/1524/2753 1421/1524/2696 
f 1479/1523/2754 1421/1524/2696 1417/1523/2692 
f 1476/1524/2751 1480/1531/2755 1478/1524/2753 
f 1476/1524/2751 1481/1531/2756 1480/1531/2755 
f 1474/1524/2749 1481/1531/2756 1476/1524/2751 
f 1478/1524/2753 1482/1531/2757 1421/1524/2696 
f 1478/1524/2753 1480/1531/2755 1482/1531/2757 
f 1421/1524/2696 1482/1531/2757 1483/1531/2758 
f 1421/1524/2696 1483/1531/2758 1419/1524/2694 
f 1419/1524/2694 1483/1531/2758 1484/1531/2759 
f 1419/1524/2694 1484/1531/2759 1420/1524/2695 
f 1483/1531/2758 1485/1532/2760 1484/1531/2759 
f 1483/1531/2758 1486/1532/2761 1485/1532/2760 
f 1482/1531/2757 1486/1532/2761 1483/1531/2758 
f 1486/1532/2761 1487/1533/2762 1485/1532/2760 
f 1486/1532/2761 1488/1533/2763 1487/1533/2762 
f 1489/1532/2764 1488/1533/2763 1486/1532/2761 
f 1482/1531/2757 1489/1532/2764 1486/1532/2761 
f 1480/1531/2755 1489/1532/2764 1482/1531/2757 
f 1489/1532/2764 1490/1533/2765 1488/1533/2763 
f 1488/1533/2763 1491/1534/2766 1487/1533/2762 
f 1488/1533/2763 1492/1534/2767 1491/1534/2766 
f 1490/1533/2765 1492/1534/2767 1488/1533/2763 
f 1490/1533/2765 1493/1534/2768 1492/1534/2767 
f 1485/1532/2760 1487/1533/2762 1494/1533/2769 
f 1485/1532/2760 1494/1533/2769 1495/1532/2770 
f 1484/1531/2759 1485/1532/2760 1495/1532/2770 
f 1495/1532/2770 1494/1533/2769 1496/1535/2771 
f 1495/1532/2770 1496/1535/2771 1497/1536/2772 
f 1494/1533/2769 1498/1534/2773 1496/1535/2771 
f 1494/1533/2769 1499/1534/2774 1498/1534/2773 
f 1487/1533/2762 1499/1534/2774 1494/1533/2769 
f 1487/1533/2762 1491/1534/2766 1499/1534/2774 
f 1497/1536/2772 1496/1535/2771 1500/1535/2775 
f 1497/1536/2772 1500/1535/2775 1501/1536/2776 
f 1501/1536/2776 1500/1535/2775 1502/1535/2777 
f 1501/1536/2776 1502/1535/2777 1503/1536/2778 
f 1500/1535/2775 1504/1537/2779 1502/1535/2777 
f 1500/1535/2775 1505/1537/2780 1504/1537/2779 
f 1496/1535/2771 1505/1537/2780 1500/1535/2775 
f 1496/1535/2771 1498/1534/2773 1505/1537/2780 
f 1503/1536/2778 1502/1535/2777 1506/1535/2781 
f 1503/1536/2778 1506/1535/2781 1507/1536/2782 
f 1507/1536/2782 1506/1535/2781 1508/1535/2783 
f 1507/1536/2782 1508/1535/2783 1509/1536/2784 
f 1506/1535/2781 1510/1537/2785 1508/1535/2783 
f 1506/1535/2781 1511/1537/2786 1510/1537/2785 
f 1502/1535/2777 1511/1537/2786 1506/1535/2781 
f 1502/1535/2777 1504/1537/2779 1511/1537/2786 
f 1509/1536/2784 1508/1535/2783 1512/1535/2787 
f 1509/1536/2784 1512/1535/2787 1513/1536/2788 
f 1513/1536/2788 1512/1535/2787 1514/1533/2789 
f 1513/1536/2788 1514/1533/2789 1515/1536/2790 
f 1512/1535/2787 1516/1534/2791 1514/1533/2789 
f 1512/1535/2787 1517/1537/2792 1516/1534/2791 
f 1508/1535/2783 1517/1537/2792 1512/1535/2787 
f 1508/1535/2783 1510/1537/2785 1517/1537/2792 
f 1515/1536/2790 1514/1533/2789 1518/1538/2793 
f 1515/1536/2790 1518/1538/2793 1519/1539/2794 
f 1519/1539/2794 1518/1538/2793 1520/1538/2795 
f 1519/1539/2794 1520/1538/2795 1521/1539/2796 
f 1518/1538/2793 1522/1540/2797 1520/1538/2795 
f 1518/1538/2793 1523/1540/2798 1522/1540/2797 
f 1514/1533/2789 1523/1540/2798 1518/1538/2793 
f 1514/1533/2789 1516/1534/2791 1523/1540/2798 
f 1521/1539/2796 1520/1538/2795 1524/1538/2799 
f 1521/1539/2796 1524/1538/2799 1525/1539/2800 
f 1525/1539/2800 1524/1538/2799 1526/1538/2801 
f 1525/1539/2800 1526/1538/2801 1527/1539/2802 
f 1524/1538/2799 1528/1540/2803 1526/1538/2801 
f 1524/1538/2799 1529/1540/2804 1528/1540/2803 
f 1520/1538/2795 1529/1540/2804 1524/1538/2799 
f 1520/1538/2795 1522/1540/2797 1529/1540/2804 
f 1527/1539/2802 1526/1538/2801 1530/1538/2805 
f 1527/1539/2802 1530/1538/2805 1531/1539/2806 
f 1531/1539/2806 1530/1538/2805 1532/1538/2807 
f 1531/1539/2806 1532/1538/2807 1533/1539/2808 
f 1530/1538/2805 1534/1540/2809 1532/1538/2807 
f 1530/1538/2805 1535/1540/2810 1534/1540/2809 
f 1526/1538/2801 1535/1540/2810 1530/1538/2805 
f 1526/1538/2801 1528/1540/2803 1535/1540/2810 
f 1533/1539/2808 1532/1538/2807 1536/1538/2811 
f 1533/1539/2808 1536/1538/2811 1537/1539/2812 
f 1537/1539/2812 1536/1538/2811 1538/1538/2813 
f 1537/1539/2812 1538/1538/2813 1539/1539/2814 
f 1536/1538/2811 1540/1540/2815 1538/1538/2813 
f 1536/1538/2811 1541/1540/2816 1540/1540/2815 
f 1532/1538/2807 1541/1540/2816 1536/1538/2811 
f 1532/1538/2807 1534/1540/2809 1541/1540/2816 
f 1539/1539/2814 1538/1538/2813 1542/1538/2817 
f 1539/1539/2814 1542/1538/2817 1543/1539/2818 
f 1543/1539/2818 1542/1538/2817 1544/1533/2819 
f 1543/1539/2818 1544/1533/2819 1545/1532/2820 
f 1542/1538/2817 1546/1534/2821 1544/1533/2819 
f 1542/1538/2817 1547/1540/2822 1546/1534/2821 
f 1538/1538/2813 1547/1540/2822 1542/1538/2817 
f 1538/1538/2813 1540/1540/2815 1547/1540/2822 
f 1545/1532/2820 1544/1533/2819 1548/1533/2823 
f 1545/1532/2820 1548/1533/2823 1549/1532/2824 
f 1549/1532/2824 1548/1533/2823 1550/1533/2825 
f 1549/1532/2824 1550/1533/2825 1551/1532/2826 
f 1548/1533/2823 1552/1534/2827 1550/1533/2825 
f 1548/1533/2823 1553/1534/2828 1552/1534/2827 
f 1544/1533/2819 1553/1534/2828 1548/1533/2823 
f 1544/1533/2819 1546/1534/2821 1553/1534/2828 
f 1551/1532/2826 1550/1533/2825 1554/1533/2829 
f 1551/1532/2826 1554/1533/2829 1555/1532/2830 
f 1555/1532/2830 1554/1533/2829 1556/1533/2831 
f 1555/1532/2830 1556/1533/2831 1557/1532/2832 
f 1554/1533/2829 1558/1534/2833 1556/1533/2831 
f 1554/1533/2829 1559/1534/2834 1558/1534/2833 
f 1550/1533/2825 1559/1534/2834 1554/1533/2829 
f 1550/1533/2825 1552/1534/2827 1559/1534/2834 
f 1557/1532/2832 1556/1533/2831 1560/1533/2835 
f 1557/1532/2832 1560/1533/2835 1561/1532/2836 
f 1561/1532/2836 1560/1533/2835 1562/1533/2837 
f 1561/1532/2836 1562/1533/2837 1563/1532/2838 
f 1560/1533/2835 1564/1534/2839 1562/1533/2837 
f 1560/1533/2835 1565/1534/2840 1564/1534/2839 
f 1556/1533/2831 1565/1534/2840 1560/1533/2835 
f 1556/1533/2831 1558/1534/2833 1565/1534/2840 
f 1563/1532/2838 1562/1533/2837 1566/1533/2841 
f 1563/1532/2838 1566/1533/2841 1567/1532/2842 
f 1567/1532/2842 1566/1533/2841 1568/1533/2843 
f 1567/1532/2842 1568/1533/2843 1569/1532/2844 
f 1566/1533/2841 1570/1534/2845 1568/1533/2843 
f 1566/1533/2841 1571/1534/2846 1570/1534/2845 
f 1562/1533/2837 1571/1534/2846 1566/1533/2841 
f 1562/1533/2837 1564/1534/2839 1571/1534/2846 
f 1569/1532/2844 1568/1533/2843 1572/1533/2847 
f 1569/1532/2844 1572/1533/2847 1573/1532/2848 
f 1573/1532/2848 1572/1533/2847 1574/1533/2849 
f 1573/1532/2848 1574/1533/2849 1575/1532/2850 
f 1572/1533/2847 1576/1534/2851 1574/1533/2849 
f 1572/1533/2847 1577/1534/2852 1576/1534/2851 
f 1568/1533/2843 1577/1534/2852 1572/1533/2847 
f 1568/1533/2843 1570/1534/2845 1577/1534/2852 
f 1575/1532/2850 1574/1533/2849 1578/1533/2853 
f 1575/1532/2850 1578/1533/2853 1579/1532/2854 
f 1579/1532/2854 1578/1533/2853 1490/1533/2765 
f 1579/1532/2854 1490/1533/2765 1489/1532/2764 
f 1578/1533/2853 1493/1534/2768 1490/1533/2765 
f 1578/1533/2853 1580/1534/2855 1493/1534/2768 
f 1574/1533/2849 1580/1534/2855 1578/1533/2853 
f 1574/1533/2849 1576/1534/2851 1580/1534/2855 
f 1576/1534/2851 1581/1541/2856 1580/1534/2855 
f 1576/1534/2851 1582/1541/2857 1581/1541/2856 
f 1577/1534/2852 1582/1541/2857 1576/1534/2851 
f 1580/1534/2855 1583/1541/2858 1493/1534/2768 
f 1580/1534/2855 1581/1541/2856 1583/1541/2858 
f 1493/1534/2768 1583/1541/2858 1584/1541/2859 
f 1493/1534/2768 1584/1541/2859 1492/1534/2767 
f 1492/1534/2767 1584/1541/2859 1585/1541/2860 
f 1492/1534/2767 1585/1541/2860 1491/1534/2766 
f 1584/1541/2859 1586/1542/2861 1585/1541/2860 
f 1583/1541/2858 1586/1542/2861 1584/1541/2859 
f 1581/1541/2856 1586/1542/2861 1583/1541/2858 
f 1385/1517/2660 1423/1523/2698 1387/1516/2662 
f 1385/1517/2660 1418/1523/2693 1423/1523/2698 
f 1387/1516/2662 1423/1523/2698 1425/1526/2700 
f 1387/1516/2662 1425/1526/2700 1388/1518/2663 
f 1396/1522/2671 1443/1530/2718 1397/1521/2672 
f 1396/1522/2671 1441/1530/2716 1443/1530/2718 
f 1397/1521/2672 1443/1530/2718 1445/1530/2720 
f 1397/1521/2672 1445/1530/2720 1398/1522/2673 
f 1398/1522/2673 1445/1530/2720 1447/1530/2722 
f 1398/1522/2673 1447/1530/2722 1399/1521/2674 
f 1399/1521/2674 1447/1530/2722 1449/1530/2724 
f 1399/1521/2674 1449/1530/2724 1400/1522/2675 
f 1400/1522/2675 1449/1530/2724 1451/1530/2726 
f 1400/1522/2675 1451/1530/2726 1401/1521/2676 
f 1401/1521/2676 1451/1530/2726 1453/1530/2728 
f 1401/1521/2676 1453/1530/2728 1402/1522/2677 
f 1402/1522/2677 1453/1530/2728 1455/1530/2730 
f 1402/1522/2677 1455/1530/2730 1403/1521/2678 
f 1403/1521/2678 1455/1530/2730 1457/1530/2732 
f 1403/1521/2678 1457/1530/2732 1404/1517/2679 
f 1412/1517/2687 1475/1523/2750 1413/1516/2688 
f 1412/1517/2687 1473/1523/2748 1475/1523/2750 
f 1413/1516/2688 1475/1523/2750 1477/1523/2752 
f 1413/1516/2688 1477/1523/2752 1414/1517/2689 
f 1414/1517/2689 1477/1523/2752 1479/1523/2754 
f 1414/1517/2689 1479/1523/2754 1415/1516/2690 
f 1415/1516/2690 1479/1523/2754 1417/1523/2692 
f 1415/1516/2690 1417/1523/2692 1386/1517/2661 
f 1582/1541/2857 1586/1542/2861 1581/1541/2856 
f 1587/1541/2862 1586/1542/2861 1582/1541/2857 
f 1577/1534/2852 1587/1541/2862 1582/1541/2857 
f 1570/1534/2845 1587/1541/2862 1577/1534/2852 
f 1570/1534/2845 1588/1541/2863 1587/1541/2862 
f 1588/1541/2863 1586/1542/2861 1587/1541/2862 
f 1571/1534/2846 1588/1541/2863 1570/1534/2845 
f 1571/1534/2846 1589/1541/2864 1588/1541/2863 
f 1589/1541/2864 1586/1542/2861 1588/1541/2863 
f 1564/1534/2839 1589/1541/2864 1571/1534/2846 
f 1564/1534/2839 1590/1541/2865 1589/1541/2864 
f 1590/1541/2865 1586/1542/2861 1589/1541/2864 
f 1565/1534/2840 1590/1541/2865 1564/1534/2839 
f 1565/1534/2840 1591/1541/2866 1590/1541/2865 
f 1591/1541/2866 1586/1542/2861 1590/1541/2865 
f 1558/1534/2833 1591/1541/2866 1565/1534/2840 
f 1558/1534/2833 1592/1541/2867 1591/1541/2866 
f 1592/1541/2867 1586/1542/2861 1591/1541/2866 
f 1559/1534/2834 1592/1541/2867 1558/1534/2833 
f 1559/1534/2834 1593/1541/2868 1592/1541/2867 
f 1593/1541/2868 1586/1542/2861 1592/1541/2867 
f 1552/1534/2827 1593/1541/2868 1559/1534/2834 
f 1552/1534/2827 1594/1541/2869 1593/1541/2868 
f 1594/1541/2869 1586/1542/2861 1593/1541/2868 
f 1553/1534/2828 1594/1541/2869 1552/1534/2827 
f 1553/1534/2828 1595/1541/2870 1594/1541/2869 
f 1595/1541/2870 1586/1542/2861 1594/1541/2869 
f 1546/1534/2821 1595/1541/2870 1553/1534/2828 
f 1546/1534/2821 1596/1541/2871 1595/1541/2870 
f 1596/1541/2871 1586/1542/2861 1595/1541/2870 
f 1547/1540/2822 1596/1541/2871 1546/1534/2821 
f 1547/1540/2822 1597/1543/2872 1596/1541/2871 
f 1597/1543/2872 1586/1542/2861 1596/1541/2871 
f 1540/1540/2815 1597/1543/2872 1547/1540/2822 
f 1540/1540/2815 1598/1543/2873 1597/1543/2872 
f 1598/1543/2873 1586/1542/2861 1597/1543/2872 
f 1541/1540/2816 1598/1543/2873 1540/1540/2815 
f 1541/1540/2816 1599/1543/2874 1598/1543/2873 
f 1599/1543/2874 1586/1542/2861 1598/1543/2873 
f 1534/1540/2809 1599/1543/2874 1541/1540/2816 
f 1534/1540/2809 1600/1543/2875 1599/1543/2874 
f 1600/1543/2875 1586/1542/2861 1599/1543/2874 
f 1535/1540/2810 1600/1543/2875 1534/1540/2809 
f 1535/1540/2810 1601/1543/2876 1600/1543/2875 
f 1601/1543/2876 1586/1542/2861 1600/1543/2875 
f 1528/1540/2803 1601/1543/2876 1535/1540/2810 
f 1528/1540/2803 1602/1543/2877 1601/1543/2876 
f 1602/1543/2877 1586/1542/2861 1601/1543/2876 
f 1529/1540/2804 1602/1543/2877 1528/1540/2803 
f 1529/1540/2804 1603/1543/2878 1602/1543/2877 
f 1603/1543/2878 1586/1542/2861 1602/1543/2877 
f 1522/1540/2797 1603/1543/2878 1529/1540/2804 
f 1522/1540/2797 1604/1543/2879 1603/1543/2878 
f 1604/1543/2879 1586/1542/2861 1603/1543/2878 
f 1523/1540/2798 1604/1543/2879 1522/1540/2797 
f 1523/1540/2798 1605/1543/2880 1604/1543/2879 
f 1605/1543/2880 1586/1542/2861 1604/1543/2879 
f 1516/1534/2791 1605/1543/2880 1523/1540/2798 
f 1516/1534/2791 1606/1541/2881 1605/1543/2880 
f 1606/1541/2881 1586/1542/2861 1605/1543/2880 
f 1517/1537/2792 1606/1541/2881 1516/1534/2791 
f 1517/1537/2792 1607/1544/2882 1606/1541/2881 
f 1607/1544/2882 1586/1542/2861 1606/1541/2881 
f 1510/1537/2785 1607/1544/2882 1517/1537/2792 
f 1510/1537/2785 1608/1544/2883 1607/1544/2882 
f 1608/1544/2883 1586/1542/2861 1607/1544/2882 
f 1511/1537/2786 1608/1544/2883 1510/1537/2785 
f 1511/1537/2786 1609/1544/2884 1608/1544/2883 
f 1609/1544/2884 1586/1542/2861 1608/1544/2883 
f 1504/1537/2779 1609/1544/2884 1511/1537/2786 
f 1504/1537/2779 1610/1544/2885 1609/1544/2884 
f 1610/1544/2885 1586/1542/2861 1609/1544/2884 
f 1505/1537/2780 1610/1544/2885 1504/1537/2779 
f 1505/1537/2780 1611/1544/2886 1610/1544/2885 
f 1611/1544/2886 1586/1542/2861 1610/1544/2885 
f 1498/1534/2773 1611/1544/2886 1505/1537/2780 
f 1498/1534/2773 1612/1541/2887 1611/1544/2886 
f 1612/1541/2887 1586/1542/2861 1611/1544/2886 
f 1499/1534/2774 1612/1541/2887 1498/1534/2773 
f 1499/1534/2774 1613/1541/2888 1612/1541/2887 
f 1613/1541/2888 1586/1542/2861 1612/1541/2887 
f 1491/1534/2766 1613/1541/2888 1499/1534/2774 
f 1491/1534/2766 1585/1541/2860 1613/1541/2888 
f 1585/1541/2860 1586/1542/2861 1613/1541/2888 
f 1480/1531/2755 1579/1532/2854 1489/1532/2764 
f 1481/1531/2756 1579/1532/2854 1480/1531/2755 
f 1481/1531/2756 1575/1532/2850 1579/1532/2854 
f 1614/1531/2889 1575/1532/2850 1481/1531/2756 
f 1474/1524/2749 1614/1531/2889 1481/1531/2756 
f 1472/1524/2747 1614/1531/2889 1474/1524/2749 
f 1472/1524/2747 1615/1531/2890 1614/1531/2889 
f 1614/1531/2889 1573/1532/2848 1575/1532/2850 
f 1615/1531/2890 1573/1532/2848 1614/1531/2889 
f 1615/1531/2890 1569/1532/2844 1573/1532/2848 
f 1470/1524/2745 1615/1531/2890 1472/1524/2747 
f 1470/1524/2745 1616/1531/2891 1615/1531/2890 
f 1616/1531/2891 1569/1532/2844 1615/1531/2890 
f 1468/1524/2743 1616/1531/2891 1470/1524/2745 
f 1468/1524/2743 1617/1531/2892 1616/1531/2891 
f 1616/1531/2891 1567/1532/2842 1569/1532/2844 
f 1617/1531/2892 1567/1532/2842 1616/1531/2891 
f 1617/1531/2892 1563/1532/2838 1567/1532/2842 
f 1466/1524/2741 1617/1531/2892 1468/1524/2743 
f 1466/1524/2741 1618/1531/2893 1617/1531/2892 
f 1618/1531/2893 1563/1532/2838 1617/1531/2892 
f 1464/1524/2739 1618/1531/2893 1466/1524/2741 
f 1464/1524/2739 1619/1531/2894 1618/1531/2893 
f 1618/1531/2893 1561/1532/2836 1563/1532/2838 
f 1619/1531/2894 1561/1532/2836 1618/1531/2893 
f 1619/1531/2894 1557/1532/2832 1561/1532/2836 
f 1462/1524/2737 1619/1531/2894 1464/1524/2739 
f 1462/1524/2737 1620/1531/2895 1619/1531/2894 
f 1620/1531/2895 1557/1532/2832 1619/1531/2894 
f 1460/1524/2735 1620/1531/2895 1462/1524/2737 
f 1460/1524/2735 1621/1531/2896 1620/1531/2895 
f 1620/1531/2895 1555/1532/2830 1557/1532/2832 
f 1621/1531/2896 1555/1532/2830 1620/1531/2895 
f 1621/1531/2896 1551/1532/2826 1555/1532/2830 
f 1458/1524/2733 1621/1531/2896 1460/1524/2735 
f 1458/1524/2733 1622/1531/2897 1621/1531/2896 
f 1622/1531/2897 1551/1532/2826 1621/1531/2896 
f 1456/1524/2731 1622/1531/2897 1458/1524/2733 
f 1456/1524/2731 1623/1531/2898 1622/1531/2897 
f 1622/1531/2897 1549/1532/2824 1551/1532/2826 
f 1623/1531/2898 1549/1532/2824 1622/1531/2897 
f 1623/1531/2898 1545/1532/2820 1549/1532/2824 
f 1454/1529/2729 1623/1531/2898 1456/1524/2731 
f 1454/1529/2729 1624/1545/2899 1623/1531/2898 
f 1624/1545/2899 1545/1532/2820 1623/1531/2898 
f 1452/1529/2727 1624/1545/2899 1454/1529/2729 
f 1452/1529/2727 1625/1545/2900 1624/1545/2899 
f 1624/1545/2899 1543/1539/2818 1545/1532/2820 
f 1625/1545/2900 1543/1539/2818 1624/1545/2899 
f 1625/1545/2900 1539/1539/2814 1543/1539/2818 
f 1450/1529/2725 1625/1545/2900 1452/1529/2727 
f 1450/1529/2725 1626/1545/2901 1625/1545/2900 
f 1626/1545/2901 1539/1539/2814 1625/1545/2900 
f 1448/1529/2723 1626/1545/2901 1450/1529/2725 
f 1448/1529/2723 1627/1545/2902 1626/1545/2901 
f 1626/1545/2901 1537/1539/2812 1539/1539/2814 
f 1627/1545/2902 1537/1539/2812 1626/1545/2901 
f 1627/1545/2902 1533/1539/2808 1537/1539/2812 
f 1446/1529/2721 1627/1545/2902 1448/1529/2723 
f 1446/1529/2721 1628/1545/2903 1627/1545/2902 
f 1628/1545/2903 1533/1539/2808 1627/1545/2902 
f 1444/1529/2719 1628/1545/2903 1446/1529/2721 
f 1444/1529/2719 1629/1545/2904 1628/1545/2903 
f 1628/1545/2903 1531/1539/2806 1533/1539/2808 
f 1629/1545/2904 1531/1539/2806 1628/1545/2903 
f 1629/1545/2904 1527/1539/2802 1531/1539/2806 
f 1442/1529/2717 1629/1545/2904 1444/1529/2719 
f 1442/1529/2717 1630/1545/2905 1629/1545/2904 
f 1630/1545/2905 1527/1539/2802 1629/1545/2904 
f 1440/1529/2715 1630/1545/2905 1442/1529/2717 
f 1440/1529/2715 1631/1545/2906 1630/1545/2905 
f 1630/1545/2905 1525/1539/2800 1527/1539/2802 
f 1631/1545/2906 1525/1539/2800 1630/1545/2905 
f 1631/1545/2906 1521/1539/2796 1525/1539/2800 
f 1438/1529/2713 1631/1545/2906 1440/1529/2715 
f 1438/1529/2713 1632/1545/2907 1631/1545/2906 
f 1632/1545/2907 1521/1539/2796 1631/1545/2906 
f 1436/1527/2711 1632/1545/2907 1438/1529/2713 
f 1436/1527/2711 1633/1546/2908 1632/1545/2907 
f 1632/1545/2907 1519/1539/2794 1521/1539/2796 
f 1633/1546/2908 1519/1539/2794 1632/1545/2907 
f 1633/1546/2908 1515/1536/2790 1519/1539/2794 
f 1434/1525/2709 1633/1546/2908 1436/1527/2711 
f 1434/1525/2709 1634/1546/2909 1633/1546/2908 
f 1634/1546/2909 1515/1536/2790 1633/1546/2908 
f 1432/1525/2707 1634/1546/2909 1434/1525/2709 
f 1432/1525/2707 1635/1546/2910 1634/1546/2909 
f 1634/1546/2909 1513/1536/2788 1515/1536/2790 
f 1635/1546/2910 1513/1536/2788 1634/1546/2909 
f 1635/1546/2910 1509/1536/2784 1513/1536/2788 
f 1430/1525/2705 1635/1546/2910 1432/1525/2707 
f 1430/1525/2705 1636/1546/2911 1635/1546/2910 
f 1636/1546/2911 1509/1536/2784 1635/1546/2910 
f 1428/1525/2703 1636/1546/2911 1430/1525/2705 
f 1428/1525/2703 1637/1546/2912 1636/1546/2911 
f 1636/1546/2911 1507/1536/2782 1509/1536/2784 
f 1637/1546/2912 1507/1536/2782 1636/1546/2911 
f 1637/1546/2912 1503/1536/2778 1507/1536/2782 
f 1426/1525/2701 1637/1546/2912 1428/1525/2703 
f 1426/1525/2701 1638/1546/2913 1637/1546/2912 
f 1638/1546/2913 1503/1536/2778 1637/1546/2912 
f 1424/1525/2699 1638/1546/2913 1426/1525/2701 
f 1424/1525/2699 1639/1546/2914 1638/1546/2913 
f 1638/1546/2913 1501/1536/2776 1503/1536/2778 
f 1639/1546/2914 1501/1536/2776 1638/1546/2913 
f 1639/1546/2914 1497/1536/2772 1501/1536/2776 
f 1422/1524/2697 1639/1546/2914 1424/1525/2699 
f 1422/1524/2697 1640/1531/2915 1639/1546/2914 
f 1640/1531/2915 1497/1536/2772 1639/1546/2914 
f 1420/1524/2695 1640/1531/2915 1422/1524/2697 
f 1420/1524/2695 1484/1531/2759 1640/1531/2915 
f 1640/1531/2915 1495/1532/2770 1497/1536/2772 
f 1484/1531/2759 1495/1532/2770 1640/1531/2915 
s 512
f 195/1547/2916 198/1547/2917 13/1548/2917 12/1548/2917 
s 1024
f 198/1547/2918 193/1549/2918 8/1550/2918 13/1548/2918 
s 512
f 193/1551/2919 188/1552/2919 9/1553/2919 8/1554/2919 
s 1024
f 188/1555/2920 187/1556/2920 5/1557/2920 9/1558/2920 
s 512
f 187/1556/2921 192/1559/2921 6/1560/2921 5/1557/2921 
s 1024
f 192/1559/2922 191/1561/2922 30/1562/2922 6/1560/2922 
s 512
f 191/1563/2923 233/1564/2924 31/1565/2923 30/1566/2923 
s 1024
f 233/1564/2925 26/1567/2925 31/1565/2925 
s 512
f 233/1568/2924 230/1568/2926 27/1567/2926 26/1567/2926 
s 1024
f 230/1564/2927 184/1563/2927 22/1565/2927 27/1567/2927 
s 512
f 184/169/2928 183/168/2928 23/15/2928 22/1565/2928 
s 1024
f 183/1559/2929 207/1556/2929 18/1560/2929 23/1562/2929 
s 512
f 207/1556/2930 180/1555/2930 19/1557/2930 18/1560/2930 
s 1024
f 180/1552/2931 200/1551/2931 15/1553/2931 19/1569/2931 
s 512
f 200/1549/2932 195/1547/2916 16/1550/2932 15/1570/2932 
s 1024
f 195/1547/2933 12/1548/2933 16/1550/2933 
# 14 polygons - 3043 triangles

