# 3ds Max Wavefront OBJ Exporter v0.97b - (c)2007 guruware
# File Created: 16.06.2015 04:02:34

mtllib Terminator Powerfist.mtl

#
# object Fiche2
#

v  0.0013 0.0214 0.0050
v  -0.6646 0.0003 -0.2838
v  -0.6019 0.0001 -0.4109
v  -0.7125 0.0001 -0.1504
v  -0.5066 0.0003 -0.5157
v  -0.4001 0.0001 -0.6093
v  -0.2717 0.0003 -0.6697
v  -0.1375 0.0001 -0.7152
v  0.0040 0.0003 -0.7220
v  0.1455 0.0001 -0.7126
v  0.2790 0.0003 -0.6647
v  0.4060 0.0001 -0.6020
v  0.5110 0.0003 -0.5067
v  0.6045 0.0001 -0.4001
v  0.6648 0.0003 -0.2719
v  0.7105 0.0001 -0.1376
v  0.7172 0.0003 0.0038
v  0.7079 0.0001 0.1453
v  0.6600 0.0003 0.2789
v  0.5973 0.0001 0.4059
v  0.5020 0.0003 0.5108
v  0.3953 0.0001 0.6044
v  0.2671 0.0003 0.6647
v  0.1329 0.0001 0.7103
v  -0.0087 0.0003 0.7171
v  -0.1502 0.0001 0.7078
v  -0.2836 0.0003 0.6599
v  -0.4108 0.0001 0.5971
v  -0.5155 0.0003 0.5018
v  -0.6091 0.0001 0.3952
v  -0.6696 0.0003 0.2670
v  -0.7151 0.0001 0.1327
v  -0.7218 0.0003 -0.0089
v  -0.6766 0.0077 -0.2887
v  -0.7204 0.0077 -0.1519
v  -0.6086 0.0077 -0.4154
v  -0.6603 0.0172 -0.2819
v  -0.5931 0.0172 -0.4049
v  -0.7021 0.0172 -0.1481
v  -0.5033 0.0172 -0.5124
v  -0.5157 0.0077 -0.5250
v  -0.3942 0.0172 -0.6003
v  -0.4044 0.0077 -0.6160
v  -0.2700 0.0172 -0.6653
v  -0.2765 0.0077 -0.6816
v  -0.1356 0.0172 -0.7047
v  -0.1390 0.0077 -0.7232
v  0.0040 0.0172 -0.7173
v  0.0042 0.0077 -0.7350
v  0.1434 0.0172 -0.7023
v  0.1472 0.0077 -0.7206
v  0.2771 0.0172 -0.6604
v  0.2840 0.0077 -0.6766
v  0.4002 0.0172 -0.5932
v  0.4107 0.0077 -0.6087
v  0.5077 0.0172 -0.5035
v  0.5203 0.0077 -0.5159
v  0.5956 0.0172 -0.3944
v  0.6111 0.0077 -0.4045
v  0.6605 0.0172 -0.2701
v  0.6769 0.0077 -0.2767
v  0.7000 0.0172 -0.1357
v  0.7183 0.0077 -0.1392
v  0.7124 0.0172 0.0038
v  0.7302 0.0077 0.0040
v  0.6976 0.0172 0.1432
v  0.7159 0.0077 0.1470
v  0.6557 0.0172 0.2770
v  0.6719 0.0077 0.2839
v  0.5885 0.0172 0.4000
v  0.6038 0.0077 0.4105
v  0.4986 0.0172 0.5075
v  0.5111 0.0077 0.5201
v  0.3895 0.0172 0.5954
v  0.3998 0.0077 0.6109
v  0.2654 0.0172 0.6604
v  0.2720 0.0077 0.6767
v  0.1310 0.0172 0.6998
v  0.1345 0.0077 0.7181
v  -0.0086 0.0172 0.7122
v  -0.0087 0.0077 0.7300
v  -0.1480 0.0172 0.6974
v  -0.1518 0.0077 0.7157
v  -0.2817 0.0172 0.6555
v  -0.2886 0.0077 0.6717
v  -0.4047 0.0172 0.5883
v  -0.4152 0.0077 0.6037
v  -0.5122 0.0172 0.4984
v  -0.5248 0.0077 0.5110
v  -0.6001 0.0172 0.3893
v  -0.6158 0.0077 0.3997
v  -0.6651 0.0172 0.2652
v  -0.6815 0.0077 0.2718
v  -0.7046 0.0172 0.1308
v  -0.7230 0.0077 0.1343
v  -0.7171 0.0172 -0.0087
v  -0.7349 0.0077 -0.0089
v  -0.6928 0.0284 -0.0086
v  -0.6808 0.0284 0.1262
v  -0.6784 0.0284 -0.1431
v  -0.6379 0.0284 -0.2724
v  -0.5731 0.0284 -0.3911
v  -0.5570 0.0403 -0.3802
v  -0.6201 0.0403 -0.2648
v  -0.5503 0.0522 -0.3758
v  -0.6127 0.0522 -0.2617
v  -0.6594 0.0403 -0.1392
v  -0.6515 0.0522 -0.1376
v  -0.5495 0.0632 -0.3751
v  -0.6117 0.0632 -0.2612
v  -0.6504 0.0632 -0.1375
v  -0.4669 0.0522 -0.4755
v  -0.4726 0.0403 -0.4812
v  -0.3658 0.0522 -0.5570
v  -0.3703 0.0403 -0.5639
v  -0.3653 0.0632 -0.5562
v  -0.4662 0.0632 -0.4747
v  -0.2507 0.0522 -0.6174
v  -0.2536 0.0403 -0.6248
v  -0.1259 0.0522 -0.6541
v  -0.1275 0.0403 -0.6620
v  -0.1257 0.0632 -0.6529
v  -0.2502 0.0632 -0.6163
v  0.0037 0.0522 -0.6656
v  0.0037 0.0403 -0.6737
v  0.1329 0.0522 -0.6516
v  0.1345 0.0403 -0.6596
v  0.1326 0.0632 -0.6506
v  0.0035 0.0632 -0.6644
v  0.2570 0.0522 -0.6129
v  0.2601 0.0403 -0.6203
v  0.3710 0.0522 -0.5505
v  0.3755 0.0403 -0.5572
v  0.3704 0.0632 -0.5496
v  0.2565 0.0632 -0.6118
v  0.4708 0.0522 -0.4671
v  0.4765 0.0403 -0.4728
v  0.5523 0.0522 -0.3659
v  0.5590 0.0403 -0.3704
v  0.5515 0.0632 -0.3654
v  0.4700 0.0632 -0.4664
v  0.6126 0.0522 -0.2508
v  0.6200 0.0403 -0.2538
v  0.6492 0.0522 -0.1261
v  0.6571 0.0403 -0.1276
v  0.6481 0.0632 -0.1259
v  0.6114 0.0632 -0.2503
v  0.6607 0.0522 0.0035
v  0.6688 0.0403 0.0035
v  0.6469 0.0522 0.1327
v  0.6549 0.0403 0.1343
v  0.6459 0.0632 0.1324
v  0.6597 0.0632 0.0035
v  0.6080 0.0522 0.2568
v  0.6156 0.0403 0.2599
v  0.5458 0.0522 0.3709
v  0.5525 0.0403 0.3754
v  0.5449 0.0632 0.3702
v  0.6069 0.0632 0.2563
v  0.4624 0.0522 0.4707
v  0.4681 0.0403 0.4763
v  0.3612 0.0522 0.5522
v  0.3657 0.0403 0.5589
v  0.3605 0.0632 0.5513
v  0.4617 0.0632 0.4698
v  0.2459 0.0522 0.6125
v  0.2490 0.0403 0.6199
v  0.1214 0.0522 0.6490
v  0.1227 0.0403 0.6569
v  0.1210 0.0632 0.6480
v  0.2456 0.0632 0.6113
v  -0.0082 0.0522 0.6605
v  -0.0082 0.0403 0.6686
v  -0.1375 0.0522 0.6468
v  -0.1390 0.0403 0.6547
v  -0.1373 0.0632 0.6457
v  -0.0082 0.0632 0.6595
v  -0.2615 0.0522 0.6080
v  -0.2646 0.0403 0.6154
v  -0.3756 0.0522 0.5456
v  -0.3801 0.0403 0.5523
v  -0.3749 0.0632 0.5447
v  -0.2610 0.0632 0.6068
v  -0.4754 0.0522 0.4622
v  -0.4811 0.0403 0.4679
v  -0.5569 0.0522 0.3611
v  -0.5638 0.0403 0.3655
v  -0.5560 0.0632 0.3604
v  -0.4745 0.0632 0.4615
v  -0.6172 0.0522 0.2458
v  -0.6246 0.0403 0.2489
v  -0.6539 0.0522 0.1212
v  -0.6618 0.0403 0.1226
v  -0.6527 0.0632 0.1208
v  -0.6162 0.0632 0.2454
v  -0.6654 0.0522 -0.0084
v  -0.6735 0.0403 -0.0084
v  -0.6642 0.0632 -0.0084
v  -0.6573 0.0727 -0.0082
v  -0.6460 0.0727 0.1196
v  -0.6437 0.0727 -0.1359
v  -0.6053 0.0727 -0.2586
v  -0.5438 0.0727 -0.3713
v  0.0025 0.0439 -0.0075
v  -0.6098 0.0727 0.2428
v  -0.5502 0.0727 0.3566
v  -0.4697 0.0727 0.4567
v  -0.3711 0.0727 0.5391
v  -0.2584 0.0727 0.6006
v  -0.1357 0.0727 0.6388
v  -0.0080 0.0727 0.6526
v  0.1198 0.0727 0.6412
v  0.2430 0.0727 0.6049
v  0.3567 0.0727 0.5454
v  0.4569 0.0727 0.4648
v  0.5392 0.0727 0.3664
v  0.6006 0.0727 0.2535
v  0.6390 0.0727 0.1310
v  0.6528 0.0727 0.0033
v  0.6414 0.0727 -0.1245
v  0.6051 0.0727 -0.2477
v  0.5456 0.0727 -0.3616
v  0.4650 0.0727 -0.4616
v  0.3666 0.0727 -0.5439
v  0.2537 0.0727 -0.6055
v  0.1312 0.0727 -0.6439
v  0.0035 0.0727 -0.6575
v  -0.1244 0.0727 -0.6461
v  -0.2476 0.0727 -0.6099
v  -0.3615 0.0727 -0.5503
v  -0.4614 0.0727 -0.4697
v  -0.6425 0.0284 0.2561
v  -0.5798 0.0284 0.3760
v  -0.4948 0.0284 0.4815
v  -0.3909 0.0284 0.5682
v  -0.2722 0.0284 0.6331
v  -0.1430 0.0284 0.6736
v  -0.0084 0.0284 0.6879
v  0.1264 0.0284 0.6759
v  0.2563 0.0284 0.6378
v  0.3762 0.0284 0.5751
v  0.4817 0.0284 0.4901
v  0.5683 0.0284 0.3862
v  0.6333 0.0284 0.2675
v  0.6738 0.0284 0.1383
v  0.6881 0.0284 0.0037
v  0.6760 0.0284 -0.1311
v  0.6380 0.0284 -0.2610
v  0.5752 0.0284 -0.3809
v  0.4903 0.0284 -0.4864
v  0.3864 0.0284 -0.5732
v  0.2677 0.0284 -0.6380
v  0.1384 0.0284 -0.6785
v  0.0038 0.0284 -0.6928
v  -0.1309 0.0284 -0.6809
v  -0.2608 0.0284 -0.6427
v  -0.3808 0.0284 -0.5800
v  -0.4862 0.0284 -0.4950
v  0.3690 1.1041 -0.0418
v  0.3279 1.0728 -0.1346
v  0.4103 0.9655 -0.1647
v  0.4449 0.9917 -0.0948
v  0.5084 1.0318 -0.0798
v  0.4199 1.2048 0.0006
v  0.4428 1.3033 -0.0424
v  0.5613 1.0448 -0.1389
v  0.3615 1.2413 -0.2259
v  0.4162 1.3204 -0.1461
v  0.5472 1.0586 -0.2131
v  0.4871 1.0364 -0.2553
v  0.3235 1.1314 -0.2168
v  0.4261 0.9950 -0.2337
v  0.2933 1.1980 -0.3770
v  0.2982 1.0436 -0.4015
v  0.3402 1.1990 -0.3665
v  0.3663 1.0450 -0.3864
v  0.3219 0.8752 -0.4695
v  0.3964 0.8768 -0.4529
v  0.3428 1.1893 -0.3734
v  0.2946 1.1869 -0.3844
v  0.3550 1.2371 -0.3689
v  0.3144 1.2641 -0.3771
v  0.2771 1.2331 -0.3867
v  0.3377 1.1885 -0.3509
v  0.3500 1.2362 -0.3464
v  0.2895 1.1861 -0.3619
v  0.2720 1.2323 -0.3642
v  0.3093 1.2633 -0.3546
v  0.4274 1.0606 -0.3588
v  0.3904 1.1555 -0.3493
v  0.3724 1.0489 -0.3888
v  0.4163 0.9478 -0.4360
v  0.4765 0.9607 -0.4031
v  0.3525 1.1474 -0.3700
v  0.4007 1.1492 -0.3561
v  0.3581 1.1400 -0.3795
v  0.4029 1.1978 -0.3470
v  0.3617 1.2186 -0.3647
v  0.3339 1.1828 -0.3848
v  0.3903 1.1459 -0.3358
v  0.3925 1.1945 -0.3267
v  0.3477 1.1366 -0.3591
v  0.3235 1.1795 -0.3645
v  0.3513 1.2153 -0.3444
v  0.4407 1.3441 -0.2535
v  0.4597 1.3749 -0.1615
v  0.5197 1.2760 -0.1530
v  0.4955 1.2513 -0.2454
v  0.2567 1.2898 -0.3607
v  0.3251 1.3689 -0.3267
v  0.4024 1.2996 -0.3242
v  0.3295 1.2368 -0.3640
v  0.3493 1.4202 -0.2489
v  0.3620 1.4500 -0.1651
v  0.3240 1.4240 -0.2449
v  0.3401 1.4534 -0.2419
v  0.4016 1.3957 -0.2154
v  0.4166 1.4150 -0.2176
v  0.3345 1.4721 -0.1166
v  0.3546 1.4680 -0.0948
v  0.4228 1.4211 -0.1240
v  0.3255 1.4622 -0.2204
v  0.4478 1.3837 -0.2077
v  0.4526 1.3896 -0.1282
v  0.5122 1.2862 -0.2114
v  0.5424 1.3072 -0.1693
v  0.5291 1.2745 -0.1665
v  0.4769 1.3544 -0.0976
v  0.5023 1.3736 -0.1211
v  0.4496 1.3933 -0.1153
v  0.5161 1.3807 -0.1732
v  0.4721 1.4092 -0.1733
v  0.4385 1.4062 -0.1716
v  0.5169 1.2937 -0.1225
v  0.4694 1.3424 -0.2407
v  0.4438 1.3839 -0.2262
v  0.4969 1.3651 -0.2223
v  0.4366 1.3200 -0.2377
v  0.4795 1.2639 -0.2085
v  0.2506 1.4495 -0.2465
v  0.2546 1.4767 -0.1618
v  0.3577 1.1779 -0.3647
v  0.2485 1.1454 -0.3668
v  0.4755 1.1269 -0.3047
v  0.5343 1.1530 -0.2315
v  0.5230 1.1320 -0.2450
v  0.5724 1.1034 -0.1346
v  0.5495 1.0888 -0.2127
v  0.5573 1.1715 -0.1425
v  0.2186 1.2815 -0.3516
v  0.1977 1.3869 -0.3160
v  0.2434 1.3952 -0.3215
v  0.1932 1.4429 -0.2409
v  0.1960 1.4693 -0.1572
v  0.5372 1.0872 -0.1303
v  0.5228 1.0759 -0.1971
v  0.5001 1.1177 -0.2310
v  0.5147 1.1435 -0.0371
v  0.5072 1.1685 0.0253
v  0.3519 1.1356 0.0611
v  0.2995 1.1246 0.0665
v  0.2673 1.0677 -0.3590
v  0.3821 1.1042 -0.3571
v  0.4436 1.1639 0.0705
v  0.2509 1.3178 0.0304
v  0.2615 1.2776 0.0416
v  0.3104 1.2888 0.0383
v  0.3880 1.3053 0.0550
v  0.3427 1.3423 0.0488
v  0.3166 1.3025 0.0709
v  0.3356 1.1906 0.0558
v  0.3325 1.1904 0.0216
v  0.4417 1.2151 -0.3173
v  0.4238 1.2225 0.0654
v  0.3430 1.1979 0.0873
v  0.3584 1.1475 0.0929
v  0.4777 1.2480 0.0184
v  0.5480 1.1772 -0.0498
v  0.5102 1.2760 -0.0615
v  0.2501 1.3344 0.0596
v  0.2985 1.3501 0.0553
v  0.2696 1.4411 0.0042
v  0.2222 1.4317 0.0077
v  0.2634 1.4731 -0.0755
v  0.2058 1.4660 -0.0718
v  0.5615 1.1100 -0.0533
v  0.5331 1.0939 -0.0617
v  0.5392 1.1606 -0.0301
v  0.4964 1.2522 -0.1636
v  0.4442 1.3321 -0.0947
v  0.4057 1.3839 -0.1686
v  0.4110 1.3616 -0.2233
v  0.4169 1.3710 -0.1123
v  0.4842 1.2714 -0.1195
v  0.4332 1.3656 -0.2098
v  0.4385 1.3720 -0.1226
v  0.4090 1.4100 -0.1148
v  0.3402 1.4455 -0.0840
v  0.3216 1.4545 -0.1084
v  0.3118 1.4433 -0.2222
v  0.4400 1.2433 -0.3235
v  0.4247 1.2299 -0.3116
v  0.3921 1.3292 -0.3248
v  0.4460 1.2201 -0.2944
v  0.4594 1.2344 -0.3078
v  0.4670 1.2644 -0.2514
v  0.4794 1.2777 -0.2654
v  0.5043 1.3050 -0.0655
v  0.4952 1.2891 0.0017
v  0.4819 1.2892 -0.0746
v  0.5039 1.3163 -0.1154
v  0.4646 1.3737 -0.1171
v  0.4535 1.3842 -0.0645
v  0.4239 1.3740 0.0100
v  0.4758 1.2994 0.0163
v  0.4226 1.3955 -0.0092
v  0.5266 1.2504 -0.2150
v  0.5410 1.1938 -0.2323
v  0.5070 1.2396 -0.2173
v  0.5118 1.2904 -0.2042
v  0.5154 1.2980 -0.1247
v  0.5407 1.2633 -0.1102
v  0.5661 1.1912 -0.1070
v  0.5511 1.1799 -0.2105
v  0.3933 1.3539 -0.3092
v  0.4375 1.3618 -0.2658
v  0.4982 1.3077 -0.2204
v  0.4589 1.3650 -0.2226
v  0.4898 1.2832 -0.2066
v  0.4937 1.2915 -0.1195
v  0.5214 1.2534 -0.1049
v  0.5422 1.2020 -0.0769
v  0.5615 1.2119 -0.0855
v  0.5472 1.1794 -0.1004
v  0.5317 1.1672 -0.2139
v  0.5210 1.1825 -0.2378
v  0.4824 1.2933 -0.2111
v  0.4394 1.3561 -0.2135
v  0.4217 1.3541 -0.2506
v  0.3737 1.3503 -0.2963
v  0.3724 1.3232 -0.3133
v  0.2825 1.1790 0.0252
v  0.2862 1.1792 0.0602
v  0.4378 1.3359 0.0087
v  0.4573 1.3635 -0.0700
v  0.3611 1.4094 0.0036
v  0.3639 1.4439 -0.0769
v  0.4872 1.3006 -0.1213
v  0.4442 1.3635 -0.1231
v  0.4345 1.3755 -0.0745
v  0.4027 1.3883 -0.0210
v  0.4042 1.3646 0.0001
v  0.4611 1.2829 0.0070
v  0.4823 1.2716 -0.0090
v  0.6561 0.9397 0.0240
v  0.5062 1.0194 -0.0800
v  0.4489 0.9583 -0.0980
v  0.6244 0.8756 0.0163
v  0.5615 1.0526 -0.1255
v  0.7059 0.9704 -0.0179
v  0.7363 0.9445 -0.0777
v  0.5802 1.0392 -0.2084
v  0.6792 0.8290 -0.0915
v  0.5131 0.9037 -0.2246
v  0.5662 0.9654 -0.2469
v  0.7244 0.8816 -0.1105
v  0.6347 0.8263 -0.0351
v  0.4609 0.9005 -0.1583
v  -0.2747 1.1933 0.0238
v  -0.2818 1.3054 -0.0256
v  -0.3547 1.2737 -0.0764
v  -0.3456 1.2152 -0.0148
v  -0.2765 1.1034 -0.0233
v  -0.3316 1.1352 -0.0130
v  -0.2862 1.1004 -0.1302
v  -0.3290 1.0951 -0.0911
v  0.1578 0.9697 -0.0652
v  0.1503 0.9395 -0.0674
v  0.1368 0.9603 -0.1532
v  0.1371 1.0002 -0.1454
v  0.0876 0.9720 -0.2199
v  0.0826 1.0205 -0.2040
v  0.0158 0.9716 -0.2495
v  0.0088 1.0254 -0.2254
v  -0.0593 0.9592 -0.2341
v  -0.0645 1.0133 -0.2037
v  -0.1175 0.9380 -0.1779
v  -0.1176 0.9877 -0.1448
v  -0.1434 0.9137 -0.0959
v  -0.1364 0.9553 -0.0645
v  -0.3397 1.1333 -0.1553
v  -0.3684 1.0810 -0.0374
v  -0.3825 1.0859 -0.1283
v  -0.3536 1.2133 -0.1571
v  -0.4143 1.1721 -0.1797
v  -0.4319 1.2534 -0.1401
v  -0.4177 1.2486 -0.0492
v  -0.3860 1.1624 0.0022
v  -0.2922 1.1797 -0.1713
v  -0.2926 1.2779 -0.1444
v  -0.0643 1.0641 -0.1657
v  0.0072 1.0755 -0.1938
v  -0.1123 1.0341 -0.1040
v  -0.1238 0.9936 -0.0252
v  -0.1158 0.9248 0.0157
v  -0.0959 0.9533 0.0495
v  -0.0612 0.9045 0.0743
v  -0.0360 0.9242 0.1002
v  0.0126 0.8996 0.0957
v  0.0398 0.9139 0.1132
v  0.0859 0.9116 0.0740
v  0.1113 0.9253 0.0851
v  0.1390 0.9373 0.0151
v  0.1593 0.9553 0.0234
v  0.1708 0.9959 -0.0553
v  -0.1299 0.8929 -0.0100
v  -0.0807 0.8811 0.0566
v  -0.0089 0.8815 0.0862
v  0.0662 0.8940 0.0709
v  0.1245 0.9152 0.0146
v  0.1429 1.0361 -0.1301
v  0.0830 1.0653 -0.1808
v  0.5025 1.0970 -0.1031
v  0.5264 1.0424 -0.1583
v  0.5426 1.0526 -0.2064
v  0.4920 1.1132 -0.1797
v  0.4604 1.0445 -0.0810
v  0.4815 0.9957 -0.1388
v  0.4101 1.0090 -0.1307
v  0.4517 0.9585 -0.1650
v  0.2593 1.1604 -0.1808
v  0.3071 1.1241 -0.1762
v  0.3394 1.0823 -0.1007
v  0.2723 1.1094 -0.1281
v  0.2648 1.2399 -0.1658
v  0.3076 1.2281 -0.1922
v  0.2836 1.2830 -0.0824
v  0.3403 1.2903 -0.1327
v  0.3008 1.2112 -0.0314
v  0.3726 1.2486 -0.0571
v  0.2953 1.1316 -0.0463
v  0.3722 1.1445 -0.0411
v  0.4674 0.9684 -0.2119
v  0.5334 0.9186 -0.1821
v  0.5048 0.9259 -0.1220
v  0.5134 1.0158 -0.2338
v  0.5812 0.9644 -0.2064
v  0.5975 1.0150 -0.1688
v  0.5675 1.0211 -0.1078
v  0.5226 0.9778 -0.0853
v  0.4007 1.0257 -0.2049
v  0.4405 1.0774 -0.2319
v  -0.5514 1.0207 0.0175
v  -0.5846 1.0022 -0.0172
v  -0.6107 0.9887 0.0449
v  -0.5691 1.0340 0.0747
v  -0.4917 0.9940 0.0348
v  -0.5091 1.0181 0.0977
v  -0.4633 0.9496 0.0192
v  -0.4866 0.9562 0.0926
v  -0.4533 0.9827 -0.0682
v  -0.4256 1.0004 0.0010
v  -0.4955 0.9315 -0.0146
v  -0.5117 1.0162 -0.0894
v  -0.5571 0.9574 -0.0337
v  -0.5426 1.0701 -0.0365
v  -0.5150 1.0892 0.0351
v  -0.4564 1.0529 0.0515
v  0.2056 1.2017 -0.1933
v  0.2093 1.1224 -0.1519
v  0.2099 1.2999 -0.1668
v  0.2231 1.3290 -0.0476
v  0.2278 1.2153 0.0014
v  0.2213 1.1254 -0.0453
v  -0.5261 0.9106 0.0636
v  -0.5902 0.9272 0.0390
v  -0.6514 0.9080 0.1912
v  -0.6945 0.8305 0.2939
v  -0.7107 0.9182 0.3451
v  -0.6043 0.9993 0.3758
v  -0.6102 0.9747 0.4171
v  -0.6044 0.9526 0.4023
v  -0.5969 0.9719 0.3537
v  -0.6368 0.9844 0.3717
v  -0.6325 0.9630 0.4160
v  -0.6310 0.9622 0.3544
v  -0.6289 0.9437 0.4029
v  -0.6047 0.9816 0.3148
v  -0.6308 1.0116 0.3266
v  -0.6544 0.9884 0.3430
v  -0.6378 0.9556 0.3334
v  -0.6425 0.9567 0.2801
v  -0.6475 0.9585 0.3677
v  -0.6615 0.9525 0.3870
v  -0.6117 0.9656 0.3791
v  -0.6096 0.9679 0.3608
v  -0.6539 0.9270 0.3810
v  -0.6042 0.9459 0.3715
v  -0.6381 0.9343 0.3594
v  -0.6020 0.9481 0.3532
v  -0.6099 0.9696 0.1938
v  -0.5883 0.9595 0.2010
v  -0.5830 0.9397 0.1960
v  -0.5984 0.9244 0.1836
v  -0.6184 0.9350 0.1770
v  -0.6234 0.9552 0.1809
v  -0.6322 0.9856 0.2289
v  -0.6627 0.9532 0.1998
v  -0.5721 0.9185 0.2337
v  -0.5840 0.9628 0.2450
v  -0.6058 0.8852 0.2042
v  -0.6386 0.8638 0.2180
v  -0.6066 0.8708 0.2392
v  -0.6200 0.9205 0.2648
v  -0.6320 0.8394 0.3289
v  -0.6081 0.8610 0.3176
v  -0.6057 0.8485 0.3320
v  -0.6418 0.8257 0.3297
v  -0.6673 0.8347 0.2986
v  -0.7106 0.9527 0.3533
v  -0.6825 0.9481 0.3538
v  -0.6799 0.9144 0.3445
v  -0.6385 0.9158 0.3635
v  -0.6555 0.9017 0.3855
v  -0.6120 0.9225 0.3601
v  -0.6155 0.9293 0.3404
v  0.6976 0.8689 -0.1690
v  0.6875 0.8761 -0.1481
v  0.6955 0.8493 -0.1832
v  0.6824 0.8289 -0.1825
v  0.6660 0.8196 -0.1672
v  0.6559 0.8268 -0.1464
v  0.6580 0.8463 -0.1321
v  0.6711 0.8667 -0.1329
v  0.3567 1.0605 -0.2896
v  0.3770 1.0737 -0.2917
v  0.3077 1.1210 -0.2768
v  0.3279 1.1339 -0.2802
v  0.3402 1.0518 -0.3051
v  0.2911 1.1108 -0.2913
v  0.3373 1.0525 -0.3291
v  0.2880 1.1094 -0.3153
v  0.3495 1.0624 -0.3475
v  0.3000 1.1175 -0.3347
v  0.3697 1.0755 -0.3496
v  0.3203 1.1305 -0.3382
v  0.3862 1.0843 -0.3341
v  0.3368 1.1406 -0.3236
v  0.3892 1.0835 -0.3101
v  0.3400 1.1421 -0.2996
v  0.5619 0.9340 -0.2089
v  0.5488 0.9136 -0.2082
v  0.5467 0.8940 -0.2225
v  0.5568 0.8868 -0.2433
v  0.5732 0.8962 -0.2586
v  0.5862 0.9166 -0.2593
v  0.5884 0.9361 -0.2451
v  0.5783 0.9433 -0.2242
v  0.5258 0.9516 -0.2427
v  0.5144 0.9303 -0.2405
v  0.5163 0.9086 -0.2512
v  0.5305 0.8993 -0.2686
v  0.5485 0.9078 -0.2824
v  0.5599 0.9291 -0.2846
v  0.5580 0.9507 -0.2738
v  0.5438 0.9601 -0.2565
v  0.4274 1.0013 -0.3056
v  0.4072 0.9883 -0.3036
v  0.3908 0.9811 -0.3181
v  0.3878 0.9840 -0.3405
v  0.4000 0.9952 -0.3578
v  0.4202 1.0083 -0.3597
v  0.4366 1.0154 -0.3453
v  0.4396 1.0126 -0.3228
v  0.4519 0.9816 -0.3003
v  0.4330 0.9672 -0.2986
v  0.4185 0.9595 -0.3113
v  0.4170 0.9629 -0.3312
v  0.4293 0.9755 -0.3464
v  0.4482 0.9900 -0.3482
v  0.4627 0.9977 -0.3354
v  0.4643 0.9943 -0.3156
v  0.4713 0.9737 -0.2919
v  0.4571 0.9546 -0.2900
v  0.4532 0.9368 -0.3017
v  0.4619 0.9307 -0.3201
v  0.4781 0.9400 -0.3345
v  0.4923 0.9592 -0.3365
v  0.4962 0.9770 -0.3248
v  0.4875 0.9830 -0.3063
v  -0.6604 0.8675 0.1638
v  -0.6563 0.8436 0.1633
v  -0.6479 0.8869 0.1714
v  -0.6380 0.8291 0.1701
v  -0.6162 0.8327 0.1801
v  -0.6037 0.8520 0.1876
v  -0.6078 0.8759 0.1882
v  -0.6261 0.8904 0.1814
v  -0.4551 0.9745 -0.1740
v  -0.4087 1.0443 -0.2179
v  -0.4770 0.9843 -0.1709
v  -0.4316 1.0523 -0.2161
v  -0.4448 0.9609 -0.1912
v  -0.3964 1.0311 -0.2342
v  -0.4520 0.9514 -0.2122
v  -0.4019 1.0205 -0.2553
v  -0.4726 0.9516 -0.2249
v  -0.4219 1.0185 -0.2689
v  -0.4945 0.9614 -0.2217
v  -0.4447 1.0265 -0.2670
v  -0.5049 0.9751 -0.2046
v  -0.4570 1.0397 -0.2508
v  -0.4976 0.9846 -0.1835
v  -0.4516 1.0504 -0.2297
v  -0.5655 0.9038 0.0458
v  -0.5472 0.8894 0.0525
v  -0.5431 0.8654 0.0520
v  -0.5557 0.8461 0.0445
v  -0.5774 0.8425 0.0344
v  -0.5958 0.8570 0.0277
v  -0.5998 0.8809 0.0282
v  -0.5873 0.9003 0.0357
v  -0.5464 0.8993 -0.0029
v  -0.5290 0.8849 0.0061
v  -0.5271 0.8612 0.0109
v  -0.5418 0.8420 0.0088
v  -0.5645 0.8386 0.0009
v  -0.5819 0.8530 -0.0081
v  -0.5838 0.8767 -0.0129
v  -0.5691 0.8958 -0.0107
v  -0.5103 0.9146 -0.1253
v  -0.4886 0.9047 -0.1281
v  -0.4783 0.8925 -0.1443
v  -0.4854 0.8850 -0.1643
v  -0.5059 0.8867 -0.1765
v  -0.5276 0.8966 -0.1737
v  -0.5379 0.9088 -0.1575
v  -0.5308 0.9163 -0.1374
v  -0.5164 0.8992 -0.0910
v  -0.4949 0.8891 -0.0908
v  -0.4842 0.8768 -0.1026
v  -0.4906 0.8696 -0.1195
v  -0.5103 0.8716 -0.1315
v  -0.5318 0.8818 -0.1316
v  -0.5425 0.8940 -0.1198
v  -0.5361 0.9013 -0.1030
v  -0.5220 0.8940 -0.0720
v  -0.5030 0.8807 -0.0665
v  -0.4979 0.8603 -0.0678
v  -0.5095 0.8448 -0.0750
v  -0.5312 0.8432 -0.0839
v  -0.5502 0.8565 -0.0894
v  -0.5553 0.8769 -0.0881
v  -0.5437 0.8924 -0.0809
v  0.4206 0.9737 -0.2593
v  0.4062 0.9601 -0.1997
v  0.4041 0.9621 -0.1582
v  0.5138 1.1158 -0.1952
v  0.5047 1.0981 -0.2329
v  0.4726 0.9230 -0.2621
v  0.5331 0.9008 -0.2285
v  0.5043 0.8965 -0.1729
v  0.4487 0.9130 -0.1985
v  0.5122 0.9686 -0.2991
v  0.5701 0.9372 -0.2580
v  0.5484 1.0293 -0.2877
v  0.5972 0.9907 -0.2501
v  0.5627 1.0727 -0.2369
v  0.6028 1.0345 -0.2061
v  0.4504 1.0148 -0.2908
v  0.4847 1.0636 -0.2809
v  0.6013 1.0591 -0.1713
v  0.5645 1.0944 -0.1921
v  0.4420 0.9228 -0.1508
v  0.4916 0.9054 -0.1343
v  -0.5063 0.9046 -0.0902
v  -0.5503 0.9436 -0.1049
v  -0.5662 1.0028 -0.0937
v  -0.5820 0.8827 0.0332
v  -0.4862 0.9222 0.0833
v  -0.6213 0.9230 0.0110
v  -0.6251 1.0274 0.0091
v  -0.6282 0.9848 0.0074
v  -0.4669 0.9576 0.0937
v  -0.5288 0.8822 0.0605
v  -0.6121 0.9845 -0.0540
v  -0.6084 1.0329 -0.0431
v  -0.5699 1.0434 -0.0810
v  -0.4318 0.9551 0.0513
v  -0.4477 0.9120 0.0339
v  -0.4242 0.9402 -0.0178
v  -0.4117 0.9737 0.0035
v  -0.5993 0.9175 -0.0580
v  -0.5503 0.8699 -0.0365
v  -0.4899 0.8693 0.0004
v  -0.4577 0.9028 -0.0555
v  -0.2999 0.4914 0.0379
v  -0.2256 0.4784 -0.0081
v  -0.1892 0.5088 -0.0389
v  -0.2533 0.5530 0.0275
v  -0.3651 0.5287 0.0004
v  -0.3222 0.5870 -0.0069
v  -0.3564 0.5521 -0.0835
v  -0.3288 0.5749 -0.1072
v  -0.2824 0.5387 -0.1297
v  -0.2656 0.5298 -0.1734
v  -0.2167 0.5023 -0.0918
v  -0.1949 0.4976 -0.1395
v  -0.3224 0.4321 0.0063
v  -0.2307 0.4519 -0.0303
v  -0.3855 0.4706 -0.0341
v  -0.3569 0.5289 -0.1110
v  -0.2652 0.5486 -0.1476
v  -0.2022 0.5101 -0.1073
v  -0.0647 0.7074 -0.0472
v  -0.0346 0.6538 -0.1305
v  -0.0181 0.6889 -0.1576
v  -0.0426 0.7117 -0.0507
v  -0.1000 0.7903 -0.0638
v  -0.0881 0.7981 -0.0309
v  -0.1032 0.8211 -0.1633
v  -0.1038 0.8668 -0.1161
v  -0.0720 0.7683 -0.2464
v  -0.0767 0.8466 -0.2220
v  -0.0388 0.6839 -0.2301
v  -0.0364 0.7550 -0.2437
v  -0.0877 0.7175 -0.0437
v  -0.0559 0.6330 -0.1004
v  -0.1150 0.7951 -0.0934
v  -0.1125 0.7873 -0.1997
v  -0.0817 0.7024 -0.2563
v  -0.0523 0.6256 -0.2067
v  0.2240 0.6406 0.1938
v  0.2048 0.6783 0.1382
v  0.1663 0.6049 0.0782
v  0.1801 0.5869 0.1288
v  0.3052 0.6578 0.1801
v  0.2871 0.6931 0.1278
v  0.3429 0.6203 0.1022
v  0.3317 0.6332 0.0594
v  0.2992 0.5661 0.0375
v  0.2937 0.5592 0.0005
v  0.2176 0.5498 0.0505
v  0.2105 0.5457 0.0088
v  0.2443 0.5830 0.2193
v  0.1949 0.5442 0.1407
v  0.3251 0.6016 0.2044
v  0.3564 0.5814 0.1109
v  0.3070 0.5426 0.0323
v  0.2262 0.5240 0.0472
v  0.1007 0.7444 -0.0533
v  0.0780 0.7223 -0.0390
v  0.0786 0.6974 -0.1482
v  0.0908 0.6758 -0.1180
v  0.1431 0.8175 -0.0774
v  0.1033 0.8149 -0.0123
v  0.1735 0.8230 -0.1669
v  0.1230 0.8867 -0.0941
v  0.1625 0.7550 -0.2319
v  0.1204 0.8639 -0.2029
v  0.1222 0.6807 -0.2071
v  0.1014 0.7671 -0.2303
v  0.1197 0.7804 -0.0664
v  0.0977 0.6779 -0.0860
v  0.1799 0.8241 -0.1272
v  0.2197 0.7647 -0.2063
v  0.1986 0.6619 -0.2252
v  0.1368 0.6188 -0.1657
v  0.0766 0.6856 -0.0675
v  0.0784 0.6588 -0.0874
v  0.1464 0.5675 0.1074
v  0.3819 0.6059 0.0918
v  0.2544 0.7560 -0.2333
v  0.2506 0.7852 -0.2184
v  0.2826 0.7056 0.2100
v  0.1664 0.8428 -0.1016
v  0.1379 0.8228 -0.0697
v  0.2861 0.4995 0.0142
v  0.2435 0.4940 0.0142
v  0.1606 0.6018 -0.2058
v  -0.0381 0.6133 -0.1032
v  -0.0464 0.6272 -0.0739
v  -0.1843 0.4592 -0.0270
v  -0.1315 0.7991 -0.2392
v  -0.3880 0.5467 -0.1168
v  -0.1359 0.8169 -0.2118
v  -0.1161 0.7972 -0.0592
v  -0.3568 0.5598 0.0639
v  -0.1045 0.7597 -0.0330
v  -0.2258 0.4570 -0.1748
v  -0.2639 0.4703 -0.1895
v  -0.0554 0.6340 -0.2558
v  0.0893 0.6887 -0.0705
v  0.0912 0.6619 -0.0904
v  0.1469 0.5925 0.1352
v  0.1591 0.5706 0.1044
v  0.1597 0.5956 0.1322
v  0.3693 0.6025 0.0952
v  0.2418 0.7526 -0.2299
v  0.3813 0.6323 0.1166
v  0.2380 0.7818 -0.2150
v  0.3687 0.6289 0.1199
v  0.2842 0.6936 0.2041
v  0.1681 0.8308 -0.1075
v  0.2415 0.6981 0.2143
v  0.1395 0.8108 -0.0756
v  0.2432 0.6861 0.2084
v  0.2421 0.5058 0.0205
v  0.1918 0.6185 -0.2306
v  0.1592 0.6136 -0.1995
v  0.1903 0.6303 -0.2243
v  0.2847 0.5113 0.0205
v  -0.1944 0.4658 -0.0331
v  -0.0482 0.6199 -0.1092
v  -0.1983 0.4684 0.0064
v  -0.0565 0.6338 -0.0799
v  -0.2084 0.4750 0.0003
v  -0.1261 0.8099 -0.2057
v  -0.1217 0.7921 -0.2331
v  -0.3997 0.5583 -0.0846
v  -0.3782 0.5397 -0.1107
v  -0.3899 0.5513 -0.0785
v  -0.1029 0.7522 -0.0441
v  -0.1145 0.7898 -0.0704
v  -0.3220 0.5432 0.0803
v  -0.3552 0.5524 0.0527
v  -0.3204 0.5358 0.0692
v  -0.0574 0.6411 -0.2446
v  -0.2278 0.4641 -0.1635
v  -0.0724 0.6660 -0.2794
v  -0.2659 0.4774 -0.1783
v  -0.0744 0.6731 -0.2681
v  0.2433 0.7575 -0.2410
v  0.2265 0.6854 -0.2502
v  0.1891 0.6288 -0.2351
v  0.1563 0.6112 -0.2090
v  0.1112 0.6209 -0.1531
v  0.0847 0.6620 -0.0941
v  0.0827 0.6902 -0.0732
v  0.0999 0.7589 -0.0567
v  0.1356 0.8188 -0.0785
v  0.1656 0.8398 -0.1121
v  0.2084 0.8318 -0.1720
v  0.2393 0.7882 -0.2253
v  0.1562 0.5659 0.1109
v  0.1857 0.5199 0.0549
v  0.2436 0.4976 0.0226
v  0.2884 0.5034 0.0226
v  0.3449 0.5419 0.0523
v  0.3774 0.5995 0.1012
v  0.3769 0.6273 0.1273
v  0.3431 0.6745 0.1801
v  0.2879 0.6954 0.2159
v  0.2447 0.6875 0.2204
v  0.1879 0.6475 0.1936
v  0.1568 0.5922 0.1402
v  -0.0965 0.7399 -0.2756
v  -0.1181 0.8016 -0.2398
v  -0.0683 0.6763 -0.2767
v  -0.0504 0.6427 -0.2519
v  -0.0361 0.6167 -0.1857
v  -0.0408 0.6204 -0.1094
v  -0.0495 0.6350 -0.0785
v  -0.0746 0.6906 -0.0390
v  -0.0984 0.7597 -0.0408
v  -0.1105 0.7992 -0.0685
v  -0.1210 0.8279 -0.1358
v  -0.1227 0.8204 -0.2110
v  -0.1937 0.4496 -0.1070
v  -0.1946 0.4582 -0.0292
v  -0.2298 0.4564 -0.1665
v  -0.2699 0.4704 -0.1821
v  -0.3350 0.5016 -0.1635
v  -0.3881 0.5360 -0.1109
v  -0.4004 0.5481 -0.0770
v  -0.3960 0.5585 0.0007
v  -0.3639 0.5493 0.0611
v  -0.3272 0.5318 0.0784
v  -0.2632 0.4979 0.0615
v  -0.2093 0.4679 0.0059
v  0.0764 0.6801 -0.0503
v  0.0694 0.6894 -0.0684
v  0.0803 0.6432 -0.0773
v  0.0720 0.6561 -0.0921
v  0.1135 0.5979 -0.1418
v  0.1017 0.6104 -0.1545
v  0.1684 0.5898 -0.2013
v  0.1535 0.5983 -0.2143
v  0.2086 0.6142 -0.2268
v  0.1946 0.6181 -0.2426
v  0.2478 0.6770 -0.2388
v  0.2376 0.6803 -0.2573
v  0.2642 0.7520 -0.2272
v  0.2564 0.7583 -0.2461
v  0.2603 0.7842 -0.2110
v  0.2517 0.7945 -0.2277
v  0.2300 0.8311 -0.1579
v  0.2174 0.8427 -0.1710
v  0.1848 0.8458 -0.0958
v  0.1681 0.8530 -0.1075
v  0.1453 0.8278 -0.0564
v  0.1299 0.8296 -0.0714
v  0.0987 0.7606 -0.0309
v  0.0886 0.7639 -0.0497
v  0.1353 0.5745 0.0988
v  0.1433 0.5602 0.1126
v  0.1384 0.6075 0.1312
v  0.1434 0.5916 0.1446
v  0.1745 0.6676 0.1848
v  0.1766 0.6529 0.2002
v  0.2373 0.7096 0.2095
v  0.2392 0.6984 0.2277
v  0.2849 0.7171 0.2025
v  0.2906 0.7083 0.2211
v  0.3436 0.6951 0.1649
v  0.3524 0.6852 0.1816
v  0.3810 0.6463 0.1106
v  0.3895 0.6335 0.1254
v  0.3849 0.6150 0.0822
v  0.3908 0.6002 0.0965
v  0.3539 0.5516 0.0303
v  0.3563 0.5368 0.0455
v  0.2934 0.5052 -0.0025
v  0.2941 0.4929 0.0150
v  0.2370 0.4945 -0.0021
v  0.2408 0.4850 0.0168
v  0.1681 0.5206 0.0362
v  0.1760 0.5097 0.0529
v  -0.0439 0.5955 -0.1039
v  -0.0301 0.6119 -0.1055
v  -0.0539 0.6146 -0.0634
v  -0.0397 0.6295 -0.0699
v  -0.0853 0.6802 -0.0179
v  -0.0678 0.6896 -0.0266
v  -0.1174 0.7594 -0.0234
v  -0.0969 0.7647 -0.0276
v  -0.1351 0.8008 -0.0609
v  -0.1152 0.8090 -0.0594
v  -0.1466 0.8253 -0.1343
v  -0.1298 0.8388 -0.1335
v  -0.1478 0.8146 -0.2106
v  -0.1329 0.8295 -0.2148
v  -0.1428 0.7948 -0.2406
v  -0.1275 0.8073 -0.2487
v  -0.1205 0.7317 -0.2798
v  -0.1031 0.7409 -0.2882
v  -0.0889 0.6638 -0.2855
v  -0.0694 0.6716 -0.2900
v  -0.0640 0.6230 -0.2615
v  -0.0451 0.6333 -0.2612
v  -0.0425 0.5921 -0.1894
v  -0.0266 0.6064 -0.1881
v  -0.1893 0.4816 0.0143
v  -0.1993 0.4627 0.0145
v  -0.1708 0.4670 -0.0257
v  -0.1837 0.4499 -0.0254
v  -0.1696 0.4551 -0.1138
v  -0.1839 0.4397 -0.1096
v  -0.2126 0.4636 -0.1843
v  -0.2242 0.4475 -0.1761
v  -0.2629 0.4843 -0.2025
v  -0.2711 0.4658 -0.1954
v  -0.3332 0.5218 -0.1793
v  -0.3418 0.5025 -0.1760
v  -0.3866 0.5595 -0.1208
v  -0.3978 0.5414 -0.1197
v  -0.3971 0.5730 -0.0821
v  -0.4110 0.5569 -0.0806
v  -0.3902 0.5834 -0.0010
v  -0.4053 0.5689 0.0033
v  -0.3559 0.5737 0.0628
v  -0.3691 0.5587 0.0704
v  -0.3164 0.5544 0.0840
v  -0.3261 0.5369 0.0916
v  -0.2479 0.5166 0.0701
v  -0.2563 0.4973 0.0738
v  0.0929 0.6493 -0.0790
v  0.0898 0.6810 -0.0550
v  0.1098 0.7552 -0.0378
v  0.1505 0.8164 -0.0631
v  0.1816 0.8325 -0.0996
v  0.2206 0.8205 -0.1583
v  0.2477 0.7780 -0.2084
v  0.2510 0.7510 -0.2221
v  0.2365 0.6817 -0.2317
v  0.2024 0.6242 -0.2189
v  0.1704 0.6026 -0.1953
v  0.1227 0.6086 -0.1398
v  0.1517 0.6076 0.1263
v  0.1483 0.5797 0.0967
v  0.1778 0.5307 0.0381
v  0.2395 0.5072 0.0038
v  0.2872 0.5155 0.0049
v  0.3422 0.5564 0.0368
v  0.3714 0.6138 0.0865
v  0.3685 0.6396 0.1120
v  0.3345 0.6844 0.1633
v  0.2820 0.7042 0.1973
v  0.2423 0.6985 0.2022
v  0.1856 0.6619 0.1780
v  -0.0637 0.6202 -0.0721
v  -0.0546 0.6042 -0.1074
v  -0.0519 0.6023 -0.1864
v  -0.0689 0.6318 -0.2515
v  -0.0873 0.6677 -0.2719
v  -0.1137 0.7303 -0.2674
v  -0.1334 0.7890 -0.2317
v  -0.1376 0.8056 -0.2065
v  -0.1377 0.8144 -0.1360
v  -0.1302 0.7903 -0.0691
v  -0.1186 0.7535 -0.0363
v  -0.0919 0.6808 -0.0305
v  -0.1816 0.4751 -0.0300
v  -0.1990 0.4865 0.0051
v  -0.2545 0.5170 0.0575
v  -0.3172 0.5492 0.0709
v  -0.3504 0.5642 0.0537
v  -0.3810 0.5730 -0.0037
v  -0.3864 0.5641 -0.0791
v  -0.3765 0.5538 -0.1127
v  -0.3260 0.5207 -0.1671
v  -0.2612 0.4887 -0.1891
v  -0.2179 0.4724 -0.1745
v  -0.1794 0.4650 -0.1112
v  0.2902 0.5417 -0.0257
v  0.3328 0.5552 -0.0193
v  0.3463 0.5082 -0.0206
v  0.3593 0.2822 -0.0002
v  0.3112 0.4895 0.0014
v  0.3322 0.4962 0.0043
v  0.3912 0.2874 0.0032
v  0.3635 0.2251 -0.0298
v  0.3482 0.2716 -0.0296
v  0.4092 0.2826 -0.0263
v  0.4236 0.2361 -0.0267
v  0.3161 0.2171 -0.0215
v  0.3097 0.2651 -0.0229
v  0.2605 0.4850 -0.0177
v  0.2973 0.4935 -0.0244
v  0.1690 0.4713 0.0517
v  0.1622 0.5210 0.0515
v  0.2028 0.5252 0.0043
v  0.2105 0.4768 0.0041
v  0.2266 0.2611 0.0820
v  0.1939 0.4676 0.0716
v  0.2357 0.4727 0.0229
v  0.2776 0.2705 0.0220
v  0.2607 0.2069 0.0021
v  0.2084 0.1973 0.0625
v  0.2019 0.2456 0.0615
v  0.2532 0.2549 0.0012
v  0.4805 0.2835 0.0134
v  0.3809 0.5162 0.0371
v  0.4636 0.2836 0.0464
v  0.3763 0.5726 0.0124
v  0.3938 0.5265 0.0106
v  0.2451 0.5313 -0.0175
v  0.1866 0.2435 0.1370
v  0.1527 0.5496 0.1949
v  0.1499 0.4737 0.1207
v  0.1426 0.5214 0.1173
v  0.2207 0.1875 0.2103
v  0.1942 0.1953 0.1405
v  0.2486 0.1798 0.2624
v  0.1616 0.6132 0.2593
v  0.1809 0.4696 0.1134
v  0.2183 0.2599 0.1279
v  0.4959 0.2374 0.0128
v  0.4215 0.5458 0.0701
v  0.4037 0.5914 0.0689
v  0.3959 0.5281 0.0717
v  0.4886 0.2748 0.0811
v  0.5292 0.2730 0.0792
v  0.5480 0.2269 0.0810
v  0.2578 0.4759 0.0123
v  0.3035 0.2750 0.0107
v  0.3212 0.7488 0.3046
v  0.2669 0.7486 0.3258
v  0.3725 0.2773 0.3080
v  0.2738 0.1853 0.2913
v  0.1741 0.6617 0.2938
v  0.3149 0.2457 0.3078
v  0.2152 0.7191 0.3243
v  0.5420 0.2086 0.1558
v  0.4092 0.6193 0.1473
v  0.5270 0.1901 0.2195
v  0.3984 0.6691 0.2161
v  0.3740 0.7183 0.2565
v  0.4939 0.2307 0.2493
v  0.4377 0.2713 0.2826
v  0.3672 0.1981 0.1828
v  -0.2641 0.5987 -0.1795
v  -0.2225 0.5860 -0.1677
v  -0.2600 0.5701 -0.2190
v  -0.2373 0.5352 -0.2009
v  -0.2120 0.4041 -0.3667
v  -0.2577 0.5417 -0.2068
v  -0.2409 0.4113 -0.3795
v  -0.1848 0.4157 -0.3819
v  -0.1828 0.3869 -0.4215
v  -0.2389 0.4323 -0.4073
v  -0.2362 0.4036 -0.4465
v  -0.1465 0.3666 -0.3961
v  -0.1553 0.3992 -0.3613
v  -0.1854 0.5360 -0.1847
v  -0.2142 0.5535 -0.2031
v  -0.1525 0.4930 -0.0715
v  -0.1429 0.4603 -0.1083
v  -0.1624 0.5370 -0.1148
v  -0.1537 0.5056 -0.1514
v  -0.1719 0.4484 -0.1150
v  -0.1406 0.3065 -0.2657
v  -0.1824 0.4942 -0.1590
v  -0.1539 0.3650 -0.3176
v  -0.0965 0.2734 -0.3074
v  -0.1108 0.3325 -0.3601
v  -0.1056 0.3058 -0.2722
v  -0.1190 0.3645 -0.3244
v  -0.3169 0.4184 -0.4273
v  -0.3197 0.5414 -0.2048
v  -0.3201 0.3919 -0.4015
v  -0.3206 0.5964 -0.1769
v  -0.3197 0.5696 -0.2183
v  -0.1872 0.5646 -0.1452
v  -0.2265 0.4094 0.0232
v  -0.1310 0.2480 -0.2279
v  -0.1634 0.4095 -0.0621
v  -0.1704 0.4431 -0.0280
v  -0.1787 0.1646 -0.2484
v  -0.1243 0.2142 -0.2626
v  -0.2859 0.4089 0.0921
v  -0.2255 0.1277 -0.2437
v  -0.1834 0.4178 -0.0859
v  -0.1569 0.2717 -0.2393
v  -0.3149 0.3903 -0.4670
v  -0.3782 0.5459 -0.1918
v  -0.3772 0.5744 -0.1521
v  -0.3530 0.5279 -0.1883
v  -0.3552 0.3661 -0.4045
v  -0.3863 0.3739 -0.4295
v  -0.3883 0.3448 -0.4698
v  -0.1957 0.5081 -0.1746
v  -0.1704 0.3810 -0.3347
v  -0.4458 0.4740 0.1556
v  -0.4787 0.4995 0.1148
v  -0.3780 0.1854 -0.2261
v  -0.3283 0.4199 0.1343
v  -0.2621 0.1158 -0.2400
v  -0.3220 0.1532 -0.2149
v  -0.3945 0.4452 0.1643
v  -0.4161 0.2783 -0.4419
v  -0.4300 0.5391 -0.0981
v  -0.4308 0.2178 -0.4145
v  -0.4715 0.5223 -0.0251
v  -0.4317 0.2181 -0.3542
v  -0.4875 0.5227 0.0412
v  -0.4158 0.2117 -0.2792
v  -0.2859 0.2189 -0.3373
v  0.1605 0.8626 0.0352
v  0.1884 0.7096 0.0188
v  0.1230 0.8539 0.0639
v  0.1339 0.6969 0.0605
v  0.2393 0.5350 0.0404
v  0.1797 0.5211 0.0859
v  0.1275 0.8433 0.0679
v  0.1664 0.8509 0.0382
v  0.1126 0.8873 0.0851
v  0.1423 0.9220 0.0662
v  0.1755 0.8995 0.0372
v  0.1133 0.8456 0.0498
v  0.0984 0.8895 0.0671
v  0.1522 0.8532 0.0202
v  0.1614 0.9018 0.0191
v  0.1281 0.9243 0.0481
v  0.0730 0.7006 0.0923
v  0.0815 0.8018 0.0806
v  0.1317 0.6990 0.0674
v  0.1486 0.5870 0.1065
v  0.0844 0.5887 0.1338
v  0.1220 0.8007 0.0634
v  0.0809 0.7928 0.0911
v  0.1264 0.7915 0.0717
v  0.0687 0.8402 0.0982
v  0.1067 0.8682 0.0832
v  0.1423 0.8380 0.0669
v  0.0719 0.7937 0.0699
v  0.0597 0.8411 0.0770
v  0.1174 0.7923 0.0505
v  0.1333 0.8389 0.0457
v  0.0977 0.8691 0.0620
v  -0.4939 0.0743 -0.3192
v  -0.4813 0.1776 -0.2840
v  -0.4252 0.1315 -0.4122
v  -0.4110 0.2609 -0.3572
v  -0.2904 0.0773 -0.2138
v  -0.3078 0.1869 -0.1789
v  -0.3321 0.0738 -0.1798
v  -0.3429 0.1324 -0.1751
v  -0.2878 0.2517 -0.2026
v  -0.2585 0.2688 -0.2484
v  -0.2412 0.1093 -0.2990
v  -0.1604 0.1388 -0.3781
v  -0.1939 0.2955 -0.3104
v  -0.1327 0.1708 -0.4642
v  -0.1718 0.3195 -0.3798
v  -0.1679 0.1906 -0.5181
v  -0.1999 0.3353 -0.4229
v  -0.3203 0.2464 -0.1885
v  -0.3941 0.2938 -0.3173
v  -0.3754 0.3131 -0.3652
v  -0.3332 0.3295 -0.4037
v  -0.2301 0.1993 -0.5421
v  -0.2496 0.3422 -0.4421
v  -0.3347 0.1814 -0.4948
v  -0.4493 0.2058 -0.2443
v  -0.3747 0.1840 -0.1847
v  0.3052 0.0820 -0.0351
v  0.3209 0.2502 0.0118
v  0.3700 0.2506 -0.0100
v  0.4225 0.2506 0.0015
v  0.4324 0.0825 -0.0481
v  0.3667 0.0825 -0.0624
v  0.4683 0.2512 0.0822
v  0.4897 0.0811 0.0529
v  -0.5096 0.0737 -0.2681
v  -0.4659 0.0722 -0.1171
v  -0.5201 0.0725 -0.1709
v  -0.3342 0.0739 -0.1931
v  -0.4789 0.0744 -0.3178
v  -0.3956 0.0729 -0.1371
v  -0.4377 0.1892 -0.2578
v  -0.4700 0.1566 -0.2953
v  -0.4580 0.1634 -0.2433
v  -0.4930 0.1270 -0.2698
v  -0.4034 0.1654 -0.1981
v  -0.3943 0.1259 -0.1491
v  -0.3738 0.1736 -0.2061
v  -0.3430 0.1271 -0.1921
v  -0.4346 0.1545 -0.1753
v  -0.4607 0.1155 -0.1280
v  -0.4672 0.1551 -0.2075
v  -0.5099 0.1161 -0.1769
v  0.3268 0.2450 0.2647
v  0.3000 0.1922 0.2814
v  0.3163 0.1420 0.3192
v  0.3576 0.1873 0.3156
v  0.4550 0.1877 0.3057
v  0.4971 0.1476 0.3008
v  0.4944 0.2019 0.1813
v  0.4655 0.2463 0.1936
v  0.5150 0.0777 0.2980
v  0.5136 0.0794 0.1783
v  0.3628 0.1735 0.3052
v  0.3713 0.1686 0.3447
v  0.4419 0.1667 0.3389
v  0.4464 0.1755 0.2967
v  0.3838 0.1577 0.3812
v  0.4290 0.1583 0.3735
v  0.3300 0.0760 0.3901
v  0.3358 0.1290 0.3796
v  0.3229 0.1317 0.3086
v  0.3118 0.0771 0.3090
v  0.3762 0.0753 0.4467
v  0.3782 0.1186 0.4349
v  0.4515 0.0757 0.4337
v  0.4465 0.1193 0.4230
v  0.4985 0.0770 0.3480
v  0.4858 0.1303 0.3372
v  0.5019 0.0778 0.2896
v  0.4890 0.1339 0.2917
v  0.2943 0.0790 0.1716
v  0.2758 0.0806 0.0562
v  0.3026 0.0769 0.3197
v  0.2844 0.0776 0.2726
v  0.3086 0.2454 0.2339
v  0.3122 0.2462 0.1770
v  0.2974 0.2508 0.0848
v  0.4794 0.2485 0.1405
v  -0.0593 0.7683 -0.2862
v  -0.0715 0.7832 -0.3069
v  -0.0900 0.8243 -0.2666
v  -0.2961 0.7001 -0.2345
v  -0.2839 0.6852 -0.2137
v  -0.2948 0.7128 -0.1767
v  -0.3085 0.7311 -0.1935
v  -0.1023 0.8553 -0.2256
v  -0.0887 0.8370 -0.2088
v  -0.0778 0.8094 -0.2458
v  -0.2972 0.7232 -0.1512
v  -0.3120 0.7455 -0.1605
v  -0.1059 0.8698 -0.1926
v  -0.0910 0.8475 -0.1833
v  -0.1070 0.8807 -0.1573
v  -0.0924 0.8564 -0.1581
v  -0.2986 0.7322 -0.1260
v  -0.3132 0.7565 -0.1252
v  -0.2928 0.7357 -0.0746
v  -0.3063 0.7598 -0.0681
v  -0.1001 0.8840 -0.1002
v  -0.0866 0.8600 -0.1067
v  -0.0872 0.8767 -0.0461
v  -0.0737 0.8527 -0.0526
v  -0.0513 0.7679 -0.2621
v  -0.0824 0.7554 -0.2129
v  -0.1578 0.8692 -0.1716
v  0.0363 0.7027 -0.2231
v  -0.0382 0.7079 -0.2307
v  -0.0192 0.7422 -0.2806
v  -0.2298 0.6998 -0.2351
v  -0.1944 0.6869 -0.2651
v  -0.2776 0.6710 -0.2276
v  -0.2210 0.7961 -0.0253
v  -0.2075 0.7721 -0.0318
v  -0.2546 0.7860 -0.0578
v  -0.2411 0.7619 -0.0643
v  -0.3022 0.7575 -0.0512
v  -0.2887 0.7334 -0.0576
v  -0.2898 0.6859 -0.2484
v  -0.2420 0.7147 -0.2558
v  -0.2067 0.7018 -0.2859
v  0.0877 0.7002 -0.1468
v  0.0314 0.6837 -0.1554
v  0.1088 0.7208 -0.2165
v  0.1251 0.7585 -0.1285
v  0.1399 0.7749 -0.1913
v  0.0238 0.6545 -0.0509
v  0.0203 0.6566 -0.0168
v  -0.0126 0.6638 -0.0240
v  -0.0123 0.6644 -0.0534
v  -0.0869 0.8961 -0.2443
v  0.0213 0.9120 -0.2583
v  0.0344 0.7910 -0.2840
v  -0.0078 0.7945 -0.2795
v  -0.0183 0.7506 -0.2863
v  -0.0491 0.7683 -0.2677
v  0.0387 0.7474 -0.2886
v  -0.1647 0.9359 -0.1905
v  -0.1985 0.9089 -0.1012
v  -0.1782 0.8866 -0.0067
v  0.0170 0.9759 -0.2654
v  -0.0858 0.9605 -0.2506
v  0.1717 0.9173 0.0272
v  0.1853 0.9666 -0.1565
v  0.1162 0.9782 -0.2310
v  0.2056 0.9443 -0.0620
v  -0.0106 0.8751 0.1102
v  0.0922 0.8906 0.0954
v  0.0244 0.9108 -0.2823
v  -0.1573 0.8708 -0.2074
v  -0.0784 0.8953 -0.2675
v  0.1791 0.8521 0.0103
v  0.0393 0.7365 -0.2847
v  -0.0680 0.7144 -0.0316
v  -0.0772 0.7407 -0.1481
v  -0.0276 0.6901 -0.1580
v  0.0996 0.8254 0.0784
v  -0.0032 0.8100 0.0933
v  -0.1024 0.8077 0.0588
v  -0.1098 0.8729 0.0758
v  -0.1709 0.8215 -0.0237
v  0.1851 0.8993 -0.1383
v  0.1708 0.8870 -0.0973
v  0.3013 0.6480 -0.1734
v  0.2141 0.7601 -0.2673
v  0.2060 0.7038 -0.2880
v  0.2141 0.8027 -0.2465
v  0.3092 0.7942 0.0074
v  0.3234 0.8187 0.0076
v  0.2753 0.8140 -0.0323
v  0.2894 0.8386 -0.0322
v  0.3202 0.7879 -0.0048
v  0.3344 0.8124 -0.0046
v  0.3567 0.6556 -0.0996
v  0.3790 0.6586 -0.1167
v  0.3594 0.6749 -0.0924
v  0.3818 0.6780 -0.1095
v  0.2077 0.8245 -0.2306
v  0.2004 0.8447 -0.2147
v  0.3531 0.7393 -0.0558
v  0.1748 0.8730 -0.1796
v  0.1397 0.8930 -0.1407
v  0.2340 0.8378 -0.0273
v  0.3458 0.7596 -0.0398
v  0.3230 0.6753 -0.1401
v  0.3594 0.7175 -0.0717
v  0.3821 0.7256 -0.0866
v  0.2367 0.8107 -0.2615
v  0.2365 0.7631 -0.2844
v  0.3633 0.7816 -0.0437
v  0.1890 0.8976 -0.1795
v  0.2179 0.8667 -0.2186
v  0.1539 0.9175 -0.1406
v  0.2482 0.8623 -0.0272
v  0.3453 0.6784 -0.1572
v  0.3237 0.6511 -0.1905
v  0.2284 0.7069 -0.3051
v  0.2292 0.8397 -0.2411
v  0.3746 0.7546 -0.0663
v  -0.0227 0.9641 -0.2979
v  -0.0154 0.9569 -0.2718
v  0.0130 0.9681 -0.2978
v  0.0384 0.9620 -0.2687
v  0.0493 0.9707 -0.2931
v  0.0120 0.9597 -0.2710
v  0.0378 0.7307 -0.3416
v  0.0388 0.7391 -0.3685
v  0.0642 0.7330 -0.3394
v  0.0751 0.7417 -0.3638
v  0.1119 0.7323 -0.3199
v  0.1278 0.7408 -0.3415
v  0.0860 0.9613 -0.2493
v  0.1019 0.9698 -0.2708
v  0.1315 0.9567 -0.2175
v  0.1474 0.9652 -0.2391
v  0.1483 0.8082 -0.2634
v  0.1642 0.8166 -0.2849
v  -0.0968 0.7848 -0.2829
v  -0.0602 0.9483 -0.2603
v  -0.1137 0.9349 -0.2366
v  0.1208 0.7836 -0.2933
v  -0.0260 0.7028 0.0001
v  -0.1242 0.8263 0.0080
v  -0.0580 0.8207 0.0584
v  0.0532 0.8304 0.0692
v  -0.0029 0.8237 0.0706
v  0.0135 0.7046 0.0102
v  0.0539 0.7098 0.0079
v  0.0522 0.6695 -0.0178
v  0.0985 0.7290 -0.0155
v  0.0574 0.6705 -0.0466
v  0.1258 0.8482 0.0323
v  0.1259 0.9148 -0.2236
v  0.0738 0.8016 -0.2716
v  -0.0726 0.9544 -0.2848
v  0.0105 0.7279 -0.3424
v  0.0031 0.7351 -0.3686
v  -0.0711 0.7739 -0.3309
v  -0.0467 0.7254 -0.3555
v  -0.0651 0.7209 -0.3473
v  -0.1261 0.9411 -0.2611
v  -0.1091 0.7910 -0.3074
v  0.1367 0.7920 -0.3149
v  0.1261 0.7309 -0.3100
v  0.1420 0.7393 -0.3316
v  -0.0528 0.7147 -0.3228
v  -0.0343 0.7193 -0.3310
v  -0.0588 0.7678 -0.3064
v  0.1926 0.9014 -0.1735
v  0.2129 0.8791 -0.0790
v  -0.0689 0.8828 0.1136
v  0.0421 0.8925 0.1244
v  0.0481 0.9143 0.0434
v  -0.0629 0.9045 0.0326
v  -0.0583 0.7892 0.0893
v  -0.0523 0.8110 0.0082
v  0.0941 0.7522 -0.2696
v  0.0928 0.7604 -0.2755
v  0.1171 0.7826 -0.2457
v  0.1160 0.7828 -0.2517
v  0.1236 0.9130 -0.2479
v  -0.1912 0.8437 -0.1182
v  0.0586 0.8207 0.0190
v  -0.1497 0.8589 -0.1285
v  -0.1474 0.8559 -0.1159
v  0.1666 0.8833 -0.0850
v  0.0527 0.7989 0.1000
v  -0.5357 1.3195 -0.0117
v  -0.4951 1.3247 0.0135
v  -0.5829 1.2030 0.0814
v  -0.5240 1.2106 0.1180
v  -0.6487 1.1004 0.2181
v  -0.5842 1.1086 0.2580
v  -0.4996 1.3186 0.0208
v  -0.4772 1.3590 0.0030
v  -0.5418 1.3122 -0.0042
v  -0.5056 1.3775 -0.0331
v  -0.5455 1.3486 -0.0375
v  -0.4884 1.3056 0.0054
v  -0.4661 1.3460 -0.0125
v  -0.5307 1.2992 -0.0196
v  -0.5344 1.3356 -0.0529
v  -0.4945 1.3645 -0.0485
v  -0.4578 1.2184 0.1298
v  -0.5196 1.2123 0.1154
v  -0.4567 1.2858 0.0530
v  -0.5422 1.1600 0.2208
v  -0.4745 1.1667 0.2366
v  -0.4993 1.2816 0.0430
v  -0.4553 1.2861 0.0668
v  -0.4369 1.3229 0.0392
v  -0.5033 1.2813 0.0556
v  -0.4735 1.3407 0.0111
v  -0.5145 1.3150 0.0212
v  -0.4500 1.2710 0.0502
v  -0.4315 1.3078 0.0227
v  -0.4979 1.2662 0.0391
v  -0.5091 1.2999 0.0047
v  -0.4681 1.3256 -0.0055
v  -0.5922 1.0666 -0.2108
v  -0.5404 1.0376 -0.2589
v  -0.5708 1.0598 -0.1903
v  -0.5970 1.0356 -0.1440
v  -0.6221 1.0405 -0.1657
v  -0.6162 1.0737 -0.0894
v  -0.6506 1.0861 -0.1029
v  -0.3237 1.4179 -0.2579
v  -0.2570 1.3550 -0.3105
v  -0.3136 1.3579 -0.3229
v  -0.2657 1.4139 -0.2460
v  -0.2569 1.2727 -0.3556
v  -0.3019 1.2773 -0.3676
v  -0.2773 1.1617 -0.3455
v  -0.3144 1.1650 -0.3602
v  -0.6040 1.0912 -0.2082
v  -0.6335 1.1449 -0.1372
v  -0.3879 1.1146 -0.3468
v  -0.3089 1.0314 -0.3049
v  -0.4172 1.0604 -0.3252
v  -0.4310 1.3909 -0.2583
v  -0.4125 1.3290 -0.3207
v  -0.3834 1.2502 -0.3679
v  -0.5303 1.3229 -0.2315
v  -0.5049 1.2568 -0.3004
v  -0.4622 1.1873 -0.3428
v  -0.5929 1.2359 -0.1873
v  -0.5622 1.1752 -0.2587
v  -0.5037 1.1130 -0.3045
v  -0.5998 1.1640 -0.0267
v  -0.4274 1.2478 0.0520
v  -0.4217 1.2334 0.0214
v  -0.3988 1.3300 -0.0028
v  -0.4771 1.3510 -0.0007
v  -0.4072 1.3560 0.0205
v  -0.4307 1.3826 -0.0182
v  -0.3383 1.3538 -0.0174
v  -0.3506 1.3218 0.0087
v  -0.4437 0.9963 -0.2895
v  -0.5966 1.2128 0.0200
v  -0.5368 1.2283 0.0678
v  -0.4453 1.1998 0.0784
v  -0.3299 0.9638 -0.2669
v  -0.3937 1.1927 0.0921
v  -0.3724 1.2251 0.0333
v  -0.3788 1.2399 0.0647
v  -0.2822 1.4464 -0.1681
v  -0.3054 1.4482 -0.0831
v  -0.6173 1.1084 -0.0297
v  -0.6312 1.1888 -0.0549
v  -0.6459 1.1262 -0.0311
v  -0.6244 1.1821 -0.0295
v  -0.4371 1.2675 0.0768
v  -0.5154 1.2797 0.0404
v  -0.3392 1.4506 -0.1790
v  -0.4399 1.4221 -0.1761
v  -0.3522 1.4547 -0.0939
v  -0.4440 1.4244 -0.0886
v  -0.3869 1.3930 -0.0121
v  -0.5352 1.3508 -0.1437
v  -0.5225 1.3588 -0.0594
v  -0.5905 1.2742 -0.1037
v  -0.5649 1.2825 -0.0171
v  -0.4540 1.2239 0.1017
v  -0.3394 1.3811 0.0022
v  0.6774 0.8023 -0.1135
v  0.6467 0.7695 -0.0906
v  0.6703 0.8260 -0.0823
v  0.6162 0.7663 -0.0458
v  0.8056 0.6820 0.0562
v  0.8217 0.6499 0.0865
v  0.8124 0.6592 0.0262
v  0.7878 0.6653 0.0670
v  0.7029 0.7071 0.0094
v  0.7278 0.6999 -0.0327
v  0.7825 0.9889 0.1442
v  0.6770 0.8699 0.1905
v  0.8749 0.9170 0.2085
v  0.8411 0.9065 0.2037
v  0.7957 0.8637 0.2192
v  0.7640 0.8211 0.2388
v  0.8850 0.9196 0.1523
v  0.8097 0.9795 0.0968
v  0.8390 0.8000 -0.1039
v  0.8454 0.6972 0.0006
v  0.8930 0.7330 -0.0241
v  0.9281 0.7388 -0.0255
v  0.6627 0.9929 -0.0331
v  0.6904 1.0267 -0.0525
v  0.6705 0.9671 -0.0671
v  0.7007 1.0041 -0.0884
v  0.7981 0.7374 0.1976
v  0.8076 0.7100 0.1599
v  0.7797 0.7685 0.1698
v  0.7882 0.7401 0.1325
v  0.7643 0.7528 0.1782
v  0.6780 0.7991 0.1265
v  0.7737 0.7254 0.1404
v  0.6879 0.7702 0.0868
v  0.9249 0.8405 0.0251
v  0.8511 0.8955 -0.0369
v  0.9193 0.8726 0.0615
v  0.8450 0.9290 0.0016
v  0.8331 0.9559 0.0425
v  0.9078 0.8979 0.1004
v  0.6536 1.0235 0.0070
v  0.6701 1.0444 -0.0034
v  0.7706 0.7991 0.2099
v  0.7873 0.7649 0.2375
v  0.7535 0.7803 0.2180
v  0.6667 0.8282 0.1685
v  0.7060 0.9743 -0.1212
v  0.6784 0.9406 -0.1018
v  0.7969 0.7111 0.0945
v  0.8153 0.6801 0.1223
v  0.7814 0.6955 0.1029
v  0.6961 0.7387 0.0472
v  0.9223 0.7949 -0.0114
v  0.8490 0.8481 -0.0757
v  0.7041 0.9306 -0.1528
v  0.6871 0.9113 -0.1402
v  0.9672 0.8053 0.0615
v  0.9619 0.8371 0.0982
v  0.9835 0.7724 0.0992
v  0.6461 1.0487 0.0401
v  0.8382 0.7214 0.0323
v  0.8206 0.7801 0.1094
v  0.8122 0.8085 0.1467
v  0.8028 0.8397 0.1876
v  0.8293 0.7512 0.0714
v  0.9261 0.8852 0.1878
v  0.9070 0.8892 0.2160
v  0.9501 0.8627 0.1368
v  0.9634 0.7605 0.0241
v  0.9544 0.7306 0.0076
v  0.9196 0.7672 0.0118
v  0.9488 0.7492 0.0322
v  0.9102 0.7989 0.0534
v  0.9394 0.7809 0.0738
v  0.9015 0.8279 0.0915
v  0.9307 0.8099 0.1118
v  0.8930 0.8562 0.1287
v  0.9222 0.8382 0.1491
v  0.8831 0.8893 0.1721
v  0.9124 0.8713 0.1925
v  0.9504 0.8519 0.1998
v  0.9688 0.8215 0.1637
v  0.9781 0.7993 0.1307
v  0.9825 0.7445 0.0589
v  0.8851 0.7600 0.0111
v  0.8672 0.8199 0.0898
v  0.8587 0.8482 0.1270
v  0.8490 0.8806 0.1695
v  0.8758 0.7909 0.0517
v  0.7385 0.8605 -0.1573
v  0.7202 0.8421 -0.1453
v  0.7482 0.9068 -0.1329
v  0.7505 0.9520 -0.0979
v  0.7449 0.9834 -0.0626
v  0.7338 1.0079 -0.0245
v  0.6449 0.9109 0.0291
v  0.6358 0.9412 0.0690
v  0.7042 0.9754 -0.0065
v  0.7119 1.0284 0.0267
v  0.6864 1.0349 0.0717
v  0.5997 0.9268 0.1160
v  0.6290 0.9642 0.0991
v  0.6687 1.0144 0.0811
v  0.5827 0.8784 0.1014
v  0.5931 0.8517 0.0624
v  0.6023 0.8251 0.0255
v  0.6098 0.7958 -0.0110
v  0.7121 0.8691 -0.1097
v  0.6532 0.8832 -0.0072
v  0.6616 0.8550 -0.0443
v  0.7124 0.9477 -0.0428
v  0.6766 0.9881 0.0466
v  0.6944 1.0080 0.0363
v  0.7209 0.9195 -0.0799
v  0.7302 0.8882 -0.1209
v  0.6453 1.0123 0.0129
v  0.6380 1.0369 0.0452
v  0.6949 0.8854 -0.1743
v  0.6862 0.8756 -0.1667
v  0.6786 0.9009 -0.1335
v  0.8438 0.7668 0.0552
v  0.8822 0.7535 0.0828
v  0.8373 0.7960 0.0902
v  0.8756 0.7832 0.1148
v  0.8973 0.7267 0.2242
v  0.8763 0.8021 0.1693
v  0.9046 0.7077 0.1978
v  0.9021 0.7997 0.0281
v  0.9617 0.7563 0.0904
v  0.8940 0.8366 0.0723
v  0.9538 0.7921 0.1288
v  0.8955 0.6941 0.1525
v  0.8969 0.7173 0.1764
v  0.9388 0.6752 0.1790
v  0.9410 0.7028 0.2047
v  0.9066 0.7925 0.0206
v  0.9091 0.7522 -0.0212
v  0.8470 0.7592 0.0433
v  0.8490 0.7272 0.0102
v  0.8874 0.6666 0.0923
v  0.9291 0.6439 0.1182
v  0.8847 0.6912 0.1150
v  0.9261 0.6719 0.1441
v  0.8728 0.7216 0.0251
v  0.8706 0.7537 0.0552
v  0.9524 0.7164 0.0298
v  0.9497 0.7551 0.0661
v  0.9368 0.8341 0.1908
v  0.9187 0.7307 0.2492
v  0.8611 0.8264 0.1664
v  0.8792 0.7507 0.2205
v  0.9170 0.8538 0.2361
v  0.9059 0.7466 0.2800
v  0.8447 0.8428 0.2039
v  0.8665 0.7642 0.2479
v  0.8789 0.8755 0.1282
v  0.8915 0.8431 0.0816
v  0.8241 0.8304 0.1395
v  0.8340 0.8047 0.1025
v  0.9488 0.6885 0.2226
v  0.9400 0.7102 0.2526
v  0.8858 0.7781 0.1335
v  0.9647 0.7843 0.1448
v  0.9532 0.8132 0.1879
v  0.7899 0.7757 0.2394
v  0.7862 0.7898 0.2353
v  0.8332 0.7854 0.2313
v  0.8171 0.8748 0.2482
v  0.8455 0.7876 0.2814
v  0.8409 0.8199 0.2207
v  0.7576 0.8420 0.2641
v  0.7961 0.7764 0.2908
v  0.8419 0.7449 0.2388
v  0.8081 0.7331 0.2472
v  0.8509 0.7429 0.2757
v  0.8118 0.7306 0.2860
v  0.8635 0.9110 0.1887
v  0.8849 0.8889 0.1394
v  0.8112 0.8620 0.1830
v  0.8282 0.8445 0.1439
v  0.7811 0.9466 0.0290
v  0.8097 0.9342 0.0608
v  0.8043 0.9701 0.0164
v  0.8301 0.8278 0.1384
v  0.7860 0.7854 0.1451
v  0.7889 0.8964 0.1703
v  0.7296 0.8395 0.1793
v  0.8539 0.9688 0.0237
v  0.8839 0.9171 0.0639
v  0.9101 0.9152 0.0271
v  0.8725 0.9572 -0.0134
v  0.8329 0.9577 0.0483
v  0.8293 0.9647 -0.0289
v  0.8013 0.9539 -0.0270
v  0.8678 0.9220 -0.0378
v  0.8962 0.8759 0.0098
v  0.9056 0.8900 0.0453
v  0.8526 0.8914 -0.0387
v  0.8196 0.9187 -0.0511
v  0.8730 0.8525 0.0224
v  0.8824 0.8666 0.0578
v  0.8294 0.8680 -0.0261
v  0.7964 0.8953 -0.0385
v  0.7781 0.9305 -0.0144
v  0.8607 0.8937 0.0764
v  0.0421 1.2054 0.1271
v  0.0288 1.1883 0.0797
v  0.0414 1.2181 0.1375
v  -0.0175 1.1812 0.0878
v  0.0294 1.1840 0.0866
v  -0.0176 1.2018 0.1286
v  0.0698 1.2296 0.0263
v  0.0629 1.2456 0.1046
v  0.0456 1.2085 0.0541
v  0.0959 1.2711 0.0674
v  -0.0106 1.3000 0.2204
v  0.0481 1.3313 0.1754
v  0.0283 1.3425 0.1972
v  0.0493 1.3675 0.1743
v  0.0584 1.3451 0.1514
v  0.0548 1.1826 0.2155
v  0.0696 1.1924 0.2192
v  0.0688 1.2093 0.2271
v  0.0422 1.1818 0.2158
v  0.0395 1.2335 0.2399
v  0.0429 1.1679 0.2093
v  -0.0132 1.1645 0.2108
v  0.0423 1.1891 0.0793
v  0.0587 1.2192 0.1371
v  0.0066 1.4322 0.1296
v  -0.0298 1.4014 0.1278
v  0.0241 1.4047 0.1264
v  -0.0314 1.4298 0.1306
v  0.0136 1.2728 0.2596
v  0.0245 1.2146 0.2590
v  0.0284 1.2253 0.2367
v  0.0125 1.2555 0.2786
v  0.0203 1.1640 0.2267
v  0.0196 1.2175 0.2336
v  0.0177 1.2105 0.2485
v  0.0225 1.1666 0.2099
v  0.0372 1.1907 0.2202
v  0.0395 1.1994 0.2381
v  0.0364 1.2074 0.2280
v  0.0401 1.1883 0.2330
v  0.0533 1.1916 0.2198
v  0.0508 1.1889 0.2327
v  0.0807 1.4088 0.0242
v  0.0949 1.2914 0.0769
v  0.0901 1.3324 -0.0118
v  0.0845 1.3676 0.1128
v  0.0911 1.3122 -0.0212
v  0.0661 1.2615 -0.0426
v  0.0899 1.3177 -0.0549
v  0.0806 1.3964 -0.0179
v  0.0686 1.3326 0.1749
v  0.0620 1.2628 0.1117
v  0.0411 1.2756 0.1500
v  0.0157 1.2749 0.2604
v  0.0165 1.2981 0.2254
v  0.0026 1.4613 0.0447
v  -0.0352 1.4382 0.0078
v  -0.0355 1.4590 0.0457
v  0.0105 1.4410 0.0066
v  0.1123 1.2971 0.0501
v  0.1125 1.3141 0.0964
v  0.1131 1.2960 0.0767
v  0.1093 1.3603 0.0795
v  0.1091 1.3434 0.0332
v  0.1107 1.3168 0.0320
v  0.1085 1.3614 0.0529
v  0.0332 1.4499 0.0408
v  0.0194 1.4444 0.0403
v  0.0379 1.4101 0.1269
v  0.0332 1.4336 0.0020
v  0.0193 1.4286 0.0004
v  0.0557 1.4210 -0.0051
v  0.0569 1.4050 -0.0126
v  0.0556 1.4377 0.0349
v  0.0569 1.4201 0.0308
v  0.0603 1.3974 0.1224
v  0.0616 1.3799 0.1182
v  -0.0147 1.2114 0.2618
v  -0.0167 1.2529 0.2811
v  -0.0183 1.2701 0.2622
v  -0.0125 1.1612 0.2293
v  -0.0147 1.2077 0.2511
v  -0.0139 1.1784 0.2173
v  -0.0164 1.2301 0.2414
v  -0.0131 1.1637 0.2125
v  0.0502 1.2000 0.2379
v  0.0525 1.2084 0.2276
v  0.0742 1.2864 0.0472
v  0.0701 1.3449 0.0258
v  0.0721 1.3112 0.0243
v  0.0745 1.3078 0.1058
v  0.0752 1.2850 0.0809
v  0.0703 1.3663 0.0845
v  0.0725 1.3415 0.1073
v  0.0694 1.3678 0.0507
v  0.1109 1.3407 0.0976
v  -0.0991 1.1991 0.2315
v  -0.0982 1.1822 0.2237
v  -0.0825 1.1742 0.2191
v  -0.0699 1.1750 0.2188
v  -0.0722 1.2267 0.2429
v  -0.0693 1.1611 0.2123
v  -0.0774 1.1982 0.1302
v  -0.0777 1.2109 0.1407
v  -0.0695 1.4275 0.1316
v  -0.0736 1.4566 0.0467
v  -0.0809 1.4354 0.0090
v  -0.0836 1.2680 0.1533
v  -0.0525 1.2707 0.2622
v  -0.0580 1.2935 0.2274
v  -0.1049 1.2527 0.1161
v  -0.1040 1.2355 0.1090
v  -0.0949 1.2098 0.1411
v  -0.0474 1.2065 0.2503
v  -0.0605 1.2199 0.2391
v  -0.0509 1.2133 0.2355
v  -0.0820 1.1834 0.2233
v  -0.0677 1.1817 0.2358
v  -0.0784 1.1810 0.2361
v  -0.0658 1.1844 0.2229
v  -0.0682 1.1928 0.2410
v  -0.0666 1.2011 0.2307
v  -0.0455 1.1600 0.2285
v  -0.0488 1.1623 0.2117
v  -0.0540 1.2098 0.2611
v  -0.0503 1.2689 0.2613
v  -0.0461 1.2520 0.2802
v  -0.0850 1.2006 0.0575
v  -0.0780 1.1818 0.0825
v  -0.0837 1.3982 0.1292
v  -0.0646 1.1826 0.0821
v  -0.0643 1.1783 0.0890
v  -0.1131 1.2185 0.0311
v  -0.1418 1.2567 0.0737
v  -0.0766 1.3361 0.2000
v  -0.0960 1.3225 0.1792
v  -0.0316 1.2987 0.2210
v  -0.1017 1.3583 0.1782
v  -0.1091 1.3349 0.1558
v  -0.1165 1.3213 0.1798
v  -0.1183 1.3690 0.1230
v  -0.1398 1.3540 0.1188
v  -0.1231 1.4092 0.0355
v  -0.1457 1.3950 0.0302
v  -0.1027 1.4416 0.0444
v  -0.1189 1.3866 0.1271
v  -0.0980 1.4019 0.1305
v  -0.1237 1.4268 0.0397
v  -0.1027 1.4253 0.0055
v  -0.1239 1.4100 -0.0004
v  -0.0884 1.4379 0.0431
v  -0.0885 1.4221 0.0033
v  -0.0208 1.2958 0.2264
v  -0.0184 1.2728 0.2613
v  -0.0241 1.3393 0.1986
v  -0.0211 1.2994 0.2207
v  -0.1428 1.2770 0.0832
v  -0.1463 1.3826 -0.0119
v  -0.1477 1.3180 -0.0055
v  -0.1479 1.3032 -0.0486
v  -0.1467 1.2977 -0.0149
v  -0.1169 1.2503 -0.0378
v  -0.1235 1.3940 -0.0078
v  -0.1273 1.3329 0.0310
v  -0.1638 1.3001 0.0393
v  -0.1654 1.3267 0.0404
v  -0.1281 1.3557 0.0559
v  -0.1660 1.3447 0.0601
v  -0.1271 1.3543 0.0897
v  -0.1652 1.3436 0.0868
v  -0.1250 1.3295 0.1125
v  -0.1635 1.3240 0.1048
v  -0.1230 1.2958 0.1110
v  -0.1619 1.2974 0.1036
v  -0.1232 1.2744 0.0524
v  -0.1253 1.2992 0.0296
v  -0.1222 1.2730 0.0861
v  -0.0827 1.2001 0.2311
v  -0.0789 1.1922 0.2413
v  -0.1621 1.2804 0.0573
v  -0.1614 1.2793 0.0840
v  0.3969 1.3105 0.0356
v  0.4125 1.3006 0.0342
v  0.4349 1.1381 0.0751
v  0.4496 1.2801 0.0285
v  0.4305 1.3024 0.0286
v  0.4442 1.3071 0.0222
v  0.4377 1.3578 0.0099
v  0.4228 1.3630 0.0133
v  0.4361 1.3819 0.0038
v  0.4024 1.3575 0.0205
v  0.3846 1.1067 0.0895
v  0.3254 1.1189 0.0952
v  0.3179 1.4135 0.0188
v  0.2679 1.3826 0.0345
v  0.2635 1.1419 0.0901
v  0.2569 1.1905 0.0784
v  0.2496 1.2450 0.0652
v  0.2341 1.2956 0.0542
v  0.2195 1.3439 0.0436
v  0.4458 1.3630 0.0245
v  0.4442 1.3870 0.0184
v  0.3776 1.4018 0.0143
v  0.3883 1.4117 0.0472
v  0.3178 1.4135 0.0188
v  0.3252 1.4274 0.0720
v  0.3845 1.1066 0.0895
v  0.3919 1.1205 0.1427
v  0.4881 1.1849 0.0650
v  0.4739 1.2322 0.0546
v  0.4456 1.1480 0.1079
v  0.4524 1.3122 0.0368
v  0.4426 1.3097 0.0487
v  0.4578 1.2852 0.0430
v  0.4271 1.3096 0.0594
v  0.4800 1.1798 0.0504
v  0.4657 1.2271 0.0400
v  0.4138 1.3207 0.0641
v  0.3890 1.3275 0.0321
v  0.4072 1.3384 0.0621
v  0.3918 1.3434 0.0275
v  0.4083 1.3535 0.0556
v  0.4169 1.3663 0.0449
v  0.2664 1.3904 0.0695
v  0.2155 1.3469 0.0603
v  0.2301 1.2985 0.0709
v  0.2456 1.2480 0.0819
v  0.2529 1.1935 0.0951
v  0.2595 1.1449 0.1069
v  0.3239 1.1266 0.1302
v  0.4337 1.3697 0.0320
v  0.2271 1.1459 -0.2400
v  0.2027 0.9777 -0.1853
v  0.1003 0.9773 -0.2380
v  0.2139 1.4187 -0.2045
v  0.1601 1.1423 -0.2418
v  0.1768 1.4164 -0.2035
v  -0.2824 1.1148 -0.2268
v  -0.1398 0.9628 -0.2317
v  -0.2335 0.9513 -0.1739
v  -0.2153 1.1194 -0.2320
v  -0.3004 1.3873 -0.1911
v  -0.2634 1.3896 -0.1920
v  -0.1866 0.8968 0.0323
v  -0.1128 0.8897 0.0760
v  0.1098 0.9033 0.0702
v  0.1771 0.9190 0.0225
v  0.2316 1.2749 0.0070
v  0.2175 1.4385 -0.0182
v  0.2227 1.1297 0.0795
v  0.2376 1.2099 0.0003
v  0.1805 1.4362 -0.0172
v  -0.2967 1.4072 -0.0048
v  -0.2597 1.4094 -0.0057
v  -0.0604 0.8991 0.1004
v  0.0519 0.9059 0.0974
v  -0.0025 0.9567 0.1370
v  -0.1187 0.8999 0.0843
v  -0.0963 0.9408 0.1251
v  0.1088 0.9137 0.0784
v  0.0905 0.9535 0.1204
v  -0.1424 0.9167 0.0186
v  -0.1460 0.9993 0.0752
v  0.1032 1.0544 -0.2017
v  0.1217 1.0156 0.0687
v  0.1253 0.9330 0.0120
v  -0.1288 0.8800 0.1097
v  0.1273 0.8956 0.1030
v  0.1021 0.9512 0.1486
v  -0.1086 0.9383 0.1541
v  -0.2578 1.1009 0.0922
v  -0.2895 1.2432 0.0206
v  -0.2863 1.1781 0.0140
v  -0.0016 0.9593 0.1624
v  -0.2491 1.2456 0.0196
v  0.1911 1.2725 0.0081
v  0.1977 1.1849 0.0968
v  -0.0233 1.2361 0.0544
v  -0.2412 1.1582 0.1082
v  0.1462 1.1446 0.1586
v  -0.0118 1.1118 0.2069
v  -0.1796 1.1248 0.1671
v  -0.0072 1.0248 0.1874
v  0.1407 1.0345 0.1505
v  -0.1616 1.0161 0.1584
v  -0.0862 1.1324 -0.2848
v  -0.0823 1.0748 -0.2682
v  -0.0782 1.0197 -0.2422
v  -0.0751 0.9678 -0.2441
v  0.0466 1.1405 -0.2882
v  0.0500 1.0896 -0.2750
v  0.0553 1.0186 -0.2390
v  0.0577 0.9755 -0.2443
v  -0.0263 1.1371 -0.2959
v  -0.0151 0.9721 -0.2520
v  -0.0203 1.0522 -0.2654
v  -0.2753 1.5250 0.0509
v  -0.2780 1.5272 -0.0496
v  -0.2512 1.1082 0.0051
v  -0.2799 1.4754 -0.2430
v  -0.2766 1.3591 -0.3856
v  -0.2798 1.5145 -0.1460
v  -0.2610 1.1412 -0.2935
v  -0.0437 1.5708 0.0482
v  -0.1454 1.5646 0.0508
v  -0.0177 1.1224 -0.0010
v  -0.1194 1.1162 0.0016
v  -0.0465 1.5730 -0.0524
v  -0.1481 1.5668 -0.0497
v  -0.0482 1.5603 -0.1488
v  -0.1499 1.5542 -0.1461
v  -0.0484 1.5212 -0.2458
v  -0.1501 1.5150 -0.2431
v  -0.0475 1.4718 -0.3271
v  -0.1492 1.4656 -0.3245
v  -0.0447 1.3939 -0.4011
v  -0.1464 1.3877 -0.3984
v  -0.0275 1.1554 -0.2996
v  -0.1292 1.1492 -0.2969
v  -0.1737 1.1129 0.0030
v  0.2122 1.0727 -0.0608
v  0.2112 1.0971 -0.2728
v  0.2157 1.1366 -0.0071
v  -0.2791 1.4260 -0.3243
v  -0.1835 1.1459 -0.2955
v  -0.2557 1.0687 -0.2606
v  -0.2016 1.0720 -0.2620
v  -0.2427 1.0451 -0.0489
v  -0.1900 1.0483 -0.0503
v  0.1878 1.4543 -0.3365
v  0.1869 1.5038 -0.2552
v  0.1903 1.3875 -0.3977
v  0.1871 1.5429 -0.1582
v  0.2059 1.1696 -0.3056
v  0.1888 1.5555 -0.0618
v  0.1916 1.5533 0.0388
v  0.0840 1.1286 -0.0037
v  0.0580 1.5770 0.0455
v  0.0552 1.5791 -0.0550
v  0.0535 1.5665 -0.1514
v  0.0533 1.5274 -0.2484
v  0.0542 1.4780 -0.3298
v  0.0570 1.4001 -0.4037
v  0.0742 1.1616 -0.3022
v  0.1382 1.1319 -0.0051
v  0.1284 1.1648 -0.3036
v  0.1594 1.0695 -0.0594
v  0.1570 1.0938 -0.2713
v  0.0417 1.1207 -0.1985
v  0.0757 1.0907 -0.2027
v  0.0724 1.1012 -0.3053
v  0.0384 1.1312 -0.3011
v  -0.0860 1.1129 -0.1952
v  -0.0893 1.1235 -0.2978
v  -0.1163 1.0790 -0.1977
v  -0.1196 1.0896 -0.3003
v  -0.1136 1.0327 -0.2025
v  -0.1169 1.0433 -0.3052
v  -0.0796 1.0027 -0.2067
v  -0.0830 1.0133 -0.3093
v  0.0481 1.0105 -0.2101
v  0.0448 1.0210 -0.3127
v  0.0784 1.0444 -0.2076
v  0.0750 1.0549 -0.3102
v  -0.5243 0.9661 -0.0736
v  -0.4285 0.9791 0.0252
v  -0.4573 1.0464 0.0627
v  -0.4564 0.9518 -0.0409
v  -0.5230 1.0853 0.0570
v  -0.5841 1.0530 0.0159
v  -0.5811 1.0111 -0.0484
v  -0.3904 1.1643 0.0092
v  -0.3574 1.0773 -0.0419
v  -0.3708 1.0618 -0.1409
v  -0.4775 1.2459 -0.2044
v  -0.4233 1.1339 -0.2160
v  -0.4886 1.3060 -0.1148
v  -0.4481 1.2657 -0.0209
v  -0.8700 0.9044 0.7124
v  -0.7395 0.8998 0.7629
v  -0.8705 0.9228 0.7154
v  -0.7132 0.9300 0.6977
v  -0.8437 0.9346 0.6473
v  -0.7400 0.9183 0.7658
v  -0.7127 0.9115 0.6947
v  -0.8432 0.9161 0.6443
v  -0.7172 1.0818 0.5969
v  -0.7595 1.0833 0.5806
v  -0.7174 1.0898 0.5981
v  -0.7597 1.0913 0.5817
v  -0.7583 1.0638 0.7016
v  -0.8006 1.0653 0.6852
v  -0.7692 1.1060 0.7046
v  -0.7919 1.1068 0.6958
v  -0.7621 1.1091 0.6864
v  -0.7848 1.1099 0.6777
v  -0.6706 0.9942 0.2128
v  -0.6728 1.0750 0.2258
v  -0.5455 0.9898 0.2611
v  -0.5477 1.0706 0.2741
v  -0.6268 0.9541 0.4684
v  -0.7519 0.9585 0.4201
v  -0.5652 1.0959 0.3219
v  -0.6299 1.0676 0.4867
v  -0.7550 1.0720 0.4384
v  -0.6904 1.1003 0.2736
v  -0.7184 0.9811 0.2682
v  -0.7526 1.0957 0.3672
v  -0.5477 0.9751 0.3341
v  -0.7784 1.0343 0.7300
v  -0.8038 1.0239 0.7182
v  -0.7930 1.0189 0.7216
v  -0.8085 1.0354 0.7183
v  -0.8044 1.0465 0.7218
v  -0.7831 1.0457 0.7301
v  -0.7939 1.0508 0.7267
v  -0.7825 1.0232 0.7264
v  -0.7001 1.0617 0.7258
v  -0.6732 1.0268 0.7304
v  -0.6113 1.1007 0.4994
v  -0.7718 1.1064 0.4374
v  -0.7969 1.0733 0.4218
v  -0.8606 1.0674 0.6638
v  -0.8857 1.0343 0.6482
v  -0.5826 1.0008 0.4934
v  -0.6700 0.9106 0.7116
v  -0.5812 0.9496 0.4852
v  -0.5843 1.0658 0.5039
v  -0.8694 0.9020 0.6318
v  -0.7806 0.9410 0.4054
v  -0.6823 0.8954 0.7042
v  -0.5934 0.9344 0.4777
v  -0.7658 0.9693 0.3319
v  -0.7669 1.0109 0.3386
v  -0.5532 0.9618 0.4140
v  -0.5544 1.0034 0.4207
v  -0.8826 0.9180 0.6295
v  -0.5820 1.0897 0.4332
v  -0.6072 1.0786 0.4975
v  -0.7779 1.0846 0.4316
v  -0.6038 0.9505 0.4768
v  -0.7463 1.0894 0.6728
v  -0.7886 1.0909 0.6565
v  -0.7290 1.0848 0.6276
v  -0.7713 1.0863 0.6113
v  -0.5783 0.9929 0.4818
v  -0.7909 1.0003 0.3997
v  -0.7937 0.9570 0.4030
v  -0.7951 1.0083 0.4113
v  -0.5655 0.9467 0.4066
v  -0.7527 0.9533 0.3343
v  -0.7035 0.9476 0.7048
v  -0.7228 0.9391 0.7540
v  -0.7323 0.9359 0.6915
v  -0.7811 0.9412 0.7315
v  -0.7618 0.9497 0.6823
v  -0.7516 0.9274 0.7407
v  -0.7270 0.9522 0.7373
v  -0.7746 0.9745 0.7224
v  -0.7660 0.9536 0.7222
v  -0.7671 0.9948 0.7289
v  -0.7478 1.0027 0.7378
v  -0.7281 0.9935 0.7439
v  -0.7195 0.9725 0.7437
v  -0.7462 0.9443 0.7283
v  -0.7803 0.9720 0.7370
v  -0.7717 0.9510 0.7368
v  -0.7728 0.9923 0.7435
v  -0.7536 1.0002 0.7524
v  -0.7338 0.9909 0.7585
v  -0.7252 0.9700 0.7583
v  -0.7116 0.9695 0.7637
v  -0.7520 0.9418 0.7429
v  -0.7327 0.9497 0.7519
v  -0.7940 0.9724 0.7319
v  -0.7747 0.9809 0.6826
v  -0.7828 1.0028 0.7415
v  -0.7634 1.0113 0.6922
v  -0.7540 1.0146 0.7548
v  -0.7347 1.0231 0.7055
v  -0.7245 1.0008 0.7640
v  -0.7052 1.0093 0.7147
v  -0.6923 0.9780 0.7144
v  -0.8434 0.9306 0.7053
v  -0.8729 0.9444 0.6961
v  -0.8241 0.9391 0.6560
v  -0.7953 0.9508 0.6693
v  -0.8146 0.9423 0.7186
v  -0.8577 0.9568 0.6867
v  -0.8380 0.9476 0.6929
v  -0.8188 0.9554 0.7018
v  -0.8113 0.9758 0.7082
v  -0.8199 0.9967 0.7085
v  -0.8396 1.0059 0.7023
v  -0.8589 0.9981 0.6934
v  -0.8664 0.9777 0.6869
v  -0.7907 1.0297 0.6847
v  -0.7799 1.0247 0.6881
v  -0.7954 1.0411 0.6848
v  -0.7913 1.0523 0.6884
v  -0.7807 1.0566 0.6932
v  -0.7700 1.0515 0.6966
v  -0.7929 0.7365 0.3753
v  -0.5811 0.7269 0.4572
v  -0.8487 0.7130 0.5170
v  -0.6369 0.7033 0.5988
v  -0.6064 0.7190 0.6135
v  -0.6400 0.8939 0.6292
v  -0.6089 0.8754 0.6384
v  -0.5842 0.9174 0.4876
v  -0.5531 0.8989 0.4968
v  -0.5506 0.7425 0.4718
v  -0.8798 0.8878 0.5337
v  -0.8773 0.7314 0.5088
v  -0.8517 0.9036 0.5474
v  -0.8240 0.9113 0.3921
v  -0.7959 0.9271 0.4058
v  -0.8552 1.0145 0.6568
v  -0.8665 0.9841 0.6471
v  -0.8746 1.0061 0.7060
v  -0.8858 0.9757 0.6964
v  -0.8535 0.9529 0.6468
v  -0.8458 1.0178 0.7194
v  -0.8453 1.0034 0.7169
v  -0.8646 0.9955 0.7080
v  -0.8721 0.9752 0.7015
v  -0.8635 0.9543 0.7013
v  -0.8438 0.9450 0.7075
v  -0.8245 0.9529 0.7164
v  -0.7841 0.9812 0.6790
v  -0.8034 0.9728 0.7282
v  -0.7970 1.0125 0.6793
v  -0.8163 1.0040 0.7285
v  -0.8264 1.0263 0.6701
v  -0.7652 1.0401 0.6965
v  -0.7693 1.0290 0.6929
v  -0.8170 0.9733 0.7228
v  -0.8256 0.9942 0.7231
v  -0.8215 0.7549 0.3671
v  -0.7744 0.9565 0.4109
v  -0.7125 0.9112 0.6191
v  -0.7946 0.9149 0.5874
v  -0.7121 0.8892 0.6156
v  -0.7942 0.8930 0.5839
v  -0.6449 0.9175 0.4450
v  -0.7270 0.9213 0.4133
v  -0.6453 0.9395 0.4485
v  -0.7274 0.9432 0.4168
v  -0.6312 0.9716 0.3691
v  -0.5886 0.8654 0.2670
v  -0.6120 0.9770 0.3378
v  -0.6167 0.8387 0.3260
v  -0.6528 0.8674 0.2424
v  -0.6762 0.9790 0.3132
v  -0.6829 0.9733 0.3492
v  -0.6728 0.8405 0.3045
v  -0.5527 0.9022 -0.0230
v  -0.4318 0.9682 0.0416
v  -0.4741 0.9034 0.0079
v  -0.4706 1.0378 0.0731
v  -0.5406 1.0698 0.0553
v  -0.5991 1.0457 -0.0030
v  -0.6083 0.9656 -0.0279
v  -0.5489 0.9943 0.2510
v  -0.6123 1.0236 0.2340
v  -0.6694 0.9924 0.2035
v  -0.6773 0.9241 0.1823
v  -0.5630 0.8712 0.2128
v  -0.6299 0.8702 0.1865
v  -0.5269 0.9264 0.2415
v  -0.0167 1.4833 0.0929
v  -0.0589 1.4807 0.0941
v  -0.0609 1.4936 0.0390
v  -0.0191 1.4962 0.0379
v  0.0598 1.4564 0.0781
v  0.0427 1.4619 0.0803
v  0.0407 1.4764 0.0339
v  0.0572 1.4716 0.0329
v  -0.1164 1.4538 0.0853
v  -0.1366 1.4438 0.0823
v  -0.1385 1.4580 0.0378
v  0.0997 1.4227 0.0265
v  0.1127 1.2468 0.0081
v  0.1098 1.2836 0.0371
v  0.1014 1.4090 0.0610
v  -0.1745 1.4060 0.0336
v  -0.1727 1.3923 0.0682
v  -0.1672 1.2668 0.0444
v  -0.1671 1.2298 0.0154
v  -0.1187 1.4686 0.0382
v  -0.1425 1.4818 0.0971
v  -0.1451 1.4987 0.0422
v  -0.1782 1.4720 0.0405
v  -0.1757 1.4571 0.0893
v  0.1519 1.2489 0.0071
v  0.1486 1.2860 0.0361
v  0.1100 1.2779 0.0331
v  -0.2059 1.2645 0.0454
v  -0.1668 1.2610 0.0403
v  -0.2120 1.4062 0.0712
v  -0.0369 1.4827 0.0945
v  0.0702 1.4922 0.0907
v  -0.0072 1.5143 0.1022
v  0.1388 1.4275 0.0620
v  0.0930 1.4788 0.0844
v  -0.2062 1.2272 0.0164
v  -0.0700 1.5109 0.1040
v  -0.0726 1.5311 0.0432
v  -0.0102 1.5344 0.0415
v  0.0679 1.5089 0.0364
v  0.0910 1.4942 0.0341
v  0.1371 1.4404 0.0271
v  -0.2137 1.4191 0.0363
v  -0.2119 1.4707 0.1261
v  -0.2188 1.4887 0.1278
v  -0.2209 1.4842 0.1280
v  -0.2525 1.4407 0.1096
v  -0.1849 1.4818 0.1116
v  -0.2556 1.5069 0.1165
v  -0.2207 1.5426 0.1190
v  -0.2711 1.5189 0.0485
v  -0.2264 1.5645 0.0517
v  -0.2668 1.4288 0.0391
v  -0.2167 1.4319 0.0378
v  -0.1801 1.4793 0.0414
v  -0.1540 1.4809 0.0407
v  -0.1581 1.5693 0.0500
v  -0.1553 1.5605 0.1358
v  -0.2236 1.5557 0.1376
v  -0.1512 1.4720 0.1266
v  -0.1773 1.4705 0.1273
v  -0.2139 1.4231 0.1236
v  -0.2133 1.4431 0.1085
v  -0.1645 1.4831 0.1110
v  -0.1673 1.5463 0.1176
v  -0.2195 1.4694 0.1323
v  -0.2242 1.4765 0.1334
v  -0.2372 1.4832 0.1284
v  -0.2328 1.4760 0.1336
v  -0.2446 1.4687 0.1270
v  -0.2367 1.4683 0.1328
v  -0.2356 1.4551 0.1252
v  -0.2319 1.4612 0.1318
v  -0.2193 1.4561 0.1247
v  -0.2233 1.4617 0.1315
v  -0.2071 1.4711 0.1254
v  -0.2640 1.4200 0.1250
v  -0.2682 1.5101 0.1343
v  -0.2201 1.5408 0.1365
v  -0.2550 1.5051 0.1340
v  -0.1667 1.5445 0.1351
v  -0.1639 1.4813 0.1285
v  -0.1844 1.4800 0.1291
v  -0.2128 1.4413 0.1260
v  -0.2520 1.4389 0.1271
v  -0.1993 1.5003 0.1347
v  -0.2003 1.5184 0.1369
v  -0.2050 1.5090 0.1359
v  -0.1689 1.5122 0.1284
v  -0.1838 1.4939 0.1275
v  -0.1805 1.4892 0.1263
v  -0.2037 1.4927 0.1280
v  -0.2064 1.4876 0.1270
v  -0.2147 1.5093 0.1302
v  -0.2206 1.5091 0.1298
v  -0.2057 1.5271 0.1319
v  -0.2090 1.5322 0.1319
v  -0.1858 1.5283 0.1313
v  -0.1831 1.5337 0.1312
v  -0.1748 1.5117 0.1291
v  -0.1887 1.5009 0.1344
v  -0.1840 1.5103 0.1354
v  -0.1836 1.5352 0.1179
v  -0.1693 1.5137 0.1151
v  -0.2094 1.5336 0.1186
v  -0.2211 1.5105 0.1165
v  -0.2069 1.4890 0.1137
v  -0.1810 1.4906 0.1130
v  -0.1898 1.5190 0.1366
v  -0.2399 1.4874 0.1283
v  -0.2499 1.4699 0.1133
v  -0.2495 1.4685 0.1266
v  -0.2404 1.4888 0.1150
v  -0.2192 1.4901 0.1145
v  -0.2075 1.4725 0.1121
v  -0.2166 1.4522 0.1237
v  -0.2378 1.4509 0.1242
v  -0.2383 1.4523 0.1109
v  -0.2171 1.4536 0.1104
v  0.0312 1.0296 0.2028
v  -0.0007 0.9700 0.1878
v  0.0289 0.9799 0.1623
v  -0.0031 1.0233 0.2190
v  0.0446 1.0358 0.1762
v  -0.0057 1.0644 0.2139
v  0.0316 1.0716 0.1874
v  -0.0074 1.0832 0.1949
v  -0.0387 1.0254 0.2046
v  -0.0325 0.9761 0.1639
v  -0.0542 1.0298 0.1788
v  -0.0450 1.0669 0.1894
v  0.2791 0.5499 0.3127
v  0.3557 0.5708 0.2939
v  0.3600 0.5689 0.3259
v  0.2901 0.5497 0.3431
v  0.2617 0.5992 0.3237
v  0.2736 0.6067 0.3468
v  0.2315 0.6551 0.3150
v  0.2419 0.6552 0.3526
v  0.2431 0.6788 0.3209
v  0.2498 0.6797 0.3440
v  0.3374 0.7024 0.2927
v  0.3403 0.7012 0.3173
v  0.3514 0.6789 0.2789
v  0.3573 0.6832 0.3175
v  0.3508 0.6178 0.2970
v  0.3555 0.6302 0.3264
v  0.2700 0.5476 0.2979
v  0.2695 0.4996 0.3038
v  0.2772 0.5047 0.3409
v  0.2778 0.5527 0.3351
v  0.3096 0.4389 0.3049
v  0.3174 0.4440 0.3421
v  0.3510 0.4290 0.3009
v  0.3587 0.4341 0.3381
v  0.3803 0.4571 0.2877
v  0.3880 0.4622 0.3249
v  0.3831 0.5289 0.2761
v  0.3909 0.5340 0.3132
v  0.3098 0.5771 0.2887
v  0.3474 0.5644 0.2879
v  0.3594 0.4560 0.3642
v  0.2998 0.5156 0.3682
v  0.3275 0.5708 0.3547
v  0.3439 0.5286 0.3772
v  0.3175 0.5822 0.3258
v  0.3802 0.5363 0.3486
v  0.3659 0.5754 0.3136
v  0.4285 0.4821 0.2824
v  0.4430 0.4866 0.2368
v  0.4114 0.5921 0.2346
v  0.4425 0.4677 0.2563
v  0.3901 0.5859 0.2911
v  0.3947 0.4902 0.3212
v  0.3748 0.5617 0.3154
v  0.4084 0.4229 0.3174
v  0.4065 0.4230 0.2936
v  0.3842 0.4679 0.3022
v  0.3874 0.4634 0.3264
v  0.3070 0.4493 0.3208
v  0.3170 0.4464 0.3434
v  0.3054 0.3943 0.3144
v  0.3157 0.3973 0.3425
v  0.2966 0.2915 0.3010
v  0.3134 0.2981 0.3418
v  0.3279 0.2794 0.3098
v  0.3374 0.2831 0.3324
v  0.4446 0.3151 0.2709
v  0.4453 0.3166 0.2957
v  0.4599 0.3408 0.2663
v  0.4591 0.3401 0.2911
v  0.3842 0.4819 0.3003
v  0.4119 0.4704 0.2697
v  0.3625 0.5603 0.2940
v  0.3702 0.5805 0.2789
v  0.3690 0.6070 0.2359
v  0.3995 0.6126 0.2527
v  0.3820 0.5846 0.2161
v  0.4184 0.4716 0.2217
v  0.4178 0.4509 0.2431
v  0.1947 0.5387 0.2878
v  0.1991 0.5423 0.2637
v  0.2115 0.4366 0.2693
v  0.2049 0.4421 0.2926
v  0.2340 0.4208 0.2807
v  0.2254 0.4276 0.3030
v  0.2769 0.4458 0.3016
v  0.2728 0.4471 0.3315
v  0.2462 0.5449 0.3234
v  0.3021 0.4660 0.3437
v  0.2818 0.5374 0.3381
v  0.2075 0.5643 0.2957
v  0.3050 0.4612 0.3196
v  0.2828 0.5394 0.3134
v  0.2475 0.5470 0.3041
v  0.2132 0.5704 0.2723
# 2654 vertices

vn -0.0001 -1.0000 -0.0003
vn -0.2323 -0.9671 -0.1041
vn -0.3184 -0.9248 -0.2084
vn -0.3747 -0.9244 -0.0709
vn -0.1742 -0.9673 -0.1843
vn -0.2169 -0.9232 -0.3172
vn -0.0915 -0.9665 -0.2396
vn -0.0776 -0.9256 -0.3705
vn 0.0071 -0.9672 -0.2537
vn 0.0701 -0.9261 -0.3708
vn 0.1042 -0.9669 -0.2331
vn 0.2060 -0.9262 -0.3159
vn 0.1836 -0.9676 -0.1734
vn 0.3177 -0.9231 -0.2168
vn 0.2367 -0.9674 -0.0903
vn 0.3756 -0.9235 -0.0786
vn 0.2534 -0.9673 0.0070
vn 0.3707 -0.9261 0.0699
vn 0.2330 -0.9669 0.1043
vn 0.3214 -0.9235 0.2094
vn 0.1740 -0.9674 0.1842
vn 0.2169 -0.9228 0.3185
vn 0.0905 -0.9672 0.2375
vn 0.0785 -0.9235 0.3754
vn -0.0072 -0.9669 0.2552
vn -0.0708 -0.9247 0.3741
vn -0.1049 -0.9665 0.2343
vn -0.2104 -0.9232 0.3217
vn -0.1834 -0.9677 0.1732
vn -0.3144 -0.9248 0.2144
vn -0.2396 -0.9665 0.0916
vn -0.3726 -0.9247 0.0778
vn -0.2521 -0.9677 -0.0074
vn -0.9166 0.0154 -0.3994
vn -0.9727 0.1318 -0.1908
vn -0.8256 0.1313 -0.5488
vn -0.4113 0.8944 -0.1756
vn -0.3616 0.8994 -0.2454
vn -0.4287 0.8991 -0.0885
vn -0.3124 0.8947 -0.3192
vn -0.6935 0.0147 -0.7203
vn -0.2402 0.8995 -0.3649
vn -0.5519 0.1343 -0.8230
vn -0.1669 0.8940 -0.4157
vn -0.3648 0.0162 -0.9309
vn -0.0824 0.8998 -0.4286
vn -0.1955 0.1302 -0.9720
vn 0.0046 0.8952 -0.4457
vn 0.0191 0.0150 -0.9997
vn 0.0884 0.8994 -0.4282
vn 0.1922 0.1279 -0.9730
vn 0.1760 0.8940 -0.4120
vn 0.3998 0.0155 -0.9165
vn 0.2453 0.8994 -0.3617
vn 0.5494 0.1282 -0.8257
vn 0.3191 0.8948 -0.3124
vn 0.7203 0.0135 -0.6936
vn 0.3662 0.8989 -0.2408
vn 0.8230 0.1330 -0.5523
vn 0.4152 0.8943 -0.1667
vn 0.9309 0.0146 -0.3650
vn 0.4293 0.8994 -0.0822
vn 0.9715 0.1335 -0.1961
vn 0.4459 0.8951 0.0044
vn 0.9997 0.0162 0.0186
vn 0.4283 0.8993 0.0882
vn 0.9731 0.1279 0.1918
vn 0.4117 0.8942 0.1760
vn 0.9163 0.0154 0.4001
vn 0.3622 0.8991 0.2458
vn 0.8249 0.1330 0.5495
vn 0.3125 0.8946 0.3194
vn 0.6936 0.0154 0.7202
vn 0.2408 0.8988 0.3662
vn 0.5530 0.1349 0.8222
vn 0.1669 0.8941 0.4156
vn 0.3651 0.0146 0.9309
vn 0.0822 0.8991 0.4300
vn 0.1959 0.1336 0.9715
vn -0.0046 0.8951 0.4459
vn -0.0180 0.0178 0.9997
vn -0.0882 0.8994 0.4282
vn -0.1915 0.1312 0.9727
vn -0.1760 0.8942 0.4117
vn -0.4002 0.0170 0.9163
vn -0.2456 0.8993 0.3619
vn -0.5485 0.1346 0.8253
vn -0.3189 0.8950 0.3119
vn -0.7200 0.0153 0.6938
vn -0.3643 0.8999 0.2397
vn -0.8227 0.1322 0.5529
vn -0.4146 0.8946 0.1666
vn -0.9307 0.0175 0.3653
vn -0.4295 0.8993 0.0824
vn -0.9717 0.1318 0.1959
vn -0.4459 0.8951 -0.0046
vn -0.9997 0.0147 -0.0190
vn -0.4696 0.8829 -0.0043
vn -0.4614 0.8829 0.0876
vn -0.4594 0.8831 -0.0955
vn -0.4316 0.8833 -0.1833
vn -0.3871 0.8836 -0.2636
vn -0.5657 0.7290 -0.3854
vn -0.6305 0.7285 -0.2679
vn -0.7759 0.3424 -0.5299
vn -0.8638 0.3451 -0.3672
vn -0.6697 0.7294 -0.1393
vn -0.9188 0.3455 -0.1909
vn -0.7751 0.3473 -0.5279
vn -0.8620 0.3515 -0.3654
vn -0.9169 0.3502 -0.1915
vn -0.6580 0.3437 -0.6700
vn -0.4796 0.7294 -0.4878
vn -0.5151 0.3440 -0.7851
vn -0.3742 0.7313 -0.5702
vn -0.5140 0.3476 -0.7842
vn -0.6566 0.3501 -0.6681
vn -0.3517 0.3472 -0.8693
vn -0.2572 0.7265 -0.6373
vn -0.1743 0.3503 -0.9203
vn -0.1282 0.7280 -0.6735
vn -0.1742 0.3562 -0.9180
vn -0.3502 0.3552 -0.8667
vn 0.0093 0.3507 -0.9365
vn 0.0065 0.7278 -0.6857
vn 0.1916 0.3458 -0.9185
vn 0.1388 0.7303 -0.6688
vn 0.1911 0.3466 -0.9183
vn 0.0076 0.3549 -0.9349
vn 0.3664 0.3491 -0.8625
vn 0.2682 0.7277 -0.6312
vn 0.5287 0.3450 -0.7755
vn 0.3852 0.7293 -0.5654
vn 0.5278 0.3485 -0.7746
vn 0.3653 0.3548 -0.8606
vn 0.6701 0.3438 -0.6579
vn 0.4880 0.7293 -0.4795
vn 0.7871 0.3396 -0.5150
vn 0.5725 0.7289 -0.3755
vn 0.7846 0.3475 -0.5134
vn 0.6681 0.3500 -0.6566
vn 0.8678 0.3517 -0.3509
vn 0.6357 0.7280 -0.2569
vn 0.9220 0.3456 -0.1747
vn 0.6738 0.7278 -0.1276
vn 0.9203 0.3499 -0.1751
vn 0.8663 0.3562 -0.3501
vn 0.9395 0.3424 0.0085
vn 0.6840 0.7294 0.0057
vn 0.9185 0.3459 0.1916
vn 0.6684 0.7308 0.1386
vn 0.9163 0.3522 0.1906
vn 0.9379 0.3467 0.0088
vn 0.8609 0.3540 0.3655
vn 0.6281 0.7311 0.2664
vn 0.7749 0.3475 0.5280
vn 0.5669 0.7276 0.3864
vn 0.7744 0.3508 0.5265
vn 0.8606 0.3548 0.3653
vn 0.6571 0.3450 0.6702
vn 0.4807 0.7279 0.4889
vn 0.5139 0.3474 0.7844
vn 0.3754 0.7290 0.5724
vn 0.5117 0.3557 0.7821
vn 0.6557 0.3530 0.6674
vn 0.3502 0.3496 0.8690
vn 0.2565 0.7282 0.6356
vn 0.1755 0.3422 0.9231
vn 0.1270 0.7281 0.6736
vn 0.1737 0.3491 0.9209
vn 0.3506 0.3561 0.8662
vn -0.0082 0.3425 0.9395
vn -0.0056 0.7294 0.6841
vn -0.1910 0.3460 0.9186
vn -0.1389 0.7285 0.6708
vn -0.1904 0.3564 0.9147
vn -0.0089 0.3466 0.9380
vn -0.3658 0.3527 0.8613
vn -0.2681 0.7277 0.6313
vn -0.5283 0.3473 0.7748
vn -0.3858 0.7282 0.5664
vn -0.5275 0.3483 0.7749
vn -0.3656 0.3534 0.8610
vn -0.6694 0.3469 0.6569
vn -0.4883 0.7287 0.4801
vn -0.7830 0.3503 0.5140
vn -0.5720 0.7297 0.3746
vn -0.7825 0.3532 0.5128
vn -0.6683 0.3487 0.6571
vn -0.8709 0.3439 0.3512
vn -0.6359 0.7278 0.2570
vn -0.9199 0.3509 0.1752
vn -0.6732 0.7284 0.1277
vn -0.9190 0.3541 0.1734
vn -0.8687 0.3498 0.3507
vn -0.9365 0.3507 -0.0086
vn -0.6840 0.7294 -0.0061
vn -0.9349 0.3549 -0.0086
vn -0.4577 0.8891 -0.0036
vn -0.4529 0.8874 0.0857
vn -0.4489 0.8887 -0.0927
vn -0.4211 0.8892 -0.1791
vn -0.3795 0.8882 -0.2591
vn -0.0003 1.0000 0.0003
vn -0.4244 0.8891 0.1714
vn -0.3820 0.8895 0.2505
vn -0.3296 0.8870 0.3233
vn -0.2601 0.8867 0.3821
vn -0.1814 0.8861 0.4264
vn -0.0912 0.8920 0.4428
vn -0.0039 0.8890 0.4579
vn 0.0857 0.8890 0.4498
vn 0.1713 0.8893 0.4241
vn 0.2490 0.8910 0.3797
vn 0.3203 0.8895 0.3259
vn 0.3798 0.8882 0.2587
vn 0.4213 0.8892 0.1785
vn 0.4438 0.8913 0.0925
vn 0.4577 0.8891 0.0038
vn 0.4516 0.8881 -0.0855
vn 0.4266 0.8879 -0.1718
vn 0.3796 0.8910 -0.2490
vn 0.3255 0.8897 -0.3202
vn 0.2588 0.8883 -0.3794
vn 0.1786 0.8891 -0.4215
vn 0.0936 0.8882 -0.4498
vn 0.0041 0.8892 -0.4574
vn -0.0851 0.8895 -0.4490
vn -0.1711 0.8893 -0.4241
vn -0.2493 0.8909 -0.3796
vn -0.3202 0.8896 -0.3256
vn -0.4350 0.8831 0.1760
vn -0.3943 0.8819 0.2582
vn -0.3350 0.8827 0.3295
vn -0.2644 0.8828 0.3883
vn -0.1838 0.8828 0.4323
vn -0.0954 0.8830 0.4595
vn -0.0041 0.8829 0.4696
vn 0.0872 0.8833 0.4606
vn 0.1756 0.8833 0.4348
vn 0.2574 0.8828 0.3930
vn 0.3290 0.8831 0.3345
vn 0.3884 0.8827 0.2646
vn 0.4323 0.8827 0.1839
vn 0.4597 0.8829 0.0955
vn 0.4696 0.8829 0.0040
vn 0.4613 0.8830 -0.0873
vn 0.4350 0.8832 -0.1755
vn 0.3919 0.8835 -0.2566
vn 0.3340 0.8836 -0.3282
vn 0.2640 0.8832 -0.3877
vn 0.1839 0.8827 -0.4325
vn 0.0955 0.8830 -0.4596
vn 0.0041 0.8826 -0.4701
vn -0.0874 0.8822 -0.4627
vn -0.1757 0.8832 -0.4349
vn -0.2575 0.8826 -0.3933
vn -0.3283 0.8835 -0.3340
vn -0.2550 -0.5400 0.8021
vn -0.6232 -0.6145 0.4837
vn -0.5735 -0.6325 0.5207
vn 0.4634 -0.1567 0.8722
vn 0.0385 -0.4048 0.9136
vn 0.0389 -0.4043 0.9138
vn 0.9196 0.3484 0.1815
vn 0.7676 0.0982 0.6334
vn 0.7330 0.0842 0.6750
vn 0.2746 0.3183 -0.9073
vn 0.7698 0.4819 -0.4186
vn 0.7321 0.4740 -0.4892
vn 0.4324 0.3823 -0.8166
vn -0.2385 -0.0176 -0.9710
vn -0.2292 -0.0007 -0.9734
vn -0.2770 -0.0898 -0.9566
vn -0.5880 -0.3340 -0.7367
vn -0.7736 -0.5253 -0.3545
vn -0.7707 -0.5376 -0.3419
vn -0.7802 -0.4905 -0.3882
vn 0.8818 0.4617 -0.0960
vn 0.5479 -0.8179 -0.1759
vn 0.5899 -0.8045 -0.0695
vn 0.6522 -0.7570 -0.0398
vn 0.4830 -0.8398 -0.2480
vn 0.5473 -0.8323 -0.0884
vn 0.4105 -0.9089 -0.0738
vn 0.1862 -0.9813 -0.0485
vn -0.8984 0.3338 0.2855
vn -0.2118 -0.1603 0.9641
vn -0.1928 -0.3905 0.9002
vn 0.2118 0.1603 -0.9641
vn 0.1928 0.3905 -0.9002
vn 0.2206 0.0358 -0.9747
vn 0.2206 0.0359 -0.9747
vn 0.9434 -0.2614 0.2039
vn 0.6178 -0.7784 0.1112
vn 0.6178 -0.7785 0.1112
vn 0.0562 -0.9981 -0.0240
vn -0.9087 -0.3555 -0.2188
vn -0.9434 0.2614 -0.2039
vn -0.6178 0.7784 -0.1112
vn 0.5269 0.8366 0.1500
vn -0.4222 -0.2515 0.8709
vn -0.3249 -0.5125 0.7949
vn 0.4222 0.2515 -0.8709
vn 0.3249 0.5125 -0.7949
vn 0.4506 0.1442 -0.8810
vn 0.8916 -0.1223 0.4360
vn 0.6950 -0.6761 0.2448
vn 0.7554 -0.5875 0.2903
vn 0.2329 -0.9717 -0.0399
vn -0.7477 -0.4783 -0.4607
vn -0.8916 0.1223 -0.4360
vn -0.8417 -0.2600 -0.4731
vn -0.6949 0.6761 -0.2448
vn -0.6950 0.6761 -0.2448
vn 0.3182 0.8961 0.3094
vn 0.3181 0.8961 0.3094
vn 0.6759 0.5524 -0.4878
vn 0.7426 0.6562 -0.1336
vn 0.8998 0.4199 -0.1187
vn 0.8081 0.3255 -0.4909
vn -0.1065 0.1955 -0.9749
vn 0.2853 0.5324 -0.7970
vn 0.4967 0.3387 -0.7991
vn 0.1809 0.1626 -0.9700
vn 0.2070 0.3411 -0.9170
vn 0.4019 0.7840 -0.4730
vn 0.4359 0.8863 -0.1564
vn -0.1189 0.1852 -0.9755
vn 0.3267 -0.0856 -0.9412
vn 0.1278 -0.1827 -0.9748
vn 0.1776 -0.2496 -0.9519
vn -0.2481 0.9612 0.1207
vn 0.2426 0.8049 0.5416
vn 0.5880 0.6085 0.5329
vn 0.4847 0.8710 -0.0803
vn -0.2964 0.9104 -0.2888
vn 0.4595 0.8795 -0.1239
vn 0.4607 0.8862 -0.0497
vn 0.8365 -0.1014 -0.5385
vn 0.7124 0.5922 -0.3765
vn 0.7184 0.6893 -0.0939
vn 0.5915 -0.3890 -0.7062
vn 0.9986 -0.0230 -0.0480
vn 0.7725 -0.6349 0.0123
vn 0.2700 0.1943 0.9430
vn 0.6406 0.5200 0.5649
vn -0.0875 0.7732 0.6281
vn 0.7853 0.6126 -0.0897
vn 0.2502 0.9639 -0.0907
vn -0.3442 0.9370 -0.0592
vn 0.6552 -0.2873 0.6987
vn 0.1829 0.0581 -0.9814
vn -0.1484 0.6709 -0.7265
vn 0.5770 0.4251 -0.6974
vn -0.0315 -0.0854 -0.9959
vn 0.3479 -0.6051 -0.7161
vn 0.0400 0.8876 -0.4589
vn 0.0478 0.9893 -0.1377
vn 0.2496 0.0522 -0.9669
vn 0.0252 -0.0366 -0.9990
vn 0.7834 -0.0197 -0.6212
vn 0.8592 0.1650 -0.4844
vn 0.7783 -0.0127 -0.6278
vn 0.9769 0.1896 -0.0985
vn 0.9220 0.1107 -0.3710
vn 0.9564 0.2716 -0.1077
vn -0.1645 0.2862 -0.9439
vn -0.1868 0.5787 -0.7939
vn -0.0373 0.6202 -0.7836
vn -0.2624 0.1661 -0.9505
vn -0.1457 0.8818 -0.4486
vn -0.1332 0.9833 -0.1240
vn 0.4311 -0.9011 0.0475
vn 0.4598 -0.8865 0.0521
vn 0.1488 -0.8767 -0.4574
vn 0.4253 -0.9007 0.0884
vn 0.1815 -0.8297 -0.5278
vn -0.1097 -0.6452 -0.7561
vn -0.0609 -0.6480 -0.7592
vn 0.4016 -0.8828 -0.2435
vn 0.0634 -0.9910 0.1180
vn -0.7000 -0.6991 0.1460
vn -0.7733 -0.6156 0.1515
vn 0.0306 -0.9914 0.1270
vn 0.2524 -0.9622 0.1023
vn 0.2154 -0.9699 0.1134
vn 0.3004 -0.9493 0.0930
vn 0.2984 -0.9499 0.0929
vn 0.2851 -0.9540 0.0922
vn 0.1529 -0.9815 0.1151
vn 0.1731 -0.9790 0.1080
vn 0.0023 0.2692 0.9631
vn 0.0518 0.0649 0.9965
vn 0.0701 -0.0179 0.9974
vn 0.3437 0.3703 0.8630
vn 0.2537 0.4519 0.8552
vn 0.1922 0.3772 0.9059
vn -0.9685 -0.2326 0.0892
vn -0.7888 -0.5081 0.3458
vn -0.9210 -0.2996 0.2490
vn -0.8950 -0.4430 0.0513
vn -0.8218 -0.5534 0.1357
vn 0.5907 0.1695 -0.7889
vn 0.2154 0.1621 0.9630
vn 0.3843 0.2428 0.8907
vn 0.2090 0.1849 0.9603
vn 0.2191 0.1747 0.9599
vn 0.7032 0.3132 0.6383
vn 0.6874 0.3483 0.6373
vn 0.5478 0.2537 0.7972
vn 0.9146 0.2726 0.2987
vn 0.8617 0.4339 0.2632
vn -0.0461 0.4140 0.9091
vn 0.0740 0.4306 0.8995
vn 0.0663 0.7737 0.6301
vn -0.0277 0.4640 0.8854
vn -0.1278 0.9117 0.3905
vn 0.0773 0.9752 0.2076
vn -0.1047 0.9680 0.2281
vn -0.7337 -0.6000 0.3189
vn -0.7914 -0.5397 0.2869
vn -0.9692 -0.2238 0.1029
vn 0.4516 -0.8842 0.1191
vn 0.3087 -0.7977 0.5181
vn 0.4362 -0.8910 0.1260
vn 0.2689 -0.6803 0.6818
vn 0.2226 -0.6242 0.7489
vn -0.0258 -0.4252 0.9047
vn -0.4971 -0.7742 0.3918
vn 0.2543 -0.9213 0.2941
vn 0.1290 0.2401 0.9621
vn -0.9360 -0.2216 0.2735
vn -0.9279 -0.2485 0.2779
vn -0.9268 -0.2495 0.2806
vn -0.9434 -0.1942 0.2688
vn -0.7969 -0.4875 0.3568
vn -0.8106 -0.5783 0.0917
vn -0.8231 -0.5568 0.1113
vn -0.8241 -0.5407 0.1690
vn -0.8257 -0.5597 0.0697
vn -0.8450 -0.5273 0.0888
vn -0.8190 -0.5550 0.1459
vn -0.8253 -0.5636 0.0349
vn -0.8331 -0.5530 0.0103
vn 0.0372 -0.1443 -0.9888
vn 0.5981 -0.4557 -0.6593
vn 0.7056 -0.3772 0.5999
vn 0.7224 -0.3466 0.5983
vn 0.4264 0.1668 0.8890
vn -0.0256 0.4468 0.8943
vn -0.6704 0.6489 0.3597
vn -0.7112 0.5585 -0.4269
vn -0.6600 0.4243 -0.6199
vn -0.4488 -0.7817 0.4331
vn 0.4555 -0.8063 0.3773
vn 0.8612 0.1291 0.4916
vn 0.8522 0.1465 0.5023
vn 0.0452 -0.0886 -0.9950
vn 0.0450 -0.0890 -0.9950
vn 0.6239 0.1309 -0.7704
vn 0.4758 0.0665 -0.8771
vn 0.2407 -0.1975 -0.9503
vn -0.1246 -0.5727 -0.8102
vn -0.0197 0.2589 -0.9657
vn 0.5578 -0.7826 -0.2763
vn 0.7618 -0.4065 -0.5044
vn 0.7998 -0.5787 0.1599
vn 0.9390 -0.1225 -0.3212
vn 0.6029 -0.7898 -0.1125
vn 0.3185 -0.7055 0.6331
vn 0.6303 -0.7670 -0.1200
vn 0.8668 0.0090 -0.4986
vn 0.3517 0.7577 -0.5497
vn 0.4103 0.9119 0.0028
vn 0.8258 0.5268 0.2013
vn 0.7764 0.5276 0.3447
vn 0.7690 0.5611 0.3062
vn 0.5987 0.7574 0.2606
vn 0.8345 0.3934 0.3857
vn -0.4215 0.5205 -0.7426
vn -0.5652 0.8239 -0.0423
vn -0.3651 0.6268 0.6883
vn 0.0543 0.0521 0.9972
vn 0.4113 -0.5031 0.7601
vn 0.5649 -0.8245 0.0341
vn 0.5884 0.3836 -0.7118
vn 0.6360 0.0280 -0.7712
vn -0.0177 0.2698 -0.9628
vn 0.3229 0.7854 -0.5280
vn 0.2943 0.8898 0.3489
vn 0.6671 0.5690 0.4808
vn 0.9271 -0.3412 0.1554
vn 0.8831 -0.3688 -0.2900
vn 0.0059 0.7925 -0.6098
vn 0.6509 0.5854 -0.4833
vn 0.6555 0.3233 -0.6825
vn 0.7513 0.4095 -0.5176
vn 0.4196 0.8519 0.3134
vn -0.1721 0.7227 -0.6694
vn -0.1408 0.8576 0.4946
vn 0.0235 0.4456 0.8949
vn 0.4181 -0.0666 0.9060
vn 0.7715 0.1499 0.6183
vn 0.5821 -0.7303 0.3576
vn 0.5518 -0.7482 -0.3684
vn 0.3470 -0.1714 -0.9220
vn 0.7025 -0.3355 0.6277
vn 0.7348 -0.5853 0.3429
vn 0.3117 0.2493 0.9169
vn -0.0580 0.7715 0.6336
vn -0.3137 0.9372 0.1527
vn -0.3113 0.9383 0.1505
vn -0.4340 0.8148 -0.3845
vn -0.5281 0.1388 -0.8377
vn -0.9704 -0.2182 0.1033
vn -0.9689 -0.2246 0.1034
vn -0.9693 -0.2231 0.1038
vn -0.2227 0.9747 0.0167
vn -0.2221 0.9749 0.0174
vn -0.2224 0.9748 0.0170
vn -0.2231 0.9747 0.0162
vn 0.1019 -0.1420 0.9846
vn 0.1008 -0.1429 0.9846
vn 0.6151 0.5094 0.6018
vn 0.7372 0.6341 0.2336
vn 0.4031 0.6856 0.6062
vn 0.4559 0.8657 0.2066
vn 0.8673 0.1167 0.4839
vn 0.5919 -0.4102 -0.6938
vn 0.7060 -0.6895 -0.1614
vn -0.0761 0.6178 -0.7827
vn -0.2736 0.9137 -0.3004
vn -0.4339 0.8865 0.1604
vn -0.1734 0.9414 -0.2893
vn -0.5176 0.2142 0.8284
vn -0.5673 0.5281 0.6319
vn -0.0541 -0.4547 0.8890
vn -0.3715 -0.1819 0.9104
vn 0.6733 -0.6789 0.2928
vn 0.2283 -0.6268 0.7450
vn 0.8357 -0.5291 -0.1469
vn 0.9748 0.1912 0.1152
vn -0.2424 0.0549 -0.9686
vn -0.9414 -0.3363 -0.0243
vn 0.0588 0.1281 0.9900
vn 0.0690 0.1225 0.9901
vn 0.0776 0.1178 0.9900
vn -0.9691 -0.2239 0.1033
vn -0.9692 -0.2238 0.1033
vn -0.9692 -0.2236 0.1031
vn -0.9692 -0.2237 0.1032
vn -0.9687 -0.2255 0.1033
vn -0.9688 -0.2255 0.1033
vn -0.9686 -0.2259 0.1036
vn -0.4155 0.3024 0.8578
vn -0.4831 0.2019 0.8520
vn -0.4926 0.1411 0.8588
vn 0.3202 0.9041 0.2830
vn 0.0111 0.8013 0.5982
vn 0.0099 0.8009 0.5987
vn 0.3072 0.9089 0.2821
vn 0.6893 0.5964 -0.4114
vn 0.5292 0.8483 -0.0174
vn 0.0640 -0.8342 -0.5478
vn 0.0546 -0.8403 -0.5394
vn 0.5754 -0.2029 -0.7923
vn 0.5851 -0.1815 -0.7904
vn -0.4712 -0.8707 0.1405
vn -0.4686 -0.8729 0.1355
vn -0.6100 -0.6294 0.4814
vn 0.7012 0.2205 -0.6780
vn -0.7157 0.5065 -0.4808
vn -0.7215 0.4224 -0.5487
vn -0.5234 0.6528 -0.5476
vn -0.7044 0.5373 -0.4639
vn -0.7712 0.5067 -0.3853
vn -0.8513 0.4528 -0.2651
vn 0.7215 -0.4224 0.5487
vn -0.5540 -0.0373 0.8317
vn -0.6788 0.6059 0.4148
vn -0.3663 0.9299 0.0323
vn -0.3386 0.3471 0.8746
vn -0.4675 -0.7360 0.4896
vn -0.0714 -0.4896 0.8690
vn -0.4849 -0.7390 -0.4677
vn 0.1283 -0.9898 -0.0622
vn 0.9338 -0.1788 -0.3098
vn 0.9540 -0.2204 -0.2034
vn 0.9104 0.0457 -0.4112
vn 0.8769 0.1077 -0.4684
vn 0.5776 0.2848 -0.7650
vn 0.5230 0.3737 -0.7661
vn 0.0332 0.3938 -0.9186
vn -0.0308 0.4877 -0.8725
vn -0.5047 0.3655 -0.7821
vn -0.5617 0.4497 -0.6945
vn -0.8537 0.2650 -0.4483
vn -0.8812 0.3339 -0.3347
vn -0.9602 0.2226 -0.1687
vn -0.9420 0.3236 -0.0895
vn 0.0518 -0.4849 -0.8730
vn 0.8209 -0.4321 0.3734
vn 0.5697 -0.6481 -0.5055
vn -0.0840 0.4103 -0.9081
vn 0.4117 0.1096 -0.9047
vn 0.3834 0.7612 -0.5230
vn 0.3657 0.8902 0.2717
vn 0.5087 0.2417 0.8263
vn -0.4026 -0.0368 -0.9146
vn -0.6555 0.6333 -0.4115
vn -0.6267 0.4543 -0.6331
vn -0.0883 0.5147 -0.8528
vn -0.9248 0.2921 -0.2437
vn -0.9550 0.2895 -0.0638
vn -0.9652 0.0678 0.2526
vn -0.8762 0.0640 0.4777
vn -0.8101 -0.1518 0.5663
vn -0.9421 -0.0337 0.3336
vn -0.5629 -0.1794 0.8068
vn -0.3757 -0.5442 0.7501
vn -0.2769 -0.4263 0.8611
vn -0.2470 -0.5731 0.7814
vn 0.2703 -0.7293 0.6285
vn 0.4581 -0.7982 0.3913
vn 0.4356 -0.8959 0.0877
vn 0.2706 -0.9080 0.3200
vn 0.7614 -0.6360 0.1258
vn 0.6652 -0.7413 -0.0896
vn 0.9271 -0.3685 0.0679
vn 0.8628 -0.5047 -0.0302
vn -0.9854 0.0411 0.1649
vn -0.9262 0.0546 0.3731
vn -0.6650 -0.0741 0.7432
vn -0.2973 -0.1939 0.9349
vn 0.2541 -0.6671 0.7003
vn 0.4013 -0.5978 0.6940
vn 0.7728 -0.5455 0.3243
vn 0.9471 -0.2969 0.1220
vn 0.8486 0.0527 -0.5264
vn 0.8534 -0.2538 -0.4553
vn 0.4896 0.3789 -0.7853
vn 0.8835 0.0243 0.4678
vn 0.6424 0.4798 0.5976
vn 0.6039 0.6149 -0.5072
vn 0.6431 0.6532 -0.3997
vn 0.4608 -0.5664 0.6832
vn -0.2557 -0.1453 0.9558
vn -0.4226 -0.7788 0.4635
vn -0.6027 -0.7845 0.1462
vn -0.0933 -0.3561 -0.9298
vn -0.5402 -0.6634 -0.5177
vn -0.5350 -0.6867 0.4923
vn -0.1799 -0.9620 -0.2056
vn 0.1347 0.5345 -0.8344
vn -0.4914 0.3618 -0.7922
vn 0.4366 0.8772 0.1997
vn -0.2952 0.9554 0.0112
vn 0.3386 0.1599 0.9272
vn -0.0876 0.5653 0.8202
vn 0.0877 -0.6907 0.7178
vn -0.1443 -0.2588 0.9551
vn -0.3412 -0.6173 -0.7089
vn -0.2906 -0.7335 -0.6145
vn -0.7139 -0.6140 0.3367
vn 0.1645 0.0038 -0.9864
vn 0.3429 -0.1214 -0.9315
vn 0.6164 0.7389 -0.2722
vn -0.0945 0.8987 0.4282
vn -0.6138 0.4079 0.6759
vn -0.5802 -0.4999 -0.6430
vn 0.0619 0.1358 -0.9888
vn -0.5239 0.7272 0.4435
vn -0.8474 0.2433 -0.4720
vn -0.8542 0.3599 -0.3754
vn -0.0271 0.9595 -0.2804
vn 0.6158 0.3845 0.6878
vn 0.6286 0.7732 -0.0833
vn 0.7498 -0.6002 0.2784
vn 0.9535 -0.1669 0.2509
vn 0.2935 -0.7761 -0.5581
vn 0.7164 -0.5197 0.4655
vn 0.2059 -0.9087 -0.3632
vn -0.5225 -0.3538 -0.7758
vn -0.4860 -0.5390 -0.6879
vn -0.8872 0.3918 -0.2436
vn -0.5822 0.1569 0.7978
vn -0.0108 -0.2648 0.9642
vn 0.2772 -0.0219 -0.9606
vn 0.1324 -0.7890 -0.6000
vn 0.6432 0.5592 -0.5231
vn 0.7265 0.6518 0.2176
vn 0.4812 0.0365 0.8758
vn 0.1614 -0.8305 0.5331
vn 0.3365 -0.9278 -0.1609
vn -0.5075 -0.7027 -0.4987
vn -0.5316 -0.2965 -0.7934
vn -0.9315 0.0386 -0.3617
vn 0.9739 0.1105 0.1983
vn 0.9718 0.1150 0.2061
vn 0.9729 0.1125 0.2018
vn 0.9675 0.2526 0.0130
vn -0.4364 0.7963 0.4190
vn -0.4385 0.7916 0.4256
vn -0.4322 0.7965 0.4229
vn -0.4217 0.8044 0.4185
vn -0.9760 -0.2166 -0.0210
vn -0.9853 -0.1695 -0.0218
vn -0.9812 -0.1917 -0.0214
vn -0.9183 -0.3619 0.1604
vn 0.2645 -0.9134 -0.3094
vn 0.3494 -0.9349 0.0629
vn 0.2927 -0.8993 -0.3251
vn 0.3801 -0.8974 -0.2241
vn 0.6977 0.6866 -0.2043
vn 0.9353 0.3382 -0.1046
vn -0.4211 0.8011 0.4254
vn 0.0876 0.9786 0.1862
vn -0.5676 0.7535 0.3317
vn -0.3232 -0.4138 0.8510
vn -0.7650 -0.5051 0.3995
vn -0.7590 -0.5108 0.4036
vn 0.6484 -0.7577 -0.0733
vn 0.7342 -0.4705 0.4895
vn 0.6059 -0.7947 -0.0363
vn -0.1862 0.9775 0.0989
vn -0.2327 0.9633 0.1341
vn -0.2254 0.9682 0.1082
vn -0.2230 0.9697 0.0997
vn 0.0636 -0.7795 0.6231
vn 0.7841 -0.4473 0.4302
vn 0.2522 -0.2268 0.9407
vn -0.1013 -0.2547 0.9617
vn 0.2998 -0.9534 -0.0333
vn 0.9030 -0.4264 0.0531
vn 0.0069 0.3333 -0.9428
vn -0.2355 0.2682 -0.9341
vn -0.2401 0.2526 -0.9373
vn -0.0051 0.2972 -0.9548
vn 0.4397 0.3018 -0.8459
vn 0.4350 0.3302 -0.8377
vn 0.4090 0.3053 -0.8600
vn 0.4193 0.2992 -0.8572
vn 0.4518 0.2964 -0.8415
vn 0.4906 0.2791 -0.8255
vn -0.1056 0.9571 -0.2699
vn 0.0823 0.9257 -0.3692
vn -0.4044 0.4651 -0.7875
vn -0.7253 0.3696 -0.5808
vn 0.9465 -0.2175 0.2385
vn 0.9472 -0.0593 -0.3152
vn 0.9513 0.2856 -0.1161
vn 0.4566 -0.6327 -0.6255
vn -0.2258 -0.2141 -0.9504
vn 0.4570 -0.4787 -0.7497
vn 0.4531 0.8849 -0.1078
vn 0.4542 0.8838 -0.1127
vn 0.5196 -0.0767 0.8510
vn -0.0478 -0.8043 -0.5923
vn 0.6989 -0.7119 0.0683
vn 0.6613 -0.0737 0.7465
vn -0.6285 -0.6199 0.4698
vn -0.9240 -0.1644 -0.3453
vn 0.2108 -0.2933 -0.9325
vn 0.3142 -0.6901 -0.6520
vn 0.4237 -0.5864 -0.6904
vn 0.1784 -0.1877 -0.9659
vn 0.5609 -0.5495 -0.6193
vn 0.1981 -0.9264 -0.3203
vn 0.2094 -0.8793 -0.4278
vn 0.6099 -0.4717 -0.6368
vn -0.7455 0.6469 -0.1605
vn 0.2918 -0.8984 0.3283
vn -0.5476 0.8271 -0.1266
vn -0.8008 0.5657 -0.1967
vn -0.4033 -0.0621 0.9130
vn 0.0229 0.2433 0.9697
vn 0.2218 -0.5024 0.8357
vn 0.2106 -0.5211 0.8271
vn 0.6366 0.7525 -0.1690
vn 0.2215 -0.9399 -0.2597
vn 0.6954 -0.6434 0.3201
vn -0.8627 -0.2568 0.4356
vn 0.6425 -0.2145 0.7357
vn 0.7891 -0.2072 0.5782
vn 0.7341 -0.1432 0.6637
vn 0.7699 0.2264 0.5967
vn 0.6857 -0.7239 -0.0759
vn 0.6324 -0.7736 0.0402
vn 0.2582 -0.9240 -0.2819
vn 0.4319 -0.1577 0.8881
vn 0.4277 -0.1066 0.8976
vn -0.2915 0.8533 0.4323
vn 0.1172 0.6302 -0.7676
vn 0.1115 -0.8918 0.4385
vn -0.0477 -0.5332 0.8446
vn 0.2145 0.3166 -0.9240
vn 0.2037 0.2759 -0.9394
vn 0.9409 0.3041 0.1488
vn 0.9406 0.3046 0.1499
vn -0.1410 0.8790 0.4555
vn -0.1647 0.8829 0.4397
vn -0.1812 0.9117 0.3687
vn -0.1852 0.9182 0.3503
vn -0.1232 0.9702 0.2088
vn -0.0946 0.8693 0.4851
vn 0.1095 0.9454 -0.3071
vn 0.1571 -0.3388 0.9276
vn 0.5978 -0.4012 0.6940
vn 0.3497 -0.5124 0.7843
vn -0.2678 -0.6012 0.7529
vn -0.1621 0.3515 -0.9221
vn -0.7408 0.1395 -0.6570
vn -0.6405 0.2523 -0.7253
vn -0.6067 0.2850 -0.7421
vn -0.6070 -0.4820 0.6319
vn 0.4211 0.4347 -0.7961
vn 0.4895 0.4661 -0.7370
vn 0.5322 0.4845 -0.6943
vn 0.9837 0.1326 -0.1214
vn 0.9823 0.1335 -0.1318
vn 0.9903 0.1267 -0.0579
vn 0.7325 -0.4509 0.5101
vn -0.0485 -0.7999 0.5981
vn 0.3233 0.1787 0.9293
vn -0.4775 -0.4834 0.7337
vn -0.1465 -0.3061 0.9407
vn 0.4503 0.1681 0.8769
vn -0.1274 -0.2946 0.9471
vn 0.4337 0.1949 0.8797
vn -0.6545 -0.6093 0.4476
vn -0.6076 -0.6118 0.5065
vn -0.7667 -0.5595 -0.3148
vn -0.7697 -0.6026 -0.2109
vn -0.4217 -0.1812 -0.8885
vn -0.4984 -0.2408 -0.8328
vn 0.1690 0.3005 -0.9387
vn 0.0794 0.2817 -0.9562
vn 0.6652 0.5992 -0.4455
vn 0.6054 0.6314 -0.4846
vn 0.7837 0.5420 0.3034
vn 0.7529 0.5910 0.2895
vn -0.2425 0.6342 0.7342
vn -0.4161 0.2966 0.8596
vn -0.6325 -0.0056 0.7745
vn -0.6638 -0.6488 0.3721
vn -0.5389 -0.8418 0.0296
vn -0.2984 -0.9210 -0.2504
vn -0.0869 -0.8050 -0.5869
vn 0.2531 -0.6404 -0.7252
vn 0.4161 -0.2965 -0.8596
vn 0.5906 0.0482 -0.8055
vn 0.6471 0.0331 -0.7617
vn 0.6571 0.6643 -0.3563
vn 0.6497 0.6800 -0.3397
vn 0.5389 0.8418 -0.0296
vn 0.2806 0.9185 0.2785
vn 0.0868 0.8050 0.5869
vn -0.3119 0.6748 0.6688
vn -0.6715 0.0081 0.7410
vn -0.6400 -0.6735 0.3698
vn -0.2355 -0.9423 -0.2381
vn 0.2918 -0.6526 -0.6992
vn 0.6498 0.0045 -0.7601
vn 0.6357 0.6694 -0.3845
vn 0.2331 0.9492 0.2115
vn 0.2949 0.2973 0.9081
vn -0.2527 -0.2379 0.9378
vn -0.6598 -0.6587 0.3617
vn -0.6282 -0.6676 -0.3996
vn -0.2599 -0.3705 -0.8917
vn 0.2478 0.0847 -0.9651
vn 0.6558 0.5759 -0.4881
vn 0.6530 0.6701 0.3528
vn -0.0005 0.4997 0.8662
vn -0.3245 -0.1051 0.9400
vn -0.6052 -0.6950 0.3882
vn -0.4540 -0.7798 -0.4311
vn -0.0669 -0.4858 -0.8715
vn 0.3424 0.0390 -0.9388
vn 0.5283 0.3124 -0.7895
vn 0.5283 0.4947 -0.6900
vn 0.4979 0.8600 0.1112
vn 0.3299 0.8442 0.4225
vn -0.1984 0.6435 0.7393
vn -0.5133 -0.0093 0.8581
vn -0.5983 -0.7044 0.3819
vn -0.3369 -0.8674 -0.3662
vn 0.0801 -0.5575 -0.8263
vn 0.4588 -0.0019 -0.8886
vn 0.6025 0.6410 -0.4755
vn 0.2840 0.9259 0.2491
vn -0.4060 -0.0899 0.9095
vn -0.4060 -0.0899 0.9094
vn -0.4224 0.5454 0.7239
vn 0.1320 -0.7205 0.6807
vn 0.4932 -0.5721 0.6554
vn 0.3383 0.3397 0.8776
vn -0.1100 0.6931 0.7124
vn 0.5938 0.1653 0.7874
vn 0.5730 0.1394 0.8076
vn -0.0655 0.5735 0.8166
vn -0.0661 0.5918 0.8034
vn 0.8913 -0.3533 0.2840
vn 0.8604 -0.3566 0.3640
vn 0.6462 -0.6637 -0.3767
vn 0.7119 -0.6566 -0.2491
vn 0.0220 -0.5854 -0.8104
vn 0.1862 -0.6225 -0.7601
vn -0.6161 -0.1668 -0.7698
vn -0.4801 -0.2081 -0.8522
vn -0.8984 0.3381 -0.2803
vn -0.8439 0.3486 -0.4078
vn -0.6747 0.6385 0.3703
vn -0.6713 0.6839 0.2857
vn 0.2230 0.9699 0.0974
vn 0.7830 0.5276 0.3294
vn 0.8982 0.1444 0.4152
vn 0.8999 -0.2212 0.3757
vn 0.4847 -0.8495 0.2084
vn 0.1687 -0.9854 -0.0220
vn -0.2285 -0.9700 -0.0833
vn -0.4637 -0.8373 -0.2897
vn -0.7653 -0.5105 -0.3921
vn -0.8013 -0.4993 -0.3295
vn -0.8982 -0.1444 -0.4152
vn -0.8880 0.2668 -0.3745
vn -0.7544 0.5946 -0.2780
vn -0.4604 0.8665 -0.1932
vn 0.2631 0.9645 0.0220
vn 0.8199 0.5079 0.2643
vn 0.9003 -0.2539 0.3534
vn 0.4538 -0.8649 0.2147
vn -0.2385 -0.9695 -0.0562
vn -0.7956 -0.5288 -0.2957
vn -0.9021 0.2324 -0.3637
vn -0.4554 0.8606 -0.2281
vn 0.0422 0.7797 0.6248
vn 0.6921 0.4432 0.5697
vn 0.8777 0.1257 0.4623
vn 0.8569 -0.5015 -0.1191
vn 0.5264 -0.7726 -0.3551
vn -0.0904 -0.7804 -0.6187
vn -0.6460 -0.2148 -0.7325
vn -0.8371 0.0229 -0.5466
vn -0.8537 0.5077 0.1157
vn -0.6573 0.6804 0.3240
vn 0.1749 0.9122 0.3705
vn 0.6752 0.5962 0.4344
vn 0.8552 0.4155 0.3098
vn 0.8372 -0.5404 -0.0840
vn 0.5626 -0.7934 -0.2325
vn 0.8328 -0.5460 -0.0914
vn -0.1072 -0.8983 -0.4260
vn -0.3784 -0.8001 -0.4655
vn -0.5829 -0.7424 -0.3301
vn -0.8363 -0.4857 -0.2542
vn -0.8801 -0.3960 -0.2621
vn -0.8504 0.5168 0.0992
vn -0.4868 0.8482 0.2088
vn -0.8398 0.5334 0.1011
vn 0.2401 0.9530 0.1849
vn 0.7791 0.5269 0.3396
vn 0.9202 -0.2827 0.2709
vn 0.4771 -0.8774 -0.0508
vn -0.1459 -0.9318 -0.3323
vn -0.6883 -0.5690 -0.4500
vn -0.9284 0.1779 -0.3262
vn -0.4934 0.8695 -0.0229
vn 0.8386 0.2866 0.4633
vn 0.7795 -0.6263 -0.0125
vn -0.9049 -0.0547 -0.4222
vn -0.8297 -0.2393 -0.5044
vn -0.7559 0.6547 0.0043
vn -0.8211 0.5676 -0.0603
vn -0.8220 0.5653 -0.0690
vn -0.8201 0.5681 -0.0684
vn -0.8196 0.5688 -0.0689
vn -0.8185 0.5705 -0.0678
vn -0.3043 -0.7358 -0.6050
vn -0.0556 -0.8730 -0.4845
vn -0.2751 -0.9601 -0.0496
vn -0.5117 -0.8499 -0.1260
vn 0.0757 -0.2865 -0.9551
vn 0.3440 -0.4505 -0.8238
vn 0.4228 0.3026 -0.8542
vn 0.6775 0.1318 -0.7236
vn 0.5580 0.6464 -0.5205
vn 0.7664 0.4863 -0.4197
vn -0.5675 -0.5327 -0.6278
vn -0.7251 -0.6717 -0.1518
vn -0.2022 -0.0898 -0.9752
vn 0.1657 0.4728 -0.8654
vn 0.3091 0.7671 -0.5621
vn -0.1831 0.3516 0.9181
vn -0.0768 0.2848 0.9555
vn -0.3453 -0.9308 0.1201
vn -0.5657 -0.8207 0.0803
vn 0.5843 0.7163 -0.3815
vn 0.7435 0.5613 -0.3636
vn 0.0308 0.2131 0.9765
vn -0.7194 -0.6946 -0.0026
vn 0.3479 0.8256 -0.4443
vn 0.7940 -0.4786 0.3749
vn 0.7837 -0.5018 0.3662
vn 0.7936 -0.4666 0.3906
vn 0.7953 -0.4725 0.3798
vn 0.7990 -0.4740 0.3701
vn 0.7955 -0.4774 0.3731
vn 0.7954 -0.4779 0.3727
vn -0.8066 0.5850 -0.0849
vn -0.8212 0.5687 -0.0477
vn 0.5550 0.3110 -0.7715
vn 0.5265 0.2926 -0.7983
vn 0.5466 0.2965 -0.7832
vn -0.4690 0.0191 0.8830
vn -0.4698 -0.0007 0.8828
vn -0.4717 0.0070 0.8818
vn -0.4721 -0.0013 0.8815
vn -0.4771 -0.0014 0.8788
vn -0.4719 -0.0019 0.8816
vn -0.4556 -0.0222 0.8899
vn -0.8521 0.0114 -0.5232
vn -0.8604 0.1637 -0.4826
vn -0.6968 0.1808 -0.6941
vn -0.6750 0.0520 -0.7359
vn 0.7946 -0.4629 0.3928
vn 0.6986 -0.6407 0.3184
vn 0.8297 -0.5511 0.0887
vn 0.8722 -0.4497 0.1924
vn 0.1700 0.8924 0.4180
vn 0.2396 0.9199 0.3105
vn -0.9640 -0.0086 -0.2657
vn -0.9515 0.0819 -0.2965
vn 0.6395 -0.4987 0.5851
vn 0.5389 -0.6479 0.5384
vn 0.3050 0.9316 0.1976
vn -0.7116 -0.4662 -0.5257
vn -0.5344 -0.3708 -0.7596
vn -0.2379 -0.9206 -0.3095
vn -0.0525 -0.8158 -0.5759
vn 0.3441 -0.9375 0.0507
vn 0.5135 -0.8306 -0.2156
vn -0.8541 -0.4693 -0.2244
vn -0.3948 -0.9188 -0.0070
vn 0.1938 -0.9274 0.3200
vn 0.5519 0.3005 -0.7779
vn 0.5478 0.2946 -0.7830
vn 0.5486 0.2946 -0.7825
vn 0.5511 0.2923 -0.7816
vn -0.0400 -0.1573 0.9867
vn 0.6909 -0.3152 0.6506
vn 0.7202 -0.6037 0.3419
vn 0.2073 -0.0033 0.9783
vn -0.7809 0.2688 0.5638
vn -0.6002 0.5564 0.5746
vn -0.8445 0.4792 -0.2392
vn -0.7672 0.0757 -0.6370
vn -0.3767 -0.3923 0.8392
vn -0.4926 -0.8690 -0.0463
vn -0.5231 -0.0323 0.8516
vn -0.2771 -0.9561 -0.0952
vn -0.2058 -0.4125 0.8874
vn 0.7790 -0.4567 0.4296
vn -0.8964 0.0730 0.4372
vn -0.7247 0.5586 -0.4035
vn 0.1589 0.8406 0.5178
vn 0.1762 0.7985 0.5756
vn 0.0428 -0.4808 0.8758
vn 0.9075 -0.1166 0.4035
vn 0.2235 -0.9414 0.2526
vn 0.1088 -0.6908 0.7148
vn -0.9243 0.0854 0.3719
vn -0.9178 -0.2369 0.3186
vn -0.8572 0.4102 -0.3113
vn -0.9991 -0.0216 -0.0375
vn -0.0472 0.3015 -0.9523
vn -0.9106 0.0374 -0.4116
vn 0.8096 -0.2592 -0.5267
vn -0.6644 -0.1182 -0.7379
vn -0.3502 -0.2756 -0.8952
vn 0.7131 -0.7010 -0.0136
vn 0.9956 -0.0904 -0.0261
vn 0.9976 -0.0435 -0.0547
vn 0.4277 -0.6705 -0.6062
vn 0.3667 0.2466 0.8971
vn 0.8975 -0.2512 0.3624
vn 0.1767 0.9747 0.1371
vn 0.1812 0.7190 -0.6709
vn 0.6652 0.0574 -0.7444
vn 0.8325 -0.0392 -0.5526
vn -0.3024 -0.2943 -0.9066
vn 0.9769 -0.2085 0.0469
vn -0.4822 0.4420 0.7564
vn -0.6189 0.5344 0.5757
vn -0.9334 -0.3196 0.1632
vn -0.9553 -0.1208 0.2698
vn 0.4647 0.6652 0.5845
vn 0.4304 0.8201 0.3772
vn 0.9343 0.3417 -0.1018
vn 0.9769 0.0200 -0.2128
vn 0.7091 -0.3038 -0.6363
vn 0.4597 -0.8848 0.0758
vn -0.5822 -0.7726 -0.2533
vn -0.1449 -0.9857 0.0862
vn -0.4144 0.2297 0.8806
vn -0.9475 -0.2694 0.1722
vn 0.5604 0.4900 0.6677
vn 0.9348 0.2886 -0.2070
vn 0.2167 0.2393 -0.9464
vn -0.5760 -0.0768 -0.8138
vn 0.7377 -0.6573 0.1542
vn 0.7785 -0.5322 0.3328
vn -0.8396 -0.3826 0.3855
vn -0.9458 -0.0724 0.3166
vn 0.7132 -0.2301 0.6622
vn 0.6932 0.5528 0.4626
vn 0.8678 -0.1238 0.4812
vn 0.5389 0.7693 -0.3431
vn 0.9086 0.3629 0.2069
vn 0.2222 0.1929 -0.9557
vn 0.8646 0.3607 -0.3499
vn 0.2681 -0.3658 -0.8912
vn 0.7833 0.0216 -0.6213
vn 0.0026 -0.9908 -0.1352
vn 0.1531 -0.7737 -0.6148
vn -0.8015 -0.4246 -0.4211
vn -0.8875 -0.3670 -0.2788
vn -0.7397 0.0935 -0.6664
vn -0.9655 0.1689 0.1980
vn -0.7985 0.1895 -0.5714
vn -0.7588 0.1700 -0.6288
vn -0.3333 0.3738 -0.8655
vn -0.3706 -0.1241 -0.9205
vn -0.2604 -0.3820 -0.8867
vn -0.6201 -0.7713 -0.1434
vn -0.9181 -0.3458 -0.1935
vn -0.7812 0.6229 -0.0409
vn -0.9472 -0.2314 0.2217
vn 0.9351 0.2495 -0.2515
vn 0.4129 -0.1382 -0.9002
vn 0.5572 0.8159 0.1546
vn -0.1305 0.8886 0.4398
vn -0.7339 0.6257 -0.2645
vn 0.1133 -0.8745 -0.4715
vn 0.6020 -0.7302 -0.3231
vn 0.7494 -0.4907 0.4446
vn 0.0475 0.3707 -0.9275
vn -0.7257 0.5175 -0.4534
vn 0.7524 0.5169 0.4083
vn -0.1140 0.5462 0.8299
vn 0.1433 -0.5230 -0.8402
vn -0.3154 0.5511 -0.7725
vn 0.3317 0.8936 -0.3025
vn 0.2575 -0.9604 0.1065
vn 0.1076 -0.8852 -0.4525
vn 0.3197 -0.7078 0.6299
vn 0.2577 -0.9602 0.1073
vn -0.6556 0.5735 0.4913
vn -0.1098 0.8881 0.4463
vn 0.2925 -0.9454 0.1438
vn 0.2926 -0.9452 0.1445
vn -0.3351 0.3936 -0.8560
vn -0.1547 -0.3468 -0.9251
vn 0.4959 0.8467 0.1928
vn -0.1710 0.8694 0.4635
vn 0.3545 -0.6362 0.6853
vn 0.9383 0.2489 -0.2402
vn 0.9449 0.1818 -0.2722
vn -0.9786 -0.0371 -0.2023
vn -0.7866 0.1804 -0.5905
vn -0.5092 -0.4357 0.7422
vn -0.9789 -0.0379 -0.2008
vn 0.1690 -0.4155 0.8938
vn -0.3408 -0.8734 0.3479
vn -0.9652 0.0221 -0.2605
vn -0.5551 -0.4436 0.7036
vn -0.5109 0.1589 0.8448
vn -0.4927 -0.2961 -0.8183
vn -0.8323 0.5491 0.0763
vn 0.9388 0.2440 -0.2432
vn 0.0606 -0.4649 0.8833
vn -0.0183 0.1439 0.9894
vn -0.2455 -0.8310 -0.4991
vn -0.2460 -0.8312 -0.4985
vn 0.3114 0.8549 0.4149
vn 0.6141 0.7661 -0.1897
vn -0.0402 0.8984 -0.4374
vn 0.3402 0.1443 0.9292
vn -0.1871 0.9796 0.0739
vn -0.5477 -0.8367 0.0011
vn 0.3603 0.8723 0.3306
vn 0.6749 0.6632 -0.3235
vn -0.2941 -0.8279 -0.4775
vn 0.5706 0.0876 -0.8165
vn -0.6063 -0.7926 0.0647
vn -0.2946 -0.8281 -0.4769
vn -0.1302 0.5415 0.8306
vn -0.5574 0.7469 0.3626
vn 0.9640 -0.1359 0.2286
vn 0.9635 -0.1374 0.2296
vn -0.7335 0.5125 -0.4464
vn -0.5589 0.1431 -0.8168
vn 0.1294 -0.8168 0.5623
vn -0.5436 -0.7326 0.4097
vn 0.1739 -0.9844 -0.0254
vn 0.1880 -0.8153 0.5477
vn 0.8334 -0.3888 0.3929
vn 0.7375 -0.5045 0.4489
vn -0.4408 -0.7923 0.4218
vn 0.0643 -0.3472 0.9356
vn -0.7325 0.5097 -0.4513
vn -0.7325 0.5097 -0.4514
vn 0.8210 0.0156 -0.5708
vn 0.9070 0.4096 -0.0978
vn 0.9472 0.2314 -0.2217
vn 0.3948 0.5654 -0.7242
vn -0.9351 -0.2495 0.2515
vn 0.1305 -0.8886 -0.4398
vn 0.8613 -0.2609 -0.4360
vn -0.7494 0.4907 -0.4446
vn -0.4392 -0.3274 0.8366
vn 0.9003 0.4353 -0.0010
vn 0.7257 -0.5175 0.4534
vn -0.7226 0.4701 -0.5068
vn 0.1140 -0.5461 -0.8299
vn -0.9476 -0.2274 0.2246
vn 0.9348 0.2527 -0.2495
vn -0.1178 0.8927 0.4350
vn 0.1001 -0.8791 -0.4661
vn 0.7482 -0.4886 0.4489
vn -0.7264 0.5193 -0.4502
vn -0.1232 0.5545 0.8230
vn -0.6381 0.7466 0.1884
vn 0.6398 -0.2056 -0.7405
vn -0.4206 -0.8470 0.3250
vn 0.3198 -0.7078 0.6299
vn -0.1173 0.8854 0.4498
vn -0.6849 0.2771 -0.6738
vn 0.1400 -0.5421 -0.8286
vn -0.1354 0.5469 0.8262
vn -0.0881 0.5107 0.8552
vn 0.9627 0.2675 -0.0400
vn 0.9476 0.2274 -0.2246
vn -0.1001 0.8791 0.4661
vn -0.9348 -0.2527 0.2495
vn 0.1178 -0.8927 -0.4350
vn -0.7482 0.4886 -0.4489
vn -0.1527 0.5321 0.8328
vn 0.7264 -0.5193 0.4502
vn 0.1232 -0.5544 -0.8230
vn -0.5399 0.2839 -0.7924
vn -0.5541 0.2003 -0.8080
vn -0.6698 0.2439 -0.7014
vn -0.6759 0.3782 -0.6326
vn -0.6059 0.5050 -0.6147
vn -0.5389 0.5103 -0.6703
vn -0.5276 0.3879 -0.7558
vn -0.6350 0.2350 -0.7359
vn -0.7383 0.1705 -0.6526
vn -0.7663 0.2650 -0.5852
vn -0.6611 0.4046 -0.6319
vn -0.5666 0.3712 -0.7356
vn 0.2652 -0.6854 0.6782
vn 0.2522 -0.6194 0.7435
vn 0.1556 -0.5546 0.8174
vn 0.0605 -0.6142 0.7868
vn 0.1025 -0.6769 0.7289
vn 0.2042 -0.6768 0.7073
vn 0.2821 -0.6355 0.7187
vn 0.3314 -0.5498 0.7667
vn 0.2402 -0.5305 0.8129
vn 0.1416 -0.6060 0.7827
vn 0.1260 -0.6948 0.7081
vn 0.2096 -0.7278 0.6530
vn 0.8551 0.4340 -0.2835
vn 0.8318 0.5007 -0.2396
vn 0.9031 0.4096 -0.1288
vn 0.8731 0.4876 -0.0034
vn 0.7963 0.6039 0.0338
vn 0.7629 0.6453 -0.0398
vn 0.7972 0.5807 -0.1648
vn 0.8912 0.4178 -0.1769
vn 0.9448 0.3126 -0.0982
vn 0.9364 0.3504 0.0180
vn 0.8581 0.5135 -0.0034
vn 0.8245 0.5475 -0.1427
vn -0.5459 -0.8235 0.1545
vn -0.5289 -0.8464 0.0620
vn -0.4983 -0.8219 0.2760
vn -0.3913 -0.8817 0.2635
vn -0.4036 -0.8985 0.1726
vn -0.4905 -0.8632 0.1194
vn -0.5634 -0.8186 0.1117
vn -0.6288 -0.7573 0.1766
vn -0.5712 -0.7808 0.2532
vn -0.4648 -0.8542 0.2332
vn -0.4155 -0.8989 0.1387
vn -0.4701 -0.8812 0.0503
vn -0.9372 -0.2639 0.2281
vn -0.9333 -0.2656 0.2417
vn -0.9218 -0.2699 0.2783
vn -0.8257 -0.5633 -0.0302
vn -0.8185 -0.5744 -0.0113
vn -0.7707 -0.6302 0.0941
vn -0.4869 -0.8047 -0.3398
vn -0.4723 -0.8251 -0.3100
vn -0.3868 -0.9097 -0.1508
vn 0.0882 -0.7859 -0.6120
vn 0.1108 -0.8221 -0.5585
vn 0.1768 -0.9087 -0.3782
vn 0.5905 -0.4918 -0.6399
vn 0.6697 -0.5742 -0.4710
vn 0.8612 -0.1119 -0.4957
vn 0.8675 -0.1196 -0.4828
vn 0.8937 -0.1552 -0.4210
vn 0.9200 0.2615 -0.2920
vn 0.9167 0.2680 -0.2964
vn 0.9153 0.2708 -0.2983
vn 0.8113 0.5822 -0.0524
vn 0.7992 0.5977 -0.0643
vn 0.7495 0.6530 -0.1088
vn 0.7373 0.6650 -0.1190
vn 0.5408 0.8167 0.2014
vn 0.5068 0.8419 0.1855
vn 0.3663 0.9226 0.1213
vn 0.3312 0.9377 0.1054
vn 0.0593 0.8848 0.4622
vn -0.0048 0.8979 0.4402
vn -0.1655 0.9119 0.3756
vn -0.2300 0.9097 0.3458
vn -0.5233 0.5948 0.6102
vn -0.5475 0.5937 0.5896
vn -0.2270 0.2258 0.9473
vn -0.6748 0.5760 0.4614
vn -0.8662 0.1228 0.4843
vn -0.8716 0.1237 0.4743
vn -0.8953 0.1274 0.4268
vn -0.9011 0.1284 0.4142
vn -0.9254 -0.2187 0.3096
vn -0.9406 -0.2050 0.2708
vn -0.9720 -0.1668 0.1654
vn -0.8779 0.1137 0.4652
vn -0.9237 0.2087 0.3213
vn -0.5955 0.5403 0.5945
vn -0.6453 0.6172 0.4501
vn -0.0556 0.8472 0.5283
vn -0.1133 0.8849 0.4518
vn 0.4762 0.8425 0.2518
vn 0.4765 0.8422 0.2522
vn 0.7766 0.6292 -0.0324
vn 0.7845 0.6197 -0.0240
vn 0.8154 0.5788 0.0108
vn 0.8218 0.5694 0.0185
vn 0.9126 0.3317 -0.2391
vn 0.9291 0.2937 -0.2247
vn 0.9497 0.2383 -0.2032
vn 0.9613 0.2009 -0.1884
vn 0.8927 -0.0724 -0.4449
vn 0.8971 -0.0938 -0.4317
vn 0.9103 -0.1921 -0.3667
vn 0.9114 -0.2126 -0.3523
vn 0.6725 -0.4733 -0.5690
vn 0.6706 -0.4960 -0.5516
vn 0.6564 -0.5882 -0.4724
vn 0.6515 -0.6091 -0.4522
vn 0.1479 -0.8077 -0.5708
vn 0.1407 -0.8243 -0.5484
vn 0.1230 -0.8614 -0.4929
vn 0.1147 -0.8771 -0.4664
vn -0.4836 -0.8165 -0.3154
vn -0.4835 -0.8173 -0.3135
vn -0.4829 -0.8208 -0.3050
vn -0.4828 -0.8218 -0.3027
vn -0.8332 -0.5517 0.0391
vn -0.8370 -0.5465 0.0285
vn -0.8570 -0.5142 -0.0348
vn -0.9050 0.0536 -0.4221
vn 0.7093 -0.5527 0.4375
vn 0.7165 -0.5407 0.4408
vn 0.7272 -0.5221 0.4456
vn 0.7351 -0.5079 0.4491
vn 0.5996 -0.2428 0.7626
vn 0.5925 -0.2518 0.7652
vn 0.5502 -0.3031 0.7781
vn 0.3456 0.2034 0.9161
vn 0.3220 0.1861 0.9283
vn 0.1815 0.0839 0.9798
vn -0.0175 0.6676 0.7443
vn -0.0733 0.6329 0.7707
vn -0.2637 0.4879 0.8321
vn -0.3798 0.8581 0.3457
vn -0.5863 0.7050 0.3990
vn -0.6211 0.7774 -0.0991
vn -0.7144 0.6978 -0.0525
vn -0.6860 0.5505 -0.4758
vn -0.6920 0.5479 -0.4700
vn -0.6945 0.5468 -0.4676
vn -0.6064 0.2531 -0.7538
vn -0.5935 0.2579 -0.7624
vn -0.5433 0.2752 -0.7932
vn -0.5310 0.2791 -0.8001
vn -0.8314 -0.3267 -0.4495
vn -0.3536 -0.0969 -0.9304
vn -0.7177 -0.3210 -0.6179
vn -0.1974 -0.0699 -0.9778
vn -0.5739 -0.6214 -0.5333
vn 0.0670 -0.4993 -0.8638
vn 0.0032 -0.5058 -0.8626
vn 0.2682 -0.4649 -0.8437
vn 0.3345 -0.8260 -0.4537
vn 0.4314 -0.7755 -0.4609
vn -0.0152 -0.9353 -0.3536
vn 0.6299 -0.6635 -0.4038
vn 0.0211 -0.9994 0.0263
vn 0.6831 -0.7289 0.0453
vn 0.1348 -0.9888 0.0641
vn 0.7673 -0.6370 0.0744
vn 0.8960 0.2889 0.3371
vn 0.7672 -0.3985 0.5026
vn 0.9300 0.1396 0.3401
vn 0.7146 -0.5351 0.4507
vn 0.7942 -0.6007 0.0917
vn 0.7868 -0.6107 0.0899
vn 0.7496 -0.6568 0.0813
vn 0.7404 -0.6674 0.0792
vn 0.5933 -0.6721 -0.4431
vn 0.5948 -0.6707 -0.4432
vn 0.6015 -0.6643 -0.4437
vn 0.6033 -0.6626 -0.4439
vn 0.1012 -0.5080 -0.8554
vn 0.1228 -0.4906 -0.8627
vn 0.1978 -0.4261 -0.8828
vn -0.3912 -0.1725 -0.9040
vn -0.3750 -0.1515 -0.9146
vn -0.2841 -0.0381 -0.9581
vn -0.6687 0.1731 -0.7231
vn -0.6537 0.1931 -0.7317
vn -0.5639 0.3001 -0.7694
vn -0.7978 0.4692 -0.3786
vn -0.6952 0.5569 -0.4545
vn -0.7580 0.6519 -0.0193
vn -0.6996 0.7124 -0.0547
vn -0.5669 0.7121 0.4141
vn -0.5667 0.7125 0.4138
vn -0.5666 0.7126 0.4138
vn 0.2063 0.8946 0.3965
vn -0.1706 0.5364 0.8265
vn 0.1886 0.8563 0.4808
vn -0.1849 0.4726 0.8617
vn 0.4774 0.7103 0.5173
vn 0.3072 0.1985 0.9307
vn 0.4962 0.6124 0.6154
vn 0.2795 0.0623 0.9581
vn 0.7281 0.4848 0.4847
vn 0.6354 -0.1584 0.7558
vn 0.7649 0.3588 0.5350
vn 0.5930 -0.3026 0.7462
vn -0.3223 0.5113 -0.7966
vn -0.3124 0.5351 -0.7849
vn -0.3659 0.5379 -0.7595
vn -0.3972 0.6400 -0.6577
vn -0.5260 0.5683 -0.6327
vn -0.5501 0.5850 -0.5959
vn -0.6603 0.4014 -0.6348
vn -0.6655 0.2169 -0.7142
vn -0.5970 0.2316 -0.7681
vn -0.4997 0.1000 -0.8604
vn -0.4432 0.2310 -0.8661
vn -0.3682 0.2025 -0.9074
vn -0.3574 0.3862 -0.8504
vn -0.3602 0.3864 -0.8491
vn -0.4201 0.5499 -0.7219
vn -0.5060 0.4980 -0.7043
vn -0.6109 0.5552 -0.5644
vn -0.7381 0.3540 -0.5743
vn -0.6629 0.1871 -0.7250
vn -0.7554 0.0337 -0.6545
vn -0.4211 0.2997 -0.8561
vn -0.5217 -0.0008 -0.8531
vn -0.3358 0.2985 -0.8934
vn 0.3588 -0.5247 0.7720
vn 0.3503 -0.5297 0.7725
vn 0.3099 -0.5525 0.7737
vn 0.3351 -0.3079 0.8904
vn 0.3401 -0.3079 0.8885
vn 0.3893 -0.3073 0.8683
vn 0.5150 -0.0328 0.8566
vn 0.5290 -0.0419 0.8476
vn 0.6441 -0.1219 0.7552
vn 0.6614 -0.1348 0.7378
vn 0.7227 -0.0773 0.6868
vn 0.7349 -0.1117 0.6689
vn 0.7791 -0.2885 0.5566
vn 0.7849 -0.3336 0.5222
vn 0.7198 -0.3416 0.6044
vn 0.7124 -0.3658 0.5988
vn 0.6404 -0.5431 0.5431
vn 0.6252 -0.5719 0.5311
vn 0.5106 -0.4780 0.7147
vn 0.5018 -0.4874 0.7146
vn 0.4350 -0.5537 0.7101
vn 0.4227 -0.5650 0.7086
vn 0.3626 -0.3842 0.8491
vn 0.3615 -0.3850 0.8492
vn 0.3593 -0.3866 0.8494
vn 0.3580 -0.3875 0.8495
vn 0.3672 -0.2199 0.9038
vn 0.3761 -0.2194 0.9002
vn 0.4522 -0.2149 0.8656
vn 0.4837 -0.1367 0.8645
vn 0.4995 -0.1440 0.8543
vn 0.6265 -0.2040 0.7522
vn 0.6137 -0.2173 0.7591
vn 0.6290 -0.2430 0.7385
vn 0.7029 -0.3895 0.5952
vn 0.6438 -0.4052 0.6491
vn 0.6387 -0.4242 0.6420
vn 0.5746 -0.5979 0.5588
vn 0.5093 -0.5590 0.6543
vn 0.5001 -0.5684 0.6533
vn 0.4045 -0.6562 0.6370
vn 0.3674 -0.6428 0.6722
vn 0.3730 -0.6626 0.6495
vn 0.2418 -0.7224 0.6478
vn 0.2422 -0.7211 0.6491
vn 0.0705 -0.7131 0.6975
vn 0.1363 -0.6426 0.7540
vn 0.0009 -0.5572 0.8304
vn 0.2007 -0.4744 0.8571
vn 0.1672 -0.4019 0.9003
vn 0.3743 -0.4166 0.8285
vn 0.3687 -0.4326 0.8228
vn 0.4462 -0.4927 0.7471
vn 0.3943 -0.5701 0.7207
vn 0.2944 -0.6645 0.6868
vn 0.1339 -0.6819 0.7190
vn 0.1106 -0.5596 0.8213
vn -0.0208 -0.5919 0.8058
vn 0.2640 -0.4698 0.8424
vn 0.0559 -0.4284 0.9019
vn 0.4213 -0.5432 0.7263
vn 0.2977 -0.4481 0.8430
vn 0.4374 -0.5542 0.7082
vn -0.2530 0.6892 -0.6789
vn -0.2754 0.6913 -0.6680
vn -0.3788 0.6950 -0.6111
vn -0.3591 0.6064 -0.7095
vn -0.3671 0.6027 -0.7085
vn -0.4477 0.5623 -0.6953
vn -0.2985 0.4480 -0.8428
vn -0.2983 0.4482 -0.8427
vn -0.2966 0.4503 -0.8422
vn -0.2963 0.4507 -0.8421
vn -0.0897 0.4354 -0.8958
vn -0.0881 0.4516 -0.8879
vn -0.0799 0.5317 -0.8431
vn -0.0773 0.5542 -0.8288
vn -0.0072 0.5837 -0.8119
vn -0.0167 0.5953 -0.8034
vn -0.0967 0.6856 -0.7216
vn -0.1094 0.6988 -0.7069
vn -0.1370 0.6668 -0.7325
vn -0.1495 0.6710 -0.7262
vn -0.2576 0.7017 -0.6642
vn -0.2737 0.7054 -0.6539
vn -0.2892 0.6230 -0.7268
vn -0.3121 0.6228 -0.7174
vn -0.3790 0.6200 -0.6870
vn -0.4076 0.6177 -0.6726
vn -0.3777 0.5443 -0.7490
vn -0.3855 0.5400 -0.7482
vn -0.4457 0.5047 -0.7394
vn -0.4555 0.4985 -0.7376
vn -0.3650 0.4337 -0.8238
vn -0.3770 0.4185 -0.8263
vn -0.1956 0.4034 -0.8939
vn -0.1924 0.4172 -0.8882
vn -0.1746 0.4889 -0.8547
vn -0.0334 0.5430 -0.8391
vn -0.0414 0.5556 -0.8304
vn -0.1158 0.6662 -0.7368
vn -0.0894 0.6926 -0.7158
vn -0.1025 0.6980 -0.7088
vn -0.2344 0.7426 -0.6274
vn 0.6655 0.7276 -0.1663
vn 0.6889 0.6344 -0.3506
vn 0.6095 0.7691 -0.1924
vn 0.8300 0.3567 -0.4288
vn 0.7352 0.5805 -0.3500
vn 0.8435 0.3204 -0.4312
vn 0.9374 0.2780 -0.2099
vn 0.9479 0.2481 -0.1997
vn 0.9299 0.3544 0.0984
vn 0.9009 0.4341 -0.0035
vn 0.7826 0.6072 0.1371
vn 0.7604 0.6414 -0.1022
vn 0.6814 0.7265 -0.0886
vn 0.6950 0.6479 -0.3119
vn 0.6928 0.6500 -0.3124
vn 0.7317 0.5261 -0.4334
vn 0.7808 0.4958 -0.3801
vn 0.8218 0.4098 -0.3959
vn 0.8861 0.4011 -0.2324
vn 0.8665 0.4953 -0.0613
vn 0.8777 0.4789 0.0176
vn 0.7504 0.6608 -0.0152
vn 0.7436 0.6613 0.0989
vn 0.6263 0.7796 0.0006
vn -0.6166 -0.7599 0.2058
vn -0.6229 -0.7565 0.1992
vn -0.6441 -0.7443 0.1765
vn -0.6520 -0.7394 0.1677
vn -0.6428 -0.7659 0.0181
vn -0.7361 -0.6768 -0.0087
vn -0.7563 -0.6516 -0.0585
vn -0.8699 -0.4932 0.0034
vn -0.8591 -0.5112 0.0245
vn -0.8702 -0.4900 0.0510
vn -0.9133 -0.3502 0.2080
vn -0.8729 -0.4222 0.2446
vn -0.8308 -0.3807 0.4059
vn -0.7825 -0.5041 0.3655
vn -0.7778 -0.5053 0.3737
vn -0.7406 -0.5134 0.4336
vn -0.7336 -0.5146 0.4439
vn -0.6931 -0.6490 0.3137
vn -0.6939 -0.6487 0.3128
vn -0.6955 -0.6479 0.3107
vn -0.6965 -0.6474 0.3094
vn -0.6832 -0.7216 0.1119
vn -0.6924 -0.7133 0.1085
vn -0.7672 -0.6366 0.0783
vn -0.7795 -0.6206 -0.0857
vn -0.7956 -0.6003 -0.0815
vn -0.9151 -0.4012 -0.0415
vn -0.9108 -0.4121 -0.0249
vn -0.9243 -0.3816 -0.0005
vn -0.9734 -0.1636 0.1606
vn -0.9053 -0.3507 0.2397
vn -0.9026 -0.3451 0.2575
vn -0.8560 -0.2796 0.4348
vn -0.7266 -0.5911 0.3502
vn -0.7239 -0.5918 0.3547
vn -0.6955 -0.5976 0.3989
vn -0.4917 -0.8694 0.0483
vn -0.6001 -0.7946 0.0923
vn -0.5954 -0.8029 -0.0282
vn -0.6341 -0.7215 0.2781
vn -0.6965 -0.7140 0.0714
vn -0.4986 -0.7598 0.4173
vn -0.6306 -0.7160 0.2995
vn -0.4776 -0.7645 0.4329
vn -0.4229 -0.8445 0.3286
vn -0.3608 -0.8716 0.3320
vn -0.3923 -0.9075 0.1502
vn -0.4359 -0.8826 0.1760
vn -0.5148 -0.8564 0.0392
vn -0.5706 -0.8109 0.1296
vn -0.6458 -0.7625 0.0395
vn -0.6608 -0.7355 0.1496
vn -0.7243 -0.6770 0.1306
vn -0.6858 -0.6770 0.2670
vn -0.6970 -0.6637 0.2713
vn -0.5645 -0.7187 0.4060
vn -0.5393 -0.7629 0.3565
vn -0.3900 -0.8483 0.3582
vn -0.4167 -0.8839 0.2121
vn -0.3797 -0.9100 0.1662
vn 0.5841 0.8115 -0.0164
vn 0.4879 0.8719 -0.0422
vn 0.4746 0.8788 -0.0497
vn 0.3586 0.9203 -0.1563
vn 0.4349 0.8739 -0.2173
vn 0.3627 0.8580 -0.3637
vn 0.5523 0.7564 -0.3505
vn 0.5462 0.7226 -0.4237
vn 0.6954 0.6644 -0.2740
vn 0.6945 0.6658 -0.2728
vn 0.6880 0.6757 -0.2646
vn 0.6868 0.6776 -0.2630
vn 0.7208 0.6773 -0.1470
vn 0.7150 0.6838 -0.1458
vn 0.6580 0.7410 -0.1341
vn 0.6536 0.7520 -0.0854
vn 0.6344 0.7681 -0.0871
vn 0.5483 0.8310 -0.0936
vn 0.5304 0.8455 -0.0615
vn 0.5204 0.8510 -0.0706
vn 0.4131 0.8961 -0.1621
vn 0.4205 0.8918 -0.1668
vn 0.4122 0.8927 -0.1824
vn 0.3253 0.8860 -0.3303
vn 0.4591 0.8256 -0.3279
vn 0.4577 0.8195 -0.3450
vn 0.4441 0.7720 -0.4548
vn 0.6326 0.7140 -0.3000
vn 0.6327 0.7138 -0.3002
vn 0.6340 0.7120 -0.3018
vn 0.6342 0.7117 -0.3020
vn 0.6932 0.7155 -0.0869
vn 0.6870 0.7215 -0.0864
vn 0.6284 0.7736 -0.0816
vn 0.6194 0.7809 -0.0809
vn 0.6958 -0.3361 0.6347
vn 0.7221 -0.2941 0.6262
vn 0.6859 -0.3953 0.6110
vn 0.6664 -0.2379 0.7066
vn 0.7288 -0.2543 0.6358
vn 0.7754 -0.2076 0.5964
vn 0.7567 -0.2689 0.5959
vn 0.7883 -0.2314 0.5701
vn 0.7782 -0.3062 0.5483
vn 0.8052 -0.3322 0.4912
vn 0.7478 -0.3175 0.5830
vn 0.7038 -0.3815 0.5993
vn -0.1851 0.7250 -0.6634
vn -0.1671 0.7062 -0.6880
vn -0.1881 0.7317 -0.6552
vn -0.2175 0.6592 -0.7198
vn -0.1759 0.6873 -0.7048
vn -0.1389 0.6876 -0.7127
vn -0.1358 0.7046 -0.6965
vn -0.1048 0.6956 -0.7107
vn -0.1165 0.7187 -0.6855
vn -0.0860 0.7426 -0.6642
vn -0.1350 0.7184 -0.6824
vn -0.1495 0.7286 -0.6685
vn -0.9355 -0.3482 -0.0594
vn -0.9372 -0.3488 -0.0055
vn -0.9291 -0.3590 -0.0882
vn -0.9732 -0.2282 0.0272
vn -0.9498 -0.3119 0.0254
vn -0.9291 -0.3605 0.0823
vn -0.9261 -0.3754 0.0362
vn -0.9101 -0.3939 0.1285
vn -0.9057 -0.4233 0.0236
vn -0.8508 -0.5252 -0.0161
vn -0.9173 -0.3980 -0.0114
vn -0.9207 -0.3851 -0.0629
vn 0.3867 0.9133 -0.1278
vn 0.4034 0.9054 -0.1324
vn 0.3739 0.9209 -0.1103
vn 0.3789 0.9039 -0.1986
vn 0.4158 0.8978 -0.1451
vn 0.4558 0.8797 -0.1358
vn 0.4310 0.8949 -0.1157
vn 0.4562 0.8832 -0.1089
vn 0.4368 0.8958 -0.0825
vn 0.4482 0.8928 -0.0456
vn 0.4173 0.9025 -0.1067
vn 0.3921 0.9141 -0.1034
vn -0.0208 -0.0122 -0.9997
vn 0.3311 0.1338 -0.9341
vn 0.4402 -0.4786 -0.7598
vn 0.3626 0.5913 -0.7203
vn 0.5873 -0.3430 -0.7331
vn 0.4474 -0.5414 -0.7119
vn 0.1717 0.7118 -0.6810
vn -0.0481 -0.0114 -0.9988
vn 0.0927 0.2236 -0.9703
vn 0.1454 0.6506 -0.7454
vn 0.2940 0.1016 -0.9504
vn -0.2769 -0.0644 -0.9587
vn -0.4588 0.0831 -0.8846
vn -0.4078 -0.2761 -0.8703
vn 0.1899 -0.1453 -0.9710
vn -0.6339 -0.6805 -0.3676
vn -0.8741 -0.1276 -0.4686
vn -0.6112 -0.0912 -0.7862
vn -0.4005 -0.6481 -0.6477
vn -0.8025 0.4988 -0.3274
vn -0.5717 -0.7538 -0.3240
vn -0.3507 -0.7239 -0.5942
vn -0.5561 0.5287 -0.6412
vn -0.7445 -0.1230 -0.6563
vn -0.8277 -0.1307 -0.5457
vn -0.8267 0.4184 -0.3762
vn -0.5839 0.4503 -0.6755
vn 0.4598 0.7394 -0.4917
vn 0.7903 -0.4316 -0.4349
vn 0.5124 0.1492 -0.8457
vn 0.6896 0.2832 -0.6665
vn 0.7736 -0.3509 -0.5277
vn -0.3020 -0.0776 -0.9501
vn -0.9502 0.2803 -0.1365
vn -0.9684 -0.1437 0.2040
vn -0.9167 -0.3430 -0.2048
vn -0.9876 -0.1526 -0.0380
vn -0.9352 -0.1514 0.3201
vn -0.9349 -0.1483 0.3224
vn -0.9831 -0.1488 0.1063
vn -0.8887 -0.1516 0.4327
vn -0.9321 -0.1850 0.3115
vn -0.8808 -0.1463 0.4504
vn -0.5449 -0.6350 -0.5476
vn -0.7410 0.3313 -0.5841
vn 0.4692 0.1696 -0.8666
vn 0.9603 0.1096 -0.2566
vn 0.8823 0.3352 -0.3304
vn 0.4529 0.8655 -0.2142
vn 0.6367 -0.3626 -0.6805
vn 0.8107 0.2778 -0.5153
vn 0.7895 0.2809 -0.5458
vn 0.7848 0.2895 -0.5480
vn 0.9199 0.3703 -0.1287
vn -0.5657 -0.6104 -0.5544
vn -0.7534 0.3345 -0.5661
vn -0.9704 -0.1329 -0.2015
vn -0.2268 -0.1069 -0.9681
vn -0.3789 -0.0766 -0.9223
vn -0.0495 -0.0529 -0.9974
vn -0.0334 -0.0490 -0.9982
vn -0.0505 -0.0532 -0.9973
vn 0.0541 0.9764 0.2092
vn 0.8000 0.5752 0.1706
vn 0.4949 0.0811 0.8652
vn 0.1882 0.0050 0.9821
vn 0.1939 0.0074 0.9810
vn -0.7387 -0.1444 0.6584
vn -0.5617 -0.1413 0.8152
vn -0.8183 -0.1735 0.5480
vn -0.7331 -0.1424 0.6651
vn -0.2865 -0.0649 0.9559
vn -0.1892 -0.0564 0.9803
vn -0.1573 -0.0695 0.9851
vn 0.9173 0.3671 0.1543
vn 0.9184 0.3283 0.2206
vn 0.9345 0.3200 -0.1563
vn 0.8880 0.2657 0.3754
vn 0.9648 0.2626 -0.0122
vn 0.9502 0.2564 0.1770
vn 0.7694 0.1688 0.6161
vn 0.7280 0.1692 0.6644
vn 0.9333 0.2524 0.2555
vn 0.5107 0.1017 0.8537
vn -0.2874 0.5622 -0.7755
vn -0.2830 0.6645 -0.6916
vn -0.3005 0.5871 -0.7516
vn -0.3081 0.6054 -0.7338
vn -0.3081 0.6064 -0.7330
vn -0.3064 0.6040 -0.7357
vn -0.3019 0.5675 -0.7661
vn 0.1396 -0.9795 -0.1452
vn 0.1878 -0.9300 -0.3161
vn 0.0653 -0.9807 -0.1843
vn 0.0424 -0.9774 -0.2073
vn 0.0876 -0.9913 -0.0979
vn 0.1901 -0.9817 0.0092
vn 0.1293 -0.9914 -0.0208
vn 0.1312 -0.9906 -0.0379
vn 0.1578 -0.9860 -0.0538
vn 0.1142 -0.9880 0.1041
vn 0.0191 -0.9676 -0.2519
vn 0.0151 -0.9612 -0.2756
vn 0.0397 -0.9851 -0.1676
vn 0.0442 -0.9884 -0.1452
vn -0.3053 0.7088 -0.6360
vn -0.3013 0.8391 -0.4529
vn 0.2807 -0.8164 0.5046
vn -0.0088 -0.8030 0.5959
vn -0.1774 -0.7070 0.6846
vn -0.1966 -0.6788 0.7075
vn 0.5388 -0.6872 0.4872
vn 0.6513 -0.5774 0.4924
vn 0.1759 -0.9838 0.0354
vn -0.2493 0.9607 -0.1223
vn -0.1654 0.9847 -0.0552
vn -0.2776 0.9359 -0.2169
vn -0.2945 0.9237 -0.2450
vn -0.2754 0.9472 -0.1642
vn -0.2812 0.9503 -0.1339
vn -0.2526 0.9467 -0.1997
vn -0.2599 0.9347 -0.2423
vn -0.3102 0.8270 -0.4689
vn 0.1686 0.8141 -0.5557
vn 0.5297 0.6944 -0.4871
vn 0.1787 0.2943 -0.9389
vn 0.0053 0.3957 -0.9184
vn -0.1051 0.9808 -0.1641
vn 0.1676 0.2190 -0.9612
vn -0.0082 0.9991 0.0428
vn 0.3515 0.8558 -0.3796
vn 0.5509 0.6891 -0.4707
vn 0.0644 0.9978 -0.0147
vn 0.2166 0.7967 -0.5642
vn 0.7308 0.5814 -0.3576
vn 0.7945 0.5951 -0.1207
vn 0.8557 0.3498 -0.3814
vn 0.3861 0.6232 -0.6801
vn 0.9811 0.0789 0.1768
vn 0.9048 -0.3238 -0.2766
vn 0.9201 0.3779 -0.1027
vn 0.8498 -0.0596 -0.5238
vn 0.8548 -0.3929 -0.3389
vn 0.6605 0.4194 0.6227
vn 0.8055 -0.1396 -0.5759
vn 0.6130 0.7083 0.3500
vn 0.9839 0.1400 0.1109
vn 0.9709 0.2392 0.0149
vn 0.7294 0.3946 0.5588
vn 0.6767 0.6739 0.2966
vn -0.3449 0.9386 -0.0080
vn -0.2829 0.1629 -0.9452
vn -0.0270 0.7964 -0.6041
vn -0.3017 0.7947 -0.5267
vn -0.2467 0.2803 -0.9277
vn 0.7507 0.5616 -0.3480
vn 0.7192 -0.4255 0.5493
vn 0.7487 0.1076 0.6541
vn 0.9466 -0.2625 0.1871
vn 0.8606 -0.2641 0.4354
vn 0.6334 -0.5059 0.5855
vn 0.6357 -0.5065 0.5826
vn 0.7824 -0.3626 0.5063
vn 0.6478 -0.5227 0.5542
vn 0.5409 -0.5774 0.6116
vn 0.5239 -0.5848 0.6193
vn 0.9110 -0.1488 -0.3847
vn 0.7929 0.4984 0.3507
vn 0.0122 0.8170 -0.5765
vn -0.6755 0.4379 -0.5933
vn -0.6439 0.6290 -0.4356
vn -0.5191 0.8270 0.2159
vn -0.0552 0.3544 -0.9334
vn -0.4746 0.7071 -0.5243
vn -0.4429 0.7267 -0.5252
vn -0.4406 0.7333 -0.5179
vn -0.7877 0.5175 -0.3343
vn 0.9237 -0.1312 -0.3599
vn 0.7927 0.4855 0.3686
vn 0.9241 -0.1319 0.3586
vn 0.7082 0.5685 -0.4186
vn 0.7981 0.5280 -0.2905
vn 0.5640 0.6596 -0.4969
vn 0.5503 0.6659 -0.5037
vn 0.5649 0.6591 -0.4964
vn -0.4478 0.5277 0.7218
vn -0.9061 0.4228 0.0163
vn -0.6532 -0.6552 0.3795
vn -0.8637 -0.4626 0.2002
vn -0.6580 -0.6517 0.3773
vn 0.0798 -0.7788 0.6221
vn 0.3030 -0.7036 0.6427
vn 0.4322 -0.6605 0.6139
vn 0.2945 -0.7060 0.6441
vn -0.2366 -0.7741 0.5872
vn -0.3300 -0.7672 0.5501
vn -0.3540 -0.7735 0.5257
vn -0.9516 0.2416 -0.1900
vn -0.9287 0.3148 -0.1961
vn -0.7699 0.5054 -0.3896
vn -0.9868 0.0838 -0.1386
vn -0.8503 0.3703 -0.3741
vn -0.9330 0.2295 -0.2771
vn -0.9758 -0.2165 0.0291
vn -0.9844 -0.1748 -0.0181
vn -0.9582 0.1681 -0.2317
vn -0.8768 -0.4375 0.1994
vn 0.3775 0.8882 0.2620
vn 0.4549 0.8769 0.1551
vn 0.4457 0.8746 0.1908
vn 0.4372 0.8730 0.2160
vn 0.4365 0.8731 0.2171
vn 0.4373 0.8737 0.2132
vn 0.4602 0.8711 0.1714
vn 0.2934 -0.3747 -0.8795
vn 0.2603 -0.5384 -0.8015
vn 0.3695 -0.5114 -0.7758
vn 0.3403 -0.5256 -0.7797
vn 0.2815 -0.5898 -0.7569
vn 0.1417 -0.6395 -0.7556
vn 0.2087 -0.6364 -0.7426
vn 0.2158 -0.6235 -0.7515
vn 0.2010 -0.6040 -0.7712
vn 0.4079 -0.4777 -0.7781
vn 0.1563 -0.7253 -0.6705
vn 0.4212 -0.4573 -0.7832
vn 0.3537 -0.5452 -0.7600
vn 0.3397 -0.5626 -0.7537
vn 0.3535 0.8748 0.3312
vn 0.2174 0.8350 0.5055
vn -0.2340 -0.8600 -0.4535
vn -0.0517 -0.9702 -0.2369
vn 0.0095 -0.9994 -0.0346
vn 0.0048 -1.0000 0.0062
vn -0.4723 -0.7108 -0.5213
vn -0.5989 -0.6183 -0.5089
vn 0.1404 -0.6621 -0.7361
vn -0.1390 0.6787 0.7211
vn -0.0300 0.6939 0.7194
vn 0.0486 0.7385 0.6724
vn 0.0802 0.7469 0.6600
vn 0.0165 0.7095 0.7045
vn 0.0048 0.6890 0.7248
vn 0.0164 0.7386 0.6740
vn 0.0476 0.7591 0.6492
vn 0.2364 0.8363 0.4946
vn -0.6029 -0.0247 -0.7974
vn -0.5475 -0.2579 -0.7961
vn 0.6029 0.0247 0.7974
vn 0.5475 0.2579 0.7961
vn 0.6152 -0.0989 0.7821
vn -0.7289 -0.4493 0.5165
vn -0.4132 -0.8854 0.2130
vn -0.4132 -0.8854 0.2131
vn 0.0604 -0.9833 -0.1718
vn 0.7662 -0.1584 -0.6227
vn 0.7289 0.4493 -0.5165
vn 0.4132 0.8854 -0.2131
vn -0.5109 0.7056 0.4911
vn -0.3918 -0.0737 -0.9171
vn -0.3737 -0.3555 -0.8567
vn 0.3918 0.0737 0.9171
vn 0.3737 0.3555 0.8567
vn 0.3901 -0.0377 0.9200
vn -0.8872 -0.2826 0.3646
vn -0.5731 -0.7920 0.2106
vn -0.6530 -0.7157 0.2476
vn -0.0400 -0.9989 -0.0239
vn 0.8625 -0.3348 -0.3794
vn 0.8872 0.2826 -0.3646
vn 0.9099 0.1692 -0.3789
vn 0.5731 0.7920 -0.2106
vn -0.5084 0.8243 0.2493
vn -0.8461 0.2617 -0.4643
vn -0.9536 0.2477 0.1709
vn -0.7938 0.3035 -0.5271
vn -0.8191 0.4509 -0.3547
vn 0.7694 -0.0955 0.6316
vn 0.4193 0.0455 0.9067
vn 0.5416 -0.1228 0.8316
vn -0.2415 -0.0847 0.9667
vn 0.7296 0.0377 0.6828
vn 0.8575 -0.0505 0.5120
vn 0.8738 -0.0585 0.4827
vn 0.8649 -0.0306 0.5010
vn 0.8450 -0.0482 0.5326
vn 0.7176 -0.1402 0.6822
vn 0.7158 -0.1396 0.6843
vn 0.9568 0.2848 -0.0587
vn 0.9673 0.2534 -0.0004
vn 0.6195 0.5225 -0.5858
vn 0.6218 0.5218 -0.5840
vn -0.0032 0.9378 0.3471
vn -0.0024 0.9313 0.3642
vn -0.0041 0.9339 0.3576
vn -0.0333 0.9316 0.3620
vn -0.0105 0.9358 0.3524
vn -0.0032 0.5726 -0.8198
vn -0.0627 0.5665 -0.8217
vn -0.5784 0.4231 -0.6975
vn -0.5785 0.4326 -0.6915
vn -0.7593 0.4444 -0.4754
vn -0.7810 0.6158 0.1037
vn -0.7360 0.3562 0.5757
vn -0.0649 0.3902 0.9184
vn -0.4572 0.0883 0.8850
vn -0.6303 -0.1914 0.7524
vn -0.6553 -0.1933 0.7302
vn -0.4273 -0.8943 0.1330
vn -0.4120 -0.9059 0.0983
vn -0.4276 -0.8987 0.0976
vn -0.4470 -0.8923 0.0637
vn -0.4327 -0.8991 0.0666
vn -0.7015 0.2516 -0.6668
vn -0.7474 0.2416 -0.6189
vn -0.0995 0.2981 -0.9493
vn 0.5996 0.2585 -0.7574
vn 0.5508 0.2651 -0.7915
vn -0.0965 0.2981 -0.9496
vn 0.9289 0.1744 -0.3268
vn 0.9213 0.1764 -0.3464
vn -0.3515 0.6874 0.6356
vn 0.0456 0.4271 0.9031
vn 0.0667 0.4091 0.9100
vn 0.6327 -0.2316 0.7390
vn 0.6340 -0.2361 0.7365
vn 0.6330 -0.2328 0.7383
vn 0.4842 -0.0177 0.8748
vn 0.3310 0.1553 0.9308
vn -0.5317 0.7460 0.4009
vn -0.6334 0.7479 0.1986
vn -0.6638 0.7383 0.1196
vn -0.7353 0.6395 -0.2243
vn -0.7374 0.6159 -0.2773
vn 0.3483 -0.6465 -0.6788
vn -0.1435 -0.2926 -0.9454
vn 0.1520 -0.5314 -0.8334
vn 0.1527 -0.5321 -0.8328
vn 0.9020 0.4038 -0.1528
vn 0.9349 0.3517 -0.0480
vn 0.8861 0.4634 -0.0095
vn 0.9119 0.4103 -0.0042
vn 0.8681 0.4959 0.0203
vn 0.8867 0.4612 0.0320
vn 0.9211 0.3890 0.0173
vn 0.9357 0.3258 0.1357
vn 0.9390 0.3420 0.0367
vn 0.0063 -0.9999 -0.0113
vn 0.0546 -0.9439 -0.3257
vn 0.1343 -0.9295 -0.3434
vn 0.0346 -0.9488 -0.3139
vn -0.3348 -0.8022 -0.4943
vn 0.2881 -0.8960 -0.3379
vn -0.1551 -0.7609 -0.6301
vn 0.0257 -0.9277 -0.3724
vn -0.5594 0.6940 0.4532
vn -0.8351 0.5358 -0.1246
vn -0.5901 0.7844 0.1910
vn -0.8652 0.4437 -0.2336
vn -0.1023 0.9050 0.4129
vn 0.3594 0.4823 0.7989
vn 0.0744 0.7970 0.5993
vn 0.6178 0.3151 0.7205
vn -0.0593 0.8505 0.5226
vn -0.2217 0.5160 0.8274
vn -0.9179 -0.3683 0.1474
vn -0.8948 -0.4329 0.1090
vn -0.6314 -0.7621 -0.1433
vn -0.6858 -0.7205 -0.1022
vn -0.4752 -0.8466 -0.2397
vn -0.1600 -0.9088 -0.3853
vn 0.6489 -0.5556 -0.5199
vn 0.4576 -0.7169 -0.5260
vn 0.6439 -0.5621 -0.5191
vn 0.8149 -0.3306 -0.4760
vn 0.9411 0.0980 -0.3235
vn 0.9385 0.0636 -0.3393
vn 0.8929 0.4225 -0.1559
vn 0.8740 0.4691 -0.1269
vn 0.8951 -0.1492 -0.4201
vn 0.1888 0.9231 0.3351
vn -0.3264 0.8160 0.4771
vn -0.3516 0.8032 0.4810
vn -0.9137 0.1379 0.3823
vn -0.9127 0.1431 0.3828
vn -0.9130 0.1417 0.3827
vn -0.7937 0.4010 0.4575
vn -0.6459 0.5840 0.4916
vn 0.4572 0.8640 0.2108
vn 0.6312 0.7690 0.1014
vn 0.6888 0.7226 0.0591
vn -0.9473 -0.2310 0.2220
vn -0.4697 0.8645 0.1791
vn -0.8039 0.5176 0.2929
vn 0.4512 0.1768 0.8747
vn 0.6704 0.0973 0.7356
vn -0.2552 0.2651 0.9298
vn -0.9046 0.2591 0.3384
vn -0.9148 0.2625 -0.3070
vn -0.8323 0.2361 -0.5016
vn 0.0061 0.9455 0.3257
vn 0.0100 0.9434 0.3314
vn 0.0221 0.9429 0.3324
vn -0.0076 0.9347 0.3553
vn 0.0032 -0.9378 -0.3471
vn -0.3621 0.6750 0.6428
vn -0.8261 0.3355 0.4528
vn -0.3932 0.1656 0.9044
vn -0.0794 0.3782 0.9223
vn 0.3686 0.5023 0.7822
vn 0.6875 0.2836 0.6685
vn 0.9464 0.3166 0.0646
vn 0.7061 0.6126 0.3551
vn 0.7779 0.1752 0.6035
vn 0.9820 0.1726 -0.0770
vn -0.3626 0.9145 0.1795
vn -0.2911 0.9210 0.2589
vn 0.3716 0.8895 0.2659
vn 0.4022 0.8868 0.2275
vn -0.2515 0.8497 0.4635
vn 0.2817 0.8642 0.4169
vn -0.8770 0.1928 0.4400
vn -0.7737 0.4927 0.3984
vn -0.8735 0.4490 0.1879
vn -0.9563 0.1956 0.2172
vn -0.3235 0.2636 0.9088
vn -0.2926 0.5147 0.8059
vn 0.5476 0.2585 0.7958
vn 0.4909 0.5171 0.7012
vn 0.9255 0.2630 0.2725
vn 0.8224 0.5161 0.2392
vn 0.9700 0.2325 0.0709
vn 0.8602 0.4946 0.1245
vn 0.0022 -0.9999 -0.0142
vn 0.0023 -0.9999 -0.0142
vn -0.9847 0.1114 0.1337
vn -0.5486 0.0705 0.8331
vn -0.9596 0.2615 0.1039
vn -0.9899 0.1222 -0.0721
vn -0.9895 0.1089 -0.0954
vn -0.9894 0.1354 -0.0531
vn -0.9855 0.1416 -0.0938
vn -0.9821 0.0985 0.1604
vn -0.9816 0.0997 0.1629
vn -0.0133 0.9995 0.0288
vn -0.0022 0.9999 0.0142
vn -0.0079 0.9997 0.0240
vn 0.0133 0.9989 0.0445
vn 0.0005 0.9997 0.0230
vn 0.0030 0.9999 -0.0098
vn -0.0037 1.0000 -0.0070
vn -0.0143 0.9998 -0.0129
vn -0.0036 0.9997 0.0239
vn 0.9645 0.2573 -0.0597
vn 0.1011 -0.8787 -0.4665
vn -0.7417 0.2506 -0.6222
vn -0.6590 0.2451 -0.7111
vn -0.7276 0.3238 -0.6048
vn -0.6918 0.3682 -0.6211
vn -0.6816 0.4118 -0.6048
vn -0.7099 0.3868 -0.5886
vn -0.7489 0.3156 -0.5828
vn -0.8231 0.3188 -0.4700
vn -0.7821 0.2838 -0.5548
vn -0.7875 0.1866 -0.5874
vn -0.7587 0.2407 -0.6053
vn -0.7576 0.2163 -0.6158
vn 0.1453 -0.7245 0.6738
vn 0.0765 -0.7510 0.6558
vn 0.1173 -0.7054 0.6991
vn 0.0895 -0.6879 0.7202
vn 0.0820 -0.6759 0.7325
vn 0.1112 -0.6790 0.7257
vn 0.1469 -0.6967 0.7021
vn 0.9619 0.2713 -0.0342
vn 0.9427 0.3321 -0.0330
vn 0.9473 0.3159 -0.0536
vn -0.3417 -0.9345 0.0996
vn -0.3992 -0.9063 0.1385
vn -0.3848 -0.9063 0.1747
vn -0.3840 -0.9029 0.1932
vn -0.4068 -0.8967 0.1745
vn -0.5073 -0.8501 0.1414
vn -0.4584 -0.8809 0.1182
vn -0.4543 -0.8887 0.0623
vn 0.2234 -0.6515 0.7250
vn 0.1834 -0.6913 0.6989
vn 0.2011 -0.7259 0.6577
vn 0.1933 -0.7285 0.6572
vn 0.1609 -0.7180 0.6772
vn 0.1780 -0.7335 0.6560
vn 0.7608 -0.6041 0.2370
vn 0.7493 -0.4905 0.4450
vn 0.7617 -0.5701 0.3078
vn 0.6524 -0.7230 -0.2273
vn 0.6808 -0.7164 -0.1529
vn 0.5602 -0.7214 -0.4071
vn -0.3218 -0.1171 -0.9395
vn -0.3174 -0.1242 -0.9401
vn -0.4970 0.0915 -0.8629
vn -0.6824 0.3966 -0.6140
vn -0.6931 0.4198 -0.5860
vn -0.5999 0.2397 -0.7633
vn 0.8489 0.5117 -0.1322
vn 0.4175 0.2070 -0.8848
vn 0.2564 0.7720 -0.5816
vn -0.8489 -0.5119 0.1320
vn -0.4245 -0.8370 0.3452
vn -0.9441 0.1679 -0.2835
vn -0.6682 0.3463 -0.6585
vn 0.2072 0.8620 -0.4627
vn 0.9862 -0.0300 0.1630
vn -0.8489 -0.5118 0.1319
vn 0.2099 0.9208 -0.3288
vn 0.9945 -0.0570 0.0879
vn 0.1864 0.9650 -0.1843
vn -0.4404 -0.8657 0.2382
vn -0.9620 0.2729 -0.0056
vn -0.8366 0.4630 -0.2927
vn -0.3026 -0.9524 0.0380
vn -0.9441 0.2771 0.1785
vn 0.9931 0.0236 -0.1150
vn 0.6751 0.1873 0.7136
vn -0.7380 -0.4891 -0.4650
vn -0.8396 -0.4191 -0.3456
vn -0.8573 -0.4147 -0.3051
vn 0.1171 -0.9189 -0.3766
vn -0.4427 -0.8012 -0.4026
vn -0.3649 -0.6170 -0.6972
vn 0.2854 -0.8248 0.4881
vn -0.1782 -0.9708 -0.1608
vn 0.1651 -0.9851 -0.0487
vn 0.0077 -0.8005 0.5993
vn 0.4312 -0.5262 0.7329
vn 0.2288 -0.1304 0.9647
vn 0.1645 -0.7949 0.5840
vn -0.5290 -0.4838 0.6972
vn 0.2472 -0.8523 0.4609
vn 0.2176 -0.1372 0.9664
vn 0.2176 -0.1372 0.9663
vn -0.7487 -0.5276 0.4013
vn -0.8490 -0.5116 0.1319
vn -0.7268 -0.6840 -0.0634
vn -0.1725 -0.8454 -0.5054
vn -0.4268 -0.0347 -0.9037
vn 0.3055 -0.6792 -0.6674
vn -0.5257 -0.8067 -0.2698
vn 0.1041 -0.7779 -0.6197
vn 0.3055 -0.6792 -0.6673
vn 0.5948 -0.8006 -0.0720
vn 0.1078 -0.9647 -0.2401
vn 0.6427 -0.7061 -0.2972
vn 0.8359 -0.5450 0.0648
vn 0.8845 -0.4469 -0.1337
vn 0.0972 -0.9893 -0.1084
vn 0.0272 -0.8650 0.5010
vn -0.4587 -0.8147 0.3549
vn -0.4520 -0.8850 -0.1115
vn -0.4873 0.0399 -0.8723
vn 0.0756 0.2152 -0.9736
vn 0.0784 0.1904 -0.9786
vn -0.1827 0.1980 -0.9630
vn -0.3336 -0.1984 -0.9216
vn -0.6349 -0.3509 -0.6883
vn 0.1077 -0.1379 -0.9846
vn -0.1086 0.9621 0.2502
vn 0.1086 -0.9621 -0.2502
vn 0.9916 0.0869 0.0963
vn 0.8839 -0.0217 0.4672
vn 0.8251 -0.0531 0.5624
vn 0.1296 -0.6457 -0.7525
vn -0.7485 -0.6149 0.2483
vn -0.7263 -0.6819 -0.0869
vn -0.4231 -0.8898 -0.1708
vn 0.4378 -0.1797 0.8809
vn 0.6686 -0.1156 0.7346
vn 0.5530 -0.1507 0.8194
vn 0.1725 -0.2296 0.9579
vn -0.5603 -0.2671 0.7840
vn -0.3100 -0.2719 0.9110
vn -0.7664 -0.2413 0.5953
vn -0.8956 -0.2039 0.3954
vn 0.9499 -0.2612 -0.1717
vn 0.9585 -0.2545 -0.1286
vn 0.9029 -0.3937 0.1723
vn -0.7456 -0.6603 -0.0901
vn -0.5276 0.8062 -0.2676
vn -0.4985 0.8584 0.1210
vn -0.4764 0.8492 0.2278
vn -0.4312 0.5261 -0.7330
vn -0.4312 0.5261 -0.7329
vn -0.3235 -0.8852 0.3344
vn -0.9808 0.1221 -0.1522
vn -0.7898 -0.1090 0.6036
vn -0.9502 0.0216 -0.3108
vn -0.2998 -0.5003 0.8123
vn -0.0134 0.0004 0.9999
vn -0.6863 -0.6766 0.2669
vn -0.2942 0.1629 0.9417
vn -0.2248 0.1226 0.9667
vn 0.0634 -0.7983 0.5990
vn 0.8646 0.2949 0.4068
vn -0.1873 -0.8024 0.5666
vn 0.5987 -0.3510 0.7200
vn -0.0957 -0.3965 0.9130
vn 0.1922 -0.9785 0.0749
vn -0.9322 -0.0392 -0.3598
vn -0.7430 -0.6542 0.1414
vn -0.6191 -0.4845 0.6180
vn -0.7784 -0.2811 0.5614
vn -0.6612 -0.7356 0.1474
vn -0.8285 -0.2915 -0.4782
vn -0.4997 -0.8662 -0.0063
vn 0.1210 -0.6194 0.7757
vn 0.0451 -0.9307 0.3630
vn 0.0687 -0.5421 0.8375
vn 0.5987 -0.3509 0.7200
vn -0.5987 0.3507 -0.7201
vn 0.1651 0.3744 -0.9125
vn -0.4744 0.6277 -0.6172
vn 0.5989 -0.3508 0.7199
vn 0.9126 0.2663 0.3102
vn 0.1026 0.7408 -0.6638
vn -0.0754 0.7592 -0.6464
vn -0.4813 0.2716 0.8334
vn 0.0750 0.6675 0.7408
vn -0.6260 0.3561 0.6938
vn 0.0876 -0.0578 0.9945
vn 0.4312 -0.5261 0.7329
vn 0.5288 -0.5984 0.6019
vn 0.6184 -0.7807 0.0901
vn 0.4461 -0.6542 0.6108
vn 0.5457 -0.8377 0.0208
vn 0.4764 -0.8492 -0.2278
vn 0.7441 -0.4627 -0.4819
vn 0.6129 -0.7101 -0.3465
vn 0.4174 -0.8165 0.3988
vn -0.1332 -0.9302 -0.3421
vn 0.0522 0.3383 -0.9396
vn 0.7945 0.3744 -0.4782
vn 0.9980 -0.0322 0.0536
vn 0.7979 0.1830 -0.5743
vn 0.7736 0.4862 -0.4064
vn 0.9618 0.1441 0.2326
vn -0.0270 0.6285 -0.7773
vn 0.5988 -0.3510 0.7199
vn -0.1073 0.9500 0.2932
vn -0.0290 0.5902 0.8068
vn -0.1090 0.5856 0.8033
vn 0.1069 -0.9501 -0.2932
vn 0.1070 -0.9500 -0.2932
vn 0.0220 -0.9678 0.2508
vn 0.2490 -0.4135 -0.8758
vn 0.0204 -0.1501 -0.9885
vn -0.3080 -0.6052 0.7341
vn 0.4187 -0.4242 -0.8030
vn 0.1070 -0.9500 -0.2934
vn -0.2721 0.6732 0.6876
vn 0.2617 -0.5726 0.7769
vn 0.7814 -0.4922 0.3835
vn 0.1776 -0.2718 0.9458
vn 0.8173 -0.0837 0.5701
vn -0.3885 -0.6282 0.6741
vn 0.1535 0.5406 0.8272
vn -0.3227 0.2936 0.8998
vn -0.2728 -0.2015 0.9407
vn 0.1418 -0.5040 0.8520
vn 0.2827 -0.2891 0.9146
vn 0.1067 -0.5124 0.8521
vn -0.3429 -0.2818 0.8961
vn -0.5661 -0.3008 0.7675
vn -0.4115 -0.5323 0.7398
vn -0.7836 -0.5079 0.3577
vn -0.3778 -0.4874 0.7872
vn 0.2986 -0.4277 0.8531
vn -0.0463 -0.4566 0.8885
vn -0.0429 -0.4805 0.8759
vn 0.3482 -0.4656 0.8136
vn 0.5159 -0.7293 0.4495
vn 0.7821 -0.4803 0.3971
vn 0.6106 -0.7919 -0.0084
vn 0.7765 -0.3703 0.5098
vn 0.6304 0.1386 -0.7638
vn 0.3264 0.2427 -0.9135
vn -0.2448 0.9406 -0.2354
vn 0.1281 -0.9508 0.2821
vn 0.1069 -0.9501 -0.2931
vn -0.0809 -0.6313 -0.7713
vn -0.4399 0.2191 -0.8709
vn 0.5869 -0.8008 0.1191
vn 0.8187 -0.0962 0.5662
vn 0.5790 -0.8138 0.0505
vn 0.1070 -0.9501 -0.2931
vn -0.5547 -0.8289 0.0717
vn 0.3124 -0.8644 0.3940
vn -0.8916 -0.2224 0.3944
vn -0.6899 -0.7033 0.1715
vn -0.7394 -0.6387 0.2128
vn -0.2697 -0.9255 0.2660
vn -0.1620 0.2743 -0.9479
vn -0.2921 0.2518 -0.9226
vn 0.4399 -0.2191 0.8709
vn 0.0355 0.2984 -0.9538
vn -0.0290 0.2918 -0.9560
vn 0.0997 0.3037 -0.9475
vn 0.2398 0.3109 -0.9197
vn 0.4734 0.3081 -0.8252
vn 0.5661 0.3008 -0.7675
vn 0.5662 0.3008 -0.7674
vn 0.5368 0.2686 -0.7998
vn 0.8830 0.2089 -0.4202
vn -0.1269 0.4975 0.8581
vn -0.9916 -0.0869 -0.0963
vn 0.5920 -0.5332 -0.6043
vn 0.5325 -0.1225 -0.8375
vn 0.8864 -0.3462 -0.3074
vn 0.8056 -0.2243 -0.5484
vn -0.9728 -0.1547 0.1726
vn -0.9845 -0.0693 -0.1608
vn -0.8091 0.0607 -0.5845
vn -0.4124 0.1854 -0.8919
vn -0.1725 0.2296 -0.9579
vn 0.3100 0.2719 -0.9110
vn 0.8370 -0.0473 0.5452
vn -0.7020 -0.4443 -0.5566
vn -0.8549 -0.5164 -0.0489
vn -0.8371 -0.5471 0.0030
vn -0.8738 -0.4863 0.0067
vn -0.8589 -0.5100 -0.0471
vn 0.9273 -0.3522 0.1266
vn 0.9272 -0.3273 0.1819
vn 0.9249 -0.3594 0.1242
vn 0.4997 0.8662 0.0063
vn 0.4997 0.8662 0.0062
vn 0.7898 0.1090 -0.6036
vn -0.0709 -0.2585 0.9634
vn 0.4546 -0.6612 -0.5967
vn 0.3745 -0.8189 -0.4350
vn -0.4546 0.6612 0.5967
vn -0.3745 0.8189 0.4350
vn -0.4831 0.5637 0.6699
vn -0.4831 0.5638 0.6699
vn 0.7499 -0.1284 0.6489
vn 0.3411 -0.5835 0.7370
vn 0.7499 -0.1285 0.6489
vn -0.1980 -0.8156 0.5436
vn -0.8724 -0.3756 -0.3129
vn -0.7499 0.1285 -0.6489
vn -0.7500 0.1284 -0.6489
vn -0.8723 -0.3756 -0.3129
vn -0.3411 0.5835 -0.7370
vn 0.6615 0.7362 -0.1426
vn 0.2224 -0.7344 -0.6412
vn 0.1832 -0.8958 -0.4050
vn 0.1831 -0.8958 -0.4050
vn -0.2224 0.7344 0.6412
vn -0.1832 0.8958 0.4050
vn -0.1831 0.8958 0.4050
vn -0.2327 0.6551 0.7188
vn 0.8983 -0.1384 0.4169
vn 0.6008 -0.4844 0.6359
vn 0.5077 -0.5485 0.6643
vn -0.0768 -0.7492 0.6579
vn -0.9458 -0.3246 -0.0103
vn -0.8983 0.1384 -0.4170
vn -0.8984 0.1384 -0.4169
vn -0.5078 0.5485 -0.6643
vn 0.6320 0.6636 -0.4003
vn -0.1581 -0.9765 -0.1462
vn -0.4007 -0.9088 0.1159
vn 0.1539 -0.9005 -0.4067
vn 0.1054 -0.9050 -0.4122
vn -0.1320 -0.9894 -0.0602
vn -0.4588 -0.7841 0.4179
vn -0.4504 -0.7868 0.4220
vn -0.4817 -0.7895 0.3804
vn -0.0155 0.8408 -0.5411
vn 0.1992 0.6157 -0.7624
vn 0.0150 0.6143 -0.7889
vn 0.1637 0.8433 -0.5119
vn 0.2603 0.1967 -0.9453
vn 0.1113 0.2368 -0.9652
vn 0.3388 -0.2426 -0.9090
vn 0.1482 -0.2107 -0.9663
vn 0.2433 -0.1319 -0.9609
vn -0.8153 -0.0631 -0.5756
vn -0.9620 0.1189 -0.2458
vn -0.9390 0.1898 -0.2868
vn -0.8879 -0.0659 -0.4553
vn -0.7332 -0.2871 -0.6164
vn -0.7274 -0.2834 -0.6250
vn -0.1016 -0.2595 -0.9604
vn 0.0514 -0.4507 -0.8912
vn -0.1728 -0.3594 -0.9170
vn -0.4030 0.7345 -0.5460
vn -0.3469 0.5098 -0.7872
vn -0.2111 0.1474 -0.9663
vn -0.7156 0.5311 -0.4537
vn -0.6239 0.2897 -0.7258
vn -0.4259 -0.0321 -0.9042
vn -0.8785 0.3207 -0.3541
vn -0.7604 0.0806 -0.6444
vn -0.5240 -0.1827 -0.8319
vn 0.8785 -0.3698 0.3024
vn 0.7966 -0.4358 0.4190
vn 0.8922 -0.1567 0.4236
vn 0.9215 -0.2327 0.3111
vn 0.9534 -0.1620 0.2547
vn 0.7484 -0.3074 0.5877
vn -0.4014 0.6924 0.5995
vn -0.2535 0.7186 0.6476
vn -0.3093 0.7645 0.5656
vn -0.0711 0.6467 0.7595
vn -0.1475 0.3992 0.9049
vn -0.1274 0.4743 0.8711
vn -0.0939 -0.8519 0.5152
vn -0.2022 -0.8465 0.4924
vn -0.0620 -0.8481 0.5261
vn -0.1827 -0.8457 0.5015
vn -0.3121 -0.8319 0.4588
vn -0.3254 -0.8280 0.4566
vn -0.3144 -0.8312 0.4585
vn -0.3273 -0.8274 0.4563
vn -0.2446 -0.8366 0.4902
vn 0.7457 -0.4863 0.4554
vn 0.6712 -0.5654 0.4794
vn -0.1798 0.2799 0.9430
vn -0.1809 0.2807 0.9426
vn 0.2416 0.8956 -0.3736
vn 0.2419 0.8954 -0.3739
vn 0.2423 0.8951 -0.3742
vn 0.2412 0.8958 -0.3733
vn 0.9532 -0.1482 0.2635
vn 0.9532 -0.1471 0.2641
vn 0.9545 -0.1429 0.2616
vn 0.9529 -0.1487 0.2643
vn 0.9525 -0.1499 0.2650
vn 0.9527 -0.1495 0.2646
vn 0.9527 -0.1496 0.2646
vn 0.9531 -0.1481 0.2639
vn 0.9532 -0.1480 0.2637
vn 0.9532 -0.1479 0.2637
vn 0.9531 -0.1480 0.2638
vn -0.1427 0.5238 0.8398
vn -0.1515 0.5193 0.8411
vn -0.1325 0.5289 0.8383
vn 0.9329 -0.3039 0.1931
vn 0.3178 -0.3514 -0.8806
vn -0.9288 0.3609 0.0840
vn -0.9764 0.2095 -0.0529
vn -0.8994 0.2971 0.3205
vn -0.8936 0.3117 0.3228
vn -0.2786 0.5662 0.7757
vn -0.1979 0.6182 0.7607
vn -0.4468 0.5876 0.6746
vn -0.0719 0.9717 -0.2250
vn -0.4516 0.8671 -0.2103
vn -0.0981 0.9652 0.2425
vn -0.4338 0.8710 0.2308
vn -0.1341 0.7659 0.6289
vn -0.7391 0.6643 -0.1115
vn -0.6486 0.7063 0.2835
vn -0.8698 0.4933 -0.0111
vn -0.7270 0.5738 0.3771
vn -0.7436 0.5422 0.3913
vn -0.5372 0.5636 0.6275
vn -0.2889 0.5568 0.7788
vn -0.2839 0.5411 0.7916
vn -0.5594 -0.2106 -0.8017
vn -0.4048 -0.3117 -0.8596
vn 0.0301 -0.4964 -0.8675
vn 0.0303 -0.4969 -0.8673
vn -0.8852 0.3320 0.3259
vn -0.3357 -0.3368 0.8797
vn -0.2935 -0.2572 0.9207
vn -0.5008 -0.5808 0.6418
vn 0.3968 -0.5238 0.7538
vn 0.6936 -0.4028 0.5973
vn 0.7549 -0.3606 0.5478
vn 0.7561 -0.2840 0.5897
vn 0.9070 -0.0754 0.4144
vn 0.9153 -0.0523 0.3993
vn 0.2786 -0.6148 0.7379
vn 0.4484 -0.5336 0.7171
vn 0.8980 -0.0981 0.4290
vn -0.0154 0.7563 0.6540
vn -0.2964 -0.7175 0.6304
vn -0.0747 -0.0103 0.9971
vn -0.0536 -0.0083 0.9985
vn -0.4787 -0.7593 0.4408
vn -0.4902 -0.7567 0.4325
vn 0.1077 0.9761 -0.1889
vn 0.1170 0.9930 -0.0166
vn -0.0309 0.7915 0.6103
vn -0.7703 0.4105 -0.4879
vn -0.7826 0.3964 -0.4800
vn -0.7679 0.4119 -0.4906
vn -0.7719 0.3947 -0.4985
vn 0.9779 0.0041 0.2089
vn 0.9269 0.3578 -0.1130
vn 0.9200 0.3830 -0.0828
vn -0.5168 -0.8334 0.1959
vn -0.5804 -0.8038 0.1309
vn -0.3878 -0.9175 -0.0887
vn -0.3902 -0.9178 -0.0738
vn -0.2537 0.5353 0.8056
vn -0.2478 0.5357 0.8072
vn -0.1957 0.5016 0.8427
vn 0.0633 -0.5763 0.8148
vn -0.1790 0.4970 0.8491
vn -0.1778 0.5037 0.8454
vn -0.1753 0.5165 0.8381
vn 0.6049 0.7948 0.0491
vn 0.5329 0.8461 0.0034
vn 0.5618 0.8099 0.1686
vn 0.4752 0.8744 0.0981
vn 0.1033 -0.6523 -0.7509
vn 0.1060 -0.6580 -0.7455
vn 0.1638 -0.6861 -0.7088
vn 0.2537 -0.6819 -0.6860
vn 0.2301 -0.6869 -0.6894
vn 0.1275 -0.7159 -0.6864
vn 0.0923 -0.7314 -0.6756
vn -0.7950 0.3831 -0.4704
vn -0.7965 0.3823 -0.4685
vn -0.7965 0.3799 -0.4705
vn -0.7970 0.3792 -0.4701
vn 0.8893 0.4492 -0.0857
vn 0.8913 0.4350 -0.1281
vn 0.9763 0.0320 0.2139
vn 0.9804 0.0394 0.1931
vn -0.5769 -0.7300 0.3664
vn -0.6295 -0.7014 0.3343
vn -0.5850 -0.7040 0.4027
vn -0.6381 -0.6757 0.3692
vn 0.7576 0.4713 -0.4516
vn 0.6928 0.5215 -0.4981
vn 0.7337 0.6112 -0.2968
vn 0.6706 0.6566 -0.3453
vn 0.6211 0.7618 -0.1839
vn 0.6835 0.7180 -0.1315
vn -0.7977 0.3784 -0.4695
vn -0.7923 0.3861 -0.4724
vn 0.9756 0.0037 0.2194
vn 0.9096 0.4078 -0.0799
vn -0.6054 -0.5286 0.5951
vn -0.6647 -0.4906 0.5634
vn -0.7954 0.3786 -0.4733
vn -0.7943 0.3810 -0.4732
vn -0.7954 0.3811 -0.4713
vn 0.9801 0.0278 0.1965
vn 0.9082 0.3973 -0.1313
vn -0.5930 -0.6750 0.4390
vn -0.6454 -0.6478 0.4048
vn 0.7529 0.3033 -0.5841
vn 0.6831 0.3522 -0.6398
vn -0.7918 0.3841 -0.4749
vn -0.7977 0.3782 -0.4697
vn 0.7645 0.2302 -0.6021
vn 0.6652 0.2664 -0.6975
vn 0.8639 0.3764 -0.3345
vn 0.8534 0.4907 -0.1758
vn 0.9466 0.2838 -0.1529
vn -0.8052 0.3690 -0.4642
vn 0.9199 0.3835 -0.0821
vn -0.5710 -0.2514 0.7815
vn -0.6363 -0.2024 0.7444
vn 0.7333 -0.4500 0.5097
vn 0.7366 -0.4467 0.5078
vn 0.7989 -0.3768 0.4687
vn 0.7989 -0.3768 0.4688
vn 0.6945 0.6994 0.1690
vn 0.6154 0.7228 0.3144
vn 0.8028 0.5961 -0.0155
vn 0.8259 0.1891 -0.5311
vn 0.7944 0.1367 -0.5918
vn -0.2815 -0.7929 0.5404
vn -0.2327 -0.7985 0.5552
vn -0.5658 -0.7104 0.4187
vn -0.6079 -0.6928 0.3880
vn -0.3620 -0.7795 0.5112
vn -0.5432 -0.7191 0.4333
vn -0.2816 -0.7932 0.5399
vn -0.5287 -0.7332 0.4278
vn -0.5521 -0.7226 0.4160
vn -0.2812 -0.7934 0.5398
vn -0.5686 -0.7114 0.4132
vn -0.2325 -0.7987 0.5550
vn -0.6083 -0.6918 0.3891
vn 0.8016 0.5969 0.0342
vn 0.8855 0.4636 0.0322
vn 0.9313 0.3600 -0.0552
vn 0.9203 0.1906 -0.3416
vn -0.4917 -0.7171 0.4940
vn -0.4508 -0.7267 0.5184
vn -0.3863 -0.7838 0.4863
vn -0.4046 -0.7917 0.4577
vn -0.4540 -0.7645 0.4577
vn -0.3725 -0.9242 -0.0843
vn -0.5265 -0.8028 0.2799
vn -0.5715 -0.6852 0.4516
vn -0.5637 -0.7141 0.4151
vn -0.5550 -0.7404 0.3791
vn -0.5859 -0.6015 0.5430
vn 0.4089 -0.6783 0.6105
vn 0.4257 -0.6702 0.6080
vn 0.4261 -0.6704 0.6075
vn 0.4259 -0.6709 0.6070
vn 0.1482 -0.7702 0.6203
vn 0.4108 -0.6784 0.6091
vn 0.0402 -0.5857 -0.8095
vn 0.0520 -0.5990 -0.7990
vn 0.0130 -0.6151 -0.7884
vn 0.0502 -0.6030 -0.7962
vn 0.5802 0.3843 -0.7181
vn 0.5446 0.2910 -0.7866
vn 0.6116 0.5580 -0.5609
vn 0.5941 0.7005 -0.3953
vn 0.5346 0.8144 -0.2257
vn -0.7667 0.4146 -0.4902
vn -0.7685 0.4139 -0.4879
vn -0.7583 0.4236 -0.4955
vn 0.4214 0.9062 -0.0339
vn 0.3516 0.9344 0.0570
vn -0.3125 0.5770 0.7546
vn -0.3148 0.5688 0.7599
vn -0.3199 0.5788 0.7501
vn -0.3213 0.6034 0.7298
vn -0.7297 -0.4028 0.5526
vn -0.6859 0.0217 0.7274
vn -0.6589 -0.6844 0.3122
vn -0.6691 -0.6567 0.3478
vn -0.6763 -0.6279 0.3851
vn -0.5852 -0.8094 0.0491
vn -0.5574 -0.8079 -0.1914
vn -0.4301 -0.8543 -0.2920
vn -0.7593 0.4227 -0.4947
vn -0.7588 0.4240 -0.4945
vn -0.7747 0.4057 -0.4850
vn -0.7747 0.4056 -0.4852
vn -0.7759 0.4090 -0.4803
vn -0.7747 0.4054 -0.4853
vn -0.7747 0.4053 -0.4853
vn -0.7794 0.4104 -0.4733
vn 0.6667 -0.5121 0.5415
vn -0.7586 0.4235 -0.4952
vn -0.7585 0.4230 -0.4957
vn -0.7565 0.4261 -0.4961
vn -0.7584 0.4239 -0.4951
vn -0.7563 0.4256 -0.4968
vn -0.8111 0.3614 -0.4598
vn -0.8053 0.3688 -0.4642
vn -0.8112 0.3614 -0.4598
vn 0.5386 0.3923 -0.7457
vn 0.4869 0.2914 -0.8234
vn 0.5827 0.5678 -0.5814
vn 0.5709 0.7121 -0.4087
vn 0.5111 0.8273 -0.2332
vn 0.3912 0.9194 -0.0406
vn 0.3052 0.9507 0.0551
vn -0.3699 0.5878 0.7195
vn -0.3758 0.5720 0.7291
vn -0.7574 -0.5910 0.2777
vn 0.2821 -0.6284 -0.7249
vn 0.2873 -0.6256 -0.7253
vn 0.3011 -0.6178 -0.7264
vn 0.3103 -0.6125 -0.7270
vn -0.5676 -0.7122 0.4131
vn -0.5676 -0.7121 0.4132
vn -0.0661 0.5513 0.8317
vn -0.0643 0.5558 0.8288
vn -0.0594 0.5681 0.8208
vn -0.0566 0.5750 0.8162
vn -0.0350 -0.5703 -0.8207
vn -0.0557 -0.5780 -0.8141
vn -0.3209 -0.9455 -0.0553
vn -0.3915 -0.8807 -0.2667
vn -0.5587 -0.6738 0.4836
vn -0.8331 -0.4674 0.2958
vn -0.9529 -0.2997 -0.0472
vn -0.8176 -0.5543 0.1556
vn -0.4091 -0.6725 -0.6168
vn 0.1258 -0.7531 -0.6458
vn 0.0981 -0.7599 -0.6426
vn 0.7465 0.5721 -0.3397
vn 0.9461 0.3119 -0.0879
vn 0.7519 0.5630 -0.3431
vn 0.9460 0.3032 -0.1147
vn -0.2423 0.6530 0.7175
vn -0.2179 0.6454 0.7321
vn -0.2208 0.6519 0.7254
vn -0.2153 0.6420 0.7358
vn -0.5162 -0.7202 -0.4636
vn -0.9723 -0.1367 0.1897
vn 0.0822 -0.7488 -0.6577
vn 0.9850 -0.1228 0.1210
vn 0.9806 -0.1695 0.0984
vn -0.2350 0.6423 0.7296
vn -0.2498 0.6474 0.7200
vn -0.5520 0.5829 -0.5963
vn -0.6356 -0.5601 0.5314
vn -0.6354 -0.5599 0.5319
vn -0.3468 -0.9319 0.1057
vn -0.4556 -0.8869 -0.0763
vn -0.4806 -0.6270 0.6131
vn -0.8126 -0.4298 0.3936
vn 0.0274 -0.8070 -0.5900
vn -0.0017 -0.7967 -0.6043
vn 0.8024 0.4531 -0.3884
vn 0.9760 0.1839 -0.1166
vn 0.8077 0.4416 -0.3905
vn 0.9729 0.1920 -0.1291
vn -0.1621 0.7358 0.6575
vn -0.1322 0.7111 0.6906
vn -0.1206 0.7202 0.6832
vn -0.1216 0.6947 0.7089
vn -0.5471 -0.6996 -0.4596
vn 0.3113 -0.4953 -0.8110
vn 0.3202 -0.5026 -0.8030
vn -0.1897 -0.7309 -0.6556
vn -0.2205 -0.6015 -0.7678
vn 0.8897 0.4049 0.2112
vn 0.9286 0.0471 0.3682
vn 0.8821 0.4276 0.1977
vn 0.9303 0.0427 0.3644
vn -0.4095 0.3183 0.8550
vn -0.4608 0.3666 0.8083
vn -0.4367 0.3394 0.8332
vn -0.4793 0.3751 0.7934
vn -0.5912 0.5785 -0.5620
vn -0.5424 -0.7458 0.3867
vn -0.5431 -0.7466 0.3841
vn -0.5428 -0.7463 0.3852
vn -0.5435 -0.7471 0.3828
vn -0.3429 -0.9174 -0.2019
vn -0.3433 -0.7929 -0.5034
vn -0.5869 -0.7325 0.3451
vn 0.1464 -0.6336 -0.7597
vn 0.1548 -0.6327 -0.7588
vn 0.7310 0.6368 -0.2452
vn 0.9296 0.3685 -0.0026
vn 0.7296 0.6390 -0.2437
vn 0.9227 0.3855 -0.0115
vn -0.2232 0.4822 0.8472
vn -0.2587 0.4922 0.8312
vn -0.2456 0.4802 0.8421
vn -0.2797 0.5057 0.8161
vn 0.1489 -0.6419 -0.7522
vn 0.9680 0.0387 0.2478
vn 0.9672 0.0429 0.2505
vn -0.3010 0.5276 0.7944
vn -0.3162 0.5333 0.7846
vn -0.5872 0.5649 -0.5798
vn -0.5966 -0.5590 0.5759
vn -0.5820 -0.5426 0.6056
vn -0.5884 -0.5497 0.5930
vn -0.5740 -0.5337 0.6211
vn -0.9846 -0.1639 0.0615
vn -0.0222 -0.7740 -0.6328
vn 0.9777 -0.0834 0.1926
vn 0.9778 -0.0753 0.1958
vn -0.1456 0.6906 0.7085
vn -0.1634 0.6992 0.6960
vn -0.7539 -0.3744 -0.5399
vn -0.6169 -0.7541 -0.2251
vn -0.1199 -0.2465 -0.9617
vn 0.9311 0.3463 0.1142
vn 0.9492 0.3098 -0.0550
vn 0.9689 -0.0888 -0.2308
vn 0.9357 -0.2770 -0.2182
vn 0.0299 0.3918 0.9196
vn 0.1257 0.2016 0.9714
vn 0.0515 0.3875 0.9204
vn 0.0879 0.3799 0.9208
vn -0.9375 -0.3336 0.0990
vn 0.0805 -0.7036 -0.7060
vn -0.4265 -0.7842 -0.4507
vn 0.9591 0.1471 -0.2420
vn 0.9596 0.1548 -0.2348
vn 0.9602 0.1652 -0.2251
vn 0.2323 -0.0601 0.9708
vn 0.1934 -0.0363 0.9805
vn 0.2778 -0.0881 0.9566
vn -0.9417 -0.3293 0.0694
vn -0.5493 0.6475 -0.5283
vn -0.5353 -0.8296 0.1586
vn -0.5331 -0.8250 0.1877
vn -0.5341 -0.8270 0.1758
vn -0.5317 -0.8222 0.2033
vn -0.2188 -0.8940 -0.3911
vn -0.5472 -0.8273 0.1269
vn -0.7647 -0.6420 -0.0559
vn 0.3092 -0.4785 -0.8219
vn 0.7274 0.6862 0.0082
vn 0.7250 0.6887 0.0099
vn -0.3758 0.2980 0.8775
vn -0.4068 0.3030 0.8618
vn -0.8961 -0.3782 -0.2323
vn 0.2889 -0.9514 -0.1063
vn 0.2783 -0.9564 -0.0887
vn -0.6190 0.7457 0.2466
vn -0.1641 0.5880 0.7920
vn -0.3992 0.9083 0.1251
vn 0.6711 -0.7244 -0.1574
vn 0.4340 -0.8024 -0.4096
vn 0.1075 -0.9934 -0.0400
vn 0.8650 0.4669 -0.1841
vn 0.8432 0.5343 -0.0593
vn -0.6628 0.7222 0.1979
vn -0.5211 0.8022 0.2916
vn -0.5474 0.7901 0.2758
vn -0.3705 0.8517 0.3706
vn -0.7258 -0.6745 0.1353
vn -0.7726 -0.5735 0.2723
vn 0.3317 0.9128 0.2381
vn 0.5088 0.3725 0.7761
vn 0.9603 0.2790 0.0049
vn 0.6090 0.6914 -0.3887
vn -0.0028 0.7253 0.6884
vn 0.0170 0.7973 -0.6033
vn -0.5476 0.6013 -0.5819
vn 0.5699 0.1116 -0.8141
vn 0.7710 -0.5095 -0.3821
vn 0.8864 -0.2490 0.3903
vn 0.3418 -0.4338 -0.8337
vn -0.1474 0.0612 -0.9872
vn -0.8680 -0.4954 0.0354
vn -0.6809 -0.6002 0.4197
vn -0.6423 -0.6728 0.3670
vn -0.6627 -0.6497 0.3724
vn -0.6674 -0.6243 0.4060
vn -0.6842 -0.6465 0.3374
vn -0.6447 -0.7006 0.3059
vn -0.6550 -0.6755 0.3385
vn -0.6485 -0.7092 0.2765
vn 0.3268 0.1751 0.9287
vn 0.7323 -0.4516 0.5097
vn 0.6011 -0.7475 -0.2828
vn 0.1904 -0.6043 -0.7737
vn -0.3539 -0.1457 -0.9239
vn -0.7323 0.4516 -0.5097
vn 0.9360 0.2521 -0.2457
vn 0.8621 0.3485 -0.3678
vn 0.3185 -0.8689 0.3788
vn 0.0602 -0.9980 -0.0208
vn 0.0661 -0.8908 0.4496
vn 0.0612 -0.9979 0.0191
vn 0.8621 -0.5062 -0.0216
vn 0.9480 -0.2915 0.1280
vn 0.8698 -0.4899 0.0592
vn 0.9358 -0.3078 0.1721
vn 0.6642 -0.2198 0.7145
vn 0.8342 -0.1081 0.5408
vn 0.9227 -0.0192 0.3851
vn 0.7401 -0.0036 0.6725
vn 0.0495 -0.4202 0.9061
vn 0.0443 -0.9086 -0.4152
vn 0.9989 0.0459 0.0114
vn 0.9989 0.0461 0.0115
vn 0.9990 0.0440 0.0110
vn 0.5457 -0.8005 0.2480
vn 0.9606 -0.1943 -0.1988
vn 0.6510 -0.7332 0.1968
vn 0.6480 -0.7436 -0.1648
vn 0.0316 -0.0967 0.9948
vn 0.0322 -0.0964 0.9948
vn 0.0318 -0.0969 0.9948
vn 0.0321 -0.0961 0.9948
vn 0.5695 0.5876 0.5748
vn 0.6899 -0.5443 0.4773
vn 0.9618 -0.2719 0.0305
vn 0.5071 0.2302 0.8305
vn 0.6095 -0.6884 0.3933
vn 0.9174 -0.3918 -0.0697
vn 0.6123 -0.7220 0.3220
vn 0.7138 -0.7000 -0.0201
vn -0.6196 -0.7849 -0.0087
vn -0.5136 0.1352 0.8473
vn -0.6816 0.4576 0.5709
vn -0.4665 -0.7771 0.4225
vn 0.7129 -0.7013 -0.0069
vn 0.5626 -0.7198 0.4067
vn 0.9914 0.1308 -0.0101
vn 0.9701 -0.0790 0.2293
vn 0.9939 0.1062 -0.0285
vn 0.9883 0.0709 0.1350
vn 0.9851 -0.1461 -0.0908
vn 0.9101 -0.3710 -0.1847
vn 0.9865 -0.1462 -0.0733
vn 0.9886 0.1431 -0.0474
vn 0.9338 -0.1626 0.3188
vn 0.9139 -0.1420 0.3804
vn 0.8986 -0.0298 0.4377
vn 0.7173 -0.5394 0.4410
vn 0.3092 -0.8675 -0.3896
vn 0.0441 -0.9061 -0.4207
vn 0.0444 -0.9061 -0.4207
vn 0.5781 -0.7500 -0.3215
vn 0.9986 0.0199 -0.0496
vn 0.9976 0.0621 -0.0299
vn 0.8084 0.5363 0.2425
vn 0.6813 0.6784 0.2749
vn 0.9058 0.3676 0.2107
vn 0.9317 0.2919 0.2162
vn 0.3142 0.9484 -0.0422
vn -0.0659 0.8749 -0.4798
vn -0.0627 0.9945 -0.0842
vn 0.4633 0.8067 -0.3669
vn 0.4898 0.8315 0.2621
vn -0.0495 0.9441 0.3261
vn 0.7455 -0.5882 -0.3135
vn 0.7494 -0.2497 0.6133
vn 0.7609 -0.6105 0.2198
vn 0.6842 0.6752 0.2757
vn 0.6803 0.3367 -0.6510
vn 0.7121 -0.1959 -0.6742
vn 0.6688 0.6974 -0.2576
vn -0.3481 0.8438 0.4084
vn 0.0534 0.9977 0.0413
vn -0.3618 0.9322 0.0133
vn 0.0947 0.9059 0.4128
vn 0.0619 0.9239 -0.3776
vn -0.2804 0.8925 -0.3532
vn 0.3700 0.6157 -0.6957
vn -0.0495 0.4201 -0.9061
vn 0.2026 0.8246 -0.5282
vn -0.0495 0.4202 -0.9061
vn 0.9956 0.0876 -0.0323
vn 0.7752 0.6301 -0.0443
vn 0.9963 0.0831 -0.0239
vn 0.9103 0.3834 -0.1564
vn 0.8759 0.4545 0.1621
vn 0.9966 0.0813 -0.0163
vn 0.0645 -0.2281 0.9715
vn 0.0587 -0.2325 0.9708
vn 0.0565 -0.2341 0.9706
vn 0.0689 -0.2248 0.9720
vn 0.0626 -0.7369 0.6731
vn 0.0146 0.1861 0.9824
vn -0.0273 0.7403 0.6717
vn 0.0659 -0.8727 0.4838
vn 0.0629 -0.7460 0.6629
vn 0.0562 -0.9876 -0.1467
vn 0.5158 0.1955 0.8341
vn 0.6534 0.5107 0.5588
vn 0.7433 -0.5349 0.4018
vn -0.0406 0.8654 0.4995
vn 0.4475 0.7444 0.4955
vn 0.3950 0.7553 0.5230
vn -0.9978 -0.0607 0.0264
vn 0.2811 -0.3944 0.8749
vn 0.7176 0.2828 0.6364
vn 0.2368 0.3478 0.9072
vn 0.1903 0.8945 0.4045
vn 0.1688 0.9256 -0.3388
vn 0.1849 0.4228 -0.8872
vn 0.2292 -0.3194 -0.9195
vn 0.2757 -0.8662 -0.4168
vn 0.2972 -0.8973 0.3265
vn 0.0442 -0.9086 -0.4153
vn 0.0601 -0.9980 -0.0208
vn -0.9734 0.1210 -0.1944
vn -0.9951 -0.0754 0.0641
vn -0.9950 -0.0773 0.0636
vn -0.9951 -0.0752 0.0642
vn -0.5725 0.7668 0.2902
vn -0.0482 0.9441 0.3260
vn -0.4286 0.9032 -0.0225
vn -0.5762 0.7435 -0.3395
vn -0.8641 -0.1370 0.4842
vn -0.9313 0.2559 0.2593
vn -0.9475 0.1776 0.2659
vn -0.8536 0.4352 0.2864
vn -0.8686 -0.2504 0.4275
vn -0.7431 0.5917 0.3125
vn -0.8976 -0.4038 0.1768
vn -0.9980 -0.0594 0.0228
vn -0.9948 -0.1014 0.0031
vn -0.5609 -0.8171 -0.1329
vn -0.2219 -0.8998 -0.3756
vn -0.4991 -0.8155 -0.2931
vn 0.0439 -0.9062 -0.4207
vn 0.0437 -0.9062 -0.4207
vn -0.5026 -0.7899 0.3515
vn -0.9189 -0.3863 0.0802
vn -0.8656 -0.5003 -0.0225
vn -0.6220 -0.7825 0.0284
vn 0.5788 -0.7135 0.3948
vn -0.4491 -0.7813 0.4334
vn 0.7088 -0.7041 -0.0438
vn 0.5373 0.1991 0.8196
vn 0.6502 0.5387 0.5357
vn -0.5001 -0.7559 0.4226
vn -0.6238 -0.7814 0.0153
vn -0.5928 -0.6223 0.5112
vn -0.6055 0.5162 0.6058
vn -0.4869 0.1697 0.8568
vn -0.7997 -0.5915 0.1034
vn -0.5461 -0.8060 0.2284
vn 0.0327 -0.0966 0.9948
vn 0.0326 -0.0969 0.9948
vn -0.1906 -0.8999 0.3922
vn -0.4995 -0.8309 0.2450
vn -0.9391 -0.3099 -0.1486
vn -0.7944 -0.6070 0.0221
vn -0.8812 -0.4183 0.2201
vn -0.6336 -0.2274 0.7395
vn -0.7525 -0.1595 0.6390
vn -0.5941 -0.2963 0.7478
vn -0.8083 -0.1123 0.5780
vn -0.8920 -0.1296 0.4331
vn -0.0363 0.8396 0.5419
vn -0.0372 0.8537 0.5194
vn -0.0383 0.8655 0.4994
vn -0.4555 0.7036 0.5454
vn -0.6507 0.6038 0.4605
vn -0.5077 0.6863 0.5208
vn -0.5491 0.8304 0.0949
vn -0.5231 0.8521 0.0165
vn -0.1716 0.9840 0.0472
vn -0.9147 0.3456 0.2095
vn -0.1819 0.8891 0.4201
vn -0.8471 0.5314 -0.0014
vn -0.1931 0.9084 -0.3709
vn -0.9570 0.2698 -0.1070
vn -0.7932 0.6084 0.0255
vn -0.4780 0.5641 -0.6733
vn -0.4880 0.7333 0.4734
vn -0.0367 0.8393 0.5425
vn -0.0361 0.8340 0.5507
vn -0.0360 0.8339 0.5507
vn -0.0167 0.6168 0.7870
vn -0.0262 0.7299 0.6830
vn -0.0225 0.6855 0.7277
vn -0.0182 0.6346 0.7726
vn -0.4345 0.6637 0.6089
vn -0.0294 0.7639 0.6447
vn -0.5455 -0.6181 0.5660
vn -0.9400 -0.1952 0.2798
vn -0.8891 -0.2735 0.3670
vn -0.9811 -0.0489 0.1871
vn -0.9997 0.0222 0.0052
vn -0.9996 -0.0150 0.0242
vn -0.9991 0.0097 0.0425
vn -0.9640 -0.2649 -0.0218
vn -0.9635 -0.2646 -0.0393
vn -0.8669 -0.4791 -0.1377
vn -0.3285 0.7923 -0.5142
vn -0.3982 0.8812 -0.2548
vn -0.0265 0.7299 0.6831
vn 0.3823 0.7134 0.5873
vn 0.4198 0.7886 0.4494
vn 0.0211 -0.2348 0.9718
vn 0.0148 -0.2311 0.9728
vn 0.0234 -0.2361 0.9714
vn 0.0101 -0.2284 0.9735
vn 0.4162 0.9092 -0.0083
vn 0.4487 0.8911 0.0686
vn 0.2746 0.9221 -0.2725
vn 0.5960 0.6797 0.4275
vn -0.0378 0.8432 0.5363
vn -0.0393 0.8536 0.5194
vn 0.7139 0.7001 -0.0143
vn -0.0363 0.8339 0.5507
vn -0.0362 0.8340 0.5506
vn -0.0364 0.8339 0.5507
vn -0.2811 0.3944 -0.8749
vn -0.7176 -0.2828 -0.6364
vn -0.7494 0.2497 -0.6133
vn -0.2972 0.8973 -0.3265
vn -0.7609 0.6105 -0.2198
vn -0.2757 0.8662 0.4168
vn -0.7455 0.5882 0.3135
vn -0.2292 0.3194 0.9195
vn -0.7121 0.1959 0.6742
vn -0.1849 -0.4228 0.8872
vn -0.6803 -0.3367 0.6510
vn 0.9978 0.0607 -0.0264
vn -0.6508 -0.6197 0.4386
vn -0.6801 0.4296 0.5940
vn -0.4911 0.1343 0.8607
vn -0.9989 -0.0383 0.0288
vn -0.9985 -0.0400 0.0364
vn -0.9992 -0.0337 0.0204
vn -0.0496 0.4202 -0.9061
vn 0.2464 0.9692 -0.0027
vn 0.1512 0.9188 -0.3647
vn 0.2643 0.8811 0.3922
vn -0.6842 -0.6752 -0.2757
vn -0.6688 -0.6974 0.2576
vn -0.1688 -0.9256 0.3388
vn -0.1903 -0.8945 -0.4045
vn -0.2368 -0.3478 -0.9072
vn 0.2485 0.0909 -0.9644
vn -0.0966 0.3117 -0.9453
vn -0.1566 -0.2563 -0.9538
vn -0.2924 -0.2707 -0.9172
vn 0.3479 -0.1145 -0.9305
vn -0.3089 0.4338 -0.8464
vn -0.3283 -0.2757 -0.9034
vn 0.4080 -0.1293 -0.9038
vn 0.4507 -0.1888 -0.8725
vn -0.2631 -0.2781 -0.9238
vn 0.3557 0.2576 -0.8984
vn 0.1344 -0.5248 -0.8405
vn -0.2032 -0.9030 -0.3785
vn -0.2438 -0.8384 -0.4875
vn -0.5244 0.4996 -0.6895
vn -0.1439 -0.2517 -0.9571
vn -0.5543 -0.6157 -0.5600
vn -0.0092 -0.2185 -0.9758
vn -0.5870 -0.2640 -0.7653
vn 0.0673 -0.2259 -0.9718
vn -0.5577 -0.3085 -0.7706
vn -0.5991 -0.3407 -0.7246
vn -0.6970 0.1096 -0.7086
vn 0.8799 -0.0594 -0.4714
vn 0.6580 0.5301 -0.5348
vn 0.0344 0.5017 -0.8644
vn 0.1797 0.9294 -0.3223
vn 0.1393 0.9476 -0.2875
vn 0.1314 0.9545 -0.2675
vn 0.3650 -0.8015 -0.4736
vn 0.6005 -0.7973 0.0609
vn 0.5353 -0.8357 0.1228
vn 0.5143 0.3285 0.7922
vn 0.5652 0.3085 0.7651
vn 0.4586 0.2971 0.8375
vn 0.7077 0.2907 0.6439
vn 0.6441 0.3144 0.6974
vn 0.5601 0.1600 0.8129
vn 0.5796 -0.8135 0.0487
vn 0.5074 -0.4460 -0.7373
vn 0.8535 -0.3969 -0.3376
vn 0.3772 -0.0874 -0.9220
vn 0.8419 0.1410 -0.5209
vn 0.8532 0.0986 -0.5123
vn 0.8630 0.0547 -0.5022
vn -0.3678 0.9222 -0.1196
vn -0.3694 0.9221 -0.1154
vn -0.3700 0.9221 -0.1137
vn -0.3712 0.9220 -0.1104
vn -0.1722 0.9550 -0.2414
vn -0.1724 0.9551 -0.2410
vn 0.4299 0.7394 -0.5182
vn 0.6466 0.5074 -0.5697
vn 0.3548 -0.1775 -0.9180
vn 0.8593 -0.0111 -0.5113
vn 0.3621 -0.4418 -0.8208
vn 0.8282 -0.4578 -0.3233
vn 0.5532 -0.8325 -0.0288
vn 0.3077 -0.9387 0.1552
vn 0.3081 -0.9386 0.1552
vn -0.1170 -0.2283 -0.9665
vn -0.5629 0.8016 -0.2011
vn -0.5149 0.8322 -0.2058
vn -0.5884 0.7839 -0.1983
vn -0.5941 0.7553 -0.2767
vn -0.9329 -0.3193 -0.1665
vn -0.9326 -0.3204 -0.1662
vn -0.9507 -0.2502 -0.1830
vn -0.9637 -0.1780 -0.1990
vn -0.7515 -0.6583 -0.0431
vn -0.2359 -0.9476 0.2152
vn -0.1351 -0.9543 0.2667
vn -0.1113 -0.1971 -0.9740
vn -0.1931 -0.3193 -0.9277
vn 0.5542 0.3074 0.7735
vn 0.5674 0.2957 0.7685
vn 0.5546 0.2987 0.7766
vn 0.5249 0.2978 0.7974
vn 0.6024 0.2320 0.7637
vn 0.5597 0.2726 0.7826
vn 0.5605 0.2748 0.7812
vn 0.4598 0.2927 0.8384
vn 0.5394 0.2999 0.7868
vn 0.5412 0.2996 0.7857
vn 0.4115 0.2885 0.8645
vn 0.4116 0.2886 0.8645
vn -0.1600 0.1884 0.9690
vn -0.1594 0.1884 0.9691
vn -0.2095 0.1759 0.9618
vn -0.1929 0.1705 0.9663
vn -0.3268 0.1512 0.9329
vn -0.3149 0.1514 0.9370
vn -0.4738 0.1455 0.8686
vn -0.4778 0.1455 0.8663
vn -0.4512 0.1429 0.8809
vn -0.2760 0.1236 0.9532
vn -0.2772 0.1241 0.9528
vn 0.1651 -0.9552 0.2457
vn -0.2037 -0.8774 0.4343
vn -0.2091 -0.8768 0.4330
vn -0.2177 -0.8758 0.4309
vn -0.5516 0.8226 -0.1383
vn 0.4321 -0.3353 -0.8371
vn 0.2206 -0.2794 -0.9345
vn -0.0262 0.1388 -0.9900
vn 0.1859 0.0150 -0.9824
vn 0.0206 0.2039 -0.9788
vn 0.0189 0.1302 -0.9913
vn -0.2276 -0.1822 -0.9565
vn -0.2387 -0.1493 -0.9596
vn -0.4474 -0.3932 -0.8033
vn -0.1998 -0.0119 -0.9798
vn -0.0422 0.1378 -0.9896
vn -0.0858 0.1238 -0.9886
vn -0.0944 0.1937 -0.9765
vn 0.0323 -0.9710 -0.2368
vn 0.0242 -0.9707 -0.2392
vn 0.0503 -0.9707 -0.2348
vn -0.0343 -0.9682 -0.2479
vn 0.0554 -0.9704 -0.2349
vn 0.0792 -0.9673 -0.2411
vn 0.0725 -0.9685 -0.2383
vn 0.1348 -0.9577 -0.2543
vn 0.9967 0.0629 -0.0508
vn 0.9974 0.0545 -0.0464
vn 0.9955 0.0759 -0.0576
vn 0.9934 0.0748 0.0869
vn 0.9963 0.0812 -0.0282
vn 0.9912 -0.1061 0.0786
vn 0.9840 -0.1780 0.0045
vn 0.9976 -0.0058 0.0693
vn -0.0283 0.7477 0.6635
vn -0.0632 0.9925 -0.1045
vn -0.0324 0.7916 0.6101
vn -0.0320 0.7878 0.6151
vn -0.1779 -0.3940 0.9018
vn 0.1727 -0.5663 0.8059
vn 0.0402 -0.5580 0.8289
vn -0.0939 -0.5668 0.8185
vn 0.0463 -0.7084 0.7043
vn 0.3261 -0.6116 0.7208
vn 0.1528 -0.6297 0.7617
vn -0.5067 0.8617 0.0251
vn -0.9198 0.1375 0.3676
vn -0.8343 -0.3357 0.4374
vn 0.9951 0.0814 -0.0566
vn 0.9877 -0.0114 0.1559
vn 0.9514 -0.2591 0.1663
vn 0.9717 -0.1038 0.2121
vn 0.8887 -0.0703 0.4531
vn 0.0570 -0.9658 -0.2530
vn 0.4482 -0.8931 -0.0381
vn 0.0461 -0.9665 -0.2524
vn -0.3440 -0.9382 -0.0377
vn -0.7719 -0.5733 0.2749
vn -0.7738 -0.5730 0.2700
vn -0.4889 -0.8626 0.1300
vn 0.8370 -0.4839 0.2555
vn 0.5522 -0.8156 0.1729
vn 0.4580 -0.8808 0.1198
vn -0.9498 -0.3018 0.0828
vn -0.9443 -0.1695 0.2821
vn -0.9616 -0.2674 0.0624
vn -0.9983 -0.0581 0.0012
vn -0.9978 -0.0666 0.0056
vn -0.9980 -0.0633 0.0039
vn -0.9901 -0.0551 0.1295
vn -0.9989 -0.0400 0.0239
vn -0.9828 -0.1410 0.1193
vn -0.0493 -0.9982 -0.0333
vn 0.0486 -0.9949 0.0889
vn 0.0484 -0.9952 0.0845
vn 0.0164 0.1538 0.9880
vn 0.0440 0.7565 0.6526
vn 0.0007 0.7115 0.7027
vn -0.0282 0.7621 0.6468
vn -0.0985 0.7474 0.6571
vn -0.0500 0.7089 0.7035
vn -0.0250 0.7107 0.7031
vn -0.0249 0.7103 0.7035
vn 0.0568 0.7943 0.6049
vn -0.0298 0.7737 0.6329
vn -0.9266 -0.3577 0.1163
vn -0.9653 -0.2283 0.1269
vn -0.9547 -0.2915 0.0608
vn -0.8337 0.0881 0.5451
vn -0.1186 0.7839 0.6095
vn 0.9704 -0.0352 0.2387
vn 0.9726 -0.2258 0.0559
vn 0.9845 -0.1737 0.0250
vn 0.0279 -0.0332 -0.9991
vn 0.8254 0.2111 0.5236
vn 0.0481 -0.3527 0.9345
vn 0.0973 -0.3477 0.9325
vn 0.0422 -0.2438 0.9689
vn 0.2487 -0.1369 0.9589
vn 0.5631 -0.1911 0.8040
vn -0.1284 -0.2225 0.9664
vn -0.4962 -0.2679 0.8258
vn 0.7841 -0.2975 0.5447
vn 0.6243 -0.3058 0.7188
vn -0.7011 -0.4050 0.5869
vn -0.5201 -0.3959 0.7568
vn 0.7641 -0.0831 0.6398
vn 0.8478 -0.3017 0.4361
vn 0.5680 -0.0514 0.8214
vn 0.7246 0.1165 0.6793
vn 0.0402 -0.1738 0.9840
vn -0.7111 -0.1869 0.6778
vn -0.7709 -0.4119 0.4860
vn -0.5089 -0.1221 0.8521
vn -0.6914 -0.0026 0.7225
vn -0.2455 -0.0683 -0.9670
vn -0.2427 -0.3344 -0.9107
vn -0.2173 -0.1248 -0.9681
vn -0.1610 0.0265 -0.9866
vn 0.2173 -0.0091 -0.9761
vn 0.2037 -0.2466 -0.9475
vn -0.0047 -0.1430 -0.9897
vn 0.1409 0.1290 -0.9816
vn 0.2229 0.1318 -0.9659
vn -0.0442 -0.0176 -0.9989
vn -0.0532 -0.1243 -0.9908
vn -0.0352 -0.2299 -0.9726
vn 0.1102 -0.1578 -0.9813
vn 0.1139 -0.4430 -0.8892
vn 0.0024 -0.4395 -0.8983
vn -0.1170 -0.4295 -0.8954
vn 0.0575 -0.9929 -0.1039
vn 0.8343 0.3357 -0.4374
vn 0.0612 -0.7021 0.7094
vn 0.0643 -0.6950 0.7161
vn -0.0715 0.9792 -0.1900
vn 0.2876 -0.8976 -0.3340
vn -0.2915 0.6948 0.6575
vn 0.2137 -0.5532 -0.8052
vn -0.4058 0.4127 -0.8155
vn 0.1199 -0.4307 -0.8945
vn -0.9951 -0.0814 0.0566
vn -0.4455 0.4933 -0.7471
vn 0.0487 -0.9625 -0.2670
vn 0.0497 -0.9641 -0.2608
vn 0.0525 -0.9689 -0.2419
vn -0.9978 -0.0606 0.0260
vn -0.8199 -0.4007 0.4090
vn 0.9899 -0.1420 0.0064
vn 0.0324 -0.1072 0.9937
vn 0.0330 -0.1071 0.9937
vn 0.0326 -0.1073 0.9937
vn -0.0619 0.9967 -0.0527
vn -0.1773 0.9830 -0.0484
vn -0.0600 0.9979 0.0234
vn -0.1763 0.9840 0.0263
vn -0.0652 0.9653 -0.2529
vn -0.1746 0.9535 -0.2455
vn -0.0658 0.8919 -0.4474
vn -0.1653 0.8828 -0.4398
vn -0.0635 0.7762 -0.6273
vn -0.1497 0.7713 -0.6186
vn -0.0606 0.6861 -0.7250
vn -0.1408 0.6790 -0.7205
vn -0.0002 -0.3916 -0.9201
vn -0.0002 -0.3916 -0.9202
vn -0.0018 -0.3909 -0.9204
vn 0.0574 -0.9921 -0.1114
vn 0.0336 -0.1071 0.9937
vn 0.0325 -0.1075 0.9937
vn -0.2915 0.9554 -0.0470
vn -0.2916 0.9561 0.0289
vn -0.2829 0.9267 -0.2475
vn -0.2625 0.8592 -0.4392
vn 0.6231 -0.7306 0.2793
vn 0.8349 -0.5436 -0.0864
vn 0.8824 -0.2973 0.3646
vn -0.2264 0.7402 -0.6332
vn -0.2081 0.6620 -0.7201
vn 0.0002 -0.3979 -0.9174
vn -0.0006 -0.3995 -0.9167
vn -0.0053 -0.3896 -0.9210
vn 0.5146 -0.8503 -0.1108
vn 0.5156 -0.8486 -0.1184
vn -0.7663 -0.6409 -0.0447
vn 0.6920 -0.7122 -0.1178
vn -0.5148 -0.7997 0.3090
vn 0.5680 -0.7794 0.2643
vn 0.0013 -0.4132 -0.9106
vn 0.0590 -0.6436 0.7631
vn 0.9978 0.0606 -0.0260
vn 0.0323 -0.1073 0.9937
vn 0.0319 -0.1072 0.9937
vn 0.0571 0.9982 0.0202
vn 0.0543 0.9970 -0.0545
vn 0.0450 0.9669 -0.2512
vn 0.0343 0.8949 -0.4450
vn 0.0230 0.7818 -0.6231
vn 0.0200 0.6887 -0.7247
vn 0.0013 -0.3908 -0.9205
vn 0.0312 -0.1072 0.9937
vn 0.1749 0.9844 0.0167
vn 0.1709 0.9835 -0.0590
vn 0.1555 0.9533 -0.2589
vn 0.1335 0.8832 -0.4495
vn 0.1020 0.7601 -0.6417
vn 0.0888 0.6800 -0.7278
vn 0.0045 -0.3890 -0.9212
vn 0.0013 -0.4020 -0.9156
vn -0.4146 -0.9051 -0.0942
vn -0.4130 -0.9066 -0.0865
vn -0.4551 -0.8415 0.2910
vn -0.6060 -0.7910 -0.0840
vn 0.3286 0.9405 0.0860
vn 0.8998 0.4360 0.0157
vn 0.6648 0.7450 0.0551
vn 0.9254 0.3788 0.0090
vn 0.4335 0.8977 0.0783
vn -0.0576 0.9929 0.1039
vn -0.9439 0.3240 0.0638
vn -0.7463 0.6592 0.0919
vn -0.8998 -0.4360 -0.0157
vn -0.6648 -0.7450 -0.0551
vn 0.0576 -0.9929 -0.1039
vn 0.9439 -0.3240 -0.0638
vn 0.7463 -0.6592 -0.0919
vn -0.0322 0.1022 -0.9942
vn -0.0321 0.1022 -0.9942
vn -0.5498 -0.5729 0.6079
vn -0.4860 -0.6272 0.6086
vn -0.3984 -0.7766 0.4880
vn -0.4429 -0.6601 0.6067
vn -0.0635 -0.7369 0.6730
vn -0.2341 -0.7710 0.5922
vn 0.8766 0.4431 -0.1880
vn 0.3762 0.2043 0.9037
vn 0.7277 -0.0910 0.6799
vn 0.7518 -0.0983 0.6521
vn 0.4871 0.1160 0.8656
vn -0.0096 0.4001 0.9164
vn 0.1268 0.3485 0.9287
vn -0.9271 0.3711 0.0521
vn -0.6896 0.5087 0.5154
vn -0.6487 0.5279 0.5482
vn -0.4231 -0.4077 -0.8092
vn -0.8416 -0.0066 -0.5400
vn -0.8710 0.0481 -0.4890
vn -0.5754 -0.2994 -0.7611
vn 0.1169 -0.6898 -0.7145
vn 0.1054 -0.6794 -0.7262
vn 0.1659 -0.7312 -0.6617
vn 0.5304 -0.7505 -0.3942
vn 0.7847 -0.6193 -0.0266
vn 0.7850 -0.6194 -0.0088
vn 0.7826 -0.6180 -0.0754
vn -0.9387 0.2585 -0.2279
vn -0.3607 -0.1583 0.9192
vn -0.2633 0.6210 0.7382
vn -0.0269 0.9868 0.1594
vn 0.2740 -0.5859 -0.7627
vn 0.3607 0.1583 -0.9192
vn 0.0269 -0.9868 -0.1594
vn 0.9323 -0.0328 0.3602
vn -0.9323 0.0328 -0.3602
vn 0.3611 0.1409 -0.9218
vn 0.1629 0.9272 -0.3372
vn -0.9143 -0.0887 0.3953
vn 0.2867 0.6742 -0.6806
vn -0.5841 0.4240 -0.6922
vn 0.7077 0.5955 0.3802
vn 0.8699 0.2985 0.3927
vn -0.7415 0.6465 -0.1796
vn -0.8878 0.3603 -0.2863
vn 0.9936 0.0566 -0.0974
vn 0.8832 -0.3748 0.2820
vn 0.8995 0.3307 -0.2854
vn 0.9108 -0.1884 -0.3674
vn 0.7310 0.6422 -0.2307
vn 0.7634 0.5377 -0.3579
vn -0.0268 0.9868 0.1594
vn 0.1693 0.9196 -0.3545
vn 0.0645 0.9950 -0.0764
vn 0.0051 0.9970 0.0777
vn 0.1032 0.9786 -0.1781
vn 0.2198 0.8422 -0.4923
vn -0.8644 -0.3133 -0.3932
vn 0.3181 0.5483 -0.7735
vn 0.6782 -0.7210 0.1420
vn -0.6403 -0.6746 -0.3674
vn -0.7722 -0.3244 0.5464
vn 0.2696 -0.1464 0.9518
vn 0.8511 0.3473 0.3938
vn 0.0947 0.2773 0.9561
vn 0.1174 -0.5586 0.8211
vn 0.3816 -0.9243 -0.0094
vn -0.2727 -0.7179 0.6406
vn -0.5695 -0.7431 -0.3514
vn -0.6723 -0.5308 0.5160
vn -0.3320 -0.8992 -0.2851
vn -0.8472 -0.1071 0.5203
vn -0.8511 -0.3473 -0.3938
vn -0.3689 -0.1580 0.9159
vn -0.3667 -0.1519 0.9179
vn -0.3049 0.4643 0.8315
vn -0.3609 -0.1496 0.9205
vn -0.6951 0.3051 0.6510
vn -0.3550 -0.1523 0.9224
vn -0.6782 0.7210 -0.1420
vn 0.6402 0.6746 0.3674
vn 0.6403 0.6746 0.3674
vn -0.0260 0.9872 0.1573
vn 0.9077 0.0744 0.4130
vn 0.8394 0.1817 0.5123
vn 0.8300 0.3950 0.3937
vn -0.9545 0.1851 -0.2339
vn -0.9208 0.3281 -0.2111
vn -0.9316 0.3026 -0.2017
vn -0.8531 0.4542 -0.2565
vn 0.1882 0.8944 -0.4057
vn -0.8716 0.4080 -0.2718
vn -0.8716 0.4080 -0.2717
vn -0.3816 0.9243 0.0094
vn 0.3320 0.8992 0.2851
vn -0.3524 -0.1586 0.9223
vn -0.3547 -0.1647 0.9204
vn -0.3604 -0.1670 0.9177
vn -0.3663 -0.1643 0.9159
vn -0.2482 0.6664 0.7031
vn -0.7539 0.4600 0.4691
vn -0.0743 0.4381 0.8959
vn -0.4820 -0.8143 0.3234
vn 0.2992 -0.6595 0.6895
vn 0.4965 -0.1252 0.8589
vn -0.6402 -0.6746 -0.3674
vn 0.0717 -0.9873 -0.1419
vn -0.2228 -0.9437 -0.2444
vn 0.0157 -0.9874 -0.1576
vn 0.2374 -0.9691 -0.0673
vn -0.3622 -0.1526 0.9195
vn 0.4175 0.8555 0.3064
vn 0.9228 0.0805 0.3769
vn 0.3622 0.1526 -0.9195
vn 0.4454 -0.8949 0.0270
vn 0.8052 -0.5481 0.2263
vn -0.4739 0.8797 -0.0407
vn -0.8133 0.5336 -0.2319
vn -0.2727 -0.7178 0.6406
vn -0.3666 -0.1519 0.9179
vn -0.3663 -0.1642 0.9159
vn -0.6881 -0.6201 -0.3768
vn -0.7975 -0.4599 -0.3905
vn 0.9320 -0.0426 0.3601
vn -0.9320 0.0426 -0.3601
vn -0.9143 -0.0887 0.3952
vn 0.0268 -0.9869 -0.1594
vn 0.7232 -0.6698 0.1684
vn 0.7130 -0.2591 -0.6516
vn -0.9151 -0.0777 0.3956
vn 0.7563 -0.5066 -0.4140
vn 0.9151 0.0777 -0.3956
vn -0.7479 -0.5411 -0.3844
vn -0.0157 0.9874 0.1576
vn 0.2971 -0.2904 0.9096
vn 0.9010 -0.0526 0.4306
vn 0.8554 -0.1371 0.4995
vn 0.3713 -0.2496 0.8943
vn 0.3132 0.5549 -0.7707
vn -0.8418 -0.2544 0.4760
vn -0.8878 -0.2063 0.4114
vn 0.1114 -0.9244 -0.3649
vn -0.9601 0.0092 -0.2794
vn -0.9776 -0.0826 -0.1935
vn -0.9303 0.1310 -0.3425
vn 0.3839 0.3340 -0.8608
vn 0.3525 0.2400 -0.9045
vn 0.1878 0.4898 -0.8514
vn 0.3835 0.3682 -0.8470
vn 0.6090 0.2994 -0.7345
vn 0.5604 0.2894 -0.7760
vn 0.3525 0.2401 -0.9045
vn -0.3525 -0.2401 0.9045
vn 0.8614 0.2292 0.4532
vn 0.8561 0.2606 0.4463
vn 0.8532 0.2755 0.4428
vn 0.8634 0.2159 0.4559
vn 0.3128 0.8816 0.3534
vn 0.3135 0.8814 0.3533
vn 0.3125 0.8817 0.3534
vn 0.3139 0.8813 0.3533
vn -0.9079 0.3588 -0.2166
vn -0.4451 0.8920 0.0786
vn -0.8179 0.5596 -0.1341
vn -0.4906 0.8709 0.0281
vn -0.3523 -0.8970 -0.2671
vn -0.9025 -0.2559 -0.3465
vn -0.3402 -0.9027 -0.2634
vn -0.9093 -0.2335 -0.3444
vn 0.4572 -0.8874 0.0587
vn 0.4524 -0.8901 0.0562
vn 0.7553 -0.6133 0.2310
vn -0.1431 -0.9618 -0.2334
vn 0.2330 -0.9412 -0.2447
vn 0.0532 -0.9718 -0.2298
vn 0.0528 -0.9719 -0.2295
vn -0.1322 -0.9665 -0.2201
vn -0.5946 -0.7715 -0.2264
vn -0.3530 -0.8972 -0.2653
vn -0.3464 -0.9066 -0.2409
vn -0.2866 -0.9128 -0.2908
vn 0.4504 -0.8452 -0.2878
vn 0.6556 -0.7084 -0.2616
vn 0.6381 -0.7254 -0.2579
vn -0.9069 -0.4073 -0.1079
vn -0.9973 -0.0733 -0.0054
vn -0.9973 -0.0731 -0.0028
vn -0.9385 -0.3342 -0.0862
vn -0.7546 -0.6338 -0.1701
vn 0.9415 -0.2985 -0.1563
vn 0.9659 -0.2198 -0.1365
vn 0.9973 0.0481 -0.0547
vn 0.9972 0.0479 -0.0573
vn 0.4378 -0.8568 -0.2723
vn 0.3900 -0.8932 -0.2239
vn -0.4998 0.8204 0.2778
vn -0.4978 0.8201 0.2822
vn -0.7165 0.6558 0.2376
vn 0.0462 -0.3556 0.9335
vn 0.0505 -0.3332 0.9415
vn 0.0509 -0.3549 0.9335
vn 0.0609 -0.6178 0.7840
vn 0.0674 -0.5468 0.8345
vn 0.0196 -0.4449 0.8954
vn 0.0547 -0.6233 0.7801
vn 0.1084 -0.2018 0.9734
vn 0.0809 -0.4411 0.8938
vn 0.0125 -0.2444 0.9696
vn -0.0151 -0.2494 0.9683
vn 0.0427 -0.5483 0.8352
vn 0.0612 -0.3092 0.9490
vn 0.0659 -0.3371 0.9392
vn 0.0583 -0.3464 0.9363
vn 0.0597 -0.2899 0.9552
vn 0.0737 -0.2170 0.9734
vn 0.0749 -0.2378 0.9684
vn 0.0569 -0.3506 0.9348
vn -0.0325 -0.2104 0.9771
vn 0.0551 -0.6182 0.7841
vn 0.0617 -0.6228 0.7799
vn 0.0289 -0.3090 0.9506
vn 0.0275 -0.2907 0.9564
vn 0.0066 -0.3130 0.9497
vn 0.0536 -0.3545 0.9335
vn -0.2157 0.9235 0.3171
vn -0.1760 0.9316 0.3181
vn 0.1356 0.9432 0.3032
vn 0.1332 0.9424 0.3070
vn 0.0422 -0.2748 0.9606
vn 0.4199 0.8711 0.2546
vn 0.4214 0.8716 0.2504
vn 0.6317 0.7480 0.2033
vn 0.6472 0.7359 0.1987
vn -0.7235 0.6472 0.2402
vn 0.9971 0.0746 0.0143
vn 0.9970 0.0748 0.0178
vn 0.9092 0.4042 0.0995
vn 0.9355 0.3438 0.0819
vn 0.7719 0.6074 0.1875
vn -0.9967 -0.0465 0.0663
vn -0.9647 0.2284 0.1315
vn -0.9449 0.2919 0.1481
vn -0.9965 -0.0463 0.0699
vn -0.3804 0.8781 0.2901
vn 0.3296 -0.0882 0.9400
vn 0.3870 0.6662 0.6375
vn 0.1678 0.1620 0.9724
vn 0.0327 -0.1022 0.9942
vn -0.0327 0.1022 -0.9942
vn -0.0676 0.9923 0.1042
vn -0.4188 0.9018 0.1064
vn 0.9984 0.0495 -0.0277
vn 0.0577 -0.9929 -0.1039
vn 0.7918 -0.6044 -0.0881
vn 0.4464 -0.0841 0.8909
vn 0.2198 0.2625 0.9396
vn -0.1335 0.1444 0.9805
vn -0.1979 0.2373 0.9511
vn -0.2666 -0.1244 0.9558
vn -0.3834 -0.1347 0.9137
vn -0.1005 -0.3695 0.9238
vn -0.1539 -0.4767 0.8655
vn 0.1943 -0.3508 0.9161
vn 0.2582 -0.4514 0.8542
vn 0.8351 -0.0129 0.5499
vn 0.0183 -0.0680 0.9975
vn -0.0046 -0.0881 0.9961
vn 0.0143 -0.0689 0.9975
vn -0.0046 -0.0880 0.9961
vn 0.0676 -0.9923 -0.1042
vn 0.4188 -0.9018 -0.1064
vn 0.3765 -0.9202 -0.1069
vn -0.9985 -0.0464 0.0281
vn -0.0577 0.9929 0.1039
vn -0.8067 0.5845 0.0866
vn 0.9984 0.0490 -0.0278
vn 0.7149 -0.6928 -0.0947
vn 0.0101 -0.1175 0.9930
vn -0.0110 -0.1042 0.9945
vn 0.0607 -0.1339 0.9891
vn 0.0453 -0.1333 0.9900
vn 0.0345 -0.1327 0.9906
vn 0.0563 -0.1426 0.9882
vn 0.0530 -0.1453 0.9880
vn 0.0562 -0.1299 0.9899
vn 0.0598 -0.1250 0.9903
vn 0.0559 -0.0834 0.9950
vn 0.0790 -0.0999 0.9919
vn 0.0302 -0.0652 0.9974
vn -0.7149 0.6928 0.0947
vn -0.9984 -0.0497 0.0277
vn -0.1296 -0.4302 0.8934
vn -0.1679 0.1924 0.9668
vn -0.3296 -0.1319 0.9348
vn 0.8308 -0.0137 0.5564
vn 0.1703 -0.3140 0.9340
vn 0.4652 -0.7367 0.4907
vn -0.0804 -0.3299 0.9406
vn -0.3456 -0.7863 0.5121
vn -0.2210 -0.1214 0.9677
vn -0.7926 -0.1126 0.5992
vn -0.1079 0.1062 0.9885
vn -0.4276 0.6122 0.6651
vn 0.1778 0.0349 0.9834
vn 0.3850 0.6614 0.6436
vn 0.2847 -0.0906 0.9543
vn 0.2298 -0.4080 0.8836
vn 0.3938 -0.0878 0.9150
vn 0.4491 0.8897 0.0823
vn 0.9978 0.0608 -0.0266
vn -0.5487 0.8289 0.1089
vn -0.9978 -0.0607 0.0266
vn -0.4492 -0.8897 -0.0823
vn 0.5487 -0.8289 -0.1088
vn 0.1962 0.2144 0.9568
vn -0.4304 0.6167 0.6591
vn -0.9978 -0.0615 0.0265
vn -0.7974 -0.1123 0.5930
vn -0.5490 0.8288 0.1078
vn 0.4494 0.8896 0.0812
vn 0.9978 0.0600 -0.0266
vn 0.4674 -0.7398 0.4841
vn -0.3477 -0.7896 0.5056
vn -0.4488 -0.8900 -0.0813
vn 0.5484 -0.8292 -0.1078
vn -0.0072 0.4978 0.8672
vn 0.6986 -0.1105 0.7070
vn -0.0753 -0.7002 0.7100
vn 0.7199 -0.4573 0.5220
vn 0.0379 -0.2046 0.9781
vn 0.8969 -0.0976 0.4314
vn -0.0024 0.4283 0.9036
vn 0.6008 0.3675 0.7099
vn -0.0248 0.7101 0.7036
vn -0.6424 -0.1920 0.7420
vn -0.5842 -0.6308 0.5108
vn -0.4317 -0.8253 0.3639
vn -0.8549 -0.2040 0.4771
vn -0.6031 0.2943 0.7414
vn 0.5324 -0.7861 0.3140
vn -0.4253 -0.8926 0.1497
vn 0.8219 -0.5466 -0.1603
vn 0.2420 -0.9659 -0.0924
vn -0.8131 -0.3218 0.4852
vn -0.8711 -0.3778 0.3138
vn -0.8162 -0.2685 0.5115
vn -0.4895 -0.2219 0.8433
vn -0.9462 -0.0821 0.3129
vn -0.8030 -0.5526 0.2232
vn -0.9192 -0.3000 0.2550
vn -0.6718 0.7215 0.1675
vn -0.8943 0.3751 0.2441
vn 0.4815 0.8763 -0.0188
vn -0.0112 0.7545 0.6562
vn 0.3585 0.7995 0.4820
vn 0.9552 0.2558 -0.1486
vn 0.8132 0.3476 0.4667
vn 0.9831 0.0438 -0.1778
vn 0.7501 0.0483 0.6595
vn 0.4281 0.1726 0.8871
vn 0.2119 0.1052 0.9716
vn 0.1594 0.1581 0.9745
vn -0.8814 0.4567 0.1208
vn -0.9793 0.0355 0.1992
vn -0.8631 -0.2253 0.4520
vn -0.7798 0.4806 0.4011
vn -0.8113 -0.5321 0.2422
vn -0.5603 -0.7967 0.2264
vn -0.4755 -0.7154 0.5120
vn -0.2125 -0.9611 0.1765
vn 0.3122 -0.8857 0.3438
vn 0.3205 -0.6290 -0.7083
vn 0.6816 -0.7306 -0.0415
vn 0.9185 -0.3559 0.1721
vn 0.9784 -0.0707 -0.1941
vn 0.9690 0.2470 0.0054
vn -0.2911 -0.1421 -0.9461
vn -0.1890 -0.1798 -0.9654
vn 0.0655 0.1911 -0.9794
vn -0.2175 -0.0764 -0.9731
vn 0.0656 0.5600 -0.8259
vn 0.2290 0.6923 -0.6843
vn -0.1329 -0.1104 -0.9850
vn -0.1413 -0.1179 -0.9829
vn -0.1187 -0.0977 -0.9881
vn 0.9722 0.1144 -0.2043
vn 0.9889 0.0733 -0.1292
vn 0.2388 0.0110 0.9710
vn 0.2371 0.0070 0.9715
vn 0.3191 -0.4482 0.8350
vn -0.4967 -0.0184 0.8677
vn -0.0219 0.7304 0.6827
vn 0.1845 0.1952 0.9633
vn -0.1867 0.9739 0.1289
vn 0.7698 0.3081 0.5590
vn 0.5205 0.8518 -0.0592
vn 0.9046 0.2860 0.3162
vn 0.9227 0.0018 -0.3855
vn 0.7903 0.4787 -0.3824
vn 0.8450 -0.4901 0.2141
vn 0.2923 0.7007 0.6509
vn 0.7459 0.2322 0.6243
vn 0.5579 -0.4862 0.6725
vn 0.6919 0.2467 0.6785
vn 0.7549 0.2742 0.5958
vn 0.8638 0.5000 -0.0615
vn 0.4610 0.8823 0.0953
vn 0.4588 0.6583 0.5968
vn -0.7237 0.5686 0.3912
vn -0.4056 0.4580 0.7910
vn -0.9378 0.0241 0.3462
vn -0.9407 0.0260 0.3382
vn -0.8116 -0.4273 0.3983
vn -0.4087 -0.3540 0.8412
vn 0.1354 -0.0332 0.9902
vn -0.1340 -0.9680 0.2124
vn 0.1419 -0.7377 0.6600
vn 0.6595 -0.7513 0.0246
vn 0.6078 -0.5951 0.5258
vn 0.9996 0.0002 0.0293
vn 0.8970 -0.0052 0.4420
vn -0.3327 -0.7809 0.5287
vn 0.1916 -0.8156 0.5460
vn 0.1294 -0.9426 0.3078
vn -0.8439 0.2591 0.4698
vn -0.8442 -0.1935 0.5000
vn -0.8665 0.0175 0.4989
vn -0.5298 0.7185 0.4507
vn -0.4805 0.7540 0.4478
vn -0.0667 0.9702 -0.2329
vn 0.4098 0.9024 0.1330
vn 0.3951 0.4389 -0.8070
vn 0.6184 -0.2585 -0.7422
vn 0.5842 -0.8093 -0.0611
vn -0.9383 0.1032 0.3302
vn -0.9698 0.1926 -0.1496
vn -0.8401 -0.5309 -0.1115
vn -0.8624 -0.3604 0.3556
vn -0.1774 -0.9584 0.2237
vn -0.2088 -0.9550 0.2105
vn 0.3706 -0.9188 0.1358
vn 0.3816 -0.9199 0.0906
vn 0.3350 -0.9384 0.0851
vn -0.5050 -0.0500 0.8617
vn -0.3743 -0.0266 0.9269
vn -0.3870 -0.0371 0.9213
vn -0.4530 -0.0347 0.8908
vn -0.4917 -0.0723 0.8677
vn -0.5060 0.7086 0.4918
vn 0.8303 0.5020 -0.2421
vn -0.5945 0.8040 0.0132
vn 0.3556 -0.0149 0.9345
vn 0.8405 -0.5170 0.1621
vn 0.4594 -0.8594 0.2247
vn 0.9587 0.2777 0.0607
vn 0.6172 0.7817 0.0895
vn 0.8110 0.5796 0.0802
vn 0.3619 0.9241 0.1225
vn 0.1724 0.9740 0.1472
vn 0.1579 0.9803 0.1191
vn 0.4733 0.8714 0.1290
vn 0.2487 0.9213 0.2990
vn -0.8793 0.4673 -0.0919
# 4033 vertex normals

vt 0.9449 0.5170 0.0000
vt 0.9446 0.5171 0.0000
vt 0.9445 0.5170 0.0000
vt 0.9446 0.5172 0.0000
vt 0.9446 0.5173 0.0000
vt 0.9447 0.5173 0.0000
vt 0.9448 0.5173 0.0000
vt 0.9449 0.5174 0.0000
vt 0.9449 0.5173 0.0000
vt 0.9450 0.5173 0.0000
vt 0.9451 0.5173 0.0000
vt 0.9451 0.5172 0.0000
vt 0.9452 0.5172 0.0000
vt 0.9452 0.5171 0.0000
vt 0.9452 0.5170 0.0000
vt 0.9452 0.5169 0.0000
vt 0.9451 0.5169 0.0000
vt 0.9451 0.5168 0.0000
vt 0.9450 0.5167 0.0000
vt 0.9449 0.5167 0.0000
vt 0.9448 0.5167 0.0000
vt 0.9447 0.5168 0.0000
vt 0.9446 0.5168 0.0000
vt 0.9446 0.5169 0.0000
vt 0.9446 0.5170 0.0000
vt 0.9445 0.5171 0.0000
vt 0.9447 0.5172 0.0000
vt 0.9450 0.5168 0.0000
vt 0.9448 0.5168 0.0000
vt 0.0258 0.0850 0.0000
vt 0.0022 0.0924 0.0000
vt 0.0033 0.1272 0.0000
vt 0.0250 0.1182 0.0000
vt 0.0459 0.1135 0.0000
vt 0.0463 0.0672 0.0000
vt 0.0639 0.0518 0.0000
vt 0.0664 0.1272 0.0000
vt 0.1085 0.0665 0.0000
vt 0.0860 0.0514 0.0000
vt 0.0864 0.1272 0.0000
vt 0.1062 0.1272 0.0000
vt 0.1262 0.0846 0.0000
vt 0.1263 0.1272 0.0000
vt 0.1459 0.0924 0.0000
vt 0.1470 0.1272 0.0000
vt 0.0122 0.2028 0.0000
vt 0.0042 0.1895 0.0000
vt 0.0014 0.1959 0.0000
vt 0.0051 0.2019 0.0000
vt 0.0105 0.1875 0.0000
vt 0.0165 0.1907 0.0000
vt 0.0172 0.1978 0.0000
vt 0.0049 0.2371 0.0000
vt 0.0487 0.2350 0.0000
vt 0.0049 0.2459 0.0000
vt 0.0487 0.2480 0.0000
vt 0.0927 0.2350 0.0000
vt 0.0927 0.2480 0.0000
vt 0.0267 0.2341 0.0000
vt 0.0098 0.2341 0.0000
vt 0.0320 0.2175 0.0000
vt 0.0183 0.2072 0.0000
vt 0.0045 0.2175 0.0000
vt 0.0351 0.2334 0.0000
vt 0.0388 0.2186 0.0000
vt 0.0351 0.2186 0.0000
vt 0.0388 0.2334 0.0000
vt 0.0487 0.2478 0.0000
vt 0.0927 0.2478 0.0000
vt 0.0268 0.2341 0.0000
vt 0.3152 0.2646 0.0000
vt 0.3293 0.2634 0.0000
vt 0.3293 0.2800 0.0000
vt 0.3164 0.2812 0.0000
vt 0.2894 0.2598 0.0000
vt 0.3012 0.2527 0.0000
vt 0.3035 0.2658 0.0000
vt 0.2941 0.2729 0.0000
vt 0.3152 0.2480 0.0000
vt 0.3293 0.2456 0.0000
vt 0.3376 0.2460 0.0000
vt 0.3330 0.2548 0.0000
vt 0.3206 0.2439 0.0000
vt 0.3175 0.2463 0.0000
vt 0.3222 0.2550 0.0000
vt 0.3347 0.2439 0.0000
vt 0.3330 0.2602 0.0000
vt 0.3222 0.2604 0.0000
vt 0.3333 0.2757 0.0000
vt 0.3279 0.2747 0.0000
vt 0.3274 0.2789 0.0000
vt 0.3192 0.2670 0.0000
vt 0.3213 0.2659 0.0000
vt 0.3207 0.2607 0.0000
vt 0.3278 0.2638 0.0000
vt 0.3278 0.2612 0.0000
vt 0.3272 0.2581 0.0000
vt 0.3225 0.2763 0.0000
vt 0.3365 0.2674 0.0000
vt 0.3342 0.2601 0.0000
vt 0.3343 0.2658 0.0000
vt 0.3129 0.2373 0.0000
vt 0.3293 0.2361 0.0000
vt 0.2918 0.2848 0.0000
vt 0.2798 0.2806 0.0000
vt 0.3059 0.2934 0.0000
vt 0.3164 0.2966 0.0000
vt 0.3135 0.2981 0.0000
vt 0.3293 0.3032 0.0000
vt 0.3167 0.3032 0.0000
vt 0.3293 0.2966 0.0000
vt 0.2853 0.2566 0.0000
vt 0.2965 0.2397 0.0000
vt 0.2988 0.2444 0.0000
vt 0.3114 0.2326 0.0000
vt 0.3284 0.2305 0.0000
vt 0.2836 0.2996 0.0000
vt 0.2730 0.2981 0.0000
vt 0.2718 0.3017 0.0000
vt 0.2842 0.3029 0.0000
vt 0.2674 0.3002 0.0000
vt 0.2686 0.2975 0.0000
vt 0.2581 0.2963 0.0000
vt 0.3859 0.2364 0.0000
vt 0.3847 0.2412 0.0000
vt 0.3847 0.2554 0.0000
vt 0.3859 0.2601 0.0000
vt 0.3965 0.2613 0.0000
vt 0.3988 0.2613 0.0000
vt 0.3988 0.2305 0.0000
vt 0.3918 0.2317 0.0000
vt 0.3894 0.2625 0.0000
vt 0.3997 0.2702 0.0000
vt 0.3997 0.2794 0.0000
vt 0.3915 0.2806 0.0000
vt 0.3622 0.2729 0.0000
vt 0.3645 0.2658 0.0000
vt 0.3718 0.2699 0.0000
vt 0.3833 0.2860 0.0000
vt 0.3833 0.2759 0.0000
vt 0.3880 0.2860 0.0000
vt 0.3563 0.2302 0.0000
vt 0.3607 0.2373 0.0000
vt 0.3707 0.2373 0.0000
vt 0.3839 0.2302 0.0000
vt 0.3035 0.2824 0.0000
vt 0.3622 0.2940 0.0000
vt 0.3622 0.2860 0.0000
vt 0.3739 0.2860 0.0000
vt 0.3739 0.2940 0.0000
vt 0.3516 0.2954 0.0000
vt 0.3528 0.2860 0.0000
vt 0.3411 0.2966 0.0000
vt 0.3422 0.2812 0.0000
vt 0.3759 0.2587 0.0000
vt 0.3692 0.2610 0.0000
vt 0.3551 0.2444 0.0000
vt 0.3607 0.2400 0.0000
vt 0.3446 0.2373 0.0000
vt 0.3457 0.2320 0.0000
vt 0.3833 0.2685 0.0000
vt 0.3786 0.2673 0.0000
vt 0.3786 0.2601 0.0000
vt 0.2965 0.3014 0.0000
vt 0.2953 0.2978 0.0000
vt 0.3015 0.3002 0.0000
vt 0.3000 0.2969 0.0000
vt 0.3786 0.2951 0.0000
vt 0.3833 0.2963 0.0000
vt 0.3833 0.3023 0.0000
vt 0.3786 0.2860 0.0000
vt 0.3786 0.2747 0.0000
vt 0.3097 0.2960 0.0000
vt 0.3449 0.2984 0.0000
vt 0.3399 0.3032 0.0000
vt 0.2944 0.2937 0.0000
vt 0.2792 0.2937 0.0000
vt 0.3512 0.2751 0.0000
vt 0.3513 0.2608 0.0000
vt 0.3491 0.2780 0.0000
vt 0.3405 0.2734 0.0000
vt 0.3144 0.2622 0.0000
vt 0.3057 0.2577 0.0000
vt 0.3198 0.2621 0.0000
vt 0.3201 0.2730 0.0000
vt 0.3148 0.2731 0.0000
vt 0.3038 0.2749 0.0000
vt 0.3037 0.2606 0.0000
vt 0.3063 0.2780 0.0000
vt 0.3338 0.2815 0.0000
vt 0.3384 0.2902 0.0000
vt 0.3338 0.2760 0.0000
vt 0.3230 0.2759 0.0000
vt 0.3230 0.2812 0.0000
vt 0.3213 0.2924 0.0000
vt 0.3355 0.2924 0.0000
vt 0.3489 0.2577 0.0000
vt 0.3402 0.2624 0.0000
vt 0.3350 0.2734 0.0000
vt 0.3350 0.2624 0.0000
vt 0.3183 0.2900 0.0000
vt 0.2648 0.2320 0.0000
vt 0.2595 0.2352 0.0000
vt 0.2798 0.2355 0.0000
vt 0.2762 0.2320 0.0000
vt 0.3906 0.2886 0.0000
vt 0.3997 0.2886 0.0000
vt 0.3997 0.2934 0.0000
vt 0.3906 0.2934 0.0000
vt 0.3528 0.2682 0.0000
vt 0.3422 0.2646 0.0000
vt 0.3540 0.2539 0.0000
vt 0.3411 0.2468 0.0000
vt 0.3806 0.2373 0.0000
vt 0.3997 0.3014 0.0000
vt 0.3906 0.3014 0.0000
vt 0.2695 0.2308 0.0000
vt 0.2540 0.2509 0.0000
vt 0.2540 0.2557 0.0000
vt 0.2815 0.2557 0.0000
vt 0.2815 0.2521 0.0000
vt 0.2795 0.2504 0.0000
vt 0.2812 0.2447 0.0000
vt 0.2563 0.2423 0.0000
vt 0.2809 0.2415 0.0000
vt 0.2481 0.0354 0.0000
vt 0.2483 0.0129 0.0000
vt 0.2599 0.0036 0.0000
vt 0.2599 0.0354 0.0000
vt 0.2369 0.0130 0.0000
vt 0.2367 0.0354 0.0000
vt 0.2258 0.0354 0.0000
vt 0.2260 0.0036 0.0000
vt 0.2040 0.0354 0.0000
vt 0.2038 0.0036 0.0000
vt 0.2149 0.0036 0.0000
vt 0.2150 0.0354 0.0000
vt 0.1925 0.0354 0.0000
vt 0.1923 0.0036 0.0000
vt 0.1807 0.0354 0.0000
vt 0.1807 0.0036 0.0000
vt 0.2245 0.1554 0.0000
vt 0.2085 0.1555 0.0000
vt 0.1987 0.1430 0.0000
vt 0.2029 0.1279 0.0000
vt 0.2162 0.1214 0.0000
vt 0.2302 0.1270 0.0000
vt 0.2339 0.1427 0.0000
vt 0.1398 0.0366 0.0000
vt 0.1371 0.0513 0.0000
vt 0.1568 0.0512 0.0000
vt 0.1559 0.0365 0.0000
vt 0.1451 0.0190 0.0000
vt 0.1543 0.0190 0.0000
vt 0.1478 0.0059 0.0000
vt 0.1535 0.0060 0.0000
vt 0.1557 0.0511 0.0000
vt 0.1459 0.0511 0.0000
vt 0.1459 0.0424 0.0000
vt 0.1557 0.0424 0.0000
vt 0.1459 0.0349 0.0000
vt 0.1556 0.0349 0.0000
vt 0.1459 0.0283 0.0000
vt 0.1556 0.0283 0.0000
vt 0.1459 0.0217 0.0000
vt 0.1556 0.0217 0.0000
vt 0.1459 0.0141 0.0000
vt 0.1556 0.0141 0.0000
vt 0.1459 0.0055 0.0000
vt 0.1556 0.0055 0.0000
vt 0.1592 0.0060 0.0000
vt 0.1635 0.0190 0.0000
vt 0.1721 0.0365 0.0000
vt 0.1764 0.0511 0.0000
vt 0.1651 0.0217 0.0000
vt 0.1651 0.0283 0.0000
vt 0.1651 0.0141 0.0000
vt 0.1651 0.0055 0.0000
vt 0.1552 0.0055 0.0000
vt 0.1552 0.0141 0.0000
vt 0.1652 0.0141 0.0000
vt 0.1652 0.0055 0.0000
vt 0.1553 0.0217 0.0000
vt 0.1652 0.0217 0.0000
vt 0.1553 0.0283 0.0000
vt 0.1652 0.0283 0.0000
vt 0.1553 0.0142 0.0000
vt 0.1652 0.0142 0.0000
vt 0.1553 0.0055 0.0000
vt 0.1451 0.0055 0.0000
vt 0.1451 0.0141 0.0000
vt 0.1451 0.0217 0.0000
vt 0.1451 0.0283 0.0000
vt 0.1451 0.0142 0.0000
vt 0.1651 0.0424 0.0000
vt 0.1651 0.0511 0.0000
vt 0.1651 0.0349 0.0000
vt 0.1761 0.0346 0.0000
vt 0.1559 0.0346 0.0000
vt 0.1559 0.0485 0.0000
vt 0.1761 0.0485 0.0000
vt 0.1761 0.0192 0.0000
vt 0.1559 0.0192 0.0000
vt 0.1761 0.0053 0.0000
vt 0.1559 0.0053 0.0000
vt 0.1357 0.0192 0.0000
vt 0.1357 0.0053 0.0000
vt 0.1357 0.0346 0.0000
vt 0.1357 0.0485 0.0000
vt 0.2379 0.0937 0.0000
vt 0.2445 0.0661 0.0000
vt 0.2233 0.0621 0.0000
vt 0.1918 0.0729 0.0000
vt 0.1837 0.0690 0.0000
vt 0.1836 0.0737 0.0000
vt 0.1920 0.0800 0.0000
vt 0.1978 0.0700 0.0000
vt 0.1887 0.0669 0.0000
vt 0.2892 0.0776 0.0000
vt 0.2972 0.0753 0.0000
vt 0.2992 0.0722 0.0000
vt 0.2904 0.0722 0.0000
vt 0.2935 0.0824 0.0000
vt 0.3013 0.0790 0.0000
vt 0.2000 0.0852 0.0000
vt 0.2028 0.0774 0.0000
vt 0.2060 0.0727 0.0000
vt 0.2865 0.0721 0.0000
vt 0.2837 0.0785 0.0000
vt 0.2761 0.0865 0.0000
vt 0.2876 0.0898 0.0000
vt 0.2103 0.0546 0.0000
vt 0.2164 0.0549 0.0000
vt 0.2166 0.0452 0.0000
vt 0.2124 0.0418 0.0000
vt 0.2221 0.0545 0.0000
vt 0.2213 0.0445 0.0000
vt 0.2236 0.0504 0.0000
vt 0.2240 0.0404 0.0000
vt 0.2836 0.0581 0.0000
vt 0.2823 0.0495 0.0000
vt 0.2775 0.0495 0.0000
vt 0.2779 0.0584 0.0000
vt 0.2026 0.0471 0.0000
vt 0.2068 0.0561 0.0000
vt 0.2021 0.0633 0.0000
vt 0.1920 0.0632 0.0000
vt 0.1884 0.0544 0.0000
vt 0.1930 0.0472 0.0000
vt 0.2172 0.0946 0.0000
vt 0.2182 0.0980 0.0000
vt 0.2284 0.0982 0.0000
vt 0.2281 0.0948 0.0000
vt 0.2607 0.0984 0.0000
vt 0.2596 0.1016 0.0000
vt 0.2689 0.1031 0.0000
vt 0.2702 0.0997 0.0000
vt 0.2493 0.0950 0.0000
vt 0.2379 0.0972 0.0000
vt 0.2485 0.0980 0.0000
vt 0.2072 0.1008 0.0000
vt 0.2098 0.1033 0.0000
vt 0.2468 0.0870 0.0000
vt 0.2547 0.0875 0.0000
vt 0.2666 0.0877 0.0000
vt 0.2496 0.0575 0.0000
vt 0.2459 0.0449 0.0000
vt 0.2427 0.0493 0.0000
vt 0.2444 0.0576 0.0000
vt 0.2499 0.0681 0.0000
vt 0.2162 0.0628 0.0000
vt 0.2103 0.0637 0.0000
vt 0.3046 0.0757 0.0000
vt 0.2753 0.0685 0.0000
vt 0.2557 0.0687 0.0000
vt 0.2827 0.0679 0.0000
vt 0.2235 0.0544 0.0000
vt 0.2241 0.0502 0.0000
vt 0.2246 0.0538 0.0000
vt 0.2265 0.0452 0.0000
vt 0.2253 0.0407 0.0000
vt 0.2768 0.0582 0.0000
vt 0.2770 0.0499 0.0000
vt 0.2617 0.0510 0.0000
vt 0.2586 0.0586 0.0000
vt 0.3974 0.0408 0.0000
vt 0.3974 0.0473 0.0000
vt 0.3974 0.0343 0.0000
vt 0.3974 0.0316 0.0000
vt 0.3974 0.0500 0.0000
vt 0.4817 0.0473 0.0000
vt 0.4817 0.0500 0.0000
vt 0.4913 0.0473 0.0000
vt 0.4913 0.0500 0.0000
vt 0.4817 0.0408 0.0000
vt 0.4913 0.0408 0.0000
vt 0.4817 0.0343 0.0000
vt 0.4913 0.0343 0.0000
vt 0.4817 0.0316 0.0000
vt 0.4913 0.0316 0.0000
vt 0.4186 0.0500 0.0000
vt 0.4186 0.0473 0.0000
vt 0.4186 0.0408 0.0000
vt 0.4186 0.0343 0.0000
vt 0.4186 0.0316 0.0000
vt 0.4272 0.0500 0.0000
vt 0.4272 0.0473 0.0000
vt 0.4272 0.0408 0.0000
vt 0.4272 0.0343 0.0000
vt 0.4272 0.0316 0.0000
vt 0.4640 0.0500 0.0000
vt 0.4640 0.0473 0.0000
vt 0.4640 0.0408 0.0000
vt 0.4640 0.0343 0.0000
vt 0.4640 0.0316 0.0000
vt 0.4545 0.0500 0.0000
vt 0.4545 0.0473 0.0000
vt 0.4545 0.0408 0.0000
vt 0.4545 0.0343 0.0000
vt 0.4545 0.0316 0.0000
vt 0.4451 0.0500 0.0000
vt 0.4451 0.0473 0.0000
vt 0.4451 0.0408 0.0000
vt 0.4451 0.0343 0.0000
vt 0.4451 0.0316 0.0000
vt 0.3665 0.0381 0.0000
vt 0.3615 0.0291 0.0000
vt 0.3602 0.0224 0.0000
vt 0.3918 0.0224 0.0000
vt 0.3898 0.0291 0.0000
vt 0.0521 0.1877 0.0000
vt 0.0495 0.2057 0.0000
vt 0.0396 0.2034 0.0000
vt 0.0421 0.1877 0.0000
vt 0.0653 0.1877 0.0000
vt 0.0650 0.2069 0.0000
vt 0.0789 0.1877 0.0000
vt 0.0816 0.2057 0.0000
vt 0.0893 0.1877 0.0000
vt 0.0920 0.2034 0.0000
vt 0.0495 0.1698 0.0000
vt 0.0396 0.1721 0.0000
vt 0.0650 0.1686 0.0000
vt 0.0816 0.1698 0.0000
vt 0.0920 0.1721 0.0000
vt 0.3918 0.0047 0.0000
vt 0.3936 0.0135 0.0000
vt 0.3584 0.0135 0.0000
vt 0.3602 0.0047 0.0000
vt 0.0354 0.2017 0.0000
vt 0.0368 0.1877 0.0000
vt 0.0946 0.1877 0.0000
vt 0.0960 0.2017 0.0000
vt 0.0354 0.1738 0.0000
vt 0.0960 0.1738 0.0000
vt 0.3756 0.0416 0.0000
vt 0.3849 0.0381 0.0000
vt 0.1544 0.0187 0.0000
vt 0.1545 0.0056 0.0000
vt 0.1684 0.0056 0.0000
vt 0.1633 0.0187 0.0000
vt 0.1544 0.0357 0.0000
vt 0.1632 0.0356 0.0000
vt 0.1545 0.0487 0.0000
vt 0.1681 0.0487 0.0000
vt 0.1732 0.0356 0.0000
vt 0.1545 0.0187 0.0000
vt 0.1734 0.0187 0.0000
vt 0.1451 0.0187 0.0000
vt 0.1416 0.0056 0.0000
vt 0.1451 0.0357 0.0000
vt 0.1416 0.0487 0.0000
vt 0.1368 0.0357 0.0000
vt 0.1368 0.0187 0.0000
vt 0.1540 0.0153 0.0000
vt 0.1524 0.0028 0.0000
vt 0.1572 0.0028 0.0000
vt 0.1621 0.0153 0.0000
vt 0.1548 0.0400 0.0000
vt 0.1672 0.0400 0.0000
vt 0.1549 0.0523 0.0000
vt 0.1698 0.0523 0.0000
vt 0.1671 0.0400 0.0000
vt 0.1539 0.0153 0.0000
vt 0.1619 0.0153 0.0000
vt 0.1460 0.0153 0.0000
vt 0.1477 0.0028 0.0000
vt 0.1425 0.0400 0.0000
vt 0.1400 0.0523 0.0000
vt 0.1424 0.0400 0.0000
vt 0.4967 0.2326 0.0000
vt 0.4967 0.2209 0.0000
vt 0.4131 0.2209 0.0000
vt 0.4131 0.2326 0.0000
vt 0.2660 0.1215 0.0000
vt 0.2612 0.1112 0.0000
vt 0.2530 0.1051 0.0000
vt 0.2467 0.1051 0.0000
vt 0.2384 0.1112 0.0000
vt 0.2340 0.1215 0.0000
vt 0.2340 0.1269 0.0000
vt 0.2385 0.1373 0.0000
vt 0.2467 0.1433 0.0000
vt 0.2531 0.1433 0.0000
vt 0.2612 0.1373 0.0000
vt 0.2660 0.1269 0.0000
vt 0.2383 0.1112 0.0000
vt 0.2465 0.1051 0.0000
vt 0.2529 0.1051 0.0000
vt 0.2611 0.1112 0.0000
vt 0.2661 0.1269 0.0000
vt 0.2613 0.1373 0.0000
vt 0.2533 0.1433 0.0000
vt 0.2469 0.1433 0.0000
vt 0.4083 0.2043 0.0000
vt 0.4083 0.2162 0.0000
vt 0.4436 0.2043 0.0000
vt 0.4436 0.2162 0.0000
vt 0.4436 0.1964 0.0000
vt 0.4083 0.1964 0.0000
vt 0.2551 0.1234 0.0000
vt 0.2551 0.1230 0.0000
vt 0.2548 0.1239 0.0000
vt 0.2548 0.1226 0.0000
vt 0.2543 0.1224 0.0000
vt 0.2541 0.1224 0.0000
vt 0.2536 0.1226 0.0000
vt 0.2533 0.1230 0.0000
vt 0.2532 0.1234 0.0000
vt 0.2535 0.1239 0.0000
vt 0.2540 0.1242 0.0000
vt 0.2543 0.1241 0.0000
vt 0.2547 0.1242 0.0000
vt 0.2549 0.1240 0.0000
vt 0.2542 0.1242 0.0000
vt 0.2551 0.1235 0.0000
vt 0.2550 0.1230 0.0000
vt 0.2548 0.1227 0.0000
vt 0.2538 0.1223 0.0000
vt 0.2534 0.1225 0.0000
vt 0.2534 0.1236 0.0000
vt 0.2536 0.1239 0.0000
vt 0.2532 0.1230 0.0000
vt 0.2534 0.1239 0.0000
vt 0.2550 0.1231 0.0000
vt 0.2543 0.1242 0.0000
vt 0.2535 0.1225 0.0000
vt 0.2549 0.1227 0.0000
vt 0.4407 0.0707 0.0000
vt 0.4328 0.0702 0.0000
vt 0.4326 0.0793 0.0000
vt 0.4367 0.1201 0.0000
vt 0.4368 0.0826 0.0000
vt 0.4321 0.0823 0.0000
vt 0.4310 0.1205 0.0000
vt 0.4410 0.1314 0.0000
vt 0.4416 0.1223 0.0000
vt 0.4320 0.1230 0.0000
vt 0.4316 0.1321 0.0000
vt 0.4485 0.1309 0.0000
vt 0.4478 0.1219 0.0000
vt 0.4481 0.0798 0.0000
vt 0.4415 0.0798 0.0000
vt 0.4682 0.0790 0.0000
vt 0.4681 0.0697 0.0000
vt 0.4572 0.0702 0.0000
vt 0.4574 0.0793 0.0000
vt 0.4699 0.1188 0.0000
vt 0.4686 0.0823 0.0000
vt 0.4563 0.0827 0.0000
vt 0.4561 0.1187 0.0000
vt 0.4577 0.1306 0.0000
vt 0.4698 0.1306 0.0000
vt 0.4696 0.1216 0.0000
vt 0.4574 0.1215 0.0000
vt 0.4194 0.1264 0.0000
vt 0.4217 0.0817 0.0000
vt 0.4200 0.1230 0.0000
vt 0.4226 0.0693 0.0000
vt 0.4221 0.0784 0.0000
vt 0.4489 0.0707 0.0000
vt 0.4818 0.1221 0.0000
vt 0.4959 0.0656 0.0000
vt 0.4808 0.0785 0.0000
vt 0.4806 0.0694 0.0000
vt 0.4939 0.1345 0.0000
vt 0.4820 0.1312 0.0000
vt 0.3177 0.1377 0.0000
vt 0.3225 0.0551 0.0000
vt 0.3095 0.0656 0.0000
vt 0.3075 0.1345 0.0000
vt 0.4772 0.0818 0.0000
vt 0.4782 0.1191 0.0000
vt 0.4192 0.1354 0.0000
vt 0.4093 0.0768 0.0000
vt 0.4098 0.0677 0.0000
vt 0.4131 0.0801 0.0000
vt 0.4108 0.1274 0.0000
vt 0.4066 0.1311 0.0000
vt 0.4062 0.1403 0.0000
vt 0.4516 0.0829 0.0000
vt 0.4512 0.1189 0.0000
vt 0.3570 0.0379 0.0000
vt 0.3481 0.0358 0.0000
vt 0.3472 0.1259 0.0000
vt 0.3245 0.1381 0.0000
vt 0.3295 0.0472 0.0000
vt 0.3349 0.1291 0.0000
vt 0.3393 0.0389 0.0000
vt 0.3943 0.1442 0.0000
vt 0.3911 0.0637 0.0000
vt 0.3815 0.1476 0.0000
vt 0.3759 0.0549 0.0000
vt 0.3680 0.0453 0.0000
vt 0.3734 0.1391 0.0000
vt 0.3612 0.1296 0.0000
vt 0.1706 0.1194 0.0000
vt 0.1688 0.1233 0.0000
vt 0.1925 0.1233 0.0000
vt 0.1909 0.1194 0.0000
vt 0.1757 0.1154 0.0000
vt 0.1864 0.1154 0.0000
vt 0.1810 0.1142 0.0000
vt 0.2138 0.1551 0.0000
vt 0.2078 0.1537 0.0000
vt 0.2015 0.1487 0.0000
vt 0.1979 0.1412 0.0000
vt 0.2338 0.1412 0.0000
vt 0.2310 0.1487 0.0000
vt 0.2247 0.1537 0.0000
vt 0.2187 0.1551 0.0000
vt 0.2177 0.1343 0.0000
vt 0.2002 0.1341 0.0000
vt 0.2032 0.1282 0.0000
vt 0.2310 0.1285 0.0000
vt 0.2326 0.1340 0.0000
vt 0.1677 0.1301 0.0000
vt 0.2177 0.1211 0.0000
vt 0.2111 0.1226 0.0000
vt 0.2060 0.1254 0.0000
vt 0.2239 0.1223 0.0000
vt 0.2289 0.1252 0.0000
vt 0.1863 0.1476 0.0000
vt 0.1909 0.1438 0.0000
vt 0.1938 0.1378 0.0000
vt 0.1674 0.1378 0.0000
vt 0.1694 0.1438 0.0000
vt 0.1733 0.1476 0.0000
vt 0.1774 0.1490 0.0000
vt 0.1819 0.1490 0.0000
vt 0.1936 0.1301 0.0000
vt 0.0501 0.1641 0.0000
vt 0.0484 0.1507 0.0000
vt 0.0684 0.1641 0.0000
vt 0.0682 0.1407 0.0000
vt 0.0132 0.1641 0.0000
vt 0.0149 0.1422 0.0000
vt 0.0201 0.1641 0.0000
vt 0.0214 0.1517 0.0000
vt 0.0116 0.1322 0.0000
vt 0.0016 0.1322 0.0000
vt 0.0012 0.1641 0.0000
vt 0.1400 0.1641 0.0000
vt 0.1405 0.1315 0.0000
vt 0.1519 0.1641 0.0000
vt 0.1523 0.1322 0.0000
vt 0.1292 0.1641 0.0000
vt 0.1297 0.1319 0.0000
vt 0.1187 0.1641 0.0000
vt 0.1191 0.1319 0.0000
vt 0.2756 0.1213 0.0000
vt 0.2766 0.1259 0.0000
vt 0.2771 0.1187 0.0000
vt 0.2914 0.1233 0.0000
vt 0.2933 0.1275 0.0000
vt 0.2928 0.1323 0.0000
vt 0.1079 0.1641 0.0000
vt 0.1081 0.1319 0.0000
vt 0.0890 0.1641 0.0000
vt 0.0889 0.1315 0.0000
vt 0.0727 0.1319 0.0000
vt 0.0575 0.1322 0.0000
vt 0.0423 0.1431 0.0000
vt 0.0223 0.1322 0.0000
vt 0.0273 0.1431 0.0000
vt 0.3161 0.1503 0.0000
vt 0.3172 0.2195 0.0000
vt 0.3105 0.1564 0.0000
vt 0.3115 0.2184 0.0000
vt 0.2902 0.2068 0.0000
vt 0.2901 0.1650 0.0000
vt 0.3018 0.2135 0.0000
vt 0.3012 0.1633 0.0000
vt 0.3265 0.2183 0.0000
vt 0.3254 0.1427 0.0000
vt 0.3379 0.2150 0.0000
vt 0.3376 0.1386 0.0000
vt 0.3700 0.1991 0.0000
vt 0.3642 0.2014 0.0000
vt 0.3707 0.1515 0.0000
vt 0.3651 0.1473 0.0000
vt 0.1970 0.1006 0.0000
vt 0.1767 0.0883 0.0000
vt 0.1885 0.0891 0.0000
vt 0.1690 0.1088 0.0000
vt 0.1984 0.1088 0.0000
vt 0.1705 0.0970 0.0000
vt 0.2718 0.1072 0.0000
vt 0.2980 0.1203 0.0000
vt 0.2725 0.1235 0.0000
vt 0.2702 0.1126 0.0000
vt 0.2967 0.1072 0.0000
vt 0.2967 0.1342 0.0000
vt 0.2912 0.1458 0.0000
vt 0.1477 0.0891 0.0000
vt 0.1401 0.0855 0.0000
vt 0.1502 0.0821 0.0000
vt 0.1428 0.0785 0.0000
vt 0.1616 0.0825 0.0000
vt 0.1667 0.0743 0.0000
vt 0.1638 0.0890 0.0000
vt 0.1708 0.0854 0.0000
vt 0.1598 0.0759 0.0000
vt 0.1616 0.0645 0.0000
vt 0.3909 0.2038 0.0000
vt 0.3910 0.1637 0.0000
vt 0.3800 0.1581 0.0000
vt 0.3795 0.1995 0.0000
vt 0.3548 0.2069 0.0000
vt 0.3557 0.1420 0.0000
vt 0.3433 0.2127 0.0000
vt 0.3436 0.1386 0.0000
vt 0.3965 0.1650 0.0000
vt 0.3966 0.2068 0.0000
vt 0.1531 0.0764 0.0000
vt 0.1509 0.0653 0.0000
vt 0.1715 0.0681 0.0000
vt 0.1757 0.0806 0.0000
vt 0.1655 0.0582 0.0000
vt 0.1468 0.0590 0.0000
vt 0.1378 0.0719 0.0000
vt 0.1351 0.0806 0.0000
vt 0.2891 0.1392 0.0000
vt 0.2841 0.1406 0.0000
vt 0.2791 0.1392 0.0000
vt 0.2760 0.1335 0.0000
vt 0.2763 0.1458 0.0000
vt 0.2837 0.1481 0.0000
vt 0.2718 0.1362 0.0000
vt 0.4870 0.2357 0.0000
vt 0.4734 0.2357 0.0000
vt 0.4718 0.2807 0.0000
vt 0.4620 0.2807 0.0000
vt 0.4627 0.2357 0.0000
vt 0.4555 0.2807 0.0000
vt 0.4556 0.2357 0.0000
vt 0.4486 0.2357 0.0000
vt 0.4490 0.2807 0.0000
vt 0.4384 0.2807 0.0000
vt 0.4369 0.2357 0.0000
vt 0.4243 0.2357 0.0000
vt 0.4621 0.1851 0.0000
vt 0.4552 0.1851 0.0000
vt 0.4532 0.2028 0.0000
vt 0.4741 0.1782 0.0000
vt 0.4677 0.1785 0.0000
vt 0.4682 0.1841 0.0000
vt 0.4761 0.2704 0.0000
vt 0.4870 0.2704 0.0000
vt 0.4761 0.2807 0.0000
vt 0.4243 0.2706 0.0000
vt 0.4347 0.2704 0.0000
vt 0.4347 0.2807 0.0000
vt 0.4801 0.1722 0.0000
vt 0.4741 0.1720 0.0000
vt 0.4809 0.1788 0.0000
vt 0.4876 0.1743 0.0000
vt 0.4878 0.1808 0.0000
vt 0.4741 0.1607 0.0000
vt 0.4741 0.1582 0.0000
vt 0.4707 0.1579 0.0000
vt 0.4704 0.1599 0.0000
vt 0.4628 0.2054 0.0000
vt 0.4741 0.2061 0.0000
vt 0.4741 0.1915 0.0000
vt 0.4688 0.1914 0.0000
vt 0.4683 0.1849 0.0000
vt 0.4629 0.1855 0.0000
vt 0.4741 0.1850 0.0000
vt 0.1759 0.2023 0.0000
vt 0.1848 0.2047 0.0000
vt 0.1936 0.2023 0.0000
vt 0.1671 0.1870 0.0000
vt 0.1695 0.1958 0.0000
vt 0.1936 0.1717 0.0000
vt 0.1759 0.1717 0.0000
vt 0.1695 0.1782 0.0000
vt 0.1848 0.1694 0.0000
vt 0.2024 0.1870 0.0000
vt 0.2000 0.1782 0.0000
vt 0.4501 0.0059 0.0000
vt 0.4323 0.0059 0.0000
vt 0.4323 0.0234 0.0000
vt 0.4741 0.1841 0.0000
vt 0.4654 0.1521 0.0000
vt 0.4612 0.1743 0.0000
vt 0.4681 0.1722 0.0000
vt 0.4145 0.0234 0.0000
vt 0.4145 0.0059 0.0000
vt 0.3967 0.0234 0.0000
vt 0.3967 0.0059 0.0000
vt 0.4929 0.1861 0.0000
vt 0.4952 0.2032 0.0000
vt 0.4960 0.2031 0.0000
vt 0.4606 0.1808 0.0000
vt 0.4557 0.2357 0.0000
vt 0.4487 0.2357 0.0000
vt 0.4556 0.2801 0.0000
vt 0.4492 0.2801 0.0000
vt 0.4386 0.2801 0.0000
vt 0.4371 0.2357 0.0000
vt 0.4246 0.2357 0.0000
vt 0.4246 0.2701 0.0000
vt 0.4868 0.2700 0.0000
vt 0.4733 0.2357 0.0000
vt 0.4868 0.2357 0.0000
vt 0.4350 0.2700 0.0000
vt 0.4699 0.1521 0.0000
vt 0.4637 0.1388 0.0000
vt 0.4695 0.1388 0.0000
vt 0.4787 0.1388 0.0000
vt 0.4741 0.1391 0.0000
vt 0.4741 0.1520 0.0000
vt 0.4782 0.1521 0.0000
vt 0.4774 0.1579 0.0000
vt 0.4827 0.1521 0.0000
vt 0.4777 0.1599 0.0000
vt 0.4844 0.1384 0.0000
vt 0.4853 0.2057 0.0000
vt 0.4792 0.1914 0.0000
vt 0.4621 0.2801 0.0000
vt 0.4760 0.2700 0.0000
vt 0.4717 0.2801 0.0000
vt 0.4760 0.2801 0.0000
vt 0.4350 0.2801 0.0000
vt 0.4856 0.0059 0.0000
vt 0.4679 0.0059 0.0000
vt 0.4679 0.0234 0.0000
vt 0.4501 0.0234 0.0000
vt 0.2000 0.1958 0.0000
vt 0.4498 0.3567 0.0000
vt 0.4709 0.3567 0.0000
vt 0.4709 0.3399 0.0000
vt 0.4498 0.3399 0.0000
vt 0.4709 0.3800 0.0000
vt 0.4963 0.3567 0.0000
vt 0.4963 0.3800 0.0000
vt 0.4800 0.1846 0.0000
vt 0.4799 0.1853 0.0000
vt 0.4857 0.1859 0.0000
vt 0.4849 0.1866 0.0000
vt 0.4857 0.0234 0.0000
vt 0.4857 0.0059 0.0000
vt 0.4978 0.0234 0.0000
vt 0.4978 0.0059 0.0000
vt 0.4856 0.0234 0.0000
vt 0.4977 0.0234 0.0000
vt 0.4977 0.0059 0.0000
vt 0.4542 0.1845 0.0000
vt 0.4521 0.2025 0.0000
vt 0.4621 0.1386 0.0000
vt 0.4622 0.1525 0.0000
vt 0.4866 0.1515 0.0000
vt 0.4867 0.1387 0.0000
vt 0.4945 0.1859 0.0000
vt 0.4498 0.3800 0.0000
vt 0.2679 0.3790 0.0000
vt 0.2585 0.3750 0.0000
vt 0.2690 0.3762 0.0000
vt 0.2734 0.3768 0.0000
vt 0.2723 0.3805 0.0000
vt 0.2840 0.3784 0.0000
vt 0.2845 0.3818 0.0000
vt 0.3296 0.3125 0.0000
vt 0.3117 0.3088 0.0000
vt 0.3132 0.3137 0.0000
vt 0.3287 0.3067 0.0000
vt 0.2968 0.3162 0.0000
vt 0.2992 0.3211 0.0000
vt 0.2857 0.3337 0.0000
vt 0.2898 0.3371 0.0000
vt 0.3167 0.3753 0.0000
vt 0.3296 0.3821 0.0000
vt 0.3296 0.3753 0.0000
vt 0.3170 0.3821 0.0000
vt 0.3062 0.3719 0.0000
vt 0.3138 0.3768 0.0000
vt 0.2945 0.3507 0.0000
vt 0.2802 0.3587 0.0000
vt 0.2921 0.3630 0.0000
vt 0.3296 0.3224 0.0000
vt 0.3155 0.3248 0.0000
vt 0.3015 0.3297 0.0000
vt 0.3296 0.3408 0.0000
vt 0.3155 0.3421 0.0000
vt 0.3038 0.3433 0.0000
vt 0.3296 0.3581 0.0000
vt 0.3167 0.3593 0.0000
vt 0.3038 0.3605 0.0000
vt 0.3840 0.3064 0.0000
vt 0.3708 0.3137 0.0000
vt 0.3565 0.3064 0.0000
vt 0.3609 0.3137 0.0000
vt 0.3834 0.3642 0.0000
vt 0.3881 0.3642 0.0000
vt 0.3834 0.3538 0.0000
vt 0.3623 0.3507 0.0000
vt 0.3720 0.3476 0.0000
vt 0.3647 0.3433 0.0000
vt 0.3998 0.3479 0.0000
vt 0.3916 0.3587 0.0000
vt 0.3998 0.3574 0.0000
vt 0.3860 0.3128 0.0000
vt 0.3919 0.3079 0.0000
vt 0.3860 0.3374 0.0000
vt 0.3895 0.3399 0.0000
vt 0.3965 0.3387 0.0000
vt 0.3989 0.3067 0.0000
vt 0.3989 0.3387 0.0000
vt 0.3848 0.3325 0.0000
vt 0.3848 0.3177 0.0000
vt 0.3907 0.3670 0.0000
vt 0.3998 0.3670 0.0000
vt 0.3998 0.3719 0.0000
vt 0.3907 0.3719 0.0000
vt 0.2766 0.3082 0.0000
vt 0.2802 0.3119 0.0000
vt 0.2652 0.3082 0.0000
vt 0.2600 0.3116 0.0000
vt 0.2813 0.3181 0.0000
vt 0.2568 0.3190 0.0000
vt 0.2816 0.3214 0.0000
vt 0.2544 0.3279 0.0000
vt 0.2799 0.3273 0.0000
vt 0.2819 0.3328 0.0000
vt 0.2819 0.3291 0.0000
vt 0.2544 0.3328 0.0000
vt 0.2699 0.3070 0.0000
vt 0.3998 0.3802 0.0000
vt 0.3907 0.3802 0.0000
vt 0.3808 0.3137 0.0000
vt 0.3413 0.3753 0.0000
vt 0.3401 0.3821 0.0000
vt 0.3518 0.3741 0.0000
vt 0.3451 0.3771 0.0000
vt 0.3740 0.3642 0.0000
vt 0.3623 0.3642 0.0000
vt 0.3448 0.3137 0.0000
vt 0.3413 0.3236 0.0000
vt 0.3553 0.3211 0.0000
vt 0.3541 0.3310 0.0000
vt 0.3694 0.3384 0.0000
vt 0.3424 0.3421 0.0000
vt 0.3530 0.3458 0.0000
vt 0.3424 0.3593 0.0000
vt 0.3530 0.3642 0.0000
vt 0.3623 0.3725 0.0000
vt 0.3740 0.3725 0.0000
vt 0.2948 0.3722 0.0000
vt 0.2796 0.3722 0.0000
vt 0.3018 0.3790 0.0000
vt 0.3003 0.3756 0.0000
vt 0.3100 0.3747 0.0000
vt 0.3787 0.3525 0.0000
vt 0.3834 0.3461 0.0000
vt 0.3787 0.3448 0.0000
vt 0.3787 0.3642 0.0000
vt 0.3834 0.3750 0.0000
vt 0.3787 0.3738 0.0000
vt 0.3761 0.3359 0.0000
vt 0.3834 0.3811 0.0000
vt 0.2957 0.3765 0.0000
vt 0.2968 0.3802 0.0000
vt 0.3787 0.3374 0.0000
vt 0.3460 0.3082 0.0000
vt 0.3609 0.3165 0.0000
vt 0.6917 0.3650 0.0000
vt 0.6906 0.3553 0.0000
vt 0.6809 0.3650 0.0000
vt 0.6802 0.3479 0.0000
vt 0.6821 0.3509 0.0000
vt 0.6816 0.3461 0.0000
vt 0.6927 0.3509 0.0000
vt 0.5655 0.3773 0.0000
vt 0.5668 0.4014 0.0000
vt 0.5758 0.3773 0.0000
vt 0.5776 0.4014 0.0000
vt 0.6095 0.4402 0.0000
vt 0.5799 0.4402 0.0000
vt 0.6077 0.4113 0.0000
vt 0.6028 0.4162 0.0000
vt 0.5913 0.4175 0.0000
vt 0.5812 0.4162 0.0000
vt 0.6254 0.4162 0.0000
vt 0.6238 0.4401 0.0000
vt 0.6131 0.4113 0.0000
vt 0.6106 0.4401 0.0000
vt 0.7294 0.4398 0.0000
vt 0.6998 0.4398 0.0000
vt 0.7281 0.4158 0.0000
vt 0.7180 0.4171 0.0000
vt 0.7065 0.4158 0.0000
vt 0.7016 0.4109 0.0000
vt 0.6667 0.4934 0.0000
vt 0.6667 0.4826 0.0000
vt 0.6548 0.4934 0.0000
vt 0.6548 0.4816 0.0000
vt 0.6419 0.3468 0.0000
vt 0.6551 0.3471 0.0000
vt 0.6419 0.3509 0.0000
vt 0.6551 0.3509 0.0000
vt 0.5283 0.3773 0.0000
vt 0.5277 0.4014 0.0000
vt 0.5407 0.3773 0.0000
vt 0.5407 0.4014 0.0000
vt 0.6682 0.4162 0.0000
vt 0.6689 0.4401 0.0000
vt 0.6547 0.4162 0.0000
vt 0.6547 0.4401 0.0000
vt 0.6407 0.4401 0.0000
vt 0.6415 0.4162 0.0000
vt 0.6806 0.4934 0.0000
vt 0.6810 0.4869 0.0000
vt 0.6277 0.3509 0.0000
vt 0.6282 0.3461 0.0000
vt 0.5155 0.3773 0.0000
vt 0.5142 0.4014 0.0000
vt 0.6427 0.4826 0.0000
vt 0.6427 0.4934 0.0000
vt 0.6686 0.3509 0.0000
vt 0.6686 0.3468 0.0000
vt 0.5532 0.3773 0.0000
vt 0.5539 0.4014 0.0000
vt 0.6836 0.4162 0.0000
vt 0.6852 0.4401 0.0000
vt 0.6289 0.4869 0.0000
vt 0.6293 0.4934 0.0000
vt 0.6963 0.4113 0.0000
vt 0.6988 0.4401 0.0000
vt 0.6682 0.4020 0.0000
vt 0.6547 0.4019 0.0000
vt 0.6663 0.3920 0.0000
vt 0.6922 0.4933 0.0000
vt 0.6174 0.3509 0.0000
vt 0.5055 0.3773 0.0000
vt 0.5037 0.4014 0.0000
vt 0.6936 0.3634 0.0000
vt 0.6824 0.3634 0.0000
vt 0.6551 0.3634 0.0000
vt 0.6419 0.3634 0.0000
vt 0.6274 0.3634 0.0000
vt 0.6686 0.3634 0.0000
vt 0.6165 0.3634 0.0000
vt 0.6254 0.4023 0.0000
vt 0.6177 0.4026 0.0000
vt 0.6415 0.4020 0.0000
vt 0.6836 0.4023 0.0000
vt 0.6917 0.4026 0.0000
vt 0.6833 0.3838 0.0000
vt 0.6965 0.3838 0.0000
vt 0.6833 0.3859 0.0000
vt 0.6920 0.3859 0.0000
vt 0.6686 0.3838 0.0000
vt 0.6686 0.3859 0.0000
vt 0.6551 0.3838 0.0000
vt 0.6551 0.3859 0.0000
vt 0.6419 0.3838 0.0000
vt 0.6419 0.3859 0.0000
vt 0.6265 0.3838 0.0000
vt 0.6265 0.3859 0.0000
vt 0.6136 0.3838 0.0000
vt 0.6182 0.3859 0.0000
vt 0.6295 0.3939 0.0000
vt 0.6433 0.3920 0.0000
vt 0.6547 0.3920 0.0000
vt 0.6796 0.3939 0.0000
vt 0.6799 0.3880 0.0000
vt 0.6666 0.3891 0.0000
vt 0.6551 0.3898 0.0000
vt 0.6438 0.3891 0.0000
vt 0.6300 0.3880 0.0000
vt 0.5655 0.3682 0.0000
vt 0.5532 0.3682 0.0000
vt 0.5407 0.3682 0.0000
vt 0.5283 0.3682 0.0000
vt 0.5155 0.3682 0.0000
vt 0.6954 0.3777 0.0000
vt 0.6830 0.3777 0.0000
vt 0.6551 0.3777 0.0000
vt 0.6419 0.3777 0.0000
vt 0.6268 0.3777 0.0000
vt 0.6686 0.3777 0.0000
vt 0.6147 0.3777 0.0000
vt 0.7010 0.4678 0.0000
vt 0.7061 0.4675 0.0000
vt 0.7180 0.4669 0.0000
vt 0.7270 0.4661 0.0000
vt 0.6829 0.4682 0.0000
vt 0.6954 0.4679 0.0000
vt 0.6679 0.4684 0.0000
vt 0.6547 0.4684 0.0000
vt 0.6418 0.4684 0.0000
vt 0.6425 0.3650 0.0000
vt 0.6287 0.3650 0.0000
vt 0.6425 0.3833 0.0000
vt 0.6261 0.4682 0.0000
vt 0.6140 0.4679 0.0000
vt 0.5823 0.4664 0.0000
vt 0.5913 0.4673 0.0000
vt 0.6032 0.4679 0.0000
vt 0.6083 0.4681 0.0000
vt 0.5161 0.4273 0.0000
vt 0.5065 0.4277 0.0000
vt 0.5286 0.4273 0.0000
vt 0.5407 0.4273 0.0000
vt 0.5529 0.4273 0.0000
vt 0.5648 0.4273 0.0000
vt 0.5748 0.4277 0.0000
vt 0.6940 0.3778 0.0000
vt 0.6818 0.3778 0.0000
vt 0.6425 0.3485 0.0000
vt 0.6550 0.3488 0.0000
vt 0.6550 0.3650 0.0000
vt 0.6294 0.3479 0.0000
vt 0.6678 0.3485 0.0000
vt 0.6678 0.3650 0.0000
vt 0.6194 0.3553 0.0000
vt 0.6183 0.3650 0.0000
vt 0.6550 0.3833 0.0000
vt 0.6279 0.3778 0.0000
vt 0.6277 0.3833 0.0000
vt 0.6678 0.3833 0.0000
vt 0.6820 0.3833 0.0000
vt 0.6805 0.4967 0.0000
vt 0.6917 0.4967 0.0000
vt 0.6174 0.4933 0.0000
vt 0.6179 0.4967 0.0000
vt 0.6295 0.4967 0.0000
vt 0.6160 0.3778 0.0000
vt 0.6811 0.4797 0.0000
vt 0.6928 0.4792 0.0000
vt 0.6670 0.4802 0.0000
vt 0.6547 0.4803 0.0000
vt 0.6426 0.4802 0.0000
vt 0.6280 0.4797 0.0000
vt 0.6166 0.4792 0.0000
vt 0.6045 0.4790 0.0000
vt 0.6072 0.4794 0.0000
vt 0.6267 0.4677 0.0000
vt 0.6145 0.4677 0.0000
vt 0.6285 0.4787 0.0000
vt 0.6170 0.4787 0.0000
vt 0.6266 0.4679 0.0000
vt 0.6284 0.4792 0.0000
vt 0.6418 0.4679 0.0000
vt 0.6426 0.4792 0.0000
vt 0.6547 0.4679 0.0000
vt 0.6547 0.4792 0.0000
vt 0.6679 0.4679 0.0000
vt 0.6670 0.4792 0.0000
vt 0.6825 0.4679 0.0000
vt 0.6807 0.4792 0.0000
vt 0.6823 0.4677 0.0000
vt 0.6805 0.4787 0.0000
vt 0.6949 0.4677 0.0000
vt 0.6923 0.4787 0.0000
vt 0.7021 0.4790 0.0000
vt 0.7048 0.4786 0.0000
vt 0.5503 0.4955 0.0000
vt 0.5527 0.4739 0.0000
vt 0.5410 0.4953 0.0000
vt 0.5397 0.4739 0.0000
vt 0.5413 0.4493 0.0000
vt 0.5507 0.4494 0.0000
vt 0.5647 0.4968 0.0000
vt 0.5647 0.4615 0.0000
vt 0.5752 0.4969 0.0000
vt 0.5753 0.4614 0.0000
vt 0.5576 0.4404 0.0000
vt 0.5661 0.4375 0.0000
vt 0.5729 0.4375 0.0000
vt 0.5641 0.4140 0.0000
vt 0.5752 0.4140 0.0000
vt 0.5653 0.4325 0.0000
vt 0.5737 0.4325 0.0000
vt 0.5729 0.3955 0.0000
vt 0.5716 0.3832 0.0000
vt 0.5629 0.3954 0.0000
vt 0.5635 0.3832 0.0000
vt 0.5248 0.4673 0.0000
vt 0.5249 0.4792 0.0000
vt 0.5355 0.4673 0.0000
vt 0.5151 0.4792 0.0000
vt 0.5147 0.4673 0.0000
vt 0.5049 0.4792 0.0000
vt 0.5056 0.4673 0.0000
vt 0.5353 0.4556 0.0000
vt 0.5248 0.4556 0.0000
vt 0.5136 0.4556 0.0000
vt 0.5072 0.4556 0.0000
vt 0.5331 0.4472 0.0000
vt 0.5266 0.4472 0.0000
vt 0.6043 0.3851 0.0000
vt 0.6076 0.3940 0.0000
vt 0.5360 0.4963 0.0000
vt 0.5358 0.4792 0.0000
vt 0.5254 0.4963 0.0000
vt 0.5160 0.4963 0.0000
vt 0.5035 0.4963 0.0000
vt 0.6044 0.3921 0.0000
vt 0.6029 0.4042 0.0000
vt 0.5949 0.4030 0.0000
vt 0.5947 0.3896 0.0000
vt 0.5947 0.3865 0.0000
vt 0.5939 0.3827 0.0000
vt 0.5852 0.3922 0.0000
vt 0.5869 0.4049 0.0000
vt 0.5941 0.4081 0.0000
vt 0.5820 0.3935 0.0000
vt 0.5843 0.3859 0.0000
vt 0.4925 0.4644 0.0000
vt 0.4979 0.4543 0.0000
vt 0.4867 0.4658 0.0000
vt 0.4474 0.3851 0.0000
vt 0.4427 0.3837 0.0000
vt 0.4475 0.3837 0.0000
vt 0.4427 0.3851 0.0000
vt 0.4918 0.4245 0.0000
vt 0.4831 0.4513 0.0000
vt 0.4947 0.4399 0.0000
vt 0.4810 0.4360 0.0000
vt 0.4396 0.4936 0.0000
vt 0.4396 0.4649 0.0000
vt 0.4317 0.4730 0.0000
vt 0.4281 0.4593 0.0000
vt 0.4389 0.4551 0.0000
vt 0.3992 0.4943 0.0000
vt 0.3937 0.4908 0.0000
vt 0.3937 0.4841 0.0000
vt 0.4038 0.4943 0.0000
vt 0.4038 0.4738 0.0000
vt 0.4471 0.3922 0.0000
vt 0.4427 0.3922 0.0000
vt 0.4867 0.4968 0.0000
vt 0.4922 0.4968 0.0000
vt 0.4983 0.4580 0.0000
vt 0.4325 0.4316 0.0000
vt 0.4188 0.4418 0.0000
vt 0.4382 0.4418 0.0000
vt 0.4188 0.4316 0.0000
vt 0.4125 0.4576 0.0000
vt 0.4098 0.4768 0.0000
vt 0.4079 0.4768 0.0000
vt 0.4134 0.4604 0.0000
vt 0.4121 0.4981 0.0000
vt 0.4113 0.4797 0.0000
vt 0.4122 0.4797 0.0000
vt 0.4111 0.4999 0.0000
vt 0.4054 0.4907 0.0000
vt 0.4048 0.4850 0.0000
vt 0.4054 0.4841 0.0000
vt 0.4047 0.4898 0.0000
vt 0.3996 0.4907 0.0000
vt 0.4005 0.4898 0.0000
vt 0.4425 0.4008 0.0000
vt 0.4729 0.4360 0.0000
vt 0.4730 0.4008 0.0000
vt 0.4425 0.4360 0.0000
vt 0.4810 0.4008 0.0000
vt 0.4918 0.3890 0.0000
vt 0.4843 0.3890 0.0000
vt 0.4529 0.3890 0.0000
vt 0.4443 0.4612 0.0000
vt 0.4764 0.4510 0.0000
vt 0.4662 0.4612 0.0000
vt 0.4832 0.4968 0.0000
vt 0.4765 0.4968 0.0000
vt 0.4662 0.4968 0.0000
vt 0.4492 0.4968 0.0000
vt 0.4470 0.4819 0.0000
vt 0.3905 0.3941 0.0000
vt 0.3768 0.3849 0.0000
vt 0.3768 0.3941 0.0000
vt 0.3932 0.3849 0.0000
vt 0.3905 0.4262 0.0000
vt 0.3768 0.4262 0.0000
vt 0.4754 0.4267 0.0000
vt 0.4629 0.4392 0.0000
vt 0.4717 0.4356 0.0000
vt 0.4504 0.4267 0.0000
vt 0.4629 0.4142 0.0000
vt 0.4717 0.4178 0.0000
vt 0.4540 0.4178 0.0000
vt 0.4188 0.4291 0.0000
vt 0.4238 0.3946 0.0000
vt 0.4188 0.3950 0.0000
vt 0.4238 0.4287 0.0000
vt 0.4238 0.3844 0.0000
vt 0.4188 0.3844 0.0000
vt 0.3962 0.3849 0.0000
vt 0.4091 0.3849 0.0000
vt 0.4092 0.3849 0.0000
vt 0.4012 0.3849 0.0000
vt 0.4361 0.3844 0.0000
vt 0.4316 0.3949 0.0000
vt 0.4361 0.3962 0.0000
vt 0.4316 0.3844 0.0000
vt 0.4316 0.4295 0.0000
vt 0.4361 0.4309 0.0000
vt 0.4338 0.4481 0.0000
vt 0.4204 0.4436 0.0000
vt 0.4174 0.4480 0.0000
vt 0.4298 0.4430 0.0000
vt 0.4240 0.4768 0.0000
vt 0.4240 0.4604 0.0000
vt 0.4240 0.4576 0.0000
vt 0.4240 0.4981 0.0000
vt 0.4240 0.4797 0.0000
vt 0.4240 0.4943 0.0000
vt 0.4240 0.4738 0.0000
vt 0.4240 0.4999 0.0000
vt 0.4038 0.4999 0.0000
vt 0.4005 0.4850 0.0000
vt 0.3996 0.4841 0.0000
vt 0.4101 0.4571 0.0000
vt 0.4172 0.4319 0.0000
vt 0.4069 0.4474 0.0000
vt 0.4787 0.4267 0.0000
vt 0.4629 0.4108 0.0000
vt 0.4741 0.4155 0.0000
vt 0.4629 0.4426 0.0000
vt 0.4741 0.4379 0.0000
vt 0.4470 0.4267 0.0000
vt 0.4517 0.4379 0.0000
vt 0.4517 0.4155 0.0000
vt 0.4540 0.4356 0.0000
vt 0.3902 0.4778 0.0000
vt 0.4027 0.4571 0.0000
vt 0.4092 0.4314 0.0000
vt 0.4092 0.3967 0.0000
vt 0.4175 0.3967 0.0000
vt 0.3962 0.3955 0.0000
vt 0.3962 0.4296 0.0000
vt 0.3768 0.4778 0.0000
vt 0.3890 0.4927 0.0000
vt 0.3768 0.4927 0.0000
vt 0.4117 0.4569 0.0000
vt 0.4240 0.4569 0.0000
vt 0.3768 0.4622 0.0000
vt 0.3805 0.4754 0.0000
vt 0.3768 0.4754 0.0000
vt 0.3957 0.4622 0.0000
vt 0.4039 0.4513 0.0000
vt 0.3768 0.4296 0.0000
vt 0.4176 0.3849 0.0000
vt 0.2697 0.1862 0.0000
vt 0.2726 0.1882 0.0000
vt 0.2698 0.2170 0.0000
vt 0.2797 0.1927 0.0000
vt 0.2766 0.1884 0.0000
vt 0.2798 0.1879 0.0000
vt 0.2808 0.1789 0.0000
vt 0.2778 0.1777 0.0000
vt 0.2816 0.1747 0.0000
vt 0.2731 0.1781 0.0000
vt 0.2577 0.2209 0.0000
vt 0.2456 0.2170 0.0000
vt 0.2577 0.1660 0.0000
vt 0.2456 0.1698 0.0000
vt 0.2338 0.2109 0.0000
vt 0.2347 0.2023 0.0000
vt 0.2356 0.1927 0.0000
vt 0.2347 0.1835 0.0000
vt 0.2338 0.1747 0.0000
vt 0.2827 0.1810 0.0000
vt 0.2836 0.1732 0.0000
vt 0.2698 0.1698 0.0000
vt 0.2707 0.1670 0.0000
vt 0.2576 0.1660 0.0000
vt 0.2577 0.1622 0.0000
vt 0.2576 0.2209 0.0000
vt 0.2575 0.2245 0.0000
vt 0.2815 0.2109 0.0000
vt 0.2807 0.2022 0.0000
vt 0.2703 0.2170 0.0000
vt 0.2799 0.1880 0.0000
vt 0.2775 0.1886 0.0000
vt 0.2798 0.1926 0.0000
vt 0.2740 0.1882 0.0000
vt 0.2715 0.2206 0.0000
vt 0.2853 0.2132 0.0000
vt 0.2807 0.2023 0.0000
vt 0.2847 0.2023 0.0000
vt 0.2829 0.1927 0.0000
vt 0.2819 0.1856 0.0000
vt 0.2775 0.1861 0.0000
vt 0.2746 0.1864 0.0000
vt 0.2724 0.1853 0.0000
vt 0.2688 0.1830 0.0000
vt 0.2718 0.1830 0.0000
vt 0.2701 0.1803 0.0000
vt 0.2725 0.1813 0.0000
vt 0.2742 0.1798 0.0000
vt 0.2442 0.1666 0.0000
vt 0.2307 0.1729 0.0000
vt 0.2316 0.1835 0.0000
vt 0.2329 0.1927 0.0000
vt 0.2318 0.2023 0.0000
vt 0.2304 0.2142 0.0000
vt 0.2438 0.2199 0.0000
vt 0.2716 0.1860 0.0000
vt 0.2710 0.1828 0.0000
vt 0.2809 0.1784 0.0000
vt 0.2815 0.1745 0.0000
vt 0.2784 0.1771 0.0000
vt 0.2703 0.1696 0.0000
vt 0.2745 0.1780 0.0000
vt 0.2720 0.1802 0.0000
vt 0.2576 0.1657 0.0000
vt 0.2575 0.2209 0.0000
vt 0.2448 0.2170 0.0000
vt 0.2448 0.1696 0.0000
vt 0.2336 0.2109 0.0000
vt 0.2344 0.2022 0.0000
vt 0.2353 0.1926 0.0000
vt 0.2344 0.1834 0.0000
vt 0.2336 0.1745 0.0000
vt 0.2778 0.1796 0.0000
vt 0.2144 0.1959 0.0000
vt 0.2085 0.2173 0.0000
vt 0.1988 0.2173 0.0000
vt 0.2144 0.1588 0.0000
vt 0.2066 0.1959 0.0000
vt 0.2105 0.1588 0.0000
vt 0.1559 0.1959 0.0000
vt 0.1695 0.2173 0.0000
vt 0.1598 0.2173 0.0000
vt 0.1637 0.1959 0.0000
vt 0.1559 0.1588 0.0000
vt 0.1598 0.1588 0.0000
vt 0.0827 0.3364 0.0000
vt 0.0708 0.2667 0.0000
vt 0.0680 0.3487 0.0000
vt 0.0904 0.2808 0.0000
vt 0.0225 0.3489 0.0000
vt 0.0217 0.2668 0.0000
vt 0.0083 0.3367 0.0000
vt 0.0012 0.2812 0.0000
vt 0.1113 0.2217 0.0000
vt 0.1074 0.1932 0.0000
vt 0.1327 0.2020 0.0000
vt 0.1256 0.1862 0.0000
vt 0.1439 0.2146 0.0000
vt 0.1338 0.2088 0.0000
vt 0.0926 0.4044 0.0000
vt 0.0798 0.4180 0.0000
vt 0.0877 0.4005 0.0000
vt 0.0838 0.4229 0.0000
vt 0.0069 0.4044 0.0000
vt 0.0207 0.4209 0.0000
vt 0.0177 0.4258 0.0000
vt 0.0118 0.4025 0.0000
vt 0.1463 0.0161 0.0000
vt 0.1463 0.0368 0.0000
vt 0.1664 0.0272 0.0000
vt 0.1472 0.0055 0.0000
vt 0.1624 0.0098 0.0000
vt 0.1472 0.0475 0.0000
vt 0.1628 0.0443 0.0000
vt 0.0453 0.3152 0.0000
vt 0.0019 0.3617 0.0000
vt 0.0256 0.3656 0.0000
vt 0.0217 0.3617 0.0000
vt 0.1005 0.3617 0.0000
vt 0.0808 0.3617 0.0000
vt 0.0808 0.3656 0.0000
vt 0.0650 0.3617 0.0000
vt 0.0650 0.3656 0.0000
vt 0.0374 0.3617 0.0000
vt 0.0374 0.3656 0.0000
vt 0.1444 0.2157 0.0000
vt 0.1059 0.1896 0.0000
vt 0.1554 0.1922 0.0000
vt 0.1074 0.1933 0.0000
vt 0.0493 0.3617 0.0000
vt 0.0493 0.3656 0.0000
vt 0.0098 0.3782 0.0000
vt 0.0039 0.3773 0.0000
vt 0.0956 0.3802 0.0000
vt 0.0887 0.3811 0.0000
vt 0.0877 0.3782 0.0000
vt 0.0502 0.3792 0.0000
vt 0.0108 0.3792 0.0000
vt 0.0049 0.3792 0.0000
vt 0.0956 0.3782 0.0000
vt 0.0828 0.4248 0.0000
vt 0.0502 0.4335 0.0000
vt 0.1115 0.2209 0.0000
vt 0.1439 0.2145 0.0000
vt 0.1193 0.1697 0.0000
vt 0.1042 0.1812 0.0000
vt 0.0177 0.4248 0.0000
vt 0.1059 0.1897 0.0000
vt 0.1042 0.1811 0.0000
vt 0.0775 0.4812 0.0000
vt 0.1106 0.4852 0.0000
vt 0.0774 0.4704 0.0000
vt 0.1184 0.4704 0.0000
vt 0.0443 0.4860 0.0000
vt 0.0366 0.4704 0.0000
vt 0.1182 0.4966 0.0000
vt 0.0367 0.4966 0.0000
vt 0.1484 0.4491 0.0000
vt 0.1444 0.4976 0.0000
vt 0.1089 0.4462 0.0000
vt 0.1454 0.4316 0.0000
vt 0.0774 0.4452 0.0000
vt 0.0054 0.4491 0.0000
vt 0.0084 0.4966 0.0000
vt 0.0458 0.4462 0.0000
vt 0.0084 0.4316 0.0000
vt 0.1773 0.1959 0.0000
vt 0.1773 0.2037 0.0000
vt 0.1773 0.2095 0.0000
vt 0.1773 0.2173 0.0000
vt 0.1929 0.1959 0.0000
vt 0.1929 0.2037 0.0000
vt 0.1929 0.2115 0.0000
vt 0.1929 0.2173 0.0000
vt 0.1851 0.1959 0.0000
vt 0.1851 0.2173 0.0000
vt 0.1851 0.2076 0.0000
vt 0.0680 0.4160 0.0000
vt 0.0478 0.4127 0.0000
vt 0.0635 0.4079 0.0000
vt 0.0364 0.4095 0.0000
vt 0.0347 0.4166 0.0000
vt 0.0367 0.4201 0.0000
vt 0.0515 0.4194 0.0000
vt 0.0694 0.4185 0.0000
vt 0.1432 0.0065 0.0000
vt 0.1432 0.0476 0.0000
vt 0.2491 0.2549 0.0000
vt 0.2332 0.2562 0.0000
vt 0.2487 0.3218 0.0000
vt 0.2038 0.2676 0.0000
vt 0.1833 0.2883 0.0000
vt 0.2183 0.2598 0.0000
vt 0.2013 0.3214 0.0000
vt 0.0453 0.2576 0.0000
vt 0.0264 0.2576 0.0000
vt 0.0453 0.3530 0.0000
vt 0.0264 0.3530 0.0000
vt 0.1355 0.2758 0.0000
vt 0.1549 0.2758 0.0000
vt 0.1355 0.2561 0.0000
vt 0.1549 0.2561 0.0000
vt 0.1355 0.2944 0.0000
vt 0.1549 0.2944 0.0000
vt 0.1355 0.3126 0.0000
vt 0.1549 0.3126 0.0000
vt 0.1355 0.3276 0.0000
vt 0.1549 0.3276 0.0000
vt 0.1355 0.3405 0.0000
vt 0.1549 0.3405 0.0000
vt 0.2011 0.4700 0.0000
vt 0.2201 0.4700 0.0000
vt 0.2011 0.3825 0.0000
vt 0.2201 0.3825 0.0000
vt 0.0018 0.2643 0.0000
vt 0.0018 0.3530 0.0000
vt 0.0162 0.3530 0.0000
vt 0.1800 0.2758 0.0000
vt 0.1800 0.2561 0.0000
vt 0.1800 0.2944 0.0000
vt 0.1800 0.3126 0.0000
vt 0.2413 0.3327 0.0000
vt 0.2077 0.3323 0.0000
vt 0.1800 0.3276 0.0000
vt 0.1800 0.3382 0.0000
vt 0.2302 0.4700 0.0000
vt 0.2446 0.4700 0.0000
vt 0.2446 0.3900 0.0000
vt 0.2345 0.4965 0.0000
vt 0.2446 0.4965 0.0000
vt 0.1918 0.2767 0.0000
vt 0.0643 0.3530 0.0000
vt 0.0643 0.2576 0.0000
vt 0.1161 0.2561 0.0000
vt 0.1161 0.2758 0.0000
vt 0.1161 0.2944 0.0000
vt 0.1161 0.3126 0.0000
vt 0.1161 0.3276 0.0000
vt 0.1161 0.3405 0.0000
vt 0.1822 0.3825 0.0000
vt 0.1822 0.4700 0.0000
vt 0.0889 0.3530 0.0000
vt 0.0889 0.2643 0.0000
vt 0.0745 0.3530 0.0000
vt 0.0910 0.2561 0.0000
vt 0.0910 0.2758 0.0000
vt 0.0910 0.2944 0.0000
vt 0.0910 0.3126 0.0000
vt 0.0910 0.3276 0.0000
vt 0.0910 0.3382 0.0000
vt 0.1577 0.3900 0.0000
vt 0.1577 0.4700 0.0000
vt 0.1721 0.4700 0.0000
vt 0.1577 0.4965 0.0000
vt 0.1678 0.4965 0.0000
vt 0.4202 0.1480 0.0000
vt 0.4124 0.1480 0.0000
vt 0.4124 0.1581 0.0000
vt 0.4202 0.1581 0.0000
vt 0.4421 0.1480 0.0000
vt 0.4421 0.1581 0.0000
vt 0.4044 0.1480 0.0000
vt 0.4044 0.1581 0.0000
vt 0.3966 0.1480 0.0000
vt 0.3966 0.1581 0.0000
vt 0.4202 0.1852 0.0000
vt 0.4421 0.1852 0.0000
vt 0.4421 0.1771 0.0000
vt 0.4202 0.1771 0.0000
vt 0.4476 0.1716 0.0000
vt 0.4147 0.1636 0.0000
vt 0.4147 0.1716 0.0000
vt 0.4476 0.1636 0.0000
vt 0.7629 0.3937 0.0000
vt 0.8077 0.3937 0.0000
vt 0.7629 0.3863 0.0000
vt 0.8077 0.3684 0.0000
vt 0.7629 0.3684 0.0000
vt 0.8077 0.3863 0.0000
vt 0.8144 0.3684 0.0000
vt 0.8144 0.3863 0.0000
vt 0.7569 0.3863 0.0000
vt 0.7630 0.3863 0.0000
vt 0.7569 0.3684 0.0000
vt 0.7630 0.3684 0.0000
vt 0.8726 0.3603 0.0000
vt 0.8727 0.3580 0.0000
vt 0.8456 0.3603 0.0000
vt 0.8417 0.3475 0.0000
vt 0.8339 0.3475 0.0000
vt 0.8450 0.3597 0.0000
vt 0.8306 0.3597 0.0000
vt 0.8503 0.3420 0.0000
vt 0.8503 0.3465 0.0000
vt 0.8457 0.3420 0.0000
vt 1.0000 0.3973 0.0000
vt 1.0000 0.3736 0.0000
vt 0.9769 0.3973 0.0000
vt 0.9769 0.3736 0.0000
vt 0.9235 0.3971 0.0000
vt 0.9235 0.4187 0.0000
vt 0.9769 0.3971 0.0000
vt 0.9769 0.4187 0.0000
vt 0.9769 0.3734 0.0000
vt 0.9234 0.3971 0.0000
vt 0.9660 0.3638 0.0000
vt 0.9234 0.3638 0.0000
vt 0.9177 0.3990 0.0000
vt 0.8975 0.3615 0.0000
vt 0.8177 0.3433 0.0000
vt 0.8053 0.3482 0.0000
vt 0.8104 0.3503 0.0000
vt 0.8031 0.3433 0.0000
vt 0.8053 0.3383 0.0000
vt 0.8155 0.3383 0.0000
vt 0.8104 0.3362 0.0000
vt 0.8155 0.3482 0.0000
vt 0.8179 0.3977 0.0000
vt 0.8179 0.4077 0.0000
vt 0.8763 0.3977 0.0000
vt 0.8763 0.4077 0.0000
vt 0.8179 0.3655 0.0000
vt 0.8763 0.3655 0.0000
vt 0.8763 0.4268 0.0000
vt 0.8179 0.4418 0.0000
vt 0.8763 0.4418 0.0000
vt 0.8179 0.4727 0.0000
vt 0.8763 0.4727 0.0000
vt 0.8179 0.4465 0.0000
vt 0.8763 0.4465 0.0000
vt 0.8947 0.4418 0.0000
vt 0.8947 0.4296 0.0000
vt 0.8103 0.3977 0.0000
vt 0.7575 0.4077 0.0000
vt 0.7575 0.4417 0.0000
vt 0.7649 0.3977 0.0000
vt 0.8177 0.4077 0.0000
vt 0.8177 0.4417 0.0000
vt 0.8809 0.3615 0.0000
vt 0.8809 0.3990 0.0000
vt 0.8457 0.3465 0.0000
vt 0.8539 0.3400 0.0000
vt 0.8539 0.3485 0.0000
vt 0.8649 0.3400 0.0000
vt 0.8649 0.3485 0.0000
vt 0.8789 0.4296 0.0000
vt 0.8947 0.4465 0.0000
vt 0.8947 0.4727 0.0000
vt 0.7982 0.3591 0.0000
vt 0.7855 0.3591 0.0000
vt 0.7982 0.3628 0.0000
vt 0.7855 0.3628 0.0000
vt 0.7754 0.3545 0.0000
vt 0.7643 0.3499 0.0000
vt 0.7662 0.3545 0.0000
vt 0.7662 0.3453 0.0000
vt 0.7708 0.3434 0.0000
vt 0.7754 0.3453 0.0000
vt 0.7773 0.3499 0.0000
vt 0.7708 0.3564 0.0000
vt 0.7609 0.3500 0.0000
vt 0.7638 0.3564 0.0000
vt 0.7638 0.3435 0.0000
vt 0.7708 0.3408 0.0000
vt 0.7778 0.3435 0.0000
vt 0.7807 0.3500 0.0000
vt 0.7856 0.3500 0.0000
vt 0.7813 0.3596 0.0000
vt 0.7708 0.3591 0.0000
vt 0.7708 0.3636 0.0000
vt 0.7778 0.3564 0.0000
vt 0.7603 0.3596 0.0000
vt 0.7855 0.3500 0.0000
vt 0.7982 0.3500 0.0000
vt 0.7855 0.3410 0.0000
vt 0.7982 0.3410 0.0000
vt 0.7855 0.3373 0.0000
vt 0.7982 0.3373 0.0000
vt 0.8725 0.3400 0.0000
vt 0.8725 0.3485 0.0000
vt 0.8651 0.3580 0.0000
vt 0.8539 0.3544 0.0000
vt 0.8456 0.3480 0.0000
vt 0.8503 0.3480 0.0000
vt 0.9769 0.3370 0.0000
vt 0.9659 0.3370 0.0000
vt 0.9769 0.3638 0.0000
vt 0.9659 0.3638 0.0000
vt 0.9235 0.3638 0.0000
vt 0.9235 0.3370 0.0000
vt 0.7560 0.3500 0.0000
vt 0.7603 0.3403 0.0000
vt 0.7708 0.3363 0.0000
vt 0.7813 0.3403 0.0000
vt 0.8176 0.3480 0.0000
vt 0.8292 0.3480 0.0000
vt 0.8176 0.3499 0.0000
vt 0.8292 0.3499 0.0000
vt 0.8176 0.3433 0.0000
vt 0.8292 0.3433 0.0000
vt 0.8176 0.3387 0.0000
vt 0.8292 0.3387 0.0000
vt 0.8176 0.3367 0.0000
vt 0.8292 0.3367 0.0000
vt 0.7999 0.2850 0.0000
vt 0.7999 0.3276 0.0000
vt 0.8042 0.2405 0.0000
vt 0.7981 0.2443 0.0000
vt 0.8042 0.2825 0.0000
vt 0.7981 0.2788 0.0000
vt 0.8517 0.3276 0.0000
vt 0.8453 0.3276 0.0000
vt 0.8517 0.2850 0.0000
vt 0.8453 0.2850 0.0000
vt 0.8063 0.2850 0.0000
vt 0.8063 0.3276 0.0000
vt 0.8510 0.2788 0.0000
vt 0.8510 0.2443 0.0000
vt 0.8455 0.2825 0.0000
vt 0.8455 0.2405 0.0000
vt 0.8763 0.4464 0.0000
vt 0.8141 0.4463 0.0000
vt 0.7611 0.4463 0.0000
vt 0.8975 0.3370 0.0000
vt 0.8809 0.3370 0.0000
vt 0.8809 0.4207 0.0000
vt 0.9177 0.4207 0.0000
vt 0.8179 0.4464 0.0000
vt 0.8947 0.4464 0.0000
vt 0.8060 0.3709 0.0000
vt 0.8060 0.3848 0.0000
vt 0.7650 0.3848 0.0000
vt 0.7650 0.3709 0.0000
vt 0.8518 0.3276 0.0000
vt 0.8654 0.3276 0.0000
vt 0.8518 0.2850 0.0000
vt 0.8654 0.2850 0.0000
vt 0.9340 0.4330 0.0000
vt 0.9521 0.4257 0.0000
vt 0.9350 0.4271 0.0000
vt 0.9523 0.4357 0.0000
vt 0.9357 0.4273 0.0000
vt 0.9346 0.4331 0.0000
vt 0.9530 0.4358 0.0000
vt 0.2249 0.1556 0.0000
vt 0.1988 0.1434 0.0000
vt 0.2089 0.1559 0.0000
vt 0.2028 0.1281 0.0000
vt 0.2160 0.1214 0.0000
vt 0.2302 0.1268 0.0000
vt 0.2342 0.1426 0.0000
vt 0.1696 0.3608 0.0000
vt 0.1577 0.3608 0.0000
vt 0.1577 0.3453 0.0000
vt 0.1696 0.3453 0.0000
vt 0.1932 0.3569 0.0000
vt 0.1853 0.3608 0.0000
vt 0.1853 0.3453 0.0000
vt 0.1932 0.3453 0.0000
vt 0.1498 0.3608 0.0000
vt 0.1380 0.3569 0.0000
vt 0.1380 0.3453 0.0000
vt 0.2011 0.3453 0.0000
vt 0.2248 0.3453 0.0000
vt 0.2169 0.3569 0.0000
vt 0.2050 0.3569 0.0000
vt 0.1301 0.3453 0.0000
vt 0.1262 0.3569 0.0000
vt 0.1104 0.3569 0.0000
vt 0.1025 0.3453 0.0000
vt 0.1498 0.3453 0.0000
vt 0.0182 0.2794 0.0000
vt 0.0262 0.2807 0.0000
vt 0.0229 0.2741 0.0000
vt 0.0777 0.3427 0.0000
vt 0.0777 0.3311 0.0000
vt 0.0702 0.3311 0.0000
vt 0.0702 0.3427 0.0000
vt 0.0127 0.3311 0.0000
vt 0.0191 0.3311 0.0000
vt 0.0191 0.2899 0.0000
vt 0.0127 0.2892 0.0000
vt 0.0443 0.2732 0.0000
vt 0.0636 0.2802 0.0000
vt 0.0665 0.2738 0.0000
vt 0.0517 0.2665 0.0000
vt 0.0702 0.2899 0.0000
vt 0.0777 0.2892 0.0000
vt 0.0708 0.2782 0.0000
vt 0.0127 0.3427 0.0000
vt 0.0191 0.3427 0.0000
vt 0.0374 0.2665 0.0000
vt 0.4245 0.4014 0.0000
vt 0.4211 0.3903 0.0000
vt 0.4196 0.3929 0.0000
vt 0.1792 0.2437 0.0000
vt 0.1654 0.2371 0.0000
vt 0.1790 0.2319 0.0000
vt 0.1718 0.2259 0.0000
vt 0.1420 0.2322 0.0000
vt 0.1384 0.2356 0.0000
vt 0.1421 0.2250 0.0000
vt 0.1383 0.2250 0.0000
vt 0.1353 0.2286 0.0000
vt 0.1333 0.2286 0.0000
vt 0.1332 0.2356 0.0000
vt 0.1427 0.2469 0.0000
vt 0.1427 0.2415 0.0000
vt 0.1492 0.2469 0.0000
vt 0.1492 0.2415 0.0000
vt 0.1562 0.2398 0.0000
vt 0.1562 0.2469 0.0000
vt 0.1497 0.2398 0.0000
vt 0.1497 0.2469 0.0000
vt 0.1499 0.2230 0.0000
vt 0.1518 0.2230 0.0000
vt 0.1499 0.2298 0.0000
vt 0.1518 0.2298 0.0000
vt 0.1461 0.2295 0.0000
vt 0.1427 0.2295 0.0000
vt 0.1461 0.2227 0.0000
vt 0.1427 0.2227 0.0000
vt 0.1714 0.2437 0.0000
vt 0.1614 0.2371 0.0000
vt 0.1612 0.2258 0.0000
vt 0.4199 0.4015 0.0000
vt 0.4173 0.3970 0.0000
vt 0.4099 0.3929 0.0000
vt 0.4122 0.3970 0.0000
vt 0.4051 0.4014 0.0000
vt 0.4097 0.4015 0.0000
vt 0.4099 0.4100 0.0000
vt 0.4122 0.4061 0.0000
vt 0.4196 0.4100 0.0000
vt 0.4173 0.4061 0.0000
vt 0.4274 0.4014 0.0000
vt 0.1499 0.2305 0.0000
vt 0.1537 0.2305 0.0000
vt 0.1499 0.2373 0.0000
vt 0.1537 0.2373 0.0000
vt 0.1723 0.2231 0.0000
vt 0.1818 0.2309 0.0000
vt 0.1718 0.2258 0.0000
vt 0.1792 0.2319 0.0000
vt 0.1525 0.2298 0.0000
vt 0.1525 0.2256 0.0000
vt 0.1538 0.2298 0.0000
vt 0.1538 0.2256 0.0000
vt 0.1479 0.2245 0.0000
vt 0.1479 0.2295 0.0000
vt 0.1465 0.2245 0.0000
vt 0.1465 0.2295 0.0000
vt 0.1395 0.2425 0.0000
vt 0.1395 0.2409 0.0000
vt 0.1408 0.2425 0.0000
vt 0.1408 0.2409 0.0000
vt 0.1368 0.2380 0.0000
vt 0.1368 0.2409 0.0000
vt 0.1355 0.2380 0.0000
vt 0.1355 0.2409 0.0000
vt 0.1337 0.2281 0.0000
vt 0.1337 0.2250 0.0000
vt 0.1350 0.2281 0.0000
vt 0.1350 0.2250 0.0000
vt 0.1543 0.2373 0.0000
vt 0.1543 0.2320 0.0000
vt 0.1556 0.2373 0.0000
vt 0.1556 0.2320 0.0000
vt 0.1525 0.2227 0.0000
vt 0.1794 0.2439 0.0000
vt 0.1820 0.2472 0.0000
vt 0.1715 0.2439 0.0000
vt 0.1719 0.2472 0.0000
vt 0.1654 0.2372 0.0000
vt 0.1641 0.2390 0.0000
vt 0.1613 0.2372 0.0000
vt 0.1588 0.2390 0.0000
vt 0.1611 0.2257 0.0000
vt 0.1586 0.2230 0.0000
vt 0.1492 0.2377 0.0000
vt 0.1427 0.2377 0.0000
vt 0.1492 0.2301 0.0000
vt 0.1492 0.2373 0.0000
vt 0.1427 0.2301 0.0000
vt 0.1427 0.2373 0.0000
vt 0.1538 0.2227 0.0000
vt 0.4211 0.4125 0.0000
vt 0.4085 0.4125 0.0000
vt 0.4022 0.4014 0.0000
vt 0.4085 0.3903 0.0000
vt 0.4211 0.3902 0.0000
vt 0.4085 0.3902 0.0000
vt 0.1195 0.4071 0.0000
vt 0.1359 0.4184 0.0000
vt 0.1379 0.4090 0.0000
vt 0.1156 0.4184 0.0000
vt 0.1224 0.4034 0.0000
vt 0.1108 0.4184 0.0000
vt 0.1089 0.4071 0.0000
vt 0.1050 0.4193 0.0000
vt 0.1195 0.4296 0.0000
vt 0.1388 0.4278 0.0000
vt 0.1437 0.4193 0.0000
vt 0.1214 0.4334 0.0000
vt 0.1098 0.4306 0.0000
vt 0.5329 0.7341 0.0000
vt 0.5507 0.7339 0.0000
vt 0.5328 0.7254 0.0000
vt 0.5250 0.7111 0.0000
vt 0.5301 0.7072 0.0000
vt 0.5535 0.7072 0.0000
vt 0.5583 0.7107 0.0000
vt 0.5507 0.7250 0.0000
vt 0.5304 0.7347 0.0000
vt 0.5278 0.7449 0.0000
vt 0.5333 0.7602 0.0000
vt 0.5414 0.7644 0.0000
vt 0.5512 0.7592 0.0000
vt 0.5564 0.7456 0.0000
vt 0.5411 0.7304 0.0000
vt 0.5527 0.7337 0.0000
vt 0.5422 0.7576 0.0000
vt 0.5314 0.7432 0.0000
vt 0.5420 0.7355 0.0000
vt 0.5421 0.7397 0.0000
vt 0.5528 0.7431 0.0000
vt 0.5630 0.7554 0.0000
vt 0.5807 0.7582 0.0000
vt 0.5808 0.7348 0.0000
vt 0.5772 0.7630 0.0000
vt 0.5626 0.7375 0.0000
vt 0.5540 0.7553 0.0000
vt 0.5539 0.7375 0.0000
vt 0.5520 0.7686 0.0000
vt 0.5520 0.7596 0.0000
vt 0.5341 0.7594 0.0000
vt 0.5341 0.7682 0.0000
vt 0.5263 0.7824 0.0000
vt 0.5314 0.7863 0.0000
vt 0.5548 0.7863 0.0000
vt 0.5595 0.7828 0.0000
vt 0.5769 0.7297 0.0000
vt 0.5025 0.7579 0.0000
vt 0.5022 0.7345 0.0000
vt 0.5056 0.7297 0.0000
vt 0.5200 0.7371 0.0000
vt 0.5206 0.7549 0.0000
vt 0.5289 0.7369 0.0000
vt 0.5294 0.7548 0.0000
vt 0.5065 0.7629 0.0000
# 2015 texture coords

g Fiche2
usemtl Material__30
s 1
f 1/1/1 2/2/2 3/2/3 
f 1/1/1 4/3/4 2/2/2 
f 1/1/1 5/4/5 6/5/6 
f 1/1/1 3/2/3 5/4/5 
f 1/1/1 7/6/7 8/6/8 
f 1/1/1 6/5/6 7/6/7 
f 1/1/1 9/7/9 10/8/10 
f 1/1/1 8/6/8 9/7/9 
f 1/1/1 11/9/11 12/10/12 
f 1/1/1 10/8/10 11/9/11 
f 1/1/1 13/10/13 14/11/14 
f 1/1/1 12/10/12 13/10/13 
f 1/1/1 15/12/15 16/13/16 
f 1/1/1 14/11/14 15/12/15 
f 1/1/1 17/14/17 18/15/18 
f 1/1/1 16/13/16 17/14/17 
f 1/1/1 19/15/19 20/16/20 
f 1/1/1 18/15/18 19/15/19 
f 1/1/1 21/17/21 22/18/22 
f 1/1/1 20/16/20 21/17/21 
f 1/1/1 23/18/23 24/19/24 
f 1/1/1 22/18/22 23/18/23 
f 1/1/1 25/20/25 26/20/26 
f 1/1/1 24/19/24 25/20/25 
f 1/1/1 27/21/27 28/21/28 
f 1/1/1 26/20/26 27/21/27 
f 1/1/1 29/22/29 30/23/30 
f 1/1/1 28/21/28 29/22/29 
f 1/1/1 31/23/31 32/24/32 
f 1/1/1 30/23/30 31/23/31 
f 1/1/1 33/25/33 4/3/4 
f 1/1/1 32/24/32 33/25/33 
f 4/3/4 34/26/34 2/2/2 
f 4/3/4 35/3/35 34/26/34 
f 2/2/2 34/26/34 36/2/36 
f 2/2/2 36/2/36 3/2/3 
f 35/3/35 37/2/37 34/26/34 
f 34/26/34 37/2/37 38/2/38 
f 34/26/34 38/2/38 36/2/36 
f 35/3/35 39/25/39 37/2/37 
f 36/2/36 38/2/38 40/4/40 
f 36/2/36 40/4/40 41/4/41 
f 41/4/41 40/4/40 42/4/42 
f 41/4/41 42/4/42 43/5/43 
f 43/5/43 42/4/42 44/6/44 
f 43/5/43 44/6/44 45/6/45 
f 6/5/6 43/5/43 45/6/45 
f 6/5/6 45/6/45 7/6/7 
f 45/6/45 44/6/44 46/6/46 
f 45/6/45 46/6/46 47/6/47 
f 7/6/7 45/6/45 47/6/47 
f 7/6/7 47/6/47 8/6/8 
f 47/6/47 46/6/46 48/7/48 
f 47/6/47 48/7/48 49/7/49 
f 8/6/8 47/6/47 49/7/49 
f 8/6/8 49/7/49 9/7/9 
f 49/7/49 48/7/48 50/9/50 
f 49/7/49 50/9/50 51/8/51 
f 9/7/9 49/7/49 51/8/51 
f 9/7/9 51/8/51 10/8/10 
f 51/8/51 50/9/50 52/9/52 
f 51/8/51 52/9/52 53/8/53 
f 10/8/10 51/8/51 53/8/53 
f 10/8/10 53/8/53 11/9/11 
f 53/8/53 52/9/52 54/10/54 
f 53/8/53 54/10/54 55/10/55 
f 11/9/11 53/8/53 55/10/55 
f 11/9/11 55/10/55 12/10/12 
f 55/10/55 54/10/54 56/10/56 
f 55/10/55 56/10/56 57/10/57 
f 12/10/12 55/10/55 57/10/57 
f 12/10/12 57/10/57 13/10/13 
f 57/10/57 56/10/56 58/11/58 
f 57/10/57 58/11/58 59/11/59 
f 13/10/13 57/10/57 59/11/59 
f 13/10/13 59/11/59 14/11/14 
f 59/11/59 58/11/58 60/12/60 
f 59/11/59 60/12/60 61/12/61 
f 61/12/61 60/12/60 62/13/62 
f 61/12/61 62/13/62 63/13/63 
f 63/13/63 62/13/62 64/14/64 
f 63/13/63 64/14/64 65/14/65 
f 65/14/65 64/14/64 66/15/66 
f 65/14/65 66/15/66 67/15/67 
f 67/15/67 66/15/66 68/15/68 
f 67/15/67 68/15/68 69/15/69 
f 69/15/69 68/15/68 70/16/70 
f 69/15/69 70/16/70 71/16/71 
f 71/16/71 70/16/70 72/17/72 
f 71/16/71 72/17/72 73/17/73 
f 73/17/73 72/17/72 74/18/74 
f 73/17/73 74/18/74 75/18/75 
f 75/18/75 74/18/74 76/18/76 
f 75/18/75 76/18/76 77/18/77 
f 22/18/22 75/18/75 77/18/77 
f 22/18/22 77/18/77 23/18/23 
f 77/18/77 76/18/76 78/19/78 
f 77/18/77 78/19/78 79/19/79 
f 23/18/23 77/18/77 79/19/79 
f 23/18/23 79/19/79 24/19/24 
f 79/19/79 78/19/78 80/20/80 
f 79/19/79 80/20/80 81/20/81 
f 24/19/24 79/19/79 81/20/81 
f 24/19/24 81/20/81 25/20/25 
f 81/20/81 80/20/80 82/20/82 
f 81/20/81 82/20/82 83/20/83 
f 25/20/25 81/20/81 83/20/83 
f 25/20/25 83/20/83 26/20/26 
f 83/20/83 82/20/82 84/21/84 
f 83/20/83 84/21/84 85/21/85 
f 26/20/26 83/20/83 85/21/85 
f 26/20/26 85/21/85 27/21/27 
f 85/21/85 84/21/84 86/21/86 
f 85/21/85 86/21/86 87/21/87 
f 27/21/27 85/21/85 87/21/87 
f 27/21/27 87/21/87 28/21/28 
f 87/21/87 86/21/86 88/22/88 
f 87/21/87 88/22/88 89/22/89 
f 28/21/28 87/21/87 89/22/89 
f 28/21/28 89/22/89 29/22/29 
f 89/22/89 88/22/88 90/22/90 
f 89/22/89 90/22/90 91/23/91 
f 29/22/29 89/22/89 91/23/91 
f 29/22/29 91/23/91 30/23/30 
f 91/23/91 90/22/90 92/23/92 
f 91/23/91 92/23/92 93/23/93 
f 93/23/93 92/23/92 94/24/94 
f 93/23/93 94/24/94 95/24/95 
f 95/24/95 94/24/94 96/25/96 
f 95/24/95 96/25/96 97/25/97 
f 97/25/97 96/25/96 39/25/39 
f 97/25/97 39/25/39 35/3/35 
f 94/24/94 98/25/98 96/25/96 
f 94/24/94 99/24/99 98/25/98 
f 92/23/92 99/24/99 94/24/94 
f 96/25/96 100/25/100 39/25/39 
f 96/25/96 98/25/98 100/25/100 
f 39/25/39 100/25/100 101/2/101 
f 39/25/39 101/2/101 37/2/37 
f 37/2/37 101/2/101 102/2/102 
f 37/2/37 102/2/102 38/2/38 
f 101/2/101 103/2/103 102/2/102 
f 101/2/101 104/2/104 103/2/103 
f 100/25/100 104/2/104 101/2/101 
f 104/2/104 105/2/105 103/2/103 
f 104/2/104 106/2/106 105/2/105 
f 107/25/107 106/2/106 104/2/104 
f 100/25/100 107/25/107 104/2/104 
f 98/25/98 107/25/107 100/25/100 
f 107/25/107 108/25/108 106/2/106 
f 106/2/106 109/2/109 105/2/105 
f 106/2/106 110/2/110 109/2/109 
f 108/25/108 110/2/110 106/2/106 
f 108/25/108 111/25/111 110/2/110 
f 103/2/103 105/2/105 112/4/112 
f 103/2/103 112/4/112 113/4/113 
f 102/2/102 103/2/103 113/4/113 
f 113/4/113 112/4/112 114/27/114 
f 113/4/113 114/27/114 115/4/115 
f 112/4/112 116/27/116 114/27/114 
f 112/4/112 117/4/117 116/27/116 
f 105/2/105 117/4/117 112/4/112 
f 105/2/105 109/2/109 117/4/117 
f 115/4/115 114/27/114 118/6/118 
f 115/4/115 118/6/118 119/6/119 
f 119/6/119 118/6/118 120/6/120 
f 119/6/119 120/6/120 121/6/121 
f 118/6/118 122/6/122 120/6/120 
f 118/6/118 123/6/123 122/6/122 
f 114/27/114 123/6/123 118/6/118 
f 114/27/114 116/27/116 123/6/123 
f 121/6/121 120/6/120 124/7/124 
f 121/6/121 124/7/124 125/7/125 
f 125/7/125 124/7/124 126/9/126 
f 125/7/125 126/9/126 127/9/127 
f 124/7/124 128/9/128 126/9/126 
f 124/7/124 129/7/129 128/9/128 
f 120/6/120 129/7/129 124/7/124 
f 120/6/120 122/6/122 129/7/129 
f 127/9/127 126/9/126 130/9/130 
f 127/9/127 130/9/130 131/9/131 
f 131/9/131 130/9/130 132/10/132 
f 131/9/131 132/10/132 133/10/133 
f 130/9/130 134/10/134 132/10/132 
f 130/9/130 135/9/135 134/10/134 
f 126/9/126 135/9/135 130/9/130 
f 126/9/126 128/9/128 135/9/135 
f 133/10/133 132/10/132 136/10/136 
f 133/10/133 136/10/136 137/10/137 
f 137/10/137 136/10/136 138/12/138 
f 137/10/137 138/12/138 139/12/139 
f 136/10/136 140/12/140 138/12/138 
f 136/10/136 141/10/141 140/12/140 
f 132/10/132 141/10/141 136/10/136 
f 132/10/132 134/10/134 141/10/141 
f 139/12/139 138/12/138 142/12/142 
f 139/12/139 142/12/142 143/12/143 
f 143/12/143 142/12/142 144/12/144 
f 143/12/143 144/12/144 145/12/145 
f 142/12/142 146/12/146 144/12/144 
f 142/12/142 147/12/147 146/12/146 
f 138/12/138 147/12/147 142/12/142 
f 138/12/138 140/12/140 147/12/147 
f 145/12/145 144/12/144 148/14/148 
f 145/12/145 148/14/148 149/14/149 
f 149/14/149 148/14/148 150/15/150 
f 149/14/149 150/15/150 151/15/151 
f 148/14/148 152/15/152 150/15/150 
f 148/14/148 153/14/153 152/15/152 
f 144/12/144 153/14/153 148/14/148 
f 144/12/144 146/12/146 153/14/153 
f 151/15/151 150/15/150 154/15/154 
f 151/15/151 154/15/154 155/15/155 
f 155/15/155 154/15/154 156/17/156 
f 155/15/155 156/17/156 157/17/157 
f 154/15/154 158/17/158 156/17/156 
f 154/15/154 159/15/159 158/17/158 
f 150/15/150 159/15/159 154/15/154 
f 150/15/150 152/15/152 159/15/159 
f 157/17/157 156/17/156 160/17/160 
f 157/17/157 160/17/160 161/17/161 
f 161/17/161 160/17/160 162/18/162 
f 161/17/161 162/18/162 163/18/163 
f 160/17/160 164/18/164 162/18/162 
f 160/17/160 165/17/165 164/18/164 
f 156/17/156 165/17/165 160/17/160 
f 156/17/156 158/17/158 165/17/165 
f 163/18/163 162/18/162 166/28/166 
f 163/18/163 166/28/166 167/28/167 
f 167/28/167 166/28/166 168/28/168 
f 167/28/167 168/28/168 169/28/169 
f 166/28/166 170/28/170 168/28/168 
f 166/28/166 171/28/171 170/28/170 
f 162/18/162 171/28/171 166/28/166 
f 162/18/162 164/18/164 171/28/171 
f 169/28/169 168/28/168 172/20/172 
f 169/28/169 172/20/172 173/20/173 
f 173/20/173 172/20/172 174/20/174 
f 173/20/173 174/20/174 175/20/175 
f 172/20/172 176/20/176 174/20/174 
f 172/20/172 177/20/177 176/20/176 
f 168/28/168 177/20/177 172/20/172 
f 168/28/168 170/28/170 177/20/177 
f 175/20/175 174/20/174 178/21/178 
f 175/20/175 178/21/178 179/21/179 
f 179/21/179 178/21/178 180/29/180 
f 179/21/179 180/29/180 181/29/181 
f 178/21/178 182/29/182 180/29/180 
f 178/21/178 183/21/183 182/29/182 
f 174/20/174 183/21/183 178/21/178 
f 174/20/174 176/20/176 183/21/183 
f 181/29/181 180/29/180 184/22/184 
f 181/29/181 184/22/184 185/22/185 
f 185/22/185 184/22/184 186/22/186 
f 185/22/185 186/22/186 187/22/187 
f 184/22/184 188/22/188 186/22/186 
f 184/22/184 189/22/189 188/22/188 
f 180/29/180 189/22/189 184/22/184 
f 180/29/180 182/29/182 189/22/189 
f 187/22/187 186/22/186 190/24/190 
f 187/22/187 190/24/190 191/24/191 
f 191/24/191 190/24/190 192/24/192 
f 191/24/191 192/24/192 193/24/193 
f 190/24/190 194/24/194 192/24/192 
f 190/24/190 195/24/195 194/24/194 
f 186/22/186 195/24/195 190/24/190 
f 186/22/186 188/22/188 195/24/195 
f 193/24/193 192/24/192 196/25/196 
f 193/24/193 196/25/196 197/25/197 
f 197/25/197 196/25/196 108/25/108 
f 197/25/197 108/25/108 107/25/107 
f 196/25/196 111/25/111 108/25/108 
f 196/25/196 198/25/198 111/25/111 
f 192/24/192 198/25/198 196/25/196 
f 192/24/192 194/24/194 198/25/198 
f 194/24/194 199/25/199 198/25/198 
f 194/24/194 200/24/200 199/25/199 
f 195/24/195 200/24/200 194/24/194 
f 198/25/198 201/25/201 111/25/111 
f 198/25/198 199/25/199 201/25/201 
f 111/25/111 201/25/201 202/2/202 
f 111/25/111 202/2/202 110/2/110 
f 110/2/110 202/2/202 203/2/203 
f 110/2/110 203/2/203 109/2/109 
f 202/2/202 204/1/204 203/2/203 
f 201/25/201 204/1/204 202/2/202 
f 199/25/199 204/1/204 201/25/201 
f 3/2/3 41/4/41 5/4/5 
f 3/2/3 36/2/36 41/4/41 
f 5/4/5 41/4/41 43/5/43 
f 5/4/5 43/5/43 6/5/6 
f 14/11/14 61/12/61 15/12/15 
f 14/11/14 59/11/59 61/12/61 
f 15/12/15 61/12/61 63/13/63 
f 15/12/15 63/13/63 16/13/16 
f 16/13/16 63/13/63 65/14/65 
f 16/13/16 65/14/65 17/14/17 
f 17/14/17 65/14/65 67/15/67 
f 17/14/17 67/15/67 18/15/18 
f 18/15/18 67/15/67 69/15/69 
f 18/15/18 69/15/69 19/15/19 
f 19/15/19 69/15/69 71/16/71 
f 19/15/19 71/16/71 20/16/20 
f 20/16/20 71/16/71 73/17/73 
f 20/16/20 73/17/73 21/17/21 
f 21/17/21 73/17/73 75/18/75 
f 21/17/21 75/18/75 22/18/22 
f 30/23/30 93/23/93 31/23/31 
f 30/23/30 91/23/91 93/23/93 
f 31/23/31 93/23/93 95/24/95 
f 31/23/31 95/24/95 32/24/32 
f 32/24/32 95/24/95 97/25/97 
f 32/24/32 97/25/97 33/25/33 
f 33/25/33 97/25/97 35/3/35 
f 33/25/33 35/3/35 4/3/4 
f 200/24/200 204/1/204 199/25/199 
f 205/24/205 204/1/204 200/24/200 
f 195/24/195 205/24/205 200/24/200 
f 188/22/188 205/24/205 195/24/195 
f 188/22/188 206/22/206 205/24/205 
f 206/22/206 204/1/204 205/24/205 
f 189/22/189 206/22/206 188/22/188 
f 189/22/189 207/22/207 206/22/206 
f 207/22/207 204/1/204 206/22/206 
f 182/29/182 207/22/207 189/22/189 
f 182/29/182 208/29/208 207/22/207 
f 208/29/208 204/1/204 207/22/207 
f 183/21/183 208/29/208 182/29/182 
f 183/21/183 209/21/209 208/29/208 
f 209/21/209 204/1/204 208/29/208 
f 176/20/176 209/21/209 183/21/183 
f 176/20/176 210/20/210 209/21/209 
f 210/20/210 204/1/204 209/21/209 
f 177/20/177 210/20/210 176/20/176 
f 177/20/177 211/20/211 210/20/210 
f 211/20/211 204/1/204 210/20/210 
f 170/28/170 211/20/211 177/20/177 
f 170/28/170 212/28/212 211/20/211 
f 212/28/212 204/1/204 211/20/211 
f 171/28/171 212/28/212 170/28/170 
f 171/28/171 213/28/213 212/28/212 
f 213/28/213 204/1/204 212/28/212 
f 164/18/164 213/28/213 171/28/171 
f 164/18/164 214/18/214 213/28/213 
f 214/18/214 204/1/204 213/28/213 
f 165/17/165 214/18/214 164/18/164 
f 165/17/165 215/17/215 214/18/214 
f 215/17/215 204/1/204 214/18/214 
f 158/17/158 215/17/215 165/17/165 
f 158/17/158 216/17/216 215/17/215 
f 216/17/216 204/1/204 215/17/215 
f 159/15/159 216/17/216 158/17/158 
f 159/15/159 217/15/217 216/17/216 
f 217/15/217 204/1/204 216/17/216 
f 152/15/152 217/15/217 159/15/159 
f 152/15/152 218/15/218 217/15/217 
f 218/15/218 204/1/204 217/15/217 
f 153/14/153 218/15/218 152/15/152 
f 153/14/153 219/14/219 218/15/218 
f 219/14/219 204/1/204 218/15/218 
f 146/12/146 219/14/219 153/14/153 
f 146/12/146 220/12/220 219/14/219 
f 220/12/220 204/1/204 219/14/219 
f 147/12/147 220/12/220 146/12/146 
f 147/12/147 221/12/221 220/12/220 
f 221/12/221 204/1/204 220/12/220 
f 140/12/140 221/12/221 147/12/147 
f 140/12/140 222/12/222 221/12/221 
f 222/12/222 204/1/204 221/12/221 
f 141/10/141 222/12/222 140/12/140 
f 141/10/141 223/10/223 222/12/222 
f 223/10/223 204/1/204 222/12/222 
f 134/10/134 223/10/223 141/10/141 
f 134/10/134 224/10/224 223/10/223 
f 224/10/224 204/1/204 223/10/223 
f 135/9/135 224/10/224 134/10/134 
f 135/9/135 225/9/225 224/10/224 
f 225/9/225 204/1/204 224/10/224 
f 128/9/128 225/9/225 135/9/135 
f 128/9/128 226/9/226 225/9/225 
f 226/9/226 204/1/204 225/9/225 
f 129/7/129 226/9/226 128/9/128 
f 129/7/129 227/7/227 226/9/226 
f 227/7/227 204/1/204 226/9/226 
f 122/6/122 227/7/227 129/7/129 
f 122/6/122 228/6/228 227/7/227 
f 228/6/228 204/1/204 227/7/227 
f 123/6/123 228/6/228 122/6/122 
f 123/6/123 229/6/229 228/6/228 
f 229/6/229 204/1/204 228/6/228 
f 116/27/116 229/6/229 123/6/123 
f 116/27/116 230/27/230 229/6/229 
f 230/27/230 204/1/204 229/6/229 
f 117/4/117 230/27/230 116/27/116 
f 117/4/117 231/4/231 230/27/230 
f 231/4/231 204/1/204 230/27/230 
f 109/2/109 231/4/231 117/4/117 
f 109/2/109 203/2/203 231/4/231 
f 203/2/203 204/1/204 231/4/231 
f 98/25/98 197/25/197 107/25/107 
f 99/24/99 197/25/197 98/25/98 
f 99/24/99 193/24/193 197/25/197 
f 232/24/232 193/24/193 99/24/99 
f 92/23/92 232/24/232 99/24/99 
f 90/22/90 232/24/232 92/23/92 
f 90/22/90 233/22/233 232/24/232 
f 232/24/232 191/24/191 193/24/193 
f 233/22/233 191/24/191 232/24/232 
f 233/22/233 187/22/187 191/24/191 
f 88/22/88 233/22/233 90/22/90 
f 88/22/88 234/22/234 233/22/233 
f 234/22/234 187/22/187 233/22/233 
f 86/21/86 234/22/234 88/22/88 
f 86/21/86 235/21/235 234/22/234 
f 234/22/234 185/22/185 187/22/187 
f 235/21/235 185/22/185 234/22/234 
f 235/21/235 181/29/181 185/22/185 
f 84/21/84 235/21/235 86/21/86 
f 84/21/84 236/21/236 235/21/235 
f 236/21/236 181/29/181 235/21/235 
f 82/20/82 236/21/236 84/21/84 
f 82/20/82 237/20/237 236/21/236 
f 236/21/236 179/21/179 181/29/181 
f 237/20/237 179/21/179 236/21/236 
f 237/20/237 175/20/175 179/21/179 
f 80/20/80 237/20/237 82/20/82 
f 80/20/80 238/20/238 237/20/237 
f 238/20/238 175/20/175 237/20/237 
f 78/19/78 238/20/238 80/20/80 
f 78/19/78 239/28/239 238/20/238 
f 238/20/238 173/20/173 175/20/175 
f 239/28/239 173/20/173 238/20/238 
f 239/28/239 169/28/169 173/20/173 
f 76/18/76 239/28/239 78/19/78 
f 76/18/76 240/28/240 239/28/239 
f 240/28/240 169/28/169 239/28/239 
f 74/18/74 240/28/240 76/18/76 
f 74/18/74 241/18/241 240/28/240 
f 240/28/240 167/28/167 169/28/169 
f 241/18/241 167/28/167 240/28/240 
f 241/18/241 163/18/163 167/28/167 
f 72/17/72 241/18/241 74/18/74 
f 72/17/72 242/17/242 241/18/241 
f 242/17/242 163/18/163 241/18/241 
f 70/16/70 242/17/242 72/17/72 
f 70/16/70 243/16/243 242/17/242 
f 242/17/242 161/17/161 163/18/163 
f 243/16/243 161/17/161 242/17/242 
f 243/16/243 157/17/157 161/17/161 
f 68/15/68 243/16/243 70/16/70 
f 68/15/68 244/15/244 243/16/243 
f 244/15/244 157/17/157 243/16/243 
f 66/15/66 244/15/244 68/15/68 
f 66/15/66 245/15/245 244/15/244 
f 244/15/244 155/15/155 157/17/157 
f 245/15/245 155/15/155 244/15/244 
f 245/15/245 151/15/151 155/15/155 
f 64/14/64 245/15/245 66/15/66 
f 64/14/64 246/14/246 245/15/245 
f 246/14/246 151/15/151 245/15/245 
f 62/13/62 246/14/246 64/14/64 
f 62/13/62 247/12/247 246/14/246 
f 246/14/246 149/14/149 151/15/151 
f 247/12/247 149/14/149 246/14/246 
f 247/12/247 145/12/145 149/14/149 
f 60/12/60 247/12/247 62/13/62 
f 60/12/60 248/12/248 247/12/247 
f 248/12/248 145/12/145 247/12/247 
f 58/11/58 248/12/248 60/12/60 
f 58/11/58 249/11/249 248/12/248 
f 248/12/248 143/12/143 145/12/145 
f 249/11/249 143/12/143 248/12/248 
f 249/11/249 139/12/139 143/12/143 
f 56/10/56 249/11/249 58/11/58 
f 56/10/56 250/10/250 249/11/249 
f 250/10/250 139/12/139 249/11/249 
f 54/10/54 250/10/250 56/10/56 
f 54/10/54 251/10/251 250/10/250 
f 250/10/250 137/10/137 139/12/139 
f 251/10/251 137/10/137 250/10/250 
f 251/10/251 133/10/133 137/10/137 
f 52/9/52 251/10/251 54/10/54 
f 52/9/52 252/9/252 251/10/251 
f 252/9/252 133/10/133 251/10/251 
f 50/9/50 252/9/252 52/9/52 
f 50/9/50 253/9/253 252/9/252 
f 252/9/252 131/9/131 133/10/133 
f 253/9/253 131/9/131 252/9/252 
f 253/9/253 127/9/127 131/9/131 
f 48/7/48 253/9/253 50/9/50 
f 48/7/48 254/7/254 253/9/253 
f 254/7/254 127/9/127 253/9/253 
f 46/6/46 254/7/254 48/7/48 
f 46/6/46 255/6/255 254/7/254 
f 254/7/254 125/7/125 127/9/127 
f 255/6/255 125/7/125 254/7/254 
f 255/6/255 121/6/121 125/7/125 
f 44/6/44 255/6/255 46/6/46 
f 44/6/44 256/6/256 255/6/255 
f 256/6/256 121/6/121 255/6/255 
f 42/4/42 256/6/256 44/6/44 
f 42/4/42 257/4/257 256/6/256 
f 256/6/256 119/6/119 121/6/121 
f 257/4/257 119/6/119 256/6/256 
f 257/4/257 115/4/115 119/6/119 
f 40/4/40 257/4/257 42/4/42 
f 40/4/40 258/4/258 257/4/257 
f 258/4/258 115/4/115 257/4/257 
f 38/2/38 258/4/258 40/4/40 
f 38/2/38 102/2/102 258/4/258 
f 258/4/258 113/4/113 115/4/115 
f 102/2/102 113/4/113 258/4/258 
f 259/30/259 260/31/260 261/32/260 
s 2
f 261/32/261 262/33/261 259/30/259 
s 3
f 263/34/262 264/35/263 259/30/259 
s 4
f 259/30/264 262/33/264 263/34/262 
s 5
f 265/36/265 264/35/266 263/34/262 
s 6
f 263/34/262 266/37/267 265/36/265 
s 7
f 267/38/268 268/39/269 269/40/270 
s 8
f 269/40/270 270/41/271 267/38/268 
s 9
f 271/42/272 267/38/268 270/41/273 
s 10
f 270/41/274 272/43/275 271/42/272 
s 11
f 260/44/276 271/42/277 272/43/275 
s 12
f 272/43/275 261/45/278 260/44/276 
s 13
f 268/39/269 265/36/265 266/37/279 
s 14
f 266/37/279 269/40/270 268/39/269 
s 15
f 270/46/280 262/47/281 261/48/282 
s 16
f 261/48/283 272/49/283 270/46/280 
s 17
f 270/46/284 263/50/285 262/47/281 
s 18
f 263/50/285 270/46/286 266/51/286 
s 19
f 270/46/280 269/52/283 266/51/283 
s 20
f 259/47/287 271/49/287 260/48/287 
s 21
f 259/47/287 268/52/287 271/49/287 
s 22
f 268/52/287 267/46/287 271/49/287 
s 23
f 259/47/287 265/51/287 268/52/287 
s 24
f 259/47/287 264/50/287 265/51/287 
s 1323
f 273/53/288 274/54/288 275/55/288 
s 1324
f 276/56/288 275/55/288 274/54/288 
s 1325
f 274/54/289 277/57/289 276/56/289 
s 1326
f 278/58/289 276/56/289 277/57/289 
s 1327
f 275/55/290 274/54/290 273/53/290 
s 1328
f 274/54/290 275/55/290 276/56/290 
s 1329
f 276/56/291 277/57/291 274/54/291 
s 1330
f 277/57/291 276/56/291 278/58/291 
s 1331
f 279/59/292 280/60/293 281/61/293 
s 1332
f 281/61/293 280/60/293 282/62/293 
s 1333
f 282/62/293 280/60/293 283/63/293 
s 1334
f 281/64/294 284/65/295 279/66/296 
s 1335
f 284/65/295 281/64/294 285/67/294 
s 1336
f 279/66/296 286/67/297 280/64/297 
s 1337
f 286/67/297 279/66/296 284/65/295 
s 1338
f 280/66/298 287/67/299 283/64/298 
s 1339
f 287/67/299 280/66/298 286/65/298 
s 1340
f 283/64/300 288/65/300 282/66/300 
s 1341
f 288/65/300 283/64/300 287/67/299 
s 1342
f 282/64/301 285/65/301 281/66/301 
s 1343
f 285/65/301 282/64/301 288/67/301 
s 1344
f 289/54/302 290/53/302 291/68/302 
s 1345
f 291/68/303 292/69/303 289/54/303 
s 1346
f 293/57/303 289/54/303 292/69/303 
s 1347
f 290/53/304 291/68/304 294/55/304 
s 1348
f 291/68/304 290/53/304 289/54/304 
s 1349
f 289/54/305 292/69/305 291/68/305 
s 1350
f 292/69/305 289/54/305 293/57/305 
s 1351
f 295/70/306 296/60/306 297/61/306 
s 1352
f 297/61/306 296/60/306 298/62/306 
s 1353
f 298/62/306 296/60/306 299/63/306 
s 1354
f 297/64/307 300/65/308 295/66/309 
s 1355
f 300/65/308 297/64/307 301/67/307 
s 1356
f 295/66/310 302/67/310 296/64/310 
s 1357
f 302/67/310 295/66/309 300/65/308 
s 1358
f 296/66/311 303/67/312 299/64/313 
s 1359
f 303/67/312 296/66/311 302/65/311 
s 1360
f 299/64/313 304/65/314 298/66/314 
s 1361
f 304/65/314 299/64/315 303/67/312 
s 1362
f 298/64/316 301/65/316 297/66/316 
s 1363
f 301/65/316 298/64/317 304/67/317 
s 1364
f 294/55/302 291/68/302 290/53/302 
s 1
f 305/71/318 306/72/319 307/73/320 
s 2
f 307/73/320 308/74/321 305/71/318 
s 3
f 309/75/322 310/76/323 311/77/324 
s 4
f 311/77/324 312/78/325 309/75/326 
s 5
f 310/76/323 313/79/327 305/71/318 
s 6
f 305/71/318 311/77/324 310/76/323 
s 7
f 313/79/327 314/80/328 306/72/319 
s 8
f 306/72/319 305/71/318 313/79/327 
s 9
f 315/81/329 316/81/330 317/82/331 
s 10
f 318/82/332 317/82/331 316/81/332 
s 11
f 319/83/333 320/84/334 321/85/335 
s 12
f 318/82/336 319/83/333 321/85/335 
s 13
f 322/86/337 319/83/333 318/82/338 
s 14
f 316/81/339 322/86/337 318/82/336 
s 15
f 323/87/340 318/82/341 321/85/335 
s 16
f 324/88/342 323/87/342 321/85/342 
s 17
f 325/89/343 326/90/344 327/91/345 
s 18
f 328/92/346 329/93/347 330/94/348 
s 19
f 329/93/347 331/95/349 332/96/350 
s 20
f 329/93/347 332/96/350 330/94/348 
s 21
f 330/94/348 332/96/350 333/97/351 
s 22
f 328/92/346 334/98/352 329/93/347 
s 23
f 334/98/352 327/91/345 326/90/344 
s 24
f 334/98/352 326/90/344 329/93/347 
s 25
f 329/93/347 326/90/344 331/95/349 
s 26
f 335/99/353 336/100/354 337/101/355 
s 27
f 336/100/354 333/97/351 332/96/350 
s 28
f 336/100/354 332/96/350 337/101/355 
s 29
f 337/101/355 332/96/350 331/95/349 
s 30
f 338/99/356 335/99/353 339/89/357 
s 31
f 325/89/343 339/89/357 335/99/353 
s 32
f 340/102/358 341/103/359 314/80/328 
s 33
f 314/80/328 313/79/327 340/102/358 
s 34
f 312/78/325 342/104/360 343/105/361 
s 35
f 312/78/325 343/105/361 309/75/322 
s 36
f 344/106/362 345/107/363 346/108/364 
s 37
f 347/109/365 348/110/366 345/107/363 
s 38
f 345/107/363 349/111/367 347/109/365 
s 39
f 350/112/368 351/113/369 352/114/370 
s 40
f 352/114/370 309/75/322 350/112/371 
s 41
f 351/113/369 353/115/372 340/102/358 
s 42
f 340/102/358 352/114/370 351/113/369 
s 43
f 353/115/372 354/116/373 341/103/359 
s 44
f 341/103/359 340/102/358 353/115/372 
s 45
f 355/117/374 356/118/375 348/119/376 
s 46
f 348/119/376 347/120/377 355/117/374 
s 47
f 346/121/378 348/119/376 356/118/379 
s 48
f 356/118/379 357/122/380 346/121/378 
s 49
f 346/121/378 357/122/381 344/123/381 
s 50
f 344/124/382 357/125/383 358/126/384 
s 51
f 344/124/382 358/126/384 359/127/385 
s 52
f 360/128/386 361/129/387 362/130/387 
s 53
f 360/128/388 362/130/388 363/131/389 
s 54
f 364/132/390 360/128/386 363/131/389 
s 55
f 359/127/385 364/132/391 363/131/392 
s 56
f 344/124/382 359/127/385 363/131/392 
s 57
f 365/133/393 366/134/394 367/135/395 
s 58
f 368/136/396 369/137/397 370/138/398 
s 59
f 371/139/399 367/140/400 372/141/399 
s 60
f 357/142/401 356/143/401 355/144/401 
s 61
f 358/145/402 357/142/403 355/144/403 
s 62
f 311/77/324 305/71/318 308/74/321 
s 63
f 308/74/321 373/146/404 311/77/324 
s 64
f 373/146/404 342/104/360 312/78/325 
s 65
f 364/147/405 374/148/406 375/149/407 
s 66
f 375/149/407 376/150/408 364/147/405 
s 67
f 359/151/409 377/152/410 374/148/406 
s 68
f 374/148/406 364/147/411 359/151/409 
s 69
f 378/153/412 379/154/413 377/152/410 
s 70
f 377/152/410 359/151/409 378/153/412 
s 71
f 349/111/367 307/73/320 379/154/413 
s 72
f 379/154/413 378/153/412 349/111/367 
s 73
f 335/99/353 337/101/355 325/89/343 
s 74
f 337/101/355 331/95/349 326/90/344 
s 75
f 337/101/355 326/90/344 325/89/343 
s 76
f 380/155/414 381/156/415 382/157/416 
s 77
f 382/157/416 383/158/417 380/155/414 
s 78
f 383/158/418 382/157/416 384/159/419 
s 79
f 384/159/419 385/160/420 383/158/418 
s 80
f 385/160/420 384/159/419 341/103/359 
s 81
f 341/103/359 354/116/373 385/160/420 
s 82
f 365/161/421 380/162/422 383/163/423 
s 83
f 386/164/424 387/165/425 355/117/426 
s 84
f 355/117/426 347/120/377 386/164/424 
s 85
f 388/166/427 358/167/428 387/165/425 
s 86
f 387/165/425 386/164/429 388/166/427 
s 87
f 376/168/430 360/169/431 364/170/431 
s 88
f 380/155/414 370/138/432 381/156/415 
s 89
f 369/137/397 381/156/415 370/138/398 
s 90
f 375/171/433 371/139/434 360/169/435 
s 91
f 360/169/435 376/168/430 375/171/433 
s 92
f 367/140/400 371/139/436 375/171/433 
s 93
f 375/171/433 370/172/437 367/140/400 
s 94
f 365/161/421 367/140/400 370/172/437 
s 95
f 389/91/438 338/99/439 339/89/440 
s 96
f 390/92/441 338/99/439 389/91/438 
s 97
f 391/97/442 338/99/439 390/92/441 
s 98
f 392/100/443 338/99/439 391/97/442 
s 99
f 393/94/444 391/97/442 390/92/441 
s 100
f 394/98/445 390/92/441 389/91/438 
s 101
f 317/82/331 318/82/446 395/87/447 
s 102
f 323/87/340 395/87/447 318/82/341 
s 103
f 395/87/447 323/87/340 396/88/448 
s 104
f 324/88/449 396/88/448 323/87/340 
s 105
f 396/88/448 324/88/449 397/85/450 
s 106
f 321/85/335 397/85/450 324/88/449 
s 107
f 397/85/450 321/85/335 398/84/451 
s 108
f 320/84/334 398/84/451 321/85/335 
s 109
f 398/84/451 320/84/334 399/83/452 
s 110
f 319/83/333 399/83/452 320/84/334 
s 111
f 399/83/452 319/83/333 400/86/453 
s 112
f 322/86/337 400/86/453 319/83/333 
s 113
f 400/86/453 322/86/337 315/81/329 
s 114
f 316/81/454 315/81/329 322/86/337 
s 115
f 370/172/455 380/162/422 365/161/421 
s 116
f 388/166/427 359/173/456 358/167/428 
s 117
f 388/174/457 386/175/458 378/153/412 
s 118
f 363/176/459 362/177/460 343/105/361 
s 119
f 343/105/361 342/104/360 363/176/459 
s 120
f 344/106/461 363/176/462 342/104/360 
s 121
f 342/104/360 373/146/404 344/106/461 
s 122
f 345/107/363 344/106/461 373/146/404 
s 123
f 373/146/404 308/74/321 345/107/363 
s 124
f 349/111/367 345/107/363 308/74/321 
s 125
f 308/74/321 307/73/320 349/111/367 
s 126
f 312/78/325 311/77/324 373/146/404 
s 127
f 401/178/463 402/178/464 403/179/465 
s 128
f 402/178/464 401/178/463 404/180/466 
s 129
f 405/180/467 404/180/466 401/178/463 
s 130
f 404/180/466 405/180/467 406/181/468 
s 131
f 407/181/469 406/181/468 405/180/467 
s 132
f 408/182/470 409/183/471 410/182/472 
s 133
f 411/184/473 412/185/474 413/186/475 
s 134
f 408/182/476 411/184/473 413/186/475 
s 135
f 414/187/477 408/182/476 413/186/475 
s 136
f 415/188/478 408/182/478 414/187/477 
s 137
f 409/183/479 408/182/479 415/188/479 
s 138
f 416/189/480 414/187/480 413/186/475 
s 139
f 392/100/481 336/100/354 338/99/356 
s 140
f 335/99/353 338/99/356 336/100/354 
s 141
f 391/97/482 333/97/351 392/100/481 
s 142
f 336/100/354 392/100/481 333/97/351 
s 143
f 393/94/483 330/94/348 391/97/482 
s 144
f 333/97/351 391/97/482 330/94/348 
s 145
f 390/92/484 328/92/346 393/94/483 
s 146
f 330/94/348 393/94/483 328/92/346 
s 147
f 394/98/485 334/98/352 390/92/484 
s 148
f 328/92/346 390/92/484 334/98/352 
s 149
f 389/91/486 327/91/345 394/98/485 
s 150
f 334/98/352 394/98/485 327/91/345 
s 151
f 339/89/357 325/89/343 389/91/486 
s 152
f 327/91/345 389/91/486 325/89/343 
s 153
f 417/190/487 418/191/488 419/190/489 
s 154
f 420/192/490 421/193/491 422/194/492 
s 155
f 417/190/487 420/192/490 422/194/492 
s 156
f 423/195/493 417/190/487 422/194/492 
s 157
f 424/196/494 417/190/487 423/195/493 
s 158
f 403/179/465 425/197/495 426/198/496 
s 159
f 407/181/469 403/179/465 426/198/497 
s 160
f 401/178/463 403/179/465 407/181/469 
s 161
f 405/180/467 401/178/463 407/181/469 
s 162
f 427/199/498 407/181/469 426/198/496 
s 163
f 428/200/499 427/199/498 426/198/496 
s 164
f 419/190/489 429/192/500 417/190/487 
s 165
f 420/192/490 417/190/487 429/192/500 
s 166
f 429/192/500 430/193/501 420/192/490 
s 167
f 421/193/491 420/192/490 430/193/501 
s 168
f 430/193/501 431/194/502 421/193/491 
s 169
f 422/194/492 421/193/491 431/194/502 
s 170
f 431/194/502 432/201/503 422/194/492 
s 171
f 433/201/504 422/194/492 432/201/503 
s 172
f 432/201/503 434/195/505 433/201/504 
s 173
f 423/195/493 433/201/504 434/195/505 
s 174
f 434/195/505 435/196/506 423/195/493 
s 175
f 424/196/494 423/195/493 435/196/506 
s 176
f 435/196/506 436/191/507 424/196/494 
s 177
f 418/191/488 424/196/494 436/191/507 
s 178
f 436/191/507 419/190/489 418/191/488 
s 179
f 406/181/468 407/181/469 437/199/508 
s 180
f 427/199/509 437/199/508 407/181/469 
s 181
f 437/199/508 427/199/510 438/200/511 
s 182
f 428/200/499 438/200/511 427/199/509 
s 183
f 438/200/511 428/200/499 439/198/512 
s 184
f 426/198/513 439/198/512 428/200/499 
s 185
f 439/198/512 426/198/513 440/197/514 
s 186
f 425/197/495 440/197/514 426/198/496 
s 187
f 440/197/514 425/197/495 441/179/515 
s 188
f 403/179/465 441/179/515 425/197/495 
s 189
f 441/179/515 403/179/465 402/178/464 
s 190
f 353/202/516 351/203/517 383/204/518 
s 191
f 385/205/423 353/202/516 383/204/518 
s 192
f 372/206/519 442/207/520 443/208/521 
s 193
f 443/208/521 371/209/522 372/206/519 
s 194
f 366/134/394 442/207/523 372/206/524 
s 195
f 372/206/524 367/135/395 366/134/394 
s 196
f 368/136/396 374/148/406 377/152/410 
s 197
f 377/152/410 444/210/525 368/136/396 
s 198
f 444/210/525 377/152/410 379/154/413 
s 199
f 379/154/413 445/211/526 444/210/525 
s 200
f 445/211/526 379/154/413 307/73/320 
s 201
f 307/73/320 306/72/319 445/211/526 
s 202
f 369/137/397 368/136/396 444/210/525 
s 203
f 444/210/525 446/212/527 369/137/397 
s 204
f 446/212/527 444/210/525 445/211/526 
s 205
f 445/211/526 447/213/528 446/212/527 
s 206
f 447/213/528 445/211/526 306/72/319 
s 207
f 306/72/319 314/80/328 447/213/528 
s 208
f 381/156/415 369/137/397 446/212/527 
s 209
f 446/212/527 382/157/416 381/156/415 
s 210
f 382/157/416 446/212/527 447/213/528 
s 211
f 447/213/528 384/159/419 382/157/416 
s 212
f 384/159/419 447/213/528 314/80/328 
s 213
f 314/80/328 341/103/359 384/159/419 
s 214
f 375/149/407 374/148/406 368/136/396 
s 215
f 368/136/396 370/138/432 375/149/407 
s 216
f 359/151/529 388/174/457 378/153/412 
s 217
f 347/109/365 349/111/367 378/153/412 
s 218
f 310/76/323 309/75/322 352/114/370 
s 219
f 352/114/370 340/102/358 313/79/327 
s 220
f 313/79/327 310/76/323 352/114/370 
s 221
f 418/191/488 417/190/487 424/196/494 
s 222
f 433/201/504 423/195/493 422/194/492 
s 223
f 410/182/472 448/184/530 408/182/470 
s 224
f 411/184/473 408/182/531 448/184/530 
s 225
f 448/184/530 449/185/532 411/184/473 
s 226
f 412/185/474 411/184/473 449/185/532 
s 227
f 449/185/532 450/186/533 412/185/474 
s 228
f 413/186/475 412/185/474 450/186/533 
s 229
f 450/186/533 451/189/534 413/186/475 
s 230
f 416/189/535 413/186/475 451/189/534 
s 231
f 451/189/534 452/187/536 416/189/537 
s 232
f 414/187/537 416/189/537 452/187/536 
s 233
f 452/187/536 453/188/538 414/187/539 
s 234
f 415/188/539 414/187/539 453/188/538 
s 235
f 453/188/538 454/183/540 415/188/541 
s 236
f 409/183/471 415/188/541 454/183/540 
s 237
f 454/183/540 410/182/472 409/183/542 
s 238
f 378/153/412 386/175/543 347/109/365 
s 239
f 346/108/364 345/107/363 348/110/366 
s 240
f 343/105/544 350/112/371 309/75/322 
s 241
f 387/214/545 358/145/402 355/144/545 
s 242
f 371/209/546 443/208/546 361/215/547 
s 243
f 361/215/547 360/216/548 371/209/548 
s 244
f 385/205/423 354/217/423 353/202/516 
s 245
f 343/218/549 362/219/550 361/220/551 
s 246
f 361/220/551 443/221/423 442/222/552 
s 247
f 343/218/549 361/220/551 442/222/552 
s 248
f 343/218/549 442/222/552 366/223/553 
s 249
f 350/224/554 343/218/549 366/223/553 
s 250
f 350/224/554 366/223/553 365/225/555 
s 251
f 351/203/517 350/224/554 365/225/555 
s 252
f 351/203/517 365/225/555 383/204/518 
s 1
f 455/226/556 456/227/557 457/228/557 
s 2
f 457/228/558 458/229/558 455/226/556 
s 3
f 459/230/559 456/227/560 455/226/556 
s 4
f 455/226/561 460/231/562 459/230/559 
s 5
f 461/232/563 462/233/564 459/230/559 
s 6
f 459/230/559 460/231/562 461/232/563 
s 7
f 463/234/565 464/235/566 465/236/567 
s 8
f 465/236/567 466/237/568 463/234/565 
s 9
f 467/238/569 468/239/570 464/235/566 
s 10
f 464/235/566 463/234/565 467/238/569 
s 11
f 458/240/571 457/241/571 468/239/570 
s 12
f 468/239/570 467/238/569 458/240/571 
s 13
f 466/237/568 465/236/567 462/233/572 
s 14
f 462/233/572 461/232/563 466/237/568 
s 15
f 464/242/573 468/243/574 457/244/574 
s 16
f 457/244/575 456/245/575 464/242/573 
s 17
f 464/242/573 456/245/576 459/246/577 
s 18
f 459/246/577 462/247/578 464/242/573 
s 19
f 464/242/573 462/247/574 465/248/574 
s 20
f 455/245/579 461/247/579 460/246/579 
s 21
f 455/245/579 466/248/579 461/247/579 
s 22
f 455/245/579 467/243/579 466/248/579 
s 23
f 467/243/579 463/242/579 466/248/579 
s 24
f 455/245/579 458/244/579 467/243/579 
s 55
f 469/249/580 470/250/581 471/251/582 
s 56
f 471/251/582 472/252/583 469/249/580 
s 57
f 473/253/584 469/249/580 472/252/583 
s 58
f 472/252/583 474/254/585 473/253/584 
s 59
f 475/255/586 473/253/584 474/254/585 
s 60
f 474/254/585 476/256/587 475/255/586 
s 61
f 477/257/588 478/258/589 479/259/590 
s 62
f 479/259/590 480/260/591 477/257/588 
s 63
f 480/260/591 479/259/590 481/261/592 
s 64
f 481/261/592 482/262/593 480/260/591 
s 65
f 482/262/593 481/261/592 483/263/594 
s 66
f 483/263/594 484/264/595 482/262/593 
s 67
f 484/264/595 483/263/594 485/265/596 
s 68
f 485/265/596 486/266/597 484/264/595 
s 69
f 486/266/597 485/265/596 487/267/598 
s 70
f 487/267/598 488/268/599 486/266/597 
s 71
f 488/268/599 487/267/598 489/269/600 
s 72
f 489/269/600 490/270/601 488/268/599 
s 73
f 491/254/602 476/256/587 492/271/603 
s 74
f 492/271/603 493/272/604 491/254/602 
s 75
f 494/252/605 491/254/602 493/272/604 
s 76
f 493/272/604 495/273/606 494/252/605 
s 77
f 471/251/582 494/252/605 495/273/606 
s 78
f 495/273/606 496/274/607 471/251/582 
s 79
f 472/252/583 471/251/582 496/274/607 
s 80
f 496/274/607 497/273/608 472/252/583 
s 81
f 474/254/585 472/252/583 497/273/608 
s 82
f 497/273/608 498/272/609 474/254/585 
s 83
f 476/256/587 474/254/585 498/272/609 
s 84
f 498/272/609 492/271/603 476/256/587 
s 85
f 499/253/610 475/255/586 476/256/587 
s 86
f 476/256/587 491/254/602 499/253/610 
s 87
f 500/249/611 499/253/610 491/254/602 
s 88
f 491/254/602 494/252/605 500/249/611 
s 89
f 470/250/581 500/249/611 494/252/605 
s 90
f 494/252/605 471/251/582 470/250/581 
s 91
f 484/264/595 486/266/597 501/275/612 
s 92
f 501/275/612 502/276/613 484/264/595 
s 93
f 486/266/597 488/268/599 503/277/614 
s 94
f 503/277/614 501/275/612 486/266/597 
s 95
f 488/268/599 490/270/601 504/278/615 
s 96
f 504/278/615 503/277/614 488/268/599 
s 97
f 490/279/616 505/280/617 506/281/618 
s 98
f 506/281/618 504/282/619 490/279/616 
s 99
f 505/280/617 507/283/620 508/284/621 
s 100
f 508/284/621 506/281/618 505/280/617 
s 101
f 507/283/620 509/285/622 510/286/623 
s 102
f 510/286/623 508/284/621 507/283/620 
s 103
f 509/285/624 511/283/625 512/284/626 
s 104
f 512/284/626 510/286/627 509/285/624 
s 105
f 511/283/625 513/287/628 514/288/629 
s 106
f 514/288/629 512/284/626 511/283/625 
s 107
f 513/287/628 477/289/630 515/282/631 
s 108
f 515/282/631 514/288/629 513/287/628 
s 109
f 490/279/616 489/290/632 516/291/633 
s 110
f 516/291/633 505/280/617 490/279/616 
s 111
f 505/280/617 516/291/633 517/292/634 
s 112
f 517/292/634 507/283/620 505/280/617 
s 113
f 507/283/620 517/292/634 518/293/635 
s 114
f 518/293/635 509/285/622 507/283/620 
s 115
f 509/285/624 518/293/636 519/292/637 
s 116
f 519/292/637 511/283/625 509/285/624 
s 117
f 511/283/625 519/292/637 520/294/638 
s 118
f 520/294/638 513/287/628 511/283/625 
s 119
f 513/287/628 520/294/638 478/290/639 
s 120
f 478/290/639 477/289/630 513/287/628 
s 121
f 477/257/588 480/260/591 521/295/640 
s 122
f 521/295/640 515/296/641 477/257/588 
s 123
f 480/260/591 482/262/593 522/297/642 
s 124
f 522/297/642 521/295/640 480/260/591 
s 125
f 482/262/593 484/264/595 502/276/613 
s 126
f 502/276/613 522/297/642 482/262/593 
s 127
f 523/298/643 524/299/644 525/300/645 
s 128
f 525/300/645 526/301/646 523/298/643 
s 129
f 527/302/647 528/303/648 524/299/644 
s 130
f 524/299/644 523/298/643 527/302/647 
s 131
f 529/304/649 530/305/650 528/303/648 
s 132
f 528/303/648 527/302/647 529/304/649 
s 133
f 531/254/651 532/272/652 533/271/653 
s 134
f 533/271/653 534/256/654 531/254/651 
s 135
f 535/252/655 536/273/656 532/272/652 
s 136
f 532/272/652 531/254/651 535/252/655 
s 137
f 537/251/657 538/274/658 536/273/656 
s 138
f 536/273/656 535/252/655 537/251/657 
s 139
f 539/252/659 540/273/660 538/274/658 
s 140
f 538/274/658 537/251/657 539/252/659 
s 141
f 541/254/661 542/272/662 540/273/660 
s 142
f 540/273/660 539/252/659 541/254/661 
s 143
f 534/256/654 533/271/653 542/272/662 
s 144
f 542/272/662 541/254/661 534/256/654 
s 145
f 543/303/663 544/306/664 545/307/665 
s 146
f 545/307/665 530/305/650 543/303/663 
s 147
f 546/299/666 547/308/667 544/306/664 
s 148
f 544/306/664 543/303/663 546/299/666 
s 149
f 525/300/645 548/309/668 547/308/667 
s 150
f 547/308/667 546/299/666 525/300/645 
s 151
f 524/299/644 549/308/669 548/309/668 
s 152
f 548/309/668 525/300/645 524/299/644 
s 153
f 528/303/648 550/306/670 549/308/669 
s 154
f 549/308/669 524/299/644 528/303/648 
s 155
f 530/305/650 545/307/665 550/306/670 
s 156
f 550/306/670 528/303/648 530/305/650 
s 157
f 551/302/671 543/303/663 530/305/650 
s 158
f 530/305/650 529/304/649 551/302/671 
s 159
f 552/298/672 546/299/666 543/303/663 
s 160
f 543/303/663 551/302/671 552/298/672 
s 161
f 526/301/646 525/300/645 546/299/666 
s 162
f 546/299/666 552/298/672 526/301/646 
s 163
f 553/299/673 554/300/674 555/309/675 
s 164
f 555/309/675 556/308/676 553/299/673 
s 165
f 557/303/677 553/299/673 556/308/676 
s 166
f 556/308/676 558/306/678 557/303/677 
s 167
f 559/305/679 557/303/677 558/306/678 
s 168
f 558/306/678 560/307/680 559/305/679 
s 169
f 561/302/681 562/304/682 559/305/679 
s 170
f 559/305/679 563/303/683 561/302/681 
s 171
f 564/298/684 561/302/681 563/303/683 
s 172
f 563/303/683 565/299/685 564/298/684 
s 173
f 566/301/686 564/298/684 565/299/685 
s 174
f 565/299/685 554/300/674 566/301/686 
s 175
f 567/298/687 566/301/686 554/300/674 
s 176
f 554/300/674 553/299/673 567/298/687 
s 177
f 568/302/688 567/298/687 553/299/673 
s 178
f 553/299/673 557/303/677 568/302/688 
s 179
f 562/304/682 568/302/688 557/303/677 
s 180
f 557/303/677 559/305/679 562/304/682 
s 181
f 569/253/689 531/254/651 534/256/654 
s 182
f 534/256/654 570/255/690 569/253/689 
s 183
f 571/249/691 535/252/655 531/254/651 
s 184
f 531/254/651 569/253/689 571/249/691 
s 185
f 572/250/692 537/251/657 535/252/655 
s 186
f 535/252/655 571/249/691 572/250/692 
s 187
f 573/249/693 539/252/659 537/251/657 
s 188
f 537/251/657 572/250/692 573/249/693 
s 189
f 574/253/694 541/254/661 539/252/659 
s 190
f 539/252/659 573/249/693 574/253/694 
s 191
f 570/255/690 534/256/654 541/254/661 
s 192
f 541/254/661 574/253/694 570/255/690 
s 193
f 563/303/683 559/305/679 560/307/680 
s 194
f 560/307/680 575/306/695 563/303/683 
s 195
f 565/299/685 563/303/683 575/306/695 
s 196
f 575/306/695 576/308/696 565/299/685 
s 197
f 554/300/674 565/299/685 576/308/696 
s 198
f 576/308/696 555/309/675 554/300/674 
s 199
f 577/310/697 578/311/698 579/312/698 
s 200
f 580/313/699 581/314/700 582/315/701 
s 201
f 582/315/701 583/316/702 580/313/699 
s 202
f 584/317/703 585/318/704 581/314/705 
s 203
f 581/314/705 580/313/706 584/317/703 
s 204
f 586/319/707 587/320/708 585/321/709 
s 205
f 585/321/709 584/322/710 586/319/707 
s 206
f 583/323/711 582/324/712 587/320/713 
s 207
f 587/320/713 586/319/714 583/323/711 
s 208
f 588/325/715 589/326/715 580/313/715 
s 209
f 580/313/716 583/316/702 588/325/716 
s 210
f 584/317/703 580/313/717 589/326/718 
s 211
f 589/326/718 590/327/719 584/317/703 
s 212
f 584/322/710 590/328/720 591/329/721 
s 213
f 591/329/722 586/319/722 584/322/710 
s 214
f 591/329/723 592/330/724 588/331/725 
s 215
f 593/332/726 594/333/727 595/334/728 
s 216
f 595/334/728 596/335/729 593/332/726 
s 217
f 597/336/730 598/337/731 595/334/732 
s 218
f 595/334/732 594/333/733 597/336/730 
s 219
f 598/337/731 597/336/730 599/338/734 
s 220
f 599/338/734 600/339/735 598/337/731 
s 221
f 593/340/736 596/341/737 600/342/738 
s 222
f 600/342/738 599/343/739 593/340/736 
s 223
f 601/344/740 602/345/741 603/346/742 
s 224
f 601/344/740 604/347/743 605/348/744 
s 225
f 603/346/742 604/347/743 601/344/740 
s 226
f 601/344/740 605/348/744 606/349/745 
s 227
f 607/350/746 601/351/747 606/352/748 
s 228
f 606/352/748 608/353/749 607/350/746 
s 229
f 609/354/750 603/355/751 602/356/752 
s 230
f 602/356/752 610/357/752 609/354/750 
s 231
f 611/358/753 577/310/697 605/359/754 
s 232
f 605/359/754 604/360/755 611/358/753 
s 233
f 611/358/753 604/360/755 603/355/751 
s 234
f 603/355/751 609/354/750 611/358/753 
s 235
f 577/310/697 608/353/749 606/352/748 
s 236
f 606/352/748 605/359/754 577/310/697 
s 237
f 607/350/746 610/361/756 602/362/757 
s 238
f 602/362/757 601/351/747 607/350/746 
s 239
f 592/330/724 609/354/750 610/357/758 
s 240
f 611/358/753 612/363/759 577/310/697 
s 241
f 612/363/759 611/358/753 613/364/760 
s 242
f 609/354/750 614/365/761 613/364/760 
s 243
f 613/364/760 611/358/753 609/354/750 
s 244
f 609/354/750 592/330/724 614/365/761 
s 245
f 578/311/762 577/310/697 612/363/759 
s 246
f 579/312/763 608/353/749 577/310/697 
s 247
f 615/366/764 616/367/765 617/368/766 
s 248
f 617/368/766 618/369/767 615/366/764 
s 249
f 618/369/768 578/311/769 619/370/770 
s 250
f 619/370/771 615/366/771 618/369/768 
s 251
f 607/350/746 590/327/719 589/326/772 
s 252
f 588/331/773 592/330/724 610/357/773 
s 253
f 590/327/774 607/350/746 620/371/775 
s 254
f 620/371/776 621/372/777 590/327/719 
s 255
f 582/324/712 581/373/778 585/321/778 
s 256
f 585/321/779 587/320/779 582/324/779 
s 257
f 588/325/780 610/361/756 607/350/746 
s 258
f 607/350/746 589/326/718 588/325/780 
s 259
f 612/363/759 619/370/781 578/311/769 
s 260
f 619/370/781 612/363/759 613/364/782 
s 261
f 620/371/775 607/350/746 608/353/749 
s 262
f 608/353/749 579/312/783 620/371/775 
s 263
f 622/374/784 619/375/785 614/365/761 
s 264
f 613/364/782 614/365/761 619/375/786 
s 265
f 614/365/761 592/330/724 622/374/787 
s 266
f 591/329/723 622/374/788 592/330/724 
s 267
f 586/319/714 591/329/789 588/331/725 
s 268
f 588/331/790 583/323/711 586/319/714 
s 269
f 621/376/791 622/374/784 591/329/792 
s 270
f 591/329/792 590/328/720 621/376/791 
s 271
f 620/371/775 594/333/793 593/332/726 
s 272
f 593/332/726 621/372/794 620/371/794 
s 273
f 579/312/783 597/336/730 594/333/733 
s 274
f 594/333/793 620/371/776 579/312/783 
s 275
f 579/312/795 622/377/796 599/338/734 
s 276
f 599/338/734 597/336/730 579/312/795 
s 277
f 621/376/797 593/340/736 599/343/739 
s 278
f 599/343/739 622/374/798 621/376/797 
s 279
f 596/335/799 595/334/800 598/337/731 
s 280
f 598/337/731 600/339/735 596/335/799 
s 281
f 623/378/801 624/379/802 625/380/803 
s 282
f 625/380/803 626/381/804 623/378/805 
s 283
f 579/312/806 624/379/806 623/378/801 
s 284
f 623/378/805 622/377/807 579/312/807 
s 285
f 618/369/808 617/368/808 625/380/808 
s 286
f 625/380/809 624/379/810 618/369/811 
s 287
f 623/382/812 626/383/813 616/384/814 
s 288
f 616/384/814 615/385/815 623/382/815 
s 289
f 578/311/762 618/369/811 624/379/810 
s 290
f 624/379/816 579/312/783 578/311/762 
s 291
f 622/374/817 623/382/812 615/385/818 
s 292
f 615/385/818 619/375/819 622/374/817 
s 293
f 626/381/820 625/380/821 617/368/766 
s 294
f 617/368/822 616/367/822 626/381/820 
s 295
f 627/386/823 628/387/823 629/388/823 
s 296
f 629/388/823 628/387/823 630/389/823 
s 297
f 630/389/823 628/387/823 631/388/823 
s 298
f 631/388/823 628/387/823 632/386/824 
s 299
f 632/386/824 628/387/823 633/387/823 
s 300
f 628/387/823 634/390/825 633/387/826 
s 301
f 635/391/827 636/392/828 637/393/829 
s 302
f 638/394/830 637/393/829 636/392/828 
s 303
f 639/395/831 635/391/827 640/396/832 
s 304
f 637/393/829 640/396/832 635/391/827 
s 305
f 641/397/833 639/395/831 642/398/834 
s 306
f 640/396/832 642/398/834 639/395/831 
s 307
f 643/399/835 641/397/833 644/400/836 
s 308
f 642/398/834 644/400/836 641/397/833 
s 309
f 645/397/837 643/399/835 646/398/838 
s 310
f 644/400/836 646/398/838 643/399/835 
s 311
f 647/395/839 645/397/837 648/396/840 
s 312
f 646/398/838 648/396/840 645/397/837 
s 313
f 649/391/841 647/395/839 650/393/842 
s 314
f 648/396/840 650/393/842 647/395/839 
s 315
f 636/392/828 649/391/841 638/394/830 
s 316
f 650/393/842 638/394/830 649/391/841 
s 317
f 634/390/825 651/401/843 633/387/844 
s 318
f 652/402/845 633/387/844 651/401/843 
s 319
f 633/387/826 652/402/845 632/386/824 
s 320
f 653/403/846 632/386/824 652/402/845 
s 321
f 632/386/824 653/403/846 631/388/847 
s 322
f 654/404/848 631/388/847 653/403/846 
s 323
f 631/388/849 654/404/848 630/389/849 
s 324
f 655/405/850 630/389/849 654/404/848 
s 325
f 630/389/851 655/405/850 629/388/852 
s 326
f 656/404/853 629/388/852 655/405/850 
s 327
f 629/388/852 656/404/853 627/386/854 
s 328
f 657/403/855 627/386/854 656/404/853 
s 329
f 627/386/854 657/403/855 628/387/856 
s 330
f 658/402/857 628/387/856 657/403/855 
s 331
f 628/387/858 658/402/857 634/390/825 
s 332
f 651/401/843 634/390/825 658/402/857 
s 333
f 651/401/843 659/406/859 652/402/845 
s 334
f 660/407/860 652/402/845 659/406/859 
s 335
f 652/402/845 660/407/860 653/403/846 
s 336
f 661/408/861 653/403/846 660/407/860 
s 337
f 653/403/846 661/408/861 654/404/848 
s 338
f 662/409/862 654/404/848 661/408/861 
s 339
f 654/404/848 662/409/862 655/405/850 
s 340
f 663/410/863 655/405/850 662/409/862 
s 341
f 655/405/850 663/410/863 656/404/853 
s 342
f 664/409/864 656/404/853 663/410/863 
s 343
f 656/404/853 664/409/864 657/403/855 
s 344
f 665/408/865 657/403/855 664/409/864 
s 345
f 657/403/855 665/408/865 658/402/857 
s 346
f 666/407/866 658/402/857 665/408/865 
s 347
f 658/402/857 666/407/866 651/401/843 
s 348
f 659/406/859 651/401/843 666/407/866 
s 349
f 667/411/867 636/392/828 668/412/868 
s 350
f 635/391/827 668/412/868 636/392/828 
s 351
f 668/412/868 635/391/827 669/413/869 
s 352
f 639/395/831 669/413/869 635/391/827 
s 353
f 669/413/869 639/395/831 670/414/870 
s 354
f 641/397/833 670/414/870 639/395/831 
s 355
f 670/414/870 641/397/833 671/415/871 
s 356
f 643/399/835 671/415/871 641/397/833 
s 357
f 671/415/871 643/399/835 672/414/872 
s 358
f 645/397/837 672/414/872 643/399/835 
s 359
f 672/414/872 645/397/837 673/413/873 
s 360
f 647/395/839 673/413/873 645/397/837 
s 361
f 673/413/873 647/395/839 674/412/874 
s 362
f 649/391/841 674/412/874 647/395/839 
s 363
f 674/412/874 649/391/841 667/411/867 
s 364
f 636/392/828 667/411/867 649/391/841 
s 365
f 675/416/875 667/411/867 676/417/876 
s 366
f 668/412/868 676/417/876 667/411/867 
s 367
f 676/417/876 668/412/868 677/418/877 
s 368
f 669/413/869 677/418/877 668/412/868 
s 369
f 677/418/877 669/413/869 678/419/878 
s 370
f 670/414/870 678/419/878 669/413/869 
s 371
f 678/419/878 670/414/870 679/420/879 
s 372
f 671/415/871 679/420/879 670/414/870 
s 373
f 679/420/879 671/415/871 680/419/880 
s 374
f 672/414/872 680/419/880 671/415/871 
s 375
f 680/419/880 672/414/872 681/418/881 
s 376
f 673/413/873 681/418/882 672/414/872 
s 377
f 681/418/883 673/413/873 682/417/884 
s 378
f 674/412/874 682/417/884 673/413/873 
s 379
f 682/417/884 674/412/874 675/416/875 
s 380
f 667/411/867 675/416/875 674/412/874 
s 381
f 659/406/859 683/421/885 660/407/860 
s 382
f 684/422/886 660/407/860 683/421/885 
s 383
f 660/407/860 684/422/886 661/408/861 
s 384
f 685/423/887 661/408/861 684/422/886 
s 385
f 661/408/861 685/423/887 662/409/862 
s 386
f 686/424/888 662/409/862 685/423/887 
s 387
f 662/409/862 686/424/888 663/410/863 
s 388
f 687/425/889 663/410/863 686/424/888 
s 389
f 663/410/863 687/425/889 664/409/864 
s 390
f 688/424/890 664/409/864 687/425/889 
s 391
f 664/409/864 688/424/890 665/408/865 
s 392
f 689/423/891 665/408/865 688/424/890 
s 393
f 665/408/865 689/423/891 666/407/866 
s 394
f 690/422/892 666/407/866 689/423/891 
s 395
f 666/407/866 690/422/892 659/406/859 
s 396
f 683/421/885 659/406/859 690/422/892 
s 397
f 683/421/885 675/416/875 684/422/886 
s 398
f 676/417/876 684/422/886 675/416/875 
s 399
f 684/422/886 676/417/876 685/423/887 
s 400
f 677/418/877 685/423/887 676/417/876 
s 401
f 685/423/887 677/418/877 686/424/888 
s 402
f 678/419/878 686/424/888 677/418/877 
s 403
f 686/424/888 678/419/878 687/425/889 
s 404
f 679/420/879 687/425/889 678/419/878 
s 405
f 687/425/889 679/420/879 688/424/890 
s 406
f 680/419/880 688/424/890 679/420/879 
s 407
f 689/423/891 688/424/890 681/418/882 
s 408
f 680/419/880 681/418/882 688/424/890 
s 409
f 689/423/891 681/418/882 690/422/892 
s 410
f 682/417/884 690/422/892 681/418/883 
s 411
f 690/422/892 682/417/884 683/421/885 
s 412
f 675/416/875 683/421/885 682/417/884 
s 413
f 691/386/893 692/388/894 693/387/895 
s 414
f 692/388/894 694/389/893 693/387/895 
s 415
f 694/389/893 695/388/896 693/387/893 
s 416
f 695/388/896 696/386/894 693/387/895 
s 417
f 696/386/897 697/387/898 693/387/895 
s 418
f 693/387/895 697/387/898 698/390/899 
s 419
f 699/391/900 700/393/901 701/392/902 
s 420
f 702/394/903 701/392/902 700/393/901 
s 421
f 703/395/904 704/396/905 699/391/900 
s 422
f 700/393/901 699/391/900 704/396/905 
s 423
f 705/397/906 706/398/907 703/395/904 
s 424
f 704/396/905 703/395/904 706/398/907 
s 425
f 707/399/908 708/400/909 705/397/906 
s 426
f 706/398/907 705/397/906 708/400/909 
s 427
f 709/397/910 710/398/911 707/399/908 
s 428
f 708/400/909 707/399/908 710/398/911 
s 429
f 711/395/912 712/396/913 709/397/910 
s 430
f 710/398/911 709/397/910 712/396/913 
s 431
f 713/391/914 714/393/915 711/395/912 
s 432
f 712/396/913 711/395/912 714/393/915 
s 433
f 701/392/902 702/394/903 713/391/914 
s 434
f 714/393/915 713/391/914 702/394/903 
s 435
f 698/390/899 697/387/898 715/401/916 
s 436
f 716/402/917 715/401/916 697/387/898 
s 437
f 697/387/898 696/386/918 716/402/917 
s 438
f 717/403/919 716/402/917 696/386/918 
s 439
f 696/386/897 695/388/896 717/403/919 
s 440
f 718/404/920 717/403/919 695/388/896 
s 441
f 695/388/896 694/389/921 718/404/920 
s 442
f 719/405/922 718/404/920 694/389/923 
s 443
f 694/389/923 692/388/924 719/405/922 
s 444
f 720/404/925 719/405/922 692/388/924 
s 445
f 692/388/924 691/386/926 720/404/925 
s 446
f 721/403/927 720/404/925 691/386/926 
s 447
f 691/386/928 693/387/928 721/403/927 
s 448
f 722/402/929 721/403/927 693/387/928 
s 449
f 693/387/895 698/390/899 722/402/929 
s 450
f 715/401/916 722/402/929 698/390/899 
s 451
f 715/401/916 716/402/917 723/406/930 
s 452
f 724/407/931 723/406/930 716/402/917 
s 453
f 716/402/917 717/403/919 724/407/931 
s 454
f 725/408/932 724/407/931 717/403/919 
s 455
f 717/403/919 718/404/920 725/408/932 
s 456
f 726/409/933 725/408/932 718/404/920 
s 457
f 718/404/920 719/405/922 726/409/933 
s 458
f 727/410/934 726/409/933 719/405/922 
s 459
f 719/405/922 720/404/925 727/410/934 
s 460
f 728/409/935 727/410/934 720/404/925 
s 461
f 720/404/925 721/403/927 728/409/935 
s 462
f 729/408/936 728/409/935 721/403/927 
s 463
f 721/403/927 722/402/929 729/408/936 
s 464
f 730/407/937 729/408/936 722/402/929 
s 465
f 722/402/929 715/401/916 730/407/937 
s 466
f 723/406/930 730/407/937 715/401/916 
s 467
f 731/411/938 732/412/939 701/392/902 
s 468
f 699/391/900 701/392/902 732/412/939 
s 469
f 732/412/939 733/413/940 699/391/900 
s 470
f 703/395/904 699/391/900 733/413/940 
s 471
f 733/413/941 734/414/942 703/395/904 
s 472
f 705/397/906 703/395/904 734/414/942 
s 473
f 734/414/942 735/415/943 705/397/906 
s 474
f 707/399/908 705/397/906 735/415/943 
s 475
f 735/415/943 736/414/944 707/399/908 
s 476
f 709/397/910 707/399/908 736/414/944 
s 477
f 736/414/944 737/413/945 709/397/910 
s 478
f 711/395/912 709/397/910 737/413/945 
s 479
f 737/413/946 738/412/947 711/395/912 
s 480
f 713/391/914 711/395/912 738/412/947 
s 481
f 738/412/947 731/411/938 713/391/914 
s 482
f 701/392/902 713/391/914 731/411/938 
s 483
f 739/416/948 740/417/949 731/411/938 
s 484
f 732/412/939 731/411/938 740/417/949 
s 485
f 740/417/949 741/418/950 732/412/939 
s 486
f 733/413/940 732/412/939 741/418/950 
s 487
f 741/418/951 742/419/952 733/413/953 
s 488
f 734/414/942 733/413/953 742/419/952 
s 489
f 742/419/952 743/420/954 734/414/942 
s 490
f 735/415/943 734/414/942 743/420/954 
s 491
f 743/420/954 744/419/955 735/415/943 
s 492
f 736/414/956 735/415/943 744/419/955 
s 493
f 744/419/957 745/418/957 736/414/957 
s 494
f 737/413/958 736/414/956 745/418/958 
s 495
f 745/418/959 746/417/960 737/413/959 
s 496
f 738/412/947 737/413/961 746/417/960 
s 497
f 746/417/960 739/416/948 738/412/947 
s 498
f 731/411/938 738/412/947 739/416/948 
s 499
f 723/406/930 724/407/931 747/421/962 
s 500
f 748/422/963 747/421/962 724/407/931 
s 501
f 724/407/931 725/408/932 748/422/963 
s 502
f 749/423/964 748/422/963 725/408/932 
s 503
f 725/408/932 726/409/933 749/423/964 
s 504
f 750/424/965 749/423/964 726/409/933 
s 505
f 726/409/933 727/410/934 750/424/965 
s 506
f 751/425/966 750/424/965 727/410/934 
s 507
f 727/410/934 728/409/935 751/425/966 
s 508
f 752/424/967 751/425/966 728/409/935 
s 509
f 728/409/935 729/408/936 752/424/967 
s 510
f 753/423/968 752/424/967 729/408/936 
s 511
f 729/408/936 730/407/937 753/423/968 
s 512
f 754/422/969 753/423/968 730/407/937 
s 513
f 730/407/937 723/406/930 754/422/969 
s 514
f 747/421/962 754/422/969 723/406/930 
s 515
f 747/421/962 748/422/963 739/416/948 
s 516
f 740/417/949 739/416/948 748/422/963 
s 517
f 748/422/963 749/423/964 740/417/949 
s 518
f 741/418/970 740/417/949 749/423/964 
s 519
f 749/423/964 750/424/965 741/418/971 
s 520
f 742/419/952 741/418/971 750/424/965 
s 521
f 750/424/965 751/425/966 742/419/952 
s 522
f 743/420/954 742/419/952 751/425/966 
s 523
f 751/425/966 752/424/967 743/420/954 
s 524
f 744/419/955 743/420/954 752/424/967 
s 525
f 753/423/968 745/418/972 752/424/967 
s 526
f 744/419/973 752/424/967 745/418/972 
s 527
f 753/423/968 754/422/969 745/418/972 
s 528
f 746/417/960 745/418/974 754/422/969 
s 529
f 754/422/969 747/421/962 746/417/960 
s 530
f 739/416/948 746/417/960 747/421/962 
s 531
f 755/426/975 756/427/976 757/428/977 
s 532
f 755/426/975 757/428/977 758/429/978 
s 533
f 759/430/979 755/426/975 758/429/978 
s 534
f 760/431/980 761/432/981 762/433/982 
s 535
f 762/433/982 763/434/983 760/431/980 
s 536
f 764/435/984 765/436/985 761/432/981 
s 537
f 761/432/981 760/431/980 764/435/984 
s 538
f 766/437/986 767/438/987 765/436/985 
s 539
f 765/436/985 764/435/984 766/437/986 
s 540
f 768/439/988 769/440/989 767/438/987 
s 541
f 767/438/987 766/437/986 768/439/988 
s 542
f 755/441/990 760/431/980 763/434/983 
s 543
f 763/434/983 756/442/991 755/441/990 
s 544
f 770/443/992 764/435/984 760/431/980 
s 545
f 760/431/980 755/441/990 770/443/992 
s 546
f 771/444/993 766/437/986 764/435/984 
s 547
f 764/435/984 770/443/992 771/444/993 
s 548
f 759/445/994 768/439/988 766/437/986 
s 549
f 766/437/986 771/444/993 759/445/994 
s 550
f 772/446/995 773/447/996 774/448/996 
s 551
f 774/448/996 775/449/995 772/446/995 
s 552
f 763/434/983 762/433/982 775/450/997 
s 553
f 775/450/997 774/451/998 763/434/983 
s 554
f 773/452/999 772/453/1000 769/440/989 
s 555
f 769/440/989 768/439/988 773/452/999 
s 556
f 773/447/996 758/429/1001 757/428/1001 
s 557
f 757/428/1001 774/448/996 773/447/996 
s 558
f 756/442/991 763/434/983 774/451/998 
s 559
f 774/451/998 757/454/1002 756/442/991 
s 560
f 758/455/1003 773/452/999 768/439/988 
s 561
f 768/439/988 759/445/994 758/455/1003 
s 562
f 762/427/1004 761/426/1005 765/456/1006 
s 563
f 762/427/1004 765/456/1006 767/457/1007 
s 564
f 767/457/1007 769/430/1008 772/429/1009 
s 565
f 762/427/1004 767/457/1007 772/429/1009 
s 566
f 762/427/1004 772/429/1009 775/428/1010 
s 567
f 759/430/979 771/457/1011 770/456/1012 
s 568
f 759/430/979 770/456/1012 755/426/975 
s 569
f 776/456/1013 777/457/1014 778/430/1015 
s 570
f 779/456/1016 780/427/1017 781/457/1018 
s 571
f 780/427/1017 782/429/1019 781/457/1018 
s 572
f 782/429/1019 783/430/1020 781/457/1018 
s 573
f 780/427/1017 784/428/1021 782/429/1019 
s 574
f 779/456/1016 785/426/1022 780/427/1017 
s 575
f 786/439/1023 787/452/1024 788/455/1025 
s 576
f 788/455/1025 778/445/1026 786/439/1023 
s 577
f 789/451/1027 790/434/1028 791/442/1029 
s 578
f 791/442/1029 792/454/1030 789/451/1027 
s 579
f 792/428/1031 788/429/1031 787/447/1032 
s 580
f 787/447/1032 789/448/1032 792/428/1031 
s 581
f 783/440/1033 782/453/1034 787/452/1024 
s 582
f 787/452/1024 786/439/1023 783/440/1033 
s 583
f 784/450/1035 780/433/1036 790/434/1028 
s 584
f 790/434/1028 789/451/1027 784/450/1035 
s 585
f 789/448/1032 787/447/1032 782/446/1037 
s 586
f 782/446/1037 784/449/1037 789/448/1032 
s 587
f 793/437/1038 786/439/1023 778/445/1026 
s 588
f 778/445/1026 777/444/1039 793/437/1038 
s 589
f 794/435/1040 793/437/1038 777/444/1039 
s 590
f 777/444/1039 776/443/1041 794/435/1040 
s 591
f 795/431/1042 794/435/1040 776/443/1041 
s 592
f 776/443/1041 796/441/1043 795/431/1042 
s 593
f 790/434/1028 795/431/1042 796/441/1043 
s 594
f 796/441/1043 791/442/1029 790/434/1028 
s 595
f 781/438/1044 783/440/1033 786/439/1023 
s 596
f 786/439/1023 793/437/1038 781/438/1044 
s 597
f 779/436/1045 781/438/1044 793/437/1038 
s 598
f 793/437/1038 794/435/1040 779/436/1045 
s 599
f 785/432/1046 779/436/1045 794/435/1040 
s 600
f 794/435/1040 795/431/1042 785/432/1046 
s 601
f 780/433/1036 785/432/1046 795/431/1042 
s 602
f 795/431/1042 790/434/1028 780/433/1036 
s 603
f 776/456/1013 778/430/1015 796/426/1047 
s 604
f 778/430/1015 788/429/1048 796/426/1047 
s 605
f 788/429/1048 792/428/1049 796/426/1047 
s 606
f 792/428/1049 791/427/1050 796/426/1047 
s 607
f 797/458/1051 798/459/1052 799/460/1053 
s 608
f 799/460/1053 800/461/1054 797/458/1051 
s 609
f 801/462/1055 797/458/1051 800/461/1054 
s 610
f 800/461/1054 802/463/1056 801/462/1055 
s 611
f 803/464/1057 801/462/1055 802/463/1056 
s 612
f 802/463/1056 804/465/1058 803/464/1057 
s 613
f 805/462/1059 803/464/1057 804/465/1058 
s 614
f 804/465/1058 806/466/1060 805/462/1059 
s 615
f 807/467/1061 805/462/1059 806/466/1060 
s 616
f 806/466/1060 808/468/1062 807/467/1061 
s 617
f 798/459/1052 807/467/1061 808/468/1062 
s 618
f 808/468/1062 799/460/1053 798/459/1052 
s 619
f 809/469/1063 810/470/1064 798/459/1052 
s 620
f 798/459/1052 797/458/1051 809/469/1063 
s 621
f 811/471/1065 809/469/1063 797/458/1051 
s 622
f 797/458/1051 801/462/1055 811/471/1065 
s 623
f 812/472/1066 811/471/1065 801/462/1055 
s 624
f 801/462/1055 803/464/1057 812/472/1066 
s 625
f 813/473/1067 812/472/1066 803/464/1057 
s 626
f 803/464/1057 805/462/1059 813/473/1067 
s 627
f 814/474/1068 813/473/1067 805/462/1059 
s 628
f 805/462/1059 807/467/1061 814/474/1068 
s 629
f 810/470/1064 814/474/1068 807/467/1061 
s 630
f 807/467/1061 798/459/1052 810/470/1064 
s 631
f 815/475/1069 816/476/1070 817/477/1070 
s 632
f 817/477/1071 818/478/1072 815/475/1069 
s 633
f 819/479/1073 815/475/1069 818/478/1072 
s 634
f 818/478/1072 820/480/1074 819/479/1073 
s 635
f 821/481/1075 819/479/1073 820/480/1074 
s 636
f 820/480/1074 822/482/1076 821/481/1075 
s 637
f 823/479/1077 821/481/1075 822/482/1076 
s 638
f 822/482/1076 824/483/1078 823/479/1077 
s 639
f 825/484/1079 823/479/1077 824/483/1078 
s 640
f 824/483/1078 826/485/1080 825/484/1081 
s 641
f 816/476/1082 825/484/1083 826/485/1084 
s 642
f 826/485/1085 817/477/1085 816/476/1085 
s 643
f 827/486/1086 828/487/1087 816/476/1082 
s 644
f 816/476/1082 815/475/1069 827/486/1086 
s 645
f 829/488/1088 827/486/1086 815/475/1069 
s 646
f 815/475/1069 819/479/1073 829/488/1088 
s 647
f 830/489/1089 829/488/1088 819/479/1073 
s 648
f 819/479/1073 821/481/1075 830/489/1089 
s 649
f 831/490/1090 830/489/1089 821/481/1075 
s 650
f 821/481/1075 823/479/1077 831/490/1090 
s 651
f 832/486/1091 831/490/1090 823/479/1077 
s 652
f 823/479/1077 825/484/1081 832/486/1092 
s 653
f 828/487/1087 832/486/1093 825/484/1083 
s 654
f 825/484/1079 816/476/1082 828/487/1087 
s 655
f 833/458/1094 834/461/1095 835/460/1096 
s 656
f 835/460/1096 836/459/1097 833/458/1094 
s 657
f 837/462/1098 838/463/1099 834/461/1095 
s 658
f 834/461/1095 833/458/1094 837/462/1098 
s 659
f 839/464/1100 840/465/1101 838/463/1099 
s 660
f 838/463/1099 837/462/1098 839/464/1100 
s 661
f 841/462/1102 842/466/1103 840/465/1101 
s 662
f 840/465/1101 839/464/1100 841/462/1102 
s 663
f 843/467/1104 844/468/1105 842/466/1103 
s 664
f 842/466/1103 841/462/1102 843/467/1104 
s 665
f 836/459/1097 835/460/1096 844/468/1105 
s 666
f 844/468/1105 843/467/1104 836/459/1097 
s 667
f 845/469/1106 833/458/1094 836/459/1097 
s 668
f 836/459/1097 846/470/1107 845/469/1106 
s 669
f 847/471/1108 837/462/1098 833/458/1094 
s 670
f 833/458/1094 845/469/1106 847/471/1108 
s 671
f 848/472/1109 839/464/1100 837/462/1098 
s 672
f 837/462/1098 847/471/1108 848/472/1109 
s 673
f 849/473/1110 841/462/1102 839/464/1100 
s 674
f 839/464/1100 848/472/1109 849/473/1110 
s 675
f 850/474/1111 843/467/1104 841/462/1102 
s 676
f 841/462/1102 849/473/1110 850/474/1111 
s 677
f 846/470/1107 836/459/1097 843/467/1104 
s 678
f 843/467/1104 850/474/1111 846/470/1107 
s 679
f 851/475/1112 852/478/1113 853/477/1114 
s 680
f 853/477/1114 854/476/1115 851/475/1116 
s 681
f 855/479/1117 856/480/1118 852/478/1113 
s 682
f 852/478/1113 851/475/1116 855/479/1117 
s 683
f 857/481/1119 858/482/1120 856/480/1118 
s 684
f 856/480/1118 855/479/1117 857/481/1119 
s 685
f 859/479/1121 860/483/1122 858/482/1120 
s 686
f 858/482/1120 857/481/1119 859/479/1121 
s 687
f 861/484/1123 862/485/1124 860/483/1122 
s 688
f 860/483/1122 859/479/1121 861/484/1123 
s 689
f 854/476/1125 853/477/1126 862/485/1127 
s 690
f 862/485/1127 861/484/1128 854/476/1125 
s 691
f 863/486/1129 851/475/1116 854/476/1115 
s 692
f 854/476/1115 864/487/1130 863/486/1129 
s 693
f 865/488/1131 855/479/1117 851/475/1116 
s 694
f 851/475/1132 863/486/1129 865/488/1131 
s 695
f 866/489/1133 857/481/1119 855/479/1117 
s 696
f 855/479/1117 865/488/1131 866/489/1133 
s 697
f 867/490/1134 859/479/1121 857/481/1119 
s 698
f 857/481/1119 866/489/1133 867/490/1134 
s 699
f 868/486/1135 861/484/1123 859/479/1121 
s 700
f 859/479/1121 867/490/1134 868/486/1135 
s 701
f 864/487/1136 854/476/1125 861/484/1128 
s 702
f 861/484/1128 868/486/1137 864/487/1136 
s 703
f 869/491/1138 870/492/1139 871/493/1139 
s 704
f 872/493/1140 873/492/1141 874/491/1142 
s 705
f 875/494/1143 876/491/1144 877/492/1143 
s 706
f 878/494/1145 879/493/1145 880/492/1145 
s 707
f 881/492/1146 882/491/1147 883/493/1147 
s 708
f 884/492/1148 885/493/1149 886/491/1149 
s 709
f 887/492/1150 888/493/1151 889/491/1151 
s 710
f 890/494/1152 891/493/1152 892/491/1152 
s 711
f 870/492/1153 869/491/1138 893/491/1154 
s 712
f 871/493/1155 870/492/1156 894/492/1156 
s 713
f 895/494/1157 871/493/1155 896/493/1158 
s 714
f 869/491/1138 895/494/1159 897/494/1160 
s 715
f 873/492/1141 872/493/1161 898/493/1162 
s 716
f 874/491/1163 873/492/1141 899/492/1164 
s 717
f 900/494/1165 874/491/1142 901/491/1166 
s 718
f 872/493/1161 900/494/1167 902/494/1167 
s 719
f 876/491/1168 875/494/1168 903/494/1169 
s 720
f 877/492/1170 876/491/1144 904/491/1171 
s 721
f 905/493/1172 877/492/1170 906/492/1173 
s 722
f 875/494/1174 905/493/1172 907/493/1175 
s 723
f 880/492/1176 879/493/1177 908/493/1178 
s 724
f 909/491/1179 880/492/1176 910/492/1180 
s 725
f 878/494/1181 909/491/1181 911/491/1181 
s 726
f 879/493/1177 878/494/1182 912/494/1183 
s 727
f 881/492/1146 883/493/1184 913/493/1185 
s 728
f 882/491/1186 881/492/1187 914/492/1188 
s 729
f 915/494/1189 882/491/1186 916/491/1190 
s 730
f 883/493/1184 915/494/1191 917/494/1191 
s 731
f 884/492/1148 886/491/1192 918/491/1193 
s 732
f 885/493/1194 884/492/1148 919/492/1195 
s 733
f 920/494/1196 885/493/1194 921/493/1197 
s 734
f 886/491/1198 920/494/1199 922/494/1198 
s 735
f 887/492/1150 889/491/1200 923/491/1201 
s 736
f 888/493/1202 887/492/1202 924/492/1203 
s 737
f 925/494/1204 888/493/1205 926/493/1205 
s 738
f 889/491/1200 925/494/1204 927/494/1206 
s 739
f 890/494/1207 892/491/1208 928/491/1209 
s 740
f 891/493/1210 890/494/1207 929/494/1211 
s 741
f 930/492/1212 891/493/1213 931/493/1212 
s 742
f 892/491/1208 930/492/1214 932/492/1215 
s 743
f 896/493/1216 894/492/1217 893/491/1154 
s 744
f 912/494/1183 910/492/1180 908/493/1178 
s 745
f 901/491/1218 899/492/1218 898/493/1218 
s 746
f 906/492/1219 904/491/1220 903/494/1169 
s 747
f 916/491/1190 914/492/1188 913/493/1221 
s 748
f 931/493/1222 929/494/1211 928/491/1223 
s 749
f 921/493/1224 919/492/1224 918/491/1224 
s 750
f 926/493/1225 924/492/1203 923/491/1226 
s 751
f 895/494/1159 869/491/1138 871/493/1227 
s 752
f 900/494/1165 872/493/1228 874/491/1228 
s 753
f 905/493/1229 875/494/1229 877/492/1229 
s 754
f 909/491/1179 878/494/1230 880/492/1230 
s 755
f 915/494/1189 883/493/1231 882/491/1231 
s 756
f 920/494/1199 886/491/1192 885/493/1232 
s 757
f 925/494/1233 889/491/1233 888/493/1234 
s 758
f 930/492/1214 892/491/1235 891/493/1236 
s 759
f 894/492/1217 870/492/1153 893/491/1154 
s 760
f 896/493/1158 871/493/1155 894/492/1156 
s 761
f 897/494/1237 895/494/1157 896/493/1158 
s 762
f 893/491/1154 869/491/1138 897/494/1160 
s 763
f 899/492/1164 873/492/1141 898/493/1162 
s 764
f 901/491/1163 874/491/1163 899/492/1164 
s 765
f 902/494/1238 900/494/1165 901/491/1166 
s 766
f 898/493/1162 872/493/1161 902/494/1167 
s 767
f 904/491/1220 876/491/1168 903/494/1169 
s 768
f 906/492/1173 877/492/1170 904/491/1171 
s 769
f 907/493/1175 905/493/1172 906/492/1173 
s 770
f 903/494/1174 875/494/1174 907/493/1175 
s 771
f 910/492/1180 880/492/1176 908/493/1178 
s 772
f 911/491/1239 909/491/1179 910/492/1180 
s 773
f 912/494/1181 878/494/1181 911/491/1181 
s 774
f 908/493/1178 879/493/1177 912/494/1183 
s 775
f 914/492/1240 881/492/1146 913/493/1185 
s 776
f 916/491/1190 882/491/1186 914/492/1188 
s 777
f 917/494/1241 915/494/1189 916/491/1190 
s 778
f 913/493/1185 883/493/1184 917/494/1191 
s 779
f 919/492/1195 884/492/1148 918/491/1193 
s 780
f 921/493/1197 885/493/1194 919/492/1195 
s 781
f 922/494/1196 920/494/1196 921/493/1197 
s 782
f 918/491/1242 886/491/1192 922/494/1198 
s 783
f 924/492/1243 887/492/1150 923/491/1201 
s 784
f 926/493/1225 888/493/1234 924/492/1203 
s 785
f 927/494/1206 925/494/1204 926/493/1205 
s 786
f 923/491/1201 889/491/1200 927/494/1206 
s 787
f 929/494/1211 890/494/1207 928/491/1223 
s 788
f 931/493/1222 891/493/1236 929/494/1211 
s 789
f 932/492/1212 930/492/1212 931/493/1212 
s 790
f 928/491/1223 892/491/1235 932/492/1215 
s 791
f 897/494/1244 896/493/1244 893/491/1154 
s 792
f 911/491/1245 910/492/1180 912/494/1245 
s 793
f 902/494/1246 901/491/1166 898/493/1246 
s 794
f 907/493/1175 906/492/1247 903/494/1247 
s 795
f 917/494/1248 916/491/1190 913/493/1248 
s 796
f 932/492/1249 931/493/1249 928/491/1249 
s 797
f 922/494/1250 921/493/1250 918/491/1242 
s 798
f 927/494/1206 926/493/1251 923/491/1251 
s 799
f 933/495/1252 934/496/1253 935/497/1254 
s 800
f 935/497/1254 936/498/1255 937/499/1256 
s 801
f 937/499/1256 938/500/1257 939/501/1258 
s 802
f 935/497/1254 937/499/1256 939/501/1258 
s 803
f 933/495/1252 935/497/1254 939/501/1258 
s 804
f 939/501/1258 940/502/1259 941/503/1260 
s 805
f 941/503/1260 942/504/1261 943/505/1262 
s 806
f 939/501/1258 941/503/1260 943/505/1262 
s 807
f 933/495/1252 939/501/1258 943/505/1262 
s 808
f 933/495/1252 943/505/1262 944/506/1263 
s 809
f 945/500/1264 946/507/1265 947/508/1266 
s 810
f 947/508/1266 948/509/1267 949/510/1268 
s 811
f 949/510/1268 950/495/1269 951/511/1270 
s 812
f 947/508/1266 949/510/1268 951/511/1270 
s 813
f 945/500/1264 947/508/1266 951/511/1270 
s 814
f 951/511/1270 952/512/1271 953/513/1272 
s 815
f 953/513/1272 954/514/1273 955/502/1274 
s 816
f 951/511/1270 953/513/1272 955/502/1274 
s 817
f 945/500/1264 951/511/1270 955/502/1274 
s 818
f 945/500/1264 955/502/1274 956/501/1275 
s 819
f 957/496/1276 958/495/1277 959/497/1278 
s 820
f 960/498/1279 959/497/1278 961/499/1280 
s 821
f 962/500/1281 961/499/1280 963/501/1282 
s 822
f 961/499/1280 959/497/1278 963/501/1282 
s 823
f 959/497/1278 958/495/1277 963/501/1282 
s 824
f 964/502/1283 963/501/1282 965/503/1284 
s 825
f 966/504/1285 965/503/1284 967/505/1286 
s 826
f 965/503/1284 963/501/1282 967/505/1286 
s 827
f 963/501/1282 958/495/1277 967/505/1286 
s 828
f 967/505/1286 958/495/1277 968/506/1287 
s 829
f 969/507/1288 970/500/1289 971/508/1290 
s 830
f 972/509/1291 971/508/1290 973/510/1292 
s 831
f 974/495/1293 973/510/1292 975/511/1294 
s 832
f 973/510/1292 971/508/1290 975/511/1294 
s 833
f 971/508/1290 970/500/1289 975/511/1294 
s 834
f 976/512/1295 975/511/1294 977/513/1296 
s 835
f 978/514/1297 977/513/1296 979/502/1298 
s 836
f 977/513/1296 975/511/1294 979/502/1298 
s 837
f 975/511/1294 970/500/1289 979/502/1298 
s 838
f 979/502/1298 970/500/1289 980/501/1299 
s 839
f 981/515/1300 982/516/1301 983/517/1300 
s 840
f 984/518/1302 983/517/1302 982/516/1301 
s 841
f 983/515/1303 984/516/1304 985/517/1303 
s 842
f 986/518/1305 985/517/1305 984/516/1304 
s 843
f 985/515/1306 986/516/1307 987/517/1306 
s 844
f 988/518/1308 987/517/1308 986/516/1307 
s 845
f 987/515/1309 988/516/1310 989/517/1309 
s 846
f 990/518/1311 989/517/1311 988/516/1310 
s 847
f 989/515/1312 990/516/1312 991/517/1312 
s 848
f 992/518/1313 991/517/1313 990/516/1313 
s 849
f 991/515/1314 992/516/1315 993/517/1314 
s 850
f 994/518/1316 993/517/1316 992/516/1315 
s 851
f 993/515/1317 994/516/1317 995/517/1318 
s 852
f 996/518/1319 995/517/1318 994/516/1319 
s 853
f 995/515/1320 996/516/1321 997/517/1322 
s 854
f 998/518/1323 997/517/1322 996/516/1321 
s 855
f 997/515/1324 998/516/1325 999/517/1326 
s 856
f 1000/518/1327 999/517/1326 998/516/1325 
s 857
f 999/515/1328 1000/516/1329 1001/517/1330 
s 858
f 1002/518/1331 1001/517/1330 1000/516/1329 
s 859
f 1001/515/1332 1002/516/1333 1003/517/1334 
s 860
f 1004/518/1335 1003/517/1334 1002/516/1333 
s 861
f 1003/515/1336 1004/516/1337 981/517/1338 
s 862
f 982/518/1339 981/517/1338 1004/516/1337 
s 863
f 1005/515/1340 1006/516/1341 1007/517/1340 
s 864
f 1008/518/1342 1007/517/1342 1006/516/1341 
s 865
f 1007/515/1343 1008/516/1343 1009/517/1343 
s 866
f 1010/518/1344 1009/517/1344 1008/516/1344 
s 867
f 1009/515/1345 1010/516/1345 1011/517/1345 
s 868
f 1012/518/1346 1011/517/1346 1010/516/1346 
s 869
f 1011/515/1347 1012/516/1347 1013/517/1347 
s 870
f 1014/518/1348 1013/517/1348 1012/516/1348 
s 871
f 1013/515/1349 1014/516/1349 1015/517/1350 
s 872
f 1016/518/1350 1015/517/1350 1014/516/1350 
s 873
f 1015/515/1351 1016/516/1352 1017/517/1353 
s 874
f 1018/518/1354 1017/517/1353 1016/516/1352 
s 875
f 1017/515/1355 1018/516/1356 1019/517/1357 
s 876
f 1020/518/1358 1019/517/1357 1018/516/1356 
s 877
f 1019/515/1359 1020/516/1360 1021/517/1361 
s 878
f 1022/518/1362 1021/517/1361 1020/516/1360 
s 879
f 1021/515/1363 1022/516/1364 1023/517/1365 
s 880
f 1024/518/1366 1023/517/1365 1022/516/1364 
s 881
f 1023/515/1367 1024/516/1368 1025/517/1369 
s 882
f 1026/518/1370 1025/517/1369 1024/516/1368 
s 883
f 1025/515/1371 1026/516/1372 1027/517/1373 
s 884
f 1028/518/1374 1027/517/1373 1026/516/1372 
s 885
f 1027/515/1375 1028/516/1376 1005/517/1375 
s 886
f 1006/518/1377 1005/517/1378 1028/516/1376 
s 887
f 1029/515/1379 1030/516/1380 1031/517/1381 
s 888
f 1032/518/1382 1031/517/1381 1030/516/1380 
s 889
f 1031/515/1383 1032/516/1384 1033/517/1383 
s 890
f 1034/518/1385 1033/517/1385 1032/516/1384 
s 891
f 1033/515/1386 1034/516/1387 1035/517/1386 
s 892
f 1036/518/1388 1035/517/1388 1034/516/1387 
s 893
f 1035/515/1389 1036/516/1390 1037/517/1389 
s 894
f 1038/518/1391 1037/517/1391 1036/516/1390 
s 895
f 1037/515/1392 1038/516/1392 1039/517/1392 
s 896
f 1040/518/1393 1039/517/1393 1038/516/1393 
s 897
f 1039/515/1394 1040/516/1394 1041/517/1394 
s 898
f 1042/518/1395 1041/517/1395 1040/516/1395 
s 899
f 1041/515/1396 1042/516/1396 1043/517/1397 
s 900
f 1044/518/1398 1043/517/1397 1042/516/1398 
s 901
f 1043/515/1399 1044/516/1400 1045/517/1401 
s 902
f 1046/518/1402 1045/517/1401 1044/516/1400 
s 903
f 1045/515/1403 1046/516/1404 1047/517/1405 
s 904
f 1048/518/1406 1047/517/1405 1046/516/1404 
s 905
f 1047/515/1407 1048/516/1408 1049/517/1409 
s 906
f 1050/518/1410 1049/517/1410 1048/516/1408 
s 907
f 1049/515/1411 1050/516/1412 1051/517/1413 
s 908
f 1052/518/1414 1051/517/1413 1050/516/1414 
s 909
f 1051/515/1415 1052/516/1416 1029/517/1417 
s 910
f 1030/518/1418 1029/517/1417 1052/516/1416 
s 911
f 1053/515/1419 1054/516/1420 1055/517/1421 
s 912
f 1056/518/1422 1055/517/1421 1054/516/1422 
s 913
f 1055/515/1423 1056/516/1424 1057/517/1425 
s 914
f 1058/518/1426 1057/517/1425 1056/516/1424 
s 915
f 1057/515/1427 1058/516/1428 1059/517/1429 
s 916
f 1060/518/1430 1059/517/1429 1058/516/1428 
s 917
f 1059/515/1431 1060/516/1432 1061/517/1431 
s 918
f 1062/518/1433 1061/517/1433 1060/516/1432 
s 919
f 1061/515/1434 1062/516/1435 1063/517/1434 
s 920
f 1064/518/1436 1063/517/1436 1062/516/1435 
s 921
f 1063/515/1437 1064/516/1438 1065/517/1437 
s 922
f 1066/518/1439 1065/517/1439 1064/516/1438 
s 923
f 1065/515/1440 1066/516/1440 1067/517/1440 
s 924
f 1068/518/1441 1067/517/1441 1066/516/1441 
s 925
f 1067/515/1442 1068/516/1442 1069/517/1442 
s 926
f 1070/518/1443 1069/517/1443 1068/516/1443 
s 927
f 1069/515/1444 1070/516/1444 1071/517/1445 
s 928
f 1072/518/1446 1071/517/1445 1070/516/1446 
s 929
f 1071/515/1447 1072/516/1448 1073/517/1449 
s 930
f 1074/518/1450 1073/517/1449 1072/516/1448 
s 931
f 1073/515/1451 1074/516/1452 1075/517/1453 
s 932
f 1076/518/1454 1075/517/1453 1074/516/1452 
s 933
f 1075/515/1455 1076/516/1456 1053/517/1457 
s 934
f 1054/518/1458 1053/517/1457 1076/516/1456 
s 935
f 982/501/1459 939/501/1258 984/500/1460 
s 936
f 938/500/1257 984/500/1461 939/501/1258 
s 937
f 984/500/1462 938/500/1257 986/499/1462 
s 938
f 937/499/1256 986/499/1463 938/500/1257 
s 939
f 986/499/1464 937/499/1256 988/498/1464 
s 940
f 936/498/1255 988/498/1465 937/499/1256 
s 941
f 988/498/1465 936/498/1255 990/497/1466 
s 942
f 935/497/1254 990/497/1466 936/498/1255 
s 943
f 990/497/1467 935/497/1254 992/496/1467 
s 944
f 934/496/1253 992/496/1468 935/497/1254 
s 945
f 992/496/1469 934/496/1253 994/495/1469 
s 946
f 933/495/1252 994/495/1470 934/496/1253 
s 947
f 994/495/1471 933/495/1252 996/506/1472 
s 948
f 944/506/1263 996/506/1472 933/495/1252 
s 949
f 996/506/1473 944/506/1263 998/505/1474 
s 950
f 943/505/1262 998/505/1474 944/506/1263 
s 951
f 998/505/1475 943/505/1262 1000/504/1476 
s 952
f 942/504/1261 1000/504/1476 943/505/1262 
s 953
f 1000/504/1476 942/504/1261 1002/503/1477 
s 954
f 941/503/1260 1002/503/1478 942/504/1261 
s 955
f 1002/503/1477 941/503/1260 1004/502/1479 
s 956
f 940/502/1259 1004/502/1480 941/503/1260 
s 957
f 1004/502/1479 940/502/1259 982/501/1459 
s 958
f 939/501/1258 982/501/1481 940/502/1259 
s 959
f 983/519/1482 1077/517/1483 981/520/1482 
s 960
f 1078/515/1484 981/520/1484 1077/517/1483 
s 961
f 981/515/1485 1078/520/1486 1003/517/1334 
s 962
f 1079/519/1487 1003/517/1334 1078/520/1486 
s 963
f 1003/519/1488 1079/517/1489 1001/520/1490 
s 964
f 1080/515/1491 1001/520/1490 1079/517/1489 
s 965
f 1001/519/1492 1080/517/1493 999/520/1494 
s 966
f 1081/515/1495 999/520/1494 1080/517/1493 
s 967
f 999/519/1496 1081/517/1497 997/520/1498 
s 968
f 1082/515/1499 997/520/1498 1081/517/1497 
s 969
f 997/519/1500 1082/517/1501 995/520/1502 
s 970
f 1083/515/1503 995/520/1502 1082/517/1501 
s 971
f 995/519/1504 1083/517/1505 993/520/1506 
s 972
f 1084/515/1507 993/520/1506 1083/517/1505 
s 973
f 993/519/1508 1084/517/1509 991/520/1508 
s 974
f 1085/515/1510 991/520/1510 1084/517/1509 
s 975
f 991/515/1511 1085/520/1512 989/517/1511 
s 976
f 1086/519/1513 989/517/1513 1085/520/1512 
s 977
f 989/515/1514 1086/520/1515 987/517/1514 
s 978
f 1087/519/1516 987/517/1516 1086/520/1515 
s 979
f 987/515/1517 1087/520/1518 985/517/1517 
s 980
f 1088/519/1519 985/517/1519 1087/520/1518 
s 981
f 985/515/1520 1088/520/1521 983/517/1520 
s 982
f 1077/519/1522 983/517/1522 1088/520/1521 
s 983
f 1006/500/1523 945/500/1264 1008/501/1524 
s 984
f 956/501/1275 1008/501/1525 945/500/1264 
s 985
f 1008/501/1525 956/501/1275 1010/502/1526 
s 986
f 955/502/1274 1010/502/1527 956/501/1275 
s 987
f 1010/502/1528 955/502/1274 1012/514/1528 
s 988
f 954/514/1273 1012/514/1529 955/502/1274 
s 989
f 1012/514/1530 954/514/1273 1014/513/1530 
s 990
f 953/513/1272 1014/513/1531 954/514/1273 
s 991
f 1014/513/1532 953/513/1272 1016/512/1533 
s 992
f 952/512/1271 1016/512/1533 953/513/1272 
s 993
f 1016/512/1534 952/512/1271 1018/511/1535 
s 994
f 951/511/1270 1018/511/1535 952/512/1271 
s 995
f 1018/511/1535 951/511/1270 1020/495/1536 
s 996
f 950/495/1269 1020/495/1536 951/511/1270 
s 997
f 1020/495/1536 950/495/1269 1022/510/1537 
s 998
f 949/510/1268 1022/510/1537 950/495/1269 
s 999
f 1022/510/1537 949/510/1268 1024/509/1538 
s 1000
f 948/509/1267 1024/509/1539 949/510/1268 
s 1001
f 1024/509/1538 948/509/1267 1026/508/1540 
s 1002
f 947/508/1266 1026/508/1541 948/509/1267 
s 1003
f 1026/508/1540 947/508/1266 1028/507/1542 
s 1004
f 946/507/1265 1028/507/1543 947/508/1266 
s 1005
f 1028/507/1542 946/507/1265 1006/500/1544 
s 1006
f 945/500/1264 1006/500/1523 946/507/1265 
s 1007
f 1007/515/1545 1089/520/1546 1005/517/1545 
s 1008
f 1090/519/1547 1005/517/1378 1089/520/1546 
s 1009
f 1005/519/1548 1090/517/1549 1027/520/1548 
s 1010
f 1091/515/1550 1027/520/1550 1090/517/1549 
s 1011
f 1027/519/1551 1091/517/1552 1025/520/1553 
s 1012
f 1092/515/1554 1025/520/1553 1091/517/1552 
s 1013
f 1025/519/1555 1092/517/1556 1023/520/1557 
s 1014
f 1093/515/1558 1023/520/1557 1092/517/1556 
s 1015
f 1023/519/1559 1093/517/1560 1021/520/1561 
s 1016
f 1094/515/1562 1021/520/1561 1093/517/1560 
s 1017
f 1021/519/1563 1094/517/1564 1019/520/1565 
s 1018
f 1095/515/1566 1019/520/1565 1094/517/1564 
s 1019
f 1019/519/1567 1095/517/1568 1017/520/1569 
s 1020
f 1096/515/1570 1017/520/1569 1095/517/1568 
s 1021
f 1017/519/1571 1096/517/1572 1015/520/1573 
s 1022
f 1097/515/1574 1015/520/1573 1096/517/1572 
s 1023
f 1015/519/1575 1097/517/1575 1013/520/1575 
s 1024
f 1098/515/1576 1013/520/1576 1097/517/1576 
s 1025
f 1013/515/1577 1098/520/1578 1011/517/1577 
s 1026
f 1099/519/1579 1011/517/1579 1098/520/1578 
s 1027
f 1011/515/1580 1099/520/1581 1009/517/1580 
s 1028
f 1100/519/1582 1009/517/1582 1099/520/1581 
s 1029
f 1009/515/1583 1100/520/1584 1007/517/1583 
s 1030
f 1089/519/1585 1007/517/1585 1100/520/1584 
s 1031
f 1030/500/1586 962/500/1281 1032/501/1587 
s 1032
f 963/501/1282 1032/501/1588 962/500/1281 
s 1033
f 1032/501/1587 963/501/1282 1034/502/1589 
s 1034
f 964/502/1283 1034/502/1590 963/501/1282 
s 1035
f 1034/502/1589 964/502/1283 1036/503/1591 
s 1036
f 965/503/1284 1036/503/1592 964/502/1283 
s 1037
f 1036/503/1592 965/503/1284 1038/504/1593 
s 1038
f 966/504/1285 1038/504/1594 965/503/1284 
s 1039
f 1038/504/1595 966/504/1285 1040/505/1595 
s 1040
f 967/505/1286 1040/505/1596 966/504/1285 
s 1041
f 1040/505/1597 967/505/1286 1042/506/1597 
s 1042
f 968/506/1287 1042/506/1598 967/505/1286 
s 1043
f 1042/506/1599 968/506/1287 1044/495/1600 
s 1044
f 958/495/1277 1044/495/1600 968/506/1287 
s 1045
f 1044/495/1601 958/495/1277 1046/496/1602 
s 1046
f 957/496/1276 1046/496/1602 958/495/1277 
s 1047
f 1046/496/1603 957/496/1276 1048/497/1604 
s 1048
f 959/497/1278 1048/497/1604 957/496/1276 
s 1049
f 1048/497/1604 959/497/1278 1050/498/1605 
s 1050
f 960/498/1279 1050/498/1606 959/497/1278 
s 1051
f 1050/498/1605 960/498/1279 1052/499/1607 
s 1052
f 961/499/1280 1052/499/1608 960/498/1279 
s 1053
f 1052/499/1607 961/499/1280 1030/500/1586 
s 1054
f 962/500/1281 1030/500/1609 961/499/1280 
s 1055
f 1031/520/1610 1101/515/1611 1029/519/1612 
s 1056
f 1102/517/1613 1029/519/1612 1101/515/1611 
s 1057
f 1029/517/1417 1102/519/1614 1051/515/1415 
s 1058
f 1103/520/1615 1051/515/1415 1102/519/1614 
s 1059
f 1051/517/1413 1103/519/1616 1049/515/1411 
s 1060
f 1104/520/1617 1049/515/1617 1103/519/1616 
s 1061
f 1049/517/1618 1104/519/1619 1047/515/1407 
s 1062
f 1105/520/1620 1047/515/1407 1104/519/1619 
s 1063
f 1047/517/1405 1105/519/1621 1045/515/1403 
s 1064
f 1106/520/1622 1045/515/1403 1105/519/1621 
s 1065
f 1045/520/1623 1106/515/1624 1043/519/1625 
s 1066
f 1107/517/1626 1043/519/1625 1106/515/1624 
s 1067
f 1043/520/1627 1107/515/1628 1041/519/1629 
s 1068
f 1108/517/1630 1041/519/1629 1107/515/1628 
s 1069
f 1041/520/1631 1108/515/1632 1039/519/1631 
s 1070
f 1109/517/1633 1039/519/1633 1108/515/1632 
s 1071
f 1039/520/1634 1109/515/1635 1037/519/1634 
s 1072
f 1110/517/1636 1037/519/1636 1109/515/1635 
s 1073
f 1037/520/1637 1110/515/1638 1035/519/1637 
s 1074
f 1111/517/1639 1035/519/1639 1110/515/1638 
s 1075
f 1035/520/1640 1111/515/1641 1033/519/1640 
s 1076
f 1112/517/1642 1033/519/1642 1111/515/1641 
s 1077
f 1033/517/1643 1112/519/1644 1031/515/1643 
s 1078
f 1101/520/1645 1031/515/1645 1112/519/1644 
s 1079
f 1054/501/1646 980/501/1299 1056/500/1647 
s 1080
f 970/500/1289 1056/500/1648 980/501/1299 
s 1081
f 1056/500/1647 970/500/1289 1058/507/1649 
s 1082
f 969/507/1288 1058/507/1650 970/500/1289 
s 1083
f 1058/507/1649 969/507/1288 1060/508/1651 
s 1084
f 971/508/1290 1060/508/1652 969/507/1288 
s 1085
f 1060/508/1651 971/508/1290 1062/509/1653 
s 1086
f 972/509/1291 1062/509/1654 971/508/1290 
s 1087
f 1062/509/1655 972/509/1291 1064/510/1655 
s 1088
f 973/510/1292 1064/510/1656 972/509/1291 
s 1089
f 1064/510/1657 973/510/1292 1066/495/1657 
s 1090
f 974/495/1293 1066/495/1658 973/510/1292 
s 1091
f 1066/495/1659 974/495/1293 1068/511/1659 
s 1092
f 975/511/1294 1068/511/1660 974/495/1293 
s 1093
f 1068/511/1661 975/511/1294 1070/512/1661 
s 1094
f 976/512/1295 1070/512/1662 975/511/1294 
s 1095
f 1070/512/1663 976/512/1295 1072/513/1664 
s 1096
f 977/513/1296 1072/513/1664 976/512/1295 
s 1097
f 1072/513/1665 977/513/1296 1074/514/1666 
s 1098
f 978/514/1297 1074/514/1666 977/513/1296 
s 1099
f 1074/514/1667 978/514/1297 1076/502/1668 
s 1100
f 979/502/1298 1076/502/1668 978/514/1297 
s 1101
f 1076/502/1669 979/502/1298 1054/501/1669 
s 1102
f 980/501/1299 1054/501/1646 979/502/1298 
s 1103
f 1055/517/1421 1113/519/1670 1053/515/1419 
s 1104
f 1114/520/1671 1053/515/1419 1113/519/1670 
s 1105
f 1053/517/1457 1114/519/1672 1075/515/1455 
s 1106
f 1115/520/1673 1075/515/1455 1114/519/1672 
s 1107
f 1075/517/1453 1115/519/1674 1073/515/1451 
s 1108
f 1116/520/1675 1073/515/1451 1115/519/1674 
s 1109
f 1073/517/1449 1116/519/1676 1071/515/1447 
s 1110
f 1117/520/1677 1071/515/1447 1116/519/1676 
s 1111
f 1071/520/1678 1117/515/1679 1069/519/1680 
s 1112
f 1118/517/1681 1069/519/1680 1117/515/1679 
s 1113
f 1069/520/1682 1118/515/1683 1067/519/1682 
s 1114
f 1119/517/1684 1067/519/1684 1118/515/1683 
s 1115
f 1067/520/1685 1119/515/1686 1065/519/1685 
s 1116
f 1120/517/1687 1065/519/1687 1119/515/1686 
s 1117
f 1065/520/1688 1120/515/1689 1063/519/1688 
s 1118
f 1121/517/1690 1063/519/1690 1120/515/1689 
s 1119
f 1063/520/1691 1121/515/1692 1061/519/1691 
s 1120
f 1122/517/1693 1061/519/1693 1121/515/1692 
s 1121
f 1061/520/1694 1122/515/1695 1059/519/1694 
s 1122
f 1123/517/1696 1059/519/1696 1122/515/1695 
s 1123
f 1059/520/1697 1123/515/1698 1057/519/1699 
s 1124
f 1124/517/1700 1057/519/1699 1123/515/1698 
s 1125
f 1057/520/1701 1124/515/1702 1055/519/1703 
s 1126
f 1113/517/1704 1055/519/1703 1124/515/1702 
s 1127
f 1087/521/1705 1086/522/1706 1088/523/1707 
s 1128
f 1085/524/1708 1084/525/1709 1086/522/1706 
s 1129
f 1083/526/1710 1082/527/1711 1084/525/1709 
s 1130
f 1084/525/1709 1082/527/1711 1086/522/1706 
s 1131
f 1081/528/1712 1080/529/1713 1082/527/1711 
s 1132
f 1079/530/1714 1078/531/1715 1080/529/1713 
s 1133
f 1080/529/1713 1078/531/1715 1082/527/1711 
s 1134
f 1082/527/1711 1078/531/1715 1086/522/1706 
s 1135
f 1086/522/1706 1078/531/1715 1088/523/1707 
s 1136
f 1088/523/1707 1078/531/1715 1077/532/1716 
s 1137
f 1099/533/1717 1098/534/1718 1100/535/1719 
s 1138
f 1097/536/1720 1096/537/1721 1098/534/1718 
s 1139
f 1095/538/1722 1094/525/1723 1096/537/1721 
s 1140
f 1096/537/1721 1094/525/1723 1098/534/1718 
s 1141
f 1093/539/1724 1092/540/1725 1094/525/1723 
s 1142
f 1091/528/1726 1090/541/1727 1092/540/1725 
s 1143
f 1092/540/1725 1090/541/1727 1094/525/1723 
s 1144
f 1094/525/1723 1090/541/1727 1098/534/1718 
s 1145
f 1098/534/1718 1090/541/1727 1100/535/1719 
s 1146
f 1100/535/1719 1090/541/1727 1089/542/1728 
s 1147
f 1111/529/1729 1110/543/1730 1112/544/1731 
s 1148
f 1109/527/1732 1108/526/1733 1110/543/1730 
s 1149
f 1107/525/1734 1106/524/1735 1108/526/1733 
s 1150
f 1108/526/1733 1106/524/1735 1110/543/1730 
s 1151
f 1105/545/1736 1104/521/1737 1106/524/1735 
s 1152
f 1103/523/1738 1102/546/1739 1104/521/1737 
s 1153
f 1104/521/1737 1102/546/1739 1106/524/1735 
s 1154
f 1106/524/1735 1102/546/1739 1110/543/1730 
s 1155
f 1110/543/1730 1102/546/1739 1112/544/1731 
s 1156
f 1112/544/1731 1102/546/1739 1101/531/1740 
s 1157
f 1123/547/1741 1122/539/1742 1124/528/1743 
s 1158
f 1121/525/1744 1120/548/1745 1122/539/1742 
s 1159
f 1119/537/1746 1118/536/1747 1120/548/1745 
s 1160
f 1120/548/1745 1118/536/1747 1122/539/1742 
s 1161
f 1117/534/1748 1116/533/1749 1118/536/1747 
s 1162
f 1115/535/1750 1114/542/1751 1116/533/1749 
s 1163
f 1116/533/1749 1114/542/1751 1118/536/1747 
s 1164
f 1118/536/1747 1114/542/1751 1122/539/1742 
s 1165
f 1122/539/1742 1114/542/1751 1124/528/1743 
s 1166
f 1124/528/1743 1114/542/1751 1113/541/1752 
s 1167
f 1125/549/1753 1126/550/1754 1127/551/1755 
s 1168
f 1128/552/1756 1129/553/1757 1130/554/1758 
s 1169
f 1130/554/1758 1131/555/1759 1128/552/1756 
s 1170
f 1132/556/1760 1133/557/1761 1134/558/1762 
s 1171
f 1134/558/1762 1135/559/1763 1132/556/1760 
s 1172
f 1133/557/1761 1132/556/1760 1136/560/1764 
s 1173
f 1136/560/1764 1137/561/1765 1133/557/1761 
s 1174
f 1133/557/1761 1137/561/1765 1138/562/1766 
s 1175
f 1138/562/1766 1139/563/1767 1133/557/1761 
s 1176
f 1140/564/1768 1141/565/1769 1142/566/1770 
s 1177
f 1142/566/1770 1143/567/1771 1140/564/1768 
s 1178
f 1144/568/1772 1145/569/1773 1146/570/1774 
s 1179
f 1146/570/1774 1147/571/1775 1144/568/1772 
s 1180
f 1148/572/1776 1149/573/1777 1150/574/1778 
s 1181
f 1150/574/1778 1151/575/1779 1148/572/1776 
s 1182
f 1135/559/1763 1134/558/1762 1152/576/1780 
s 1183
f 1130/554/1758 1153/577/1781 1154/578/1782 
s 1184
f 1154/578/1782 1131/555/1759 1130/554/1758 
s 1185
f 1126/550/1754 1155/579/1783 1156/580/1784 
s 1186
f 1156/580/1784 1127/551/1755 1126/550/1754 
s 1187
f 1138/562/1766 1157/581/1785 1125/549/1753 
s 1188
f 1125/549/1753 1139/563/1767 1138/562/1766 
s 1189
f 1158/582/1786 1159/583/1787 1160/584/1788 
s 1190
f 1159/583/1787 1161/585/1789 1160/584/1788 
s 1191
f 1158/582/1790 1162/586/1791 1159/583/1787 
s 1192
f 1158/582/1790 1163/587/1792 1162/586/1791 
s 1193
f 1164/588/1793 1165/589/1794 1159/590/1794 
s 1194
f 1159/590/1795 1162/591/1795 1164/588/1793 
s 1195
f 1166/592/1796 1145/569/1773 1144/568/1772 
s 1196
f 1144/568/1772 1167/593/1797 1166/592/1796 
s 1197
f 1141/565/1769 1140/564/1768 1160/584/1788 
s 1198
f 1160/584/1788 1161/585/1789 1141/565/1769 
s 1199
f 1152/576/1780 1168/594/1798 1135/559/1763 
s 1200
f 1169/595/1799 1156/580/1784 1155/579/1783 
s 1201
f 1155/579/1783 1170/596/1800 1169/595/1799 
s 1202
f 1154/578/1801 1153/577/1781 1171/597/1802 
s 1203
f 1171/597/1802 1172/598/1803 1154/578/1801 
s 1204
f 1168/594/1804 1152/576/1780 1173/599/1805 
s 1205
f 1173/599/1805 1174/600/1806 1168/594/1804 
s 1206
f 1130/554/1758 1129/553/1757 1139/563/1767 
s 1207
f 1139/563/1767 1127/551/1755 1130/554/1758 
s 1208
f 1153/577/1781 1130/554/1758 1127/551/1755 
s 1209
f 1127/551/1755 1156/580/1784 1153/577/1781 
s 1210
f 1145/569/1773 1166/592/1796 1160/584/1788 
s 1211
f 1160/584/1788 1140/564/1768 1145/569/1773 
s 1212
f 1146/570/1774 1145/569/1773 1140/564/1768 
s 1213
f 1140/564/1768 1143/567/1771 1146/570/1774 
s 1214
f 1175/601/1807 1146/570/1774 1143/567/1771 
s 1215
f 1127/551/1755 1139/563/1767 1125/549/1753 
s 1216
f 1176/602/1808 1147/571/1775 1146/570/1774 
s 1217
f 1157/581/1785 1138/562/1766 1143/567/1771 
s 1218
f 1143/567/1771 1142/566/1770 1157/581/1785 
s 1219
f 1158/582/1786 1150/574/1778 1149/573/1809 
s 1220
f 1149/573/1777 1163/587/1792 1158/582/1786 
s 1221
f 1158/582/1810 1160/584/1788 1166/592/1796 
s 1222
f 1166/592/1796 1167/593/1797 1158/582/1810 
s 1223
f 1150/574/1778 1158/582/1786 1167/593/1797 
s 1224
f 1167/593/1797 1144/568/1772 1150/574/1778 
s 1225
f 1151/575/1779 1150/574/1778 1144/568/1772 
s 1226
f 1144/568/1772 1147/571/1775 1151/575/1779 
s 1227
f 1137/561/1765 1151/575/1779 1147/571/1775 
s 1228
f 1147/571/1775 1176/602/1808 1137/561/1765 
s 1229
f 1138/562/1766 1137/561/1765 1176/602/1808 
s 1230
f 1176/602/1808 1175/601/1807 1138/562/1766 
s 1231
f 1143/567/1771 1138/562/1766 1175/601/1807 
s 1232
f 1136/560/1764 1148/572/1811 1151/575/1779 
s 1233
f 1151/575/1779 1137/561/1765 1136/560/1764 
s 1234
f 1171/597/1802 1153/577/1781 1156/580/1784 
s 1235
f 1156/580/1784 1169/595/1799 1171/597/1802 
s 1236
f 1172/598/1812 1171/597/1802 1169/595/1813 
s 1237
f 1169/595/1813 1173/599/1814 1172/598/1812 
s 1238
f 1154/578/1815 1172/598/1815 1173/599/1816 
s 1239
f 1173/599/1816 1152/576/1780 1154/578/1801 
s 1240
f 1131/555/1759 1154/578/1801 1152/576/1780 
s 1241
f 1152/576/1780 1134/558/1762 1131/555/1759 
s 1242
f 1128/552/1756 1131/555/1759 1134/558/1762 
s 1243
f 1134/558/1762 1133/557/1761 1128/552/1756 
s 1244
f 1129/553/1757 1128/552/1756 1133/557/1761 
s 1245
f 1133/557/1761 1139/563/1767 1129/553/1757 
s 1246
f 1177/603/1817 1178/604/1818 1179/605/1819 
s 1247
f 1180/606/1820 1181/607/1821 1165/589/1822 
s 1248
f 1165/589/1822 1164/588/1823 1180/606/1820 
s 1249
f 1181/607/1821 1180/606/1824 1182/608/1825 
s 1250
f 1182/608/1825 1183/609/1826 1181/607/1821 
s 1251
f 1183/609/1826 1182/608/1825 1179/605/1819 
s 1252
f 1179/605/1819 1178/604/1818 1183/609/1826 
s 1253
f 1169/595/1827 1184/610/1828 1173/599/1816 
s 1254
f 1184/610/1828 1174/600/1806 1173/599/1816 
s 1255
f 1169/595/1799 1185/611/1829 1184/610/1828 
s 1256
f 1169/595/1799 1170/596/1800 1185/611/1829 
s 1257
f 1186/612/1830 1184/610/1828 1185/611/1831 
s 1258
f 1185/611/1831 1187/613/1832 1186/612/1830 
s 1259
f 1188/614/1833 1189/615/1834 1186/612/1830 
s 1260
f 1186/612/1835 1187/613/1832 1188/614/1833 
s 1261
f 1188/614/1833 1177/603/1817 1190/616/1836 
s 1262
f 1190/616/1836 1189/615/1834 1188/614/1833 
s 1263
f 1179/605/1819 1190/616/1836 1177/603/1817 
s 1264
f 1188/617/1837 1187/618/1838 1165/619/1839 
s 1265
f 1165/619/1839 1181/620/1840 1188/617/1837 
s 1266
f 1177/621/1841 1188/617/1837 1181/620/1840 
s 1267
f 1181/620/1840 1183/622/1842 1177/621/1841 
s 1268
f 1177/621/1841 1183/622/1842 1178/623/1843 
s 1269
f 1132/624/1844 1135/625/1845 1168/626/1845 
s 1270
f 1168/626/1846 1174/627/1847 1163/628/1848 
s 1271
f 1163/628/1848 1149/629/1849 1148/630/1849 
s 1272
f 1168/626/1850 1163/628/1848 1148/630/1851 
s 1273
f 1132/624/1844 1168/626/1846 1148/630/1851 
s 1274
f 1132/624/1844 1148/630/1851 1136/631/1852 
s 1275
f 1191/632/1853 1184/633/1854 1186/634/1855 
s 1276
f 1191/632/1853 1164/635/1856 1162/636/1857 
s 1277
f 1191/632/1853 1162/636/1857 1163/628/1848 
s 1278
f 1191/632/1853 1163/628/1848 1174/627/1847 
s 1279
f 1165/619/1858 1187/618/1838 1185/637/1859 
s 1280
f 1146/570/1774 1175/601/1807 1176/602/1808 
s 1281
f 1191/632/1853 1174/627/1847 1184/633/1854 
s 1282
f 1179/638/1860 1191/632/1853 1190/639/1861 
s 1283
f 1189/640/1862 1190/639/1861 1191/632/1853 
s 1284
f 1186/634/1863 1189/640/1862 1191/632/1853 
s 1285
f 1179/638/1860 1182/641/1864 1191/632/1853 
s 1286
f 1180/642/1865 1191/632/1853 1182/641/1864 
s 1287
f 1180/642/1866 1164/635/1866 1191/632/1853 
s 1288
f 1142/643/1867 1141/644/1868 1161/645/1869 
s 1289
f 1161/645/1869 1170/646/1870 1155/647/1871 
s 1290
f 1142/643/1867 1161/645/1869 1155/647/1871 
s 1291
f 1155/647/1871 1126/648/1872 1125/649/1873 
s 1292
f 1142/643/1867 1155/647/1871 1125/649/1873 
s 1293
f 1142/643/1867 1125/649/1873 1157/650/1874 
s 1294
f 1159/651/1875 1185/637/1859 1170/646/1870 
s 1295
f 1170/646/1870 1161/645/1869 1159/651/1875 
s 1296
f 1185/637/1859 1159/651/1875 1165/619/1858 
s 1297
f 1192/550/1876 1193/549/1877 1194/551/1878 
s 1298
f 1195/553/1879 1196/552/1880 1197/554/1881 
s 1299
f 1198/555/1882 1197/554/1881 1196/552/1880 
s 1300
f 1199/557/1883 1200/556/1884 1201/558/1885 
s 1301
f 1202/559/1886 1201/558/1885 1200/556/1884 
s 1302
f 1200/556/1884 1199/557/1883 1203/560/1887 
s 1303
f 1204/561/1888 1203/560/1887 1199/557/1883 
s 1304
f 1204/561/1888 1199/557/1883 1205/562/1889 
s 1305
f 1206/563/1890 1205/562/1889 1199/557/1883 
s 1306
f 1207/565/1891 1208/564/1892 1209/566/1893 
s 1307
f 1210/567/1894 1209/566/1893 1208/564/1892 
s 1308
f 1211/569/1895 1212/568/1896 1213/570/1897 
s 1309
f 1214/571/1898 1213/570/1897 1212/568/1896 
s 1310
f 1215/573/1899 1216/572/1900 1217/574/1901 
s 1311
f 1218/575/1902 1217/574/1901 1216/572/1900 
s 1312
f 1201/558/1885 1202/559/1886 1219/576/1903 
s 1313
f 1220/577/1904 1197/554/1881 1221/578/1905 
s 1314
f 1198/555/1882 1221/578/1905 1197/554/1881 
s 1315
f 1222/579/1906 1192/550/1876 1223/580/1907 
s 1316
f 1194/551/1878 1223/580/1907 1192/550/1876 
s 1317
f 1224/581/1908 1205/562/1889 1193/549/1877 
s 1318
f 1206/563/1890 1193/549/1877 1205/562/1889 
s 1319
f 1225/583/1909 1226/582/1910 1227/584/1911 
s 1320
f 1228/585/1912 1225/583/1909 1227/584/1911 
s 1321
f 1229/586/1913 1226/582/1914 1225/583/1909 
s 1322
f 1230/587/1915 1226/582/1914 1229/586/1913 
s 1323
f 1231/589/1916 1232/588/1917 1225/590/1916 
s 1324
f 1229/591/1918 1225/590/1918 1232/588/1917 
s 1325
f 1211/569/1895 1233/592/1919 1212/568/1896 
s 1326
f 1234/593/1920 1212/568/1896 1233/592/1919 
s 1327
f 1208/564/1892 1207/565/1891 1227/584/1911 
s 1328
f 1228/585/1912 1227/584/1911 1207/565/1891 
s 1329
f 1235/594/1921 1219/576/1903 1202/559/1886 
s 1330
f 1223/580/1907 1236/595/1922 1222/579/1906 
s 1331
f 1237/596/1923 1222/579/1906 1236/595/1922 
s 1332
f 1220/577/1904 1221/578/1924 1238/597/1925 
s 1333
f 1239/598/1926 1238/597/1925 1221/578/1924 
s 1334
f 1219/576/1903 1235/594/1927 1240/599/1928 
s 1335
f 1241/600/1929 1240/599/1928 1235/594/1927 
s 1336
f 1195/553/1879 1197/554/1881 1206/563/1890 
s 1337
f 1194/551/1878 1206/563/1890 1197/554/1881 
s 1338
f 1197/554/1881 1220/577/1904 1194/551/1878 
s 1339
f 1223/580/1907 1194/551/1878 1220/577/1904 
s 1340
f 1233/592/1919 1211/569/1895 1227/584/1911 
s 1341
f 1208/564/1892 1227/584/1911 1211/569/1895 
s 1342
f 1211/569/1895 1213/570/1897 1208/564/1892 
s 1343
f 1210/567/1894 1208/564/1892 1213/570/1897 
s 1344
f 1213/570/1897 1242/601/1930 1210/567/1894 
s 1345
f 1206/563/1890 1194/551/1878 1193/549/1877 
s 1346
f 1214/571/1898 1243/602/1931 1213/570/1897 
s 1347
f 1205/562/1889 1224/581/1908 1210/567/1894 
s 1348
f 1209/566/1893 1210/567/1894 1224/581/1908 
s 1349
f 1217/574/1901 1226/582/1910 1215/573/1932 
s 1350
f 1230/587/1915 1215/573/1899 1226/582/1910 
s 1351
f 1227/584/1911 1226/582/1933 1233/592/1919 
s 1352
f 1234/593/1920 1233/592/1919 1226/582/1933 
s 1353
f 1226/582/1910 1217/574/1901 1234/593/1920 
s 1354
f 1212/568/1896 1234/593/1920 1217/574/1901 
s 1355
f 1217/574/1901 1218/575/1902 1212/568/1896 
s 1356
f 1214/571/1898 1212/568/1896 1218/575/1902 
s 1357
f 1218/575/1902 1204/561/1888 1214/571/1898 
s 1358
f 1243/602/1931 1214/571/1898 1204/561/1888 
s 1359
f 1204/561/1888 1205/562/1889 1243/602/1931 
s 1360
f 1242/601/1930 1243/602/1931 1205/562/1889 
s 1361
f 1205/562/1889 1210/567/1894 1242/601/1930 
s 1362
f 1216/572/1934 1203/560/1887 1218/575/1902 
s 1363
f 1204/561/1888 1218/575/1902 1203/560/1887 
s 1364
f 1220/577/1904 1238/597/1925 1223/580/1907 
s 1365
f 1236/595/1922 1223/580/1907 1238/597/1925 
s 1366
f 1238/597/1925 1239/598/1935 1236/595/1936 
s 1367
f 1240/599/1937 1236/595/1936 1239/598/1935 
s 1368
f 1239/598/1938 1221/578/1938 1240/599/1939 
s 1369
f 1219/576/1903 1240/599/1939 1221/578/1924 
s 1370
f 1221/578/1924 1198/555/1882 1219/576/1903 
s 1371
f 1201/558/1885 1219/576/1903 1198/555/1882 
s 1372
f 1198/555/1882 1196/552/1880 1201/558/1885 
s 1373
f 1199/557/1883 1201/558/1885 1196/552/1880 
s 1374
f 1196/552/1880 1195/553/1879 1199/557/1883 
s 1375
f 1206/563/1890 1199/557/1883 1195/553/1879 
s 1376
f 1244/604/1940 1245/603/1941 1246/605/1942 
s 1377
f 1247/607/1943 1248/606/1944 1231/589/1945 
s 1378
f 1232/588/1946 1231/589/1945 1248/606/1944 
s 1379
f 1248/606/1947 1247/607/1943 1249/608/1948 
s 1380
f 1250/609/1949 1249/608/1948 1247/607/1943 
s 1381
f 1249/608/1948 1250/609/1949 1246/605/1942 
s 1382
f 1244/604/1940 1246/605/1942 1250/609/1949 
s 1383
f 1251/610/1950 1236/595/1951 1240/599/1939 
s 1384
f 1241/600/1929 1251/610/1950 1240/599/1939 
s 1385
f 1252/611/1952 1236/595/1922 1251/610/1950 
s 1386
f 1237/596/1923 1236/595/1922 1252/611/1952 
s 1387
f 1251/610/1950 1253/612/1953 1252/611/1954 
s 1388
f 1254/613/1955 1252/611/1954 1253/612/1953 
s 1389
f 1255/615/1956 1256/614/1957 1253/612/1953 
s 1390
f 1254/613/1955 1253/612/1958 1256/614/1957 
s 1391
f 1245/603/1941 1256/614/1957 1257/616/1959 
s 1392
f 1255/615/1956 1257/616/1959 1256/614/1957 
s 1393
f 1257/616/1959 1246/605/1942 1245/603/1941 
s 1394
f 1254/618/1960 1256/617/1961 1231/619/1962 
s 1395
f 1247/620/1963 1231/619/1962 1256/617/1961 
s 1396
f 1256/617/1961 1245/621/1964 1247/620/1963 
s 1397
f 1250/622/1965 1247/620/1963 1245/621/1964 
s 1398
f 1250/622/1965 1245/621/1964 1244/623/1966 
s 1399
f 1202/625/1967 1200/624/1968 1235/626/1967 
s 1400
f 1241/627/1969 1235/626/1970 1230/628/1971 
s 1401
f 1215/629/1972 1230/628/1971 1216/630/1972 
s 1402
f 1230/628/1971 1235/626/1973 1216/630/1974 
s 1403
f 1235/626/1970 1200/624/1968 1216/630/1974 
s 1404
f 1216/630/1974 1200/624/1968 1203/631/1975 
s 1405
f 1251/633/1976 1258/632/1977 1253/634/1978 
s 1406
f 1232/635/1979 1258/632/1977 1229/636/1980 
s 1407
f 1229/636/1980 1258/632/1977 1230/628/1971 
s 1408
f 1230/628/1971 1258/632/1977 1241/627/1969 
s 1409
f 1254/618/1960 1231/619/1981 1252/637/1982 
s 1410
f 1242/601/1930 1213/570/1897 1243/602/1931 
s 1411
f 1241/627/1969 1258/632/1977 1251/633/1976 
s 1412
f 1258/632/1977 1246/638/1983 1257/639/1984 
s 1413
f 1257/639/1984 1255/640/1985 1258/632/1977 
s 1414
f 1255/640/1985 1253/634/1986 1258/632/1977 
s 1415
f 1249/641/1987 1246/638/1983 1258/632/1977 
s 1416
f 1258/632/1977 1248/642/1988 1249/641/1987 
s 1417
f 1232/635/1989 1248/642/1989 1258/632/1977 
s 1418
f 1207/644/1990 1209/643/1991 1228/645/1992 
s 1419
f 1237/646/1993 1228/645/1992 1222/647/1994 
s 1420
f 1228/645/1992 1209/643/1991 1222/647/1994 
s 1421
f 1192/648/1995 1222/647/1994 1193/649/1996 
s 1422
f 1222/647/1994 1209/643/1991 1193/649/1996 
s 1423
f 1193/649/1996 1209/643/1991 1224/650/1997 
s 1424
f 1252/637/1982 1225/651/1998 1237/646/1993 
s 1425
f 1228/645/1992 1237/646/1993 1225/651/1998 
s 1426
f 1225/651/1998 1252/637/1982 1231/619/1981 
s 1469
f 1259/53/1999 1260/54/1999 1261/55/1999 
s 1470
f 1262/56/1999 1261/55/1999 1260/54/1999 
s 1471
f 1260/54/2000 1263/57/2000 1262/56/2000 
s 1472
f 1264/58/2000 1262/56/2000 1263/57/2000 
s 1473
f 1261/55/2001 1260/54/2001 1259/53/2001 
s 1474
f 1260/54/2001 1261/55/2001 1262/56/2001 
s 1475
f 1262/56/2002 1263/57/2002 1260/54/2002 
s 1476
f 1263/57/2002 1262/56/2002 1264/58/2002 
s 1477
f 1265/59/2003 1266/60/2003 1267/61/2003 
s 1478
f 1267/61/2003 1266/60/2003 1268/62/2003 
s 1479
f 1268/62/2003 1266/60/2003 1269/63/2003 
s 1480
f 1267/64/2004 1270/65/2005 1265/66/2006 
s 1481
f 1270/65/2005 1267/64/2004 1271/67/2004 
s 1482
f 1265/66/2006 1272/67/2007 1266/64/2007 
s 1483
f 1272/67/2007 1265/66/2006 1270/65/2005 
s 1484
f 1266/66/2008 1273/67/2009 1269/64/2008 
s 1485
f 1273/67/2009 1266/66/2008 1272/65/2008 
s 1486
f 1269/64/2010 1274/65/2010 1268/66/2010 
s 1487
f 1274/65/2010 1269/64/2010 1273/67/2009 
s 1488
f 1268/64/2011 1271/65/2011 1267/66/2011 
s 1489
f 1271/65/2011 1268/64/2011 1274/67/2011 
s 1490
f 1275/54/2012 1276/53/2012 1277/68/2012 
s 1491
f 1277/68/2013 1278/69/2013 1275/54/2013 
s 1492
f 1279/57/2013 1275/54/2013 1278/69/2013 
s 1493
f 1276/53/2014 1277/68/2014 1280/55/2014 
s 1494
f 1277/68/2014 1276/53/2014 1275/54/2014 
s 1495
f 1275/54/2015 1278/69/2015 1277/68/2015 
s 1496
f 1278/69/2015 1275/54/2015 1279/57/2015 
s 1497
f 1281/70/2016 1282/60/2016 1283/61/2016 
s 1498
f 1283/61/2016 1282/60/2016 1284/62/2016 
s 1499
f 1284/62/2016 1282/60/2016 1285/63/2016 
s 1500
f 1283/64/2017 1286/65/2018 1281/66/2019 
s 1501
f 1286/65/2018 1283/64/2017 1287/67/2017 
s 1502
f 1281/66/2020 1288/67/2020 1282/64/2020 
s 1503
f 1288/67/2020 1281/66/2019 1286/65/2018 
s 1504
f 1282/66/2021 1289/67/2022 1285/64/2023 
s 1505
f 1289/67/2022 1282/66/2021 1288/65/2021 
s 1506
f 1285/64/2024 1290/65/2024 1284/66/2024 
s 1507
f 1290/65/2024 1285/64/2023 1289/67/2022 
s 1508
f 1284/64/2025 1287/65/2025 1283/66/2025 
s 1509
f 1287/65/2025 1284/64/2025 1290/67/2025 
s 1510
f 1280/55/2012 1277/68/2012 1276/53/2012 
s 1511
f 1291/652/2026 1292/653/2027 1293/654/2028 
s 1512
f 1294/655/2029 1293/654/2028 1292/653/2027 
s 1513
f 1295/656/2030 1296/657/2031 1297/658/2032 
s 1514
f 1298/659/2033 1297/658/2032 1296/657/2031 
s 1515
f 1296/657/2031 1295/656/2030 1299/660/2034 
s 1516
f 1299/660/2034 1295/656/2030 1300/661/2035 
s 1517
f 1300/661/2035 1295/656/2030 1301/662/2036 
s 1518
f 1302/663/2037 1303/664/2038 1301/665/2039 
s 1519
f 1300/666/2040 1301/665/2039 1303/664/2038 
s 1520
f 1304/667/2041 1305/668/2042 1302/663/2037 
s 1521
f 1303/664/2038 1302/663/2037 1305/668/2042 
s 1522
f 1306/669/2043 1307/670/2044 1304/667/2041 
s 1523
f 1299/671/2045 1300/672/2046 1308/673/2047 
s 1524
f 1309/674/2048 1308/673/2047 1310/675/2048 
s 1525
f 1310/675/2048 1308/673/2047 1311/676/2049 
s 1526
f 1308/673/2047 1300/672/2046 1311/676/2049 
s 1527
f 1305/668/2042 1304/667/2041 1307/670/2044 
s 1528
f 1312/677/2050 1313/678/2051 1306/669/2043 
s 1529
f 1307/670/2044 1306/669/2043 1313/678/2051 
s 1530
f 1314/679/2052 1311/680/2053 1312/677/2050 
s 1531
f 1313/678/2051 1312/677/2050 1311/680/2053 
s 1532
f 1310/681/2054 1311/680/2053 1294/655/2029 
s 1533
f 1293/654/2028 1294/655/2029 1314/679/2052 
s 1534
f 1294/655/2029 1311/680/2053 1314/679/2052 
s 1535
f 1309/682/2055 1315/683/2056 1308/684/2057 
s 1536
f 1316/685/2058 1308/684/2057 1315/683/2056 
s 1537
f 1316/685/2058 1315/683/2056 1298/659/2033 
s 1538
f 1298/659/2033 1315/683/2056 1297/658/2059 
s 1539
f 1297/658/2059 1315/683/2056 1291/652/2060 
s 1540
f 1291/652/2060 1315/683/2056 1292/653/2027 
s 1541
f 975/511/2061 970/500/2062 979/502/2063 
s 1542
f 979/502/2064 970/500/2062 980/501/2065 
s 1543
f 1317/667/2066 1318/668/2067 1319/670/2068 
s 1544
f 1320/678/2069 1321/677/2070 1322/669/2071 
s 1545
f 1322/669/2071 1319/670/2068 1320/678/2069 
s 1546
f 1323/680/2072 1324/679/2073 1321/677/2070 
s 1547
f 966/686/1151 977/687/2074 965/688/2075 
s 1548
f 978/689/2076 965/688/2075 977/687/2074 
s 1549
f 980/690/2077 963/691/2078 979/692/2079 
s 1550
f 964/693/2080 979/692/2079 963/691/2078 
s 1551
f 964/693/2080 965/688/2075 979/692/2081 
s 1552
f 978/689/2076 979/692/2081 965/688/2075 
s 1553
f 977/687/2074 966/686/2082 976/694/2083 
s 1554
f 967/695/2084 976/694/2083 966/686/2082 
s 1555
f 976/694/2083 967/695/2084 975/696/2085 
s 1556
f 968/697/2086 975/696/2085 967/695/2084 
s 1557
f 971/698/2087 972/699/2088 960/700/2089 
s 1558
f 959/701/2090 960/700/2089 972/699/2088 
s 1559
f 957/496/2091 958/495/2092 959/497/2091 
s 1560
f 960/498/2093 959/497/2094 961/499/2095 
s 1561
f 962/500/2096 961/499/2095 963/501/2097 
s 1562
f 961/499/2095 959/497/2094 963/501/2097 
s 1563
f 959/497/2094 958/495/2092 963/501/2097 
s 1564
f 964/502/2098 963/501/2097 965/503/2099 
s 1565
f 1325/702/2100 1326/703/2100 1327/704/2100 
s 1566
f 1328/705/2100 1326/703/2100 1325/702/2100 
s 1567
f 1329/706/2100 1328/705/2100 1325/702/2100 
s 1568
f 1330/707/2100 1326/703/2100 1328/705/2100 
s 1569
f 1292/653/2027 1315/683/2056 1294/655/2029 
s 1570
f 1309/682/2055 1294/655/2029 1315/683/2056 
s 1571
f 1297/708/2101 1293/709/2102 1301/710/2103 
s 1572
f 1295/711/2104 1297/708/2101 1301/710/2103 
s 1573
f 1291/712/2105 1293/709/2102 1297/708/2101 
s 1574
f 1314/713/2106 1312/714/2107 1293/709/2102 
s 1575
f 1331/715/2108 1332/716/2109 1333/717/2110 
s 1576
f 1334/718/2111 1333/717/2110 1332/716/2109 
s 1577
f 1335/719/2112 1336/720/2113 1337/721/2114 
s 1578
f 1338/722/2115 1337/721/2114 1336/720/2113 
s 1579
f 1339/723/2116 1340/724/2117 1335/719/2112 
s 1580
f 1336/720/2113 1335/719/2112 1340/724/2117 
s 1581
f 945/725/2118 938/726/2119 937/727/2120 
s 1582
f 937/727/2120 946/728/2121 945/725/2118 
s 1583
f 946/728/2121 937/727/2120 936/700/2122 
s 1584
f 936/700/2122 947/698/2123 946/728/2121 
s 1585
f 949/729/2124 948/699/2125 935/701/2126 
s 1586
f 935/701/2126 934/730/2127 949/729/2124 
s 1587
f 950/731/2128 933/732/2129 944/697/2130 
s 1588
f 944/697/2130 951/696/2131 950/731/2128 
s 1589
f 949/729/2132 934/730/2127 933/732/2129 
s 1590
f 933/732/2129 950/731/2128 949/729/2132 
s 1591
f 953/687/2133 942/686/1143 941/688/2134 
s 1592
f 941/688/2134 954/689/2135 953/687/2133 
s 1593
f 939/691/2136 956/690/2137 955/692/2138 
s 1594
f 955/692/2138 940/693/2139 939/691/2136 
s 1595
f 941/688/2134 940/693/2139 955/692/2140 
s 1596
f 955/692/2140 954/689/2135 941/688/2134 
s 1597
f 942/686/2141 953/687/2133 952/694/2142 
s 1598
f 952/694/2142 943/695/2143 942/686/2141 
s 1599
f 939/733/2144 938/726/2119 945/725/2118 
s 1600
f 945/725/2118 956/734/1227 939/733/2144 
s 1601
f 1310/681/2054 1294/655/2029 1309/682/2055 
s 1602
f 1308/684/2057 1296/657/2031 1299/660/2034 
s 1603
f 1296/657/2031 1308/684/2057 1298/659/2033 
s 1604
f 1316/685/2058 1298/659/2033 1308/684/2057 
s 1605
f 1341/735/2145 1342/736/2146 1339/723/2116 
s 1606
f 1340/724/2117 1339/723/2116 1342/736/2146 
s 1607
f 1333/717/2110 1334/718/2111 1341/735/2145 
s 1608
f 1342/736/2146 1341/735/2145 1334/718/2111 
s 1609
f 1335/719/2112 1337/721/2114 1333/717/2110 
s 1610
f 1331/715/2108 1333/717/2110 1337/721/2114 
s 1611
f 1339/723/2116 1335/719/2112 1341/735/2145 
s 1612
f 1333/717/2110 1341/735/2145 1335/719/2112 
s 1613
f 1336/720/2113 1330/737/2147 1338/722/2115 
s 1614
f 1328/738/2148 1338/722/2115 1330/737/2147 
s 1615
f 1340/724/2117 1326/739/2149 1336/720/2113 
s 1616
f 1330/737/2147 1336/720/2113 1326/739/2149 
s 1617
f 1342/736/2146 1327/740/2150 1340/724/2117 
s 1618
f 1326/739/2149 1340/724/2117 1327/740/2150 
s 1619
f 1334/718/2111 1325/741/2151 1342/736/2146 
s 1620
f 1327/740/2150 1342/736/2146 1325/741/2151 
s 1621
f 1332/716/2109 1329/742/2152 1334/718/2111 
s 1622
f 1325/741/2151 1334/718/2111 1329/742/2152 
s 1623
f 1313/743/2153 1311/676/2049 1307/744/2154 
s 1624
f 1305/745/2155 1307/744/2154 1303/746/2156 
s 1625
f 1307/744/2154 1311/676/2049 1303/746/2156 
s 1626
f 1311/676/2049 1300/672/2046 1303/746/2156 
s 1627
f 1304/747/2157 1312/714/2107 1306/748/2157 
s 1628
f 1301/710/2103 1312/714/2107 1304/747/2157 
s 1629
f 1302/749/2157 1301/710/2103 1304/747/2157 
s 1630
f 1293/709/2102 1312/714/2107 1301/710/2103 
s 1631
f 1343/684/2158 1344/657/2159 1345/659/2160 
s 1632
f 1345/659/2160 1346/685/2161 1343/684/2158 
s 1633
f 1347/683/2162 1348/653/2163 1349/655/2164 
s 1634
f 1349/655/2164 1350/682/2165 1347/683/2162 
s 1635
f 1348/653/2163 1351/652/2166 1352/654/2167 
s 1636
f 1352/654/2167 1349/655/2164 1348/653/2163 
s 1637
f 1353/721/2168 1354/719/2169 1355/717/2170 
s 1638
f 1355/717/2170 1356/715/2171 1353/721/2168 
s 1639
f 1354/719/2169 1357/723/2172 1358/735/2173 
s 1640
f 1358/735/2173 1355/717/2170 1354/719/2169 
s 1641
f 1359/737/2174 1360/720/2175 1361/722/2176 
s 1642
f 1361/722/2176 1362/738/2177 1359/737/2174 
s 1643
f 1363/739/2178 1364/724/2179 1360/720/2175 
s 1644
f 1360/720/2175 1359/737/2174 1363/739/2178 
s 1645
f 1365/740/2180 1366/736/2181 1364/724/2179 
s 1646
f 1364/724/2179 1363/739/2178 1365/740/2180 
s 1647
f 1367/741/2182 1368/718/2183 1366/736/2181 
s 1648
f 1366/736/2181 1365/740/2180 1367/741/2182 
s 1649
f 1369/742/2184 1370/716/2185 1368/718/2183 
s 1650
f 1368/718/2183 1367/741/2182 1369/742/2184 
s 1651
f 1363/703/2186 1367/702/2186 1365/704/2186 
s 1652
f 1363/703/2186 1362/705/2186 1367/702/2186 
s 1653
f 1362/705/2186 1369/706/2186 1367/702/2186 
s 1654
f 1363/703/2186 1359/707/2186 1362/705/2186 
s 1655
f 1321/714/2186 1317/747/2186 1322/748/2186 
s 1656
f 1321/714/2186 1371/710/2186 1317/747/2186 
s 1657
f 1371/710/2186 1372/749/2187 1317/747/2186 
s 1658
f 1321/714/2186 1352/709/2186 1371/710/2186 
s 1659
f 1352/709/2186 1373/708/2186 1371/710/2186 
s 1660
f 1373/708/2186 1374/711/2186 1371/710/2186 
s 1661
f 1344/657/2159 1374/656/2188 1373/658/2189 
s 1662
f 1373/658/2189 1345/659/2160 1344/657/2159 
s 1663
f 1374/656/2188 1344/657/2159 1375/660/2190 
s 1664
f 1374/656/2188 1375/660/2190 1376/661/2191 
s 1665
f 1374/656/2188 1376/661/2191 1371/662/2192 
s 1666
f 1377/664/2193 1372/663/2194 1371/665/2195 
s 1667
f 1371/665/2195 1376/666/2196 1377/664/2193 
s 1668
f 1318/668/2067 1317/667/2066 1372/663/2194 
s 1669
f 1372/663/2194 1377/664/2193 1318/668/2067 
s 1670
f 1319/670/2068 1322/669/2071 1317/667/2066 
s 1671
f 1376/672/2197 1375/671/2198 1343/673/2199 
s 1672
f 1343/673/2199 1350/674/2200 1378/675/2200 
s 1673
f 1343/673/2199 1378/675/2200 1323/676/2201 
s 1674
f 1376/672/2197 1343/673/2199 1323/676/2201 
s 1675
f 1323/676/2201 1320/743/2202 1319/744/2203 
s 1676
f 1319/744/2203 1318/745/2204 1377/746/2205 
s 1677
f 1323/676/2201 1319/744/2203 1377/746/2205 
s 1678
f 1376/672/2197 1323/676/2201 1377/746/2205 
s 1679
f 1321/677/2070 1320/678/2069 1323/680/2072 
s 1680
f 1323/680/2072 1378/681/2206 1349/655/2164 
s 1681
f 1349/655/2164 1352/654/2167 1324/679/2073 
s 1682
f 1323/680/2072 1349/655/2164 1324/679/2073 
s 1683
f 1347/683/2162 1350/682/2165 1343/684/2158 
s 1684
f 1343/684/2158 1346/685/2161 1347/683/2162 
s 1685
f 1347/683/2162 1346/685/2161 1345/659/2160 
s 1686
f 1347/683/2162 1345/659/2160 1373/658/2189 
s 1687
f 1347/683/2162 1373/658/2189 1351/652/2166 
s 1688
f 1347/683/2162 1351/652/2166 1348/653/2163 
s 1689
f 1349/655/2164 1378/681/2206 1350/682/2165 
s 1690
f 1344/657/2159 1343/684/2158 1375/660/2190 
s 1691
f 943/695/2143 952/694/2142 951/696/2131 
s 1692
f 951/696/2131 944/697/2130 943/695/2143 
s 1693
f 948/699/2125 947/698/2123 936/700/2207 
s 1694
f 936/700/2207 935/701/1230 948/699/2125 
s 1695
f 933/495/2208 934/496/2209 935/497/2209 
s 1696
f 935/497/2210 936/498/2211 937/499/2212 
s 1697
f 937/499/2212 938/500/2213 939/501/2214 
s 1698
f 935/497/2210 937/499/2212 939/501/2214 
s 1699
f 933/495/2208 935/497/2210 939/501/2214 
s 1700
f 939/501/2214 940/502/2215 941/503/2216 
s 1701
f 941/503/2216 942/504/2217 943/505/2218 
s 1702
f 939/501/2214 941/503/2216 943/505/2218 
s 1703
f 933/495/2208 939/501/2214 943/505/2218 
s 1704
f 933/495/2208 943/505/2218 944/506/2219 
s 1705
f 945/500/2220 946/507/2221 947/508/2222 
s 1706
f 947/508/2222 948/509/2223 949/510/2224 
s 1707
f 949/510/2224 950/495/2225 951/511/2226 
s 1708
f 947/508/2222 949/510/2224 951/511/2226 
s 1709
f 966/504/2227 965/503/2099 967/505/2228 
s 1710
f 965/503/2099 963/501/2097 967/505/2228 
s 1711
f 963/501/2097 958/495/2092 967/505/2228 
s 1712
f 967/505/2228 958/495/2092 968/506/2229 
s 1713
f 969/507/2230 970/500/2062 971/508/2231 
s 1714
f 972/509/2232 971/508/2231 973/510/2233 
s 1715
f 974/495/2234 973/510/2233 975/511/2061 
s 1716
f 973/510/2233 971/508/2231 975/511/2061 
s 1717
f 971/508/2231 970/500/2062 975/511/2061 
s 1718
f 976/512/2235 975/511/2061 977/513/2236 
s 1719
f 978/514/2237 977/513/2236 979/502/2064 
s 1720
f 977/513/2236 975/511/2061 979/502/2063 
s 1721
f 1352/709/2186 1351/712/2186 1373/708/2186 
s 1722
f 1321/714/2186 1324/713/2186 1352/709/2186 
s 1723
f 1370/716/2185 1356/715/2171 1355/717/2170 
s 1724
f 1355/717/2170 1368/718/2183 1370/716/2185 
s 1725
f 1360/720/2175 1354/719/2169 1353/721/2168 
s 1726
f 1353/721/2168 1361/722/2176 1360/720/2175 
s 1727
f 1364/724/2179 1357/723/2172 1354/719/2169 
s 1728
f 1354/719/2169 1360/720/2175 1364/724/2179 
s 1729
f 1366/736/2181 1358/735/2173 1357/723/2172 
s 1730
f 1357/723/2172 1364/724/2179 1366/736/2181 
s 1731
f 1368/718/2183 1355/717/2170 1358/735/2173 
s 1732
f 1358/735/2173 1366/736/2181 1368/718/2183 
s 1733
f 945/500/2220 947/508/2222 951/511/2226 
s 1734
f 951/511/2226 952/512/2238 953/513/2239 
s 1735
f 953/513/2239 954/514/2240 955/502/2241 
s 1736
f 951/511/2226 953/513/2239 955/502/2242 
s 1737
f 945/500/2220 951/511/2226 955/502/2242 
s 1738
f 945/500/2220 955/502/2241 956/501/2243 
s 1739
f 962/726/2244 963/733/2245 970/725/2246 
s 1740
f 980/734/1231 970/725/2246 963/733/2245 
s 1741
f 962/726/2244 970/725/2246 961/727/2247 
s 1742
f 969/728/2248 961/727/2247 970/725/2246 
s 1743
f 961/727/2247 969/728/2248 960/700/2249 
s 1744
f 971/698/2087 960/700/2249 969/728/2248 
s 1745
f 972/699/2088 973/729/2250 959/701/2251 
s 1746
f 957/730/2252 959/701/2251 973/729/2250 
s 1747
f 958/732/2253 974/731/2254 968/697/2086 
s 1748
f 975/696/2085 968/697/2086 974/731/2254 
s 1749
f 957/730/2252 973/729/2255 958/732/2253 
s 1750
f 974/731/2254 958/732/2253 973/729/2255 
s 1751
f 1379/750/2256 1380/750/2257 1381/751/2258 
s 1752
f 1382/752/2259 1383/752/2259 1384/753/2260 
s 1753
f 1384/753/2260 1385/753/2261 1382/752/2262 
s 1754
f 1386/754/2263 1387/754/2264 1388/751/2256 
s 1755
f 1388/751/2256 1381/751/2258 1386/754/2263 
s 1756
f 1385/753/2261 1384/753/2260 1389/755/2265 
s 1757
f 1389/755/2265 1390/755/2265 1385/753/2261 
s 1758
f 1391/756/2266 1392/756/2267 1387/754/2264 
s 1759
f 1387/754/2264 1386/754/2263 1391/756/2266 
s 1760
f 1393/757/2268 1394/757/2256 1392/756/2267 
s 1761
f 1392/756/2267 1391/756/2266 1393/757/2268 
s 1762
f 1390/755/2265 1389/755/2265 1395/758/2269 
s 1763
f 1395/758/2269 1396/758/2270 1390/755/2271 
s 1764
f 1396/758/2270 1395/758/2269 1397/759/2272 
s 1765
f 1397/759/2272 1398/759/2273 1396/758/2270 
s 1766
f 1399/760/2256 1400/760/2274 1394/757/2256 
s 1767
f 1394/757/2256 1393/757/2268 1399/760/2256 
s 1768
f 1401/761/2275 1402/761/2256 1400/760/2256 
s 1769
f 1400/760/2274 1399/760/2256 1401/761/2256 
s 1770
f 1403/762/2276 1404/763/2277 1405/764/2278 
s 1771
f 1406/765/2279 1407/766/2280 1408/767/2281 
s 1772
f 1389/755/2282 1409/768/2283 1410/769/2284 
s 1773
f 1389/755/2282 1384/753/2260 1409/768/2283 
s 1774
f 1384/753/2260 1383/752/2285 1409/768/2283 
s 1775
f 1383/752/2286 1411/770/2286 1409/768/2283 
s 1776
f 1412/771/2287 1413/771/2288 1402/761/2287 
s 1777
f 1402/761/2287 1401/761/2275 1412/771/2287 
s 1778
f 1414/772/2289 1415/772/2290 1413/771/2288 
s 1779
f 1413/771/2288 1412/771/2289 1414/772/2289 
s 1780
f 1416/773/2291 1417/773/2291 1415/772/2291 
s 1781
f 1415/772/2290 1414/772/2292 1416/773/2293 
s 1782
f 1398/759/2273 1397/759/2272 1417/773/2294 
s 1783
f 1417/773/2294 1416/773/2293 1398/759/2273 
s 1784
f 1418/770/2259 1411/770/2295 1383/752/2285 
s 1785
f 1383/752/2259 1382/752/2259 1418/770/2296 
s 1786
f 1419/768/2297 1409/768/2283 1411/770/2295 
s 1787
f 1411/770/2298 1418/770/2296 1419/768/2297 
s 1788
f 1420/769/2299 1410/769/2284 1409/768/2283 
s 1789
f 1409/768/2283 1419/768/2297 1420/769/2300 
s 1790
f 1380/750/2257 1379/750/2301 1410/769/2284 
s 1791
f 1410/769/2284 1420/769/2300 1380/750/2257 
s 1792
f 1381/751/2258 1388/751/2256 1379/750/2256 
s 1793
f 1421/774/2302 1422/775/2303 1406/765/2279 
s 1794
f 1406/765/2279 1423/776/2304 1421/774/2302 
s 1795
f 1424/777/2305 1421/774/2302 1423/776/2304 
s 1796
f 1423/776/2304 1425/778/2306 1424/777/2305 
s 1797
f 1426/779/2307 1427/780/2308 1428/781/2309 
s 1798
f 1428/781/2309 1429/782/2310 1426/779/2307 
s 1799
f 1430/783/2311 1431/784/2312 1432/785/2313 
s 1800
f 1432/785/2313 1433/786/2314 1430/783/2311 
s 1801
f 1434/787/2315 1408/767/2281 1403/762/2276 
s 1802
f 1403/762/2276 1435/788/2316 1434/787/2315 
s 1803
f 1405/764/2278 1435/788/2316 1403/762/2276 
s 1804
f 1432/785/2313 1436/789/2317 1434/787/2315 
s 1805
f 1434/787/2315 1433/786/2314 1432/785/2313 
s 1806
f 1437/790/2318 1438/791/2318 1439/792/2318 
s 1807
f 1440/793/2318 1441/794/2318 1437/790/2318 
s 1808
f 1442/795/2318 1443/796/2318 1440/793/2318 
s 1809
f 1443/796/2318 1444/797/2318 1440/793/2318 
s 1810
f 1442/795/2318 1445/798/2318 1443/796/2318 
s 1811
f 1446/799/2318 1447/800/2318 1442/795/2318 
s 1812
f 1448/793/2319 1449/790/2319 1450/794/2319 
s 1813
f 1445/801/2320 1442/802/2321 1451/803/2322 
s 1814
f 1408/767/2281 1452/804/2323 1406/765/2279 
s 1815
f 1453/805/2324 1454/806/2325 1455/807/2326 
s 1816
f 1455/807/2326 1429/782/2310 1453/805/2324 
s 1817
f 1429/782/2310 1455/807/2326 1422/775/2303 
s 1818
f 1422/775/2303 1426/779/2307 1429/782/2310 
s 1819
f 1436/789/2317 1452/804/2323 1408/767/2281 
s 1820
f 1408/767/2281 1434/787/2315 1436/789/2317 
s 1821
f 1403/762/2276 1408/767/2281 1407/766/2280 
s 1822
f 1456/808/2327 1451/803/2322 1442/802/2328 
s 1823
f 1442/802/2321 1447/809/2329 1456/808/2327 
s 1824
f 1457/810/2330 1456/808/2327 1447/809/2330 
s 1825
f 1447/809/2329 1446/811/2330 1457/810/2330 
s 1826
f 1458/808/2331 1457/810/2332 1446/811/2332 
s 1827
f 1446/811/2332 1459/809/2331 1458/808/2331 
s 1828
f 1460/803/2333 1458/808/2331 1459/809/2331 
s 1829
f 1459/809/2331 1439/802/2334 1460/803/2333 
s 1830
f 1425/812/2335 1461/813/2336 1462/814/2337 
s 1831
f 1407/766/2280 1455/807/2326 1454/806/2325 
s 1832
f 1454/806/2325 1404/815/2338 1407/766/2280 
s 1833
f 1406/765/2279 1422/775/2303 1455/807/2326 
s 1834
f 1455/807/2326 1407/766/2280 1406/765/2279 
s 1835
f 1385/753/2261 1390/755/2271 1391/756/2266 
s 1836
f 1391/756/2266 1390/755/2339 1396/758/2270 
s 1837
f 1396/758/2270 1393/757/2268 1391/756/2266 
s 1838
f 1399/760/2340 1393/757/2268 1396/758/2270 
s 1839
f 1396/758/2270 1398/759/2273 1399/760/2340 
s 1840
f 1414/772/2341 1412/771/2341 1401/761/2341 
s 1841
f 1401/761/2341 1399/760/2340 1414/772/2341 
s 1842
f 1399/760/2340 1398/759/2273 1416/773/2341 
s 1843
f 1416/773/2341 1414/772/2341 1399/760/2340 
s 1844
f 1380/750/2257 1419/768/2297 1382/752/2262 
s 1845
f 1382/752/2262 1419/768/2297 1418/770/2342 
s 1846
f 1419/768/2297 1380/750/2257 1420/769/2343 
s 1847
f 1382/752/2262 1381/751/2258 1380/750/2257 
s 1848
f 1463/769/2344 1464/751/2345 1465/750/2346 
s 1849
f 1466/754/2347 1464/751/2345 1463/769/2344 
s 1850
f 1467/773/2348 1468/773/2349 1469/772/2350 
s 1851
f 1470/772/2351 1469/772/2352 1468/773/2349 
s 1852
f 1471/759/2353 1472/759/2354 1467/773/2348 
s 1853
f 1468/773/2349 1467/773/2348 1472/759/2354 
s 1854
f 1473/770/2355 1474/770/2356 1475/752/2357 
s 1855
f 1476/752/2356 1475/752/2357 1474/770/2358 
s 1856
f 1477/756/2359 1466/754/2347 1463/769/2344 
s 1857
f 1478/757/2360 1477/756/2359 1463/769/2344 
s 1858
f 1479/755/2361 1478/757/2362 1463/769/2344 
s 1859
f 1469/772/2350 1478/757/2360 1479/755/2363 
s 1860
f 1480/760/2364 1478/757/2360 1469/772/2350 
s 1861
f 1481/761/2365 1480/760/2364 1469/772/2365 
s 1862
f 1482/771/2365 1481/761/2365 1469/772/2365 
s 1863
f 1483/758/2366 1469/772/2350 1479/755/2361 
s 1864
f 1471/759/2353 1469/772/2350 1483/758/2366 
s 1865
f 1467/773/2348 1469/772/2350 1471/759/2353 
s 1866
f 1484/768/2367 1479/755/2361 1463/769/2344 
s 1867
f 1485/753/2368 1479/755/2361 1484/768/2367 
s 1868
f 1475/752/2357 1485/753/2368 1484/768/2367 
s 1869
f 1473/770/2355 1475/752/2357 1484/768/2346 
s 1870
f 1475/752/2357 1476/752/2356 1485/753/2368 
s 1871
f 1486/753/2369 1485/753/2368 1476/752/2356 
s 1872
f 1466/754/2347 1487/754/2370 1464/751/2345 
s 1873
f 1488/751/2371 1464/751/2345 1487/754/2370 
s 1874
f 1385/753/2261 1386/754/2263 1381/751/2258 
s 1875
f 1381/751/2258 1382/752/2372 1385/753/2261 
s 1876
f 1391/756/2266 1386/754/2263 1385/753/2261 
s 1877
f 1472/759/2373 1471/759/2353 1489/758/2374 
s 1878
f 1480/760/2364 1490/760/2370 1478/757/2370 
s 1879
f 1491/757/2375 1478/757/2370 1490/760/2376 
s 1880
f 1481/761/2370 1492/761/2370 1480/760/2364 
s 1881
f 1490/760/2376 1480/760/2364 1492/761/2370 
s 1882
f 1482/771/2377 1493/771/2378 1481/761/2379 
s 1883
f 1492/761/2379 1481/761/2379 1493/771/2378 
s 1884
f 1469/772/2352 1470/772/2351 1482/771/2377 
s 1885
f 1493/771/2378 1482/771/2380 1470/772/2351 
s 1886
f 1388/751/2381 1410/769/2284 1379/750/2381 
s 1887
f 1388/751/2382 1387/754/2264 1410/769/2284 
s 1888
f 1387/754/2264 1392/756/2267 1410/769/2284 
s 1889
f 1392/756/2267 1394/757/2383 1410/769/2284 
s 1890
f 1394/757/2384 1389/755/2282 1410/769/2284 
s 1891
f 1394/757/2383 1415/772/2290 1389/755/2385 
s 1892
f 1394/757/2383 1400/760/2274 1415/772/2290 
s 1893
f 1400/760/2386 1402/761/2386 1415/772/2386 
s 1894
f 1402/761/2386 1413/771/2288 1415/772/2290 
s 1895
f 1415/772/2290 1395/758/2269 1389/755/2282 
s 1896
f 1415/772/2290 1397/759/2272 1395/758/2269 
s 1897
f 1415/772/2386 1417/773/2386 1397/759/2272 
s 1898
f 1484/768/2367 1494/768/2387 1473/770/2355 
s 1899
f 1474/770/2358 1473/770/2355 1494/768/2387 
s 1900
f 1463/769/2344 1495/769/2388 1484/768/2389 
s 1901
f 1494/768/2387 1484/768/2367 1495/769/2388 
s 1902
f 1465/750/2390 1496/750/2390 1463/769/2344 
s 1903
f 1495/769/2388 1463/769/2344 1496/750/2390 
s 1904
f 1464/751/2345 1488/751/2371 1465/750/2370 
s 1905
f 1496/750/2391 1465/750/2370 1488/751/2371 
s 1906
f 1487/754/2392 1486/753/2393 1488/751/2371 
s 1907
f 1476/752/2394 1488/751/2371 1486/753/2393 
s 1908
f 1487/754/2392 1497/756/2395 1486/753/2395 
s 1909
f 1498/755/2396 1486/753/2395 1497/756/2397 
s 1910
f 1485/753/2368 1486/753/2393 1479/755/2398 
s 1911
f 1498/755/2396 1479/755/2398 1486/753/2393 
s 1912
f 1477/756/2359 1497/756/2397 1466/754/2347 
s 1913
f 1487/754/2370 1466/754/2347 1497/756/2370 
s 1914
f 1478/757/2370 1491/757/2375 1477/756/2359 
s 1915
f 1497/756/2397 1477/756/2359 1491/757/2375 
s 1916
f 1479/755/2398 1498/755/2396 1483/758/2366 
s 1917
f 1489/758/2374 1483/758/2366 1498/755/2396 
s 1918
f 1483/758/2366 1489/758/2374 1471/759/2353 
s 1919
f 1499/754/2399 1500/754/2400 1501/816/2399 
s 1920
f 1502/817/2399 1503/817/2399 1504/816/2401 
s 1921
f 1501/816/2399 1504/816/2401 1503/817/2399 
s 1922
f 1505/818/2402 1506/818/2403 1507/819/2404 
s 1923
f 1508/819/2405 1507/819/2404 1506/818/2406 
s 1924
f 1507/819/2404 1508/819/2405 1509/820/2407 
s 1925
f 1510/820/2408 1509/820/2409 1508/819/2405 
s 1926
f 1511/821/2410 1512/821/2399 1502/817/2399 
s 1927
f 1503/817/2399 1502/817/2399 1512/821/2399 
s 1928
f 1513/822/2399 1514/822/2399 1511/821/2399 
s 1929
f 1512/821/2399 1511/821/2410 1514/822/2399 
s 1930
f 1515/823/2411 1516/823/2412 1513/822/2413 
s 1931
f 1514/822/2414 1513/822/2413 1516/823/2412 
s 1932
f 1517/824/2415 1518/825/2416 1519/826/2417 
s 1933
f 1500/754/2400 1518/825/2416 1517/824/2415 
s 1934
f 1504/816/2401 1500/754/2400 1517/824/2415 
s 1935
f 1502/817/2418 1504/816/2401 1517/824/2415 
s 1936
f 1505/818/2419 1502/817/2420 1517/824/2415 
s 1937
f 1520/827/2421 1502/817/2418 1505/818/2422 
s 1938
f 1511/821/2410 1502/817/2418 1520/827/2421 
s 1939
f 1513/822/2413 1511/821/2423 1520/827/2421 
s 1940
f 1453/805/2324 1429/782/2310 1428/781/2309 
s 1941
f 1428/781/2309 1521/828/2424 1453/805/2324 
s 1942
f 1522/829/2425 1453/805/2324 1521/828/2424 
s 1943
f 1521/828/2424 1523/830/2426 1522/829/2425 
s 1944
f 1524/831/2427 1525/832/2428 1526/833/2429 
s 1945
f 1526/833/2429 1527/834/2430 1524/831/2427 
s 1946
f 1527/834/2430 1526/833/2429 1427/780/2308 
s 1947
f 1427/780/2308 1528/835/2431 1527/834/2430 
s 1948
f 1529/836/2432 1527/834/2430 1528/835/2431 
s 1949
f 1528/835/2431 1530/837/2433 1529/836/2432 
s 1950
f 1531/838/2434 1524/831/2427 1527/834/2430 
s 1951
f 1527/834/2430 1529/836/2432 1531/838/2434 
s 1952
f 1426/779/2307 1530/837/2433 1528/835/2431 
s 1953
f 1528/835/2431 1427/780/2308 1426/779/2307 
s 1954
f 1532/839/2435 1533/840/2436 1432/785/2313 
s 1955
f 1432/785/2313 1431/784/2312 1532/839/2435 
s 1956
f 1500/754/2400 1499/754/2399 1518/825/2416 
s 1957
f 1534/825/2437 1518/825/2416 1499/754/2399 
s 1958
f 1535/841/2438 1536/841/2439 1505/818/2402 
s 1959
f 1506/818/2403 1505/818/2402 1536/841/2440 
s 1960
f 1504/816/2401 1501/816/2399 1500/754/2400 
s 1961
f 1537/842/2441 1538/843/2441 1539/844/2441 
s 1962
f 1540/826/2441 1537/842/2441 1541/824/2441 
s 1963
f 1534/825/2441 1538/843/2441 1540/826/2441 
s 1964
f 1520/827/2421 1542/827/2442 1515/823/2411 
s 1965
f 1516/823/2412 1515/823/2411 1542/827/2442 
s 1966
f 1543/845/2443 1544/845/2444 1520/827/2421 
s 1967
f 1542/827/2443 1520/827/2421 1544/845/2443 
s 1968
f 1509/820/2409 1510/820/2408 1543/845/2409 
s 1969
f 1544/845/2444 1543/845/2409 1510/820/2408 
s 1970
f 1545/844/2445 1539/844/2446 1546/843/2447 
s 1971
f 1538/843/2445 1546/843/2447 1539/844/2446 
s 1972
f 1547/842/2448 1537/842/2449 1545/844/2448 
s 1973
f 1539/844/2446 1545/844/2448 1537/842/2448 
s 1974
f 1517/824/2415 1541/824/2450 1547/842/2451 
s 1975
f 1537/842/2449 1547/842/2451 1541/824/2450 
s 1976
f 1519/826/2417 1540/826/2448 1517/824/2415 
s 1977
f 1541/824/2450 1517/824/2415 1540/826/2448 
s 1978
f 1518/825/2416 1534/825/2437 1519/826/2417 
s 1979
f 1540/826/2399 1519/826/2417 1534/825/2399 
s 1980
f 1499/754/2452 1536/841/2440 1534/825/2437 
s 1981
f 1538/843/2453 1534/825/2437 1536/841/2440 
s 1982
f 1515/823/2411 1513/822/2413 1520/827/2421 
s 1983
f 1507/819/2404 1520/827/2421 1505/818/2419 
s 1984
f 1509/820/2407 1520/827/2421 1507/819/2404 
s 1985
f 1543/845/2423 1520/827/2421 1509/820/2423 
s 1986
f 1547/842/2451 1505/818/2419 1517/824/2415 
s 1987
f 1535/841/2438 1505/818/2419 1547/842/2451 
s 1988
f 1546/843/2447 1535/841/2438 1547/842/2451 
s 1989
f 1545/844/2454 1546/843/2447 1547/842/2454 
s 1990
f 1546/843/2447 1538/843/2445 1535/841/2438 
s 1991
f 1536/841/2440 1535/841/2438 1538/843/2445 
s 1992
f 1499/754/2452 1501/816/2455 1536/841/2456 
s 1993
f 1506/818/2406 1536/841/2456 1501/816/2455 
s 1994
f 1506/818/2457 1501/816/2455 1508/819/2405 
s 1995
f 1503/817/2458 1508/819/2405 1501/816/2455 
s 1996
f 1503/817/2458 1512/821/2459 1508/819/2405 
s 1997
f 1510/820/2408 1508/819/2405 1512/821/2459 
s 1998
f 1516/823/2460 1542/827/2460 1514/822/2460 
s 1999
f 1512/821/2459 1514/822/2460 1542/827/2460 
s 2000
f 1510/820/2408 1512/821/2459 1544/845/2460 
s 2001
f 1542/827/2461 1544/845/2444 1512/821/2459 
s 2002
f 1537/842/2441 1540/826/2441 1538/843/2441 
s 2003
f 1444/846/2462 1443/847/2463 1548/848/2463 
s 2004
f 1549/849/2320 1548/848/2463 1443/847/2463 
s 2005
f 1443/847/2463 1445/801/2320 1549/849/2320 
s 2006
f 1446/799/2318 1439/792/2318 1459/850/2318 
s 2007
f 1446/799/2318 1442/795/2318 1439/792/2318 
s 2008
f 1442/795/2318 1440/793/2318 1439/792/2318 
s 2009
f 1440/793/2318 1437/790/2318 1439/792/2318 
s 2010
f 1550/851/2464 1551/852/2318 1552/853/2318 
s 2011
f 1552/853/2318 1553/854/2318 1550/851/2464 
s 2012
f 1554/855/2465 1550/852/2465 1553/856/2465 
s 2013
f 1553/856/2465 1555/857/2465 1554/855/2465 
s 2014
f 1556/858/2466 1423/776/2304 1406/765/2279 
s 2015
f 1421/774/2302 1424/777/2305 1529/836/2432 
s 2016
f 1529/836/2432 1530/837/2433 1421/774/2302 
s 2017
f 1422/775/2303 1421/774/2302 1530/837/2433 
s 2018
f 1530/837/2433 1426/779/2307 1422/775/2303 
s 2019
f 1436/789/2317 1557/859/2467 1556/858/2466 
s 2020
f 1556/858/2466 1452/804/2323 1436/789/2317 
s 2021
f 1558/860/2468 1425/778/2306 1423/776/2304 
s 2022
f 1423/776/2304 1556/858/2466 1558/860/2468 
s 2023
f 1557/859/2467 1533/840/2436 1559/861/2469 
s 2024
f 1451/803/2322 1549/849/2320 1445/801/2320 
s 2025
f 1448/793/2319 1560/797/2319 1548/796/2319 
s 2026
f 1548/796/2319 1549/798/2319 1451/795/2319 
s 2027
f 1451/795/2319 1456/800/2319 1457/799/2319 
s 2028
f 1548/796/2319 1451/795/2319 1457/799/2319 
s 2029
f 1457/799/2319 1458/850/2319 1460/792/2319 
s 2030
f 1460/792/2319 1561/791/2319 1449/790/2319 
s 2031
f 1457/799/2319 1460/792/2319 1449/790/2319 
s 2032
f 1548/796/2319 1457/799/2319 1449/790/2319 
s 2033
f 1448/793/2319 1548/796/2319 1449/790/2319 
s 2034
f 1561/849/2470 1460/803/2470 1439/802/2334 
s 2035
f 1439/802/2334 1438/801/2465 1561/849/2471 
s 2036
f 1449/848/2472 1561/849/2471 1438/801/2465 
s 2037
f 1438/801/2465 1437/847/2472 1449/848/2472 
s 2038
f 1450/862/2473 1449/848/2472 1437/847/2472 
s 2039
f 1437/847/2472 1441/863/2473 1450/862/2473 
s 2040
f 1448/864/2474 1450/862/2473 1441/863/2473 
s 2041
f 1441/863/2473 1440/865/2474 1448/864/2474 
s 2042
f 1560/866/2462 1448/867/2475 1440/868/2475 
s 2043
f 1440/868/2475 1444/846/2462 1560/866/2462 
s 2044
f 1548/848/2463 1560/866/2462 1444/846/2462 
s 2045
f 1562/857/2320 1552/856/2320 1551/852/2476 
s 2046
f 1557/859/2467 1559/861/2469 1558/860/2468 
s 2047
f 1558/860/2468 1556/858/2466 1557/859/2467 
s 2048
f 1461/813/2336 1558/860/2468 1559/861/2469 
s 2049
f 1432/785/2313 1533/840/2436 1557/859/2467 
s 2050
f 1557/859/2467 1436/789/2317 1432/785/2313 
s 2051
f 1558/860/2468 1461/813/2336 1425/812/2335 
s 2052
f 1406/765/2279 1452/804/2323 1556/858/2466 
s 2053
f 1407/766/2280 1404/815/2477 1403/762/2276 
s 2054
f 1434/787/2315 1435/788/2316 1433/786/2314 
s 2055
f 1430/783/2311 1433/786/2314 1435/788/2316 
s 2056
f 1435/788/2316 1405/764/2278 1430/783/2311 
s 2057
f 1404/763/2277 1454/869/2478 1563/870/2479 
s 2058
f 1563/870/2479 1405/764/2278 1404/763/2277 
s 2059
f 1564/871/2480 1454/872/2481 1453/805/2324 
s 2060
f 1453/805/2324 1522/829/2425 1564/871/2480 
s 2061
f 1529/836/2432 1424/873/2482 1565/874/2483 
s 2062
f 1565/874/2483 1531/838/2434 1529/836/2432 
s 2063
f 1462/814/2337 1424/875/2484 1425/812/2335 
s 2064
f 1521/828/2424 1428/781/2309 1427/780/2308 
s 2065
f 1427/780/2308 1526/833/2429 1521/828/2424 
s 2066
f 1532/839/2435 1461/813/2336 1559/861/2469 
s 2067
f 1559/861/2469 1533/840/2436 1532/839/2435 
s 2068
f 1523/830/2426 1521/828/2424 1526/833/2429 
s 2069
f 1526/833/2429 1525/832/2428 1523/830/2426 
s 2070
f 1498/755/2396 1497/756/2397 1489/758/2374 
s 2071
f 1491/757/2375 1489/758/2374 1497/756/2397 
s 2072
f 1491/757/2375 1490/760/2376 1489/758/2374 
s 2073
f 1472/759/2354 1489/758/2374 1490/760/2376 
s 2074
f 1493/771/2378 1470/772/2485 1492/761/2485 
s 2075
f 1490/760/2485 1492/761/2485 1470/772/2485 
s 2076
f 1472/759/2486 1490/760/2376 1468/773/2486 
s 2077
f 1470/772/2486 1468/773/2486 1490/760/2485 
s 2078
f 1494/768/2387 1496/750/2487 1476/752/2394 
s 2079
f 1494/768/2387 1476/752/2394 1474/770/2487 
s 2080
f 1496/750/2487 1494/768/2387 1495/769/2388 
s 2081
f 1488/751/2371 1476/752/2394 1496/750/2391 
s 2082
f 1551/852/2488 1550/851/2464 1554/876/2488 
s 2083
f 1554/876/2488 1566/855/2488 1551/852/2476 
s 2084
f 1566/852/2319 1554/851/2319 1555/854/2319 
s 2085
f 1555/854/2319 1562/853/2319 1566/852/2319 
s 2086
f 1551/852/2476 1566/855/2320 1562/857/2320 
s 2087
f 1567/53/2489 1568/55/2489 1569/54/2489 
s 2088
f 1570/56/2489 1569/54/2489 1568/55/2489 
s 2089
f 1569/54/2490 1570/56/2490 1571/57/2490 
s 2090
f 1572/58/2490 1571/57/2490 1570/56/2490 
s 2091
f 1568/55/2491 1567/53/2491 1569/54/2491 
s 2092
f 1569/54/2491 1570/56/2491 1568/55/2491 
s 2093
f 1570/56/2492 1569/54/2492 1571/57/2492 
s 2094
f 1571/57/2492 1572/58/2492 1570/56/2492 
s 2095
f 1573/59/2493 1574/61/2493 1575/60/2493 
s 2096
f 1574/61/2494 1576/62/2494 1575/60/2493 
s 2097
f 1576/62/2493 1577/63/2493 1575/60/2493 
s 2098
f 1574/64/2495 1573/66/2495 1578/65/2496 
s 2099
f 1578/65/2496 1579/67/2497 1574/64/2497 
s 2100
f 1573/66/2498 1575/64/2498 1580/67/2498 
s 2101
f 1580/67/2498 1578/65/2496 1573/66/2498 
s 2102
f 1575/66/2499 1577/64/2500 1581/67/2501 
s 2103
f 1581/67/2501 1580/65/2502 1575/66/2502 
s 2104
f 1577/64/2500 1576/66/2503 1582/65/2503 
s 2105
f 1582/65/2503 1581/67/2501 1577/64/2500 
s 2106
f 1576/64/2504 1574/66/2504 1579/65/2504 
s 2107
f 1579/65/2504 1582/67/2504 1576/64/2504 
s 2108
f 1583/54/2505 1584/68/2505 1585/53/2505 
s 2109
f 1584/68/2506 1583/54/2506 1586/69/2506 
s 2110
f 1587/57/2507 1586/69/2507 1583/54/2507 
s 2111
f 1585/53/2508 1588/55/2508 1584/68/2508 
s 2112
f 1584/68/2508 1583/54/2508 1585/53/2508 
s 2113
f 1583/54/2509 1584/68/2509 1586/69/2509 
s 2114
f 1586/69/2510 1587/57/2510 1583/54/2510 
s 2115
f 1589/70/2511 1590/61/2511 1591/60/2511 
s 2116
f 1590/61/2511 1592/62/2511 1591/60/2511 
s 2117
f 1592/62/2511 1593/63/2511 1591/60/2511 
s 2118
f 1590/64/2512 1589/66/2513 1594/65/2514 
s 2119
f 1594/65/2514 1595/67/2512 1590/64/2512 
s 2120
f 1589/66/2515 1591/64/2515 1596/67/2515 
s 2121
f 1596/67/2515 1594/65/2514 1589/66/2513 
s 2122
f 1591/66/2516 1593/64/2517 1597/67/2518 
s 2123
f 1597/67/2518 1596/65/2516 1591/66/2516 
s 2124
f 1593/64/2517 1592/66/2519 1598/65/2519 
s 2125
f 1598/65/2519 1597/67/2518 1593/64/2517 
s 2126
f 1592/64/2520 1590/66/2520 1595/65/2520 
s 2127
f 1595/65/2520 1598/67/2520 1592/64/2520 
s 2128
f 1588/55/2505 1585/53/2505 1584/68/2505 
s 2129
f 1599/877/2521 1600/878/2522 1601/879/2522 
s 2130
f 1602/880/2523 1599/877/2521 1601/879/2524 
s 2131
f 1599/877/2521 1602/880/2523 1603/881/2525 
s 2132
f 1603/881/2525 1604/882/2526 1605/883/2527 
s 2133
f 1604/882/2526 1603/881/2525 1602/880/2528 
s 2134
f 1606/884/2529 1607/885/2530 1608/886/2531 
s 2135
f 1607/885/2530 1606/884/2529 1609/887/2532 
s 2136
f 1608/886/2531 1610/888/2533 1611/889/2534 
s 2137
f 1610/888/2533 1608/886/2531 1607/885/2530 
s 2138
f 1611/889/2534 1612/890/2535 1613/891/2536 
s 2139
f 1612/890/2537 1611/889/2534 1610/888/2533 
s 2140
f 1614/892/2538 1605/893/2539 1615/894/2540 
s 2141
f 1605/893/2539 1614/892/2538 1603/895/2541 
s 2142
f 1600/896/2542 1599/897/2543 1614/892/2538 
s 2143
f 1616/898/2544 1613/891/2536 1617/899/2545 
s 2144
f 1616/898/2544 1617/899/2545 1618/900/2546 
s 2145
f 1619/901/2547 1608/886/2531 1620/902/2548 
s 2146
f 1608/886/2531 1619/901/2547 1606/884/2529 
s 2147
f 1620/902/2548 1611/889/2534 1621/903/2549 
s 2148
f 1611/889/2534 1620/902/2548 1608/886/2531 
s 2149
f 1621/903/2549 1611/889/2534 1613/891/2536 
s 2150
f 1622/904/2550 1620/902/2548 1623/905/2551 
s 2151
f 1620/902/2548 1622/904/2550 1619/901/2547 
s 2152
f 1623/905/2551 1621/903/2549 1624/906/2552 
s 2153
f 1621/903/2549 1623/905/2551 1620/902/2548 
s 2154
f 1624/906/2552 1613/891/2536 1616/898/2544 
s 2155
f 1613/891/2536 1624/906/2552 1621/903/2549 
s 2156
f 1625/907/2553 1623/905/2551 1626/908/2554 
s 2157
f 1623/905/2551 1625/907/2553 1622/904/2550 
s 2158
f 1626/908/2554 1624/906/2552 1627/909/2555 
s 2159
f 1624/906/2552 1626/908/2554 1623/905/2551 
s 2160
f 1628/910/2556 1604/911/2557 1601/912/2557 
s 2161
f 1601/912/2558 1604/911/2559 1602/913/2558 
s 2162
f 1629/914/2560 1630/915/2560 1631/916/2561 
s 2163
f 1632/917/2562 1633/918/2563 1634/919/2564 
s 2164
f 1635/920/2565 1631/921/2566 1636/922/2567 
s 2165
f 1600/923/2568 1637/924/2569 1638/925/2570 
s 2166
f 1638/925/2570 1637/924/2569 1639/926/2571 
s 2167
f 1639/926/2572 1637/924/2573 1640/927/2574 
s 2168
f 1640/927/2574 1637/924/2573 1641/928/2575 
s 2169
f 1640/927/2576 1641/928/2576 1642/929/2576 
s 2170
f 1600/923/2568 1638/925/2570 1628/930/2577 
s 2171
f 1600/923/2568 1628/930/2577 1601/931/2578 
s 2172
f 1630/932/2579 1636/922/2567 1631/921/2566 
s 2173
f 1636/922/2567 1630/932/2579 1643/933/2580 
s 2174
f 1644/934/2581 1630/932/2582 1629/935/2583 
s 2175
f 1630/932/2582 1644/934/2581 1643/933/2584 
s 2176
f 1645/936/2585 1646/937/2586 1607/938/2587 
s 2177
f 1607/938/2587 1646/937/2586 1610/939/2588 
s 2178
f 1610/939/2588 1646/937/2586 1635/940/2589 
s 2179
f 1610/939/2588 1635/940/2589 1612/941/2590 
s 2180
f 1612/941/2590 1635/940/2589 1636/942/2591 
s 2181
f 1612/941/2590 1636/942/2591 1617/943/2592 
s 2182
f 1617/943/2592 1636/942/2591 1643/944/2593 
s 2183
f 1617/943/2592 1643/944/2593 1642/945/2594 
s 2184
f 1642/945/2594 1643/944/2593 1644/946/2585 
s 2185
f 1617/943/2592 1642/945/2594 1641/947/2595 
s 2186
f 1645/936/2585 1607/938/2587 1609/948/2585 
s 2187
f 1642/949/2596 1629/935/2597 1640/950/2597 
s 2188
f 1629/935/2598 1642/949/2596 1644/934/2598 
s 2189
f 1647/951/2599 1604/911/2559 1628/910/2556 
s 2190
f 1617/899/2600 1613/891/2536 1612/890/2535 
s 2191
f 1599/897/2543 1603/895/2541 1614/892/2538 
s 2192
f 1648/952/2601 1605/893/2539 1649/953/2602 
s 2193
f 1605/893/2539 1648/952/2601 1615/894/2540 
s 2194
f 1638/954/2603 1648/952/2601 1650/955/2604 
s 2195
f 1632/917/2562 1651/956/2605 1633/918/2606 
s 2196
f 1651/956/2605 1632/917/2562 1652/957/2607 
s 2197
f 1619/901/2547 1653/958/2608 1606/884/2529 
s 2198
f 1653/958/2608 1619/901/2547 1654/959/2609 
s 2199
f 1654/959/2609 1655/960/2610 1653/958/2608 
s 2200
f 1655/960/2610 1654/959/2609 1656/961/2611 
s 2201
f 1656/961/2611 1657/962/2612 1655/960/2610 
s 2202
f 1657/962/2612 1656/961/2611 1634/919/2564 
s 2203
f 1622/904/2550 1654/959/2609 1619/901/2547 
s 2204
f 1654/959/2609 1622/904/2550 1658/963/2613 
s 2205
f 1658/963/2613 1656/961/2611 1654/959/2609 
s 2206
f 1656/961/2611 1658/963/2613 1659/964/2614 
s 2207
f 1659/964/2614 1634/919/2564 1656/961/2611 
s 2208
f 1634/919/2564 1659/964/2614 1632/917/2562 
s 2209
f 1625/907/2553 1658/963/2613 1622/904/2550 
s 2210
f 1658/963/2613 1625/907/2553 1660/965/2615 
s 2211
f 1660/965/2615 1659/964/2614 1658/963/2613 
s 2212
f 1659/964/2614 1660/965/2615 1661/966/2616 
s 2213
f 1661/966/2616 1632/917/2562 1659/964/2614 
s 2214
f 1632/917/2562 1661/966/2616 1652/957/2607 
s 2215
f 1660/965/2615 1615/894/2540 1648/952/2601 
s 2216
f 1615/894/2540 1660/965/2615 1625/907/2553 
s 2217
f 1661/966/2616 1648/952/2601 1638/954/2617 
s 2218
f 1648/952/2601 1661/966/2616 1660/965/2615 
s 2219
f 1652/957/2607 1638/954/2617 1639/967/2618 
s 2220
f 1638/954/2617 1652/957/2607 1661/966/2616 
s 2221
f 1651/956/2605 1639/967/2618 1662/968/2619 
s 2222
f 1639/967/2620 1651/956/2605 1652/957/2607 
s 2223
f 1627/909/2555 1616/898/2544 1618/900/2546 
s 2224
f 1616/898/2544 1627/909/2555 1624/906/2552 
s 2225
f 1626/908/2554 1615/894/2540 1625/907/2553 
s 2226
f 1615/894/2540 1626/908/2554 1614/892/2538 
s 2227
f 1627/909/2555 1614/892/2538 1626/908/2554 
s 2228
f 1614/892/2538 1627/909/2555 1600/896/2621 
s 2229
f 1618/900/2546 1600/896/2621 1627/909/2555 
s 2230
f 1600/896/2621 1618/900/2546 1637/969/2622 
s 2231
f 1617/899/2545 1637/969/2623 1618/900/2546 
s 2232
f 1637/969/2623 1617/899/2545 1641/970/2624 
s 2233
f 1650/955/2604 1648/952/2601 1649/953/2625 
s 2234
f 1650/971/2626 1628/972/2627 1638/973/2628 
s 2235
f 1633/974/2629 1635/975/2630 1663/976/2631 
s 2236
f 1635/975/2630 1633/974/2632 1631/916/2561 
s 2237
f 1651/977/2633 1631/916/2561 1633/974/2632 
s 2238
f 1631/916/2561 1651/977/2633 1629/914/2634 
s 2239
f 1640/978/2635 1651/977/2633 1662/979/2636 
s 2240
f 1651/977/2633 1640/978/2637 1629/914/2637 
s 2241
f 1634/919/2564 1633/918/2563 1657/962/2612 
s 2242
f 1663/980/2638 1657/962/2612 1633/918/2606 
s 2243
f 1662/979/2636 1639/981/2639 1640/978/2635 
s 2244
f 1647/982/2640 1650/971/2626 1649/983/2641 
s 2245
f 1650/971/2626 1647/982/2640 1628/972/2627 
s 2246
f 1604/882/2526 1649/983/2642 1605/883/2527 
s 2247
f 1649/983/2642 1604/882/2526 1647/982/2643 
s 2248
f 1635/975/2630 1646/984/2585 1663/976/2631 
s 2249
f 1606/884/2529 1645/985/2644 1609/887/2532 
s 2250
f 1645/985/2644 1606/884/2529 1653/958/2608 
s 2251
f 1653/958/2608 1646/986/2645 1645/985/2644 
s 2252
f 1646/986/2645 1653/958/2608 1655/960/2610 
s 2253
f 1655/960/2610 1663/980/2638 1646/986/2646 
s 2254
f 1663/980/2638 1655/960/2610 1657/962/2612 
s 1
f 1664/987/2647 1665/988/2648 1666/989/2649 
s 2
f 1667/990/2650 1666/989/2649 1665/988/2650 
s 3
f 1668/991/2651 1669/992/2652 1670/993/2653 
s 4
f 1671/994/2654 1672/995/2655 1670/996/2656 
s 5
f 1673/997/2657 1670/996/2656 1672/995/2655 
s 6
f 1674/998/2658 1675/999/2659 1676/1000/2660 
s 7
f 1676/1000/2661 1675/999/2659 1677/1001/2661 
s 8
f 1677/1001/2662 1675/999/2659 1678/1002/2663 
s 9
f 1678/1002/2663 1675/999/2659 1679/1003/2664 
s 10
f 1680/1004/2665 1681/1005/2666 1676/1006/2667 
s 11
f 1674/1007/2668 1676/1006/2667 1681/1005/2666 
s 12
f 1673/1008/2669 1682/1009/2670 1670/1010/2671 
s 13
f 1670/1010/2672 1682/1009/2670 1683/1011/2673 
s 14
f 1683/1011/2673 1682/1009/2670 1684/1012/2674 
s 15
f 1684/1012/2674 1682/1009/2670 1685/1013/2675 
s 16
f 1686/1014/2676 1687/1015/2677 1688/1016/2678 
s 17
f 1689/1017/2679 1688/1016/2678 1687/1015/2677 
s 18
f 1690/1018/2680 1691/1019/2681 1692/1020/2682 
s 19
f 1693/1021/2683 1692/1020/2682 1691/1019/2681 
s 20
f 1694/1022/2684 1695/1023/2685 1696/1024/2686 
s 21
f 1697/1025/2687 1696/1024/2686 1695/1023/2685 
s 22
f 1698/1026/2688 1699/1027/2689 1700/1028/2690 
s 23
f 1701/1029/2691 1700/1028/2690 1699/1027/2689 
s 24
f 1702/1030/2692 1703/1031/2693 1701/1029/2691 
s 25
f 1704/1032/2694 1705/1033/2695 1686/1014/2676 
s 26
f 1687/1015/2677 1686/1014/2676 1705/1033/2695 
s 27
f 1706/1034/2696 1707/1035/2697 1692/1020/2682 
s 28
f 1690/1018/2680 1692/1020/2682 1707/1035/2697 
s 29
f 1708/1036/2698 1709/1037/2699 1694/1022/2684 
s 30
f 1695/1023/2685 1694/1022/2684 1709/1037/2699 
s 31
f 1689/1017/2679 1710/1038/2700 1688/1016/2678 
s 32
f 1711/1039/2701 1688/1016/2702 1710/1038/2700 
s 33
f 1693/1021/2683 1691/1019/2681 1712/1040/2703 
s 34
f 1713/1041/2704 1712/1040/2703 1691/1019/2681 
s 35
f 1696/1024/2686 1697/1025/2687 1714/1042/2705 
s 36
f 1715/1043/2706 1714/1042/2705 1697/1025/2687 
s 37
f 1716/1044/2707 1717/1045/2708 1698/1026/2688 
s 38
f 1699/1027/2689 1698/1026/2688 1717/1045/2708 
s 39
f 1710/1038/2700 1718/1046/2709 1711/1039/2701 
s 40
f 1719/1047/2710 1711/1039/2701 1718/1046/2709 
s 41
f 1712/1040/2703 1713/1041/2704 1668/991/2651 
s 42
f 1669/992/2652 1668/991/2651 1713/1041/2704 
s 43
f 1714/1042/2705 1715/1043/2706 1671/994/2654 
s 44
f 1672/995/2655 1671/994/2654 1715/1043/2706 
s 45
f 1685/1048/2711 1682/1049/2712 1716/1044/2707 
s 46
f 1717/1045/2708 1716/1044/2707 1682/1049/2712 
s 47
f 1703/1031/2693 1702/1030/2692 1680/1004/2665 
s 48
f 1720/1050/2713 1721/1051/2714 1722/1052/2715 
s 49
f 1681/1005/2666 1680/1004/2665 1702/1030/2692 
s 50
f 1723/1053/2716 1705/1033/2695 1704/1032/2694 
s 51
f 1679/1054/2717 1707/1035/2697 1706/1034/2696 
s 52
f 1679/1055/2718 1675/1056/2719 1708/1036/2698 
s 53
f 1709/1037/2699 1708/1036/2698 1675/1056/2719 
s 54
f 1683/1057/2720 1724/1058/2721 1670/993/2722 
s 55
f 1668/991/2651 1670/993/2722 1724/1058/2721 
s 56
f 1725/1059/2721 1726/1060/2721 1693/1021/2683 
s 57
f 1692/1020/2682 1693/1021/2683 1726/1060/2721 
s 58
f 1727/1061/2721 1706/1034/2696 1726/1060/2721 
s 59
f 1692/1020/2682 1726/1060/2721 1706/1034/2696 
s 60
f 1728/1062/2721 1725/1059/2721 1712/1040/2703 
s 61
f 1693/1021/2683 1712/1040/2703 1725/1059/2721 
s 62
f 1724/1058/2721 1728/1062/2721 1668/991/2651 
s 63
f 1712/1040/2703 1668/991/2651 1728/1062/2721 
s 64
f 1678/1063/2723 1679/1054/2723 1727/1061/2721 
s 65
f 1706/1034/2696 1727/1061/2721 1679/1054/2723 
s 66
f 1680/1004/2665 1676/1006/2667 1729/1064/2724 
s 67
f 1730/1065/2725 1729/1064/2724 1676/1006/2667 
s 68
f 1703/1031/2693 1680/1004/2665 1731/1066/2726 
s 69
f 1729/1064/2724 1731/1066/2726 1680/1004/2665 
s 70
f 1700/1028/2690 1703/1031/2693 1721/1051/2714 
s 71
f 1731/1066/2726 1721/1051/2714 1703/1031/2693 
s 72
f 1700/1028/2690 1701/1029/2691 1703/1031/2693 
s 73
f 1698/1026/2688 1700/1028/2690 1720/1050/2713 
s 74
f 1721/1051/2714 1720/1050/2713 1700/1028/2690 
s 75
f 1716/1044/2707 1698/1026/2688 1732/1067/2727 
s 76
f 1720/1050/2713 1732/1067/2727 1698/1026/2688 
s 77
f 1685/1048/2711 1716/1044/2707 1733/1068/2728 
s 78
f 1732/1067/2727 1733/1068/2728 1716/1044/2707 
s 79
f 1734/1069/2729 1685/1070/2730 1735/1071/2731 
s 80
f 1733/1072/2732 1735/1071/2731 1685/1070/2730 
s 81
f 1736/1073/2733 1734/1069/2729 1737/1074/2734 
s 82
f 1735/1071/2731 1737/1074/2734 1734/1069/2729 
s 83
f 1738/1075/2735 1736/1073/2733 1739/1076/2736 
s 84
f 1737/1074/2734 1739/1076/2736 1736/1073/2733 
s 85
f 1740/1077/2735 1738/1075/2735 1741/1078/2737 
s 86
f 1739/1076/2736 1741/1078/2737 1738/1075/2735 
s 87
f 1742/1079/2738 1740/1077/2735 1743/1080/2739 
s 88
f 1741/1078/2737 1743/1080/2739 1740/1077/2735 
s 89
f 1676/1081/2740 1742/1079/2738 1730/1082/2741 
s 90
f 1743/1080/2739 1730/1082/2741 1742/1079/2738 
s 91
f 1729/1064/2724 1730/1065/2725 1744/1083/2742 
s 92
f 1731/1066/2726 1729/1064/2724 1745/1084/2743 
s 93
f 1744/1083/2742 1745/1084/2743 1729/1064/2724 
s 94
f 1721/1051/2714 1731/1066/2726 1746/1085/2744 
s 95
f 1745/1084/2743 1746/1085/2744 1731/1066/2726 
s 96
f 1746/1085/2744 1722/1052/2715 1721/1051/2714 
s 97
f 1732/1067/2727 1720/1050/2713 1747/1086/2745 
s 98
f 1722/1052/2715 1747/1086/2745 1720/1050/2713 
s 99
f 1733/1068/2728 1732/1067/2727 1747/1086/2745 
s 100
f 1735/1071/2731 1733/1072/2732 1747/1087/2746 
s 101
f 1737/1074/2734 1735/1071/2731 1722/1088/2747 
s 102
f 1747/1087/2746 1722/1088/2747 1735/1071/2731 
s 103
f 1739/1076/2736 1737/1074/2734 1746/1089/2748 
s 104
f 1722/1088/2747 1746/1089/2748 1737/1074/2734 
s 105
f 1741/1078/2737 1739/1076/2736 1745/1090/2749 
s 106
f 1746/1089/2748 1745/1090/2749 1739/1076/2736 
s 107
f 1743/1080/2739 1741/1078/2737 1744/1091/2750 
s 108
f 1745/1090/2749 1744/1091/2750 1741/1078/2737 
s 109
f 1730/1082/2741 1743/1080/2739 1744/1091/2750 
s 110
f 1671/994/2654 1670/996/2751 1669/1092/2752 
s 111
f 1714/1042/2705 1671/994/2654 1713/1093/2753 
s 112
f 1669/1092/2752 1713/1093/2753 1671/994/2654 
s 113
f 1696/1024/2686 1714/1042/2705 1691/1094/2754 
s 114
f 1713/1093/2753 1691/1094/2754 1714/1042/2705 
s 115
f 1694/1022/2684 1696/1024/2686 1690/1095/2755 
s 116
f 1691/1094/2754 1690/1095/2755 1696/1024/2686 
s 117
f 1708/1036/2698 1694/1022/2684 1707/1096/2756 
s 118
f 1690/1095/2755 1707/1096/2756 1694/1022/2684 
s 119
f 1685/1070/2730 1734/1069/2729 1684/1097/2757 
s 120
f 1748/1098/2758 1684/1097/2757 1734/1069/2729 
s 121
f 1738/1075/2735 1740/1077/2735 1749/1099/2759 
s 122
f 1750/1100/2759 1749/1099/2759 1740/1077/2735 
s 123
f 1742/1079/2738 1751/1101/2760 1740/1077/2735 
s 124
f 1750/1100/2759 1740/1077/2735 1751/1101/2760 
s 125
f 1736/1073/2733 1738/1075/2735 1752/1102/2759 
s 126
f 1749/1099/2759 1752/1102/2759 1738/1075/2735 
s 127
f 1734/1069/2729 1736/1073/2733 1748/1098/2758 
s 128
f 1752/1102/2759 1748/1098/2758 1736/1073/2761 
s 129
f 1676/1081/2740 1677/1103/2762 1742/1079/2738 
s 130
f 1751/1101/2760 1742/1079/2738 1677/1103/2762 
s 131
f 1682/1009/2670 1673/1008/2669 1753/1104/2763 
s 132
f 1753/1104/2763 1673/1008/2669 1754/1105/2764 
s 133
f 1754/1105/2764 1673/1008/2669 1664/1106/2765 
s 134
f 1664/1106/2765 1673/1008/2669 1665/1107/2766 
s 135
f 1717/1045/2708 1682/1049/2712 1755/1108/2767 
s 136
f 1753/1109/2768 1755/1108/2767 1682/1049/2712 
s 137
f 1699/1027/2689 1717/1045/2708 1756/1110/2769 
s 138
f 1755/1108/2767 1756/1110/2769 1717/1045/2708 
s 139
f 1701/1029/2691 1699/1027/2689 1757/1111/2770 
s 140
f 1756/1110/2769 1757/1111/2770 1699/1027/2689 
s 141
f 1702/1030/2692 1701/1029/2691 1758/1112/2771 
s 142
f 1757/1111/2770 1758/1112/2771 1701/1029/2691 
s 143
f 1759/1113/2772 1760/1114/2773 1761/1115/2774 
s 144
f 1681/1005/2666 1702/1030/2692 1762/1116/2775 
s 145
f 1758/1112/2771 1762/1116/2775 1702/1030/2692 
s 146
f 1674/1007/2668 1681/1005/2666 1763/1117/2776 
s 147
f 1762/1116/2775 1763/1117/2776 1681/1005/2666 
s 148
f 1675/999/2659 1674/998/2658 1764/1118/2777 
s 149
f 1764/1118/2777 1674/998/2658 1765/1119/2778 
s 150
f 1765/1119/2778 1674/998/2658 1766/1120/2779 
s 151
f 1766/1120/2779 1674/998/2658 1763/1121/2780 
s 152
f 1709/1037/2699 1675/1056/2719 1767/1122/2781 
s 153
f 1764/1123/2782 1767/1122/2781 1675/1056/2719 
s 154
f 1695/1023/2685 1709/1037/2699 1768/1124/2783 
s 155
f 1767/1122/2781 1768/1124/2783 1709/1037/2699 
s 156
f 1697/1025/2687 1695/1023/2685 1769/1125/2784 
s 157
f 1768/1124/2783 1769/1125/2784 1695/1023/2685 
s 158
f 1715/1043/2706 1697/1025/2687 1770/1126/2785 
s 159
f 1769/1125/2784 1770/1126/2785 1697/1025/2687 
s 160
f 1672/995/2655 1715/1043/2706 1667/1127/2786 
s 161
f 1770/1126/2785 1667/1127/2786 1715/1043/2706 
s 162
f 1673/997/2787 1672/995/2655 1665/1128/2788 
s 163
f 1667/1127/2786 1665/1128/2788 1672/995/2655 
s 164
f 1754/1129/2789 1664/987/2647 1771/1130/2790 
s 165
f 1666/989/2649 1771/1130/2790 1664/987/2647 
s 166
f 1768/1131/2791 1759/1113/2772 1769/1132/2792 
s 167
f 1679/1055/2718 1708/1036/2698 1707/1096/2756 
s 168
f 1772/1133/2772 1769/1132/2792 1759/1113/2772 
s 169
f 1768/1131/2791 1767/1134/2793 1759/1113/2772 
s 170
f 1760/1114/2773 1759/1113/2772 1767/1134/2793 
s 171
f 1770/1135/2794 1769/1132/2792 1773/1136/2772 
s 172
f 1772/1133/2772 1773/1136/2772 1769/1132/2792 
s 173
f 1667/990/2795 1770/1135/2794 1666/989/2649 
s 174
f 1773/1136/2772 1666/989/2649 1770/1135/2794 
s 175
f 1767/1134/2793 1764/1137/2796 1760/1114/2773 
s 176
f 1765/1138/2647 1760/1114/2773 1764/1137/2796 
s 177
f 1684/1097/2757 1748/1098/2758 1683/1057/2720 
s 178
f 1724/1058/2721 1683/1057/2720 1748/1098/2758 
s 179
f 1749/1099/2759 1750/1100/2759 1725/1059/2721 
s 180
f 1726/1060/2721 1725/1059/2721 1750/1100/2759 
s 181
f 1751/1101/2760 1727/1061/2721 1750/1100/2759 
s 182
f 1726/1060/2721 1750/1100/2759 1727/1061/2721 
s 183
f 1752/1102/2759 1749/1099/2759 1728/1062/2721 
s 184
f 1725/1059/2721 1728/1062/2721 1749/1099/2759 
s 185
f 1748/1098/2758 1752/1102/2759 1724/1058/2721 
s 186
f 1728/1062/2721 1724/1058/2721 1752/1102/2759 
s 187
f 1677/1103/2762 1678/1063/2797 1751/1101/2760 
s 188
f 1727/1061/2721 1751/1101/2760 1678/1063/2797 
s 189
f 1772/1133/2772 1759/1113/2772 1774/1139/2798 
s 190
f 1761/1115/2774 1774/1139/2798 1759/1113/2772 
s 191
f 1760/1114/2773 1775/1140/2799 1761/1115/2774 
s 192
f 1775/1140/2799 1776/1141/2800 1761/1115/2774 
s 193
f 1773/1136/2772 1772/1133/2772 1777/1142/2801 
s 194
f 1774/1139/2798 1777/1142/2801 1772/1133/2772 
s 195
f 1773/1136/2772 1777/1142/2801 1666/989/2649 
s 196
f 1666/989/2649 1777/1142/2801 1771/1130/2790 
s 197
f 1771/1130/2790 1777/1142/2801 1778/1143/2802 
s 198
f 1779/1144/2803 1780/1145/2803 1704/1032/2694 
s 199
f 1723/1053/2716 1704/1032/2694 1780/1145/2803 
s 200
f 1718/1046/2709 1781/1146/2804 1719/1047/2710 
s 201
f 1781/1146/2804 1782/1147/2803 1719/1047/2710 
s 202
f 1783/1148/2805 1719/1047/2710 1782/1147/2803 
s 203
f 1760/1114/2773 1765/1138/2647 1775/1140/2799 
s 204
f 1766/1149/2789 1775/1140/2799 1765/1138/2647 
s 205
f 1755/1108/2767 1753/1109/2768 1718/1150/2806 
s 206
f 1781/1151/2807 1718/1150/2806 1753/1109/2768 
s 207
f 1756/1110/2769 1755/1108/2767 1710/1152/2808 
s 208
f 1718/1150/2806 1710/1152/2808 1755/1108/2767 
s 209
f 1757/1111/2770 1756/1110/2769 1689/1153/2809 
s 210
f 1710/1152/2808 1689/1153/2809 1756/1110/2769 
s 211
f 1758/1112/2771 1757/1111/2770 1687/1154/2810 
s 212
f 1689/1153/2809 1687/1154/2810 1757/1111/2770 
s 213
f 1762/1116/2775 1758/1112/2771 1705/1155/2811 
s 214
f 1763/1117/2776 1762/1116/2775 1723/1156/2812 
s 215
f 1705/1155/2811 1723/1156/2812 1762/1116/2775 
s 216
f 1766/1120/2779 1763/1121/2780 1780/1157/2813 
s 217
f 1723/1158/2814 1780/1157/2813 1763/1121/2780 
s 218
f 1775/1159/2815 1766/1160/2815 1779/1161/2815 
s 219
f 1780/1162/2815 1779/1161/2815 1766/1160/2815 
s 220
f 1776/1163/2816 1775/1159/2817 1704/1164/2818 
s 221
f 1779/1161/2819 1704/1164/2818 1775/1159/2817 
s 222
f 1761/1165/2820 1776/1163/2820 1686/1166/2820 
s 223
f 1704/1164/2820 1686/1166/2820 1776/1163/2820 
s 224
f 1774/1167/2821 1761/1165/2820 1688/1168/2821 
s 225
f 1686/1166/2820 1688/1168/2821 1761/1165/2820 
s 226
f 1777/1169/2821 1774/1167/2821 1711/1170/2821 
s 227
f 1688/1168/2821 1711/1170/2821 1774/1167/2821 
s 228
f 1778/1171/2821 1777/1169/2821 1719/1172/2821 
s 229
f 1711/1170/2821 1719/1172/2821 1777/1169/2821 
s 230
f 1771/1173/2822 1778/1171/2823 1783/1174/2824 
s 231
f 1719/1172/2825 1783/1174/2824 1778/1171/2823 
s 232
f 1754/1175/2815 1771/1173/2815 1782/1176/2815 
s 233
f 1783/1174/2815 1782/1176/2815 1771/1173/2815 
s 234
f 1753/1104/2763 1754/1105/2764 1781/1177/2826 
s 235
f 1782/1178/2827 1781/1177/2826 1754/1105/2764 
s 236
f 1784/1179/2828 1785/1180/2829 1786/1181/2830 
s 237
f 1787/1182/2831 1786/1181/2830 1785/1180/2829 
s 238
f 1788/1183/2832 1789/1182/2833 1790/1184/2834 
s 239
f 1791/1185/2835 1792/1186/2836 1784/1179/2828 
s 240
f 1785/1180/2829 1784/1179/2828 1792/1186/2836 
s 241
f 1793/1185/2837 1794/1186/2838 1791/1187/2839 
s 242
f 1792/1188/2840 1791/1187/2839 1794/1186/2838 
s 243
f 1786/1179/2841 1787/1180/2842 1793/1185/2843 
s 244
f 1794/1186/2844 1793/1185/2843 1787/1180/2842 
s 245
f 1785/1180/2829 1795/1184/2845 1787/1182/2831 
s 246
f 1796/1183/2846 1787/1182/2831 1795/1184/2845 
s 247
f 1792/1186/2836 1797/1189/2847 1785/1180/2829 
s 248
f 1795/1184/2845 1785/1180/2829 1797/1189/2847 
s 249
f 1794/1186/2838 1798/1190/2848 1792/1188/2840 
s 250
f 1797/1191/2849 1792/1188/2840 1798/1190/2848 
s 251
f 1787/1180/2842 1796/1184/2850 1794/1186/2844 
s 252
f 1798/1189/2851 1794/1186/2844 1796/1184/2850 
s 253
f 1799/1192/2852 1800/1193/2852 1801/1194/2852 
s 254
f 1802/1195/2852 1801/1194/2852 1800/1193/2852 
s 255
f 1803/1196/2853 1804/1197/2853 1805/1198/2853 
s 256
f 1806/1199/2854 1805/1198/2854 1804/1197/2854 
s 257
f 1802/1179/2855 1807/1180/2856 1801/1181/2857 
s 258
f 1808/1182/2858 1801/1181/2857 1807/1180/2856 
s 259
f 1800/1185/2859 1809/1186/2860 1802/1179/2855 
s 260
f 1807/1180/2856 1802/1179/2855 1809/1186/2860 
s 261
f 1799/1185/2861 1810/1186/2862 1800/1187/2863 
s 262
f 1687/1154/2810 1705/1155/2811 1758/1112/2771 
s 263
f 1809/1188/2864 1800/1187/2863 1810/1186/2862 
s 264
f 1801/1179/2865 1808/1180/2866 1799/1185/2867 
s 265
f 1810/1186/2868 1799/1185/2867 1808/1180/2866 
s 266
f 1807/1180/2856 1803/1184/2869 1808/1182/2858 
s 267
f 1811/1186/2870 1812/1189/2871 1813/1180/2872 
s 268
f 1814/1184/2873 1813/1180/2872 1812/1189/2871 
s 269
f 1815/1186/2874 1816/1190/2875 1811/1188/2876 
s 270
f 1812/1191/2877 1811/1188/2876 1816/1190/2875 
s 271
f 1817/1180/2878 1818/1184/2879 1815/1186/2880 
s 272
f 1816/1189/2881 1815/1186/2880 1818/1184/2879 
s 273
f 1819/1192/2882 1820/1193/2882 1821/1194/2882 
s 274
f 1822/1195/2882 1821/1194/2882 1820/1193/2882 
s 275
f 1790/1196/2883 1823/1197/2884 1788/1198/2885 
s 276
f 1824/1199/2886 1788/1198/2885 1823/1197/2884 
s 277
f 1822/1179/2887 1825/1180/2888 1821/1181/2889 
s 278
f 1789/1182/2833 1821/1181/2889 1825/1180/2888 
s 279
f 1820/1185/2890 1826/1186/2891 1822/1179/2887 
s 280
f 1825/1180/2888 1822/1179/2887 1826/1186/2891 
s 281
f 1819/1185/2892 1827/1186/2893 1820/1187/2894 
s 282
f 1826/1188/2895 1820/1187/2894 1827/1186/2893 
s 283
f 1821/1179/2896 1789/1180/2897 1819/1185/2898 
s 284
f 1827/1186/2899 1819/1185/2898 1789/1180/2897 
s 285
f 1825/1180/2888 1790/1184/2834 1789/1182/2833 
s 286
f 1826/1186/2891 1823/1189/2900 1825/1180/2888 
s 287
f 1790/1184/2834 1825/1180/2888 1823/1189/2900 
s 288
f 1827/1186/2893 1824/1190/2901 1826/1188/2895 
s 289
f 1823/1191/2902 1826/1188/2895 1824/1190/2901 
s 290
f 1789/1180/2897 1788/1184/2903 1827/1186/2899 
s 291
f 1824/1189/2904 1827/1186/2899 1788/1184/2903 
s 292
f 1793/1192/2905 1791/1193/2905 1786/1194/2905 
s 293
f 1784/1195/2905 1786/1194/2905 1791/1193/2905 
s 294
f 1795/1196/2906 1797/1197/2907 1796/1198/2908 
s 295
f 1798/1199/2909 1796/1198/2908 1797/1197/2907 
s 296
f 1805/1183/2910 1808/1182/2858 1803/1184/2869 
s 297
f 1809/1186/2860 1804/1189/2911 1807/1180/2856 
s 298
f 1803/1184/2869 1807/1180/2856 1804/1189/2911 
s 299
f 1810/1186/2862 1806/1190/2912 1809/1188/2864 
s 300
f 1804/1191/2913 1809/1188/2864 1806/1190/2912 
s 301
f 1808/1180/2866 1805/1184/2914 1810/1186/2868 
s 302
f 1806/1189/2915 1810/1186/2868 1805/1184/2914 
s 303
f 1828/1200/2916 1829/1201/2917 1830/1202/2918 
s 304
f 1831/1203/2919 1832/1204/2919 1833/1201/2920 
s 305
f 1830/1200/2921 1833/1201/2920 1832/1204/2922 
s 306
f 1834/1203/2923 1835/1204/2924 1831/1205/2925 
s 307
f 1832/1206/2926 1831/1205/2925 1835/1204/2924 
s 308
f 1829/1201/2917 1828/1200/2916 1835/1204/2927 
s 309
f 1830/1202/2918 1836/1207/2928 1828/1200/2916 
s 310
f 1837/1208/2929 1828/1200/2916 1836/1207/2928 
s 311
f 1832/1204/2930 1838/1209/2931 1830/1200/2921 
s 312
f 1836/1208/2932 1830/1200/2921 1838/1209/2931 
s 313
f 1835/1204/2924 1839/1209/2933 1832/1206/2934 
s 314
f 1838/1210/2935 1832/1206/2935 1839/1209/2933 
s 315
f 1828/1200/2916 1837/1208/2929 1835/1204/2927 
s 316
f 1839/1209/2936 1835/1204/2927 1837/1208/2929 
s 317
f 1840/1192/2937 1841/1193/2937 1842/1194/2937 
s 318
f 1843/1195/2937 1842/1194/2937 1841/1193/2937 
s 319
f 1814/1196/2938 1812/1197/2939 1818/1198/2940 
s 320
f 1816/1199/2941 1818/1198/2940 1812/1197/2939 
s 321
f 1843/1179/2942 1813/1180/2872 1842/1181/2943 
s 322
f 1817/1182/2944 1842/1181/2943 1813/1180/2872 
s 323
f 1841/1185/2945 1811/1186/2870 1843/1179/2942 
s 324
f 1813/1180/2872 1843/1179/2942 1811/1186/2870 
s 325
f 1840/1185/2946 1815/1186/2874 1841/1187/2947 
s 326
f 1811/1188/2876 1841/1187/2947 1815/1186/2874 
s 327
f 1842/1179/2948 1817/1180/2878 1840/1185/2949 
s 328
f 1815/1186/2880 1840/1185/2949 1817/1180/2878 
s 329
f 1813/1180/2872 1814/1184/2873 1817/1182/2944 
s 330
f 1818/1183/2950 1817/1182/2944 1814/1184/2873 
s 331
f 1836/1207/2928 1838/1211/2951 1837/1208/2929 
s 332
f 1839/1212/2952 1837/1208/2929 1838/1211/2951 
s 333
f 1844/1213/2953 1845/1214/2954 1846/1213/2955 
s 334
f 1847/1215/2956 1833/1216/2957 1848/1217/2958 
s 335
f 1829/1201/2917 1848/1217/2958 1833/1216/2957 
s 336
f 1849/1218/2959 1831/1203/2959 1833/1201/2920 
s 337
f 1833/1201/2920 1847/1217/2960 1849/1218/2960 
s 338
f 1850/1218/2961 1834/1203/2962 1849/1219/2963 
s 339
f 1831/1205/2964 1849/1219/2963 1834/1203/2962 
s 340
f 1848/1217/2958 1829/1201/2917 1850/1218/2965 
s 341
f 1834/1203/2966 1850/1218/2965 1829/1201/2917 
s 342
f 1833/1216/2957 1830/1202/2918 1829/1201/2917 
s 343
f 1851/1220/2967 1852/1221/2968 1853/1222/2969 
s 344
f 1851/1220/2967 1853/1222/2969 1854/1223/2970 
s 345
f 1855/1214/2971 1852/1221/2968 1851/1220/2967 
s 346
f 1851/1220/2967 1854/1223/2970 1856/1224/2972 
s 347
f 1846/1213/2955 1851/1220/2967 1856/1224/2972 
s 348
f 1846/1213/2955 1856/1224/2972 1857/1225/2973 
s 349
f 1855/1214/2971 1851/1220/2967 1846/1213/2955 
s 350
f 1858/1226/2974 1854/1223/2970 1853/1222/2969 
s 351
f 1859/1227/2975 1858/1226/2974 1853/1222/2969 
s 352
f 1859/1227/2975 1853/1222/2969 1860/1228/2976 
s 353
f 1861/1229/2977 1858/1226/2974 1859/1227/2975 
s 354
f 1862/1230/2978 1857/1225/2973 1856/1224/2972 
s 355
f 1858/1226/2974 1862/1230/2978 1856/1224/2972 
s 356
f 1858/1226/2974 1856/1224/2972 1854/1223/2970 
s 357
f 1835/1204/2979 1834/1203/2979 1829/1201/2917 
s 358
f 1861/1229/2977 1862/1230/2978 1858/1226/2974 
s 359
f 1852/1221/2968 1860/1228/2976 1853/1222/2969 
s 360
f 1863/1227/2980 1864/1228/2981 1865/1229/2982 
s 361
f 1866/1230/2983 1865/1229/2982 1867/1225/2984 
s 362
f 1844/1213/2985 1867/1225/2984 1845/1214/2986 
s 363
f 1867/1225/2984 1865/1229/2982 1845/1214/2986 
s 364
f 1865/1229/2982 1864/1228/2981 1845/1214/2986 
s 365
f 1864/1228/2981 1868/1221/2987 1845/1214/2986 
s 366
f 1852/1221/2968 1855/1214/2971 1868/1221/2988 
s 367
f 1845/1214/2954 1868/1221/2988 1855/1214/2971 
s 368
f 1860/1228/2976 1852/1221/2968 1864/1228/2989 
s 369
f 1868/1221/2988 1864/1228/2989 1852/1221/2968 
s 370
f 1859/1227/2975 1860/1228/2976 1863/1227/2990 
s 371
f 1864/1228/2989 1863/1227/2990 1860/1228/2976 
s 372
f 1861/1229/2977 1859/1227/2975 1865/1229/2991 
s 373
f 1863/1227/2990 1865/1229/2991 1859/1227/2975 
s 374
f 1862/1230/2978 1861/1229/2977 1866/1230/2992 
s 375
f 1865/1229/2991 1866/1230/2992 1861/1229/2977 
s 376
f 1857/1225/2973 1862/1230/2978 1867/1225/2993 
s 377
f 1866/1230/2992 1867/1225/2993 1862/1230/2978 
s 378
f 1846/1213/2955 1857/1225/2973 1844/1213/2953 
s 379
f 1867/1225/2993 1844/1213/2953 1857/1225/2973 
s 380
f 1855/1214/2971 1846/1213/2955 1845/1214/2954 
s 1
f 1869/1231/2994 1870/1232/2995 1871/1233/2996 
s 2
f 1869/1234/2997 1872/1235/2998 1873/1236/2998 
s 3
f 1872/1235/2998 1869/1234/2997 1874/1237/2999 
s 4
f 1875/1238/3000 1876/1239/3001 1877/1240/3002 
s 5
f 1876/1239/3001 1875/1238/3000 1878/1241/3003 
s 6
f 1879/1242/3004 1880/1243/3005 1881/1244/3004 
s 7
f 1882/1245/3006 1880/1243/3005 1883/1246/3006 
s 8
f 1880/1243/3007 1882/1245/3007 1881/1244/3007 
s 9
f 1884/1247/3008 1885/1248/3008 1886/1249/3008 
s 10
f 1886/1249/3008 1887/1250/3008 1884/1247/3008 
s 11
f 1887/1250/3008 1886/1249/3008 1888/1251/3008 
s 12
f 1874/1237/2999 1889/1252/3009 1890/1253/3009 
s 13
f 1889/1252/3009 1874/1237/2999 1869/1234/2997 
s 14
f 1869/1231/2994 1887/1254/3010 1889/1255/3011 
s 15
f 1887/1254/3010 1869/1231/2994 1871/1233/3012 
s 16
f 1870/1232/3013 1869/1231/3014 1873/1256/3014 
s 17
f 1871/1233/2996 1891/1232/3015 1892/1233/3016 
s 18
f 1891/1232/3015 1871/1233/2996 1870/1232/3013 
s 19
f 1893/1257/3017 1894/1258/3018 1895/1259/3019 
s 20
f 1894/1258/3018 1893/1257/3017 1896/1260/3020 
s 21
f 1892/1233/3016 1877/1240/3002 1876/1239/3001 
s 22
f 1877/1240/3002 1892/1233/3016 1891/1232/3015 
s 23
f 1897/1261/3021 1898/1262/3022 1899/1263/3023 
s 24
f 1898/1262/3022 1897/1261/3021 1900/1264/3024 
s 25
f 1901/1265/3025 1902/1266/3026 1903/1267/3027 
s 26
f 1902/1266/3026 1901/1265/3025 1904/1268/3028 
s 27
f 1905/1269/3029 1906/1270/3030 1907/1271/3031 
s 28
f 1906/1270/3030 1905/1269/3029 1908/1272/3032 
s 29
f 1908/1272/3032 1909/1273/3033 1910/1274/3034 
s 30
f 1909/1273/3033 1908/1272/3032 1905/1269/3029 
s 31
f 1911/1275/3035 1912/1276/3036 1913/1277/3037 
s 32
f 1912/1276/3036 1911/1275/3035 1914/1278/3038 
s 33
f 1913/1277/3037 1878/1241/3003 1915/1279/3039 
s 34
f 1878/1241/3003 1913/1277/3037 1912/1276/3036 
s 35
f 1916/1280/3040 1878/1241/3003 1875/1238/3000 
s 36
f 1878/1241/3003 1916/1280/3040 1915/1279/3039 
s 37
f 1917/1281/3041 1915/1279/3039 1916/1280/3040 
s 38
f 1915/1279/3039 1917/1281/3041 1913/1277/3037 
s 39
f 1913/1277/3037 1918/1282/3042 1911/1275/3035 
s 40
f 1918/1282/3042 1913/1277/3037 1917/1281/3041 
s 41
f 1912/1276/3036 1919/1283/3043 1920/1284/3044 
s 42
f 1919/1283/3043 1912/1276/3036 1914/1278/3038 
s 43
f 1878/1241/3003 1920/1284/3044 1876/1239/3001 
s 44
f 1920/1284/3044 1878/1241/3003 1912/1276/3036 
s 45
f 1921/1285/3045 1920/1284/3044 1919/1283/3046 
s 46
f 1899/1263/3023 1903/1267/3027 1902/1266/3026 
s 47
f 1903/1267/3027 1899/1263/3023 1898/1262/3022 
s 48
f 1884/1254/3047 1871/1233/3048 1892/1233/3016 
s 49
f 1871/1233/3048 1884/1254/3047 1887/1254/3049 
s 50
f 1892/1233/3016 1885/1286/3050 1884/1254/3047 
s 51
f 1885/1286/3051 1892/1233/3016 1876/1239/3001 
s 52
f 1886/1287/3052 1876/1239/3001 1920/1284/3044 
s 53
f 1876/1239/3001 1886/1287/3052 1885/1286/3051 
s 54
f 1888/1288/3053 1920/1284/3044 1921/1285/3045 
s 55
f 1920/1284/3044 1888/1288/3053 1886/1287/3054 
s 56
f 1922/1289/3055 1921/1285/3045 1923/1290/3056 
s 57
f 1921/1285/3045 1922/1289/3055 1888/1288/3053 
s 58
f 1924/1291/3057 1925/1292/3058 1926/1293/3059 
s 59
f 1925/1292/3058 1924/1291/3057 1927/1294/3060 
s 60
f 1893/1295/3061 1926/1293/3059 1896/1296/3062 
s 61
f 1926/1293/3059 1893/1295/3061 1924/1291/3057 
s 62
f 1928/1297/3063 1929/1298/3064 1930/1299/3065 
s 63
f 1928/1297/3063 1931/1300/3066 1929/1298/3064 
s 64
f 1932/1301/3067 1928/1297/3063 1933/1302/3068 
s 65
f 1932/1301/3067 1931/1300/3066 1928/1297/3063 
s 66
f 1934/1303/3069 1931/1300/3066 1932/1301/3067 
s 67
f 1895/1304/3070 1935/1305/3071 1936/1306/3072 
s 68
f 1935/1305/3071 1895/1304/3070 1937/1307/3073 
s 69
f 1936/1306/3072 1938/1308/3074 1939/1309/3075 
s 70
f 1938/1308/3074 1936/1306/3072 1935/1305/3071 
s 71
f 1939/1310/3076 1940/1311/3077 1941/1312/3078 
s 72
f 1940/1311/3077 1939/1310/3076 1938/1313/3079 
s 73
f 1941/1314/3080 1942/1315/3081 1943/1316/3082 
s 74
f 1942/1315/3081 1941/1314/3080 1940/1317/3083 
s 75
f 1943/1316/3082 1944/1318/3084 1945/1319/3085 
s 76
f 1944/1318/3084 1943/1316/3082 1942/1315/3081 
s 77
f 1945/1320/3086 1937/1321/3087 1895/1322/3088 
s 78
f 1937/1321/3087 1945/1320/3086 1944/1323/3089 
s 79
f 1900/1264/3024 1946/1324/3090 1898/1262/3022 
s 80
f 1946/1324/3090 1900/1264/3024 1947/1325/3091 
s 81
f 1948/1326/3092 1900/1264/3024 1897/1261/3021 
s 82
f 1900/1264/3024 1948/1326/3092 1947/1325/3091 
s 83
f 1903/1267/3027 1949/1327/3093 1901/1265/3025 
s 84
f 1949/1327/3093 1903/1267/3027 1950/1328/3094 
s 85
f 1888/1251/3008 1951/1329/3008 1887/1250/3008 
s 86
f 1951/1329/3008 1888/1251/3008 1952/1330/3008 
s 87
f 1887/1250/3008 1890/1331/3008 1889/1332/3008 
s 88
f 1890/1331/3008 1887/1250/3008 1951/1329/3008 
s 89
f 1946/1324/3090 1903/1267/3027 1898/1262/3022 
s 90
f 1903/1267/3027 1946/1324/3090 1950/1328/3094 
s 91
f 1901/1265/3025 1953/1331/3095 1904/1268/3028 
s 92
f 1953/1331/3095 1901/1265/3025 1949/1327/3093 
s 93
f 1906/1270/3030 1910/1274/3034 1954/1333/3096 
s 94
f 1910/1274/3034 1906/1270/3030 1908/1272/3032 
s 95
f 1954/1333/3096 1907/1271/3031 1906/1270/3030 
s 96
f 1907/1271/3031 1954/1333/3096 1955/1334/3097 
s 97
f 1955/1334/3097 1910/1274/3034 1909/1273/3033 
s 98
f 1910/1274/3034 1955/1334/3097 1954/1333/3096 
s 99
f 1923/1290/3098 1921/1285/3045 1919/1283/3046 
s 100
f 1919/1335/3099 1914/1336/3100 1883/1337/3101 
s 101
f 1956/1338/3102 1957/1339/3102 1958/1340/3102 
s 102
f 1959/1341/3102 1956/1338/3102 1960/1342/3102 
s 103
f 1959/1341/3102 1957/1339/3102 1956/1338/3102 
s 104
f 1961/1343/3102 1959/1341/3102 1962/1344/3102 
s 105
f 1961/1343/3102 1957/1339/3102 1959/1341/3102 
s 106
f 1963/1345/3102 1957/1339/3102 1961/1343/3102 
s 107
f 1959/1341/3103 1964/1346/3104 1962/1344/3105 
s 108
f 1964/1346/3104 1959/1341/3103 1929/1298/3064 
s 109
f 1962/1344/3105 1931/1300/3066 1961/1343/3106 
s 110
f 1931/1300/3066 1962/1344/3105 1964/1346/3104 
s 111
f 1961/1343/3106 1934/1303/3069 1963/1345/3107 
s 112
f 1934/1303/3069 1961/1343/3106 1931/1300/3066 
s 113
f 1963/1345/3107 1932/1301/3067 1957/1339/3108 
s 114
f 1932/1301/3067 1963/1345/3107 1934/1303/3069 
s 115
f 1957/1339/3108 1933/1302/3068 1958/1340/3109 
s 116
f 1933/1302/3068 1957/1339/3108 1932/1301/3067 
s 117
f 1958/1340/3109 1928/1297/3063 1956/1338/3110 
s 118
f 1928/1297/3063 1958/1340/3109 1933/1302/3068 
s 119
f 1956/1338/3110 1930/1299/3065 1960/1342/3111 
s 120
f 1930/1299/3065 1956/1338/3110 1928/1297/3063 
s 121
f 1960/1342/3111 1929/1298/3064 1959/1341/3103 
s 122
f 1929/1298/3064 1960/1342/3111 1930/1299/3065 
s 123
f 1929/1298/3064 1931/1300/3066 1964/1346/3104 
s 124
f 1965/1249/3008 1966/1248/3008 1967/1247/3008 
s 125
f 1967/1247/3008 1968/1250/3008 1965/1249/3008 
s 126
f 1969/1251/3008 1965/1249/3008 1968/1250/3008 
s 127
f 1874/1237/2999 1970/1252/3112 1971/1234/3113 
s 128
f 1970/1252/3009 1874/1237/2999 1890/1253/3009 
s 129
f 1971/1231/3114 1968/1254/3115 1972/1233/3116 
s 130
f 1968/1254/3115 1971/1231/3114 1970/1255/3117 
s 131
f 1926/1293/3059 1973/1295/3118 1896/1296/3119 
s 132
f 1973/1295/3118 1926/1293/3059 1974/1291/3120 
s 133
f 1925/1292/3058 1974/1291/3120 1926/1293/3059 
s 134
f 1974/1291/3120 1925/1292/3058 1975/1294/3121 
s 135
f 1976/1285/3122 1977/1289/3123 1978/1290/3124 
s 136
f 1977/1289/3123 1976/1285/3122 1969/1288/3125 
s 137
f 1979/1284/3126 1969/1288/3125 1976/1285/3122 
s 138
f 1969/1288/3125 1979/1284/3126 1965/1287/3127 
s 139
f 1980/1239/3128 1965/1287/3129 1979/1284/3126 
s 140
f 1965/1287/3129 1980/1239/3128 1966/1286/3130 
s 141
f 1980/1239/3128 1981/1233/3131 1966/1286/3130 
s 142
f 1967/1254/3132 1966/1286/3133 1981/1233/3131 
s 143
f 1972/1233/3134 1967/1254/3132 1981/1233/3131 
s 144
f 1967/1254/3132 1972/1233/3134 1968/1254/3135 
s 145
f 1982/1267/3136 1983/1263/3137 1984/1266/3138 
s 146
f 1985/1273/3139 1986/1272/3140 1987/1274/3141 
s 147
f 1986/1272/3140 1985/1273/3139 1988/1269/3142 
s 148
f 1989/1270/3143 1988/1269/3142 1990/1271/3144 
s 149
f 1988/1269/3142 1989/1270/3143 1986/1272/3140 
s 150
f 1984/1266/3138 1991/1265/3145 1982/1267/3136 
s 151
f 1991/1265/3145 1984/1266/3138 1992/1268/3146 
s 152
f 1993/1262/3147 1994/1261/3148 1983/1263/3137 
s 153
f 1994/1261/3148 1993/1262/3147 1995/1264/3149 
s 154
f 1996/1240/3150 1981/1233/3131 1980/1239/3128 
s 155
f 1981/1233/3131 1996/1240/3150 1997/1232/3151 
s 156
f 1894/1258/3018 1973/1257/3152 1998/1259/3153 
s 157
f 1973/1257/3152 1894/1258/3018 1896/1260/3020 
s 158
f 1997/1232/3151 1972/1233/3154 1981/1233/3131 
s 159
f 1972/1233/3154 1997/1232/3151 1999/1232/3155 
s 160
f 1999/1232/3155 1971/1231/3114 1972/1233/3154 
s 161
f 1971/1231/3114 1999/1232/3155 2000/1256/3156 
s 162
f 1971/1234/3113 1872/1235/2998 1874/1237/2999 
s 163
f 1872/1235/2998 1971/1234/3113 2000/1236/2998 
s 164
f 2001/1238/3157 1980/1239/3128 2002/1241/3158 
s 165
f 1980/1239/3128 2001/1238/3157 1996/1240/3150 
s 166
f 2003/1244/3159 2004/1243/3160 2005/1242/3161 
s 167
f 2006/1245/3162 2004/1243/3160 2003/1244/3159 
s 168
f 2004/1243/3160 2006/1245/3162 2007/1246/3163 
s 169
f 1978/1347/3164 2004/1348/3165 2008/1335/3166 
s 170
f 2007/1337/3167 2008/1335/3166 2004/1348/3165 
s 171
f 2009/1349/3168 2010/1336/3169 2007/1337/3167 
s 172
f 2010/1336/3169 2011/1350/3170 2012/1351/3171 
s 173
f 2011/1350/3170 2010/1336/3169 2009/1349/3168 
s 174
f 2013/1305/3172 2014/1318/3173 2015/1307/3174 
s 175
f 2014/1318/3173 2013/1305/3172 2016/1315/3175 
s 176
f 2016/1315/3175 2017/1308/3176 2018/1317/3177 
s 177
f 2017/1308/3176 2016/1315/3175 2013/1305/3172 
s 178
f 2019/1352/3178 1975/1294/3121 2020/1310/3179 
s 179
f 1975/1294/3121 2019/1352/3178 1974/1291/3120 
s 180
f 1998/1353/3180 1974/1291/3120 2019/1352/3178 
s 181
f 1974/1291/3120 1998/1353/3180 1973/1295/3118 
s 182
f 2021/1354/3181 1977/1355/3182 2022/1356/3183 
s 183
f 1977/1355/3182 2021/1354/3181 1978/1347/3164 
s 184
f 1952/1330/3008 1977/1357/3008 1969/1251/3008 
s 185
f 1977/1357/3008 1952/1330/3008 2022/1358/3008 
s 186
f 2023/1359/3184 2005/1360/3185 2024/1361/3186 
s 187
f 2005/1360/3185 2023/1359/3184 2003/1362/3187 
s 188
f 1998/1353/3180 2006/1363/3188 1894/1364/3189 
s 189
f 1894/1364/3189 2006/1363/3188 2023/1359/3184 
s 190
f 2023/1359/3184 2006/1363/3188 2003/1362/3187 
s 191
f 1983/1263/3137 1982/1267/3136 1993/1262/3147 
s 192
f 2008/1283/3190 1979/1284/3126 1976/1285/3122 
s 193
f 2025/1276/3191 2002/1241/3158 1979/1284/3126 
s 194
f 1980/1239/3128 1979/1284/3126 2002/1241/3158 
s 195
f 2008/1283/3192 2025/1276/3191 1979/1284/3126 
s 196
f 2025/1276/3191 2008/1283/3192 2010/1278/3193 
s 197
f 2026/1282/3194 2027/1277/3195 2012/1275/3196 
s 198
f 2027/1277/3195 2026/1282/3194 2028/1281/3197 
s 199
f 2027/1277/3195 2028/1281/3197 2029/1279/3198 
s 200
f 2030/1280/3199 2029/1279/3198 2028/1281/3197 
s 201
f 2002/1241/3158 2030/1280/3199 2001/1238/3157 
s 202
f 2030/1280/3199 2002/1241/3158 2029/1279/3198 
s 203
f 2002/1241/3158 2027/1277/3195 2029/1279/3198 
s 204
f 2027/1277/3195 2002/1241/3158 2025/1276/3191 
s 205
f 2025/1276/3191 2012/1275/3196 2027/1277/3195 
s 206
f 2012/1275/3196 2025/1276/3191 2010/1278/3193 
s 207
f 2012/1351/3171 2031/1312/3200 2026/1365/3201 
s 208
f 2031/1312/3200 2012/1351/3171 2011/1350/3170 
s 209
f 2007/1337/3167 2006/1363/3188 2009/1349/3168 
s 210
f 1998/1353/3180 2009/1349/3168 2006/1363/3188 
s 211
f 2005/1360/3185 2021/1354/3181 2024/1361/3186 
s 212
f 2021/1354/3181 2005/1360/3185 1978/1347/3164 
s 213
f 2004/1348/3165 1978/1347/3164 2005/1360/3185 
s 214
f 1922/1357/3008 1952/1330/3008 1888/1251/3008 
s 215
f 2023/1359/3184 1879/1360/3202 1881/1362/3187 
s 216
f 1879/1360/3202 2023/1359/3184 2024/1361/3186 
s 217
f 1894/1364/3189 2023/1359/3184 1882/1363/3203 
s 218
f 1894/1364/3189 1882/1363/3203 1895/1353/3204 
s 219
f 1882/1363/3203 2023/1359/3184 1881/1362/3187 
s 220
f 1953/1331/3095 1991/1265/3145 1992/1268/3146 
s 221
f 1991/1265/3145 1953/1331/3095 1949/1327/3093 
s 222
f 1982/1267/3136 1946/1324/3090 1993/1262/3147 
s 223
f 1946/1324/3090 1982/1267/3136 1950/1328/3094 
s 224
f 1890/1331/3008 1968/1250/3008 1970/1332/3008 
s 225
f 1968/1250/3008 1890/1331/3008 1951/1329/3008 
s 226
f 1951/1329/3008 1969/1251/3008 1968/1250/3008 
s 227
f 1969/1251/3008 1951/1329/3008 1952/1330/3008 
s 228
f 1949/1327/3093 1982/1267/3136 1991/1265/3145 
s 229
f 1982/1267/3136 1949/1327/3093 1950/1328/3094 
s 230
f 1995/1264/3149 1948/1326/3092 1994/1261/3148 
s 231
f 1948/1326/3092 1995/1264/3149 1947/1325/3091 
s 232
f 1946/1324/3090 1995/1264/3149 1993/1262/3147 
s 233
f 1995/1264/3149 1946/1324/3090 1947/1325/3091 
s 234
f 2015/1321/3205 2009/1320/3206 1998/1322/3207 
s 235
f 2009/1320/3206 2015/1321/3205 2014/1323/3208 
s 236
f 1911/1351/3209 1941/1312/3078 1943/1350/3210 
s 237
f 1941/1312/3078 1911/1351/3209 1918/1365/3211 
s 238
f 1945/1349/3212 1882/1363/3203 1883/1337/3101 
s 239
f 1882/1363/3203 1945/1349/3212 1895/1353/3204 
s 240
f 1879/1360/3202 2021/1354/3181 1923/1347/3213 
s 241
f 2021/1354/3181 1879/1360/3202 2024/1361/3186 
s 242
f 1880/1348/3214 1923/1347/3213 1919/1335/3099 
s 243
f 1923/1347/3213 1880/1348/3214 1879/1360/3202 
s 244
f 1880/1348/3214 1919/1335/3099 1883/1337/3101 
s 245
f 1883/1337/3101 1914/1336/3100 1945/1349/3212 
s 246
f 1914/1336/3100 1943/1350/3210 1945/1349/3212 
s 247
f 1943/1350/3210 1914/1336/3100 1911/1351/3209 
s 248
f 1935/1305/3071 1944/1318/3084 1942/1315/3081 
s 249
f 1944/1318/3084 1935/1305/3071 1937/1307/3073 
s 250
f 1942/1315/3081 1938/1308/3074 1935/1305/3071 
s 251
f 1938/1308/3074 1942/1315/3081 1940/1317/3083 
s 252
f 1936/1352/3215 1927/1294/3060 1924/1291/3057 
s 253
f 1927/1294/3060 1936/1352/3215 1939/1310/3076 
s 254
f 1895/1353/3204 1924/1291/3057 1893/1295/3061 
s 255
f 1924/1291/3057 1895/1353/3204 1936/1352/3215 
s 256
f 2021/1354/3181 1922/1355/3216 1923/1347/3217 
s 257
f 1922/1355/3216 2021/1354/3181 2022/1356/3218 
s 258
f 1952/1330/3008 1922/1357/3008 2022/1358/3008 
s 259
f 2032/1339/3219 2033/1302/3220 2034/1301/3221 
s 260
f 2034/1301/3221 2035/1345/3222 2032/1339/3219 
s 261
f 2035/1345/3222 2034/1301/3221 2036/1303/3223 
s 262
f 2036/1303/3223 2037/1343/3224 2035/1345/3222 
s 263
f 2037/1343/3224 2036/1303/3223 2038/1300/3225 
s 264
f 2038/1300/3225 2039/1344/3226 2037/1343/3224 
s 265
f 2039/1344/3226 2038/1300/3225 2040/1346/3227 
s 266
f 2040/1346/3227 2041/1341/3228 2039/1344/3226 
s 267
f 2041/1341/3228 2040/1346/3227 2042/1298/3229 
s 268
f 2035/1345/3230 2037/1343/3230 2032/1339/3230 
s 269
f 2032/1339/3230 2037/1343/3230 2041/1341/3230 
s 270
f 2032/1339/3230 2041/1341/3230 2043/1338/3230 
s 271
f 2032/1339/3230 2043/1338/3230 2044/1340/3230 
s 272
f 2043/1338/3230 2041/1341/3230 2045/1342/3230 
s 273
f 2041/1341/3230 2037/1343/3230 2039/1344/3230 
s 274
f 2007/1337/3167 2010/1336/3169 2008/1335/3166 
s 275
f 2008/1283/3231 1976/1285/3122 1978/1290/3231 
s 276
f 1987/1274/3141 2046/1334/3232 1985/1273/3139 
s 277
f 2046/1334/3232 1987/1274/3141 2047/1333/3233 
s 278
f 1990/1271/3144 2047/1333/3233 1989/1270/3143 
s 279
f 2047/1333/3233 1990/1271/3144 2046/1334/3232 
s 280
f 1987/1274/3141 1989/1270/3143 2047/1333/3233 
s 281
f 1989/1270/3143 1987/1274/3141 1986/1272/3140 
s 282
f 2014/1318/3173 2011/1316/3234 2009/1319/3235 
s 283
f 2011/1316/3234 2014/1318/3173 2016/1315/3175 
s 284
f 2016/1315/3175 2031/1314/3236 2011/1316/3234 
s 285
f 2031/1314/3236 2016/1315/3175 2018/1317/3177 
s 286
f 2018/1311/3077 2020/1310/3179 2031/1312/3200 
s 287
f 2020/1310/3179 2018/1311/3077 2017/1313/3237 
s 288
f 2017/1308/3176 2019/1306/3238 2020/1309/3239 
s 289
f 2019/1306/3238 2017/1308/3176 2013/1305/3172 
s 290
f 2013/1305/3172 1998/1304/3240 2019/1306/3238 
s 291
f 1998/1304/3240 2013/1305/3172 2015/1307/3174 
s 292
f 2036/1303/3223 2034/1301/3221 2038/1300/3225 
s 293
f 2038/1300/3225 2034/1301/3221 2048/1297/3241 
s 294
f 2038/1300/3225 2048/1297/3241 2042/1298/3229 
s 295
f 2038/1300/3225 2042/1298/3229 2040/1346/3227 
s 296
f 2042/1298/3229 2048/1297/3241 2049/1299/3242 
s 297
f 2048/1297/3241 2034/1301/3221 2033/1302/3220 
s 298
f 2042/1298/3229 2045/1342/3243 2041/1341/3228 
s 299
f 2045/1342/3243 2042/1298/3229 2049/1299/3242 
s 300
f 2049/1299/3242 2043/1338/3244 2045/1342/3243 
s 301
f 2043/1338/3244 2049/1299/3242 2048/1297/3241 
s 302
f 2048/1297/3241 2044/1340/3245 2043/1338/3244 
s 303
f 2044/1340/3245 2048/1297/3241 2033/1302/3220 
s 304
f 2033/1302/3220 2032/1339/3219 2044/1340/3245 
s 43
f 2050/1366/3246 2051/1367/3247 2052/1368/3248 
s 44
f 2052/1368/3249 2051/1367/3247 2053/1369/3250 
s 45
f 2051/1367/3247 2054/1370/3251 2053/1369/3250 
s 46
f 2054/1370/3252 2055/1371/3253 2053/1369/3250 
s 47
f 2056/1372/3254 2057/1373/3255 2058/1374/3256 
s 48
f 2059/1375/3257 2058/1374/3256 2057/1373/3255 
s 49
f 2060/1376/3258 2061/1377/3259 2062/1378/3260 
s 50
f 2062/1378/3260 2061/1377/3259 2063/1379/3261 
s 51
f 2061/1377/3259 2064/1380/3262 2063/1379/3263 
s 52
f 2064/1380/3262 2065/1381/3264 2063/1379/3265 
s 53
f 2065/1381/3264 2066/1382/3266 2063/1379/3265 
s 54
f 2066/1382/3266 2067/1383/3267 2063/1379/3263 
s 55
f 2067/1383/3267 2068/1384/3268 2063/1379/3263 
s 56
f 2056/1372/3254 2058/1374/3256 2069/1385/3269 
s 57
f 2070/1386/3270 2069/1385/3269 2058/1374/3256 
s 58
f 2058/1374/3256 2071/1387/3271 2070/1386/3270 
s 59
f 2072/1388/3272 2070/1386/3270 2071/1387/3271 
s 60
f 2071/1387/3271 2073/1389/3273 2072/1388/3272 
s 61
f 2074/1390/3274 2072/1388/3272 2073/1389/3273 
s 62
f 2075/1391/3275 2052/1368/3276 2076/1392/3277 
s 63
f 2077/1393/3278 2078/1394/3279 2079/1395/3280 
s 64
f 2080/1396/3281 2081/1397/3281 2082/1398/3282 
s 65
f 2081/1397/3283 2083/1399/3283 2082/1398/3282 
s 66
f 2079/1400/3284 2076/1392/3277 2052/1368/3276 
s 67
f 2052/1368/3276 2084/1393/3285 2079/1400/3284 
s 68
f 2077/1401/3286 2079/1400/3284 2084/1393/3285 
s 69
f 2084/1393/3285 2085/1402/3287 2077/1401/3286 
s 70
f 2078/1403/3288 2077/1401/3286 2085/1402/3287 
s 71
f 2085/1402/3287 2053/1369/3250 2078/1403/3288 
s 72
f 2082/1404/3289 2078/1403/3288 2053/1369/3250 
s 73
f 2053/1369/3250 2055/1371/3253 2082/1404/3289 
s 74
f 2080/1405/3290 2082/1404/3289 2055/1371/3253 
s 75
f 2055/1371/3291 2054/1370/3292 2080/1405/3293 
s 76
f 2081/1406/3294 2080/1405/3293 2054/1370/3292 
s 77
f 2054/1370/3251 2051/1367/3247 2081/1406/3295 
s 78
f 2083/1407/3296 2081/1406/3295 2051/1367/3247 
s 79
f 2051/1367/3247 2050/1366/3246 2083/1407/3297 
s 80
f 2086/1408/3298 2083/1407/3297 2050/1366/3246 
s 81
f 2050/1366/3246 2087/1409/3299 2086/1408/3298 
s 82
f 2088/1410/3300 2086/1408/3298 2087/1409/3299 
s 83
f 2087/1409/3299 2089/1411/3301 2088/1410/3300 
s 84
f 2090/1412/3302 2088/1410/3300 2089/1411/3301 
s 85
f 2089/1411/3301 2059/1375/3257 2090/1412/3302 
s 86
f 2091/1413/3303 2090/1412/3302 2059/1375/3257 
s 87
f 2059/1375/3304 2057/1373/3305 2091/1413/3303 
s 88
f 2073/1389/3306 2050/1366/3246 2052/1368/3248 
s 89
f 2092/1414/3307 2074/1390/3308 2063/1379/3309 
s 90
f 2063/1379/3309 2068/1384/3268 2092/1414/3307 
s 91
f 2093/1415/3310 2092/1414/3310 2068/1384/3268 
s 92
f 2068/1384/3268 2067/1383/3267 2093/1415/3311 
s 93
f 2094/1416/3312 2093/1415/3311 2067/1383/3267 
s 94
f 2067/1383/3267 2066/1382/3266 2094/1416/3312 
s 95
f 2095/1417/3313 2094/1416/3312 2066/1382/3266 
s 96
f 2066/1382/3266 2065/1381/3264 2095/1417/3313 
s 97
f 2096/1418/3314 2095/1417/3313 2065/1381/3264 
s 98
f 2065/1381/3264 2064/1380/3262 2096/1418/3314 
s 99
f 2097/1419/3315 2096/1418/3314 2064/1380/3262 
s 100
f 2064/1380/3262 2061/1377/3259 2097/1419/3315 
s 101
f 2098/1420/3316 2097/1419/3315 2061/1377/3259 
s 102
f 2061/1377/3259 2060/1376/3258 2098/1420/3316 
s 103
f 2076/1392/3317 2098/1420/3316 2060/1376/3258 
s 104
f 2073/1389/3306 2071/1387/3271 2059/1375/3318 
s 105
f 2059/1375/3257 2071/1387/3271 2058/1374/3256 
s 106
f 2084/1393/3285 2052/1368/3248 2085/1402/3287 
s 107
f 2085/1402/3287 2052/1368/3248 2053/1369/3250 
s 108
f 2075/1391/3275 2073/1389/3306 2052/1368/3248 
s 109
f 2059/1375/3257 2089/1411/3301 2073/1389/3319 
s 110
f 2089/1411/3301 2087/1409/3299 2073/1389/3306 
s 111
f 2087/1409/3299 2050/1366/3246 2073/1389/3306 
s 112
f 2082/1398/3282 2083/1399/3320 2078/1394/3279 
s 113
f 2078/1394/3279 2083/1399/3321 2079/1395/3280 
s 114
f 2083/1399/3320 2086/1421/3322 2079/1395/3280 
s 115
f 2086/1421/3322 2088/1422/3323 2079/1395/3280 
s 116
f 2069/1423/3324 2070/1424/3325 2099/1425/3326 
s 117
f 2070/1424/3325 2072/1426/3327 2099/1425/3326 
s 118
f 2099/1425/3326 2072/1426/3327 2091/1427/3328 
s 119
f 2091/1427/3328 2072/1426/3327 2090/1428/3329 
s 120
f 2090/1428/3329 2072/1426/3327 2088/1422/3323 
s 121
f 2088/1422/3323 2072/1426/3327 2079/1395/3280 
s 122
f 2072/1426/3327 2074/1429/3330 2079/1395/3280 
s 123
f 2074/1429/3330 2076/1430/3331 2079/1395/3280 
s 124
f 2076/1430/3332 2074/1429/3333 2098/1431/3334 
s 125
f 2074/1429/3333 2092/1432/3335 2098/1431/3334 
s 126
f 2098/1431/3334 2092/1432/3336 2097/1433/3337 
s 127
f 2097/1433/3337 2092/1432/3336 2096/1434/3338 
s 128
f 2096/1434/3339 2092/1432/3339 2095/1435/3340 
s 129
f 2095/1435/3340 2092/1432/3335 2094/1436/3341 
s 130
f 2092/1432/3335 2093/1437/3342 2094/1436/3341 
s 131
f 2099/1438/3343 2091/1413/3303 2057/1373/3305 
s 132
f 2057/1373/3344 2056/1372/3345 2099/1438/3343 
s 133
f 2069/1385/3346 2099/1438/3346 2056/1372/3345 
s 134
f 2062/1378/3260 2063/1379/3347 2074/1390/3347 
s 1
f 2100/1439/3348 2101/1440/3348 2102/1441/3349 
s 2
f 2103/1442/3350 2104/1443/3351 2105/1444/3352 
s 3
f 2103/1442/3350 2100/1439/3353 2104/1443/3351 
s 4
f 2106/1445/3354 2107/1446/3355 2108/1447/3356 
s 5
f 2106/1445/3354 2109/1448/3357 2107/1446/3355 
s 6
f 2110/1449/3358 2109/1448/3357 2106/1445/3359 
s 7
f 2110/1449/3358 2111/1450/3360 2109/1448/3357 
s 8
f 2112/1451/3361 2107/1452/3362 2113/1453/3363 
s 9
f 2112/1451/3361 2108/1454/3364 2107/1452/3362 
s 10
f 2114/1455/3365 2102/1456/3366 2115/1457/3367 
s 11
f 2115/1457/3367 2102/1456/3366 2101/1458/3368 
s 12
f 2100/1459/3369 2103/1460/3370 2116/1461/3371 
s 13
f 2116/1461/3372 2103/1460/3373 2117/1462/3373 
s 14
f 2118/1463/3374 2100/1459/3375 2119/1464/3376 
s 15
f 2117/1465/3377 2105/1466/3378 2120/1467/3379 
s 16
f 2117/1465/3378 2103/1468/3378 2105/1466/3378 
s 17
f 2121/1469/3380 2111/1470/3378 2110/1471/3378 
s 18
f 2121/1469/3380 2122/1472/3378 2111/1470/3378 
s 19
f 2123/1473/3381 2124/1474/3382 2125/1475/3383 
s 20
f 2126/1476/3384 2123/1473/3381 2125/1475/3383 
s 21
f 2125/1475/3383 2127/1477/3385 2126/1476/3384 
s 22
f 2124/1474/3382 2128/1478/3386 2129/1479/3387 
s 23
f 2129/1479/3387 2125/1475/3383 2124/1474/3382 
s 24
f 2130/1480/3388 2126/1480/3389 2127/1480/3389 
s 25
f 2127/1480/3390 2131/1480/3390 2130/1480/3390 
s 26
f 2132/1480/3391 2133/1480/3392 2134/1480/3391 
s 27
f 2128/1480/3393 2134/1480/3394 2133/1480/3392 
s 28
f 2133/1480/3392 2129/1480/3395 2128/1480/3395 
s 29
f 2112/1481/3396 2113/1482/3397 2135/1483/3396 
s 30
f 2115/1484/3398 2136/1485/3398 2114/1486/3399 
s 31
f 2136/1485/3400 2137/1487/3401 2129/1488/3402 
s 32
f 2113/1482/3397 2138/1489/3403 2135/1483/3403 
s 33
f 2113/1482/3397 2127/1490/3404 2138/1489/3405 
s 34
f 2108/1491/3406 2139/1492/3407 2106/1493/3408 
s 35
f 2140/1461/3409 2110/1494/3410 2106/1459/3411 
s 36
f 2140/1461/3412 2121/1462/3413 2110/1494/3413 
s 37
f 2106/1459/3411 2141/1464/3414 2140/1461/3409 
s 38
f 2119/1464/3376 2100/1459/3369 2116/1461/3371 
s 39
f 2137/1487/3415 2142/1495/3416 2125/1496/3417 
s 40
f 2125/1496/3417 2129/1488/3402 2137/1487/3415 
s 41
f 2142/1495/3416 2138/1489/3405 2127/1490/3404 
s 42
f 2127/1490/3404 2125/1496/3417 2142/1495/3416 
s 43
f 2143/1497/3418 2121/1469/3380 2140/1498/3418 
s 44
f 2143/1497/3418 2122/1472/3418 2121/1469/3380 
s 45
f 2116/1499/3418 2120/1467/3379 2144/1500/3418 
s 46
f 2116/1499/3418 2117/1465/3377 2120/1467/3379 
s 47
f 2145/1465/3419 2144/1501/3420 2146/1502/3421 
s 48
f 2147/1469/3422 2146/1502/3421 2143/1503/3423 
s 49
f 2147/1469/3422 2143/1503/3423 2140/1504/3424 
s 50
f 2145/1465/3419 2116/1505/3425 2144/1501/3420 
s 51
f 2146/1502/3421 2148/1506/3426 2145/1465/3419 
s 52
f 2146/1502/3421 2149/1507/3427 2148/1506/3426 
s 53
f 2108/1491/3406 2112/1508/3428 2139/1492/3407 
s 54
f 2139/1509/3429 2141/1464/3414 2106/1459/3430 
s 55
f 2139/1509/3429 2140/1461/3412 2141/1464/3414 
s 56
f 2140/1510/3431 2139/1492/3407 2147/1511/3431 
s 57
f 2150/1512/3432 2146/1502/3421 2147/1469/3422 
s 58
f 2149/1507/3427 2146/1502/3421 2150/1512/3432 
s 59
f 2118/1513/3433 2115/1508/3434 2101/1491/3435 
s 60
f 2100/1439/3436 2102/1441/3349 2104/1443/3351 
s 61
f 2118/1513/3433 2116/1510/3437 2145/1514/3437 
s 62
f 2116/1461/3372 2118/1463/3374 2119/1464/3376 
s 63
f 2142/1515/3438 2137/1516/3439 2151/1517/3440 
s 64
f 2151/1517/3440 2137/1516/3441 2152/1518/3442 
s 65
f 2138/1519/3443 2151/1517/3440 2153/1520/3444 
s 66
f 2138/1519/3443 2142/1515/3438 2151/1517/3440 
s 67
f 2136/1521/3445 2152/1518/3442 2137/1516/3446 
s 68
f 2135/1522/3447 2138/1519/3448 2153/1520/3444 
s 69
f 2118/1523/3449 2136/1521/3445 2115/1524/3450 
s 70
f 2136/1521/3445 2118/1523/3449 2152/1518/3442 
s 71
f 2148/1525/3451 2152/1518/3442 2118/1523/3449 
s 72
f 2118/1523/3449 2145/1526/3452 2148/1525/3451 
s 73
f 2152/1518/3442 2149/1527/3453 2151/1517/3440 
s 74
f 2149/1527/3453 2152/1518/3442 2148/1525/3451 
s 75
f 2139/1528/3454 2135/1522/3447 2153/1520/3444 
s 76
f 2135/1522/3447 2139/1528/3454 2112/1529/3455 
s 77
f 2150/1530/3456 2147/1531/3457 2139/1528/3454 
s 78
f 2139/1528/3454 2153/1520/3444 2150/1530/3456 
s 79
f 2149/1527/3453 2150/1530/3456 2153/1520/3444 
s 80
f 2153/1520/3444 2151/1517/3440 2149/1527/3453 
s 81
f 2154/1532/3458 2155/1533/3459 2109/1448/3357 
s 82
f 2155/1533/3459 2156/1534/3460 2109/1448/3357 
s 83
f 2157/1535/3461 2107/1446/3355 2156/1534/3460 
s 84
f 2156/1534/3460 2107/1446/3355 2109/1448/3357 
s 85
f 2158/1536/3462 2104/1443/3351 2159/1537/3463 
s 86
f 2104/1443/3351 2102/1441/3349 2159/1537/3463 
s 87
f 2159/1537/3463 2102/1441/3349 2160/1538/3464 
s 88
f 2160/1538/3464 2102/1441/3465 2161/1539/3466 
s 89
f 2158/1536/3462 2159/1537/3463 2162/1540/3467 
s 90
f 2163/1541/3468 2164/1542/3469 2161/1539/3470 
s 91
f 2161/1539/3466 2164/1542/3469 2160/1538/3464 
s 92
f 2160/1543/3471 2164/1544/3472 2159/1545/3471 
s 93
f 2159/1537/3463 2164/1542/3469 2162/1540/3467 
s 94
f 2162/1540/3467 2164/1542/3469 2154/1532/3458 
s 95
f 2154/1532/3458 2164/1542/3469 2155/1533/3459 
s 96
f 2155/1546/3473 2164/1544/3472 2156/1547/3473 
s 97
f 2164/1542/3469 2163/1541/3468 2156/1534/3460 
s 98
f 2156/1534/3460 2163/1541/3468 2157/1535/3461 
s 99
f 2105/1444/3352 2162/1540/3467 2111/1450/3360 
s 100
f 2111/1450/3360 2154/1532/3458 2109/1448/3357 
s 101
f 2111/1450/3360 2162/1540/3467 2154/1532/3458 
s 102
f 2105/1444/3352 2104/1443/3351 2158/1536/3462 
s 103
f 2105/1444/3352 2158/1536/3462 2162/1540/3467 
s 104
f 2157/1548/3474 2163/1549/3474 2107/1470/3474 
s 105
f 2163/1549/3474 2161/1550/3474 2107/1470/3474 
s 106
f 2107/1470/3474 2161/1550/3474 2102/1466/3474 
s 107
f 2102/1456/3366 2114/1455/3365 2107/1452/3362 
s 108
f 2113/1453/3363 2107/1452/3362 2114/1455/3365 
s 109
f 2131/1480/3475 2127/1480/3475 2130/1480/3475 
s 110
f 2113/1551/3476 2114/1552/3477 2127/1477/3385 
s 111
f 2114/1552/3477 2129/1479/3387 2127/1477/3385 
s 112
f 2127/1480/3478 2129/1488/3478 2130/1480/3388 
s 113
f 2130/1480/3479 2129/1488/3479 2126/1480/3479 
s 114
f 2129/1488/3480 2133/1480/3480 2126/1480/3480 
s 115
f 2126/1480/3481 2133/1480/3482 2123/1480/3483 
s 116
f 2132/1480/3484 2134/1480/3484 2133/1480/3484 
s 117
f 2133/1480/3482 2134/1480/3485 2123/1480/3483 
s 118
f 2134/1480/3486 2128/1480/3486 2123/1480/3487 
s 119
f 2128/1480/3393 2124/1480/3488 2123/1480/3487 
s 120
f 2165/1553/3489 2166/1554/3489 2167/1555/3490 
s 121
f 2101/1491/3435 2100/1493/3491 2118/1513/3433 
s 122
f 2168/1556/3489 2169/1557/3489 2170/1558/3489 
s 123
f 2169/1557/3489 2171/1559/3489 2170/1558/3489 
s 124
f 2170/1558/3489 2171/1559/3489 2166/1554/3489 
s 125
f 2166/1554/3489 2171/1559/3489 2167/1555/3490 
s 126
f 2172/1560/3492 2173/1561/3493 2174/1562/3492 
s 127
f 2175/1563/3494 2174/1562/3492 2173/1561/3493 
s 128
f 2176/1564/3495 2177/1565/3496 2172/1566/3497 
s 129
f 2173/1567/3498 2172/1566/3497 2177/1565/3496 
s 130
f 2178/1568/3499 2179/1569/3500 2176/1564/3495 
s 131
f 2177/1565/3496 2176/1564/3495 2179/1569/3500 
s 132
f 2180/1570/3501 2181/1571/3502 2178/1568/3499 
s 133
f 2179/1569/3500 2178/1568/3499 2181/1571/3502 
s 134
f 2182/1572/3503 2183/1573/3504 2180/1570/3501 
s 135
f 2181/1571/3502 2180/1570/3501 2183/1573/3504 
s 136
f 2184/1574/3505 2185/1575/3506 2182/1572/3503 
s 137
f 2183/1573/3504 2182/1572/3503 2185/1575/3506 
s 138
f 2186/1576/3507 2187/1577/3508 2184/1578/3508 
s 139
f 2185/1579/3509 2184/1578/3508 2187/1577/3508 
s 140
f 2174/1555/3510 2175/1555/3510 2186/1559/3510 
s 141
f 2187/1559/3510 2186/1559/3510 2175/1555/3510 
s 142
f 2173/1561/3493 2165/1580/3511 2175/1563/3494 
s 143
f 2167/1581/3512 2188/1582/3512 2165/1580/3512 
s 144
f 2165/1580/3512 2188/1582/3512 2175/1563/3494 
s 145
f 2177/1565/3496 2166/1583/3513 2173/1567/3498 
s 146
f 2165/1584/3514 2173/1567/3498 2166/1583/3513 
s 147
f 2179/1569/3500 2170/1585/3515 2177/1565/3496 
s 148
f 2166/1583/3513 2177/1565/3496 2170/1585/3515 
s 149
f 2181/1571/3502 2168/1586/3516 2179/1569/3500 
s 150
f 2170/1585/3515 2179/1569/3500 2168/1586/3516 
s 151
f 2189/1587/3517 2190/1588/3518 2191/1555/3519 
s 152
f 2183/1573/3504 2192/1589/3520 2181/1571/3502 
s 153
f 2168/1586/3516 2181/1571/3502 2192/1589/3520 
s 154
f 2185/1575/3506 2169/1590/3521 2183/1573/3504 
s 155
f 2192/1589/3520 2183/1573/3504 2169/1590/3521 
s 156
f 2187/1577/3508 2193/1591/3522 2185/1579/3509 
s 157
f 2193/1591/3522 2171/1592/3523 2185/1579/3509 
s 158
f 2171/1592/3523 2169/1593/3524 2185/1579/3509 
s 159
f 2188/1555/3525 2193/1559/3526 2175/1555/3510 
s 160
f 2187/1559/3510 2175/1555/3510 2193/1559/3526 
s 161
f 2194/1588/3527 2195/1588/3528 2196/1587/3529 
s 162
f 2197/1587/3530 2196/1587/3529 2195/1588/3528 
s 163
f 2171/1559/3489 2194/1588/3527 2167/1555/3490 
s 164
f 2196/1587/3529 2167/1555/3490 2194/1588/3527 
s 165
f 2193/1591/3522 2195/1594/3531 2171/1592/3523 
s 166
f 2194/1595/3531 2171/1592/3531 2195/1594/3531 
s 167
f 2188/1555/3525 2197/1587/3530 2193/1559/3526 
s 168
f 2195/1588/3528 2193/1559/3526 2197/1587/3530 
s 169
f 2167/1555/3490 2196/1587/3529 2188/1555/3532 
s 170
f 2197/1587/3530 2188/1555/3532 2196/1587/3529 
s 171
f 2198/1596/3533 2199/1556/3533 2200/1557/3533 
s 172
f 2199/1556/3533 2201/1558/3533 2200/1557/3533 
s 173
f 2200/1557/3533 2201/1558/3533 2202/1559/3533 
s 174
f 2201/1558/3533 2203/1554/3533 2202/1559/3533 
s 175
f 2202/1559/3533 2203/1554/3533 2191/1555/3519 
s 176
f 2203/1554/3533 2204/1553/3533 2191/1555/3519 
s 177
f 2205/1597/3534 2206/1598/3535 2174/1562/3492 
s 178
f 2172/1560/3492 2174/1562/3492 2206/1598/3535 
s 179
f 2206/1599/3536 2207/1600/3537 2172/1566/3497 
s 180
f 2176/1564/3495 2172/1566/3497 2207/1600/3537 
s 181
f 2207/1600/3537 2208/1601/3538 2176/1564/3495 
s 182
f 2192/1596/3489 2169/1557/3489 2168/1556/3489 
s 183
f 2180/1570/3501 2178/1568/3499 2209/1602/3539 
s 184
f 2209/1602/3539 2210/1603/3540 2180/1570/3501 
s 185
f 2182/1572/3503 2180/1570/3501 2210/1603/3540 
s 186
f 2210/1603/3540 2211/1604/3541 2182/1572/3503 
s 187
f 2184/1574/3505 2182/1572/3503 2211/1604/3541 
s 188
f 2211/1605/3542 2212/1606/3507 2184/1578/3508 
s 189
f 2186/1576/3507 2184/1578/3508 2212/1606/3507 
s 190
f 2212/1559/3510 2205/1555/3510 2186/1559/3510 
s 191
f 2174/1555/3510 2186/1559/3510 2205/1555/3510 
s 192
f 2191/1607/3512 2204/1608/3512 2213/1609/3512 
s 193
f 2213/1609/3512 2204/1608/3512 2205/1597/3534 
s 194
f 2204/1608/3543 2206/1598/3535 2205/1597/3534 
s 195
f 2204/1610/3544 2203/1611/3545 2206/1599/3536 
s 196
f 2207/1600/3537 2206/1599/3536 2203/1611/3545 
s 197
f 2203/1611/3545 2201/1612/3546 2207/1600/3537 
s 198
f 2208/1601/3538 2207/1600/3537 2201/1612/3546 
s 199
f 2201/1612/3546 2199/1613/3547 2208/1601/3538 
s 200
f 2209/1602/3539 2208/1601/3538 2199/1613/3547 
s 201
f 2199/1613/3547 2198/1614/3548 2209/1602/3539 
s 202
f 2210/1603/3540 2209/1602/3539 2198/1614/3548 
s 203
f 2198/1614/3548 2200/1615/3549 2210/1603/3540 
s 204
f 2211/1604/3541 2210/1603/3540 2200/1615/3549 
s 205
f 2200/1616/3550 2202/1617/3551 2211/1605/3542 
s 206
f 2202/1617/3551 2214/1618/3522 2211/1605/3542 
s 207
f 2214/1618/3522 2212/1606/3507 2211/1605/3542 
s 208
f 2212/1559/3510 2214/1559/3552 2205/1555/3510 
s 209
f 2213/1555/3553 2205/1555/3510 2214/1559/3552 
s 210
f 2215/1587/3554 2216/1588/3555 2189/1587/3517 
s 211
f 2190/1588/3518 2189/1587/3517 2216/1588/3555 
s 212
f 2136/1485/3400 2129/1488/3402 2114/1486/3399 
s 213
f 2202/1559/3533 2191/1555/3519 2190/1588/3518 
s 214
f 2190/1619/3531 2216/1620/3531 2202/1617/3551 
s 215
f 2214/1618/3522 2202/1617/3551 2216/1620/3531 
s 216
f 2216/1588/3555 2215/1587/3554 2214/1559/3552 
s 217
f 2213/1555/3553 2214/1559/3552 2215/1587/3554 
s 218
f 2215/1587/3554 2189/1587/3517 2213/1555/3532 
s 219
f 2191/1555/3519 2213/1555/3532 2189/1587/3517 
s 220
f 2217/1621/3556 2218/1622/3557 2219/1623/3558 
s 221
f 2219/1623/3559 2220/1624/3560 2217/1621/3556 
s 222
f 2221/1625/3561 2217/1621/3556 2220/1624/3560 
s 223
f 2220/1624/3561 2222/1626/3561 2221/1625/3561 
s 224
f 2223/1622/3562 2221/1621/3563 2222/1624/3563 
s 225
f 2222/1624/3563 2224/1623/3562 2223/1622/3562 
s 226
f 2225/1627/3564 2223/1622/3562 2224/1623/3562 
s 227
f 2224/1623/3562 2226/1628/3564 2225/1627/3564 
s 228
f 2227/1629/3565 2225/1627/3564 2226/1628/3564 
s 229
f 2226/1628/3564 2228/1630/3565 2227/1629/3565 
s 230
f 2229/1631/3566 2227/1632/3566 2228/1633/3566 
s 231
f 2228/1633/3566 2230/1634/3566 2229/1631/3566 
s 232
f 2231/1627/3567 2229/1629/3568 2230/1630/3568 
s 233
f 2230/1630/3568 2232/1628/3567 2231/1627/3567 
s 234
f 2218/1622/3557 2231/1627/3567 2232/1628/3567 
s 235
f 2232/1628/3567 2219/1623/3559 2218/1622/3557 
s 236
f 2226/1635/3569 2230/1634/3569 2228/1633/3569 
s 237
f 2226/1635/3569 2222/1626/3569 2230/1634/3569 
s 238
f 2222/1626/3569 2219/1636/3569 2230/1634/3569 
s 239
f 2219/1636/3569 2232/1637/3569 2230/1634/3569 
s 240
f 2222/1626/3569 2220/1624/3569 2219/1636/3569 
s 241
f 2226/1635/3569 2224/1638/3570 2222/1626/3570 
s 242
f 2178/1568/3499 2176/1564/3495 2208/1601/3538 
s 243
f 2208/1601/3538 2209/1602/3539 2178/1568/3499 
s 1
f 2233/46/3571 2234/48/3571 2235/47/3572 
s 2
f 2234/48/3573 2233/46/3573 2236/49/3573 
s 3
f 2233/46/3574 2235/47/3572 2237/50/3574 
s 4
f 2237/50/3575 2238/51/3575 2233/46/3576 
s 5
f 2233/46/3576 2238/51/3573 2239/52/3573 
s 6
f 2240/47/3577 2241/48/3577 2242/49/3577 
s 7
f 2240/47/3577 2242/49/3577 2243/52/3577 
s 8
f 2243/52/3577 2242/49/3577 2244/46/3577 
s 9
f 2240/47/3577 2243/52/3577 2245/51/3577 
s 10
f 2240/47/3577 2245/51/3577 2246/50/3577 
s 11
f 2240/30/3578 2234/32/3579 2241/31/3580 
s 12
f 2234/32/3579 2240/30/3578 2235/33/3581 
s 13
f 2237/34/3582 2240/30/3578 2246/35/3583 
s 14
f 2240/30/3578 2237/34/3582 2235/33/3581 
s 15
f 2245/36/3584 2237/34/3582 2246/35/3585 
s 16
f 2237/34/3586 2245/36/3584 2238/37/3586 
s 17
f 2244/38/3587 2239/40/3588 2243/39/3589 
s 18
f 2239/40/3588 2244/38/3587 2233/41/3590 
s 19
f 2242/42/3591 2233/41/3592 2244/38/3587 
s 20
f 2233/41/3593 2242/42/3591 2236/43/3594 
s 21
f 2241/44/3595 2236/43/3594 2242/42/3596 
s 22
f 2236/43/3594 2241/44/3595 2234/45/3597 
s 23
f 2243/39/3589 2238/37/3598 2245/36/3584 
s 24
f 2238/37/3598 2243/39/3589 2239/40/3588 
s 1
f 2247/1639/3599 2248/1640/3599 2249/1641/3600 
s 2
f 2250/1642/3601 2251/1643/3601 2252/1644/3601 
s 3
f 2249/1641/3600 2252/1644/3601 2251/1643/3601 
s 4
f 2253/1642/3602 2254/1643/3603 2250/1642/3603 
s 5
f 2251/1643/3603 2250/1642/3603 2254/1643/3603 
s 6
f 2248/1644/3604 2247/1641/3604 2253/1642/3602 
s 7
f 2254/1643/3604 2253/1642/3602 2247/1641/3604 
s 8
f 2253/1645/3605 2250/1642/3605 2248/1646/3605 
s 9
f 2252/1644/3605 2248/1646/3605 2250/1642/3605 
s 10
f 2247/1647/3606 2249/1648/3606 2254/1649/3606 
s 11
f 2251/1650/3606 2254/1649/3606 2249/1648/3606 
s 12
f 2255/1651/3607 2256/1651/3607 2257/1652/3607 
s 13
f 2258/1652/3607 2257/1652/3607 2256/1651/3607 
s 14
f 2259/1653/3604 2260/1653/3604 2255/1651/3604 
s 15
f 2256/1651/3604 2255/1651/3604 2260/1653/3604 
s 16
f 2261/1654/3599 2262/1655/3599 2259/1656/3599 
s 17
f 2260/1657/3599 2259/1656/3599 2262/1655/3599 
s 18
f 2263/1658/3608 2264/1659/3608 2261/1660/3601 
s 19
f 2265/1661/3603 2266/1662/3603 2267/1663/3603 
s 20
f 2268/1664/3603 2267/1663/3603 2266/1662/3603 
s 21
f 2269/1665/3604 2270/1666/3604 2267/1667/3604 
s 22
f 2265/1668/3604 2267/1667/3604 2270/1666/3604 
s 23
f 2268/1669/3605 2269/1670/3605 2267/1667/3605 
s 24
f 2271/1671/3605 2269/1670/3605 2268/1669/3605 
s 25
f 2272/1672/3605 2269/1670/3605 2271/1671/3605 
s 26
f 2273/1672/3609 2266/1669/3606 2265/1667/3606 
s 27
f 2274/1671/3606 2266/1669/3606 2273/1672/3609 
s 28
f 2270/1670/3609 2273/1672/3609 2265/1667/3606 
s 29
f 2275/1673/3610 2276/1674/3611 2277/1673/3610 
s 30
f 2278/1675/3599 2279/1676/3599 2280/1677/3599 
s 31
f 2281/1678/3599 2279/1676/3599 2278/1675/3599 
s 32
f 2282/1679/3599 2281/1678/3599 2278/1675/3599 
s 33
f 2283/1680/3599 2282/1679/3599 2278/1675/3599 
s 34
f 2284/1681/3599 2282/1679/3599 2283/1680/3599 
s 35
f 2285/1682/3599 2278/1675/3599 2280/1677/3599 
s 36
f 2252/1644/3599 2249/1641/3599 2248/1640/3599 
s 37
f 2286/1683/3612 2287/1684/3613 2288/1685/3612 
s 38
f 2289/1685/3614 2290/1686/3615 2291/1683/3614 
s 39
f 2292/1684/3615 2291/1683/3614 2290/1686/3615 
s 40
f 2286/1683/3601 2288/1685/3601 2291/1687/3601 
s 41
f 2289/1688/3601 2291/1687/3601 2288/1685/3601 
s 42
f 2293/1689/3616 2294/1690/3605 2295/1691/3617 
s 43
f 2296/1686/3618 2294/1690/3605 2293/1689/3616 
s 44
f 2287/1684/3613 2294/1690/3605 2296/1686/3618 
s 45
f 2297/1692/3604 2298/1693/3604 2299/1694/3604 
s 46
f 2300/1695/3604 2299/1694/3604 2298/1693/3604 
s 47
f 2301/1696/3603 2302/1697/3603 2303/1696/3619 
s 48
f 2304/1697/3620 2303/1696/3619 2302/1697/3603 
s 49
f 2286/1698/3599 2292/1699/3599 2305/1700/3599 
s 50
f 2291/1701/3599 2292/1699/3599 2286/1698/3599 
s 51
f 2287/1702/3599 2286/1698/3599 2305/1700/3599 
s 52
f 2294/1703/3599 2287/1702/3599 2305/1700/3599 
s 53
f 2306/1674/3621 2277/1673/3610 2276/1674/3611 
s 54
f 2307/1704/3599 2308/1704/3609 2309/1705/3599 
s 55
f 2262/1706/3622 2261/1660/3601 2264/1659/3608 
s 56
f 2310/1707/3623 2311/1708/3623 2263/1658/3608 
s 57
f 2264/1659/3608 2263/1658/3608 2311/1708/3623 
s 58
f 2312/1709/3624 2313/1710/3625 2310/1707/3623 
s 59
f 2314/1711/3626 2315/1711/3627 2293/1689/3627 
s 60
f 2302/1697/3606 2301/1696/3628 2316/1691/3628 
s 61
f 2315/1711/3606 2302/1697/3606 2316/1691/3628 
s 62
f 2317/1689/3606 2315/1711/3606 2316/1691/3628 
s 63
f 2318/1712/3604 2300/1695/3604 2319/1713/3604 
s 64
f 2298/1693/3604 2319/1713/3604 2300/1695/3604 
s 65
f 2290/1686/3603 2293/1689/3616 2317/1689/3629 
s 66
f 2288/1685/3603 2293/1689/3616 2290/1686/3603 
s 67
f 2296/1686/3618 2293/1689/3616 2288/1685/3603 
s 68
f 2289/1685/3603 2288/1685/3603 2290/1686/3603 
s 69
f 2317/1689/3606 2292/1684/3615 2290/1686/3615 
s 70
f 2316/1691/3628 2292/1684/3615 2317/1689/3606 
s 71
f 2305/1690/3628 2292/1684/3615 2316/1691/3628 
s 72
f 2296/1686/3618 2288/1685/3612 2287/1684/3613 
s 73
f 2320/1714/3630 2321/1715/3630 2322/1716/3604 
s 74
f 2323/1715/3631 2324/1714/3631 2325/1717/3604 
s 75
f 2322/1716/3604 2325/1717/3604 2324/1714/3631 
s 76
f 2326/1718/3599 2327/1719/3599 2328/1720/3599 
s 77
f 2329/1721/3599 2327/1719/3599 2326/1718/3599 
s 78
f 2330/1722/3599 2329/1721/3599 2326/1718/3599 
s 79
f 2331/1723/3599 2330/1722/3599 2326/1718/3599 
s 80
f 2332/1724/3632 2331/1723/3599 2326/1718/3599 
s 81
f 2333/1725/3599 2326/1718/3599 2328/1720/3599 
s 82
f 2327/1719/3605 2334/1726/3633 2328/1720/3634 
s 83
f 2335/1727/3635 2328/1720/3634 2334/1726/3633 
s 84
f 2329/1721/3630 2336/1728/3636 2327/1719/3605 
s 85
f 2334/1726/3633 2327/1719/3605 2336/1728/3636 
s 86
f 2330/1722/3637 2337/1729/3638 2329/1721/3630 
s 87
f 2336/1728/3636 2329/1721/3630 2337/1729/3638 
s 88
f 2331/1723/3639 2338/1730/3640 2330/1722/3641 
s 89
f 2337/1729/3638 2330/1722/3641 2338/1730/3640 
s 90
f 2332/1724/3632 2339/1731/3642 2331/1723/3643 
s 91
f 2340/1732/3644 2339/1731/3642 2321/1733/3645 
s 92
f 2341/1734/3646 2325/1735/3647 2342/1736/3648 
s 93
f 2321/1733/3645 2342/1736/3648 2325/1735/3647 
s 94
f 2335/1727/3635 2323/1737/3649 2341/1734/3646 
s 95
f 2325/1735/3647 2341/1734/3646 2323/1737/3649 
s 96
f 2343/1738/3606 2344/1739/3606 2323/1715/3631 
s 97
f 2324/1714/3631 2323/1715/3631 2344/1739/3606 
s 98
f 2345/1740/3650 2346/1741/3650 2343/1738/3606 
s 99
f 2344/1739/3606 2343/1738/3606 2346/1741/3650 
s 100
f 2347/1742/3601 2348/1743/3601 2345/1740/3650 
s 101
f 2346/1741/3650 2345/1740/3650 2348/1743/3601 
s 102
f 2349/1740/3651 2350/1741/3652 2347/1742/3601 
s 103
f 2348/1743/3601 2347/1742/3601 2350/1741/3652 
s 104
f 2340/1738/3605 2351/1739/3605 2349/1740/3651 
s 105
f 2350/1741/3652 2349/1740/3651 2351/1739/3605 
s 106
f 2321/1715/3630 2320/1714/3630 2340/1738/3605 
s 107
f 2351/1739/3605 2340/1738/3605 2320/1714/3630 
s 108
f 2325/1717/3604 2322/1716/3604 2321/1715/3630 
s 109
f 2257/1744/3653 2258/1745/3653 2312/1709/3653 
s 110
f 2313/1710/3625 2312/1709/3653 2258/1745/3653 
s 111
f 2255/1651/3605 2257/1652/3605 2312/1746/3605 
s 112
f 2259/1653/3605 2255/1651/3605 2312/1746/3605 
s 113
f 2310/1747/3654 2259/1653/3605 2312/1746/3605 
s 114
f 2261/1748/3655 2259/1653/3655 2310/1747/3654 
s 115
f 2263/1749/3656 2261/1748/3656 2310/1747/3654 
s 116
f 2260/1653/3657 2311/1747/3606 2313/1746/3606 
s 117
f 2262/1748/3658 2311/1747/3659 2260/1653/3657 
s 118
f 2264/1749/3660 2311/1747/3659 2262/1748/3658 
s 119
f 2256/1651/3606 2260/1653/3606 2313/1746/3606 
s 120
f 2258/1652/3606 2256/1651/3606 2313/1746/3606 
s 121
f 2266/1750/3661 2274/1751/3661 2268/1752/3661 
s 122
f 2271/1753/3661 2268/1752/3661 2274/1751/3661 
s 123
f 2272/1672/3599 2273/1672/3609 2269/1670/3599 
s 124
f 2270/1670/3609 2269/1670/3599 2273/1672/3609 
s 125
f 2271/1753/3601 2274/1751/3601 2272/1754/3601 
s 126
f 2273/1755/3601 2272/1754/3601 2274/1751/3601 
s 127
f 2338/1730/3640 2331/1723/3639 2339/1731/3642 
s 128
f 2326/1718/3662 2342/1736/3648 2332/1724/3663 
s 129
f 2339/1731/3642 2332/1724/3663 2342/1736/3648 
s 130
f 2333/1725/3601 2341/1734/3646 2326/1718/3664 
s 131
f 2342/1736/3648 2326/1718/3664 2341/1734/3646 
s 132
f 2328/1720/3665 2335/1727/3635 2333/1725/3601 
s 133
f 2341/1734/3646 2333/1725/3601 2335/1727/3635 
s 134
f 2334/1726/3633 2343/1756/3666 2335/1727/3635 
s 135
f 2323/1737/3649 2335/1727/3635 2343/1756/3666 
s 136
f 2336/1728/3636 2345/1757/3667 2334/1726/3633 
s 137
f 2343/1756/3666 2334/1726/3633 2345/1757/3667 
s 138
f 2337/1729/3638 2347/1758/3668 2336/1728/3636 
s 139
f 2345/1757/3667 2336/1728/3636 2347/1758/3668 
s 140
f 2338/1730/3640 2349/1759/3669 2337/1729/3638 
s 141
f 2347/1758/3668 2337/1729/3638 2349/1759/3669 
s 142
f 2339/1731/3642 2340/1732/3644 2338/1730/3640 
s 143
f 2349/1759/3669 2338/1730/3640 2340/1732/3644 
s 144
f 2342/1736/3648 2321/1733/3645 2339/1731/3642 
s 145
f 2311/1708/3623 2310/1707/3623 2313/1710/3624 
s 146
f 2352/1717/3604 2353/1715/3631 2354/1716/3604 
s 147
f 2354/1716/3604 2355/1714/3630 2352/1717/3604 
s 148
f 2356/1715/3630 2352/1717/3604 2355/1714/3630 
s 149
f 2357/1718/3599 2358/1725/3670 2359/1720/3671 
s 150
f 2360/1719/3599 2357/1718/3672 2359/1720/3671 
s 151
f 2361/1721/3599 2357/1718/3672 2360/1719/3599 
s 152
f 2362/1722/3599 2357/1718/3672 2361/1721/3673 
s 153
f 2363/1723/3674 2357/1718/3672 2362/1722/3599 
s 154
f 2364/1724/3675 2357/1718/3672 2363/1723/3674 
s 155
f 2279/1760/3641 2365/1761/3676 2280/1762/3677 
s 156
f 2366/1763/3604 2280/1762/3641 2365/1761/3676 
s 157
f 2281/1764/3606 2367/1765/3606 2279/1760/3643 
s 158
f 2365/1761/3676 2279/1760/3643 2367/1765/3606 
s 159
f 2282/1766/3650 2368/1767/3650 2281/1764/3606 
s 160
f 2367/1765/3606 2281/1764/3606 2368/1767/3650 
s 161
f 2284/1768/3601 2369/1769/3601 2282/1766/3650 
s 162
f 2368/1767/3650 2282/1766/3650 2369/1769/3601 
s 163
f 2283/1766/3665 2370/1767/3652 2284/1768/3601 
s 164
f 2371/1770/3678 2372/1770/3679 2373/1771/3678 
s 165
f 2374/1771/3680 2373/1771/3678 2372/1770/3679 
s 166
f 2374/1772/3681 2375/1773/3681 2376/1774/3681 
s 167
f 2377/1775/3681 2376/1774/3681 2375/1773/3681 
s 168
f 2376/1776/3682 2377/1777/3682 2378/1778/3682 
s 169
f 2379/1779/3682 2378/1778/3682 2377/1777/3683 
s 170
f 2378/1774/3684 2379/1775/3684 2372/1772/3684 
s 171
f 2380/1773/3684 2372/1772/3684 2379/1775/3684 
s 172
f 2372/1770/3685 2380/1780/3686 2374/1771/3680 
s 173
f 2375/1781/3685 2374/1771/3680 2380/1780/3686 
s 174
f 2381/1782/3681 2382/1783/3681 2383/1784/3681 
s 175
f 2373/1785/3681 2383/1784/3681 2382/1783/3681 
s 176
f 2384/1779/3687 2381/1777/3688 2385/1778/3687 
s 177
f 2386/1741/3650 2387/1739/3606 2388/1740/3650 
s 178
f 2389/1738/3606 2388/1740/3650 2387/1739/3606 
s 179
f 2387/1739/3606 2390/1714/3631 2389/1738/3606 
s 180
f 2353/1715/3631 2389/1738/3606 2390/1714/3631 
s 181
f 2390/1714/3631 2354/1716/3604 2353/1715/3631 
s 182
f 2391/1758/3668 2388/1759/3667 2392/1729/3689 
s 183
f 2393/1730/3636 2392/1729/3689 2388/1759/3667 
s 184
f 2388/1759/3667 2389/1732/3666 2393/1730/3636 
s 185
f 2394/1731/3633 2393/1730/3636 2389/1732/3666 
s 186
f 2389/1732/3666 2353/1733/3649 2394/1731/3633 
s 187
f 2395/1736/3635 2394/1731/3633 2353/1733/3649 
s 188
f 2353/1733/3649 2352/1735/3647 2395/1736/3635 
s 189
f 2396/1734/3646 2395/1736/3635 2352/1735/3647 
s 190
f 2352/1735/3647 2356/1737/3690 2396/1734/3646 
s 191
f 2397/1727/3648 2396/1734/3646 2356/1737/3690 
s 192
f 2355/1714/3630 2398/1739/3605 2356/1715/3630 
s 193
f 2399/1738/3605 2356/1715/3630 2398/1739/3605 
s 194
f 2398/1739/3605 2400/1741/3651 2399/1738/3605 
s 195
f 2401/1740/3652 2399/1738/3605 2400/1741/3651 
s 196
f 2400/1741/3651 2402/1743/3601 2401/1740/3652 
s 197
f 2391/1742/3601 2401/1740/3652 2402/1743/3601 
s 198
f 2402/1743/3601 2386/1741/3650 2391/1742/3601 
s 199
f 2388/1740/3650 2391/1742/3601 2386/1741/3650 
s 200
f 2369/1769/3601 2284/1768/3601 2370/1767/3652 
s 201
f 2278/1764/3605 2403/1765/3605 2283/1766/3634 
s 202
f 2370/1767/3652 2283/1766/3634 2403/1765/3605 
s 203
f 2285/1760/3630 2404/1761/3630 2278/1764/3605 
s 204
f 2403/1765/3605 2278/1764/3605 2404/1761/3630 
s 205
f 2280/1762/3677 2366/1763/3604 2285/1760/3630 
s 206
f 2404/1761/3630 2285/1760/3630 2366/1763/3604 
s 207
f 2357/1718/3634 2364/1724/3675 2395/1736/3635 
s 208
f 2395/1736/3635 2396/1734/3646 2357/1718/3672 
s 209
f 2358/1725/3670 2357/1718/3672 2396/1734/3646 
s 210
f 2396/1734/3646 2397/1727/3648 2358/1725/3670 
s 211
f 2359/1720/3671 2358/1725/3670 2397/1727/3648 
s 212
f 2356/1737/3690 2399/1756/3644 2397/1727/3648 
s 213
f 2405/1726/3642 2397/1727/3648 2399/1756/3644 
s 214
f 2399/1756/3644 2401/1757/3691 2405/1726/3642 
s 215
f 2406/1728/3640 2405/1726/3642 2401/1757/3691 
s 216
f 2401/1757/3691 2391/1758/3668 2406/1728/3640 
s 217
f 2392/1729/3689 2406/1728/3640 2391/1758/3668 
s 218
f 2316/1691/3628 2298/1786/3692 2305/1690/3628 
s 219
f 2299/1787/3599 2294/1703/3599 2297/1788/3599 
s 220
f 2305/1700/3599 2297/1788/3599 2294/1703/3599 
s 221
f 2314/1711/3626 2304/1697/3620 2315/1711/3601 
s 222
f 2302/1697/3601 2315/1711/3601 2304/1697/3620 
s 223
f 2295/1691/3617 2314/1711/3605 2293/1689/3605 
s 224
f 2304/1697/3620 2314/1711/3605 2295/1691/3617 
s 225
f 2303/1696/3619 2304/1697/3620 2295/1691/3617 
s 226
f 2317/1689/3629 2293/1689/3616 2315/1711/3627 
s 227
f 2383/1776/3687 2385/1778/3687 2381/1777/3688 
s 228
f 2407/1783/3684 2384/1782/3684 2371/1785/3684 
s 229
f 2385/1784/3684 2371/1785/3684 2384/1782/3684 
s 230
f 2382/1781/3693 2407/1780/3693 2373/1771/3678 
s 231
f 2371/1770/3678 2373/1771/3678 2407/1780/3693 
s 232
f 2380/1780/3686 2379/1779/3694 2375/1781/3694 
s 233
f 2377/1777/3683 2375/1781/3694 2379/1779/3694 
s 234
f 2382/1781/3693 2381/1777/3688 2407/1780/3693 
s 235
f 2384/1779/3695 2407/1780/3693 2381/1777/3688 
s 236
f 2408/1705/3696 2309/1705/3599 2308/1704/3609 
s 237
f 2306/1674/3601 2276/1789/3601 2307/1704/3601 
s 238
f 2308/1790/3601 2307/1704/3601 2276/1789/3601 
s 239
f 2309/1705/3697 2408/1791/3697 2277/1673/3697 
s 240
f 2275/1792/3697 2277/1673/3697 2408/1791/3697 
s 241
f 2277/1673/3605 2306/1674/3621 2309/1705/3605 
s 242
f 2307/1704/3605 2309/1705/3605 2306/1674/3605 
s 243
f 2276/1674/3611 2275/1673/3606 2308/1704/3609 
s 244
f 2408/1705/3696 2308/1704/3609 2275/1673/3606 
s 245
f 2300/1786/3698 2295/1691/3617 2299/1793/3698 
s 246
f 2294/1690/3698 2299/1793/3698 2295/1691/3617 
s 247
f 2318/1794/3699 2303/1696/3619 2300/1786/3698 
s 248
f 2295/1691/3617 2300/1786/3698 2303/1696/3619 
s 249
f 2319/1794/3603 2301/1696/3603 2318/1794/3603 
s 250
f 2303/1696/3619 2318/1794/3699 2301/1696/3603 
s 251
f 2298/1786/3692 2316/1691/3628 2319/1794/3692 
s 252
f 2301/1696/3628 2319/1794/3692 2316/1691/3628 
s 253
f 2297/1793/3692 2305/1690/3628 2298/1786/3692 
s 254
f 2364/1724/3675 2363/1723/3674 2394/1731/3633 
s 255
f 2394/1731/3633 2395/1736/3635 2364/1724/3675 
s 256
f 2409/1795/3681 2410/1795/3700 2411/1796/3681 
s 257
f 2412/1796/3681 2411/1796/3681 2410/1795/3700 
s 258
f 2413/1797/3701 2414/1797/3684 2415/1798/3702 
s 259
f 2416/1798/3684 2415/1798/3702 2414/1797/3684 
s 260
f 2411/1796/3679 2412/1796/3703 2413/1797/3701 
s 261
f 2414/1797/3679 2413/1797/3701 2412/1796/3679 
s 262
f 2413/1797/3701 2415/1798/3702 2411/1796/3694 
s 263
f 2409/1795/3694 2411/1796/3694 2415/1798/3702 
s 264
f 2412/1796/3703 2410/1795/3700 2414/1797/3695 
s 265
f 2416/1798/3695 2414/1797/3695 2410/1795/3700 
s 266
f 2373/1785/3681 2374/1772/3681 2383/1784/3681 
s 267
f 2376/1774/3681 2383/1784/3681 2374/1772/3681 
s 268
f 2383/1799/3704 2376/1800/3704 2385/1801/3704 
s 269
f 2378/1802/3704 2385/1801/3704 2376/1800/3704 
s 270
f 2385/1784/3684 2378/1774/3684 2371/1785/3684 
s 271
f 2372/1772/3684 2371/1785/3684 2378/1774/3684 
s 272
f 2417/1803/3705 2418/1804/3706 2419/1805/3707 
s 273
f 2418/1804/3706 2417/1803/3705 2420/1806/3708 
s 274
f 2421/1804/3709 2422/1807/3709 2419/1805/3709 
s 275
f 2419/1805/3709 2418/1804/3709 2421/1804/3709 
s 276
f 2423/1808/3710 2424/1809/3711 2420/1806/3708 
s 277
f 2420/1806/3708 2417/1803/3705 2423/1808/3710 
s 278
f 2424/1809/3712 2421/1804/3712 2418/1804/3712 
s 279
f 2421/1804/3713 2424/1809/3711 2423/1808/3710 
s 280
f 2423/1808/3710 2422/1807/3714 2421/1804/3713 
s 281
f 2418/1804/3712 2420/1806/3712 2424/1809/3712 
s 282
f 2397/1727/3648 2405/1726/3642 2359/1720/3671 
s 283
f 2360/1719/3715 2359/1720/3671 2405/1726/3642 
s 284
f 2405/1726/3642 2406/1728/3640 2360/1719/3715 
s 285
f 2361/1721/3643 2360/1719/3643 2406/1728/3640 
s 286
f 2406/1728/3640 2392/1729/3689 2361/1721/3673 
s 287
f 2362/1722/3641 2361/1721/3673 2392/1729/3689 
s 288
f 2392/1729/3689 2393/1730/3636 2362/1722/3637 
s 289
f 2363/1723/3674 2362/1722/3637 2393/1730/3636 
s 290
f 2393/1730/3636 2394/1731/3633 2363/1723/3674 
s 1
f 2425/1810/3716 2426/1811/3717 2427/1812/3717 
s 2
f 2426/1811/3718 2425/1810/3716 2428/1813/3718 
s 3
f 2425/1810/3716 2429/1814/3719 2428/1813/3719 
s 4
f 2429/1814/3720 2425/1810/3716 2430/1815/3721 
s 5
f 2425/1810/3716 2431/1816/3722 2430/1815/3721 
s 6
f 2432/1813/3723 2433/1814/3723 2434/1815/3723 
s 7
f 2432/1813/3723 2434/1815/3723 2435/1816/3723 
s 8
f 2432/1813/3723 2435/1816/3723 2436/1812/3723 
s 9
f 2436/1812/3723 2435/1816/3723 2437/1810/3723 
s 10
f 2432/1813/3723 2436/1812/3723 2438/1811/3723 
s 11
f 2432/226/3724 2426/228/3725 2428/227/3726 
s 12
f 2426/228/3725 2432/226/3724 2438/229/3727 
s 13
f 2429/230/3728 2432/226/3729 2428/227/3730 
s 14
f 2432/226/3729 2429/230/3728 2433/231/3731 
s 15
f 2434/232/3732 2429/230/3733 2430/233/3734 
s 16
f 2429/230/3735 2434/232/3735 2433/231/3735 
s 17
f 2437/234/3736 2431/236/3737 2425/235/3738 
s 18
f 2431/236/3737 2437/234/3736 2435/237/3739 
s 19
f 2436/238/3740 2425/235/3738 2427/239/3741 
s 20
f 2425/235/3738 2436/238/3740 2437/234/3736 
s 21
f 2438/240/3742 2427/239/3741 2426/241/3742 
s 22
f 2427/239/3741 2438/240/3742 2436/238/3740 
s 23
f 2435/237/3739 2430/233/3734 2431/236/3737 
s 24
f 2430/233/3734 2435/237/3739 2434/232/3732 
s 1
f 2439/1817/3743 2440/1818/3744 2441/1819/3745 
s 2
f 2441/1819/3746 2442/1820/3747 2439/1817/3743 
s 3
f 2443/1821/3748 2444/1822/3749 2445/1823/3750 
s 4
f 2445/1823/3751 2446/1824/3751 2443/1821/3751 
s 5
f 2447/1825/3752 2448/1826/3753 2449/1827/3754 
s 6
f 2450/1828/3755 2451/1829/3756 2452/1830/3757 
s 7
f 2452/1830/3757 2453/1831/3758 2450/1828/3755 
s 8
f 2443/1821/3748 2446/1824/3759 2450/1828/3755 
s 9
f 2450/1828/3755 2453/1831/3758 2443/1821/3748 
s 10
f 2439/1817/3743 2442/1820/3747 2445/1823/3750 
s 11
f 2445/1823/3750 2444/1822/3749 2439/1817/3743 
s 12
f 2454/1832/3760 2455/1833/3761 2456/1834/3762 
s 13
f 2456/1834/3762 2457/1835/3763 2454/1832/3760 
s 14
f 2454/1832/3760 2449/1827/3754 2448/1826/3753 
s 15
f 2448/1826/3753 2455/1833/3761 2454/1832/3760 
s 16
f 2458/1836/3764 2441/1819/3765 2440/1818/3744 
s 17
f 2440/1818/3744 2447/1825/3752 2458/1836/3764 
s 18
f 2459/1825/3766 2460/1836/3767 2461/1827/3768 
s 19
f 2462/1837/3769 2448/1838/3770 2459/1839/3771 
s 20
f 2463/1840/3772 2464/1841/3773 2465/1842/3774 
s 21
f 2465/1842/3774 2451/1843/3775 2463/1840/3772 
s 22
f 2466/1844/3776 2467/1845/3777 2455/1846/3778 
s 23
f 2455/1846/3778 2468/1847/3779 2466/1844/3780 
s 24
f 2469/1848/3781 2443/1849/3782 2470/1850/3783 
s 25
f 2470/1850/3784 2471/1851/3784 2469/1848/3781 
s 26
f 2443/1849/3782 2453/1852/3785 2472/1853/3786 
s 27
f 2472/1853/3786 2473/1854/3787 2443/1849/3782 
s 28
f 2464/1841/3773 2472/1853/3786 2453/1852/3785 
s 29
f 2453/1852/3785 2465/1842/3774 2464/1841/3788 
s 30
f 2474/1855/3789 2457/1856/3790 2467/1845/3777 
s 31
f 2467/1845/3777 2466/1844/3780 2474/1855/3789 
s 32
f 2455/1846/3778 2448/1838/3770 2462/1837/3791 
s 33
f 2462/1837/3791 2468/1847/3779 2455/1846/3778 
s 34
f 2448/1838/3770 2469/1848/3792 2475/1857/3793 
s 35
f 2475/1857/3794 2459/1839/3771 2448/1838/3770 
s 36
f 2476/1819/3795 2475/1818/3796 2471/1817/3797 
s 37
f 2471/1817/3797 2477/1820/3798 2476/1819/3795 
s 38
f 2475/1857/3799 2469/1848/3792 2471/1851/3799 
s 39
f 2478/1823/3800 2470/1822/3801 2473/1821/3802 
s 40
f 2473/1821/3802 2479/1824/3803 2478/1823/3800 
s 41
f 2443/1849/3782 2473/1854/3787 2470/1850/3783 
s 42
f 2461/1827/3768 2462/1826/3804 2459/1825/3766 
s 43
f 2464/1830/3805 2463/1829/3806 2480/1828/3807 
s 44
f 2480/1828/3807 2472/1831/3808 2464/1830/3805 
s 45
f 2480/1828/3807 2479/1824/3803 2473/1821/3802 
s 46
f 2473/1821/3809 2472/1831/3808 2480/1828/3807 
s 47
f 2478/1823/3800 2477/1820/3798 2471/1817/3797 
s 48
f 2471/1817/3797 2470/1822/3801 2478/1823/3800 
s 49
f 2466/1834/3810 2468/1833/3811 2481/1832/3812 
s 50
f 2481/1832/3812 2474/1835/3813 2466/1834/3810 
s 51
f 2462/1826/3804 2461/1827/3768 2481/1832/3812 
s 52
f 2481/1832/3812 2468/1833/3811 2462/1826/3804 
s 53
f 2475/1818/3796 2476/1819/3795 2460/1836/3767 
s 54
f 2460/1836/3767 2459/1825/3766 2475/1818/3814 
s 55
f 2449/1827/3754 2458/1836/3764 2447/1825/3752 
s 1
f 2482/1858/3815 2483/1859/3816 2484/1860/3817 
s 2
f 2485/1861/3818 2486/1862/3818 2487/1863/3818 
s 3
f 2486/1862/3818 2488/1864/3818 2487/1863/3818 
s 4
f 2489/1865/3819 2490/1866/3819 2491/1867/3819 
s 5
f 2492/1868/3819 2491/1867/3819 2493/1869/3819 
s 6
f 2491/1867/3819 2490/1866/3819 2493/1869/3819 
s 7
f 2493/1869/3819 2490/1866/3819 2494/1870/3819 
s 8
f 2494/1870/3819 2490/1866/3819 2495/1871/3819 
s 9
f 2495/1872/3820 2490/1873/3821 2496/1874/3820 
s 10
f 2497/1875/3821 2496/1874/3820 2490/1873/3821 
s 11
f 2494/1876/3822 2495/1877/3822 2498/1878/3822 
s 12
f 2496/1879/3822 2498/1878/3822 2495/1877/3822 
s 13
f 2493/1880/3823 2494/1881/3823 2499/1882/3823 
s 14
f 2498/1883/3823 2499/1882/3823 2494/1881/3823 
s 15
f 2492/1884/3824 2493/1885/3824 2500/1886/3824 
s 16
f 2499/1887/3824 2500/1886/3824 2493/1885/3824 
s 17
f 2501/1888/3818 2486/1862/3818 2485/1861/3818 
s 18
f 2502/1889/3818 2488/1864/3818 2486/1862/3818 
s 19
f 2503/1890/3818 2488/1864/3818 2502/1889/3818 
s 20
f 2484/1860/3817 2504/1891/3825 2482/1858/3815 
s 21
f 2504/1891/3825 2484/1860/3817 2505/1892/3826 
s 22
f 2506/1893/3827 2505/1892/3826 2484/1860/3817 
s 23
f 2505/1892/3826 2506/1893/3827 2507/1894/3828 
s 24
f 2508/1895/3829 2507/1894/3828 2506/1893/3827 
s 25
f 2507/1894/3828 2508/1895/3829 2509/1896/3830 
s 26
f 2510/1897/3831 2509/1896/3830 2508/1895/3829 
s 27
f 2509/1896/3830 2510/1897/3831 2511/1898/3832 
s 28
f 2512/1899/3833 2511/1898/3832 2510/1897/3831 
s 29
f 2511/1898/3832 2512/1899/3833 2513/1900/3834 
s 30
f 2482/1858/3815 2513/1900/3834 2512/1899/3833 
s 31
f 2513/1900/3834 2482/1858/3815 2504/1891/3825 
s 32
f 2483/1859/3816 2482/1858/3815 2514/1901/3835 
s 33
f 2491/1902/3823 2492/1903/3823 2515/1904/3823 
s 34
f 2500/1905/3823 2515/1904/3823 2492/1903/3823 
s 35
f 2497/1906/3836 2516/1907/3837 2517/1908/3838 
s 36
f 2518/1909/3839 2517/1908/3838 2516/1907/3837 
s 37
f 2519/1910/3840 2517/1911/3841 2503/1912/3840 
s 38
f 2488/1913/3842 2503/1912/3840 2517/1911/3841 
s 39
f 2520/1914/3843 2519/1915/3843 2502/1916/3843 
s 40
f 2503/1917/3843 2502/1916/3843 2519/1915/3843 
s 41
f 2521/1918/3844 2520/1919/3844 2486/1920/3844 
s 42
f 2502/1921/3844 2486/1920/3844 2520/1919/3844 
s 43
f 2522/1922/3845 2521/1923/3845 2501/1924/3845 
s 44
f 2486/1925/3845 2501/1924/3845 2521/1923/3845 
s 45
f 2523/1926/3844 2522/1927/3844 2485/1928/3844 
s 46
f 2501/1929/3844 2485/1928/3844 2522/1927/3844 
s 47
f 2518/1930/3846 2523/1931/3846 2487/1932/3846 
s 48
f 2485/1933/3846 2487/1932/3846 2523/1931/3846 
s 49
f 2517/1911/3841 2518/1934/3847 2488/1913/3842 
s 50
f 2523/1935/3848 2518/1909/3839 2515/1936/3849 
s 51
f 2516/1907/3837 2515/1936/3849 2518/1909/3839 
s 52
f 2522/1937/3850 2523/1935/3848 2500/1938/3851 
s 53
f 2515/1936/3852 2500/1938/3851 2523/1935/3848 
s 54
f 2521/1939/3853 2522/1937/3850 2499/1940/3854 
s 55
f 2500/1938/3851 2499/1940/3854 2522/1937/3850 
s 56
f 2520/1941/3855 2521/1939/3853 2498/1942/3856 
s 57
f 2499/1940/3854 2498/1942/3856 2521/1939/3853 
s 58
f 2519/1943/3857 2520/1941/3855 2496/1944/3858 
s 59
f 2498/1942/3856 2496/1944/3858 2520/1941/3855 
s 60
f 2517/1908/3838 2519/1943/3857 2497/1906/3836 
s 61
f 2496/1944/3859 2497/1906/3836 2519/1943/3857 
s 62
f 2516/1945/3860 2497/1875/3821 2489/1946/3860 
s 63
f 2490/1873/3821 2489/1946/3860 2497/1875/3821 
s 64
f 2515/1947/3861 2516/1948/3861 2491/1949/3861 
s 65
f 2489/1950/3861 2491/1949/3861 2516/1948/3861 
s 66
f 2487/1951/3847 2488/1913/3847 2518/1934/3847 
s 67
f 2524/1898/3862 2525/1894/3863 2526/1896/3864 
s 68
f 2527/1901/3865 2528/1899/3866 2529/1952/3867 
s 69
f 2530/1897/3868 2529/1952/3867 2528/1899/3866 
s 70
f 2529/1952/3867 2530/1897/3868 2531/1953/3869 
s 71
f 2532/1895/3870 2531/1953/3869 2530/1897/3868 
s 72
f 2531/1953/3869 2532/1895/3870 2533/1954/3871 
s 73
f 2534/1893/3872 2533/1954/3871 2532/1895/3870 
s 74
f 2533/1954/3871 2534/1893/3872 2535/1955/3873 
s 75
f 2536/1860/3874 2535/1955/3873 2534/1893/3872 
s 76
f 2535/1955/3873 2536/1860/3874 2537/1859/3875 
s 77
f 2538/1858/3876 2537/1859/3875 2536/1860/3874 
s 78
f 2537/1859/3875 2538/1858/3876 2527/1901/3865 
s 79
f 2539/1900/3877 2538/1858/3876 2540/1891/3878 
s 80
f 2538/1858/3876 2539/1900/3877 2528/1899/3866 
s 81
f 2524/1898/3862 2528/1899/3866 2539/1900/3877 
s 82
f 2528/1899/3866 2524/1898/3862 2530/1897/3868 
s 83
f 2528/1899/3866 2527/1901/3865 2538/1858/3876 
s 84
f 2541/1956/3879 2527/1901/3865 2542/1901/3880 
s 85
f 2527/1901/3865 2541/1956/3879 2537/1859/3875 
s 86
f 2543/1957/3881 2537/1859/3875 2541/1956/3879 
s 87
f 2537/1859/3875 2543/1957/3881 2535/1955/3873 
s 88
f 2544/1954/3882 2535/1955/3873 2543/1957/3881 
s 89
f 2535/1955/3873 2544/1954/3882 2533/1954/3871 
s 90
f 2545/1953/3883 2533/1954/3871 2544/1954/3882 
s 91
f 2533/1954/3871 2545/1953/3883 2531/1953/3869 
s 92
f 2546/1952/3884 2531/1953/3869 2545/1953/3883 
s 93
f 2531/1953/3869 2546/1952/3884 2529/1952/3867 
s 94
f 2542/1901/3880 2529/1952/3867 2546/1952/3884 
s 95
f 2529/1952/3867 2542/1901/3880 2527/1901/3865 
s 96
f 2539/1900/3877 2540/1891/3878 2524/1898/3862 
s 97
f 2524/1898/3862 2540/1891/3878 2547/1892/3885 
s 98
f 2524/1898/3862 2547/1892/3885 2525/1894/3863 
s 99
f 2526/1896/3864 2530/1897/3868 2524/1898/3862 
s 100
f 2530/1897/3868 2526/1896/3864 2532/1895/3870 
s 101
f 2548/1955/3886 2549/1954/3887 2550/1954/3888 
s 102
f 2549/1954/3887 2548/1955/3886 2551/1957/3889 
s 103
f 2483/1859/3816 2551/1957/3889 2548/1955/3886 
s 104
f 2551/1957/3889 2483/1859/3816 2552/1956/3890 
s 105
f 2514/1901/3835 2552/1956/3890 2483/1859/3816 
s 106
f 2552/1956/3890 2514/1901/3835 2553/1901/3891 
s 107
f 2512/1899/3833 2514/1901/3835 2482/1858/3815 
s 108
f 2514/1901/3835 2512/1899/3833 2554/1952/3892 
s 109
f 2510/1897/3831 2554/1952/3892 2512/1899/3833 
s 110
f 2554/1952/3892 2510/1897/3831 2555/1953/3893 
s 111
f 2508/1895/3829 2555/1953/3893 2510/1897/3831 
s 112
f 2555/1953/3893 2508/1895/3829 2550/1954/3888 
s 113
f 2506/1893/3827 2550/1954/3888 2508/1895/3829 
s 114
f 2550/1954/3888 2506/1893/3827 2548/1955/3886 
s 115
f 2484/1860/3817 2548/1955/3886 2506/1893/3827 
s 116
f 2556/1953/3894 2550/1954/3888 2549/1954/3887 
s 117
f 2550/1954/3888 2556/1953/3894 2555/1953/3893 
s 118
f 2557/1952/3895 2555/1953/3893 2556/1953/3894 
s 119
f 2555/1953/3893 2557/1952/3895 2554/1952/3892 
s 120
f 2553/1901/3891 2554/1952/3892 2557/1952/3895 
s 121
f 2554/1952/3892 2553/1901/3891 2514/1901/3835 
s 122
f 2513/1900/3834 2504/1891/3825 2511/1898/3832 
s 123
f 2511/1898/3832 2504/1891/3825 2505/1892/3826 
s 124
f 2511/1898/3832 2505/1892/3826 2507/1894/3828 
s 125
f 2511/1898/3832 2507/1894/3828 2509/1896/3830 
s 126
f 2536/1860/3874 2540/1891/3878 2538/1858/3876 
s 127
f 2540/1891/3878 2536/1860/3874 2547/1892/3885 
s 128
f 2534/1893/3872 2547/1892/3885 2536/1860/3896 
s 129
f 2547/1892/3885 2534/1893/3872 2525/1894/3863 
s 130
f 2532/1895/3870 2525/1894/3863 2534/1893/3872 
s 131
f 2525/1894/3863 2532/1895/3870 2526/1896/3864 
s 132
f 2548/1955/3886 2484/1860/3817 2483/1859/3816 
s 1
f 2558/1958/3897 2559/1959/3898 2560/1960/3899 
s 2
f 2558/1958/3897 2561/1961/3900 2559/1959/3898 
s 3
f 2562/1962/3901 2558/1958/3897 2560/1960/3899 
s 4
f 2558/1958/3897 2563/1963/3902 2561/1961/3900 
s 5
f 2564/1964/3903 2563/1963/3902 2558/1958/3897 
s 6
f 2564/1964/3903 2565/1965/3904 2563/1963/3902 
s 7
f 2562/1962/3901 2564/1964/3903 2558/1958/3897 
s 8
f 2566/1966/3905 2559/1959/3898 2561/1961/3900 
s 9
f 2567/1967/3906 2559/1959/3898 2566/1966/3905 
s 10
f 2567/1967/3906 2142/1968/3907 2559/1959/3898 
s 11
f 2568/1969/3908 2567/1967/3906 2566/1966/3905 
s 12
f 2569/1970/3909 2563/1963/3902 2565/1965/3904 
s 13
f 2566/1966/3905 2563/1963/3902 2569/1970/3909 
s 14
f 2566/1966/3905 2561/1961/3900 2563/1963/3902 
s 15
f 2568/1969/3908 2566/1966/3905 2569/1970/3909 
s 16
f 2560/1960/3910 2559/1959/3910 2142/1968/3910 
s 1
f 2570/1971/3911 2571/1972/3912 2572/1972/3913 
s 2
f 2572/1972/3913 2573/1971/3913 2570/1971/3911 
s 3
f 2574/1973/3914 2570/1971/3911 2573/1971/3915 
s 4
f 2573/1971/3916 2575/1973/3917 2574/1973/3914 
s 5
f 2576/1974/3918 2574/1973/3914 2575/1973/3917 
s 6
f 2575/1973/3919 2577/1974/3920 2576/1974/3918 
s 7
f 2578/1975/3921 2576/1974/3918 2577/1974/3920 
s 8
f 2577/1974/3922 2579/1975/3922 2578/1975/3921 
s 9
f 2580/1976/3923 2578/1975/3921 2579/1975/3924 
s 10
f 2579/1975/3924 2581/1976/3925 2580/1976/3923 
s 11
f 2582/1977/3926 2580/1976/3923 2581/1976/3925 
s 12
f 2581/1976/3925 2583/1977/3927 2582/1977/3926 
s 13
f 2584/1978/3928 2582/1977/3926 2583/1977/3927 
s 14
f 2583/1977/3927 2585/1978/3929 2584/1978/3928 
s 15
f 2575/1973/3930 2579/1975/3930 2577/1974/3930 
s 16
f 2575/1973/3931 2585/1978/3929 2579/1975/3924 
s 17
f 2585/1978/3929 2581/1976/3925 2579/1975/3924 
s 18
f 2585/1978/3932 2583/1977/3927 2581/1976/3925 
s 19
f 2586/1979/3933 2587/1980/3934 2588/1980/3935 
s 20
f 2588/1980/3935 2589/1979/3936 2586/1979/3933 
s 21
f 2587/1980/3937 2590/1981/3938 2591/1981/3939 
s 22
f 2591/1981/3939 2588/1980/3935 2587/1980/3937 
s 23
f 2590/1981/3938 2592/1982/3940 2593/1982/3941 
s 24
f 2593/1982/3941 2591/1981/3939 2590/1981/3938 
s 25
f 2592/1982/3942 2594/1983/3943 2595/1983/3944 
s 26
f 2595/1983/3944 2593/1982/3941 2592/1982/3942 
s 27
f 2594/1983/3945 2596/1984/3945 2597/1984/3946 
s 28
f 2597/1984/3946 2595/1983/3944 2594/1983/3945 
s 29
f 2594/1983/3947 2592/1982/3942 2596/1984/3947 
s 30
f 2592/1982/3942 2587/1980/3948 2596/1984/3949 
s 31
f 2587/1980/3950 2598/1985/3951 2596/1984/3950 
s 32
f 2598/1985/3951 2599/1986/3952 2596/1984/3949 
s 33
f 2587/1980/3953 2586/1979/3954 2598/1985/3954 
s 34
f 2592/1982/3955 2590/1981/3955 2587/1980/3953 
s 35
f 2571/1972/3912 2584/1978/3928 2585/1978/3956 
s 36
f 2585/1978/3929 2572/1972/3957 2571/1972/3912 
s 37
f 2575/1973/3917 2572/1972/3958 2585/1978/3929 
s 38
f 2575/1973/3917 2573/1971/3959 2572/1972/3959 
s 39
f 2593/1982/3941 2595/1983/3944 2600/1987/3960 
s 40
f 2589/1979/3936 2588/1980/3935 2601/1988/3961 
s 41
f 2602/1989/3962 2601/1988/3961 2603/1990/3963 
s 42
f 2589/1979/3936 2601/1988/3961 2602/1989/3962 
s 43
f 2604/1985/3964 2589/1979/3936 2602/1989/3962 
s 44
f 2601/1988/3961 2588/1980/3935 2591/1981/3939 
s 45
f 2600/1987/3960 2591/1981/3939 2593/1982/3941 
s 46
f 2601/1988/3961 2591/1981/3939 2600/1987/3960 
s 47
f 2603/1990/3963 2601/1988/3961 2600/1987/3960 
s 48
f 2605/1991/3965 2597/1984/3946 2606/1986/3966 
s 49
f 2602/1989/3962 2606/1986/3966 2604/1985/3964 
s 50
f 2605/1991/3965 2606/1986/3966 2602/1989/3962 
s 51
f 2603/1990/3963 2605/1991/3965 2602/1989/3962 
s 52
f 2595/1983/3944 2597/1984/3946 2605/1991/3965 
s 53
f 2600/1987/3960 2605/1991/3965 2603/1990/3963 
s 54
f 2595/1983/3944 2605/1991/3965 2600/1987/3960 
s 55
f 2607/1992/3967 2608/1993/3968 2609/1994/3969 
s 56
f 2607/1992/3967 2610/1995/3970 2608/1993/3968 
s 57
f 2611/1996/3971 2612/1997/3972 2607/1992/3973 
s 58
f 2611/1996/3971 2613/1998/3974 2612/1997/3972 
s 59
f 2614/1999/3975 2615/1999/3976 2616/2000/3977 
s 60
f 2616/2000/3977 2617/2000/3978 2614/1999/3975 
s 61
f 2617/2000/3978 2616/2000/3977 2618/2001/3979 
s 62
f 2618/2001/3979 2619/2001/3980 2617/2000/3978 
s 63
f 2619/2001/3980 2618/2001/3979 2620/2002/3981 
s 64
f 2620/2002/3981 2621/2002/3982 2619/2001/3980 
s 65
f 2621/2002/3982 2620/2002/3981 2622/2003/3983 
s 66
f 2622/2003/3983 2623/2003/3984 2621/2002/3985 
s 67
f 2623/2003/3984 2622/2003/3983 2624/2004/3986 
s 68
f 2624/2004/3986 2625/2004/3987 2623/2003/3984 
s 69
f 2625/2004/3987 2624/2004/3986 2626/2005/3988 
s 70
f 2626/2005/3988 2627/2005/3989 2625/2004/3987 
s 71
f 2627/2005/3989 2626/2005/3988 2628/2006/3990 
s 72
f 2628/2006/3990 2629/2006/3991 2627/2005/3989 
s 73
f 2630/1997/3992 2631/1992/3993 2607/1992/3973 
s 74
f 2607/1992/3994 2612/1997/3994 2630/1997/3992 
s 75
f 2632/1998/3995 2630/1997/3992 2612/1997/3996 
s 76
f 2612/1997/3996 2613/1998/3997 2632/1998/3995 
s 77
f 2633/1996/3998 2632/1998/3995 2613/1998/3997 
s 78
f 2613/1998/3999 2611/1996/3971 2633/1996/3998 
s 79
f 2634/2007/4000 2633/1996/3998 2611/1996/3971 
s 80
f 2611/1996/3971 2635/2007/4001 2634/2007/4000 
s 81
f 2636/1994/4002 2634/2007/4000 2635/2007/4001 
s 82
f 2635/2007/4001 2609/1994/3969 2636/1994/4002 
s 83
f 2637/1993/4003 2636/1994/4002 2609/1994/3969 
s 84
f 2609/1994/3969 2608/1993/3968 2637/1993/4003 
s 85
f 2638/1995/4004 2637/1993/4003 2608/1993/3968 
s 86
f 2608/1993/3968 2610/1995/3970 2638/1995/4004 
s 87
f 2631/1992/3993 2638/1995/4004 2610/1995/3970 
s 88
f 2610/1995/3970 2607/1992/3973 2631/1992/3993 
s 89
f 2611/1996/3971 2609/1994/3969 2635/2007/4001 
s 90
f 2611/1996/3971 2607/1992/3973 2609/1994/3969 
s 91
f 2639/2008/4005 2640/2008/4006 2641/2009/4007 
s 92
f 2641/2009/4007 2642/2009/4008 2639/2008/4005 
s 93
f 2642/2009/4008 2641/2009/4007 2643/2010/4009 
s 94
f 2643/2010/4009 2644/2010/4010 2642/2009/4008 
s 95
f 2644/2010/4010 2643/2010/4009 2645/2011/4011 
s 96
f 2645/2011/4011 2646/2011/4012 2644/2010/4013 
s 97
f 2647/2012/4014 2648/2013/4015 2649/2014/4016 
s 98
f 2647/2012/4014 2646/2011/4017 2648/2013/4015 
s 99
f 2647/2012/4014 2639/2008/4005 2646/2011/4017 
s 100
f 2639/2008/4005 2642/2009/4008 2646/2011/4017 
s 101
f 2642/2009/4008 2644/2010/4018 2646/2011/4017 
s 102
f 2647/2012/4014 2650/2015/4019 2639/2008/4005 
s 103
f 2596/1984/3949 2599/1986/3952 2606/1986/3966 
s 104
f 2606/1986/3966 2597/1984/3946 2596/1984/4020 
s 105
f 2599/1986/3952 2598/1985/3951 2604/1985/3964 
s 106
f 2604/1985/3964 2606/1986/3966 2599/1986/3952 
s 107
f 2598/1985/4021 2586/1979/3933 2589/1979/3936 
s 108
f 2589/1979/3936 2604/1985/3964 2598/1985/4021 
s 109
f 2629/2006/3991 2628/2006/3990 2615/1999/3976 
s 110
f 2615/1999/3976 2614/1999/3975 2629/2006/3991 
s 111
f 2621/2002/3985 2617/2000/3978 2619/2001/3980 
s 112
f 2621/2002/3985 2614/1999/3975 2617/2000/3978 
s 113
f 2621/2002/3985 2625/2004/3987 2614/1999/3975 
s 114
f 2625/2004/3987 2627/2005/3989 2614/1999/3975 
s 115
f 2627/2005/3989 2629/2006/3991 2614/1999/3975 
s 116
f 2621/2002/4022 2623/2003/3984 2625/2004/3987 
s 117
f 2646/2011/4012 2645/2011/4011 2651/2013/4023 
s 118
f 2651/2013/4023 2648/2013/4024 2646/2011/4024 
s 119
f 2648/2013/4025 2651/2013/4023 2652/2014/4026 
s 120
f 2652/2014/4026 2649/2014/4027 2648/2013/4025 
s 121
f 2649/2014/4027 2652/2014/4026 2653/2012/4028 
s 122
f 2653/2012/4028 2647/2012/4029 2649/2014/4030 
s 123
f 2647/2012/4031 2653/2012/4028 2654/2015/4031 
s 124
f 2654/2015/4032 2650/2015/4019 2647/2012/4029 
s 125
f 2650/2015/4019 2654/2015/4033 2640/2008/4006 
s 126
f 2640/2008/4006 2639/2008/4005 2650/2015/4019 
# 0 polygons - 4698 triangles

