# 3ds Max Wavefront OBJ Exporter v0.97b - (c)2007 guruware
# File Created: 14.06.2015 21:55:29

mtllib Ork Boy.mtl

#
# object Fiche_Space_Hulk
#

v  0.0013 0.0214 0.0050
v  -0.6646 0.0003 -0.2838
v  -0.6019 0.0001 -0.4109
v  -0.7125 0.0001 -0.1504
v  -0.5066 0.0003 -0.5157
v  -0.4001 0.0001 -0.6093
v  -0.2717 0.0003 -0.6697
v  -0.1375 0.0001 -0.7152
v  0.0040 0.0003 -0.7220
v  0.1455 0.0001 -0.7126
v  0.2790 0.0003 -0.6647
v  0.4060 0.0001 -0.6020
v  0.5110 0.0003 -0.5067
v  0.6045 0.0001 -0.4001
v  0.6648 0.0003 -0.2719
v  0.7105 0.0001 -0.1376
v  0.7172 0.0003 0.0038
v  0.7079 0.0001 0.1453
v  0.6600 0.0003 0.2789
v  0.5973 0.0001 0.4059
v  0.5020 0.0003 0.5108
v  0.3953 0.0001 0.6044
v  0.2671 0.0003 0.6647
v  0.1329 0.0001 0.7103
v  -0.0087 0.0003 0.7171
v  -0.1502 0.0001 0.7078
v  -0.2836 0.0003 0.6599
v  -0.4108 0.0001 0.5971
v  -0.5155 0.0003 0.5018
v  -0.6091 0.0001 0.3952
v  -0.6696 0.0003 0.2670
v  -0.7151 0.0001 0.1327
v  -0.7218 0.0003 -0.0089
v  -0.6766 0.0077 -0.2887
v  -0.7204 0.0077 -0.1519
v  -0.6086 0.0077 -0.4154
v  -0.6603 0.0172 -0.2819
v  -0.5931 0.0172 -0.4049
v  -0.7021 0.0172 -0.1481
v  -0.5033 0.0172 -0.5124
v  -0.5157 0.0077 -0.5250
v  -0.3942 0.0172 -0.6003
v  -0.4044 0.0077 -0.6160
v  -0.2700 0.0172 -0.6653
v  -0.2765 0.0077 -0.6816
v  -0.1356 0.0172 -0.7047
v  -0.1390 0.0077 -0.7232
v  0.0040 0.0172 -0.7173
v  0.0042 0.0077 -0.7350
v  0.1434 0.0172 -0.7023
v  0.1472 0.0077 -0.7206
v  0.2771 0.0172 -0.6604
v  0.2840 0.0077 -0.6766
v  0.4002 0.0172 -0.5932
v  0.4107 0.0077 -0.6087
v  0.5077 0.0172 -0.5035
v  0.5203 0.0077 -0.5159
v  0.5956 0.0172 -0.3944
v  0.6111 0.0077 -0.4045
v  0.6605 0.0172 -0.2701
v  0.6769 0.0077 -0.2767
v  0.7000 0.0172 -0.1357
v  0.7183 0.0077 -0.1392
v  0.7124 0.0172 0.0038
v  0.7302 0.0077 0.0040
v  0.6976 0.0172 0.1432
v  0.7159 0.0077 0.1470
v  0.6557 0.0172 0.2770
v  0.6719 0.0077 0.2839
v  0.5885 0.0172 0.4000
v  0.6038 0.0077 0.4105
v  0.4986 0.0172 0.5075
v  0.5111 0.0077 0.5201
v  0.3895 0.0172 0.5954
v  0.3998 0.0077 0.6109
v  0.2654 0.0172 0.6604
v  0.2720 0.0077 0.6767
v  0.1310 0.0172 0.6998
v  0.1345 0.0077 0.7181
v  -0.0086 0.0172 0.7122
v  -0.0087 0.0077 0.7300
v  -0.1480 0.0172 0.6974
v  -0.1518 0.0077 0.7157
v  -0.2817 0.0172 0.6555
v  -0.2886 0.0077 0.6717
v  -0.4047 0.0172 0.5883
v  -0.4152 0.0077 0.6037
v  -0.5122 0.0172 0.4984
v  -0.5248 0.0077 0.5110
v  -0.6001 0.0172 0.3893
v  -0.6158 0.0077 0.3997
v  -0.6651 0.0172 0.2652
v  -0.6815 0.0077 0.2718
v  -0.7046 0.0172 0.1308
v  -0.7230 0.0077 0.1343
v  -0.7171 0.0172 -0.0087
v  -0.7349 0.0077 -0.0089
v  -0.6928 0.0284 -0.0086
v  -0.6808 0.0284 0.1262
v  -0.6784 0.0284 -0.1431
v  -0.6379 0.0284 -0.2724
v  -0.5731 0.0284 -0.3911
v  -0.5570 0.0403 -0.3802
v  -0.6201 0.0403 -0.2648
v  -0.5503 0.0522 -0.3758
v  -0.6127 0.0522 -0.2617
v  -0.6594 0.0403 -0.1392
v  -0.6515 0.0522 -0.1376
v  -0.5495 0.0632 -0.3751
v  -0.6117 0.0632 -0.2612
v  -0.6504 0.0632 -0.1375
v  -0.4669 0.0522 -0.4755
v  -0.4726 0.0403 -0.4812
v  -0.3658 0.0522 -0.5570
v  -0.3703 0.0403 -0.5639
v  -0.3653 0.0632 -0.5562
v  -0.4662 0.0632 -0.4747
v  -0.2507 0.0522 -0.6174
v  -0.2536 0.0403 -0.6248
v  -0.1259 0.0522 -0.6541
v  -0.1275 0.0403 -0.6620
v  -0.1257 0.0632 -0.6529
v  -0.2502 0.0632 -0.6163
v  0.0037 0.0522 -0.6656
v  0.0037 0.0403 -0.6737
v  0.1329 0.0522 -0.6516
v  0.1345 0.0403 -0.6596
v  0.1326 0.0632 -0.6506
v  0.0035 0.0632 -0.6644
v  0.2570 0.0522 -0.6129
v  0.2601 0.0403 -0.6203
v  0.3710 0.0522 -0.5505
v  0.3755 0.0403 -0.5572
v  0.3704 0.0632 -0.5496
v  0.2565 0.0632 -0.6118
v  0.4708 0.0522 -0.4671
v  0.4765 0.0403 -0.4728
v  0.5523 0.0522 -0.3659
v  0.5590 0.0403 -0.3704
v  0.5515 0.0632 -0.3654
v  0.4700 0.0632 -0.4664
v  0.6126 0.0522 -0.2508
v  0.6200 0.0403 -0.2538
v  0.6492 0.0522 -0.1261
v  0.6571 0.0403 -0.1276
v  0.6481 0.0632 -0.1259
v  0.6114 0.0632 -0.2503
v  0.6607 0.0522 0.0035
v  0.6688 0.0403 0.0035
v  0.6469 0.0522 0.1327
v  0.6549 0.0403 0.1343
v  0.6459 0.0632 0.1324
v  0.6597 0.0632 0.0035
v  0.6080 0.0522 0.2568
v  0.6156 0.0403 0.2599
v  0.5458 0.0522 0.3709
v  0.5525 0.0403 0.3754
v  0.5449 0.0632 0.3702
v  0.6069 0.0632 0.2563
v  0.4624 0.0522 0.4707
v  0.4681 0.0403 0.4763
v  0.3612 0.0522 0.5522
v  0.3657 0.0403 0.5589
v  0.3605 0.0632 0.5513
v  0.4617 0.0632 0.4698
v  0.2459 0.0522 0.6125
v  0.2490 0.0403 0.6199
v  0.1214 0.0522 0.6490
v  0.1227 0.0403 0.6569
v  0.1210 0.0632 0.6480
v  0.2456 0.0632 0.6113
v  -0.0082 0.0522 0.6605
v  -0.0082 0.0403 0.6686
v  -0.1375 0.0522 0.6468
v  -0.1390 0.0403 0.6547
v  -0.1373 0.0632 0.6457
v  -0.0082 0.0632 0.6595
v  -0.2615 0.0522 0.6080
v  -0.2646 0.0403 0.6154
v  -0.3756 0.0522 0.5456
v  -0.3801 0.0403 0.5523
v  -0.3749 0.0632 0.5447
v  -0.2610 0.0632 0.6068
v  -0.4754 0.0522 0.4622
v  -0.4811 0.0403 0.4679
v  -0.5569 0.0522 0.3611
v  -0.5638 0.0403 0.3655
v  -0.5560 0.0632 0.3604
v  -0.4745 0.0632 0.4615
v  -0.6172 0.0522 0.2458
v  -0.6246 0.0403 0.2489
v  -0.6539 0.0522 0.1212
v  -0.6618 0.0403 0.1226
v  -0.6527 0.0632 0.1208
v  -0.6162 0.0632 0.2454
v  -0.6654 0.0522 -0.0084
v  -0.6735 0.0403 -0.0084
v  -0.6642 0.0632 -0.0084
v  -0.6573 0.0727 -0.0082
v  -0.6460 0.0727 0.1196
v  -0.6437 0.0727 -0.1359
v  -0.6053 0.0727 -0.2586
v  -0.5438 0.0727 -0.3713
v  0.0025 0.0439 -0.0075
v  -0.6098 0.0727 0.2428
v  -0.5502 0.0727 0.3566
v  -0.4697 0.0727 0.4567
v  -0.3711 0.0727 0.5391
v  -0.2584 0.0727 0.6006
v  -0.1357 0.0727 0.6388
v  -0.0080 0.0727 0.6526
v  0.1198 0.0727 0.6412
v  0.2430 0.0727 0.6049
v  0.3567 0.0727 0.5454
v  0.4569 0.0727 0.4648
v  0.5392 0.0727 0.3664
v  0.6006 0.0727 0.2535
v  0.6390 0.0727 0.1310
v  0.6528 0.0727 0.0033
v  0.6414 0.0727 -0.1245
v  0.6051 0.0727 -0.2477
v  0.5456 0.0727 -0.3616
v  0.4650 0.0727 -0.4616
v  0.3666 0.0727 -0.5439
v  0.2537 0.0727 -0.6055
v  0.1312 0.0727 -0.6439
v  0.0035 0.0727 -0.6575
v  -0.1244 0.0727 -0.6461
v  -0.2476 0.0727 -0.6099
v  -0.3615 0.0727 -0.5503
v  -0.4614 0.0727 -0.4697
v  -0.6425 0.0284 0.2561
v  -0.5798 0.0284 0.3760
v  -0.4948 0.0284 0.4815
v  -0.3909 0.0284 0.5682
v  -0.2722 0.0284 0.6331
v  -0.1430 0.0284 0.6736
v  -0.0084 0.0284 0.6879
v  0.1264 0.0284 0.6759
v  0.2563 0.0284 0.6378
v  0.3762 0.0284 0.5751
v  0.4817 0.0284 0.4901
v  0.5683 0.0284 0.3862
v  0.6333 0.0284 0.2675
v  0.6738 0.0284 0.1383
v  0.6881 0.0284 0.0037
v  0.6760 0.0284 -0.1311
v  0.6380 0.0284 -0.2610
v  0.5752 0.0284 -0.3809
v  0.4903 0.0284 -0.4864
v  0.3864 0.0284 -0.5732
v  0.2677 0.0284 -0.6380
v  0.1384 0.0284 -0.6785
v  0.0038 0.0284 -0.6928
v  -0.1309 0.0284 -0.6809
v  -0.2608 0.0284 -0.6427
v  -0.3808 0.0284 -0.5800
v  -0.4862 0.0284 -0.4950
v  -0.3666 1.5518 -0.0046
v  -0.4128 1.4711 0.1009
v  -0.3962 1.4494 0.0761
v  -0.3776 1.5816 0.0101
v  -0.1940 1.3170 -0.3475
v  -0.2068 1.4767 -0.3514
v  -0.2168 1.4600 -0.3220
v  -0.1819 1.3237 -0.3843
v  -0.4153 1.4153 -0.3919
v  -0.3474 1.2856 -0.4259
v  -0.3613 1.2790 -0.3934
v  -0.4089 1.4309 -0.4209
v  -0.5582 1.4131 0.0209
v  -0.5460 1.3940 -0.0031
v  -0.5688 1.5142 -0.0743
v  -0.5558 1.4885 -0.0874
v  -0.4730 1.4982 -0.3287
v  -0.2557 1.5567 -0.2540
v  -0.5340 1.5326 -0.1966
v  -0.3257 1.5959 -0.1026
v  -0.4763 1.5265 -0.3482
v  -0.2518 1.5884 -0.2728
v  -0.3303 1.6325 -0.1031
v  -0.5444 1.5649 -0.2007
v  0.0782 1.5815 0.0810
v  0.0909 1.5352 0.1785
v  0.1818 1.5473 0.1697
v  0.0272 1.4549 0.1514
v  0.2922 1.4863 0.1228
v  0.1606 1.4902 0.2223
v  0.0714 1.4388 0.2094
v  0.0511 1.3412 0.0938
v  0.3039 1.4045 -0.0381
v  0.2283 1.5472 -0.0614
v  0.2766 1.5307 0.0258
v  0.2344 1.4613 -0.1028
v  0.0331 1.3842 -0.0036
v  0.1437 1.4059 -0.1141
v  0.1513 1.3117 -0.0569
v  0.0585 1.4450 -0.0819
v  0.2411 1.3328 -0.0616
v  -0.5335 1.2301 0.0795
v  -0.4438 1.1654 0.0695
v  -0.4154 1.2406 0.0107
v  -0.5165 1.2954 0.0013
v  0.0129 1.4987 0.0535
v  0.0624 1.5362 -0.0396
v  0.1484 1.5876 -0.0294
v  0.1693 1.5910 0.0713
v  0.1394 1.5111 -0.1043
v  -0.5162 1.4505 -0.2092
v  -0.5367 1.3507 -0.3109
v  -0.5820 1.2903 -0.2334
v  -0.5618 1.3864 -0.1354
v  -0.2199 1.1593 -0.0583
v  -0.2805 1.0986 -0.1783
v  -0.2261 1.1049 -0.0323
v  0.1431 1.1641 0.3104
v  0.1392 1.2544 0.3802
v  0.1112 1.2195 0.2581
v  0.1296 1.2146 0.4153
v  0.2213 1.1550 0.2106
v  0.2287 1.1377 0.2516
v  0.4545 0.8654 0.4192
v  0.3246 0.8460 0.5001
v  0.4373 0.8648 0.3532
v  0.2774 0.8376 0.4470
v  0.4194 0.8599 0.4799
v  0.4112 1.0123 0.4215
v  0.3473 1.0080 0.4783
v  0.2470 0.9801 0.4715
v  0.3492 0.8425 0.3329
v  0.4001 1.0045 0.3384
v  0.1646 1.2727 0.0431
v  0.1094 1.3140 0.1673
v  0.0936 1.4024 0.2552
v  0.3414 1.1980 0.2365
v  0.3303 1.2993 0.3183
v  0.3192 1.1802 0.2853
v  0.2017 1.4427 0.2603
v  0.3190 1.3648 0.0614
v  0.2577 1.2901 0.0361
v  0.1993 1.1847 0.1596
v  0.0898 1.2530 0.2160
v  0.1907 1.2664 0.1176
v  -0.4625 1.3436 -0.0107
v  -0.5714 1.3020 -0.0941
v  -0.7327 1.0229 0.0182
v  -0.7555 0.8497 0.0483
v  -0.6510 0.9990 0.0951
v  -0.6094 1.0528 0.0695
v  -0.6618 1.0775 0.0100
v  -0.6959 0.6831 -0.0117
v  -0.6055 0.8121 -0.0714
v  -0.6600 0.8085 0.0576
v  -0.7546 0.6858 0.0291
v  -0.5408 0.9580 0.0729
v  -0.5107 1.0275 0.0972
v  -0.8217 0.7576 -0.1289
v  -0.7338 0.7270 -0.1335
v  -0.6761 0.6969 -0.0965
v  -0.5042 0.9391 -0.0393
v  -0.5001 1.0073 -0.0177
v  -0.5232 1.2153 -0.2637
v  -0.4377 1.1817 -0.2401
v  -0.4835 1.1613 -0.1789
v  -0.6709 0.8544 -0.1296
v  -0.5687 1.0104 -0.0998
v  -0.7691 0.8889 -0.0955
v  -0.7211 0.9988 -0.0970
v  -0.6606 1.0575 -0.0777
v  -0.6669 1.0903 -0.1234
v  -0.5488 1.0362 -0.1314
v  -0.6689 1.1650 -0.0162
v  -0.5660 1.1037 0.0819
v  -0.5769 1.2372 -0.1773
v  -0.6489 1.1662 -0.1681
v  -0.6401 1.2600 -0.0601
v  -0.5110 1.0738 -0.1651
v  -0.4147 1.1809 -0.1000
v  -0.4149 1.1073 -0.0675
v  -0.8011 0.8779 -0.0184
v  -0.8557 0.7449 -0.0712
v  -0.5068 1.0755 0.0736
v  -0.4501 1.0680 -0.0431
v  -0.3044 1.0003 -0.0477
v  -0.3038 0.8700 -0.0751
v  -0.3355 0.9491 0.0103
v  -0.2635 0.9067 -0.1225
v  -0.2495 1.0659 0.0353
v  -0.2839 1.0283 0.1023
v  -0.1646 0.8462 -0.1414
v  -0.0387 0.8074 -0.1334
v  -0.1616 0.8285 -0.1572
v  -0.0460 0.8248 -0.1195
v  -0.2426 1.0509 0.0235
v  0.0946 1.3448 0.3365
v  -0.2437 0.9086 -0.1140
v  -0.2795 0.9936 -0.0448
v  -0.0581 0.7501 -0.0796
v  -0.1894 0.7722 -0.1055
v  -0.1518 1.0767 0.0802
v  -0.1594 1.0945 0.0944
v  -0.1835 1.0482 0.1570
v  -0.1484 1.4679 -0.2842
v  -0.0866 1.5030 -0.2335
v  0.0021 1.2655 -0.3551
v  -0.1678 1.3182 -0.3792
v  -0.1899 1.4114 -0.3301
v  -0.2759 1.0309 -0.1480
v  -0.2366 1.0866 -0.2664
v  -0.2126 1.0094 -0.2176
v  -0.2634 0.9643 -0.1405
v  0.1110 1.0560 0.0280
v  0.1326 1.0347 -0.0598
v  0.1770 1.1263 -0.0565
v  0.1626 1.1210 -0.1781
v  0.0612 0.8831 -0.0829
v  0.1211 0.9973 -0.1594
v  0.2779 1.4166 0.1849
v  0.2922 1.3306 0.1254
v  -0.1489 0.8668 -0.1757
v  -0.1262 0.9819 -0.2736
v  -0.1347 1.0842 -0.3302
v  -0.0301 0.8512 -0.1560
v  -0.3529 1.5366 -0.2057
v  -0.2629 1.5543 -0.1408
v  -0.2173 1.5071 -0.2470
v  -0.2974 1.4957 -0.3171
v  -0.2615 1.3899 -0.3716
v  -0.3592 1.2394 -0.0428
v  -0.3392 1.1949 -0.0845
v  -0.2763 1.5116 -0.0824
v  -0.3603 1.4784 -0.1024
v  -0.2772 1.3574 -0.0122
v  -0.1876 1.3771 0.0672
v  -0.1506 1.1484 -0.3710
v  0.0343 1.1197 -0.3373
v  -0.1558 1.5585 -0.0854
v  -0.1555 1.2441 -0.3846
v  -0.0857 1.2446 -0.3903
v  -0.2781 1.2469 -0.3533
v  0.3603 1.1675 0.4021
v  0.2602 1.1736 0.4578
v  0.2348 1.2218 0.4098
v  0.3030 1.2238 0.3624
v  0.2253 0.9529 0.3359
v  0.1531 1.1384 0.4176
v  0.2804 0.8292 0.3593
v  0.3084 0.9712 0.2888
v  0.1410 1.0928 0.3079
v  0.1986 1.2781 0.3969
v  0.3721 1.1137 0.2975
v  0.3472 1.2593 0.1713
v  0.3287 1.3799 0.2458
v  0.1888 1.4011 0.3540
v  0.1494 1.1888 -0.2474
v  0.2436 0.6709 0.5032
v  0.2812 0.6996 0.4663
v  0.3282 0.6652 0.4729
v  0.4121 0.7075 0.3707
v  0.3609 0.7705 0.3389
v  0.3945 0.7682 0.3460
v  0.3585 0.6476 0.4416
v  0.2765 0.8139 0.4228
v  0.4428 0.7033 0.4790
v  0.3967 0.8145 0.4976
v  0.3919 0.7129 0.5274
v  0.4440 0.7999 0.4234
v  0.3008 0.8196 0.4871
v  -0.8617 0.5474 -0.1910
v  -0.8404 0.4986 -0.0368
v  -0.8833 0.5970 -0.1107
v  0.2657 0.6830 0.5402
v  0.4407 0.7839 0.3370
v  0.3835 0.8371 0.3503
v  0.4404 0.8529 0.4364
v  0.3502 0.6321 0.2595
v  0.3247 0.6449 0.3089
v  0.3098 0.6469 0.2758
v  0.3605 0.6323 0.2934
v  0.4816 0.7521 0.3834
v  0.4542 0.6218 0.4554
v  0.4195 0.6140 0.4242
v  0.4270 0.8476 0.3712
v  0.2147 0.6380 0.4750
v  0.2358 0.6741 0.4842
v  0.1953 0.6717 0.4072
v  0.2139 0.6922 0.4260
v  0.3133 0.6421 0.3426
v  0.3045 0.6154 0.3112
v  0.3867 0.7065 0.3248
v  0.4085 0.7188 0.2543
v  0.3770 0.6334 0.4509
v  0.3411 0.6228 0.4092
v  -0.6643 0.5705 -0.2273
v  -0.6617 0.5564 -0.1889
v  -0.6848 0.6267 -0.1635
v  -0.7000 0.6364 -0.1880
v  -0.6295 0.5724 -0.2332
v  -0.6460 0.6751 -0.2223
v  -0.6253 0.5572 -0.1899
v  -0.6410 0.6470 -0.1637
v  -0.8631 0.6297 -0.1702
v  -0.8514 0.5775 -0.2370
v  -0.8087 0.7195 -0.1330
v  -0.7922 0.7126 -0.2035
v  -0.8011 0.6387 0.0025
v  -0.8533 0.6867 -0.0631
v  -0.7905 0.6924 0.0240
v  -0.7179 0.7149 -0.0547
v  -0.7335 0.6939 0.0180
v  -0.7331 0.6355 -0.0086
v  -0.7730 0.7450 -0.0391
v  -0.7519 0.7597 -0.1118
v  -0.8159 0.7563 -0.0931
v  -0.8390 0.7259 -0.0372
v  -0.7145 0.7316 -0.0960
v  -0.6978 0.6689 -0.1256
v  0.3496 0.7329 0.2788
v  0.3574 0.7146 0.3228
v  0.4097 0.6258 0.4892
v  0.3585 0.6233 0.3994
v  0.3958 0.6090 0.3821
v  0.3117 0.8757 0.4732
v  0.3469 0.8491 0.3730
v  0.2914 0.8763 0.4195
v  0.3947 0.8620 0.4854
v  0.3776 0.8794 0.4212
v  0.3343 0.5820 0.3978
v  0.3091 0.6131 0.3155
v  0.3666 0.6241 0.3229
v  0.3454 0.5975 0.2963
v  0.3301 0.6398 0.3422
v  -0.4631 1.4147 -0.0484
v  -0.3795 1.3861 -0.0221
v  0.3419 0.5796 0.3909
v  0.3782 0.5645 0.3723
v  -0.3365 1.4526 -0.0965
v  -0.4203 1.4791 -0.1243
v  -0.4408 1.2614 -0.0597
v  -0.3783 1.2832 -0.0163
v  -0.3364 1.2157 -0.1467
v  -0.4448 1.4802 -0.2741
v  -0.4473 1.4096 -0.3384
v  -0.2886 1.2782 -0.2206
v  -0.3940 1.2418 -0.3187
v  -0.3625 1.3447 -0.3433
v  -0.2860 1.3600 -0.2820
v  -0.4768 1.2779 -0.3384
v  -0.2743 1.3698 -0.1302
v  -0.2928 1.4371 -0.2177
v  -0.3732 1.4976 -0.2139
v  -0.6908 0.4808 -0.0455
v  -0.7147 0.5032 -0.0386
v  -0.7775 0.4877 -0.0428
v  -0.3512 1.4420 -0.3031
v  -0.8086 0.5589 -0.2297
v  -0.7523 0.6410 -0.1876
v  -0.7952 0.5466 -0.1602
v  -0.8125 0.5438 -0.1782
v  -0.8089 0.5360 -0.1165
v  -0.7982 0.4851 -0.0429
v  -0.8388 0.7192 -0.0079
v  -0.7598 0.5248 -0.1757
v  -0.6564 0.5212 -0.1921
v  -0.7619 0.4494 -0.0538
v  -0.7489 0.4914 -0.2003
v  -0.6869 0.5398 -0.1699
v  -0.6623 0.5209 -0.1951
v  -0.6621 0.5337 -0.2371
v  -0.6939 0.5605 -0.2253
v  -0.6942 0.5476 -0.1831
v  -0.7803 0.5378 -0.0654
v  -0.7588 0.5373 -0.1911
v  -0.7606 0.5513 -0.2323
v  -0.7462 0.4954 -0.2097
v  -0.7464 0.5086 -0.2512
v  -0.7192 0.6846 -0.1476
v  -0.7308 0.7253 -0.1733
v  -0.1806 0.7252 -0.0894
v  -0.1621 0.7528 -0.0634
v  -0.1589 0.7280 0.0295
v  -0.1692 0.7020 0.0167
v  -0.2537 0.7823 -0.1174
v  -0.2216 0.7995 -0.1105
v  -0.3463 0.8292 -0.0766
v  -0.3135 0.8559 -0.0636
v  -0.4593 0.5956 -0.2472
v  -0.4971 0.5823 -0.1539
v  -0.3911 0.8372 0.0290
v  -0.4390 0.5479 -0.0521
v  -0.3255 0.7267 0.1473
v  -0.3858 0.7903 0.1055
v  -0.2363 0.6987 0.1478
v  -0.2903 0.8156 0.2211
v  -0.3409 0.5232 -0.0364
v  -0.2401 0.5252 -0.0689
v  -0.1980 0.5564 -0.1661
v  -0.2354 0.5808 -0.2686
v  -0.3559 0.5943 -0.2995
v  -0.1830 0.6998 0.1252
v  -0.4933 0.0655 0.0202
v  -0.4560 0.1540 0.0168
v  -0.4891 0.1458 -0.0580
v  -0.3810 0.1613 0.0752
v  -0.3955 0.0653 0.0766
v  -0.2732 0.0653 0.0435
v  -0.2902 0.1509 0.0354
v  -0.0933 0.7177 0.0689
v  -0.0897 0.7298 -0.0133
v  -0.0374 0.7385 0.0148
v  -0.2660 0.1451 -0.0359
v  -0.4994 0.0658 -0.1034
v  -0.2613 0.0657 -0.0789
v  0.0554 0.3784 0.1983
v  0.0845 0.4899 0.2655
v  0.0861 0.4635 0.1667
v  0.0620 0.5265 0.2594
v  0.0520 0.5078 0.1555
v  0.1527 0.4542 0.0847
v  0.1239 0.5247 0.0738
v  0.1325 0.3663 0.1307
v  0.2531 0.4646 0.0765
v  0.2321 0.5496 0.0627
v  0.2248 0.3625 0.1150
v  0.3385 0.4971 0.1700
v  0.3078 0.5836 0.1564
v  0.3232 0.3828 0.2157
v  -0.3724 0.8286 0.1613
v  -0.3715 0.8997 0.0356
v  -0.0666 0.7681 -0.0559
v  0.0040 0.7752 -0.0021
v  -0.2448 0.3806 -0.2313
v  -0.2208 0.3986 -0.1426
v  -0.2456 0.2034 -0.0941
v  -0.1585 0.6802 0.1410
v  -0.1247 0.7162 0.0498
v  -0.2276 0.9349 0.2238
v  -0.1946 0.8067 0.2694
v  -0.1500 0.9428 0.2631
v  -0.1962 0.7283 0.1713
v  0.0422 0.4075 0.3040
v  0.0618 0.4059 0.2981
v  0.1058 0.4233 0.3795
v  0.1169 0.4201 0.3636
v  0.2204 0.4217 0.3831
v  -0.2969 0.9457 0.1893
v  -0.1743 1.0299 0.1392
v  -0.3113 0.9675 0.0322
v  -0.3524 0.9362 0.1423
v  -0.1448 0.7811 -0.0859
v  -0.1971 0.7990 -0.0912
v  -0.0652 0.7661 -0.0662
v  -0.2293 0.8112 0.2241
v  -0.3660 0.4944 -0.3270
v  -0.5014 0.3856 -0.2153
v  -0.4773 0.5033 -0.2671
v  -0.1378 0.7494 -0.0457
v  -0.4259 0.2143 0.0071
v  -0.4725 0.1976 -0.0836
v  -0.3787 0.2367 0.0403
v  -0.2970 0.2170 -0.0003
v  -0.3771 0.2027 -0.2561
v  -0.3744 0.2494 -0.2217
v  -0.3456 0.0668 -0.4458
v  -0.4775 0.1459 -0.3968
v  -0.3456 0.1460 -0.4452
v  -0.4776 0.0667 -0.3971
v  -0.4924 0.4044 -0.1148
v  -0.4415 0.4268 -0.0145
v  -0.5072 0.0664 -0.2900
v  -0.5056 0.1456 -0.2896
v  -0.2233 0.0662 -0.2602
v  -0.2243 0.1454 -0.2601
v  -0.2307 0.1457 -0.3709
v  -0.3497 0.2041 -0.3826
v  0.5396 0.1410 0.3026
v  0.4507 0.2003 0.2078
v  0.4107 0.1398 0.4210
v  -0.2294 0.0665 -0.3710
v  0.0423 0.0628 0.2454
v  0.0303 0.0614 0.3714
v  0.0296 0.1576 0.3580
v  0.0163 0.8377 0.2699
v  -0.0552 0.7948 0.3036
v  0.2302 0.6068 0.3426
v  0.1791 0.1407 0.4418
v  0.1024 0.0604 0.4583
v  0.2252 0.0605 0.4434
v  0.1610 0.0631 0.2129
v  0.1197 0.1425 0.2256
v  0.4111 0.0606 0.4217
v  0.2237 0.2059 0.4313
v  0.3327 0.0637 0.1428
v  0.3330 0.1429 0.1446
v  0.3687 0.1430 0.1175
v  0.1643 0.1905 0.1983
v  0.3559 0.2085 0.2944
v  -0.1171 0.7243 0.2756
v  0.1146 0.5682 0.3367
v  0.5396 0.0619 0.3018
v  0.4984 0.0633 0.1655
v  0.3676 0.0638 0.1155
v  0.4982 0.1424 0.1666
v  0.0535 0.1481 0.2616
v  0.0712 0.8525 0.1498
v  0.0165 0.8978 0.2474
v  0.0903 0.8243 0.1859
v  -0.1045 0.8219 0.3135
v  -0.1546 0.6846 0.2002
v  -0.0075 0.7380 0.0306
v  0.0301 0.7034 0.0445
v  -0.0686 0.6800 0.0822
v  0.0619 0.7867 0.0590
v  0.0863 0.7677 0.0913
v  0.3006 0.6072 0.2695
v  0.0998 0.1494 0.4220
v  0.3115 0.2537 0.2728
v  0.0957 0.2075 0.3969
v  0.0627 0.2259 0.3631
v  0.0746 0.2004 0.2789
v  0.3169 0.4155 0.3490
v  0.3293 0.5257 0.2927
v  0.1412 0.5097 0.3423
v  0.2642 0.5281 0.3563
v  0.0377 0.8160 0.0118
v  0.0032 0.9902 0.1702
v  -0.0814 0.9343 0.2853
v  -0.0684 1.0309 0.1845
v  -0.2925 1.1406 -0.2822
v  -0.3620 1.1785 -0.1464
v  0.0818 0.8820 0.1187
v  0.0532 1.0261 0.1092
v  0.0326 0.9693 0.1804
v  0.0928 0.9320 0.0346
v  -0.0522 1.0801 0.1218
v  0.0478 0.8635 -0.0487
v  0.0594 0.8460 -0.0607
v  -0.0464 1.0651 0.1096
v  0.0352 1.0164 0.0933
v  0.0734 0.9308 0.0261
v  0.0572 0.7981 0.0033
v  -0.1167 1.5324 -0.1713
v  -0.4012 1.3712 -0.0205
v  -0.1834 1.5172 -0.0007
v  0.1024 0.9884 0.0242
v  -0.0237 1.1217 0.0551
v  0.0148 0.9657 -0.2557
v  0.0101 1.5448 -0.1548
v  -0.0444 1.5905 -0.0522
v  0.0657 1.6060 -0.0360
v  0.1152 1.5642 -0.1498
v  0.0765 1.4652 -0.2331
v  0.1575 1.4593 -0.2017
v  0.1191 1.3657 -0.2629
v  0.0374 1.3474 0.1264
v  -0.0740 1.4201 0.0991
v  -0.0113 1.1784 0.0311
v  0.1195 1.1353 -0.0069
v  0.0603 1.2729 0.0986
v  0.0248 1.5560 0.0662
v  -0.0652 1.5627 0.0185
v  0.0932 1.2731 -0.3175
v  0.1404 1.2873 -0.2632
v  0.1765 1.3102 -0.1620
v  -0.0003 1.4925 -0.2242
v  -0.3326 1.1639 -0.2806
v  -0.3765 1.1928 -0.1512
v  -0.3573 1.1782 -0.2727
v  -0.4104 1.5382 -0.2743
v  -0.3997 1.4554 -0.3496
v  -0.4296 1.5180 -0.2725
v  -0.3761 1.4739 -0.3518
v  -0.4361 1.5161 -0.1714
v  -0.4119 1.4742 -0.0961
v  -0.4193 1.5370 -0.1589
v  -0.4071 1.2382 -0.0460
v  -0.4526 1.3672 -0.0482
v  -0.3200 1.2813 -0.0600
v  -0.4406 1.3710 -0.0167
v  -0.3080 1.3883 -0.3890
v  -0.3178 1.2695 -0.3450
v  -0.3358 1.3812 -0.3722
v  -0.2946 1.2591 -0.3554
v  -0.4225 1.4602 -0.1171
v  -0.2058 0.4855 -0.1910
v  -0.2509 0.4154 -0.0452
v  -0.2414 0.4866 -0.2873
v  -0.3794 0.3699 -0.2766
v  -0.4314 0.4237 -0.0312
v  -0.3475 0.4281 -0.0096
v  -0.3448 0.4324 0.0103
v  -0.2536 0.4882 -0.0950
v  0.1074 1.2800 0.0769
v  0.0184 1.4408 0.1497
v  0.1657 1.2140 -0.0843
v  -0.5080 0.5020 -0.1801
v  -0.3462 0.4981 -0.0522
v  -0.4417 0.4991 -0.0723
v  0.1585 1.6220 -0.0571
v  0.2144 1.5371 -0.1161
v  0.1985 1.5449 -0.1438
v  0.1226 1.6098 0.0457
v  0.0523 1.5848 0.1256
v  0.0748 1.5719 0.1165
v  0.0954 1.6250 0.0427
v  0.0732 1.4544 0.1651
v  0.0675 1.3348 0.1563
v  0.0885 1.3490 0.1490
v  0.0427 1.4511 0.1793
v  0.2110 1.3572 -0.1305
v  0.2013 1.4727 -0.1825
v  0.2106 1.4719 -0.1506
v  0.2053 1.3420 -0.1527
v  0.1795 1.6062 -0.0429
v  0.1213 1.2961 0.0784
v  0.1901 1.2664 -0.0394
v  0.1864 1.2472 -0.0602
v  0.0172 1.5214 -0.6368
v  -0.0258 1.5130 -0.6385
v  -0.0344 1.5518 -0.6137
v  0.0230 1.4912 -0.6286
v  0.0675 1.5028 -0.6019
v  0.0910 1.5360 -0.5545
v  0.0630 1.5627 -0.5739
v  0.0536 1.4717 -0.5818
v  0.0446 1.5567 -0.6062
v  -0.1779 1.3670 -0.5305
v  -0.1720 1.3971 -0.4455
v  -0.1663 1.4086 -0.4966
v  -0.1554 1.4041 -0.5446
v  -0.0790 1.5961 -0.5712
v  -0.0944 1.5890 -0.5892
v  -0.1045 1.5964 -0.5679
v  -0.0731 1.5741 -0.5860
v  -0.0701 1.5724 -0.5627
v  -0.0895 1.5862 -0.5515
v  -0.1145 1.5746 -0.5806
v  -0.1115 1.5729 -0.5573
v  -0.0951 1.5608 -0.5918
v  -0.0800 1.5506 -0.5754
v  -0.0902 1.5580 -0.5541
v  0.1155 1.5152 -0.4054
v  0.1255 1.4545 -0.4202
v  0.1189 1.4261 -0.4435
v  0.0995 1.5122 -0.3945
v  0.1068 1.4499 -0.4098
v  0.1273 1.6184 -0.3519
v  0.1341 1.6058 -0.3737
v  0.0545 1.5296 -0.4185
v  0.1051 1.4148 -0.4440
v  0.0681 1.4537 -0.4724
v  0.0780 1.4445 -0.4299
v  0.0274 1.5852 -0.4183
v  0.0717 1.6106 -0.4170
v  0.0545 1.5900 -0.4579
v  0.0223 1.5079 -0.2845
v  -0.0173 1.5405 -0.3630
v  -0.0388 1.5265 -0.2739
v  0.0257 1.5255 -0.3732
v  0.0112 1.5957 -0.3953
v  -0.0187 1.6025 -0.3848
v  -0.1375 1.5580 -0.5823
v  -0.1076 1.5537 -0.5999
v  -0.1193 1.5224 -0.6189
v  0.0323 1.5617 -0.5699
v  0.0112 1.5528 -0.6155
v  -0.1233 1.4923 -0.6094
v  -0.1592 1.5045 -0.5722
v  -0.1468 1.5643 -0.5465
v  -0.0083 1.5501 -0.5847
v  0.0172 1.5497 -0.5881
v  0.0071 1.5572 -0.5667
v  -0.0142 1.5721 -0.5699
v  -0.0172 1.5738 -0.5932
v  -0.0851 1.4716 -0.6384
v  -0.1011 1.4176 -0.6475
v  -0.1001 1.4684 -0.6205
v  -0.0848 1.4213 -0.6650
v  -0.0618 1.4709 -0.6451
v  -0.0731 1.4142 -0.6476
v  -0.0530 1.4675 -0.6230
v  -0.0652 1.4650 -0.5993
v  -0.0860 1.4655 -0.5992
v  -0.0880 1.3786 -0.6571
v  -0.0139 1.4806 -0.6269
v  -0.0415 1.4323 -0.6601
v  -0.0337 1.4816 -0.6462
v  -0.0311 1.4284 -0.6443
v  -0.0221 1.4799 -0.6062
v  -0.0504 1.4283 -0.6405
v  -0.0510 1.4801 -0.6026
v  -0.0649 1.4811 -0.6189
v  -0.1056 1.5509 -0.5721
v  0.0183 1.5953 -0.5839
v  0.0029 1.5881 -0.6019
v  -0.0072 1.5956 -0.5805
v  0.0242 1.5733 -0.5987
v  0.0272 1.5715 -0.5754
v  0.0078 1.5853 -0.5642
v  0.0022 1.5600 -0.6045
v  0.0600 1.3477 -0.3272
v  0.0700 1.4271 -0.4068
v  0.0794 1.4091 -0.3119
v  0.0603 1.3540 -0.4214
v  -0.0311 1.4904 -0.1774
v  -0.1073 1.5143 -0.1868
v  0.0132 1.4467 -0.1813
v  0.0572 1.4637 -0.2975
v  0.0395 1.4027 -0.1957
v  0.0316 1.3538 -0.2223
v  -0.0353 1.2937 -0.2739
v  -0.0169 1.3151 -0.3556
v  -0.0133 1.5769 -0.6052
v  -0.0318 1.5836 -0.6012
v  -0.0340 1.5992 -0.5936
v  -0.0565 1.4456 -0.6662
v  -0.0032 1.4477 -0.6575
v  -0.0532 1.5170 -0.6451
v  -0.0647 1.4765 -0.7306
v  0.0003 1.4871 -0.7033
v  -0.0041 1.4611 -0.7261
v  -0.0613 1.5065 -0.7058
v  -0.0002 1.4600 -0.6714
v  -0.0592 1.5048 -0.6900
v  -0.0581 1.4637 -0.6795
v  -0.0020 1.4870 -0.6833
v  -0.0330 1.4652 -0.4880
v  0.0733 1.4257 -0.5777
v  0.0756 1.4261 -0.6155
v  0.0576 1.4329 -0.6100
v  0.0038 1.6362 -0.5165
v  -0.0302 1.6544 -0.4757
v  0.0118 1.6421 -0.4784
v  0.0266 1.4619 -0.6581
v  0.0291 1.3798 -0.6407
v  0.0482 1.3962 -0.6097
v  0.0971 1.3347 -0.5198
v  -0.0359 1.3357 -0.5024
v  0.0687 1.4025 -0.5739
v  0.0382 1.4453 -0.6235
v  0.0935 1.3745 -0.4394
v  0.0928 1.3358 -0.4530
v  -0.0283 1.2971 -0.4417
v  0.0565 1.4869 -0.3893
v  0.0354 1.6151 -0.4485
v  -0.0241 1.6411 -0.4283
v  0.0120 1.6313 -0.4379
v  0.0805 1.5799 -0.4635
v  0.0565 1.5871 -0.4889
v  0.0778 1.5755 -0.4937
v  0.0908 1.5183 -0.5145
v  0.0858 1.5698 -0.5297
v  0.0758 1.5145 -0.4690
v  0.0903 1.5935 -0.4251
v  -0.0362 1.6404 -0.5208
v  -0.0202 1.6170 -0.5633
v  -0.0459 1.5981 -0.5926
v  -0.0396 1.6179 -0.5452
v  0.0260 1.5976 -0.6075
v  -0.0036 1.6138 -0.6008
v  0.0261 1.6349 -0.5933
v  0.0034 1.5784 -0.6101
v  0.0278 1.6359 -0.5529
v  0.0394 1.6229 -0.5040
v  0.0427 1.6071 -0.5247
v  0.0395 1.6246 -0.4800
v  -0.0189 1.4691 -0.6629
v  -0.0470 1.4072 -0.6942
v  -0.0107 1.3985 -0.6810
v  -0.0036 1.4799 -0.6761
v  0.0037 1.4080 -0.7030
v  -0.0106 1.4608 -0.6973
v  -0.0092 1.4165 -0.7193
v  -0.0329 1.4598 -0.6942
v  -0.0380 1.4166 -0.7153
v  -0.0349 1.4739 -0.6708
v  -0.0246 1.4884 -0.6804
v  -0.0255 1.4888 -0.6642
v  -0.0182 1.5031 -0.6578
v  0.0031 1.4057 -0.6531
v  -0.0003 1.4887 -0.6566
v  -0.0156 1.4155 -0.6712
v  0.0171 1.4840 -0.6451
v  0.0268 1.4063 -0.6578
v  0.0240 1.4890 -0.6627
v  0.0310 1.4162 -0.6796
v  -0.1217 1.5022 -0.6327
v  -0.1120 1.4825 -0.6477
v  -0.1342 1.4806 -0.6426
v  0.0146 1.4244 -0.6947
v  -0.1111 1.4925 -0.6688
v  -0.1100 1.4147 -0.6676
v  -0.0922 1.4858 -0.6569
v  -0.0863 1.4152 -0.6723
v  -0.0847 1.4922 -0.6758
v  -0.0822 1.4253 -0.6942
v  -0.0983 1.4323 -0.7068
v  -0.1105 1.4265 -0.6934
v  -0.1288 1.4246 -0.6857
v  -0.0916 1.5219 -0.6529
v  -0.0573 1.4229 -0.6805
v  -0.0723 1.5000 -0.6694
v  -0.0895 1.4366 -0.6951
v  -0.0554 1.4924 -0.6595
v  -0.0483 1.5013 -0.6750
v  -0.0400 1.4379 -0.7040
v  -0.0572 1.4499 -0.7184
v  -0.0789 1.4487 -0.7136
v  -0.0556 1.5293 -0.6505
v  0.0471 1.3887 -0.6237
v  0.0559 1.4801 -0.6307
v  0.0493 1.4774 -0.6126
v  0.0512 1.3983 -0.6449
v  0.0349 1.4066 -0.6603
v  0.0321 1.4831 -0.6240
v  0.0147 1.4063 -0.6563
v  0.0051 1.3985 -0.6379
v  0.0520 1.5027 -0.6181
v  0.0369 1.3661 -0.6401
v  0.0273 1.3583 -0.6218
v  0.0742 1.4626 -0.6019
v  0.0458 1.3485 -0.6036
v  0.0693 1.3486 -0.6076
v  0.0615 1.3612 -0.6353
v  -0.1573 1.4639 -0.5754
v  -0.1637 1.3890 -0.6055
v  -0.1465 1.3669 -0.5956
v  -0.1314 1.3686 -0.6041
v  -0.1307 1.3757 -0.6238
v  -0.1343 1.3968 -0.6284
v  -0.1539 1.4010 -0.6212
v  -0.0058 1.4237 -0.6901
v  0.0162 1.5167 -0.6438
v  -0.1360 1.3947 -0.6253
v  -0.1505 1.4826 -0.6029
v  -0.1539 1.4108 -0.6382
v  -0.1333 1.4757 -0.5926
v  -0.1127 1.3966 -0.6302
v  -0.1261 1.4872 -0.6068
v  -0.1080 1.4138 -0.6471
v  -0.1236 1.4274 -0.6579
v  -0.1438 1.4253 -0.6533
v  -0.1395 1.5014 -0.5893
v  0.0236 1.3886 -0.6197
v  -0.0699 1.4710 -0.6006
v  -0.1105 1.4040 -0.6037
v  -0.1064 1.4085 -0.6195
v  -0.1046 1.4602 -0.5768
v  -0.1250 1.4124 -0.6163
v  -0.1189 1.4669 -0.5894
v  -0.1148 1.4764 -0.6100
v  -0.1207 1.3849 -0.6178
v  0.0135 1.4713 -0.6230
v  -0.0113 1.4080 -0.6265
v  -0.0141 1.4805 -0.6208
v  0.0089 1.4042 -0.6235
v  0.0238 1.4618 -0.6050
v  -0.0014 1.4013 -0.6080
v  0.0069 1.4618 -0.5861
v  -0.0168 1.4699 -0.5846
v  -0.0251 1.4780 -0.6005
v  -0.0011 1.3797 -0.6238
v  0.0388 1.4651 -0.5606
v  0.0383 1.4273 -0.5892
v  0.0481 1.4598 -0.5836
v  0.0272 1.4304 -0.5723
v  -0.0576 1.4816 -0.6401
v  0.0181 1.4759 -0.5573
v  0.0150 1.4324 -0.5867
v  -0.0416 1.4054 -0.6533
v  -0.1316 1.4645 -0.5628
v  -0.1278 1.4086 -0.5722
v  -0.1065 1.4578 -0.5504
v  -0.1437 1.4162 -0.5834
v  -0.1317 1.4660 -0.5811
v  -0.1264 1.4181 -0.5926
v  -0.1075 1.4723 -0.5864
v  -0.0862 1.4664 -0.5754
v  -0.0867 1.4666 -0.5596
v  -0.1383 1.3905 -0.5888
v  -0.0869 1.4786 -0.6146
v  -0.0785 1.4604 -0.5771
v  -0.1307 1.4275 -0.5313
v  -0.1373 1.4700 -0.5389
v  -0.1450 1.4283 -0.5425
v  -0.1377 1.4739 -0.5602
v  -0.1297 1.4269 -0.5506
v  -0.1138 1.4787 -0.5674
v  -0.0923 1.4797 -0.5557
v  -0.0925 1.4762 -0.5372
v  -0.1119 1.4712 -0.5256
v  -0.1397 1.4025 -0.5393
v  -0.1265 1.3918 -0.6456
v  -0.1403 1.4014 -0.6642
v  -0.1182 1.4770 -0.6319
v  -0.1028 1.3925 -0.6506
v  -0.0987 1.4025 -0.6724
v  -0.1152 1.4107 -0.6875
v  -0.1327 1.4082 -0.6799
v  0.0042 1.4825 -0.5792
v  0.0157 1.4759 -0.6005
v  0.0336 1.4665 -0.6027
v  0.0251 1.4047 -0.5814
v  0.0523 1.4507 -0.5367
v  0.0616 1.4123 -0.5702
v  0.0609 1.4521 -0.5627
v  0.0498 1.4096 -0.5514
v  0.0304 1.4567 -0.5317
v  0.0357 1.4124 -0.5664
v  0.0148 1.4650 -0.5522
v  0.0262 1.4649 -0.5742
v  0.0452 1.4595 -0.5779
v  0.0513 1.3862 -0.5649
v  -0.1077 1.5315 -0.3969
v  -0.1093 1.4284 -0.3833
v  -0.0941 1.4880 -0.3696
v  -0.1073 1.3554 -0.3994
v  -0.1481 1.3763 -0.4077
v  -0.1518 1.3376 -0.4209
v  -0.1274 1.3037 -0.4462
v  -0.0357 1.2960 -0.4991
v  -0.1583 1.3967 -0.5470
v  -0.1119 1.4878 -0.6689
v  -0.1211 1.4880 -0.6873
v  -0.1403 1.4631 -0.6362
v  -0.1573 1.4549 -0.6379
v  -0.1522 1.4345 -0.5825
v  -0.1715 1.4279 -0.5831
v  -0.1069 1.4608 -0.6574
v  -0.1327 1.3810 -0.6196
v  -0.1421 1.3976 -0.5848
v  -0.1604 1.3366 -0.4861
v  -0.1928 1.3595 -0.5318
v  -0.1913 1.3357 -0.4682
v  -0.1474 1.3852 -0.6717
v  -0.1108 1.3629 -0.7248
v  -0.1331 1.3576 -0.6865
v  -0.1136 1.4040 -0.7338
v  -0.1736 1.3726 -0.5989
v  -0.1624 1.3444 -0.6075
v  -0.1760 1.3278 -0.5416
v  -0.1745 1.3240 -0.4959
v  -0.0639 1.3612 -0.7178
v  -0.0621 1.3414 -0.7032
v  -0.0529 1.3217 -0.6320
v  -0.1257 1.4460 -0.4032
v  -0.1298 1.3270 -0.2877
v  -0.1177 1.3920 -0.3435
v  -0.0959 1.3500 -0.3448
v  -0.0576 1.5994 -0.5905
v  -0.0619 1.5838 -0.5972
v  -0.0810 1.5774 -0.5964
v  -0.0783 1.5134 -0.6316
v  -0.1060 1.4485 -0.6440
v  -0.1226 1.4619 -0.7105
v  -0.0650 1.3803 -0.7268
v  -0.0652 1.4011 -0.7296
v  -0.0738 1.6368 -0.5063
v  -0.0716 1.6427 -0.4675
v  -0.0637 1.6174 -0.5576
v  -0.0615 1.6318 -0.4283
v  -0.0887 1.6144 -0.5897
v  -0.1197 1.5986 -0.5884
v  -0.1151 1.6360 -0.5748
v  -0.0986 1.5791 -0.5968
v  -0.1377 1.4466 -0.6005
v  -0.0579 1.5262 -0.3623
v  -0.1124 1.4490 -0.3247
v  -0.0874 1.4984 -0.3021
v  -0.1581 1.4693 -0.2289
v  -0.1740 1.4157 -0.2572
v  -0.1637 1.3690 -0.2781
v  -0.1358 1.5749 -0.5695
v  -0.1134 1.5628 -0.5509
v  -0.0911 1.5636 -0.5622
v  -0.0694 1.5604 -0.5997
v  -0.0631 1.5520 -0.6099
v  -0.0623 1.5777 -0.6077
v  -0.0720 1.5734 -0.5868
v  -0.0857 1.5870 -0.5584
v  -0.1411 1.4731 -0.5563
v  -0.1354 1.6032 -0.5703
v  -0.1332 1.6345 -0.5625
v  -0.1694 1.5379 -0.5204
v  -0.1411 1.6225 -0.5423
v  -0.1063 1.6369 -0.5353
v  -0.1109 1.6082 -0.5046
v  -0.1451 1.4723 -0.4853
v  -0.1574 1.5716 -0.4979
v  -0.0462 1.5919 -0.5946
v  -0.1156 1.5824 -0.5479
v  -0.1646 1.4321 -0.6477
v  -0.1775 1.4194 -0.5861
v  -0.0635 1.4447 -0.7195
v  -0.1142 1.4361 -0.7072
v  -0.1556 1.4166 -0.6561
v  -0.1761 1.4067 -0.5895
v  -0.0488 1.5831 -0.6139
v  -0.0498 1.5514 -0.6200
v  -0.1590 1.5201 -0.4818
v  -0.1435 1.5824 -0.5102
v  -0.1182 1.5883 -0.4660
v  -0.1032 1.6239 -0.4853
v  -0.1404 1.5770 -0.4651
v  -0.1268 1.4552 -0.4468
v  -0.1328 1.5161 -0.4417
v  0.0694 1.5808 -0.5381
v  0.0911 1.4203 -0.5246
v  0.1070 1.3950 -0.4820
v  0.0971 1.4131 -0.5707
v  0.0757 1.4706 -0.5142
v  0.0430 1.4534 -0.6642
v  0.0478 1.4306 -0.6755
v  0.0819 1.4175 -0.6200
v  -0.0115 1.4353 -0.7207
v  0.0404 1.4152 -0.6818
v  0.0760 1.4048 -0.6225
v  -0.0343 1.5775 -0.6114
v  0.0464 1.6019 -0.5941
v  0.0474 1.5735 -0.5935
v  0.0237 1.3840 -0.6941
v  0.0467 1.6332 -0.5861
v  0.0615 1.6210 -0.5688
v  -0.0256 1.5601 -0.6055
v  -0.0195 1.5730 -0.5937
v  0.0555 1.3428 -0.6360
v  0.0058 1.3566 -0.7047
v  0.0874 1.3258 -0.5761
v  0.0989 1.3220 -0.5317
v  0.1237 1.3334 -0.5095
v  0.0634 1.3023 -0.4712
v  -0.0202 1.4033 -0.7461
v  0.0714 1.3708 -0.6309
v  0.1094 1.3572 -0.5714
v  -0.0212 1.3623 -0.7365
v  -0.1347 1.5815 -0.4353
v  -0.1507 1.6205 -0.3155
v  -0.1341 1.5952 -0.3958
v  -0.1630 1.6081 -0.3348
v  -0.1138 1.6120 -0.3927
v  -0.1080 1.5912 -0.4366
v  -0.1545 1.5170 -0.3700
v  -0.1648 1.4282 -0.4064
v  -0.1648 1.4514 -0.3822
v  -0.1364 1.5132 -0.3636
v  -0.1442 1.4407 -0.3769
v  -0.1518 1.4168 -0.4104
v  -0.0718 1.5859 -0.4053
v  -0.0502 1.5962 -0.3873
v  -0.0964 1.6256 -0.4622
v  -0.0871 1.6160 -0.4325
v  0.0026 1.5864 -0.5700
v  0.0361 1.5813 -0.5678
v  0.0045 1.5629 -0.5747
v  0.0351 1.9593 -0.1588
v  -0.0788 1.8348 -0.0988
v  0.0949 1.9707 -0.1639
v  0.0090 2.0541 -0.3162
v  -0.0736 2.0618 -0.2985
v  0.0137 2.0022 -0.1322
v  -0.1058 2.0187 -0.2870
v  -0.0338 1.9530 -0.1506
v  -0.0166 1.9141 -0.1721
v  -0.0698 1.9786 -0.2911
v  0.0142 1.9393 -0.3062
v  0.0307 1.9001 -0.1866
v  0.0956 1.9586 -0.3263
v  0.0801 1.9134 -0.1882
v  0.1281 1.9934 -0.3370
v  0.1127 1.9500 -0.1777
v  0.0920 2.0375 -0.3332
v  -0.0260 2.0062 -0.4870
v  -0.1059 2.0000 -0.4668
v  -0.1321 1.9569 -0.4210
v  -0.0057 1.8912 -0.3770
v  -0.0983 1.8399 -0.4184
v  0.0719 1.9084 -0.4087
v  -0.2274 1.9167 -0.0959
v  -0.1694 1.8010 -0.1132
v  -0.1185 1.8117 -0.0981
v  -0.2818 1.9122 -0.0732
v  -0.2229 1.8873 -0.0404
v  -0.0676 1.8224 -0.0829
v  -0.1907 1.9334 -0.0564
v  -0.1518 1.8195 -0.1205
v  -0.1581 1.7880 -0.0967
v  -0.0851 1.8033 -0.0750
v  -0.0384 1.7782 -0.4501
v  -0.1291 1.8638 -0.4480
v  -0.0480 1.7784 -0.4667
v  -0.0927 1.8393 -0.4185
v  -0.0198 1.7780 -0.4451
v  -0.0138 1.8233 -0.4080
v  -0.0031 1.7779 -0.4547
v  0.0588 1.8380 -0.4410
v  0.0019 1.7779 -0.4732
v  0.0853 1.8619 -0.4798
v  -0.0077 1.7780 -0.4899
v  0.0463 1.8993 -0.5268
v  -0.0263 1.7782 -0.4949
v  -0.0326 1.9155 -0.5369
v  -0.0553 1.7844 -0.4430
v  -0.0174 1.7836 -0.4272
v  0.0152 1.7837 -0.4523
v  -0.0294 1.6025 -0.5083
v  0.0099 1.7846 -0.4931
v  0.0086 1.6016 -0.4925
v  -0.0281 1.7855 -0.5088
v  0.0139 1.6007 -0.4517
v  -0.0187 1.6006 -0.4267
v  -0.0607 1.7853 -0.4838
v  -0.0620 1.6023 -0.4833
v  -0.0566 1.6014 -0.4425
v  0.0987 1.9454 -0.4512
v  0.0578 1.9881 -0.4852
v  -0.1052 1.9006 -0.5043
v  -0.0430 1.7784 -0.4853
v  -0.0242 0.7827 -0.1626
v  0.0209 0.8116 -0.0968
v  0.0248 0.7919 -0.1026
v  0.0035 0.7732 -0.0367
v  0.0089 0.7494 -0.0451
v  -0.0724 0.7046 -0.0623
v  -0.0904 0.7242 -0.0984
v  -0.0457 0.7121 -0.0565
v  -0.0639 0.6979 -0.0481
v  -0.0919 0.6970 -0.0563
v  -0.1009 0.6988 -0.0618
v  -0.0509 0.7266 -0.0471
v  -0.0377 0.7032 -0.0341
v  -0.0442 0.7217 -0.0223
v  -0.0971 0.7115 -0.0469
v  -0.0775 0.7191 -0.0529
v  -0.0690 0.7124 -0.0387
v  -0.1075 0.7172 -0.0499
v  -0.0214 0.7292 -0.0682
v  -0.1311 0.7386 -0.1055
v  -0.1037 0.7826 -0.1590
v  -0.1364 0.7624 -0.0973
v  -0.0969 0.7426 -0.0866
v  -0.0280 0.7476 -0.0563
v  -0.0310 0.8019 -0.1502
v  -0.1077 0.8023 -0.1532
v  -0.8937 0.2936 -0.5799
v  -0.9532 0.2374 -0.5479
v  -0.9401 0.2835 -0.5273
v  -0.9070 0.2476 -0.6006
v  -0.8330 0.2648 -0.5542
v  -0.8462 0.2187 -0.5747
v  -0.8366 0.3691 -0.5714
v  -0.7249 0.7405 -0.3853
v  -0.8529 0.2939 -0.5838
v  -0.7327 0.7314 -0.4103
v  -0.9114 0.3817 -0.5529
v  -0.8075 0.7440 -0.3918
v  -0.9268 0.3068 -0.5653
v  -0.7997 0.7531 -0.3668
v  -0.8480 0.3450 -0.6003
v  -0.8581 0.3097 -0.6160
v  -0.9228 0.3576 -0.5818
v  -0.9319 0.3226 -0.5975
v  -0.7230 0.5763 -0.2721
v  -0.6984 0.6622 -0.2339
v  -0.6674 0.5697 -0.0459
v  -0.6958 0.4639 -0.0851
v  -0.7463 0.5836 -0.0262
v  -0.7772 0.6760 -0.2141
v  -0.8019 0.5898 -0.2524
v  -0.7747 0.4777 -0.0654
v  -0.7928 0.2242 -0.4257
v  -0.7347 0.4228 -0.3324
v  -0.7298 0.4084 -0.3031
v  -0.7873 0.2078 -0.3923
v  -0.7128 0.4337 -0.3307
v  -0.7961 0.2081 -0.4274
v  -0.7789 0.2051 -0.4317
v  -0.9305 0.2317 -0.3938
v  -0.9565 0.3094 -0.5518
v  -0.8221 0.2858 -0.5855
v  -0.8962 0.2052 -0.4270
v  -0.8432 0.2141 -0.4813
v  -0.8496 0.1970 -0.4387
v  -0.9157 0.2269 -0.4632
v  -0.8823 0.2284 -0.4882
v  -0.8425 0.2216 -0.4279
v  -0.8361 0.2387 -0.4705
v  -0.8891 0.2297 -0.4162
v  -0.9086 0.2514 -0.4524
v  -0.8753 0.2530 -0.4774
v  -0.9716 0.3005 -0.5222
v  -0.9497 0.2350 -0.3890
v  -0.8006 0.2701 -0.5641
v  -0.9225 0.2045 -0.4936
v  -0.8582 0.1932 -0.5097
v  -0.8449 0.2393 -0.4893
v  -0.9092 0.2506 -0.4732
v  -0.8282 0.3354 -0.1490
v  -0.7537 0.4012 -0.3029
v  -0.8466 0.4174 -0.2796
v  -0.7354 0.3192 -0.1724
v  -0.8962 0.2440 -0.3567
v  -0.7908 0.1599 -0.2823
v  -0.8837 0.1762 -0.2591
v  -0.8034 0.2278 -0.3799
v  -0.9078 0.1683 -0.2590
v  -0.8422 0.3278 -0.1087
v  -0.8454 0.3498 -0.1370
v  -0.9049 0.1476 -0.2330
v  -0.7403 0.4657 -0.3849
v  -0.8082 0.2293 -0.4905
v  -0.8257 0.2817 -0.5970
v  -0.6864 0.7676 -0.3809
v  -0.7323 0.4416 -0.3361
v  -0.6608 0.6910 -0.2252
v  -0.8642 0.4319 -0.2694
v  -0.8691 0.4464 -0.2988
v  -0.9217 0.2313 -0.3586
v  -0.9601 0.3052 -0.5633
v  -0.9426 0.2529 -0.4569
v  -0.9272 0.2475 -0.3916
v  -0.8210 0.7910 -0.3473
v  -0.7953 0.7145 -0.1915
v  -0.8667 0.4652 -0.3024
v  -0.8748 0.4892 -0.3514
v  -0.7566 0.5143 -0.4839
v  -0.7345 0.4988 -0.4633
v  -0.8910 0.5379 -0.4502
v  -0.9062 0.5293 -0.4213
v  -0.8842 0.4637 -0.2879
v  -0.7079 0.3045 -0.1429
v  -0.7732 0.1454 -0.2924
v  -0.7111 0.3263 -0.1709
v  -0.7703 0.1248 -0.2666
v  0.9457 0.6291 0.2481
v  0.8536 0.6344 0.2764
v  0.9436 0.5667 0.2840
v  0.8318 0.6384 0.2083
v  0.9205 0.6207 0.1782
v  0.8935 0.5955 0.1140
v  0.8054 0.6034 0.1525
v  0.8790 0.5250 0.1180
v  0.8799 0.4765 0.1533
v  0.7954 0.5133 0.1830
v  0.8155 0.5072 0.2476
v  0.9030 0.4797 0.2204
v  0.9292 0.5080 0.2800
v  0.8409 0.5426 0.2998
v  0.0648 0.8053 0.4651
v  0.0728 0.7281 0.5411
v  0.0825 0.7890 0.5294
v  0.0407 0.7652 0.4198
v  0.0347 0.7062 0.4415
v  0.0502 0.6885 0.5001
v  0.9067 0.6044 0.2547
v  0.8970 0.5435 0.2666
v  0.8890 0.6205 0.1906
v  0.8649 0.5806 0.1452
v  0.8589 0.5214 0.1670
v  0.8744 0.5039 0.2255
v  1.0423 0.5553 0.0767
v  1.0338 0.6972 0.1124
v  1.0880 0.5847 0.1940
v  1.0479 0.5784 0.2377
v  1.0050 0.5579 0.2595
v  1.0142 0.5073 0.2686
v  1.0626 0.4965 0.2525
v  1.0835 0.5404 0.2334
v  0.9436 0.5183 0.1015
v  0.9864 0.5388 0.0797
v  0.9527 0.4677 0.1107
v  1.0011 0.4568 0.0945
v  1.0220 0.5008 0.0754
v  1.1743 0.1418 0.2465
v  0.7439 0.2290 0.3453
v  1.1421 -0.0117 0.2506
v  0.8037 0.3342 0.3496
v  1.1442 0.1224 0.1691
v  0.7691 0.3119 0.2606
v  0.9276 0.4588 0.1498
v  0.9699 0.4861 0.2587
v  0.8523 0.5016 0.1657
v  0.8964 0.5301 0.2792
v  0.8226 0.4355 0.1994
v  0.8633 0.4617 0.3039
v  0.8799 0.3853 0.1924
v  0.9188 0.4104 0.2922
v  0.9567 0.3882 0.1604
v  0.9964 0.4137 0.2622
v  1.1632 0.5525 0.1993
v  1.1204 0.5321 0.2211
v  1.1295 0.4815 0.2302
v  1.1780 0.4706 0.2141
v  1.1988 0.5145 0.1949
v  1.0589 0.4925 0.0631
v  1.1017 0.5129 0.0413
v  1.0680 0.4419 0.0722
v  1.1165 0.4310 0.0561
v  1.1373 0.4749 0.0370
v  0.9490 0.5764 0.1083
v  0.9946 0.6058 0.2257
v  1.1573 0.5295 0.0384
v  1.1488 0.6714 0.0741
v  1.2030 0.5590 0.1557
v  1.0640 0.5506 0.0700
v  1.1097 0.5800 0.1874
v  1.2337 0.5527 0.1477
v  0.9372 0.6192 0.2465
v  0.8895 0.5885 0.1240
v  1.1861 0.5220 0.0252
# 1509 vertices

vn -0.0001 -1.0000 -0.0003
vn -0.2323 -0.9671 -0.1041
vn -0.3184 -0.9248 -0.2084
vn -0.3747 -0.9244 -0.0709
vn -0.1742 -0.9673 -0.1843
vn -0.2169 -0.9232 -0.3172
vn -0.0915 -0.9665 -0.2396
vn -0.0776 -0.9256 -0.3705
vn 0.0071 -0.9672 -0.2537
vn 0.0701 -0.9261 -0.3708
vn 0.1042 -0.9669 -0.2331
vn 0.2060 -0.9262 -0.3159
vn 0.1836 -0.9676 -0.1734
vn 0.3177 -0.9231 -0.2168
vn 0.2367 -0.9674 -0.0903
vn 0.3756 -0.9235 -0.0786
vn 0.2534 -0.9673 0.0070
vn 0.3707 -0.9261 0.0699
vn 0.2330 -0.9669 0.1043
vn 0.3214 -0.9235 0.2094
vn 0.1740 -0.9674 0.1842
vn 0.2169 -0.9228 0.3185
vn 0.0905 -0.9672 0.2375
vn 0.0785 -0.9235 0.3754
vn -0.0072 -0.9669 0.2552
vn -0.0708 -0.9247 0.3741
vn -0.1049 -0.9665 0.2343
vn -0.2104 -0.9232 0.3217
vn -0.1834 -0.9677 0.1732
vn -0.3144 -0.9248 0.2144
vn -0.2396 -0.9665 0.0916
vn -0.3726 -0.9247 0.0778
vn -0.2521 -0.9677 -0.0074
vn -0.9166 0.0154 -0.3994
vn -0.9727 0.1318 -0.1908
vn -0.8256 0.1313 -0.5488
vn -0.4113 0.8944 -0.1756
vn -0.3616 0.8994 -0.2454
vn -0.4287 0.8991 -0.0885
vn -0.3124 0.8947 -0.3192
vn -0.6935 0.0147 -0.7203
vn -0.2402 0.8995 -0.3649
vn -0.5519 0.1343 -0.8230
vn -0.1669 0.8940 -0.4157
vn -0.3648 0.0162 -0.9309
vn -0.0824 0.8998 -0.4286
vn -0.1955 0.1302 -0.9720
vn 0.0046 0.8952 -0.4457
vn 0.0191 0.0150 -0.9997
vn 0.0884 0.8994 -0.4282
vn 0.1922 0.1279 -0.9730
vn 0.1760 0.8940 -0.4120
vn 0.3998 0.0155 -0.9165
vn 0.2453 0.8994 -0.3617
vn 0.5494 0.1282 -0.8257
vn 0.3191 0.8948 -0.3124
vn 0.7203 0.0135 -0.6936
vn 0.3662 0.8989 -0.2408
vn 0.8230 0.1330 -0.5523
vn 0.4152 0.8943 -0.1667
vn 0.9309 0.0146 -0.3650
vn 0.4293 0.8994 -0.0822
vn 0.9715 0.1335 -0.1961
vn 0.4459 0.8951 0.0044
vn 0.9997 0.0162 0.0186
vn 0.4283 0.8993 0.0882
vn 0.9731 0.1279 0.1918
vn 0.4117 0.8942 0.1760
vn 0.9163 0.0154 0.4001
vn 0.3622 0.8991 0.2458
vn 0.8249 0.1330 0.5495
vn 0.3125 0.8946 0.3194
vn 0.6936 0.0154 0.7202
vn 0.2408 0.8988 0.3662
vn 0.5530 0.1349 0.8222
vn 0.1669 0.8941 0.4156
vn 0.3651 0.0146 0.9309
vn 0.0822 0.8991 0.4300
vn 0.1959 0.1336 0.9715
vn -0.0046 0.8951 0.4459
vn -0.0180 0.0178 0.9997
vn -0.0882 0.8994 0.4282
vn -0.1915 0.1312 0.9727
vn -0.1760 0.8942 0.4117
vn -0.4002 0.0170 0.9163
vn -0.2456 0.8993 0.3619
vn -0.5485 0.1346 0.8253
vn -0.3189 0.8950 0.3119
vn -0.7200 0.0153 0.6938
vn -0.3643 0.8999 0.2397
vn -0.8227 0.1322 0.5529
vn -0.4146 0.8946 0.1666
vn -0.9307 0.0175 0.3653
vn -0.4295 0.8993 0.0824
vn -0.9717 0.1318 0.1959
vn -0.4459 0.8951 -0.0046
vn -0.9997 0.0147 -0.0190
vn -0.4696 0.8829 -0.0043
vn -0.4614 0.8829 0.0876
vn -0.4594 0.8831 -0.0955
vn -0.4316 0.8833 -0.1833
vn -0.3871 0.8836 -0.2636
vn -0.5657 0.7290 -0.3854
vn -0.6305 0.7285 -0.2679
vn -0.7759 0.3424 -0.5299
vn -0.8638 0.3451 -0.3672
vn -0.6697 0.7294 -0.1393
vn -0.9188 0.3455 -0.1909
vn -0.7751 0.3473 -0.5279
vn -0.8620 0.3515 -0.3654
vn -0.9169 0.3502 -0.1915
vn -0.6580 0.3437 -0.6700
vn -0.4796 0.7294 -0.4878
vn -0.5151 0.3440 -0.7851
vn -0.3742 0.7313 -0.5702
vn -0.5140 0.3476 -0.7842
vn -0.6566 0.3501 -0.6681
vn -0.3517 0.3472 -0.8693
vn -0.2572 0.7265 -0.6373
vn -0.1743 0.3503 -0.9203
vn -0.1282 0.7280 -0.6735
vn -0.1742 0.3562 -0.9180
vn -0.3502 0.3552 -0.8667
vn 0.0093 0.3507 -0.9365
vn 0.0065 0.7278 -0.6857
vn 0.1916 0.3458 -0.9185
vn 0.1388 0.7303 -0.6688
vn 0.1911 0.3466 -0.9183
vn 0.0076 0.3549 -0.9349
vn 0.3664 0.3491 -0.8625
vn 0.2682 0.7277 -0.6312
vn 0.5287 0.3450 -0.7755
vn 0.3852 0.7293 -0.5654
vn 0.5278 0.3485 -0.7746
vn 0.3653 0.3548 -0.8606
vn 0.6701 0.3438 -0.6579
vn 0.4880 0.7293 -0.4795
vn 0.7871 0.3396 -0.5150
vn 0.5725 0.7289 -0.3755
vn 0.7846 0.3475 -0.5134
vn 0.6681 0.3500 -0.6566
vn 0.8678 0.3517 -0.3509
vn 0.6357 0.7280 -0.2569
vn 0.9220 0.3456 -0.1747
vn 0.6738 0.7278 -0.1276
vn 0.9203 0.3499 -0.1751
vn 0.8663 0.3562 -0.3501
vn 0.9395 0.3424 0.0085
vn 0.6840 0.7294 0.0057
vn 0.9185 0.3459 0.1916
vn 0.6684 0.7308 0.1386
vn 0.9163 0.3522 0.1906
vn 0.9379 0.3467 0.0088
vn 0.8609 0.3540 0.3655
vn 0.6281 0.7311 0.2664
vn 0.7749 0.3475 0.5280
vn 0.5669 0.7276 0.3864
vn 0.7744 0.3508 0.5265
vn 0.8606 0.3548 0.3653
vn 0.6571 0.3450 0.6702
vn 0.4807 0.7279 0.4889
vn 0.5139 0.3474 0.7844
vn 0.3754 0.7290 0.5724
vn 0.5117 0.3557 0.7821
vn 0.6557 0.3530 0.6674
vn 0.3502 0.3496 0.8690
vn 0.2565 0.7282 0.6356
vn 0.1755 0.3422 0.9231
vn 0.1270 0.7281 0.6736
vn 0.1737 0.3491 0.9209
vn 0.3506 0.3561 0.8662
vn -0.0082 0.3425 0.9395
vn -0.0056 0.7294 0.6841
vn -0.1910 0.3460 0.9186
vn -0.1389 0.7285 0.6708
vn -0.1904 0.3564 0.9147
vn -0.0089 0.3466 0.9380
vn -0.3658 0.3527 0.8613
vn -0.2681 0.7277 0.6313
vn -0.5283 0.3473 0.7748
vn -0.3858 0.7282 0.5664
vn -0.5275 0.3483 0.7749
vn -0.3656 0.3534 0.8610
vn -0.6694 0.3469 0.6569
vn -0.4883 0.7287 0.4801
vn -0.7830 0.3503 0.5140
vn -0.5720 0.7297 0.3746
vn -0.7825 0.3532 0.5128
vn -0.6683 0.3487 0.6571
vn -0.8709 0.3439 0.3512
vn -0.6359 0.7278 0.2570
vn -0.9199 0.3509 0.1752
vn -0.6732 0.7284 0.1277
vn -0.9190 0.3541 0.1734
vn -0.8687 0.3498 0.3507
vn -0.9365 0.3507 -0.0086
vn -0.6840 0.7294 -0.0061
vn -0.9349 0.3549 -0.0086
vn -0.4577 0.8891 -0.0036
vn -0.4529 0.8874 0.0857
vn -0.4489 0.8887 -0.0927
vn -0.4211 0.8892 -0.1791
vn -0.3795 0.8882 -0.2591
vn -0.0003 1.0000 0.0003
vn -0.4244 0.8891 0.1714
vn -0.3820 0.8895 0.2505
vn -0.3296 0.8870 0.3233
vn -0.2601 0.8867 0.3821
vn -0.1814 0.8861 0.4264
vn -0.0912 0.8920 0.4428
vn -0.0039 0.8890 0.4579
vn 0.0857 0.8890 0.4498
vn 0.1713 0.8893 0.4241
vn 0.2490 0.8910 0.3797
vn 0.3203 0.8895 0.3259
vn 0.3798 0.8882 0.2587
vn 0.4213 0.8892 0.1785
vn 0.4438 0.8913 0.0925
vn 0.4577 0.8891 0.0038
vn 0.4516 0.8881 -0.0855
vn 0.4266 0.8879 -0.1718
vn 0.3796 0.8910 -0.2490
vn 0.3255 0.8897 -0.3202
vn 0.2588 0.8883 -0.3794
vn 0.1786 0.8891 -0.4215
vn 0.0936 0.8882 -0.4498
vn 0.0041 0.8892 -0.4574
vn -0.0851 0.8895 -0.4490
vn -0.1711 0.8893 -0.4241
vn -0.2493 0.8909 -0.3796
vn -0.3202 0.8896 -0.3256
vn -0.4350 0.8831 0.1760
vn -0.3943 0.8819 0.2582
vn -0.3350 0.8827 0.3295
vn -0.2644 0.8828 0.3883
vn -0.1838 0.8828 0.4323
vn -0.0954 0.8830 0.4595
vn -0.0041 0.8829 0.4696
vn 0.0872 0.8833 0.4606
vn 0.1756 0.8833 0.4348
vn 0.2574 0.8828 0.3930
vn 0.3290 0.8831 0.3345
vn 0.3884 0.8827 0.2646
vn 0.4323 0.8827 0.1839
vn 0.4597 0.8829 0.0955
vn 0.4696 0.8829 0.0040
vn 0.4613 0.8830 -0.0873
vn 0.4350 0.8832 -0.1755
vn 0.3919 0.8835 -0.2566
vn 0.3340 0.8836 -0.3282
vn 0.2640 0.8832 -0.3877
vn 0.1839 0.8827 -0.4325
vn 0.0955 0.8830 -0.4596
vn 0.0041 0.8826 -0.4701
vn -0.0874 0.8822 -0.4627
vn -0.1757 0.8832 -0.4349
vn -0.2575 0.8826 -0.3933
vn -0.3283 0.8835 -0.3340
vn 0.9213 -0.3819 0.0733
vn 0.3331 0.5383 0.7741
vn 0.8710 0.1235 0.4755
vn 0.8828 0.0963 0.4598
vn 0.2807 0.7138 0.6416
vn 0.4495 -0.0645 0.8910
vn 0.8024 0.4206 -0.4233
vn 0.6067 -0.1426 0.7821
vn 0.8342 0.2095 -0.5101
vn -0.9249 -0.3801 -0.0112
vn -0.3734 -0.1198 -0.9199
vn -0.5267 -0.7831 0.3308
vn -0.4248 0.1229 -0.8969
vn 0.2456 -0.9647 -0.0951
vn 0.2456 -0.9649 -0.0935
vn -0.0452 -0.7690 0.6377
vn -0.0334 -0.7875 0.6154
vn -0.2442 -0.9424 -0.2285
vn -0.0468 -0.7663 0.6408
vn -0.9236 0.3554 0.1436
vn -0.4215 -0.7381 -0.5268
vn -0.9249 -0.3074 -0.2236
vn -0.6552 -0.7521 0.0710
vn 0.6971 -0.3743 0.6116
vn -0.1170 -0.6523 0.7489
vn -0.5218 -0.8231 -0.2239
vn 0.8305 -0.4531 0.3240
vn 0.5342 -0.6126 -0.5825
vn -0.6190 0.4206 -0.6633
vn 0.6298 0.7490 -0.2059
vn 0.4137 0.8714 0.2636
vn -0.8124 0.5317 -0.2396
vn -0.5613 0.5355 0.6311
vn -0.4889 0.8564 0.1659
vn -0.4289 0.6515 0.6258
vn 0.3010 0.7635 0.5713
vn -0.7616 0.4444 0.4716
vn 0.8236 0.4578 0.3348
vn 0.0582 0.5643 0.8235
vn -0.4602 0.4522 0.7640
vn -0.9018 -0.3248 0.2851
vn -0.8483 -0.5170 0.1146
vn -0.8502 -0.3834 0.3609
vn 0.8847 -0.0810 -0.4591
vn 0.4986 0.6839 -0.5326
vn 0.7761 0.6274 -0.0630
vn 0.4711 0.1225 -0.8735
vn -0.8489 -0.4325 -0.3038
vn -0.1689 -0.2753 -0.9464
vn -0.2387 -0.7701 -0.5915
vn -0.6959 -0.0841 -0.7132
vn 0.4344 -0.6083 -0.6643
vn -0.2218 0.5905 0.7759
vn 0.2668 0.2164 0.9391
vn 0.2655 0.5094 0.8185
vn -0.2386 0.7281 0.6426
vn -0.9879 -0.0565 -0.1447
vn -0.7719 0.2947 -0.5633
vn -0.0271 0.9261 -0.3764
vn 0.2292 0.9600 0.1605
vn -0.5271 0.7619 -0.3763
vn -0.7993 0.5865 0.1312
vn -0.1486 0.4203 -0.8952
vn -0.6679 0.7416 -0.0633
vn -0.7298 0.1829 -0.6587
vn -0.9456 -0.0564 -0.3204
vn -0.8374 0.4877 0.2466
vn -0.5517 -0.1576 0.8190
vn -0.8926 -0.4503 -0.0206
vn -0.7301 0.4977 0.4683
vn -0.9256 -0.2462 -0.2876
vn -0.9115 -0.2899 0.2918
vn -0.8336 -0.5518 -0.0262
vn -0.9818 0.0874 -0.1687
vn -0.9983 -0.0385 -0.0438
vn -0.0576 -0.8822 -0.4674
vn -0.2964 -0.9179 -0.2640
vn 0.1317 -0.9910 -0.0259
vn 0.1595 -0.9872 -0.0025
vn 0.1433 -0.9895 -0.0168
vn 0.1940 -0.9800 0.0456
vn 0.5648 0.2085 0.7984
vn 0.8909 0.3196 0.3226
vn 0.2767 0.2222 0.9349
vn 0.8318 0.2370 0.5020
vn 0.1429 -0.9897 -0.0076
vn 0.0910 0.1202 0.9886
vn -0.6646 -0.0912 0.7416
vn 0.2344 -0.0411 -0.9713
vn 0.7761 0.0949 -0.6234
vn 0.7143 0.1165 -0.6901
vn -0.2157 -0.9574 -0.1921
vn -0.8672 -0.4813 -0.1275
vn -0.9891 -0.1391 0.0480
vn 0.8350 -0.5280 -0.1549
vn 0.8305 0.2217 0.5110
vn 0.8206 -0.5497 0.1562
vn 0.1958 0.8556 0.4792
vn -0.3644 0.7439 0.5602
vn 0.9722 -0.2329 -0.0260
vn 0.5185 -0.8295 -0.2075
vn -0.1879 -0.7211 -0.6669
vn -0.8545 -0.3468 -0.3868
vn -0.0201 -0.8882 -0.4591
vn -0.4923 -0.8676 0.0695
vn -0.2276 0.3412 0.9120
vn -0.7877 0.5910 0.1740
vn -0.7567 0.5756 0.3101
vn -0.5234 0.0445 0.8509
vn -0.2729 0.2122 0.9384
vn -0.3496 0.4453 0.8243
vn -0.7766 0.4646 0.4255
vn 0.7116 -0.5300 0.4612
vn 0.8630 -0.3978 -0.3115
vn 0.4310 -0.3744 0.8210
vn 0.4692 -0.5262 0.7092
vn -0.0742 -0.1895 0.9791
vn 0.0870 -0.2835 0.9550
vn -0.1287 0.4610 0.8780
vn 0.0574 -0.3518 0.9343
vn -0.2895 -0.9173 -0.2733
vn -0.3308 -0.9158 -0.2277
vn -0.3312 -0.9157 -0.2275
vn 0.7867 -0.4259 -0.4469
vn 0.7160 -0.6277 0.3054
vn 0.9003 -0.3347 -0.2782
vn 0.7721 -0.5355 0.3423
vn 0.7755 -0.5331 -0.3382
vn 0.8961 -0.3518 0.2705
vn 0.9411 -0.3157 -0.1208
vn -0.3325 -0.9154 -0.2270
vn -0.5171 -0.6543 -0.5517
vn 0.1700 -0.9005 -0.4002
vn 0.0620 -0.7354 -0.6748
vn 0.5838 -0.1850 -0.7905
vn 0.1791 -0.0149 -0.9837
vn 0.2110 -0.2362 -0.9485
vn -0.6862 0.2908 -0.6667
vn -0.5402 0.4753 -0.6944
vn -0.0441 0.3519 -0.9350
vn -0.8071 -0.3281 -0.4909
vn 0.1006 -0.7340 -0.6716
vn 0.2707 -0.8583 -0.4360
vn -0.8801 -0.4287 -0.2043
vn -0.9137 0.2200 0.3416
vn -0.2532 0.0193 0.9672
vn -0.8388 -0.0376 -0.5432
vn -0.6211 -0.7597 -0.1927
vn -0.6798 0.0779 -0.7293
vn -0.7658 0.6390 0.0721
vn 0.2946 -0.5513 -0.7805
vn 0.7514 -0.3261 -0.5737
vn 0.8205 -0.5693 -0.0505
vn 0.8781 -0.4023 -0.2590
vn 0.9213 -0.3068 0.2389
vn 0.8750 -0.3446 0.3399
vn -0.6304 0.7489 -0.2045
vn -0.9160 0.3497 0.1966
vn -0.8266 0.4378 -0.3537
vn -0.9109 0.3703 0.1817
vn -0.5691 0.3671 -0.7358
vn -0.4900 0.3940 -0.7776
vn 0.7665 -0.4991 0.4041
vn 0.7542 -0.6564 0.0150
vn 0.1045 -0.0083 0.9945
vn 0.0908 -0.0976 0.9911
vn 0.4533 -0.1973 -0.8692
vn -0.5252 0.6441 -0.5562
vn -0.7488 -0.1063 -0.6542
vn -0.9069 0.3725 -0.1972
vn -0.3359 0.2534 -0.9072
vn -0.3014 0.8977 -0.3215
vn -0.6352 0.7591 0.1422
vn 0.2721 0.6659 -0.6947
vn 0.4046 -0.1125 -0.9075
vn -0.0419 -0.0265 -0.9988
vn 0.2522 0.6662 -0.7018
vn 0.2553 0.6666 -0.7003
vn -0.9750 -0.1504 0.1638
vn 0.2453 0.6570 -0.7129
vn 0.2579 0.6686 -0.6975
vn 0.3276 -0.7028 -0.6314
vn -0.2780 -0.5683 -0.7744
vn 0.2585 0.6667 -0.6990
vn -0.0082 0.9976 -0.0690
vn -0.3299 -0.6917 0.6424
vn -0.2847 -0.6785 0.6771
vn -0.4879 -0.7232 0.4889
vn -0.2491 -0.6641 0.7049
vn -0.2608 -0.6624 0.7023
vn 0.1546 0.6312 -0.7600
vn 0.1350 0.7550 -0.6417
vn 0.3320 0.2379 -0.9128
vn 0.1265 0.2904 -0.9485
vn 0.2665 0.5457 -0.7945
vn -0.9796 -0.0963 -0.1761
vn -0.5787 -0.5965 -0.5561
vn -0.6231 -0.4655 -0.6285
vn -0.8450 -0.3576 -0.3977
vn 0.7281 0.0700 0.6819
vn 0.9159 -0.3843 0.1158
vn 0.9596 -0.1410 0.2435
vn 0.9299 -0.2217 -0.2936
vn 0.7531 -0.6312 -0.1858
vn 0.8322 -0.4648 -0.3025
vn 0.8100 0.5404 0.2278
vn 0.9255 -0.2686 -0.2670
vn -0.2930 -0.6711 -0.6811
vn -0.2579 -0.5370 -0.8032
vn -0.7507 -0.4806 -0.4534
vn -0.3859 -0.7000 -0.6009
vn -0.9845 0.1677 0.0515
vn -0.2060 -0.5375 -0.8177
vn 0.2644 -0.8412 -0.4718
vn 0.3074 -0.7603 -0.5723
vn 0.0547 0.9982 0.0230
vn -0.1794 0.9799 0.0876
vn 0.1437 0.8557 -0.4971
vn 0.2428 0.7598 -0.6031
vn 0.2369 0.2839 -0.9291
vn -0.1253 -0.5026 0.8554
vn -0.4871 -0.7163 0.4996
vn -0.3660 0.8113 0.4559
vn -0.1984 0.8524 0.4838
vn -0.2153 0.8228 0.5260
vn -0.3997 0.0551 0.9150
vn -0.4617 -0.0046 0.8870
vn -0.5093 0.3673 0.7783
vn -0.1760 -0.4041 -0.8976
vn 0.4243 -0.3268 -0.8445
vn -0.1398 0.9854 0.0969
vn -0.1458 -0.0668 -0.9870
vn 0.1619 0.0642 -0.9847
vn -0.2637 -0.3189 -0.9104
vn -0.0838 0.5788 0.8111
vn 0.7460 0.5661 0.3506
vn 0.0775 0.4364 0.8964
vn 0.3112 0.2289 0.9224
vn 0.2139 0.6226 0.7527
vn 0.7189 0.4912 0.4918
vn -0.8751 -0.3133 0.3690
vn -0.8191 -0.3862 -0.4241
vn -0.6996 -0.2637 0.6641
vn -0.1871 0.0823 0.9789
vn -0.3514 0.0010 0.9362
vn -0.0073 0.6745 0.7382
vn -0.3292 -0.0726 0.9415
vn 0.2236 -0.9696 0.0991
vn 0.2232 -0.9698 0.0988
vn -0.7190 -0.4576 -0.5231
vn 0.5078 -0.1311 -0.8515
vn -0.8587 -0.4494 0.2463
vn -0.9062 -0.3458 0.2433
vn -0.8525 -0.3121 -0.4194
vn -0.7508 -0.5311 -0.3927
vn -0.0060 0.6634 0.7483
vn -0.3371 0.1976 0.9205
vn 0.0174 0.2695 0.9628
vn -0.0190 -0.4698 -0.8826
vn 0.3152 0.0780 -0.9458
vn 0.7553 0.2138 -0.6195
vn 0.0546 -0.2688 -0.9616
vn 0.8601 0.0301 -0.5092
vn -0.3610 -0.3566 -0.8617
vn -0.2642 -0.3866 -0.8836
vn 0.2247 -0.9693 0.0998
vn 0.5159 -0.8373 0.1808
vn 0.8361 -0.1963 -0.5122
vn 0.8212 0.5588 0.1153
vn -0.6373 -0.4044 -0.6560
vn -0.5983 -0.3742 -0.7085
vn 0.0128 0.6796 0.7334
vn -0.4423 0.4993 0.7451
vn 0.8890 0.3035 0.3428
vn 0.7712 0.6022 -0.2062
vn 0.9455 0.2441 -0.2156
vn 0.8631 -0.1779 -0.4727
vn -0.5908 -0.7818 -0.1996
vn -0.3105 -0.5707 -0.7602
vn -0.3324 -0.4126 -0.8481
vn -0.5058 -0.2394 -0.8287
vn -0.2235 -0.5771 -0.7855
vn -0.3408 -0.1761 -0.9235
vn 0.1718 -0.3282 -0.9289
vn -0.6143 -0.6559 -0.4387
vn -0.6926 -0.1197 -0.7113
vn -0.1315 -0.3574 -0.9246
vn -0.5270 -0.3213 -0.7868
vn 0.7999 0.0413 0.5987
vn 0.4100 0.2439 0.8789
vn 0.3610 0.0204 0.9323
vn 0.9377 0.2556 0.2355
vn -0.9008 0.2995 0.3145
vn -0.8410 0.4034 0.3606
vn -0.5634 0.3563 0.7454
vn -0.8166 -0.4894 0.3059
vn -0.6089 -0.5678 0.5540
vn -0.9931 0.0026 0.1168
vn -0.4184 -0.0040 0.9083
vn 0.5119 0.4632 -0.7235
vn -0.1997 0.0294 -0.9794
vn 0.1048 0.3452 -0.9327
vn 0.9540 0.0561 0.2947
vn 0.4147 -0.9099 0.0103
vn -0.3044 -0.9485 0.0880
vn -0.3123 -0.9463 0.0833
vn -0.2931 -0.9514 0.0945
vn 0.9682 0.0831 -0.2360
vn 0.7583 -0.5960 0.2642
vn 0.5875 -0.4606 -0.6654
vn -0.2978 0.2579 -0.9191
vn 0.2103 0.0950 -0.9730
vn 0.5180 -0.6477 -0.5587
vn 0.4202 -0.4256 -0.8014
vn 0.8044 0.3678 -0.4665
vn 0.9642 0.2519 -0.0833
vn -0.8316 0.4245 0.3582
vn -0.7199 -0.4610 0.5188
vn -0.8300 0.3809 0.4074
vn -0.8285 0.3770 0.4140
vn -0.8280 0.3679 0.4232
vn -0.8297 0.3628 0.4243
vn -0.1641 0.7483 -0.6428
vn -0.1463 0.7704 -0.6205
vn 0.5605 0.5481 -0.6209
vn 0.8024 -0.5956 -0.0366
vn 0.4431 -0.8962 -0.0201
vn 0.6882 -0.7204 0.0867
vn -0.1676 0.7437 -0.6472
vn 0.2658 0.9628 -0.0485
vn 0.2195 0.9264 -0.3061
vn 0.3454 0.9249 -0.1590
vn -0.9281 -0.3711 0.0288
vn -0.9537 -0.2975 -0.0442
vn -0.7855 -0.5597 0.2639
vn -0.7856 -0.5595 0.2641
vn -0.2420 -0.4837 -0.8411
vn -0.1730 0.4333 -0.8845
vn -0.3551 -0.0044 -0.9348
vn -0.4214 -0.1967 -0.8853
vn 0.9859 0.1627 -0.0381
vn 0.8432 0.5107 0.1679
vn 0.7020 0.1971 0.6843
vn 0.9850 0.1726 -0.0013
vn 0.0337 -0.2750 0.9609
vn 0.1409 -0.2950 0.9450
vn -0.8882 0.3471 -0.3011
vn -0.6047 -0.1004 -0.7901
vn -0.7621 -0.5530 -0.3366
vn -0.6128 0.6796 -0.4033
vn -0.7832 0.5737 -0.2395
vn -0.3979 -0.2146 0.8920
vn -0.9550 0.2193 0.1997
vn -0.8058 -0.0810 0.5866
vn 0.9739 0.0272 0.2254
vn 0.9793 -0.0788 0.1864
vn 0.9371 -0.3215 0.1360
vn -0.3247 0.1492 -0.9340
vn -0.5329 -0.8238 -0.1934
vn -0.4945 -0.5514 -0.6719
vn -0.4700 -0.4669 -0.7491
vn 0.1264 0.8925 0.4330
vn 0.3001 0.9097 0.2871
vn -0.1131 0.9508 0.2884
vn 0.5101 0.7927 0.3339
vn -0.2285 0.8393 0.4932
vn -0.0546 0.7743 0.6304
vn 0.2500 0.8012 0.5437
vn -0.6837 0.5177 -0.5144
vn 0.0804 0.8570 -0.5090
vn 0.9705 0.1838 0.1558
vn 0.9679 -0.1160 -0.2229
vn 0.4550 0.8116 0.3665
vn -0.9475 0.1655 0.2736
vn 0.1069 -0.3890 0.9150
vn 0.1182 -0.4010 0.9084
vn 0.1341 -0.3501 0.9271
vn -0.6732 0.6126 -0.4143
vn -0.3539 0.9045 -0.2379
vn -0.8365 0.4384 0.3288
vn 0.1805 -0.3247 0.9284
vn 0.2843 -0.3128 0.9063
vn -0.1529 -0.3216 0.9344
vn -0.1528 -0.3213 0.9346
vn 0.9358 -0.2099 -0.2831
vn -0.3183 0.1578 -0.9348
vn -0.1997 0.5508 -0.8104
vn -0.3377 0.1881 -0.9223
vn -0.8369 0.3741 0.3996
vn -0.8849 0.3543 0.3024
vn 0.7885 -0.1516 0.5961
vn 0.0120 -0.7960 0.6052
vn 0.8396 0.2633 0.4751
vn 0.3223 0.9416 -0.0975
vn 0.2488 0.9321 -0.2633
vn 0.3211 0.9413 -0.1041
vn -0.0950 0.2525 0.9629
vn -0.5726 0.2119 -0.7920
vn -0.6082 0.1048 -0.7868
vn -0.9098 0.2471 0.3336
vn -0.9025 0.2600 0.3434
vn 0.3248 0.2473 0.9129
vn -0.0065 0.8569 -0.5155
vn 0.1857 0.9092 -0.3728
vn 0.0061 0.8888 -0.4582
vn 0.1518 0.9757 -0.1579
vn -0.0316 0.9783 -0.2049
vn 0.0281 0.9939 0.1068
vn 0.2372 0.9517 0.1950
vn 0.3914 0.9202 -0.0123
vn 0.2860 0.9572 0.0440
vn -0.4132 -0.9104 0.0202
vn -0.1479 -0.8388 0.5240
vn 0.8351 0.0094 -0.5500
vn 0.7570 0.0535 -0.6512
vn 0.7593 -0.0130 -0.6506
vn 0.4854 0.8709 0.0771
vn 0.4835 0.8739 0.0505
vn 0.4861 0.8694 0.0884
vn -0.5291 -0.8301 -0.1759
vn -0.5909 -0.7769 -0.2172
vn -0.5002 -0.8515 -0.1572
vn 0.9439 0.0276 -0.3291
vn 0.9284 -0.0165 -0.3712
vn -0.0498 0.7261 -0.6858
vn 0.4372 0.4379 -0.7855
vn -0.3729 0.6344 0.6771
vn 0.6366 0.1718 0.7518
vn -0.8561 0.1712 0.4876
vn -0.5865 -0.7281 0.3549
vn -0.8482 0.2282 0.4780
vn -0.7260 -0.5630 0.3948
vn 0.8065 0.2696 -0.5261
vn -0.1486 -0.3047 0.9408
vn -0.8730 -0.0552 0.4845
vn 0.8519 -0.2252 -0.4728
vn 0.8553 -0.2210 -0.4686
vn 0.8160 -0.1572 -0.5563
vn -0.4642 -0.8670 -0.1813
vn -0.4547 -0.8719 -0.1818
vn -0.8294 -0.5460 0.1183
vn -0.8551 0.2139 0.4723
vn 0.4013 0.9148 0.0466
vn 0.4094 0.9118 0.0309
vn -0.2353 0.9718 0.0174
vn 0.7845 -0.1774 -0.5942
vn 0.2275 -0.8864 0.4032
vn -0.1116 -0.8675 0.4847
vn 0.5356 0.5985 0.5958
vn -0.1741 0.9132 0.3685
vn 0.9642 -0.2386 -0.1157
vn 0.9947 -0.0326 0.0973
vn 0.8206 0.2684 0.5045
vn 0.5492 0.8344 -0.0460
vn 0.9948 0.0210 0.1001
vn 0.8301 -0.4757 0.2911
vn -0.2689 0.8679 -0.4177
vn -0.2019 0.4133 -0.8879
vn 0.8610 -0.5005 -0.0905
vn 0.3182 -0.6254 -0.7125
vn 0.3939 -0.0528 -0.9176
vn 0.8529 -0.0153 -0.5219
vn -0.2916 -0.3424 -0.8932
vn 0.9203 -0.3111 0.2372
vn 0.9200 0.2961 -0.2567
vn 0.2145 0.9735 -0.0793
vn 0.6969 0.2509 0.6719
vn 0.6781 0.7350 -0.0078
vn 0.0083 -0.2803 0.9599
vn 0.0078 -0.2856 0.9583
vn 0.0172 -0.2713 0.9623
vn 0.4251 0.6012 -0.6766
vn 0.7908 -0.5582 -0.2509
vn 0.8535 -0.4596 -0.2455
vn 0.6297 -0.7635 -0.1434
vn 0.3651 -0.9071 -0.2094
vn 0.9529 -0.2820 -0.1114
vn 0.9876 0.1520 -0.0387
vn -0.1343 0.4463 0.8847
vn -0.2117 -0.9205 -0.3286
vn -0.2251 -0.9195 -0.3224
vn -0.2443 -0.9181 -0.3122
vn -0.7355 0.0959 0.6707
vn -0.4944 0.0296 0.8687
vn -0.9098 0.2382 0.3399
vn -0.2273 -0.9219 -0.3137
vn -0.3400 -0.1110 0.9338
vn 0.0307 0.2346 -0.9716
vn -0.2719 0.1633 -0.9484
vn 0.7309 -0.2774 -0.6236
vn -0.2223 0.9492 0.2228
vn -0.2479 0.9411 0.2300
vn -0.2374 0.9445 0.2270
vn 0.3474 -0.9140 -0.2094
vn 0.4146 -0.8976 -0.1496
vn -0.1698 -0.8947 0.4132
vn 0.3166 -0.9189 -0.2354
vn 0.1162 -0.9574 -0.2642
vn -0.1226 0.6359 -0.7620
vn -0.1443 0.6524 -0.7440
vn -0.0804 0.6022 -0.7943
vn 0.1223 0.6115 -0.7817
vn 0.6747 0.7049 0.2189
vn 0.5325 0.7782 -0.3330
vn 0.6747 0.7049 0.2190
vn 0.9204 -0.3684 -0.1311
vn 0.8840 -0.3153 -0.3451
vn -0.0050 0.9484 0.3170
vn 0.0014 0.9491 0.3151
vn 0.1652 0.9359 0.3110
vn 0.1830 0.9394 0.2899
vn 0.1553 0.9405 0.3023
vn -0.0474 -0.4665 0.8833
vn -0.0967 -0.9908 0.0948
vn -0.0616 -0.9495 0.3078
vn -0.4309 -0.8610 -0.2703
vn -0.5093 -0.6638 -0.5477
vn 0.1743 0.4458 -0.8780
vn 0.1410 0.6281 0.7652
vn 0.1003 -0.2074 0.9731
vn 0.4184 0.5675 0.7091
vn 0.1276 0.7947 -0.5934
vn -0.2137 0.6717 -0.7093
vn 0.4452 0.8261 -0.3455
vn -0.2266 -0.4496 -0.8640
vn 0.2354 -0.0848 -0.9682
vn -0.7922 -0.5455 0.2737
vn -0.0493 -0.6538 0.7550
vn 0.0332 0.4180 -0.9078
vn 0.0377 0.4143 -0.9094
vn 0.0282 0.4222 -0.9060
vn 0.3174 -0.9033 -0.2887
vn 0.3214 -0.9049 -0.2789
vn 0.2326 -0.9300 0.2847
vn -0.0319 -0.4287 0.9029
vn -0.1705 0.9384 0.3006
vn -0.1602 0.9444 0.2872
vn 0.7872 -0.4481 -0.4238
vn 0.7709 -0.3977 -0.4976
vn 0.7372 0.0570 -0.6732
vn 0.8664 -0.1395 -0.4795
vn 0.0720 -0.2450 0.9668
vn 0.8065 0.5505 -0.2154
vn 0.9664 0.1394 -0.2159
vn 0.0130 -0.9431 -0.3322
vn 0.0053 -0.9414 -0.3372
vn -0.0057 -0.9388 -0.3443
vn 0.2258 0.1400 -0.9641
vn -0.2126 0.9520 0.2201
vn 0.2482 0.6078 -0.7543
vn 0.2448 0.5743 -0.7812
vn 0.2498 0.6256 -0.7391
vn -0.4484 -0.8682 -0.2126
vn -0.1146 0.9069 0.4054
vn 0.3117 0.9035 0.2940
vn 0.6614 0.6696 0.3378
vn 0.6933 0.6427 0.3260
vn 0.6881 0.6473 0.3280
vn 0.6572 0.6730 0.3393
vn 0.0240 -0.2674 0.9633
vn 0.0710 -0.2225 0.9723
vn -0.3395 0.7666 -0.5450
vn 0.5078 0.0916 -0.8566
vn 0.7824 0.4228 -0.4573
vn 0.8705 0.1481 -0.4694
vn 0.5472 -0.5880 -0.5956
vn 0.8809 -0.4491 -0.1497
vn 0.4334 -0.8510 -0.2966
vn 0.9652 -0.2139 -0.1503
vn 0.1682 0.4888 -0.8560
vn 0.3219 0.3535 -0.8783
vn -0.4295 0.6912 -0.5812
vn -0.2230 0.6696 -0.7084
vn -0.6454 0.4760 -0.5975
vn -0.9754 0.2115 0.0621
vn -0.9203 0.3845 -0.0714
vn -0.6596 -0.3171 0.6814
vn -0.4590 -0.5024 0.7328
vn -0.9238 -0.0494 0.3796
vn 0.1281 -0.6008 0.7891
vn -0.3378 -0.2102 0.9174
vn -0.0213 -0.6367 0.7708
vn 0.6013 -0.6216 0.5021
vn 0.9505 0.0247 -0.3098
vn 0.6476 0.2837 -0.7072
vn -0.0826 0.4911 -0.8672
vn 0.9064 -0.3228 0.2724
vn 0.5539 -0.6543 0.5149
vn 0.9284 -0.3548 0.1105
vn -0.8305 0.2323 0.5062
vn -0.7330 0.3313 0.5942
vn -0.9740 0.1792 0.1388
vn -0.5487 0.1737 0.8178
vn -0.4970 0.0869 0.8634
vn 0.8740 0.1393 0.4655
vn 0.7056 0.2044 0.6785
vn 0.3204 0.0473 0.9461
vn 0.2305 -0.9642 -0.1310
vn 0.3007 -0.9017 -0.3107
vn 0.2931 -0.8728 -0.3903
vn 0.2608 -0.0258 0.9650
vn 0.9810 0.0498 0.1873
vn -0.9936 0.1034 0.0444
vn -0.0005 -1.0000 -0.0030
vn -0.0005 -1.0000 -0.0028
vn 0.9953 0.0057 0.0968
vn -0.9474 0.2275 -0.2251
vn -0.9102 0.3529 0.2168
vn -0.8910 0.1645 -0.4231
vn -0.7006 -0.5597 0.4426
vn -0.8149 -0.5554 0.1660
vn -0.8221 -0.4455 0.3545
vn -0.6880 -0.6890 -0.2279
vn -0.7015 -0.2917 -0.6502
vn -0.6461 -0.6125 -0.4554
vn -0.5954 -0.4841 -0.6412
vn -0.6624 -0.2221 -0.7155
vn -0.0859 -0.1984 -0.9763
vn 0.4262 -0.2267 -0.8758
vn -0.0810 -0.2825 -0.9558
vn 0.3907 0.1157 -0.9132
vn 0.2789 -0.4425 -0.8523
vn -0.1685 -0.4263 -0.8888
vn 0.9439 0.0101 -0.3300
vn 0.8105 0.4619 -0.3603
vn 0.9352 -0.2464 -0.2545
vn -0.8413 -0.0285 0.5398
vn -0.8613 0.4375 -0.2584
vn 0.1662 -0.9802 -0.1073
vn 0.6032 -0.5291 -0.5968
vn 0.9585 -0.1770 -0.2233
vn 0.9925 -0.1182 0.0305
vn 0.9591 -0.1201 0.2563
vn -0.7228 -0.6426 -0.2542
vn 0.2208 -0.9324 -0.2861
vn -0.4939 0.4391 0.7505
vn -0.6347 -0.2028 0.7456
vn -0.2676 0.5789 0.7702
vn -0.4782 -0.6822 0.5531
vn -0.0017 0.9642 -0.2652
vn 0.0116 0.9765 -0.2153
vn 0.0056 0.9803 -0.1976
vn 0.0059 0.9808 -0.1950
vn 0.0139 0.9762 -0.2165
vn 0.0195 0.9824 -0.1858
vn -0.4913 0.5926 0.6383
vn -0.4265 0.8319 0.3550
vn -0.5605 0.7923 -0.2411
vn -0.7294 0.6021 0.3246
vn -0.2868 0.4396 0.8512
vn 0.3069 -0.0487 -0.9505
vn 0.3074 0.8315 -0.4628
vn -0.2152 -0.9680 0.1293
vn -0.0706 -0.3254 0.9429
vn -0.4964 -0.7668 0.4070
vn -0.0934 -0.0509 -0.9943
vn -0.8769 -0.1593 -0.4536
vn -0.7237 0.0618 -0.6874
vn 0.0771 -0.8787 -0.4710
vn -0.0497 -0.9559 -0.2893
vn -0.0479 -0.8877 -0.4580
vn -0.8839 0.4063 0.2316
vn -0.7527 0.2842 0.5938
vn -0.8304 0.4360 0.3468
vn -0.7567 0.4396 0.4839
vn -0.6252 0.2896 0.7247
vn -0.5957 0.3526 0.7217
vn 0.6785 0.3414 0.6505
vn 0.4549 0.2378 0.8582
vn 0.4083 0.3735 0.8330
vn 0.7085 0.2107 0.6736
vn 0.8510 0.3144 0.4208
vn 0.9565 -0.0466 0.2881
vn 0.7146 0.3887 -0.5817
vn -0.6125 0.7519 -0.2440
vn -0.8098 -0.0294 -0.5859
vn -0.8144 -0.0058 -0.5803
vn 0.1104 0.0075 -0.9939
vn -0.4340 0.6256 -0.6482
vn 0.1013 0.3671 -0.9247
vn -0.3462 0.0032 -0.9382
vn -0.9564 -0.0492 0.2878
vn -0.9591 0.1414 0.2452
vn -0.6227 0.0337 0.7817
vn -0.9948 0.0260 -0.0980
vn -0.9955 0.0206 -0.0920
vn -0.9405 0.3332 0.0669
vn 0.9980 0.0118 0.0628
vn 0.9987 0.0129 0.0490
vn 0.9773 -0.0538 0.2047
vn 0.5753 0.6118 -0.5429
vn 0.0542 0.9392 -0.3391
vn 0.3727 0.9213 -0.1110
vn 0.9707 -0.1591 0.1803
vn 0.3318 0.9030 -0.2730
vn 0.0926 0.9894 -0.1115
vn 0.7543 -0.4396 0.4877
vn -0.1558 -0.9444 -0.2896
vn -0.3826 0.9155 -0.1240
vn -0.3622 0.9159 -0.1731
vn -0.9638 0.0018 -0.2666
vn -0.9652 0.0093 -0.2614
vn 0.9059 -0.4100 0.1066
vn 0.7843 0.6196 -0.0305
vn 0.2612 0.9355 -0.2378
vn 0.3235 0.8889 0.3243
vn 0.5412 0.0100 -0.8409
vn 0.9984 0.0166 -0.0549
vn 0.9983 0.0148 -0.0562
vn -0.0006 -1.0000 -0.0029
vn -0.9953 -0.0210 -0.0944
vn -0.9864 0.0527 -0.1555
vn 0.4430 0.4635 0.7674
vn 0.0612 0.0820 0.9947
vn 0.3188 0.3984 0.8600
vn 0.0250 0.1669 0.9857
vn -0.3578 0.2237 0.9066
vn 0.1172 0.0879 0.9892
vn -0.0007 -0.9999 -0.0110
vn -0.0008 -0.9999 -0.0110
vn -0.0010 -0.9999 -0.0109
vn -0.3535 0.0600 -0.9335
vn -0.2635 0.0173 -0.9645
vn -0.6059 0.1502 -0.7813
vn 0.4073 0.0160 0.9131
vn 0.4046 0.0096 0.9145
vn 0.0892 0.0976 0.9912
vn -0.0173 0.1577 0.9873
vn -0.1261 0.2598 0.9574
vn -0.0006 -0.9999 -0.0109
vn -0.0010 -0.9999 -0.0100
vn -0.5048 0.0254 -0.8629
vn -0.4840 0.0223 -0.8748
vn -0.3775 -0.0483 -0.9248
vn -0.1072 0.9187 -0.3801
vn 0.0951 0.6184 -0.7801
vn -0.4558 -0.2717 -0.8476
vn -0.3475 -0.1987 -0.9164
vn -0.4496 -0.0880 -0.8889
vn 0.3411 0.9397 0.0259
vn 0.1226 0.9019 -0.4143
vn 0.3829 0.8392 0.3861
vn -0.4673 -0.4137 0.7813
vn -0.3572 -0.1468 0.9224
vn 0.6808 -0.0027 0.7325
vn 0.6823 -0.0072 0.7310
vn 0.0004 -0.9999 -0.0104
vn -0.0007 -0.9999 -0.0104
vn -0.0016 -1.0000 -0.0070
vn -0.6081 0.0237 -0.7935
vn -0.6161 0.0295 -0.7871
vn 0.6819 0.3710 -0.6304
vn 0.7308 0.0116 -0.6825
vn 0.3570 0.0189 -0.9339
vn -0.7871 0.2138 -0.5786
vn 0.8954 0.4396 -0.0702
vn 0.6776 0.3631 0.6395
vn 0.7243 0.6851 0.0776
vn -0.0953 0.0051 0.9954
vn -0.7607 -0.5792 0.2930
vn -0.2231 -0.5611 -0.7971
vn 0.2682 -0.6170 -0.7399
vn 0.0962 -0.0664 -0.9931
vn -0.2438 -0.3986 -0.8841
vn -0.1471 -0.6297 -0.7628
vn 0.8438 -0.0769 -0.5312
vn 0.7016 0.4017 -0.5886
vn 0.7827 0.5685 0.2535
vn -0.7668 0.0828 0.6366
vn -0.7128 0.1689 0.6808
vn -0.4606 0.3240 0.8264
vn -0.4617 -0.5399 -0.7038
vn 0.4473 0.0126 -0.8943
vn 0.9173 0.1899 -0.3499
vn -0.4340 -0.3908 -0.8117
vn -0.1700 -0.3805 -0.9090
vn -0.1074 0.1262 0.9862
vn -0.4521 0.2492 0.8565
vn -0.7709 0.0872 0.6309
vn -0.4185 0.0926 0.9035
vn -0.6602 0.1642 0.7329
vn -0.6473 0.2043 0.7343
vn -0.9858 -0.1436 -0.0866
vn -0.8797 0.1391 -0.4547
vn -0.9760 0.1263 -0.1774
vn -0.8585 -0.2860 -0.4256
vn 0.3372 0.2104 0.9176
vn 0.8867 -0.3833 -0.2584
vn 0.6111 -0.4458 -0.6541
vn 0.6671 -0.5013 -0.5511
vn 0.8447 0.1507 0.5135
vn 0.9239 -0.3591 0.1317
vn 0.9064 0.2401 0.3476
vn -0.9050 0.3284 0.2706
vn -0.4377 0.1326 0.8893
vn -0.5287 0.3374 0.7789
vn -0.7375 -0.2768 0.6160
vn 0.3383 0.2814 0.8980
vn -0.1809 0.3096 0.9335
vn 0.8010 0.0716 0.5944
vn 0.3366 0.0971 0.9366
vn 0.9573 0.0029 -0.2890
vn -0.4591 -0.5474 -0.6997
vn 0.8399 -0.0784 -0.5370
vn 0.5717 0.7146 0.4030
vn 0.1135 0.5632 0.8185
vn -0.0720 0.8092 0.5832
vn 0.1453 -0.9893 -0.0153
vn -0.7719 -0.2976 0.5618
vn -0.7352 0.3985 -0.5484
vn -0.5665 0.4554 -0.6868
vn -0.8623 0.4365 -0.2567
vn -0.3676 0.3422 0.8647
vn -0.6355 0.2531 0.7294
vn -0.2427 0.3130 0.9182
vn 0.1328 -0.9815 -0.1378
vn -0.8186 -0.3622 -0.4457
vn 0.2137 0.7447 0.6323
vn -0.5295 -0.6888 -0.4952
vn -0.7185 -0.6556 0.2323
vn 0.9830 0.0166 0.1831
vn 0.6876 0.7260 -0.0136
vn 0.6979 0.4508 0.5565
vn 0.8672 0.3526 -0.3517
vn 0.2966 0.9545 0.0315
vn 0.2729 0.6626 -0.6975
vn 0.7441 0.0368 -0.6671
vn 0.2615 0.6670 -0.6976
vn 0.2597 0.6657 -0.6996
vn 0.2666 0.6670 -0.6958
vn 0.8628 -0.4318 -0.2631
vn -0.2725 -0.6922 0.6683
vn -0.3303 -0.6376 0.6960
vn -0.3070 -0.6474 0.6976
vn -0.3131 -0.6401 0.7015
vn -0.2512 -0.6446 0.7221
vn -0.1938 -0.7606 0.6196
vn -0.2191 -0.7132 0.6658
vn 0.0730 0.9331 -0.3522
vn 0.0390 0.2573 0.9655
vn -0.3363 0.8851 0.3218
vn 0.8461 -0.2987 0.4416
vn 0.8530 -0.4201 0.3097
vn 0.5445 0.2595 0.7976
vn 0.3920 0.4129 0.8221
vn 0.3738 -0.5817 -0.7224
vn 0.7632 -0.6425 -0.0689
vn -0.2921 0.6271 0.7221
vn -0.2739 0.8329 0.4809
vn -0.1147 0.7126 0.6922
vn -0.0197 0.8454 -0.5337
vn -0.1722 0.9844 -0.0372
vn -0.2699 0.9597 -0.0786
vn 0.0364 0.7555 -0.6542
vn 0.1458 0.4753 -0.8676
vn 0.4486 0.2738 -0.8508
vn 0.4818 0.3289 -0.8122
vn -0.4219 -0.3300 0.8445
vn -0.4012 0.1173 0.9084
vn -0.3758 -0.0522 0.9252
vn 0.1786 -0.1776 0.9678
vn 0.5145 -0.0666 0.8549
vn 0.1199 -0.4007 0.9083
vn -0.3544 0.8939 0.2746
vn -0.2354 0.9217 0.3082
vn -0.3656 0.4588 0.8098
vn 0.5453 0.1318 -0.8278
vn 0.8357 0.0706 -0.5446
vn 0.8835 -0.2256 -0.4106
vn -0.4260 0.4937 0.7582
vn 0.1711 0.6447 -0.7450
vn -0.5056 -0.7225 -0.4715
vn -0.8707 -0.4279 0.2422
vn -0.7963 -0.5009 -0.3391
vn -0.3038 0.8850 -0.3527
vn -0.3664 0.3497 -0.8622
vn -0.6954 0.6190 -0.3650
vn -0.1461 0.5210 -0.8409
vn -0.8290 0.3312 0.4507
vn -0.4696 0.5902 0.6566
vn -0.6299 0.5115 0.5844
vn -0.8129 -0.5587 0.1643
vn -0.9626 -0.1084 -0.2484
vn -0.9270 -0.0187 -0.3745
vn -0.5330 0.1809 0.8266
vn -0.0182 0.0874 -0.9960
vn -0.5637 -0.3060 -0.7672
vn -0.4634 -0.1349 -0.8758
vn -0.2506 -0.3167 -0.9148
vn -0.8876 -0.3083 -0.3421
vn -0.9380 -0.3139 -0.1469
vn -0.9946 -0.0044 0.1032
vn -0.6829 -0.6739 0.2818
vn -0.9519 -0.2987 -0.0675
vn -0.7384 0.5807 0.3429
vn -0.4712 0.3959 0.7882
vn -0.1416 0.9650 0.2209
vn -0.7669 0.6406 -0.0376
vn 0.9272 -0.1047 0.3596
vn 0.9554 -0.0012 0.2952
vn 0.6450 -0.1318 -0.7527
vn 0.9420 -0.1134 -0.3159
vn 0.7239 -0.3733 -0.5802
vn 0.9410 -0.2739 -0.1988
vn -0.1174 -0.3784 -0.9182
vn -0.0197 0.9810 -0.1929
vn -0.0338 0.9790 -0.2011
vn -0.0172 0.9809 -0.1937
vn -0.0032 0.9784 -0.2065
vn -0.0031 0.9779 -0.2091
vn 0.0490 0.9753 -0.2155
vn -0.1708 -0.9341 -0.3134
vn 0.5601 -0.5987 0.5726
vn -0.5556 -0.5078 0.6584
vn 0.5317 -0.4757 0.7008
vn -0.0695 0.9094 -0.4100
vn -0.4985 0.1337 0.8565
vn -0.2867 0.9579 -0.0162
vn -0.3848 0.8728 0.3001
vn 0.9911 -0.1271 0.0389
vn 0.9443 0.2037 0.2584
vn -0.2523 0.0795 0.9644
vn -0.6295 0.2230 0.7443
vn 0.5009 0.0688 0.8627
vn 0.7851 0.0011 0.6193
vn -0.9914 -0.0794 0.1039
vn 0.4466 -0.4733 -0.7593
vn -0.0710 -0.5533 -0.8299
vn 0.2997 -0.5851 -0.7536
vn 0.6123 -0.3066 -0.7288
vn -0.4280 -0.5618 -0.7079
vn -0.1406 -0.9395 -0.3124
vn -0.9943 0.0968 0.0439
vn 0.5300 0.4742 0.7030
vn 0.8529 0.3158 0.4158
vn 0.0594 -0.5415 0.8386
vn 0.1118 0.5287 0.8414
vn 0.4025 0.5268 0.7487
vn 0.0779 0.5010 0.8619
vn -0.6639 0.0423 0.7466
vn -0.5227 0.3605 0.7725
vn -0.1952 -0.3658 0.9100
vn -0.8111 0.2298 0.5378
vn -0.9905 -0.0881 0.1054
vn 0.2667 0.9392 -0.2163
vn 0.8155 0.4662 -0.3429
vn 0.5806 0.5472 -0.6029
vn 0.3921 0.7213 0.5709
vn 0.5254 0.3837 0.7594
vn 0.6758 0.2950 0.6755
vn -0.2465 0.6690 0.7012
vn 0.3577 0.7541 0.5508
vn 0.7059 0.1383 0.6947
vn 0.0691 -0.4031 0.9126
vn 0.7177 -0.1491 0.6802
vn 0.4278 -0.0867 0.8997
vn -0.2533 0.0860 0.9636
vn 0.9976 -0.0671 0.0170
vn 0.6804 0.1601 -0.7152
vn 0.9509 0.0771 -0.2997
vn 0.8181 -0.2594 -0.5133
vn 0.8796 -0.0327 0.4747
vn 0.7775 -0.2975 0.5540
vn 0.9176 -0.0369 0.3959
vn 0.8771 -0.2829 0.3881
vn 0.6302 -0.3914 0.6706
vn 0.8397 -0.0477 0.5410
vn -0.2063 0.9745 0.0886
vn -0.7937 -0.0243 0.6078
vn -0.8482 0.5095 0.1451
vn -0.8563 0.4920 0.1574
vn -0.5753 -0.7795 0.2480
vn 0.8442 -0.5174 0.1403
vn -0.2469 0.8697 -0.4273
vn -0.7023 0.7116 -0.0205
vn 0.6139 0.7884 -0.0378
vn 0.4537 0.5174 0.7256
vn 0.4478 0.8577 0.2527
vn 0.2460 0.1804 -0.9523
vn 0.1714 0.3791 -0.9093
vn 0.1850 0.5496 -0.8147
vn 0.5395 -0.0017 -0.8420
vn 0.7807 -0.2055 -0.5901
vn 0.9502 0.0633 -0.3052
vn 0.8283 0.2664 -0.4930
vn 0.8874 -0.1813 -0.4239
vn 0.7500 0.2550 -0.6103
vn -0.6601 0.7466 0.0825
vn -0.8567 0.3220 0.4029
vn -0.9328 0.3391 -0.1225
vn -0.9335 0.3077 -0.1842
vn 0.5513 0.8343 -0.0029
vn -0.0997 0.5729 -0.8135
vn -0.5128 0.8475 0.1369
vn 0.7675 0.0368 -0.6400
vn 0.9056 -0.0572 0.4202
vn 0.1232 0.4249 0.8968
vn -0.9056 0.0572 -0.4202
vn -0.7675 -0.0368 0.6400
vn -0.1232 -0.4249 -0.8968
vn 0.5128 -0.8475 -0.1369
vn 0.0997 -0.5729 0.8135
vn 0.7937 0.2649 -0.5476
vn 0.5303 -0.0987 -0.8421
vn 0.5696 -0.2771 0.7738
vn -0.0322 -0.3044 0.9520
vn 0.0487 -0.4500 0.8917
vn 0.7885 -0.3520 0.5044
vn 0.8985 0.1481 -0.4132
vn 0.8325 -0.3273 0.4471
vn -0.5263 -0.2584 0.8101
vn -0.4997 -0.2189 0.8381
vn -0.4993 -0.2193 0.8382
vn -0.1735 -0.8076 0.5636
vn 0.5162 -0.3905 0.7623
vn 0.4852 -0.6204 0.6161
vn -0.7329 -0.6799 0.0243
vn -0.6013 -0.5749 0.5549
vn 0.3127 -0.3468 -0.8843
vn -0.6910 0.4653 0.5532
vn -0.0754 0.9787 -0.1909
vn -0.4813 0.8473 -0.2247
vn 0.1432 0.9437 -0.2982
vn 0.6006 0.7488 0.2804
vn 0.0962 0.7261 0.6809
vn -0.0500 0.9894 0.1365
vn 0.6740 0.5833 0.4533
vn 0.5931 0.4826 0.6445
vn 0.1118 0.5659 0.8169
vn -0.1044 0.9092 -0.4030
vn -0.1936 0.7985 -0.5701
vn -0.4804 0.1857 -0.8572
vn -0.3105 0.6098 -0.7292
vn 0.0067 0.9129 -0.4082
vn 0.0517 0.7970 -0.6018
vn -0.7376 0.0099 -0.6752
vn -0.9092 -0.1929 -0.3690
vn -0.8743 0.2783 -0.3977
vn -0.9199 0.2889 -0.2652
vn -0.5513 -0.8343 0.0029
vn -0.5478 0.3960 -0.7369
vn -0.7436 0.1525 -0.6510
vn -0.9972 -0.0194 0.0717
vn -0.7398 0.1345 -0.6592
vn 0.5798 0.1202 -0.8058
vn -0.2347 0.4540 -0.8595
vn 0.8075 -0.1542 -0.5693
vn 0.9077 -0.1635 -0.3865
vn 0.7917 -0.1501 -0.5922
vn 0.8043 -0.4705 0.3629
vn 0.3587 -0.6813 0.6381
vn -0.0500 -0.5084 0.8597
vn -0.3220 -0.6200 0.7154
vn -0.0566 -0.5008 0.8637
vn -0.8219 -0.2554 0.5092
vn -0.7228 -0.0736 -0.6872
vn 0.7845 -0.1712 -0.5960
vn -0.0251 -0.2466 0.9688
vn 0.9622 -0.2553 -0.0950
vn 0.8019 -0.0840 -0.5915
vn 0.3200 0.2104 -0.9237
vn 0.8183 -0.1098 -0.5642
vn 0.4713 -0.5686 0.6742
vn 0.8596 -0.3925 0.3272
vn 0.1557 -0.5327 0.8319
vn 0.0969 -0.5873 0.8035
vn 0.1654 -0.5304 0.8314
vn -0.9082 -0.3562 0.2199
vn -0.9047 -0.1010 -0.4139
vn -0.9007 -0.0859 -0.4258
vn 0.5513 0.8343 -0.0030
vn 0.7876 -0.6136 0.0575
vn 0.9800 -0.1770 0.0907
vn 0.9477 -0.3099 0.0761
vn 0.7077 -0.5369 0.4592
vn 0.4416 0.8153 0.3745
vn -0.2229 0.9741 -0.0390
vn 0.7596 0.5117 0.4015
vn 0.8681 0.4376 0.2342
vn 0.8609 0.3565 0.3631
vn 0.9391 0.3020 0.1641
vn 0.8122 -0.5200 0.2646
vn 0.9055 -0.3059 0.2940
vn 0.5129 -0.8571 0.0491
vn 0.3809 -0.9242 0.0276
vn 0.0829 0.6758 -0.7324
vn 0.1147 0.6761 -0.7278
vn -0.2430 0.6369 -0.7317
vn -0.1199 0.3221 -0.9391
vn 0.3490 0.2854 -0.8926
vn -0.1100 0.4478 -0.8874
vn -0.1235 0.2363 -0.9638
vn 0.5275 0.7561 -0.3874
vn 0.4023 0.1544 -0.9024
vn -0.0432 0.9226 -0.3833
vn -0.2533 0.3077 0.9172
vn 0.1306 0.3032 0.9440
vn 0.1397 0.2694 0.9528
vn -0.1046 0.3958 0.9124
vn -0.0375 -0.9947 0.0960
vn -0.0519 -0.9943 0.0934
vn 0.0068 -0.9941 0.1083
vn 0.4358 0.8993 0.0360
vn 0.6094 0.7887 -0.0818
vn 0.3896 0.9190 0.0604
vn 0.1395 0.9675 -0.2110
vn 0.0084 0.9999 0.0109
vn 0.3955 0.9182 0.0247
vn -0.4379 0.3381 0.8330
vn -0.4485 0.1716 0.8772
vn -0.3511 0.7146 0.6051
vn -0.7331 0.4900 0.4716
vn -0.8222 0.1368 0.5526
vn -0.7735 0.2028 0.6004
vn -0.8399 0.1428 0.5237
vn -0.8923 0.0525 0.4484
vn -0.0337 0.9478 -0.3172
vn 0.0763 0.8416 0.5346
vn -0.6983 -0.6018 -0.3876
vn -0.0701 -0.8485 -0.5246
vn 0.2865 -0.6139 -0.7356
vn -0.3573 -0.9326 -0.0507
vn -0.1282 0.1126 -0.9853
vn 0.6951 -0.2481 -0.6747
vn 0.4819 -0.0121 0.8761
vn 0.8019 -0.0047 0.5974
vn 0.9928 0.1078 -0.0520
vn 0.6789 -0.4537 0.5773
vn 0.4125 -0.8567 0.3096
vn 0.9232 0.3358 0.1868
vn 0.9663 0.2133 0.1442
vn 0.7128 0.5460 0.4402
vn 0.7620 0.4177 0.4948
vn 0.5997 0.7618 0.2450
vn 0.0681 0.8779 0.4739
vn 0.4948 0.7582 0.4246
vn 0.7814 0.3778 0.4967
vn 0.8365 0.3142 0.4489
vn 0.7942 0.5964 -0.1166
vn 0.6976 0.7157 -0.0346
vn 0.8322 0.5540 0.0226
vn 0.9910 -0.1052 0.0826
vn 0.8542 0.5108 -0.0968
vn 0.9658 -0.0457 0.2553
vn 0.6592 0.5099 -0.5526
vn 0.2514 0.8709 -0.4223
vn 0.3214 0.8373 -0.4423
vn 0.8247 0.4319 -0.3652
vn 0.7504 0.0754 -0.6567
vn 0.7626 0.1270 -0.6343
vn 0.4875 -0.0135 -0.8730
vn 0.9054 0.1960 -0.3765
vn -0.0607 0.8579 -0.5102
vn -0.3005 0.9113 -0.2814
vn -0.0964 0.6344 -0.7669
vn -0.0518 0.9021 -0.4285
vn -0.0549 0.2912 -0.9551
vn -0.3297 0.6184 -0.7134
vn -0.0993 0.8332 -0.5439
vn -0.1872 0.2145 -0.9586
vn -0.5811 0.8138 0.0054
vn 0.1443 0.9854 0.0909
vn 0.9267 0.3543 -0.1250
vn 0.7458 0.6617 -0.0765
vn 0.8347 0.5373 0.1206
vn 0.7382 0.6695 0.0829
vn 0.8791 0.4599 0.1253
vn 0.1139 -0.1762 0.9777
vn -0.9009 -0.0169 0.4338
vn 0.3295 -0.2367 0.9140
vn 0.7165 -0.1113 0.6886
vn 0.9953 0.0910 0.0335
vn 0.3869 0.4517 -0.8039
vn 0.4257 0.4170 -0.8031
vn 0.8112 0.2762 -0.5154
vn -0.1376 0.4511 -0.8818
vn -0.1214 0.4472 -0.8862
vn -0.9239 0.2837 -0.2567
vn -0.9032 0.1808 0.3892
vn -0.9255 0.2483 -0.2861
vn 0.2400 0.6627 -0.7094
vn 0.3899 0.6166 -0.6839
vn 0.3969 0.6553 -0.6427
vn -0.8546 0.4856 -0.1841
vn -0.8365 0.2383 0.4935
vn 0.2397 -0.1477 0.9595
vn 0.4049 0.7089 -0.5775
vn -0.8795 0.4720 -0.0610
vn -0.2679 -0.0727 0.9607
vn -0.5735 -0.0129 0.8191
vn -0.9441 0.1384 0.2993
vn -0.5556 -0.0143 0.8313
vn 0.6743 -0.0561 0.7363
vn 0.1961 -0.1348 0.9713
vn 0.9336 0.0343 0.3567
vn 0.9765 0.0457 0.2105
vn -0.2326 0.5133 -0.8261
vn -0.2336 0.4940 -0.8375
vn -0.2494 0.4889 -0.8360
vn 0.7204 0.2221 -0.6570
vn 0.2709 0.3981 -0.8764
vn -0.5431 -0.0363 0.8389
vn -0.2874 -0.1010 0.9525
vn -0.5427 -0.0347 0.8392
vn 0.6838 -0.1257 0.7188
vn 0.1970 -0.1935 0.9611
vn 0.9401 -0.0262 0.3399
vn 0.9837 -0.0128 0.1791
vn 0.9322 -0.0258 0.3611
vn 0.6583 0.2215 -0.7195
vn -0.0693 0.3444 -0.9363
vn -0.7654 0.2186 -0.6053
vn -0.5972 0.2750 -0.7535
vn -0.2313 0.5069 -0.8304
vn -0.2123 0.5234 -0.8252
vn -0.3945 0.3171 -0.8624
vn -0.5532 -0.0829 0.8289
vn 0.9342 -0.0531 0.3527
vn -0.2045 0.5677 -0.7974
vn -0.4776 -0.2154 0.8518
vn -0.5471 -0.2128 0.8096
vn -0.8906 0.0591 0.4509
vn -0.5636 -0.2240 0.7951
vn -0.5617 -0.2143 0.7991
vn 0.9159 -0.1097 0.3862
vn 0.8366 -0.1330 0.5315
vn 0.9291 -0.1307 0.3459
vn 0.9277 -0.1110 0.3565
vn 0.7329 0.3596 -0.5775
vn 0.2849 0.5896 -0.7558
vn -0.2087 0.6345 -0.7442
vn -0.5972 0.5662 -0.5681
vn -0.2099 0.6337 -0.7446
vn -0.8925 0.3549 -0.2783
vn -0.5590 -0.2014 0.8044
vn 0.9249 -0.0840 0.3708
vn -0.2126 0.6122 -0.7616
vn 0.6423 -0.1284 0.7556
vn 0.9458 -0.0504 0.3209
vn 0.9403 -0.0486 0.3369
vn 0.7060 0.0814 -0.7035
vn 0.2521 0.3010 -0.9197
vn -0.1937 0.4297 -0.8819
vn -0.6286 0.4184 -0.6555
vn -0.1950 0.4311 -0.8810
vn -0.9136 0.2378 0.3299
vn -0.8855 0.3360 -0.3211
vn -0.4827 0.2342 0.8439
vn -0.5299 0.1457 0.8354
vn -0.5107 0.1533 0.8460
vn 0.9400 -0.0266 0.3400
vn -0.1895 0.4527 -0.8713
vn -0.4958 0.4786 -0.7246
vn -0.8781 0.3289 0.3476
vn -0.8597 0.4370 -0.2646
vn -0.2799 0.0560 0.9584
vn 0.1678 -0.0557 0.9842
vn 0.7307 0.1293 -0.6703
vn 0.9594 -0.0273 -0.2806
vn 0.2398 0.2761 -0.9307
vn -0.6831 -0.2215 0.6959
vn -0.9347 -0.0604 0.3503
vn 0.1472 -0.1869 0.9713
vn 0.8507 0.0743 0.5204
vn 0.4946 -0.1250 0.8601
vn 0.9667 0.2278 0.1162
vn 0.9667 0.2165 0.1368
vn 0.9658 0.2020 0.1626
vn -0.1704 0.5752 -0.8001
vn -0.5489 0.4735 -0.6889
vn -0.8939 0.2319 -0.3835
vn -0.6507 0.1513 0.7441
vn 0.9269 0.0342 0.3737
vn -0.2175 0.4803 -0.8497
vn -0.6152 0.4023 -0.6780
vn -0.2185 0.4805 -0.8493
vn -0.8995 0.2584 -0.3522
vn -0.5610 -0.0464 0.8265
vn 0.9297 0.0107 0.3681
vn -0.2153 0.5067 -0.8348
vn -0.2070 -0.3767 0.9029
vn -0.5890 -0.2665 0.7629
vn -0.9572 -0.0900 0.2749
vn -0.5735 -0.2688 0.7739
vn 0.6603 -0.1902 0.7265
vn 0.2170 -0.3720 0.9025
vn 0.8736 0.0709 0.4815
vn 0.9454 0.0576 0.3208
vn 0.8688 0.0618 0.4913
vn 0.7382 0.4550 -0.4980
vn 0.3382 0.6192 -0.7087
vn -0.2390 0.6385 -0.7316
vn -0.6078 0.4833 -0.6301
vn -0.2395 0.6378 -0.7320
vn -0.8967 0.2286 -0.3790
vn -0.5691 -0.2374 0.7873
vn 0.8363 0.1325 0.5320
vn -0.2404 0.6574 -0.7141
vn -0.2962 -0.0115 0.9551
vn 0.1670 -0.1265 0.9778
vn 0.8343 -0.3613 -0.4165
vn 0.8540 -0.5155 0.0706
vn 0.8538 -0.5159 0.0693
vn 0.9847 -0.0833 0.1532
vn -0.3594 -0.3740 0.8550
vn -0.7055 -0.2038 0.6788
vn -0.7060 -0.1981 0.6800
vn -0.9464 -0.0522 0.3188
vn -0.6116 0.1730 -0.7720
vn -0.9791 0.1669 -0.1163
vn -0.1627 0.0280 -0.9863
vn -0.1561 0.0765 -0.9848
vn -0.1529 0.0742 -0.9854
vn 0.8563 -0.5115 0.0712
vn -0.6957 -0.1452 0.7035
vn 0.3700 0.0195 -0.9288
vn 0.1169 -0.0071 -0.9931
vn -0.5924 0.0408 -0.8046
vn 0.1457 -0.0237 -0.9890
vn 0.9696 -0.2383 0.0563
vn 0.8537 -0.0551 -0.5179
vn 0.7971 -0.3457 0.4950
vn 0.7058 -0.3243 0.6298
vn 0.8094 -0.3495 0.4718
vn -0.0528 -0.3332 0.9414
vn -0.6788 -0.3621 0.6388
vn -0.8836 -0.3029 0.3571
vn -0.9832 -0.1695 -0.0684
vn -0.8822 -0.3017 0.3616
vn -0.8783 0.0037 -0.4781
vn 0.1417 -0.0449 -0.9889
vn 0.8121 -0.3376 0.4759
vn -0.8849 -0.2834 0.3697
vn 0.3599 -0.3803 0.8520
vn 0.7786 -0.3341 0.5312
vn 0.9584 -0.2759 -0.0726
vn 0.7470 -0.3626 0.5572
vn -0.7012 -0.4263 0.5715
vn -0.7749 0.0035 -0.6320
vn -0.6076 -0.3214 0.7263
vn -0.7743 -0.2532 0.5800
vn -0.7547 -0.2563 0.6039
vn -0.2355 0.2990 -0.9247
vn 0.8101 -0.1461 -0.5678
vn 0.1755 -0.4280 0.8866
vn -0.8975 -0.1049 -0.4283
vn -0.8155 -0.0047 0.5787
vn -0.6068 -0.2190 0.7641
vn 0.1824 -0.4633 0.8672
vn -0.6318 -0.2207 0.7431
vn -0.7219 0.2562 -0.6428
vn -0.9721 0.2336 0.0233
vn -0.4426 0.1361 -0.8863
vn -0.2577 0.1975 -0.9458
vn -0.4740 0.1175 -0.8727
vn 0.4437 -0.0525 -0.8946
vn 0.7962 -0.4569 -0.3966
vn 0.8535 -0.4983 -0.1521
vn 0.7561 -0.5945 0.2736
vn 0.8363 -0.5168 -0.1829
vn 0.5412 -0.5255 0.6565
vn -0.6411 -0.2845 0.7127
vn -0.4728 0.0826 -0.8773
vn 0.9048 -0.4065 -0.1268
vn 0.2787 -0.0081 -0.9603
vn 0.6009 -0.1129 -0.7913
vn 0.8513 -0.5189 0.0776
vn -0.5870 0.0250 0.8092
vn -0.8300 0.1411 0.5395
vn -0.6161 0.0091 0.7876
vn 0.0117 -0.4325 0.9015
vn -0.6508 -0.1222 -0.7494
vn -0.4407 -0.2321 -0.8671
vn -0.4752 -0.2274 -0.8499
vn 0.4523 -0.3976 -0.7983
vn 0.7013 -0.5685 -0.4301
vn 0.8755 -0.4813 0.0440
vn 0.7857 -0.5967 0.1634
vn 0.8720 -0.4858 0.0605
vn 0.2237 -0.2195 0.9496
vn 0.5452 -0.3343 0.7687
vn -0.6171 -0.0309 0.7862
vn -0.4761 -0.2021 -0.8558
vn 0.9335 -0.3537 0.0596
vn -0.3178 -0.1577 0.9350
vn -0.5967 -0.0673 0.7996
vn -0.9864 0.0319 0.1614
vn -0.5669 -0.0646 0.8213
vn 0.6965 -0.0500 0.7158
vn 0.2078 -0.1752 0.9623
vn 0.9177 0.1053 0.3830
vn 0.9703 0.0911 0.2239
vn 0.9108 0.1052 0.3993
vn 0.7226 0.3106 -0.6176
vn 0.2073 0.4448 -0.8713
vn -0.6972 0.3168 -0.6430
vn -0.9141 0.1705 -0.3678
vn -0.5649 -0.0492 0.8237
vn 0.9030 0.1368 0.4073
vn -0.0154 -0.3166 0.9484
vn -0.8494 -0.2523 0.4636
vn -0.6954 0.0024 0.7186
vn -0.8894 -0.1244 -0.4400
vn -0.6718 -0.2301 -0.7041
vn -0.1780 -0.2753 -0.9448
vn 0.0507 -0.3191 -0.9464
vn -0.1624 -0.2746 -0.9477
vn 0.7691 -0.1232 -0.6271
vn 0.7836 -0.2625 0.5631
vn -0.7641 -0.1577 0.6255
vn -0.1563 -0.2417 -0.9577
vn 0.5217 -0.2786 0.8064
vn 0.8681 -0.1925 0.4576
vn 0.9728 0.0584 -0.2244
vn 0.8397 -0.2295 0.4921
vn -0.5398 -0.4695 0.6987
vn 0.1180 -0.3404 0.9329
vn -0.7093 -0.4494 0.5430
vn -0.7919 -0.4323 0.4313
vn -0.6919 -0.4482 0.5660
vn -0.8655 -0.2226 -0.4488
vn -0.6395 -0.2407 -0.7302
vn -0.1544 -0.1635 -0.9744
vn 0.0442 -0.1468 -0.9882
vn -0.1418 -0.1585 -0.9771
vn 0.7232 0.1394 -0.6764
vn 0.8390 -0.2346 0.4909
vn -0.7073 -0.3864 0.5919
vn -0.1421 -0.1401 -0.9799
vn -0.7957 0.0911 0.5988
vn -0.9421 0.1980 0.2705
vn -0.8258 0.3713 0.4244
vn -0.9828 0.1766 0.0532
vn -0.2366 -0.2332 -0.9432
vn -0.5572 -0.5548 0.6179
vn -0.6506 -0.0197 0.7591
vn -0.5218 -0.4497 0.7249
vn -0.2687 -0.8925 0.3624
vn -0.3299 -0.8473 0.4163
vn -0.0676 -0.9973 0.0288
vn -0.1398 -0.9861 -0.0900
vn -0.8656 0.4247 -0.2653
vn -0.3671 0.9092 0.1967
vn -0.5768 0.7796 -0.2441
vn 0.0180 0.9942 0.1056
vn -0.4433 0.8497 0.2855
vn -0.7508 0.6603 0.0178
vn -0.2930 0.7231 0.6256
vn -0.3088 0.8828 0.3539
vn -0.6087 0.6970 0.3790
vn -0.3586 0.6367 0.6827
vn 0.4217 0.3254 0.8464
vn 0.5279 0.2754 0.8034
vn 0.6724 0.6839 0.2832
vn 0.3197 0.4205 0.8491
vn 0.9484 0.1795 0.2615
vn 0.8389 0.4970 0.2219
vn 0.9707 0.1314 0.2011
vn 0.9186 0.2304 0.3211
vn 0.4450 -0.2467 -0.8609
vn -0.3770 0.6660 0.6437
vn 0.3309 0.6662 0.6683
vn -0.9787 0.1894 -0.0795
vn -0.8838 -0.3813 0.2712
vn -0.8919 -0.0815 -0.4449
vn -0.4021 -0.5432 -0.7371
vn -0.6611 -0.6216 -0.4203
vn -0.4826 0.1397 -0.8646
vn -0.9375 -0.1223 -0.3258
vn -0.6682 -0.6584 -0.3465
vn -0.6035 -0.7708 -0.2040
vn -0.4346 -0.8996 -0.0436
vn -0.1162 -0.5237 -0.8440
vn -0.1628 -0.8790 -0.4481
vn -0.2217 -0.9511 -0.2152
vn -0.7212 0.1014 0.6853
vn -0.5229 -0.6222 -0.5826
vn -0.7440 -0.3813 -0.5488
vn -0.6813 -0.6783 -0.2753
vn -0.8213 -0.0430 0.5689
vn -0.3396 -0.8562 -0.3895
vn -0.4049 -0.9143 -0.0139
vn 0.0542 0.6363 -0.7695
vn -0.2887 0.6791 -0.6749
vn -0.2590 0.6784 -0.6876
vn -0.3921 0.3835 -0.8362
vn -0.5611 0.2933 -0.7741
vn -0.6042 0.1576 -0.7811
vn -0.1286 -0.2742 -0.9530
vn -0.1314 0.0428 -0.9904
vn 0.0591 -0.9951 0.0789
vn 0.0462 -0.9953 0.0850
vn -0.1812 0.9691 -0.1672
vn -0.3798 0.9160 0.1288
vn 0.2627 0.9023 -0.3418
vn -0.3638 0.7640 0.5329
vn 0.1509 0.5729 -0.8056
vn -0.1881 0.2927 -0.9375
vn -0.0996 0.8237 -0.5582
vn -0.0640 0.2131 -0.9749
vn 0.6755 -0.5773 -0.4587
vn 0.9261 -0.2841 -0.2482
vn 0.3172 -0.9379 -0.1401
vn -0.8900 0.2621 0.3731
vn -0.5148 0.6495 0.5596
vn -0.8679 0.3752 -0.3255
vn -0.6502 0.7437 -0.1557
vn -0.9076 0.2322 -0.3498
vn -0.6364 0.6660 -0.3892
vn -0.7608 0.3144 -0.5678
vn -0.7894 0.1606 -0.5925
vn -0.6754 -0.4036 -0.6172
vn 0.7030 0.3287 -0.6306
vn 0.0871 0.6031 -0.7929
vn 0.7046 0.3825 -0.5976
vn -0.4825 0.6531 -0.5837
vn -0.5830 0.5333 -0.6130
vn -0.3804 0.5535 -0.7409
vn -0.1241 -0.9922 -0.0092
vn -0.1432 -0.9539 -0.2636
vn -0.8710 -0.3218 -0.3711
vn -0.4216 0.7905 -0.4443
vn -0.2951 -0.9343 0.2001
vn -0.5284 -0.8364 0.1460
vn -0.9232 0.1929 -0.3324
vn -0.9702 -0.1625 -0.1799
vn -0.8582 0.1161 -0.5000
vn -0.6519 0.7138 -0.2560
vn -0.9175 0.1468 -0.3697
vn -0.9957 0.0777 -0.0501
vn -0.8352 0.5137 0.1964
vn -0.3243 0.8676 0.3769
vn -0.7758 0.5449 0.3181
vn -0.9870 -0.0100 0.1606
vn -0.8428 0.5235 0.1253
vn -0.3532 0.7366 0.5768
vn 0.0811 0.8126 0.5771
vn -0.1012 0.5863 -0.8038
vn 0.0425 0.2154 -0.9756
vn -0.4192 -0.3641 -0.8317
vn -0.0983 -0.9675 0.2332
vn 0.0120 -0.9278 -0.3730
vn 0.2377 -0.3877 -0.8906
vn -0.5606 -0.7531 0.3444
vn 0.6280 -0.6984 -0.3434
vn -0.7570 -0.0065 -0.6534
vn -0.8109 0.2687 -0.5198
vn -0.3546 0.2259 -0.9073
vn -0.9403 0.0410 -0.3379
vn -0.9606 0.2763 0.0286
vn -0.1294 0.0274 -0.9912
vn -0.5955 0.0901 -0.7983
vn -0.8759 -0.1200 -0.4674
vn -0.9760 -0.0069 -0.2178
vn -0.0974 0.6208 -0.7779
vn -0.1154 0.4289 -0.8959
vn -0.9374 -0.0918 0.3358
vn -0.6948 0.1220 -0.7088
vn -0.7614 0.6358 0.1265
vn -0.6527 0.7453 0.1358
vn -0.7360 0.6672 0.1149
vn -0.7892 0.5660 0.2385
vn -0.8808 -0.2071 0.4258
vn -0.8673 -0.0342 0.4966
vn -0.6565 0.5232 0.5434
vn -0.9499 0.2998 0.0885
vn -0.5973 0.4796 0.6428
vn 0.7939 0.6041 -0.0693
vn 0.8346 0.5078 -0.2132
vn 0.9270 0.2930 0.2343
vn 0.6883 0.7233 -0.0550
vn 0.7737 0.4385 0.4573
vn 0.9565 0.2345 -0.1734
vn 0.9947 -0.0303 -0.0987
vn 0.8079 0.4802 0.3416
vn 0.7260 0.6658 -0.1725
vn 0.8165 0.1327 -0.5619
vn 0.9130 0.1735 -0.3693
vn 0.3832 0.0616 -0.9216
vn 0.7364 -0.1353 -0.6629
vn 0.8592 -0.1153 -0.4985
vn 0.3041 0.7851 -0.5396
vn 0.6974 0.1124 -0.7078
vn 0.7737 0.1066 -0.6245
vn 0.7412 -0.1228 -0.6599
vn 0.5566 0.7096 -0.4320
vn 0.8642 0.4977 -0.0738
vn 0.6900 0.5736 -0.4414
vn 0.4139 0.5264 -0.7427
vn 0.4898 0.1133 -0.8644
vn 0.7349 -0.3452 -0.5838
vn 0.5219 -0.6844 -0.5091
vn 0.0389 -0.8806 -0.4722
vn 0.5304 -0.6455 -0.5496
vn 0.9586 -0.2189 0.1820
vn 0.0997 -0.9877 -0.1208
vn 0.4940 -0.7926 -0.3574
vn 0.3868 -0.9089 -0.1557
vn 0.1504 -0.9524 -0.2652
vn 0.9230 -0.3800 0.0604
vn 0.3384 -0.8963 0.2868
vn 0.9465 0.1741 0.2717
vn 0.8769 0.1832 0.4443
vn 0.0602 -0.9981 0.0125
vn -0.1823 0.1935 0.9640
vn 0.4881 0.8704 0.0649
vn 0.6184 0.7820 0.0776
vn 0.5025 0.8452 0.1822
vn 0.4042 0.8861 0.2268
vn 0.2605 0.1266 -0.9571
vn 0.8000 -0.1443 -0.5825
vn 0.9275 -0.1121 -0.3566
vn 0.2162 -0.5478 -0.8082
vn -0.7855 0.6110 0.0979
vn -0.2012 0.9463 -0.2531
vn -0.7755 0.5137 -0.3671
vn -0.3388 0.8753 -0.3451
vn 0.0382 0.9778 -0.2060
vn -0.4122 0.8425 -0.3469
vn -0.8836 0.4463 -0.1417
vn -0.8929 0.0875 -0.4417
vn -0.9675 0.1731 -0.1843
vn -0.9458 0.2108 -0.2470
vn -0.8508 -0.1649 0.4989
vn -0.7248 -0.0128 -0.6889
vn -0.9345 0.1253 -0.3332
vn -0.9455 0.1517 -0.2882
vn -0.6393 -0.3398 0.6898
vn -0.6945 -0.3151 0.6468
vn -0.3722 -0.2938 0.8804
vn 0.3186 -0.2758 0.9069
vn 0.2062 -0.5489 0.8100
vn -0.3042 -0.1267 0.9441
vn 0.7476 -0.2306 0.6229
vn 0.7119 -0.2554 0.6542
vn -0.4858 -0.6552 0.5785
vn -0.5794 0.4260 0.6948
vn -0.4068 0.4862 0.7734
vn 0.3210 0.9263 -0.1976
vn -0.9461 0.2943 0.1350
vn -0.6789 0.6847 0.2650
vn -0.5800 0.5660 0.5858
vn -0.5764 0.7118 0.4014
vn -0.8464 0.4709 0.2487
vn -0.4039 0.3935 0.8258
vn -0.6924 0.3091 0.6519
vn 0.8098 0.1722 -0.5608
vn -0.1179 -0.9287 -0.3515
vn -0.5061 -0.3839 -0.7723
vn 0.6279 -0.7609 0.1638
vn 0.4911 0.1504 -0.8580
vn -0.7109 -0.6955 -0.1046
vn -0.9450 -0.0710 -0.3192
vn 0.3269 0.6327 -0.7020
vn 0.6590 0.1989 -0.7254
vn 0.0959 0.2027 -0.9745
vn -0.8488 0.4003 -0.3453
vn 0.0575 -0.9550 -0.2911
vn 0.1035 -0.9936 -0.0457
vn 0.5229 -0.8524 -0.0072
vn 0.3183 -0.9417 0.1090
vn 0.5154 -0.8091 0.2824
vn -0.3905 -0.6658 0.6358
vn -0.5474 -0.3613 -0.7548
vn 0.7562 -0.6360 -0.1538
vn 0.8146 -0.5148 0.2672
vn 0.8227 0.4496 0.3478
vn 0.4196 0.8402 -0.3434
vn 0.4964 0.7320 0.4667
vn -0.2921 0.2150 -0.9319
vn 0.1421 -0.9702 0.1962
vn 0.3142 0.4600 0.8305
vn -0.0405 0.9141 0.4034
vn 0.4508 0.5440 0.7077
vn 0.1675 0.9857 0.0183
vn -0.3888 0.9116 0.1334
vn 0.2737 0.5325 0.8010
vn -0.9310 0.1336 0.3398
vn -0.9194 0.3816 0.0953
vn -0.6124 -0.4375 -0.6584
vn -0.6209 -0.7643 0.1738
vn -0.0521 -0.9875 0.1487
vn 0.0214 -0.8713 -0.4903
vn 0.5864 -0.8097 0.0225
vn 0.5573 -0.8287 -0.0515
vn 0.9940 0.0866 -0.0668
vn 0.9188 -0.1350 0.3710
vn 0.5052 0.8624 -0.0323
vn -0.0207 0.7676 -0.6406
vn -0.6132 0.6160 -0.4946
vn -0.9893 -0.0020 0.1462
vn -0.0022 -0.6420 0.7667
vn -0.3673 -0.0858 0.9261
vn 0.7137 -0.5586 0.4226
vn -0.2266 -0.2546 0.9401
vn 0.1590 0.4726 -0.8668
vn 0.0786 0.6712 -0.7371
vn -0.1795 -0.4123 0.8932
vn -0.2386 0.9520 -0.1919
vn 0.5442 0.5773 -0.6088
vn 0.1524 0.3521 -0.9235
vn -0.3864 -0.6522 -0.6522
vn -0.7361 0.5109 -0.4439
vn -0.0216 -0.9486 0.3156
vn -0.2381 -0.4040 0.8832
vn 0.1500 -0.9685 0.1986
vn 0.2716 -0.8293 0.4883
vn -0.1794 -0.6115 0.7706
vn 0.4301 0.2317 0.8725
vn 0.1058 0.4915 -0.8644
vn 0.7474 -0.5926 0.3003
vn -0.4180 -0.6669 0.6169
vn -0.9333 -0.3590 0.0015
vn -0.7148 -0.6953 0.0752
vn -0.3536 -0.9186 -0.1764
vn 0.1018 -0.6280 0.7715
vn 0.1152 -0.5409 0.8332
vn 0.5379 -0.6709 0.5105
vn 0.6808 -0.5742 0.4547
vn 0.6836 -0.7194 -0.1230
vn 0.8829 -0.3801 -0.2759
vn 0.4255 -0.5069 -0.7497
vn 0.4426 -0.0171 -0.8966
vn -0.1273 -0.3622 -0.9234
vn -0.1296 0.1065 -0.9858
vn 0.0126 0.9997 0.0212
vn -0.1292 -0.0020 -0.9916
vn 0.3841 -0.0054 -0.9233
vn 0.7984 -0.0074 -0.6021
vn -0.1307 -0.0020 -0.9914
vn 0.9213 -0.0054 0.3888
vn 0.1292 0.0020 0.9916
vn 0.1307 0.0020 0.9914
vn 0.9262 -0.0054 0.3770
vn 0.9915 -0.0074 -0.1297
vn -0.9262 0.0054 -0.3770
vn -0.9213 0.0054 -0.3888
vn -0.7896 0.0074 0.6135
vn -0.3841 0.0054 0.9233
vn -0.9915 0.0074 0.1297
vn 0.9611 0.0250 -0.2752
vn 0.4734 0.6072 -0.6382
vn -0.6836 -0.0489 -0.7282
vn -0.0923 -0.8191 -0.5661
vn -0.5248 -0.3063 0.7942
vn -0.6157 -0.4907 -0.6165
vn 0.7148 -0.5169 -0.4710
vn 0.9429 0.2782 -0.1833
vn 0.9477 -0.1539 -0.2796
vn 0.6733 -0.1057 0.7318
vn 0.9738 -0.1843 0.1334
vn 0.0563 -0.7761 -0.6281
vn -0.2501 -0.9327 -0.2599
vn -0.2233 -0.7178 -0.6595
vn 0.3442 -0.8085 -0.4773
vn 0.3345 -0.7600 -0.5572
vn 0.2392 -0.8035 -0.5451
vn 0.3320 -0.8150 -0.4750
vn 0.0828 -0.9410 0.3282
vn -0.5935 -0.7921 -0.1425
vn -0.8944 -0.4192 0.1561
vn -0.8944 -0.4189 0.1566
vn -0.8945 -0.4183 0.1579
vn -0.8943 -0.4200 0.1546
vn -0.1533 -0.5762 0.8028
vn 0.4065 -0.3911 0.8257
vn -0.2553 -0.5892 0.7666
vn -0.8347 -0.4770 0.2752
vn 0.5784 -0.2889 0.7629
vn -0.9267 -0.3705 0.0629
vn 0.6941 -0.6174 -0.3701
vn -0.5316 -0.4705 -0.7043
vn -0.3828 -0.2323 -0.8941
vn 0.7183 -0.6721 -0.1797
vn 0.9284 -0.3055 0.2113
vn -0.4733 -0.5887 0.6553
vn -0.8386 -0.4719 0.2722
vn -0.2829 -0.3659 0.8866
vn 0.8932 0.0280 0.4489
vn 0.3416 -0.3710 0.8635
vn -0.2437 -0.4306 0.8690
vn -0.2112 -0.5802 0.7866
vn 0.2610 0.5711 -0.7783
vn -0.4901 0.1533 -0.8581
vn -0.0399 0.5339 -0.8446
vn -0.8791 -0.0329 -0.4755
vn 0.5246 0.5873 -0.6164
vn -0.7121 0.4447 -0.5433
vn -0.7130 0.4477 -0.5396
vn 0.4747 0.2420 -0.8462
vn 0.4753 0.2400 -0.8464
vn 0.9563 -0.1674 -0.2397
vn -0.0842 0.6316 -0.7707
vn 0.0460 0.9028 -0.4275
vn -0.0886 0.6193 -0.7801
vn -0.1461 0.4366 -0.8877
vn -0.9501 0.1508 0.2732
vn -0.9564 0.1655 0.2405
vn -0.9605 0.1516 0.2334
vn -0.0881 0.6207 -0.7791
vn -0.2533 -0.8839 -0.3930
vn 0.0674 0.9307 -0.3596
vn 0.0675 0.9307 -0.3595
vn -0.9633 0.1483 0.2237
vn -0.9558 0.1560 0.2491
vn 0.5134 -0.7005 -0.4958
vn 0.9563 -0.1675 -0.2397
vn 0.4461 -0.7374 -0.5072
vn 0.2533 0.8839 0.3930
vn 0.2533 0.8840 0.3930
vn 0.2736 0.2275 0.9345
vn -0.2621 -0.8436 -0.4686
vn -0.2647 -0.8437 -0.4671
vn 0.1610 -0.3804 0.9107
vn 0.1610 -0.3805 0.9107
vn -0.9563 0.1674 0.2397
vn 0.9563 -0.1674 -0.2398
vn 0.1460 -0.4348 0.8886
vn 0.1459 -0.4347 0.8887
vn 0.1458 -0.4347 0.8887
vn 0.9572 -0.2882 0.0282
vn 0.9573 -0.2878 0.0281
vn 0.9574 -0.2874 0.0281
vn 0.9570 -0.2886 0.0282
vn 0.1466 -0.4339 0.8889
vn 0.1474 -0.4332 0.8892
vn 0.1481 -0.4325 0.8894
vn 0.1459 -0.4346 0.8887
vn -0.8707 0.0343 0.4905
vn -0.8708 0.0342 0.4904
vn -0.8709 0.0341 0.4902
vn -0.8706 0.0345 0.4907
vn -0.5450 0.4645 -0.6980
vn -0.5449 0.4641 -0.6983
vn -0.5447 0.4636 -0.6989
vn -0.5452 0.4651 -0.6975
vn 0.2764 0.3196 -0.9063
vn 0.2763 0.3201 -0.9062
vn 0.2760 0.3208 -0.9060
vn 0.2766 0.3189 -0.9065
vn -0.2532 -0.8840 -0.3930
vn 0.9525 -0.2990 0.0577
vn 0.9526 -0.2988 0.0576
vn 0.9526 -0.2986 0.0576
vn 0.9524 -0.2992 0.0577
vn 0.1457 -0.4348 0.8887
vn -0.8622 0.0240 0.5060
vn -0.8638 0.0225 0.5033
vn 0.2674 0.8325 0.4852
vn -0.4564 0.7232 0.5184
vn 0.5585 0.7356 0.3834
vn -0.2726 -0.8062 -0.5251
vn 0.2531 0.8840 0.3929
vn 0.2531 0.8840 0.3930
vn 0.1461 -0.4365 0.8878
vn -0.2533 -0.8840 -0.3930
vn -0.2531 -0.8841 -0.3928
vn -0.2531 -0.8841 -0.3927
vn 0.0752 0.9339 -0.3494
vn 0.2525 0.8842 0.3931
vn 0.2522 0.8843 0.3929
vn 0.2527 0.8841 0.3932
vn 0.1461 -0.4366 0.8877
vn -0.9563 0.1672 0.2399
vn -0.9563 0.1672 0.2398
vn -0.9564 0.1671 0.2396
vn 0.8788 -0.0425 -0.4753
vn 0.7168 0.0975 -0.6905
vn 0.8725 -0.0375 -0.4872
vn 0.7351 0.0882 -0.6722
vn -0.8577 0.3930 -0.3314
vn -0.8615 0.3901 -0.3249
vn -0.8619 0.3898 -0.3243
vn -0.8573 0.3933 -0.3321
vn 0.9556 -0.1704 -0.2402
vn -0.9562 0.1678 0.2399
vn -0.1143 0.5647 -0.8173
vn -0.0514 0.5244 -0.8499
vn 0.0001 0.5681 -0.8229
vn -0.1227 0.5818 -0.8040
vn -0.1191 0.5712 -0.8121
vn -0.1744 0.5479 -0.8181
vn -0.1156 0.5529 -0.8252
vn -0.1995 0.6036 -0.7719
vn -0.0825 0.5754 -0.8137
vn -0.0929 0.5670 -0.8185
vn 0.2782 0.7746 0.5679
vn 0.2789 0.7734 0.5693
vn 0.2781 0.7749 0.5676
vn 0.2790 0.7731 0.5696
vn -0.1453 0.4369 -0.8877
vn -0.1452 0.4371 -0.8876
vn -0.2747 -0.7671 -0.5797
vn -0.2745 -0.7663 -0.5808
vn -0.2748 -0.7673 -0.5795
vn -0.2745 -0.7662 -0.5811
vn 0.1011 -0.5881 0.8025
vn 0.1014 -0.5884 0.8022
vn 0.1019 -0.5887 0.8019
vn 0.1007 -0.5877 0.8028
vn 0.2299 0.8738 0.4285
vn 0.1469 0.7837 0.6035
vn 0.1950 0.1935 0.9615
vn 0.0217 0.9675 -0.2520
vn 0.0960 0.9560 -0.2773
vn -0.2425 0.5686 -0.7861
vn -0.4010 0.4294 -0.8092
vn -0.4992 -0.2518 -0.8291
vn -0.4398 -0.8368 -0.3261
vn -0.5541 -0.6986 -0.4528
vn -0.2541 -0.9105 0.3263
vn -0.1970 -0.9307 0.3083
vn 0.0108 -0.5494 0.8355
vn -0.0162 -0.3523 0.9357
vn -0.9280 0.2079 0.3091
vn 0.3390 0.1266 0.9322
vn 0.0738 -0.7108 0.6996
vn 0.2263 -0.3448 0.9110
vn 0.3388 0.1254 0.9325
vn 0.1243 0.9550 -0.2692
vn 0.2673 0.9496 0.1640
vn 0.2587 0.9568 0.1327
vn 0.2682 0.9488 0.1666
vn -0.2449 0.2847 -0.9268
vn -0.0606 0.7346 -0.6758
vn -0.0453 0.7607 -0.6476
vn -0.3625 -0.6961 -0.6197
vn -0.3636 -0.6866 -0.6296
vn -0.3603 -0.2902 -0.8865
vn -0.1251 -0.9555 0.2673
vn -0.2792 -0.9376 -0.2072
vn -0.2705 -0.9466 -0.1755
vn 0.0605 -0.7348 0.6756
vn 0.3887 0.2466 -0.8877
vn 0.9074 0.1528 -0.3916
vn 0.3533 0.2276 0.9074
vn -0.4691 0.5305 0.7061
vn -0.3046 -0.3844 0.8715
vn 0.4668 -0.8265 0.3146
vn 0.9487 0.2129 0.2337
vn -0.8900 0.2594 -0.3750
vn -0.4498 0.8918 -0.0486
vn -0.1154 0.6285 -0.7692
vn -0.7254 -0.6556 -0.2096
vn 0.1508 -0.8519 -0.5015
vn 0.5278 -0.0583 -0.8474
vn 0.8461 -0.4917 -0.2060
vn 0.6412 0.6474 -0.4120
vn 0.9280 -0.2080 -0.3092
vn 0.9280 -0.2083 -0.3091
vn 0.9280 -0.2080 -0.3091
vn 0.9279 -0.2084 -0.3090
vn 0.9280 -0.2079 -0.3092
vn 0.2669 0.0412 0.9629
vn 0.1984 -0.1222 0.9725
vn 0.2197 -0.0202 0.9754
vn 0.2725 0.0076 0.9621
vn -0.4491 -0.4559 -0.7684
vn -0.4550 -0.5431 -0.7057
vn -0.4141 -0.4344 -0.7999
vn -0.4573 -0.4563 -0.7634
vn -0.6703 -0.6150 0.4152
vn -0.6700 -0.6154 0.4152
vn -0.3999 -0.8401 0.3664
vn 0.5748 0.7125 -0.4025
vn 0.2493 0.9120 -0.3258
vn 0.2500 0.9117 -0.3260
vn -0.1184 0.9730 -0.1980
vn -0.8632 -0.2947 0.4099
vn 0.3055 0.8997 0.3119
vn 0.0492 0.9641 -0.2610
vn -0.5889 -0.6996 0.4047
vn -0.9192 -0.0963 0.3819
vn -0.9192 -0.0963 0.3820
vn -0.1183 -0.9513 0.2846
vn 0.7688 -0.6233 -0.1429
vn 0.9192 0.0963 -0.3819
vn -0.3533 -0.2276 -0.9074
vn -0.2682 0.2199 -0.9379
vn -0.2472 0.7943 0.5550
vn -0.8085 0.5622 0.1737
vn 0.3709 0.6561 0.6573
vn 0.3475 0.1711 0.9219
vn 0.3491 0.1671 0.9221
vn 0.3484 0.1748 0.9209
vn 0.3463 0.1730 0.9220
vn 0.3445 0.1721 0.9229
vn 0.3450 0.1711 0.9229
vn 0.3484 0.1708 0.9217
vn 0.3455 0.1696 0.9230
vn 0.3507 0.1707 0.9208
vn 0.3594 0.1725 0.9171
vn -0.3553 -0.2814 -0.8914
vn -0.3571 -0.2816 -0.8906
vn -0.3481 -0.2800 -0.8947
vn -0.3593 -0.2825 -0.8894
vn -0.3597 -0.2819 -0.8895
vn -0.3595 -0.2825 -0.8893
vn -0.3592 -0.2826 -0.8894
vn -0.3593 -0.2838 -0.8890
vn -0.3599 -0.2832 -0.8890
vn -0.3585 -0.2853 -0.8889
vn -0.8536 0.4753 0.2131
vn -0.8535 0.4757 0.2129
vn 0.9280 -0.2084 -0.3090
vn 0.9286 -0.2032 -0.3105
vn 0.1183 0.9513 -0.2846
vn -0.8532 0.4762 0.2127
# 2266 vertex normals

vt 0.1835 0.5217 0.7948
vt 0.1835 0.5217 0.5041
vt 0.1835 0.5217 0.5014
vt 0.1836 0.5217 0.5014
vt 0.1836 0.5217 0.5041
vt 0.1836 0.5216 0.5041
vt 0.1836 0.5216 0.5014
vt 0.1835 0.5216 0.5041
vt 0.1835 0.5216 0.5014
vt 0.1835 0.5217 0.6061
vt 0.1835 0.5217 0.7369
vt 0.1836 0.5217 0.7369
vt 0.1836 0.5217 0.6061
vt 0.1836 0.5216 0.7369
vt 0.1836 0.5216 0.6061
vt 0.1835 0.5216 0.7369
vt 0.1835 0.5216 0.6061
vt 0.1835 0.5217 0.8912
vt 0.1835 0.5217 1.0551
vt 0.1835 0.5217 1.2190
vt 0.1835 0.5217 1.3705
vt 0.1836 0.5217 1.2190
vt 0.1836 0.5217 1.0551
vt 0.1836 0.5217 1.3705
vt 0.1836 0.5216 1.2190
vt 0.1836 0.5216 1.0551
vt 0.1836 0.5216 1.3705
vt 0.1835 0.5216 1.2190
vt 0.1835 0.5216 1.0551
vt 0.1835 0.5216 1.3705
vt 0.1835 0.5217 1.5014
vt 0.1835 0.5217 1.1047
vt 0.1835 0.5216 1.5014
vt 0.1836 0.5216 1.5014
vt 0.1836 0.5217 1.5014
vt 0.1835 0.5216 0.8912
vt 0.1836 0.5216 0.8912
vt 0.1836 0.5217 0.8912
vt 0.6939 0.6392 0.0000
vt 0.6775 0.6444 0.0000
vt 0.6776 0.6401 0.0000
vt 0.6942 0.6437 0.0000
vt 0.7487 0.6399 0.0000
vt 0.7338 0.6427 0.0000
vt 0.7339 0.6392 0.0000
vt 0.7485 0.6436 0.0000
vt 0.7341 0.6702 0.0000
vt 0.7483 0.6655 0.0000
vt 0.7481 0.6697 0.0000
vt 0.7341 0.6659 0.0000
vt 0.7516 0.6876 0.0000
vt 0.7485 0.6876 0.0000
vt 0.7514 0.6697 0.0000
vt 0.6783 0.6873 0.0000
vt 0.6757 0.6710 0.0000
vt 0.6784 0.6708 0.0000
vt 0.6751 0.6871 0.0000
vt 0.6947 0.6668 0.0000
vt 0.6948 0.6710 0.0000
vt 0.6784 0.6667 0.0000
vt 0.7220 0.6710 0.0000
vt 0.7211 0.6387 0.0000
vt 0.7073 0.6711 0.0000
vt 0.7071 0.6388 0.0000
vt 0.7220 0.6668 0.0000
vt 0.7214 0.6428 0.0000
vt 0.7071 0.6428 0.0000
vt 0.7073 0.6674 0.0000
vt 0.9347 0.7745 0.0000
vt 0.9442 0.7961 0.0000
vt 0.9343 0.8026 0.0000
vt 0.9494 0.7866 0.0000
vt 0.9250 0.8204 0.0000
vt 0.9409 0.8135 0.0000
vt 0.9535 0.7982 0.0000
vt 0.8763 0.8339 0.0000
vt 0.8890 0.8455 0.0000
vt 0.8759 0.8495 0.0000
vt 0.9086 0.8274 0.0000
vt 0.9127 0.7982 0.0000
vt 0.9189 0.8017 0.0000
vt 0.9050 0.8118 0.0000
vt 0.8886 0.8259 0.0000
vt 0.8942 0.8173 0.0000
vt 0.8949 0.8311 0.0000
vt 0.8887 0.8127 0.0000
vt 0.9005 0.8338 0.0000
vt 0.9524 0.8561 0.0000
vt 0.9653 0.8430 0.0000
vt 0.9579 0.8165 0.0000
vt 0.9450 0.8357 0.0000
vt 0.8772 0.8197 0.0000
vt 0.8826 0.8036 0.0000
vt 0.9226 0.7766 0.0000
vt 0.9251 0.7886 0.0000
vt 0.9290 0.7655 0.0000
vt 0.9416 0.7720 0.0000
vt 0.8989 0.7895 0.0000
vt 0.9120 0.8348 0.0000
vt 0.8235 0.6745 0.0000
vt 0.8475 0.6699 0.0000
vt 0.8281 0.6815 0.0000
vt 0.9001 0.9185 0.0000
vt 0.8785 0.9145 0.0000
vt 0.8970 0.9060 0.0000
vt 0.8832 0.9365 0.0000
vt 0.9128 0.9049 0.0000
vt 0.9140 0.9212 0.0000
vt 0.8859 0.9822 0.0000
vt 0.8851 0.9952 0.0000
vt 0.8822 0.9788 0.0000
vt 0.8805 0.9975 0.0000
vt 0.9706 0.9983 0.0000
vt 0.9631 0.9684 0.0000
vt 0.9715 0.9684 0.0000
vt 0.9625 0.9983 0.0000
vt 0.8872 0.9900 0.0000
vt 0.9786 0.9983 0.0000
vt 0.9785 0.9685 0.0000
vt 0.9464 0.9982 0.0000
vt 0.9547 0.9684 0.0000
vt 0.9538 0.9985 0.0000
vt 0.8977 0.8478 0.0000
vt 0.8904 0.8602 0.0000
vt 0.8765 0.8656 0.0000
vt 0.9303 0.9004 0.0000
vt 0.9431 0.8898 0.0000
vt 0.9323 0.9199 0.0000
vt 0.9019 0.8434 0.0000
vt 0.9084 0.8931 0.0000
vt 0.8945 0.8898 0.0000
vt 0.9068 0.8653 0.0000
vt 0.9290 0.8398 0.0000
vt 0.9520 0.9306 0.0000
vt 0.9654 0.9560 0.0000
vt 0.9608 0.9222 0.0000
vt 0.9619 0.9027 0.0000
vt 0.9469 0.9062 0.0000
vt 0.9853 0.9985 0.0000
vt 0.9923 0.9676 0.0000
vt 0.9788 0.9466 0.0000
vt 0.9788 0.9090 0.0000
vt 0.9770 0.8884 0.0000
vt 0.8775 0.9816 0.0000
vt 0.9917 0.9983 0.0000
vt 0.8900 0.9792 0.0000
vt 0.9019 0.9446 0.0000
vt 0.8882 0.9613 0.0000
vt 0.9104 0.9769 0.0000
vt 0.8772 0.9955 0.0000
vt 0.9995 0.9678 0.0000
vt 0.9185 0.9593 0.0000
vt 0.9341 0.9578 0.0000
vt 0.9311 0.9348 0.0000
vt 0.9595 0.8786 0.0000
vt 0.9171 0.8539 0.0000
vt 0.9258 0.8833 0.0000
vt 0.9371 0.8638 0.0000
vt 0.8766 0.8860 0.0000
vt 0.9551 0.9577 0.0000
vt 0.9703 0.8743 0.0000
vt 0.9986 0.9983 0.0000
vt 0.8274 0.7299 0.0000
vt 0.8010 0.7450 0.0000
vt 0.8275 0.7450 0.0000
vt 0.8007 0.7298 0.0000
vt 0.8490 0.7299 0.0000
vt 0.8489 0.7450 0.0000
vt 0.7745 0.7269 0.0000
vt 0.7529 0.7298 0.0000
vt 0.7745 0.7298 0.0000
vt 0.7529 0.7269 0.0000
vt 0.8490 0.7269 0.0000
vt 0.8007 0.7270 0.0000
vt 0.8273 0.7269 0.0000
vt 0.7530 0.7449 0.0000
vt 0.7743 0.7465 0.0000
vt 0.8684 0.7268 0.0000
vt 0.8685 0.7300 0.0000
vt 0.8689 0.7449 0.0000
vt 0.8927 0.6105 0.0000
vt 0.9100 0.6017 0.0000
vt 0.9097 0.6622 0.0000
vt 0.8816 0.6300 0.0000
vt 0.8821 0.6119 0.0000
vt 0.8543 0.6831 0.0000
vt 0.8663 0.6689 0.0000
vt 0.8699 0.6872 0.0000
vt 0.8612 0.6982 0.0000
vt 0.9609 0.6820 0.0000
vt 0.9511 0.6845 0.0000
vt 0.9537 0.6676 0.0000
vt 0.9374 0.6736 0.0000
vt 0.9331 0.7110 0.0000
vt 0.9341 0.6917 0.0000
vt 0.8881 0.7114 0.0000
vt 0.8873 0.6908 0.0000
vt 0.8656 0.7130 0.0000
vt 0.8847 0.7205 0.0000
vt 0.8418 0.6963 0.0000
vt 0.8839 0.6736 0.0000
vt 0.9074 0.7248 0.0000
vt 0.9101 0.7137 0.0000
vt 0.8638 0.5822 0.0000
vt 0.8808 0.5783 0.0000
vt 0.8820 0.5940 0.0000
vt 0.8663 0.5962 0.0000
vt 0.8692 0.6104 0.0000
vt 0.8324 0.6512 0.0000
vt 0.8377 0.6629 0.0000
vt 0.8783 0.5624 0.0000
vt 0.8615 0.5635 0.0000
vt 0.8143 0.6400 0.0000
vt 0.7954 0.6515 0.0000
vt 0.8031 0.6189 0.0000
vt 0.8821 0.6581 0.0000
vt 0.9104 0.6693 0.0000
vt 0.8939 0.5756 0.0000
vt 0.8829 0.6433 0.0000
vt 0.8921 0.6553 0.0000
vt 0.8673 0.6259 0.0000
vt 0.8208 0.6173 0.0000
vt 0.9464 0.9677 0.0000
vt 0.9393 0.6575 0.0000
vt 0.9983 0.8945 0.0000
vt 0.9965 0.8850 0.0000
vt 0.9921 0.8864 0.0000
vt 0.9835 0.8754 0.0000
vt 0.9901 0.8652 0.0000
vt 0.9871 0.8609 0.0000
vt 0.9884 0.8839 0.0000
vt 1.0015 0.8675 0.0000
vt 0.9789 0.7942 0.0000
vt 0.9663 0.7836 0.0000
vt 0.9725 0.8037 0.0000
vt 0.9743 0.7726 0.0000
vt 0.9560 0.7965 0.0000
vt 0.9633 0.8270 0.0000
vt 0.9604 0.7923 0.0000
vt 0.9825 0.8115 0.0000
vt 0.9661 0.8240 0.0000
vt 0.9816 0.7644 0.0000
vt 0.9822 0.7563 0.0000
vt 0.9767 0.7517 0.0000
vt 0.9692 0.7658 0.0000
vt 0.9949 0.7910 0.0000
vt 1.0000 0.7858 0.0000
vt 0.9980 0.7830 0.0000
vt 0.9973 0.7932 0.0000
vt 0.9820 0.7752 0.0000
vt 0.9874 0.8033 0.0000
vt 0.9913 0.8025 0.0000
vt 0.9911 0.8527 0.0000
vt 0.9866 0.7865 0.0000
vt 0.9724 0.7613 0.0000
vt 0.9710 0.8419 0.0000
vt 0.9687 0.8441 0.0000
vt 0.9746 0.8539 0.0000
vt 0.9722 0.8551 0.0000
vt 0.9887 0.8512 0.0000
vt 0.9879 0.8469 0.0000
vt 0.9879 0.7858 0.0000
vt 0.9888 0.7819 0.0000
vt 0.9763 0.8582 0.0000
vt 0.9969 0.9019 0.0000
vt 0.9864 0.8875 0.0000
vt 0.9851 0.8980 0.0000
vt 0.9772 0.8797 0.0000
vt 0.9752 0.8738 0.0000
vt 0.9792 0.8684 0.0000
vt 0.9815 0.8740 0.0000
vt 0.9935 0.7940 0.0000
vt 0.9918 0.7743 0.0000
vt 0.9990 0.7778 0.0000
vt 0.9924 0.7690 0.0000
vt 0.9576 0.7807 0.0000
vt 0.9958 0.8568 0.0000
vt 1.0014 0.8579 0.0000
vt 0.9825 0.8823 0.0000
vt 0.9530 0.7676 0.0000
vt 0.9573 0.7604 0.0000
vt 0.9579 0.7716 0.0000
vt 0.9504 0.7567 0.0000
vt 0.9541 0.7781 0.0000
vt 0.9478 0.7735 0.0000
vt 0.9466 0.7642 0.0000
vt 0.9546 0.7552 0.0000
vt 0.9630 0.7749 0.0000
vt 0.9575 0.7807 0.0000
vt 0.9537 0.7859 0.0000
vt 0.9841 0.8948 0.0000
vt 0.9812 0.8918 0.0000
vt 0.9845 0.8295 0.0000
vt 0.9862 0.8281 0.0000
vt 0.9848 0.8211 0.0000
vt 0.9946 0.9102 0.0000
vt 0.9839 0.9065 0.0000
vt 0.9908 0.8454 0.0000
vt 0.9934 0.8427 0.0000
vt 0.9989 0.8412 0.0000
vt 0.9979 0.8368 0.0000
vt 0.9948 0.8471 0.0000
vt 0.9863 0.8282 0.0000
vt 0.9878 0.8254 0.0000
vt 0.9920 0.8206 0.0000
vt 1.0000 0.8334 0.0000
vt 0.9948 0.8179 0.0000
vt 0.9825 0.9030 0.0000
vt 0.9807 0.9012 0.0000
vt 0.7658 0.9218 0.0000
vt 0.7639 0.9152 0.0000
vt 0.7540 0.9375 0.0000
vt 0.7578 0.9503 0.0000
vt 0.7790 0.9003 0.0000
vt 0.7783 0.8928 0.0000
vt 0.7930 0.8832 0.0000
vt 0.7909 0.8743 0.0000
vt 0.8072 0.9549 0.0000
vt 0.8194 0.9303 0.0000
vt 0.8024 0.8627 0.0000
vt 0.8310 0.8976 0.0000
vt 0.8249 0.8457 0.0000
vt 0.8142 0.8538 0.0000
vt 0.8389 0.8259 0.0000
vt 0.8323 0.8163 0.0000
vt 0.8466 0.8766 0.0000
vt 0.8587 0.8607 0.0000
vt 0.7658 0.9809 0.0000
vt 0.7772 0.9736 0.0000
vt 0.7928 0.9654 0.0000
vt 0.8665 0.8488 0.0000
vt 0.8484 0.8111 0.0000
vt 0.8571 0.8190 0.0000
vt 0.7497 0.8506 0.0000
vt 0.7546 0.8508 0.0000
vt 0.7546 0.8273 0.0000
vt 0.7545 0.8620 0.0000
vt 0.7498 0.8621 0.0000
vt 0.7546 0.8507 0.0000
vt 0.7545 0.8621 0.0000
vt 0.7535 0.9375 0.0000
vt 0.7554 0.9143 0.0000
vt 0.7604 0.9081 0.0000
vt 0.7498 0.8620 0.0000
vt 0.7546 0.8410 0.0000
vt 0.7498 0.8350 0.0000
vt 0.8663 0.9551 0.0000
vt 0.8571 0.9535 0.0000
vt 0.8573 0.9919 0.0000
vt 0.8667 0.9899 0.0000
vt 0.8700 0.9712 0.0000
vt 0.7497 0.8350 0.0000
vt 0.8616 0.8744 0.0000
vt 0.8482 0.8812 0.0000
vt 0.8604 0.8681 0.0000
vt 0.8460 0.8766 0.0000
vt 0.8581 0.8607 0.0000
vt 0.8697 0.8559 0.0000
vt 0.8659 0.8488 0.0000
vt 0.8716 0.8670 0.0000
vt 0.7653 0.9809 0.0000
vt 0.7778 0.9864 0.0000
vt 0.7700 0.9892 0.0000
vt 0.7767 0.9736 0.0000
vt 0.7787 0.9968 0.0000
vt 0.7734 0.9998 0.0000
vt 0.7967 0.9806 0.0000
vt 0.7922 0.9654 0.0000
vt 0.7972 0.9914 0.0000
vt 0.8133 0.8310 0.0000
vt 0.7986 0.8497 0.0000
vt 0.7571 0.8882 0.0000
vt 0.7658 0.8893 0.0000
vt 0.7883 0.7855 0.0000
vt 0.7883 0.8004 0.0000
vt 0.7738 0.8101 0.0000
vt 0.8479 0.8111 0.0000
vt 0.8562 0.7948 0.0000
vt 0.8555 0.8072 0.0000
vt 0.8233 0.7737 0.0000
vt 0.8316 0.8163 0.0000
vt 0.8150 0.7889 0.0000
vt 0.8473 0.8047 0.0000
vt 0.7910 0.8174 0.0000
vt 0.7886 0.8296 0.0000
vt 0.7917 0.8290 0.0000
vt 0.7879 0.8182 0.0000
vt 0.7910 0.8172 0.0000
vt 0.7885 0.8296 0.0000
vt 0.7877 0.8003 0.0000
vt 0.8155 0.7889 0.0000
vt 0.8036 0.7963 0.0000
vt 0.7937 0.8405 0.0000
vt 0.8044 0.8111 0.0000
vt 0.8238 0.7737 0.0000
vt 0.7664 0.8893 0.0000
vt 0.7878 0.8610 0.0000
vt 0.7586 0.8706 0.0000
vt 0.8393 0.7955 0.0000
vt 0.8479 0.8047 0.0000
vt 0.7972 0.9806 0.0000
vt 0.8165 0.9866 0.0000
vt 0.8139 0.9689 0.0000
vt 0.7610 0.9081 0.0000
vt 0.7576 0.8882 0.0000
vt 0.7559 0.9143 0.0000
vt 0.7641 0.8093 0.0000
vt 0.7744 0.8214 0.0000
vt 0.7758 0.7952 0.0000
vt 0.7642 0.8284 0.0000
vt 0.7752 0.8298 0.0000
vt 0.7643 0.8377 0.0000
vt 0.7641 0.8283 0.0000
vt 0.7745 0.8214 0.0000
vt 0.7641 0.8186 0.0000
vt 0.7711 0.7740 0.0000
vt 0.7779 0.7740 0.0000
vt 0.7757 0.7649 0.0000
vt 0.7758 0.7951 0.0000
vt 0.7498 0.7739 0.0000
vt 0.7546 0.7974 0.0000
vt 0.7545 0.7740 0.0000
vt 0.7497 0.7974 0.0000
vt 0.7883 0.8003 0.0000
vt 0.7885 0.8182 0.0000
vt 0.7497 0.8108 0.0000
vt 0.7546 0.8110 0.0000
vt 0.7642 0.7979 0.0000
vt 0.8434 0.9969 0.0000
vt 0.8430 0.9454 0.0000
vt 0.7498 0.8110 0.0000
vt 0.7546 0.7526 0.0000
vt 0.7641 0.7739 0.0000
vt 0.7639 0.7507 0.0000
vt 0.7641 0.7980 0.0000
vt 0.8568 0.7948 0.0000
vt 0.7519 0.9245 0.0000
vt 0.7642 0.7978 0.0000
vt 0.8560 0.8072 0.0000
vt 0.7641 0.7978 0.0000
vt 0.7499 0.7520 0.0000
vt 0.8302 0.9719 0.0000
vt 0.8351 0.9940 0.0000
vt 0.8347 0.9490 0.0000
vt 0.8019 0.8627 0.0000
vt 0.8136 0.8538 0.0000
vt 0.8188 0.9303 0.0000
vt 0.7545 0.8411 0.0000
vt 0.8570 0.9535 0.0000
vt 0.8666 0.9899 0.0000
vt 0.8699 0.9712 0.0000
vt 0.7546 0.8274 0.0000
vt 0.7641 0.7979 0.0000
vt 0.7733 0.8100 0.0000
vt 0.8429 0.9454 0.0000
vt 0.7753 0.7952 0.0000
vt 0.7641 0.8094 0.0000
vt 0.7706 0.7740 0.0000
vt 0.7752 0.7649 0.0000
vt 0.7752 0.7951 0.0000
vt 0.8244 0.8457 0.0000
vt 0.8305 0.8976 0.0000
vt 0.8301 0.9719 0.0000
vt 0.8350 0.9940 0.0000
vt 0.7544 0.7740 0.0000
vt 0.7904 0.8743 0.0000
vt 0.7980 0.8497 0.0000
vt 0.7924 0.8832 0.0000
vt 0.8127 0.8310 0.0000
vt 0.8383 0.8259 0.0000
vt 0.7633 0.9152 0.0000
vt 0.7653 0.9218 0.0000
vt 0.7572 0.9503 0.0000
vt 0.7777 0.8928 0.0000
vt 0.7784 0.9003 0.0000
vt 0.8066 0.9549 0.0000
vt 0.8565 0.8190 0.0000
vt 0.7774 0.7740 0.0000
vt 0.7878 0.8004 0.0000
vt 0.7878 0.7855 0.0000
vt 0.7738 0.8214 0.0000
vt 0.7747 0.8298 0.0000
vt 0.7739 0.8214 0.0000
vt 0.7746 0.8298 0.0000
vt 0.7878 0.8183 0.0000
vt 0.7880 0.7736 0.0000
vt 0.7880 0.7533 0.0000
vt 0.7880 0.7855 0.0000
vt 0.8133 0.9689 0.0000
vt 0.8509 0.8894 0.0000
vt 0.8344 0.9058 0.0000
vt 0.8396 0.9156 0.0000
vt 0.8222 0.9420 0.0000
vt 0.8289 0.9520 0.0000
vt 0.8160 0.9866 0.0000
vt 0.7872 0.8610 0.0000
vt 0.7932 0.8405 0.0000
vt 0.8039 0.8111 0.0000
vt 0.8036 0.7956 0.0000
vt 0.7582 0.8708 0.0000
vt 0.8388 0.7955 0.0000
vt 0.7641 0.8284 0.0000
vt 0.7513 0.9245 0.0000
vt 0.8636 0.6448 0.0000
vt 0.8497 0.6529 0.0000
vt 0.7745 0.7449 0.0000
vt 0.8484 0.7481 0.0000
vt 0.7777 0.7481 0.0000
vt 0.8927 0.5884 0.0000
vt 0.8253 0.6391 0.0000
vt 0.8933 0.5612 0.0000
vt 0.9574 0.6940 0.0000
vt 0.9502 0.7124 0.0000
vt 0.9787 0.6967 0.0000
vt 0.9906 0.6856 0.0000
vt 0.9106 0.6924 0.0000
vt 0.9339 0.7201 0.0000
vt 0.7937 0.6957 0.0000
vt 0.8165 0.6995 0.0000
vt 0.7992 0.7097 0.0000
vt 0.9379 0.5941 0.0000
vt 0.9399 0.5781 0.0000
vt 0.9561 0.5829 0.0000
vt 0.9539 0.5962 0.0000
vt 0.9380 0.6114 0.0000
vt 0.9538 0.6104 0.0000
vt 0.9385 0.6290 0.0000
vt 0.7692 0.6823 0.0000
vt 0.7765 0.6597 0.0000
vt 0.7903 0.6873 0.0000
vt 0.9931 0.6758 0.0000
vt 0.9703 0.6701 0.0000
vt 0.9810 0.6625 0.0000
vt 0.9591 0.5639 0.0000
vt 0.9419 0.5624 0.0000
vt 0.7677 0.6343 0.0000
vt 0.9262 0.6568 0.0000
vt 0.9382 0.6406 0.0000
vt 0.9542 0.6283 0.0000
vt 0.7514 0.6453 0.0000
vt 0.9289 0.6101 0.0000
vt 0.8618 0.6443 0.0000
vt 0.8497 0.6497 0.0000
vt 0.8596 0.6434 0.0000
vt 0.8528 0.5821 0.0000
vt 0.8529 0.5963 0.0000
vt 0.8507 0.5822 0.0000
vt 0.8553 0.5960 0.0000
vt 0.8308 0.6069 0.0000
vt 0.8294 0.6205 0.0000
vt 0.8278 0.6071 0.0000
vt 0.8355 0.6493 0.0000
vt 0.8333 0.6355 0.0000
vt 0.8372 0.6465 0.0000
vt 0.8305 0.6366 0.0000
vt 0.8621 0.6096 0.0000
vt 0.8597 0.6252 0.0000
vt 0.8583 0.6094 0.0000
vt 0.8633 0.6260 0.0000
vt 0.8565 0.6205 0.0000
vt 0.8452 0.6113 0.0000
vt 0.8321 0.6196 0.0000
vt 0.8524 0.6120 0.0000
vt 0.8376 0.6124 0.0000
vt 0.8340 0.6946 0.0000
vt 0.7856 0.6283 0.0000
vt 0.8536 0.5695 0.0000
vt 0.8511 0.5707 0.0000
vt 0.8702 0.8559 0.0000
vt 0.8621 0.8744 0.0000
vt 0.8722 0.8670 0.0000
vt 0.7784 0.9864 0.0000
vt 0.7706 0.9892 0.0000
vt 0.7792 0.9968 0.0000
vt 0.7740 0.9998 0.0000
vt 0.7978 0.9914 0.0000
vt 0.7916 0.8172 0.0000
vt 0.7922 0.8290 0.0000
vt 0.7890 0.8296 0.0000
vt 0.7891 0.8296 0.0000
vt 0.7916 0.8174 0.0000
vt 0.8609 0.8681 0.0000
vt 0.9878 0.6512 0.0000
vt 0.9706 0.6529 0.0000
vt 0.9276 0.5884 0.0000
vt 0.7660 0.6670 0.0000
vt 0.9264 0.5756 0.0000
vt 0.9270 0.5612 0.0000
vt 0.9576 0.6469 0.0000
vt 0.7883 0.8183 0.0000
vt 0.7885 0.7736 0.0000
vt 0.7885 0.7533 0.0000
vt 0.7885 0.7855 0.0000
vt 0.8227 0.9420 0.0000
vt 0.8488 0.8812 0.0000
vt 0.8515 0.8894 0.0000
vt 0.8349 0.9058 0.0000
vt 0.8402 0.9156 0.0000
vt 0.8295 0.9520 0.0000
vt 0.9675 0.5821 0.0000
vt 0.9674 0.5963 0.0000
vt 0.9650 0.5960 0.0000
vt 0.9895 0.6069 0.0000
vt 0.9909 0.6205 0.0000
vt 0.9882 0.6196 0.0000
vt 0.9925 0.6071 0.0000
vt 0.9869 0.6355 0.0000
vt 0.9847 0.6493 0.0000
vt 0.9830 0.6465 0.0000
vt 0.9898 0.6366 0.0000
vt 0.9606 0.6252 0.0000
vt 0.9582 0.6096 0.0000
vt 0.9620 0.6094 0.0000
vt 0.9570 0.6260 0.0000
vt 0.9751 0.6113 0.0000
vt 0.9706 0.6497 0.0000
vt 0.9638 0.6205 0.0000
vt 0.9607 0.6434 0.0000
vt 0.9679 0.6120 0.0000
vt 0.9827 0.6124 0.0000
vt 0.9667 0.5695 0.0000
vt 0.9962 0.6385 0.0000
vt 1.0002 0.6169 0.0000
vt 0.9584 0.6443 0.0000
vt 0.9696 0.5822 0.0000
vt 0.9906 0.6974 0.0000
vt 0.9692 0.5707 0.0000
vt 0.6502 0.8904 0.0000
vt 0.6433 0.9014 0.0000
vt 0.6401 0.8886 0.0000
vt 0.6552 0.9000 0.0000
vt 0.6662 0.8925 0.0000
vt 0.6663 0.8848 0.0000
vt 0.6607 0.8767 0.0000
vt 0.6666 0.9010 0.0000
vt 0.6587 0.8840 0.0000
vt 0.5881 0.9216 0.0000
vt 0.5712 0.9194 0.0000
vt 0.5880 0.9112 0.0000
vt 0.5953 0.9218 0.0000
vt 0.8652 0.7511 0.0000
vt 0.8565 0.7586 0.0000
vt 0.8470 0.7508 0.0000
vt 0.8709 0.7718 0.0000
vt 0.8703 0.7721 0.0000
vt 0.8555 0.7590 0.0000
vt 0.8416 0.7713 0.0000
vt 0.8410 0.7715 0.0000
vt 0.8563 0.7843 0.0000
vt 0.8648 0.7926 0.0000
vt 0.8553 0.7847 0.0000
vt 0.7080 0.8876 0.0000
vt 0.7090 0.9014 0.0000
vt 0.7122 0.9045 0.0000
vt 0.7133 0.8876 0.0000
vt 0.7165 0.9003 0.0000
vt 0.7058 0.8547 0.0000
vt 0.7027 0.8632 0.0000
vt 0.7216 0.8577 0.0000
vt 0.7154 0.9045 0.0000
vt 0.6963 0.9194 0.0000
vt 0.7210 0.9101 0.0000
vt 0.7083 0.9109 0.0000
vt 0.6984 0.8144 0.0000
vt 0.6836 0.8621 0.0000
vt 0.6772 0.8674 0.0000
vt 0.6496 0.7952 0.0000
vt 0.6327 0.8111 0.0000
vt 0.6327 0.7899 0.0000
vt 0.6475 0.8101 0.0000
vt 0.6454 0.8197 0.0000
vt 0.6327 0.8208 0.0000
vt 0.6086 0.8832 0.0000
vt 0.6157 0.8828 0.0000
vt 0.6115 0.8914 0.0000
vt 0.6528 0.8801 0.0000
vt 0.6493 0.8835 0.0000
vt 0.6089 0.9000 0.0000
vt 0.5981 0.8925 0.0000
vt 0.6040 0.8752 0.0000
vt 0.8467 0.7923 0.0000
vt 0.5344 0.7933 0.0000
vt 0.5210 0.8164 0.0000
vt 0.5257 0.8023 0.0000
vt 0.5284 0.8164 0.0000
vt 0.5419 0.7933 0.0000
vt 0.5390 0.8163 0.0000
vt 0.5461 0.7957 0.0000
vt 0.5021 0.7956 0.0000
vt 0.5084 0.8016 0.0000
vt 0.5102 0.8163 0.0000
vt 0.5173 0.8026 0.0000
vt 0.5241 0.8312 0.0000
vt 0.7078 0.9851 0.0000
vt 0.7282 0.9273 0.0000
vt 0.7366 0.9374 0.0000
vt 0.7069 0.9642 0.0000
vt 0.6586 0.7763 0.0000
vt 0.6330 0.7727 0.0000
vt 0.6745 0.7826 0.0000
vt 0.6740 0.7952 0.0000
vt 0.6866 0.7898 0.0000
vt 0.6899 0.7941 0.0000
vt 0.7186 0.9986 0.0000
vt 0.7394 0.9595 0.0000
vt 0.7088 0.9993 0.0000
vt 0.6982 0.9983 0.0000
vt 0.6412 0.8783 0.0000
vt 0.6369 0.8793 0.0000
vt 0.6413 0.8707 0.0000
vt 0.6333 0.9165 0.0000
vt 0.6494 0.9156 0.0000
vt 0.6327 0.9022 0.0000
vt 0.6327 0.9353 0.0000
vt 0.6486 0.9279 0.0000
vt 0.6496 0.9332 0.0000
vt 0.6327 0.9286 0.0000
vt 0.5350 0.8597 0.0000
vt 0.5368 0.8544 0.0000
vt 0.5359 0.8544 0.0000
vt 0.5372 0.8615 0.0000
vt 0.5001 0.8607 0.0000
vt 0.5118 0.8544 0.0000
vt 0.4992 0.8544 0.0000
vt 0.6708 0.9236 0.0000
vt 0.6731 0.9256 0.0000
vt 0.6718 0.9246 0.0000
vt 0.6475 0.8568 0.0000
vt 0.6327 0.8441 0.0000
vt 0.6486 0.8441 0.0000
vt 0.5313 0.8676 0.0000
vt 0.5294 0.8634 0.0000
vt 0.5230 0.8656 0.0000
vt 0.5233 0.8709 0.0000
vt 0.5176 0.8647 0.0000
vt 0.5121 0.8711 0.0000
vt 0.5164 0.8544 0.0000
vt 0.5079 0.8706 0.0000
vt 0.5027 0.8661 0.0000
vt 0.7221 0.9180 0.0000
vt 0.7032 0.9280 0.0000
vt 0.6995 0.9569 0.0000
vt 0.6908 0.9989 0.0000
vt 0.6719 0.8090 0.0000
vt 0.6899 0.8037 0.0000
vt 0.6698 0.8356 0.0000
vt 0.6708 0.8239 0.0000
vt 0.6762 0.8536 0.0000
vt 0.6327 0.8356 0.0000
vt 0.6507 0.8356 0.0000
vt 0.6772 0.8165 0.0000
vt 0.6687 0.8589 0.0000
vt 0.6708 0.8674 0.0000
vt 0.6733 0.8834 0.0000
vt 0.6655 0.8717 0.0000
vt 0.6825 0.8738 0.0000
vt 0.6868 0.8664 0.0000
vt 0.6901 0.8918 0.0000
vt 0.6327 0.8568 0.0000
vt 0.6412 0.8642 0.0000
vt 0.6328 0.8707 0.0000
vt 0.6327 0.8632 0.0000
vt 0.6518 0.8748 0.0000
vt 0.6465 0.8727 0.0000
vt 0.6518 0.8706 0.0000
vt 0.6465 0.8770 0.0000
vt 0.6539 0.8664 0.0000
vt 0.6613 0.8557 0.0000
vt 0.6602 0.8674 0.0000
vt 0.6677 0.8441 0.0000
vt 0.5261 0.8054 0.0000
vt 0.5152 0.7773 0.0000
vt 0.5244 0.7773 0.0000
vt 0.5289 0.8204 0.0000
vt 0.5390 0.7769 0.0000
vt 0.5433 0.7958 0.0000
vt 0.5471 0.7769 0.0000
vt 0.5478 0.7984 0.0000
vt 0.5562 0.7769 0.0000
vt 0.5010 0.7983 0.0000
vt 0.5080 0.8071 0.0000
vt 0.4966 0.7769 0.0000
vt 0.5403 0.8204 0.0000
vt 0.5096 0.8204 0.0000
vt 0.5224 0.8087 0.0000
vt 0.5245 0.8362 0.0000
vt 0.5354 0.7958 0.0000
vt 0.5211 0.8204 0.0000
vt 0.5077 0.8047 0.0000
vt 0.5172 0.8057 0.0000
vt 0.5394 0.7958 0.0000
vt 0.5881 0.8165 0.0000
vt 0.5767 0.8036 0.0000
vt 0.5934 0.8090 0.0000
vt 0.5595 0.9652 0.0000
vt 0.5610 0.9280 0.0000
vt 0.5659 0.9569 0.0000
vt 0.5839 0.9968 0.0000
vt 0.5704 0.9882 0.0000
vt 0.5871 0.9912 0.0000
vt 0.5843 0.9967 0.0000
vt 0.5896 0.9965 0.0000
vt 0.5941 0.9227 0.0000
vt 0.6189 0.9245 0.0000
vt 0.6168 0.9279 0.0000
vt 0.6327 0.9254 0.0000
vt 0.6059 0.9247 0.0000
vt 0.6040 0.9279 0.0000
vt 0.5948 0.9237 0.0000
vt 0.5936 0.9250 0.0000
vt 0.5349 0.8491 0.0000
vt 0.5312 0.8412 0.0000
vt 0.5293 0.8454 0.0000
vt 0.5371 0.8473 0.0000
vt 0.5230 0.8432 0.0000
vt 0.5233 0.8379 0.0000
vt 0.5176 0.8441 0.0000
vt 0.5121 0.8377 0.0000
vt 0.5808 0.9472 0.0000
vt 0.5710 0.9502 0.0000
vt 0.6051 0.9448 0.0000
vt 0.6083 0.9650 0.0000
vt 0.6019 0.9692 0.0000
vt 0.6178 0.9544 0.0000
vt 0.5903 0.9480 0.0000
vt 0.5956 0.9703 0.0000
vt 0.5892 0.9766 0.0000
vt 0.5871 0.9873 0.0000
vt 0.6327 0.9576 0.0000
vt 0.6187 0.9755 0.0000
vt 0.6091 0.9844 0.0000
vt 0.5714 0.8113 0.0000
vt 0.5446 0.9939 0.0000
vt 0.5410 0.9478 0.0000
vt 0.5574 0.9851 0.0000
vt 0.5496 0.9338 0.0000
vt 0.5564 0.9885 0.0000
vt 0.5607 0.9875 0.0000
vt 0.6243 0.8707 0.0000
vt 0.6284 0.8793 0.0000
vt 0.6242 0.8783 0.0000
vt 0.6213 0.9014 0.0000
vt 0.6196 0.9159 0.0000
vt 0.6157 0.9332 0.0000
vt 0.6327 0.9533 0.0000
vt 0.6327 0.9480 0.0000
vt 0.5001 0.8481 0.0000
vt 0.6178 0.8568 0.0000
vt 0.6157 0.8441 0.0000
vt 0.6242 0.8642 0.0000
vt 0.6146 0.8356 0.0000
vt 0.6189 0.8727 0.0000
vt 0.6125 0.8748 0.0000
vt 0.6125 0.8706 0.0000
vt 0.6189 0.8770 0.0000
vt 0.5079 0.8382 0.0000
vt 0.5027 0.8428 0.0000
vt 0.5433 0.9180 0.0000
vt 0.6178 0.8101 0.0000
vt 0.5913 0.7952 0.0000
vt 0.6157 0.7952 0.0000
vt 0.5767 0.7940 0.0000
vt 0.6078 0.7777 0.0000
vt 0.5911 0.7832 0.0000
vt 0.5786 0.7896 0.0000
vt 0.5393 0.9692 0.0000
vt 0.6104 0.8770 0.0000
vt 0.6125 0.8801 0.0000
vt 0.6199 0.8812 0.0000
vt 0.6235 0.8843 0.0000
vt 0.6256 0.8886 0.0000
vt 0.6274 0.8804 0.0000
vt 0.6242 0.8814 0.0000
vt 0.6221 0.8804 0.0000
vt 0.6063 0.9161 0.0000
vt 0.5994 0.8985 0.0000
vt 0.6104 0.8759 0.0000
vt 0.6104 0.8706 0.0000
vt 0.5995 0.8828 0.0000
vt 0.6051 0.8727 0.0000
vt 0.6115 0.8664 0.0000
vt 0.6051 0.8674 0.0000
vt 0.5878 0.8929 0.0000
vt 0.6005 0.8707 0.0000
vt 0.5293 0.8634 0.0000
vt 0.6327 0.8772 0.0000
vt 0.6189 0.8791 0.0000
vt 0.6125 0.8770 0.0000
vt 0.6030 0.9321 0.0000
vt 0.5924 0.9277 0.0000
vt 0.6327 0.9406 0.0000
vt 0.6146 0.9374 0.0000
vt 0.6030 0.9374 0.0000
vt 0.5924 0.9311 0.0000
vt 0.6327 0.8793 0.0000
vt 0.6324 0.8886 0.0000
vt 0.5921 0.8834 0.0000
vt 0.6005 0.8686 0.0000
vt 0.5956 0.8589 0.0000
vt 0.6040 0.8557 0.0000
vt 0.5945 0.8674 0.0000
vt 0.5752 0.8918 0.0000
vt 0.5818 0.8738 0.0000
vt 0.5443 0.9101 0.0000
vt 0.6645 0.8695 0.0000
vt 0.6778 0.9108 0.0000
vt 0.6787 0.9216 0.0000
vt 0.6764 0.8929 0.0000
vt 0.6613 0.9279 0.0000
vt 0.6624 0.9321 0.0000
vt 0.6738 0.9277 0.0000
vt 0.6507 0.9374 0.0000
vt 0.6624 0.9374 0.0000
vt 0.6748 0.9317 0.0000
vt 0.6378 0.8800 0.0000
vt 0.6549 0.8759 0.0000
vt 0.6549 0.8770 0.0000
vt 0.6592 0.9448 0.0000
vt 0.6539 0.8706 0.0000
vt 0.6602 0.8727 0.0000
vt 0.6682 0.9221 0.0000
vt 0.6421 0.8846 0.0000
vt 0.6412 0.8814 0.0000
vt 0.6698 0.9703 0.0000
vt 0.6466 0.9755 0.0000
vt 0.6634 0.9692 0.0000
vt 0.6685 0.9939 0.0000
vt 0.6762 0.9766 0.0000
vt 0.6783 0.9873 0.0000
vt 0.6563 0.9844 0.0000
vt 0.6932 0.9502 0.0000
vt 0.6804 0.9968 0.0000
vt 0.6974 0.8080 0.0000
vt 0.6779 0.9879 0.0000
vt 0.6791 0.9946 0.0000
vt 0.6465 0.9247 0.0000
vt 0.6592 0.9247 0.0000
vt 0.6475 0.9544 0.0000
vt 0.6751 0.9480 0.0000
vt 0.6846 0.9472 0.0000
vt 0.6560 0.9650 0.0000
vt 0.5871 0.8674 0.0000
vt 0.5595 0.8547 0.0000
vt 0.5786 0.8664 0.0000
vt 0.5627 0.8632 0.0000
vt 0.5818 0.8621 0.0000
vt 0.5574 0.8876 0.0000
vt 0.5531 0.9045 0.0000
vt 0.5553 0.9014 0.0000
vt 0.5521 0.8876 0.0000
vt 0.5489 0.9003 0.0000
vt 0.5460 0.8652 0.0000
vt 0.5489 0.9045 0.0000
vt 0.5945 0.8239 0.0000
vt 0.6189 0.8197 0.0000
vt 0.5977 0.8441 0.0000
vt 0.5956 0.8356 0.0000
vt 0.5892 0.8536 0.0000
vt 0.6605 0.9188 0.0000
vt 0.6465 0.8791 0.0000
vt 0.6528 0.8770 0.0000
vt 0.6454 0.8812 0.0000
vt 0.6422 0.8804 0.0000
vt 0.5570 0.9109 0.0000
vt 0.5669 0.8144 0.0000
vt 0.6929 0.7432 0.0000
vt 0.6752 0.7434 0.0000
vt 0.6899 0.7468 0.0000
vt 0.7034 0.7363 0.0000
vt 0.7068 0.7248 0.0000
vt 0.6930 0.7283 0.0000
vt 0.7081 0.7147 0.0000
vt 0.6923 0.7222 0.0000
vt 0.6948 0.7283 0.0000
vt 0.7082 0.7248 0.0000
vt 0.7054 0.7363 0.0000
vt 0.6924 0.7362 0.0000
vt 0.7051 0.7504 0.0000
vt 0.6917 0.7468 0.0000
vt 0.7050 0.7604 0.0000
vt 0.6892 0.7528 0.0000
vt 0.7037 0.7504 0.0000
vt 0.7207 0.7364 0.0000
vt 0.7207 0.7243 0.0000
vt 0.7194 0.7113 0.0000
vt 0.7166 0.7364 0.0000
vt 0.7179 0.7243 0.0000
vt 0.7178 0.7512 0.0000
vt 0.6551 0.7375 0.0000
vt 0.6747 0.7280 0.0000
vt 0.6763 0.7376 0.0000
vt 0.6533 0.7298 0.0000
vt 0.6592 0.7409 0.0000
vt 0.6747 0.7471 0.0000
vt 0.6533 0.7479 0.0000
vt 0.6752 0.7317 0.0000
vt 0.6775 0.7317 0.0000
vt 0.6775 0.7434 0.0000
vt 0.7460 0.7278 0.0000
vt 0.7294 0.7120 0.0000
vt 0.7475 0.7219 0.0000
vt 0.7273 0.7246 0.0000
vt 0.7464 0.7388 0.0000
vt 0.7263 0.7364 0.0000
vt 0.7460 0.7474 0.0000
vt 0.7273 0.7508 0.0000
vt 0.7475 0.7533 0.0000
vt 0.7294 0.7634 0.0000
vt 0.7482 0.7474 0.0000
vt 0.7306 0.7508 0.0000
vt 0.7489 0.7388 0.0000
vt 0.7317 0.7364 0.0000
vt 0.6727 0.7080 0.0000
vt 0.6797 0.7155 0.0000
vt 0.6727 0.7230 0.0000
vt 0.6478 0.7649 0.0000
vt 0.6409 0.7074 0.0000
vt 0.6409 0.7649 0.0000
vt 0.6478 0.7074 0.0000
vt 0.6334 0.7649 0.0000
vt 0.6265 0.7074 0.0000
vt 0.6265 0.7649 0.0000
vt 0.6334 0.7074 0.0000
vt 0.6518 0.7155 0.0000
vt 0.6588 0.7080 0.0000
vt 0.6588 0.7230 0.0000
vt 0.7192 0.7641 0.0000
vt 0.7205 0.7512 0.0000
vt 0.7306 0.7246 0.0000
vt 0.7482 0.7278 0.0000
vt 0.5301 0.6473 0.0000
vt 0.5564 0.6468 0.0000
vt 0.5519 0.6506 0.0000
vt 0.5613 0.6863 0.0000
vt 0.5579 0.6835 0.0000
vt 0.5278 0.6921 0.0000
vt 0.5162 0.6852 0.0000
vt 0.5352 0.6897 0.0000
vt 0.5313 0.6939 0.0000
vt 0.5233 0.6936 0.0000
vt 0.5159 0.6940 0.0000
vt 0.5373 0.6996 0.0000
vt 0.5419 0.6948 0.0000
vt 0.5493 0.6986 0.0000
vt 0.5229 0.6997 0.0000
vt 0.5284 0.7001 0.0000
vt 0.5326 0.6997 0.0000
vt 0.5104 0.6990 0.0000
vt 0.5421 0.6855 0.0000
vt 0.5020 0.6835 0.0000
vt 0.5091 0.6509 0.0000
vt 0.4993 0.6865 0.0000
vt 0.5112 0.6883 0.0000
vt 0.5493 0.6889 0.0000
vt 0.5304 0.6410 0.0000
vt 0.5039 0.6452 0.0000
vt 0.4841 0.8630 0.0000
vt 0.5001 0.8513 0.0000
vt 0.5000 0.8630 0.0000
vt 0.4841 0.8513 0.0000
vt 0.4841 0.8629 0.0000
vt 0.5000 0.8629 0.0000
vt 0.4909 0.8672 0.0000
vt 0.4389 0.8712 0.0000
vt 0.5000 0.8712 0.0000
vt 0.4413 0.8672 0.0000
vt 0.4099 0.7654 0.0000
vt 0.4812 0.7471 0.0000
vt 0.4100 0.7471 0.0000
vt 0.4811 0.7654 0.0000
vt 0.4413 0.8673 0.0000
vt 0.4909 0.8673 0.0000
vt 0.4952 0.8638 0.0000
vt 0.5000 0.8638 0.0000
vt 0.4037 0.7654 0.0000
vt 0.3968 0.7471 0.0000
vt 0.3968 0.7654 0.0000
vt 0.4038 0.7471 0.0000
vt 0.3968 0.7653 0.0000
vt 0.3918 0.7471 0.0000
vt 0.3918 0.7654 0.0000
vt 0.4846 0.7654 0.0000
vt 0.4847 0.7471 0.0000
vt 0.4880 0.7480 0.0000
vt 0.4998 0.7480 0.0000
vt 0.4997 0.7864 0.0000
vt 0.4854 0.7863 0.0000
vt 0.4999 0.7864 0.0000
vt 0.4879 0.7480 0.0000
vt 0.4998 0.8005 0.0000
vt 0.4854 0.8005 0.0000
vt 0.4708 0.8649 0.0000
vt 0.4396 0.8650 0.0000
vt 0.4396 0.8600 0.0000
vt 0.4709 0.8600 0.0000
vt 0.3892 0.8283 0.0000
vt 0.4060 0.8259 0.0000
vt 0.4060 0.8282 0.0000
vt 0.4060 0.8079 0.0000
vt 0.3784 0.8029 0.0000
vt 0.3918 0.7650 0.0000
vt 0.3784 0.7650 0.0000
vt 0.3918 0.8029 0.0000
vt 0.3770 0.7536 0.0000
vt 0.3848 0.7638 0.0000
vt 0.3789 0.7645 0.0000
vt 0.3814 0.7471 0.0000
vt 0.3865 0.7526 0.0000
vt 0.5000 0.8513 0.0000
vt 0.5001 0.8512 0.0000
vt 0.4841 0.8512 0.0000
vt 0.5000 0.8512 0.0000
vt 0.3947 0.7712 0.0000
vt 0.3947 0.8029 0.0000
vt 0.3754 0.7714 0.0000
vt 0.3754 0.8028 0.0000
vt 0.4715 0.8533 0.0000
vt 0.4815 0.8650 0.0000
vt 0.4735 0.8659 0.0000
vt 0.4767 0.8446 0.0000
vt 0.4832 0.8513 0.0000
vt 0.4717 0.8479 0.0000
vt 0.4717 0.8022 0.0000
vt 0.4708 0.8650 0.0000
vt 0.4707 0.8599 0.0000
vt 0.4397 0.8650 0.0000
vt 0.4998 0.8022 0.0000
vt 0.4998 0.8480 0.0000
vt 0.4390 0.8317 0.0000
vt 0.4085 0.8318 0.0000
vt 0.4085 0.7996 0.0000
vt 0.4708 0.7996 0.0000
vt 0.4390 0.8423 0.0000
vt 0.4708 0.8423 0.0000
vt 0.4708 0.8599 0.0000
vt 0.4396 0.8599 0.0000
vt 0.4085 0.8710 0.0000
vt 0.4384 0.8330 0.0000
vt 0.4383 0.8710 0.0000
vt 0.4085 0.8330 0.0000
vt 0.3957 0.7666 0.0000
vt 0.4075 0.7965 0.0000
vt 0.4075 0.7666 0.0000
vt 0.3957 0.7965 0.0000
vt 0.4396 0.8649 0.0000
vt 0.4707 0.8600 0.0000
vt 0.4669 0.7665 0.0000
vt 0.4075 0.7665 0.0000
vt 0.4669 0.7965 0.0000
vt 0.4849 0.7665 0.0000
vt 0.4849 0.7965 0.0000
vt 0.4390 0.8582 0.0000
vt 0.4708 0.8582 0.0000
vt 0.4397 0.8600 0.0000
vt 0.4708 0.8600 0.0000
vt 0.4085 0.7998 0.0000
vt 0.4085 0.8320 0.0000
vt 0.4390 0.8319 0.0000
vt 0.4708 0.7997 0.0000
vt 0.4060 0.8369 0.0000
vt 0.3756 0.8302 0.0000
vt 0.3756 0.8367 0.0000
vt 0.4060 0.8302 0.0000
vt 0.3754 0.8089 0.0000
vt 0.3867 0.8050 0.0000
vt 0.3881 0.8087 0.0000
vt 0.3768 0.8050 0.0000
vt 0.3756 0.8366 0.0000
vt 0.4060 0.8303 0.0000
vt 0.4060 0.8367 0.0000
vt 0.3756 0.8303 0.0000
vt 0.3756 0.8713 0.0000
vt 0.4060 0.8715 0.0000
vt 0.4060 0.8053 0.0000
vt 0.3892 0.8054 0.0000
vt 0.3881 0.8283 0.0000
vt 0.3754 0.8283 0.0000
vt 0.3756 0.8714 0.0000
vt 0.4366 0.8654 0.0000
vt 0.4086 0.8713 0.0000
vt 0.4102 0.8654 0.0000
vt 0.4384 0.8713 0.0000
vt 0.4085 0.8333 0.0000
vt 0.4366 0.8392 0.0000
vt 0.4102 0.8392 0.0000
vt 0.4383 0.8333 0.0000
vt 0.4085 0.8709 0.0000
vt 0.4383 0.8331 0.0000
vt 0.4086 0.8331 0.0000
vt 0.4798 0.9799 0.0000
vt 0.4797 0.9950 0.0000
vt 0.4699 0.9799 0.0000
vt 0.4993 0.9950 0.0000
vt 0.5000 0.9799 0.0000
vt 0.4799 0.9799 0.0000
vt 0.4698 0.9799 0.0000
vt 0.4569 0.9795 0.0000
vt 0.4575 0.9947 0.0000
vt 0.4384 0.9942 0.0000
vt 0.4387 0.9799 0.0000
vt 0.4588 0.9518 0.0000
vt 0.4670 0.9719 0.0000
vt 0.4569 0.9655 0.0000
vt 0.4694 0.9454 0.0000
vt 0.4784 0.9536 0.0000
vt 0.4772 0.9664 0.0000
vt 0.4446 0.8748 0.0000
vt 0.4998 0.8795 0.0000
vt 0.4446 0.8795 0.0000
vt 0.4998 0.8748 0.0000
vt 0.4446 0.9051 0.0000
vt 0.4998 0.9115 0.0000
vt 0.4446 0.9115 0.0000
vt 0.4998 0.9051 0.0000
vt 0.4446 0.8987 0.0000
vt 0.4998 0.8987 0.0000
vt 0.4446 0.8923 0.0000
vt 0.4998 0.8923 0.0000
vt 0.4446 0.8859 0.0000
vt 0.4998 0.8859 0.0000
vt 0.4621 0.9462 0.0000
vt 0.4650 0.9128 0.0000
vt 0.4812 0.9319 0.0000
vt 0.4966 0.9435 0.0000
vt 0.4895 0.9520 0.0000
vt 0.4806 0.9491 0.0000
vt 0.4809 0.9378 0.0000
vt 0.4908 0.9336 0.0000
vt 0.4868 0.9769 0.0000
vt 0.4836 0.9701 0.0000
vt 0.4831 0.9627 0.0000
vt 0.4958 0.9589 0.0000
vt 0.4882 0.9590 0.0000
vt 0.4997 0.9739 0.0000
vt 0.4986 0.9661 0.0000
vt 0.4931 0.9776 0.0000
vt 0.4984 0.9659 0.0000
vt 0.4876 0.9783 0.0000
vt 0.4981 0.9756 0.0000
vt 0.4942 0.9577 0.0000
vt 0.4839 0.9615 0.0000
vt 0.4833 0.9706 0.0000
vt 0.3899 0.9711 0.0000
vt 0.4555 0.9700 0.0000
vt 0.3904 0.9948 0.0000
vt 0.4507 0.9522 0.0000
vt 0.3899 0.9709 0.0000
vt 0.4555 0.9711 0.0000
vt 0.4506 0.9525 0.0000
vt 0.3905 0.9951 0.0000
vt 0.3889 0.9143 0.0000
vt 0.3761 0.9138 0.0000
vt 0.3892 0.9014 0.0000
vt 0.3757 0.9009 0.0000
vt 0.3892 0.9497 0.0000
vt 0.3784 0.9506 0.0000
vt 0.3892 0.9391 0.0000
vt 0.3777 0.9393 0.0000
vt 0.3892 0.9245 0.0000
vt 0.3768 0.9244 0.0000
vt 0.4972 0.9436 0.0000
vt 0.4901 0.9519 0.0000
vt 0.4809 0.9491 0.0000
vt 0.4813 0.9380 0.0000
vt 0.4913 0.9338 0.0000
vt 0.4806 0.9378 0.0000
vt 0.4894 0.9533 0.0000
vt 0.4965 0.9440 0.0000
vt 0.4803 0.9502 0.0000
vt 0.4906 0.9333 0.0000
vt 0.4474 0.9328 0.0000
vt 0.4619 0.9462 0.0000
vt 0.4649 0.9128 0.0000
vt 0.4813 0.9321 0.0000
vt 0.4475 0.9327 0.0000
vt 0.4817 0.9320 0.0000
vt 0.4473 0.9327 0.0000
vt 0.4815 0.9321 0.0000
vt 0.4475 0.9326 0.0000
vt 0.4350 0.9357 0.0000
vt 0.4445 0.9295 0.0000
vt 0.4233 0.9324 0.0000
vt 0.3891 0.9014 0.0000
vt 0.4289 0.9217 0.0000
vt 0.4354 0.9014 0.0000
vt 0.4410 0.9173 0.0000
vt 0.4284 0.9207 0.0000
vt 0.4407 0.9161 0.0000
vt 0.4227 0.9319 0.0000
vt 0.4346 0.9354 0.0000
vt 0.4443 0.9289 0.0000
vt 0.3798 0.9736 0.0000
vt 0.3891 0.9010 0.0000
vt 0.3796 0.9729 0.0000
vt 0.3909 0.9960 0.0000
vt 0.4355 0.8740 0.0000
vt 0.4355 0.9014 0.0000
vt 0.3891 0.8740 0.0000
vt 0.3910 0.9956 0.0000
# 1299 texture coords

g Fiche_Space_Hulk
usemtl Material__25
s 1
f 1/1/1 2/2/2 3/3/3 
f 1/1/1 4/3/4 2/2/2 
f 1/1/1 5/2/5 6/3/6 
f 1/1/1 3/3/3 5/2/5 
f 1/1/1 7/2/7 8/3/8 
f 1/1/1 6/3/6 7/2/7 
f 1/1/1 9/2/9 10/4/10 
f 1/1/1 8/3/8 9/2/9 
f 1/1/1 11/5/11 12/4/12 
f 1/1/1 10/4/10 11/5/11 
f 1/1/1 13/5/13 14/4/14 
f 1/1/1 12/4/12 13/5/13 
f 1/1/1 15/5/15 16/4/16 
f 1/1/1 14/4/14 15/5/15 
f 1/1/1 17/5/17 18/4/18 
f 1/1/1 16/4/16 17/5/17 
f 1/1/1 19/6/19 20/7/20 
f 1/1/1 18/4/18 19/6/19 
f 1/1/1 21/6/21 22/7/22 
f 1/1/1 20/7/20 21/6/21 
f 1/1/1 23/6/23 24/7/24 
f 1/1/1 22/7/22 23/6/23 
f 1/1/1 25/8/25 26/9/26 
f 1/1/1 24/7/24 25/8/25 
f 1/1/1 27/8/27 28/9/28 
f 1/1/1 26/9/26 27/8/27 
f 1/1/1 29/8/29 30/9/30 
f 1/1/1 28/9/28 29/8/29 
f 1/1/1 31/8/31 32/3/32 
f 1/1/1 30/9/30 31/8/31 
f 1/1/1 33/2/33 4/3/4 
f 1/1/1 32/3/32 33/2/33 
f 4/3/4 34/10/34 2/2/2 
f 4/3/4 35/10/35 34/10/34 
f 2/2/2 34/10/34 36/10/36 
f 2/2/2 36/10/36 3/3/3 
f 35/10/35 37/11/37 34/10/34 
f 34/10/34 37/11/37 38/11/38 
f 34/10/34 38/11/38 36/10/36 
f 35/10/35 39/11/39 37/11/37 
f 36/10/36 38/11/38 40/11/40 
f 36/10/36 40/11/40 41/10/41 
f 41/10/41 40/11/40 42/11/42 
f 41/10/41 42/11/42 43/10/43 
f 43/10/43 42/11/42 44/11/44 
f 43/10/43 44/11/44 45/10/45 
f 6/3/6 43/10/43 45/10/45 
f 6/3/6 45/10/45 7/2/7 
f 45/10/45 44/11/44 46/11/46 
f 45/10/45 46/11/46 47/10/47 
f 7/2/7 45/10/45 47/10/47 
f 7/2/7 47/10/47 8/3/8 
f 47/10/47 46/11/46 48/11/48 
f 47/10/47 48/11/48 49/10/49 
f 8/3/8 47/10/47 49/10/49 
f 8/3/8 49/10/49 9/2/9 
f 49/10/49 48/11/48 50/12/50 
f 49/10/49 50/12/50 51/13/51 
f 9/2/9 49/10/49 51/13/51 
f 9/2/9 51/13/51 10/4/10 
f 51/13/51 50/12/50 52/12/52 
f 51/13/51 52/12/52 53/13/53 
f 10/4/10 51/13/51 53/13/53 
f 10/4/10 53/13/53 11/5/11 
f 53/13/53 52/12/52 54/12/54 
f 53/13/53 54/12/54 55/13/55 
f 11/5/11 53/13/53 55/13/55 
f 11/5/11 55/13/55 12/4/12 
f 55/13/55 54/12/54 56/12/56 
f 55/13/55 56/12/56 57/13/57 
f 12/4/12 55/13/55 57/13/57 
f 12/4/12 57/13/57 13/5/13 
f 57/13/57 56/12/56 58/12/58 
f 57/13/57 58/12/58 59/13/59 
f 13/5/13 57/13/57 59/13/59 
f 13/5/13 59/13/59 14/4/14 
f 59/13/59 58/12/58 60/12/60 
f 59/13/59 60/12/60 61/13/61 
f 61/13/61 60/12/60 62/12/62 
f 61/13/61 62/12/62 63/13/63 
f 63/13/63 62/12/62 64/12/64 
f 63/13/63 64/12/64 65/13/65 
f 65/13/65 64/12/64 66/12/66 
f 65/13/65 66/12/66 67/13/67 
f 67/13/67 66/12/66 68/14/68 
f 67/13/67 68/14/68 69/15/69 
f 69/15/69 68/14/68 70/14/70 
f 69/15/69 70/14/70 71/15/71 
f 71/15/71 70/14/70 72/14/72 
f 71/15/71 72/14/72 73/15/73 
f 73/15/73 72/14/72 74/14/74 
f 73/15/73 74/14/74 75/15/75 
f 75/15/75 74/14/74 76/14/76 
f 75/15/75 76/14/76 77/15/77 
f 22/7/22 75/15/75 77/15/77 
f 22/7/22 77/15/77 23/6/23 
f 77/15/77 76/14/76 78/14/78 
f 77/15/77 78/14/78 79/15/79 
f 23/6/23 77/15/77 79/15/79 
f 23/6/23 79/15/79 24/7/24 
f 79/15/79 78/14/78 80/16/80 
f 79/15/79 80/16/80 81/17/81 
f 24/7/24 79/15/79 81/17/81 
f 24/7/24 81/17/81 25/8/25 
f 81/17/81 80/16/80 82/16/82 
f 81/17/81 82/16/82 83/17/83 
f 25/8/25 81/17/81 83/17/83 
f 25/8/25 83/17/83 26/9/26 
f 83/17/83 82/16/82 84/16/84 
f 83/17/83 84/16/84 85/17/85 
f 26/9/26 83/17/83 85/17/85 
f 26/9/26 85/17/85 27/8/27 
f 85/17/85 84/16/84 86/16/86 
f 85/17/85 86/16/86 87/17/87 
f 27/8/27 85/17/85 87/17/87 
f 27/8/27 87/17/87 28/9/28 
f 87/17/87 86/16/86 88/16/88 
f 87/17/87 88/16/88 89/17/89 
f 28/9/28 87/17/87 89/17/89 
f 28/9/28 89/17/89 29/8/29 
f 89/17/89 88/16/88 90/16/90 
f 89/17/89 90/16/90 91/17/91 
f 29/8/29 89/17/89 91/17/91 
f 29/8/29 91/17/91 30/9/30 
f 91/17/91 90/16/90 92/16/92 
f 91/17/91 92/16/92 93/17/93 
f 93/17/93 92/16/92 94/11/94 
f 93/17/93 94/11/94 95/10/95 
f 95/10/95 94/11/94 96/11/96 
f 95/10/95 96/11/96 97/10/97 
f 97/10/97 96/11/96 39/11/39 
f 97/10/97 39/11/39 35/10/35 
f 94/11/94 98/18/98 96/11/96 
f 94/11/94 99/18/99 98/18/98 
f 92/16/92 99/18/99 94/11/94 
f 96/11/96 100/18/100 39/11/39 
f 96/11/96 98/18/98 100/18/100 
f 39/11/39 100/18/100 101/18/101 
f 39/11/39 101/18/101 37/11/37 
f 37/11/37 101/18/101 102/18/102 
f 37/11/37 102/18/102 38/11/38 
f 101/18/101 103/19/103 102/18/102 
f 101/18/101 104/19/104 103/19/103 
f 100/18/100 104/19/104 101/18/101 
f 104/19/104 105/20/105 103/19/103 
f 104/19/104 106/20/106 105/20/105 
f 107/19/107 106/20/106 104/19/104 
f 100/18/100 107/19/107 104/19/104 
f 98/18/98 107/19/107 100/18/100 
f 107/19/107 108/20/108 106/20/106 
f 106/20/106 109/21/109 105/20/105 
f 106/20/106 110/21/110 109/21/109 
f 108/20/108 110/21/110 106/20/106 
f 108/20/108 111/21/111 110/21/110 
f 103/19/103 105/20/105 112/20/112 
f 103/19/103 112/20/112 113/19/113 
f 102/18/102 103/19/103 113/19/113 
f 113/19/113 112/20/112 114/20/114 
f 113/19/113 114/20/114 115/19/115 
f 112/20/112 116/21/116 114/20/114 
f 112/20/112 117/21/117 116/21/116 
f 105/20/105 117/21/117 112/20/112 
f 105/20/105 109/21/109 117/21/117 
f 115/19/115 114/20/114 118/20/118 
f 115/19/115 118/20/118 119/19/119 
f 119/19/119 118/20/118 120/20/120 
f 119/19/119 120/20/120 121/19/121 
f 118/20/118 122/21/122 120/20/120 
f 118/20/118 123/21/123 122/21/122 
f 114/20/114 123/21/123 118/20/118 
f 114/20/114 116/21/116 123/21/123 
f 121/19/121 120/20/120 124/20/124 
f 121/19/121 124/20/124 125/19/125 
f 125/19/125 124/20/124 126/22/126 
f 125/19/125 126/22/126 127/23/127 
f 124/20/124 128/24/128 126/22/126 
f 124/20/124 129/21/129 128/24/128 
f 120/20/120 129/21/129 124/20/124 
f 120/20/120 122/21/122 129/21/129 
f 127/23/127 126/22/126 130/22/130 
f 127/23/127 130/22/130 131/23/131 
f 131/23/131 130/22/130 132/22/132 
f 131/23/131 132/22/132 133/23/133 
f 130/22/130 134/24/134 132/22/132 
f 130/22/130 135/24/135 134/24/134 
f 126/22/126 135/24/135 130/22/130 
f 126/22/126 128/24/128 135/24/135 
f 133/23/133 132/22/132 136/22/136 
f 133/23/133 136/22/136 137/23/137 
f 137/23/137 136/22/136 138/22/138 
f 137/23/137 138/22/138 139/23/139 
f 136/22/136 140/24/140 138/22/138 
f 136/22/136 141/24/141 140/24/140 
f 132/22/132 141/24/141 136/22/136 
f 132/22/132 134/24/134 141/24/141 
f 139/23/139 138/22/138 142/22/142 
f 139/23/139 142/22/142 143/23/143 
f 143/23/143 142/22/142 144/22/144 
f 143/23/143 144/22/144 145/23/145 
f 142/22/142 146/24/146 144/22/144 
f 142/22/142 147/24/147 146/24/146 
f 138/22/138 147/24/147 142/22/142 
f 138/22/138 140/24/140 147/24/147 
f 145/23/145 144/22/144 148/22/148 
f 145/23/145 148/22/148 149/23/149 
f 149/23/149 148/22/148 150/22/150 
f 149/23/149 150/22/150 151/23/151 
f 148/22/148 152/24/152 150/22/150 
f 148/22/148 153/24/153 152/24/152 
f 144/22/144 153/24/153 148/22/148 
f 144/22/144 146/24/146 153/24/153 
f 151/23/151 150/22/150 154/25/154 
f 151/23/151 154/25/154 155/26/155 
f 155/26/155 154/25/154 156/25/156 
f 155/26/155 156/25/156 157/26/157 
f 154/25/154 158/27/158 156/25/156 
f 154/25/154 159/27/159 158/27/158 
f 150/22/150 159/27/159 154/25/154 
f 150/22/150 152/24/152 159/27/159 
f 157/26/157 156/25/156 160/25/160 
f 157/26/157 160/25/160 161/26/161 
f 161/26/161 160/25/160 162/25/162 
f 161/26/161 162/25/162 163/26/163 
f 160/25/160 164/27/164 162/25/162 
f 160/25/160 165/27/165 164/27/164 
f 156/25/156 165/27/165 160/25/160 
f 156/25/156 158/27/158 165/27/165 
f 163/26/163 162/25/162 166/25/166 
f 163/26/163 166/25/166 167/26/167 
f 167/26/167 166/25/166 168/25/168 
f 167/26/167 168/25/168 169/26/169 
f 166/25/166 170/27/170 168/25/168 
f 166/25/166 171/27/171 170/27/170 
f 162/25/162 171/27/171 166/25/166 
f 162/25/162 164/27/164 171/27/171 
f 169/26/169 168/25/168 172/28/172 
f 169/26/169 172/28/172 173/29/173 
f 173/29/173 172/28/172 174/28/174 
f 173/29/173 174/28/174 175/29/175 
f 172/28/172 176/30/176 174/28/174 
f 172/28/172 177/30/177 176/30/176 
f 168/25/168 177/30/177 172/28/172 
f 168/25/168 170/27/170 177/30/177 
f 175/29/175 174/28/174 178/28/178 
f 175/29/175 178/28/178 179/29/179 
f 179/29/179 178/28/178 180/28/180 
f 179/29/179 180/28/180 181/29/181 
f 178/28/178 182/30/182 180/28/180 
f 178/28/178 183/30/183 182/30/182 
f 174/28/174 183/30/183 178/28/178 
f 174/28/174 176/30/176 183/30/183 
f 181/29/181 180/28/180 184/28/184 
f 181/29/181 184/28/184 185/29/185 
f 185/29/185 184/28/184 186/28/186 
f 185/29/185 186/28/186 187/29/187 
f 184/28/184 188/30/188 186/28/186 
f 184/28/184 189/30/189 188/30/188 
f 180/28/180 189/30/189 184/28/184 
f 180/28/180 182/30/182 189/30/189 
f 187/29/187 186/28/186 190/28/190 
f 187/29/187 190/28/190 191/29/191 
f 191/29/191 190/28/190 192/20/192 
f 191/29/191 192/20/192 193/19/193 
f 190/28/190 194/21/194 192/20/192 
f 190/28/190 195/21/195 194/21/194 
f 186/28/186 195/21/195 190/28/190 
f 186/28/186 188/30/188 195/21/195 
f 193/19/193 192/20/192 196/20/196 
f 193/19/193 196/20/196 197/19/197 
f 197/19/197 196/20/196 108/20/108 
f 197/19/197 108/20/108 107/19/107 
f 196/20/196 111/21/111 108/20/108 
f 196/20/196 198/21/198 111/21/111 
f 192/20/192 198/21/198 196/20/196 
f 192/20/192 194/21/194 198/21/198 
f 194/21/194 199/31/199 198/21/198 
f 194/21/194 200/31/200 199/31/199 
f 195/21/195 200/31/200 194/21/194 
f 198/21/198 201/31/201 111/21/111 
f 198/21/198 199/31/199 201/31/201 
f 111/21/111 201/31/201 202/31/202 
f 111/21/111 202/31/202 110/21/110 
f 110/21/110 202/31/202 203/31/203 
f 110/21/110 203/31/203 109/21/109 
f 202/31/202 204/32/204 203/31/203 
f 201/31/201 204/32/204 202/31/202 
f 199/31/199 204/32/204 201/31/201 
f 3/3/3 41/10/41 5/2/5 
f 3/3/3 36/10/36 41/10/41 
f 5/2/5 41/10/41 43/10/43 
f 5/2/5 43/10/43 6/3/6 
f 14/4/14 61/13/61 15/5/15 
f 14/4/14 59/13/59 61/13/61 
f 15/5/15 61/13/61 63/13/63 
f 15/5/15 63/13/63 16/4/16 
f 16/4/16 63/13/63 65/13/65 
f 16/4/16 65/13/65 17/5/17 
f 17/5/17 65/13/65 67/13/67 
f 17/5/17 67/13/67 18/4/18 
f 18/4/18 67/13/67 69/15/69 
f 18/4/18 69/15/69 19/6/19 
f 19/6/19 69/15/69 71/15/71 
f 19/6/19 71/15/71 20/7/20 
f 20/7/20 71/15/71 73/15/73 
f 20/7/20 73/15/73 21/6/21 
f 21/6/21 73/15/73 75/15/75 
f 21/6/21 75/15/75 22/7/22 
f 30/9/30 93/17/93 31/8/31 
f 30/9/30 91/17/91 93/17/93 
f 31/8/31 93/17/93 95/10/95 
f 31/8/31 95/10/95 32/3/32 
f 32/3/32 95/10/95 97/10/97 
f 32/3/32 97/10/97 33/2/33 
f 33/2/33 97/10/97 35/10/35 
f 33/2/33 35/10/35 4/3/4 
f 200/31/200 204/32/204 199/31/199 
f 205/31/205 204/32/204 200/31/200 
f 195/21/195 205/31/205 200/31/200 
f 188/30/188 205/31/205 195/21/195 
f 188/30/188 206/33/206 205/31/205 
f 206/33/206 204/32/204 205/31/205 
f 189/30/189 206/33/206 188/30/188 
f 189/30/189 207/33/207 206/33/206 
f 207/33/207 204/32/204 206/33/206 
f 182/30/182 207/33/207 189/30/189 
f 182/30/182 208/33/208 207/33/207 
f 208/33/208 204/32/204 207/33/207 
f 183/30/183 208/33/208 182/30/182 
f 183/30/183 209/33/209 208/33/208 
f 209/33/209 204/32/204 208/33/208 
f 176/30/176 209/33/209 183/30/183 
f 176/30/176 210/33/210 209/33/209 
f 210/33/210 204/32/204 209/33/209 
f 177/30/177 210/33/210 176/30/176 
f 177/30/177 211/33/211 210/33/210 
f 211/33/211 204/32/204 210/33/210 
f 170/27/170 211/33/211 177/30/177 
f 170/27/170 212/34/212 211/33/211 
f 212/34/212 204/32/204 211/33/211 
f 171/27/171 212/34/212 170/27/170 
f 171/27/171 213/34/213 212/34/212 
f 213/34/213 204/32/204 212/34/212 
f 164/27/164 213/34/213 171/27/171 
f 164/27/164 214/34/214 213/34/213 
f 214/34/214 204/32/204 213/34/213 
f 165/27/165 214/34/214 164/27/164 
f 165/27/165 215/34/215 214/34/214 
f 215/34/215 204/32/204 214/34/214 
f 158/27/158 215/34/215 165/27/165 
f 158/27/158 216/34/216 215/34/215 
f 216/34/216 204/32/204 215/34/215 
f 159/27/159 216/34/216 158/27/158 
f 159/27/159 217/34/217 216/34/216 
f 217/34/217 204/32/204 216/34/216 
f 152/24/152 217/34/217 159/27/159 
f 152/24/152 218/35/218 217/34/217 
f 218/35/218 204/32/204 217/34/217 
f 153/24/153 218/35/218 152/24/152 
f 153/24/153 219/35/219 218/35/218 
f 219/35/219 204/32/204 218/35/218 
f 146/24/146 219/35/219 153/24/153 
f 146/24/146 220/35/220 219/35/219 
f 220/35/220 204/32/204 219/35/219 
f 147/24/147 220/35/220 146/24/146 
f 147/24/147 221/35/221 220/35/220 
f 221/35/221 204/32/204 220/35/220 
f 140/24/140 221/35/221 147/24/147 
f 140/24/140 222/35/222 221/35/221 
f 222/35/222 204/32/204 221/35/221 
f 141/24/141 222/35/222 140/24/140 
f 141/24/141 223/35/223 222/35/222 
f 223/35/223 204/32/204 222/35/222 
f 134/24/134 223/35/223 141/24/141 
f 134/24/134 224/35/224 223/35/223 
f 224/35/224 204/32/204 223/35/223 
f 135/24/135 224/35/224 134/24/134 
f 135/24/135 225/35/225 224/35/224 
f 225/35/225 204/32/204 224/35/224 
f 128/24/128 225/35/225 135/24/135 
f 128/24/128 226/35/226 225/35/225 
f 226/35/226 204/32/204 225/35/225 
f 129/21/129 226/35/226 128/24/128 
f 129/21/129 227/31/227 226/35/226 
f 227/31/227 204/32/204 226/35/226 
f 122/21/122 227/31/227 129/21/129 
f 122/21/122 228/31/228 227/31/227 
f 228/31/228 204/32/204 227/31/227 
f 123/21/123 228/31/228 122/21/122 
f 123/21/123 229/31/229 228/31/228 
f 229/31/229 204/32/204 228/31/228 
f 116/21/116 229/31/229 123/21/123 
f 116/21/116 230/31/230 229/31/229 
f 230/31/230 204/32/204 229/31/229 
f 117/21/117 230/31/230 116/21/116 
f 117/21/117 231/31/231 230/31/230 
f 231/31/231 204/32/204 230/31/230 
f 109/21/109 231/31/231 117/21/117 
f 109/21/109 203/31/203 231/31/231 
f 203/31/203 204/32/204 231/31/231 
f 98/18/98 197/19/197 107/19/107 
f 99/18/99 197/19/197 98/18/98 
f 99/18/99 193/19/193 197/19/197 
f 232/36/232 193/19/193 99/18/99 
f 92/16/92 232/36/232 99/18/99 
f 90/16/90 232/36/232 92/16/92 
f 90/16/90 233/36/233 232/36/232 
f 232/36/232 191/29/191 193/19/193 
f 233/36/233 191/29/191 232/36/232 
f 233/36/233 187/29/187 191/29/191 
f 88/16/88 233/36/233 90/16/90 
f 88/16/88 234/36/234 233/36/233 
f 234/36/234 187/29/187 233/36/233 
f 86/16/86 234/36/234 88/16/88 
f 86/16/86 235/36/235 234/36/234 
f 234/36/234 185/29/185 187/29/187 
f 235/36/235 185/29/185 234/36/234 
f 235/36/235 181/29/181 185/29/185 
f 84/16/84 235/36/235 86/16/86 
f 84/16/84 236/36/236 235/36/235 
f 236/36/236 181/29/181 235/36/235 
f 82/16/82 236/36/236 84/16/84 
f 82/16/82 237/36/237 236/36/236 
f 236/36/236 179/29/179 181/29/181 
f 237/36/237 179/29/179 236/36/236 
f 237/36/237 175/29/175 179/29/179 
f 80/16/80 237/36/237 82/16/82 
f 80/16/80 238/36/238 237/36/237 
f 238/36/238 175/29/175 237/36/237 
f 78/14/78 238/36/238 80/16/80 
f 78/14/78 239/37/239 238/36/238 
f 238/36/238 173/29/173 175/29/175 
f 239/37/239 173/29/173 238/36/238 
f 239/37/239 169/26/169 173/29/173 
f 76/14/76 239/37/239 78/14/78 
f 76/14/76 240/37/240 239/37/239 
f 240/37/240 169/26/169 239/37/239 
f 74/14/74 240/37/240 76/14/76 
f 74/14/74 241/37/241 240/37/240 
f 240/37/240 167/26/167 169/26/169 
f 241/37/241 167/26/167 240/37/240 
f 241/37/241 163/26/163 167/26/167 
f 72/14/72 241/37/241 74/14/74 
f 72/14/72 242/37/242 241/37/241 
f 242/37/242 163/26/163 241/37/241 
f 70/14/70 242/37/242 72/14/72 
f 70/14/70 243/37/243 242/37/242 
f 242/37/242 161/26/161 163/26/163 
f 243/37/243 161/26/161 242/37/242 
f 243/37/243 157/26/157 161/26/161 
f 68/14/68 243/37/243 70/14/70 
f 68/14/68 244/37/244 243/37/243 
f 244/37/244 157/26/157 243/37/243 
f 66/12/66 244/37/244 68/14/68 
f 66/12/66 245/38/245 244/37/244 
f 244/37/244 155/26/155 157/26/157 
f 245/38/245 155/26/155 244/37/244 
f 245/38/245 151/23/151 155/26/155 
f 64/12/64 245/38/245 66/12/66 
f 64/12/64 246/38/246 245/38/245 
f 246/38/246 151/23/151 245/38/245 
f 62/12/62 246/38/246 64/12/64 
f 62/12/62 247/38/247 246/38/246 
f 246/38/246 149/23/149 151/23/151 
f 247/38/247 149/23/149 246/38/246 
f 247/38/247 145/23/145 149/23/149 
f 60/12/60 247/38/247 62/12/62 
f 60/12/60 248/38/248 247/38/247 
f 248/38/248 145/23/145 247/38/247 
f 58/12/58 248/38/248 60/12/60 
f 58/12/58 249/38/249 248/38/248 
f 248/38/248 143/23/143 145/23/145 
f 249/38/249 143/23/143 248/38/248 
f 249/38/249 139/23/139 143/23/143 
f 56/12/56 249/38/249 58/12/58 
f 56/12/56 250/38/250 249/38/249 
f 250/38/250 139/23/139 249/38/249 
f 54/12/54 250/38/250 56/12/56 
f 54/12/54 251/38/251 250/38/250 
f 250/38/250 137/23/137 139/23/139 
f 251/38/251 137/23/137 250/38/250 
f 251/38/251 133/23/133 137/23/137 
f 52/12/52 251/38/251 54/12/54 
f 52/12/52 252/38/252 251/38/251 
f 252/38/252 133/23/133 251/38/251 
f 50/12/50 252/38/252 52/12/52 
f 50/12/50 253/38/253 252/38/252 
f 252/38/252 131/23/131 133/23/133 
f 253/38/253 131/23/131 252/38/252 
f 253/38/253 127/23/127 131/23/131 
f 48/11/48 253/38/253 50/12/50 
f 48/11/48 254/18/254 253/38/253 
f 254/18/254 127/23/127 253/38/253 
f 46/11/46 254/18/254 48/11/48 
f 46/11/46 255/18/255 254/18/254 
f 254/18/254 125/19/125 127/23/127 
f 255/18/255 125/19/125 254/18/254 
f 255/18/255 121/19/121 125/19/125 
f 44/11/44 255/18/255 46/11/46 
f 44/11/44 256/18/256 255/18/255 
f 256/18/256 121/19/121 255/18/255 
f 42/11/42 256/18/256 44/11/44 
f 42/11/42 257/18/257 256/18/256 
f 256/18/256 119/19/119 121/19/121 
f 257/18/257 119/19/119 256/18/256 
f 257/18/257 115/19/115 119/19/119 
f 40/11/40 257/18/257 42/11/42 
f 40/11/40 258/18/258 257/18/257 
f 258/18/258 115/19/115 257/18/257 
f 38/11/38 258/18/258 40/11/40 
f 38/11/38 102/18/102 258/18/258 
f 258/18/258 113/19/113 115/19/115 
f 102/18/102 113/19/113 258/18/258 
f 259/39/259 260/40/260 261/41/261 
s 2
f 260/40/262 259/39/259 262/42/263 
s 3
f 263/43/264 264/44/265 265/45/266 
s 4
f 264/44/265 263/43/264 266/46/267 
s 5
f 267/47/268 268/48/269 269/49/270 
s 6
f 268/48/269 267/47/268 270/50/271 
s 7
f 269/49/270 266/51/272 263/52/272 
s 8
f 266/51/273 269/49/270 268/53/273 
s 9
f 261/54/274 271/55/275 272/56/276 
s 10
f 271/55/275 261/54/274 260/57/277 
s 11
f 272/56/276 273/58/278 274/59/279 
s 12
f 273/58/278 272/56/276 271/60/280 
s 13
f 267/47/268 269/49/270 263/43/264 
s 14
f 265/45/266 267/47/268 263/43/264 
s 15
f 275/61/281 265/45/266 276/62/282 
s 16
f 267/47/283 265/45/283 275/61/281 
s 17
f 277/63/284 276/62/282 278/64/285 
s 18
f 275/61/281 276/62/282 277/63/284 
s 19
f 274/59/279 277/63/284 278/64/285 
s 20
f 259/39/259 274/59/279 278/64/285 
s 21
f 272/56/276 274/59/279 259/39/259 
s 22
f 261/41/286 272/56/276 259/39/259 
s 23
f 264/44/265 279/65/287 280/66/288 
s 24
f 279/65/287 264/44/265 270/50/271 
s 25
f 281/67/289 273/58/278 262/42/263 
s 26
f 273/58/278 281/67/289 282/68/290 
s 27
f 280/66/288 282/68/290 281/67/289 
s 28
f 282/68/290 280/66/288 279/65/287 
s 29
f 262/42/263 273/58/278 260/40/260 
s 30
f 266/46/267 270/50/271 264/44/265 
s 31
f 270/50/271 266/46/267 268/48/269 
s 32
f 260/40/291 273/58/278 271/60/291 
s 33
f 265/45/266 280/66/288 276/62/282 
s 34
f 280/66/288 265/45/266 264/44/265 
s 35
f 275/61/281 270/50/271 267/47/268 
s 36
f 270/50/271 275/61/281 279/65/287 
s 37
f 278/64/285 262/42/263 259/39/259 
s 38
f 262/42/263 278/64/285 281/67/289 
s 39
f 274/59/279 282/68/290 277/63/284 
s 40
f 282/68/290 274/59/279 273/58/278 
s 41
f 276/62/282 281/67/289 278/64/285 
s 42
f 281/67/289 276/62/282 280/66/288 
s 43
f 277/63/284 279/65/287 275/61/281 
s 44
f 279/65/287 277/63/284 282/68/290 
s 1
f 283/69/292 284/70/293 285/71/294 
s 2
f 286/72/295 284/70/293 283/69/292 
s 3
f 287/73/296 285/71/294 288/74/297 
s 4
f 285/71/294 284/70/293 288/74/297 
s 5
f 284/70/293 289/75/298 288/74/297 
s 6
f 286/72/295 289/75/298 284/70/293 
s 7
f 286/76/299 290/77/300 289/78/301 
s 8
f 291/79/302 292/80/303 293/81/304 
s 9
f 292/80/303 291/79/302 294/82/305 
s 10
f 295/83/306 296/84/307 297/85/308 
s 11
f 296/84/307 295/83/306 298/86/309 
s 12
f 299/87/310 294/82/305 291/79/302 
s 13
f 299/87/310 296/84/307 294/82/305 
s 14
f 299/87/310 297/85/308 296/84/307 
s 15
f 300/88/311 301/89/312 302/90/313 
s 16
f 302/90/313 303/91/314 300/88/311 
s 17
f 304/92/315 298/86/309 295/83/306 
s 18
f 298/86/309 304/92/315 305/93/316 
s 19
f 293/81/304 306/94/317 307/95/318 
s 20
f 306/94/317 293/81/304 292/80/303 
s 21
f 283/69/292 305/96/319 304/97/320 
s 22
f 283/69/292 306/94/317 305/96/319 
s 23
f 283/69/292 307/95/318 306/94/317 
s 24
f 294/82/305 308/98/321 292/80/303 
s 25
f 298/86/309 308/98/321 296/84/307 
s 26
f 296/84/307 308/98/321 294/82/305 
s 27
f 305/93/316 308/98/321 298/86/309 
s 28
f 292/80/303 308/98/321 306/94/317 
s 29
f 306/94/317 308/98/321 305/96/319 
s 30
f 309/81/322 310/79/323 311/99/324 
s 31
f 311/99/324 312/73/325 309/81/322 
s 32
f 313/100/326 314/101/327 315/102/328 
s 33
f 316/103/329 317/104/330 318/105/331 
s 34
f 317/104/332 316/103/329 319/106/333 
s 35
f 316/103/329 320/107/334 321/108/335 
s 36
f 320/107/334 316/103/329 318/105/331 
s 37
f 322/109/336 323/110/337 324/111/338 
s 38
f 324/111/338 323/110/337 325/112/339 
s 39
f 326/113/340 327/114/341 328/115/342 
s 40
f 327/114/341 326/113/340 322/116/343 
s 41
f 326/117/344 323/110/337 322/109/344 
s 42
f 323/118/345 328/115/342 329/119/346 
s 43
f 328/115/342 323/118/345 326/113/340 
s 44
f 330/120/347 331/121/348 324/122/349 
s 45
f 332/123/350 295/83/306 297/85/308 
s 46
f 295/83/306 332/123/350 290/77/300 
s 47
f 333/124/351 289/78/301 290/77/300 
s 48
f 289/78/301 333/124/351 334/125/352 
s 49
f 283/69/292 285/71/294 307/95/318 
s 50
f 286/72/295 283/69/292 304/97/320 
s 51
f 293/81/304 285/71/294 287/73/296 
s 52
f 335/126/353 336/127/354 337/128/355 
s 53
f 285/71/294 293/81/304 307/95/318 
s 54
f 286/76/299 295/83/306 290/77/300 
s 55
f 295/83/306 286/76/299 304/92/315 
s 56
f 338/91/356 289/75/298 334/90/357 
s 57
f 289/75/298 338/91/356 288/74/297 
s 58
f 339/99/358 340/129/359 299/87/310 
s 59
f 299/87/310 340/129/359 332/123/350 
s 60
f 299/87/310 332/123/350 297/85/308 
s 61
f 339/99/358 299/87/310 291/79/302 
s 62
f 341/130/360 342/131/361 333/124/351 
s 63
f 340/129/359 343/132/362 332/123/350 
s 64
f 332/123/350 333/124/351 290/77/363 
s 65
f 333/124/351 332/123/350 343/132/362 
s 66
f 344/74/364 312/73/325 345/133/365 
s 67
f 345/133/365 303/91/314 344/74/364 
s 68
f 346/134/366 347/135/367 348/136/368 
s 69
f 346/134/366 348/136/368 349/137/369 
s 70
f 350/138/370 346/134/366 349/137/369 
s 71
f 351/139/371 352/140/372 353/119/373 
s 72
f 353/119/373 354/118/374 351/139/371 
s 73
f 347/135/367 353/141/375 348/136/368 
s 74
f 348/136/368 353/141/375 355/142/376 
s 75
f 348/136/368 356/143/377 349/137/369 
s 76
f 348/136/368 355/142/376 356/143/378 
s 77
f 351/112/379 357/111/380 358/144/381 
s 78
f 351/139/371 359/145/382 352/140/372 
s 79
f 353/146/383 360/147/384 355/148/385 
s 80
f 353/146/383 352/149/386 360/147/384 
s 81
f 355/148/385 360/147/384 356/106/387 
s 82
f 356/106/387 360/147/384 361/103/388 
s 83
f 351/112/379 358/144/381 359/150/389 
s 84
f 362/129/390 363/123/391 364/132/392 
s 85
f 365/151/393 352/140/372 359/145/382 
s 86
f 352/149/386 365/152/394 360/147/384 
s 87
f 360/147/384 366/108/395 361/103/388 
s 88
f 360/147/384 365/152/394 366/108/395 
s 89
f 365/152/394 367/153/396 368/154/397 
s 90
f 365/152/394 368/154/397 366/108/395 
s 91
f 366/108/398 368/154/397 369/128/398 
s 92
f 370/126/399 371/107/400 366/108/395 
s 93
f 366/108/401 369/128/402 370/126/399 
s 94
f 372/127/403 369/128/402 350/138/370 
s 95
f 370/126/399 369/128/402 372/127/403 
s 96
f 373/155/404 372/127/403 350/138/370 
s 97
f 350/138/370 349/137/369 373/155/404 
s 98
f 311/99/324 374/156/405 345/133/365 
s 99
f 345/133/365 312/73/325 311/99/324 
s 100
f 362/129/390 374/156/405 311/99/324 
s 101
f 374/156/405 362/129/390 364/132/406 
s 102
f 375/157/407 376/158/408 345/133/365 
s 103
f 345/133/365 374/156/405 375/157/407 
s 104
f 375/157/407 374/156/405 364/132/392 
s 105
f 364/132/392 377/130/409 375/157/407 
s 106
f 377/130/409 364/132/410 378/124/411 
s 107
f 378/124/411 379/131/412 377/130/409 
s 108
f 379/131/412 378/124/411 302/125/413 
s 109
f 302/125/413 301/159/414 379/131/412 
s 110
f 376/158/408 300/88/311 303/91/314 
s 111
f 303/91/314 345/133/365 376/158/408 
s 112
f 372/127/403 373/155/404 300/88/311 
s 113
f 300/88/311 376/158/408 372/127/403 
s 114
f 369/128/415 346/134/366 350/138/370 
s 115
f 368/154/397 346/134/366 369/128/415 
s 116
f 368/154/397 380/160/416 346/134/366 
s 117
f 367/153/396 380/160/416 368/154/397 
s 118
f 381/116/417 380/114/418 367/121/419 
s 119
f 367/121/419 357/122/420 381/116/417 
s 120
f 301/159/414 382/104/421 383/105/422 
s 121
f 383/105/422 379/131/412 301/159/414 
s 122
f 379/131/412 383/105/422 371/107/400 
s 123
f 371/107/400 377/130/409 379/131/412 
s 124
f 375/157/407 377/130/409 371/107/400 
s 125
f 371/107/400 370/126/399 375/157/407 
s 126
f 376/158/408 375/157/407 370/126/399 
s 127
f 370/126/399 372/127/403 376/158/408 
s 128
f 301/89/312 300/88/423 373/155/404 
s 129
f 373/155/404 382/161/424 301/89/312 
s 130
f 359/145/382 358/162/425 365/151/425 
s 131
f 384/163/426 385/164/427 386/165/428 
s 132
f 385/164/427 384/163/426 387/166/429 
s 133
f 388/167/430 386/165/428 389/168/431 
s 134
f 386/165/428 388/167/430 384/163/426 
s 135
f 390/169/432 391/170/433 392/171/434 
s 136
f 391/170/433 390/169/432 393/172/435 
s 137
f 394/173/436 384/163/426 388/167/430 
s 138
f 334/125/352 342/131/361 395/159/437 
s 139
f 396/174/438 392/171/434 387/166/429 
s 140
f 392/171/434 396/174/438 390/169/432 
s 141
f 397/175/439 387/166/429 384/163/426 
s 142
f 387/166/429 397/175/439 396/174/438 
s 143
f 392/171/434 398/176/440 399/177/441 
s 144
f 398/176/440 392/171/434 391/170/433 
s 145
f 400/178/442 388/167/430 401/179/443 
s 146
f 388/167/430 400/178/442 394/173/436 
s 147
f 399/177/444 386/165/445 385/164/446 
s 148
f 399/177/444 389/168/447 386/165/445 
s 149
f 399/177/444 402/180/448 389/168/447 
s 150
f 403/181/449 404/182/450 405/183/451 
s 151
f 403/181/449 406/184/452 407/185/453 
s 152
f 408/186/454 409/187/455 410/188/456 
s 153
f 408/186/454 410/188/456 411/189/457 
s 154
f 412/190/458 413/191/459 414/192/460 
s 155
f 413/191/459 415/193/461 414/192/460 
s 156
f 416/194/462 417/195/463 413/191/459 
s 157
f 293/81/304 339/99/358 291/79/302 
s 158
f 339/99/358 293/81/304 287/73/296 
s 159
f 288/74/297 418/133/464 287/73/296 
s 160
f 418/133/464 288/74/297 338/91/356 
s 161
f 339/99/358 418/133/464 419/156/465 
s 162
f 418/133/464 339/99/358 287/73/296 
s 163
f 410/188/456 420/196/466 411/189/457 
s 164
f 421/197/467 420/196/466 410/188/456 
s 165
f 396/198/468 411/189/457 390/199/469 
s 166
f 315/102/328 408/186/454 397/200/470 
s 167
f 411/189/457 396/198/468 397/200/470 
s 168
f 410/188/456 422/201/471 421/197/467 
s 169
f 384/163/426 394/173/436 397/175/439 
s 170
f 420/196/466 393/202/472 390/199/469 
s 171
f 420/196/466 421/197/467 423/203/473 
s 172
f 424/204/474 425/205/475 426/206/476 
s 173
f 427/207/477 407/185/453 428/208/478 
s 174
f 407/185/453 427/207/477 426/206/476 
s 175
f 407/185/453 406/184/452 428/208/478 
s 176
f 313/100/326 429/209/479 430/210/480 
s 177
f 430/210/480 314/101/327 313/100/326 
s 178
f 431/211/481 425/205/475 432/212/482 
s 179
f 401/179/443 389/168/431 402/180/483 
s 180
f 389/168/431 401/179/443 388/167/430 
s 181
f 399/177/441 387/166/429 392/171/434 
s 182
f 387/166/429 399/177/441 385/164/427 
s 183
f 433/213/484 434/214/485 431/215/486 
s 184
f 435/216/487 436/217/488 422/201/471 
s 185
f 433/213/484 313/100/326 434/214/485 
s 186
f 424/204/474 426/206/476 427/207/477 
s 187
f 315/102/328 314/101/327 408/186/454 
s 188
f 437/218/489 425/205/475 431/211/481 
s 189
f 435/216/487 438/219/490 439/220/491 
s 190
f 428/208/478 438/219/490 440/221/492 
s 191
f 438/219/490 428/208/478 406/184/452 
s 192
f 438/219/490 435/216/487 440/221/492 
s 193
f 439/220/491 436/217/488 435/216/487 
s 194
f 432/222/493 433/213/484 431/215/486 
s 195
f 425/205/475 424/204/474 432/212/482 
s 196
f 441/134/494 442/136/495 328/135/496 
s 197
f 441/134/494 443/137/497 442/136/495 
s 198
f 444/138/498 443/137/497 441/134/494 
s 199
f 325/139/499 329/119/346 445/140/500 
s 200
f 329/119/346 325/139/499 323/118/501 
s 201
f 328/135/496 442/136/495 329/141/502 
s 202
f 442/136/495 446/142/503 329/141/502 
s 203
f 442/136/495 443/137/497 319/143/504 
s 204
f 442/136/495 319/143/505 446/142/503 
s 205
f 325/112/339 330/144/506 324/111/507 
s 206
f 325/139/499 445/140/500 447/145/508 
s 207
f 331/121/348 330/120/509 448/223/509 
s 208
f 329/146/510 446/148/511 449/147/512 
s 209
f 329/146/510 449/147/512 445/149/513 
s 210
f 446/148/511 319/106/333 449/147/512 
s 211
f 319/106/333 316/103/329 449/147/512 
s 212
f 443/137/497 317/161/514 319/143/504 
s 213
f 317/161/515 443/137/497 450/155/516 
s 214
f 444/138/498 450/155/516 443/137/497 
s 215
f 450/155/516 444/138/498 336/127/354 
s 216
f 380/160/416 347/135/367 346/134/366 
s 217
f 336/127/354 444/138/498 337/128/355 
s 218
f 321/108/335 335/126/353 337/128/355 
s 219
f 335/126/353 321/108/517 320/107/334 
s 220
f 321/108/518 337/128/518 451/154/519 
s 221
f 448/152/520 321/108/517 451/154/519 
s 222
f 448/152/520 451/154/519 331/153/521 
s 223
f 449/147/512 321/108/517 448/152/520 
s 224
f 449/147/512 316/103/329 321/108/517 
s 225
f 445/149/513 449/147/512 448/152/520 
s 226
f 448/151/522 447/145/508 445/140/500 
s 227
f 447/145/508 448/151/522 330/162/523 
s 228
f 325/112/339 447/150/524 330/144/506 
s 229
f 340/129/359 339/99/358 419/156/465 
s 230
f 419/156/465 343/132/525 340/129/359 
s 231
f 452/157/526 418/133/464 453/158/527 
s 232
f 418/133/464 452/157/526 419/156/465 
s 233
f 452/157/526 343/132/362 419/156/465 
s 234
f 343/132/362 452/157/526 341/130/360 
s 235
f 341/130/360 333/124/351 343/132/528 
s 236
f 333/124/529 341/130/529 342/131/361 
s 237
f 342/131/361 334/125/352 333/124/351 
s 238
f 453/158/527 338/91/356 454/88/530 
s 239
f 338/91/356 453/158/527 418/133/464 
s 240
f 336/127/354 454/88/530 450/155/516 
s 241
f 454/88/530 336/127/354 453/158/527 
s 242
f 454/88/530 334/90/357 395/89/531 
s 243
f 334/90/357 454/88/530 338/91/356 
s 244
f 450/155/516 395/89/531 317/161/515 
s 245
f 327/160/532 441/134/494 328/135/496 
s 246
f 337/128/533 444/138/498 441/134/494 
s 247
f 451/154/519 337/128/533 441/134/494 
s 248
f 451/154/519 441/134/494 327/160/532 
s 249
f 331/153/521 451/154/519 327/160/532 
s 250
f 322/116/534 331/121/348 327/114/341 
s 251
f 414/192/460 415/193/461 455/224/535 
s 252
f 331/121/348 322/116/534 324/122/349 
s 253
f 395/159/437 318/105/331 317/104/330 
s 254
f 318/105/331 395/159/437 342/131/361 
s 255
f 342/131/361 320/107/334 318/105/331 
s 256
f 320/107/334 342/131/536 341/130/360 
s 257
f 452/157/526 320/107/334 341/130/360 
s 258
f 320/107/334 452/157/526 335/126/353 
s 259
f 453/158/527 335/126/353 452/157/526 
s 260
f 335/126/353 453/158/527 336/127/354 
s 261
f 395/89/531 450/155/516 454/88/530 
s 262
f 456/225/537 457/226/538 458/227/539 
s 263
f 459/228/540 460/229/541 461/230/542 
s 264
f 460/229/541 459/228/540 462/231/543 
s 265
f 460/229/541 462/231/543 458/227/539 
s 266
f 458/227/539 463/232/544 460/229/541 
s 267
f 463/232/545 458/227/539 457/226/538 
s 268
f 463/232/544 457/226/538 456/225/546 
s 269
f 464/233/547 465/234/548 466/235/549 
s 270
f 464/233/547 467/236/550 465/234/548 
s 271
f 463/237/551 456/238/552 468/239/553 
s 272
f 469/240/554 470/241/555 471/235/556 
s 273
f 472/241/557 468/239/553 456/238/552 
s 274
f 473/242/558 461/243/559 474/244/560 
s 275
f 475/245/561 465/234/548 467/236/550 
s 276
f 476/246/562 477/247/563 478/248/564 
s 277
f 477/247/563 476/246/562 479/249/565 
s 278
f 480/250/566 481/251/567 482/252/568 
s 279
f 481/251/567 480/250/566 464/233/547 
s 280
f 474/253/569 461/230/570 460/229/541 
s 281
f 459/254/571 480/250/572 482/252/568 
s 282
f 473/242/558 467/236/550 480/250/566 
s 283
f 473/242/558 474/244/560 483/255/573 
s 284
f 483/255/573 467/236/550 473/242/574 
s 285
f 456/238/552 484/256/575 472/241/575 
s 286
f 484/256/576 456/238/577 485/257/578 
s 287
f 486/258/579 485/257/578 487/259/580 
s 288
f 485/257/578 486/258/579 484/256/576 
s 289
f 486/258/581 488/260/582 489/261/583 
s 290
f 490/262/584 480/250/566 459/254/571 
s 291
f 480/250/566 490/262/585 491/263/586 
s 292
f 488/260/582 486/258/581 487/264/587 
s 293
f 485/265/588 492/266/589 493/267/590 
s 294
f 494/268/591 495/269/592 496/270/592 
s 295
f 496/270/593 497/271/594 494/268/591 
s 296
f 498/246/595 494/272/596 497/262/597 
s 297
f 497/262/597 499/263/598 498/246/595 
s 298
f 500/248/599 498/246/599 499/263/600 
s 299
f 499/263/600 501/273/601 500/248/602 
s 300
f 495/274/603 500/248/603 501/273/601 
s 301
f 501/273/601 496/275/604 495/274/604 
s 302
f 502/233/605 503/251/606 469/240/607 
s 303
f 468/239/553 466/235/549 465/234/548 
s 304
f 502/233/605 469/240/607 471/235/556 
s 305
f 504/236/608 505/250/609 502/233/605 
s 306
f 506/239/610 507/234/611 471/235/556 
s 307
f 471/235/556 470/241/555 506/239/610 
s 308
f 508/276/612 507/234/611 506/239/610 
s 309
f 509/277/613 510/278/614 511/232/615 
s 310
f 458/227/539 492/266/616 456/225/616 
s 311
f 492/266/617 458/227/539 462/231/543 
s 312
f 462/231/543 482/279/618 492/266/617 
s 313
f 482/279/618 462/231/543 459/228/619 
s 314
f 512/280/620 513/281/621 514/282/622 
s 315
f 512/280/620 509/283/623 513/281/621 
s 316
f 514/282/622 515/284/624 512/280/620 
s 317
f 508/285/625 510/286/626 512/280/620 
s 318
f 512/280/620 510/286/626 509/283/623 
s 319
f 514/245/627 513/255/628 504/236/608 
s 320
f 516/253/629 509/277/613 517/229/630 
s 321
f 509/283/623 516/287/631 513/281/621 
s 322
f 515/288/632 514/245/627 507/234/611 
s 323
f 507/234/611 508/276/612 515/288/632 
s 324
f 508/289/633 506/239/610 510/290/634 
s 325
f 511/237/635 510/290/634 506/239/610 
s 326
f 511/232/615 517/229/630 509/277/613 
s 327
f 518/273/636 461/243/637 473/242/637 
s 328
f 461/243/638 518/273/636 519/275/638 
s 329
f 479/268/639 519/270/640 477/269/640 
s 330
f 519/270/641 479/268/639 490/271/642 
s 331
f 476/246/562 490/262/584 479/272/643 
s 332
f 490/262/584 476/246/562 491/263/586 
s 333
f 478/248/644 491/263/645 476/246/644 
s 334
f 491/263/645 478/248/646 518/273/636 
s 335
f 477/274/647 518/273/636 478/248/647 
s 336
f 518/273/636 477/274/648 519/275/648 
s 337
f 464/233/547 520/240/649 481/251/567 
s 338
f 520/240/650 466/235/549 472/241/557 
s 339
f 464/233/547 466/235/549 520/240/649 
s 340
f 467/236/550 464/233/547 480/250/651 
s 341
f 521/291/652 482/279/653 522/292/654 
s 342
f 482/279/653 521/291/652 492/266/589 
s 343
f 466/235/549 468/239/553 472/241/557 
s 344
f 523/276/655 468/239/553 465/234/548 
s 345
f 524/277/656 463/232/544 525/278/657 
s 346
f 463/232/544 524/277/656 460/229/541 
s 347
f 463/237/551 468/239/553 525/290/658 
s 348
f 523/289/659 525/290/658 468/239/553 
s 349
f 465/234/548 526/288/660 523/276/655 
s 350
f 526/288/660 465/234/548 475/245/561 
s 351
f 524/283/661 483/281/662 474/287/663 
s 352
f 474/253/569 460/229/541 524/277/656 
s 353
f 475/245/561 467/236/550 483/255/573 
s 354
f 527/280/664 524/283/661 525/286/665 
s 355
f 523/285/666 527/280/664 525/286/665 
s 356
f 526/284/667 527/280/664 523/285/666 
s 357
f 475/282/668 527/280/664 526/284/667 
s 358
f 527/280/664 483/281/662 524/283/661 
s 359
f 492/266/589 485/265/588 456/225/669 
s 360
f 528/293/670 472/241/557 484/256/576 
s 361
f 472/241/671 528/293/671 520/240/650 
s 362
f 493/294/672 520/240/649 528/293/673 
s 363
f 520/240/649 493/294/672 492/295/674 
s 364
f 487/296/675 493/267/590 488/297/676 
s 365
f 493/267/590 487/296/675 485/265/677 
s 366
f 489/261/678 484/256/576 486/258/679 
s 367
f 484/256/680 489/261/678 528/293/670 
s 368
f 488/298/681 528/293/682 489/261/583 
s 369
f 528/293/682 488/298/681 493/294/672 
s 370
f 529/299/683 530/300/683 531/301/684 
s 371
f 530/300/683 529/299/683 532/302/683 
s 372
f 533/71/685 344/74/364 534/70/686 
s 373
f 521/303/687 520/240/650 492/295/688 
s 374
f 520/240/689 521/303/687 535/304/690 
s 375
f 491/263/691 473/242/558 480/250/566 
s 376
f 473/242/558 491/263/645 518/273/636 
s 377
f 527/280/664 475/282/668 483/281/662 
s 378
f 490/271/642 461/230/692 519/270/641 
s 379
f 461/230/693 490/271/693 459/228/693 
s 380
f 536/305/694 530/306/695 522/307/696 
s 381
f 530/306/695 536/305/694 531/301/684 
s 382
f 535/304/690 531/301/697 536/305/698 
s 383
f 531/301/697 535/304/690 529/299/699 
s 384
f 535/304/690 532/298/700 529/299/699 
s 385
f 532/298/700 535/304/690 521/303/687 
s 386
f 522/292/654 532/308/701 521/291/652 
s 387
f 532/308/701 522/292/654 530/309/702 
s 388
f 481/251/703 522/307/696 482/252/703 
s 389
f 522/307/696 481/251/704 536/305/704 
s 390
f 520/240/650 536/305/705 481/251/567 
s 391
f 536/305/706 520/240/650 535/304/690 
s 392
f 537/69/707 538/95/708 533/71/685 
s 393
f 537/69/707 533/71/685 534/70/686 
s 394
f 539/72/709 537/69/707 534/70/686 
s 395
f 312/73/325 344/74/364 533/71/685 
s 396
f 382/104/710 356/106/710 361/103/388 
s 397
f 534/70/686 344/74/364 540/75/711 
s 398
f 539/72/709 534/70/686 540/75/711 
s 399
f 539/76/712 540/78/713 541/77/714 
s 400
f 310/79/323 309/81/322 542/80/715 
s 401
f 542/80/715 543/82/716 310/79/323 
s 402
f 544/83/717 545/85/718 546/84/719 
s 403
f 546/84/719 547/86/720 544/83/717 
s 404
f 548/87/721 310/79/323 543/82/716 
s 405
f 548/87/721 543/82/716 546/84/719 
s 406
f 548/87/721 546/84/719 545/85/718 
s 407
f 549/92/722 544/83/717 547/86/720 
s 408
f 547/86/720 550/93/723 549/92/722 
s 409
f 309/81/322 538/95/708 551/94/724 
s 410
f 551/94/724 542/80/715 309/81/322 
s 411
f 537/69/707 549/97/725 550/96/726 
s 412
f 537/69/707 550/96/726 551/94/724 
s 413
f 552/258/727 553/259/728 554/257/729 
s 414
f 543/82/716 542/80/715 555/98/730 
s 415
f 547/86/720 546/84/719 555/98/730 
s 416
f 546/84/719 543/82/716 555/98/730 
s 417
f 550/93/723 547/86/720 555/98/730 
s 418
f 542/80/715 551/94/724 555/98/730 
s 419
f 551/94/724 550/96/726 555/98/730 
s 420
f 556/279/731 557/228/732 558/231/733 
s 421
f 558/231/733 559/266/734 556/279/731 
s 422
f 559/266/734 558/231/733 560/227/735 
s 423
f 560/227/735 561/225/736 559/266/736 
s 424
f 382/161/424 373/155/404 349/137/369 
s 425
f 349/137/369 356/143/377 382/161/737 
s 426
f 361/103/388 383/105/422 382/104/421 
s 427
f 361/103/388 366/108/401 371/107/400 
s 428
f 371/107/400 383/105/422 361/103/388 
s 429
f 381/109/738 357/111/739 354/110/740 
s 430
f 357/111/739 351/112/379 354/110/740 
s 431
f 562/113/741 347/115/742 380/114/418 
s 432
f 380/114/418 381/116/743 562/113/741 
s 433
f 562/117/744 381/109/744 354/110/740 
s 434
f 354/118/745 353/119/373 347/115/742 
s 435
f 347/115/742 562/113/741 354/118/745 
s 436
f 358/120/746 357/122/420 367/121/419 
s 437
f 367/121/419 365/223/747 358/120/747 
s 438
f 363/123/391 545/85/718 544/83/717 
s 439
f 544/83/717 541/77/714 363/123/391 
s 440
f 539/72/709 549/97/725 537/69/707 
s 441
f 309/81/322 312/73/325 533/71/685 
s 442
f 533/71/685 538/95/708 309/81/322 
s 443
f 539/76/712 541/77/714 544/83/717 
s 444
f 544/83/717 549/92/722 539/76/712 
s 445
f 303/91/314 302/90/313 540/75/711 
s 446
f 540/75/711 344/74/364 303/91/314 
s 447
f 311/99/324 548/87/721 362/129/390 
s 448
f 548/87/721 363/123/391 362/129/390 
s 449
f 548/87/721 545/85/718 363/123/391 
s 450
f 311/99/324 310/79/323 548/87/721 
s 451
f 377/130/748 378/124/748 379/131/412 
s 452
f 537/69/707 551/94/724 538/95/708 
s 453
f 363/123/391 541/77/714 378/124/411 
s 454
f 378/124/411 364/132/392 363/123/391 
s 455
f 540/78/713 302/125/413 378/124/411 
s 456
f 378/124/411 541/77/714 540/78/713 
s 457
f 563/267/749 554/265/750 553/296/751 
s 458
f 564/261/752 552/258/753 565/256/754 
s 459
f 565/256/755 566/293/756 564/261/752 
s 460
f 567/298/757 564/261/758 566/293/759 
s 461
f 566/293/759 563/294/760 567/298/757 
s 462
f 568/299/761 569/301/762 570/300/761 
s 463
f 570/300/761 571/302/763 568/299/761 
s 464
f 511/232/615 561/225/764 572/226/765 
s 465
f 573/291/766 574/292/767 556/279/768 
s 466
f 556/279/769 559/266/770 573/291/766 
s 467
f 573/303/771 559/295/772 469/240/607 
s 468
f 469/240/554 575/304/773 573/303/771 
s 469
f 576/305/774 575/304/773 469/240/607 
s 470
f 469/240/607 503/251/606 576/305/775 
s 471
f 574/307/776 576/305/776 503/251/776 
s 472
f 503/251/777 556/252/777 574/307/777 
s 473
f 577/243/778 496/275/778 501/273/601 
s 474
f 501/273/601 578/242/779 577/243/779 
s 475
f 499/263/780 505/250/781 578/242/782 
s 476
f 578/242/782 501/273/601 499/263/600 
s 477
f 505/250/781 499/263/598 497/262/783 
s 478
f 497/262/597 557/254/784 505/250/781 
s 479
f 497/271/594 496/270/593 577/230/785 
s 480
f 515/284/624 508/285/625 512/280/620 
s 481
f 577/230/786 557/228/786 497/271/786 
s 482
f 576/305/787 574/307/788 570/306/789 
s 483
f 570/306/789 569/301/762 576/305/787 
s 484
f 575/304/773 576/305/790 569/301/791 
s 485
f 569/301/791 568/299/792 575/304/773 
s 486
f 575/304/773 568/299/792 571/298/793 
s 487
f 571/298/793 573/303/771 575/304/773 
s 488
f 574/292/767 573/291/766 571/308/794 
s 489
f 571/308/794 570/309/795 574/292/767 
s 490
f 561/225/796 560/227/735 572/226/765 
s 491
f 557/228/797 577/230/798 517/229/630 
s 492
f 517/229/630 558/231/733 557/228/797 
s 493
f 517/229/630 560/227/735 558/231/733 
s 494
f 560/227/735 517/229/630 511/232/615 
s 495
f 511/232/799 572/226/765 560/227/735 
s 496
f 502/233/605 471/235/556 507/234/611 
s 497
f 502/233/605 507/234/611 504/236/608 
s 498
f 511/237/635 506/239/610 561/238/800 
s 499
f 470/241/555 561/238/800 506/239/610 
s 500
f 578/242/782 516/244/801 577/243/802 
s 501
f 514/245/627 504/236/608 507/234/611 
s 502
f 498/246/595 500/248/803 495/247/804 
s 503
f 495/247/804 494/249/805 498/246/595 
s 504
f 505/250/781 556/252/806 503/251/606 
s 505
f 503/251/606 502/233/605 505/250/781 
s 506
f 553/296/751 567/297/807 563/267/749 
s 507
f 469/240/808 559/295/809 563/294/760 
s 508
f 563/294/760 566/293/810 469/240/808 
s 509
f 470/241/555 469/240/607 566/293/811 
s 510
f 566/293/756 565/256/754 470/241/555 
s 511
f 559/266/770 561/225/812 554/265/812 
s 512
f 554/265/813 563/267/813 559/266/813 
s 513
f 567/260/814 553/264/815 552/258/816 
s 514
f 552/258/816 564/261/817 567/260/814 
s 515
f 554/257/729 565/256/754 552/258/727 
s 516
f 565/256/754 554/257/729 561/238/818 
s 517
f 561/238/800 470/241/555 565/256/819 
s 518
f 513/255/628 578/242/820 504/236/608 
s 519
f 578/242/782 513/255/628 516/244/801 
s 520
f 578/242/782 505/250/781 504/236/608 
s 521
f 557/254/784 556/252/821 505/250/821 
s 522
f 516/253/822 517/229/630 577/230/822 
s 523
f 579/310/823 580/311/824 581/312/825 
s 524
f 581/312/826 582/313/827 579/310/823 
s 525
f 583/314/828 584/315/829 580/311/824 
s 526
f 580/311/824 579/310/823 583/314/828 
s 527
f 585/316/830 586/317/831 584/315/829 
s 528
f 584/315/829 583/314/828 585/316/830 
s 529
f 587/318/832 588/319/833 589/320/834 
s 530
f 590/321/835 591/322/836 592/323/837 
s 531
f 592/323/837 588/319/833 590/321/835 
s 532
f 591/322/836 593/324/838 594/325/839 
s 533
f 591/322/836 590/321/835 595/326/840 
s 534
f 593/324/838 595/326/840 596/327/841 
s 535
f 597/328/842 579/310/823 582/313/827 
s 536
f 598/329/843 583/314/828 579/310/823 
s 537
f 583/314/828 598/329/843 599/330/844 
s 538
f 587/318/832 585/316/830 583/314/828 
s 539
f 583/314/828 599/330/844 587/318/832 
s 540
f 596/327/841 597/331/845 600/332/846 
s 541
f 582/333/847 600/332/846 597/331/845 
s 542
f 579/310/823 597/328/842 598/329/843 
s 543
f 601/334/848 602/335/849 603/336/850 
s 544
f 601/334/848 604/337/851 602/335/849 
s 545
f 604/337/851 601/334/848 605/338/852 
s 546
f 606/334/853 607/339/854 604/340/855 
s 547
f 608/341/856 609/342/857 610/343/858 
s 548
f 604/340/855 605/344/859 606/334/859 
s 549
f 607/339/854 606/334/853 611/345/860 
s 550
f 612/346/861 601/334/848 603/336/850 
s 551
f 601/347/862 612/348/862 613/349/862 
s 552
f 613/349/862 606/350/862 601/347/862 
s 553
f 605/351/863 601/347/862 606/350/862 
s 554
f 606/334/853 613/352/864 611/345/860 
s 555
f 614/353/865 615/354/866 616/355/867 
s 556
f 617/356/868 616/355/869 615/354/870 
s 557
f 616/355/869 617/356/868 618/357/871 
s 558
f 618/357/871 619/358/872 616/355/873 
s 559
f 619/358/872 618/357/871 620/359/874 
s 560
f 614/353/875 619/358/872 621/360/875 
s 561
f 589/320/834 585/316/830 587/318/832 
s 562
f 619/358/872 614/353/865 616/355/867 
s 563
f 620/361/876 622/362/877 619/363/878 
s 564
f 622/362/877 620/361/876 623/364/879 
s 565
f 619/363/878 624/365/880 621/366/881 
s 566
f 624/365/880 619/363/878 622/362/877 
s 567
f 623/364/879 625/367/882 622/362/877 
s 568
f 625/367/882 623/364/879 626/368/883 
s 569
f 622/362/877 627/369/884 624/365/880 
s 570
f 627/369/884 622/362/877 625/367/882 
s 571
f 594/325/839 593/324/838 600/332/846 
s 572
f 596/327/841 600/332/846 593/324/838 
s 573
f 628/370/885 591/322/836 594/325/839 
s 574
f 595/326/840 593/324/838 591/322/836 
s 575
f 629/371/886 592/323/837 628/370/885 
s 576
f 591/322/836 628/370/885 592/323/837 
s 577
f 585/316/830 589/320/834 586/317/831 
s 578
f 589/320/834 629/371/886 586/317/831 
s 579
f 610/343/858 630/372/887 631/373/888 
s 580
f 632/374/889 633/375/890 634/376/891 
s 581
f 635/377/892 636/378/893 608/379/893 
s 582
f 637/380/894 638/381/895 639/382/896 
s 583
f 640/383/897 635/377/892 638/381/895 
s 584
f 614/384/898 641/385/898 642/386/898 
s 585
f 642/386/899 643/387/900 644/388/901 
s 586
f 643/387/900 642/386/899 641/389/902 
s 587
f 645/390/903 644/388/901 643/387/900 
s 588
f 646/391/904 647/392/905 648/393/906 
s 589
f 649/394/907 646/391/904 648/393/906 
s 590
f 646/391/904 637/395/908 647/392/905 
s 591
f 650/396/909 651/397/910 652/398/911 
s 592
f 650/396/909 584/315/829 651/397/910 
s 593
f 653/399/912 594/325/839 640/400/913 
s 594
f 637/395/908 594/325/839 653/399/912 
s 595
f 646/391/904 649/394/907 628/370/885 
s 596
f 646/391/904 628/370/885 594/325/839 
s 597
f 649/394/907 629/371/886 628/370/885 
s 598
f 629/371/886 648/393/906 586/317/831 
s 599
f 654/401/914 655/402/915 656/403/916 
s 600
f 580/311/824 657/404/917 581/312/826 
s 601
f 584/315/829 650/396/909 580/311/824 
s 602
f 580/311/824 650/396/909 657/404/917 
s 603
f 650/396/909 652/398/911 630/405/918 
s 604
f 586/317/831 651/397/910 584/315/829 
s 605
f 609/406/919 657/404/917 630/405/918 
s 606
f 603/407/920 658/408/921 659/409/922 
s 607
f 658/408/921 603/407/920 602/410/923 
s 608
f 660/411/924 602/410/923 604/412/925 
s 609
f 602/410/923 660/411/924 658/408/921 
s 610
f 607/413/926 660/411/927 604/412/928 
s 611
f 660/411/927 607/413/926 661/414/929 
s 612
f 607/413/926 634/376/930 661/414/929 
s 613
f 634/376/891 607/413/926 611/415/931 
s 614
f 662/416/932 663/417/932 634/418/932 
s 615
f 662/416/933 659/419/934 663/417/935 
s 616
f 664/420/936 665/421/937 666/422/938 
s 617
f 664/420/936 667/423/939 665/421/937 
s 618
f 658/408/921 668/424/940 659/409/941 
s 619
f 668/424/940 658/408/921 669/425/942 
s 620
f 670/426/943 612/346/861 603/336/850 
s 621
f 603/336/850 671/427/944 670/426/943 
s 622
f 603/407/920 659/409/941 671/428/945 
s 623
f 672/429/862 613/349/862 670/430/862 
s 624
f 612/348/862 670/430/862 613/349/862 
s 625
f 673/427/946 611/345/860 672/431/947 
s 626
f 613/352/948 672/431/948 611/345/860 
s 627
f 674/432/949 675/433/950 673/434/951 
s 628
f 611/415/931 673/435/952 634/376/891 
s 629
f 634/418/953 673/434/951 662/416/954 
s 630
f 600/332/846 636/436/955 640/400/955 
s 631
f 581/312/826 609/406/919 636/437/956 
s 632
f 671/438/957 659/419/958 662/416/954 
s 633
f 671/438/957 675/433/950 665/421/937 
s 634
f 667/423/959 670/426/943 665/421/960 
s 635
f 671/427/944 665/421/960 670/426/943 
s 636
f 629/371/886 649/394/907 648/393/906 
s 637
f 586/317/831 648/393/906 651/397/910 
s 638
f 592/323/837 629/371/886 589/320/834 
s 639
f 588/319/833 592/323/837 589/320/834 
s 640
f 600/332/846 582/333/847 581/439/961 
s 641
f 676/421/962 677/433/963 678/440/964 
s 642
f 674/432/949 664/420/936 666/422/938 
s 643
f 674/432/949 679/441/965 664/420/936 
s 644
f 675/433/950 666/422/938 665/421/937 
s 645
f 675/433/950 671/438/957 662/416/933 
s 646
f 675/433/950 674/432/949 666/422/938 
s 647
f 673/434/951 675/433/950 662/416/954 
s 648
f 672/431/947 679/423/966 674/421/967 
s 649
f 674/421/967 673/427/946 672/431/947 
s 650
f 670/430/862 664/442/862 672/429/862 
s 651
f 679/443/968 672/429/862 664/442/862 
s 652
f 664/442/862 670/430/862 667/444/862 
s 653
f 680/334/969 681/344/969 682/340/970 
s 654
f 683/445/971 684/446/972 685/447/973 
s 655
f 686/448/974 687/334/975 688/346/976 
s 656
f 689/349/977 688/449/977 687/347/978 
s 657
f 687/347/978 680/450/977 689/349/977 
s 658
f 680/450/977 687/347/978 681/451/979 
s 659
f 690/452/980 689/352/981 680/334/982 
s 660
f 686/448/974 688/346/976 691/426/983 
s 661
f 691/426/983 678/427/984 686/448/974 
s 662
f 678/453/985 692/454/986 686/415/987 
s 663
f 691/455/988 689/349/977 693/429/989 
s 664
f 689/349/977 691/455/988 688/449/977 
s 665
f 693/431/990 690/452/980 694/427/991 
s 666
f 690/452/980 693/431/992 689/352/992 
s 667
f 694/434/993 677/433/963 695/432/994 
s 668
f 696/456/995 694/435/996 690/457/997 
s 669
f 697/458/998 694/434/993 696/459/999 
s 670
f 697/458/998 692/460/1000 678/440/964 
s 671
f 684/446/972 698/461/1001 699/462/1002 
s 672
f 676/421/1003 691/426/983 700/423/1004 
s 673
f 691/426/983 676/421/1003 678/427/984 
s 674
f 700/444/1005 691/455/988 701/463/1006 
s 675
f 701/463/1006 693/429/989 702/464/1007 
s 676
f 693/429/989 701/463/1006 691/455/988 
s 677
f 693/431/990 694/427/991 695/421/1008 
s 678
f 695/421/1008 702/423/1009 693/431/990 
s 679
f 697/458/998 677/433/963 694/434/993 
s 680
f 703/465/1010 695/432/994 677/433/963 
s 681
f 697/458/998 678/440/964 677/433/963 
s 682
f 676/421/962 703/465/1010 677/433/963 
s 683
f 701/420/1011 702/441/1012 695/432/994 
s 684
f 703/465/1010 701/420/1011 695/432/994 
s 685
f 690/452/980 680/334/982 704/339/1013 
s 686
f 705/466/1014 706/467/1015 683/445/971 
s 687
f 705/466/1014 683/445/971 707/468/1016 
s 688
f 684/446/972 708/469/1017 698/461/1001 
s 689
f 708/469/1017 684/446/972 706/467/1015 
s 690
f 698/461/1001 709/470/1018 617/356/868 
s 691
f 638/381/895 698/461/1001 708/469/1017 
s 692
f 709/470/1018 618/357/871 617/356/868 
s 693
f 635/377/892 709/470/1018 638/381/895 
s 694
f 608/341/1019 710/471/1020 711/472/1021 
s 695
f 711/472/1021 712/473/1022 608/341/1023 
s 696
f 710/471/1020 713/474/1024 714/475/1025 
s 697
f 714/475/1025 711/472/1021 710/471/1020 
s 698
f 713/474/1024 705/466/1014 707/468/1016 
s 699
f 707/468/1016 714/475/1025 713/474/1024 
s 700
f 683/445/971 685/447/973 715/476/1026 
s 701
f 682/340/970 704/339/1013 680/334/982 
s 702
f 681/338/1027 687/334/975 682/337/1028 
s 703
f 716/335/1029 682/337/1028 687/334/975 
s 704
f 686/448/974 716/335/1029 687/334/975 
s 705
f 623/364/879 620/361/876 711/472/1021 
s 706
f 620/359/874 635/377/892 712/477/1030 
s 707
f 635/377/892 620/359/874 618/357/871 
s 708
f 715/476/1026 626/368/883 714/475/1025 
s 709
f 714/475/1025 707/468/1016 715/476/1026 
s 710
f 626/368/883 623/364/879 714/475/1025 
s 711
f 711/472/1021 714/475/1025 623/364/879 
s 712
f 712/473/1022 711/472/1021 620/361/876 
s 713
f 618/357/871 709/470/1018 635/377/892 
s 714
f 617/356/868 699/462/1002 698/461/1001 
s 715
f 638/381/895 709/470/1018 698/461/1001 
s 716
f 699/462/1002 685/447/973 684/446/972 
s 717
f 715/476/1026 707/468/1016 683/445/971 
s 718
f 696/459/1031 717/478/1031 697/458/998 
s 719
f 717/478/1032 692/460/1000 697/458/998 
s 720
f 696/456/995 621/479/1033 624/480/1034 
s 721
f 645/390/1035 718/481/1036 692/454/986 
s 722
f 641/389/1037 718/481/1036 643/387/1038 
s 723
f 718/481/1036 641/389/1039 719/482/1040 
s 724
f 641/385/1041 720/483/1042 719/484/1043 
s 725
f 720/483/1042 641/385/1041 614/485/1044 
s 726
f 614/485/1044 696/456/995 720/483/1042 
s 727
f 696/456/995 614/485/1044 621/479/1033 
s 728
f 645/390/1045 692/454/986 721/480/1045 
s 729
f 627/486/1046 696/459/1047 624/487/1048 
s 730
f 696/459/1047 627/486/1046 717/478/1032 
s 731
f 627/486/1046 692/460/1049 717/478/1049 
s 732
f 692/460/1050 627/486/1046 721/488/1050 
s 733
f 626/368/883 722/489/1051 625/367/882 
s 734
f 615/354/866 614/353/865 642/490/1052 
s 735
f 642/490/1052 723/491/1053 615/354/866 
s 736
f 723/491/1053 642/490/1052 644/492/1054 
s 737
f 615/354/870 699/462/1002 617/356/868 
s 738
f 699/462/1002 615/354/1055 723/491/1053 
s 739
f 644/492/1054 724/493/1056 723/491/1053 
s 740
f 724/493/1056 644/492/1054 645/494/1057 
s 741
f 723/491/1053 685/447/973 699/462/1002 
s 742
f 685/447/973 723/491/1053 724/493/1056 
s 743
f 724/493/1056 721/495/1058 722/489/1051 
s 744
f 721/495/1058 724/493/1056 645/494/1059 
s 745
f 608/341/1023 610/343/858 710/471/1020 
s 746
f 724/493/1056 715/476/1026 685/447/973 
s 747
f 715/476/1026 724/493/1056 722/489/1051 
s 748
f 721/495/1058 625/367/882 722/489/1051 
s 749
f 625/367/882 721/495/1058 627/369/884 
s 750
f 722/489/1051 626/368/883 715/476/1026 
s 751
f 703/465/1010 676/421/962 701/420/1011 
s 752
f 676/421/962 700/423/1060 701/420/1011 
s 753
f 608/379/1061 712/477/1030 635/377/892 
s 754
f 718/481/1036 645/390/1035 643/387/1038 
s 755
f 683/445/971 706/467/1015 684/446/972 
s 756
f 725/496/1062 726/497/1063 705/466/1014 
s 757
f 726/497/1063 727/498/1064 706/467/1015 
s 758
f 726/497/1063 639/382/896 727/498/1064 
s 759
f 647/499/1065 639/382/896 726/497/1063 
s 760
f 647/499/1065 637/380/894 639/382/896 
s 761
f 725/496/1062 713/474/1024 631/373/888 
s 762
f 725/496/1062 631/373/888 652/500/1066 
s 763
f 640/383/897 638/381/895 653/501/1067 
s 764
f 653/501/1067 638/381/895 637/380/894 
s 765
f 708/469/1017 727/498/1064 639/382/896 
s 766
f 638/381/895 708/469/1017 639/382/896 
s 767
f 704/413/1068 696/456/995 690/457/997 
s 768
f 696/456/1069 704/413/1068 720/483/1042 
s 769
f 704/413/1068 719/484/1043 720/483/1042 
s 770
f 719/484/1043 704/413/1068 682/412/1070 
s 771
f 719/482/1040 716/502/1071 718/481/1036 
s 772
f 716/502/1071 719/482/1040 682/412/1072 
s 773
f 686/415/987 718/481/1036 716/502/1071 
s 774
f 718/481/1036 686/415/987 692/454/1073 
s 775
f 630/372/887 610/343/858 609/342/857 
s 776
f 713/474/1024 725/496/1062 705/466/1014 
s 777
f 630/372/887 652/500/1066 631/373/888 
s 778
f 610/343/858 631/373/888 710/471/1020 
s 779
f 710/471/1020 631/373/888 713/474/1024 
s 780
f 636/503/1074 609/342/857 608/341/1074 
s 781
f 640/383/1075 636/378/1075 635/377/892 
s 782
f 705/466/1014 726/497/1063 706/467/1015 
s 783
f 708/469/1017 706/467/1015 727/498/1064 
s 784
f 728/168/1076 401/179/443 402/180/483 
s 785
f 440/221/492 435/216/487 729/504/1077 
s 786
f 729/504/1077 409/187/455 730/505/1078 
s 787
f 731/164/1079 732/163/1080 733/165/1081 
s 788
f 732/163/1080 731/164/1079 734/166/1082 
s 789
f 733/165/1081 735/167/1083 728/168/1076 
s 790
f 735/167/1083 733/165/1081 732/163/1080 
s 791
f 391/170/433 736/169/1084 737/171/1085 
s 792
f 736/169/1084 391/170/433 393/172/435 
s 793
f 732/163/1080 738/173/1086 735/167/1083 
s 794
f 738/173/1086 732/163/1080 739/175/1087 
s 795
f 737/171/1085 740/174/1088 734/166/1082 
s 796
f 740/174/1088 737/171/1085 736/169/1084 
s 797
f 734/166/1082 739/175/1087 732/163/1080 
s 798
f 739/175/1087 734/166/1082 740/174/1088 
s 799
f 398/176/440 737/171/1085 741/506/1089 
s 800
f 737/171/1085 398/176/440 391/170/433 
s 801
f 735/167/1083 400/178/442 401/179/443 
s 802
f 731/164/1090 733/165/1091 399/507/1092 
s 803
f 733/165/1091 728/168/1093 399/507/1092 
s 804
f 398/176/1094 741/506/1095 399/508/1096 
s 805
f 728/168/1093 402/180/448 399/507/1092 
s 806
f 742/509/1097 425/205/475 437/218/489 
s 807
f 403/181/449 407/185/453 426/206/476 
s 808
f 743/510/1098 433/213/484 432/222/493 
s 809
f 313/100/326 433/213/484 429/209/479 
s 810
f 435/216/487 409/187/455 729/504/1077 
s 811
f 431/211/481 744/511/1099 437/218/489 
s 812
f 314/101/327 409/187/455 408/186/454 
s 813
f 314/101/327 430/210/480 730/505/1078 
s 814
f 435/216/487 422/201/471 409/187/455 
s 815
f 409/187/455 314/101/327 730/505/1078 
s 816
f 745/512/1100 416/194/462 413/191/459 
s 817
f 416/194/462 745/512/1100 740/513/1101 
s 818
f 739/514/1102 412/190/458 746/515/1103 
s 819
f 739/514/1102 740/513/1101 745/512/1100 
s 820
f 417/195/463 415/193/461 413/191/459 
s 821
f 417/195/463 747/516/1104 436/217/488 
s 822
f 736/517/1105 393/202/472 416/194/462 
s 823
f 423/203/473 417/195/463 416/194/462 
s 824
f 746/518/1106 400/519/1107 738/520/1108 
s 825
f 748/521/1109 749/522/1110 750/523/1111 
s 826
f 751/524/1112 752/525/1113 748/521/1109 
s 827
f 752/525/1113 751/524/1112 753/526/1114 
s 828
f 753/526/1114 754/527/1115 752/525/1113 
s 829
f 755/528/1116 756/529/1117 757/530/1118 
s 830
f 757/531/1119 758/532/1120 759/533/1121 
s 831
f 760/534/1122 749/522/1110 761/535/1123 
s 832
f 401/179/443 728/168/1076 735/167/1083 
s 833
f 734/166/1082 741/506/1089 737/171/1085 
s 834
f 741/506/1089 734/166/1082 731/164/1079 
s 835
f 761/536/1124 434/214/485 756/529/1117 
s 836
f 415/193/461 436/217/488 455/224/535 
s 837
f 434/214/485 757/530/1118 756/529/1117 
s 838
f 751/524/1112 748/521/1109 750/523/1111 
s 839
f 412/190/458 758/532/1120 746/515/1103 
s 840
f 746/515/1103 758/532/1120 757/531/1119 
s 841
f 762/537/1125 763/538/1126 455/224/535 
s 842
f 753/526/1114 763/538/1126 754/527/1115 
s 843
f 763/538/1126 753/526/1114 764/539/1127 
s 844
f 764/539/1127 455/224/535 763/538/1126 
s 845
f 455/224/535 436/217/488 762/537/1125 
s 846
f 761/536/1124 756/529/1117 760/540/1128 
s 847
f 760/534/1122 750/523/1111 749/522/1110 
s 848
f 405/183/451 404/182/450 765/541/1129 
s 849
f 766/542/1130 767/543/1131 768/544/1132 
s 850
f 767/543/1131 766/542/1130 730/505/1078 
s 851
f 769/545/1133 770/546/1134 771/547/1135 
s 852
f 770/546/1134 769/545/1133 772/548/1136 
s 853
f 747/516/1104 421/197/467 436/217/488 
s 854
f 773/549/1137 774/550/1138 775/551/1139 
s 855
f 776/552/1140 777/553/1141 778/554/1142 
s 856
f 777/553/1141 776/552/1140 779/555/1143 
s 857
f 780/556/1144 781/557/1145 782/558/1146 
s 858
f 781/557/1145 780/556/1144 783/559/1147 
s 859
f 782/560/1148 767/543/1131 771/561/1149 
s 860
f 771/561/1149 767/543/1131 784/562/1150 
s 861
f 784/562/1150 767/543/1131 778/554/1142 
s 862
f 768/544/1132 767/543/1131 782/560/1148 
s 863
f 770/563/1151 782/560/1148 771/561/1149 
s 864
f 773/564/1152 771/561/1149 784/562/1150 
s 865
f 777/553/1141 784/562/1150 778/554/1142 
s 866
f 781/557/1145 768/544/1132 782/560/1148 
s 867
f 406/184/452 405/183/451 439/220/491 
s 868
f 405/183/451 406/184/452 403/181/449 
s 869
f 438/219/490 406/184/452 439/220/491 
s 870
f 403/181/449 426/206/476 404/182/450 
s 871
f 405/183/451 436/217/488 439/220/491 
s 872
f 425/205/475 742/509/1097 426/206/476 
s 873
f 742/509/1097 404/182/450 426/206/476 
s 874
f 747/516/1104 423/203/473 421/197/467 
s 875
f 315/102/328 394/565/1153 400/519/1107 
s 876
f 420/196/466 390/199/469 411/189/457 
s 877
f 408/186/454 411/189/457 397/200/470 
s 878
f 422/201/471 436/217/488 421/197/467 
s 879
f 423/203/473 393/202/472 420/196/466 
s 880
f 397/200/470 394/565/1153 315/102/328 
s 881
f 409/187/455 422/201/471 410/188/456 
s 882
f 730/505/1078 430/210/480 429/209/479 
s 883
f 774/550/1138 773/549/1137 784/562/1150 
s 884
f 431/215/486 434/214/485 744/566/1154 
s 885
f 429/209/479 433/213/484 743/510/1098 
s 886
f 772/548/1136 428/208/478 780/556/1144 
s 887
f 428/208/478 772/548/1136 427/207/477 
s 888
f 775/567/1155 424/204/474 769/545/1133 
s 889
f 424/204/474 775/567/1155 432/212/482 
s 890
f 743/510/1098 774/550/1138 779/555/1143 
s 891
f 774/550/1138 743/510/1098 432/222/493 
s 892
f 429/209/479 776/552/1140 730/505/1078 
s 893
f 440/221/492 766/542/1130 783/559/1147 
s 894
f 766/542/1130 440/221/492 729/504/1077 
s 895
f 766/542/1130 729/504/1077 730/505/1078 
s 896
f 769/545/1133 427/207/477 772/548/1136 
s 897
f 768/544/1132 783/559/1147 766/542/1130 
s 898
f 783/559/1147 768/544/1132 781/557/1145 
s 899
f 778/554/1142 730/505/1078 776/552/1140 
s 900
f 730/505/1078 778/554/1142 767/543/1131 
s 901
f 784/562/1150 779/555/1143 774/550/1138 
s 902
f 779/555/1143 784/562/1150 777/553/1141 
s 903
f 771/547/1135 775/567/1155 769/545/1133 
s 904
f 775/567/1155 771/547/1135 773/568/1156 
s 905
f 782/558/1146 772/548/1136 780/556/1144 
s 906
f 772/548/1136 782/558/1146 770/546/1134 
s 907
f 783/559/1147 428/208/478 440/221/492 
s 908
f 428/208/478 783/559/1147 780/556/1144 
s 909
f 741/506/1095 731/164/1090 399/508/1096 
s 910
f 400/178/442 735/167/1083 738/173/1086 
s 911
f 429/209/479 779/555/1143 776/552/1140 
s 912
f 774/550/1138 432/222/493 775/551/1139 
s 913
f 427/207/477 769/545/1133 424/204/474 
s 914
f 785/569/1157 786/570/1158 633/571/1158 
s 915
f 787/572/1159 597/328/842 785/573/1160 
s 916
f 597/328/842 787/572/1159 598/329/843 
s 917
f 632/574/1161 785/573/1160 633/575/1162 
s 918
f 785/573/1160 632/574/1161 787/572/1159 
s 919
f 654/401/914 598/329/843 787/572/1159 
s 920
f 598/329/843 654/401/914 599/330/844 
s 921
f 788/576/1163 787/572/1159 632/574/1161 
s 922
f 787/572/1159 788/576/1163 654/401/914 
s 923
f 789/577/1164 668/424/1165 669/425/1166 
s 924
f 790/578/1167 669/425/1166 791/579/1168 
s 925
f 669/425/1166 790/578/1167 789/577/1164 
s 926
f 791/580/1169 786/581/1169 790/578/1169 
s 927
f 594/325/839 600/332/846 640/400/913 
s 928
f 646/391/904 594/325/839 637/395/908 
s 929
f 657/404/917 609/406/919 581/312/1170 
s 930
f 650/396/909 630/405/918 657/404/917 
s 931
f 785/569/1157 596/327/841 792/582/1171 
s 932
f 755/583/1172 759/533/1121 793/584/1173 
s 933
f 749/522/1110 748/521/1109 742/585/1174 
s 934
f 748/521/1109 752/525/1113 765/541/1129 
s 935
f 756/529/1117 794/586/1175 760/540/1128 
s 936
f 757/530/1118 434/214/485 313/100/326 
s 937
f 755/583/1172 757/531/1119 759/533/1121 
s 938
f 437/587/1176 744/588/1177 761/535/1123 
s 939
f 412/190/458 414/192/460 758/532/1120 
s 940
f 793/584/1173 759/533/1121 758/532/1120 
s 941
f 414/192/460 455/224/535 795/589/1178 
s 942
f 793/584/1173 758/532/1120 414/192/460 
s 943
f 795/589/1178 455/224/535 764/539/1127 
s 944
f 315/102/328 746/518/1106 313/100/326 
s 945
f 793/584/1179 414/192/460 795/589/1178 
s 946
f 658/408/921 791/579/1180 669/425/942 
s 947
f 791/579/1181 658/408/921 660/411/924 
s 948
f 661/414/929 791/580/1182 660/411/927 
s 949
f 791/580/1182 661/414/929 786/590/1183 
s 950
f 634/376/891 786/590/1183 661/414/929 
s 951
f 786/590/1183 634/376/891 633/375/890 
s 952
f 655/374/1184 659/409/941 668/424/940 
s 953
f 634/418/1185 788/591/1186 632/592/1187 
s 954
f 788/591/1186 634/418/1185 663/417/1188 
s 955
f 659/419/934 788/591/1186 663/417/935 
s 956
f 788/591/1186 659/419/1189 655/593/1189 
s 957
f 656/403/916 599/330/844 654/401/914 
s 958
f 599/330/844 656/403/916 587/318/832 
s 959
f 655/402/915 654/401/914 788/576/1163 
s 960
f 581/439/1190 636/436/1190 600/332/846 
s 961
f 796/594/1191 587/318/832 656/403/916 
s 962
f 786/570/1192 785/569/1157 792/582/1193 
s 963
f 596/327/841 785/569/1157 597/331/845 
s 964
f 595/326/840 792/582/1171 596/327/841 
s 965
f 792/582/1171 595/326/840 797/595/1194 
s 966
f 797/595/1195 786/570/1192 792/582/1196 
s 967
f 786/570/1192 797/595/1195 790/596/1197 
s 968
f 798/597/1198 790/596/1197 797/595/1195 
s 969
f 790/596/1197 798/597/1198 789/598/1199 
s 970
f 590/321/835 797/595/1194 595/326/840 
s 971
f 797/595/1200 590/321/835 798/597/1198 
s 972
f 796/594/1191 789/598/1199 798/597/1198 
s 973
f 789/598/1199 796/594/1191 668/599/1201 
s 974
f 588/319/833 798/597/1198 590/321/835 
s 975
f 798/597/1198 588/319/833 796/594/1191 
s 976
f 796/594/1191 655/402/915 668/599/1202 
s 977
f 655/402/915 796/594/1191 656/403/916 
s 978
f 587/318/832 796/594/1191 588/319/833 
s 979
f 799/600/1203 800/601/1204 801/602/1205 
s 980
f 802/603/1206 803/604/1207 804/605/1208 
s 981
f 803/604/1209 802/603/1206 805/606/1210 
s 982
f 806/607/1211 807/608/1212 808/609/1213 
s 983
f 807/608/1214 806/607/1211 809/610/1215 
s 984
f 810/611/1216 811/612/1217 812/613/1218 
s 985
f 811/612/1217 810/611/1216 813/614/1219 
s 986
f 814/615/1220 815/616/1221 812/617/1222 
s 987
f 804/605/1208 815/616/1221 814/615/1220 
s 988
f 808/609/1213 815/616/1221 804/605/1208 
s 989
f 812/617/1222 815/616/1221 816/618/1223 
s 990
f 814/615/1220 812/617/1222 800/619/1224 
s 991
f 804/605/1208 814/615/1220 802/620/1225 
s 992
f 808/609/1213 804/605/1208 806/607/1211 
s 993
f 812/617/1222 816/618/1223 810/611/1216 
s 994
f 779/555/1143 429/209/479 743/510/1098 
s 995
f 745/512/1100 413/191/459 412/190/458 
s 996
f 416/194/462 393/202/472 423/203/473 
s 997
f 436/217/488 415/193/461 417/195/463 
s 998
f 739/514/1102 745/512/1100 412/190/458 
s 999
f 740/513/1101 736/517/1105 416/194/462 
s 1000
f 400/519/1107 746/518/1106 315/102/328 
s 1001
f 417/195/463 423/203/473 747/516/1104 
s 1002
f 765/541/1129 404/182/450 748/521/1109 
s 1003
f 742/585/1174 437/587/1176 749/522/1110 
s 1004
f 762/537/1125 436/217/488 405/183/451 
s 1005
f 742/585/1174 748/521/1109 404/182/450 
s 1006
f 746/518/1106 757/530/1118 313/100/326 
s 1007
f 761/535/1123 749/522/1110 437/587/1176 
s 1008
f 762/537/1125 754/527/1115 763/538/1126 
s 1009
f 405/183/451 754/527/1115 762/537/1125 
s 1010
f 754/527/1115 765/541/1129 752/525/1113 
s 1011
f 405/183/451 765/541/1129 754/527/1115 
s 1012
f 744/566/1154 434/214/485 761/536/1124 
s 1013
f 794/586/1175 756/529/1117 755/528/1116 
s 1014
f 801/602/1205 753/526/1114 751/524/1112 
s 1015
f 753/526/1114 801/602/1205 811/612/1217 
s 1016
f 805/621/1226 750/523/1111 760/534/1122 
s 1017
f 750/523/1111 805/621/1226 799/600/1203 
s 1018
f 803/604/1209 794/622/1227 809/610/1215 
s 1019
f 794/622/1227 803/604/1228 760/623/1229 
s 1020
f 793/584/1230 807/608/1230 755/583/1172 
s 1021
f 817/624/1231 764/539/1127 813/614/1219 
s 1022
f 764/539/1127 817/624/1231 795/589/1178 
s 1023
f 793/584/1173 795/589/1178 817/624/1231 
s 1024
f 799/600/1203 751/524/1112 750/523/1232 
s 1025
f 751/524/1112 799/600/1203 801/602/1205 
s 1026
f 805/606/1233 760/623/1229 803/604/1228 
s 1027
f 809/610/1215 755/583/1172 807/608/1212 
s 1028
f 800/601/1204 799/600/1203 814/625/1234 
s 1029
f 746/515/1103 738/626/1235 739/514/1102 
s 1030
f 817/624/1231 815/616/1221 793/584/1173 
s 1031
f 815/616/1221 817/624/1231 816/618/1223 
s 1032
f 813/614/1219 816/618/1223 817/624/1231 
s 1033
f 816/618/1223 813/614/1219 810/611/1216 
s 1034
f 793/584/1173 808/609/1213 807/608/1212 
s 1035
f 808/609/1213 793/584/1173 815/616/1221 
s 1036
f 809/610/1215 804/605/1208 803/604/1207 
s 1037
f 804/605/1208 809/610/1215 806/607/1211 
s 1038
f 805/621/1226 814/625/1234 799/600/1203 
s 1039
f 814/625/1234 805/621/1226 802/627/1236 
s 1040
f 801/602/1205 812/613/1218 811/612/1217 
s 1041
f 812/613/1218 801/602/1205 800/601/1204 
s 1042
f 753/526/1114 813/614/1219 764/539/1127 
s 1043
f 813/614/1219 753/526/1114 811/612/1217 
s 1044
f 755/583/1172 809/610/1215 794/622/1227 
s 1045
f 818/628/1237 819/629/1238 820/630/1239 
s 1046
f 819/629/1238 818/628/1237 821/631/1240 
s 1047
f 822/632/1241 821/631/1240 818/628/1237 
s 1048
f 823/633/1242 822/632/1241 824/634/1243 
s 1049
f 825/635/1244 821/631/1240 822/632/1241 
s 1050
f 822/632/1241 818/628/1237 826/636/1245 
s 1051
f 827/637/1246 828/638/1247 829/639/1248 
s 1052
f 830/640/1249 827/637/1246 829/639/1248 
s 1053
f 831/641/1250 832/642/1251 833/643/1252 
s 1054
f 831/641/1250 834/644/1253 832/642/1251 
s 1055
f 831/641/1250 835/645/1254 834/644/1253 
s 1056
f 831/641/1250 836/646/1255 835/645/1254 
s 1057
f 831/641/1250 833/643/1252 836/646/1255 
s 1058
f 833/643/1252 837/647/1256 838/648/1257 
s 1059
f 832/642/1251 839/649/1258 837/647/1256 
s 1060
f 834/644/1253 840/650/1259 839/649/1258 
s 1061
f 835/645/1254 841/651/1260 840/650/1259 
s 1062
f 836/646/1255 838/648/1257 841/651/1260 
s 1063
f 837/647/1256 833/643/1252 832/642/1251 
s 1064
f 839/649/1258 832/642/1251 834/644/1253 
s 1065
f 842/652/1261 843/653/1261 844/654/1262 
s 1066
f 841/651/1260 835/645/1254 836/646/1255 
s 1067
f 842/652/1263 845/655/1264 846/656/1265 
s 1068
f 842/652/1263 847/657/1266 845/655/1264 
s 1069
f 842/652/1267 848/658/1268 847/657/1266 
s 1070
f 845/655/1264 849/659/1269 846/656/1265 
s 1071
f 849/659/1270 845/655/1264 847/657/1271 
s 1072
f 850/660/1272 843/653/1273 846/656/1265 
s 1073
f 843/653/1273 850/660/1272 844/654/1274 
s 1074
f 851/661/1275 850/660/1272 852/662/1276 
s 1075
f 844/654/1262 850/660/1277 851/663/1277 
s 1076
f 846/656/1265 852/662/1276 850/660/1272 
s 1077
f 847/657/1271 853/664/1278 849/659/1270 
s 1078
f 853/664/1278 854/665/1279 855/666/1280 
s 1079
f 854/665/1279 853/664/1278 847/657/1281 
s 1080
f 852/662/1276 846/656/1265 849/659/1269 
s 1081
f 856/667/1282 857/668/1283 858/669/1284 
s 1082
f 857/668/1283 856/667/1282 859/670/1285 
s 1083
f 857/668/1283 860/671/1286 861/672/1287 
s 1084
f 860/671/1286 857/668/1283 859/670/1285 
s 1085
f 862/673/1288 863/674/1289 864/675/1290 
s 1086
f 865/676/1291 826/636/1292 866/677/1293 
s 1087
f 867/678/1294 868/679/1295 864/675/1290 
s 1088
f 862/673/1296 868/679/1295 869/680/1297 
s 1089
f 820/630/1239 866/677/1293 818/628/1237 
s 1090
f 870/681/1298 871/650/1259 872/651/1260 
s 1091
f 870/681/1298 872/651/1260 873/648/1257 
s 1092
f 870/681/1298 873/648/1257 874/647/1256 
s 1093
f 875/682/1299 876/683/1300 877/684/1301 
s 1094
f 876/683/1300 875/682/1299 878/685/1302 
s 1095
f 875/682/1299 879/686/1303 878/685/1304 
s 1096
f 880/687/1305 879/686/1303 881/688/1306 
s 1097
f 879/686/1303 880/687/1305 878/685/1307 
s 1098
f 881/689/1308 882/690/1309 880/691/1308 
s 1099
f 876/683/1310 882/690/1309 883/692/1311 
s 1100
f 882/690/1309 876/683/1310 880/691/1312 
s 1101
f 883/692/1311 877/684/1301 876/683/1313 
s 1102
f 884/693/1314 876/683/1300 878/685/1302 
s 1103
f 884/693/1315 878/685/1307 880/687/1305 
s 1104
f 884/693/1316 880/691/1312 876/683/1310 
s 1105
f 885/682/1317 886/683/1318 887/684/1319 
s 1106
f 886/683/1318 885/682/1317 888/685/1320 
s 1107
f 885/682/1317 889/686/1321 888/685/1322 
s 1108
f 890/687/1323 889/686/1321 891/688/1324 
s 1109
f 889/686/1321 890/687/1323 888/685/1325 
s 1110
f 840/650/1259 834/644/1253 835/645/1254 
s 1111
f 892/690/1326 886/683/1327 890/691/1328 
s 1112
f 838/648/1257 836/646/1255 833/643/1252 
s 1113
f 893/681/1298 837/647/1256 839/649/1258 
s 1114
f 893/681/1298 839/649/1258 840/650/1259 
s 1115
f 893/681/1298 840/650/1259 841/651/1260 
s 1116
f 893/681/1298 841/651/1260 838/648/1257 
s 1117
f 893/681/1298 838/648/1257 837/647/1256 
s 1118
f 894/641/1329 895/642/1251 896/643/1252 
s 1119
f 894/641/1329 897/644/1253 895/642/1251 
s 1120
f 894/641/1329 898/645/1254 897/644/1253 
s 1121
f 894/641/1329 899/646/1255 898/645/1254 
s 1122
f 894/641/1329 896/643/1252 899/646/1255 
s 1123
f 896/643/1252 874/647/1256 873/648/1257 
s 1124
f 895/642/1251 900/649/1258 874/647/1256 
s 1125
f 897/644/1253 871/650/1259 900/649/1258 
s 1126
f 898/645/1254 872/651/1260 871/650/1259 
s 1127
f 899/646/1255 873/648/1257 872/651/1260 
s 1128
f 874/647/1256 896/643/1252 895/642/1251 
s 1129
f 900/649/1258 895/642/1251 897/644/1253 
s 1130
f 871/650/1259 897/644/1253 898/645/1254 
s 1131
f 872/651/1260 898/645/1254 899/646/1255 
s 1132
f 873/648/1257 899/646/1255 896/643/1252 
s 1133
f 870/681/1298 874/647/1256 900/649/1258 
s 1134
f 870/681/1298 900/649/1258 871/650/1259 
s 1135
f 901/694/1330 902/695/1331 903/696/1332 
s 1136
f 902/695/1331 901/694/1330 904/697/1333 
s 1137
f 858/669/1284 905/698/1334 856/667/1282 
s 1138
f 905/698/1334 858/669/1284 906/699/1335 
s 1139
f 907/700/1336 856/667/1282 905/698/1334 
s 1140
f 856/667/1282 907/700/1336 908/701/1337 
s 1141
f 909/702/1338 908/701/1337 907/700/1336 
s 1142
f 908/701/1337 909/702/1338 903/703/1339 
s 1143
f 910/704/1340 903/696/1332 909/705/1341 
s 1144
f 903/696/1332 910/704/1340 901/694/1330 
s 1145
f 911/706/1342 901/694/1330 910/704/1340 
s 1146
f 901/694/1330 911/706/1342 912/707/1343 
s 1147
f 913/708/1344 914/709/1345 915/710/1346 
s 1148
f 916/711/1347 819/629/1238 917/712/1348 
s 1149
f 819/629/1238 916/711/1347 918/713/1349 
s 1150
f 919/714/1350 920/715/1351 921/716/1352 
s 1151
f 920/715/1351 919/714/1350 922/717/1353 
s 1152
f 923/718/1354 924/719/1355 925/720/1356 
s 1153
f 924/719/1355 923/718/1354 926/721/1357 
s 1154
f 917/722/1358 927/723/1359 916/724/1360 
s 1155
f 928/725/1361 929/726/1362 930/727/1363 
s 1156
f 931/728/1364 932/729/1365 933/730/1366 
s 1157
f 923/718/1354 934/731/1367 926/721/1357 
s 1158
f 934/731/1368 923/718/1354 935/732/1369 
s 1159
f 936/733/1370 934/731/1371 935/732/1369 
s 1160
f 934/731/1371 936/733/1370 930/734/1372 
s 1161
f 937/735/1373 930/734/1372 936/733/1370 
s 1162
f 930/734/1374 937/735/1373 928/736/1374 
s 1163
f 925/720/1356 935/732/1369 923/718/1354 
s 1164
f 935/732/1369 938/737/1375 936/733/1370 
s 1165
f 936/733/1370 938/737/1375 937/735/1376 
s 1166
f 937/735/1377 927/723/1378 939/738/1377 
s 1167
f 939/738/1379 927/723/1378 940/739/1380 
s 1168
f 940/739/1380 927/723/1359 917/722/1358 
s 1169
f 927/723/1381 937/735/1381 938/737/1381 
s 1170
f 937/735/1382 939/738/1379 928/736/1382 
s 1171
f 852/740/1383 904/697/1333 941/741/1384 
s 1172
f 904/697/1333 852/740/1385 902/695/1331 
s 1173
f 904/697/1333 942/742/1386 941/741/1384 
s 1174
f 901/694/1330 943/743/1387 904/697/1333 
s 1175
f 943/743/1387 901/694/1330 912/707/1343 
s 1176
f 908/701/1337 859/670/1285 856/667/1282 
s 1177
f 859/670/1285 908/701/1337 944/744/1388 
s 1178
f 903/703/1339 944/744/1388 908/701/1337 
s 1179
f 944/744/1388 903/703/1339 902/745/1389 
s 1180
f 945/746/1390 853/747/1391 855/748/1392 
s 1181
f 860/671/1286 946/749/1393 861/672/1287 
s 1182
f 946/749/1393 860/671/1286 947/750/1394 
s 1183
f 853/747/1391 944/744/1388 849/751/1395 
s 1184
f 853/747/1391 859/670/1285 944/744/1388 
s 1185
f 853/747/1396 860/671/1286 859/670/1285 
s 1186
f 948/666/1397 949/752/1398 855/748/1392 
s 1187
f 949/752/1398 948/666/1397 950/753/1399 
s 1188
f 950/753/1399 951/754/1400 952/755/1401 
s 1189
f 953/756/1402 950/753/1399 948/666/1397 
s 1190
f 950/753/1399 953/756/1402 951/754/1400 
s 1191
f 954/757/1403 847/657/1281 848/658/1404 
s 1192
f 847/657/1281 954/757/1403 854/665/1279 
s 1193
f 855/666/1405 954/757/1403 948/756/1406 
s 1194
f 954/757/1403 855/666/1405 854/665/1279 
s 1195
f 842/652/1267 954/757/1403 848/658/1407 
s 1196
f 954/757/1403 953/758/1408 948/756/1406 
s 1197
f 953/758/1408 844/654/1262 851/661/1409 
s 1198
f 954/757/1403 844/654/1262 953/758/1408 
s 1199
f 842/652/1267 844/654/1410 954/757/1403 
s 1200
f 932/729/1365 931/728/1364 955/759/1411 
s 1201
f 842/652/1263 846/656/1265 843/653/1273 
s 1202
f 956/760/1412 957/761/1413 958/762/1414 
s 1203
f 957/761/1413 956/760/1412 915/710/1346 
s 1204
f 932/729/1365 947/750/1394 933/730/1366 
s 1205
f 947/750/1394 932/729/1365 946/749/1393 
s 1206
f 959/763/1415 960/764/1416 961/765/1417 
s 1207
f 960/764/1416 959/763/1415 962/766/1418 
s 1208
f 958/762/1414 931/728/1364 956/760/1412 
s 1209
f 931/728/1364 958/762/1414 955/759/1411 
s 1210
f 947/750/1394 860/671/1286 853/747/1391 
s 1211
f 960/764/1416 963/767/1419 961/765/1417 
s 1212
f 960/764/1416 956/760/1412 963/767/1420 
s 1213
f 960/764/1416 915/710/1346 956/760/1412 
s 1214
f 956/760/1412 931/728/1364 963/767/1420 
s 1215
f 963/767/1421 964/768/1422 965/769/1423 
s 1216
f 964/768/1422 963/767/1420 931/728/1364 
s 1217
f 964/768/1422 933/730/1366 966/770/1424 
s 1218
f 933/730/1366 964/768/1422 931/728/1364 
s 1219
f 966/770/1424 947/750/1394 945/746/1390 
s 1220
f 947/750/1394 966/770/1424 933/730/1366 
s 1221
f 945/746/1390 947/750/1394 853/747/1391 
s 1222
f 949/752/1398 964/768/1422 966/770/1424 
s 1223
f 855/748/1425 966/770/1424 945/746/1390 
s 1224
f 966/770/1424 855/748/1425 949/752/1398 
s 1225
f 967/771/1426 968/772/1427 969/773/1428 
s 1226
f 969/773/1428 970/774/1429 967/771/1426 
s 1227
f 970/774/1429 969/773/1428 971/775/1430 
s 1228
f 972/776/1431 971/775/1430 973/777/1432 
s 1229
f 971/775/1430 972/776/1431 970/774/1433 
s 1230
f 974/778/1434 973/777/1432 975/779/1435 
s 1231
f 973/777/1432 974/778/1434 972/776/1431 
s 1232
f 974/780/1436 968/772/1427 976/781/1437 
s 1233
f 968/772/1427 974/780/1436 975/782/1438 
s 1234
f 977/783/1439 972/776/1431 974/778/1434 
s 1235
f 972/776/1431 977/783/1440 970/774/1441 
s 1236
f 974/780/1436 976/781/1437 977/784/1442 
s 1237
f 976/781/1437 978/785/1443 977/784/1442 
s 1238
f 979/786/1444 967/771/1426 970/774/1429 
s 1239
f 979/786/1445 970/774/1441 977/783/1439 
s 1240
f 979/786/1446 977/784/1446 978/785/1443 
s 1241
f 980/787/1447 981/788/1448 982/771/1449 
s 1242
f 981/788/1448 980/787/1447 983/774/1450 
s 1243
f 980/787/1447 984/776/1451 983/774/1452 
s 1244
f 985/783/1453 984/776/1451 986/778/1454 
s 1245
f 987/786/1455 988/784/1456 989/788/1457 
s 1246
f 986/780/1458 990/789/1459 985/784/1458 
s 1247
f 991/788/1460 992/787/1461 993/774/1462 
s 1248
f 992/787/1461 994/776/1463 993/774/1464 
s 1249
f 995/783/1465 994/776/1463 996/778/1466 
s 1250
f 994/776/1463 995/783/1465 993/774/1467 
s 1251
f 996/780/1468 997/789/1469 995/784/1468 
s 1252
f 991/788/1470 997/789/1469 998/790/1471 
s 1253
f 997/789/1469 991/788/1472 995/784/1473 
s 1254
f 998/790/1471 999/771/1474 991/788/1472 
s 1255
f 1000/786/1475 991/788/1460 993/774/1462 
s 1256
f 1000/786/1476 993/774/1467 995/783/1465 
s 1257
f 1000/786/1477 995/784/1473 991/788/1472 
s 1258
f 1001/791/1478 1002/788/1479 1003/771/1480 
s 1259
f 1002/788/1479 1001/791/1481 1004/774/1482 
s 1260
f 1005/783/1483 1001/791/1484 1006/778/1484 
s 1261
f 1001/791/1485 1005/783/1483 1004/774/1486 
s 1262
f 1006/780/1487 1007/789/1488 1005/784/1487 
s 1263
f 1002/788/1489 1007/789/1488 1008/790/1490 
s 1264
f 1007/789/1488 1002/788/1489 1005/784/1491 
s 1265
f 1008/790/1490 1003/771/1480 1002/788/1492 
s 1266
f 1009/786/1493 1002/788/1479 1004/774/1482 
s 1267
f 1009/786/1494 1004/774/1486 1005/783/1483 
s 1268
f 1009/786/1495 1005/784/1491 1002/788/1489 
s 1269
f 968/772/1427 967/771/1426 976/781/1437 
s 1270
f 1010/776/1496 1011/783/1497 1012/774/1498 
s 1271
f 1013/780/1499 1014/789/1500 1011/784/1499 
s 1272
f 1015/788/1501 1014/789/1500 1016/790/1502 
s 1273
f 1014/789/1500 1015/788/1501 1011/784/1503 
s 1274
f 1016/790/1502 1017/771/1504 1015/788/1505 
s 1275
f 1018/786/1506 1015/788/1507 1012/774/1508 
s 1276
f 1018/786/1509 1012/774/1498 1011/783/1497 
s 1277
f 1018/786/1510 1011/784/1503 1015/788/1501 
s 1278
f 1019/788/1511 1020/771/1512 1021/786/1513 
s 1279
f 1022/787/1514 1023/778/1515 1021/786/1515 
s 1280
f 1021/786/1516 1023/778/1517 1024/783/1517 
s 1281
f 1021/786/1516 1024/784/1518 1019/788/1511 
s 1282
f 1025/788/1519 1026/771/1520 1027/787/1521 
s 1283
f 1027/787/1521 1028/776/1522 1025/788/1523 
s 1284
f 1028/776/1522 1029/778/1524 1025/788/1525 
s 1285
f 1029/780/1526 1030/789/1526 1025/788/1525 
s 1286
f 1030/789/1527 1031/790/1528 1025/788/1527 
s 1287
f 1031/790/1528 1026/771/1520 1025/788/1529 
s 1288
f 979/786/1444 978/785/1443 967/771/1426 
s 1289
f 978/785/1443 976/781/1437 967/771/1426 
s 1290
f 1021/786/1530 1020/771/1512 1022/787/1514 
s 1291
f 984/776/1451 985/783/1453 983/774/1531 
s 1292
f 981/788/1532 990/789/1459 1032/790/1533 
s 1293
f 990/789/1459 981/788/1532 985/784/1534 
s 1294
f 1032/790/1533 982/771/1449 981/788/1535 
s 1295
f 1033/786/1536 981/788/1448 983/774/1450 
s 1296
f 1033/786/1537 983/774/1531 985/783/1453 
s 1297
f 1033/786/1538 985/784/1534 981/788/1532 
s 1298
f 1034/787/1539 1035/788/1540 1036/771/1541 
s 1299
f 1035/788/1540 1034/787/1539 1037/774/1542 
s 1300
f 1034/787/1539 1038/776/1543 1037/774/1544 
s 1301
f 1039/783/1545 1038/776/1543 1040/778/1546 
s 1302
f 1038/776/1543 1039/783/1545 1037/774/1547 
s 1303
f 1040/780/1548 1041/789/1549 1039/784/1548 
s 1304
f 1035/788/1550 1041/789/1549 1042/790/1551 
s 1305
f 1041/789/1549 1035/788/1550 1039/784/1552 
s 1306
f 1042/790/1551 1036/771/1541 1035/788/1553 
s 1307
f 1043/786/1554 1035/788/1540 1037/774/1542 
s 1308
f 1043/786/1555 1037/774/1547 1039/783/1545 
s 1309
f 1043/786/1556 1039/784/1552 1035/788/1550 
s 1310
f 1044/787/1557 1015/788/1507 1017/771/1504 
s 1311
f 1015/788/1507 1044/787/1557 1012/774/1508 
s 1312
f 1044/787/1557 1010/776/1496 1012/774/1558 
s 1313
f 1045/686/1559 1046/687/1560 1047/685/1561 
s 1314
f 1011/783/1497 1010/776/1496 1013/778/1562 
s 1315
f 1048/690/1563 1049/683/1564 1046/691/1565 
s 1316
f 1050/692/1566 1051/684/1567 1049/683/1568 
s 1317
f 1052/693/1569 1049/683/1570 1047/685/1571 
s 1318
f 1052/693/1572 1047/685/1561 1046/687/1560 
s 1319
f 1052/693/1573 1046/691/1565 1049/683/1564 
s 1320
f 1053/682/1574 1054/683/1575 1055/684/1576 
s 1321
f 1054/683/1575 1053/682/1574 1056/685/1577 
s 1322
f 1053/682/1574 1057/686/1578 1056/685/1579 
s 1323
f 1058/687/1580 1057/686/1578 1059/688/1581 
s 1324
f 1057/686/1578 1058/687/1580 1056/685/1582 
s 1325
f 1059/689/1583 1060/690/1584 1058/691/1583 
s 1326
f 1054/683/1585 1060/690/1584 1061/692/1586 
s 1327
f 1060/690/1584 1054/683/1585 1058/691/1587 
s 1328
f 1061/692/1586 1055/684/1576 1054/683/1588 
s 1329
f 1062/693/1589 1054/683/1575 1056/685/1577 
s 1330
f 1062/693/1590 1056/685/1582 1058/687/1580 
s 1331
f 1062/693/1591 1058/691/1587 1054/683/1585 
s 1332
f 1063/682/1592 1064/683/1593 1065/684/1594 
s 1333
f 1064/683/1593 1063/682/1592 1066/685/1595 
s 1334
f 891/689/1596 892/690/1326 890/691/1596 
s 1335
f 886/683/1327 892/690/1326 1067/692/1597 
s 1336
f 1068/686/1598 1069/687/1599 1066/685/1600 
s 1337
f 1067/692/1597 887/684/1319 886/683/1601 
s 1338
f 1070/693/1602 886/683/1318 888/685/1320 
s 1339
f 1070/693/1603 888/685/1325 890/687/1323 
s 1340
f 1070/693/1604 890/691/1328 886/683/1327 
s 1341
f 1071/682/1605 1072/683/1606 1073/684/1607 
s 1342
f 1072/683/1606 1071/682/1605 1074/685/1608 
s 1343
f 1071/682/1605 1075/686/1609 1074/685/1610 
s 1344
f 1076/687/1611 1075/686/1609 1077/688/1612 
s 1345
f 1075/686/1609 1076/687/1611 1074/685/1613 
s 1346
f 1077/689/1614 1078/690/1615 1076/691/1614 
s 1347
f 1072/683/1616 1078/690/1615 1079/692/1617 
s 1348
f 1078/690/1615 1072/683/1616 1076/691/1618 
s 1349
f 1079/692/1617 1073/684/1607 1072/683/1619 
s 1350
f 1080/693/1620 1072/683/1606 1074/685/1608 
s 1351
f 1080/693/1621 1074/685/1613 1076/687/1611 
s 1352
f 1080/693/1622 1076/691/1618 1072/683/1616 
s 1353
f 1081/682/1623 1049/683/1570 1051/684/1567 
s 1354
f 1049/683/1570 1081/682/1623 1047/685/1571 
s 1355
f 1081/682/1623 1045/686/1559 1047/685/1624 
s 1356
f 1046/687/1560 1045/686/1559 1082/688/1625 
s 1357
f 1083/683/1626 1084/682/1627 1085/685/1628 
s 1358
f 1082/689/1629 1048/690/1563 1046/691/1629 
s 1359
f 1049/683/1564 1048/690/1563 1050/692/1566 
s 1360
f 1086/686/1630 1087/687/1631 1085/685/1632 
s 1361
f 1088/689/1633 1089/690/1634 1087/691/1633 
s 1362
f 1083/683/1635 1089/690/1634 1090/692/1636 
s 1363
f 1089/690/1634 1083/683/1635 1087/691/1637 
s 1364
f 1090/692/1636 1091/684/1638 1083/683/1639 
s 1365
f 1092/693/1640 1083/683/1626 1085/685/1628 
s 1366
f 1092/693/1641 1085/685/1632 1087/687/1631 
s 1367
f 1092/693/1642 1087/691/1637 1083/683/1635 
s 1368
f 1093/787/1643 989/788/1644 1094/771/1645 
s 1369
f 989/788/1644 1093/787/1643 1095/774/1646 
s 1370
f 1093/787/1643 1096/776/1647 1095/774/1648 
s 1371
f 988/783/1649 1096/776/1647 1097/778/1650 
s 1372
f 1096/776/1647 988/783/1649 1095/774/1651 
s 1373
f 1097/780/1652 1098/789/1653 988/784/1652 
s 1374
f 989/788/1457 1098/789/1653 1099/790/1654 
s 1375
f 1098/789/1653 989/788/1457 988/784/1456 
s 1376
f 1099/790/1654 1094/771/1645 989/788/1655 
s 1377
f 987/786/1656 989/788/1644 1095/774/1646 
s 1378
f 987/786/1657 1095/774/1651 988/783/1649 
s 1379
f 1063/682/1592 1068/686/1598 1066/685/1658 
s 1380
f 1069/687/1599 1068/686/1598 1100/688/1659 
s 1381
f 992/787/1461 991/788/1660 999/771/1660 
s 1382
f 1100/689/1661 1101/690/1662 1069/691/1661 
s 1383
f 1064/683/1663 1101/690/1662 1102/692/1664 
s 1384
f 1101/690/1662 1064/683/1663 1069/691/1665 
s 1385
f 1102/692/1664 1065/684/1594 1064/683/1666 
s 1386
f 1103/693/1667 1064/683/1593 1066/685/1595 
s 1387
f 1103/693/1668 1066/685/1600 1069/687/1599 
s 1388
f 1103/693/1669 1069/691/1665 1064/683/1663 
s 1389
f 1104/682/1670 1105/683/1671 1106/684/1672 
s 1390
f 1105/683/1671 1104/682/1670 1107/685/1673 
s 1391
f 1104/682/1670 1108/686/1674 1107/685/1675 
s 1392
f 1109/687/1676 1108/686/1674 1110/688/1677 
s 1393
f 1108/686/1674 1109/687/1676 1107/685/1678 
s 1394
f 1110/689/1679 1111/690/1680 1109/691/1679 
s 1395
f 1105/683/1681 1111/690/1680 1112/692/1682 
s 1396
f 1111/690/1680 1105/683/1681 1109/691/1683 
s 1397
f 1112/692/1682 1106/684/1672 1105/683/1684 
s 1398
f 1113/693/1685 1105/683/1671 1107/685/1673 
s 1399
f 1113/693/1686 1107/685/1678 1109/687/1676 
s 1400
f 1113/693/1687 1109/691/1683 1105/683/1681 
s 1401
f 1084/682/1627 1083/683/1626 1091/684/1638 
s 1402
f 1114/792/1688 1115/793/1689 1116/794/1690 
s 1403
f 1084/682/1627 1086/686/1630 1085/685/1691 
s 1404
f 1087/687/1631 1086/686/1630 1088/688/1692 
s 1405
f 1117/795/1693 1118/796/1694 1119/797/1695 
s 1406
f 1117/795/1693 1120/798/1696 943/799/1697 
s 1407
f 1120/798/1696 1117/795/1693 1119/797/1695 
s 1408
f 943/800/1698 1120/801/1698 1121/802/1699 
s 1409
f 1122/803/1700 827/637/1246 830/640/1700 
s 1410
f 1123/804/1701 922/717/1353 1124/805/1702 
s 1411
f 922/717/1353 1123/804/1701 924/806/1703 
s 1412
f 1124/805/1702 1125/807/1704 1123/804/1701 
s 1413
f 1125/807/1704 1124/805/1702 1126/808/1705 
s 1414
f 1126/808/1705 1127/809/1706 1125/807/1704 
s 1415
f 1127/809/1707 1126/808/1705 1128/810/1708 
s 1416
f 1128/810/1708 1122/803/1709 1127/809/1706 
s 1417
f 1122/803/1709 1128/810/1708 827/637/1246 
s 1418
f 1129/811/1710 1125/812/1711 1130/813/1712 
s 1419
f 1125/812/1711 1129/811/1710 1123/814/1713 
s 1420
f 1125/812/1714 1131/815/1715 1130/813/1716 
s 1421
f 1131/815/1715 1125/812/1714 1127/816/1717 
s 1422
f 1127/816/1717 1132/817/1718 1131/815/1715 
s 1423
f 1132/817/1718 1127/816/1719 1122/818/1720 
s 1424
f 1129/811/1710 1130/813/1712 925/720/1356 
s 1425
f 828/638/1247 1133/819/1721 1134/820/1722 
s 1426
f 1133/819/1721 828/638/1247 827/637/1246 
s 1427
f 1135/821/1723 1136/822/1724 1137/823/1725 
s 1428
f 1136/822/1724 1135/821/1723 1138/824/1726 
s 1429
f 1139/825/1727 1137/823/1725 1140/826/1728 
s 1430
f 1137/823/1725 1139/825/1727 1135/821/1723 
s 1431
f 1133/819/1721 1140/826/1728 1141/827/1729 
s 1432
f 1140/826/1728 1133/819/1721 1139/825/1727 
s 1433
f 1134/820/1722 1141/827/1729 1142/828/1730 
s 1434
f 1141/827/1729 1134/820/1722 1133/819/1721 
s 1435
f 1143/829/1731 1144/830/1732 1136/822/1724 
s 1436
f 1136/822/1724 1144/830/1732 1137/823/1725 
s 1437
f 1140/826/1728 1144/830/1732 1145/831/1733 
s 1438
f 1144/830/1732 1140/826/1728 1137/823/1725 
s 1439
f 1140/826/1728 1145/831/1733 1141/827/1729 
s 1440
f 1141/827/1729 1121/802/1699 1142/828/1730 
s 1441
f 1121/802/1699 1141/827/1729 1145/831/1733 
s 1442
f 828/638/1247 1119/797/1695 1118/796/1694 
s 1443
f 1119/797/1695 828/638/1247 1134/820/1722 
s 1444
f 1134/820/1722 1120/798/1696 1119/797/1695 
s 1445
f 1120/798/1696 1134/820/1722 1142/828/1730 
s 1446
f 1121/802/1699 1120/798/1696 1142/828/1730 
s 1447
f 1115/793/1689 1114/792/1688 1146/832/1734 
s 1448
f 1147/833/1735 1148/834/1736 1149/835/1737 
s 1449
f 1118/796/1694 1117/795/1693 1115/836/1738 
s 1450
f 911/837/1739 1149/835/1737 912/838/1740 
s 1451
f 1150/839/1741 1151/840/1742 1152/841/1743 
s 1452
f 1153/842/1744 916/711/1347 1154/843/1745 
s 1453
f 916/711/1347 1153/842/1744 918/713/1349 
s 1454
f 1124/805/1702 919/714/1350 1155/844/1746 
s 1455
f 919/714/1350 1124/805/1702 922/717/1353 
s 1456
f 1136/822/1724 1156/845/1747 1143/829/1731 
s 1457
f 1156/845/1747 1138/824/1726 1157/846/1748 
s 1458
f 1136/822/1724 1138/824/1726 1156/845/1747 
s 1459
f 924/719/1355 1129/811/1710 925/720/1356 
s 1460
f 1129/811/1710 924/719/1355 1123/814/1713 
s 1461
f 916/724/1360 927/723/1749 1154/847/1750 
s 1462
f 1158/848/1751 932/729/1365 955/759/1411 
s 1463
f 932/729/1365 1158/848/1751 1159/849/1752 
s 1464
f 957/761/1413 1160/850/1753 958/762/1414 
s 1465
f 1160/850/1753 957/761/1413 1150/839/1741 
s 1466
f 1161/851/1754 932/729/1365 1159/849/1752 
s 1467
f 932/729/1365 1161/851/1754 946/749/1393 
s 1468
f 1162/852/1755 1163/853/1756 1164/854/1757 
s 1469
f 1163/853/1756 1162/852/1755 1165/855/1758 
s 1470
f 1131/815/1715 938/737/1375 1130/813/1712 
s 1471
f 1132/817/1376 938/737/1375 1131/815/1715 
s 1472
f 830/856/1759 1132/817/1760 1122/818/1720 
s 1473
f 1166/857/1761 927/723/1378 830/856/1759 
s 1474
f 1154/847/1750 927/723/1749 1166/857/1761 
s 1475
f 938/737/1375 1132/817/1718 927/723/1381 
s 1476
f 830/856/1759 927/723/1378 1132/817/1718 
s 1477
f 1146/858/1762 1118/796/1694 1115/836/1738 
s 1478
f 1115/836/1738 1149/835/1737 1148/834/1736 
s 1479
f 1149/835/1737 1115/836/1738 1117/795/1693 
s 1480
f 943/799/1697 1149/835/1737 1117/795/1693 
s 1481
f 1149/835/1737 943/799/1697 912/838/1740 
s 1482
f 1167/859/1763 1168/860/1764 1169/861/1765 
s 1483
f 1168/860/1764 1167/859/1763 1116/794/1690 
s 1484
f 1116/794/1690 1148/862/1766 1168/860/1764 
s 1485
f 1148/862/1766 1116/794/1690 1115/793/1689 
s 1486
f 1170/863/1767 858/669/1284 1169/861/1765 
s 1487
f 858/669/1284 1170/863/1767 906/699/1335 
s 1488
f 1169/861/1765 1171/864/1768 1170/863/1767 
s 1489
f 1171/864/1768 1169/861/1765 1168/860/1764 
s 1490
f 1168/860/1764 1172/865/1769 1171/864/1768 
s 1491
f 1172/865/1769 1168/860/1764 1148/862/1766 
s 1492
f 1148/834/1736 1147/833/1735 1172/866/1770 
s 1493
f 1173/867/1771 1174/868/1772 862/673/1773 
s 1494
f 1149/835/1737 911/837/1739 1147/833/1735 
s 1495
f 1175/869/1774 863/674/1289 1174/868/1772 
s 1496
f 1176/870/1775 863/674/1289 1175/869/1774 
s 1497
f 1177/871/1776 864/675/1290 863/674/1289 
s 1498
f 1152/841/1777 1178/872/1778 1179/873/1779 
s 1499
f 1178/872/1780 1152/841/1743 1151/840/1742 
s 1500
f 1179/873/1779 1180/874/1781 1152/841/1782 
s 1501
f 862/673/1288 1174/868/1772 863/674/1289 
s 1502
f 1166/875/1783 1181/876/1784 867/678/1294 
s 1503
f 1181/876/1784 1166/875/1783 830/640/1249 
s 1504
f 1182/877/1785 869/680/1297 1183/878/1786 
s 1505
f 1173/867/1787 869/680/1297 1182/877/1785 
s 1506
f 869/680/1297 868/679/1295 1184/879/1788 
s 1507
f 869/680/1297 1185/880/1789 1183/878/1786 
s 1508
f 1186/881/1790 1185/880/1789 1187/882/1791 
s 1509
f 1186/881/1790 1183/878/1786 1185/880/1789 
s 1510
f 1186/881/1790 1164/854/1757 1183/878/1786 
s 1511
f 867/678/1294 1181/876/1784 868/679/1295 
s 1512
f 830/640/1249 1188/883/1792 1181/876/1784 
s 1513
f 1188/883/1792 830/640/1249 829/639/1248 
s 1514
f 1184/879/1788 1189/884/1793 869/680/1297 
s 1515
f 1130/813/1794 938/737/1795 925/885/1794 
s 1516
f 1190/886/1796 1150/839/1741 957/761/1413 
s 1517
f 1150/839/1741 1190/886/1796 1151/840/1742 
s 1518
f 1176/870/1775 1177/871/1776 863/674/1289 
s 1519
f 1165/855/1797 1150/839/1741 1152/841/1797 
s 1520
f 1150/839/1741 1165/855/1758 1162/852/1755 
s 1521
f 1183/878/1786 1163/853/1798 1182/877/1785 
s 1522
f 1163/853/1798 1183/878/1786 1164/854/1757 
s 1523
f 1153/842/1744 864/675/1290 1177/871/1776 
s 1524
f 864/675/1290 1153/842/1744 867/678/1294 
s 1525
f 864/675/1290 868/679/1295 862/673/1296 
s 1526
f 1154/843/1745 867/678/1294 1153/842/1744 
s 1527
f 867/678/1294 1154/843/1745 1166/875/1783 
s 1528
f 1152/841/1777 1180/874/1781 1165/855/1799 
s 1529
f 1163/853/1798 1180/887/1800 1191/888/1801 
s 1530
f 1180/887/1802 1163/853/1802 1165/855/1802 
s 1531
f 1173/867/1803 1163/853/1798 1191/888/1801 
s 1532
f 1163/853/1798 1173/867/1804 1182/877/1785 
s 1533
f 1180/874/1805 1179/873/1779 1175/869/1774 
s 1534
f 1191/888/1801 1175/869/1774 1174/868/1772 
s 1535
f 1175/869/1774 1191/888/1801 1180/887/1806 
s 1536
f 869/680/1297 1173/867/1787 862/673/1296 
s 1537
f 1174/868/1772 1173/867/1771 1191/888/1801 
s 1538
f 1128/810/1708 1192/889/1807 1193/890/1808 
s 1539
f 1176/870/1775 1175/869/1774 1179/873/1779 
s 1540
f 1194/891/1809 1155/844/1746 919/714/1350 
s 1541
f 1155/844/1746 1194/891/1809 1195/892/1810 
s 1542
f 1155/844/1746 1196/893/1811 1192/889/1807 
s 1543
f 1196/893/1811 1155/844/1746 1195/892/1810 
s 1544
f 1193/890/1808 1196/893/1811 1197/894/1812 
s 1545
f 1196/893/1811 1193/890/1808 1192/889/1807 
s 1546
f 1193/890/1808 827/637/1246 1128/810/1708 
s 1547
f 1197/894/1812 827/637/1246 1193/890/1808 
s 1548
f 1151/840/1742 1198/895/1813 1178/872/1780 
s 1549
f 1198/895/1813 1151/840/1742 1190/886/1796 
s 1550
f 1177/871/1776 918/713/1349 1153/842/1744 
s 1551
f 918/713/1349 1177/871/1776 1199/896/1814 
s 1552
f 1194/891/1809 1138/824/1726 1195/892/1810 
s 1553
f 1138/824/1726 1194/891/1809 1157/846/1748 
s 1554
f 1135/821/1723 1195/892/1810 1138/824/1726 
s 1555
f 1195/892/1810 1135/821/1723 1196/893/1811 
s 1556
f 1197/894/1812 1135/821/1723 1139/825/1727 
s 1557
f 1135/821/1723 1197/894/1812 1196/893/1811 
s 1558
f 1197/894/1812 1133/819/1721 827/637/1246 
s 1559
f 1133/819/1721 1197/894/1812 1139/825/1727 
s 1560
f 1189/884/1793 1184/879/1788 1200/897/1815 
s 1561
f 1188/883/1792 868/679/1295 1181/876/1784 
s 1562
f 1200/897/1815 868/679/1295 1188/883/1792 
s 1563
f 868/679/1295 1200/897/1815 1184/879/1788 
s 1564
f 1179/873/1779 1178/872/1816 1176/870/1775 
s 1565
f 1199/896/1814 1178/872/1816 1198/895/1813 
s 1566
f 1199/896/1814 1176/870/1775 1178/872/1816 
s 1567
f 1199/896/1814 1177/871/1776 1176/870/1775 
s 1568
f 869/680/1297 1201/898/1817 1185/880/1789 
s 1569
f 1201/898/1817 1187/882/1791 1185/880/1789 
s 1570
f 1187/882/1791 1202/899/1818 1203/900/1819 
s 1571
f 1202/899/1818 1187/882/1791 1201/898/1817 
s 1572
f 1201/898/1817 1204/901/1820 1202/899/1818 
s 1573
f 1204/901/1820 1201/898/1817 1189/884/1793 
s 1574
f 1189/884/1793 1201/898/1817 869/680/1297 
s 1575
f 1205/902/1821 1200/897/1815 1188/883/1792 
s 1576
f 1200/897/1815 1205/902/1821 1206/903/1822 
s 1577
f 828/638/1247 1188/883/1792 829/639/1248 
s 1578
f 1188/883/1792 828/638/1247 1205/902/1823 
s 1579
f 1205/904/1824 1118/796/1694 1146/858/1762 
s 1580
f 1118/796/1694 1205/904/1825 828/638/1247 
s 1581
f 1126/808/1705 1155/844/1746 1192/889/1807 
s 1582
f 1155/844/1746 1126/808/1705 1124/805/1702 
s 1583
f 824/634/1243 1207/905/1826 952/755/1401 
s 1584
f 1192/889/1807 1128/810/1708 1126/808/1705 
s 1585
f 1208/906/1827 1209/661/1828 1210/907/1829 
s 1586
f 851/662/1830 941/741/1384 1209/661/1828 
s 1587
f 941/741/1384 851/662/1831 852/740/1385 
s 1588
f 1209/661/1828 1211/908/1832 851/758/1833 
s 1589
f 1211/908/1832 1209/661/1828 1208/906/1827 
s 1590
f 921/716/1352 1212/909/1834 1213/910/1835 
s 1591
f 1212/909/1834 921/716/1352 920/715/1351 
s 1592
f 1213/910/1835 929/726/1362 1214/911/1836 
s 1593
f 929/726/1362 1213/910/1835 1212/909/1834 
s 1594
f 921/716/1352 1194/891/1809 919/714/1350 
s 1595
f 1194/891/1809 921/716/1352 1215/912/1837 
s 1596
f 1216/913/1838 921/716/1352 1213/910/1835 
s 1597
f 921/716/1352 1216/913/1838 1215/912/1837 
s 1598
f 1216/913/1838 1214/911/1836 1217/914/1839 
s 1599
f 1214/911/1836 1216/913/1838 1213/910/1835 
s 1600
f 929/726/1362 1210/907/1829 1214/911/1836 
s 1601
f 1214/911/1836 1210/907/1829 1217/914/1839 
s 1602
f 1198/895/1813 914/709/1345 1218/915/1840 
s 1603
f 914/709/1345 1198/895/1813 1190/886/1796 
s 1604
f 1219/916/1841 824/634/1243 1220/917/1842 
s 1605
f 1220/917/1842 824/634/1243 826/636/1245 
s 1606
f 1221/918/1843 1215/912/1837 1216/913/1838 
s 1607
f 963/767/1420 1222/919/1844 961/765/1417 
s 1608
f 963/767/1420 1223/920/1845 1222/919/1844 
s 1609
f 963/767/1420 965/769/1423 1223/920/1845 
s 1610
f 1211/908/1832 939/921/1846 825/635/1244 
s 1611
f 939/921/1846 1211/908/1832 1208/906/1827 
s 1612
f 1208/906/1827 1210/907/1829 939/921/1846 
s 1613
f 952/755/1401 823/633/1242 824/634/1243 
s 1614
f 823/633/1242 952/755/1401 951/754/1400 
s 1615
f 951/754/1400 822/632/1241 823/633/1242 
s 1616
f 822/632/1241 951/754/1400 1211/908/1832 
s 1617
f 1199/896/1814 1224/922/1847 820/630/1239 
s 1618
f 1199/896/1814 1218/915/1848 1224/922/1847 
s 1619
f 1199/896/1814 1198/895/1813 1218/915/1848 
s 1620
f 1224/922/1847 1218/915/1848 1225/923/1849 
s 1621
f 1223/920/1845 1207/905/1826 824/634/1243 
s 1622
f 1223/920/1845 965/769/1423 1207/905/1826 
s 1623
f 949/752/1398 965/769/1423 964/768/1422 
s 1624
f 965/769/1423 949/752/1398 1207/905/1826 
s 1625
f 1207/905/1826 950/753/1399 952/755/1401 
s 1626
f 950/753/1399 1207/905/1826 949/752/1398 
s 1627
f 1226/924/1850 1144/925/1851 1227/926/1852 
s 1628
f 951/754/1400 851/758/1853 1211/908/1832 
s 1629
f 851/758/1853 951/754/1400 953/756/1402 
s 1630
f 1121/927/1854 1228/928/1855 1229/929/1856 
s 1631
f 1228/928/1855 1121/927/1854 1145/930/1857 
s 1632
f 942/742/1386 1209/661/1828 941/741/1384 
s 1633
f 1209/661/1828 942/742/1386 1230/931/1858 
s 1634
f 1231/932/1859 1230/931/1858 942/742/1386 
s 1635
f 1230/931/1858 1231/932/1859 1229/929/1856 
s 1636
f 1231/932/1859 1121/927/1854 1229/929/1856 
s 1637
f 849/751/1860 902/745/1389 852/933/1861 
s 1638
f 902/745/1389 849/751/1860 944/744/1388 
s 1639
f 904/697/1333 1231/932/1859 942/742/1386 
s 1640
f 1231/932/1859 904/697/1333 943/743/1387 
s 1641
f 943/934/1862 1121/927/1854 1231/935/1862 
s 1642
f 939/921/1863 1210/907/1829 928/725/1863 
s 1643
f 922/717/1353 926/936/1864 920/715/1351 
s 1644
f 926/936/1864 922/717/1353 924/806/1703 
s 1645
f 934/937/1865 920/715/1351 926/936/1864 
s 1646
f 920/715/1351 934/937/1866 1212/909/1834 
s 1647
f 930/727/1363 1212/909/1834 934/937/1866 
s 1648
f 1212/909/1834 930/727/1867 929/726/1362 
s 1649
f 1194/891/1809 1232/938/1868 1157/846/1748 
s 1650
f 1232/938/1868 1194/891/1809 1215/912/1837 
s 1651
f 929/726/1362 928/725/1361 1210/907/1829 
s 1652
f 1215/912/1837 1221/918/1843 1232/938/1868 
s 1653
f 1221/918/1843 1217/914/1839 1233/939/1869 
s 1654
f 1217/914/1839 1221/918/1843 1216/913/1838 
s 1655
f 1234/940/1870 1217/914/1839 1210/907/1829 
s 1656
f 1217/914/1839 1234/940/1870 1233/939/1869 
s 1657
f 1234/940/1870 1209/661/1828 1230/931/1858 
s 1658
f 1209/661/1828 1234/940/1870 1210/907/1829 
s 1659
f 1156/845/1747 1235/941/1871 1143/829/1731 
s 1660
f 1156/845/1747 1232/938/1868 1235/941/1871 
s 1661
f 1156/845/1747 1157/846/1748 1232/938/1868 
s 1662
f 1233/939/1869 1227/926/1852 1221/918/1843 
s 1663
f 1227/926/1852 1233/939/1869 1226/924/1850 
s 1664
f 1221/918/1843 1235/941/1871 1232/938/1868 
s 1665
f 1235/941/1871 1221/918/1843 1227/926/1852 
s 1666
f 1226/924/1850 1234/940/1870 1228/928/1855 
s 1667
f 1234/940/1870 1226/924/1850 1233/939/1869 
s 1668
f 1228/928/1855 1230/931/1858 1229/929/1856 
s 1669
f 1230/931/1858 1228/928/1855 1234/940/1870 
s 1670
f 1235/941/1871 1144/925/1851 1143/829/1731 
s 1671
f 1227/926/1852 1144/925/1851 1235/941/1871 
s 1672
f 1236/942/1872 1202/899/1818 1204/901/1820 
s 1673
f 1144/925/1851 1226/924/1850 1145/930/1857 
s 1674
f 1228/928/1855 1145/930/1857 1226/924/1850 
s 1675
f 1189/884/1793 1200/897/1815 1204/901/1820 
s 1676
f 1206/903/1822 1204/901/1820 1200/897/1815 
s 1677
f 1204/901/1820 1206/903/1822 1236/942/1872 
s 1678
f 1237/943/1873 1238/944/1874 1239/945/1875 
s 1679
f 1238/944/1874 1237/943/1873 1240/946/1876 
s 1680
f 1238/944/1874 1241/942/1877 1236/903/1878 
s 1681
f 1241/942/1877 1238/944/1874 1240/946/1876 
s 1682
f 1238/944/1874 1242/947/1879 1239/945/1879 
s 1683
f 1242/947/1880 1243/948/1881 1244/949/1882 
s 1684
f 1243/948/1883 1206/902/1884 1205/638/1883 
s 1685
f 1242/947/1880 1206/902/1884 1243/948/1881 
s 1686
f 1238/944/1874 1206/902/1884 1242/947/1885 
s 1687
f 1238/944/1874 1236/903/1878 1206/902/1884 
s 1688
f 1242/947/1880 1237/943/1886 1239/945/1887 
s 1689
f 1242/947/1888 1245/950/1889 1237/943/1886 
s 1690
f 1242/947/1888 1246/951/1890 1245/950/1889 
s 1691
f 1242/947/1891 1244/949/1882 1246/951/1890 
s 1692
f 1114/952/1892 1245/950/1889 1246/951/1890 
s 1693
f 1245/950/1889 1114/952/1892 1237/943/1893 
s 1694
f 1244/949/1882 1247/953/1894 1246/951/1890 
s 1695
f 1158/848/1751 958/762/1414 1160/850/1753 
s 1696
f 958/762/1414 1158/848/1751 955/759/1411 
s 1697
f 1248/954/1895 1249/955/1896 1161/851/1754 
s 1698
f 1160/850/1753 1164/854/1757 1186/881/1897 
s 1699
f 1160/850/1753 1162/852/1755 1164/854/1757 
s 1700
f 1160/850/1753 1150/839/1741 1162/852/1755 
s 1701
f 1203/900/1819 1186/881/1898 1187/882/1791 
s 1702
f 1186/881/1790 1203/900/1819 1158/848/1751 
s 1703
f 1186/881/1897 1158/848/1751 1160/850/1753 
s 1704
f 1159/849/1752 1203/900/1819 1250/956/1899 
s 1705
f 1203/900/1819 1159/849/1752 1158/848/1751 
s 1706
f 1161/851/1754 1250/956/1899 1251/957/1900 
s 1707
f 1250/956/1899 1161/851/1754 1159/849/1752 
s 1708
f 1248/954/1895 1161/851/1754 1251/957/1900 
s 1709
f 1250/956/1899 1203/900/1819 1202/899/1818 
s 1710
f 1250/956/1899 1241/958/1901 1251/957/1900 
s 1711
f 1241/958/1902 1250/956/1899 1202/899/1818 
s 1712
f 1241/958/1901 1248/954/1895 1251/957/1900 
s 1713
f 946/749/1393 1249/955/1896 861/672/1287 
s 1714
f 1249/955/1896 946/749/1393 1161/851/1754 
s 1715
f 1116/794/1690 1248/954/1895 1114/792/1903 
s 1716
f 1248/954/1904 1167/859/1763 1249/955/1896 
s 1717
f 1116/794/1690 1167/859/1763 1248/954/1895 
s 1718
f 917/712/1348 821/631/1240 940/959/1905 
s 1719
f 1202/899/1818 1236/942/1872 1241/958/1901 
s 1720
f 1252/960/1906 959/763/1906 1253/961/1907 
s 1721
f 959/763/1908 1252/960/1908 962/766/1908 
s 1722
f 1220/917/1842 959/763/1909 1219/916/1841 
s 1723
f 959/763/1910 1220/917/1911 1253/961/1907 
s 1724
f 1254/962/1912 1225/923/1849 1252/963/1913 
s 1725
f 1254/962/1912 1253/961/1907 865/676/1291 
s 1726
f 1253/961/1907 1254/962/1912 1252/960/1914 
s 1727
f 826/636/1292 818/628/1237 866/677/1293 
s 1728
f 1220/917/1911 865/676/1291 1253/961/1907 
s 1729
f 865/676/1291 1220/917/1911 826/636/1915 
s 1730
f 1254/962/1912 1224/922/1847 1225/923/1849 
s 1731
f 1254/962/1912 866/677/1293 1224/922/1847 
s 1732
f 1254/962/1912 865/676/1291 866/677/1293 
s 1733
f 1224/922/1847 866/677/1293 820/630/1239 
s 1734
f 913/708/1344 1218/915/1840 914/709/1345 
s 1735
f 1218/915/1916 913/708/1917 1225/923/1849 
s 1736
f 913/708/1918 1252/963/1919 1225/923/1849 
s 1737
f 824/634/1243 822/632/1241 826/636/1245 
s 1738
f 825/635/1244 940/959/1905 821/631/1240 
s 1739
f 940/959/1905 825/635/1244 939/921/1846 
s 1740
f 1222/919/1844 824/634/1243 1219/916/1841 
s 1741
f 1247/953/1920 1244/949/1882 1243/948/1921 
s 1742
f 1222/919/1844 1223/920/1845 824/634/1243 
s 1743
f 1247/953/1922 1243/964/1922 1205/638/1922 
s 1744
f 1205/638/1923 1146/904/1924 1247/953/1920 
s 1745
f 1247/953/1920 1146/904/1924 1246/951/1890 
s 1746
f 1114/952/1892 1248/965/1925 1237/943/1893 
s 1747
f 1240/946/1876 1248/965/1925 1241/942/1926 
s 1748
f 1248/965/1925 1240/946/1876 1237/943/1873 
s 1749
f 1114/952/1892 1246/951/1890 1146/904/1924 
s 1750
f 857/668/1283 1169/861/1765 858/669/1284 
s 1751
f 1169/861/1765 857/668/1283 1167/859/1763 
s 1752
f 1249/955/1896 857/668/1283 861/672/1287 
s 1753
f 857/668/1283 1249/955/1896 1167/859/1763 
s 1754
f 925/813/1927 938/737/1795 935/732/1369 
s 1755
f 915/710/1346 1190/886/1796 957/761/1413 
s 1756
f 1190/886/1796 915/710/1346 914/709/1345 
s 1757
f 918/713/1349 820/630/1239 819/629/1238 
s 1758
f 820/630/1239 918/713/1349 1199/896/1814 
s 1759
f 915/710/1346 962/766/1928 913/708/1928 
s 1760
f 962/766/1418 915/710/1346 960/764/1416 
s 1761
f 959/763/1909 1222/919/1844 1219/916/1841 
s 1762
f 1222/919/1844 959/763/1909 961/765/1417 
s 1763
f 825/635/1244 822/632/1241 1211/908/1832 
s 1764
f 821/631/1240 917/712/1348 819/629/1238 
s 1765
f 962/766/1929 1252/963/1919 913/708/1917 
s 1766
f 1255/966/1930 1256/967/1931 1257/968/1932 
s 1767
f 1258/969/1933 1259/970/1934 1260/971/1935 
s 1768
f 1260/971/1935 1255/966/1930 1258/969/1933 
s 1769
f 1259/970/1934 1261/972/1936 1262/973/1937 
s 1770
f 1262/973/1937 1260/971/1935 1259/970/1934 
s 1771
f 1261/972/1936 1263/974/1938 1262/973/1937 
s 1772
f 1263/974/1938 1261/972/1936 1264/975/1939 
s 1773
f 1263/974/1938 1265/976/1940 1266/977/1941 
s 1774
f 1265/976/1940 1263/974/1938 1264/975/1939 
s 1775
f 1265/976/1940 1267/978/1942 1268/979/1943 
s 1776
f 1268/979/1943 1266/977/1941 1265/976/1940 
s 1777
f 1268/979/1943 1269/980/1944 1270/981/1945 
s 1778
f 1269/980/1944 1268/979/1943 1267/978/1942 
s 1779
f 1270/981/1945 1271/982/1946 1257/968/1932 
s 1780
f 1271/982/1946 1270/981/1945 1269/980/1944 
s 1781
f 1257/968/1932 1258/969/1933 1255/966/1930 
s 1782
f 1258/969/1933 1257/968/1932 1271/982/1946 
s 1783
f 1272/983/1947 1273/984/1948 1259/970/1934 
s 1784
f 1259/970/1934 1258/969/1933 1272/983/1947 
s 1785
f 1273/984/1948 1274/985/1949 1261/972/1936 
s 1786
f 1261/972/1936 1259/970/1934 1273/984/1948 
s 1787
f 1274/985/1949 1275/986/1950 1264/975/1939 
s 1788
f 1264/975/1939 1261/972/1936 1274/985/1949 
s 1789
f 1264/975/1939 1275/986/1950 1265/976/1940 
s 1790
f 1275/986/1950 1274/985/1949 1276/987/1951 
s 1791
f 1275/986/1950 1277/988/1952 1267/978/1942 
s 1792
f 1267/978/1942 1265/976/1940 1275/986/1950 
s 1793
f 1278/989/1953 1279/990/1953 1280/991/1953 
s 1794
f 1279/990/1954 1281/992/1954 1280/991/1954 
s 1795
f 1280/991/1955 1282/993/1955 1283/994/1955 
s 1796
f 1284/995/1956 1280/991/1956 1283/994/1956 
s 1797
f 1280/991/1957 1285/996/1958 1278/989/1959 
s 1798
f 1279/990/1960 1278/989/1959 1285/996/1961 
s 1799
f 1279/990/1960 1286/997/1962 1281/992/1963 
s 1800
f 1280/991/1964 1281/992/1963 1286/997/1962 
s 1801
f 1280/991/1964 1287/998/1965 1282/993/1966 
s 1802
f 1283/994/1967 1282/993/1966 1287/998/1965 
s 1803
f 1283/994/1967 1256/967/1931 1284/995/1968 
s 1804
f 1280/991/1957 1284/995/1968 1256/967/1931 
s 1805
f 1255/966/1930 1260/971/1935 1285/996/1961 
s 1806
f 1285/996/1961 1280/991/1957 1255/966/1930 
s 1807
f 1285/996/1969 1262/973/1937 1279/990/1960 
s 1808
f 1262/973/1937 1285/996/1961 1260/971/1935 
s 1809
f 1279/990/1960 1263/974/1938 1286/997/1962 
s 1810
f 1263/974/1938 1279/990/1960 1262/973/1937 
s 1811
f 1286/997/1962 1266/977/1941 1280/991/1964 
s 1812
f 1266/977/1941 1286/997/1962 1263/974/1938 
s 1813
f 1266/977/1941 1268/979/1943 1287/998/1965 
s 1814
f 1287/998/1965 1280/991/1964 1266/977/1941 
s 1815
f 1287/998/1965 1270/981/1945 1283/994/1967 
s 1816
f 1270/981/1945 1287/998/1965 1268/979/1943 
s 1817
f 1283/994/1967 1257/968/1932 1256/967/1931 
s 1818
f 1257/968/1932 1283/994/1967 1270/981/1945 
s 1819
f 1256/967/1931 1255/966/1930 1280/991/1957 
s 1820
f 1288/999/1970 1289/1000/1971 1290/1001/1972 
s 1821
f 1291/1002/1973 1292/1003/1974 1293/1004/1975 
s 1822
f 1292/1003/1974 1291/1002/1973 1288/999/1970 
s 1823
f 1292/1003/1974 1294/1005/1976 1295/1006/1977 
s 1824
f 1295/1006/1977 1293/1004/1975 1292/1003/1974 
s 1825
f 1295/1006/1977 1296/1007/1978 1297/1008/1979 
s 1826
f 1296/1007/1978 1295/1006/1977 1294/1005/1976 
s 1827
f 1297/1008/1979 1298/1009/1980 1299/1010/1981 
s 1828
f 1298/1009/1980 1297/1008/1979 1296/1007/1978 
s 1829
f 1299/1010/1981 1300/1011/1982 1301/1012/1983 
s 1830
f 1300/1011/1982 1299/1010/1981 1298/1009/1980 
s 1831
f 1302/1013/1984 1303/1014/1984 1304/1015/1984 
s 1832
f 1305/1016/1985 1306/1017/1986 1307/1018/1987 
s 1833
f 1305/1016/1985 1308/1019/1988 1306/1017/1986 
s 1834
f 1309/1020/1989 1303/1021/1990 1310/1022/1991 
s 1835
f 1309/1020/1989 1304/1023/1992 1303/1021/1990 
s 1836
f 1307/1018/1987 1304/1023/1992 1309/1020/1989 
s 1837
f 1307/1018/1987 1306/1017/1993 1304/1023/1992 
s 1838
f 1308/1024/1984 1311/1025/1984 1306/1026/1984 
s 1839
f 1302/1013/1984 1304/1015/1984 1306/1026/1984 
s 1840
f 1311/1025/1984 1302/1013/1984 1306/1026/1984 
s 1841
f 1312/1018/1994 1311/1017/1995 1305/1016/1985 
s 1842
f 1311/1017/1995 1308/1019/1988 1305/1016/1985 
s 1843
f 1310/1022/1991 1303/1021/1990 1313/1020/1996 
s 1844
f 1303/1021/1990 1302/1023/1997 1313/1020/1996 
s 1845
f 1313/1020/1996 1302/1023/1998 1312/1018/1994 
s 1846
f 1302/1023/1998 1311/1017/1995 1312/1018/1994 
s 1847
f 1267/978/1942 1314/1027/1999 1269/980/1944 
s 1848
f 1314/1027/1999 1267/978/1942 1277/988/1952 
s 1849
f 1269/980/1944 1315/1028/2000 1271/982/1946 
s 1850
f 1315/1028/2000 1269/980/1944 1314/1027/1999 
s 1851
f 1271/982/1946 1272/983/1947 1258/969/1933 
s 1852
f 1272/983/1947 1271/982/1946 1315/1028/2000 
s 1853
f 1301/1012/1983 1316/1029/2001 1273/984/1948 
s 1854
f 1273/984/1948 1272/983/1947 1301/1012/1983 
s 1855
f 1316/1029/2001 1289/1000/1971 1274/985/1949 
s 1856
f 1274/985/1949 1273/984/1948 1316/1029/2001 
s 1857
f 1289/1000/1971 1291/1002/1973 1276/987/2002 
s 1858
f 1276/987/2003 1274/985/1949 1289/1000/1971 
s 1859
f 1276/987/2003 1293/1004/1975 1275/986/1950 
s 1860
f 1293/1004/1975 1276/987/2002 1291/1002/1973 
s 1861
f 1293/1004/1975 1295/1006/1977 1277/988/1952 
s 1862
f 1277/988/1952 1275/986/1950 1293/1004/1975 
s 1863
f 1277/988/1952 1297/1008/1979 1314/1027/1999 
s 1864
f 1297/1008/1979 1277/988/1952 1295/1006/1977 
s 1865
f 1314/1027/1999 1299/1010/1981 1315/1028/2000 
s 1866
f 1299/1010/1981 1314/1027/1999 1297/1008/1979 
s 1867
f 1315/1028/2000 1301/1012/1983 1272/983/1947 
s 1868
f 1301/1012/1983 1315/1028/2000 1299/1010/1981 
s 1869
f 1300/1011/1982 1317/1030/2004 1316/1029/2001 
s 1870
f 1316/1029/2001 1301/1012/1983 1300/1011/1982 
s 1871
f 1317/1030/2004 1290/1001/1972 1289/1000/1971 
s 1872
f 1289/1000/1971 1316/1029/2001 1317/1030/2004 
s 1873
f 1289/1000/1971 1288/999/1970 1291/1002/1973 
s 1874
f 1318/1031/2005 1319/1032/2006 1320/1033/2007 
s 1875
f 1321/1034/2008 1320/1033/2007 1319/1032/2006 
s 1876
f 1320/1033/2007 1321/1034/2008 1322/1035/2009 
s 1877
f 1318/1031/2010 1323/1036/2011 1324/1037/2012 
s 1878
f 1325/1038/2013 1326/1039/2014 1323/1036/2015 
s 1879
f 1318/1031/2016 1325/1038/2013 1323/1036/2011 
s 1880
f 1323/1036/2011 1327/1040/2017 1328/1041/2018 
s 1881
f 1329/1042/2019 1330/1043/2020 1331/1044/2021 
s 1882
f 1330/1043/2020 1329/1042/2019 1325/1038/2022 
s 1883
f 1332/1045/2023 1323/1036/2024 1333/1046/2025 
s 1884
f 1323/1036/2024 1332/1045/2023 1327/1040/2017 
s 1885
f 1333/1046/2025 1326/1039/2026 1334/1047/2026 
s 1886
f 1326/1039/2026 1333/1046/2025 1323/1036/2011 
s 1887
f 1334/1047/2027 1325/1038/2027 1329/1042/2027 
s 1888
f 1325/1038/2027 1334/1047/2027 1326/1039/2027 
s 1889
f 1335/1048/2028 1327/1040/2017 1332/1045/2023 
s 1890
f 1327/1040/2017 1335/1048/2028 1328/1041/2018 
s 1891
f 1323/1036/2015 1328/1041/2018 1324/1037/2012 
s 1892
f 1318/1031/2005 1322/1035/2029 1336/1049/2029 
s 1893
f 1318/1031/2010 1337/1050/2030 1338/1051/2031 
s 1894
f 1318/1031/2010 1324/1037/2012 1337/1050/2030 
s 1895
f 1336/1049/2032 1330/1043/2033 1325/1038/2013 
s 1896
f 1318/1031/2010 1336/1049/2032 1325/1038/2013 
s 1897
f 1320/1033/2007 1322/1035/2009 1318/1031/2005 
s 1898
f 1339/1052/2034 1324/1037/2034 1340/1053/2035 
s 1899
f 1324/1037/2036 1339/1052/2036 1337/1050/2036 
s 1900
f 1340/1053/2035 1328/1041/2018 1335/1048/2028 
s 1901
f 1328/1041/2018 1340/1053/2035 1324/1037/2012 
s 1902
f 1331/1044/2037 1336/1049/2032 1341/1054/2038 
s 1903
f 1336/1049/2032 1331/1044/2037 1330/1043/2033 
s 1904
f 1341/1054/2038 1322/1035/2039 1321/1034/2008 
s 1905
f 1322/1035/2039 1341/1054/2038 1336/1049/2040 
s 1906
f 1342/1055/2041 1338/1051/2031 1343/1056/2042 
s 1907
f 1338/1051/2031 1342/1055/2041 1318/1031/2043 
s 1908
f 1343/1056/2042 1337/1050/2030 1339/1052/2044 
s 1909
f 1337/1050/2030 1343/1056/2042 1338/1051/2031 
s 1910
f 1319/1032/2006 1318/1031/2045 1342/1055/2041 
s 1
f 1344/1057/2046 1345/1058/2046 1346/1059/2046 
s 2
f 1344/1057/2047 1347/1060/2047 1345/1058/2047 
s 3
f 1348/1061/2048 1347/1058/2048 1344/1062/2048 
s 4
f 1348/1061/2049 1349/1060/2049 1347/1058/2049 
s 5
f 1350/1063/2050 1351/1064/2050 1352/1065/2050 
s 6
f 1351/1064/2050 1350/1063/2050 1353/1066/2050 
s 7
f 1354/1067/2051 1353/1068/2052 1350/1069/2053 
s 8
f 1353/1068/2054 1354/1067/2054 1355/1070/2054 
s 9
f 1356/1065/2055 1355/1071/2055 1354/1072/2055 
s 10
f 1355/1071/2056 1356/1065/2057 1357/1064/2056 
s 11
f 1358/1073/2050 1352/1065/2050 1359/1074/2050 
s 12
f 1352/1065/2050 1358/1073/2050 1350/1063/2050 
s 13
f 1360/1075/2058 1359/1076/2054 1361/1077/2054 
s 14
f 1359/1076/2054 1360/1075/2058 1358/1078/2058 
s 15
f 1361/1079/2059 1352/1080/2059 1356/1081/2059 
s 16
f 1352/1080/2059 1361/1079/2059 1359/1076/2059 
s 17
f 1354/1067/2051 1358/1078/2058 1360/1075/2058 
s 18
f 1358/1078/2058 1354/1067/2051 1350/1069/2053 
s 19
f 1357/1082/2060 1353/1068/2052 1355/1070/2060 
s 20
f 1353/1068/2052 1357/1082/2060 1351/1083/2061 
s 21
f 1356/1065/2057 1360/1073/2062 1361/1074/2062 
s 22
f 1356/1065/2057 1354/1072/2063 1360/1073/2063 
s 23
f 1362/1084/2064 1363/1085/2065 1364/1086/2065 
s 24
f 1364/1086/2065 1365/1087/2066 1362/1084/2064 
s 25
f 1366/1088/2067 1363/1085/2068 1367/1085/2067 
s 26
f 1363/1085/2068 1366/1088/2069 1364/1086/2068 
s 27
f 1368/1089/2070 1365/1087/2066 1369/1087/2071 
s 28
f 1365/1087/2066 1368/1089/2070 1362/1084/2064 
s 29
f 1369/1087/2072 1364/1090/2072 1366/1088/2069 
s 30
f 1364/1090/2072 1369/1087/2072 1365/1091/2073 
s 31
f 1368/1089/2074 1366/1088/2074 1367/1085/2074 
s 32
f 1366/1088/2074 1368/1089/2074 1369/1087/2074 
s 33
f 1370/1092/2050 1371/1093/2075 1372/1094/2075 
s 34
f 1370/1092/2050 1372/1094/2075 1373/1095/2065 
s 35
f 1374/1096/2076 1375/1097/2077 1376/1098/2076 
s 36
f 1374/1096/2078 1377/1099/2078 1375/1097/2077 
s 37
f 1375/1100/2059 1378/1101/2059 1379/1102/2059 
s 38
f 1378/1101/2059 1375/1100/2059 1377/1103/2059 
s 39
f 1380/1104/2059 1381/1105/2059 1382/1106/2059 
s 40
f 1380/1104/2059 1383/1107/2059 1384/1108/2059 
s 41
f 1380/1104/2059 1384/1108/2059 1381/1105/2059 
s 42
f 1385/1057/2079 1381/1109/2080 1386/1059/2081 
s 43
f 1385/1057/2079 1382/1060/2082 1381/1109/2080 
s 44
f 1387/1061/2083 1382/1110/2084 1385/1062/2085 
s 45
f 1387/1061/2083 1380/1111/2086 1382/1110/2084 
s 46
f 1388/1057/2087 1380/1109/2088 1387/1059/2089 
s 47
f 1388/1057/2087 1383/1060/2090 1380/1109/2088 
s 48
f 1389/1057/2091 1383/1110/2092 1388/1059/2093 
s 49
f 1389/1057/2091 1384/1111/2094 1383/1110/2092 
s 50
f 1386/1057/2095 1384/1112/2096 1389/1059/2097 
s 51
f 1386/1057/2095 1381/1111/2098 1384/1112/2096 
s 52
f 1390/1113/2059 1377/1103/2059 1391/1114/2059 
s 53
f 1377/1103/2059 1390/1113/2059 1378/1101/2059 
s 54
f 1392/1115/2059 1376/1116/2059 1375/1100/2059 
s 55
f 1375/1100/2059 1379/1102/2059 1392/1115/2059 
s 56
f 1393/1117/2099 1349/1118/2099 1394/1119/2099 
s 57
f 1393/1117/2099 1345/1120/2099 1347/1121/2099 
s 58
f 1393/1117/2099 1347/1121/2099 1349/1118/2099 
s 59
f 1395/1057/2100 1349/1058/2101 1348/1059/2102 
s 60
f 1395/1057/2100 1394/1060/2103 1349/1058/2101 
s 61
f 1396/1057/2104 1394/1058/2104 1395/1059/2104 
s 62
f 1396/1057/2104 1393/1060/2104 1394/1058/2104 
s 63
f 1346/1057/2105 1393/1058/2105 1396/1059/2105 
s 64
f 1346/1057/2106 1345/1060/2106 1393/1058/2106 
s 65
f 1397/1122/2107 1398/1123/2107 1399/1123/2108 
s 66
f 1398/1123/2107 1397/1122/2107 1400/1122/2109 
s 67
f 1401/1123/2110 1402/1122/2110 1403/1122/2110 
s 68
f 1402/1122/2110 1401/1123/2110 1404/1123/2110 
s 69
f 1405/1094/2074 1406/1124/2074 1407/1125/2074 
s 70
f 1406/1124/2074 1405/1094/2074 1408/1126/2074 
s 71
f 1401/1127/2074 1397/1122/2074 1399/1123/2108 
s 72
f 1397/1122/2074 1401/1127/2074 1403/1128/2074 
s 73
f 1409/1129/2050 1410/1130/2050 1411/1131/2050 
s 74
f 1411/1131/2050 1412/1132/2050 1413/1133/2050 
s 75
f 1409/1129/2074 1411/1131/2074 1413/1133/2074 
s 76
f 1412/1132/2050 1414/1134/2050 1413/1133/2050 
s 77
f 1415/1135/2111 1371/1093/2112 1416/1124/2111 
s 78
f 1371/1093/2112 1415/1135/2112 1372/1136/2112 
s 79
f 1417/1137/2113 1372/1138/2113 1415/1139/2113 
s 80
f 1372/1138/2113 1417/1137/2113 1373/1140/2113 
s 81
f 1418/1141/2114 1410/1142/2114 1419/1143/2114 
s 82
f 1410/1142/2114 1418/1141/2114 1411/1144/2114 
s 83
f 1420/1145/2115 1373/1146/2115 1417/1136/2116 
s 84
f 1373/1146/2115 1420/1145/2115 1370/1124/2115 
s 85
f 1421/1147/2054 1411/1142/2054 1418/1148/2054 
s 86
f 1411/1142/2054 1421/1147/2054 1412/1149/2117 
s 87
f 1422/1150/2118 1412/1149/2117 1421/1147/2119 
s 88
f 1412/1149/2117 1422/1150/2118 1414/1151/2120 
s 89
f 1423/1152/2121 1414/1134/2121 1422/1153/2121 
s 90
f 1414/1134/2121 1423/1152/2121 1413/1133/2121 
s 91
f 1417/1154/2074 1415/1155/2074 1416/1124/2074 
s 92
f 1418/1156/2074 1419/1157/2074 1424/1158/2074 
s 93
f 1421/1159/2122 1418/1156/2122 1423/1133/2123 
s 94
f 1416/1124/2074 1420/1145/2074 1417/1154/2074 
s 95
f 1418/1156/2050 1424/1158/2050 1423/1133/2050 
s 96
f 1423/1133/2123 1422/1134/2124 1421/1159/2124 
s 97
f 1392/1160/2125 1425/1161/2126 1426/1162/2127 
s 98
f 1425/1161/2126 1392/1160/2125 1379/1163/2128 
s 99
f 1426/1164/2067 1427/1165/2067 1428/1166/2067 
s 100
f 1427/1165/2067 1426/1164/2067 1425/1167/2067 
s 101
f 1428/1168/2129 1378/1169/2130 1390/1170/2131 
s 102
f 1378/1169/2130 1428/1168/2129 1427/1171/2132 
s 103
f 1392/1160/2125 1374/1172/2133 1376/1173/2133 
s 104
f 1374/1172/2133 1392/1160/2125 1426/1162/2127 
s 105
f 1391/1174/2078 1374/1096/2078 1429/1175/2078 
s 106
f 1374/1096/2078 1391/1174/2078 1377/1099/2078 
s 107
f 1429/1176/2067 1426/1164/2067 1428/1166/2067 
s 108
f 1426/1164/2067 1429/1176/2067 1374/1177/2067 
s 109
f 1429/1178/2134 1390/1170/2134 1391/1173/2134 
s 110
f 1390/1170/2134 1429/1178/2134 1428/1168/2134 
s 111
f 1430/1092/2050 1431/1094/2065 1432/1125/2050 
s 112
f 1431/1094/2065 1430/1092/2050 1433/1126/2065 
s 113
f 1400/1179/2135 1431/1180/2136 1402/1181/2137 
s 114
f 1431/1180/2138 1400/1179/2135 1432/1182/2139 
s 115
f 1405/1183/2140 1397/1184/2141 1403/1185/2142 
s 116
f 1397/1184/2143 1405/1183/2140 1407/1186/2144 
s 117
f 1406/1124/2145 1432/1094/2146 1407/1135/2147 
s 118
f 1432/1094/2146 1406/1124/2145 1430/1145/2148 
s 119
f 1407/1186/2144 1400/1179/2135 1397/1184/2141 
s 120
f 1400/1179/2135 1407/1186/2144 1432/1182/2139 
s 121
f 1403/1185/2149 1431/1180/2136 1405/1183/2140 
s 122
f 1431/1180/2136 1403/1185/2149 1402/1181/2150 
s 123
f 1405/1094/2151 1433/1124/2152 1408/1145/2153 
s 124
f 1433/1124/2152 1405/1094/2151 1431/1125/2154 
s 125
f 1408/1187/2155 1430/1188/2156 1406/1139/2157 
s 126
f 1430/1188/2156 1408/1187/2155 1433/1189/2158 
s 127
f 1400/1122/2109 1402/1128/2050 1404/1127/2050 
s 128
f 1404/1127/2050 1398/1123/2050 1400/1122/2050 
s 129
f 1434/1190/2159 1435/1191/2160 1436/1192/2161 
s 130
f 1437/1193/2162 1435/1191/2160 1434/1190/2159 
s 131
f 1438/1194/2163 1437/1193/2162 1434/1190/2159 
s 132
f 1439/1195/2164 1437/1193/2162 1438/1194/2163 
s 133
f 1439/1195/2164 1440/1191/2165 1437/1193/2162 
s 134
f 1441/1196/2166 1440/1191/2165 1439/1195/2164 
s 135
f 1442/1197/2167 1443/1198/2168 1441/1196/2166 
s 136
f 1444/1199/2169 1443/1198/2168 1442/1197/2167 
s 137
f 1445/1200/2170 1444/1199/2169 1442/1197/2167 
s 138
f 1446/1197/2171 1444/1199/2169 1445/1200/2170 
s 139
f 1446/1197/2171 1447/1198/2172 1444/1199/2169 
s 140
f 1448/1201/2173 1449/1202/2173 1450/1203/2173 
s 141
f 1448/1201/2173 1451/1204/2173 1452/1205/2173 
s 142
f 1448/1201/2173 1452/1205/2173 1453/1206/2173 
s 143
f 1448/1201/2173 1453/1206/2173 1449/1202/2173 
s 144
f 1454/1207/2174 1449/1208/2175 1455/1209/2176 
s 145
f 1454/1207/2174 1450/1210/2177 1449/1208/2177 
s 146
f 1456/1211/2178 1450/1212/2179 1454/1213/2179 
s 147
f 1456/1211/2178 1448/1214/2180 1450/1212/2181 
s 148
f 1457/1215/2182 1448/1214/2180 1456/1211/2178 
s 149
f 1457/1215/2182 1451/1216/2183 1448/1214/2184 
s 150
f 1458/1217/2185 1451/1216/2183 1457/1215/2182 
s 151
f 1458/1217/2185 1452/1218/2186 1451/1216/2187 
s 152
f 1459/1219/2188 1452/1218/2189 1458/1217/2185 
s 153
f 1459/1219/2188 1453/1220/2190 1452/1218/2186 
s 154
f 1455/1209/2176 1453/1220/2190 1459/1219/2188 
s 155
f 1455/1209/2176 1449/1208/2175 1453/1220/2191 
s 156
f 1460/1221/2192 1461/1222/2193 1462/1223/2193 
s 157
f 1463/1224/2194 1464/1225/2195 1465/1226/2196 
s 158
f 1463/1224/2194 1465/1226/2196 1466/1227/2194 
s 159
f 1463/1224/2194 1466/1227/2197 1467/1228/2198 
s 160
f 1468/1225/2199 1463/1224/2200 1469/1224/2201 
s 161
f 1468/1225/2199 1464/1225/2195 1463/1224/2200 
s 162
f 1470/1226/2202 1464/1225/2195 1468/1225/2199 
s 163
f 1470/1226/2202 1465/1226/2196 1464/1225/2195 
s 164
f 1471/1227/2203 1465/1226/2196 1470/1226/2202 
s 165
f 1471/1227/2203 1466/1227/2197 1465/1226/2196 
s 166
f 1472/1228/2204 1466/1227/2205 1471/1227/2203 
s 167
f 1472/1228/2204 1467/1228/2198 1466/1227/2197 
s 168
f 1469/1224/2201 1467/1228/2198 1472/1228/2204 
s 169
f 1469/1224/2201 1463/1224/2206 1467/1228/2198 
s 170
f 1471/1227/2203 1468/1225/2199 1469/1224/2201 
s 171
f 1471/1227/2203 1470/1226/2202 1468/1225/2199 
s 172
f 1471/1227/2203 1469/1224/2201 1472/1228/2204 
s 173
f 1446/1229/2207 1445/1230/2208 1442/1231/2207 
s 174
f 1446/1229/2207 1442/1231/2207 1439/1232/2207 
s 175
f 1442/1231/2207 1441/1233/2209 1439/1232/2207 
s 176
f 1446/1229/2207 1439/1232/2207 1434/1234/2207 
s 177
f 1439/1232/2207 1438/1235/2210 1434/1234/2207 
s 178
f 1446/1229/2207 1434/1234/2207 1436/1236/2211 
s 179
f 1443/1198/2168 1440/1191/2165 1441/1196/2166 
s 180
f 1435/1191/2160 1447/1198/2172 1436/1192/2161 
s 181
f 1437/1237/2173 1447/1238/2173 1435/1239/2173 
s 182
f 1437/1237/2173 1440/1240/2173 1443/1241/2173 
s 183
f 1437/1237/2173 1443/1241/2173 1447/1238/2173 
s 184
f 1443/1241/2173 1444/1242/2173 1447/1238/2173 
s 185
f 1436/1192/2161 1447/1198/2172 1446/1197/2171 
s 186
f 1473/1243/2212 1474/1244/2213 1475/1245/2214 
s 187
f 1474/1244/2213 1473/1243/2212 1476/1246/2215 
s 188
f 1477/1247/2216 1474/1248/2217 1478/1249/2218 
s 189
f 1474/1248/2217 1477/1247/2216 1475/1250/2219 
s 190
f 1479/1251/2220 1480/1252/2221 1481/1253/2222 
s 191
f 1480/1252/2221 1482/1254/2222 1481/1253/2222 
s 192
f 1483/1255/2223 1484/1256/2223 1485/1257/2224 
s 193
f 1484/1256/2223 1486/1258/2225 1485/1257/2224 
s 194
f 1485/1257/2224 1486/1258/2225 1487/1259/2226 
s 195
f 1486/1258/2225 1488/1260/2226 1487/1259/2226 
s 196
f 1487/1259/2227 1488/1260/2227 1479/1251/2220 
s 197
f 1488/1260/2227 1480/1252/2221 1479/1251/2220 
s 198
f 1489/1261/2228 1490/1262/2195 1491/1263/2194 
s 199
f 1489/1261/2228 1491/1263/2194 1492/1264/2194 
s 200
f 1489/1261/2228 1492/1264/2194 1493/1265/2198 
s 201
f 1494/1262/2200 1489/1261/2228 1495/1261/2229 
s 202
f 1494/1262/2200 1490/1262/2195 1489/1261/2228 
s 203
f 1496/1263/2230 1490/1262/2195 1494/1262/2231 
s 204
f 1496/1263/2232 1491/1263/2232 1490/1262/2195 
s 205
f 1497/1264/2233 1491/1263/2233 1496/1263/2230 
s 206
f 1497/1264/2234 1492/1264/2233 1491/1263/2233 
s 207
f 1498/1265/2235 1492/1264/2205 1497/1264/2234 
s 208
f 1498/1265/2235 1493/1265/2198 1492/1264/2205 
s 209
f 1495/1261/2229 1493/1265/2198 1498/1265/2235 
s 210
f 1495/1261/2206 1489/1261/2228 1493/1265/2198 
s 211
f 1497/1266/2236 1494/1267/2236 1495/1268/2236 
s 212
f 1497/1266/2236 1496/1269/2236 1494/1267/2236 
s 213
f 1497/1266/2236 1495/1268/2236 1498/1270/2236 
s 214
f 1499/1271/2237 1461/1222/2237 1460/1221/2192 
s 215
f 1500/1272/2238 1461/1273/2239 1499/1274/2239 
s 216
f 1462/1275/2240 1461/1273/2240 1500/1272/2238 
s 217
f 1501/1221/2192 1502/1273/2193 1503/1276/2193 
s 218
f 1504/1277/2237 1502/1273/2237 1501/1221/2192 
s 219
f 1505/1272/2238 1502/1273/2239 1504/1278/2239 
s 220
f 1503/1279/2240 1502/1273/2240 1505/1272/2238 
s 221
f 1486/1280/2241 1476/1246/2215 1473/1243/2212 
s 222
f 1476/1246/2215 1486/1280/2241 1484/1281/2242 
s 223
f 1473/1243/2243 1488/1282/2244 1486/1280/2241 
s 224
f 1473/1243/2212 1506/1283/2245 1488/1282/2244 
s 225
f 1488/1282/2244 1506/1283/2246 1480/1284/2247 
s 226
f 1480/1284/2247 1506/1283/2248 1507/1285/2249 
s 227
f 1480/1284/2247 1507/1285/2249 1482/1286/2250 
s 228
f 1508/1285/2251 1479/1287/2252 1481/1288/2253 
s 229
f 1508/1285/2251 1509/1283/2254 1479/1287/2252 
s 230
f 1509/1283/2255 1487/1289/2256 1479/1287/2252 
s 231
f 1509/1283/2254 1477/1247/2257 1487/1289/2256 
s 232
f 1485/1290/2258 1477/1247/2259 1478/1249/2218 
s 233
f 1487/1289/2256 1477/1247/2216 1485/1290/2258 
s 234
f 1483/1291/2260 1485/1290/2258 1478/1249/2218 
s 235
f 1483/1255/2261 1478/1243/2262 1476/1292/2262 
s 236
f 1483/1255/2261 1476/1292/2262 1484/1256/2261 
s 237
f 1506/1293/2263 1477/1294/2263 1509/1254/2263 
s 238
f 1477/1294/2263 1506/1293/2263 1473/1243/2263 
s 239
f 1475/1295/2264 1477/1294/2264 1473/1243/2264 
s 240
f 1506/1283/2265 1508/1296/2265 1507/1297/2265 
s 241
f 1508/1296/2265 1506/1283/2265 1509/1298/2265 
s 242
f 1474/1299/2266 1476/1292/2262 1478/1243/2262 
# 0 polygons - 2708 triangles

