# 3ds Max Wavefront OBJ Exporter v0.97b - (c)2007 guruware
# File Created: 23.06.2015 10:59:22

#
# object Mesh_0008
#

v  -0.6082 0.4325 -0.3380
v  -0.6273 0.3623 -0.4638
v  -0.6228 0.3096 -0.4344
v  -0.6035 0.3765 -0.3076
v  -0.6239 0.2794 -0.4413
v  -0.5984 0.3562 -0.2744
v  -0.5965 0.1599 -0.2618
v  -0.6116 0.1048 -0.3611
v  -0.6286 0.2625 -0.4721
v  -0.6275 0.0791 -0.4653
v  -0.6331 0.2711 -0.5018
v  -0.6380 0.3172 -0.5338
v  -0.6429 0.3405 -0.5661
v  -0.6370 0.3527 -0.5276
v  -0.5681 0.3096 -0.4428
v  -0.5726 0.3623 -0.4722
v  -0.5534 0.4325 -0.3464
v  -0.5691 0.2794 -0.4496
v  -0.5488 0.3765 -0.3160
v  -0.5437 0.3562 -0.2827
v  -0.5738 0.2625 -0.4805
v  -0.5203 0.4325 -0.1295
v  -0.5154 0.5072 -0.0969
v  -0.4988 0.4416 0.0118
v  -0.5289 0.3776 -0.1854
v  -0.5344 0.3639 -0.2220
v  -0.5079 0.3959 -0.0477
v  -0.5179 0.2905 -0.1133
v  -0.5285 0.2194 -0.1828
v  -0.5726 0.3562 -0.2783
v  -0.5777 0.3765 -0.3116
v  -0.5892 0.3639 -0.2136
v  -0.5633 0.3639 -0.2176
v  -0.5836 0.3776 -0.1771
v  -0.5578 0.3776 -0.1810
v  -0.5751 0.4325 -0.1211
v  -0.5492 0.4325 -0.1251
v  -0.5784 0.2711 -0.5102
v  -0.5569 0.1048 -0.3695
v  -0.5923 0.3161 -0.6019
v  -0.5728 0.0791 -0.4736
v  -0.5418 0.1599 -0.2702
v  -0.5809 0.0459 -0.3330
v  -0.5967 0.0186 -0.4364
v  -0.5660 0.1040 -0.2354
v  -0.5500 0.1772 -0.1303
v  -0.5392 0.2553 -0.0589
v  -0.5294 0.3599 0.0053
v  -0.5197 0.4108 0.0687
v  -0.5443 0.5072 -0.0924
v  -0.6471 0.3161 -0.5935
v  -0.5535 0.4416 0.0201
v  -0.5701 0.5072 -0.0885
v  -0.5626 0.3959 -0.0394
v  -0.5726 0.2905 -0.1049
v  -0.5832 0.2194 -0.1744
v  -0.5970 0.3096 -0.4384
v  -0.6015 0.3623 -0.4678
v  -0.5823 0.4325 -0.3420
v  -0.6212 0.3161 -0.5975
v  -0.6170 0.3405 -0.5700
v  -0.6112 0.3527 -0.5316
v  -0.5832 0.3172 -0.5422
v  -0.5823 0.3527 -0.5360
v  -0.6121 0.3172 -0.5377
v  -0.6073 0.2711 -0.5058
v  -0.6027 0.2625 -0.4761
v  -0.5881 0.3405 -0.5744
v  -0.5980 0.2794 -0.4452
v  -0.6016 0.5275 -0.4678
v  -0.5758 0.5129 -0.4984
v  -0.5793 0.5538 -0.5213
v  -0.6130 0.5392 -0.5428
v  -0.6095 0.4982 -0.5199
v  -0.6389 0.5539 -0.5122
v  -0.6354 0.5129 -0.4893
v  -0.6040 0.5995 -0.4833
v  -0.6386 0.6082 -0.5101
v  -0.6051 0.5685 -0.4907
v  -0.5790 0.6082 -0.5193
v  -0.6130 0.6189 -0.5425
v  -0.5997 0.6137 -0.4550
v  -0.6315 0.6404 -0.4641
v  -0.5719 0.6405 -0.4732
v  -0.6038 0.6673 -0.4823
v  -0.5941 0.6013 -0.4192
v  -0.6222 0.6292 -0.4034
v  -0.5626 0.6292 -0.4125
v  -0.5907 0.6571 -0.3967
v  -0.5398 0.8709 0.3279
v  -0.5517 0.8262 0.2472
v  -0.4892 0.7747 0.2665
v  -0.4772 0.8194 0.3472
v  -0.4352 0.8265 0.2299
v  -0.5893 0.5762 -0.3875
v  -0.6151 0.5907 -0.3569
v  -0.5555 0.5907 -0.3660
v  -0.5813 0.6052 -0.3354
v  -0.5870 0.5484 -0.3725
v  -0.6128 0.5629 -0.3419
v  -0.5532 0.5629 -0.3509
v  -0.5790 0.5774 -0.3203
v  -0.5237 0.5769 -0.3955
v  -0.4960 0.5084 -0.3610
v  -0.5250 0.4007 -0.5552
v  -0.5175 0.5969 -0.3507
v  -0.5129 0.5416 -0.3206
v  -0.5810 0.6158 -0.3518
v  -0.6366 0.5413 -0.3021
v  -0.6412 0.5967 -0.3322
v  -0.6151 0.6215 -0.1574
v  -0.6198 0.6767 -0.1877
v  -0.4914 0.6218 -0.1758
v  -0.4961 0.6769 -0.2062
v  -0.6474 0.5767 -0.3770
v  -0.6634 0.5080 -0.3362
v  -0.5410 0.3314 -0.5146
v  -0.6924 0.4002 -0.5304
v  -0.6647 0.3312 -0.4961
v  -0.6359 0.4395 -0.3017
v  -0.6762 0.4695 -0.5712
v  -0.5525 0.4697 -0.5896
v  -0.5122 0.4398 -0.3202
v  -0.5940 0.6476 -0.1241
v  -0.5967 0.6813 -0.1416
v  -0.6234 0.4442 -0.3249
v  -0.5999 0.5320 -0.1655
v  -0.5014 0.6478 -0.1379
v  -0.5041 0.6815 -0.1554
v  -0.4233 0.8712 0.3105
v  -0.4978 0.8780 0.2106
v  -0.4858 0.9227 0.2912
v  -0.6321 0.5487 -0.3815
v  -0.4530 0.8312 0.2413
v  -0.5530 0.4569 -0.4332
v  -0.5952 0.4918 -0.4463
v  -0.4951 0.8657 0.2284
v  -0.6315 0.4567 -0.4215
v  -0.5315 0.8311 0.2530
v  -0.5894 0.4220 -0.4085
v  -0.4893 0.7963 0.2660
v  -0.5074 0.5321 -0.1793
v  -0.5309 0.4444 -0.3387
v  -0.5396 0.5489 -0.3953
v  -0.5595 0.6957 -0.2074
v  -0.0164 0.0214 0.0050
v  0.5868 0.0001 -0.4109
v  0.6495 0.0003 -0.2838
v  0.6974 0.0001 -0.1504
v  0.3850 0.0001 -0.6093
v  0.4915 0.0003 -0.5157
v  0.1224 0.0001 -0.7152
v  0.2566 0.0003 -0.6697
v  -0.1606 0.0001 -0.7126
v  -0.0191 0.0003 -0.7220
v  -0.4211 0.0001 -0.6020
v  -0.2941 0.0003 -0.6647
v  -0.6196 0.0001 -0.4001
v  -0.5261 0.0003 -0.5067
v  -0.7256 0.0001 -0.1376
v  -0.6799 0.0003 -0.2719
v  -0.7230 0.0001 0.1453
v  -0.7323 0.0003 0.0038
v  -0.6124 0.0001 0.4059
v  -0.6751 0.0003 0.2789
v  -0.4104 0.0001 0.6044
v  -0.5171 0.0003 0.5108
v  -0.1480 0.0001 0.7103
v  -0.2822 0.0003 0.6647
v  0.1351 0.0001 0.7078
v  -0.0064 0.0003 0.7171
v  0.3957 0.0001 0.5971
v  0.2685 0.0003 0.6599
v  0.5940 0.0001 0.3952
v  0.5004 0.0003 0.5018
v  0.7000 0.0001 0.1327
v  0.6545 0.0003 0.2670
v  0.7067 0.0003 -0.0089
v  0.6615 0.0077 -0.2887
v  0.7053 0.0077 -0.1519
v  0.5935 0.0077 -0.4154
v  0.6452 0.0172 -0.2819
v  0.5780 0.0172 -0.4049
v  0.6870 0.0172 -0.1481
v  0.4882 0.0172 -0.5124
v  0.5006 0.0077 -0.5250
v  0.3791 0.0172 -0.6003
v  0.3893 0.0077 -0.6160
v  0.2549 0.0172 -0.6653
v  0.2614 0.0077 -0.6816
v  0.1205 0.0172 -0.7047
v  0.1239 0.0077 -0.7232
v  -0.0191 0.0172 -0.7173
v  -0.0193 0.0077 -0.7350
v  -0.1585 0.0172 -0.7023
v  -0.1623 0.0077 -0.7206
v  -0.2922 0.0172 -0.6604
v  -0.2991 0.0077 -0.6766
v  -0.4153 0.0172 -0.5932
v  -0.4258 0.0077 -0.6087
v  -0.5228 0.0172 -0.5035
v  -0.5354 0.0077 -0.5159
v  -0.6107 0.0172 -0.3944
v  -0.6262 0.0077 -0.4045
v  -0.6756 0.0172 -0.2701
v  -0.6920 0.0077 -0.2767
v  -0.7151 0.0172 -0.1357
v  -0.7334 0.0077 -0.1392
v  -0.7275 0.0172 0.0038
v  -0.7453 0.0077 0.0040
v  -0.7127 0.0172 0.1432
v  -0.7310 0.0077 0.1470
v  -0.6708 0.0172 0.2770
v  -0.6870 0.0077 0.2839
v  -0.6036 0.0172 0.4000
v  -0.6189 0.0077 0.4105
v  -0.5137 0.0172 0.5075
v  -0.5262 0.0077 0.5201
v  -0.4046 0.0172 0.5954
v  -0.4149 0.0077 0.6109
v  -0.2805 0.0172 0.6604
v  -0.2871 0.0077 0.6767
v  -0.1461 0.0172 0.6998
v  -0.1496 0.0077 0.7181
v  -0.0065 0.0172 0.7122
v  -0.0064 0.0077 0.7300
v  0.1329 0.0172 0.6974
v  0.1367 0.0077 0.7157
v  0.2666 0.0172 0.6555
v  0.2735 0.0077 0.6717
v  0.3896 0.0172 0.5883
v  0.4001 0.0077 0.6037
v  0.4971 0.0172 0.4984
v  0.5097 0.0077 0.5110
v  0.5850 0.0172 0.3893
v  0.6007 0.0077 0.3997
v  0.6500 0.0172 0.2652
v  0.6664 0.0077 0.2718
v  0.6895 0.0172 0.1308
v  0.7079 0.0077 0.1343
v  0.7020 0.0172 -0.0087
v  0.7198 0.0077 -0.0089
v  0.6777 0.0284 -0.0086
v  0.6657 0.0284 0.1262
v  0.6633 0.0284 -0.1431
v  0.6228 0.0284 -0.2724
v  0.5580 0.0284 -0.3911
v  0.5419 0.0403 -0.3802
v  0.6050 0.0403 -0.2648
v  0.5352 0.0522 -0.3758
v  0.5976 0.0522 -0.2617
v  0.6443 0.0403 -0.1392
v  0.6364 0.0522 -0.1376
v  0.5344 0.0632 -0.3751
v  0.5966 0.0632 -0.2612
v  0.6353 0.0632 -0.1375
v  0.4518 0.0522 -0.4755
v  0.4575 0.0403 -0.4812
v  0.3507 0.0522 -0.5570
v  0.3552 0.0403 -0.5639
v  0.3502 0.0632 -0.5562
v  0.4511 0.0632 -0.4747
v  0.2356 0.0522 -0.6174
v  0.2385 0.0403 -0.6248
v  0.1108 0.0522 -0.6541
v  0.1124 0.0403 -0.6620
v  0.1106 0.0632 -0.6529
v  0.2351 0.0632 -0.6163
v  -0.0188 0.0522 -0.6656
v  -0.0188 0.0403 -0.6737
v  -0.1480 0.0522 -0.6516
v  -0.1496 0.0403 -0.6596
v  -0.1477 0.0632 -0.6506
v  -0.0186 0.0632 -0.6644
v  -0.2721 0.0522 -0.6129
v  -0.2752 0.0403 -0.6203
v  -0.3861 0.0522 -0.5505
v  -0.3906 0.0403 -0.5572
v  -0.3855 0.0632 -0.5496
v  -0.2716 0.0632 -0.6118
v  -0.4859 0.0522 -0.4671
v  -0.4916 0.0403 -0.4728
v  -0.5674 0.0522 -0.3659
v  -0.5741 0.0403 -0.3704
v  -0.5666 0.0632 -0.3654
v  -0.4851 0.0632 -0.4664
v  -0.6277 0.0522 -0.2508
v  -0.6351 0.0403 -0.2538
v  -0.6643 0.0522 -0.1261
v  -0.6722 0.0403 -0.1276
v  -0.6632 0.0632 -0.1259
v  -0.6265 0.0632 -0.2503
v  -0.6758 0.0522 0.0035
v  -0.6839 0.0403 0.0035
v  -0.6620 0.0522 0.1327
v  -0.6700 0.0403 0.1343
v  -0.6610 0.0632 0.1324
v  -0.6748 0.0632 0.0035
v  -0.6231 0.0522 0.2568
v  -0.6307 0.0403 0.2599
v  -0.5609 0.0522 0.3709
v  -0.5676 0.0403 0.3754
v  -0.5600 0.0632 0.3702
v  -0.6220 0.0632 0.2563
v  -0.4775 0.0522 0.4707
v  -0.4832 0.0403 0.4763
v  -0.3763 0.0522 0.5522
v  -0.3808 0.0403 0.5589
v  -0.3756 0.0632 0.5513
v  -0.4768 0.0632 0.4698
v  -0.2610 0.0522 0.6125
v  -0.2641 0.0403 0.6199
v  -0.1365 0.0522 0.6490
v  -0.1378 0.0403 0.6569
v  -0.1361 0.0632 0.6480
v  -0.2607 0.0632 0.6113
v  -0.0069 0.0522 0.6605
v  -0.0069 0.0403 0.6686
v  0.1224 0.0522 0.6468
v  0.1239 0.0403 0.6547
v  0.1222 0.0632 0.6457
v  -0.0069 0.0632 0.6595
v  0.2464 0.0522 0.6080
v  0.2495 0.0403 0.6154
v  0.3605 0.0522 0.5456
v  0.3650 0.0403 0.5523
v  0.3598 0.0632 0.5447
v  0.2459 0.0632 0.6068
v  0.4603 0.0522 0.4622
v  0.4660 0.0403 0.4679
v  0.5418 0.0522 0.3611
v  0.5487 0.0403 0.3655
v  0.5409 0.0632 0.3604
v  0.4594 0.0632 0.4615
v  0.6021 0.0522 0.2458
v  0.6095 0.0403 0.2489
v  0.6388 0.0522 0.1212
v  0.6467 0.0403 0.1226
v  0.6376 0.0632 0.1208
v  0.6011 0.0632 0.2454
v  0.6503 0.0522 -0.0084
v  0.6584 0.0403 -0.0084
v  0.6491 0.0632 -0.0084
v  0.6422 0.0727 -0.0082
v  0.6309 0.0727 0.1196
v  0.6286 0.0727 -0.1359
v  0.5902 0.0727 -0.2586
v  0.5287 0.0727 -0.3713
v  -0.0176 0.0439 -0.0075
v  0.5947 0.0727 0.2428
v  0.5351 0.0727 0.3566
v  0.4546 0.0727 0.4567
v  0.3560 0.0727 0.5391
v  0.2433 0.0727 0.6006
v  0.1206 0.0727 0.6388
v  -0.0071 0.0727 0.6526
v  -0.1349 0.0727 0.6412
v  -0.2581 0.0727 0.6049
v  -0.3718 0.0727 0.5454
v  -0.4720 0.0727 0.4648
v  -0.5543 0.0727 0.3664
v  -0.6157 0.0727 0.2535
v  -0.6541 0.0727 0.1310
v  -0.6679 0.0727 0.0033
v  -0.6565 0.0727 -0.1245
v  -0.6202 0.0727 -0.2477
v  -0.5607 0.0727 -0.3616
v  -0.4801 0.0727 -0.4616
v  -0.3817 0.0727 -0.5439
v  -0.2688 0.0727 -0.6055
v  -0.1463 0.0727 -0.6439
v  -0.0186 0.0727 -0.6575
v  0.1093 0.0727 -0.6461
v  0.2325 0.0727 -0.6099
v  0.3464 0.0727 -0.5503
v  0.4463 0.0727 -0.4697
v  0.6274 0.0284 0.2561
v  0.5647 0.0284 0.3760
v  0.4797 0.0284 0.4815
v  0.3758 0.0284 0.5682
v  0.2571 0.0284 0.6331
v  0.1279 0.0284 0.6736
v  -0.0067 0.0284 0.6879
v  -0.1415 0.0284 0.6759
v  -0.2714 0.0284 0.6378
v  -0.3913 0.0284 0.5751
v  -0.4968 0.0284 0.4901
v  -0.5834 0.0284 0.3862
v  -0.6484 0.0284 0.2675
v  -0.6889 0.0284 0.1383
v  -0.7032 0.0284 0.0037
v  -0.6911 0.0284 -0.1311
v  -0.6531 0.0284 -0.2610
v  -0.5903 0.0284 -0.3809
v  -0.5054 0.0284 -0.4864
v  -0.4015 0.0284 -0.5732
v  -0.2828 0.0284 -0.6380
v  -0.1535 0.0284 -0.6785
v  -0.0189 0.0284 -0.6928
v  0.1158 0.0284 -0.6809
v  0.2457 0.0284 -0.6427
v  0.3657 0.0284 -0.5800
v  0.4711 0.0284 -0.4950
v  0.2461 0.1048 0.0748
v  0.2445 0.0619 0.0782
v  0.2444 0.1048 0.0781
v  0.2172 0.1061 0.5032
v  0.2931 0.0632 0.4472
v  0.2915 0.1061 0.4460
v  0.0824 0.0626 0.4132
v  0.1018 0.1053 0.3194
v  0.1018 0.0623 0.3195
v  -0.3075 0.0580 -0.4678
v  -0.1722 0.0580 -0.4596
v  -0.1216 0.0588 -0.3143
v  -0.3808 0.0587 -0.3301
v  -0.3464 0.0583 -0.4221
v  -0.1222 0.0588 -0.3106
v  -0.3808 0.0588 -0.3264
v  -0.1417 0.0583 -0.4096
v  -0.1357 0.1017 -0.3126
v  -0.1464 0.1025 -0.1690
v  -0.1223 0.1018 -0.3109
v  -0.3807 0.1017 -0.3303
v  -0.3675 0.1017 -0.3268
v  -0.3630 0.1016 -0.3302
v  -0.3807 0.1017 -0.3267
v  -0.1957 0.0607 0.0542
v  -0.3841 0.0602 -0.0462
v  -0.3807 0.0595 -0.1831
v  -0.2763 0.0609 0.0889
v  0.4478 0.1057 0.2083
v  0.4904 0.1055 0.1250
v  0.4817 0.1055 0.1193
v  0.4493 0.1057 0.2137
v  0.3729 0.1060 0.3358
v  0.4598 0.1058 0.2218
v  0.2808 0.1061 0.4389
v  0.3617 0.1059 0.3283
v  0.2155 0.1061 0.4855
v  0.1362 0.1059 0.4734
v  0.0983 0.1056 0.4073
v  0.1255 0.1059 0.4895
v  0.0829 0.1055 0.4136
v  0.3198 0.0618 0.0112
v  0.3749 0.1048 -0.0099
v  0.3743 0.0619 -0.0102
v  0.3732 0.0630 0.3361
v  0.1778 0.1051 0.2057
v  0.1777 0.0621 0.2057
v  0.4620 0.1058 0.2189
v  0.4904 0.0626 0.1250
v  0.3189 0.1048 0.0105
v  0.2462 0.0619 0.0750
v  0.4874 0.1054 0.0651
v  0.4395 0.1051 0.0189
v  0.4397 0.0622 0.0189
v  0.4871 0.0624 0.0651
v  0.2176 0.0632 0.5035
v  0.1256 0.0630 0.4896
v  0.4600 0.0629 0.2220
v  -0.1545 0.0603 -0.0322
v  -0.1547 0.1032 -0.0325
v  -0.1407 0.1012 -0.4097
v  -0.3080 0.1009 -0.4682
v  -0.2419 0.1010 -0.4760
v  -0.1730 0.1010 -0.4599
v  -0.2419 0.0580 -0.4760
v  -0.2763 0.1038 0.0887
v  -0.3580 0.0607 0.0443
v  -0.1965 0.1036 0.0539
v  -0.3805 0.1025 -0.1833
v  -0.1216 0.1018 -0.3145
v  -0.3576 0.1036 0.0441
v  0.2562 0.1049 0.0848
v  0.4360 0.1851 0.2048
v  -0.1462 0.0596 -0.1688
v  -0.1693 0.1032 -0.0334
v  -0.1620 0.1025 -0.1700
v  -0.1395 0.1017 -0.3166
v  -0.1521 0.1012 -0.4104
v  -0.1761 0.1010 -0.4444
v  -0.2428 0.1010 -0.4605
v  -0.3080 0.1010 -0.4524
v  -0.3362 0.1012 -0.4216
v  -0.3465 0.1012 -0.4223
v  -0.3670 0.1024 -0.1825
v  -0.3695 0.1031 -0.0456
v  -0.3822 0.1031 -0.0463
v  -0.3456 0.1035 0.0311
v  -0.2752 0.1037 0.0693
v  -0.2049 0.1036 0.0396
v  0.0984 0.2502 0.4072
v  0.1538 0.3693 0.2941
v  0.1168 0.2461 0.3291
v  0.2761 0.2469 0.4353
v  0.3424 0.3375 0.3328
v  0.3502 0.2316 0.3205
v  0.1944 0.2308 0.2165
v  0.2159 0.3449 0.2271
v  0.2915 0.2771 0.2395
v  0.2911 0.3385 0.2654
v  -0.3517 0.1811 -0.3262
v  -0.1544 0.1642 -0.3177
v  -0.1510 0.1811 -0.3139
v  -0.2512 0.2051 -0.3238
v  -0.2514 0.2221 -0.3211
v  -0.3536 0.2281 -0.1823
v  -0.2667 0.3723 -0.1776
v  -0.2581 0.2739 -0.2115
v  -0.3641 0.2440 -0.0461
v  -0.2455 0.1817 -0.4164
v  -0.3195 0.1559 -0.4207
v  -0.3478 0.1642 -0.3295
v  -0.2796 0.3627 0.0289
v  -0.3414 0.2482 0.0306
v  -0.2751 0.2483 0.0686
v  -0.2113 0.3734 0.0101
v  0.2738 0.1675 0.0922
v  0.2616 0.1049 0.0840
v  0.2687 0.1843 0.0931
v  0.3543 0.2087 0.1458
v  0.4350 0.1682 0.1997
v  0.4059 0.1856 0.0687
v  0.3393 0.1596 0.0243
v  0.4676 0.1602 0.1099
v  0.1635 0.3860 0.4214
v  0.2116 0.2507 0.4827
v  0.2308 0.3792 0.4476
v  0.1359 0.2505 0.4729
v  0.1264 0.3856 0.3601
v  0.1140 0.1053 0.3276
v  0.1908 0.1051 0.2143
v  0.3527 0.2256 0.1481
v  0.2885 0.3632 0.4062
v  0.4622 0.0629 0.2191
v  0.3283 0.1048 0.0169
v  0.3680 0.1048 0.0043
v  0.4309 0.1051 0.0319
v  0.4779 0.1053 0.0777
v  -0.2052 0.2482 0.0386
v  -0.1666 0.2282 -0.1709
v  -0.3462 0.3580 0.0010
v  -0.1864 0.3780 -0.0587
v  -0.1729 0.2441 -0.0345
v  -0.3495 0.3604 -0.1643
v  -0.3614 0.3579 -0.0705
v  -0.1859 0.3791 -0.1532
v  -0.3017 0.1284 -0.4522
v  -0.1836 0.1284 -0.4450
v  -0.1655 0.1560 -0.4113
v  -0.2432 0.1412 -0.4551
v  0.4726 0.1327 0.0741
v  0.3742 0.1323 0.0084
v  0.4277 0.1453 0.0363
v  -0.2091 1.4837 0.2702
v  -0.3222 1.4732 0.2774
v  -0.2215 1.4247 0.3105
v  -0.3528 1.4933 0.1522
v  -0.2938 1.5247 0.1687
v  -0.2773 1.5142 0.2510
v  -0.1473 1.3967 0.2187
v  -0.1564 1.4592 0.2135
v  -0.1842 1.4111 0.0923
v  -0.1824 1.4688 0.1282
v  -0.2382 1.4957 0.1116
v  -0.2726 1.4541 0.0642
v  -0.3515 1.4043 0.2798
v  0.3628 0.8347 -0.1317
v  0.3706 0.8473 -0.1265
v  0.3254 0.8570 -0.0918
v  0.4357 0.8660 -0.0839
v  0.4028 0.8650 -0.0840
v  0.4985 1.0093 0.2499
v  0.3691 1.0106 0.2652
v  0.3740 1.0163 0.2534
v  0.4912 1.0140 0.2381
v  0.5263 1.1339 0.2126
v  0.3653 1.0526 0.0098
v  0.4432 1.0740 -0.0061
v  0.4048 0.9329 0.0558
v  0.3474 0.9891 0.0372
v  0.4901 1.0217 0.0136
v  0.4726 0.9571 0.0411
v  0.1783 1.5026 0.1664
v  0.2395 1.5400 0.1948
v  0.1772 1.4756 0.0898
v  0.3040 1.5552 0.1422
v  0.3014 1.5233 0.0637
v  0.2509 1.4908 0.0411
v  0.2604 1.5024 0.2451
v  0.1674 1.4435 0.2069
v  0.3097 1.0035 -0.1368
v  0.3744 1.0128 -0.1289
v  0.3424 0.9966 -0.1244
v  0.3602 1.0441 -0.1272
v  0.3656 1.0026 -0.0962
v  0.3358 0.9952 -0.0969
v  0.3018 1.0017 -0.1002
v  0.3455 1.0441 -0.0909
v  0.4250 1.0507 -0.0196
v  0.3953 0.9873 -0.1567
v  0.3810 1.0240 -0.0450
v  0.3696 1.0299 -0.0002
v  0.4273 0.9977 -0.1621
v  0.2881 0.9779 -0.1382
v  0.3136 0.9724 -0.1273
v  0.2828 0.9755 -0.1144
v  0.3106 0.9708 -0.1071
v  0.4336 0.9169 0.0085
v  0.3908 0.9261 0.0077
v  0.4703 1.0148 -0.0061
v  0.3887 0.9759 -0.0330
v  0.4007 0.9506 -0.1436
v  0.4364 0.9608 -0.1502
v  0.3738 0.9383 -0.1755
v  0.3394 0.9267 -0.1909
v  0.3477 0.9572 -0.1916
v  0.2888 0.9722 -0.1500
v  0.2909 0.9506 -0.1373
v  0.3090 0.9656 -0.1606
v  0.3110 0.9438 -0.1478
v  0.2922 0.9415 -0.1167
v  0.3122 0.9351 -0.1290
v  0.3361 0.9175 -0.1847
v  0.3498 0.9224 -0.1737
v  0.3402 0.8603 -0.1045
v  -0.5098 1.0251 0.2575
v  -0.5048 1.1767 0.1408
v  -0.5179 1.1146 0.1594
v  -0.4903 1.0915 0.0650
v  -0.5380 1.0741 0.1496
v  -0.4829 1.1409 0.0849
v  -0.5135 1.1341 0.3093
v  -0.3753 1.0886 0.3244
v  -0.3414 1.2174 0.3063
v  -0.4354 1.2541 0.2813
v  -0.4640 1.2433 0.1601
v  -0.2976 1.1056 0.1627
v  -0.2688 1.1700 0.2133
v  -0.3489 1.1407 0.1123
v  -0.3099 1.1870 0.1091
v  -0.4387 1.1719 0.1013
v  -0.3935 1.2206 0.0839
v  -0.3919 0.9876 0.2411
v  -0.3480 1.0195 0.1450
v  -0.3412 1.0634 0.1541
v  -0.3851 0.9872 0.2533
v  -0.5055 1.0203 0.2444
v  -0.2846 1.3237 0.2978
v  -0.2289 1.2879 0.2136
v  -0.2579 1.3605 0.3102
v  -0.1857 1.3319 0.2184
v  -0.2899 1.3545 0.0476
v  -0.2650 1.4002 0.0515
v  -0.3005 1.3872 0.0654
v  -0.3217 1.3411 0.0801
v  -0.3811 1.4226 0.1562
v  -0.3805 1.3616 0.1633
v  -0.3611 1.3585 0.2744
v  0.3438 1.1374 0.2360
v  0.3360 0.9537 -0.2041
v  0.3815 0.4915 0.1292
v  0.3563 0.4296 0.1411
v  0.3840 0.4803 0.0965
v  0.3767 0.5297 0.1056
v  0.3559 0.5162 0.0592
v  0.3436 0.5400 0.0738
v  0.3601 0.4693 0.0616
v  0.2976 0.4223 0.1038
v  0.3424 0.4136 0.1006
v  0.3262 0.4075 0.1273
v  0.3172 0.4720 0.0541
v  0.2870 0.4798 0.0692
v  0.3632 0.6485 0.0134
v  0.3038 0.6126 -0.0759
v  0.2806 0.6414 -0.0522
v  0.2564 0.6244 -0.0137
v  0.4161 0.6577 0.1017
v  0.4544 0.6069 0.0543
v  0.4281 0.6121 0.0892
v  0.3822 0.5874 0.0048
v  0.4623 0.6458 0.0386
v  0.2726 0.5796 -0.0232
v  0.2989 0.5744 -0.0580
v  0.3864 0.6197 -0.0103
v  -0.1308 0.4982 -0.1074
v  -0.0481 0.4852 -0.0905
v  -0.1157 0.6878 -0.0794
v  0.2184 0.4985 -0.0516
v  0.1345 0.4854 -0.0613
v  0.2479 0.3085 -0.0911
v  0.1466 0.2985 -0.0603
v  0.0431 0.4809 -0.0751
v  0.0431 0.2962 -0.0738
v  -0.0595 0.2983 -0.0932
v  -0.1461 0.3081 -0.1541
v  0.3139 0.6390 0.1302
v  0.2988 0.6218 0.2312
v  0.3123 0.5786 0.1621
v  0.2734 0.5767 0.2840
v  0.4391 0.6745 0.0624
v  0.2520 0.6743 0.0067
v  0.3854 0.7108 0.1158
v  0.3563 0.6991 0.0062
v  0.2470 0.2728 0.1563
v  0.3047 0.6825 -0.0124
v  0.3600 0.7016 0.1971
v  0.1671 0.6464 0.0511
v  0.1096 0.5520 0.1441
v  0.1578 0.5903 0.3913
v  0.0546 0.5446 0.2596
v  0.0677 0.5635 0.3221
v  0.2250 0.5953 0.3903
v  0.3199 0.6146 0.3056
v  0.3878 0.7049 0.0524
v  -0.5209 0.9281 0.0060
v  -0.4490 0.8911 0.0217
v  -0.4993 0.8341 0.1322
v  -0.4388 0.8484 0.0779
v  -0.5609 0.8702 0.1147
v  -0.5704 0.9137 0.0576
v  0.1185 0.8800 -0.0816
v  0.1909 0.8991 -0.0116
v  0.1949 0.6882 -0.0298
v  0.1210 0.6765 -0.0557
v  0.0482 0.8762 -0.1096
v  0.3054 0.2924 0.1704
v  0.3769 0.3396 0.2524
v  0.2077 0.3027 0.1310
v  0.2233 0.2608 0.1194
v  0.4194 0.2897 0.2081
v  0.3325 0.2840 0.1382
v  0.2496 0.2556 0.0846
v  0.3354 0.3163 0.1219
v  0.2558 0.2968 0.0661
v  0.2327 0.3255 0.0899
v  0.3931 0.2948 0.2429
v  0.4243 0.3279 0.1902
v  0.4020 0.3632 0.2109
v  0.0405 2.1156 0.0712
v  0.2197 2.1521 0.0494
v  0.0421 2.1480 0.0733
v  0.0389 2.1171 0.0489
v  0.0404 2.1495 0.0511
v  -0.2311 2.1436 0.0816
v  -0.0519 2.1462 0.0800
v  -0.0535 2.1478 0.0578
v  -0.0493 2.1139 0.0776
v  -0.0510 2.1155 0.0553
v  -0.0477 2.1015 0.0987
v  -0.0292 2.0568 0.0615
v  -0.0042 2.0556 0.0831
v  -0.0031 2.0999 0.1089
v  0.0175 2.0577 0.0581
v  0.0394 2.1032 0.0925
v  0.2174 1.7828 0.0918
v  0.1535 1.5589 0.0494
v  0.1368 1.5809 0.1736
v  0.2183 1.7723 0.0060
v  0.1657 1.6387 -0.0516
v  0.1313 1.5361 0.0400
v  0.2000 1.7632 -0.0683
v  0.0185 1.5837 0.2600
v  0.1525 1.8207 0.1970
v  -0.1322 1.8145 0.2168
v  -0.1435 1.5533 0.0701
v  -0.2092 1.7753 0.1282
v  -0.1105 1.5762 0.1909
v  -0.2220 1.7655 0.0367
v  -0.1731 1.6323 -0.0279
v  -0.1822 1.7883 0.1734
v  -0.2141 1.7554 -0.0394
v  -0.1217 1.5314 0.0576
v  -0.2122 1.7932 0.1894
v  0.1979 1.7955 0.1469
v  0.2285 1.8029 0.1587
v  -0.0524 2.1060 0.0338
v  -0.0075 2.0589 0.0365
v  -0.0098 2.1062 0.0171
v  0.0347 2.1077 0.0275
v  0.3029 1.3920 0.2714
v  0.2013 1.3830 0.2321
v  0.2331 1.3494 0.2410
v  0.3889 1.4012 0.1989
v  0.3881 1.4622 0.1921
v  0.2877 1.4364 0.2680
v  0.2485 1.3118 0.1419
v  0.2084 1.3514 0.1163
v  0.3027 1.3656 0.0062
v  0.2768 1.4104 0.0137
v  0.3888 1.4229 0.0718
v  0.3998 1.3786 0.0981
v  0.3768 1.1793 0.1464
v  0.4809 1.1761 0.1328
v  0.3332 1.1065 0.2046
v  -0.0623 2.0386 0.0621
v  0.0538 2.0408 0.0538
v  -0.1542 2.0585 0.0701
v  0.1452 2.0642 0.0488
v  0.0194 1.7231 0.3111
v  -0.0970 1.8222 0.2916
v  -0.1287 1.7093 0.2917
v  -0.1007 1.8677 0.2259
v  -0.0823 1.9359 0.2181
v  0.1210 1.8718 0.2104
v  0.0992 1.9393 0.2054
v  0.0773 2.0082 0.1466
v  -0.0714 2.0054 0.1570
v  0.1648 1.8339 0.2286
v  0.1105 1.9477 0.2326
v  0.0860 2.0286 0.1644
v  -0.0784 2.0255 0.1759
v  -0.2469 1.7554 -0.0330
v  -0.2204 1.6401 0.0530
v  -0.2559 1.7600 0.0428
v  -0.2220 1.6254 -0.0352
v  0.1998 1.5213 0.0388
v  0.2141 1.6338 -0.0653
v  0.2239 1.6476 0.0222
v  0.1282 1.8264 0.2759
v  0.0174 1.8238 0.3089
v  0.1638 1.7148 0.2713
v  0.2198 1.6913 0.1742
v  0.2309 1.6713 0.1006
v  0.2498 1.7842 0.0935
v  0.1178 1.5689 0.2966
v  0.1985 1.5482 0.2203
v  0.2183 1.6170 0.1106
v  0.2519 1.7682 0.0075
v  0.2342 1.7646 -0.0667
v  -0.2423 1.7753 0.1343
v  0.0517 2.0544 -0.0294
v  0.0536 2.0266 -0.0278
v  -0.0738 2.0247 -0.0153
v  -0.0718 2.0273 0.0800
v  0.0660 2.0299 0.0704
v  -0.0723 2.0521 -0.0208
v  -0.0742 1.5653 0.3100
v  -0.1639 1.5414 0.2456
v  -0.1971 1.6828 0.2036
v  -0.2209 1.6684 0.1321
v  -0.1400 1.8283 0.2499
v  0.3624 1.5301 0.1685
v  0.1729 1.4123 0.0898
v  0.2810 1.4349 0.0167
v  0.3621 1.4870 0.0509
v  0.4942 1.2054 0.1759
v  0.4812 1.2209 0.1935
v  0.3939 1.1997 0.1815
v  0.3800 1.2070 0.1886
v  0.3292 1.1602 0.2082
v  0.3499 1.0924 0.3536
v  0.4833 1.1224 0.3732
v  0.5291 1.1030 0.1783
v  0.5293 1.2073 0.2386
v  0.4656 1.2913 0.2540
v  0.3648 1.2948 0.3278
v  0.2903 1.1983 0.1709
v  0.2809 1.2485 0.2874
v  0.3870 1.2229 0.1174
v  0.4634 1.2652 0.1511
v  -0.0094 2.1476 0.0335
v  -0.0396 2.1447 0.0683
v  -0.0073 2.1596 0.0670
v  -0.0269 2.1100 0.0645
v  0.0165 2.1108 0.0614
v  -0.0068 2.1119 0.0413
v  -0.0036 2.1089 0.0846
v  -0.0047 2.1431 0.0984
v  0.0255 2.1460 0.0636
v  -0.0532 1.9562 0.2041
v  -0.0653 1.8979 0.1863
v  -0.0802 1.8912 0.1958
v  -0.0671 1.9543 0.2160
v  -0.0695 1.8845 0.2094
v  0.0210 1.8896 0.1289
v  0.0351 1.8080 0.0421
v  0.0089 1.8326 0.0187
v  -0.0056 1.9100 0.1015
v  -0.0244 1.8081 0.0303
v  -0.0387 1.8895 0.1203
v  0.0018 1.7835 0.0537
v  -0.0121 1.8692 0.1476
v  0.1066 1.7791 0.1853
v  0.1454 1.8084 0.2265
v  0.0872 1.7937 0.1910
v  0.1247 1.8211 0.2300
v  0.0986 1.8133 0.1820
v  0.1343 1.8402 0.2181
v  0.1181 1.7988 0.1763
v  0.1550 1.8275 0.2145
v  -0.0019 2.0441 0.0918
v  -0.0042 1.9458 0.1132
v  0.0278 1.9468 0.0844
v  0.0264 2.0380 0.0601
v  -0.0050 1.9443 0.0275
v  -0.0058 2.0307 0.0327
v  -0.0322 1.9463 0.0806
v  -0.0341 2.0368 0.0644
v  -0.1183 1.8265 0.1330
v  -0.0683 1.8530 0.1808
v  -0.0579 1.8311 0.1848
v  -0.1355 1.8240 0.1501
v  -0.0878 1.8471 0.1960
v  -0.1205 1.8051 0.1615
v  -0.0775 1.8252 0.2000
v  -0.1266 1.7732 0.1489
v  -0.1070 1.7842 0.1363
v  -0.0763 1.7669 0.0956
v  -0.0975 1.7768 0.1438
v  -0.1098 1.7964 0.1356
v  -0.0599 1.8418 0.2407
v  -0.0391 1.8504 0.2309
v  -0.0502 1.8716 0.2257
v  -0.0711 1.8631 0.2355
v  -0.1033 1.8076 0.1444
v  -0.1430 1.7770 0.1303
v  -0.0976 1.7222 0.1100
v  -0.0816 1.7393 0.1028
v  -0.0917 1.7394 0.0804
v  -0.1234 1.7879 0.1178
v  -0.1078 1.7223 0.0877
v  -0.0551 1.9508 0.2295
v  -0.0546 1.8912 0.1999
v  -0.0412 1.9526 0.2176
v  0.0612 1.8995 0.1875
v  0.0677 1.9584 0.1957
v  0.0762 1.8931 0.1973
v  0.0832 1.9572 0.2055
v  0.0654 1.8862 0.2107
v  0.0733 1.9532 0.2205
v  0.0451 1.8423 0.1762
v  0.0322 1.8548 0.1713
v  0.0505 1.8925 0.2009
v  0.0447 1.8653 0.1629
v  0.0577 1.8528 0.1679
v  0.0314 1.8034 0.1218
v  0.0193 1.8171 0.1195
v  0.0329 1.8282 0.1142
v  -0.1013 1.7921 0.1791
v  -0.0837 1.7917 0.1574
v  -0.0960 1.8112 0.1492
v  -0.1119 1.8116 0.1687
v  -0.1302 1.7968 0.1606
v  -0.1195 1.7773 0.1710
v  -0.0657 1.7809 0.1128
v  -0.0779 1.8004 0.1045
v  -0.0057 1.9428 0.1847
v  0.0047 2.0275 0.1818
v  -0.0277 2.0256 0.1536
v  0.0254 1.9502 0.1556
v  -0.0036 1.9570 0.1243
v  -0.0347 1.9496 0.1534
v  0.0450 1.8145 0.1165
v  -0.1202 1.8035 0.2451
v  -0.0997 1.8169 0.2457
v  -0.1116 1.8356 0.2352
v  -0.1321 1.8222 0.2346
v  0.1196 0.1470 0.2371
v  0.0468 0.1774 0.3711
v  0.0059 0.1758 0.3547
v  0.1636 0.2403 0.1709
v  0.0175 0.3184 0.4353
v  0.3905 0.2036 0.4501
v  0.3461 0.2924 0.2342
v  0.3765 0.2840 0.3279
v  0.0875 0.1438 0.2139
v  0.2041 0.6648 0.2886
v  0.1149 0.6355 0.2167
v  0.2064 0.6117 0.3116
v  0.1155 0.5772 0.2387
v  0.1780 0.5861 0.1263
v  0.1502 0.5356 0.1904
v  0.2401 0.6140 0.0709
v  0.2388 0.5527 0.1028
v  0.1300 1.0250 0.2343
v  0.1950 1.0273 0.1752
v  0.1937 1.0500 0.1561
v  0.1153 0.9991 0.2302
v  0.0717 0.8559 0.0765
v  0.0214 0.8796 0.1884
v  0.0438 0.8925 0.2080
v  0.1056 0.8909 0.0111
v  0.1697 0.9410 0.0147
v  0.2100 0.9301 0.0162
v  0.2020 1.0226 0.0694
v  0.2257 1.0035 0.0890
v  0.1331 0.3528 0.5241
v  0.2724 0.2263 0.5516
v  0.0744 0.8600 -0.0102
v  0.0646 0.8645 0.1246
v  0.0482 0.8595 0.1222
v  0.3487 0.1948 0.4254
v  0.2577 0.2112 0.4931
v  0.1741 1.0627 -0.0525
v  0.1769 1.0367 0.0337
v  0.1241 0.9389 -0.0162
v  0.1021 0.9340 -0.0459
v  0.0929 0.8847 0.0092
v  0.1278 1.0842 0.2763
v  0.2013 1.0945 0.1345
v  0.0613 0.8985 0.2553
v  0.1643 1.1121 0.2639
v  0.1106 1.1194 0.2962
v  0.1578 0.8853 0.0022
v  0.2419 1.0087 0.0776
v  0.0797 0.9610 0.2376
v  0.0429 0.9303 0.2445
v  -0.0698 1.8419 0.1627
v  -0.0562 1.8545 0.1609
v  -0.0885 1.7864 0.0873
v  0.0982 0.7196 0.2878
v  0.1011 1.0034 0.2580
v  0.1786 0.7334 0.3007
v  0.1345 1.0581 -0.0851
v  0.1170 1.0320 -0.1092
v  0.1971 0.5448 0.3534
v  0.1026 0.5182 0.2760
v  0.1039 1.0066 0.2702
v  0.0674 0.9101 0.3240
v  0.1007 1.0106 0.3197
v  0.0772 1.0058 0.2991
v  0.2062 1.0716 0.0046
v  -0.1508 1.0410 -0.0067
v  -0.1550 1.0539 -0.0221
v  -0.2078 1.0327 0.0805
v  -0.0326 0.9493 -0.0677
v  -0.0328 0.9239 -0.0385
v  -0.0200 0.8745 0.0219
v  -0.2716 0.7334 -0.1143
v  -0.2422 0.7100 0.0390
v  -0.1787 0.9486 0.1798
v  -0.2085 0.7632 -0.1889
v  -0.0789 0.6948 -0.1141
v  -0.0971 0.7408 -0.1885
v  -0.0635 0.8427 0.1347
v  -0.1119 0.6765 0.0358
v  0.0002 1.0318 -0.1325
v  -0.0101 0.9339 -0.0683
v  -0.0418 0.9387 -0.0494
v  0.0019 0.8599 -0.0247
v  -0.0227 0.8845 -0.0139
v  -0.0408 0.8643 0.1035
v  -0.0374 0.6763 -0.0810
v  -0.0273 0.8810 -0.1048
v  0.1332 1.0465 -0.0987
v  0.1911 1.0724 -0.0091
v  0.0624 1.0404 -0.1398
v  -0.0187 1.0463 -0.1292
v  -0.1068 1.0719 -0.0688
v  -0.1054 0.9149 -0.0711
v  0.0442 0.6716 -0.0832
v  -0.5337 0.8286 0.0343
v  -0.4747 0.8143 0.0483
v  -0.4759 0.7553 0.0653
v  -0.5615 0.7434 0.2084
v  -0.5332 0.7272 0.2041
v  -0.5169 0.8311 0.1702
v  -0.4812 0.8115 0.1542
v  -0.6037 0.6979 0.0682
v  -0.5632 0.8552 0.0785
v  -0.5036 0.7852 0.1000
v  -0.5679 0.6918 0.1123
v  -0.5032 0.7905 0.0687
v  -0.0248 0.8594 0.1076
v  -0.1668 1.0010 0.1717
v  -0.1781 1.0467 0.0782
v  -0.1905 1.0235 0.0773
v  -0.1692 0.9584 0.1513
v  -0.0734 0.8730 0.1707
v  -0.0832 0.9976 -0.0736
v  -0.0739 0.9706 -0.0455
v  -0.1354 1.0396 -0.0021
v  -0.1055 1.0428 -0.0218
v  -0.1581 1.0838 0.2191
v  -0.1714 1.0939 0.0599
v  0.0790 0.6914 0.2205
v  0.1576 0.6404 0.0976
v  0.2815 0.6650 0.0638
v  0.3163 0.6798 0.1161
v  0.2306 0.6509 0.0473
v  0.3054 0.6904 0.2170
v  -0.0882 0.8983 0.2254
v  -0.4860 0.8635 0.1297
v  -0.5331 0.8748 0.1162
v  -0.4866 0.8516 0.1414
v  -0.4575 0.8427 0.0897
v  -0.4536 0.8249 0.0956
v  -0.5424 0.8626 0.1267
v  -0.5508 0.8684 0.0751
v  -0.4754 0.8337 0.0494
v  -0.5257 0.8458 0.0375
v  -0.6026 0.7054 0.1073
v  0.4094 0.4728 0.1553
v  0.2496 0.4736 0.0462
v  0.2379 0.4817 0.0602
v  0.3927 0.4842 0.1751
v  0.0778 1.7389 0.1141
v  0.1170 1.7898 0.1330
v  0.0898 1.7218 0.1270
v  0.1350 1.7792 0.1480
v  0.0719 1.7218 0.1437
v  0.1165 1.7752 0.1643
v  0.0578 1.9545 0.2107
v  -0.4573 0.6906 0.1541
v  -0.4547 0.6754 0.1351
v  -0.4410 0.7044 0.0993
v  -0.4432 0.7266 0.1293
v  -0.4786 0.6891 0.1283
v  -0.4736 0.7152 0.0963
v  -0.4815 0.7028 0.1432
v  -0.4752 0.7324 0.1202
v  -0.1496 1.0102 0.2697
v  -0.1200 1.0056 0.2596
v  -0.1203 0.9098 0.2865
v  -0.1500 1.1191 0.2441
v  -0.5725 0.6850 0.0739
v  -0.4992 0.7483 0.1106
v  0.3797 1.0325 0.0161
v  0.3752 0.9935 0.0380
v  0.4269 1.0503 -0.0005
v  0.4162 0.9605 0.0465
v  0.4600 0.9794 0.0307
v  0.4655 1.0197 0.0110
v  -0.1871 1.1116 0.1936
v  -0.1462 0.7601 -0.2052
v  -0.4910 0.7328 0.0427
v  -0.5169 0.7202 0.0540
v  0.3034 0.5206 0.0591
v  -0.5424 0.6766 0.1062
v  -0.5286 0.7400 0.1835
v  -0.5438 0.7016 0.1049
v  -0.4997 0.7406 0.0817
v  -0.4969 0.7702 0.1598
v  -0.4804 0.7603 0.1648
v  -0.5255 0.7222 0.1961
v  -0.0651 0.1741 -0.1321
v  -0.1046 0.1751 -0.1362
v  -0.1011 0.2868 -0.1865
v  -0.1007 0.1589 0.0292
v  -0.1421 0.1613 0.0141
v  -0.1747 0.2766 0.1166
v  -0.5514 0.6984 0.1006
v  -0.5496 0.6753 0.0972
v  -0.5517 0.6853 0.0837
v  -0.5238 0.7290 0.0468
v  -0.5156 0.7338 0.0702
v  -0.4980 0.7188 0.0648
v  -0.4805 0.7264 0.0770
v  0.2246 1.1828 0.0271
v  0.3027 1.3032 0.2435
v  0.2335 1.2062 0.2360
v  0.0095 1.6470 0.1667
v  0.1014 1.6188 0.0764
v  -0.0923 1.6123 0.0902
v  -0.0443 1.5800 -0.0432
v  0.0621 1.5816 -0.0366
v  -0.1036 1.1334 -0.0539
v  -0.1228 1.1302 -0.0777
v  -0.1695 1.1511 0.0472
v  -0.1260 1.0712 -0.0619
v  -0.0715 1.1212 -0.1238
v  -0.0744 1.0623 -0.1022
v  -0.0628 1.1265 -0.0987
v  -0.1342 1.2386 -0.0404
v  -0.0816 1.1833 -0.0824
v  -0.1190 1.1860 -0.0379
v  -0.1482 1.1734 0.1996
v  0.1259 1.1738 0.2544
v  -0.0681 1.2439 0.2655
v  -0.1309 1.2150 0.2178
v  -0.1456 1.1530 0.0539
v  -0.1492 1.1892 0.0918
v  -0.1400 0.5820 -0.0216
v  -0.1488 0.5192 0.0025
v  -0.1287 0.5635 -0.0842
v  -0.2726 0.5364 0.0018
v  -0.2586 0.6084 -0.0207
v  -0.2857 0.5939 -0.0886
v  -0.2466 0.6592 -0.0148
v  -0.1304 0.6366 -0.0142
v  -0.1090 0.6408 -0.1330
v  -0.0253 1.0579 -0.1170
v  -0.5062 0.7141 0.0415
v  -0.5586 0.6590 0.0822
v  0.3642 0.9840 0.0255
v  0.2076 1.0383 0.1858
v  -0.2684 0.7790 -0.2443
v  -0.0938 0.7558 -0.2429
v  -0.1730 0.7922 -0.3053
v  -0.1209 0.7749 -0.2888
v  -0.1560 0.3318 -0.2429
v  -0.3027 0.7464 -0.1730
v  -0.0579 0.7074 -0.1634
v  -0.0691 0.5862 -0.0857
v  -0.1044 0.5430 0.0297
v  -0.2723 0.5656 0.0666
v  -0.1573 0.5467 0.0701
v  0.4128 0.9467 0.0376
v  0.4638 0.9675 0.0169
v  -0.1218 0.8733 0.1777
v  -0.1233 0.9351 0.1889
v  -0.1335 1.0062 0.2227
v  -0.1173 0.7015 -0.1959
v  -0.1377 0.6130 -0.1996
v  -0.2133 0.7208 -0.1962
v  -0.2338 0.6315 -0.1994
v  -0.1745 0.6823 0.0774
v  -0.1343 1.4044 -0.0800
v  -0.0966 1.4569 -0.0806
v  -0.0848 1.4314 -0.1200
v  -0.1064 1.4189 -0.1139
v  0.1007 1.0865 -0.1466
v  0.0654 1.0366 -0.1553
v  0.0674 1.0878 -0.1657
v  0.0914 1.0362 -0.1414
v  0.0968 1.0358 -0.1046
v  0.0168 1.0357 -0.1206
v  0.0353 1.0361 -0.1516
v  0.1001 1.1261 -0.1004
v  0.0636 1.1300 -0.1473
v  0.0524 1.1357 -0.1106
v  0.1096 1.0772 -0.1135
v  0.0084 1.0771 -0.1338
v  0.0292 1.0864 -0.1609
v  0.0119 1.1260 -0.1180
v  0.0675 1.3454 -0.1100
v  0.0963 1.4227 -0.1280
v  0.1291 1.4093 -0.0984
v  0.0709 1.3984 -0.1132
v  0.0736 1.4344 -0.1311
v  0.0897 1.4604 -0.0936
v  0.0121 1.4526 -0.1128
v  0.0281 1.4265 -0.1275
v  0.0315 1.3966 -0.1153
v  -0.0725 1.3427 -0.1002
v  -0.0783 1.3956 -0.1028
v  -0.2712 0.6651 -0.1308
v  0.1105 1.1194 0.2962
v  0.1137 1.1786 0.2916
v  -0.1513 1.1782 0.2386
v  -0.1855 1.1703 0.1834
v  0.1981 1.2055 0.2385
v  0.1876 1.1821 0.0297
v  0.2846 1.2956 0.0115
v  -0.3220 0.5788 0.0230
v  -0.3379 0.6304 -0.0938
v  -0.2275 0.7898 -0.2920
v  -0.3225 0.3009 0.1121
v  -0.4336 0.1894 0.0055
v  -0.4521 0.2078 -0.1497
v  0.1528 1.5809 0.0499
v  0.1532 1.5589 0.0494
v  0.1032 1.5593 -0.0273
v  0.1035 1.5390 -0.0277
v  0.1466 1.2579 -0.0855
v  0.1407 1.2438 -0.0596
v  -0.0034 1.2950 -0.1309
v  0.1836 1.4022 -0.0897
v  -0.0057 1.4312 -0.1264
v  0.1314 1.4831 -0.0783
v  -0.0050 1.4859 -0.1021
v  -0.0030 1.5197 -0.0639
v  -0.0109 1.1250 -0.0980
v  -0.1868 1.3953 -0.0639
v  -0.1451 1.2524 -0.0651
v  -0.1365 1.4781 -0.0596
v  -0.1040 1.5351 -0.0132
v  -0.1043 1.5554 -0.0128
v  -0.0033 1.5408 -0.0635
v  -0.0701 1.2617 0.3505
v  -0.1481 1.1990 0.2627
v  -0.1722 1.1754 0.0548
v  -0.0434 1.5824 0.2669
v  -0.1001 1.5696 0.3351
v  0.1467 1.5743 0.3178
v  -0.1836 1.1984 0.2651
v  -0.0860 1.4808 0.3842
v  -0.2531 1.4239 0.3168
v  0.1039 1.5768 0.2601
v  -0.0658 1.5736 0.2719
v  -0.0720 1.6650 0.2649
v  0.0368 1.1882 -0.0930
v  -0.0210 1.1196 -0.1281
v  -0.0007 1.2873 -0.0938
v  0.1497 1.1849 -0.0556
v  0.3010 1.4343 0.2781
v  0.1303 1.2655 0.3365
v  0.2793 1.4251 -0.0128
v  0.0807 1.5848 0.2583
v  0.1397 1.4901 0.3623
v  0.2943 1.5488 0.2238
v  0.2802 1.5363 0.0429
v  0.1161 1.1402 -0.1003
v  0.1171 1.1302 -0.1212
v  -0.0026 1.1401 -0.1240
v  0.1137 1.1252 -0.0730
v  0.1795 1.1215 -0.0736
v  0.1346 1.1198 -0.0970
v  0.1619 1.1269 -0.0538
v  0.0045 1.1300 -0.1437
v  -0.2584 1.5384 0.2624
v  -0.2029 1.1748 0.0570
v  -0.2546 1.2928 0.2824
v  -0.2686 1.2942 0.0509
v  -0.2690 1.5259 0.0812
v  -0.2717 1.4148 0.0257
v  -0.1432 1.5533 0.0701
v  -0.1436 1.5754 0.0706
v  0.1796 1.1534 0.1190
v  0.1742 1.2208 0.1965
v  0.1758 1.1953 0.0691
v  0.1824 1.1338 0.0033
v  0.1645 1.1888 -0.0198
v  0.1665 1.1708 0.2538
v  0.1642 1.1121 0.2639
v  -0.3826 0.1880 -0.0300
v  -0.4038 0.2005 -0.1419
v  -0.3671 0.3144 -0.2047
v  -0.2830 0.3427 -0.2481
v  0.2042 1.1516 0.1220
v  0.2012 1.0945 0.1345
v  0.1176 1.2474 0.2526
v  -0.0887 1.5560 0.1125
v  0.0141 1.5684 0.1942
v  -0.0757 1.6680 0.2906
v  -0.1619 1.6218 0.2239
v  -0.1431 1.6243 0.2126
v  -0.1316 1.5692 0.2196
v  0.1128 1.6716 0.2775
v  0.1056 1.6683 0.2525
v  0.2092 1.1307 -0.0113
v  0.2061 1.0716 0.0046
v  -0.0540 1.5395 -0.0173
v  0.0533 1.5415 -0.0248
v  0.1051 1.5597 0.0990
v  -0.3730 1.1075 0.0803
v  -0.3892 1.0634 0.0615
v  0.1710 1.7196 0.0424
v  0.1390 1.6999 0.0412
v  0.1502 1.7191 0.0722
v  0.1660 1.6960 0.0081
v  0.0633 1.6990 0.0881
v  0.0784 1.7165 0.0688
v  0.1327 1.6785 0.0639
v  0.0736 1.7135 0.1117
v  0.1397 1.6965 0.0918
v  0.0887 1.7310 0.0925
v  -0.2240 1.7102 0.0205
v  -0.1621 1.6909 0.0036
v  -0.1683 1.6680 0.0234
v  -0.2198 1.6880 0.0377
v  -0.1722 1.6919 0.0483
v  -0.2348 1.7072 0.0625
v  -0.1666 1.7118 0.0206
v  -0.2241 1.7296 0.0442
v  -0.1449 1.7189 0.0256
v  -0.1298 1.6988 0.0086
v  0.2191 1.7343 0.1027
v  0.2261 1.6972 0.0101
v  0.1323 1.6441 0.0230
v  -0.2076 1.7267 0.1392
v  -0.1301 1.6398 0.0413
v  -0.2263 1.6898 0.0418
v  -0.0993 1.6900 0.1484
v  -0.1133 1.5590 0.0652
v  -0.1432 1.5488 0.0457
v  -0.1900 1.7557 0.1648
v  0.0546 1.7929 0.1801
v  -0.0369 1.7910 0.1865
v  -0.0693 1.9003 0.2243
v  0.0885 1.9032 0.2134
v  -0.1328 1.8000 0.2215
v  0.1543 1.8061 0.2015
v  -0.0674 1.5684 0.1534
v  0.0133 1.5793 0.1904
v  -0.0666 1.8649 0.1499
v  -0.0802 1.8523 0.1517
v  -0.0514 1.8036 0.1054
v  -0.0393 1.8172 0.1078
v  -0.0498 1.8284 0.0978
v  -0.0619 1.8148 0.0953
v  0.2204 1.7185 -0.0105
v  0.1731 1.6717 0.0341
v  0.2195 1.6963 0.0071
v  -0.1891 1.5138 0.0657
v  -0.2029 1.6091 0.1398
v  0.1770 1.6955 0.0611
v  0.2370 1.7160 0.0296
v  0.2231 1.7380 0.0130
v  0.1500 1.5543 0.0252
v  0.1223 1.5634 0.0488
v  0.1148 1.6940 0.1302
v  0.0123 1.8303 0.0019
v  -0.0232 1.8224 0.0247
v  0.0008 1.8143 0.0593
v  0.0328 2.0268 0.1494
v  0.0005 2.0250 0.1213
v  0.0932 1.8662 0.2240
v  0.0920 1.8498 0.1930
v  0.0709 1.8739 0.2172
v  0.0853 1.8127 0.1607
v  0.0562 1.8000 0.1311
v  0.0725 1.7929 0.1673
v  0.0725 1.7860 0.1193
v  0.1011 1.7981 0.1490
v  0.0579 1.7665 0.1223
v  0.0883 1.7783 0.1555
v  0.0825 1.8275 0.1973
v  0.0837 1.8445 0.2306
v  0.0623 1.8329 0.1827
v  0.0614 1.8523 0.2239
v  0.0718 1.8551 0.1784
v  0.1081 1.8070 0.1760
v  0.0932 1.8091 0.1569
v  0.1091 1.8283 0.1474
v  0.1241 1.8261 0.1665
v  0.0985 1.7858 0.1493
v  0.0363 1.8222 0.0365
v  -0.0936 1.7315 0.0562
v  -0.0751 1.7169 0.0383
v  0.2057 1.7631 0.1372
v  0.0887 1.5713 0.1425
v  -0.1255 1.6784 0.0231
v  -0.1409 1.6964 0.0475
v  0.0599 1.7389 0.1309
v  0.0416 1.7806 0.1341
v  -0.0686 1.6994 0.0618
v  -0.0870 1.7140 0.0798
v  0.0721 2.0569 0.0667
v  0.0029 2.0531 0.1646
v  0.0094 1.9987 0.2419
v  -0.0047 2.0647 0.0577
v  0.0144 1.9180 0.2925
v  -0.1133 1.0768 -0.1068
v  -0.1469 1.0790 -0.0675
v  -0.1327 0.9606 -0.1322
v  -0.1815 0.9639 -0.0751
v  0.1074 1.3508 0.3993
v  0.2392 1.2658 0.2285
v  0.2872 1.2403 0.2737
v  0.0812 1.3467 0.3656
v  0.2440 1.3042 0.2200
v  0.0943 1.3848 0.3507
v  0.2926 1.2831 0.2642
v  0.1205 1.3889 0.3845
v  0.2621 1.2487 0.0297
v  0.3054 1.2436 0.0210
v  -0.1699 1.5356 0.1500
v  -0.1940 1.5298 0.1590
v  -0.0221 1.4520 -0.1104
v  -0.0390 1.4252 -0.1228
v  -0.0396 1.3952 -0.1104
v  0.0338 1.4098 -0.1385
v  -0.0052 1.3416 -0.1434
v  -0.0072 1.4111 -0.1536
v  0.0318 1.3403 -0.1165
v  -0.0792 2.0541 0.0773
v  -0.0901 1.9439 0.2466
v  -0.1901 0.8404 -0.1791
v  -0.2435 0.8440 -0.1167
v  -0.1604 1.0708 -0.0716
v  -0.1641 1.1264 -0.0544
v  -0.1226 1.0681 -0.1159
v  -0.1285 1.1581 -0.0881
v  -0.1028 1.1221 -0.1261
v  -0.1401 1.0667 -0.0540
v  -0.1438 1.1223 -0.0368
v  -0.1923 1.2593 0.2569
v  -0.0202 1.3448 0.3726
v  -0.0415 1.3480 0.4097
v  -0.1996 1.2970 0.2493
v  -0.0366 1.3823 0.3599
v  -0.2410 1.2731 0.3015
v  -0.0579 1.3856 0.3969
v  -0.2334 1.3261 0.3998
v  0.2670 1.2912 0.0342
v  0.3103 1.2861 0.0255
v  -0.0456 1.4083 -0.1330
v  -0.0598 1.4025 -0.1020
v  -0.0379 1.3390 -0.1116
v  -0.0064 1.4524 -0.1308
v  -0.0478 1.4459 -0.0989
v  -0.0046 1.4642 -0.1028
v  0.1447 1.4410 -0.1548
v  0.1200 1.5219 -0.0486
v  0.1451 1.5406 -0.0722
v  0.1176 1.4254 -0.1250
v  0.1517 1.5018 -0.0327
v  0.1497 1.4286 -0.0912
v  0.1768 1.5205 -0.0564
v  0.1768 1.4443 -0.1210
v  0.1794 1.6093 0.0530
v  0.2007 1.6050 0.0278
v  -0.0031 1.3213 -0.1191
v  0.0524 1.4047 -0.1098
v  0.0393 1.4476 -0.1050
v  0.2167 1.5375 0.1303
v  0.1905 1.6284 0.1993
v  0.1702 1.6302 0.1907
v  0.1914 1.5424 0.1248
v  0.1619 1.5747 0.1992
v  0.1886 1.5800 0.0628
v  0.2041 1.5806 0.0382
v  -0.1230 1.5167 -0.0308
v  -0.1272 1.4208 -0.1079
v  -0.1587 1.4353 -0.1336
v  -0.1512 1.4956 -0.0110
v  -0.1544 1.4229 -0.0700
v  -0.1797 1.5131 -0.0307
v  -0.1859 1.4374 -0.0957
v  -0.1515 1.5342 -0.0505
v  -0.1949 1.5976 0.0554
v  -0.1706 1.6027 0.0774
v  -0.1771 1.5731 0.0884
v  -0.1960 1.5731 0.0661
v  0.2022 1.2797 -0.0974
v  0.2363 1.2818 -0.1255
v  0.2155 1.3169 -0.0705
v  0.2496 1.3190 -0.0986
v  -0.1023 1.0640 -0.0983
v  -0.0825 1.1180 -0.1084
v  -0.1082 1.1540 -0.0705
v  -0.1610 1.0781 -0.0272
v  -0.1750 1.1000 0.0177
v  -0.2109 0.9710 -0.0040
v  -0.2313 1.0027 0.0611
v  -0.3044 0.8665 0.0137
v  -0.3266 0.9013 0.0848
v  -0.1903 1.0956 0.0211
v  -0.1760 1.1520 0.0187
v  -0.1746 1.0708 -0.0293
v  -0.1514 1.1622 -0.0332
v  -0.1506 1.1120 -0.0629
v  -0.1659 1.0898 0.0316
v  -0.1516 1.1463 0.0291
v  -0.1502 1.0650 -0.0188
v  -0.2394 1.2729 -0.0923
v  -0.2502 1.3096 -0.0637
v  -0.2860 1.2325 0.0623
v  -0.2421 1.2392 0.0649
v  -0.2479 1.2815 0.0701
v  -0.2918 1.2748 0.0675
v  -0.2016 1.2722 -0.0692
v  -0.2124 1.3089 -0.0407
v  -0.1261 1.1062 -0.0524
v  -0.1270 1.1564 -0.0228
v  0.4857 1.3536 0.3562
v  0.4261 1.3379 0.3508
v  0.4809 1.3233 0.2903
v  0.2148 1.6439 0.1909
v  0.2151 1.6234 0.1068
v  0.2240 1.5992 0.1904
v  0.2066 1.6621 0.0950
v  0.2153 1.6045 0.0272
v  0.2062 1.6449 0.0089
v  0.3401 1.4753 0.0880
v  0.5318 1.2871 0.1832
v  0.2347 1.5585 0.2366
v  0.2902 1.3188 0.3782
v  0.2625 1.4412 0.3152
v  0.3311 1.4986 -0.1197
v  0.3504 1.5156 -0.1133
v  0.4818 1.3336 -0.0269
v  0.4625 1.3166 -0.0333
v  0.3746 1.5270 -0.1260
v  0.5060 1.3450 -0.0395
v  0.3580 1.6734 0.2075
v  0.3346 1.6555 0.2053
v  0.4660 1.4734 0.2917
v  0.3796 1.6592 0.1447
v  0.4894 1.4914 0.2939
v  0.5110 1.4771 0.2311
v  0.5537 1.4776 0.1671
v  0.4223 1.6596 0.0807
v  0.5617 1.4666 0.1319
v  0.4303 1.6486 0.0455
v  0.5470 1.4486 0.1163
v  0.4156 1.6306 0.0298
v  0.5636 1.4498 0.0937
v  0.4322 1.6319 0.0073
v  0.5590 1.4311 0.0613
v  0.4276 1.6131 -0.0251
v  0.5217 1.3823 0.0150
v  0.3903 1.5643 -0.0714
v  0.5481 1.3308 0.2729
v  0.4246 1.3545 0.3883
v  0.5247 1.4088 0.0009
v  0.5083 1.3904 -0.0244
v  0.4301 1.3845 0.0306
v  0.2885 1.3354 0.4160
v  0.5401 1.3718 0.2549
v  0.5671 1.2942 0.1812
v  0.5590 1.3348 0.1628
v  0.4774 1.3950 0.3387
v  0.4160 1.3955 0.3712
v  0.3216 1.3841 0.3945
v  0.3028 1.4586 0.3331
v  0.3314 1.5707 0.2587
v  0.2729 1.5814 0.2495
v  0.3672 1.5303 0.2826
v  0.3926 1.4741 0.3080
v  0.2305 1.5845 0.2632
v  0.2606 1.4582 0.3510
v  0.2472 1.6535 0.0068
v  0.2476 1.6707 0.0930
v  0.2558 1.6524 0.1889
v  0.2713 1.5930 0.2612
v  0.3019 1.4667 0.3489
v  0.5142 1.4995 0.2085
v  0.5003 1.5053 0.2406
v  0.5187 1.4733 0.2544
v  0.5325 1.4675 0.2223
v  0.4567 1.4139 0.1992
v  0.4383 1.4459 0.1854
v  0.4436 1.3510 0.0462
v  0.5217 1.3568 -0.0089
v  0.5382 1.3752 0.0165
v  0.4601 1.3694 0.0715
v  0.4466 1.4029 0.0559
v  0.3476 1.5867 0.1211
v  0.4125 1.6551 0.1372
v  0.4007 1.6585 0.1704
v  0.3358 1.5900 0.1543
v  0.3218 1.6139 0.1092
v  0.3100 1.6173 0.1424
v  0.3749 1.6858 0.1585
v  0.3122 1.5498 -0.0444
v  0.3821 1.5707 -0.1065
v  0.4036 1.5409 -0.0923
v  0.3337 1.5200 -0.0303
v  0.3966 1.5925 -0.0827
v  0.4181 1.5627 -0.0686
v  0.3268 1.5716 -0.0207
v  0.3483 1.5418 -0.0065
v  0.3867 1.6824 0.1253
v  0.4456 1.4660 0.3070
v  0.3415 1.1909 -0.0447
v  0.4426 1.1797 -0.0122
v  0.3080 1.1427 -0.0256
v  0.3143 1.6480 0.2205
v  0.4244 1.4517 0.2175
v  0.4428 1.4197 0.2313
v  0.5284 1.2900 0.0798
v  0.5419 1.3312 0.1637
v  0.5485 1.2915 0.0722
v  0.3211 1.2790 -0.0777
v  0.2885 1.4283 -0.0986
v  0.3206 1.2852 -0.0610
v  0.2881 1.4274 -0.1151
v  0.2711 1.5118 -0.0958
v  0.2691 1.5194 -0.1132
v  0.2576 1.5870 -0.0507
v  0.2545 1.6019 -0.0636
v  0.2512 1.6360 0.0149
v  0.3834 1.3739 -0.0732
v  0.4089 1.3165 -0.0504
v  0.3388 1.4199 -0.0944
v  0.4344 1.2184 -0.0314
v  0.5012 1.2045 0.0140
v  0.4932 1.2438 -0.0052
v  0.2473 1.4190 -0.1131
v  0.2797 1.2705 -0.0756
v  0.5565 1.2516 0.0911
v  0.4993 1.2338 0.0807
v  0.4407 1.1963 0.0257
v  0.3063 1.1592 0.0119
v  0.3488 1.5044 -0.0896
v  0.4504 1.5058 -0.0107
v  0.4182 1.4296 -0.0609
v  0.5111 1.4355 0.1149
v  0.4629 1.5587 0.0577
v  0.4938 1.3907 0.0356
v  0.4563 1.3433 -0.0285
v  0.4840 1.2480 0.0088
v  0.4288 1.2248 -0.0143
v  0.3408 1.1979 -0.0287
v  0.3715 1.6301 0.0224
v  0.3644 1.5783 -0.0420
v  0.4862 1.4632 0.2006
v  0.4050 1.5577 0.2304
v  0.4425 1.4772 0.2761
v  0.4434 1.5730 0.1424
v  0.3363 1.6272 0.1895
v  0.3579 1.6423 0.1038
v  0.2588 1.6346 0.1830
v  0.2512 1.6513 0.0957
v  0.3223 1.3770 0.3785
v  0.4695 1.3873 0.3256
v  0.4119 1.3871 0.3547
v  0.5205 1.3648 0.2499
v  0.2783 1.2858 -0.0382
v  0.2486 1.4215 -0.0757
v  0.2136 1.5934 -0.0615
v  0.2204 1.5646 -0.0427
v  0.2283 1.5110 -0.1112
v  0.2323 1.4992 -0.0741
v  0.3342 1.2588 -0.0863
v  0.3680 1.2162 -0.0653
v  0.3577 1.2203 -0.0405
v  0.4310 1.0388 0.0273
v  0.3572 1.0195 -0.0035
v  0.3469 1.1518 -0.0520
v  0.4144 1.1694 -0.0238
v  0.3431 1.2489 -0.0678
v  0.3882 1.2575 -0.0489
v  0.3637 1.3089 -0.0824
v  0.4158 1.2973 -0.0589
v  0.4185 1.2400 -0.0484
v  0.5061 1.0464 0.0259
v  0.4333 1.0126 0.0082
v  0.3896 1.1389 -0.0374
v  0.4562 1.1699 -0.0213
v  0.3648 1.2293 -0.0562
v  0.4096 1.2506 -0.0412
v  0.3239 1.2629 -0.0615
v  0.3535 1.3130 -0.0576
v  0.4056 1.3014 -0.0341
v  0.4082 1.2441 -0.0235
v  -0.4510 1.2963 0.3610
v  -0.3858 1.2896 0.3784
v  -0.4419 1.2931 0.3469
v  -0.5078 1.2918 0.2703
v  -0.4875 1.2879 0.2648
v  -0.5195 1.2797 0.1706
v  -0.5022 1.2774 0.1716
v  -0.2617 1.5157 0.3380
v  -0.2836 1.3764 0.4011
v  -0.2616 1.5238 0.3524
v  -0.2831 1.3728 0.3837
v  -0.2500 1.5859 0.2891
v  -0.2489 1.6016 0.2996
v  -0.2405 1.6262 0.2101
v  -0.2387 1.6458 0.2128
v  -0.2359 1.6334 0.1282
v  -0.2333 1.6528 0.1254
v  -0.3520 1.4501 0.3502
v  -0.3730 1.3873 0.3579
v  -0.3192 1.4982 0.3402
v  -0.2972 1.2832 0.4217
v  -0.3967 1.2482 0.4013
v  -0.2606 1.2334 0.4315
v  -0.3913 1.2929 0.3964
v  -0.4561 1.2512 0.3663
v  -0.5127 1.2469 0.2761
v  -0.4607 1.3984 0.2458
v  -0.4795 1.3931 0.1545
v  -0.4216 1.3949 0.3250
v  -0.3901 1.4876 0.3048
v  -0.4262 1.5230 0.2218
v  -0.1972 1.6404 0.2151
v  -0.4409 1.5307 0.1354
v  -0.3267 1.5708 0.2885
v  -0.3461 1.6068 0.2086
v  -0.3553 1.6161 0.1262
v  -0.2966 1.2807 0.4044
v  -0.3121 1.4524 0.1501
v  -0.4458 1.2403 0.2951
v  -0.4887 1.2306 0.1793
v  -0.2210 1.5003 0.3219
v  -0.3950 1.2424 0.3607
v  -0.2592 1.2276 0.3906
v  -0.2407 1.3643 0.3644
v  -0.1978 1.6028 0.1340
v  -0.2025 1.5993 0.2156
v  -0.2124 1.5527 0.2889
v  -0.3821 1.1877 -0.0316
v  -0.2442 1.1667 -0.0458
v  -0.2455 1.1725 -0.0053
v  -0.3833 1.1935 0.0094
v  -0.4437 1.1997 -0.0035
v  -0.4473 1.2099 0.0685
v  -0.5063 1.2195 0.0796
v  -0.5244 1.2351 0.1770
v  -0.2418 1.3710 0.4035
v  -0.2203 1.5184 0.3547
v  -0.2074 1.5962 0.3019
v  -0.1917 1.6472 0.1278
v  -0.2396 1.5428 -0.0126
v  -0.3408 1.5844 0.0510
v  -0.2351 1.6037 0.0517
v  -0.2819 1.2179 -0.0361
v  -0.3769 1.2307 -0.0392
v  -0.3725 1.2327 -0.0207
v  -0.2813 1.2154 -0.0534
v  -0.2688 1.3119 -0.0427
v  -0.2681 1.3105 -0.0604
v  -0.4388 1.2433 -0.0110
v  -0.4306 1.2442 0.0041
v  -0.5014 1.2636 0.0726
v  -0.4816 1.2617 0.0808
v  -0.2489 1.4620 -0.0386
v  -0.2477 1.4657 -0.0548
v  -0.2377 1.5549 -0.0272
v  -0.2329 1.6218 0.0435
v  -0.3391 1.3953 -0.0347
v  -0.3600 1.3320 -0.0298
v  -0.4106 1.3480 -0.0046
v  -0.4549 1.3731 0.0673
v  -0.3795 1.4426 -0.0103
v  -0.4207 1.4995 0.0562
v  -0.2983 1.4488 -0.0400
v  -0.3164 1.5277 -0.0135
v  -0.2262 1.3051 -0.0580
v  -0.2094 1.4525 -0.0159
v  -0.2277 1.3097 -0.0179
v  -0.2006 1.5279 0.0074
v  -0.2065 1.4603 -0.0524
v  -0.1964 1.5495 -0.0249
v  -0.1962 1.5830 0.0558
v  -0.1914 1.6164 0.0458
v  -0.3598 1.3010 -0.0122
v  -0.3245 1.3470 -0.0185
v  -0.3331 1.3501 -0.0441
v  -0.3684 1.3041 -0.0378
v  -0.2731 1.3277 -0.0381
v  -0.2816 1.3308 -0.0637
v  -0.2765 1.2698 -0.0438
v  -0.2851 1.2729 -0.0694
v  -0.3301 1.2533 -0.0278
v  -0.3387 1.2563 -0.0534
v  -0.2172 1.0501 -0.0573
v  -0.2927 1.0266 -0.0348
v  -0.3186 1.1440 -0.0647
v  -0.2496 1.1655 -0.0853
v  -0.3327 1.2664 -0.0420
v  -0.2851 1.2812 -0.0562
v  -0.3359 1.0506 -0.0367
v  -0.4134 1.0588 -0.0105
v  -0.3991 1.1823 -0.0451
v  -0.3282 1.1748 -0.0691
v  -0.3546 1.2998 -0.0281
v  -0.3061 1.2921 -0.0446
v  0.0065 1.2827 0.5521
v  -0.0947 1.3646 0.5392
v  0.0065 1.2552 0.4080
v  -0.0947 1.3371 0.3783
v  0.1077 1.3646 0.5392
v  0.1077 1.3371 0.3783
v  0.0654 1.4712 0.5214
v  0.0654 1.4627 0.3598
v  0.0065 1.4080 0.5708
v  0.1447 1.5090 0.5561
v  -0.1316 1.5090 0.5561
v  -0.2052 1.7153 0.2963
v  -0.2356 1.8225 0.4506
v  -0.2300 1.8039 0.3581
v  -0.1757 1.6142 0.3204
v  -0.2187 1.7721 0.5277
v  -0.1555 1.5586 0.3879
v  -0.1557 1.5848 0.5335
v  -0.1893 1.6707 0.5447
v  -0.3739 1.5938 0.4261
v  -0.4003 1.6047 0.4922
v  -0.3982 1.6288 0.4765
v  -0.3723 1.6359 0.5430
v  -0.3702 1.6600 0.5272
v  -0.3083 1.6452 0.5643
v  -0.3062 1.6693 0.5486
v  -0.2459 1.6270 0.5438
v  -0.2438 1.6511 0.5281
v  -0.2215 1.5920 0.4934
v  -0.2195 1.6161 0.4777
v  -0.2496 1.5608 0.4427
v  -0.2475 1.5849 0.4270
v  -0.3136 1.5515 0.4213
v  -0.3115 1.5756 0.4056
v  -0.3035 1.6208 0.3381
v  0.4045 1.7327 0.5009
v  0.3042 1.7917 0.4709
v  0.3093 1.7449 0.5285
v  0.3803 1.7819 0.4488
v  -0.2091 1.6410 0.3825
v  -0.1701 1.6307 0.4243
v  -0.2026 1.6228 0.4256
v  -0.1702 1.6361 0.4620
v  -0.2049 1.6276 0.4633
v  -0.2117 1.7821 0.4518
v  -0.2487 1.7547 0.4862
v  -0.2056 1.7646 0.4845
v  -0.2543 1.7715 0.4534
v  -0.1768 1.6489 0.3813
v  -0.1855 1.6767 0.3577
v  -0.2128 1.7813 0.4168
v  -0.2554 1.7706 0.4184
v  -0.1958 1.7118 0.3462
v  -0.2391 1.7502 0.3741
v  -0.2078 1.7578 0.3729
v  -0.2402 1.6995 0.3447
v  -0.1775 1.6663 0.4943
v  -0.2171 1.6566 0.4959
v  -0.2383 1.7193 0.5047
v  -0.1951 1.7299 0.5030
v  0.0393 1.4472 0.4256
v  0.2066 1.4337 0.3633
v  0.1590 1.3581 0.3930
v  0.1847 1.4755 0.4413
v  0.0870 1.5228 0.3960
v  0.1371 1.3998 0.4710
v  0.0976 1.5435 0.4740
v  0.0499 1.4678 0.5036
v  0.2207 1.4629 0.4718
v  0.2319 1.3342 0.4589
v  0.2795 1.4098 0.4293
v  0.1731 1.3872 0.5014
v  -0.0911 1.1786 0.4185
v  -0.0992 1.2064 0.5119
v  -0.1580 1.1533 0.4694
v  -0.0712 1.2171 0.4909
v  -0.1388 1.2542 0.3889
v  -0.2056 1.2289 0.4398
v  -0.1188 1.2927 0.4612
v  -0.1468 1.2820 0.4823
v  -0.3760 1.5697 0.4418
v  0.1831 1.6361 0.4625
v  0.2157 1.6229 0.4262
v  0.2179 1.6276 0.4640
v  0.2616 1.7548 0.4870
v  0.2247 1.7822 0.4524
v  0.2185 1.7647 0.4852
v  0.2673 1.7715 0.4542
v  0.2224 1.6411 0.3832
v  0.1900 1.6489 0.3819
v  0.1988 1.6767 0.3583
v  -0.3966 1.6449 0.3656
v  -0.4202 1.6912 0.4321
v  -0.3917 1.7326 0.4997
v  -0.2965 1.7448 0.5276
v  -0.2189 1.6311 0.3664
v  -0.2314 1.6979 0.5077
v  -0.2913 1.7916 0.4699
v  0.3247 1.5757 0.4066
v  0.2322 1.6312 0.3671
v  0.3169 1.6208 0.3390
v  0.3846 1.7118 0.3417
v  0.4099 1.6449 0.3669
v  0.3103 1.6925 0.3194
v  0.2535 1.6996 0.3455
v  0.3037 1.7782 0.3716
v  0.4136 1.7488 0.3953
v  0.2685 1.7707 0.4192
v  0.2524 1.7502 0.3749
v  0.1685 1.5848 0.5340
v  0.2020 1.6707 0.5453
v  0.1892 1.6142 0.3210
v  0.1687 1.5586 0.3884
v  0.2187 1.7153 0.2970
v  0.2315 1.7721 0.5284
v  0.2486 1.8226 0.4513
v  0.2433 1.8039 0.3589
v  -0.2905 1.7781 0.3707
v  0.0096 1.2435 0.4176
v  -0.0381 1.3191 0.3880
v  -0.0427 1.3384 0.4509
v  0.0050 1.2628 0.4805
v  -0.1460 1.3581 0.3930
v  -0.1601 1.3872 0.5014
v  -0.2188 1.3342 0.4590
v  0.1122 1.2064 0.5119
v  0.1042 1.1786 0.4185
v  0.1710 1.1533 0.4694
v  0.0903 1.5821 0.5944
v  -0.0353 1.5097 0.6084
v  0.0484 1.5097 0.6084
v  -0.0353 1.6545 0.5804
v  -0.0772 1.5821 0.5944
v  0.0065 1.1644 0.5201
v  0.1077 1.2463 0.5042
v  -0.0947 1.2463 0.5042
v  -0.0590 1.3237 0.4893
v  0.0719 1.3237 0.4893
v  0.0842 1.2171 0.4909
v  0.1518 1.2542 0.3889
v  0.2186 1.2289 0.4398
v  0.1318 1.2927 0.4612
v  0.1599 1.2820 0.4823
v  0.0035 1.2435 0.4176
v  0.0511 1.3191 0.3880
v  0.0557 1.3384 0.4509
v  0.0081 1.2628 0.4805
v  -0.1240 1.3998 0.4710
v  -0.1936 1.4337 0.3634
v  -0.2664 1.4098 0.4293
v  -0.1717 1.4755 0.4413
v  -0.2077 1.4629 0.4718
v  -0.0263 1.4472 0.4256
v  -0.0739 1.5228 0.3960
v  0.1324 1.5871 0.5789
v  -0.1199 1.5870 0.5785
v  0.1325 1.5849 0.5339
v  -0.1198 1.5848 0.5336
v  0.0484 1.6545 0.5804
v  0.1602 1.6723 0.5749
v  0.1601 1.6707 0.5452
v  -0.1476 1.6723 0.5744
v  -0.1474 1.6707 0.5448
v  0.1602 1.7920 0.5562
v  -0.1476 1.7919 0.5557
v  0.1604 1.8561 0.4567
v  -0.1475 1.8561 0.4563
v  0.1606 1.8276 0.3284
v  -0.1473 1.8276 0.3279
v  -0.0525 1.4712 0.5214
v  -0.0525 1.4627 0.3598
v  -0.1889 1.7083 0.5061
v  -0.0590 1.3249 0.3835
v  0.0719 1.3249 0.3835
v  0.1077 1.2285 0.4022
v  -0.0947 1.2285 0.4022
v  0.0065 1.1466 0.4180
v  -0.0772 1.5956 0.5346
v  0.0901 1.5956 0.5346
v  -0.1316 1.4739 0.3273
v  -0.0772 1.5817 0.3933
v  0.0065 1.3729 0.3461
v  0.1447 1.4739 0.3273
v  0.0901 1.5817 0.3933
v  -0.0353 1.4960 0.5296
v  0.0484 1.4960 0.5296
v  0.0903 1.5684 0.5156
v  -0.0263 1.2780 0.4230
v  -0.0467 1.2453 0.4212
v  -0.1188 1.2905 0.4399
v  -0.1280 1.2803 0.4794
v  -0.0278 1.2530 0.4835
v  -0.1047 1.3012 0.5034
v  -0.0476 1.2299 0.4586
v  -0.1314 1.3561 0.4940
v  -0.1636 1.3510 0.4682
v  -0.1702 1.5057 0.5478
v  -0.1417 1.4452 0.5545
v  -0.0887 1.6587 0.5019
v  -0.1704 1.4213 0.5103
v  -0.0196 1.3709 0.5106
v  -0.0448 1.3467 0.4757
v  -0.0436 1.3720 0.4323
v  -0.2024 1.4908 0.5134
v  -0.1812 1.5342 0.4561
v  -0.1698 1.5665 0.5268
v  -0.2028 1.5672 0.4877
v  -0.0817 1.6594 0.4188
v  -0.1472 1.6333 0.4672
v  0.1832 1.6308 0.4249
v  -0.1461 1.3427 0.4314
v  -0.0676 1.4729 0.3940
v  -0.0763 1.4541 0.4632
v  -0.1019 1.4606 0.4337
v  0.0598 1.2453 0.4212
v  0.0394 1.2780 0.4230
v  0.1319 1.2905 0.4399
v  0.0409 1.2530 0.4835
v  0.1411 1.2803 0.4794
v  0.1177 1.3012 0.5034
v  0.0607 1.2299 0.4586
v  0.1445 1.3561 0.4940
v  0.0484 1.6407 0.5016
v  -0.0353 1.6407 0.5016
v  -0.0772 1.5684 0.5156
v  0.1592 1.3427 0.4314
v  0.1766 1.3510 0.4682
v  0.0806 1.4729 0.3940
v  0.0894 1.4541 0.4632
v  0.1150 1.4606 0.4337
v  -0.0845 1.5435 0.4740
v  -0.0369 1.4678 0.5036
v  0.1547 1.4452 0.5545
v  0.1833 1.5057 0.5478
v  0.1018 1.6587 0.5019
v  0.0326 1.3709 0.5106
v  0.1835 1.4213 0.5103
v  0.0579 1.3467 0.4757
v  0.0567 1.3720 0.4323
v  0.2154 1.4908 0.5134
v  0.1605 1.7153 0.2969
v  -0.1470 1.7153 0.2964
v  0.1943 1.5342 0.4561
v  0.0948 1.6594 0.4188
v  0.1829 1.5665 0.5268
v  0.1602 1.6333 0.4672
v  0.2159 1.5672 0.4877
v  0.4112 1.6288 0.4777
v  0.3870 1.5939 0.4273
v  0.4332 1.6913 0.4334
v  0.3830 1.6601 0.5284
v  0.3189 1.6693 0.5496
v  0.2606 1.5849 0.4278
v  0.3267 1.5516 0.4223
v  0.2344 1.5921 0.4941
v  0.2626 1.5608 0.4435
v  0.4132 1.6047 0.4935
v  0.2586 1.6270 0.5446
v  0.3210 1.6452 0.5653
v  0.3850 1.6360 0.5441
v  0.3891 1.5698 0.4430
v  0.2324 1.6162 0.4784
v  0.2512 1.7193 0.5054
v  0.2565 1.6511 0.5289
v  -0.3673 1.7818 0.4476
v  -0.2969 1.6925 0.3185
v  0.2442 1.6979 0.5084
v  0.2079 1.7299 0.5037
v  0.2017 1.7084 0.5067
v  0.2259 1.7813 0.4175
v  0.2092 1.7119 0.3468
v  0.2210 1.7578 0.3736
v  0.1904 1.6664 0.4949
v  0.2300 1.6566 0.4965
v  0.1108 1.5663 0.4310
v  -0.0972 1.5663 0.4310
v  -0.0796 1.2821 0.4213
v  0.0932 1.2821 0.4213
v  -0.1076 1.5730 0.3263
v  -0.0920 1.2805 0.3191
v  0.1212 1.5730 0.3263
v  0.1057 1.2805 0.3191
v  -0.3713 1.7117 0.3405
v  -0.4004 1.7487 0.3940
v  0.4453 0.7780 -0.6235
v  0.2804 0.7724 -0.6233
v  0.4446 0.7977 -0.6334
v  0.2785 0.8311 -0.5549
v  0.4434 0.8367 -0.5552
v  0.2797 0.7921 -0.6331
v  0.2792 0.8114 -0.5451
v  0.4440 0.8170 -0.5453
v  0.3247 1.0345 -0.5038
v  0.3782 1.0363 -0.5039
v  0.3244 1.0431 -0.5079
v  0.3779 1.0449 -0.5080
v  0.3266 0.9747 -0.6239
v  0.3800 0.9765 -0.6240
v  0.3375 1.0198 -0.6462
v  0.3661 1.0208 -0.6463
v  0.3371 1.0302 -0.6255
v  0.3657 1.0312 -0.6255
v  0.4327 1.0682 -0.0502
v  0.4297 1.1545 -0.0932
v  0.2746 1.0629 -0.0500
v  0.2717 1.1491 -0.0930
v  0.2783 0.9444 -0.2878
v  0.4364 0.9498 -0.2880
v  0.2712 1.1597 -0.1592
v  0.2741 1.0656 -0.3482
v  0.4322 1.0709 -0.3485
v  0.4293 1.1651 -0.1594
v  0.4624 1.0293 -0.1228
v  0.4591 1.1213 -0.2810
v  0.2469 1.0220 -0.1225
v  0.3370 0.9297 -0.6514
v  0.3699 0.9188 -0.6454
v  0.3566 0.9133 -0.6429
v  0.3750 0.9310 -0.6514
v  0.3691 0.9428 -0.6574
v  0.3421 0.9419 -0.6574
v  0.3554 0.9474 -0.6599
v  0.3430 0.9178 -0.6454
v  0.2524 0.9716 -0.6256
v  0.2208 0.9342 -0.6075
v  0.2483 1.1010 -0.3658
v  0.4511 1.1079 -0.3661
v  0.4852 1.0727 -0.3481
v  0.4552 0.9785 -0.6259
v  0.4893 0.9433 -0.6079
v  0.2191 0.9941 -0.3131
v  0.2251 0.8100 -0.5456
v  0.2210 0.9394 -0.2858
v  0.2167 1.0635 -0.3477
v  0.4781 0.8019 -0.5376
v  0.4741 0.9313 -0.2778
v  0.2417 0.7939 -0.5373
v  0.2377 0.9233 -0.2775
v  0.4883 0.9892 -0.2045
v  0.4867 1.0336 -0.2266
v  0.2198 0.9801 -0.2041
v  0.2182 1.0245 -0.2263
v  0.4936 0.8191 -0.5459
v  0.2435 1.1140 -0.2807
v  0.2447 1.0772 -0.3545
v  0.4602 1.0845 -0.3548
v  0.2494 0.9404 -0.2863
v  0.3253 1.0144 -0.5979
v  0.3787 1.0162 -0.5980
v  0.3250 1.0263 -0.5418
v  0.3784 1.0281 -0.5419
v  0.2193 0.9896 -0.2963
v  0.4878 0.9987 -0.2967
v  0.4895 0.9485 -0.2862
v  0.4876 1.0032 -0.3134
v  0.2364 0.9640 -0.1959
v  0.4728 0.9720 -0.1962
v  0.2649 0.8497 -0.5647
v  0.2657 0.8216 -0.6213
v  0.3021 0.8374 -0.5580
v  0.3393 0.8241 -0.6214
v  0.3384 0.8522 -0.5648
v  0.3030 0.8092 -0.6145
v  0.2773 0.8413 -0.6098
v  0.3359 0.8654 -0.6209
v  0.3265 0.8430 -0.6099
v  0.3250 0.8871 -0.6319
v  0.3000 0.8953 -0.6364
v  0.2757 0.8854 -0.6318
v  0.2663 0.8630 -0.6208
v  0.3022 0.8330 -0.6053
v  0.3362 0.8570 -0.6376
v  0.3268 0.8346 -0.6266
v  0.3252 0.8787 -0.6486
v  0.3003 0.8870 -0.6531
v  0.2760 0.8770 -0.6485
v  0.2666 0.8547 -0.6375
v  0.2494 0.8540 -0.6377
v  0.3025 0.8247 -0.6221
v  0.2775 0.8330 -0.6266
v  0.3534 0.8575 -0.6378
v  0.3525 0.8857 -0.5813
v  0.3370 0.8899 -0.6542
v  0.3362 0.9181 -0.5977
v  0.2998 0.9023 -0.6609
v  0.2989 0.9305 -0.6044
v  0.2635 0.8874 -0.6541
v  0.2626 0.9156 -0.5976
v  0.2485 0.8822 -0.5811
v  0.4189 0.8131 -0.6147
v  0.4553 0.8280 -0.6215
v  0.4181 0.8413 -0.5581
v  0.3808 0.8537 -0.5649
v  0.3817 0.8255 -0.6214
v  0.4425 0.8469 -0.6100
v  0.4181 0.8370 -0.6055
v  0.3932 0.8452 -0.6100
v  0.3822 0.8669 -0.6209
v  0.3917 0.8893 -0.6320
v  0.4160 0.8993 -0.6365
v  0.4409 0.8910 -0.6320
v  0.4519 0.8693 -0.6210
v  0.3693 0.9379 -0.6070
v  0.3560 0.9324 -0.6045
v  0.3744 0.9501 -0.6130
v  0.3685 0.9620 -0.6190
v  0.3548 0.9665 -0.6215
v  0.3415 0.9611 -0.6190
v  0.5001 0.7098 -0.1791
v  0.2326 0.6981 -0.1780
v  0.5029 0.6298 -0.3421
v  0.2354 0.6182 -0.3409
v  0.1956 0.6347 -0.3497
v  0.2261 0.8220 -0.4412
v  0.1880 0.8021 -0.4320
v  0.2234 0.9020 -0.2782
v  0.1852 0.8821 -0.2691
v  0.1928 0.7147 -0.1868
v  0.5303 0.8169 -0.4335
v  0.5379 0.6496 -0.3512
v  0.4936 0.8336 -0.4423
v  0.5275 0.8969 -0.2705
v  0.4908 0.9136 -0.2794
v  0.4521 0.9220 -0.5978
v  0.4685 0.8896 -0.5814
v  0.4530 0.8939 -0.6544
v  0.4694 0.8615 -0.6380
v  0.4544 0.8562 -0.5650
v  0.4157 0.9063 -0.6611
v  0.4162 0.8909 -0.6533
v  0.4412 0.8826 -0.6488
v  0.4521 0.8610 -0.6378
v  0.4427 0.8386 -0.6268
v  0.4184 0.8286 -0.6222
v  0.3935 0.8369 -0.6267
v  0.3644 0.8861 -0.5813
v  0.3653 0.8579 -0.6378
v  0.3785 0.9195 -0.5977
v  0.3794 0.8914 -0.6543
v  0.4148 0.9344 -0.6046
v  0.3364 0.9488 -0.6129
v  0.3424 0.9370 -0.6069
v  0.3825 0.8586 -0.6377
v  0.3919 0.8810 -0.6487
v  0.5351 0.7296 -0.1883
v  0.4650 0.9478 -0.2866
v  0.3103 0.8359 -0.4653
v  0.4140 0.8404 -0.4658
v  0.3113 0.8123 -0.4537
v  0.4151 0.8168 -0.4542
v  0.3080 0.9087 -0.2575
v  0.4117 0.9132 -0.2580
v  0.3069 0.9322 -0.2691
v  0.4107 0.9367 -0.2695
v  0.3243 0.9962 -0.1912
v  0.3197 0.9157 -0.0295
v  0.3162 1.0150 -0.1526
v  0.3263 0.8628 -0.0934
v  0.4008 0.9181 -0.0297
v  0.3972 1.0174 -0.1528
v  0.3896 0.9982 -0.1913
v  0.3970 0.8649 -0.0935
v  0.0384 1.5940 -0.0432
v  0.0461 1.5947 -0.0635
v  0.0703 1.5997 -0.0278
v  0.0968 1.6141 -0.0535
v  0.0922 1.6011 -0.0462
v  0.0498 1.6076 -0.0711
v  0.0906 1.6290 -0.0526
v  0.0466 1.6230 -0.0690
v  0.0745 1.6391 -0.0388
v  0.0383 1.6331 -0.0511
v  0.1200 1.6410 0.0537
v  0.0946 1.6328 0.0559
v  0.1188 1.6282 0.0019
v  0.0935 1.6206 0.0069
v  0.1258 1.6553 0.0502
v  0.1246 1.6421 -0.0031
v  0.1182 1.6687 0.0471
v  0.1170 1.6557 -0.0056
v  0.0982 1.6736 0.0464
v  0.0945 1.6613 -0.0029
v  -0.0782 1.6613 -0.0029
v  -0.1008 1.6557 -0.0056
v  -0.1020 1.6687 0.0471
v  -0.0773 1.6206 0.0069
v  -0.1026 1.6282 0.0019
v  -0.0760 1.6011 -0.0462
v  -0.0541 1.5997 -0.0278
v  -0.1083 1.6421 -0.0031
v  -0.0806 1.6141 -0.0535
v  -0.0743 1.6290 -0.0526
v  -0.0583 1.6391 -0.0388
v  -0.0299 1.5947 -0.0635
v  -0.0221 1.5940 -0.0432
v  -0.0335 1.6076 -0.0711
v  -0.0303 1.6230 -0.0690
v  -0.0995 1.7438 0.1026
v  -0.0995 1.7356 0.0508
v  -0.1269 1.7267 0.0542
v  -0.1269 1.7005 0.0352
v  -0.0951 1.7075 0.0303
v  -0.1269 1.6260 0.0470
v  0.0533 1.8367 0.0475
v  0.0533 1.8444 0.1109
v  0.0911 1.8189 0.0537
v  0.0533 1.8580 0.1061
v  -0.0364 1.8367 0.0475
v  -0.0364 1.8444 0.1109
v  -0.0364 1.8580 0.1061
v  -0.0743 1.8189 0.0537
v  -0.0464 1.7335 0.2102
v  -0.0364 1.7800 0.2059
v  -0.0364 1.7751 0.1899
v  -0.0364 1.7345 0.1918
v  0.0533 1.7800 0.2059
v  0.0633 1.7335 0.2102
v  0.0533 1.7345 0.1918
v  0.0533 1.7751 0.1899
v  -0.0364 1.8284 0.1718
v  -0.0364 1.8179 0.1633
v  0.0533 1.8284 0.1718
v  0.0533 1.8179 0.1633
v  -0.0053 1.7192 -0.0897
v  0.0089 1.7211 -0.1015
v  0.0089 1.7119 -0.0924
v  -0.0072 1.7480 -0.0958
v  0.0089 1.7495 -0.1029
v  -0.0139 1.7446 -0.0839
v  0.0089 1.7653 -0.0921
v  -0.0088 1.7619 -0.0806
v  0.0089 1.7689 -0.0803
v  -0.0820 1.6736 0.0464
v  -0.0221 1.6331 -0.0511
v  -0.0784 1.6328 0.0559
v  -0.1038 1.6410 0.0537
v  -0.1096 1.6553 0.0502
v  -0.1269 1.7343 0.1022
v  0.1179 1.6555 -0.0285
v  0.1207 1.6036 -0.0145
v  0.0846 1.6555 -0.0233
v  0.0798 1.6586 -0.0477
v  0.0522 1.5827 -0.0794
v  0.0450 1.6330 -0.0928
v  0.0708 1.6967 -0.0482
v  0.0538 1.6714 -0.0692
v  0.0081 1.6865 -0.1034
v  0.0307 1.6726 -0.1014
v  0.0421 1.6980 -0.0665
v  -0.0257 1.6330 -0.0928
v  0.0231 1.7021 -0.0747
v  0.0081 1.7052 -0.0793
v  0.0394 1.7120 -0.0767
v  0.0832 1.7109 -0.0286
v  0.0991 1.7406 0.0151
v  0.1032 1.7044 0.0343
v  0.0892 1.7257 -0.0274
v  0.0696 1.7207 -0.0635
v  0.1032 1.6110 0.0489
v  -0.1024 1.6036 -0.0145
v  -0.0996 1.6555 -0.0285
v  -0.0663 1.6555 -0.0233
v  -0.0610 1.6036 -0.0092
v  -0.1255 1.6983 0.0333
v  -0.0930 1.7038 0.0320
v  -0.1282 1.6271 0.0509
v  -0.0939 1.6102 0.0462
v  0.0792 1.6036 -0.0092
v  0.1113 1.7038 0.0320
v  0.1121 1.6102 0.0462
v  0.1465 1.6271 0.0509
v  0.1438 1.6983 0.0333
v  -0.0635 1.6586 -0.0477
v  -0.0545 1.6967 -0.0482
v  -0.0375 1.6714 -0.0692
v  -0.0360 1.5827 -0.0794
v  -0.0870 1.6110 0.0489
v  -0.0132 1.6726 -0.1014
v  -0.0829 1.7406 0.0151
v  -0.0729 1.7257 -0.0274
v  -0.0669 1.7109 -0.0286
v  -0.0870 1.7044 0.0343
v  -0.0259 1.6980 -0.0665
v  -0.0069 1.7021 -0.0747
v  -0.0534 1.7240 -0.0635
v  -0.0231 1.7120 -0.0767
v  0.0250 1.7480 -0.0958
v  0.0230 1.7192 -0.0897
v  0.0317 1.7446 -0.0839
v  0.0265 1.7619 -0.0806
v  -0.0544 1.7181 -0.0611
v  -0.0585 1.7128 -0.0754
v  0.0084 1.7005 -0.0983
v  -0.0772 1.7376 0.0130
v  -0.0798 1.7203 -0.0360
v  0.0089 1.7020 -0.0781
v  -0.0907 1.7391 0.0093
v  -0.0830 1.7059 0.0244
v  0.0754 1.7128 -0.0754
v  0.0967 1.7203 -0.0360
v  0.0709 1.7206 -0.0590
v  0.0966 1.7371 0.0125
v  0.1076 1.7389 0.0093
v  0.1120 1.7075 0.0303
v  0.1008 1.7088 0.0286
v  0.0424 1.7054 -0.0898
v  0.0084 1.7002 -0.0973
v  -0.0256 1.7054 -0.0898
v  0.1438 1.6418 0.1399
v  0.1266 1.7213 0.1302
v  0.1216 1.6278 0.1449
v  0.0535 1.7811 -0.0684
v  0.0900 1.7875 -0.0278
v  0.0084 1.7664 -0.0858
v  0.1102 1.7878 0.0586
v  0.1164 1.7356 0.0508
v  0.1164 1.7438 0.1026
v  0.1438 1.7267 0.0542
v  0.1438 1.7005 0.0352
v  0.1438 1.6260 0.0470
v  0.1120 1.6102 0.0461
v  0.1163 1.7283 0.1740
v  0.1120 1.6346 0.1860
v  0.1009 1.7292 0.1540
v  0.0697 1.6399 0.2215
v  -0.0818 1.6096 0.0480
v  -0.0951 1.6102 0.0461
v  0.0961 1.6097 0.0479
v  0.0084 1.8663 0.1015
v  0.0084 1.8481 -0.0209
v  0.0084 1.8020 0.2011
v  0.0084 1.7360 0.2253
v  -0.0686 1.7717 0.1686
v  -0.0731 1.8126 0.1302
v  -0.0934 1.7878 0.0586
v  0.0084 1.8502 0.1625
v  0.0084 1.6438 0.2392
v  -0.0529 1.6399 0.2215
v  -0.1047 1.6278 0.1449
v  0.0533 1.8237 -0.0176
v  0.0084 1.8056 -0.0604
v  0.0533 1.8376 -0.0209
v  0.0084 1.8342 -0.0176
v  0.0855 1.7717 0.1686
v  0.0900 1.8126 0.1302
v  -0.1269 1.7163 0.1281
v  -0.1098 1.7213 0.1302
v  -0.0731 1.7875 -0.0278
v  -0.0364 1.8237 -0.0176
v  -0.0366 1.7811 -0.0684
v  -0.0994 1.7283 0.1740
v  -0.0951 1.6346 0.1860
v  -0.0840 1.7292 0.1540
v  -0.0364 1.8376 -0.0209
v  -0.1269 1.6418 0.1399
v  0.1438 1.7163 0.1281
v  0.1438 1.7343 0.1022
# 2491 vertices

vn -0.3124 0.8489 -0.4265
vn -0.9886 -0.0002 0.1504
vn -0.8788 -0.0868 -0.4693
vn -0.9886 -0.0001 0.1504
vn -0.9886 0.0000 0.1506
vn -0.9885 -0.0014 0.1513
vn -0.9530 -0.1696 0.2510
vn -0.9886 0.0000 0.1507
vn -0.9439 -0.2323 0.2348
vn -0.8032 0.5930 0.0565
vn -0.7113 0.6519 -0.2628
vn -0.6018 0.7829 -0.1578
vn 0.9887 -0.0001 -0.1501
vn 0.9886 0.0002 -0.1504
vn 0.7921 0.3405 0.5066
vn 0.9886 0.0000 -0.1506
vn 0.5764 0.6046 0.5498
vn 0.9885 0.0014 -0.1513
vn 0.9886 -0.0000 -0.1507
vn 0.7271 0.6311 0.2703
vn 0.8284 0.4180 0.3729
vn 0.9912 -0.1324 -0.0004
vn 0.9886 -0.1463 0.0351
vn 0.9843 -0.1763 -0.0024
vn 0.0314 0.9782 0.2051
vn 0.0313 0.9783 0.2050
vn 0.1091 0.6922 0.7134
vn 0.1091 0.6921 0.7135
vn -0.7495 0.6601 -0.0491
vn -0.0359 0.9714 -0.2348
vn -0.8006 0.5532 -0.2302
vn -0.0805 0.8464 -0.5265
vn -0.8257 0.3761 -0.4204
vn -0.1240 0.5716 -0.8111
vn 0.8351 0.4989 0.2316
vn 0.9758 -0.2080 -0.0672
vn 0.6313 -0.4358 -0.6415
vn 0.9818 -0.1872 -0.0330
vn 0.9298 -0.3678 0.0145
vn 0.9210 -0.3877 -0.0382
vn 0.9330 -0.3512 0.0788
vn 0.9404 -0.3127 0.1337
vn 0.9454 -0.2602 0.1965
vn 0.9389 -0.2931 0.1808
vn 0.9233 -0.3577 0.1397
vn 0.0774 0.8589 0.5062
vn 0.0960 0.8607 0.4999
vn -0.1382 0.4040 -0.9043
vn -0.7717 0.2969 -0.5625
vn -0.9520 -0.1200 0.2816
vn -0.9408 -0.1327 0.3119
vn -0.9471 -0.1598 0.2781
vn -0.1316 -0.4915 -0.8609
vn -0.1495 -0.1441 -0.9782
vn -0.0730 0.8755 -0.4777
vn 0.1325 0.4813 0.8665
vn 0.0782 0.8557 0.5116
vn -0.0190 0.9921 -0.1243
vn -0.8860 -0.3195 0.3360
vn -0.8776 -0.2845 0.3858
vn -0.9003 -0.3341 0.2791
vn -0.9058 -0.3561 0.2296
vn -0.9070 -0.3522 0.2310
vn -0.1483 0.1937 -0.9698
vn -0.1488 0.1739 -0.9734
vn -0.1326 -0.4801 -0.8672
vn -0.1287 -0.4800 -0.8678
vn -0.0741 0.8714 -0.4849
vn -0.0454 0.9538 -0.2971
vn 0.8825 0.1293 0.4522
vn 0.6865 -0.1414 0.7133
vn 0.1489 -0.1723 0.9737
vn 0.1475 0.2176 0.9648
vn 0.0876 0.8150 0.5728
vn 0.0414 0.9618 0.2705
vn -0.0165 0.9940 -0.1078
vn 0.0555 0.8607 0.5061
vn 0.0775 0.8586 0.5067
vn -0.8640 -0.2671 0.4267
vn -0.8621 -0.3266 0.3873
vn -0.8594 -0.3340 0.3872
vn -0.8652 -0.2369 0.4420
vn 0.1237 0.5744 0.8092
vn -0.1203 0.6050 -0.7871
vn -0.1203 0.6051 -0.7870
vn -0.0719 0.8796 -0.4702
vn 0.1317 0.4924 0.8603
vn 0.7920 0.3482 0.5014
vn 0.9613 -0.0041 -0.2756
vn 0.6059 -0.3482 -0.7153
vn -0.0650 -0.9029 -0.4249
vn -0.9999 -0.0124 0.0094
vn -0.2965 -0.2735 -0.9150
vn -0.7920 -0.3482 -0.5014
vn -0.6174 -0.0266 0.7862
vn -0.9819 -0.1512 0.1142
vn 0.1087 0.0589 0.9923
vn -0.5366 -0.6293 0.5621
vn 0.9320 0.1058 -0.3466
vn 0.7977 -0.4483 0.4033
vn 0.7928 -0.0873 0.6033
vn 0.5559 0.0174 -0.8311
vn -0.2050 0.4232 -0.8826
vn -0.7700 0.0168 -0.6378
vn -0.6346 -0.5836 0.5067
vn -0.9757 -0.1084 0.1905
vn -0.5287 -0.7224 0.4457
vn -0.1338 -0.9887 0.0678
vn 0.7227 -0.6329 0.2777
vn 0.7013 -0.6299 0.3338
vn 0.6109 0.5881 -0.5300
vn 0.6345 0.5835 -0.5068
vn 0.5733 0.5940 -0.5644
vn -0.3134 0.9396 -0.1379
vn -0.7245 0.6021 -0.3355
vn -0.6954 0.6344 -0.3375
vn -0.0072 -0.8931 -0.4499
vn -0.7106 -0.7032 -0.0217
vn -0.6040 -0.7775 -0.1751
vn 0.6641 -0.6693 -0.3332
vn 0.6221 -0.7338 -0.2731
vn 0.5927 -0.7707 -0.2340
vn 0.0639 0.9136 0.4015
vn 0.7265 0.6798 0.1003
vn 0.7106 0.7033 0.0215
vn 0.6448 0.7643 -0.0078
vn -0.9890 -0.0019 0.1477
vn -0.9890 -0.0019 0.1478
vn -0.6480 -0.6214 0.4404
vn 0.7507 -0.6188 0.2314
vn 0.9890 0.0019 -0.1477
vn -0.6533 0.7301 0.2004
vn -0.6735 0.7148 0.1883
vn -0.5926 0.7707 0.2343
vn -0.2960 -0.6803 -0.6705
vn -0.9762 0.0662 0.2067
vn -0.9659 0.1020 0.2379
vn -0.7522 -0.5673 -0.3353
vn 0.9934 0.0689 -0.0916
vn 0.6142 -0.5592 -0.5568
vn 0.7460 0.5627 0.3561
vn 0.7518 0.5556 0.3553
vn -0.6032 0.5611 0.5668
vn -0.1319 -0.4813 -0.8666
vn -0.9886 -0.0002 0.1506
vn 0.9886 0.0002 -0.1506
vn 0.6057 -0.3402 -0.7192
vn 0.7923 0.3404 0.5063
vn -0.6057 0.3402 0.7192
vn 0.0734 -0.8738 0.4807
vn 0.9323 0.2390 -0.2714
vn 0.9605 0.1565 -0.2302
vn 0.9890 0.0022 -0.1482
vn -0.1286 -0.4817 -0.8668
vn -0.1285 -0.4817 -0.8669
vn -0.1284 -0.4817 -0.8669
vn -0.1283 -0.4817 -0.8669
vn -0.9890 -0.0018 0.1478
vn -0.8489 0.5057 -0.1539
vn -0.8476 0.5075 -0.1551
vn 0.9890 0.0018 -0.1478
vn 0.7650 0.5087 -0.3951
vn 0.1281 0.4865 0.8643
vn 0.1273 0.4850 0.8652
vn 0.1273 0.4851 0.8652
vn 0.1270 0.4844 0.8656
vn -0.6059 0.3482 0.7153
vn 0.9723 -0.2333 -0.0157
vn -0.9890 -0.0016 0.1482
vn -0.9326 -0.2384 0.2711
vn -0.9328 -0.2377 0.2710
vn -0.9889 -0.0022 0.1489
vn -0.1280 -0.4814 -0.8671
vn -0.1286 -0.4802 -0.8677
vn -0.1276 -0.4817 -0.8670
vn -0.1273 -0.4814 -0.8672
vn -0.9891 -0.0020 0.1472
vn -0.7477 0.6218 -0.2331
vn -0.9891 -0.0021 0.1472
vn -0.9892 -0.0016 0.1468
vn 0.1472 0.0688 0.9867
vn 0.1297 0.4665 0.8750
vn 0.9890 0.0019 -0.1478
vn 0.6480 0.6214 -0.4404
vn -0.7507 0.6188 -0.2314
vn -0.9891 -0.0021 0.1473
vn 0.9335 0.2369 -0.2691
vn -0.9720 0.2347 0.0148
vn -0.9718 0.2352 0.0142
vn -0.1273 -0.4805 -0.8677
vn -0.1284 -0.4825 -0.8664
vn 0.0730 -0.8757 0.4774
vn 0.6548 -0.6972 0.2917
vn -0.0724 0.8777 -0.4737
vn -0.1328 -0.4803 -0.8670
vn -0.0741 0.8714 -0.4850
vn -0.0997 0.7517 -0.6519
vn -0.1284 -0.4805 -0.8675
vn 0.1284 0.4805 0.8675
vn 0.6504 0.6191 -0.4401
vn 0.9892 0.0001 -0.1468
vn 0.6455 0.6235 -0.4412
vn -0.0727 0.8768 -0.4754
vn -0.7529 0.6167 -0.2300
vn -0.7527 0.6169 -0.2302
vn -0.7486 0.6206 -0.2334
vn -0.6479 -0.6212 0.4409
vn 0.7508 -0.6185 0.2319
vn 0.1395 -0.3406 0.9298
vn 0.0723 -0.8781 0.4729
vn 0.0723 -0.8781 0.4730
vn 0.9891 0.0023 -0.1471
vn 0.9891 0.0021 -0.1471
vn 0.9891 0.0020 -0.1472
vn 0.9891 0.0018 -0.1471
vn 0.9891 0.0021 -0.1473
vn -0.0725 0.8775 -0.4740
vn 0.0727 -0.8768 0.4753
vn 0.1282 0.4864 0.8643
vn 0.1274 0.4869 0.8641
vn 0.1277 0.4869 0.8641
vn 0.1282 0.4866 0.8642
vn 0.1285 0.4862 0.8643
vn 0.1280 0.4869 0.8640
vn -0.0726 0.8771 -0.4747
vn 0.2550 0.8294 -0.4970
vn 0.9717 -0.2360 -0.0124
vn 0.0001 -1.0000 -0.0003
vn 0.3184 -0.9248 -0.2084
vn 0.2323 -0.9671 -0.1041
vn 0.3747 -0.9244 -0.0709
vn 0.2169 -0.9232 -0.3172
vn 0.1742 -0.9673 -0.1843
vn 0.0776 -0.9256 -0.3705
vn 0.0915 -0.9665 -0.2396
vn -0.0701 -0.9261 -0.3708
vn -0.0071 -0.9672 -0.2537
vn -0.2061 -0.9261 -0.3159
vn -0.1042 -0.9669 -0.2331
vn -0.3177 -0.9231 -0.2168
vn -0.1836 -0.9676 -0.1734
vn -0.3756 -0.9235 -0.0786
vn -0.2367 -0.9674 -0.0903
vn -0.3707 -0.9261 0.0699
vn -0.2534 -0.9673 0.0071
vn -0.3214 -0.9235 0.2094
vn -0.2330 -0.9669 0.1043
vn -0.2169 -0.9228 0.3185
vn -0.1740 -0.9674 0.1842
vn -0.0785 -0.9235 0.3754
vn -0.0905 -0.9672 0.2375
vn 0.0708 -0.9247 0.3741
vn 0.0072 -0.9669 0.2552
vn 0.2104 -0.9232 0.3217
vn 0.1049 -0.9665 0.2343
vn 0.3144 -0.9248 0.2144
vn 0.1834 -0.9677 0.1732
vn 0.3726 -0.9247 0.0778
vn 0.2396 -0.9665 0.0916
vn 0.2521 -0.9677 -0.0074
vn 0.9166 0.0154 -0.3994
vn 0.9727 0.1318 -0.1908
vn 0.8256 0.1313 -0.5488
vn 0.4113 0.8944 -0.1756
vn 0.3616 0.8994 -0.2454
vn 0.4287 0.8991 -0.0885
vn 0.3124 0.8947 -0.3192
vn 0.6935 0.0147 -0.7203
vn 0.2402 0.8995 -0.3649
vn 0.5519 0.1343 -0.8230
vn 0.1669 0.8940 -0.4157
vn 0.3648 0.0162 -0.9309
vn 0.0824 0.8998 -0.4286
vn 0.1955 0.1302 -0.9720
vn -0.0046 0.8952 -0.4457
vn -0.0191 0.0150 -0.9997
vn -0.0884 0.8994 -0.4282
vn -0.1922 0.1279 -0.9730
vn -0.1760 0.8940 -0.4120
vn -0.3998 0.0155 -0.9165
vn -0.2453 0.8994 -0.3617
vn -0.5494 0.1282 -0.8257
vn -0.3191 0.8948 -0.3124
vn -0.7203 0.0135 -0.6936
vn -0.3662 0.8989 -0.2408
vn -0.8230 0.1330 -0.5523
vn -0.4152 0.8943 -0.1667
vn -0.9309 0.0146 -0.3650
vn -0.4293 0.8994 -0.0822
vn -0.9715 0.1335 -0.1961
vn -0.4459 0.8951 0.0044
vn -0.9997 0.0162 0.0186
vn -0.4283 0.8993 0.0882
vn -0.9731 0.1279 0.1918
vn -0.4117 0.8942 0.1760
vn -0.9163 0.0154 0.4001
vn -0.3622 0.8991 0.2458
vn -0.8249 0.1330 0.5495
vn -0.3125 0.8946 0.3194
vn -0.6936 0.0154 0.7202
vn -0.2408 0.8988 0.3662
vn -0.5530 0.1349 0.8222
vn -0.1669 0.8941 0.4156
vn -0.3651 0.0146 0.9309
vn -0.0822 0.8991 0.4300
vn -0.1959 0.1336 0.9715
vn 0.0046 0.8951 0.4459
vn 0.0180 0.0178 0.9997
vn 0.0882 0.8994 0.4282
vn 0.1915 0.1312 0.9727
vn 0.1760 0.8942 0.4117
vn 0.4002 0.0170 0.9163
vn 0.2456 0.8993 0.3619
vn 0.5485 0.1346 0.8253
vn 0.3189 0.8950 0.3119
vn 0.7200 0.0153 0.6938
vn 0.3643 0.8999 0.2397
vn 0.8227 0.1322 0.5529
vn 0.4146 0.8946 0.1666
vn 0.9307 0.0175 0.3653
vn 0.4295 0.8993 0.0824
vn 0.9717 0.1318 0.1959
vn 0.4459 0.8951 -0.0046
vn 0.9997 0.0147 -0.0190
vn 0.4696 0.8829 -0.0043
vn 0.4614 0.8829 0.0876
vn 0.4594 0.8831 -0.0955
vn 0.4316 0.8833 -0.1833
vn 0.3871 0.8836 -0.2636
vn 0.5657 0.7290 -0.3854
vn 0.6305 0.7285 -0.2679
vn 0.7759 0.3424 -0.5299
vn 0.8638 0.3451 -0.3672
vn 0.6697 0.7294 -0.1393
vn 0.9188 0.3455 -0.1909
vn 0.7751 0.3473 -0.5279
vn 0.8620 0.3515 -0.3654
vn 0.9169 0.3502 -0.1915
vn 0.6580 0.3437 -0.6700
vn 0.4796 0.7294 -0.4878
vn 0.5151 0.3440 -0.7851
vn 0.3742 0.7313 -0.5702
vn 0.5140 0.3476 -0.7842
vn 0.6566 0.3501 -0.6681
vn 0.3517 0.3472 -0.8693
vn 0.2572 0.7265 -0.6373
vn 0.1743 0.3503 -0.9203
vn 0.1282 0.7280 -0.6735
vn 0.1742 0.3562 -0.9180
vn 0.3502 0.3552 -0.8667
vn -0.0093 0.3507 -0.9365
vn -0.0065 0.7279 -0.6857
vn -0.1916 0.3458 -0.9185
vn -0.1388 0.7303 -0.6688
vn -0.1911 0.3466 -0.9183
vn -0.0076 0.3549 -0.9349
vn -0.3664 0.3491 -0.8625
vn -0.2682 0.7277 -0.6312
vn -0.5287 0.3450 -0.7755
vn -0.3852 0.7293 -0.5654
vn -0.5278 0.3485 -0.7746
vn -0.3653 0.3548 -0.8606
vn -0.6701 0.3438 -0.6579
vn -0.4880 0.7293 -0.4795
vn -0.7871 0.3396 -0.5150
vn -0.5725 0.7289 -0.3755
vn -0.7846 0.3475 -0.5134
vn -0.6681 0.3500 -0.6566
vn -0.8678 0.3517 -0.3509
vn -0.6357 0.7280 -0.2569
vn -0.9220 0.3456 -0.1747
vn -0.6738 0.7278 -0.1276
vn -0.9203 0.3499 -0.1751
vn -0.8663 0.3562 -0.3501
vn -0.9395 0.3424 0.0085
vn -0.6840 0.7294 0.0057
vn -0.9185 0.3459 0.1916
vn -0.6684 0.7308 0.1386
vn -0.9163 0.3522 0.1906
vn -0.9379 0.3467 0.0088
vn -0.8609 0.3540 0.3655
vn -0.6281 0.7311 0.2664
vn -0.7749 0.3475 0.5280
vn -0.5669 0.7276 0.3864
vn -0.7744 0.3508 0.5265
vn -0.8606 0.3548 0.3653
vn -0.6571 0.3450 0.6702
vn -0.4807 0.7279 0.4889
vn -0.5139 0.3474 0.7844
vn -0.3754 0.7290 0.5724
vn -0.5117 0.3557 0.7821
vn -0.6557 0.3530 0.6674
vn -0.3502 0.3496 0.8690
vn -0.2565 0.7282 0.6356
vn -0.1755 0.3422 0.9231
vn -0.1270 0.7281 0.6736
vn -0.1737 0.3491 0.9209
vn -0.3506 0.3561 0.8662
vn 0.0082 0.3425 0.9395
vn 0.0056 0.7294 0.6841
vn 0.1910 0.3460 0.9186
vn 0.1389 0.7285 0.6708
vn 0.1904 0.3564 0.9147
vn 0.0089 0.3466 0.9380
vn 0.3658 0.3527 0.8613
vn 0.2681 0.7278 0.6313
vn 0.5283 0.3473 0.7748
vn 0.3858 0.7282 0.5664
vn 0.5275 0.3483 0.7749
vn 0.3656 0.3534 0.8610
vn 0.6694 0.3469 0.6569
vn 0.4883 0.7287 0.4801
vn 0.7830 0.3503 0.5140
vn 0.5720 0.7297 0.3746
vn 0.7825 0.3532 0.5128
vn 0.6683 0.3487 0.6571
vn 0.8709 0.3439 0.3512
vn 0.6359 0.7278 0.2570
vn 0.9199 0.3509 0.1752
vn 0.6732 0.7284 0.1277
vn 0.9190 0.3541 0.1734
vn 0.8687 0.3498 0.3507
vn 0.9365 0.3506 -0.0086
vn 0.6840 0.7294 -0.0061
vn 0.9349 0.3549 -0.0086
vn 0.4577 0.8891 -0.0036
vn 0.4529 0.8874 0.0857
vn 0.4489 0.8887 -0.0927
vn 0.4211 0.8892 -0.1791
vn 0.3795 0.8882 -0.2591
vn 0.0003 1.0000 0.0003
vn 0.4244 0.8891 0.1714
vn 0.3820 0.8895 0.2505
vn 0.3296 0.8870 0.3233
vn 0.2601 0.8867 0.3821
vn 0.1814 0.8861 0.4264
vn 0.0912 0.8920 0.4428
vn 0.0039 0.8890 0.4579
vn -0.0857 0.8890 0.4498
vn -0.1713 0.8893 0.4241
vn -0.2490 0.8910 0.3797
vn -0.3203 0.8895 0.3259
vn -0.3798 0.8882 0.2587
vn -0.4213 0.8892 0.1785
vn -0.4438 0.8913 0.0925
vn -0.4577 0.8891 0.0038
vn -0.4516 0.8881 -0.0855
vn -0.4266 0.8879 -0.1718
vn -0.3796 0.8910 -0.2490
vn -0.3255 0.8897 -0.3202
vn -0.2588 0.8883 -0.3794
vn -0.1786 0.8891 -0.4215
vn -0.0936 0.8882 -0.4498
vn -0.0041 0.8892 -0.4574
vn 0.0851 0.8895 -0.4490
vn 0.1711 0.8893 -0.4241
vn 0.2493 0.8909 -0.3796
vn 0.3202 0.8896 -0.3256
vn 0.4350 0.8831 0.1760
vn 0.3943 0.8819 0.2582
vn 0.3350 0.8827 0.3295
vn 0.2644 0.8828 0.3883
vn 0.1838 0.8828 0.4323
vn 0.0954 0.8830 0.4595
vn 0.0041 0.8829 0.4696
vn -0.0872 0.8833 0.4606
vn -0.1756 0.8833 0.4348
vn -0.2574 0.8828 0.3930
vn -0.3290 0.8831 0.3345
vn -0.3884 0.8827 0.2646
vn -0.4323 0.8827 0.1839
vn -0.4597 0.8829 0.0955
vn -0.4696 0.8829 0.0040
vn -0.4613 0.8830 -0.0873
vn -0.4350 0.8832 -0.1755
vn -0.3919 0.8835 -0.2566
vn -0.3340 0.8836 -0.3282
vn -0.2640 0.8832 -0.3877
vn -0.1839 0.8827 -0.4325
vn -0.0955 0.8830 -0.4596
vn -0.0041 0.8826 -0.4701
vn 0.0874 0.8822 -0.4627
vn 0.1757 0.8832 -0.4349
vn 0.2575 0.8826 -0.3933
vn 0.3283 0.8835 -0.3340
vn -0.7875 -0.0033 -0.6163
vn -0.8862 -0.0027 -0.4633
vn -0.8865 -0.0030 -0.4627
vn 0.6009 0.0211 0.7990
vn 0.6061 0.0361 0.7946
vn 0.6440 0.0397 0.7640
vn -0.9880 0.0093 0.1539
vn -0.9227 0.0020 -0.3854
vn -0.9224 0.0003 -0.3862
vn -0.0001 -1.0000 0.0052
vn 0.0000 -1.0000 0.0052
vn -0.0001 -1.0000 0.0051
vn -0.0002 -1.0000 0.0052
vn -0.0038 1.0000 -0.0028
vn 0.0004 1.0000 -0.0052
vn -0.0033 1.0000 -0.0051
vn 0.0034 1.0000 -0.0045
vn 0.0031 1.0000 -0.0019
vn 0.0029 1.0000 -0.0037
vn -0.9842 0.0004 -0.1770
vn -1.0000 0.0025 0.0014
vn -1.0000 0.0021 0.0020
vn 0.9935 0.0046 0.1139
vn 0.9860 0.0018 0.1669
vn 0.9859 0.0015 0.1676
vn -0.0055 1.0000 -0.0039
vn -0.0043 1.0000 -0.0037
vn -0.0044 1.0000 -0.0034
vn -0.0062 1.0000 -0.0037
vn -0.0046 1.0000 -0.0050
vn -0.0055 1.0000 -0.0056
vn -0.0020 1.0000 -0.0027
vn -0.0020 1.0000 -0.0018
vn -0.0019 1.0000 -0.0026
vn -0.0027 1.0000 -0.0013
vn -0.0021 1.0000 -0.0017
vn -0.0047 1.0000 -0.0030
vn -0.0042 1.0000 -0.0022
vn -0.0042 1.0000 -0.0023
vn -0.0036 1.0000 -0.0038
vn -0.0047 1.0000 -0.0027
vn -0.5100 -0.0177 -0.8600
vn 0.0327 -0.0017 -0.9995
vn 0.0190 0.0062 -0.9998
vn 0.8007 0.0134 0.5989
vn 0.8000 0.0094 0.5999
vn -0.8601 0.0004 -0.5101
vn -0.8601 0.0008 -0.5101
vn 0.8909 0.0048 0.4542
vn 0.9928 -0.0014 0.1200
vn 0.9926 -0.0008 0.1217
vn -0.5090 -0.0213 -0.8605
vn -0.7863 -0.0063 -0.6178
vn 0.9698 -0.0028 -0.2439
vn 0.5590 0.0028 -0.8292
vn 0.5257 0.0033 -0.8507
vn 0.6982 -0.0046 -0.7159
vn -0.5684 0.0010 0.8227
vn 0.2453 0.0091 0.9694
vn -0.1473 0.0058 0.9891
vn -0.9871 0.0099 0.1599
vn -0.5681 0.0018 0.8230
vn 0.7956 0.0062 0.6058
vn 0.7952 0.0059 0.6063
vn 0.9682 0.0050 0.2502
vn 0.9680 0.0067 0.2510
vn -0.8632 -0.0067 -0.5047
vn -0.9841 0.0011 -0.1779
vn 0.9258 -0.0193 -0.3775
vn 0.9999 -0.0026 -0.0165
vn 0.9263 -0.0157 -0.3764
vn -0.4766 -0.0088 -0.8791
vn -0.4734 -0.0119 -0.8808
vn 0.5894 0.0052 -0.8078
vn 0.0562 -0.0010 -0.9984
vn 0.5784 -0.0027 -0.8158
vn 0.0556 -0.0020 -0.9985
vn -0.0448 0.0048 0.9990
vn -0.7816 0.0086 0.6237
vn -0.0453 0.0056 0.9990
vn 0.6894 0.0154 0.7242
vn 0.6938 0.0149 0.7200
vn -1.0000 0.0056 -0.0060
vn -0.9999 0.0096 -0.0073
vn 0.9999 0.0005 -0.0146
vn -0.7810 0.0140 0.6244
vn -0.9919 0.0389 0.1211
vn 0.0025 -1.0000 0.0031
vn 0.0024 -1.0000 0.0033
vn -0.0026 1.0000 -0.0035
vn -0.0007 1.0000 0.0009
vn 0.0002 1.0000 -0.0012
vn -0.0054 1.0000 -0.0048
vn 0.8739 0.4713 -0.1188
vn 0.8163 0.1071 0.5676
vn 0.9603 0.1978 0.1965
vn -0.0000 -1.0000 0.0052
vn 0.0012 1.0000 -0.0048
vn -0.0031 1.0000 -0.0042
vn -0.0004 1.0000 -0.0052
vn -0.0027 1.0000 -0.0051
vn -0.0003 1.0000 -0.0054
vn -0.0003 1.0000 -0.0046
vn -0.0002 1.0000 -0.0042
vn 0.0003 1.0000 -0.0004
vn 0.0002 1.0000 -0.0004
vn 0.0011 1.0000 -0.0033
vn 0.0001 1.0000 -0.0035
vn 0.0018 1.0000 -0.0040
vn 0.0018 1.0000 -0.0044
vn 0.0029 1.0000 -0.0052
vn 0.0028 1.0000 -0.0052
vn -0.0005 1.0000 -0.0049
vn -0.0007 1.0000 -0.0049
vn -0.0011 1.0000 -0.0042
vn -0.0011 1.0000 -0.0041
vn -0.0008 1.0000 -0.0034
vn 0.0018 1.0000 -0.0035
vn 0.0011 1.0000 -0.0030
vn 0.0013 1.0000 -0.0048
vn -0.9918 0.0398 0.1215
vn -0.9774 0.1405 0.1580
vn -0.8515 0.1226 -0.5098
vn -0.9173 0.0905 -0.3877
vn 0.7106 0.0697 0.7002
vn 0.2422 0.0239 0.9699
vn 0.7029 0.0416 0.7101
vn -0.9878 0.0084 0.1557
vn 0.9941 0.0865 0.0658
vn 0.9140 0.2955 0.2781
vn -0.6361 0.2628 -0.7255
vn -0.2257 0.2144 -0.9503
vn 0.4785 0.5841 -0.6556
vn 0.6773 0.2575 -0.6892
vn -0.9938 0.1031 -0.0420
vn -0.6260 0.4664 -0.6250
vn -0.8844 0.1928 -0.4250
vn 0.9411 0.1918 -0.2785
vn 0.6151 0.3736 -0.6943
vn 0.7101 0.4599 -0.5331
vn 0.0551 0.5928 -0.8034
vn 0.0436 0.6951 -0.7176
vn -0.8928 0.3108 -0.3261
vn -0.0072 0.2775 -0.9607
vn 0.0215 0.6125 -0.7902
vn -0.9929 0.0432 0.1106
vn 0.0331 0.8832 -0.4678
vn -0.6048 0.6293 -0.4881
vn -0.5241 0.3605 -0.7716
vn -0.4226 0.2417 0.8735
vn -0.7580 0.0982 0.6448
vn -0.4891 0.1348 0.8617
vn 0.3648 0.1285 0.9222
vn 0.7158 0.2190 0.6631
vn 0.2009 0.3285 0.9229
vn -0.7795 0.0235 0.6260
vn -0.5821 0.1893 -0.7907
vn -0.0721 0.3740 -0.9246
vn -0.4200 0.1983 -0.8856
vn -0.2456 0.4594 -0.8536
vn 0.4388 0.5958 -0.6727
vn 0.8821 0.3655 -0.2972
vn 0.2517 0.8850 -0.3917
vn -0.2938 0.6265 -0.7220
vn 0.7734 0.6335 -0.0224
vn -0.3205 0.2942 0.9004
vn 0.2118 0.1497 0.9658
vn 0.1576 0.2411 0.9576
vn -0.8563 0.1584 0.4916
vn -0.9786 0.2059 -0.0035
vn -0.1310 0.1872 0.9735
vn -0.1514 0.0028 0.9885
vn -0.8671 0.0011 0.4982
vn -0.9212 0.0250 -0.3883
vn 0.9773 0.2116 0.0088
vn -0.8456 0.0581 -0.5307
vn 0.3954 0.6978 -0.5973
vn 0.6021 0.1330 0.7873
vn 0.0023 -1.0000 0.0033
vn -0.0027 1.0000 -0.0035
vn 0.8913 0.0055 0.4534
vn 0.0025 -1.0000 0.0033
vn -0.0035 1.0000 -0.0037
vn -0.0005 1.0000 -0.0006
vn -0.0002 1.0000 -0.0016
vn -0.0020 1.0000 -0.0030
vn -0.0024 1.0000 -0.0026
vn -0.0019 1.0000 -0.0033
vn -0.0054 1.0000 0.0004
vn -0.0028 1.0000 -0.0023
vn -0.0043 1.0000 -0.0024
vn -0.0054 1.0000 0.0005
vn -0.0034 1.0000 -0.0020
vn 0.3908 0.0066 0.9205
vn 0.6942 0.1037 0.7122
vn 0.9394 0.2811 -0.1960
vn 0.9684 0.0295 0.2477
vn 0.9941 0.0622 0.0884
vn -0.7925 0.1458 0.5922
vn 0.9767 0.1279 0.1723
vn 0.9690 0.0789 0.2339
vn 0.6922 0.0144 0.7216
vn -0.7262 0.1008 -0.6800
vn -0.9995 0.0269 0.0179
vn 0.8220 0.2270 -0.5223
vn 0.0024 -1.0000 0.0034
vn 0.0039 1.0000 -0.0051
vn 0.0009 1.0000 -0.0033
vn 0.0024 1.0000 -0.0038
vn -0.4914 0.1202 -0.8626
vn -0.8546 0.2567 -0.4514
vn -0.3901 0.3375 -0.8567
vn 0.5951 0.1461 -0.7903
vn 0.0578 0.1064 -0.9926
vn 0.4689 0.3360 -0.8168
vn -0.9894 0.0384 0.1404
vn 0.9935 0.0050 0.1138
vn 0.8693 0.1998 -0.4521
vn -0.7844 0.2063 -0.5849
vn 0.6682 0.6274 -0.3998
vn 0.9111 0.2216 -0.3474
vn 0.0512 0.4576 -0.8877
vn -0.8641 -0.0061 -0.5033
vn -0.4772 0.0046 0.8788
vn -0.0028 1.0000 -0.0013
vn 0.8269 0.3424 -0.4461
vn 0.9522 0.2618 0.1575
vn 0.9123 0.1256 -0.3897
vn 0.1187 0.3375 -0.9338
vn 0.5536 0.1102 -0.8254
vn 0.0032 0.1471 -0.9891
vn 0.8104 0.0472 0.5840
vn -0.5167 0.2195 -0.8275
vn 0.4935 0.4610 -0.7375
vn 0.8141 0.0580 0.5778
vn -0.0001 -1.0000 0.0050
vn 0.9985 -0.0077 -0.0545
vn -0.1206 0.3740 0.9196
vn -0.8031 0.3476 0.4840
vn -0.8686 -0.0006 0.4955
vn 0.2518 0.8593 0.4452
vn -0.5122 0.5264 0.6787
vn -0.1415 0.3383 0.9304
vn -0.7168 0.6468 -0.2604
vn -0.1125 0.9851 -0.1302
vn -0.0529 0.9071 0.4175
vn 0.7897 0.2231 0.5715
vn 0.9610 -0.2344 0.1465
vn 0.7809 0.2061 0.5896
vn 0.9617 0.1627 0.2208
vn 0.6885 -0.3543 -0.6328
vn 0.7111 0.5886 -0.3846
vn 0.2688 0.8251 -0.4970
vn -0.1158 0.4840 -0.8673
vn -0.6941 0.1883 0.6948
vn 0.4267 -0.5579 0.7118
vn 0.0236 -0.8523 0.5225
vn 0.5971 -0.8007 0.0495
vn -0.5287 -0.8466 0.0613
vn -0.5113 -0.6726 -0.5349
vn 0.3811 -0.7539 -0.5353
vn 0.9610 -0.1439 0.2360
vn -0.0798 -0.3806 -0.9213
vn -0.0664 -0.3858 -0.9202
vn -0.0678 -0.3812 -0.9220
vn -0.0698 -0.3780 -0.9232
vn -0.0525 -0.3870 -0.9206
vn -0.0674 -0.3747 -0.9247
vn -0.5602 0.8144 0.1513
vn -0.3159 0.8913 0.3252
vn -0.4103 0.8652 -0.2881
vn 0.0748 0.9956 -0.0570
vn 0.0373 0.8151 -0.5781
vn -0.3479 0.5344 -0.7703
vn -0.3989 0.8535 -0.3354
vn -0.0993 0.5451 0.8325
vn -0.5247 0.3138 0.7914
vn 0.1802 -0.5740 -0.7988
vn 0.1067 0.1000 -0.9893
vn 0.4278 -0.8888 -0.1643
vn 0.2395 -0.9709 0.0077
vn -0.1131 -0.1001 0.9885
vn -0.8166 0.3017 0.4921
vn -0.0618 0.9978 -0.0240
vn 0.7824 0.3789 -0.4943
vn -0.8746 -0.3436 -0.3422
vn -0.4822 -0.8760 -0.0097
vn 0.0489 0.9363 -0.3478
vn -0.3144 0.5691 -0.7598
vn -0.1552 -0.9785 -0.1358
vn -0.1399 -0.9854 -0.0975
vn -0.2754 0.9358 0.2201
vn 0.0245 -0.8754 0.4827
vn -0.1876 -0.8287 0.5273
vn 0.6464 0.7185 -0.2569
vn -0.9924 -0.0852 -0.0887
vn -0.9932 -0.0961 -0.0652
vn -0.9826 -0.1730 -0.0676
vn -0.4848 -0.7452 0.4579
vn 0.0081 -0.1246 0.9922
vn 0.4167 0.9090 0.0110
vn 0.4396 0.8976 -0.0320
vn 0.4588 -0.7643 -0.4532
vn -0.5593 -0.0731 0.8257
vn -0.7800 0.1039 0.6171
vn 0.5276 0.4671 0.7096
vn 0.5275 0.4671 0.7096
vn 0.1584 0.9588 -0.2360
vn -0.0713 0.9415 -0.3295
vn -0.4346 0.8885 0.1473
vn -0.3136 0.8969 -0.3119
vn -0.7645 -0.4394 -0.4716
vn -0.8033 -0.4823 -0.3493
vn 0.7440 0.4421 0.5010
vn 0.6333 0.5298 0.5642
vn 0.6079 -0.2794 -0.7433
vn -0.7277 -0.5529 0.4059
vn -0.9312 0.3530 0.0904
vn -0.9063 0.2718 0.3238
vn -0.4410 0.4035 -0.8017
vn -0.9498 0.3071 0.0593
vn -0.4663 0.6443 -0.6061
vn -0.8903 0.4306 -0.1479
vn -0.7360 0.0933 0.6705
vn 0.3485 -0.3058 0.8860
vn 0.3383 0.0857 0.9371
vn -0.5431 0.5093 0.6676
vn -0.8414 0.5295 0.1082
vn 0.8016 -0.5654 0.1940
vn 0.7896 -0.4131 0.4538
vn 0.7476 -0.0479 -0.6624
vn 0.5894 0.2717 -0.7608
vn 0.7476 0.1693 -0.6421
vn 0.5894 -0.3807 -0.7125
vn 0.9188 -0.3925 0.0411
vn 0.3536 -0.4295 -0.8309
vn -0.3864 0.0292 -0.9219
vn -0.2613 0.0623 -0.9632
vn 0.5079 -0.6074 0.6108
vn 0.8887 -0.3578 0.2868
vn 0.9136 -0.2132 0.3462
vn 0.3614 -0.8623 0.3547
vn -0.6672 -0.2338 0.7072
vn 0.5338 -0.5910 0.6047
vn 0.7067 -0.7029 0.0806
vn 0.6039 -0.4906 0.6282
vn 0.7993 -0.5948 0.0855
vn -0.0413 -0.1030 -0.9938
vn 0.2331 -0.0668 -0.9702
vn -0.6133 0.2084 -0.7619
vn -0.7476 0.0824 -0.6591
vn -0.9504 0.2017 -0.2368
vn -0.9777 -0.0335 -0.2075
vn -0.5749 0.4488 0.6842
vn -0.8019 0.5358 -0.2645
vn -0.7575 0.5216 -0.3927
vn 0.7113 -0.2813 0.6441
vn 0.9457 -0.3087 0.1015
vn 0.6695 -0.3040 0.6777
vn 0.1470 -0.3564 -0.9227
vn -0.6000 0.0292 -0.7995
vn 0.8976 0.0797 -0.4335
vn -0.6381 0.4878 0.5958
vn 0.4634 -0.3412 -0.8178
vn 0.4759 -0.1631 -0.8643
vn 0.2928 -0.9486 0.1200
vn 0.9872 -0.1121 0.1133
vn 0.7988 -0.6006 0.0335
vn 0.9610 -0.1663 -0.2211
vn 0.8925 0.3034 -0.3338
vn 0.4800 0.3157 -0.8185
vn 0.3648 0.6184 -0.6960
vn 0.5355 -0.3195 -0.7818
vn -0.2530 -0.7311 -0.6336
vn 0.3594 -0.8421 -0.4020
vn 0.1896 -0.9759 -0.1081
vn -0.1677 -0.3063 -0.9370
vn -0.4872 -0.2949 -0.8220
vn 0.0077 0.9552 -0.2958
vn 0.5893 0.2485 -0.7688
vn 0.0633 0.9807 -0.1850
vn -0.2626 0.9452 0.1940
vn -0.3604 0.9252 0.1188
vn 0.4476 -0.8341 -0.3225
vn 0.3743 -0.8822 -0.2855
vn 0.3805 -0.8850 -0.2684
vn 0.4631 0.2490 -0.8506
vn -0.8049 -0.1720 -0.5680
vn -0.7992 -0.1670 -0.5775
vn 0.3448 -0.9041 -0.2524
vn 0.3898 -0.8554 -0.3412
vn 0.5504 0.1700 -0.8174
vn -0.2737 -0.0894 0.9576
vn -0.1761 -0.0347 0.9838
vn 0.0406 0.0058 0.9992
vn -0.1207 -0.1383 0.9830
vn -0.1039 -0.0436 0.9936
vn 0.1903 -0.0429 0.9808
vn 0.0789 0.0143 0.9968
vn -0.1448 0.0075 0.9894
vn -0.1551 0.0035 0.9879
vn 0.1761 0.0347 -0.9838
vn 0.1448 -0.0075 -0.9894
vn 0.1551 -0.0035 -0.9879
vn 0.3435 0.0592 -0.9373
vn 0.2737 0.0894 -0.9576
vn 0.5795 0.1500 -0.8011
vn 0.9364 -0.2202 -0.2733
vn 0.8767 0.0432 0.4791
vn 0.9639 -0.1841 -0.1923
vn 0.6545 0.3583 0.6658
vn -0.1228 0.9423 -0.3114
vn 0.8275 0.1058 0.5515
vn 0.8448 0.0780 0.5294
vn 0.8079 0.0631 0.5860
vn 0.8114 0.1074 0.5745
vn 0.8085 0.1920 0.5563
vn -0.2733 0.9618 -0.0145
vn -0.2456 0.9694 -0.0050
vn -0.2063 0.9757 -0.0738
vn 0.2620 -0.4094 -0.8739
vn 0.1702 -0.3755 -0.9111
vn 0.6367 -0.3644 -0.6796
vn -0.4386 0.8631 0.2503
vn -0.4508 0.8495 0.2742
vn -0.4121 0.8894 0.1979
vn -0.0753 0.9589 -0.2736
vn -0.1994 0.9729 -0.1173
vn -0.0752 0.9589 -0.2737
vn -0.2004 0.9728 -0.1160
vn -0.4123 0.8906 0.1917
vn -0.0470 0.9944 -0.0942
vn -0.7609 -0.3580 -0.5413
vn 0.1098 -0.8974 0.4273
vn -0.1904 -0.9492 0.2506
vn 0.6171 0.4414 0.6515
vn 0.2900 0.8197 0.4938
vn -0.5096 0.8249 0.2447
vn -0.3411 0.8906 -0.3008
vn -0.6882 -0.7243 0.0430
vn 0.1561 -0.9813 -0.1123
vn -0.3055 -0.7881 -0.5344
vn -0.2922 -0.7893 -0.5399
vn -0.3037 -0.7859 -0.5387
vn -0.3015 -0.7846 -0.5417
vn -0.3034 -0.7819 -0.5446
vn -0.3188 -0.7842 -0.5323
vn 0.4683 -0.5087 -0.7224
vn -0.6029 0.2982 0.7400
vn -0.8151 0.3178 0.4843
vn 0.5694 0.4300 0.7007
vn 0.5295 0.4361 0.7277
vn 0.6225 0.1639 0.7653
vn 0.3070 -0.2060 -0.9291
vn 0.6863 -0.7261 0.0436
vn 0.6328 -0.7660 0.1129
vn -0.2896 -0.2865 0.9133
vn -0.1394 -0.2533 0.9573
vn -0.5820 0.7786 -0.2347
vn -0.6790 0.7255 -0.1122
vn -0.3435 -0.0592 0.9373
vn -0.5795 -0.1500 0.8011
vn 0.5303 -0.0981 -0.8421
vn 0.7291 -0.0158 -0.6842
vn 0.3845 0.0339 -0.9225
vn 0.3215 -0.0138 -0.9468
vn 0.1508 -0.1543 -0.9764
vn -0.1914 -0.8275 0.5278
vn -0.5438 -0.4294 0.7210
vn -0.3752 -0.4414 0.8151
vn -0.1209 -0.7628 0.6353
vn 0.3061 -0.8919 -0.3329
vn 0.4116 -0.8560 -0.3129
vn 0.4475 -0.8627 -0.2355
vn 0.5353 0.2295 -0.8128
vn 0.5326 0.1873 -0.8254
vn 0.4881 0.2674 -0.8308
vn -0.3694 -0.7998 0.4732
vn 0.5950 0.1198 -0.7947
vn 0.5759 0.1745 -0.7986
vn 0.7905 0.1865 0.5834
vn 0.7992 0.1670 0.5775
vn 0.7832 0.2060 0.5866
vn -0.8091 -0.1740 -0.5614
vn -0.7932 -0.4387 0.4224
vn 0.2701 0.9584 -0.0922
vn -0.0038 0.9645 -0.2641
vn -0.7641 -0.3789 -0.5220
vn 0.1078 -0.1599 0.9812
vn 0.1433 -0.1183 0.9826
vn 0.1344 -0.0713 0.9884
vn -0.6926 0.7144 0.0996
vn -0.7063 0.7009 0.0997
vn -0.0138 0.9975 0.0698
vn 0.6723 0.7403 0.0023
vn 0.9943 0.0828 -0.0665
vn -0.7525 -0.0878 0.6527
vn -0.7539 -0.6569 0.0094
vn 0.0650 -0.6783 0.7320
vn 0.0731 -0.1459 0.9866
vn 0.7717 -0.6281 -0.0994
vn 0.8403 -0.0578 0.5390
vn -0.9435 0.2591 -0.2065
vn -0.8898 0.4380 0.1282
vn -0.8058 0.2080 -0.5545
vn -0.9545 0.2907 0.0672
vn -0.9284 0.3321 0.1666
vn -0.7384 0.5700 0.3604
vn -0.9383 0.2848 0.1962
vn -0.0700 0.0090 -0.9975
vn -0.6700 0.1155 -0.7333
vn 0.2371 0.0644 -0.9694
vn -0.0694 -0.0056 -0.9976
vn 0.8797 0.4754 0.0061
vn 0.8876 0.2898 -0.3582
vn 0.7099 0.2399 -0.6622
vn 0.9431 0.3265 -0.0631
vn 0.9300 0.3663 0.0308
vn 0.7128 0.1851 -0.6765
vn 0.9457 0.3204 0.0553
vn 0.7557 0.6024 0.2570
vn -0.1007 0.9067 -0.4097
vn -0.0444 0.9290 -0.3674
vn -0.0491 0.9359 -0.3489
vn -0.0788 0.9229 -0.3768
vn -0.0601 0.9320 -0.3573
vn -0.0462 0.9774 -0.2063
vn -0.9924 -0.1050 0.0649
vn -0.0477 -0.5712 -0.8194
vn -0.5383 0.0654 -0.8402
vn -0.0710 -0.0090 -0.9974
vn 0.4107 0.0833 -0.9080
vn 0.1143 0.0813 0.9901
vn -0.4063 0.0341 0.9131
vn -0.3529 -0.0863 0.9317
vn 0.8786 0.0655 0.4731
vn 0.8543 0.2981 0.4259
vn 0.0608 0.2250 0.9725
vn -0.6520 -0.7464 -0.1332
vn -0.7381 -0.6610 0.1356
vn -0.8159 -0.5685 0.1053
vn -0.7154 -0.6509 -0.2541
vn -0.0781 -0.0970 -0.9922
vn -0.2538 -0.0056 -0.9673
vn 0.8542 0.0928 -0.5116
vn 0.9539 0.0078 -0.3001
vn 0.2553 0.7002 -0.6667
vn -0.5587 0.6897 -0.4606
vn 0.4552 0.6740 -0.5819
vn -0.7540 0.4854 -0.4426
vn -0.9166 0.3549 -0.1842
vn -0.9610 0.1814 -0.2085
vn -0.7890 -0.5900 0.1715
vn -0.6138 -0.7100 0.3451
vn -0.9157 -0.2404 0.3221
vn -0.1953 -0.9426 0.2707
vn 0.6194 -0.7423 0.2555
vn 0.0735 -0.2130 0.9743
vn 0.0906 -0.2098 0.9735
vn 0.0175 -0.1298 0.9914
vn 0.0116 -0.1545 0.9879
vn 0.0406 -0.2080 0.9773
vn 0.1346 -0.1523 0.9791
vn 0.0690 0.0322 0.9971
vn -0.3939 0.1059 0.9130
vn -0.5082 0.0455 0.8601
vn -0.0674 -0.0949 -0.9932
vn -0.0586 -0.3519 -0.9342
vn -0.0675 -0.0951 -0.9932
vn -0.0586 -0.3520 -0.9342
vn -0.0231 -0.8316 -0.5548
vn -0.0231 -0.8317 -0.5548
vn 0.6426 0.3477 -0.6828
vn 0.6577 0.4829 -0.5782
vn 0.6773 0.5470 -0.4920
vn 0.8708 0.1377 -0.4719
vn 0.9079 0.0913 -0.4092
vn 0.9411 -0.1251 -0.3142
vn 0.9445 -0.1506 -0.2921
vn -0.9704 -0.1609 -0.1803
vn -0.9697 -0.1864 -0.1581
vn -0.9588 0.0565 -0.2783
vn -0.9670 -0.2519 -0.0393
vn -0.9695 -0.2348 0.0701
vn -0.9589 -0.2796 0.0476
vn 0.1534 -0.3230 -0.9339
vn -0.1901 -0.0199 -0.9816
vn -0.1214 -0.0245 -0.9923
vn -0.1539 0.9841 -0.0882
vn -0.0264 0.9906 -0.1339
vn -0.0627 0.9907 -0.1209
vn 0.9794 -0.2017 -0.0089
vn 0.9818 -0.1708 -0.0826
vn 0.9776 -0.2024 -0.0586
vn 0.5119 0.1227 0.8502
vn 0.0692 0.0239 0.9973
vn 0.6217 0.0664 0.7804
vn 0.7622 0.2123 0.6115
vn 0.9462 -0.0446 0.3206
vn 0.8987 0.0151 0.4383
vn 0.0092 0.9135 -0.4068
vn 0.0183 0.9199 -0.3918
vn 0.9785 -0.1797 0.1009
vn 0.9659 -0.1481 0.2124
vn 0.5313 -0.0207 0.8470
vn 0.9070 -0.1020 0.4086
vn 0.9807 -0.1863 0.0593
vn -0.0473 0.9745 -0.2193
vn 0.1696 -0.4007 -0.9004
vn 0.1041 0.9829 -0.1521
vn -0.0402 0.9984 -0.0396
vn 0.0062 0.9974 -0.0713
vn -0.2603 -0.3332 -0.9062
vn -0.0203 -0.0251 -0.9995
vn 0.0468 -0.0178 -0.9987
vn -0.2690 -0.4115 -0.8708
vn -0.1762 -0.6320 -0.7547
vn -0.1499 -0.6300 -0.7620
vn -0.0113 0.9787 -0.2049
vn -0.0401 0.9755 -0.2163
vn -0.0925 -0.0809 -0.9924
vn -0.0517 -0.7552 -0.6534
vn -0.0315 -0.8020 -0.5965
vn 0.0087 -0.9915 -0.1295
vn 0.0096 -0.9916 -0.1288
vn -0.0648 -0.1915 -0.9793
vn -0.0718 0.2077 -0.9756
vn -0.0725 0.2108 -0.9748
vn -0.8198 0.1651 -0.5483
vn -0.2656 -0.0428 0.9631
vn -0.8339 -0.1392 0.5341
vn -0.8826 -0.0803 0.4632
vn -0.8167 -0.0186 0.5768
vn -0.9534 -0.2073 0.2192
vn -0.1035 0.9092 -0.4034
vn -0.7506 0.4546 -0.4795
vn -0.7451 0.3209 -0.5846
vn -0.7604 0.5161 -0.3943
vn -0.6770 0.1862 0.7121
vn 0.6496 0.7202 0.2436
vn -0.8602 -0.2642 -0.4361
vn -0.9738 -0.2271 0.0113
vn -0.9922 0.1098 -0.0596
vn -0.8874 0.0640 -0.4565
vn -0.0822 0.1935 -0.9777
vn 0.6188 0.4396 -0.6510
vn 0.6161 0.7039 -0.3536
vn 0.5111 0.6495 -0.5629
vn 0.9734 0.1730 -0.1502
vn 0.2194 -0.6470 0.7303
vn -0.3138 0.7604 0.5686
vn -0.8703 0.1293 -0.4752
vn -0.8795 -0.1548 0.4501
vn -0.5396 -0.7705 -0.3393
vn -0.5532 -0.3549 0.7537
vn 0.4802 -0.1213 0.8688
vn 0.9963 -0.0114 -0.0851
vn 0.8788 0.2025 0.4322
vn -0.4238 0.4813 -0.7673
vn -0.2029 0.4145 -0.8871
vn -0.5027 0.1227 -0.8557
vn -0.1944 0.1933 0.9617
vn -0.1874 0.1771 0.9662
vn 0.6025 0.5011 0.6212
vn -0.0383 0.2297 0.9725
vn -0.8439 -0.5353 -0.0350
vn -0.7700 -0.1765 0.6132
vn 0.2489 -0.6743 -0.6952
vn 0.0858 -0.6502 -0.7549
vn -0.6396 -0.5760 -0.5090
vn 0.2127 -0.6667 -0.7143
vn 0.2878 -0.8457 -0.4494
vn 0.8095 -0.2023 -0.5512
vn 0.8315 -0.0492 -0.5534
vn 0.7919 0.5819 0.1854
vn 0.7402 -0.6659 0.0931
vn 0.9498 0.0636 -0.3064
vn -0.0619 0.7370 -0.6730
vn -0.7144 0.6926 0.0997
vn -0.0138 0.9975 0.0699
vn -0.0092 -0.0157 -0.9998
vn -0.0360 -0.0233 -0.9991
vn -0.0008 0.0185 -0.9998
vn -0.0099 0.0658 -0.9978
vn -0.0525 -0.0739 -0.9959
vn -0.1266 0.0071 -0.9919
vn -0.1025 -0.0720 -0.9921
vn -0.1322 -0.0179 -0.9911
vn 0.0101 -0.0737 0.9972
vn 0.0022 -0.1210 0.9926
vn -0.8905 -0.2650 -0.3699
vn 0.6955 -0.6847 -0.2180
vn -0.1343 0.0634 -0.9889
vn -0.1418 0.0158 -0.9898
vn -0.0695 -0.0771 -0.9946
vn 0.0429 0.6375 0.7693
vn 0.6949 0.7191 -0.0009
vn 0.6391 0.5775 -0.5080
vn 0.6888 0.3708 -0.6230
vn 0.0534 0.5216 0.8515
vn -0.0478 0.4735 0.8795
vn -0.4908 0.1733 0.8539
vn -0.4975 0.1563 0.8533
vn 0.7274 0.6177 0.2988
vn -0.9278 -0.3708 0.0418
vn -0.7611 -0.5235 -0.3829
vn -0.9155 -0.3908 0.0951
vn 0.0904 -0.5785 -0.8107
vn 0.8382 0.1239 -0.5310
vn 0.9947 -0.0676 -0.0769
vn 0.1495 0.2652 -0.9525
vn 0.1177 0.5229 -0.8442
vn -0.9956 0.0910 0.0228
vn -0.9775 0.2109 0.0065
vn -0.1674 -0.5105 0.8434
vn 0.9793 -0.0993 0.1764
vn 0.9779 -0.0592 0.2007
vn 0.1247 0.7322 -0.6696
vn 0.0756 0.5835 -0.8086
vn -0.9886 -0.0247 -0.1484
vn -0.9990 -0.0069 -0.0450
vn -0.1436 -0.7450 0.6514
vn -0.1370 -0.6062 0.7834
vn 0.2064 -0.9638 0.1690
vn 0.4573 -0.8691 0.1882
vn -0.7565 -0.1930 0.6249
vn -0.7128 -0.0244 0.7009
vn -0.7257 0.5870 0.3589
vn -0.7530 0.5779 0.3147
vn 0.4016 0.7471 -0.5297
vn 0.2616 0.6316 -0.7298
vn 0.7914 -0.0019 -0.6114
vn 0.6854 0.0778 -0.7240
vn 0.0707 0.2406 0.9681
vn -0.0630 -0.0843 0.9944
vn 0.9642 -0.0032 0.2653
vn 0.9938 0.1055 -0.0361
vn -0.0650 0.1703 -0.9832
vn -0.1220 -0.0190 -0.9923
vn -0.9806 -0.0448 0.1910
vn -0.9977 0.0212 0.0638
vn -0.0150 0.6259 -0.7798
vn 0.3070 0.7645 -0.5669
vn 0.8236 -0.4420 -0.3555
vn -0.8705 0.4784 0.1154
vn -0.7896 0.5219 0.3227
vn -0.2566 -0.4901 0.8331
vn -0.1779 -0.8365 0.5183
vn -0.1751 -0.4861 0.8561
vn 0.9802 0.0264 0.1962
vn -0.4051 -0.9142 0.0098
vn -0.1254 -0.9910 0.0474
vn -0.8259 0.1857 -0.5323
vn -0.2308 -0.8576 0.4597
vn 0.9015 -0.3813 -0.2047
vn 0.3067 0.8338 -0.4590
vn -0.8855 0.4134 0.2122
vn 0.8859 -0.3400 -0.3157
vn -0.9848 -0.1483 -0.0909
vn -0.1520 -0.6740 0.7229
vn 0.9120 0.3209 0.2557
vn -0.0385 0.5744 -0.8176
vn -0.0806 0.4797 -0.8737
vn -0.8768 -0.2546 -0.4079
vn -0.0129 -0.2823 0.9593
vn 0.9559 -0.2404 0.1688
vn 0.9745 -0.2174 0.0549
vn -0.1155 0.3801 -0.9177
vn -0.1325 0.1436 -0.9807
vn 0.5854 0.1562 -0.7955
vn 0.5381 0.0481 -0.8415
vn 0.8074 -0.3571 0.4697
vn 0.8379 -0.1717 0.5181
vn 0.4967 -0.5090 0.7030
vn 0.8437 -0.1739 0.5079
vn 0.0252 -0.7324 0.6805
vn -0.6422 -0.4049 0.6508
vn -0.6082 -0.2857 0.7406
vn -0.7173 0.6225 -0.3131
vn -0.7973 0.4264 -0.4272
vn -0.1167 0.7185 -0.6856
vn 0.6410 0.3991 -0.6556
vn 0.7201 -0.6134 0.3244
vn -0.0254 -0.8038 0.5944
vn -0.6778 -0.5054 0.5340
vn -0.6703 0.6691 -0.3210
vn -0.0195 0.8049 -0.5930
vn 0.8849 -0.3000 0.3563
vn 0.8546 -0.0879 0.5119
vn 0.7183 0.6007 0.3509
vn 0.8080 0.5556 0.1961
vn -0.4991 0.7988 -0.3360
vn -0.4674 0.7951 -0.3864
vn -0.9183 0.0913 -0.3853
vn -0.3354 -0.9387 0.0803
vn 0.8436 -0.3395 0.4160
vn 0.7962 0.5770 0.1819
vn -0.0374 -0.2130 0.9763
vn 0.1177 0.0453 0.9920
vn -0.9907 0.1152 0.0728
vn 0.9870 -0.1057 0.1209
vn 0.0304 0.1961 -0.9801
vn -0.9942 0.0546 0.0931
vn 0.6744 0.4999 -0.5435
vn 0.6703 -0.6649 0.3296
vn -0.1426 -0.9341 0.3272
vn 0.9733 -0.2187 0.0704
vn 0.8711 0.4607 -0.1700
vn -0.5195 0.8040 -0.2894
vn -0.9635 0.2486 -0.0998
vn 0.6607 -0.7425 0.1101
vn 0.3528 -0.6216 0.6994
vn -0.1900 -0.8088 0.5566
vn 0.6388 -0.6355 0.4337
vn 0.3853 -0.7886 0.4792
vn 0.8999 0.2401 0.3639
vn 0.7911 0.2911 0.5380
vn 0.9885 0.0899 0.1214
vn 0.8174 -0.3108 -0.4849
vn 0.9249 -0.1956 -0.3260
vn 0.9504 -0.1878 -0.2481
vn -0.7716 -0.0902 -0.6297
vn -0.3210 -0.2565 -0.9117
vn -0.0510 -0.3684 -0.9283
vn -0.4889 -0.1977 -0.8496
vn -0.9725 0.0939 -0.2131
vn -0.8545 -0.0422 -0.5177
vn -0.9327 0.0307 -0.3592
vn 0.1076 0.0447 0.9932
vn -0.9173 -0.3749 0.1339
vn -0.0380 0.4821 0.8753
vn -0.9888 0.1324 0.0695
vn -0.8496 -0.3485 -0.3960
vn -0.8581 -0.1431 -0.4931
vn 0.1224 -0.5519 -0.8249
vn 0.6569 -0.3612 -0.6618
vn 0.7534 -0.3758 0.5396
vn 0.1311 0.9878 0.0841
vn 0.9200 0.1659 0.3550
vn 0.1385 0.7102 0.6903
vn -0.8973 -0.2467 -0.3660
vn -0.9315 0.3185 -0.1754
vn 0.6003 0.5479 -0.5827
vn 0.1535 -0.5612 -0.8133
vn 0.3036 0.1686 -0.9378
vn 0.4537 0.2248 -0.8623
vn 0.8076 0.3703 -0.4589
vn 0.0741 0.8612 -0.5029
vn -0.2262 0.9497 -0.2167
vn -0.9265 0.2739 0.2580
vn -0.8379 0.3609 0.4095
vn -0.6271 0.4288 0.6503
vn 0.5162 0.3978 0.7585
vn 0.3530 0.4309 0.8305
vn 0.1780 0.4229 0.8885
vn -0.0239 0.4900 0.8714
vn 0.7108 0.3389 0.6164
vn 0.7794 -0.6209 -0.0835
vn 0.1867 -0.9822 0.0209
vn 0.2828 -0.9577 0.0526
vn 0.1684 -0.9349 0.3124
vn -0.2605 -0.9655 0.0002
vn -0.1096 -0.9153 -0.3875
vn -0.5230 -0.8365 -0.1633
vn -0.3990 -0.8569 0.3264
vn 0.2735 -0.9540 -0.1230
vn -0.3583 -0.8873 -0.2902
vn -0.0898 -0.9861 0.1395
vn 0.2296 -0.9555 -0.1851
vn 0.7639 -0.4922 -0.4173
vn 0.8976 -0.3321 -0.2898
vn 0.7195 -0.4311 -0.5445
vn 0.7468 -0.4556 -0.4844
vn 0.6889 -0.7007 -0.1857
vn 0.7778 -0.2467 0.5781
vn 0.9728 -0.1137 0.2019
vn -0.8548 -0.0813 -0.5125
vn 0.9864 0.0520 0.1556
vn 0.9464 -0.2513 -0.2030
vn 0.6315 -0.6189 0.4672
vn 0.6617 -0.0979 0.7433
vn -0.1001 -0.0437 -0.9940
vn 0.4252 0.7836 -0.4530
vn 0.5748 -0.3584 -0.7356
vn -0.8221 0.4166 0.3881
vn -0.2002 -0.7829 0.5891
vn 0.9749 -0.0852 0.2057
vn -0.4519 0.8079 -0.3783
vn -0.9163 -0.0865 -0.3911
vn -0.5585 -0.2644 0.7862
vn -0.3402 0.7720 0.5370
vn 0.2109 0.0597 0.9757
vn 0.7415 -0.3707 -0.5592
vn 0.8969 -0.3283 -0.2964
vn -0.2789 0.5460 0.7900
vn -0.8887 0.3669 0.2748
vn 0.2472 -0.9362 0.2498
vn 0.8599 -0.4357 0.2659
vn 0.9492 -0.2862 0.1309
vn 0.7572 -0.6197 0.2065
vn 0.6231 -0.5444 0.5616
vn 0.7223 -0.6850 -0.0953
vn 0.4263 0.8905 0.1592
vn -0.0533 0.9740 -0.2203
vn -0.4827 0.8088 0.3359
vn 0.8542 0.4852 -0.1872
vn 0.1643 0.6999 0.6951
vn 0.7155 0.6951 0.0698
vn -0.9614 0.1688 -0.2174
vn -0.8322 -0.2470 0.4964
vn -0.1904 0.4137 0.8903
vn -0.5203 0.3592 -0.7748
vn 0.9109 -0.2112 -0.3544
vn 0.7100 -0.0045 -0.7042
vn 0.7219 -0.3948 0.5684
vn 0.6578 -0.6164 0.4329
vn 0.8688 -0.4719 0.1500
vn 0.8595 -0.4640 0.2144
vn 0.1642 -0.5531 -0.8168
vn 0.1683 -0.5197 -0.8376
vn -0.3531 -0.4869 -0.7989
vn -0.2019 -0.5171 -0.8318
vn -0.5952 -0.4825 -0.6426
vn -0.2487 -0.8205 -0.5147
vn -0.8672 -0.4543 -0.2039
vn -0.3507 -0.9333 -0.0773
vn 0.0156 0.0493 0.9987
vn 0.2253 0.0870 0.9704
vn -0.5303 0.0981 0.8421
vn -0.7291 0.0158 0.6842
vn -0.6803 0.0836 0.7282
vn -0.8388 -0.0069 0.5444
vn -0.1508 0.1543 0.9764
vn -0.1933 0.1562 0.9686
vn 0.3450 0.0841 0.9348
vn 0.5643 -0.0076 0.8256
vn 0.4425 0.0232 0.8965
vn -0.3845 -0.0339 0.9225
vn -0.3215 0.0138 0.9468
vn -0.1425 0.0675 0.9875
vn 0.1579 -0.2769 -0.9478
vn 0.2883 0.2556 0.9228
vn 0.4897 0.1999 0.8487
vn -0.7395 0.2318 -0.6320
vn 0.8152 -0.5725 -0.0880
vn 0.8285 -0.5550 -0.0744
vn 0.8156 -0.5724 -0.0845
vn -0.1082 -0.9901 0.0894
vn -0.9080 -0.1365 0.3962
vn -0.9572 0.2805 -0.0712
vn -0.1950 0.8891 0.4142
vn -0.1191 0.4471 0.8865
vn 0.0576 -0.8198 0.5698
vn 0.4641 0.7435 -0.4815
vn 0.7237 0.6777 0.1303
vn -0.2230 0.7742 -0.5923
vn -0.7149 -0.4051 -0.5700
vn -0.9413 -0.1909 0.2786
vn -0.9672 -0.0828 -0.2403
vn -0.9073 -0.4189 0.0371
vn -0.8380 -0.4285 -0.3378
vn 0.6392 -0.2241 -0.7357
vn 0.9672 0.0290 -0.2522
vn -0.0509 -0.3657 -0.9294
vn 0.8725 0.1345 0.4698
vn -0.4744 -0.4160 -0.7758
vn -0.4971 -0.5068 -0.7043
vn 0.1207 0.1383 -0.9830
vn 0.1039 0.0436 -0.9936
vn 0.1425 -0.0675 -0.9875
vn -0.0090 -0.0294 -0.9995
vn -0.0429 0.0679 -0.9968
vn -0.1903 0.0429 -0.9808
vn -0.0789 -0.0143 -0.9968
vn -0.4425 -0.0232 -0.8965
vn -0.5643 0.0076 -0.8256
vn -0.3450 -0.0841 -0.9348
vn -0.2253 -0.0870 -0.9704
vn -0.0369 -0.1138 -0.9928
vn 0.6803 -0.0836 -0.7282
vn 0.8388 0.0069 -0.5444
vn 0.1933 -0.1562 -0.9686
vn -0.5237 -0.4403 -0.7292
vn -0.5427 -0.5293 -0.6521
vn -0.5677 -0.8171 -0.1006
vn -0.8775 -0.4521 -0.1598
vn -0.0349 0.7035 0.7098
vn 0.8379 0.3621 0.4085
vn 0.8478 0.3228 0.4208
vn -0.6927 0.6956 0.1907
vn 0.2454 0.0661 -0.9672
vn 0.6007 -0.7944 -0.0896
vn 0.0056 0.8117 0.5840
vn 0.5283 0.3214 0.7859
vn 0.6237 -0.7730 0.1158
vn 0.8497 0.2603 0.4585
vn 0.6104 -0.7826 -0.1226
vn -0.4885 0.5454 0.6811
vn -0.8922 0.2999 0.3378
vn -0.9138 0.3188 0.2517
vn 0.5441 -0.3874 -0.7442
vn 0.5444 -0.4017 -0.7364
vn -0.5664 0.4112 0.7142
vn -0.5539 0.4257 0.7156
vn -0.5532 0.4265 0.7156
vn -0.5926 0.3802 0.7101
vn -0.5924 0.3809 0.7099
vn -0.5666 0.4115 0.7139
vn -0.7965 -0.1396 -0.5883
vn -0.7988 -0.1388 -0.5854
vn -0.8172 -0.1185 -0.5640
vn 0.0127 0.3596 -0.9330
vn 0.1832 0.2944 -0.9380
vn 0.7976 -0.6005 -0.0570
vn 0.9761 -0.2080 -0.0636
vn -0.0847 -0.2785 0.9567
vn 0.1613 -0.4066 0.8993
vn -0.5644 -0.0541 0.8237
vn -0.5437 -0.0661 0.8367
vn -0.5604 -0.0564 0.8263
vn -0.5387 -0.0689 0.8397
vn -0.8384 0.1661 -0.5192
vn -0.9678 0.2506 -0.0221
vn 0.9575 -0.1502 0.2461
vn 0.9497 -0.2155 0.2273
vn -0.2398 -0.7324 -0.6373
vn -0.1829 -0.7281 -0.6606
vn -0.9750 0.0339 -0.2198
vn -0.9924 0.0560 -0.1095
vn -0.1952 -0.0912 0.9765
vn -0.1419 -0.6851 0.7145
vn -0.1894 0.2659 0.9452
vn -0.0323 -0.9852 0.1686
vn -0.0420 -0.9753 0.2169
vn -0.1915 0.2236 0.9557
vn 0.1083 -0.8375 -0.5357
vn -0.0296 -0.9875 0.1550
vn 0.6353 -0.7700 0.0589
vn 0.1265 0.4746 0.8711
vn 0.1269 0.4480 0.8850
vn 0.1712 0.4407 0.8812
vn 0.0722 0.4292 0.9003
vn 0.6291 0.7760 -0.0457
vn -0.7609 -0.6209 0.1886
vn -0.8965 -0.1003 0.4315
vn 0.0701 0.2250 -0.9718
vn 0.9501 0.1424 -0.2774
vn -0.7567 0.6456 -0.1029
vn -0.7660 0.6283 -0.1359
vn 0.3269 -0.2842 -0.9013
vn -0.3023 -0.2161 -0.9284
vn 0.5754 -0.7898 0.2126
vn 0.4215 0.2431 0.8737
vn -0.1088 -0.1946 -0.9748
vn -0.0264 -0.4601 -0.8875
vn -0.5345 -0.6932 0.4834
vn -0.5574 -0.6625 0.5004
vn -0.8113 -0.1252 -0.5710
vn 0.7981 0.1843 0.5737
vn 0.8063 0.1812 0.5630
vn -0.8012 -0.1380 -0.5822
vn -0.8008 -0.1366 -0.5832
vn -0.8007 -0.1484 -0.5804
vn 0.2952 0.8961 -0.3316
vn 0.3039 0.9030 -0.3037
vn 0.2644 0.9198 -0.2899
vn 0.3600 0.8860 -0.2922
vn -0.6223 0.4147 -0.6638
vn 0.9072 0.0584 -0.4166
vn -0.0602 0.6778 0.7327
vn -0.1209 0.1778 -0.9766
vn -0.4764 0.5977 0.6448
vn 0.4200 0.8392 0.3455
vn -0.3766 -0.8062 0.4564
vn -0.4384 0.8378 -0.3256
vn -0.8526 0.5068 0.1275
vn 0.5558 0.7707 -0.3118
vn 0.0848 0.5580 0.8255
vn 0.0673 0.5842 0.8088
vn -0.4872 -0.8701 0.0749
vn 0.7659 0.4561 0.4532
vn 0.6788 0.2418 -0.6934
vn -0.0698 0.5852 0.8079
vn -0.1070 0.6249 0.7733
vn 0.7717 0.1120 -0.6261
vn 0.8681 0.4275 -0.2522
vn -0.3253 -0.9184 0.2253
vn 0.1572 -0.8201 -0.5502
vn 0.0321 -0.8417 -0.5390
vn -0.5020 -0.6606 -0.5582
vn -0.7096 -0.6432 -0.2876
vn -0.1614 -0.9409 0.2979
vn -0.6749 -0.7322 0.0911
vn -0.5389 -0.8323 -0.1300
vn 0.1094 -0.1374 0.9845
vn 0.2691 0.7591 -0.5928
vn -0.4308 0.8962 -0.1058
vn 0.5439 0.7648 -0.3453
vn -0.3301 -0.1371 -0.9339
vn -0.4179 -0.0679 -0.9059
vn 0.5127 -0.8573 0.0463
vn 0.8385 -0.5449 0.0006
vn 0.4885 -0.8692 0.0766
vn -0.0561 0.9350 -0.3501
vn -0.0502 0.9664 -0.2522
vn 0.0051 0.9494 -0.3141
vn 0.0169 0.9882 -0.1520
vn -0.6172 0.5802 -0.5315
vn -0.7117 0.6447 -0.2790
vn -0.8293 -0.1197 -0.5458
vn -0.2907 0.4416 -0.8488
vn -0.4402 -0.2441 -0.8641
vn -0.1264 0.7911 -0.5985
vn -0.2837 -0.6988 -0.6566
vn -0.4842 0.0492 -0.8736
vn -0.8838 -0.2136 -0.4163
vn -0.1603 -0.5708 0.8053
vn 0.3242 0.6340 0.7021
vn -0.0658 -0.7650 0.6406
vn 0.2091 -0.9342 0.2890
vn -0.2307 -0.5725 0.7868
vn -0.0812 0.9966 -0.0168
vn -0.9168 0.2595 -0.3034
vn -0.6850 0.7197 -0.1131
vn 0.5289 -0.8480 0.0351
vn -0.3603 -0.9323 0.0321
vn -0.8351 -0.0487 -0.5480
vn 0.6910 -0.0153 0.7226
vn 0.4193 0.2730 0.8658
vn 0.9736 -0.1004 0.2049
vn -0.3151 0.3547 0.8803
vn -0.6116 0.2277 0.7577
vn -0.9571 0.2540 0.1392
vn -0.7747 -0.2703 0.5717
vn 0.6082 -0.5953 0.5251
vn 0.9127 -0.3763 0.1596
vn -0.5645 -0.5183 -0.6424
vn -0.4684 -0.3724 -0.8012
vn -0.7427 0.6468 -0.1731
vn -0.3202 -0.8194 0.4755
vn -0.4462 -0.2178 -0.8680
vn -0.8918 0.2543 -0.3742
vn 0.7766 -0.6016 0.1868
vn 0.6779 -0.0569 0.7329
vn 0.4188 0.1674 0.8925
vn -0.7740 0.6164 0.1447
vn -0.7928 0.4905 -0.3618
vn 0.2810 -0.0223 -0.9594
vn -0.3581 -0.5177 0.7770
vn -0.1944 -0.6026 0.7740
vn -0.6730 -0.7231 0.1556
vn -0.1855 -0.7227 -0.6658
vn -0.8191 0.3507 0.4539
vn 0.3291 0.9103 0.2510
vn 0.1050 0.9016 0.4197
vn 0.1325 0.8934 0.4293
vn 0.1210 0.9299 0.3473
vn 0.5103 -0.1072 -0.8533
vn 0.4202 -0.1380 -0.8969
vn 0.0091 -0.0992 -0.9950
vn 0.0875 0.7112 0.6975
vn 0.0819 0.6905 0.7187
vn 0.1004 0.7530 0.6504
vn 0.1450 0.9391 0.3114
vn 0.1578 0.9806 0.1160
vn -0.0426 -0.0509 -0.9978
vn 0.0661 0.4925 0.8678
vn 0.7211 -0.6465 0.2493
vn 0.6735 -0.7027 0.2294
vn -0.7100 0.6669 -0.2261
vn 0.4980 -0.5821 0.6428
vn 0.4850 -0.5566 0.6745
vn -0.4795 -0.3929 0.7846
vn -0.5051 -0.4133 0.7576
vn 0.9632 -0.0008 0.2687
vn -0.3349 0.9406 0.0554
vn -0.3349 0.9406 0.0555
vn -0.9692 -0.0244 -0.2451
vn 0.4822 -0.4158 0.7711
vn -0.1721 -0.7468 0.6424
vn -0.8920 -0.3087 -0.3301
vn -0.5309 -0.4624 0.7101
vn -0.9086 -0.2311 -0.3479
vn 0.7939 -0.5249 0.3069
vn 0.9669 -0.2059 -0.1507
vn 0.9808 -0.1164 -0.1566
vn -0.5649 -0.6552 0.5016
vn -0.6116 -0.6619 0.4334
vn 0.0577 0.9213 0.3845
vn 0.7252 0.5187 0.4529
vn 0.0761 -0.2847 0.9556
vn -0.4491 -0.3503 0.8220
vn -0.3218 -0.9370 0.1360
vn -0.8946 -0.3830 0.2303
vn -0.9257 -0.2889 -0.2441
vn -0.7767 -0.6218 -0.1003
vn -0.7897 -0.5464 0.2790
vn -0.5476 -0.7887 -0.2795
vn 0.5197 -0.1772 -0.8358
vn 0.0079 0.0370 -0.9993
vn -0.4627 0.1172 -0.8787
vn -0.5424 0.0836 -0.8360
vn -0.1238 -0.6618 0.7394
vn 0.8956 -0.3139 -0.3151
vn -0.7459 0.0353 -0.6651
vn -0.4931 0.6563 -0.5711
vn -0.3135 0.2728 -0.9096
vn -0.5694 0.2998 -0.7654
vn 0.7826 0.1296 -0.6089
vn 0.1350 -0.6992 -0.7021
vn 0.1949 0.1068 -0.9750
vn 0.5578 -0.7042 -0.4392
vn 0.6164 -0.7812 -0.0986
vn -0.5293 -0.7833 -0.3261
vn -0.3544 -0.7114 -0.6068
vn 0.6763 0.6676 -0.3114
vn 0.1248 0.7770 -0.6170
vn -0.0012 0.9881 -0.1541
vn 0.9735 -0.0387 -0.2253
vn -0.8115 -0.0413 -0.5829
vn -0.4886 0.1258 -0.8634
vn -0.5093 0.6556 -0.5575
vn 0.1689 -0.2829 -0.9441
vn 0.4460 0.3189 -0.8363
vn 0.6445 0.0614 -0.7622
vn -0.2517 -0.2455 -0.9362
vn 0.1737 0.2819 -0.9436
vn 0.3842 0.6728 -0.6323
vn -0.0463 0.6259 -0.7785
vn -0.0890 0.0556 -0.9945
vn 0.0271 -0.4098 -0.9118
vn -0.2877 -0.2915 -0.9123
vn 0.1282 -0.2384 -0.9627
vn -0.9641 0.0757 -0.2544
vn -0.1955 0.0870 0.9768
vn -0.1166 0.8083 0.5771
vn -0.4453 0.6941 0.5656
vn -0.5560 0.0871 0.8266
vn 0.0228 0.9924 -0.1211
vn -0.7762 0.4267 0.4641
vn -0.8084 0.1226 0.5758
vn -0.9931 0.0074 -0.1173
vn -0.6491 0.7395 -0.1783
vn -0.9737 -0.0174 -0.2270
vn -0.0313 0.9858 -0.1647
vn -0.1826 -0.9754 0.1236
vn -0.0859 -0.9896 0.1154
vn 0.8786 -0.4746 -0.0530
vn 0.1448 0.9387 0.3129
vn 0.1046 0.7557 0.6465
vn 0.0147 0.9724 0.2330
vn 0.2329 0.9390 0.2529
vn 0.9441 -0.0319 -0.3281
vn 0.9821 -0.0115 0.1878
vn 0.9990 -0.0189 0.0416
vn 0.3201 0.1405 0.9369
vn 0.4938 0.0850 0.8654
vn 0.8560 0.0271 0.5162
vn 0.9289 0.0085 0.3703
vn -0.0021 0.1697 0.9855
vn -0.8499 0.2440 0.4671
vn -0.9205 0.2503 0.3000
vn -0.7578 0.2004 0.6209
vn -0.6021 0.2447 0.7600
vn -0.9657 0.2535 0.0562
vn -0.9692 0.2374 -0.0647
vn 0.8984 -0.3738 -0.2306
vn 0.9192 -0.2771 -0.2799
vn 0.6695 0.7053 -0.2329
vn 0.9626 0.0226 -0.2700
vn 0.3971 0.6319 -0.6656
vn 0.5765 0.0281 -0.8166
vn -0.0241 0.9968 -0.0764
vn 0.2647 -0.5378 -0.8004
vn 0.1353 -0.6273 -0.7670
vn -0.0509 -0.4954 -0.8672
vn 0.4509 0.1064 -0.8862
vn -0.0720 0.2150 -0.9739
vn 0.2762 0.5172 -0.8101
vn -0.0676 0.5792 -0.8124
vn 0.1843 0.7578 -0.6259
vn -0.0609 0.7352 -0.6752
vn 0.0213 0.4313 -0.9020
vn -0.5755 0.0853 -0.8133
vn -0.3613 -0.5476 -0.7547
vn -0.4050 0.5043 -0.7626
vn -0.2976 0.7488 -0.5922
vn -0.6850 0.0044 -0.7285
vn -0.5090 0.6149 -0.6023
vn -0.0682 0.5599 -0.8257
vn -0.0700 0.0210 -0.9973
vn -0.0647 -0.4084 0.9105
vn 0.3548 -0.8809 0.3132
vn 0.2342 -0.9677 0.0937
vn 0.2919 -0.9299 -0.2239
vn -0.0684 0.9895 0.1269
vn -0.2065 0.7859 0.5828
vn 0.0345 0.7174 0.6959
vn -0.2441 -0.5948 0.7659
vn -0.1565 0.1737 0.9723
vn -0.4082 0.0465 0.9117
vn -0.0679 -0.0810 -0.9944
vn 0.1504 0.0398 -0.9878
vn -0.1113 0.6092 -0.7852
vn -0.0151 -0.7366 -0.6762
vn 0.6651 0.1077 -0.7390
vn 0.5026 -0.2878 0.8152
vn 0.5104 0.0710 0.8570
vn 0.1987 -0.7630 0.6151
vn 0.9966 0.0287 -0.0766
vn 0.9966 0.0312 -0.0763
vn 0.9966 0.0290 -0.0766
vn 0.9966 0.0263 -0.0786
vn 0.5924 0.1708 -0.7873
vn 0.6152 -0.2536 -0.7465
vn -0.0029 0.9860 0.1664
vn 0.0453 0.9912 0.1243
vn -0.2737 -0.8932 0.3568
vn 0.3699 -0.5826 0.7237
vn 0.5055 0.1555 0.8487
vn 0.4071 0.7940 0.4514
vn 0.4664 0.6821 0.5631
vn 0.1664 0.9855 0.0335
vn 0.0847 0.9964 0.0042
vn -0.0195 0.9981 -0.0591
vn 0.3350 -0.6604 -0.6721
vn -0.4678 -0.8267 -0.3126
vn 0.3068 0.8520 -0.4242
vn 0.1754 0.9571 -0.2307
vn 0.3600 0.9308 0.0638
vn 0.4945 0.4355 -0.7523
vn -0.3593 0.9298 -0.0801
vn 0.0536 0.9807 -0.1883
vn 0.5938 0.4429 -0.6718
vn 0.4034 0.6098 -0.6822
vn 0.3074 0.0416 -0.9507
vn 0.7157 0.1186 -0.6882
vn 0.7396 -0.2423 -0.6279
vn -0.1030 -0.1083 -0.9888
vn -0.1683 0.4345 -0.8848
vn 0.4757 -0.1074 -0.8730
vn 0.0655 0.9789 -0.1934
vn -0.4176 0.6697 0.6141
vn -0.1968 0.9787 0.0588
vn -0.1205 0.9925 0.0185
vn -0.0262 0.9979 -0.0586
vn -0.4403 -0.8866 0.1415
vn -0.4847 -0.8421 -0.2362
vn -0.8182 -0.5647 0.1078
vn -0.8268 -0.3684 -0.4251
vn -0.9980 -0.0091 0.0629
vn -0.9980 -0.0176 0.0600
vn -0.9979 -0.0102 0.0632
vn -0.9980 -0.0092 0.0627
vn -0.2542 0.9640 -0.0775
vn -0.2921 0.9510 -0.1012
vn -0.2413 0.9493 -0.2016
vn -0.3942 0.8389 -0.3754
vn -0.7213 0.6792 -0.1358
vn -0.9909 -0.0141 -0.1337
vn -0.3742 -0.3044 0.8760
vn 0.6310 0.7639 0.1354
vn 0.9934 -0.0431 0.1059
vn 0.1215 -0.9128 0.3900
vn -0.2728 -0.9515 0.1424
vn 0.9951 0.0988 0.0074
vn 0.9626 0.1843 -0.1985
vn 0.9964 -0.0273 -0.0801
vn 0.9408 0.2244 -0.2542
vn 0.5708 0.4058 0.7138
vn 0.5573 0.0757 0.8268
vn 0.5369 0.4284 0.7268
vn 0.5244 0.1245 0.8424
vn -0.7033 0.1390 -0.6972
vn 0.8992 0.2974 -0.3208
vn 0.1991 0.8511 0.4858
vn -0.3730 0.8503 0.3714
vn 0.6388 -0.1466 -0.7553
vn 0.1508 -0.9535 0.2609
vn 0.5666 -0.8240 0.0041
vn 0.2738 -0.9577 -0.0888
vn -0.0419 -0.8507 -0.5239
vn 0.4152 -0.7924 -0.4469
vn 0.5329 -0.8204 -0.2072
vn 0.0562 -0.9925 -0.1089
vn -0.2547 -0.9563 -0.1437
vn 0.6657 0.7414 0.0847
vn 0.9618 0.0102 0.2737
vn 0.7625 0.6468 0.0158
vn 0.9862 -0.0147 0.1650
vn 0.0865 -0.1321 0.9875
vn 0.0804 0.2062 0.9752
vn 0.1135 -0.7248 0.6796
vn -0.0533 -0.8277 0.5587
vn -0.9302 0.2461 -0.2723
vn -0.8223 0.1746 -0.5416
vn -0.4540 0.0073 -0.8910
vn -0.2590 -0.0757 -0.9629
vn -0.5253 -0.0020 -0.8509
vn 0.8655 -0.0521 -0.4981
vn 0.6853 -0.1226 -0.7178
vn -0.6222 0.2249 0.7498
vn -0.6347 0.2494 0.7314
vn 0.8308 -0.0754 -0.5514
vn 0.9966 0.0207 -0.0793
vn 0.9967 0.0276 -0.0763
vn 0.2396 0.9610 -0.1382
vn 0.2049 0.9726 -0.1095
vn -0.5546 -0.0774 -0.8285
vn -0.7074 0.2951 -0.6422
vn -0.2982 -0.1480 -0.9430
vn -0.6666 0.2100 0.7152
vn -0.3660 0.9163 -0.1622
vn -0.3009 0.9068 -0.2951
vn 0.6001 -0.0209 -0.7997
vn 0.6206 0.0292 -0.7836
vn 0.0650 0.1854 0.9805
vn -0.0271 0.9922 -0.1216
vn 0.0897 0.9860 -0.1405
vn 0.7726 0.5820 -0.2536
vn 0.9757 -0.1175 -0.1848
vn 0.0402 0.9883 -0.1474
vn 0.0327 -0.9780 0.2059
vn -0.9980 -0.0067 0.0631
vn -0.9981 -0.0130 0.0602
vn -0.9592 -0.1545 -0.2367
vn -0.9404 0.0080 -0.3400
vn -0.0491 -0.5301 -0.8465
vn 0.0633 -0.2954 -0.9533
vn 0.8965 -0.2938 -0.3318
vn 0.9487 -0.0598 -0.3105
vn 0.7051 0.2906 0.6469
vn 0.7155 0.2682 0.6451
vn -0.9563 0.2386 -0.1689
vn -0.2757 0.3098 -0.9100
vn 0.5037 0.2495 -0.8270
vn 0.8070 -0.2848 -0.5173
vn 0.5370 0.1117 -0.8362
vn -0.1343 0.9854 0.1042
vn -0.6323 0.2518 -0.7327
vn 0.3306 0.8970 0.2933
vn -0.4965 -0.0742 -0.8649
vn -0.2876 -0.9561 0.0571
vn -0.3677 0.1800 -0.9124
vn -0.2309 -0.9727 -0.0235
vn -0.0569 -0.8383 0.5422
vn 0.0982 -0.8318 0.5464
vn 0.4410 0.4657 0.7672
vn 0.2861 0.9053 0.3141
vn 0.3667 0.5277 0.7662
vn -0.1794 0.3054 -0.9352
vn -0.0689 -0.0786 -0.9945
vn -0.0877 -0.9915 -0.0961
vn -0.2980 -0.9510 0.0825
vn 0.0035 -0.7350 0.6780
vn -0.0645 -0.8084 0.5851
vn 0.4139 0.5397 0.7330
vn 0.0982 0.7667 0.6345
vn -0.1070 0.9521 -0.2865
vn 0.4439 0.8119 0.3791
vn -0.2048 0.9707 -0.1256
vn 0.3076 0.1000 -0.9463
vn 0.8741 -0.1426 -0.4643
vn -0.2838 0.0449 0.9578
vn 0.6616 -0.3835 0.6444
vn -0.7328 0.0396 0.6793
vn -0.3251 -0.0805 0.9422
vn 0.8678 -0.3074 -0.3904
vn 0.6759 -0.1105 -0.7287
vn 0.6453 -0.6628 0.3799
vn 0.0447 -0.6772 0.7345
vn -0.8104 -0.2114 0.5465
vn -0.4451 0.7243 -0.5266
vn -0.4543 0.6573 -0.6013
vn -0.6472 0.2763 -0.7104
vn 0.3262 0.7201 -0.6124
vn 0.5330 0.3068 -0.7886
vn 0.3530 0.6854 -0.6369
vn 0.4424 0.4228 -0.7909
vn 0.7887 0.0309 -0.6141
vn 0.3736 -0.0982 -0.9224
vn 0.2726 0.5699 -0.7752
vn -0.0716 0.1656 -0.9836
vn -0.0911 0.2345 -0.9678
vn -0.1725 0.2766 -0.9454
vn -0.0717 0.3079 -0.9487
vn -0.1186 0.4440 -0.8881
vn 0.1743 0.2348 -0.9563
vn -0.0178 0.4545 -0.8906
vn -0.0447 0.3158 -0.9478
vn 0.6565 0.1462 -0.7401
vn -0.0698 0.0641 -0.9955
vn 0.0830 0.7905 -0.6068
vn -0.9845 0.0077 -0.1754
vn -0.2628 -0.8407 0.4734
vn 0.9304 -0.0998 0.3527
vn 0.0879 0.8282 -0.5535
vn -0.9629 -0.1214 -0.2412
vn -0.4351 0.2450 -0.8664
vn 0.1263 -0.9876 -0.0934
vn 0.2218 -0.9191 -0.3255
vn -0.9766 -0.2084 0.0526
vn -0.9106 -0.2099 0.3560
vn -0.9616 -0.2471 0.1197
vn -0.9535 -0.2316 0.1929
vn 0.9716 -0.2177 -0.0928
vn 0.9639 -0.2098 -0.1640
vn 0.4974 -0.7040 0.5069
vn 0.4811 0.5574 0.6767
vn 0.4631 -0.8133 0.3523
vn 0.1772 0.6542 0.7352
vn -0.2433 0.9635 0.1119
vn -0.4876 -0.1175 -0.8651
vn -0.8647 -0.0058 -0.5022
vn -0.5829 0.4032 -0.7055
vn 0.2394 0.2536 -0.9372
vn -0.9695 -0.0930 -0.2269
vn -0.1822 -0.4031 0.8969
vn 0.9948 -0.0784 -0.0653
vn -0.0163 -0.0181 -0.9997
vn 0.9226 0.3246 -0.2084
vn 0.8689 0.4937 0.0351
vn -0.2775 0.8501 -0.4476
vn -0.6911 0.5895 0.4182
vn -0.6902 0.5853 0.4256
vn -0.7860 -0.0982 0.6104
vn 0.2496 0.7766 -0.5785
vn 0.3927 0.7986 -0.4562
vn 0.7208 -0.0282 -0.6926
vn 0.7530 0.1929 -0.6291
vn 0.1529 -0.9672 0.2027
vn 0.2493 -0.9684 -0.0078
vn 0.0765 -0.7923 0.6053
vn 0.4454 -0.8132 0.3745
vn -0.9039 -0.3690 -0.2162
vn -0.9334 -0.3329 0.1342
vn -0.3757 0.7167 -0.5876
vn -0.1558 0.9836 -0.0910
vn 0.0695 -0.6243 -0.7781
vn 0.0978 -0.6251 -0.7744
vn 0.0862 -0.4762 0.8751
vn -0.8897 -0.3030 -0.3415
vn 0.1004 0.5843 -0.8053
vn 0.8760 0.4388 0.2002
vn -0.9788 0.1966 0.0568
vn 0.9909 -0.0042 0.1347
vn -0.3269 0.9379 0.1165
vn 0.5141 -0.0128 -0.8576
vn -0.4035 0.6004 -0.6904
vn -0.7607 0.1119 -0.6394
vn 0.3809 -0.8985 -0.2183
vn 0.0527 -0.7764 0.6281
vn -0.3317 0.6345 0.6982
vn 0.1081 0.9815 -0.1579
vn -0.7890 0.5515 0.2709
vn -0.6209 -0.3537 0.6995
vn 0.2513 -0.9640 0.0873
vn -0.0829 -0.8182 0.5690
vn -0.5484 0.5914 0.5912
vn 0.9560 -0.2165 -0.1978
vn 0.9504 -0.2382 -0.2001
vn 0.0086 0.9279 0.3727
vn 0.3094 0.8313 0.4617
vn 0.1436 0.9868 0.0746
vn 0.0386 0.6773 0.7347
vn -0.0184 0.9998 0.0061
vn 0.0575 0.3770 0.9244
vn -0.4309 0.2881 0.8551
vn 0.0654 0.1723 0.9829
vn 0.7261 -0.2600 0.6366
vn 0.6935 -0.3748 0.6153
vn 0.6766 -0.4220 0.6035
vn 0.2417 -0.6083 0.7560
vn -0.4799 -0.8763 0.0428
vn 0.4424 -0.7604 0.4755
vn -0.2248 -0.9304 0.2895
vn -0.6740 -0.0587 -0.7364
vn -0.3260 0.8729 -0.3630
vn -0.8872 0.0122 -0.4612
vn -0.2496 0.6109 -0.7514
vn 0.3986 0.9163 -0.0379
vn 0.3041 0.8877 -0.3457
vn 0.6096 0.0975 0.7867
vn 0.8815 -0.0073 0.4720
vn -0.1687 -0.9855 -0.0162
vn 0.6658 -0.7451 0.0399
vn -0.4017 0.6058 -0.6868
vn 0.8471 0.1103 -0.5199
vn -0.6014 0.1392 0.7867
vn -0.0856 0.6251 -0.7758
vn -0.0521 0.0563 -0.9971
vn -0.1382 -0.4129 -0.9002
vn 0.6170 0.1410 -0.7742
vn -0.0517 -0.4872 -0.8718
vn -0.0718 0.1729 -0.9823
vn 0.5852 -0.3836 -0.7144
vn -0.0833 0.9927 -0.0872
vn -0.1687 0.9809 0.0965
vn -0.3456 0.4736 0.8101
vn -0.6434 0.2976 0.7053
vn -0.9328 0.1040 -0.3450
vn 0.6315 -0.5248 0.5708
vn -0.7261 0.2600 -0.6366
vn -0.6315 0.5248 -0.5708
vn -0.7466 0.1511 -0.6479
vn -0.5729 0.3492 0.7415
vn -0.4988 -0.7716 0.3948
vn -0.0280 0.9905 -0.1346
vn 0.9901 0.0060 -0.1405
vn 0.9901 0.0584 -0.1277
vn 0.1057 0.9932 -0.0482
vn 0.4367 0.4884 0.7555
vn 0.5340 0.3064 0.7880
vn 0.7224 0.3236 0.6110
vn -0.3541 -0.8863 0.2984
vn 0.2910 -0.9236 0.2496
vn 0.1368 -0.6220 0.7710
vn 0.5719 -0.0323 -0.8197
vn 0.8140 0.0445 -0.5792
vn 0.2354 0.8865 -0.3984
vn 0.1226 0.6217 -0.7736
vn -0.4413 0.8969 0.0281
vn -0.3821 0.8748 -0.2978
vn -0.1693 0.5388 0.8252
vn 0.7727 0.5335 -0.3440
vn -0.9546 -0.0325 0.2962
vn -0.5783 0.8064 -0.1241
vn -0.9841 0.1266 -0.1242
vn 0.1603 0.9864 -0.0368
vn -0.7234 0.1158 -0.6807
vn -0.9093 0.0120 -0.4159
vn -0.6640 -0.4071 -0.6272
vn -0.0610 0.7336 -0.6768
vn -0.6508 0.5657 -0.5064
vn -0.0443 0.9213 -0.3863
vn -0.1392 0.2334 -0.9624
vn -0.7503 0.5577 -0.3551
vn -0.1583 0.7382 -0.6558
vn -0.7364 -0.0172 -0.6763
vn -0.6551 -0.3720 0.6576
vn 0.0303 -0.7110 0.7026
vn -0.6388 -0.4490 0.6248
vn -0.0885 -0.3050 0.9482
vn 0.7530 -0.5461 0.3670
vn 0.7331 0.0309 0.6794
vn 0.6466 0.3969 -0.6515
vn 0.6469 0.4627 -0.6061
vn -0.3885 0.8486 -0.3592
vn 0.3274 0.7696 -0.5482
vn -0.0302 -0.7680 -0.6398
vn 0.8417 0.0449 -0.5381
vn 0.5526 0.5883 -0.5904
vn 0.9732 0.1444 0.1792
vn 0.3512 0.6284 -0.6941
vn 0.2795 0.6186 -0.7343
vn -0.9146 0.0772 -0.3969
vn 0.6992 0.1636 0.6959
vn 0.7511 0.2366 0.6163
vn 0.3054 0.9290 -0.2091
vn 0.2229 0.9167 -0.3317
vn -0.7041 -0.0454 -0.7087
vn -0.7240 0.0039 -0.6897
vn -0.9436 0.1084 0.3130
vn -0.4675 0.6130 -0.6370
vn -0.4238 -0.5311 0.7337
vn -0.8317 -0.0739 0.5503
vn 0.6146 -0.7129 0.3378
vn 0.9582 0.0141 -0.2858
vn 0.6721 0.5852 -0.4537
vn 0.6367 0.0132 -0.7710
vn -0.0034 0.2400 -0.9708
vn 0.7531 -0.3474 0.5587
vn 0.7356 -0.4237 0.5285
vn 0.0930 -0.7104 0.6976
vn 0.2299 -0.3042 0.9245
vn -0.6736 -0.5737 0.4659
vn -0.6328 0.0035 0.7743
vn -0.7441 0.3745 -0.5532
vn -0.7418 0.4371 -0.5087
vn 0.0383 0.7426 -0.6687
vn -0.4222 0.7540 -0.5033
vn 0.3076 0.8570 -0.4135
vn 0.9021 -0.0412 0.4295
vn 0.5402 -0.5101 0.6693
vn -0.5377 -0.7303 0.4213
vn -0.9882 -0.0233 -0.1516
vn 0.9899 -0.1218 0.0720
vn 0.5777 -0.6856 -0.4430
vn -0.3654 -0.7877 -0.4960
vn 0.2892 -0.5213 -0.8029
vn -0.1477 -0.9745 -0.1687
vn -0.8936 0.0458 0.4466
vn -0.4124 0.4278 0.8043
vn -0.8078 -0.1305 0.5748
vn -0.4835 0.7591 0.4358
vn 0.3657 0.7889 0.4938
vn 0.1503 0.9715 0.1835
vn 0.8974 -0.0489 -0.4385
vn 0.8021 0.1346 -0.5818
vn -0.1447 -0.9874 -0.0635
vn 0.5729 -0.3492 -0.7415
vn 0.6623 0.2611 -0.7023
vn 0.1447 0.9874 0.0635
vn 0.8548 -0.3080 0.4177
vn 0.6926 -0.5388 0.4796
vn -0.8548 0.3080 -0.4177
vn -0.6926 0.5388 -0.4796
vn -0.8988 0.2113 -0.3842
vn -0.1495 0.6761 0.7215
vn -0.4382 -0.4624 0.7709
vn -0.4382 -0.4624 0.7708
vn -0.3458 -0.8802 0.3250
vn -0.3782 -0.5338 -0.7563
vn -0.8796 0.1030 -0.4645
vn -0.5365 -0.7845 0.3111
vn 0.0404 -0.9674 0.2499
vn 0.9507 0.1634 -0.2637
vn 0.5242 0.8256 -0.2088
vn -0.2046 0.9787 -0.0158
vn -0.9651 -0.1586 0.2084
vn -0.6076 -0.7078 -0.3603
vn 0.3221 -0.7748 -0.5440
vn 0.1591 -0.9688 -0.1902
vn 0.9446 0.0803 0.3182
vn 0.8841 -0.0987 0.4567
vn 0.5038 0.4450 0.7403
vn -0.2731 0.8204 0.5024
vn -0.9596 -0.2734 -0.0665
vn -0.9663 -0.2497 -0.0628
vn -1.0000 -0.0083 0.0037
vn -0.9983 0.0553 0.0193
vn 0.0705 -0.0493 0.9963
vn 0.5106 0.7778 0.3665
vn -0.3228 0.7760 0.5419
vn -0.1595 0.9656 0.2052
vn -0.9471 -0.0836 -0.3097
vn 0.1495 -0.6761 -0.7215
vn 0.3632 -0.1321 -0.9223
vn 0.3458 0.8802 -0.3250
vn 0.1999 -0.8947 0.3994
vn 0.1997 -0.8943 0.4004
vn 0.2002 -0.8953 0.3980
vn -0.9783 -0.2024 0.0453
vn -0.9783 -0.2021 0.0453
vn -0.9783 -0.2020 0.0452
vn -0.9784 -0.2019 0.0451
vn -0.9784 -0.2017 0.0450
vn -0.9783 -0.2020 0.0453
vn -0.9784 -0.2016 0.0449
vn -0.5891 -0.7873 -0.1819
vn -0.7840 -0.5789 0.2242
vn -0.7366 -0.6412 0.2151
vn -0.7118 -0.6295 -0.3115
vn -0.4533 -0.7381 -0.4998
vn -0.1097 -0.4745 -0.8734
vn -0.1716 -0.5525 -0.8157
vn -0.7513 -0.6222 0.2199
vn -0.7627 -0.6465 0.0207
vn -0.7908 -0.5803 -0.1948
vn 0.4140 -0.1290 -0.9011
vn 0.1226 -0.3521 -0.9279
vn 0.4141 -0.1290 -0.9011
vn -0.1855 -0.5276 -0.8290
vn -0.2728 0.2448 0.9304
vn -0.2729 0.2448 0.9304
vn -0.5462 0.7567 -0.3593
vn 0.7112 0.6455 0.2784
vn 0.7751 0.6192 0.1259
vn 0.6273 0.6538 0.4232
vn 0.7392 0.6372 0.2183
vn 0.8105 0.5857 0.0014
vn 0.8193 0.3933 -0.4171
vn 0.8364 0.5159 -0.1850
vn 0.6542 0.1175 -0.7471
vn 0.7956 0.6028 0.0600
vn 0.5938 0.6523 0.4711
vn 0.7775 0.2983 -0.5537
vn 0.7068 0.1861 -0.6825
vn 0.6837 0.1549 -0.7131
vn 0.8049 0.3553 -0.4753
vn 0.2038 -0.8945 0.3979
vn 0.2039 -0.8943 0.3983
vn 0.2037 -0.8947 0.3975
vn 0.2040 -0.8941 0.3986
vn 0.1994 -0.8936 0.4021
vn -0.3423 0.8520 -0.3960
vn 0.2063 -0.8922 0.4018
vn 0.2063 -0.8922 0.4017
vn 0.9006 0.3109 0.3037
vn 0.9831 0.1800 -0.0328
vn 0.9830 0.1805 -0.0343
vn 0.9002 0.3104 0.3054
vn 0.6274 0.4072 0.6638
vn 0.6265 0.4067 0.6649
vn 0.3025 0.4198 0.8557
vn 0.2983 0.4069 0.8634
vn 0.1514 0.3324 0.9309
vn 0.1466 0.3144 0.9379
vn 0.1224 0.5084 0.8524
vn 0.1500 0.6747 0.7227
vn 0.0108 0.7043 0.7098
vn 0.2744 0.5831 0.7646
vn 0.3044 0.5088 0.8052
vn -0.9781 -0.2028 0.0465
vn -0.9779 -0.2037 0.0463
vn -0.9782 -0.2024 0.0466
vn -0.9778 -0.2043 0.0462
vn -0.9783 -0.2024 0.0443
vn -0.9783 -0.2022 0.0445
vn -0.9790 -0.1992 0.0437
vn -0.2070 0.8922 -0.4014
vn -0.2032 0.9791 0.0052
vn -0.2028 0.9792 0.0044
vn -0.2077 0.8924 -0.4006
vn -0.1894 0.9615 0.1991
vn -0.1619 0.8856 0.4353
vn -0.1005 0.6612 0.7434
vn -0.1006 0.6615 0.7432
vn -0.1239 0.7537 0.6455
vn -0.0615 0.5083 0.8589
vn -0.0668 0.5087 0.8584
vn -0.1062 0.4611 0.8810
vn -0.0497 0.4585 0.8873
vn 0.2022 -0.8943 0.3992
vn 0.2022 -0.8943 0.3991
vn 0.7927 0.5599 0.2413
vn 0.3920 -0.1650 -0.9050
vn 0.3423 -0.8520 0.3960
vn 0.4655 0.5199 0.7163
vn 0.8162 0.0609 -0.5746
vn -0.4655 -0.5199 -0.7163
vn 0.6550 -0.6925 0.3023
vn -0.6550 0.6925 -0.3023
vn -0.4118 -0.6161 -0.6714
vn 0.7294 0.2187 -0.6481
vn 0.8253 -0.5645 0.0118
vn 0.4118 0.6161 0.6714
vn 0.5462 -0.7567 0.3593
vn 0.3326 -0.0950 -0.9383
vn 0.6785 0.7151 0.1681
vn -0.3326 0.0950 0.9383
vn 0.2227 -0.4691 -0.8546
vn 0.3680 -0.3627 -0.8562
vn 0.2181 -0.4862 -0.8462
vn 0.3328 0.5897 0.7359
vn -0.3920 0.1650 0.9050
vn -0.6074 0.6908 0.3923
vn -0.6088 0.7482 0.2637
vn -0.4669 0.8120 -0.3503
vn 0.4669 -0.8120 0.3503
vn -0.8364 -0.5159 0.1850
vn -0.2088 0.8906 -0.4041
vn -0.2178 0.8901 -0.4004
vn -0.2070 0.8907 -0.4048
vn -0.2190 0.8900 -0.4000
vn 0.9773 0.2073 -0.0441
vn 0.9774 0.2085 -0.0359
vn 0.9773 0.2072 -0.0448
vn 0.9774 0.2085 -0.0353
vn 0.9783 0.2047 -0.0333
vn 0.9790 0.2025 -0.0227
vn 0.9781 0.2051 -0.0351
vn 0.9791 0.2022 -0.0214
vn 0.9813 0.1908 -0.0254
vn 0.9822 0.1869 -0.0210
vn 0.9811 0.1915 -0.0262
vn 0.9823 0.1863 -0.0204
vn 0.9832 0.1788 -0.0360
vn 0.9792 0.1982 -0.0439
vn 0.9840 0.1747 -0.0342
vn 0.9784 0.2017 -0.0455
vn 0.1984 -0.2848 -0.9378
vn 0.3366 -0.1703 -0.9261
vn 0.3602 -0.2323 -0.9035
vn 0.2002 -0.0954 -0.9751
vn 0.0707 -0.0635 -0.9955
vn 0.3715 -0.3485 -0.8606
vn 0.6854 -0.2032 -0.6992
vn 0.6846 -0.2029 -0.7002
vn -0.0258 -0.1184 -0.9926
vn -0.1019 0.2591 -0.9605
vn -0.0259 -0.1184 -0.9926
vn 0.0142 -0.3024 -0.9531
vn 0.0096 -0.3021 -0.9532
vn -0.0027 -0.3566 -0.9342
vn -0.0207 -0.3551 -0.9346
vn 0.2022 -0.8942 0.3994
vn 0.2050 -0.8936 0.3993
vn 0.2049 -0.8935 0.3996
vn 0.2049 -0.8934 0.3998
vn 0.2051 -0.8937 0.3990
vn 0.1981 -0.8944 0.4010
vn 0.1980 -0.8948 0.4003
vn 0.1979 -0.8951 0.3995
vn 0.1982 -0.8939 0.4021
vn 0.2050 -0.8925 0.4018
vn 0.9308 0.0123 -0.3654
vn 0.9315 0.0121 -0.3635
vn 0.3108 0.2713 -0.9109
vn 0.7664 0.2987 -0.5687
vn 0.6003 0.0624 -0.7973
vn 0.9531 0.2904 -0.0850
vn 0.8203 0.5359 -0.1996
vn 0.8889 0.1389 -0.4365
vn 0.6846 -0.0304 -0.7283
vn 0.9577 0.2775 -0.0765
vn 0.9066 0.1298 -0.4016
vn 0.6816 -0.0981 -0.7252
vn 0.3450 -0.2726 -0.8981
vn 0.2397 -0.2880 -0.9271
vn -0.2081 0.8922 -0.4008
vn -0.2155 0.8935 -0.3941
vn -0.2071 0.8920 -0.4017
vn -0.2167 0.8936 -0.3930
vn -0.2063 0.8923 -0.4015
vn -0.2064 0.8924 -0.4014
vn 0.9769 0.2090 -0.0457
vn 0.5824 0.7536 -0.3048
vn 0.9769 0.2090 -0.0455
vn 0.5058 0.7979 -0.3279
vn -0.2068 0.8921 -0.4016
vn -0.2068 0.8922 -0.4016
vn 0.3946 0.8473 -0.3554
vn 0.1019 0.6792 -0.7268
vn 0.0695 0.9147 -0.3982
vn 0.3789 0.5919 -0.7114
vn 0.1051 0.3354 -0.9362
vn 0.8562 0.4494 0.2550
vn 0.5607 0.6545 0.5073
vn 0.6366 0.5401 0.5505
vn 0.7316 0.6460 0.2176
vn 0.2580 0.8683 0.4237
vn 0.3463 0.9356 0.0689
vn 0.0525 0.9233 0.3806
vn 0.0721 0.9974 -0.0053
vn -0.2068 0.8921 -0.4018
vn -0.2068 0.8921 -0.4017
vn 0.9832 0.1793 -0.0347
vn 0.9840 0.1753 -0.0329
vn 0.9835 0.1736 -0.0508
vn 0.9825 0.1795 -0.0508
vn 0.9823 0.1805 -0.0508
vn 0.9837 0.1727 -0.0508
vn 0.9811 0.1843 -0.0589
vn 0.9797 0.1928 -0.0542
vn 0.9795 0.1943 -0.0533
vn 0.9813 0.1832 -0.0595
vn 0.6199 0.5033 0.6019
vn 0.2742 0.5052 0.8183
vn 0.9785 0.1982 -0.0563
vn 0.9777 0.2043 -0.0489
vn 0.9776 0.2048 -0.0483
vn 0.9786 0.1977 -0.0568
vn -0.2178 0.8894 -0.4019
vn -0.2090 0.8927 -0.3992
vn -0.2072 0.8934 -0.3987
vn -0.2189 0.8889 -0.4023
vn -0.2080 0.8915 -0.4025
vn -0.2151 0.8870 -0.4086
vn -0.2162 0.8863 -0.4095
vn -0.2063 0.8921 -0.4020
vn -0.2063 0.8920 -0.4021
vn -0.2063 0.8921 -0.4019
vn 0.9773 0.2062 -0.0487
vn 0.9771 0.2074 -0.0472
vn 0.9771 0.2075 -0.0470
vn 0.9773 0.2060 -0.0489
vn -0.2408 0.2355 0.9416
vn -0.4877 -0.1362 0.8623
vn -0.7461 -0.2163 0.6297
vn -0.7235 -0.4916 0.4846
vn -0.9784 -0.2017 0.0449
vn -0.9784 -0.2018 0.0449
vn -0.9784 -0.2020 0.0449
vn -0.9786 -0.2012 0.0437
vn -0.9791 -0.1988 0.0417
vn -0.9794 -0.1975 0.0407
vn -0.9789 -0.1996 0.0433
vn -0.9777 -0.2053 0.0449
vn -0.9782 -0.2034 0.0409
vn -0.9785 -0.2026 0.0390
vn -0.9783 -0.2018 0.0467
vn -0.9784 -0.2018 0.0456
vn -0.9784 -0.2018 0.0453
vn -0.9783 -0.2018 0.0470
vn -0.9790 -0.1990 0.0440
vn -0.9790 -0.1990 0.0437
vn -0.9790 -0.1990 0.0441
vn -0.1722 0.6498 -0.7403
vn -0.1718 0.6495 -0.7407
vn -0.1018 0.2592 -0.9605
vn 0.8744 0.4207 0.2418
vn -0.8726 0.2717 -0.4058
vn -0.2427 -0.9683 0.0597
vn 0.1676 0.5100 0.8437
vn -0.5065 -0.3577 0.7845
vn -0.8173 -0.2826 0.5021
vn -0.7969 -0.3730 0.4752
vn -0.7530 -0.5934 0.2845
vn -0.1855 0.3255 0.9272
vn 0.4314 -0.2810 -0.8573
vn 0.4110 -0.1309 -0.9022
vn 0.4053 -0.1369 -0.9039
vn -0.4314 0.2810 0.8573
vn -0.4110 0.1309 0.9022
vn -0.4053 0.1369 0.9039
vn 0.3778 -0.1510 -0.9135
vn -0.9773 -0.2064 0.0472
vn 0.3255 -0.2197 -0.9197
vn 0.2862 -0.1191 -0.9507
vn 0.3344 -0.0398 -0.9416
vn -0.3255 0.2197 0.9197
vn -0.2862 0.1191 0.9507
vn -0.3344 0.0398 0.9416
vn -0.9248 -0.1098 -0.3643
vn -0.3289 0.9004 -0.2849
vn 0.7215 0.6663 0.1882
vn 0.2427 0.9683 -0.0597
vn 0.8879 0.3389 0.3112
vn 0.9248 0.1098 0.3643
vn 0.3289 -0.9004 0.2848
vn 0.3289 -0.9004 0.2849
vn -0.7215 -0.6663 -0.1882
vn 0.1369 0.9812 -0.1358
vn 0.1369 0.9813 -0.1357
vn 0.1369 0.9812 -0.1359
vn 0.1386 0.9809 -0.1362
vn 0.1463 0.9789 -0.1428
vn 0.1376 0.9812 -0.1354
vn 0.1475 0.9785 -0.1439
vn 0.1485 0.9796 -0.1356
vn 0.1394 0.9813 -0.1327
vn 0.1498 0.9793 -0.1360
vn 0.1375 0.9817 -0.1321
vn -0.9899 0.1268 -0.0637
vn -0.9899 0.1307 -0.0549
vn -0.9899 0.1265 -0.0643
vn -0.9899 0.1311 -0.0542
vn -0.9910 0.1140 -0.0701
vn -0.9906 0.1210 -0.0631
vn -0.9911 0.1131 -0.0709
vn -0.9906 0.1222 -0.0619
vn -0.9927 0.1013 -0.0652
vn -0.9922 0.1070 -0.0636
vn -0.9928 0.1005 -0.0654
vn -0.9921 0.1081 -0.0633
vn -0.9910 0.1234 -0.0518
vn -0.9936 0.1025 -0.0482
vn -0.9905 0.1272 -0.0523
vn -0.9940 0.0981 -0.0476
vn -0.3584 0.3300 0.8733
vn -0.3829 0.2453 0.8906
vn -0.2036 0.2467 0.9474
vn -0.2417 0.4392 0.8653
vn -0.1055 0.4822 0.8697
vn -0.2189 0.0542 0.9742
vn -0.3695 0.1322 0.9198
vn -0.2128 0.0355 0.9765
vn -0.3746 0.1464 0.9156
vn -0.6880 0.1595 0.7079
vn -0.6889 0.1602 0.7069
vn -0.9369 0.1427 0.3191
vn -0.9758 0.2101 -0.0606
vn -0.9042 0.2932 0.3105
vn -0.9722 0.2250 -0.0651
vn -0.7061 0.3177 0.6328
vn -0.6397 0.4452 0.6265
vn -0.7975 0.5019 0.3348
vn 0.1094 0.9541 0.2789
vn 0.1375 0.9812 -0.1351
vn 0.1091 0.9543 0.2781
vn -0.8587 0.5023 -0.1014
vn -0.3555 0.6973 0.6224
vn -0.4356 0.8509 0.2936
vn -0.4585 0.8774 -0.1411
vn -0.1546 0.7782 0.6087
vn -0.1657 0.9523 0.2562
vn -0.1397 0.9797 -0.1436
vn 0.1373 0.9812 -0.1354
vn 0.1373 0.9812 -0.1355
vn -0.9897 0.1325 -0.0542
vn -0.9897 0.1332 -0.0524
vn -0.9897 0.1324 -0.0544
vn -0.9897 0.1334 -0.0521
vn 0.8257 -0.5531 0.1113
vn 0.6676 -0.6585 -0.3473
vn 0.7847 -0.6143 0.0829
vn 0.7799 -0.4622 -0.4220
vn 0.5405 -0.5360 -0.6485
vn 0.1887 -0.2095 -0.9594
vn 0.2553 -0.2950 -0.9208
vn 0.7974 -0.5961 0.0935
vn 0.8189 -0.5645 -0.1038
vn 0.8492 -0.4403 -0.2917
vn 0.1369 0.9813 -0.1356
vn -0.1356 -0.9815 0.1355
vn -0.1283 -0.9827 0.1339
vn -0.1287 -0.9823 0.1358
vn -0.1285 -0.9825 0.1347
vn -0.1281 -0.9828 0.1330
vn -0.1353 -0.9818 0.1331
vn -0.1354 -0.9819 0.1325
vn -0.1353 -0.9819 0.1328
vn -0.1352 -0.9818 0.1334
vn -0.1325 -0.9823 0.1327
vn -0.1325 -0.9822 0.1329
vn -0.1368 -0.9813 0.1355
vn -0.1368 -0.9813 0.1354
vn -0.1302 -0.9825 0.1329
vn -0.1303 -0.9827 0.1314
vn -0.1300 -0.9824 0.1340
vn -0.1298 -0.9822 0.1359
vn -0.1341 -0.9822 0.1317
vn -0.1342 -0.9821 0.1321
vn -0.1340 -0.9822 0.1313
vn -0.1339 -0.9823 0.1309
vn -0.1325 -0.9823 0.1325
vn -0.9373 0.1435 0.3176
vn -0.9936 0.1026 -0.0462
vn -0.9935 0.1035 -0.0475
vn -0.0157 0.2606 0.9653
vn -0.0292 0.2032 0.9787
vn -0.0209 0.2597 0.9655
vn 0.0271 0.2119 0.9769
vn 0.0080 0.4411 0.8974
vn 0.0080 0.4408 0.8976
vn 0.0601 0.7445 0.6650
vn 0.0598 0.7436 0.6659
vn 0.1382 0.9813 -0.1342
vn 0.9909 -0.1243 0.0513
vn 0.9909 -0.1246 0.0508
vn 0.9905 -0.1276 0.0510
vn 0.9905 -0.1275 0.0512
vn 0.9905 -0.1274 0.0513
vn 0.9903 -0.1286 0.0530
vn 0.9902 -0.1294 0.0526
vn 0.9901 -0.1300 0.0523
vn 0.9903 -0.1282 0.0532
vn 0.9905 -0.1276 0.0520
vn 0.9904 -0.1279 0.0520
vn 0.9905 -0.1275 0.0520
vn 0.9905 -0.1271 0.0518
vn 0.9905 -0.1273 0.0519
vn 0.9906 -0.1270 0.0518
vn -0.0990 0.5671 -0.8177
vn -0.4046 0.7302 -0.5506
vn -0.1367 0.8404 -0.5245
vn -0.5655 0.8136 -0.1350
vn 0.1373 0.9812 -0.1353
vn -0.6385 0.7587 -0.1294
vn -0.9896 0.1344 -0.0505
vn -0.9897 0.1344 -0.0502
vn 0.1369 0.9813 -0.1352
vn 0.1369 0.9813 -0.1351
vn 0.1369 0.9813 -0.1350
vn 0.1385 0.9812 -0.1344
vn 0.1456 0.9811 -0.1271
vn 0.1467 0.9811 -0.1260
vn 0.1484 0.9798 -0.1340
vn 0.1396 0.9806 -0.1379
vn 0.1378 0.9807 -0.1387
vn 0.1496 0.9797 -0.1335
vn -0.9905 0.1312 -0.0412
vn -0.9900 0.1323 -0.0494
vn -0.9899 0.1324 -0.0501
vn -0.9905 0.1311 -0.0406
vn -0.9921 0.1218 -0.0302
vn -0.9911 0.1269 -0.0397
vn -0.9909 0.1278 -0.0414
vn -0.9922 0.1211 -0.0290
vn -0.9938 0.1061 -0.0330
vn -0.9932 0.1111 -0.0361
vn -0.9930 0.1120 -0.0367
vn -0.9939 0.1054 -0.0325
vn -0.9935 0.1023 -0.0496
vn -0.9940 0.0979 -0.0490
vn -0.2820 0.0607 -0.9575
vn -0.1332 -0.0348 -0.9905
vn -0.3005 -0.0067 -0.9538
vn -0.2818 -0.0457 -0.9584
vn -0.1744 -0.0441 -0.9837
vn -0.6399 0.0478 -0.7670
vn -0.6492 0.1133 -0.7522
vn -0.8981 0.1606 -0.4094
vn -0.8800 0.1802 -0.4394
vn -0.5714 0.2278 -0.7884
vn -0.7680 0.3792 -0.5162
vn -0.1514 0.1568 -0.9760
vn -0.2986 0.4823 -0.8236
vn -0.0248 0.2033 -0.9788
vn 0.9905 -0.1274 0.0524
vn 0.9904 -0.1277 0.0535
vn 0.9905 -0.1273 0.0521
vn 0.9907 -0.1277 0.0474
vn 0.9901 -0.1306 0.0507
vn 0.9909 -0.1263 0.0459
vn 0.9898 -0.1323 0.0527
vn 0.9907 -0.1263 0.0507
vn 0.9911 -0.1234 0.0495
vn 0.9913 -0.1219 0.0489
vn 0.9905 -0.1272 0.0517
vn 0.9905 -0.1274 0.0517
vn 0.7469 -0.5449 0.3811
vn 0.4637 -0.3253 0.8241
vn 0.1799 -0.0100 0.9836
vn 0.7376 -0.3184 0.5955
vn 0.1170 0.0758 0.9902
vn 0.7938 -0.5858 0.1634
vn 0.8091 -0.4227 0.4084
vn 0.8198 -0.3416 0.4596
vn 0.5065 -0.5152 0.6914
vn -0.3530 0.2407 0.9041
vn -0.2484 0.2470 0.9366
vn -0.6881 0.2698 0.6735
vn -0.9191 0.2678 0.2889
vn -0.1433 -0.2361 -0.9611
vn -0.2978 -0.1453 -0.9435
vn -0.3024 -0.1308 -0.9442
vn -0.1374 -0.2544 -0.9573
vn -0.6349 -0.0604 -0.7703
vn -0.6340 -0.0597 -0.7710
vn -0.9133 0.0354 -0.4057
vn -0.9125 0.0362 -0.4074
vn 0.0568 -0.0321 -0.9979
vn 0.0735 -0.0886 -0.9934
vn 0.0912 -0.0855 -0.9922
vn 0.0523 -0.0328 -0.9981
vn 0.0764 0.1576 -0.9845
vn 0.0763 0.1577 -0.9845
vn 0.1150 0.5171 -0.8481
vn 0.1149 0.5172 -0.8481
vn 0.1389 0.8376 -0.5283
vn 0.1393 0.8379 -0.5278
vn 0.9909 -0.1242 0.0517
vn 0.9909 -0.1242 0.0514
vn 0.9909 -0.1242 0.0518
vn 0.9909 -0.1241 0.0513
vn 0.9904 -0.1277 0.0537
vn -0.9469 0.0251 0.3206
vn -0.2358 0.9525 0.1929
vn -0.7309 0.6042 0.3174
vn -0.8532 0.4006 0.3340
vn 0.8011 0.5636 -0.2014
vn 0.3494 0.9370 -0.0053
vn 0.9342 0.2103 -0.2882
vn 0.9469 -0.0251 -0.3206
vn 0.2358 -0.9525 -0.1929
vn -0.3494 -0.9370 0.0053
vn -0.4496 -0.8921 0.0443
vn -0.8011 -0.5636 0.2014
vn -0.3160 0.1125 -0.9421
vn -0.1925 -0.2821 -0.9399
vn -0.3219 0.1366 -0.9369
vn -0.3219 0.1365 -0.9369
vn 0.1925 0.2821 0.9399
vn 0.3219 -0.1366 0.9369
vn 0.3219 -0.1365 0.9369
vn -0.3332 -0.2187 -0.9171
vn -0.2876 0.2433 -0.9263
vn -0.2780 0.2460 -0.9285
vn 0.3332 0.2187 0.9171
vn 0.2876 -0.2433 0.9263
vn 0.2780 -0.2460 0.9285
vn -0.6335 -0.7600 0.1452
vn -0.9707 -0.2339 0.0542
vn -0.6464 -0.7521 0.1286
vn -1.0000 0.0073 -0.0013
vn 0.9652 -0.2550 0.0586
vn 0.6337 -0.7625 0.1304
vn 0.9676 -0.2482 0.0471
vn 0.6476 -0.7484 0.1430
vn 0.9304 0.3660 -0.0191
vn 0.9420 0.3332 -0.0398
vn 0.0000 0.1440 0.9896
vn -0.0000 0.2044 0.9789
vn 0.0000 0.2044 0.9789
vn -0.9604 -0.2783 0.0100
vn -0.9571 -0.2894 0.0125
vn -0.9638 -0.2665 -0.0047
vn -0.9554 -0.2944 0.0245
vn -0.9589 -0.2834 0.0134
vn -0.9567 -0.2868 0.0504
vn -0.9345 -0.3539 0.0391
vn -0.9486 -0.3156 0.0222
vn -0.7040 -0.5259 -0.4773
vn -0.9969 0.0770 -0.0145
vn -0.9911 -0.0741 0.1108
vn -0.6721 0.4443 0.5923
vn -0.6886 0.2602 0.6768
vn 0.0302 0.5439 0.8386
vn -0.3363 0.5345 0.7754
vn 0.0226 0.3988 0.9168
vn 0.7153 0.3370 0.6123
vn 0.6717 0.2024 0.7127
vn 0.9969 -0.0782 0.0127
vn 0.9147 -0.3336 0.2279
vn 0.6686 -0.4459 -0.5951
vn 0.5950 -0.6633 -0.4539
vn -0.0347 -0.5436 -0.8387
vn -0.0535 -0.7072 -0.7050
vn -0.0237 -0.5812 -0.8134
vn 0.7043 0.4115 0.5784
vn -0.1373 0.9465 0.2921
vn -0.0752 0.5390 0.8390
vn 0.4772 0.8687 0.1326
vn 0.5298 -0.6407 -0.5557
vn 0.2288 -0.9633 -0.1401
vn 0.4508 -0.8801 -0.1490
vn 0.2290 -0.8717 0.4332
vn 0.5287 -0.7526 0.3926
vn -0.2219 0.9447 0.2416
vn 0.2041 0.7087 0.6753
vn -0.1296 0.6759 0.7255
vn 0.1586 0.9734 0.1652
vn 0.1663 -0.7782 -0.6056
vn 0.0432 -0.5022 -0.8637
vn -0.2435 0.9352 -0.2570
vn 0.0773 0.9841 -0.1602
vn -0.0072 0.1151 -0.9933
vn 0.0847 0.7081 -0.7010
vn -0.1940 0.6826 -0.7046
vn 0.2582 0.1203 -0.9586
vn 0.1532 -0.4907 0.8577
vn 0.5242 -0.3292 0.7854
vn 0.2379 0.3427 0.9088
vn -0.0364 0.2968 0.9543
vn -0.3553 -0.1384 -0.9245
vn 0.0482 -0.3905 -0.9193
vn 0.0585 -0.3959 -0.9164
vn 0.5213 0.8046 -0.2842
vn -0.5213 -0.8046 0.2842
vn 0.4131 0.0946 0.9057
vn -0.0086 0.3694 0.9292
vn 0.0012 0.3641 0.9313
vn 0.3719 0.7222 0.5832
vn 0.5655 -0.0333 0.8241
vn 0.7551 0.4717 0.4554
vn 0.0938 0.3114 0.9456
vn 0.5214 -0.8046 0.2842
vn -0.1074 -0.4206 -0.9009
vn -0.3753 -0.5333 -0.7581
vn -0.1149 -0.4242 -0.8982
vn -0.5214 0.8046 -0.2842
vn -0.7528 0.4465 0.4837
vn -0.3968 0.7109 0.5806
vn -0.7166 -0.3361 -0.6112
vn -0.2302 -0.8718 0.4325
vn -0.4502 -0.8802 -0.1504
vn -0.5298 -0.7527 0.3909
vn -0.2063 0.7087 0.6747
vn 0.1844 0.8561 0.4827
vn 0.1273 0.6759 0.7259
vn -0.1593 0.9734 0.1647
vn -0.5279 -0.6408 -0.5573
vn -0.1643 -0.7782 -0.6061
vn -0.0405 -0.5022 -0.8638
vn -0.6651 -0.3698 -0.6488
vn -0.9252 -0.3733 -0.0678
vn -0.9986 0.0377 0.0373
vn -0.7062 0.4114 0.5762
vn 0.0725 0.5390 0.8392
vn 0.6693 -0.4528 -0.5890
vn 0.3187 0.0977 0.9428
vn 0.1362 0.9465 0.2925
vn 0.0558 -0.7071 -0.7049
vn -0.6674 -0.4529 -0.5911
vn 0.0263 -0.5812 -0.8133
vn 0.4915 0.2520 -0.8336
vn 0.7285 -0.3807 -0.5694
vn -0.0590 0.0989 -0.9933
vn -0.2553 0.1203 -0.9594
vn -0.1026 0.8363 -0.5386
vn 0.7614 0.5691 -0.3106
vn -0.0769 0.9840 -0.1604
vn -0.0826 0.7081 -0.7013
vn -0.0015 -0.1300 0.9915
vn -0.0015 0.0495 0.9988
vn -0.0015 -0.1299 0.9915
vn 0.0010 -0.7715 -0.6363
vn 0.0010 -0.7714 -0.6363
vn 0.0010 -0.7714 -0.6364
vn 0.9487 -0.3152 0.0251
vn 0.9604 -0.2782 0.0130
vn 0.9589 -0.2833 0.0164
vn 0.9346 -0.3534 0.0418
vn 0.9554 -0.2942 0.0273
vn 0.9565 -0.2868 0.0531
vn 0.9571 -0.2892 0.0155
vn 0.9639 -0.2663 -0.0017
vn 0.1042 0.8363 -0.5383
vn -0.0628 -0.8340 0.5482
vn 0.4497 -0.5568 -0.6984
vn 0.1588 0.4452 0.8812
vn -0.1218 0.2946 0.9478
vn 0.1524 0.4422 0.8839
vn 0.1643 -0.2684 -0.9492
vn -0.0678 0.3266 0.9427
vn -0.5654 -0.0333 0.8241
vn 0.0000 0.1898 0.9818
vn -0.0000 0.1898 0.9818
vn -0.3985 0.7845 0.4752
vn 0.3753 -0.5334 -0.7581
vn 0.1074 -0.4206 -0.9009
vn 0.1149 -0.4242 -0.8982
vn 0.7528 0.4465 0.4836
vn 0.3968 0.7109 0.5806
vn -0.1588 0.4452 0.8812
vn 0.1218 0.2946 0.9478
vn -0.1523 0.4422 0.8839
vn -0.1643 -0.2684 -0.9492
vn 0.0679 0.3266 0.9427
vn -0.0483 -0.3905 -0.9193
vn -0.4497 -0.5568 -0.6984
vn -0.0586 -0.3959 -0.9164
vn -0.7551 0.4717 0.4554
vn -0.3719 0.7222 0.5832
vn 0.0086 0.3694 0.9292
vn -0.0938 0.3114 0.9457
vn -0.0011 0.3641 0.9314
vn 0.3552 -0.1384 -0.9245
vn -0.0000 -0.9988 0.0487
vn 0.3985 0.7845 0.4752
vn 0.9509 -0.3089 0.0170
vn 0.9511 -0.3086 0.0163
vn 0.9869 -0.1610 0.0061
vn 0.9931 -0.1172 0.0046
vn -0.9509 -0.3091 0.0131
vn -0.9869 -0.1611 0.0007
vn -0.9511 -0.3087 0.0120
vn -0.9931 -0.1175 -0.0002
vn -0.0015 0.1071 0.9942
vn -0.0013 0.5451 0.8384
vn -0.0003 0.9844 0.1761
vn 0.0010 0.7264 -0.6873
vn 0.0010 0.7265 -0.6872
vn -0.0000 0.1611 0.9869
vn -0.0000 0.1645 0.9864
vn -0.9394 0.3401 -0.0419
vn -0.9486 0.3159 -0.0165
vn 0.0520 -0.0566 0.9970
vn -0.0000 -0.1898 -0.9818
vn 0.0000 -0.1898 -0.9818
vn -0.9725 -0.2295 0.0400
vn -0.9253 0.3776 -0.0336
vn -0.9705 -0.2328 0.0632
vn -0.9376 0.3476 0.0042
vn -0.6360 -0.7602 0.1325
vn 0.9678 -0.2428 0.0664
vn 0.6360 -0.7602 0.1325
vn 0.9665 -0.2528 0.0440
vn 0.9072 0.4207 0.0051
vn 0.9266 0.3747 -0.0306
vn -0.0000 0.1550 0.9879
vn 0.0000 0.2416 0.9704
vn -0.0000 0.2416 0.9704
vn -0.9772 -0.2098 0.0330
vn -0.8609 0.5040 -0.0698
vn -0.9124 -0.4035 0.0686
vn -0.8800 0.4728 -0.0465
vn -0.5944 -0.7946 0.1239
vn -0.5958 -0.7938 0.1225
vn 0.9757 -0.2148 0.0438
vn 0.5953 -0.7941 0.1225
vn 0.9115 -0.4064 0.0633
vn 0.5968 -0.7928 0.1237
vn 0.8506 0.5232 -0.0514
vn 0.8653 0.4966 -0.0682
vn -0.0002 -0.9841 0.1775
vn -0.0003 -0.9841 0.1776
vn -0.0002 -0.9841 0.1774
vn -0.0003 -0.9841 0.1777
vn -0.0015 0.0478 0.9989
vn -0.5055 -0.8500 0.1481
vn 0.5004 -0.8530 0.1486
vn -0.5004 -0.8530 0.1486
vn 1.0000 -0.0057 0.0010
vn 0.5055 -0.8500 0.1481
vn 1.0000 0.0057 -0.0010
vn -0.1711 -0.0338 -0.9847
vn -0.4472 -0.3767 -0.8112
vn -0.5554 -0.5065 -0.6595
vn -0.6913 -0.6486 0.3184
vn -0.0288 -0.3873 0.9215
vn -0.0623 -0.1020 0.9928
vn -0.4684 -0.8483 0.2469
vn -0.3141 0.2177 0.9241
vn -0.9783 0.0720 0.1945
vn -0.3756 0.1049 0.9208
vn -0.1512 -0.2953 0.9434
vn -0.1574 0.4664 0.8705
vn -0.7345 -0.6778 0.0325
vn -0.0246 -0.5060 0.8622
vn -0.4736 -0.8677 0.1507
vn -0.5242 -0.5208 -0.6738
vn -0.9676 -0.2008 0.1532
vn -0.6364 -0.0813 -0.7671
vn -0.4654 0.4227 0.7776
vn -0.9332 0.3564 -0.0469
vn -0.4388 0.0868 -0.8944
vn -0.7789 0.6047 -0.1662
vn -0.2282 -0.9634 -0.1408
vn -0.6932 -0.1313 -0.7087
vn -0.5438 0.0681 -0.8364
vn -0.3526 0.4558 0.8173
vn -0.5823 0.5236 0.6219
vn -0.7699 0.2485 -0.5877
vn 0.4472 -0.3767 -0.8112
vn 0.1711 -0.0338 -0.9847
vn 0.5554 -0.5065 -0.6595
vn 0.0288 -0.3873 0.9215
vn 0.6913 -0.6486 0.3184
vn 0.0623 -0.1020 0.9928
vn 0.4684 -0.8483 0.2469
vn 0.3141 0.2177 0.9241
vn 0.5004 0.8530 -0.1486
vn -0.5004 0.8530 -0.1486
vn -1.0000 -0.0057 0.0010
vn -1.0000 0.0057 -0.0010
vn 0.6932 -0.1313 -0.7087
vn 0.9783 0.0720 0.1945
vn 0.5438 0.0681 -0.8364
vn 0.3526 0.4558 0.8173
vn 0.8810 0.4538 -0.1341
vn -0.4131 0.0946 0.9058
vn 0.0000 0.5222 -0.8528
vn 0.1512 -0.2953 0.9434
vn 0.3756 0.1049 0.9208
vn 0.1574 0.4664 0.8705
vn 0.0246 -0.5060 0.8622
vn 0.7345 -0.6778 0.0325
vn 0.4736 -0.8677 0.1507
vn 0.5242 -0.5208 -0.6738
vn 0.9676 -0.2008 0.1532
vn 0.0015 0.2702 -0.9628
vn 1.0000 -0.0010 0.0014
vn 1.0000 -0.0008 0.0008
vn 1.0000 -0.0007 0.0013
vn 1.0000 -0.0012 0.0018
vn -1.0000 -0.0017 -0.0016
vn -1.0000 -0.0014 -0.0027
vn -1.0000 -0.0012 -0.0019
vn -1.0000 -0.0022 -0.0010
vn 0.6364 -0.0813 -0.7671
vn 0.4388 0.0868 -0.8944
vn 0.4654 0.4227 0.7776
vn 0.7789 0.6047 -0.1662
vn 0.9332 0.3564 -0.0469
vn 0.9907 -0.0740 0.1138
vn 0.7055 -0.5258 -0.4752
vn 0.9985 0.0378 0.0404
vn 0.6673 0.2805 0.6900
vn -0.0255 0.3988 0.9167
vn -0.5935 -0.6634 -0.4557
vn -0.0013 0.6010 0.7992
vn -0.0015 0.0496 0.9988
vn -0.0003 0.9851 0.1719
vn 0.0007 0.8566 -0.5160
vn 0.0015 0.2574 -0.9663
vn 0.0612 -0.8340 0.5484
vn 0.0613 -0.8340 0.5484
vn 0.7185 -0.3360 -0.6089
vn 0.0374 -0.5436 -0.8385
vn 0.9970 0.0772 -0.0114
vn 0.6702 0.4444 0.5944
vn -0.0329 0.5439 0.8385
vn -0.9154 -0.3338 0.2251
vn -0.2408 0.3427 0.9081
vn -0.7172 0.3369 0.6100
vn -0.6739 0.2023 0.7106
vn -0.9969 -0.0784 0.0096
vn -0.6667 -0.4460 -0.5972
vn -0.4777 0.8687 0.1311
vn 0.0620 0.0989 -0.9932
vn -0.3216 0.0976 0.9418
vn 0.0334 0.2968 0.9544
vn -0.0551 -0.0566 0.9969
vn 0.2442 0.9353 -0.2562
vn 0.2430 0.9699 -0.0163
vn 0.0102 0.1151 -0.9933
vn 0.1960 0.6826 -0.7040
vn -0.1558 -0.4907 0.8573
vn -0.5266 -0.3293 0.7838
vn 0.0000 0.7072 0.7070
vn 0.0000 -0.0340 0.9994
vn 0.0015 -0.2317 -0.9728
vn -0.9932 -0.0573 0.1008
vn -0.9939 -0.0552 0.0952
vn -0.9913 -0.0631 0.1156
vn -0.9904 -0.0654 0.1215
vn 0.0000 0.9980 0.0637
vn -0.0000 0.9980 0.0637
vn -0.0000 -0.9999 0.0153
vn 0.9930 -0.0626 0.1006
vn 0.9934 -0.0647 0.0946
vn 0.9916 -0.0576 0.1156
vn 0.9910 -0.0557 0.1215
vn -0.4890 0.2519 -0.8351
vn -0.7605 0.5689 -0.3130
vn 0.0139 -0.4458 -0.8950
vn -0.0135 0.3588 -0.9333
vn -0.0310 0.8945 -0.4460
vn 0.0121 -0.3173 0.9482
vn -0.0139 0.4458 0.8950
vn 0.0310 -0.8945 0.4460
vn -0.9994 -0.0340 0.0014
vn 0.9994 0.0340 -0.0014
vn -0.0134 0.4299 0.9028
vn -0.0337 0.9963 0.0792
vn 0.7165 -0.2912 -0.6339
vn -0.0287 0.8638 0.5031
vn 0.7904 0.5367 0.2955
vn 0.0139 -0.4457 -0.8950
vn -0.7962 0.5365 -0.2796
vn -0.9524 0.2666 -0.1476
vn 0.7572 0.5893 -0.2817
vn 0.9318 0.3306 -0.1502
vn -0.8957 0.1856 0.4040
vn -0.9259 -0.3437 0.1568
vn -0.7414 0.4899 0.4585
vn -0.7231 0.0186 0.6905
vn -0.6030 0.7542 0.2600
vn -0.5885 0.6934 0.4158
vn -0.0337 0.9945 0.0991
vn -0.0335 0.9777 -0.2071
vn -0.0321 0.9303 -0.3653
vn -0.0339 0.9946 -0.0983
vn -0.0324 0.9645 0.2623
vn 0.9475 -0.2801 0.1542
vn -0.0254 0.7728 0.6342
vn -0.6848 -0.6565 0.3163
vn 0.7286 -0.6085 0.3144
vn 0.5303 -0.5434 -0.6507
vn -0.9994 -0.0339 0.0014
vn -0.5875 -0.3773 -0.7159
vn -0.9352 0.3109 -0.1694
vn -0.4253 0.0075 -0.9050
vn -0.3990 -0.7502 -0.5273
vn -0.3538 -0.8394 0.4126
vn 0.0297 -0.8927 -0.4496
vn 0.6567 -0.6709 0.3444
vn 0.4476 -0.7214 -0.5284
vn 0.4111 -0.8134 0.4115
vn 0.6098 -0.3366 -0.7175
vn 0.9352 -0.3109 0.1694
vn 0.0228 -0.4455 -0.8950
vn 0.0200 -0.4399 -0.8978
vn -0.0074 0.1788 -0.9839
vn 0.0136 -0.4378 -0.8990
vn 0.4213 0.0363 -0.9062
vn 0.0075 -0.4404 -0.8978
vn 0.6848 0.6565 -0.3163
vn -0.7286 0.6085 -0.3144
vn -0.0310 0.8955 -0.4440
vn -0.9950 0.0510 -0.0861
vn -0.9660 0.1186 -0.2298
vn -0.9155 0.3543 -0.1907
vn 0.9757 0.1417 -0.1670
vn 0.9361 0.2753 -0.2188
vn 0.9429 0.2472 -0.2232
vn 0.8888 0.4155 -0.1931
vn -0.0333 0.9868 0.1587
vn 0.9115 0.3737 -0.1719
vn 0.3538 0.8394 -0.4126
vn -0.4111 0.8134 -0.4115
vn 0.0051 -0.4461 -0.8950
vn 0.0079 -0.4516 -0.8922
vn 0.0142 -0.4537 -0.8911
vn 0.0204 -0.4511 -0.8922
vn -0.0153 0.4135 -0.9104
vn 0.5404 0.2288 -0.8097
vn -0.2459 0.1601 -0.9560
vn 0.3372 -0.9182 -0.2078
vn -0.5229 -0.7907 -0.3185
vn -0.7672 -0.3073 -0.5630
vn -0.0171 -0.8951 0.4455
vn 0.2945 -0.8559 0.4251
vn 0.0408 -0.8967 0.4408
vn -0.1985 -0.8812 0.4291
vn 0.0153 -0.4406 -0.8976
vn -0.4986 0.7747 -0.3888
vn -0.9964 0.0685 -0.0506
vn -0.0153 0.4406 0.8976
vn -0.4264 -0.8149 0.3927
vn -0.8333 -0.5017 0.2321
vn 0.4579 0.8011 -0.3854
vn 0.8429 0.4886 -0.2255
vn 0.0079 -0.4515 -0.8922
vn 0.0137 -0.4379 -0.8989
vn 0.7767 -0.5589 0.2904
vn 0.8839 -0.4137 0.2181
vn -0.9991 -0.0433 0.0043
vn 0.9991 0.0433 -0.0043
vn 0.7166 -0.2912 -0.6338
vn 0.0310 -0.8945 0.4459
vn -0.7362 -0.6103 0.2925
vn -0.4379 0.0097 0.8990
vn 0.7172 -0.2809 -0.6377
vn -0.5621 -0.2883 0.7752
vn -0.7172 0.2809 0.6377
vn 0.8354 -0.4876 0.2536
vn -0.0408 0.8967 -0.4408
vn -0.5984 -0.5001 -0.6260
vn -0.9949 -0.0758 -0.0662
vn -0.9765 -0.1805 -0.1178
vn -0.6624 -0.4490 -0.5996
vn -0.0218 0.7778 0.6281
vn 0.6203 -0.4643 -0.6322
vn 0.6861 -0.4051 -0.6042
vn 0.0243 -0.7686 0.6393
vn 0.9970 -0.0141 -0.0758
vn 0.9831 -0.1276 -0.1311
vn 0.9914 0.1230 -0.0458
vn -0.3538 -0.8394 0.4125
vn 0.1621 -0.9864 0.0267
vn 0.3117 -0.8148 -0.4888
vn 0.2199 -0.9596 0.1753
vn 0.6870 -0.1619 -0.7084
vn 0.5182 -0.8194 -0.2452
vn 0.3682 -0.2080 -0.9062
vn 0.3846 0.5517 -0.7400
vn 0.2070 0.5994 -0.7732
vn 0.0703 0.8360 -0.5443
vn 0.0539 0.8677 -0.4941
vn 0.6914 -0.7048 0.1589
vn 0.3186 -0.9217 0.2212
vn 0.7224 -0.6880 0.0684
vn 0.3239 -0.9050 0.2757
vn 0.9976 0.0587 -0.0373
vn 0.9650 0.0211 -0.2615
vn 0.6046 0.7684 -0.2100
vn 0.5747 0.7003 -0.4234
vn 0.2379 0.9379 -0.2524
vn 0.1758 0.8897 -0.4213
vn 0.1141 -0.9917 0.0600
vn -0.2083 0.9482 -0.2398
vn -0.5747 0.7003 -0.4234
vn -0.6046 0.7684 -0.2100
vn -0.3239 -0.9050 0.2757
vn -0.7224 -0.6880 0.0684
vn -0.5182 -0.8194 -0.2452
vn -0.2199 -0.9596 0.1753
vn -0.9650 0.0211 -0.2615
vn -0.6870 -0.1619 -0.7084
vn -0.3846 0.5517 -0.7400
vn -0.1332 0.8075 -0.5747
vn -0.0914 0.8387 -0.5368
vn -0.2766 -0.8833 -0.3786
vn -0.1621 -0.9864 0.0267
vn -0.3682 -0.2080 -0.9062
vn -0.2070 0.5994 -0.7732
vn -0.7667 0.6038 0.2179
vn -0.8195 0.4589 -0.3431
vn -0.7486 0.5590 -0.3565
vn -0.7023 0.1288 -0.7002
vn -0.5187 0.1874 -0.8342
vn -0.7094 -0.4997 -0.4970
vn 0.4381 0.8924 -0.1078
vn 0.5497 0.8229 0.1437
vn 0.5209 0.8529 -0.0355
vn 1.0000 -0.0000 -0.0000
vn 1.0000 -0.0000 0.0000
vn -1.0000 -0.0000 0.0000
vn -0.5497 0.8229 0.1437
vn -0.4381 0.8924 -0.1078
vn -0.5209 0.8529 -0.0355
vn -0.9769 0.2045 -0.0625
vn -0.9937 0.1074 -0.0328
vn -0.9935 0.0768 -0.0844
vn -0.8776 -0.0225 -0.4789
vn 0.8722 0.1445 -0.4673
vn 0.9175 0.1175 -0.3799
vn 1.0000 -0.0001 0.0000
vn -1.0000 0.0000 0.0000
vn 1.0000 0.0000 0.0000
vn -1.0000 -0.0000 -0.0000
vn -0.6262 -0.3283 -0.7072
vn -0.0000 -0.4002 -0.9164
vn -0.0000 -0.7023 -0.7119
vn -0.6719 0.1986 -0.7135
vn -0.0000 0.2678 -0.9635
vn -0.8778 0.0748 -0.4732
vn 0.0953 0.7374 -0.6687
vn -0.6033 0.6278 -0.4919
vn -0.3526 0.8935 -0.2781
vn -0.2379 0.9379 -0.2524
vn -0.0495 0.8328 -0.5513
vn -0.0539 0.8677 -0.4941
vn -0.3186 -0.9217 0.2212
vn -0.6914 -0.7048 0.1589
vn -0.9976 0.0587 -0.0373
vn -0.7513 0.6415 0.1551
vn -0.1497 -0.2662 -0.9522
vn -0.1318 -0.2547 -0.9580
vn -0.1382 -0.2588 -0.9560
vn 0.8708 0.0162 -0.4913
vn 0.8036 -0.0437 -0.5935
vn 0.7902 0.0741 -0.6084
vn 0.7403 -0.0218 -0.6720
vn 0.7012 0.2636 -0.6625
vn -0.0050 -0.2348 -0.9720
vn 0.0009 -0.2097 -0.9778
vn -0.0578 -0.2316 -0.9711
vn 0.5568 0.0086 -0.8306
vn 0.6574 0.4545 -0.6010
vn 0.0000 -0.2586 -0.9660
vn 0.0051 -0.2346 -0.9721
vn 0.3715 0.1337 -0.9188
vn -0.0095 0.7517 -0.6594
vn -0.0000 0.6030 -0.7977
vn 0.3355 -0.4980 -0.7996
vn 0.9242 -0.1287 -0.3597
vn 0.9548 -0.1044 -0.2783
vn 0.9587 -0.0274 -0.2831
vn 0.8531 -0.3118 -0.4183
vn 0.6658 -0.3877 -0.6374
vn 0.9247 -0.2005 -0.3235
vn 0.1318 -0.2547 -0.9580
vn 0.1497 -0.2662 -0.9522
vn 0.1382 -0.2588 -0.9560
vn 0.1217 -0.2482 -0.9610
vn 0.0390 0.7791 -0.6257
vn -0.1573 0.7804 -0.6052
vn 0.0995 0.7726 -0.6271
vn -0.2901 -0.9557 0.0496
vn -0.0417 -0.9453 0.3236
vn -0.1623 -0.9669 0.1970
vn -0.4533 -0.8761 -0.1643
vn -0.9340 -0.0499 -0.3538
vn -0.9326 -0.0476 -0.3577
vn -0.9337 -0.0495 -0.3545
vn -0.9349 -0.0515 -0.3512
vn 0.8614 0.0682 0.5033
vn 0.8987 0.1128 0.4238
vn 0.9379 0.1770 0.2982
vn -0.9379 0.1770 0.2982
vn -0.8987 0.1128 0.4238
vn -0.9002 0.1148 0.4201
vn -0.8614 0.0682 0.5033
vn 0.9349 -0.0515 -0.3512
vn 0.9337 -0.0495 -0.3545
vn 0.9340 -0.0499 -0.3538
vn 0.9326 -0.0476 -0.3577
vn 0.4533 -0.8761 -0.1643
vn 0.1623 -0.9669 0.1970
vn 0.2901 -0.9557 0.0496
vn 0.0417 -0.9453 0.3236
vn -0.0995 0.7726 -0.6271
vn -0.0390 0.7791 -0.6257
vn 0.1573 0.7804 -0.6052
vn -0.1217 -0.2482 -0.9610
vn -0.8669 0.0130 -0.4983
vn -0.7377 -0.0101 -0.6750
vn -0.6942 0.2437 -0.6772
vn -0.7699 -0.0129 -0.6381
vn -0.7655 0.0692 -0.6397
vn -0.9247 -0.2005 -0.3235
vn -0.6581 0.4309 -0.6175
vn -0.9548 -0.1044 -0.2783
vn -0.9255 -0.3685 -0.0879
vn -0.9220 -0.1233 -0.3669
vn -0.9587 -0.0274 -0.2831
vn -0.9663 -0.0396 -0.2543
vn -0.0000 -0.9766 0.2152
vn 0.0000 -0.9766 0.2152
vn -0.0000 -0.2586 -0.9660
vn -0.5535 0.0042 -0.8328
vn -0.3730 0.1286 -0.9189
vn -0.6847 -0.3455 -0.6418
vn -0.3481 -0.4849 -0.8023
vn -0.8433 -0.3059 -0.4420
vn 0.9255 -0.3685 -0.0879
vn 0.9663 -0.0396 -0.2543
vn 0.6719 0.1986 -0.7135
vn 0.6262 -0.3283 -0.7072
vn 0.8778 0.0748 -0.4732
vn 0.6033 0.6278 -0.4919
vn 0.3526 0.8935 -0.2781
vn 0.0601 -0.2297 -0.9714
vn 0.0786 -0.9486 0.3065
vn 0.0306 -0.9383 0.3444
vn -0.0241 -0.9947 0.0999
vn -0.1056 -0.9362 0.3353
vn 0.2113 -0.9251 0.3155
vn -0.0328 -0.9940 0.1047
vn -0.1935 -0.9217 0.3363
vn 0.0554 -0.4015 -0.9142
vn 0.2064 -0.3637 -0.9084
vn -0.3616 -0.3147 -0.8776
vn -0.4493 -0.2915 -0.8445
vn -0.0074 -0.9225 0.3860
vn -0.2536 -0.9131 0.3192
vn -0.1554 -0.9094 0.3857
vn 0.0155 -0.9437 -0.3304
vn 0.0761 -0.9577 -0.2774
vn 0.0880 -0.3126 -0.9458
vn 0.0925 -0.3466 -0.9334
vn 0.0714 -0.9431 0.3247
vn -0.0714 -0.9431 0.3248
vn 0.7348 -0.2788 0.6184
vn 0.5735 0.5955 0.5626
vn 0.7906 -0.3822 0.4783
vn 0.5908 0.2170 -0.7771
vn 0.4266 0.4717 -0.7717
vn 0.7258 0.4855 -0.4873
vn 0.2725 0.1947 -0.9423
vn 0.0000 0.3429 -0.9394
vn 0.1900 0.1687 -0.9672
vn 0.9349 0.2788 -0.2197
vn 0.8549 0.5135 -0.0739
vn 0.9400 0.3368 -0.0546
vn 0.8194 0.4591 -0.3433
vn 0.7667 0.6038 0.2179
vn 0.7486 0.5590 -0.3565
vn 0.7023 0.1288 -0.7002
vn 0.5193 0.1872 -0.8338
vn 0.7094 -0.4997 -0.4970
vn 0.1070 -0.1597 -0.9814
vn 0.6846 0.6315 0.3641
vn 0.8531 0.0279 0.5210
vn 0.1478 0.9868 -0.0667
vn 0.8490 0.3821 0.3649
vn 0.4343 0.7288 0.5294
vn 0.0980 0.9952 -0.0021
vn 0.0920 0.9955 -0.0235
vn 0.0159 -0.9859 0.1664
vn 0.0016 -0.9866 0.1634
vn 0.0020 -0.9858 0.1676
vn 0.4655 0.1178 0.8772
vn 0.1248 -0.2350 -0.9640
vn 0.0781 -0.2304 -0.9700
vn -0.0889 -0.1844 -0.9788
vn -0.1052 -0.1859 -0.9769
vn -0.0000 0.9891 -0.1474
vn 0.0000 0.9878 -0.1560
vn -0.2220 0.9698 0.1010
vn -0.0000 0.5107 0.8598
vn -0.1721 0.3662 0.9145
vn -0.0000 0.1957 0.9807
vn -0.2343 0.7165 0.6571
vn -0.5544 0.6006 0.5762
vn -0.7307 0.2322 0.6420
vn -0.5532 0.2385 0.7982
vn -0.8535 0.3784 0.3583
vn -0.9400 0.3369 -0.0545
vn -0.0000 0.8462 0.5329
vn -0.5578 0.7930 0.2451
vn -0.8549 0.5135 -0.0739
vn -0.0000 0.9668 0.2556
vn 0.0000 -0.9764 0.2160
vn -0.0016 -0.9866 0.1634
vn -0.0020 -0.9858 0.1676
vn 0.9700 0.1178 -0.2128
vn 0.8992 0.1402 -0.4144
vn 0.4444 0.7520 -0.4868
vn 0.5222 0.8235 -0.2216
vn 0.0000 0.7143 -0.6998
vn 0.4430 0.8791 -0.1758
vn 0.2243 0.9622 -0.1544
vn 0.2220 0.9698 0.1010
vn 0.1902 0.8162 -0.5455
vn 0.1721 0.3662 0.9145
vn 0.2343 0.7165 0.6571
vn 0.7531 0.2626 0.6032
vn 0.5544 0.6006 0.5762
vn 0.5252 0.4498 0.7224
vn 0.8535 0.3784 0.3583
vn 0.5578 0.7930 0.2451
vn -0.7906 -0.3822 0.4783
vn -0.4399 -0.8905 0.1163
vn -0.5735 0.5955 0.5626
vn -0.7841 0.4449 -0.4327
vn -0.4444 0.7520 -0.4868
vn -0.5222 0.8235 -0.2216
vn -0.4266 0.4717 -0.7717
vn -0.9509 0.1290 -0.2814
vn -0.9651 0.1214 -0.2321
vn 0.0000 0.1490 0.9888
vn -0.4655 0.1178 0.8772
vn -0.2691 0.1390 0.9530
vn -0.4343 0.7288 0.5294
vn -0.6846 0.6315 0.3641
vn -0.8531 0.0279 0.5210
vn -0.0159 -0.9859 0.1664
vn -0.0920 0.9955 -0.0235
vn -0.1478 0.9868 -0.0667
vn -0.3516 0.8446 0.4037
vn -0.8490 0.3821 0.3649
vn 0.9511 0.1290 -0.2808
vn 0.6186 -0.0462 0.7843
vn 0.5542 0.0388 0.8314
vn 0.2691 0.1390 0.9530
vn -0.7348 -0.2788 0.6184
vn -0.6103 0.3887 0.6902
vn -0.0000 -0.9844 0.1757
vn -0.5908 0.2170 -0.7771
vn -0.8583 0.1457 -0.4920
vn -0.2725 0.1947 -0.9423
vn -0.1900 0.1687 -0.9672
vn 0.7174 0.3419 0.6070
vn 0.7513 0.6415 0.1551
vn 0.4399 -0.8905 0.1163
vn -0.1070 -0.1597 -0.9814
vn -0.1902 0.8162 -0.5455
vn -0.2243 0.9622 -0.1544
vn -0.4430 0.8791 -0.1758
vn 0.0537 -0.2300 -0.9717
vn -0.0000 -0.2303 -0.9731
vn -0.0537 -0.2300 -0.9717
vn -0.6186 -0.0462 0.7843
# 3494 vertex normals

vt 0.9874 0.2766 0.0000
vt 0.9873 0.2444 0.0000
vt 0.9688 0.2446 0.0000
vt 0.9679 0.2766 0.0000
vt 0.9618 0.2394 0.0000
vt 0.9575 0.2866 0.0000
vt 0.9032 0.2653 0.0000
vt 0.9032 0.2360 0.0000
vt 0.9618 0.2303 0.0000
vt 0.9118 0.2093 0.0000
vt 0.9685 0.2246 0.0000
vt 0.9856 0.2230 0.0000
vt 0.9966 0.2186 0.0000
vt 0.9942 0.2288 0.0000
vt 0.9551 0.3307 0.0000
vt 0.9703 0.3473 0.0000
vt 0.9366 0.3638 0.0000
vt 0.9488 0.3113 0.0000
vt 0.9506 0.3013 0.0000
vt 0.9332 0.3447 0.0000
vt 0.9148 0.3169 0.0000
vt 0.9061 0.2924 0.0000
vt 0.9942 0.2094 0.0000
vt 0.8827 0.2360 0.0000
vt 0.8908 0.2093 0.0000
vt 0.8837 0.2653 0.0000
vt 0.8877 0.2981 0.0000
vt 0.8980 0.3239 0.0000
vt 0.9164 0.3513 0.0000
vt 0.9206 0.3719 0.0000
vt 0.9417 0.3760 0.0000
vt 0.9417 0.3822 0.0000
vt 0.9304 0.3822 0.0000
vt 0.9304 0.3885 0.0000
vt 0.9417 0.3885 0.0000
vt 0.9178 0.3760 0.0000
vt 0.9178 0.3822 0.0000
vt 0.9304 0.3760 0.0000
vt 0.9178 0.3885 0.0000
vt 0.9051 0.3760 0.0000
vt 0.9051 0.3822 0.0000
vt 0.9051 0.3885 0.0000
vt 0.8936 0.3760 0.0000
vt 0.8936 0.3822 0.0000
vt 0.8936 0.3885 0.0000
vt 0.8851 0.4991 0.0000
vt 0.8851 0.4874 0.0000
vt 0.8767 0.4874 0.0000
vt 0.8767 0.4991 0.0000
vt 0.9110 0.4991 0.0000
vt 0.9110 0.4874 0.0000
vt 0.9027 0.4874 0.0000
vt 0.8832 0.3760 0.0000
vt 0.8832 0.3822 0.0000
vt 0.8832 0.3885 0.0000
vt 0.8770 0.3760 0.0000
vt 0.8770 0.3822 0.0000
vt 0.8770 0.3885 0.0000
vt 0.9022 0.4203 0.0000
vt 0.9139 0.4203 0.0000
vt 0.9139 0.3899 0.0000
vt 0.9203 0.4972 0.0000
vt 0.9203 0.4991 0.0000
vt 0.9188 0.4957 0.0000
vt 0.9174 0.4991 0.0000
vt 0.9174 0.4972 0.0000
vt 0.9825 0.4972 0.0000
vt 0.9722 0.4972 0.0000
vt 0.9722 0.4766 0.0000
vt 0.9825 0.4766 0.0000
vt 0.9472 0.4972 0.0000
vt 0.9472 0.4766 0.0000
vt 0.9570 0.4766 0.0000
vt 0.9570 0.4972 0.0000
vt 0.9272 0.4340 0.0000
vt 0.9213 0.4242 0.0000
vt 0.9066 0.4242 0.0000
vt 0.9012 0.4340 0.0000
vt 0.9257 0.3899 0.0000
vt 0.9257 0.4203 0.0000
vt 0.9066 0.4438 0.0000
vt 0.9213 0.4438 0.0000
vt 0.9262 0.4967 0.0000
vt 0.9316 0.4967 0.0000
vt 0.9154 0.4453 0.0000
vt 0.9154 0.4839 0.0000
vt 0.9898 0.4786 0.0000
vt 0.9977 0.4786 0.0000
vt 0.9977 0.4972 0.0000
vt 0.9898 0.4972 0.0000
vt 0.9027 0.4991 0.0000
vt 0.8939 0.4874 0.0000
vt 0.8939 0.4991 0.0000
vt 0.9316 0.4453 0.0000
vt 0.9022 0.3899 0.0000
vt 0.9414 0.4203 0.0000
vt 0.9414 0.3899 0.0000
vt 0.9551 0.4218 0.0000
vt 0.9433 0.4095 0.0000
vt 0.9551 0.4095 0.0000
vt 0.9433 0.4218 0.0000
vt 0.9066 0.4247 0.0000
vt 0.9213 0.4423 0.0000
vt 0.9213 0.4247 0.0000
vt 0.9066 0.4423 0.0000
vt 0.8826 0.4844 0.0000
vt 0.8826 0.3914 0.0000
vt 0.8880 0.3914 0.0000
vt 0.8885 0.4844 0.0000
vt 0.8939 0.3914 0.0000
vt 0.8939 0.4844 0.0000
vt 0.8988 0.3914 0.0000
vt 0.8993 0.4844 0.0000
vt 0.8772 0.4844 0.0000
vt 0.8772 0.3914 0.0000
vt 0.9781 0.4972 0.0000
vt 0.9781 0.4786 0.0000
vt 0.9012 0.4839 0.0000
vt 0.9012 0.4448 0.0000
vt 0.9438 0.4967 0.0000
vt 0.9438 0.4453 0.0000
vt 0.9507 0.4908 0.0000
vt 0.9507 0.4957 0.0000
vt 0.9482 0.4957 0.0000
vt 0.9482 0.4908 0.0000
vt 0.9649 0.4766 0.0000
vt 0.9649 0.4972 0.0000
vt 0.1890 0.7916 0.7948
vt 0.1888 0.7917 0.5014
vt 0.1888 0.7916 0.5041
vt 0.1888 0.7916 0.5014
vt 0.1889 0.7917 0.5014
vt 0.1889 0.7917 0.5041
vt 0.1889 0.7918 0.5014
vt 0.1890 0.7918 0.5014
vt 0.1890 0.7918 0.5041
vt 0.1891 0.7917 0.5014
vt 0.1891 0.7917 0.5041
vt 0.1892 0.7916 0.5014
vt 0.1891 0.7916 0.5041
vt 0.1892 0.7915 0.5014
vt 0.1892 0.7916 0.5041
vt 0.1891 0.7915 0.5014
vt 0.1891 0.7915 0.5041
vt 0.1891 0.7914 0.5014
vt 0.1890 0.7914 0.5014
vt 0.1890 0.7914 0.5041
vt 0.1889 0.7914 0.5014
vt 0.1889 0.7914 0.5041
vt 0.1888 0.7915 0.5014
vt 0.1889 0.7915 0.5041
vt 0.1888 0.7915 0.5041
vt 0.1888 0.7917 0.6061
vt 0.1888 0.7916 0.6061
vt 0.1888 0.7916 0.7369
vt 0.1888 0.7917 0.7369
vt 0.1889 0.7917 0.7369
vt 0.1889 0.7917 0.6061
vt 0.1889 0.7918 0.7369
vt 0.1889 0.7918 0.6061
vt 0.1890 0.7918 0.7369
vt 0.1890 0.7918 0.6061
vt 0.1891 0.7917 0.7369
vt 0.1891 0.7917 0.6061
vt 0.1891 0.7916 0.7369
vt 0.1892 0.7916 0.6061
vt 0.1892 0.7916 0.7369
vt 0.1892 0.7915 0.7369
vt 0.1892 0.7915 0.6061
vt 0.1891 0.7915 0.7369
vt 0.1891 0.7915 0.6061
vt 0.1891 0.7914 0.6061
vt 0.1891 0.7914 0.7369
vt 0.1890 0.7914 0.7369
vt 0.1890 0.7914 0.6061
vt 0.1889 0.7914 0.7369
vt 0.1889 0.7914 0.6061
vt 0.1889 0.7915 0.7369
vt 0.1889 0.7915 0.6061
vt 0.1888 0.7915 0.7369
vt 0.1888 0.7915 0.6061
vt 0.1888 0.7916 0.8912
vt 0.1888 0.7915 0.8912
vt 0.1888 0.7917 0.8912
vt 0.1888 0.7917 1.0551
vt 0.1888 0.7916 1.0551
vt 0.1888 0.7917 1.2190
vt 0.1888 0.7916 1.2190
vt 0.1888 0.7917 1.3705
vt 0.1888 0.7916 1.3705
vt 0.1889 0.7917 1.2190
vt 0.1889 0.7917 1.0551
vt 0.1889 0.7917 1.3705
vt 0.1890 0.7917 1.2190
vt 0.1890 0.7917 1.0551
vt 0.1890 0.7917 1.3705
vt 0.1891 0.7917 1.2190
vt 0.1891 0.7917 1.0551
vt 0.1891 0.7917 1.3705
vt 0.1891 0.7916 1.2190
vt 0.1891 0.7916 1.0551
vt 0.1891 0.7916 1.3705
vt 0.1892 0.7916 1.0551
vt 0.1891 0.7915 1.2190
vt 0.1891 0.7915 1.0551
vt 0.1891 0.7915 1.3705
vt 0.1891 0.7914 1.2190
vt 0.1891 0.7914 1.0551
vt 0.1891 0.7914 1.3705
vt 0.1890 0.7914 1.2190
vt 0.1890 0.7914 1.0551
vt 0.1890 0.7914 1.3705
vt 0.1889 0.7914 1.2190
vt 0.1889 0.7914 1.0551
vt 0.1889 0.7914 1.3705
vt 0.1889 0.7915 1.2190
vt 0.1889 0.7915 1.0551
vt 0.1888 0.7915 1.2190
vt 0.1888 0.7915 1.0551
vt 0.1888 0.7915 1.3705
vt 0.1889 0.7915 1.3705
vt 0.1888 0.7916 1.5014
vt 0.1888 0.7915 1.5014
vt 0.1888 0.7917 1.5014
vt 0.1890 0.7916 1.1047
vt 0.1889 0.7915 1.5014
vt 0.1889 0.7914 1.5014
vt 0.1890 0.7914 1.5014
vt 0.1891 0.7914 1.5014
vt 0.1891 0.7915 1.5014
vt 0.1891 0.7916 1.5014
vt 0.1891 0.7917 1.5014
vt 0.1890 0.7917 1.5014
vt 0.1889 0.7917 1.5014
vt 0.1889 0.7915 0.8912
vt 0.1889 0.7914 0.8912
vt 0.1890 0.7914 0.8912
vt 0.1891 0.7914 0.8912
vt 0.1891 0.7915 0.8912
vt 0.1892 0.7915 0.8912
vt 0.1892 0.7916 0.8912
vt 0.1891 0.7916 0.8912
vt 0.1891 0.7917 0.8912
vt 0.1890 0.7917 0.8912
vt 0.1890 0.7918 0.8912
vt 0.1889 0.7917 0.8912
vt 0.4911 0.5809 0.0000
vt 0.4982 0.5813 0.0000
vt 0.4911 0.5813 0.0000
vt 0.4911 0.6211 0.0000
vt 0.4982 0.6115 0.0000
vt 0.4911 0.6115 0.0000
vt 0.4982 0.6211 0.0000
vt 0.0425 0.6808 0.0000
vt 0.0487 0.6808 0.0000
vt 0.0511 0.6868 0.0000
vt 0.0393 0.6868 0.0000
vt 0.0407 0.6824 0.0000
vt 0.0508 0.6900 0.0000
vt 0.0395 0.6900 0.0000
vt 0.0500 0.6824 0.0000
vt 0.0116 0.7175 0.0000
vt 0.0077 0.7138 0.0000
vt 0.0063 0.7171 0.0000
vt 0.0266 0.7499 0.0000
vt 0.0320 0.7454 0.0000
vt 0.0271 0.7453 0.0000
vt 0.4911 0.5967 0.0000
vt 0.0488 0.7039 0.0000
vt 0.0400 0.7001 0.0000
vt 0.0397 0.6931 0.0000
vt 0.0452 0.7053 0.0000
vt 0.0173 0.7495 0.0000
vt 0.0167 0.7455 0.0000
vt 0.0367 0.7496 0.0000
vt 0.0317 0.7498 0.0000
vt 0.0452 0.7451 0.0000
vt 0.0370 0.7453 0.0000
vt 0.0515 0.7450 0.0000
vt 0.0452 0.7496 0.0000
vt 0.0563 0.7449 0.0000
vt 0.0514 0.7496 0.0000
vt 0.0197 0.6976 0.0000
vt 0.0168 0.6913 0.0000
vt 0.0220 0.6932 0.0000
vt 0.0123 0.7016 0.0000
vt 0.0150 0.6958 0.0000
vt 0.4982 0.5707 0.0000
vt 0.4911 0.5655 0.0000
vt 0.4982 0.5655 0.0000
vt 0.4982 0.5967 0.0000
vt 0.4911 0.5707 0.0000
vt 0.4982 0.5809 0.0000
vt 0.4911 0.5643 0.0000
vt 0.4982 0.5642 0.0000
vt 0.4911 0.6254 0.0000
vt 0.4982 0.6253 0.0000
vt 0.0452 0.6803 0.0000
vt 0.0273 0.7383 0.0000
vt 0.0272 0.7453 0.0000
vt 0.0413 0.7038 0.0000
vt 0.0505 0.6931 0.0000
vt 0.0505 0.7000 0.0000
vt 0.0174 0.7037 0.0000
vt 0.0132 0.7138 0.0000
vt 0.0100 0.7212 0.0000
vt 0.0060 0.7302 0.0000
vt 0.0050 0.7205 0.0000
vt 0.0022 0.7283 0.0000
vt 0.0050 0.7346 0.0000
vt 0.0020 0.7362 0.0000
vt 0.0075 0.7405 0.0000
vt 0.0041 0.7425 0.0000
vt 0.0114 0.7447 0.0000
vt 0.0087 0.7474 0.0000
vt 0.0563 0.7496 0.0000
vt 0.0289 0.7011 0.0000
vt 0.0324 0.7116 0.0000
vt 0.0263 0.7061 0.0000
vt 0.0455 0.7350 0.0000
vt 0.0516 0.7450 0.0000
vt 0.0453 0.7451 0.0000
vt 0.0197 0.6977 0.0000
vt 0.0386 0.7260 0.0000
vt 0.0393 0.7334 0.0000
vt 0.0226 0.7141 0.0000
vt 0.0309 0.7164 0.0000
vt 0.0288 0.7238 0.0000
vt 0.0329 0.7224 0.0000
vt 0.0153 0.7234 0.0000
vt 0.0158 0.7226 0.0000
vt 0.0222 0.7305 0.0000
vt 0.0227 0.7301 0.0000
vt 0.0128 0.7362 0.0000
vt 0.0152 0.7414 0.0000
vt 0.0264 0.7385 0.0000
vt 0.0554 0.7279 0.0000
vt 0.0512 0.7348 0.0000
vt 0.0561 0.7348 0.0000
vt 0.0312 0.6973 0.0000
vt 0.0349 0.7070 0.0000
vt 0.0373 0.7014 0.0000
vt 0.0087 0.7324 0.0000
vt 0.0489 0.7279 0.0000
vt 0.0219 0.6932 0.0000
vt 0.0175 0.7036 0.0000
vt 0.0132 0.7139 0.0000
vt 0.0437 0.7284 0.0000
vt 0.0114 0.7448 0.0000
vt 0.0167 0.7454 0.0000
vt 0.0133 0.7431 0.0000
vt 0.0075 0.7404 0.0000
vt 0.0070 0.7344 0.0000
vt 0.0110 0.7386 0.0000
vt 0.1328 0.5859 0.0000
vt 0.1306 0.5917 0.0000
vt 0.1313 0.5861 0.0000
vt 0.1302 0.5974 0.0000
vt 0.1316 0.5971 0.0000
vt 0.1320 0.5915 0.0000
vt 0.1307 0.6209 0.0000
vt 0.1303 0.6153 0.0000
vt 0.1321 0.6206 0.0000
vt 0.1318 0.6151 0.0000
vt 0.1300 0.6090 0.0000
vt 0.1314 0.6087 0.0000
vt 0.1314 0.6024 0.0000
vt 0.1299 0.6026 0.0000
vt 0.1285 0.5922 0.0000
vt 0.2474 0.5476 0.0000
vt 0.2481 0.5486 0.0000
vt 0.2475 0.5398 0.0000
vt 0.2469 0.5539 0.0000
vt 0.2481 0.5538 0.0000
vt 0.1968 0.5544 0.0000
vt 0.2052 0.5560 0.0000
vt 0.2055 0.5575 0.0000
vt 0.1970 0.5559 0.0000
vt 0.1886 0.5501 0.0000
vt 0.2410 0.5071 0.0000
vt 0.2452 0.5017 0.0000
vt 0.2461 0.5188 0.0000
vt 0.2414 0.5148 0.0000
vt 0.2492 0.5057 0.0000
vt 0.2496 0.5135 0.0000
vt 0.2424 0.5864 0.0000
vt 0.2432 0.5920 0.0000
vt 0.2419 0.5921 0.0000
vt 0.2436 0.5977 0.0000
vt 0.2438 0.6029 0.0000
vt 0.2438 0.6093 0.0000
vt 0.2420 0.6030 0.0000
vt 0.2446 0.5922 0.0000
vt 0.2439 0.5866 0.0000
vt 0.2305 0.5494 0.0000
vt 0.2338 0.5544 0.0000
vt 0.2328 0.5492 0.0000
vt 0.2312 0.5563 0.0000
vt 0.2340 0.5490 0.0000
vt 0.2332 0.5459 0.0000
vt 0.2288 0.5506 0.0000
vt 0.2273 0.5547 0.0000
vt 0.2294 0.5585 0.0000
vt 0.2342 0.5741 0.0000
vt 0.2352 0.5509 0.0000
vt 0.2281 0.5686 0.0000
vt 0.2315 0.5754 0.0000
vt 0.2357 0.5531 0.0000
vt 0.2301 0.5453 0.0000
vt 0.2320 0.5451 0.0000
vt 0.2301 0.5425 0.0000
vt 0.2315 0.5422 0.0000
vt 0.2468 0.5695 0.0000
vt 0.2478 0.5682 0.0000
vt 0.2387 0.5739 0.0000
vt 0.2157 0.5645 0.0000
vt 0.2254 0.5720 0.0000
vt 0.2218 0.5540 0.0000
vt 0.2199 0.5781 0.0000
vt 0.2272 0.5565 0.0000
vt 0.1333 0.5916 0.0000
vt 0.1332 0.6024 0.0000
vt 0.2382 0.5520 0.0000
vt 0.2380 0.5436 0.0000
vt 0.2377 0.5431 0.0000
vt 0.2229 0.5453 0.0000
vt 0.2205 0.5477 0.0000
vt 0.2247 0.5507 0.0000
vt 0.2205 0.5371 0.0000
vt 0.2185 0.5397 0.0000
vt 0.2216 0.5410 0.0000
vt 0.2196 0.5436 0.0000
vt 0.2391 0.5367 0.0000
vt 0.2386 0.5374 0.0000
vt 0.2386 0.5438 0.0000
vt 0.2382 0.5439 0.0000
vt 0.2383 0.5486 0.0000
vt 0.2192 0.5439 0.0000
vt 0.2128 0.5551 0.0000
vt 0.2206 0.5491 0.0000
vt 0.2143 0.5603 0.0000
vt 0.1782 0.5541 0.0000
vt 0.1873 0.5421 0.0000
vt 0.1864 0.5497 0.0000
vt 0.1681 0.5868 0.0000
vt 0.1604 0.5850 0.0000
vt 0.1678 0.5766 0.0000
vt 0.1621 0.5776 0.0000
vt 0.1783 0.5435 0.0000
vt 0.1695 0.5420 0.0000
vt 0.1722 0.5273 0.0000
vt 0.1793 0.5284 0.0000
vt 0.1868 0.5327 0.0000
vt 0.1631 0.5440 0.0000
vt 0.1632 0.5356 0.0000
vt 0.1822 0.5695 0.0000
vt 0.1764 0.5702 0.0000
vt 0.1823 0.5596 0.0000
vt 0.1528 0.5267 0.0000
vt 0.1434 0.5311 0.0000
vt 0.1526 0.5350 0.0000
vt 0.1624 0.5349 0.0000
vt 0.1624 0.5270 0.0000
vt 0.1429 0.5841 0.0000
vt 0.1344 0.5847 0.0000
vt 0.1316 0.5772 0.0000
vt 0.1699 0.5557 0.0000
vt 0.1517 0.5842 0.0000
vt 0.1263 0.6214 0.0000
vt 0.1259 0.6176 0.0000
vt 0.1286 0.6214 0.0000
vt 0.1283 0.6158 0.0000
vt 0.1260 0.6096 0.0000
vt 0.1279 0.6095 0.0000
vt 0.1279 0.6031 0.0000
vt 0.1259 0.6033 0.0000
vt 0.1281 0.5979 0.0000
vt 0.1262 0.5981 0.0000
vt 0.1780 0.5024 0.0000
vt 0.1696 0.5048 0.0000
vt 0.1708 0.5240 0.0000
vt 0.1351 0.5040 0.0000
vt 0.1406 0.5066 0.0000
vt 0.1354 0.5284 0.0000
vt 0.1524 0.5059 0.0000
vt 0.1619 0.5061 0.0000
vt 0.2109 0.5479 0.0000
vt 0.1782 0.5226 0.0000
vt 0.2357 0.5428 0.0000
vt 0.4713 0.6681 0.0000
vt 0.4764 0.6830 0.0000
vt 0.4752 0.6676 0.0000
vt 0.4743 0.6555 0.0000
vt 0.4847 0.6577 0.0000
vt 0.4847 0.6514 0.0000
vt 0.4847 0.6670 0.0000
vt 0.4931 0.6830 0.0000
vt 0.4847 0.6814 0.0000
vt 0.4847 0.6871 0.0000
vt 0.4942 0.6676 0.0000
vt 0.4981 0.6681 0.0000
vt 0.3867 0.6303 0.0000
vt 0.3994 0.6333 0.0000
vt 0.3994 0.6290 0.0000
vt 0.3994 0.6266 0.0000
vt 0.3752 0.6266 0.0000
vt 0.3758 0.6381 0.0000
vt 0.3758 0.6421 0.0000
vt 0.3867 0.6386 0.0000
vt 0.3754 0.6333 0.0000
vt 0.4244 0.6464 0.0000
vt 0.4199 0.6507 0.0000
vt 0.4216 0.6559 0.0000
vt 0.3994 0.6421 0.0000
vt 0.3994 0.6381 0.0000
vt 0.3867 0.6346 0.0000
vt 0.3545 0.7050 0.0000
vt 0.3639 0.7040 0.0000
vt 0.3567 0.7197 0.0000
vt 0.3520 0.6903 0.0000
vt 0.3625 0.6895 0.0000
vt 0.3741 0.7036 0.0000
vt 0.3741 0.6893 0.0000
vt 0.3393 0.7341 0.0000
vt 0.3310 0.7344 0.0000
vt 0.3310 0.7486 0.0000
vt 0.3398 0.7484 0.0000
vt 0.3468 0.7331 0.0000
vt 0.3479 0.7476 0.0000
vt 0.0769 0.7416 0.0000
vt 0.0872 0.7442 0.0000
vt 0.0768 0.7468 0.0000
vt 0.0864 0.7488 0.0000
vt 0.3754 0.6290 0.0000
vt 0.4288 0.6507 0.0000
vt 0.4271 0.6559 0.0000
vt 0.1029 0.6290 0.0000
vt 0.1022 0.6510 0.0000
vt 0.0913 0.6390 0.0000
vt 0.0650 0.6720 0.0000
vt 0.0641 0.6284 0.0000
vt 0.0584 0.6271 0.0000
vt 0.1110 0.6282 0.0000
vt 0.1220 0.6455 0.0000
vt 0.1184 0.6306 0.0000
vt 0.1221 0.6351 0.0000
vt 0.1180 0.6501 0.0000
vt 0.1105 0.6523 0.0000
vt 0.0912 0.6435 0.0000
vt 0.2361 0.5372 0.0000
vt 0.2381 0.5392 0.0000
vt 0.2378 0.5374 0.0000
vt 0.2349 0.5438 0.0000
vt 0.1781 0.5556 0.0000
vt 0.1696 0.5572 0.0000
vt 0.1300 0.5016 0.0000
vt 0.1342 0.5070 0.0000
vt 0.1291 0.5187 0.0000
vt 0.1338 0.5147 0.0000
vt 0.1256 0.5134 0.0000
vt 0.1260 0.5056 0.0000
vt 0.2179 0.5399 0.0000
vt 0.2119 0.5514 0.0000
vt 0.2482 0.5409 0.0000
vt 0.2328 0.5440 0.0000
vt 0.2283 0.5459 0.0000
vt 0.2264 0.5486 0.0000
vt 0.3238 0.7038 0.0000
vt 0.3167 0.7023 0.0000
vt 0.3161 0.7186 0.0000
vt 0.3234 0.7195 0.0000
vt 0.3310 0.7041 0.0000
vt 0.3885 0.6835 0.0000
vt 0.3749 0.6869 0.0000
vt 0.4005 0.6871 0.0000
vt 0.4006 0.6853 0.0000
vt 0.3749 0.6822 0.0000
vt 0.3883 0.6806 0.0000
vt 0.4006 0.6820 0.0000
vt 0.3885 0.6766 0.0000
vt 0.4005 0.6770 0.0000
vt 0.4005 0.6733 0.0000
vt 0.3749 0.6855 0.0000
vt 0.3749 0.6775 0.0000
vt 0.3749 0.6730 0.0000
vt 0.4704 0.6463 0.0000
vt 0.4744 0.6506 0.0000
vt 0.4728 0.6558 0.0000
vt 0.4669 0.6558 0.0000
vt 0.4652 0.6506 0.0000
vt 0.2352 0.5374 0.0000
vt 0.3507 0.6327 0.0000
vt 0.3146 0.6265 0.0000
vt 0.3502 0.6265 0.0000
vt 0.3686 0.6327 0.0000
vt 0.3691 0.6265 0.0000
vt 0.3647 0.6749 0.0000
vt 0.3670 0.6878 0.0000
vt 0.3742 0.6878 0.0000
vt 0.3742 0.6752 0.0000
vt 0.3221 0.5272 0.0000
vt 0.3120 0.5609 0.0000
vt 0.3065 0.5533 0.0000
vt 0.3289 0.5317 0.0000
vt 0.3291 0.5531 0.0000
vt 0.3147 0.5645 0.0000
vt 0.3360 0.5358 0.0000
vt 0.2882 0.5497 0.0000
vt 0.3110 0.5180 0.0000
vt 0.2653 0.5180 0.0000
vt 0.3174 0.5234 0.0000
vt 0.3294 0.5621 0.0000
vt 0.3357 0.5538 0.0000
vt 0.3387 0.5568 0.0000
vt 0.3378 0.5466 0.0000
vt 0.3615 0.6751 0.0000
vt 0.2486 0.5929 0.0000
vt 0.2459 0.5871 0.0000
vt 0.2483 0.5876 0.0000
vt 0.2490 0.5986 0.0000
vt 0.2471 0.5984 0.0000
vt 0.2467 0.5927 0.0000
vt 0.2494 0.6182 0.0000
vt 0.2489 0.6220 0.0000
vt 0.2466 0.6220 0.0000
vt 0.2469 0.6164 0.0000
vt 0.2492 0.6102 0.0000
vt 0.2473 0.6100 0.0000
vt 0.2473 0.6036 0.0000
vt 0.2493 0.6038 0.0000
vt 0.2035 0.6218 0.0000
vt 0.1984 0.5871 0.0000
vt 0.2070 0.5873 0.0000
vt 0.1952 0.6216 0.0000
vt 0.1902 0.5852 0.0000
vt 0.1888 0.6228 0.0000
vt 0.2393 0.6228 0.0000
vt 0.2323 0.5846 0.0000
vt 0.2408 0.5852 0.0000
vt 0.2302 0.6240 0.0000
vt 0.2235 0.5847 0.0000
vt 0.3713 0.6471 0.0000
vt 0.3480 0.6471 0.0000
vt 0.3297 0.6430 0.0000
vt 0.3410 0.5903 0.0000
vt 0.3185 0.5710 0.0000
vt 0.3167 0.5909 0.0000
vt 0.2826 0.5744 0.0000
vt 0.2798 0.5656 0.0000
vt 0.2513 0.5744 0.0000
vt 0.2541 0.5656 0.0000
vt 0.2564 0.5546 0.0000
vt 0.2775 0.5546 0.0000
vt 0.3295 0.5191 0.0000
vt 0.3343 0.5268 0.0000
vt 0.3292 0.5266 0.0000
vt 0.3335 0.5092 0.0000
vt 0.3290 0.5110 0.0000
vt 0.3227 0.5019 0.0000
vt 0.3201 0.5045 0.0000
vt 0.2547 0.5799 0.0000
vt 0.2679 0.6017 0.0000
vt 0.2679 0.5801 0.0000
vt 0.3741 0.5211 0.0000
vt 0.3727 0.5449 0.0000
vt 0.3671 0.5433 0.0000
vt 0.3387 0.5336 0.0000
vt 0.3368 0.5222 0.0000
vt 0.3418 0.5228 0.0000
vt 0.2627 0.6244 0.0000
vt 0.2521 0.6033 0.0000
vt 0.3411 0.5726 0.0000
vt 0.3125 0.5696 0.0000
vt 0.2975 0.5958 0.0000
vt 0.2917 0.5766 0.0000
vt 0.3293 0.5672 0.0000
vt 0.2814 0.5974 0.0000
vt 0.2823 0.5787 0.0000
vt 0.3239 0.6184 0.0000
vt 0.3037 0.6215 0.0000
vt 0.2827 0.6087 0.0000
vt 0.3657 0.5201 0.0000
vt 0.3438 0.5342 0.0000
vt 0.3745 0.5008 0.0000
vt 0.3624 0.5007 0.0000
vt 0.3426 0.5472 0.0000
vt 0.2582 0.5353 0.0000
vt 0.2580 0.5381 0.0000
vt 0.2761 0.5380 0.0000
vt 0.2767 0.5469 0.0000
vt 0.2572 0.5469 0.0000
vt 0.2757 0.5353 0.0000
vt 0.3058 0.5101 0.0000
vt 0.2704 0.5101 0.0000
vt 0.2450 0.5979 0.0000
vt 0.2449 0.6159 0.0000
vt 0.2446 0.6215 0.0000
vt 0.2431 0.6213 0.0000
vt 0.2434 0.6157 0.0000
vt 0.2452 0.6095 0.0000
vt 0.2453 0.6031 0.0000
vt 0.2072 0.5771 0.0000
vt 0.2068 0.5699 0.0000
vt 0.2130 0.5781 0.0000
vt 0.1986 0.5706 0.0000
vt 0.1984 0.5774 0.0000
vt 0.1912 0.5782 0.0000
vt 0.2436 0.5776 0.0000
vt 0.2120 0.5443 0.0000
vt 0.2056 0.5422 0.0000
vt 0.1968 0.5438 0.0000
vt 0.2147 0.5854 0.0000
vt 0.1877 0.5423 0.0000
vt 0.1636 0.5532 0.0000
vt 0.1683 0.5695 0.0000
vt 0.1636 0.5689 0.0000
vt 0.1857 0.5005 0.0000
vt 0.1874 0.5251 0.0000
vt 0.1882 0.5329 0.0000
vt 0.1958 0.5286 0.0000
vt 0.2119 0.5358 0.0000
vt 0.2029 0.5275 0.0000
vt 0.1928 0.5699 0.0000
vt 0.1927 0.5600 0.0000
vt 0.2317 0.5313 0.0000
vt 0.2223 0.5269 0.0000
vt 0.2225 0.5352 0.0000
vt 0.2127 0.5352 0.0000
vt 0.2127 0.5272 0.0000
vt 0.2043 0.5242 0.0000
vt 0.2202 0.6229 0.0000
vt 0.2138 0.6231 0.0000
vt 0.3742 0.6636 0.0000
vt 0.3661 0.6635 0.0000
vt 0.3742 0.6598 0.0000
vt 0.3645 0.6312 0.0000
vt 0.3559 0.6312 0.0000
vt 0.3602 0.6312 0.0000
vt 0.1642 0.5476 0.0000
vt 0.2115 0.5535 0.0000
vt 0.2115 0.5693 0.0000
vt 0.1969 0.5228 0.0000
vt 0.1971 0.5025 0.0000
vt 0.1893 0.5006 0.0000
vt 0.1876 0.5253 0.0000
vt 0.2055 0.5049 0.0000
vt 0.2401 0.5041 0.0000
vt 0.2345 0.5067 0.0000
vt 0.2398 0.5286 0.0000
vt 0.2227 0.5060 0.0000
vt 0.2132 0.5063 0.0000
vt 0.3140 0.6478 0.0000
vt 0.3323 0.6478 0.0000
vt 0.3323 0.6555 0.0000
vt 0.3140 0.6555 0.0000
vt 0.3323 0.6631 0.0000
vt 0.3450 0.6555 0.0000
vt 0.3617 0.6555 0.0000
vt 0.3617 0.6478 0.0000
vt 0.3450 0.6478 0.0000
vt 0.3617 0.6631 0.0000
vt 0.3450 0.6631 0.0000
vt 0.3308 0.6755 0.0000
vt 0.3137 0.6755 0.0000
vt 0.3308 0.6814 0.0000
vt 0.3137 0.6814 0.0000
vt 0.3308 0.6873 0.0000
vt 0.3137 0.6873 0.0000
vt 0.3308 0.6636 0.0000
vt 0.3137 0.6636 0.0000
vt 0.3308 0.6696 0.0000
vt 0.3137 0.6696 0.0000
vt 0.3140 0.6631 0.0000
vt 0.3378 0.6632 0.0000
vt 0.3378 0.6555 0.0000
vt 0.3378 0.6478 0.0000
vt 0.3242 0.6478 0.0000
vt 0.3242 0.6555 0.0000
vt 0.3242 0.6632 0.0000
vt 0.3469 0.6631 0.0000
vt 0.3469 0.6555 0.0000
vt 0.3607 0.6755 0.0000
vt 0.3461 0.6755 0.0000
vt 0.3461 0.6696 0.0000
vt 0.3469 0.6478 0.0000
vt 0.3461 0.6814 0.0000
vt 0.3461 0.6873 0.0000
vt 0.3461 0.6636 0.0000
vt 0.3607 0.6814 0.0000
vt 0.3607 0.6873 0.0000
vt 0.3305 0.6631 0.0000
vt 0.3305 0.6555 0.0000
vt 0.3305 0.6478 0.0000
vt 0.0589 0.6861 0.0000
vt 0.0573 0.6796 0.0000
vt 0.0556 0.6798 0.0000
vt 0.0609 0.6883 0.0000
vt 0.0575 0.6758 0.0000
vt 0.0356 0.6341 0.0000
vt 0.0337 0.6878 0.0000
vt 0.0462 0.6299 0.0000
vt 0.0514 0.6721 0.0000
vt 0.0526 0.6280 0.0000
vt 0.0416 0.6761 0.0000
vt 0.0789 0.6874 0.0000
vt 0.0694 0.6305 0.0000
vt 0.0730 0.6764 0.0000
vt 0.0795 0.6356 0.0000
vt 0.1009 0.6538 0.0000
vt 0.0875 0.6481 0.0000
vt 0.0949 0.6899 0.0000
vt 0.1001 0.7380 0.0000
vt 0.1123 0.7369 0.0000
vt 0.1000 0.7434 0.0000
vt 0.1127 0.7428 0.0000
vt 0.1194 0.7381 0.0000
vt 0.1193 0.7436 0.0000
vt 0.0668 0.7401 0.0000
vt 0.0667 0.7453 0.0000
vt 0.1011 0.6995 0.0000
vt 0.0877 0.7034 0.0000
vt 0.0871 0.7000 0.0000
vt 0.0998 0.7033 0.0000
vt 0.1246 0.7106 0.0000
vt 0.1155 0.7094 0.0000
vt 0.1159 0.7068 0.0000
vt 0.0650 0.7086 0.0000
vt 0.0697 0.7063 0.0000
vt 0.0710 0.7094 0.0000
vt 0.0773 0.7016 0.0000
vt 0.0790 0.7039 0.0000
vt 0.0914 0.6343 0.0000
vt 0.1086 0.6801 0.0000
vt 0.1095 0.6537 0.0000
vt 0.1229 0.6801 0.0000
vt 0.1228 0.6536 0.0000
vt 0.0185 0.6909 0.0000
vt 0.0100 0.6524 0.0000
vt 0.0024 0.6801 0.0000
vt 0.0023 0.6536 0.0000
vt 0.0238 0.6464 0.0000
vt 0.0592 0.7061 0.0000
vt 0.0598 0.7106 0.0000
vt 0.0554 0.7131 0.0000
vt 0.0639 0.6899 0.0000
vt 0.0626 0.6736 0.0000
vt 0.0706 0.6811 0.0000
vt 0.0677 0.6772 0.0000
vt 0.0687 0.6750 0.0000
vt 0.0724 0.6807 0.0000
vt 0.0697 0.6844 0.0000
vt 0.0681 0.6881 0.0000
vt 0.0575 0.6866 0.0000
vt 0.0749 0.6934 0.0000
vt 0.0751 0.6981 0.0000
vt 0.0677 0.7029 0.0000
vt 0.0638 0.7007 0.0000
vt 0.0632 0.7070 0.0000
vt 0.1034 0.6929 0.0000
vt 0.0819 0.6948 0.0000
vt 0.0600 0.7127 0.0000
vt 0.1237 0.7072 0.0000
vt 0.1164 0.7036 0.0000
vt 0.1027 0.6883 0.0000
vt 0.1072 0.6855 0.0000
vt 0.0650 0.7106 0.0000
vt 0.0798 0.7050 0.0000
vt 0.1083 0.7039 0.0000
vt 0.1079 0.7078 0.0000
vt 0.3607 0.6636 0.0000
vt 0.3607 0.6696 0.0000
vt 0.1074 0.7310 0.0000
vt 0.1002 0.7051 0.0000
vt 0.0998 0.7320 0.0000
vt 0.0703 0.6920 0.0000
vt 0.0669 0.6925 0.0000
vt 0.1003 0.7491 0.0000
vt 0.1135 0.7470 0.0000
vt 0.1239 0.7055 0.0000
vt 0.1096 0.6981 0.0000
vt 0.1178 0.7000 0.0000
vt 0.1107 0.6925 0.0000
vt 0.1136 0.6938 0.0000
vt 0.0773 0.6938 0.0000
vt 0.1724 0.7040 0.0000
vt 0.1716 0.7050 0.0000
vt 0.1632 0.7047 0.0000
vt 0.1863 0.7107 0.0000
vt 0.1864 0.7087 0.0000
vt 0.1913 0.7128 0.0000
vt 0.1642 0.7402 0.0000
vt 0.1517 0.7320 0.0000
vt 0.1513 0.7051 0.0000
vt 0.1743 0.7368 0.0000
vt 0.1863 0.7355 0.0000
vt 0.1836 0.7353 0.0000
vt 0.1361 0.7094 0.0000
vt 0.1378 0.7320 0.0000
vt 0.1311 0.7348 0.0000
vt 0.1270 0.7106 0.0000
vt 0.1937 0.6891 0.0000
vt 0.1967 0.6969 0.0000
vt 0.1845 0.6925 0.0000
vt 0.1875 0.7007 0.0000
vt 0.1837 0.7029 0.0000
vt 0.1921 0.7061 0.0000
vt 0.1881 0.7071 0.0000
vt 0.1915 0.7106 0.0000
vt 0.3652 0.7188 0.0000
vt 0.3659 0.7346 0.0000
vt 0.3579 0.7362 0.0000
vt 0.3655 0.7475 0.0000
vt 0.3573 0.7494 0.0000
vt 0.3741 0.7343 0.0000
vt 0.3741 0.7470 0.0000
vt 0.3741 0.7184 0.0000
vt 0.1406 0.5729 0.0000
vt 0.1433 0.5741 0.0000
vt 0.1454 0.5572 0.0000
vt 0.1279 0.5526 0.0000
vt 0.1267 0.5524 0.0000
vt 0.1280 0.5682 0.0000
vt 0.1270 0.5669 0.0000
vt 0.1391 0.5518 0.0000
vt 0.1361 0.5726 0.0000
vt 0.1493 0.5707 0.0000
vt 0.1591 0.5632 0.0000
vt 0.1530 0.5527 0.0000
vt 0.1549 0.5768 0.0000
vt 0.1467 0.5673 0.0000
vt 0.1959 0.7132 0.0000
vt 0.1504 0.6995 0.0000
vt 0.1643 0.7000 0.0000
vt 0.1638 0.7035 0.0000
vt 0.1517 0.7033 0.0000
vt 0.1357 0.7068 0.0000
vt 0.1804 0.7094 0.0000
vt 0.1816 0.7063 0.0000
vt 0.1741 0.7017 0.0000
vt 0.1763 0.6981 0.0000
vt 0.1482 0.6930 0.0000
vt 0.1695 0.6948 0.0000
vt 0.1138 0.7319 0.0000
vt 0.1205 0.7348 0.0000
vt 0.0718 0.7357 0.0000
vt 0.0771 0.7368 0.0000
vt 0.0678 0.7353 0.0000
vt 0.0872 0.7401 0.0000
vt 0.0650 0.7354 0.0000
vt 0.0644 0.7422 0.0000
vt 0.3151 0.7331 0.0000
vt 0.3227 0.7341 0.0000
vt 0.3310 0.7198 0.0000
vt 0.3386 0.7195 0.0000
vt 0.3459 0.7186 0.0000
vt 0.3141 0.7476 0.0000
vt 0.3222 0.7484 0.0000
vt 0.3453 0.7022 0.0000
vt 0.3459 0.6891 0.0000
vt 0.3386 0.6911 0.0000
vt 0.3382 0.7038 0.0000
vt 0.3234 0.6911 0.0000
vt 0.3161 0.6891 0.0000
vt 0.3310 0.6915 0.0000
vt 0.0644 0.7477 0.0000
vt 0.1279 0.7073 0.0000
vt 0.1352 0.7037 0.0000
vt 0.1268 0.5706 0.0000
vt 0.1309 0.5726 0.0000
vt 0.1553 0.5799 0.0000
vt 0.1502 0.5806 0.0000
vt 0.1366 0.5506 0.0000
vt 0.3758 0.6593 0.0000
vt 0.3989 0.6562 0.0000
vt 0.4610 0.6721 0.0000
vt 0.4612 0.6791 0.0000
vt 0.4713 0.6804 0.0000
vt 0.4716 0.6721 0.0000
vt 0.4605 0.6876 0.0000
vt 0.4717 0.6875 0.0000
vt 0.4489 0.6505 0.0000
vt 0.4489 0.6470 0.0000
vt 0.1465 0.5445 0.0000
vt 0.1446 0.5439 0.0000
vt 0.1443 0.5481 0.0000
vt 0.1460 0.5492 0.0000
vt 0.1428 0.5437 0.0000
vt 0.1420 0.5479 0.0000
vt 0.1420 0.5426 0.0000
vt 0.1416 0.5445 0.0000
vt 0.2299 0.6356 0.0000
vt 0.2485 0.6355 0.0000
vt 0.2464 0.6380 0.0000
vt 0.2301 0.6381 0.0000
vt 0.2456 0.6455 0.0000
vt 0.1982 0.7240 0.0000
vt 0.1977 0.7204 0.0000
vt 0.2058 0.7163 0.0000
vt 0.2296 0.6273 0.0000
vt 0.1980 0.7039 0.0000
vt 0.2007 0.7107 0.0000
vt 0.2302 0.6453 0.0000
vt 0.2084 0.7187 0.0000
vt 0.2483 0.6277 0.0000
vt 0.1501 0.5493 0.0000
vt 0.1476 0.5551 0.0000
vt 0.2246 0.5819 0.0000
vt 0.2480 0.5719 0.0000
vt 0.2439 0.5739 0.0000
vt 0.2195 0.5812 0.0000
vt 0.1488 0.6884 0.0000
vt 0.1444 0.6855 0.0000
vt 0.1795 0.7357 0.0000
vt 0.1436 0.5550 0.0000
vt 0.1410 0.5530 0.0000
vt 0.1408 0.5477 0.0000
vt 0.1396 0.5495 0.0000
vt 0.1447 0.5411 0.0000
vt 0.1433 0.5408 0.0000
vt 0.4951 0.6555 0.0000
vt 0.1475 0.5533 0.0000
vt 0.1362 0.5424 0.0000
vt 0.1605 0.5590 0.0000
vt 0.1542 0.5477 0.0000
vt 0.1556 0.5425 0.0000
vt 0.1620 0.5538 0.0000
vt 0.1629 0.5501 0.0000
vt 0.1273 0.5384 0.0000
vt 0.1266 0.5394 0.0000
vt 0.1267 0.5473 0.0000
vt 0.1274 0.5462 0.0000
vt 0.1484 0.5472 0.0000
vt 0.1938 0.6866 0.0000
vt 0.1924 0.6861 0.0000
vt 0.1904 0.6883 0.0000
vt 0.1957 0.6798 0.0000
vt 0.1940 0.6797 0.0000
vt 0.1938 0.6758 0.0000
vt 0.1368 0.5422 0.0000
vt 0.1370 0.5417 0.0000
vt 0.1543 0.5463 0.0000
vt 0.1519 0.5439 0.0000
vt 0.1532 0.5396 0.0000
vt 0.1552 0.5422 0.0000
vt 0.1563 0.5383 0.0000
vt 0.1362 0.5359 0.0000
vt 0.1357 0.5353 0.0000
vt 0.1366 0.5425 0.0000
vt 0.0814 0.5997 0.0000
vt 0.1068 0.5856 0.0000
vt 0.1075 0.5989 0.0000
vt 0.2348 0.9291 0.0000
vt 0.2216 0.9203 0.0000
vt 0.2481 0.9203 0.0000
vt 0.2422 0.9077 0.0000
vt 0.2275 0.9077 0.0000
vt 0.0627 0.6142 0.0000
vt 0.0634 0.6169 0.0000
vt 0.0867 0.6169 0.0000
vt 0.0638 0.6230 0.0000
vt 0.0568 0.6169 0.0000
vt 0.0574 0.6230 0.0000
vt 0.0569 0.6139 0.0000
vt 0.0619 0.5948 0.0000
vt 0.0576 0.6060 0.0000
vt 0.0643 0.6055 0.0000
vt 0.1243 0.5709 0.0000
vt 0.1068 0.5709 0.0000
vt 0.1213 0.5626 0.0000
vt 0.1100 0.5626 0.0000
vt 0.1065 0.5651 0.0000
vt 0.0812 0.6138 0.0000
vt 0.1122 0.6125 0.0000
vt 0.1064 0.6062 0.0000
vt 0.0818 0.6073 0.0000
vt 0.0637 0.6130 0.0000
vt 0.1389 0.7428 0.0000
vt 0.1380 0.7471 0.0000
vt 0.1323 0.7437 0.0000
vt 0.1512 0.7492 0.0000
vt 0.1516 0.7435 0.0000
vt 0.1650 0.7489 0.0000
vt 0.1515 0.7380 0.0000
vt 0.1393 0.7369 0.0000
vt 0.1323 0.7382 0.0000
vt 0.1765 0.6935 0.0000
vt 0.1811 0.6920 0.0000
vt 0.1396 0.5360 0.0000
vt 0.1387 0.5358 0.0000
vt 0.1391 0.5414 0.0000
vt 0.1399 0.5423 0.0000
vt 0.1367 0.5377 0.0000
vt 0.1369 0.5359 0.0000
vt 0.1364 0.5473 0.0000
vt 0.0883 0.7047 0.0000
vt 0.1493 0.6510 0.0000
vt 0.1486 0.6289 0.0000
vt 0.1602 0.6389 0.0000
vt 0.1872 0.6284 0.0000
vt 0.1863 0.6720 0.0000
vt 0.1929 0.6271 0.0000
vt 0.1406 0.6282 0.0000
vt 0.1332 0.6306 0.0000
vt 0.1296 0.6455 0.0000
vt 0.1296 0.6351 0.0000
vt 0.1437 0.7078 0.0000
vt 0.1433 0.7040 0.0000
vt 0.1277 0.7056 0.0000
vt 0.1419 0.6981 0.0000
vt 0.1338 0.7001 0.0000
vt 0.1409 0.6926 0.0000
vt 0.1380 0.6938 0.0000
vt 0.1741 0.6939 0.0000
vt 0.1845 0.7402 0.0000
vt 0.1846 0.7454 0.0000
vt 0.1745 0.7416 0.0000
vt 0.1746 0.7468 0.0000
vt 0.1442 0.7311 0.0000
vt 0.1869 0.7422 0.0000
vt 0.3741 0.6002 0.0000
vt 0.3658 0.5862 0.0000
vt 0.3618 0.5926 0.0000
vt 0.3670 0.5961 0.0000
vt 0.4563 0.6715 0.0000
vt 0.4474 0.6602 0.0000
vt 0.4473 0.6716 0.0000
vt 0.4535 0.6596 0.0000
vt 0.4608 0.6576 0.0000
vt 0.4339 0.6576 0.0000
vt 0.4404 0.6602 0.0000
vt 0.4571 0.6828 0.0000
vt 0.4473 0.6798 0.0000
vt 0.4473 0.6868 0.0000
vt 0.4600 0.6699 0.0000
vt 0.4346 0.6699 0.0000
vt 0.4383 0.6715 0.0000
vt 0.4376 0.6828 0.0000
vt 0.3576 0.6149 0.0000
vt 0.3599 0.6015 0.0000
vt 0.3471 0.5863 0.0000
vt 0.3473 0.5931 0.0000
vt 0.3504 0.6010 0.0000
vt 0.1643 0.7443 0.0000
vt 0.1251 0.5789 0.0000
vt 0.1251 0.5737 0.0000
vt 0.1062 0.5736 0.0000
vt 0.1064 0.5788 0.0000
vt 0.1010 0.5737 0.0000
vt 0.1008 0.5788 0.0000
vt 0.1113 0.6230 0.0000
vt 0.1115 0.6169 0.0000
vt 0.0869 0.6230 0.0000
vt 0.0867 0.6148 0.0000
vt 0.1068 0.6038 0.0000
vt 0.0815 0.6025 0.0000
vt 0.0801 0.5832 0.0000
vt 0.1336 0.6500 0.0000
vt 0.1411 0.6522 0.0000
vt 0.1603 0.6435 0.0000
vt 0.1601 0.6342 0.0000
vt 0.1719 0.6355 0.0000
vt 0.1639 0.6481 0.0000
vt 0.1725 0.6874 0.0000
vt 0.1421 0.6537 0.0000
vt 0.1429 0.6801 0.0000
vt 0.1506 0.6538 0.0000
vt 0.1566 0.6899 0.0000
vt 0.1289 0.6536 0.0000
vt 0.1288 0.6801 0.0000
vt 0.2411 0.6524 0.0000
vt 0.2326 0.6909 0.0000
vt 0.2486 0.6801 0.0000
vt 0.2487 0.6536 0.0000
vt 0.2273 0.6464 0.0000
vt 0.2174 0.6878 0.0000
vt 0.1869 0.7478 0.0000
vt 0.1133 0.5936 0.0000
vt 0.1104 0.5934 0.0000
vt 0.1165 0.5883 0.0000
vt 0.1148 0.5860 0.0000
vt 0.1241 0.6063 0.0000
vt 0.0203 0.5890 0.0000
vt 0.0206 0.5948 0.0000
vt 0.0413 0.5825 0.0000
vt 0.0174 0.5686 0.0000
vt 0.0413 0.5634 0.0000
vt 0.0230 0.5556 0.0000
vt 0.0413 0.5566 0.0000
vt 0.0274 0.5461 0.0000
vt 0.0413 0.5500 0.0000
vt 0.0500 0.6147 0.0000
vt 0.0651 0.5686 0.0000
vt 0.0622 0.5890 0.0000
vt 0.0595 0.5556 0.0000
vt 0.0551 0.5461 0.0000
vt 0.1241 0.5855 0.0000
vt 0.1241 0.5825 0.0000
vt 0.1064 0.5504 0.0000
vt 0.0974 0.5601 0.0000
vt 0.1098 0.5065 0.0000
vt 0.1059 0.5167 0.0000
vt 0.1249 0.5169 0.0000
vt 0.0934 0.5577 0.0000
vt 0.1062 0.5265 0.0000
vt 0.0897 0.5321 0.0000
vt 0.0012 0.5154 0.0000
vt 0.0179 0.5158 0.0000
vt 0.0177 0.5051 0.0000
vt 0.0413 0.6054 0.0000
vt 0.0518 0.6166 0.0000
vt 0.0413 0.5892 0.0000
vt 0.0239 0.6060 0.0000
vt 0.0895 0.5497 0.0000
vt 0.0347 0.5056 0.0000
vt 0.0354 0.5095 0.0000
vt 0.0429 0.5059 0.0000
vt 0.0421 0.5097 0.0000
vt 0.0044 0.5630 0.0000
vt 0.0029 0.5832 0.0000
vt 0.1209 0.5065 0.0000
vt 0.0898 0.5185 0.0000
vt 0.0977 0.5008 0.0000
vt 0.1151 0.6016 0.0000
vt 0.1163 0.6062 0.0000
vt 0.0014 0.5998 0.0000
vt 0.0014 0.6025 0.0000
vt 0.0045 0.5428 0.0000
vt 0.0214 0.5374 0.0000
vt 0.0776 0.5032 0.0000
vt 0.0780 0.5049 0.0000
vt 0.0903 0.5032 0.0000
vt 0.0324 0.6147 0.0000
vt 0.0246 0.6145 0.0000
vt 0.0904 0.5153 0.0000
vt 0.0904 0.5049 0.0000
vt 0.0780 0.5153 0.0000
vt 0.0362 0.5025 0.0000
vt 0.0413 0.5030 0.0000
vt 0.0782 0.5206 0.0000
vt 0.0578 0.5237 0.0000
vt 0.0611 0.5374 0.0000
vt 0.0780 0.5428 0.0000
vt 0.0015 0.6138 0.0000
vt 0.0178 0.6130 0.0000
vt 0.0010 0.6072 0.0000
vt 0.0173 0.6055 0.0000
vt 0.0781 0.5630 0.0000
vt 0.0763 0.5074 0.0000
vt 0.0771 0.5015 0.0000
vt 0.0908 0.5015 0.0000
vt 0.0521 0.6236 0.0000
vt 0.1826 0.6750 0.0000
vt 0.1837 0.6772 0.0000
vt 0.1887 0.6736 0.0000
vt 0.1790 0.6807 0.0000
vt 0.1808 0.6812 0.0000
vt 0.1817 0.6844 0.0000
vt 0.1833 0.6881 0.0000
vt 0.1874 0.6899 0.0000
vt 0.1249 0.5505 0.0000
vt 0.1249 0.5265 0.0000
vt 0.2156 0.6340 0.0000
vt 0.2051 0.6299 0.0000
vt 0.1987 0.6279 0.0000
vt 0.1998 0.6721 0.0000
vt 0.2096 0.6761 0.0000
vt 0.1819 0.6304 0.0000
vt 0.1783 0.6764 0.0000
vt 0.0312 0.6192 0.0000
vt 0.0442 0.6194 0.0000
vt 0.0441 0.6249 0.0000
vt 0.0310 0.6247 0.0000
vt 0.0762 0.5130 0.0000
vt 0.0247 0.5237 0.0000
vt 0.0043 0.5206 0.0000
vt 0.0915 0.5130 0.0000
vt 0.0915 0.5074 0.0000
vt 0.0195 0.5025 0.0000
vt 0.0315 0.5072 0.0000
vt 0.0370 0.5194 0.0000
vt 0.0298 0.5101 0.0000
vt 0.0293 0.5182 0.0000
vt 0.0199 0.5164 0.0000
vt 0.0012 0.5160 0.0000
vt 0.0011 0.5014 0.0000
vt 0.0011 0.5039 0.0000
vt 0.0189 0.6187 0.0000
vt 0.0189 0.6242 0.0000
vt 0.0084 0.6187 0.0000
vt 0.0085 0.6242 0.0000
vt 0.1613 0.6224 0.0000
vt 0.1715 0.6211 0.0000
vt 0.1767 0.5769 0.0000
vt 0.1838 0.5778 0.0000
vt 0.1766 0.5866 0.0000
vt 0.1848 0.5847 0.0000
vt 0.1293 0.5866 0.0000
vt 0.1266 0.5924 0.0000
vt 0.1269 0.5871 0.0000
vt 0.1863 0.6222 0.0000
vt 0.1798 0.6210 0.0000
vt 0.1358 0.6222 0.0000
vt 0.1449 0.6234 0.0000
vt 0.1549 0.6223 0.0000
vt 0.3207 0.5335 0.0000
vt 0.3294 0.5423 0.0000
vt 0.3128 0.5493 0.0000
vt 0.3053 0.5385 0.0000
vt 0.3097 0.5603 0.0000
vt 0.3129 0.5608 0.0000
vt 0.3179 0.5284 0.0000
vt 0.2808 0.5225 0.0000
vt 0.2956 0.5226 0.0000
vt 0.3008 0.5055 0.0000
vt 0.2755 0.5055 0.0000
vt 0.3110 0.5200 0.0000
vt 0.3007 0.5558 0.0000
vt 0.2882 0.5538 0.0000
vt 0.3084 0.5040 0.0000
vt 0.3081 0.5009 0.0000
vt 0.3451 0.5357 0.0000
vt 0.3638 0.5386 0.0000
vt 0.3628 0.5207 0.0000
vt 0.3450 0.5512 0.0000
vt 0.3452 0.5173 0.0000
vt 0.3451 0.5678 0.0000
vt 0.3683 0.5846 0.0000
vt 0.3451 0.5849 0.0000
vt 0.3755 0.8120 0.0000
vt 0.3792 0.8120 0.0000
vt 0.3746 0.8270 0.0000
vt 0.3801 0.8270 0.0000
vt 0.4362 0.6955 0.0000
vt 0.4058 0.7028 0.0000
vt 0.4058 0.6955 0.0000
vt 0.4362 0.7028 0.0000
vt 0.4362 0.6884 0.0000
vt 0.4058 0.6884 0.0000
vt 0.3754 0.7028 0.0000
vt 0.3754 0.6955 0.0000
vt 0.0415 0.5210 0.0000
vt 0.0441 0.5192 0.0000
vt 0.0372 0.5434 0.0000
vt 0.0522 0.5345 0.0000
vt 0.0361 0.5345 0.0000
vt 0.0537 0.5423 0.0000
vt 0.3606 0.5015 0.0000
vt 0.3675 0.5585 0.0000
vt 0.3737 0.5829 0.0000
vt 0.3746 0.8420 0.0000
vt 0.3801 0.8420 0.0000
vt 0.4004 0.8417 0.0000
vt 0.4050 0.8276 0.0000
vt 0.3855 0.8417 0.0000
vt 0.3930 0.8189 0.0000
vt 0.3810 0.8276 0.0000
vt 0.3965 0.8123 0.0000
vt 0.4045 0.8123 0.0000
vt 0.4045 0.8160 0.0000
vt 0.3964 0.8160 0.0000
vt 0.3292 0.5015 0.0000
vt 0.2933 0.5011 0.0000
vt 0.2937 0.5046 0.0000
vt 0.3754 0.6884 0.0000
vt 0.0372 0.5255 0.0000
vt 0.0395 0.5218 0.0000
vt 0.0537 0.5266 0.0000
vt 0.0275 0.5345 0.0000
vt 0.0298 0.5247 0.0000
vt 0.0258 0.5345 0.0000
vt 0.4031 0.7115 0.0000
vt 0.3908 0.7044 0.0000
vt 0.3904 0.7115 0.0000
vt 0.4023 0.7044 0.0000
vt 0.4029 0.7185 0.0000
vt 0.3908 0.7185 0.0000
vt 0.3756 0.7044 0.0000
vt 0.3756 0.7115 0.0000
vt 0.0577 0.5345 0.0000
vt 0.0395 0.5471 0.0000
vt 0.0298 0.5443 0.0000
vt 0.3756 0.7185 0.0000
vt 0.4363 0.7115 0.0000
vt 0.4221 0.7044 0.0000
vt 0.4209 0.7115 0.0000
vt 0.4363 0.7044 0.0000
vt 0.4363 0.7185 0.0000
vt 0.4235 0.7185 0.0000
vt 0.3885 0.8123 0.0000
vt 0.3806 0.8123 0.0000
vt 0.3806 0.8160 0.0000
vt 0.3885 0.8160 0.0000
vt 0.3753 0.8118 0.0000
vt 0.3791 0.8118 0.0000
vt 0.3744 0.8271 0.0000
vt 0.3800 0.8271 0.0000
vt 0.3744 0.8423 0.0000
vt 0.3800 0.8423 0.0000
vt 0.4004 0.8419 0.0000
vt 0.3853 0.8419 0.0000
vt 0.3928 0.8188 0.0000
vt 0.3807 0.8276 0.0000
vt 0.3964 0.8121 0.0000
vt 0.4045 0.8121 0.0000
vt 0.4045 0.8158 0.0000
vt 0.3964 0.8158 0.0000
vt 0.3577 0.6182 0.0000
vt 0.3884 0.8121 0.0000
vt 0.3803 0.8121 0.0000
vt 0.3803 0.8158 0.0000
vt 0.3883 0.8158 0.0000
vt 0.4807 0.5622 0.0000
vt 0.4894 0.5320 0.0000
vt 0.4894 0.5621 0.0000
vt 0.4807 0.5617 0.0000
vt 0.4884 0.5318 0.0000
vt 0.4885 0.5618 0.0000
vt 0.4807 0.5318 0.0000
vt 0.3844 0.5169 0.0000
vt 0.3801 0.5093 0.0000
vt 0.3799 0.5176 0.0000
vt 0.3863 0.5076 0.0000
vt 0.3862 0.5168 0.0000
vt 0.3903 0.5152 0.0000
vt 0.3885 0.5112 0.0000
vt 0.3804 0.5038 0.0000
vt 0.3829 0.5038 0.0000
vt 0.3854 0.5060 0.0000
vt 0.2509 0.7266 0.0000
vt 0.2509 0.7236 0.0000
vt 0.2776 0.7235 0.0000
vt 0.2776 0.7265 0.0000
vt 0.2509 0.7203 0.0000
vt 0.2776 0.7203 0.0000
vt 0.2543 0.7455 0.0000
vt 0.3102 0.7409 0.0000
vt 0.2531 0.7409 0.0000
vt 0.2617 0.6878 0.0000
vt 0.2510 0.6878 0.0000
vt 0.2510 0.7192 0.0000
vt 0.2617 0.7192 0.0000
vt 0.2717 0.7192 0.0000
vt 0.2717 0.6878 0.0000
vt 0.2779 0.7192 0.0000
vt 0.2779 0.6878 0.0000
vt 0.2814 0.7192 0.0000
vt 0.2814 0.6878 0.0000
vt 0.2849 0.7192 0.0000
vt 0.2849 0.6878 0.0000
vt 0.2911 0.7192 0.0000
vt 0.2910 0.6878 0.0000
vt 0.3012 0.7192 0.0000
vt 0.3012 0.6878 0.0000
vt 0.3120 0.7192 0.0000
vt 0.3120 0.6878 0.0000
vt 0.4884 0.5621 0.0000
vt 0.4809 0.5320 0.0000
vt 0.4808 0.5621 0.0000
vt 0.4884 0.5320 0.0000
vt 0.4807 0.5320 0.0000
vt 0.3045 0.7311 0.0000
vt 0.3113 0.7311 0.0000
vt 0.3114 0.7214 0.0000
vt 0.4908 0.5117 0.0000
vt 0.4984 0.5024 0.0000
vt 0.4908 0.5025 0.0000
vt 0.4984 0.5117 0.0000
vt 0.4908 0.5217 0.0000
vt 0.4984 0.5218 0.0000
vt 0.4908 0.5411 0.0000
vt 0.4984 0.5411 0.0000
vt 0.4908 0.5578 0.0000
vt 0.4984 0.5628 0.0000
vt 0.3806 0.5328 0.0000
vt 0.3961 0.5206 0.0000
vt 0.3926 0.5156 0.0000
vt 0.3967 0.5318 0.0000
vt 0.3914 0.5387 0.0000
vt 0.4984 0.5318 0.0000
vt 0.4909 0.5318 0.0000
vt 0.4984 0.5482 0.0000
vt 0.4909 0.5482 0.0000
vt 0.4984 0.5629 0.0000
vt 0.4909 0.5582 0.0000
vt 0.4885 0.5471 0.0000
vt 0.4840 0.5344 0.0000
vt 0.4840 0.5616 0.0000
vt 0.3045 0.7356 0.0000
vt 0.3114 0.7356 0.0000
vt 0.2969 0.7311 0.0000
vt 0.2969 0.7214 0.0000
vt 0.3045 0.7214 0.0000
vt 0.2816 0.7309 0.0000
vt 0.2783 0.7277 0.0000
vt 0.2726 0.7290 0.0000
vt 0.3001 0.7371 0.0000
vt 0.2907 0.7290 0.0000
vt 0.2849 0.7277 0.0000
vt 0.3089 0.7457 0.0000
vt 0.3108 0.7497 0.0000
vt 0.2525 0.7497 0.0000
vt 0.2631 0.7371 0.0000
vt 0.2512 0.7342 0.0000
vt 0.2643 0.7343 0.0000
vt 0.2643 0.7274 0.0000
vt 0.2513 0.7273 0.0000
vt 0.4709 0.5328 0.0000
vt 0.4580 0.5327 0.0000
vt 0.4602 0.5385 0.0000
vt 0.4570 0.5204 0.0000
vt 0.4589 0.5154 0.0000
vt 0.4897 0.5325 0.0000
vt 0.4833 0.5619 0.0000
vt 0.4896 0.5619 0.0000
vt 0.4833 0.5325 0.0000
vt 0.4808 0.5320 0.0000
vt 0.4808 0.5618 0.0000
vt 0.4889 0.5619 0.0000
vt 0.4808 0.5322 0.0000
vt 0.4886 0.5322 0.0000
vt 0.4473 0.5176 0.0000
vt 0.4372 0.5311 0.0000
vt 0.4474 0.5333 0.0000
vt 0.4258 0.5464 0.0000
vt 0.4259 0.5307 0.0000
vt 0.4375 0.5453 0.0000
vt 0.4494 0.5421 0.0000
vt 0.4258 0.5623 0.0000
vt 0.4391 0.5607 0.0000
vt 0.4528 0.5553 0.0000
vt 0.4646 0.5512 0.0000
vt 0.4755 0.5436 0.0000
vt 0.4258 0.5162 0.0000
vt 0.4385 0.5036 0.0000
vt 0.4257 0.5022 0.0000
vt 0.4372 0.5160 0.0000
vt 0.4484 0.5065 0.0000
vt 0.4138 0.5449 0.0000
vt 0.4044 0.5332 0.0000
vt 0.4033 0.5428 0.0000
vt 0.4143 0.5309 0.0000
vt 0.4042 0.5175 0.0000
vt 0.4145 0.5161 0.0000
vt 0.4030 0.5065 0.0000
vt 0.4131 0.5034 0.0000
vt 0.3987 0.5559 0.0000
vt 0.3869 0.5513 0.0000
vt 0.3760 0.5171 0.0000
vt 0.4124 0.5607 0.0000
vt 0.4046 0.8123 0.0000
vt 0.4046 0.8160 0.0000
vt 0.3761 0.5437 0.0000
vt 0.3776 0.5039 0.0000
vt 0.3744 0.8425 0.0000
vt 0.3799 0.8425 0.0000
vt 0.3799 0.8273 0.0000
vt 0.3744 0.8273 0.0000
vt 0.3790 0.8120 0.0000
vt 0.3752 0.8120 0.0000
vt 0.3930 0.8190 0.0000
vt 0.3808 0.8278 0.0000
vt 0.3854 0.8421 0.0000
vt 0.4052 0.8278 0.0000
vt 0.4005 0.8421 0.0000
vt 0.3965 0.8160 0.0000
vt 0.3804 0.8160 0.0000
vt 0.3804 0.8123 0.0000
vt 0.4782 0.6232 0.0000
vt 0.4866 0.5926 0.0000
vt 0.4867 0.6232 0.0000
vt 0.4783 0.5926 0.0000
vt 0.4571 0.5932 0.0000
vt 0.4600 0.6006 0.0000
vt 0.4709 0.5947 0.0000
vt 0.4572 0.5854 0.0000
vt 0.4588 0.5776 0.0000
vt 0.4896 0.6192 0.0000
vt 0.4975 0.6025 0.0000
vt 0.4975 0.6241 0.0000
vt 0.4896 0.6025 0.0000
vt 0.4974 0.5834 0.0000
vt 0.4896 0.5833 0.0000
vt 0.4974 0.5733 0.0000
vt 0.4256 0.6239 0.0000
vt 0.4359 0.6073 0.0000
vt 0.4256 0.6077 0.0000
vt 0.4479 0.6046 0.0000
vt 0.4468 0.5935 0.0000
vt 0.4354 0.5928 0.0000
vt 0.4896 0.5647 0.0000
vt 0.4896 0.5734 0.0000
vt 0.4255 0.5926 0.0000
vt 0.4478 0.5798 0.0000
vt 0.4353 0.5781 0.0000
vt 0.4256 0.5782 0.0000
vt 0.4485 0.5686 0.0000
vt 0.4383 0.5655 0.0000
vt 0.4256 0.5643 0.0000
vt 0.3795 0.5713 0.0000
vt 0.3838 0.5789 0.0000
vt 0.3793 0.5795 0.0000
vt 0.3857 0.5697 0.0000
vt 0.3856 0.5788 0.0000
vt 0.3897 0.5772 0.0000
vt 0.3879 0.5733 0.0000
vt 0.3798 0.5658 0.0000
vt 0.3823 0.5659 0.0000
vt 0.3848 0.5680 0.0000
vt 0.4794 0.5933 0.0000
vt 0.4874 0.5933 0.0000
vt 0.4876 0.6227 0.0000
vt 0.4794 0.5932 0.0000
vt 0.4794 0.6226 0.0000
vt 0.4872 0.6225 0.0000
vt 0.4871 0.5931 0.0000
vt 0.4820 0.6227 0.0000
vt 0.4819 0.5936 0.0000
vt 0.4888 0.5937 0.0000
vt 0.4887 0.6227 0.0000
vt 0.4827 0.5955 0.0000
vt 0.4826 0.6224 0.0000
vt 0.4872 0.6080 0.0000
vt 0.4788 0.6224 0.0000
vt 0.4871 0.5921 0.0000
vt 0.4788 0.5921 0.0000
vt 0.4792 0.6233 0.0000
vt 0.4885 0.6233 0.0000
vt 0.4885 0.5926 0.0000
vt 0.4792 0.5926 0.0000
vt 0.4795 0.5931 0.0000
vt 0.4872 0.5932 0.0000
vt 0.4872 0.6233 0.0000
vt 0.4794 0.6232 0.0000
vt 0.4974 0.5646 0.0000
vt 0.4898 0.6096 0.0000
vt 0.4974 0.6242 0.0000
vt 0.4974 0.6096 0.0000
vt 0.4898 0.6196 0.0000
vt 0.4898 0.5933 0.0000
vt 0.4974 0.5933 0.0000
vt 0.4029 0.5686 0.0000
vt 0.4158 0.5780 0.0000
vt 0.4128 0.5657 0.0000
vt 0.3932 0.5945 0.0000
vt 0.3803 0.5947 0.0000
vt 0.3911 0.6004 0.0000
vt 0.3867 0.6130 0.0000
vt 0.3758 0.6054 0.0000
vt 0.3985 0.6171 0.0000
vt 0.4021 0.6040 0.0000
vt 0.4122 0.6224 0.0000
vt 0.4156 0.6076 0.0000
vt 0.4041 0.5936 0.0000
vt 0.4158 0.5930 0.0000
vt 0.3951 0.5837 0.0000
vt 0.4042 0.5788 0.0000
vt 0.3924 0.5774 0.0000
vt 0.3754 0.5791 0.0000
vt 0.3770 0.5660 0.0000
vt 0.4646 0.6130 0.0000
vt 0.4754 0.6055 0.0000
vt 0.4527 0.6176 0.0000
vt 0.4390 0.6224 0.0000
vt 0.3805 0.8160 0.0000
vt 0.3805 0.8123 0.0000
vt 0.3809 0.8277 0.0000
vt 0.3855 0.8419 0.0000
vt 0.4051 0.8277 0.0000
vt 0.4005 0.8419 0.0000
vt 0.3745 0.8422 0.0000
vt 0.3800 0.8422 0.0000
vt 0.3745 0.8271 0.0000
vt 0.3792 0.8121 0.0000
vt 0.3754 0.8121 0.0000
vt 0.3723 0.8411 0.0000
vt 0.3723 0.8341 0.0000
vt 0.3599 0.8415 0.0000
vt 0.3586 0.8343 0.0000
vt 0.3597 0.8727 0.0000
vt 0.3597 0.8798 0.0000
vt 0.3734 0.8730 0.0000
vt 0.3720 0.8802 0.0000
vt 0.3597 0.8636 0.0000
vt 0.3732 0.8622 0.0000
vt 0.3414 0.8464 0.0000
vt 0.3575 0.8358 0.0000
vt 0.3254 0.8358 0.0000
vt 0.3335 0.9178 0.0000
vt 0.3513 0.9091 0.0000
vt 0.3415 0.9103 0.0000
vt 0.3350 0.9280 0.0000
vt 0.3583 0.9158 0.0000
vt 0.3412 0.9324 0.0000
vt 0.3563 0.9333 0.0000
vt 0.3586 0.9257 0.0000
vt 0.2620 0.8304 0.0000
vt 0.2571 0.8307 0.0000
vt 0.2584 0.8282 0.0000
vt 0.2626 0.8347 0.0000
vt 0.2641 0.8317 0.0000
vt 0.2683 0.8389 0.0000
vt 0.2704 0.8362 0.0000
vt 0.2733 0.8424 0.0000
vt 0.2759 0.8394 0.0000
vt 0.2743 0.8432 0.0000
vt 0.2789 0.8415 0.0000
vt 0.2709 0.8407 0.0000
vt 0.2727 0.8379 0.0000
vt 0.2652 0.8364 0.0000
vt 0.2670 0.8337 0.0000
vt 0.2729 0.8286 0.0000
vt 0.3125 0.8234 0.0000
vt 0.2998 0.8222 0.0000
vt 0.3036 0.8290 0.0000
vt 0.3069 0.8177 0.0000
vt 0.2830 0.8329 0.0000
vt 0.2858 0.8389 0.0000
vt 0.2812 0.8373 0.0000
vt 0.2848 0.8422 0.0000
vt 0.2803 0.8414 0.0000
vt 0.2895 0.8264 0.0000
vt 0.2843 0.8279 0.0000
vt 0.2887 0.8294 0.0000
vt 0.2857 0.8237 0.0000
vt 0.2871 0.8349 0.0000
vt 0.2882 0.8314 0.0000
vt 0.2910 0.8196 0.0000
vt 0.2867 0.8204 0.0000
vt 0.2892 0.8274 0.0000
vt 0.2881 0.8191 0.0000
vt 0.2910 0.8197 0.0000
vt 0.2839 0.8266 0.0000
vt 0.2858 0.8387 0.0000
vt 0.2814 0.8374 0.0000
vt 0.2832 0.8321 0.0000
vt 0.2874 0.8337 0.0000
vt 0.3705 0.9333 0.0000
vt 0.3761 0.9248 0.0000
vt 0.3705 0.9247 0.0000
vt 0.3625 0.9005 0.0000
vt 0.3579 0.8940 0.0000
vt 0.3540 0.9069 0.0000
vt 0.3665 0.9134 0.0000
vt 0.3753 0.9031 0.0000
vt 0.3666 0.9032 0.0000
vt 0.3752 0.9132 0.0000
vt 0.3666 0.8990 0.0000
vt 0.3753 0.8909 0.0000
vt 0.3666 0.8911 0.0000
vt 0.3753 0.8988 0.0000
vt 0.3603 0.9105 0.0000
vt 0.3269 0.8908 0.0000
vt 0.3357 0.8861 0.0000
vt 0.3356 0.8937 0.0000
vt 0.3315 0.8843 0.0000
vt 0.3701 0.9276 0.0000
vt 0.3645 0.9334 0.0000
vt 0.3701 0.9333 0.0000
vt 0.3645 0.9278 0.0000
vt 0.2602 0.8328 0.0000
vt 0.2983 0.8421 0.0000
vt 0.3018 0.8372 0.0000
vt 0.3027 0.8414 0.0000
vt 0.2986 0.8271 0.0000
vt 0.2936 0.8263 0.0000
vt 0.2943 0.8294 0.0000
vt 0.2972 0.8238 0.0000
vt 0.2999 0.8328 0.0000
vt 0.2959 0.8349 0.0000
vt 0.2949 0.8314 0.0000
vt 0.2659 0.8223 0.0000
vt 0.2623 0.8175 0.0000
vt 0.2705 0.8235 0.0000
vt 0.2794 0.8291 0.0000
vt 0.2808 0.8330 0.0000
vt 0.2824 0.8342 0.0000
vt 0.2833 0.8223 0.0000
vt 0.3160 0.8336 0.0000
vt 0.3022 0.8329 0.0000
vt 0.3101 0.8286 0.0000
vt 0.3106 0.8168 0.0000
vt 0.3171 0.8223 0.0000
vt 0.3050 0.8219 0.0000
vt 0.2989 0.8259 0.0000
vt 0.2996 0.8143 0.0000
vt 0.3114 0.8135 0.0000
vt 0.2963 0.8205 0.0000
vt 0.2947 0.8191 0.0000
vt 0.3108 0.9343 0.0000
vt 0.3158 0.9231 0.0000
vt 0.2621 0.9342 0.0000
vt 0.3460 0.8937 0.0000
vt 0.3483 0.8796 0.0000
vt 0.3460 0.8805 0.0000
vt 0.2834 0.8144 0.0000
vt 0.2678 0.8438 0.0000
vt 0.2653 0.8487 0.0000
vt 0.2508 0.8429 0.0000
vt 0.2593 0.8506 0.0000
vt 0.2533 0.8482 0.0000
vt 0.2533 0.8379 0.0000
vt 0.2593 0.8361 0.0000
vt 0.2653 0.8385 0.0000
vt 0.3705 0.9190 0.0000
vt 0.3761 0.9191 0.0000
vt 0.3761 0.9335 0.0000
vt 0.3443 0.8818 0.0000
vt 0.3443 0.8860 0.0000
vt 0.3356 0.8816 0.0000
vt 0.3645 0.9191 0.0000
vt 0.3701 0.9190 0.0000
vt 0.3234 0.8784 0.0000
vt 0.3356 0.8715 0.0000
vt 0.3443 0.8716 0.0000
vt 0.3443 0.8939 0.0000
vt 0.3293 0.8744 0.0000
vt 0.3329 0.8292 0.0000
vt 0.3457 0.8365 0.0000
vt 0.3372 0.8365 0.0000
vt 0.3457 0.8220 0.0000
vt 0.3499 0.8292 0.0000
vt 0.3414 0.8717 0.0000
vt 0.3531 0.8635 0.0000
vt 0.3296 0.8635 0.0000
vt 0.3338 0.8553 0.0000
vt 0.3490 0.8553 0.0000
vt 0.3583 0.8786 0.0000
vt 0.3478 0.8786 0.0000
vt 0.3584 0.8768 0.0000
vt 0.3478 0.8768 0.0000
vt 0.3372 0.8220 0.0000
vt 0.3614 0.9337 0.0000
vt 0.3564 0.9333 0.0000
vt 0.3627 0.9256 0.0000
vt 0.3089 0.9230 0.0000
vt 0.3089 0.9078 0.0000
vt 0.2640 0.9230 0.0000
vt 0.2640 0.9078 0.0000
vt 0.3088 0.8924 0.0000
vt 0.2640 0.8924 0.0000
vt 0.3088 0.8765 0.0000
vt 0.2640 0.8765 0.0000
vt 0.3297 0.8516 0.0000
vt 0.3532 0.8516 0.0000
vt 0.3345 0.8403 0.0000
vt 0.3723 0.8249 0.0000
vt 0.3587 0.8236 0.0000
vt 0.2869 0.8354 0.0000
vt 0.3265 0.8544 0.0000
vt 0.3215 0.8544 0.0000
vt 0.3202 0.8577 0.0000
vt 0.3278 0.8577 0.0000
vt 0.3240 0.8605 0.0000
vt 0.3678 0.8435 0.0000
vt 0.3676 0.8368 0.0000
vt 0.3591 0.8437 0.0000
vt 0.3588 0.8354 0.0000
vt 0.3680 0.8505 0.0000
vt 0.3593 0.8507 0.0000
vt 0.3642 0.8822 0.0000
vt 0.3639 0.8892 0.0000
vt 0.3729 0.8824 0.0000
vt 0.3727 0.8894 0.0000
vt 0.3644 0.8755 0.0000
vt 0.3731 0.8741 0.0000
vt 0.3414 0.8602 0.0000
vt 0.3482 0.8403 0.0000
vt 0.3317 0.8265 0.0000
vt 0.3511 0.8265 0.0000
vt 0.3757 0.8222 0.0000
vt 0.3750 0.8147 0.0000
vt 0.3562 0.8222 0.0000
vt 0.3631 0.8140 0.0000
vt 0.3755 0.8308 0.0000
vt 0.3564 0.8309 0.0000
vt 0.3563 0.8609 0.0000
vt 0.3564 0.8695 0.0000
vt 0.3758 0.8609 0.0000
vt 0.3756 0.8696 0.0000
vt 0.3569 0.8534 0.0000
vt 0.3689 0.8527 0.0000
vt 0.3493 0.8800 0.0000
vt 0.3556 0.8946 0.0000
vt 0.3556 0.8800 0.0000
vt 0.3493 0.8945 0.0000
vt 0.3048 0.9342 0.0000
vt 0.2680 0.9342 0.0000
vt 0.3457 0.8144 0.0000
vt 0.3285 0.8220 0.0000
vt 0.3372 0.8144 0.0000
vt 0.3285 0.8144 0.0000
vt 0.3183 0.9282 0.0000
vt 0.3205 0.9314 0.0000
vt 0.3284 0.9273 0.0000
vt 0.3294 0.9293 0.0000
vt 0.3184 0.9321 0.0000
vt 0.3268 0.9277 0.0000
vt 0.3206 0.9338 0.0000
vt 0.3297 0.9220 0.0000
vt 0.3332 0.9219 0.0000
vt 0.3340 0.9083 0.0000
vt 0.3308 0.9145 0.0000
vt 0.3251 0.8920 0.0000
vt 0.3340 0.9159 0.0000
vt 0.3175 0.9209 0.0000
vt 0.3203 0.9225 0.0000
vt 0.3201 0.9190 0.0000
vt 0.3375 0.9090 0.0000
vt 0.3352 0.9034 0.0000
vt 0.3339 0.9018 0.0000
vt 0.3375 0.9008 0.0000
vt 0.3243 0.8900 0.0000
vt 0.3314 0.8937 0.0000
vt 0.2972 0.8389 0.0000
vt 0.3313 0.9219 0.0000
vt 0.3228 0.9081 0.0000
vt 0.3237 0.9115 0.0000
vt 0.3265 0.9102 0.0000
vt 0.3544 0.8220 0.0000
vt 0.3544 0.8144 0.0000
vt 0.3561 0.8709 0.0000
vt 0.3477 0.8749 0.0000
vt 0.3581 0.8749 0.0000
vt 0.3497 0.8709 0.0000
vt 0.3088 0.8652 0.0000
vt 0.2640 0.8652 0.0000
vt 0.3335 0.9177 0.0000
vt 0.3606 0.9123 0.0000
vt 0.3531 0.9058 0.0000
vt 0.3395 0.9073 0.0000
vt 0.3246 0.8281 0.0000
vt 0.3210 0.8304 0.0000
vt 0.3207 0.8174 0.0000
vt 0.3189 0.8316 0.0000
vt 0.3126 0.8361 0.0000
vt 0.3103 0.8379 0.0000
vt 0.2526 0.9073 0.0000
vt 0.2570 0.9231 0.0000
vt 0.3203 0.9073 0.0000
vt 0.2504 0.8923 0.0000
vt 0.3227 0.8922 0.0000
vt 0.2509 0.8792 0.0000
vt 0.3219 0.8792 0.0000
vt 0.2547 0.8653 0.0000
vt 0.3182 0.8653 0.0000
vt 0.3213 0.8517 0.0000
vt 0.3298 0.8440 0.0000
vt 0.3273 0.8492 0.0000
vt 0.3128 0.8448 0.0000
vt 0.3273 0.8390 0.0000
vt 0.3213 0.8372 0.0000
vt 0.3153 0.8396 0.0000
vt 0.3229 0.8328 0.0000
vt 0.3179 0.8364 0.0000
vt 0.3260 0.8306 0.0000
vt 0.3205 0.8346 0.0000
vt 0.3147 0.8389 0.0000
vt 0.3042 0.8415 0.0000
vt 0.3004 0.8325 0.0000
vt 0.3153 0.8498 0.0000
vt 0.3098 0.8424 0.0000
vt 0.3071 0.8394 0.0000
vt 0.3087 0.8431 0.0000
vt 0.3121 0.8406 0.0000
vt 0.2761 0.8178 0.0000
vt 0.2781 0.8219 0.0000
vt 0.3006 0.8344 0.0000
vt 0.2956 0.8336 0.0000
vt 0.2962 0.8354 0.0000
vt 0.2920 0.8196 0.0000
vt 0.2938 0.8273 0.0000
vt 0.2972 0.8386 0.0000
vt 0.3016 0.8374 0.0000
vt 0.0499 -0.0020 0.0000
vt 0.0499 0.0369 0.0000
vt 0.0729 0.0338 0.0000
vt 0.0728 0.0012 0.0000
vt 0.2591 0.8516 0.0000
vt 0.3137 0.8516 0.0000
vt 0.3483 0.8945 0.0000
vt 0.0803 0.1104 0.0000
vt 0.0885 0.1101 0.0000
vt 0.0884 0.1567 0.0000
vt 0.0787 0.1559 0.0000
vt 0.0414 -0.0020 0.0000
vt 0.0415 0.0371 0.0000
vt 0.0794 0.0627 0.0000
vt 0.0831 0.0645 0.0000
vt 0.0832 0.0283 0.0000
vt 0.0793 0.0301 0.0000
vt 0.2725 0.8169 0.0000
vt 0.2717 0.8136 0.0000
vt 0.2644 0.3934 0.0000
vt 0.3087 0.3934 0.0000
vt 0.2644 0.3861 0.0000
vt 0.3087 0.3684 0.0000
vt 0.2644 0.3684 0.0000
vt 0.3087 0.3861 0.0000
vt 0.3154 0.3684 0.0000
vt 0.3154 0.3861 0.0000
vt 0.2586 0.3861 0.0000
vt 0.2646 0.3861 0.0000
vt 0.2586 0.3684 0.0000
vt 0.2646 0.3684 0.0000
vt 0.3730 0.3605 0.0000
vt 0.3730 0.3582 0.0000
vt 0.3463 0.3605 0.0000
vt 0.3423 0.3477 0.0000
vt 0.3347 0.3477 0.0000
vt 0.3456 0.3599 0.0000
vt 0.3314 0.3599 0.0000
vt 0.3509 0.3423 0.0000
vt 0.3509 0.3468 0.0000
vt 0.3463 0.3423 0.0000
vt 0.5003 0.3965 0.0000
vt 0.5003 0.3731 0.0000
vt 0.4775 0.3965 0.0000
vt 0.4775 0.3731 0.0000
vt 0.4246 0.3963 0.0000
vt 0.4246 0.4176 0.0000
vt 0.4775 0.3963 0.0000
vt 0.4775 0.4176 0.0000
vt 0.4775 0.3728 0.0000
vt 0.4666 0.3634 0.0000
vt 0.4246 0.3634 0.0000
vt 0.4189 0.3982 0.0000
vt 0.3990 0.3610 0.0000
vt 0.3186 0.3436 0.0000
vt 0.3064 0.3485 0.0000
vt 0.3114 0.3505 0.0000
vt 0.3042 0.3436 0.0000
vt 0.3064 0.3387 0.0000
vt 0.3165 0.3387 0.0000
vt 0.3114 0.3366 0.0000
vt 0.3165 0.3485 0.0000
vt 0.3188 0.3974 0.0000
vt 0.3188 0.4073 0.0000
vt 0.3766 0.3974 0.0000
vt 0.3766 0.4073 0.0000
vt 0.3188 0.3655 0.0000
vt 0.3766 0.3655 0.0000
vt 0.3766 0.4262 0.0000
vt 0.3188 0.4410 0.0000
vt 0.3766 0.4410 0.0000
vt 0.3188 0.4716 0.0000
vt 0.3766 0.4716 0.0000
vt 0.3188 0.4456 0.0000
vt 0.3766 0.4456 0.0000
vt 0.3947 0.4410 0.0000
vt 0.3947 0.4290 0.0000
vt 0.3114 0.3974 0.0000
vt 0.2592 0.4072 0.0000
vt 0.2592 0.4409 0.0000
vt 0.2665 0.3974 0.0000
vt 0.3186 0.4072 0.0000
vt 0.3186 0.4409 0.0000
vt 0.3825 0.3610 0.0000
vt 0.3825 0.3982 0.0000
vt 0.3463 0.3468 0.0000
vt 0.3544 0.3404 0.0000
vt 0.3544 0.3487 0.0000
vt 0.3653 0.3404 0.0000
vt 0.3653 0.3487 0.0000
vt 0.3792 0.4290 0.0000
vt 0.3947 0.4456 0.0000
vt 0.3947 0.4716 0.0000
vt 0.2994 0.3592 0.0000
vt 0.2868 0.3592 0.0000
vt 0.2994 0.3629 0.0000
vt 0.2868 0.3629 0.0000
vt 0.2768 0.3547 0.0000
vt 0.2659 0.3501 0.0000
vt 0.2677 0.3547 0.0000
vt 0.2677 0.3456 0.0000
vt 0.2723 0.3437 0.0000
vt 0.2768 0.3456 0.0000
vt 0.2787 0.3501 0.0000
vt 0.2723 0.3566 0.0000
vt 0.2625 0.3502 0.0000
vt 0.2654 0.3566 0.0000
vt 0.2654 0.3438 0.0000
vt 0.2723 0.3412 0.0000
vt 0.2792 0.3438 0.0000
vt 0.2821 0.3502 0.0000
vt 0.2869 0.3502 0.0000
vt 0.2826 0.3598 0.0000
vt 0.2723 0.3592 0.0000
vt 0.2723 0.3637 0.0000
vt 0.2792 0.3566 0.0000
vt 0.2619 0.3598 0.0000
vt 0.2868 0.3503 0.0000
vt 0.2994 0.3503 0.0000
vt 0.2868 0.3414 0.0000
vt 0.2994 0.3414 0.0000
vt 0.2868 0.3376 0.0000
vt 0.2994 0.3376 0.0000
vt 0.3728 0.3404 0.0000
vt 0.3728 0.3487 0.0000
vt 0.3655 0.3581 0.0000
vt 0.3544 0.3546 0.0000
vt 0.3463 0.3483 0.0000
vt 0.3509 0.3483 0.0000
vt 0.4774 0.3368 0.0000
vt 0.4666 0.3368 0.0000
vt 0.4774 0.3634 0.0000
vt 0.4246 0.3368 0.0000
vt 0.2576 0.3502 0.0000
vt 0.2619 0.3407 0.0000
vt 0.2723 0.3367 0.0000
vt 0.2826 0.3407 0.0000
vt 0.3186 0.3483 0.0000
vt 0.3300 0.3483 0.0000
vt 0.3186 0.3502 0.0000
vt 0.3300 0.3502 0.0000
vt 0.3186 0.3437 0.0000
vt 0.3300 0.3437 0.0000
vt 0.3186 0.3390 0.0000
vt 0.3300 0.3390 0.0000
vt 0.3186 0.3371 0.0000
vt 0.3300 0.3371 0.0000
vt 0.3014 0.2855 0.0000
vt 0.3014 0.3278 0.0000
vt 0.3044 0.2398 0.0000
vt 0.2984 0.2435 0.0000
vt 0.3044 0.2815 0.0000
vt 0.2984 0.2778 0.0000
vt 0.3529 0.3278 0.0000
vt 0.3466 0.3278 0.0000
vt 0.3529 0.2855 0.0000
vt 0.3466 0.2855 0.0000
vt 0.3077 0.2855 0.0000
vt 0.3077 0.3278 0.0000
vt 0.3510 0.2778 0.0000
vt 0.3510 0.2435 0.0000
vt 0.3455 0.2815 0.0000
vt 0.3455 0.2398 0.0000
vt 0.3766 0.4455 0.0000
vt 0.3151 0.4454 0.0000
vt 0.2627 0.4454 0.0000
vt 0.3990 0.3611 0.0000
vt 0.3990 0.3369 0.0000
vt 0.3826 0.3611 0.0000
vt 0.3826 0.3369 0.0000
vt 0.3825 0.4196 0.0000
vt 0.4190 0.3982 0.0000
vt 0.4190 0.4196 0.0000
vt 0.3188 0.4455 0.0000
vt 0.3947 0.4455 0.0000
vt 0.3071 0.3709 0.0000
vt 0.3071 0.3846 0.0000
vt 0.2666 0.3846 0.0000
vt 0.2666 0.3709 0.0000
vt 0.3530 0.3278 0.0000
vt 0.3665 0.3278 0.0000
vt 0.3530 0.2854 0.0000
vt 0.3665 0.2854 0.0000
vt 0.4336 0.4323 0.0000
vt 0.4515 0.4251 0.0000
vt 0.4346 0.4265 0.0000
vt 0.4517 0.4350 0.0000
vt 0.4353 0.4266 0.0000
vt 0.4342 0.4324 0.0000
vt 0.4524 0.4351 0.0000
vt 0.0575 0.9464 0.0000
vt 0.0575 0.9444 0.0000
vt 0.0640 0.9464 0.0000
vt 0.0640 0.9419 0.0000
vt 0.0640 0.9444 0.0000
vt 0.0575 0.9419 0.0000
vt 0.0640 0.9395 0.0000
vt 0.0575 0.9395 0.0000
vt 0.0640 0.9376 0.0000
vt 0.0575 0.9376 0.0000
vt 0.0843 0.9444 0.0000
vt 0.0843 0.9464 0.0000
vt 0.0739 0.9444 0.0000
vt 0.0739 0.9464 0.0000
vt 0.0843 0.9419 0.0000
vt 0.0739 0.9419 0.0000
vt 0.0843 0.9395 0.0000
vt 0.0739 0.9395 0.0000
vt 0.0843 0.9376 0.0000
vt 0.0739 0.9376 0.0000
vt 0.0915 0.9732 0.0000
vt 0.0790 0.9729 0.0000
vt 0.0802 0.9783 0.0000
vt 0.0763 0.9820 0.0000
vt 0.0724 0.9778 0.0000
vt 0.0760 0.9947 0.0000
vt 0.1130 0.9382 0.0000
vt 0.1130 0.9504 0.0000
vt 0.1034 0.9382 0.0000
vt 0.0900 0.9531 0.0000
vt 0.0796 0.9535 0.0000
vt 0.0893 0.9501 0.0000
vt 0.0750 0.9482 0.0000
vt 0.0659 0.9489 0.0000
vt 0.0669 0.9514 0.0000
vt 0.0749 0.9509 0.0000
vt 0.0564 0.9554 0.0000
vt 0.0585 0.9569 0.0000
vt 0.1018 0.9558 0.0000
vt 0.1001 0.9576 0.0000
vt 0.0534 0.5267 0.0000
vt 0.0518 0.5341 0.0000
vt 0.0577 0.5341 0.0000
vt 0.0358 0.5257 0.0000
vt 0.0346 0.5341 0.0000
vt 0.0383 0.5222 0.0000
vt 0.0255 0.5341 0.0000
vt 0.0280 0.5249 0.0000
vt 0.0237 0.5341 0.0000
vt 0.0879 0.9785 0.0000
vt 0.0763 0.9817 0.0000
vt 0.0763 0.9893 0.0000
vt 0.0774 0.9817 0.0000
vt 0.0207 0.9825 0.0000
vt 0.0284 0.9978 0.0000
vt 0.0297 0.9832 0.0000
vt 0.0221 0.9753 0.0000
vt 0.0260 0.9786 0.0000
vt 0.0287 0.9844 0.0000
vt 0.0349 0.9765 0.0000
vt 0.0309 0.9785 0.0000
vt 0.0284 0.9744 0.0000
vt 0.0318 0.9773 0.0000
vt 0.0275 0.9990 0.0000
vt 0.0411 0.9844 0.0000
vt 0.0334 0.9720 0.0000
vt 0.0358 0.9753 0.0000
vt 0.0358 0.9708 0.0000
vt 0.0275 0.9700 0.0000
vt 0.0175 0.9729 0.0000
vt 0.0048 0.9728 0.0000
vt 0.0003 0.9778 0.0000
vt 0.0169 0.9698 0.0000
vt 0.0222 0.9690 0.0000
vt 0.0009 0.9973 0.0000
vt 0.0775 0.9893 0.0000
vt 0.1003 0.9787 0.0000
vt 0.1100 0.9786 0.0000
vt 0.1101 0.9807 0.0000
vt 0.1003 0.9805 0.0000
vt 0.0887 0.9954 0.0000
vt 0.0790 0.9954 0.0000
vt 0.0790 0.9973 0.0000
vt 0.0888 0.9975 0.0000
vt 0.1063 0.9969 0.0000
vt 0.0964 0.9970 0.0000
vt 0.0964 0.9893 0.0000
vt 0.1062 0.9895 0.0000
vt 0.0874 0.9385 0.0000
vt 0.0875 0.9459 0.0000
vt 0.0777 0.9459 0.0000
vt 0.0776 0.9383 0.0000
vt 0.0510 0.9824 0.0000
vt 0.0495 0.9753 0.0000
vt 0.0456 0.9786 0.0000
vt 0.0433 0.9978 0.0000
vt 0.0420 0.9832 0.0000
vt 0.0718 0.9973 0.0000
vt 0.0399 0.9773 0.0000
vt 0.0679 0.9728 0.0000
vt 0.0548 0.9698 0.0000
vt 0.0542 0.9729 0.0000
vt 0.0011 0.9440 0.0000
vt 0.0123 0.9440 0.0000
vt 0.0052 0.9372 0.0000
vt 0.0424 0.9989 0.0000
vt 0.0432 0.9744 0.0000
vt 0.0382 0.9720 0.0000
vt 0.0494 0.9690 0.0000
vt 0.0442 0.9700 0.0000
vt 0.0358 0.5426 0.0000
vt 0.0534 0.5415 0.0000
vt 0.0383 0.5460 0.0000
vt 0.0280 0.5434 0.0000
vt 0.0078 0.9372 0.0000
vt 0.0389 0.9785 0.0000
vt 0.0651 0.9761 0.0000
vt 0.0582 0.9709 0.0000
vt 0.0577 0.9709 0.0000
vt 0.0584 0.9709 0.0000
vt 0.0589 0.9710 0.0000
vt 0.0590 0.9711 0.0000
vt 0.0573 0.9709 0.0000
vt 0.0571 0.9709 0.0000
vt 0.0567 0.9710 0.0000
vt 0.0611 0.9670 0.0000
vt 0.0908 0.9949 0.0000
vt 0.0947 0.9802 0.0000
vt 0.0948 0.9974 0.0000
vt 0.0263 0.9594 0.0000
vt 0.0167 0.9582 0.0000
vt 0.0358 0.9622 0.0000
vt 0.0559 0.9582 0.0000
vt 0.0841 0.9563 0.0000
vt 0.0830 0.9627 0.0000
vt 0.1028 0.9805 0.0000
vt 0.1027 0.9975 0.0000
vt 0.1018 0.9780 0.0000
vt 0.1114 0.9806 0.0000
vt 0.1121 0.9780 0.0000
vt 0.0011 0.9505 0.0000
vt 0.0034 0.9522 0.0000
vt 0.0006 0.9486 0.0000
vt 0.1128 0.9978 0.0000
vt 0.0590 0.9716 0.0000
vt 0.0566 0.9703 0.0000
vt 0.1226 0.9524 0.0000
vt 0.1226 0.9382 0.0000
vt 0.1225 0.9656 0.0000
vt 0.1148 0.9701 0.0000
vt 0.1239 0.9807 0.0000
vt 0.1131 0.9605 0.0000
vt 0.1071 0.9700 0.0000
vt 0.1026 0.9604 0.0000
vt 0.1225 0.9569 0.0000
vt 0.1037 0.9529 0.0000
vt 0.1225 0.9524 0.0000
vt 0.0067 0.9532 0.0000
vt 0.0101 0.9522 0.0000
vt 0.0129 0.9486 0.0000
vt 0.0257 0.9482 0.0000
vt 0.0168 0.9371 0.0000
vt 0.0360 0.9538 0.0000
vt 0.0264 0.9371 0.0000
vt 0.1131 0.9383 0.0000
vt 0.0360 0.9471 0.0000
vt 0.0910 0.9822 0.0000
vt 0.0462 0.9482 0.0000
vt 0.0552 0.9371 0.0000
vt 0.0453 0.9594 0.0000
vt 0.1239 0.9978 0.0000
vt 0.0123 0.9505 0.0000
vt 0.0684 0.9534 0.0000
vt 0.0689 0.9555 0.0000
vt 0.0456 0.9371 0.0000
vt 0.1014 0.9396 0.0000
vt 0.0937 0.9378 0.0000
vt 0.0937 0.9402 0.0000
vt 0.1014 0.9420 0.0000
vt 0.0859 0.9396 0.0000
vt 0.0859 0.9420 0.0000
# 2344 texture coords

g Mesh_0008
s 1
f 1/1/1 2/2/2 3/3/3 
s 2
f 4/4/4 1/1/2 3/3/3 
s 3
f 4/4/4 3/3/3 5/5/5 
s 4
f 6/6/6 4/4/6 5/5/6 
s 5
f 7/7/7 6/6/8 5/5/5 
s 6
f 8/8/9 7/7/7 5/5/5 
s 7
f 8/8/9 5/5/5 9/9/10 
s 8
f 10/10/8 8/8/8 9/9/10 
s 9
f 10/10/8 9/9/10 11/11/8 
s 10
f 10/10/8 11/11/8 12/12/8 
s 11
f 13/13/11 10/10/8 12/12/8 
s 12
f 13/13/11 12/12/8 14/14/12 
s 13
f 15/3/13 16/2/14 17/1/15 
s 14
f 18/5/16 15/3/13 17/1/15 
s 15
f 18/5/16 17/1/15 19/4/17 
s 16
f 18/5/18 19/4/18 20/6/18 
s 17
f 21/9/19 18/5/16 20/6/19 
s 18
f 22/15/19 23/16/20 24/17/21 
s 19
f 25/18/19 22/15/19 24/17/21 
s 20
f 26/19/19 25/18/19 24/17/21 
s 21
f 26/19/19 24/17/21 27/20/22 
s 22
f 27/20/22 28/21/23 29/22/24 
s 23
f 6/6/25 30/6/26 31/4/27 
s 24
f 31/4/27 4/4/28 6/6/25 
s 25
f 32/19/29 33/19/30 30/6/26 
s 26
f 30/6/26 6/6/25 32/19/29 
s 27
f 34/18/31 35/18/32 33/19/30 
s 28
f 33/19/30 32/19/29 34/18/31 
s 29
f 36/15/33 37/15/34 35/18/32 
s 30
f 35/18/32 34/18/31 36/15/33 
s 31
f 38/11/35 39/8/36 40/23/19 
s 32
f 39/8/36 41/10/37 40/23/19 
s 33
f 38/11/35 21/9/19 39/8/36 
s 34
f 21/9/19 20/6/19 39/8/36 
s 35
f 20/6/19 26/19/19 39/8/36 
s 36
f 26/19/19 27/20/22 39/8/36 
s 37
f 27/20/22 29/22/24 39/8/36 
s 38
f 29/22/24 42/7/38 39/8/36 
s 39
f 43/24/39 44/25/40 41/10/37 
s 40
f 41/10/37 39/8/36 43/24/39 
s 41
f 45/26/41 43/24/39 39/8/36 
s 42
f 39/8/36 42/7/38 45/26/41 
s 43
f 46/27/42 45/26/41 42/7/38 
s 44
f 42/7/38 29/22/24 46/27/42 
s 45
f 47/28/43 46/27/42 29/22/24 
s 46
f 29/22/24 28/21/23 47/28/43 
s 47
f 48/29/44 47/28/43 28/21/23 
s 48
f 28/21/23 27/20/22 48/29/44 
s 49
f 49/30/45 48/29/44 27/20/22 
s 50
f 27/20/22 24/17/21 49/30/45 
s 51
f 50/16/46 49/30/47 24/17/21 
s 52
f 24/17/21 23/16/20 50/16/46 
s 53
f 37/15/34 50/16/48 23/16/48 
s 54
f 23/16/48 22/15/34 37/15/34 
s 55
f 13/13/11 51/23/8 10/10/8 
s 56
f 52/17/8 53/16/49 36/15/33 
s 57
f 54/20/50 52/17/8 36/15/33 
s 58
f 54/20/50 36/15/33 34/18/31 
s 59
f 55/21/51 54/20/50 34/18/31 
s 60
f 56/22/52 55/21/51 34/18/31 
s 61
f 56/22/52 34/18/31 32/19/29 
s 62
f 7/7/7 56/22/52 32/19/29 
s 63
f 7/7/7 32/19/29 6/6/8 
s 64
f 16/2/53 15/3/54 57/3/54 
s 65
f 57/3/54 58/2/53 16/2/53 
s 66
f 17/1/55 16/2/55 58/2/55 
s 67
f 58/2/55 59/1/55 17/1/55 
s 68
f 19/4/17 17/1/15 59/1/56 
s 69
f 59/1/56 31/4/27 19/4/17 
s 70
f 20/6/57 19/4/17 31/4/27 
s 71
f 31/4/27 30/6/26 20/6/57 
s 72
f 26/19/30 20/6/58 30/6/26 
s 73
f 30/6/26 33/19/30 26/19/30 
s 74
f 25/18/32 26/19/30 33/19/30 
s 75
f 33/19/30 35/18/32 25/18/32 
s 76
f 22/15/34 25/18/32 35/18/32 
s 77
f 35/18/32 37/15/34 22/15/34 
s 78
f 7/7/7 45/26/59 46/27/60 
s 79
f 46/27/60 56/22/52 7/7/7 
s 80
f 8/8/9 43/24/61 45/26/59 
s 81
f 45/26/59 7/7/7 8/8/9 
s 82
f 10/10/62 44/25/63 43/24/61 
s 83
f 43/24/61 8/8/9 10/10/62 
s 84
f 51/23/64 60/23/65 44/25/66 
s 85
f 44/25/66 10/10/67 51/23/67 
s 86
f 13/13/11 61/13/68 60/23/65 
s 87
f 60/23/65 51/23/64 13/13/11 
s 88
f 14/14/12 62/14/69 61/13/68 
s 89
f 61/13/68 13/13/11 14/14/12 
s 90
f 63/12/70 64/14/71 62/14/72 
s 91
f 62/14/72 65/12/73 63/12/70 
s 92
f 38/11/35 63/12/70 65/12/73 
s 93
f 65/12/73 66/11/74 38/11/35 
s 94
f 21/9/75 38/11/35 66/11/74 
s 95
f 66/11/74 67/9/76 21/9/75 
s 96
f 53/16/49 50/16/48 37/15/34 
s 97
f 37/15/34 36/15/33 53/16/49 
s 98
f 52/17/77 49/30/77 50/16/46 
s 99
f 50/16/46 53/16/78 52/17/78 
s 100
f 54/20/50 48/29/79 49/30/80 
s 101
f 49/30/80 52/17/81 54/20/50 
s 102
f 55/21/51 47/28/82 48/29/79 
s 103
f 48/29/79 54/20/50 55/21/51 
s 104
f 56/22/52 46/27/60 47/28/82 
s 105
f 47/28/82 55/21/51 56/22/52 
s 106
f 63/12/70 40/23/19 68/13/19 
s 107
f 63/12/70 68/13/19 64/14/71 
s 108
f 12/12/73 65/12/73 62/14/72 
s 109
f 62/14/72 14/14/72 12/12/73 
s 110
f 11/11/83 66/11/74 65/12/73 
s 111
f 65/12/73 12/12/73 11/11/83 
s 112
f 9/9/10 67/9/76 66/11/74 
s 113
f 66/11/74 11/11/75 9/9/10 
s 114
f 5/5/84 69/5/85 67/9/76 
s 115
f 67/9/76 9/9/10 5/5/84 
s 116
f 3/3/3 57/3/54 69/5/85 
s 117
f 69/5/85 5/5/84 3/3/3 
s 118
f 2/2/53 58/2/53 57/3/54 
s 119
f 57/3/54 3/3/3 2/2/53 
s 120
f 1/1/1 59/1/55 58/2/55 
s 121
f 58/2/55 2/2/55 1/1/1 
s 122
f 4/4/28 31/4/27 59/1/56 
s 123
f 59/1/56 1/1/56 4/4/28 
s 124
f 18/5/85 21/9/86 67/9/76 
s 125
f 67/9/76 69/5/85 18/5/85 
s 126
f 15/3/54 18/5/85 69/5/85 
s 127
f 69/5/85 57/3/54 15/3/54 
s 128
f 70/31/87 71/32/88 72/33/89 
s 129
f 73/34/90 72/33/89 71/32/90 
s 130
f 71/32/90 74/35/91 73/34/90 
s 131
f 75/33/92 73/34/93 74/35/91 
s 132
f 74/35/91 76/32/94 75/33/92 
s 133
f 77/36/95 78/37/96 75/33/92 
s 134
f 75/33/92 79/38/97 77/36/98 
s 135
f 80/37/99 77/36/100 79/38/101 
s 136
f 79/38/101 72/33/89 80/37/99 
s 137
f 81/39/102 80/37/99 72/33/89 
s 138
f 72/33/89 73/34/93 81/39/102 
s 139
f 78/37/96 81/39/103 73/34/104 
s 140
f 73/34/104 75/33/92 78/37/96 
s 141
f 82/40/105 83/41/106 78/37/96 
s 142
f 78/37/107 77/36/98 82/40/108 
s 143
f 84/41/109 82/40/108 77/36/100 
s 144
f 77/36/100 80/37/110 84/41/109 
s 145
f 85/42/111 84/41/112 80/37/99 
s 146
f 80/37/113 81/39/103 85/42/111 
s 147
f 83/41/106 85/42/114 81/39/115 
s 148
f 81/39/115 78/37/116 83/41/116 
s 149
f 86/43/117 87/44/118 83/41/118 
s 150
f 83/41/119 82/40/108 86/43/117 
s 151
f 88/44/120 86/43/120 82/40/121 
s 152
f 82/40/121 84/41/122 88/44/122 
s 153
f 89/45/123 88/44/124 84/41/125 
s 154
f 84/41/126 85/42/114 89/45/123 
s 155
f 90/46/127 91/47/128 92/48/129 
s 156
f 92/48/129 93/49/129 90/46/127 
s 157
f 93/50/130 92/51/130 94/52/131 
s 158
f 87/44/132 89/45/133 85/42/133 
s 159
f 85/42/114 83/41/134 87/44/132 
s 160
f 95/53/135 96/54/136 87/44/137 
s 161
f 87/44/137 86/43/138 95/53/138 
s 162
f 97/54/139 95/53/135 86/43/117 
s 163
f 86/43/117 88/44/140 97/54/139 
s 164
f 98/55/141 97/54/139 88/44/124 
s 165
f 88/44/142 89/45/142 98/55/141 
s 166
f 96/54/136 98/55/143 89/45/123 
s 167
f 89/45/123 87/44/137 96/54/136 
s 168
f 95/53/135 99/56/144 100/57/145 
s 169
f 100/57/145 96/54/136 95/53/135 
s 170
f 97/54/139 101/57/146 99/56/144 
s 171
f 99/56/144 95/53/147 97/54/139 
s 172
f 98/55/148 102/58/148 101/57/146 
s 173
f 101/57/146 97/54/139 98/55/148 
s 174
f 96/54/136 100/57/145 102/58/149 
s 175
f 102/58/149 98/55/149 96/54/136 
s 176
f 76/32/150 74/35/91 71/32/150 
s 177
f 71/32/150 70/31/150 76/32/150 
s 178
f 103/59/151 104/60/152 105/61/153 
s 179
f 106/62/154 107/63/155 108/64/155 
s 180
f 107/63/155 109/65/156 108/64/155 
s 181
f 109/65/156 110/66/157 108/64/155 
s 182
f 111/67/158 112/68/159 110/69/160 
s 183
f 110/69/160 109/70/158 111/67/158 
s 184
f 113/71/161 107/72/161 106/73/161 
s 185
f 106/73/161 114/74/162 113/71/161 
s 186
f 104/75/163 103/76/163 115/77/164 
s 187
f 115/77/164 116/78/165 104/75/166 
s 188
f 79/38/167 75/33/92 76/32/167 
s 189
f 76/32/167 70/31/87 79/38/167 
s 190
f 72/33/89 79/38/97 70/31/87 
s 191
f 117/79/168 105/61/153 104/60/152 
s 192
f 118/61/169 119/79/170 120/80/171 
s 193
f 120/80/171 116/60/172 118/61/169 
s 194
f 118/78/173 121/77/174 122/76/175 
s 195
f 122/76/175 105/75/176 118/78/173 
s 196
f 116/78/165 120/81/163 123/82/164 
s 197
f 123/82/164 104/75/166 116/78/165 
s 198
f 124/83/177 125/84/178 126/85/179 
s 199
f 127/86/180 124/83/177 126/85/179 
s 200
f 128/87/181 129/88/182 125/89/182 
s 201
f 125/89/182 124/90/181 128/87/181 
s 202
f 130/91/183 94/52/131 131/92/184 
s 203
f 131/92/184 132/93/184 130/91/183 
s 204
f 132/93/185 131/92/185 91/47/128 
s 205
f 91/47/128 90/46/127 132/93/185 
s 206
f 125/84/178 133/94/186 126/85/179 
s 207
f 105/61/153 122/95/187 103/59/151 
s 208
f 118/61/169 116/60/172 115/59/188 
s 209
f 115/59/188 121/95/189 118/61/169 
s 210
f 118/78/173 105/75/176 117/82/190 
s 211
f 117/82/191 119/81/191 118/78/173 
s 212
f 117/79/192 123/80/193 120/96/192 
s 213
f 120/96/192 119/97/192 117/79/192 
s 214
f 121/97/194 115/96/194 103/80/194 
s 215
f 103/80/194 122/79/194 121/97/194 
s 216
f 40/23/195 41/10/37 44/25/66 
s 217
f 44/25/66 60/23/65 40/23/195 
s 218
f 68/13/196 40/23/197 60/23/65 
s 219
f 60/23/65 61/13/68 68/13/196 
s 220
f 64/14/69 68/13/196 61/13/68 
s 221
f 61/13/68 62/14/69 64/14/69 
s 222
f 63/12/70 38/11/35 40/23/19 
s 223
f 94/52/131 130/91/183 93/50/130 
s 224
f 92/98/198 131/99/198 94/100/198 
s 225
f 91/101/198 131/99/198 92/98/198 
s 226
f 132/102/199 93/103/199 130/104/199 
s 227
f 90/105/199 93/103/199 132/102/199 
s 228
f 134/106/200 135/107/201 136/108/200 
s 229
f 136/108/202 137/109/203 134/106/202 
s 230
f 137/109/203 136/108/204 138/110/205 
s 231
f 138/110/205 139/111/206 137/109/203 
s 232
f 139/111/207 138/110/207 140/112/207 
s 233
f 140/112/207 141/113/207 139/111/207 
s 234
f 141/114/208 140/115/208 135/107/201 
s 235
f 135/107/201 134/106/208 141/114/208 
s 236
f 124/90/181 127/116/209 142/117/209 
s 237
f 142/117/209 128/87/181 124/90/181 
s 238
f 143/85/210 142/86/211 127/118/211 
s 239
f 127/118/211 126/119/210 143/85/210 
s 240
f 142/86/212 143/85/212 144/94/213 
s 241
f 128/83/214 142/86/215 144/94/213 
s 242
f 129/84/216 128/83/214 144/94/213 
s 243
f 133/94/217 125/84/178 129/120/217 
s 244
f 129/120/217 144/121/217 133/94/217 
s 245
f 107/122/218 113/123/218 111/124/218 
s 246
f 111/124/218 109/125/218 107/122/218 
s 247
f 145/64/219 112/66/220 111/65/221 
s 248
f 114/62/222 145/64/219 111/65/223 
s 249
f 113/63/224 114/62/222 111/65/221 
s 250
f 108/126/225 145/127/225 114/74/162 
s 251
f 114/74/162 106/73/226 108/126/225 
s 252
f 145/127/225 108/126/225 110/69/160 
s 253
f 110/69/160 112/68/159 145/127/225 
s 254
f 104/60/227 123/80/193 117/79/227 
s 1
f 146/128/228 147/129/229 148/130/230 
f 146/128/228 148/130/230 149/131/231 
f 146/128/228 150/132/232 151/133/233 
f 146/128/228 151/133/233 147/129/229 
f 146/128/228 152/134/234 153/133/235 
f 146/128/228 153/133/235 150/132/232 
f 146/128/228 154/135/236 155/136/237 
f 146/128/228 155/136/237 152/134/234 
f 146/128/228 156/137/238 157/138/239 
f 146/128/228 157/138/239 154/135/236 
f 146/128/228 158/137/240 159/138/241 
f 146/128/228 159/138/241 156/137/238 
f 146/128/228 160/139/242 161/140/243 
f 146/128/228 161/140/243 158/137/240 
f 146/128/228 162/141/244 163/142/245 
f 146/128/228 163/142/245 160/139/242 
f 146/128/228 164/143/246 165/144/247 
f 146/128/228 165/144/247 162/141/244 
f 146/128/228 166/145/248 167/144/249 
f 146/128/228 167/144/249 164/143/246 
f 146/128/228 168/146/250 169/147/251 
f 146/128/228 169/147/251 166/145/248 
f 146/128/228 170/148/252 171/147/253 
f 146/128/228 171/147/253 168/146/250 
f 146/128/228 172/148/254 173/149/255 
f 146/128/228 173/149/255 170/148/252 
f 146/128/228 174/150/256 175/151/257 
f 146/128/228 175/151/257 172/148/254 
f 146/128/228 176/150/258 177/152/259 
f 146/128/228 177/152/259 174/150/256 
f 146/128/228 149/131/231 178/130/260 
f 146/128/228 178/130/260 176/150/258 
f 149/131/231 148/130/230 179/153/261 
f 149/131/231 179/153/261 180/154/262 
f 148/130/230 181/153/263 179/153/261 
f 148/130/230 147/129/229 181/153/263 
f 180/154/262 179/153/261 182/155/264 
f 179/153/261 183/156/265 182/155/264 
f 179/153/261 181/153/263 183/156/265 
f 180/154/262 182/155/264 184/155/266 
f 181/153/263 185/157/267 183/156/265 
f 181/153/263 186/158/268 185/157/267 
f 186/158/268 187/157/269 185/157/267 
f 186/158/268 188/158/270 187/157/269 
f 188/158/270 189/157/271 187/157/269 
f 188/158/270 190/158/272 189/157/271 
f 150/132/232 190/158/272 188/158/270 
f 150/132/232 153/133/235 190/158/272 
f 190/158/272 191/159/273 189/157/271 
f 190/158/272 192/160/274 191/159/273 
f 153/133/235 192/160/274 190/158/272 
f 153/133/235 152/134/234 192/160/274 
f 192/160/274 193/161/275 191/159/273 
f 192/160/274 194/162/276 193/161/275 
f 152/134/234 194/162/276 192/160/274 
f 152/134/234 155/136/237 194/162/276 
f 194/162/276 195/161/277 193/161/275 
f 194/162/276 196/162/278 195/161/277 
f 155/136/237 196/162/278 194/162/276 
f 155/136/237 154/135/236 196/162/278 
f 196/162/278 197/163/279 195/161/277 
f 196/162/278 198/164/280 197/163/279 
f 154/135/236 198/164/280 196/162/278 
f 154/135/236 157/138/239 198/164/280 
f 198/164/280 199/163/281 197/163/279 
f 198/164/280 200/164/282 199/163/281 
f 157/138/239 200/164/282 198/164/280 
f 157/138/239 156/137/238 200/164/282 
f 200/164/282 201/163/283 199/163/281 
f 200/164/282 202/164/284 201/163/283 
f 156/137/238 202/164/284 200/164/282 
f 156/137/238 159/138/241 202/164/284 
f 202/164/284 203/163/285 201/163/283 
f 202/164/284 204/164/286 203/163/285 
f 159/138/241 204/164/286 202/164/284 
f 159/138/241 158/137/240 204/164/286 
f 204/164/286 205/165/287 203/163/285 
f 204/164/286 206/166/288 205/165/287 
f 206/166/288 207/167/289 205/165/287 
f 206/166/288 208/166/290 207/167/289 
f 208/166/290 209/167/291 207/167/289 
f 208/166/290 210/166/292 209/167/291 
f 210/166/292 211/168/293 209/167/291 
f 210/166/292 212/169/294 211/168/293 
f 212/169/294 213/170/295 211/168/293 
f 212/169/294 214/169/296 213/170/295 
f 214/169/296 215/170/297 213/170/295 
f 214/169/296 216/171/298 215/170/297 
f 216/171/298 217/170/299 215/170/297 
f 216/171/298 218/172/300 217/170/299 
f 218/172/300 219/173/301 217/170/299 
f 218/172/300 220/172/302 219/173/301 
f 220/172/302 221/174/303 219/173/301 
f 220/172/302 222/172/304 221/174/303 
f 166/145/248 222/172/304 220/172/302 
f 166/145/248 169/147/251 222/172/304 
f 222/172/304 223/174/305 221/174/303 
f 222/172/304 224/175/306 223/174/305 
f 169/147/251 224/175/306 222/172/304 
f 169/147/251 168/146/250 224/175/306 
f 224/175/306 225/174/307 223/174/305 
f 224/175/306 226/175/308 225/174/307 
f 168/146/250 226/175/308 224/175/306 
f 168/146/250 171/147/253 226/175/308 
f 226/175/308 227/176/309 225/174/307 
f 226/175/308 228/177/310 227/176/309 
f 171/147/253 228/177/310 226/175/308 
f 171/147/253 170/148/252 228/177/310 
f 228/177/310 229/176/311 227/176/309 
f 228/177/310 230/177/312 229/176/311 
f 170/148/252 230/177/312 228/177/310 
f 170/148/252 173/149/255 230/177/312 
f 230/177/312 231/176/313 229/176/311 
f 230/177/312 232/177/314 231/176/313 
f 173/149/255 232/177/314 230/177/312 
f 173/149/255 172/148/254 232/177/314 
f 232/177/314 233/178/315 231/176/313 
f 232/177/314 234/179/316 233/178/315 
f 172/148/254 234/179/316 232/177/314 
f 172/148/254 175/151/257 234/179/316 
f 234/179/316 235/180/317 233/178/315 
f 234/179/316 236/181/318 235/180/317 
f 175/151/257 236/181/318 234/179/316 
f 175/151/257 174/150/256 236/181/318 
f 236/181/318 237/180/319 235/180/317 
f 236/181/318 238/181/320 237/180/319 
f 238/181/320 239/180/321 237/180/319 
f 238/181/320 240/181/322 239/180/321 
f 240/181/322 241/155/323 239/180/321 
f 240/181/322 242/154/324 241/155/323 
f 242/154/324 184/155/266 241/155/323 
f 242/154/324 180/154/262 184/155/266 
f 239/180/321 241/155/323 243/182/325 
f 239/180/321 243/182/325 244/183/326 
f 237/180/319 239/180/321 244/183/326 
f 241/155/323 184/155/266 245/182/327 
f 241/155/323 245/182/327 243/182/325 
f 184/155/266 246/182/328 245/182/327 
f 184/155/266 182/155/264 246/182/328 
f 182/155/264 247/184/329 246/182/328 
f 182/155/264 183/156/265 247/184/329 
f 246/182/328 247/184/329 248/185/330 
f 246/182/328 248/185/330 249/186/331 
f 245/182/327 246/182/328 249/186/331 
f 249/186/331 248/185/330 250/187/332 
f 249/186/331 250/187/332 251/188/333 
f 252/186/334 249/186/331 251/188/333 
f 245/182/327 249/186/331 252/186/334 
f 243/182/325 245/182/327 252/186/334 
f 252/186/334 251/188/333 253/188/335 
f 251/188/333 250/187/332 254/189/336 
f 251/188/333 254/189/336 255/190/337 
f 253/188/335 251/188/333 255/190/337 
f 253/188/335 255/190/337 256/190/338 
f 248/185/330 257/191/339 250/187/332 
f 248/185/330 258/192/340 257/191/339 
f 247/184/329 258/192/340 248/185/330 
f 258/192/340 259/191/341 257/191/339 
f 258/192/340 260/192/342 259/191/341 
f 257/191/339 259/191/341 261/193/343 
f 257/191/339 261/193/343 262/193/344 
f 250/187/332 257/191/339 262/193/344 
f 250/187/332 262/193/344 254/189/336 
f 260/192/342 263/191/345 259/191/341 
f 260/192/342 264/192/346 263/191/345 
f 264/192/346 265/194/347 263/191/345 
f 264/192/346 266/195/348 265/194/347 
f 263/191/345 265/194/347 267/196/349 
f 263/191/345 267/196/349 268/193/350 
f 259/191/341 263/191/345 268/193/350 
f 259/191/341 268/193/350 261/193/343 
f 266/195/348 269/194/351 265/194/347 
f 266/195/348 270/195/352 269/194/351 
f 270/195/352 271/194/353 269/194/351 
f 270/195/352 272/195/354 271/194/353 
f 269/194/351 271/194/353 273/196/355 
f 269/194/351 273/196/355 274/196/356 
f 265/194/347 269/194/351 274/196/356 
f 265/194/347 274/196/356 267/196/349 
f 272/195/354 275/194/357 271/194/353 
f 272/195/354 276/195/358 275/194/357 
f 276/195/358 277/197/359 275/194/357 
f 276/195/358 278/198/360 277/197/359 
f 275/194/357 277/197/359 279/199/361 
f 275/194/357 279/199/361 280/196/362 
f 271/194/353 275/194/357 280/196/362 
f 271/194/353 280/196/362 273/196/355 
f 278/198/360 281/197/363 277/197/359 
f 278/198/360 282/198/364 281/197/363 
f 282/198/364 283/197/365 281/197/363 
f 282/198/364 284/198/366 283/197/365 
f 281/197/363 283/197/365 285/199/367 
f 281/197/363 285/199/367 286/199/368 
f 277/197/359 281/197/363 286/199/368 
f 277/197/359 286/199/368 279/199/361 
f 284/198/366 287/200/369 283/197/365 
f 284/198/366 288/201/370 287/200/369 
f 288/201/370 289/200/371 287/200/369 
f 288/201/370 290/201/372 289/200/371 
f 287/200/369 289/200/371 291/202/373 
f 287/200/369 291/202/373 292/202/374 
f 283/197/365 287/200/369 292/202/374 
f 283/197/365 292/202/374 285/199/367 
f 290/201/372 293/200/375 289/200/371 
f 290/201/372 294/203/376 293/200/375 
f 294/203/376 295/204/377 293/200/375 
f 294/203/376 296/205/378 295/204/377 
f 293/200/375 295/204/377 297/206/379 
f 293/200/375 297/206/379 298/202/380 
f 289/200/371 293/200/375 298/202/380 
f 289/200/371 298/202/380 291/202/373 
f 296/205/378 299/204/381 295/204/377 
f 296/205/378 300/205/382 299/204/381 
f 300/205/382 301/204/383 299/204/381 
f 300/205/382 302/205/384 301/204/383 
f 299/204/381 301/204/383 303/206/385 
f 299/204/381 303/206/385 304/206/386 
f 295/204/377 299/204/381 304/206/386 
f 295/204/377 304/206/386 297/206/379 
f 302/205/384 305/204/387 301/204/383 
f 302/205/384 306/205/388 305/204/387 
f 306/205/388 307/207/389 305/204/387 
f 306/205/388 308/208/390 307/207/389 
f 305/204/387 307/207/389 309/209/391 
f 305/204/387 309/209/391 310/206/392 
f 301/204/383 305/204/387 310/206/392 
f 301/204/383 310/206/392 303/206/385 
f 308/208/390 311/210/393 307/207/389 
f 308/208/390 312/211/394 311/210/393 
f 312/211/394 313/210/395 311/210/393 
f 312/211/394 314/211/396 313/210/395 
f 311/210/393 313/210/395 315/212/397 
f 311/210/393 315/212/397 316/212/398 
f 307/207/389 311/210/393 316/212/398 
f 307/207/389 316/212/398 309/209/391 
f 314/211/396 317/210/399 313/210/395 
f 314/211/396 318/211/400 317/210/399 
f 318/211/400 319/213/401 317/210/399 
f 318/211/400 320/214/402 319/213/401 
f 317/210/399 319/213/401 321/215/403 
f 317/210/399 321/215/403 322/212/404 
f 313/210/395 317/210/399 322/212/404 
f 313/210/395 322/212/404 315/212/397 
f 320/214/402 323/213/405 319/213/401 
f 320/214/402 324/214/406 323/213/405 
f 324/214/406 325/213/407 323/213/405 
f 324/214/406 326/214/408 325/213/407 
f 323/213/405 325/213/407 327/215/409 
f 323/213/405 327/215/409 328/215/410 
f 319/213/401 323/213/405 328/215/410 
f 319/213/401 328/215/410 321/215/403 
f 326/214/408 329/216/411 325/213/407 
f 326/214/408 330/217/412 329/216/411 
f 330/217/412 331/218/413 329/216/411 
f 330/217/412 332/219/414 331/218/413 
f 329/216/411 331/218/413 333/220/415 
f 329/216/411 333/220/415 334/221/416 
f 325/213/407 329/216/411 334/221/416 
f 325/213/407 334/221/416 327/215/409 
f 332/219/414 335/218/417 331/218/413 
f 332/219/414 336/219/418 335/218/417 
f 336/219/418 337/218/419 335/218/417 
f 336/219/418 338/219/420 337/218/419 
f 335/218/417 337/218/419 339/220/421 
f 335/218/417 339/220/421 340/220/422 
f 331/218/413 335/218/417 340/220/422 
f 331/218/413 340/220/422 333/220/415 
f 338/219/420 341/188/423 337/218/419 
f 338/219/420 342/186/424 341/188/423 
f 342/186/424 253/188/335 341/188/423 
f 342/186/424 252/186/334 253/188/335 
f 341/188/423 253/188/335 256/190/338 
f 341/188/423 256/190/338 343/190/425 
f 337/218/419 341/188/423 343/190/425 
f 337/218/419 343/190/425 339/220/421 
f 339/220/421 343/190/425 344/222/426 
f 339/220/421 344/222/426 345/223/427 
f 340/220/422 339/220/421 345/223/427 
f 343/190/425 256/190/338 346/222/428 
f 343/190/425 346/222/428 344/222/426 
f 256/190/338 347/222/429 346/222/428 
f 256/190/338 255/190/337 347/222/429 
f 255/190/337 348/224/430 347/222/429 
f 255/190/337 254/189/336 348/224/430 
f 347/222/429 348/224/430 349/225/431 
f 346/222/428 347/222/429 349/225/431 
f 344/222/426 346/222/428 349/225/431 
f 147/129/229 151/133/233 186/158/268 
f 147/129/229 186/158/268 181/153/263 
f 151/133/233 188/158/270 186/158/268 
f 151/133/233 150/132/232 188/158/270 
f 158/137/240 161/140/243 206/166/288 
f 158/137/240 206/166/288 204/164/286 
f 161/140/243 208/166/290 206/166/288 
f 161/140/243 160/139/242 208/166/290 
f 160/139/242 210/166/292 208/166/290 
f 160/139/242 163/142/245 210/166/292 
f 163/142/245 212/169/294 210/166/292 
f 163/142/245 162/141/244 212/169/294 
f 162/141/244 214/169/296 212/169/294 
f 162/141/244 165/144/247 214/169/296 
f 165/144/247 216/171/298 214/169/296 
f 165/144/247 164/143/246 216/171/298 
f 164/143/246 218/172/300 216/171/298 
f 164/143/246 167/144/249 218/172/300 
f 167/144/249 220/172/302 218/172/300 
f 167/144/249 166/145/248 220/172/302 
f 174/150/256 177/152/259 238/181/320 
f 174/150/256 238/181/320 236/181/318 
f 177/152/259 240/181/322 238/181/320 
f 177/152/259 176/150/258 240/181/322 
f 176/150/258 242/154/324 240/181/322 
f 176/150/258 178/130/260 242/154/324 
f 178/130/260 180/154/262 242/154/324 
f 178/130/260 149/131/231 180/154/262 
f 345/223/427 344/222/426 349/225/431 
f 350/223/432 345/223/427 349/225/431 
f 340/220/422 345/223/427 350/223/432 
f 333/220/415 340/220/422 350/223/432 
f 333/220/415 350/223/432 351/223/433 
f 351/223/433 350/223/432 349/225/431 
f 334/221/416 333/220/415 351/223/433 
f 334/221/416 351/223/433 352/226/434 
f 352/226/434 351/223/433 349/225/431 
f 327/215/409 334/221/416 352/226/434 
f 327/215/409 352/226/434 353/227/435 
f 353/227/435 352/226/434 349/225/431 
f 328/215/410 327/215/409 353/227/435 
f 328/215/410 353/227/435 354/227/436 
f 354/227/436 353/227/435 349/225/431 
f 321/215/403 328/215/410 354/227/436 
f 321/215/403 354/227/436 355/227/437 
f 355/227/437 354/227/436 349/225/431 
f 322/212/404 321/215/403 355/227/437 
f 322/212/404 355/227/437 356/228/438 
f 356/228/438 355/227/437 349/225/431 
f 315/212/397 322/212/404 356/228/438 
f 315/212/397 356/228/438 357/228/439 
f 357/228/439 356/228/438 349/225/431 
f 316/212/398 315/212/397 357/228/439 
f 316/212/398 357/228/439 358/228/440 
f 358/228/440 357/228/439 349/225/431 
f 309/209/391 316/212/398 358/228/440 
f 309/209/391 358/228/440 359/229/441 
f 359/229/441 358/228/440 349/225/431 
f 310/206/392 309/209/391 359/229/441 
f 310/206/392 359/229/441 360/230/442 
f 360/230/442 359/229/441 349/225/431 
f 303/206/385 310/206/392 360/230/442 
f 303/206/385 360/230/442 361/230/443 
f 361/230/443 360/230/442 349/225/431 
f 304/206/386 303/206/385 361/230/443 
f 304/206/386 361/230/443 362/230/444 
f 362/230/444 361/230/443 349/225/431 
f 297/206/379 304/206/386 362/230/444 
f 297/206/379 362/230/444 363/230/445 
f 363/230/445 362/230/444 349/225/431 
f 298/202/380 297/206/379 363/230/445 
f 298/202/380 363/230/445 364/231/446 
f 364/231/446 363/230/445 349/225/431 
f 291/202/373 298/202/380 364/231/446 
f 291/202/373 364/231/446 365/231/447 
f 365/231/447 364/231/446 349/225/431 
f 292/202/374 291/202/373 365/231/447 
f 292/202/374 365/231/447 366/231/448 
f 366/231/448 365/231/447 349/225/431 
f 285/199/367 292/202/374 366/231/448 
f 285/199/367 366/231/448 367/232/449 
f 367/232/449 366/231/448 349/225/431 
f 286/199/368 285/199/367 367/232/449 
f 286/199/368 367/232/449 368/232/450 
f 368/232/450 367/232/449 349/225/431 
f 279/199/361 286/199/368 368/232/450 
f 279/199/361 368/232/450 369/232/451 
f 369/232/451 368/232/450 349/225/431 
f 280/196/362 279/199/361 369/232/451 
f 280/196/362 369/232/451 370/233/452 
f 370/233/452 369/232/451 349/225/431 
f 273/196/355 280/196/362 370/233/452 
f 273/196/355 370/233/452 371/233/453 
f 371/233/453 370/233/452 349/225/431 
f 274/196/356 273/196/355 371/233/453 
f 274/196/356 371/233/453 372/233/454 
f 372/233/454 371/233/453 349/225/431 
f 267/196/349 274/196/356 372/233/454 
f 267/196/349 372/233/454 373/233/455 
f 373/233/455 372/233/454 349/225/431 
f 268/193/350 267/196/349 373/233/455 
f 268/193/350 373/233/455 374/234/456 
f 374/234/456 373/233/455 349/225/431 
f 261/193/343 268/193/350 374/234/456 
f 261/193/343 374/234/456 375/234/457 
f 375/234/457 374/234/456 349/225/431 
f 262/193/344 261/193/343 375/234/457 
f 262/193/344 375/234/457 376/234/458 
f 376/234/458 375/234/457 349/225/431 
f 254/189/336 262/193/344 376/234/458 
f 254/189/336 376/234/458 348/224/430 
f 348/224/430 376/234/458 349/225/431 
f 243/182/325 252/186/334 342/186/424 
f 244/183/326 243/182/325 342/186/424 
f 244/183/326 342/186/424 338/219/420 
f 377/183/459 244/183/326 338/219/420 
f 237/180/319 244/183/326 377/183/459 
f 235/180/317 237/180/319 377/183/459 
f 235/180/317 377/183/459 378/183/460 
f 377/183/459 338/219/420 336/219/418 
f 378/183/460 377/183/459 336/219/418 
f 378/183/460 336/219/418 332/219/414 
f 233/178/315 235/180/317 378/183/460 
f 233/178/315 378/183/460 379/235/461 
f 379/235/461 378/183/460 332/219/414 
f 231/176/313 233/178/315 379/235/461 
f 231/176/313 379/235/461 380/236/462 
f 379/235/461 332/219/414 330/217/412 
f 380/236/462 379/235/461 330/217/412 
f 380/236/462 330/217/412 326/214/408 
f 229/176/311 231/176/313 380/236/462 
f 229/176/311 380/236/462 381/236/463 
f 381/236/463 380/236/462 326/214/408 
f 227/176/309 229/176/311 381/236/463 
f 227/176/309 381/236/463 382/236/464 
f 381/236/463 326/214/408 324/214/406 
f 382/236/464 381/236/463 324/214/406 
f 382/236/464 324/214/406 320/214/402 
f 225/174/307 227/176/309 382/236/464 
f 225/174/307 382/236/464 383/237/465 
f 383/237/465 382/236/464 320/214/402 
f 223/174/305 225/174/307 383/237/465 
f 223/174/305 383/237/465 384/237/466 
f 383/237/465 320/214/402 318/211/400 
f 384/237/466 383/237/465 318/211/400 
f 384/237/466 318/211/400 314/211/396 
f 221/174/303 223/174/305 384/237/466 
f 221/174/303 384/237/466 385/237/467 
f 385/237/467 384/237/466 314/211/396 
f 219/173/301 221/174/303 385/237/467 
f 219/173/301 385/237/467 386/238/468 
f 385/237/467 314/211/396 312/211/394 
f 386/238/468 385/237/467 312/211/394 
f 386/238/468 312/211/394 308/208/390 
f 217/170/299 219/173/301 386/238/468 
f 217/170/299 386/238/468 387/239/469 
f 387/239/469 386/238/468 308/208/390 
f 215/170/297 217/170/299 387/239/469 
f 215/170/297 387/239/469 388/239/470 
f 387/239/469 308/208/390 306/205/388 
f 388/239/470 387/239/469 306/205/388 
f 388/239/470 306/205/388 302/205/384 
f 213/170/295 215/170/297 388/239/470 
f 213/170/295 388/239/470 389/239/471 
f 389/239/471 388/239/470 302/205/384 
f 211/168/293 213/170/295 389/239/471 
f 211/168/293 389/239/471 390/240/472 
f 389/239/471 302/205/384 300/205/382 
f 390/240/472 389/239/471 300/205/382 
f 390/240/472 300/205/382 296/205/378 
f 209/167/291 211/168/293 390/240/472 
f 209/167/291 390/240/472 391/241/473 
f 391/241/473 390/240/472 296/205/378 
f 207/167/289 209/167/291 391/241/473 
f 207/167/289 391/241/473 392/241/474 
f 391/241/473 296/205/378 294/203/376 
f 392/241/474 391/241/473 294/203/376 
f 392/241/474 294/203/376 290/201/372 
f 205/165/287 207/167/289 392/241/474 
f 205/165/287 392/241/474 393/242/475 
f 393/242/475 392/241/474 290/201/372 
f 203/163/285 205/165/287 393/242/475 
f 203/163/285 393/242/475 394/243/476 
f 393/242/475 290/201/372 288/201/370 
f 394/243/476 393/242/475 288/201/370 
f 394/243/476 288/201/370 284/198/366 
f 201/163/283 203/163/285 394/243/476 
f 201/163/283 394/243/476 395/243/477 
f 395/243/477 394/243/476 284/198/366 
f 199/163/281 201/163/283 395/243/477 
f 199/163/281 395/243/477 396/243/478 
f 395/243/477 284/198/366 282/198/364 
f 396/243/478 395/243/477 282/198/364 
f 396/243/478 282/198/364 278/198/360 
f 197/163/279 199/163/281 396/243/478 
f 197/163/279 396/243/478 397/244/479 
f 397/244/479 396/243/478 278/198/360 
f 195/161/277 197/163/279 397/244/479 
f 195/161/277 397/244/479 398/244/480 
f 397/244/479 278/198/360 276/195/358 
f 398/244/480 397/244/479 276/195/358 
f 398/244/480 276/195/358 272/195/354 
f 193/161/275 195/161/277 398/244/480 
f 193/161/275 398/244/480 399/245/481 
f 399/245/481 398/244/480 272/195/354 
f 191/159/273 193/161/275 399/245/481 
f 191/159/273 399/245/481 400/246/482 
f 399/245/481 272/195/354 270/195/352 
f 400/246/482 399/245/481 270/195/352 
f 400/246/482 270/195/352 266/195/348 
f 189/157/271 191/159/273 400/246/482 
f 189/157/271 400/246/482 401/246/483 
f 401/246/483 400/246/482 266/195/348 
f 187/157/269 189/157/271 401/246/483 
f 187/157/269 401/246/483 402/246/484 
f 401/246/483 266/195/348 264/192/346 
f 402/246/484 401/246/483 264/192/346 
f 402/246/484 264/192/346 260/192/342 
f 185/157/267 187/157/269 402/246/484 
f 185/157/267 402/246/484 403/246/485 
f 403/246/485 402/246/484 260/192/342 
f 183/156/265 185/157/267 403/246/485 
f 183/156/265 403/246/485 247/184/329 
f 403/246/485 260/192/342 258/192/340 
f 247/184/329 403/246/485 258/192/340 
f 404/247/486 405/248/487 406/249/488 
s 2
f 407/250/489 408/251/490 409/252/491 
s 3
f 410/253/492 411/252/493 412/251/494 
s 4
f 413/254/495 414/255/495 415/256/495 
s 5
f 413/254/495 415/256/495 416/257/495 
s 6
f 413/254/495 416/257/495 417/258/496 
s 7
f 416/257/495 415/256/495 418/259/495 
s 8
f 416/257/497 418/259/495 419/260/497 
s 9
f 415/256/495 414/255/497 420/261/498 
s 10
f 421/262/499 422/263/500 423/264/501 
s 11
f 424/265/502 425/266/503 426/267/504 
s 12
f 424/247/505 419/248/506 427/249/507 
s 13
f 422/268/508 418/248/509 423/249/510 
s 14
f 418/259/495 428/269/495 429/270/495 
s 15
f 418/259/495 429/270/495 430/271/495 
s 16
f 418/259/495 430/271/495 419/260/495 
s 17
f 429/270/495 428/269/495 431/272/495 
s 18
f 432/267/511 433/273/512 434/274/513 
s 19
f 435/266/514 436/275/515 437/276/516 
s 20
f 438/277/517 436/275/515 439/278/515 
s 21
f 440/279/518 409/280/519 438/277/517 
s 22
f 441/281/520 407/282/521 440/279/518 
s 23
f 442/283/522 443/284/523 441/285/524 
s 24
f 442/283/522 411/286/525 444/287/526 
s 25
f 445/288/527 446/289/528 447/290/529 
s 26
f 409/252/491 448/291/530 436/268/531 
s 27
f 412/251/494 449/268/532 450/291/533 
s 28
f 451/247/534 452/288/535 433/292/536 
s 29
f 453/292/537 454/293/538 404/247/486 
s 30
f 452/288/535 455/289/539 433/292/536 
s 31
f 447/290/529 456/294/540 457/295/541 
s 32
f 457/295/542 455/289/542 458/290/542 
s 33
f 443/296/543 459/253/544 407/250/545 
s 34
f 444/250/546 460/297/547 443/296/543 
s 35
f 436/268/531 461/248/548 437/249/549 
s 36
f 462/251/550 422/268/508 463/252/551 
s 37
f 424/247/505 417/288/552 416/293/553 
s 38
f 464/292/554 415/293/555 420/288/556 
s 39
f 417/288/552 465/289/557 413/290/558 
s 40
f 414/290/559 466/294/560 467/289/561 
s 41
f 468/295/562 465/289/557 466/294/560 
s 42
f 469/296/563 470/253/564 431/297/565 
s 43
f 471/250/566 431/297/565 428/253/567 
s 44
f 472/268/568 419/248/506 430/291/569 
s 45
f 473/247/570 418/248/509 415/293/555 
s 46
f 474/250/571 429/251/572 470/253/564 
s 47
f 428/253/567 463/252/551 471/250/566 
s 48
f 457/298/573 458/254/574 447/255/573 
s 49
f 449/263/575 475/262/576 406/264/577 
s 50
f 435/266/514 451/265/578 432/267/511 
s 51
f 476/299/579 439/278/580 435/300/581 
s 52
f 461/248/548 451/247/534 437/249/549 
s 53
f 405/248/487 449/268/532 406/249/488 
s 54
f 429/270/495 431/272/495 470/301/495 
s 55
f 428/269/495 477/302/498 462/303/582 
s 56
f 478/304/583 422/263/500 479/305/500 
s 57
f 423/264/501 480/306/584 421/262/499 
s 58
f 481/307/585 473/308/586 464/309/587 
s 59
f 482/310/588 464/309/587 467/311/589 
s 60
f 483/312/590 467/311/589 466/313/591 
s 61
f 484/314/592 466/313/591 465/315/593 
s 62
f 485/274/594 465/315/593 486/273/595 
s 63
f 426/267/504 486/273/595 424/265/502 
s 64
f 425/266/596 472/275/597 487/278/596 
s 65
f 488/277/598 472/275/597 489/280/599 
s 66
f 490/279/600 489/280/599 474/282/601 
s 67
f 491/281/602 474/282/601 469/316/602 
s 68
f 492/283/603 469/284/604 471/287/604 
s 69
f 492/283/603 463/286/605 478/304/583 
s 70
f 420/288/556 467/289/561 464/292/554 
s 71
f 489/252/606 430/291/569 429/251/572 
s 72
f 493/317/607 494/318/608 495/319/609 
s 73
f 496/320/610 440/321/611 438/322/612 
s 74
f 495/319/609 442/323/613 493/317/607 
s 75
f 497/324/614 496/320/610 498/325/615 
s 76
f 499/326/616 494/318/608 500/327/617 
s 77
f 501/328/618 500/327/617 502/329/619 
s 78
f 487/278/620 503/299/621 425/300/622 
s 79
f 421/306/623 504/330/624 505/331/625 
s 80
f 505/331/625 506/332/626 507/333/627 
s 81
f 506/332/626 503/299/621 507/333/627 
s 82
f 508/325/628 509/329/629 510/328/630 
s 83
f 487/278/620 511/320/631 508/325/628 
s 84
f 504/330/624 512/334/632 506/332/626 
s 85
f 506/332/626 513/335/633 514/336/634 
s 86
f 515/337/635 516/338/636 517/339/637 
s 87
f 517/340/638 518/341/639 515/342/640 
s 88
f 490/321/641 517/339/637 516/338/636 
s 89
f 439/278/580 476/299/579 498/325/615 
s 90
f 475/306/642 519/330/643 520/306/644 
s 91
f 521/331/645 522/332/646 519/330/643 
s 92
f 522/332/646 476/299/579 523/336/647 
s 93
f 498/325/615 502/329/619 497/324/614 
s 94
f 439/278/580 496/320/610 438/322/612 
s 95
f 519/330/643 524/334/648 525/343/649 
s 96
f 522/332/646 526/335/650 524/334/648 
s 97
f 527/337/651 528/338/652 529/344/653 
s 98
f 530/340/654 531/341/655 493/317/607 
s 99
f 440/321/611 530/339/656 441/281/657 
s 100
f 441/345/658 493/317/607 442/323/613 
s 101
f 499/326/616 532/346/659 495/319/609 
s 102
f 523/336/647 435/300/581 432/300/660 
s 103
f 533/347/661 521/331/645 475/306/642 
s 104
f 499/326/616 534/333/662 521/331/645 
s 105
f 498/325/615 534/333/662 501/328/618 
s 106
f 529/344/653 496/320/610 535/348/663 
s 107
f 536/257/664 458/254/574 452/258/664 
s 108
f 475/262/576 449/263/575 533/305/665 
s 109
f 451/265/578 435/266/514 437/276/516 
s 110
f 451/247/534 461/248/548 536/293/666 
s 111
f 449/268/532 405/248/487 450/291/533 
s 112
f 450/302/667 410/269/574 412/303/664 
s 113
f 410/269/574 405/259/574 408/270/574 
s 114
f 410/269/574 408/270/574 460/272/574 
s 115
f 460/272/574 408/270/574 459/301/574 
s 116
f 408/270/574 405/259/574 448/271/574 
s 117
f 448/271/574 405/259/574 461/260/574 
s 118
f 532/304/668 449/263/575 411/286/525 
s 119
f 406/264/577 520/306/669 404/308/670 
s 120
f 537/307/671 404/308/670 520/306/669 
s 121
f 538/310/672 453/309/673 537/307/671 
s 122
f 539/312/674 446/311/675 538/310/672 
s 123
f 540/314/676 456/313/677 539/312/674 
s 124
f 434/274/513 455/315/678 540/314/676 
s 125
f 491/345/679 541/317/680 517/340/638 
s 126
f 542/326/681 478/346/682 479/347/683 
s 127
f 514/336/634 425/300/622 503/299/621 
s 128
f 479/347/683 505/331/625 542/326/681 
s 129
f 542/326/681 507/333/627 510/328/630 
s 130
f 508/325/628 507/333/627 503/299/621 
s 131
f 543/344/684 511/320/631 516/338/636 
s 132
f 541/317/680 544/318/685 518/341/639 
s 133
f 511/320/631 490/321/641 516/338/636 
s 134
f 545/319/686 492/323/687 478/346/682 
s 135
f 546/324/688 511/320/631 547/348/689 
s 136
f 542/326/681 544/318/685 545/319/686 
s 137
f 510/328/630 548/327/690 542/326/681 
s 138
f 447/255/574 458/254/574 454/256/574 
s 139
f 447/255/574 454/256/574 445/261/691 
s 140
f 454/256/574 458/254/574 536/257/664 
s 141
f 454/256/574 536/257/664 405/259/574 
s 142
f 405/259/574 536/257/664 461/260/574 
s 143
f 464/309/587 482/310/588 481/307/585 
s 144
f 467/311/589 483/312/590 482/310/588 
s 145
f 466/313/591 484/314/592 483/312/590 
s 146
f 465/315/593 485/274/594 484/314/592 
s 147
f 486/273/595 426/267/504 485/274/594 
s 148
f 472/275/597 425/266/692 427/276/692 
s 149
f 472/275/597 488/277/598 487/278/596 
s 150
f 489/280/599 490/279/600 488/277/598 
s 151
f 474/282/601 491/281/602 490/279/600 
s 152
f 469/284/693 492/283/603 491/285/693 
s 153
f 463/286/605 492/283/603 471/287/694 
s 154
f 484/349/695 485/350/696 549/351/697 
s 155
f 467/289/561 420/288/556 414/290/559 
s 156
f 482/310/698 483/352/699 550/353/700 
s 157
f 483/352/699 484/349/695 549/351/697 
s 158
f 509/329/629 508/325/628 546/324/688 
s 159
f 511/320/631 487/278/620 488/322/701 
s 160
f 503/299/621 487/278/620 508/325/628 
s 161
f 419/248/506 424/247/505 416/293/553 
s 162
f 418/248/509 422/268/508 477/291/702 
s 163
f 504/330/624 421/306/623 480/306/703 
s 164
f 506/332/626 505/331/625 504/330/624 
s 165
f 503/299/621 506/332/626 514/336/634 
s 166
f 426/300/704 513/335/633 485/350/696 
s 167
f 551/343/705 480/306/703 481/307/706 
s 168
f 549/351/697 485/350/696 513/335/633 
s 169
f 550/353/700 481/307/706 482/310/698 
s 170
f 550/353/700 512/334/632 551/343/705 
s 171
f 549/351/697 512/334/632 552/354/707 
s 172
f 550/353/700 483/352/699 552/354/707 
s 173
f 483/352/699 549/351/697 552/354/707 
s 174
f 418/259/495 477/302/498 428/269/495 
s 175
f 422/263/500 478/304/583 463/286/605 
s 176
f 480/306/584 423/264/501 473/308/586 
s 177
f 473/308/586 481/307/585 480/306/584 
s 178
f 431/297/565 471/250/566 469/296/563 
s 179
f 541/317/680 491/345/679 492/323/687 
s 180
f 478/346/682 542/326/681 545/319/686 
s 181
f 425/300/622 514/336/634 426/300/704 
s 182
f 419/248/506 472/268/568 427/249/507 
s 183
f 418/248/509 473/247/570 423/249/510 
s 184
f 505/331/625 479/347/683 421/306/623 
s 185
f 507/333/627 542/326/681 505/331/625 
s 186
f 507/333/627 508/325/628 510/328/630 
s 187
f 511/320/631 543/344/684 547/348/689 
s 188
f 544/318/685 541/317/680 545/319/686 
s 189
f 490/321/641 511/320/631 488/322/701 
s 190
f 429/251/572 474/250/571 489/252/606 
s 191
f 463/252/551 428/253/567 462/251/550 
s 192
f 492/323/687 545/319/686 541/317/680 
s 193
f 511/320/631 546/324/688 508/325/628 
s 194
f 544/318/685 542/326/681 548/327/690 
s 195
f 548/327/690 510/328/630 509/329/629 
s 196
f 430/291/569 489/252/606 472/268/568 
s 197
f 422/268/508 462/251/550 477/291/702 
s 198
f 514/336/634 513/335/633 426/300/704 
s 199
f 417/288/552 424/247/505 486/292/708 
s 200
f 415/293/555 464/292/554 473/247/570 
s 201
f 551/343/705 504/330/624 480/306/703 
s 202
f 512/334/632 504/330/624 551/343/705 
s 203
f 513/335/633 506/332/626 512/334/632 
s 204
f 465/289/557 417/288/552 486/292/708 
s 205
f 550/353/700 551/343/705 481/307/706 
s 206
f 552/354/707 512/334/632 550/353/700 
s 207
f 466/294/560 414/290/559 468/295/562 
s 208
f 549/351/697 513/335/633 512/334/632 
s 209
f 465/289/557 468/295/562 413/290/558 
s 210
f 516/338/636 515/337/635 543/344/684 
s 211
f 518/341/639 517/340/638 541/317/680 
s 212
f 517/339/637 490/321/641 491/281/709 
s 213
f 470/253/564 469/296/563 474/250/571 
s 214
f 455/315/678 434/274/513 433/273/512 
s 215
f 433/273/512 432/267/511 451/265/578 
s 216
f 436/275/515 435/266/514 439/278/515 
s 217
f 436/275/515 438/277/517 409/280/519 
s 218
f 409/280/519 440/279/518 407/282/521 
s 219
f 407/282/521 441/281/520 443/316/710 
s 220
f 443/284/523 442/283/522 444/287/526 
s 221
f 411/286/525 442/283/522 532/304/668 
s 222
f 553/351/711 434/350/712 540/349/713 
s 223
f 446/289/528 445/288/527 453/292/537 
s 224
f 554/353/714 539/352/715 538/310/716 
s 225
f 553/351/711 540/349/713 539/352/715 
s 226
f 502/329/619 498/325/615 501/328/618 
s 227
f 496/320/610 439/278/580 498/325/615 
s 228
f 448/291/530 409/252/717 408/251/717 
s 229
f 449/268/532 412/251/494 411/252/493 
s 230
f 432/300/660 526/335/650 523/336/647 
s 231
f 519/330/643 475/306/642 521/331/645 
s 232
f 522/332/646 521/331/645 534/333/662 
s 233
f 476/299/579 522/332/646 534/333/662 
s 234
f 434/350/712 526/335/650 432/300/660 
s 235
f 537/307/718 520/306/644 525/343/649 
s 236
f 526/335/650 434/350/712 553/351/711 
s 237
f 538/310/716 537/307/718 554/353/714 
s 238
f 525/343/649 524/334/648 554/353/714 
s 239
f 555/354/719 524/334/648 553/351/711 
s 240
f 555/354/719 539/352/715 554/353/714 
s 241
f 555/354/719 553/351/711 539/352/715 
s 242
f 450/302/667 405/259/574 410/269/574 
s 243
f 449/263/575 532/304/668 533/305/665 
s 244
f 520/306/669 406/264/577 475/262/576 
s 245
f 404/308/670 537/307/671 453/309/673 
s 246
f 453/309/673 538/310/672 446/311/675 
s 247
f 446/311/675 539/312/674 456/313/677 
s 248
f 456/313/677 540/314/676 455/315/678 
s 249
f 435/300/581 523/336/647 476/299/579 
s 250
f 461/248/548 436/268/531 448/291/530 
s 251
f 405/248/487 404/247/486 454/293/538 
s 252
f 521/331/645 533/347/661 499/326/616 
s 253
f 534/333/662 499/326/616 501/328/618 
s 254
f 534/333/662 498/325/615 476/299/579 
s 255
f 496/320/610 529/344/653 528/338/652 
s 256
f 494/318/608 493/317/607 531/341/655 
s 257
f 440/321/611 496/320/610 528/338/652 
s 258
f 408/251/490 407/250/489 459/253/544 
s 259
f 411/252/493 410/253/492 444/250/546 
s 260
f 442/323/613 495/319/609 532/346/659 
s 261
f 496/320/610 497/324/614 535/348/720 
s 262
f 494/318/608 499/326/616 495/319/609 
s 263
f 500/327/617 501/328/618 499/326/616 
s 264
f 468/298/721 414/255/497 413/254/721 
s 265
f 422/263/500 421/262/499 479/305/500 
s 266
f 425/266/503 424/265/502 427/276/692 
s 267
f 452/288/535 451/247/534 536/293/666 
s 268
f 454/293/538 453/292/537 445/288/527 
s 269
f 520/306/644 519/330/643 525/343/649 
s 270
f 524/334/648 519/330/643 522/332/646 
s 271
f 526/335/650 522/332/646 523/336/647 
s 272
f 455/289/539 452/288/535 458/290/722 
s 273
f 537/307/718 525/343/649 554/353/714 
s 274
f 554/353/714 524/334/648 555/354/719 
s 275
f 456/294/540 447/290/529 446/289/528 
s 276
f 524/334/648 526/335/650 553/351/711 
s 277
f 455/289/539 457/295/541 456/294/540 
s 278
f 528/338/652 527/337/723 530/339/656 
s 279
f 531/341/655 530/340/654 527/342/724 
s 280
f 530/339/656 440/321/611 528/338/652 
s 281
f 459/253/544 443/296/543 460/297/547 
s 282
f 460/297/547 444/250/546 410/253/492 
s 283
f 493/317/607 441/345/725 530/340/654 
s 284
f 532/346/659 499/326/616 533/347/661 
s 285
f 556/355/726 557/356/727 558/357/728 
s 286
f 559/358/729 557/356/727 560/359/730 
s 287
f 561/360/731 560/359/730 557/356/727 
s 288
f 558/361/732 562/362/733 556/363/734 
s 289
f 563/364/735 556/363/734 562/362/733 
s 290
f 562/362/733 564/365/736 563/364/735 
s 291
f 565/366/737 563/364/735 564/365/736 
s 292
f 564/365/736 566/367/738 565/366/737 
s 293
f 566/367/738 564/365/736 567/368/739 
s 294
f 567/368/739 559/358/729 566/367/738 
s 295
f 560/359/730 566/367/738 559/358/729 
s 296
f 568/369/740 558/357/728 557/356/727 
s 297
f 569/370/741 570/371/741 571/372/741 
s 298
f 569/370/742 572/373/742 573/374/742 
s 299
f 574/375/743 575/376/744 576/377/745 
s 300
f 576/377/745 577/378/746 574/375/743 
s 301
f 578/379/747 574/375/743 577/378/746 
s 302
f 579/380/748 580/381/749 581/382/750 
s 303
f 582/383/751 579/380/748 581/382/750 
s 304
f 583/384/752 584/385/753 581/382/750 
s 305
f 580/381/749 583/384/752 581/382/750 
s 306
f 585/386/754 586/387/755 587/388/756 
s 307
f 586/387/755 588/389/757 587/388/756 
s 308
f 589/390/758 590/391/759 587/392/760 
s 309
f 588/389/757 589/390/758 587/392/760 
s 310
f 585/386/754 591/393/761 586/387/755 
s 311
f 591/393/761 585/386/754 592/394/762 
s 312
f 593/395/763 594/396/763 595/397/763 
s 313
f 594/396/764 593/395/764 596/398/764 
s 314
f 595/397/765 594/396/765 597/399/765 
s 315
f 597/399/766 598/400/766 595/397/766 
s 316
f 599/401/767 598/402/767 600/403/767 
s 317
f 573/374/768 570/371/768 569/370/768 
s 318
f 601/404/769 596/398/769 600/403/769 
s 319
f 594/396/770 596/398/770 601/404/770 
s 320
f 602/405/771 597/399/771 594/396/771 
s 321
f 603/406/772 604/407/772 600/403/772 
s 322
f 601/404/773 605/408/773 594/396/773 
s 323
f 602/405/774 594/396/774 605/408/774 
s 324
f 606/409/775 607/410/775 608/411/775 
s 325
f 609/412/776 608/411/776 607/410/776 
s 326
f 604/407/777 601/404/777 600/403/777 
s 327
f 573/374/778 572/373/778 610/413/778 
s 328
f 610/413/779 611/414/779 573/374/779 
s 329
f 612/415/780 605/408/780 601/404/780 
s 330
f 573/416/781 613/417/781 614/418/781 
s 331
f 613/417/782 573/416/782 611/419/782 
s 332
f 603/406/783 614/418/783 613/417/783 
s 333
f 614/418/784 603/406/784 597/420/784 
s 334
f 598/402/785 597/420/785 600/403/785 
s 335
f 560/359/730 561/360/731 563/421/786 
s 336
f 565/366/737 566/367/738 563/422/787 
s 337
f 566/367/738 560/359/730 563/422/787 
s 338
f 557/356/727 556/355/726 561/360/731 
s 339
f 615/423/788 616/424/788 617/425/788 
s 340
f 618/426/789 616/427/789 602/428/789 
s 341
f 614/418/790 602/428/790 616/427/790 
s 342
f 619/429/791 620/430/791 621/431/791 
s 343
f 622/432/792 621/431/792 620/430/792 
s 344
f 623/433/793 624/434/793 625/435/793 
s 345
f 626/436/794 625/435/794 624/434/794 
s 346
f 625/435/795 626/436/795 615/423/795 
s 347
f 614/437/796 615/423/796 626/436/796 
s 348
f 571/372/797 623/433/797 569/370/797 
s 349
f 625/435/798 569/370/798 623/433/798 
s 350
f 624/438/799 627/439/799 626/440/799 
s 351
f 570/441/800 626/440/800 627/439/800 
s 352
f 569/370/801 625/435/801 572/373/801 
s 353
f 628/442/802 629/443/803 630/444/804 
s 354
f 631/445/805 632/446/806 633/447/807 
s 355
f 632/446/806 630/448/808 633/447/807 
s 356
f 634/449/809 635/450/810 636/451/811 
s 357
f 636/451/811 637/452/812 634/449/809 
s 358
f 629/443/803 634/449/809 638/453/813 
s 359
f 637/452/812 638/453/813 634/449/809 
s 360
f 635/450/810 639/454/814 640/455/815 
s 361
f 640/455/815 636/451/811 635/450/810 
s 362
f 639/456/816 641/457/817 640/458/818 
s 363
f 642/459/819 640/460/820 641/461/821 
s 364
f 641/461/821 643/462/822 644/463/823 
s 365
f 644/463/823 642/459/819 641/461/821 
s 366
f 645/464/824 646/465/825 647/466/826 
s 367
f 648/467/827 639/454/814 635/450/810 
s 368
f 628/442/802 648/467/827 635/450/810 
s 369
f 628/442/802 635/450/810 634/449/809 
s 370
f 632/446/806 649/468/828 630/448/808 
s 371
f 650/469/829 651/470/830 652/471/831 
s 372
f 653/472/832 652/471/831 651/470/830 
s 373
f 651/470/830 654/473/833 653/472/832 
s 374
f 655/474/834 653/472/832 654/473/833 
s 375
f 654/473/833 656/475/835 655/474/834 
s 376
f 656/475/835 654/473/833 657/476/836 
s 377
f 657/476/836 658/477/837 656/475/835 
s 378
f 658/477/837 657/476/836 659/478/838 
s 379
f 660/479/839 659/480/840 638/481/841 
s 380
f 650/482/842 640/460/820 651/483/843 
s 381
f 640/460/820 650/482/842 636/484/844 
s 382
f 651/483/843 642/459/819 654/485/845 
s 383
f 642/459/819 651/483/843 640/460/820 
s 384
f 642/459/819 644/463/823 657/486/846 
s 385
f 657/486/846 654/485/845 642/459/819 
s 386
f 644/463/823 638/481/841 659/480/840 
s 387
f 659/480/840 657/486/846 644/463/823 
s 388
f 661/487/847 576/377/745 575/376/744 
s 389
f 638/481/841 637/488/848 660/479/839 
s 390
f 617/425/849 662/489/849 615/423/849 
s 391
f 605/408/850 615/423/850 662/489/850 
s 392
f 616/424/851 615/423/851 614/437/851 
s 393
f 663/490/852 664/491/853 665/492/854 
s 394
f 666/493/855 667/494/856 668/495/857 
s 395
f 665/492/854 667/494/856 666/493/855 
s 396
f 665/492/854 669/496/858 667/494/856 
s 397
f 663/490/852 665/492/854 666/493/855 
s 398
f 670/497/859 671/498/860 672/499/861 
s 399
f 673/500/862 671/498/860 670/497/859 
s 400
f 673/500/862 669/496/858 671/498/860 
s 401
f 674/501/863 673/500/862 670/497/859 
s 402
f 673/500/862 667/494/856 669/496/858 
s 403
f 675/502/864 676/503/865 677/504/866 
s 404
f 678/505/867 675/502/864 677/504/866 
s 405
f 679/506/868 675/502/864 678/505/867 
s 406
f 680/507/869 681/508/870 682/509/871 
s 407
f 683/510/872 680/507/869 682/509/871 
s 408
f 678/511/873 677/512/874 676/513/874 
s 409
f 682/509/871 681/508/870 684/514/875 
s 410
f 682/509/871 684/514/875 685/515/876 
s 411
f 686/516/877 682/509/871 685/515/876 
s 412
f 686/516/877 685/515/876 676/503/865 
s 413
f 675/502/864 686/516/877 676/503/865 
s 414
f 687/517/878 688/518/879 689/519/880 
s 415
f 690/517/881 691/518/882 692/520/883 
s 416
f 693/521/884 692/520/883 691/518/882 
s 417
f 691/518/882 694/522/885 693/521/884 
s 418
f 695/523/886 693/521/884 694/522/885 
s 419
f 694/522/885 688/518/879 695/523/886 
s 420
f 688/524/887 694/525/888 695/526/889 
s 421
f 695/526/889 696/527/890 688/524/887 
s 422
f 687/528/891 688/524/887 696/527/890 
s 423
f 696/527/890 697/529/892 687/528/891 
s 424
f 698/530/893 699/531/894 700/532/895 
s 425
f 701/533/896 700/532/895 699/531/894 
s 426
f 683/510/872 682/509/871 686/516/877 
s 427
f 702/534/897 683/510/872 686/516/877 
s 428
f 702/534/897 686/516/877 675/502/864 
s 429
f 679/506/868 702/534/897 675/502/864 
s 430
f 679/511/898 681/535/899 680/536/900 
s 431
f 679/511/898 680/536/900 683/513/901 
s 432
f 679/511/898 683/513/901 702/512/902 
s 433
f 703/537/903 704/538/904 705/539/905 
s 434
f 706/540/906 707/541/907 705/542/908 
s 435
f 704/538/904 703/537/903 708/538/909 
s 436
f 709/537/910 708/538/909 703/537/903 
s 437
f 710/543/911 708/538/909 709/537/910 
s 438
f 711/544/912 712/545/913 713/546/914 
s 439
f 714/547/915 712/545/913 711/544/912 
s 440
f 715/548/916 712/545/913 714/547/915 
s 441
f 712/545/913 715/548/916 710/543/911 
s 442
f 708/538/909 710/543/911 715/548/916 
s 443
f 705/539/905 704/538/904 716/549/917 
s 444
f 665/492/854 671/498/860 669/496/858 
s 445
f 664/491/853 671/498/860 665/492/854 
s 446
f 664/491/853 672/499/861 671/498/860 
s 447
f 662/489/918 617/425/918 619/550/918 
s 448
f 622/551/919 617/425/919 616/424/919 
s 449
f 617/425/920 622/551/920 620/552/920 
s 450
f 621/431/921 622/432/921 618/426/921 
s 451
f 616/427/922 618/426/922 622/432/922 
s 452
f 662/489/923 618/553/923 605/408/923 
s 453
f 602/405/924 605/408/924 618/553/924 
s 454
f 649/554/925 645/555/926 628/442/802 
s 455
f 628/442/802 630/444/804 649/554/925 
s 456
f 717/556/927 718/557/928 719/558/929 
s 457
f 718/557/928 720/559/930 719/558/929 
s 458
f 721/560/931 722/561/932 719/558/929 
s 459
f 722/561/932 717/556/927 719/558/929 
s 460
f 561/360/731 556/355/726 563/421/786 
s 461
f 615/423/933 572/373/933 625/435/933 
s 462
f 626/440/934 570/441/934 614/418/934 
s 463
f 573/416/935 614/418/935 570/441/935 
s 464
f 623/562/936 571/563/936 624/438/936 
s 465
f 627/439/937 624/438/937 571/563/937 
s 466
f 627/564/938 571/372/938 570/371/938 
s 467
f 593/395/939 595/397/939 606/409/939 
s 468
f 609/565/940 607/410/940 598/400/940 
s 469
f 595/397/941 598/400/941 607/410/941 
s 470
f 608/566/942 609/567/942 599/401/942 
s 471
f 598/402/943 599/401/943 609/567/943 
s 472
f 593/395/944 600/403/944 596/398/944 
s 473
f 600/403/945 593/395/945 599/401/945 
s 474
f 696/521/946 695/523/886 688/518/879 
s 475
f 688/518/879 687/517/878 696/521/946 
s 476
f 697/520/947 696/521/946 687/517/878 
s 477
f 723/568/948 724/569/949 725/570/950 
s 478
f 725/570/950 726/571/951 723/568/948 
s 479
f 727/572/952 723/568/948 726/571/951 
s 480
f 728/573/953 729/574/954 730/575/955 
s 481
f 728/573/953 730/575/955 731/576/956 
s 482
f 732/577/957 728/573/953 733/578/958 
s 483
f 733/578/958 731/576/956 734/579/959 
s 484
f 735/580/960 733/578/958 734/579/959 
s 485
f 735/580/960 734/579/959 736/581/961 
s 486
f 737/582/962 735/580/960 736/581/961 
s 487
f 738/583/963 729/574/954 728/573/953 
s 488
f 732/577/957 738/583/963 728/573/953 
s 489
f 739/584/964 732/577/957 735/580/960 
s 490
f 740/585/965 739/584/964 735/580/960 
s 491
f 740/585/965 735/580/960 737/582/962 
s 492
f 729/586/966 738/587/967 732/588/967 
s 493
f 729/586/966 732/588/967 739/589/967 
s 494
f 729/586/966 739/589/967 740/590/968 
s 495
f 678/511/873 685/536/874 684/535/969 
s 496
f 678/511/873 676/513/874 685/536/874 
s 497
f 603/406/970 600/403/970 597/420/970 
s 498
f 619/550/971 621/591/971 662/489/971 
s 499
f 618/553/972 662/489/972 621/591/972 
s 500
f 620/552/973 619/550/973 617/425/973 
s 501
f 741/592/974 742/593/975 743/594/976 
s 502
f 744/592/977 743/594/978 745/594/978 
s 503
f 743/594/978 744/592/977 741/592/977 
s 504
f 742/593/979 745/594/978 743/594/978 
s 505
f 746/593/979 747/594/979 748/594/979 
s 506
f 744/592/977 749/595/980 741/592/977 
s 507
f 749/595/980 744/592/977 750/595/980 
s 508
f 748/596/981 749/595/980 750/595/980 
s 509
f 749/595/980 748/596/981 747/596/981 
s 510
f 751/597/982 752/598/983 753/599/984 
s 511
f 754/600/985 751/597/982 753/599/984 
s 512
f 753/599/984 755/598/986 756/597/987 
s 513
f 757/601/988 758/602/989 759/603/990 
s 514
f 758/602/989 760/604/991 761/605/992 
s 515
f 758/602/989 761/605/992 762/606/993 
s 516
f 763/607/994 761/605/992 760/604/991 
s 517
f 764/608/995 765/609/996 759/603/990 
s 518
f 757/601/988 760/604/991 758/602/989 
s 519
f 764/608/995 766/609/997 765/610/998 
s 520
f 767/602/999 768/601/1000 769/603/1001 
s 521
f 768/601/1000 767/602/999 770/604/1002 
s 522
f 770/604/1002 767/602/999 771/605/1003 
s 523
f 772/611/1004 769/603/1001 768/601/1000 
s 524
f 770/604/1002 771/605/1003 773/607/1005 
s 525
f 771/605/1003 767/602/999 774/606/1006 
s 526
f 766/612/1007 772/613/1008 775/614/1009 
s 527
f 776/613/1010 777/614/1011 757/615/1012 
s 528
f 778/616/1013 752/598/983 751/597/982 
s 529
f 779/599/1014 752/598/983 778/597/1015 
s 530
f 780/600/1016 779/599/1014 778/597/1015 
s 531
f 781/597/1017 755/598/986 779/599/1014 
s 532
f 782/617/1018 783/618/1019 784/619/1020 
s 533
f 782/617/1018 785/620/1021 786/621/1022 
s 534
f 786/621/1022 787/622/1023 782/617/1018 
s 535
f 788/623/1024 784/624/1025 783/625/1026 
s 536
f 783/625/1026 789/626/1027 788/623/1024 
s 537
f 790/627/1028 788/623/1024 789/626/1027 
s 538
f 789/626/1027 791/628/1029 790/627/1028 
s 539
f 792/629/1030 790/627/1028 791/628/1029 
s 540
f 790/627/1028 792/629/1030 793/630/1031 
s 541
f 786/621/1022 793/630/1031 792/629/1030 
s 542
f 793/630/1031 786/621/1022 785/620/1021 
s 543
f 580/631/1032 794/632/1033 795/633/1034 
s 544
f 580/631/1032 579/634/1035 794/632/1033 
s 545
f 579/634/1035 796/635/1036 794/632/1033 
s 546
f 579/634/1035 582/636/1037 796/635/1036 
s 547
f 582/637/1038 576/638/1039 796/639/1040 
s 548
f 582/637/1038 581/640/1041 576/638/1039 
s 549
f 581/640/1041 577/641/1042 576/638/1039 
s 550
f 749/595/1043 797/642/1043 798/643/1044 
s 551
f 749/592/1045 799/644/1046 797/643/1047 
s 552
f 749/595/1043 798/643/1044 741/592/974 
s 553
f 741/592/974 800/644/1048 742/593/975 
s 554
f 741/592/974 798/643/1044 800/644/1048 
s 555
f 801/645/1049 802/646/1050 803/647/1051 
s 556
f 804/648/1052 805/649/1053 806/650/1054 
s 557
f 805/649/1053 807/651/1055 806/650/1054 
s 558
f 805/649/1053 808/652/1056 807/651/1055 
s 559
f 805/649/1053 809/653/1057 808/652/1056 
s 560
f 806/654/1058 810/655/1059 765/656/1060 
s 561
f 806/654/1058 811/657/1061 810/655/1059 
s 562
f 806/654/1058 807/658/1062 811/657/1061 
s 563
f 807/658/1062 812/659/1063 811/657/1061 
s 564
f 807/658/1062 808/660/1064 812/659/1063 
s 565
f 813/659/1065 809/660/1066 805/658/1067 
s 566
f 814/661/1068 815/662/1069 816/663/1070 
s 567
f 817/664/1071 814/665/1072 773/666/1073 
s 568
f 770/667/1074 773/668/1075 814/669/1076 
s 569
f 818/670/1077 819/671/1078 820/662/1079 
s 570
f 801/645/1049 821/646/1080 822/672/1081 
s 571
f 823/647/1082 821/646/1080 801/645/1049 
s 572
f 823/647/1082 810/673/1083 821/646/1080 
s 573
f 824/674/1084 777/675/1085 823/647/1082 
s 574
f 810/673/1083 823/647/1082 777/675/1085 
s 575
f 777/614/1011 765/612/1086 810/676/1087 
s 576
f 825/677/1088 777/675/1085 824/674/1084 
s 577
f 825/677/1088 826/678/1089 777/675/1085 
s 578
f 827/679/1090 823/647/1082 801/645/1049 
s 579
f 828/680/1091 823/647/1082 827/679/1090 
s 580
f 828/680/1091 824/674/1084 823/647/1082 
s 581
f 829/681/1092 824/674/1084 828/680/1091 
s 582
f 772/613/1008 768/615/1093 775/614/1009 
s 583
f 765/612/1086 777/614/1011 776/613/1010 
s 584
f 773/666/1073 771/682/1094 817/664/1071 
s 585
f 830/683/1095 831/669/1096 763/668/1097 
s 586
f 819/664/1098 763/666/1099 831/665/1100 
s 587
f 763/666/1099 819/664/1098 761/682/1101 
s 588
f 818/684/1102 761/682/1101 819/664/1098 
s 589
f 761/682/1101 818/684/1102 762/685/1103 
s 590
f 777/614/1011 826/686/1104 757/615/1012 
s 591
f 775/614/1009 768/615/1093 832/686/1105 
s 592
f 833/687/1106 834/688/1107 835/689/1108 
s 593
f 834/688/1107 836/690/1109 835/689/1108 
s 594
f 834/688/1107 837/691/1110 836/690/1109 
s 595
f 837/691/1110 808/652/1056 836/690/1109 
s 596
f 808/652/1056 809/653/1057 836/690/1109 
s 597
f 835/689/1108 838/692/1111 833/687/1106 
s 598
f 766/609/997 804/693/1112 806/694/1113 
s 599
f 806/694/1113 765/610/998 766/609/997 
s 600
f 772/611/1004 766/609/997 769/603/1001 
s 601
f 759/603/990 776/611/1114 757/601/988 
s 602
f 839/679/1115 803/647/1051 840/680/1116 
s 603
f 841/674/1117 775/675/1118 842/677/1119 
s 604
f 775/614/1009 843/676/1120 766/612/1007 
s 605
f 841/674/1117 803/647/1051 775/675/1118 
s 606
f 843/655/1121 804/654/1122 766/656/1123 
s 607
f 803/647/1051 843/673/1124 775/675/1118 
s 608
f 803/647/1051 802/646/1050 843/673/1124 
s 609
f 591/393/761 844/695/1125 588/389/757 
s 610
f 588/389/757 586/387/755 591/393/761 
s 611
f 845/696/1126 592/697/1127 585/698/1128 
s 612
f 585/698/1128 587/699/1129 845/696/1126 
s 613
f 846/700/1130 845/696/1126 587/699/1129 
s 614
f 587/699/1129 590/391/759 846/700/1130 
s 615
f 589/390/758 846/700/1130 590/391/759 
s 616
f 846/700/1130 589/390/758 847/701/1131 
s 617
f 844/695/1125 847/701/1131 589/390/758 
s 618
f 589/390/758 588/389/757 844/695/1125 
s 619
f 592/394/762 787/622/1023 591/393/761 
s 620
f 787/622/1023 592/394/762 783/618/1019 
s 621
f 787/622/1023 786/621/1022 844/695/1125 
s 622
f 848/702/1132 849/703/1133 578/704/1134 
s 623
f 848/702/1132 850/705/1135 849/703/1133 
s 624
f 851/706/1136 850/705/1135 848/702/1132 
s 625
f 795/633/1034 794/632/1033 851/706/1136 
s 626
f 848/702/1132 795/633/1034 851/706/1136 
s 627
f 794/632/1033 796/635/1036 851/706/1136 
s 628
f 851/706/1136 796/635/1036 661/707/1137 
s 629
f 796/639/1040 576/638/1039 661/708/1138 
s 630
f 852/709/1139 575/376/744 853/710/1140 
s 631
f 575/376/744 574/375/743 853/710/1140 
s 632
f 853/710/1140 574/375/743 854/711/1141 
s 633
f 577/641/1042 855/712/1142 578/704/1134 
s 634
f 856/713/1143 574/375/743 578/379/747 
s 635
f 855/712/1142 795/633/1034 848/702/1132 
s 636
f 643/462/822 638/481/841 644/463/823 
s 637
f 638/714/1144 643/715/1145 629/716/1146 
s 638
f 660/479/839 637/488/848 650/717/1147 
s 639
f 636/718/1148 650/717/1147 637/488/848 
s 640
f 844/695/1125 591/393/761 787/622/1023 
s 641
f 789/626/1027 783/625/1026 592/697/1127 
s 642
f 592/697/1127 845/696/1126 789/626/1027 
s 643
f 791/628/1029 789/626/1027 845/696/1126 
s 644
f 845/696/1126 846/700/1130 791/628/1029 
s 645
f 847/701/1131 791/628/1029 846/700/1130 
s 646
f 791/628/1029 847/701/1131 792/629/1030 
s 647
f 786/621/1022 792/629/1030 847/701/1131 
s 648
f 847/701/1131 844/695/1125 786/621/1022 
s 649
f 783/618/1019 782/617/1018 787/622/1023 
s 650
f 857/719/1149 858/720/1150 854/711/1141 
s 651
f 852/709/1139 853/710/1140 859/721/1151 
s 652
f 860/722/1152 859/721/1151 853/710/1140 
s 653
f 850/705/1135 852/723/1153 859/724/1154 
s 654
f 859/725/1155 861/726/1156 850/727/1157 
s 655
f 849/728/1158 850/727/1157 862/729/1159 
s 656
f 861/726/1156 862/729/1159 850/727/1157 
s 657
f 857/730/1160 849/728/1158 862/729/1159 
s 658
f 581/640/1041 584/731/1161 577/641/1042 
s 659
f 584/731/1161 855/712/1142 577/641/1042 
s 660
f 584/731/1161 583/732/1162 855/712/1142 
s 661
f 583/732/1162 795/633/1034 855/712/1142 
s 662
f 583/732/1162 580/631/1032 795/633/1034 
s 663
f 780/600/1016 863/733/1163 781/597/1017 
s 664
f 863/733/1163 864/734/1164 865/735/1165 
s 665
f 778/597/1015 864/734/1164 863/733/1163 
s 666
f 778/616/1013 751/597/982 864/734/1164 
s 667
f 780/600/1016 778/597/1015 863/733/1163 
s 668
f 866/736/979 867/737/979 868/738/979 
s 669
f 866/736/1165 869/738/1165 867/737/1165 
s 670
f 800/644/1166 744/592/1167 742/593/1168 
s 671
f 744/592/1167 745/594/1169 742/593/1168 
s 672
f 744/592/1167 800/644/1166 798/643/1170 
s 673
f 750/592/1171 797/643/1172 799/644/1173 
s 674
f 749/592/1045 747/594/1174 746/593/1175 
s 675
f 749/592/1045 746/593/1175 799/644/1046 
s 676
f 597/420/1176 602/428/1176 614/418/1176 
s 677
f 645/555/926 647/739/1177 648/467/827 
s 678
f 648/467/827 628/442/802 645/555/926 
s 679
f 748/594/1178 750/592/1171 746/593/1179 
s 680
f 746/593/1179 750/592/1171 799/644/1173 
s 681
f 797/642/1180 750/595/1180 798/643/1170 
s 682
f 750/595/1180 744/592/1167 798/643/1170 
s 683
f 754/600/985 753/599/984 756/597/987 
s 684
f 870/733/1181 871/734/1182 865/735/1165 
s 685
f 756/597/987 871/734/1182 870/733/1181 
s 686
f 754/600/985 756/597/987 870/733/1181 
s 687
f 870/733/1181 864/734/1164 751/597/982 
s 688
f 870/733/1181 865/735/1165 864/734/1164 
s 689
f 754/600/985 870/733/1181 751/597/982 
s 690
f 578/704/1134 855/712/1142 848/702/1132 
s 691
f 853/710/1140 854/711/1141 860/722/1152 
s 692
f 858/720/1150 860/722/1152 854/711/1141 
s 693
f 854/711/1141 856/713/1143 857/719/1149 
s 694
f 849/703/1133 857/740/1183 856/741/1184 
s 695
f 858/742/1185 782/743/1186 784/744/1187 
s 696
f 784/744/1187 860/745/1188 858/742/1185 
s 697
f 858/742/1185 857/730/1160 782/743/1186 
s 698
f 785/746/1189 782/743/1186 857/730/1160 
s 699
f 859/725/1155 784/747/1190 788/748/1191 
s 700
f 784/747/1190 859/725/1155 860/749/1192 
s 701
f 861/726/1156 788/748/1191 790/750/1193 
s 702
f 788/748/1191 861/726/1156 859/725/1155 
s 703
f 862/729/1159 861/726/1156 793/751/1194 
s 704
f 790/750/1193 793/751/1194 861/726/1156 
s 705
f 857/730/1160 862/729/1159 785/746/1189 
s 706
f 793/751/1194 785/746/1189 862/729/1159 
s 707
f 851/706/1136 852/723/1153 850/705/1135 
s 708
f 661/707/1137 852/723/1153 851/706/1136 
s 709
f 575/376/744 852/709/1139 661/487/847 
s 710
f 574/375/743 856/713/1143 854/711/1141 
s 711
f 578/704/1134 849/703/1133 856/741/1184 
s 712
f 781/616/1195 756/597/987 755/598/986 
s 713
f 780/600/1016 781/597/1017 779/599/1014 
s 714
f 781/616/1195 871/734/1182 756/597/987 
s 715
f 863/733/1163 871/734/1182 781/597/1017 
s 716
f 863/733/1163 865/735/1165 871/734/1182 
s 717
f 872/752/1196 873/753/1197 874/754/1198 
s 718
f 874/754/1198 875/755/1199 872/752/1196 
s 719
f 875/755/1199 874/754/1198 876/756/1200 
s 720
f 877/757/1201 878/758/1202 879/759/1203 
s 721
f 879/759/1203 880/760/1204 877/757/1201 
s 722
f 880/760/1204 879/759/1203 881/758/1205 
s 723
f 881/758/1205 882/757/1206 880/760/1204 
s 724
f 882/757/1206 881/758/1205 883/761/1207 
s 725
f 883/761/1207 884/762/1208 882/757/1206 
s 726
f 885/763/1209 886/764/1210 887/765/1211 
s 727
f 888/766/1212 887/765/1211 886/764/1210 
s 728
f 887/765/1211 888/766/1212 889/767/1213 
s 729
f 890/768/1214 889/767/1213 888/766/1212 
s 730
f 889/769/1215 890/770/1216 891/771/1217 
s 731
f 892/772/1218 891/771/1217 890/770/1216 
s 732
f 893/773/1219 894/774/1220 895/775/1221 
s 733
f 895/775/1221 896/755/1222 893/773/1219 
s 734
f 896/755/1222 895/775/1221 897/776/1223 
s 735
f 897/776/1223 898/752/1224 896/755/1222 
s 736
f 898/752/1224 897/776/1223 899/775/1225 
s 737
f 899/775/1225 900/755/1226 898/752/1224 
s 738
f 901/776/1227 902/777/1228 903/778/1229 
s 739
f 902/777/1228 901/776/1227 904/775/1230 
s 740
f 904/775/1230 905/778/1231 902/777/1228 
s 741
f 905/778/1231 904/775/1230 906/774/1232 
s 742
f 906/774/1232 907/779/1233 905/778/1231 
s 743
f 906/774/1232 908/780/1234 909/781/1235 
s 744
f 910/782/1236 911/783/1237 912/784/1238 
s 745
f 913/773/1239 907/779/1233 903/778/1229 
s 746
f 903/778/1229 914/755/1240 913/773/1239 
s 747
f 914/755/1240 903/778/1229 902/777/1228 
s 748
f 902/777/1228 915/752/1241 914/755/1240 
s 749
f 915/752/1241 902/777/1228 905/778/1231 
s 750
f 905/778/1231 916/755/1242 915/752/1241 
s 751
f 916/755/1242 905/778/1231 907/779/1233 
s 752
f 907/779/1233 913/773/1239 916/755/1242 
s 753
f 907/779/1233 906/774/1232 917/775/1243 
s 754
f 917/775/1243 903/778/1229 907/779/1233 
s 755
f 903/778/1229 917/775/1243 901/776/1227 
s 756
f 918/781/1244 904/775/1230 901/776/1227 
s 757
f 904/775/1230 918/781/1244 908/780/1234 
s 758
f 908/780/1234 906/774/1232 904/775/1230 
s 759
f 908/780/1234 919/761/1245 920/758/1246 
s 760
f 920/758/1246 909/781/1235 908/780/1234 
s 761
f 909/781/1235 920/758/1246 921/759/1247 
s 762
f 921/759/1247 922/785/1248 909/781/1235 
s 763
f 922/785/1248 921/759/1247 923/758/1249 
s 764
f 923/758/1249 918/781/1244 922/785/1248 
s 765
f 918/781/1244 923/758/1249 919/761/1245 
s 766
f 919/761/1245 908/780/1234 918/781/1244 
s 767
f 924/773/1250 876/756/1200 925/754/1251 
s 768
f 925/754/1251 926/755/1252 924/773/1250 
s 769
f 926/755/1252 925/754/1251 873/753/1197 
s 770
f 873/753/1197 872/752/1196 926/755/1252 
s 771
f 927/753/1253 928/752/1254 929/754/1255 
s 772
f 930/755/1256 929/754/1255 928/752/1254 
s 773
f 929/754/1257 930/755/1258 931/756/1259 
s 774
f 932/773/1260 931/756/1259 930/755/1258 
s 775
f 933/780/1261 931/756/1259 934/781/1262 
s 776
f 935/754/1263 934/781/1262 931/756/1259 
s 777
f 934/781/1264 935/754/1265 936/785/1266 
s 778
f 927/753/1253 936/785/1266 935/754/1265 
s 779
f 936/785/1266 927/753/1253 937/781/1267 
s 780
f 929/754/1255 937/781/1267 927/753/1253 
s 781
f 937/781/1268 929/754/1257 933/780/1261 
s 782
f 931/756/1259 933/780/1261 929/754/1257 
s 783
f 938/761/1269 933/780/1261 939/758/1270 
s 784
f 934/781/1262 939/758/1270 933/780/1261 
s 785
f 939/758/1271 934/781/1264 940/759/1272 
s 786
f 917/775/1243 909/781/1235 922/785/1248 
s 787
f 922/785/1248 901/776/1227 917/775/1243 
s 788
f 901/776/1227 922/785/1248 918/781/1244 
s 789
f 941/765/1273 942/786/1274 943/787/1275 
s 790
f 943/787/1275 944/767/1276 941/765/1273 
s 791
f 944/769/1277 943/788/1278 912/784/1238 
s 792
f 912/784/1238 945/771/1279 944/769/1277 
s 793
f 945/771/1279 912/784/1238 911/783/1237 
s 794
f 911/783/1237 946/763/1280 945/771/1279 
s 795
f 911/783/1237 910/782/1236 947/789/1281 
s 796
f 947/789/1281 942/786/1274 911/783/1237 
s 797
f 942/786/1274 947/789/1281 948/790/1282 
s 798
f 909/781/1235 917/775/1243 906/774/1232 
s 799
f 949/791/1283 950/773/1284 951/755/1285 
s 800
f 949/791/1283 884/762/1208 877/757/1201 
s 801
f 877/757/1201 952/792/1286 949/791/1283 
s 802
f 952/792/1286 877/757/1201 880/760/1204 
s 803
f 880/760/1204 953/793/1287 952/792/1286 
s 804
f 953/793/1287 880/760/1204 882/757/1206 
s 805
f 882/757/1206 954/792/1288 953/793/1287 
s 806
f 954/792/1288 882/757/1206 884/762/1208 
s 807
f 884/762/1208 949/791/1283 954/792/1288 
s 808
f 884/762/1208 883/761/1207 878/758/1202 
s 809
f 878/758/1202 877/757/1201 884/762/1208 
s 810
f 936/785/1266 940/759/1272 934/781/1264 
s 811
f 940/759/1272 936/785/1266 955/758/1289 
s 812
f 937/781/1267 955/758/1289 936/785/1266 
s 813
f 955/758/1290 937/781/1268 938/761/1269 
s 814
f 933/780/1261 938/761/1269 937/781/1268 
s 815
f 956/764/1291 946/763/1280 941/765/1273 
s 816
f 941/765/1273 957/766/1292 956/764/1291 
s 817
f 957/766/1292 941/765/1273 944/767/1276 
s 818
f 944/767/1276 958/768/1293 957/766/1292 
s 819
f 958/770/1294 944/769/1277 945/771/1279 
s 820
f 945/771/1279 959/772/1295 958/770/1294 
s 821
f 959/772/1295 945/771/1279 946/763/1280 
s 822
f 946/763/1280 956/764/1291 959/772/1295 
s 823
f 946/763/1280 911/783/1237 942/786/1274 
s 824
f 942/786/1274 941/765/1273 946/763/1280 
s 825
f 960/794/1296 961/795/1297 962/796/1298 
s 826
f 963/797/1299 964/798/1300 960/794/1296 
s 827
f 708/799/1301 965/800/1302 704/801/1303 
s 828
f 966/802/1304 716/803/1305 967/804/1306 
s 829
f 965/800/1302 967/804/1306 716/803/1305 
s 830
f 706/540/906 705/542/908 966/802/1304 
s 831
f 716/803/1305 966/802/1304 705/542/908 
s 832
f 968/805/1307 703/806/1308 707/541/907 
s 833
f 707/541/907 706/540/906 963/807/1309 
s 834
f 968/805/1307 709/808/1310 703/806/1308 
s 835
f 707/541/907 963/807/1309 968/805/1307 
s 836
f 712/809/1311 710/810/1312 968/805/1307 
s 837
f 968/805/1307 962/811/1313 712/809/1311 
s 838
f 969/812/1314 970/813/1315 971/814/1316 
s 839
f 972/815/1317 971/814/1316 970/813/1315 
s 840
f 970/813/1315 973/816/1318 972/815/1317 
s 841
f 974/817/1319 972/815/1317 973/816/1318 
s 842
f 975/818/1320 698/530/893 976/819/1321 
s 843
f 700/532/895 976/819/1321 698/530/893 
s 844
f 699/531/894 971/814/1316 701/533/896 
s 845
f 971/814/1316 699/531/894 969/812/1314 
s 846
f 977/820/1322 978/821/1323 979/822/1324 
s 847
f 978/821/1323 977/820/1322 980/823/1325 
s 848
f 981/824/1326 982/825/1327 983/826/1328 
s 849
f 984/827/1329 985/828/1330 986/829/1331 
s 850
f 987/830/1332 986/829/1331 985/828/1330 
s 851
f 986/829/1331 987/830/1332 988/831/1333 
s 852
f 703/537/903 705/539/905 707/832/1334 
s 853
f 710/810/1312 709/808/1310 968/805/1307 
s 854
f 964/833/1335 713/834/1336 712/809/1311 
s 855
f 712/809/1311 962/811/1313 964/833/1335 
s 856
f 989/835/1337 711/836/1337 713/834/1336 
s 857
f 713/834/1336 964/833/1335 989/835/1337 
s 858
f 990/837/1338 714/838/1339 989/839/1340 
s 859
f 711/840/1341 989/839/1340 714/838/1339 
s 860
f 965/800/1302 715/841/1342 714/838/1339 
s 861
f 714/838/1339 990/837/1338 965/800/1302 
s 862
f 715/841/1342 965/800/1302 708/799/1301 
s 863
f 716/803/1305 704/801/1303 965/800/1302 
s 864
f 991/842/1343 992/843/1344 993/844/1345 
s 865
f 706/845/1346 989/846/1347 964/798/1300 
s 866
f 960/794/1296 964/798/1300 961/795/1297 
s 867
f 989/846/1347 994/847/1348 995/848/1349 
s 868
f 962/796/1298 961/795/1297 964/798/1300 
s 869
f 995/848/1349 990/849/1350 989/846/1347 
s 870
f 994/847/1348 965/850/1351 990/849/1350 
s 871
f 990/849/1350 995/848/1349 994/847/1348 
s 872
f 967/851/1352 965/850/1351 994/847/1348 
s 873
f 989/846/1347 967/851/1352 994/847/1348 
s 874
f 989/846/1347 966/852/1353 967/851/1352 
s 875
f 989/846/1347 706/845/1346 966/852/1353 
s 876
f 964/798/1300 963/797/1299 706/845/1346 
s 877
f 960/794/1296 968/853/1354 963/797/1299 
s 878
f 962/796/1298 968/853/1354 960/794/1296 
s 879
f 996/854/1355 997/855/1356 998/856/1357 
s 880
f 998/856/1357 991/842/1343 999/857/1358 
s 881
f 991/842/1343 998/856/1357 1000/858/1359 
s 882
f 992/843/1344 991/842/1343 1000/858/1359 
s 883
f 987/830/1332 998/856/1357 997/855/1356 
s 884
f 998/856/1357 987/830/1332 985/828/1330 
s 885
f 1001/859/1360 979/822/1324 1002/860/1361 
s 886
f 979/822/1324 1001/859/1360 977/820/1322 
s 887
f 1002/860/1361 987/830/1332 997/855/1356 
s 888
f 987/830/1332 1002/860/1361 979/822/1324 
s 889
f 1000/858/1359 981/861/1362 992/843/1344 
s 890
f 981/861/1362 1000/858/1359 984/827/1329 
s 891
f 992/862/1363 983/826/1328 1003/863/1364 
s 892
f 983/826/1328 992/862/1363 981/824/1326 
s 893
f 1004/864/1365 1005/865/1366 1001/859/1360 
s 894
f 984/827/1329 986/829/1331 1006/866/1367 
s 895
f 1007/867/1368 986/829/1331 988/831/1333 
s 896
f 1008/868/1369 982/825/1327 1009/869/1370 
s 897
f 982/825/1327 1008/868/1369 983/826/1328 
s 898
f 1008/868/1369 980/823/1325 977/820/1322 
s 899
f 980/823/1325 1008/868/1369 1009/869/1370 
s 900
f 876/756/1200 924/773/1250 875/755/1199 
s 901
f 876/756/1200 1010/780/1371 1011/781/1372 
s 902
f 948/790/1282 943/787/1275 942/786/1274 
s 903
f 943/788/1278 948/870/1373 1012/871/1374 
s 904
f 1012/871/1374 912/784/1238 943/788/1278 
s 905
f 912/784/1238 1012/871/1374 910/782/1236 
s 906
f 988/831/1333 979/822/1324 978/821/1323 
s 907
f 979/822/1324 988/831/1333 987/830/1332 
s 908
f 985/828/1330 1000/858/1359 998/856/1357 
s 909
f 1000/858/1359 985/828/1330 984/827/1329 
s 910
f 1013/872/1375 1009/869/1370 982/825/1327 
s 911
f 1014/873/1376 1013/872/1375 1015/874/1377 
s 912
f 1013/872/1375 1014/873/1376 1009/869/1370 
s 913
f 999/857/1358 1016/875/1378 996/854/1355 
s 914
f 1017/876/1379 1016/875/1378 999/857/1358 
s 915
f 971/814/1316 972/815/1317 1018/877/1380 
s 916
f 1019/878/1381 1018/877/1380 972/815/1317 
s 917
f 972/815/1317 974/817/1319 1019/878/1381 
s 918
f 1018/877/1380 701/533/896 971/814/1316 
s 919
f 992/862/1363 1003/863/1364 993/879/1382 
s 920
f 1020/880/1383 1021/881/1384 1003/863/1364 
s 921
f 1022/882/1385 1020/880/1383 1001/859/1360 
s 922
f 977/820/1322 1001/859/1360 1020/880/1383 
s 923
f 1020/880/1383 1008/868/1369 977/820/1322 
s 924
f 983/826/1328 1020/880/1383 1003/863/1364 
s 925
f 1020/880/1383 983/826/1328 1008/868/1369 
s 926
f 1022/882/1385 1023/883/1386 1020/880/1383 
s 927
f 1020/880/1383 1023/883/1386 1021/881/1384 
s 928
f 1022/882/1385 1001/859/1360 1005/865/1366 
s 929
f 1002/860/1361 1004/864/1365 1001/859/1360 
s 930
f 1024/884/1387 1002/860/1361 997/855/1356 
s 931
f 996/854/1355 1024/884/1387 997/855/1356 
s 932
f 998/856/1357 999/857/1358 996/854/1355 
s 933
f 1025/885/1388 1026/886/1389 1027/887/1390 
s 934
f 1028/888/1391 1029/889/1392 1030/890/1393 
s 935
f 1027/887/1390 1031/891/1394 1032/892/1395 
s 936
f 1032/892/1395 1033/893/1396 1027/887/1390 
s 937
f 1026/886/1389 1034/894/1397 1031/891/1394 
s 938
f 1031/891/1394 1027/887/1390 1026/886/1389 
s 939
f 1030/890/1393 1035/895/1398 1036/896/1399 
s 940
f 1036/896/1399 1028/888/1391 1030/890/1393 
s 941
f 1037/897/1400 1038/898/1401 1035/899/1402 
s 942
f 1035/899/1402 1030/900/1403 1037/897/1400 
s 943
f 1017/901/1404 999/902/1405 1039/903/1406 
s 944
f 999/902/1405 1040/904/1407 1039/903/1406 
s 945
f 1041/905/1408 1040/904/1407 1042/906/1409 
s 946
f 1042/906/1409 1043/907/1410 1041/905/1408 
s 947
f 1044/908/1411 1043/907/1410 1042/906/1409 
s 948
f 1045/909/1412 1046/910/1413 689/519/880 
s 949
f 723/910/1414 724/911/1415 1047/912/1416 
s 950
f 1048/913/1417 1047/912/1416 724/911/1415 
s 951
f 727/914/1418 723/910/1414 1049/915/1419 
s 952
f 1047/912/1416 1049/915/1419 723/910/1414 
s 953
f 1050/912/1420 1046/910/1413 1049/915/1419 
s 954
f 727/914/1418 1049/915/1419 1046/910/1413 
s 955
f 1051/913/1421 1052/911/1422 1050/912/1420 
s 956
f 1046/910/1413 1050/912/1420 1052/911/1422 
s 957
f 725/519/1423 726/909/1424 690/517/881 
s 958
f 691/518/882 690/517/881 726/909/1424 
s 959
f 726/909/1424 1053/916/1425 691/518/882 
s 960
f 1054/917/1426 1055/918/1426 1056/919/1426 
s 961
f 1057/920/1427 1058/921/1427 1059/922/1427 
s 962
f 1060/923/1428 1059/922/1428 1058/921/1428 
s 963
f 1061/924/1429 1062/925/1429 1054/917/1429 
s 964
f 1063/926/1430 1058/927/1430 1064/928/1430 
s 965
f 1058/927/1431 1063/926/1431 1060/929/1431 
s 966
f 1064/928/1432 1065/930/1432 1063/926/1432 
s 967
f 1042/906/1409 1066/931/1433 1044/908/1411 
s 968
f 1067/932/1434 1068/933/1435 1069/934/1436 
s 969
f 1069/934/1436 1070/935/1437 1067/932/1434 
s 970
f 1030/900/1403 1071/936/1438 1037/897/1400 
s 971
f 1029/889/1392 1072/937/1439 1073/938/1440 
s 972
f 1074/939/1441 1073/938/1440 1072/937/1439 
s 973
f 1072/937/1439 1025/885/1388 1074/939/1441 
s 974
f 1025/885/1388 1069/934/1436 1068/933/1435 
s 975
f 1068/933/1435 1074/939/1441 1025/885/1388 
s 976
f 1073/938/1440 1041/905/1408 1043/907/1410 
s 977
f 1043/907/1410 1029/889/1392 1073/938/1440 
s 978
f 1074/939/1441 1075/940/1442 1041/905/1408 
s 979
f 1041/905/1408 1073/938/1440 1074/939/1441 
s 980
f 1076/941/1443 1077/942/1444 1068/933/1435 
s 981
f 1068/933/1435 1067/932/1434 1076/941/1443 
s 982
f 1077/942/1444 1075/940/1442 1074/939/1441 
s 983
f 1074/939/1441 1068/933/1435 1077/942/1444 
s 984
f 1043/907/1410 1044/908/1411 1030/890/1393 
s 985
f 1069/934/1436 1027/887/1390 1033/893/1396 
s 986
f 1027/887/1390 1069/934/1436 1025/885/1388 
s 987
f 1015/874/1377 1013/872/1375 969/812/1314 
s 988
f 970/813/1315 969/812/1314 1013/872/1375 
s 989
f 1078/943/1445 1079/944/1446 970/813/1315 
s 990
f 973/816/1318 970/813/1315 1079/944/1446 
s 991
f 1080/945/1447 698/530/893 975/818/1320 
s 992
f 698/530/893 1080/945/1447 1081/946/1448 
s 993
f 1082/947/1449 1080/945/1447 975/818/1320 
s 994
f 1083/948/1450 1015/874/1377 699/531/894 
s 995
f 969/812/1314 699/531/894 1015/874/1377 
s 996
f 1081/946/1448 1083/948/1450 698/530/893 
s 997
f 699/531/894 698/530/893 1083/948/1450 
s 998
f 1079/949/1451 1082/947/1449 973/950/1452 
s 999
f 975/818/1320 973/950/1452 1082/947/1449 
s 1000
f 1009/869/1370 1014/873/1376 980/823/1325 
s 1001
f 982/825/1327 1078/943/1445 1013/872/1375 
s 1002
f 726/571/951 725/570/950 690/951/1453 
s 1003
f 690/951/1453 691/952/1454 726/571/951 
s 1004
f 1053/953/1455 726/571/951 691/952/1454 
s 1005
f 691/952/1454 694/525/888 1053/953/1455 
s 1006
f 1045/954/1456 1053/953/1455 694/525/888 
s 1007
f 694/525/888 688/524/887 1045/954/1456 
s 1008
f 689/955/1457 1045/954/1456 688/524/887 
s 1009
f 688/524/887 687/528/891 689/955/1457 
s 1010
f 691/952/1454 690/951/1453 692/956/1458 
s 1011
f 692/956/1458 693/957/1459 691/952/1454 
s 1012
f 694/525/888 691/952/1454 693/957/1459 
s 1013
f 693/957/1459 695/526/889 694/525/888 
s 1014
f 694/522/885 691/518/882 1053/916/1425 
s 1015
f 1053/916/1425 1045/909/1412 694/522/885 
s 1016
f 688/518/879 694/522/885 1045/909/1412 
s 1017
f 1045/909/1412 689/519/880 688/518/879 
s 1018
f 1052/958/1460 1051/959/1461 1050/960/1462 
s 1019
f 1050/960/1462 1046/961/1463 1052/958/1460 
s 1020
f 726/571/951 1053/953/1455 727/572/952 
s 1021
f 1045/954/1456 1046/961/1463 727/572/952 
s 1022
f 727/572/952 1053/953/1455 1045/954/1456 
s 1023
f 689/955/1457 1052/958/1460 1046/961/1463 
s 1024
f 1046/961/1463 1045/954/1464 689/955/1464 
s 1025
f 724/569/949 723/568/948 1047/962/1465 
s 1026
f 1047/962/1465 1048/963/1466 724/569/949 
s 1027
f 723/568/948 727/572/952 1049/964/1467 
s 1028
f 1049/964/1467 1047/962/1465 723/568/948 
s 1029
f 1046/961/1463 1050/960/1462 1049/964/1467 
s 1030
f 1049/964/1467 727/572/952 1046/961/1463 
s 1031
f 724/911/1415 723/910/1414 725/519/1423 
s 1032
f 726/909/1424 725/519/1423 723/910/1414 
s 1033
f 723/910/1414 727/914/1418 726/909/1424 
s 1034
f 1053/916/1425 726/909/1424 727/914/1418 
s 1035
f 1046/910/1413 1045/909/1412 727/914/1418 
s 1036
f 1053/916/1425 727/914/1418 1045/909/1412 
s 1037
f 1052/911/1422 689/519/880 1046/910/1413 
s 1038
f 973/950/1452 976/819/1468 974/965/1469 
s 1039
f 976/819/1468 973/950/1452 975/818/1320 
s 1040
f 1013/872/1375 1078/943/1445 970/813/1315 
s 1041
f 1044/966/1470 1084/967/1471 1071/936/1438 
s 1042
f 1085/968/1472 1086/969/1472 1087/968/1472 
s 1043
f 1087/970/1473 1088/971/1473 1085/970/1473 
s 1044
f 1088/971/1474 1087/970/1474 1089/971/1474 
s 1045
f 1062/925/1475 1090/969/1475 1091/925/1475 
s 1046
f 1086/969/1475 1091/925/1475 1090/969/1475 
s 1047
f 1055/918/1476 1054/917/1476 1092/918/1476 
s 1048
f 1093/917/1476 1092/918/1476 1054/917/1476 
s 1049
f 1055/918/1477 1089/971/1477 1065/930/1477 
s 1050
f 1090/969/1478 1059/922/1478 1087/968/1478 
s 1051
f 1060/923/1479 1087/968/1479 1059/922/1479 
s 1052
f 1060/929/1480 1063/926/1480 1089/971/1480 
s 1053
f 1089/971/1481 1087/970/1481 1060/929/1481 
s 1054
f 1063/926/1482 1065/930/1482 1089/971/1482 
s 1055
f 1059/922/1483 1090/969/1483 1057/920/1483 
s 1056
f 1090/969/1484 1062/925/1484 1094/972/1484 
s 1057
f 1094/972/1485 1057/920/1485 1090/969/1485 
s 1058
f 1095/973/1486 740/585/965 737/582/962 
s 1059
f 1096/974/1487 684/514/875 681/508/870 
s 1060
f 681/508/870 1095/973/1486 1096/974/1487 
s 1061
f 678/975/1488 1097/976/1489 1098/977/1490 
s 1062
f 1098/977/1490 679/978/1491 678/975/1488 
s 1063
f 1097/976/1489 730/979/1492 729/980/1493 
s 1064
f 729/980/1493 1098/977/1490 1097/976/1489 
s 1065
f 678/511/873 684/535/969 1096/981/1494 
s 1066
f 1096/981/1494 1097/982/1495 678/511/873 
s 1067
f 1097/982/1495 1096/981/1494 737/590/1496 
s 1068
f 1099/759/1497 1100/785/1498 1101/758/1499 
s 1069
f 1102/781/1500 1101/758/1499 1100/785/1498 
s 1070
f 1101/758/1499 1102/781/1500 1103/761/1501 
s 1071
f 1104/780/1502 1103/761/1501 1102/781/1500 
s 1072
f 931/756/1503 932/773/1504 935/754/1505 
s 1073
f 1105/755/1506 935/754/1505 932/773/1504 
s 1074
f 935/754/1265 1105/755/1507 927/753/1253 
s 1075
f 928/752/1254 927/753/1253 1105/755/1507 
s 1076
f 1061/924/1508 1094/972/1508 1062/925/1508 
s 1077
f 1106/983/1509 1107/984/1509 1108/985/1509 
s 1078
f 1108/985/1510 1109/986/1510 1106/983/1510 
s 1079
f 1107/984/1511 1110/987/1511 1111/988/1511 
s 1080
f 1111/988/1512 1108/985/1512 1107/984/1512 
s 1081
f 1110/987/1513 1112/989/1513 1113/990/1513 
s 1082
f 1113/990/1514 1111/988/1514 1110/987/1514 
s 1083
f 1022/991/1515 1114/992/1515 1115/993/1516 
s 1084
f 1023/994/1516 1115/993/1516 1116/995/1517 
s 1085
f 1116/996/1518 1084/997/1519 1003/998/1519 
s 1086
f 1114/992/1515 1022/991/1515 1005/999/1520 
s 1087
f 991/1000/1521 1042/906/1409 1040/904/1407 
s 1088
f 1084/997/1519 1066/931/1433 993/1001/1522 
s 1089
f 1066/931/1433 1042/906/1409 991/1000/1521 
s 1090
f 1115/993/1516 1023/994/1516 1022/991/1515 
s 1091
f 1116/995/1517 1021/1002/1517 1023/994/1516 
s 1092
f 1003/998/1519 1021/1003/1518 1116/996/1518 
s 1093
f 1005/999/1520 1117/1004/1520 1114/992/1515 
s 1094
f 1030/890/1393 1029/889/1392 1043/907/1410 
s 1095
f 1118/1005/1523 1119/1006/1523 1064/928/1523 
s 1096
f 1120/407/1524 1121/1007/1524 1122/1007/1524 
s 1097
f 1123/1008/1525 1124/1009/1525 1122/1009/1525 
s 1098
f 1123/1010/1526 1122/1007/1526 1121/1007/1526 
s 1099
f 1124/1009/1527 1125/415/1527 1122/415/1527 
s 1100
f 1125/415/1528 601/404/1528 1122/404/1528 
s 1101
f 601/404/1528 1125/415/1528 612/415/1528 
s 1102
f 1071/936/1438 1030/900/1403 1044/966/1470 
s 1103
f 1126/1011/1529 1076/941/1443 1117/1012/1530 
s 1104
f 1029/889/1392 1028/888/1391 1072/937/1439 
s 1105
f 1026/886/1389 1025/885/1388 1072/937/1439 
s 1106
f 1072/937/1439 1127/1013/1531 1034/894/1397 
s 1107
f 1034/894/1397 1026/886/1389 1072/937/1439 
s 1108
f 1028/888/1391 1036/896/1399 1127/1013/1531 
s 1109
f 1127/1013/1531 1072/937/1439 1028/888/1391 
s 1110
f 1033/893/1396 1070/935/1437 1069/934/1436 
s 1111
f 615/423/1532 605/408/1532 612/415/1532 
s 1112
f 606/409/1533 608/566/1533 593/395/1533 
s 1113
f 599/401/1534 593/395/1534 608/566/1534 
s 1114
f 607/410/1535 606/409/1535 595/397/1535 
s 1115
f 1128/1014/1536 1129/1015/1536 1054/917/1536 
s 1116
f 1119/1016/1537 1118/1017/1537 1129/1015/1537 
s 1117
f 1055/918/1538 1065/930/1538 1056/919/1538 
s 1118
f 1061/924/1539 1054/917/1539 1129/1015/1539 
s 1119
f 1129/1015/1540 1118/1017/1540 1061/924/1540 
s 1120
f 1110/987/1541 1107/984/1541 1106/1018/1541 
s 1121
f 1106/1018/1542 1112/1019/1542 1110/987/1542 
s 1122
f 737/590/1496 730/586/1543 1097/982/1495 
s 1123
f 679/511/898 1098/982/1544 1095/981/1545 
s 1124
f 1095/981/1545 681/535/899 679/511/898 
s 1125
f 1098/982/1544 729/586/966 740/590/968 
s 1126
f 740/590/968 1095/981/1545 1098/982/1544 
s 1127
f 730/586/1543 734/588/1546 731/587/1547 
s 1128
f 730/586/1543 736/589/1548 734/588/1546 
s 1129
f 730/586/1543 737/590/1496 736/589/1548 
s 1130
f 1040/904/1407 999/902/1405 991/1000/1521 
s 1131
f 993/1001/1522 1003/998/1519 1084/997/1519 
s 1132
f 991/1000/1521 993/1001/1522 1066/931/1433 
s 1133
f 1088/971/1549 1092/918/1549 1093/971/1549 
s 1134
f 1086/969/1550 1085/968/1550 1093/969/1550 
s 1135
f 1093/971/1551 1085/970/1551 1088/971/1551 
s 1136
f 1091/925/1552 1086/969/1552 1093/925/1552 
s 1137
f 1054/917/1553 1091/925/1553 1093/917/1553 
s 1138
f 1091/925/1553 1054/917/1553 1062/925/1553 
s 1139
f 1089/971/1554 1092/918/1554 1088/971/1554 
s 1140
f 1092/918/1554 1089/971/1554 1055/918/1554 
s 1141
f 1090/969/1555 1087/968/1555 1086/969/1555 
s 1142
f 1130/1020/1556 667/494/856 673/500/862 
s 1143
f 1130/1020/1556 668/495/857 667/494/856 
s 1144
f 674/501/863 1130/1020/1556 673/500/862 
s 1145
f 728/573/953 731/576/956 733/578/958 
s 1146
f 735/580/960 732/577/957 733/578/958 
s 1147
f 737/582/962 1096/974/1487 1095/973/1486 
s 1148
f 1065/930/1557 1064/928/1557 1119/1006/1557 
s 1149
f 1119/1006/1558 1113/1021/1558 1056/919/1558 
s 1150
f 1057/920/1559 1094/972/1559 1131/1022/1559 
s 1151
f 1132/1023/1560 1133/1024/1560 1064/928/1560 
s 1152
f 1064/928/1561 1058/927/1561 1132/1023/1561 
s 1154
f 1134/1025/1562 1135/1026/1562 1136/1027/1562 
s 1155
f 1136/1028/1563 1135/1029/1563 1132/1030/1563 
s 1156
f 1132/1030/1564 1137/1031/1564 1136/1028/1564 
s 1157
f 1057/920/1565 1137/1031/1565 1058/921/1565 
s 1158
f 1132/1030/1566 1058/921/1566 1137/1031/1566 
s 1159
f 1128/1014/1567 1054/917/1567 1056/919/1567 
s 1160
f 1112/1032/1568 1106/983/1568 1109/986/1568 
s 1161
f 1109/986/1569 1113/1021/1569 1112/1032/1569 
s 1162
f 1056/919/1570 1108/985/1570 1128/1014/1570 
s 1163
f 1108/985/1571 1056/919/1571 1109/986/1571 
s 1164
f 1129/1015/1572 1108/985/1572 1111/988/1572 
s 1165
f 1108/985/1573 1129/1015/1573 1128/1014/1573 
s 1166
f 1138/1033/1574 1139/1034/1575 1140/1035/1576 
s 1167
f 1138/1033/1574 1141/1036/1577 1139/1034/1575 
s 1168
f 1142/1037/1578 1139/1034/1575 1141/1036/1577 
s 1169
f 1143/1038/1579 1140/1035/1576 1139/1034/1575 
s 1170
f 1144/1039/1580 1094/972/1580 1145/1040/1580 
s 1171
f 1144/1041/1581 1146/1042/1581 1118/1005/1581 
s 1172
f 1118/1005/1582 1064/928/1582 1144/1041/1582 
s 1174
f 1147/1043/1583 1148/1044/1583 1149/1045/1583 
s 1175
f 1134/1046/1584 1150/1047/1584 1131/1022/1584 
s 1176
f 1131/1022/1585 1133/1048/1585 1134/1046/1585 
s 1177
f 1151/1049/1586 1152/1050/1587 1153/1051/1588 
s 1178
f 1154/1052/1589 1155/1053/1589 1156/1054/1589 
s 1179
f 1155/1053/1590 1157/1055/1590 1156/1054/1590 
s 1180
f 1158/1056/1591 1157/1055/1591 1155/1053/1591 
s 1181
f 1159/1057/1592 1160/1058/1593 1161/1059/1594 
s 1182
f 1162/1060/1595 1160/1058/1593 1163/1061/1596 
s 1183
f 1163/1061/1596 1164/1062/1597 1162/1060/1595 
s 1184
f 1160/1058/1593 1159/1057/1592 1165/1063/1598 
s 1185
f 1165/1063/1598 1163/1061/1596 1160/1058/1593 
s 1186
f 1166/1064/1599 1167/1065/1600 1168/1066/1601 
s 1187
f 1169/1067/1602 1170/1068/1603 1171/1069/1604 
s 1188
f 1171/1070/1605 1172/1071/1606 1169/1068/1607 
s 1189
f 1173/1072/1608 1169/1073/1609 1172/1074/1610 
s 1190
f 1172/1074/1610 1174/1075/1611 1173/1072/1608 
s 1191
f 1159/1076/1612 1173/1072/1608 1174/1075/1611 
s 1192
f 1175/1077/1613 1176/1078/1614 1177/1079/1615 
s 1193
f 1178/1080/1616 1179/1081/1617 1180/1082/1618 
s 1194
f 1181/1083/1619 1179/1081/1617 1182/1084/1620 
s 1195
f 1175/1077/1613 1182/1084/1620 1179/1081/1617 
s 1196
f 1182/1084/1620 1175/1077/1613 1183/1085/1621 
s 1197
f 1177/1079/1615 1183/1085/1621 1175/1077/1613 
s 1198
f 1040/904/1407 1164/1086/1622 1184/1087/1623 
s 1199
f 1039/903/1406 1040/904/1407 1184/1087/1623 
s 1200
f 1179/1081/1617 1178/1080/1616 1175/1077/1613 
s 1201
f 1176/1078/1614 1175/1077/1613 1178/1080/1616 
s 1202
f 1133/1024/1624 1132/1023/1624 1135/1026/1624 
s 1203
f 1131/1022/1625 1137/1031/1625 1057/920/1625 
s 1204
f 1147/1088/1626 1185/1089/1626 1186/1090/1626 
s 1205
f 1186/1090/1627 1146/1091/1627 1147/1088/1627 
s 1207
f 1145/1040/1628 1186/1090/1628 1185/1089/1628 
s 1208
f 1145/1040/1629 1148/1092/1629 1144/1039/1629 
s 1209
f 1148/1092/1630 1145/1040/1630 1149/1093/1630 
s 1210
f 1148/1044/1631 1147/1043/1631 1146/1042/1631 
s 1211
f 1146/1042/1632 1144/1041/1632 1148/1044/1632 
s 1212
f 1146/1091/1633 1186/1090/1633 1061/924/1633 
s 1213
f 1061/924/1634 1118/1017/1634 1146/1091/1634 
s 1214
f 1186/1090/1635 1145/1040/1635 1094/972/1635 
s 1215
f 1094/972/1636 1061/924/1636 1186/1090/1636 
s 1216
f 1094/972/1637 1144/1039/1637 1064/1094/1637 
s 1217
f 1120/407/1638 1187/1007/1638 1121/1007/1638 
s 1218
f 1015/874/1377 1188/1095/1639 1014/873/1376 
s 1219
f 1007/867/1368 1083/948/1450 1081/946/1448 
s 1220
f 1083/948/1450 1007/867/1368 1188/1095/1639 
s 1221
f 981/861/1362 1082/947/1449 1079/949/1451 
s 1222
f 1082/947/1449 981/861/1362 1006/866/1367 
s 1223
f 982/825/1327 1079/944/1446 1078/943/1445 
s 1224
f 1079/944/1446 982/825/1327 981/824/1326 
s 1225
f 1189/1096/1640 1190/1097/1641 1191/1098/1642 
s 1226
f 1192/1099/1643 1193/1100/1644 1191/1101/1645 
s 1227
f 1190/1097/1641 1189/1096/1640 1194/1096/1646 
s 1228
f 1194/1096/1646 1195/1097/1647 1190/1097/1641 
s 1229
f 1194/1096/1646 1196/1102/1648 1195/1097/1647 
s 1230
f 1197/1103/1649 1198/1104/1650 1199/1105/1650 
s 1231
f 1133/1048/1651 1131/1022/1651 1094/972/1651 
s 1232
f 1094/972/1652 1064/1094/1652 1133/1048/1652 
s 1233
f 1150/1047/1653 1136/1028/1653 1137/1031/1653 
s 1234
f 1137/1031/1654 1131/1022/1654 1150/1047/1654 
s 1235
f 1135/1026/1655 1134/1025/1655 1133/1024/1655 
s 1236
f 1187/1007/1638 1120/407/1638 604/407/1638 
s 1237
f 1200/1008/1656 1201/1009/1656 1124/1009/1656 
s 1238
f 1124/1009/1657 1123/1008/1657 1200/1008/1657 
s 1239
f 1121/1007/1658 1200/1010/1658 1123/1010/1658 
s 1240
f 1200/1010/1659 1121/1007/1659 1187/1007/1659 
s 1241
f 1201/1009/1660 612/415/1660 1125/415/1660 
s 1242
f 1125/415/1660 1124/1009/1660 1201/1009/1660 
s 1243
f 601/404/1661 604/407/1661 1120/407/1661 
s 1244
f 1120/407/1662 1122/404/1662 601/404/1662 
s 1245
f 1187/1007/1663 604/407/1663 603/406/1663 
s 1246
f 610/413/1664 1201/1009/1664 1200/1008/1664 
s 1247
f 1200/1008/1665 611/414/1665 610/413/1665 
s 1248
f 613/417/1666 611/419/1666 1187/1007/1666 
s 1249
f 1200/1010/1667 1187/1007/1667 611/419/1667 
s 1250
f 603/406/1668 613/417/1668 1187/1007/1668 
s 1251
f 1201/1009/1669 610/413/1669 572/373/1669 
s 1252
f 612/415/1670 1201/1009/1670 615/423/1670 
s 1253
f 572/373/1671 615/423/1671 1201/1009/1671 
s 1254
f 1129/1015/1672 1111/988/1672 1119/1016/1672 
s 1255
f 1113/990/1673 1119/1016/1673 1111/988/1673 
s 1256
f 1113/1021/1674 1109/986/1674 1056/919/1674 
s 1257
f 1056/919/1675 1065/930/1675 1119/1006/1675 
s 1258
f 1070/935/1437 1202/1106/1676 1203/1107/1677 
s 1259
f 1044/966/1470 1066/1108/1678 1084/967/1471 
s 1260
f 1204/1109/1679 1084/967/1471 1116/1110/1680 
s 1261
f 1114/1111/1681 1076/941/1443 1204/1109/1679 
s 1262
f 1067/932/1434 1204/1109/1679 1076/941/1443 
s 1263
f 1204/1109/1679 1067/932/1434 1203/1107/1677 
s 1264
f 1071/936/1438 1084/967/1471 1204/1109/1679 
s 1265
f 1204/1109/1679 1203/1107/1677 1071/936/1438 
s 1266
f 1114/1111/1681 1204/1109/1679 1115/1112/1682 
s 1267
f 1204/1109/1679 1116/1110/1680 1115/1112/1682 
s 1268
f 1114/1111/1681 1117/1012/1530 1076/941/1443 
s 1269
f 1077/942/1444 1076/941/1443 1126/1011/1529 
s 1270
f 1162/1113/1683 1075/940/1442 1077/942/1444 
s 1271
f 1164/1086/1622 1075/940/1442 1162/1113/1683 
s 1272
f 1041/905/1408 1164/1086/1622 1040/904/1407 
s 1273
f 1164/1086/1622 1041/905/1408 1075/940/1442 
s 1274
f 1205/1114/1684 1206/1115/1685 1207/1116/1686 
s 1275
f 1208/1117/1687 1207/1116/1686 1206/1115/1685 
s 1276
f 1037/897/1400 1209/1118/1688 1038/898/1401 
s 1277
f 1209/1118/1688 1037/897/1400 1202/1106/1676 
s 1278
f 1033/893/1396 1032/892/1395 1209/1118/1688 
s 1279
f 1209/1118/1688 1202/1106/1676 1033/893/1396 
s 1280
f 1203/1107/1677 1202/1106/1676 1037/897/1400 
s 1281
f 1037/897/1400 1071/936/1438 1203/1107/1677 
s 1282
f 1203/1107/1677 1067/932/1434 1070/935/1437 
s 1283
f 1035/895/1398 1183/1119/1689 1036/896/1399 
s 1284
f 1205/1114/1684 1036/896/1399 1183/1119/1689 
s 1285
f 1210/1120/1690 1211/1121/1691 1212/1122/1692 
s 1286
f 1212/1122/1692 1213/1123/1693 1210/1120/1690 
s 1287
f 1214/1124/1694 1215/1125/1695 1216/1126/1696 
s 1288
f 1217/1127/1697 1215/1125/1695 1214/1124/1694 
s 1289
f 1218/1128/1698 1219/1129/1699 1220/1130/1700 
s 1290
f 1221/1131/1701 1222/1132/1702 1223/1133/1703 
s 1291
f 1214/1124/1694 1222/1132/1702 1221/1131/1701 
s 1292
f 1214/1124/1694 1216/1126/1696 1222/1132/1702 
s 1293
f 1224/1134/1704 1214/1124/1694 1221/1131/1701 
s 1294
f 1225/1135/1705 1220/1130/1700 1219/1129/1699 
s 1295
f 1226/1136/1706 1216/1126/1696 1215/1125/1695 
s 1296
f 1225/1135/1705 1226/1136/1706 1220/1130/1700 
s 1297
f 1226/1136/1706 1222/1132/1702 1216/1126/1696 
s 1298
f 1227/1137/1707 1222/1132/1702 1226/1136/1706 
s 1299
f 1227/1137/1707 1223/1133/1703 1222/1132/1702 
s 1300
f 1225/1135/1705 1227/1137/1707 1226/1136/1706 
s 1301
f 1228/1138/1708 1229/1123/1709 1230/1120/1710 
s 1302
f 1228/1138/1708 1231/1139/1711 1229/1123/1709 
s 1303
f 1230/1120/1710 1232/1122/1712 1233/1121/1713 
s 1304
f 1232/1122/1712 1230/1120/1710 1229/1123/1709 
s 1305
f 1229/1123/1709 1231/1139/1711 1232/1122/1712 
s 1306
f 1233/1121/1713 1232/1122/1712 1234/1140/1714 
s 1307
f 1235/1141/1715 1234/1140/1714 1232/1122/1712 
s 1308
f 1232/1122/1712 1236/1142/1716 1235/1141/1715 
s 1309
f 1236/1142/1716 1232/1122/1712 1231/1139/1711 
s 1310
f 1237/1138/1717 1210/1120/1690 1213/1123/1693 
s 1311
f 1237/1138/1717 1213/1123/1693 1238/1139/1718 
s 1312
f 1127/1013/1531 1205/1114/1684 1207/1116/1686 
s 1313
f 1207/1116/1686 1034/894/1397 1127/1013/1531 
s 1314
f 1036/896/1399 1205/1114/1684 1127/1013/1531 
s 1315
f 1031/891/1394 1239/1143/1719 1032/892/1395 
s 1316
f 1181/1083/1619 1032/892/1395 1239/1143/1719 
s 1317
f 1034/894/1397 1207/1116/1686 1031/891/1394 
s 1318
f 1239/1143/1719 1031/891/1394 1207/1116/1686 
s 1319
f 1174/1075/1611 1168/1066/1601 1159/1076/1612 
s 1320
f 1165/1063/1598 1159/1076/1612 1168/1066/1601 
s 1321
f 1168/1066/1601 1167/1065/1600 1165/1063/1598 
s 1322
f 1240/1144/1720 1241/1145/1721 1242/1146/1722 
s 1323
f 1242/1146/1722 1117/1147/1723 1240/1144/1720 
s 1324
f 1241/1145/1721 1170/1067/1724 1169/1068/1607 
s 1325
f 1169/1068/1607 1242/1146/1722 1241/1145/1721 
s 1326
f 1117/1147/1723 1242/1146/1722 1243/1148/1725 
s 1327
f 1243/1148/1725 1126/1149/1726 1117/1147/1723 
s 1328
f 1169/1068/1607 1243/1148/1725 1242/1146/1722 
s 1329
f 1126/1150/1727 1243/1151/1728 1161/1059/1594 
s 1330
f 1161/1059/1594 1077/1152/1729 1126/1150/1727 
s 1331
f 1243/1151/1728 1169/1073/1609 1173/1153/1730 
s 1332
f 1173/1153/1730 1161/1059/1594 1243/1151/1728 
s 1333
f 1077/1152/1729 1161/1059/1594 1160/1058/1593 
s 1334
f 1160/1058/1593 1162/1060/1595 1077/1152/1729 
s 1335
f 1161/1059/1594 1173/1153/1730 1159/1057/1592 
s 1336
f 1153/1051/1588 1244/1154/1731 1151/1049/1586 
s 1337
f 1245/1155/1732 1151/1049/1586 1244/1154/1731 
s 1338
f 1152/1050/1587 1151/1049/1586 1246/1156/1733 
s 1339
f 1202/1106/1676 1070/935/1437 1033/893/1396 
s 1340
f 1197/1103/1649 1247/1157/1734 1198/1104/1650 
s 1341
f 1197/1103/1649 1248/1158/1735 1247/1157/1734 
s 1342
f 1248/1158/1735 1197/1103/1649 1196/1102/1648 
s 1343
f 1196/1102/1648 1194/1096/1646 1248/1158/1735 
s 1344
f 1189/1096/1640 1191/1098/1642 1249/1159/1736 
s 1345
f 1191/1098/1642 1190/1097/1641 1192/1160/1737 
s 1346
f 1195/1161/1738 1196/1162/1739 1138/1163/1740 
s 1347
f 1199/1164/1741 1143/1165/1742 1197/1166/1743 
s 1348
f 1141/1167/1744 1197/1166/1743 1143/1165/1742 
s 1349
f 1198/1168/1745 1250/1169/1745 1199/1164/1741 
s 1350
f 1143/1165/1742 1199/1164/1741 1250/1169/1745 
s 1351
f 1247/1170/1746 1251/1171/1747 1250/1172/1748 
s 1352
f 1250/1172/1748 1198/1173/1749 1247/1170/1746 
s 1353
f 1248/1174/1750 1252/1175/1751 1247/1170/1746 
s 1354
f 1251/1171/1747 1247/1170/1746 1252/1175/1751 
s 1355
f 1239/1143/1719 1180/1082/1618 1179/1081/1617 
s 1356
f 1179/1081/1617 1181/1083/1619 1239/1143/1719 
s 1357
f 1207/1116/1686 1208/1117/1687 1239/1143/1719 
s 1358
f 1180/1082/1618 1239/1143/1719 1208/1117/1687 
s 1359
f 1183/1119/1689 1177/1176/1752 1206/1115/1753 
s 1360
f 1206/1115/1753 1205/1114/1684 1183/1119/1689 
s 1361
f 1209/1118/1688 1182/1084/1620 1038/898/1401 
s 1362
f 1032/892/1395 1181/1083/1619 1209/1118/1688 
s 1363
f 1182/1084/1620 1209/1118/1688 1181/1083/1619 
s 1364
f 1038/898/1401 1182/1084/1620 1035/899/1402 
s 1365
f 1183/1085/1621 1035/899/1402 1182/1084/1620 
s 1366
f 1253/1177/1754 1254/1178/1755 1255/1179/1756 
s 1367
f 1256/1180/1757 1255/1179/1756 1254/1178/1755 
s 1368
f 1255/1179/1756 764/1181/1758 1253/1177/1754 
s 1369
f 1257/1182/1759 1258/1183/1760 1259/1184/1761 
s 1370
f 1260/1185/1762 1259/1184/1761 1261/1186/1763 
s 1371
f 1259/1184/1761 1260/1185/1762 1257/1182/1759 
s 1372
f 1262/1187/1764 1261/1186/1763 1263/1188/1765 
s 1373
f 1261/1186/1763 1262/1187/1764 1260/1185/1762 
s 1374
f 1256/1189/1766 1262/1187/1764 1264/1190/1767 
s 1375
f 1265/1191/1768 1165/1063/1598 1167/1065/1600 
s 1376
f 1266/1192/1769 1259/1184/1761 1267/1193/1770 
s 1377
f 1261/1186/1763 1268/1194/1771 1263/1188/1765 
s 1378
f 1268/1194/1771 1261/1186/1763 1266/1192/1769 
s 1379
f 1268/1194/1771 1269/1195/1772 1264/1190/1767 
s 1380
f 1264/1190/1767 1263/1188/1765 1268/1194/1771 
s 1381
f 1269/1180/1773 1270/1179/1774 1271/1196/1775 
s 1382
f 1271/1196/1775 1264/1197/1776 1269/1180/1773 
s 1383
f 764/1181/1758 1271/1196/1775 1270/1179/1774 
s 1384
f 1272/1198/1777 1172/1071/1606 1171/1070/1605 
s 1385
f 1272/1198/1777 1273/1199/1778 1172/1071/1606 
s 1386
f 1172/1074/1610 1273/1154/1779 1174/1075/1611 
s 1387
f 1174/1075/1611 1273/1154/1779 1274/1155/1780 
s 1388
f 1166/1064/1599 1174/1075/1611 1274/1155/1780 
s 1389
f 1166/1064/1599 1168/1066/1601 1174/1075/1611 
s 1390
f 1275/1200/1781 1276/1201/1782 1277/1202/1783 
s 1391
f 1278/1203/1784 1273/1199/1778 1272/1198/1777 
s 1392
f 1272/1198/1777 1279/1204/1785 1280/1205/1786 
s 1393
f 1281/1206/1787 1282/1207/1787 1283/1208/1787 
s 1394
f 1167/1065/1600 1284/1209/1788 1265/1191/1768 
s 1395
f 1164/1062/1597 1163/1061/1596 1285/1210/1789 
s 1396
f 1163/1061/1596 1165/1063/1598 1265/1191/1768 
s 1397
f 1286/1211/1790 1259/1184/1761 1258/1183/1760 
s 1398
f 1287/1212/1791 1286/1211/1790 1258/1183/1760 
s 1399
f 1152/1213/1792 1288/1205/1793 1289/1198/1794 
s 1400
f 1288/1214/1795 1152/1215/1796 1290/1216/1797 
s 1401
f 1246/1217/1798 1290/1216/1797 1152/1215/1796 
s 1402
f 1260/1185/1762 1290/1218/1799 1246/1219/1800 
s 1403
f 764/1220/1801 1277/1202/1783 1291/1200/1802 
s 1404
f 1244/1199/1803 1153/1203/1804 1289/1198/1794 
s 1405
f 1292/1204/1805 1289/1198/1794 1288/1205/1793 
s 1406
f 1153/1203/1804 1152/1213/1792 1289/1198/1794 
s 1407
f 1277/1201/1806 1292/1204/1805 1293/1221/1807 
s 1408
f 1288/1205/1793 1293/1221/1807 1292/1204/1805 
s 1409
f 1291/1200/1802 1277/1201/1806 759/1222/1808 
s 1410
f 1293/1221/1807 759/1222/1808 1277/1201/1806 
s 1411
f 759/1223/1809 764/1181/1758 1291/1224/1810 
s 1412
f 1151/1225/1811 1245/1226/1812 1257/1182/1759 
s 1413
f 1258/1183/1760 1257/1182/1759 1245/1226/1812 
s 1414
f 1246/1219/1800 1257/1182/1759 1260/1185/1762 
s 1415
f 1257/1182/1759 1246/1219/1800 1151/1225/1811 
s 1416
f 1294/1227/1813 1260/1185/1762 1262/1187/1764 
s 1417
f 1260/1185/1762 1294/1227/1813 1290/1218/1799 
s 1418
f 1254/1228/1814 1294/1227/1813 1256/1189/1766 
s 1419
f 1262/1187/1764 1256/1189/1766 1294/1227/1813 
s 1420
f 1295/1229/1815 1296/1230/1816 1297/1231/1817 
s 1421
f 1298/1191/1818 1299/1061/1819 1300/1210/1820 
s 1422
f 1298/1232/1821 1265/1191/1768 1284/1209/1788 
s 1423
f 1287/1212/1791 1284/1209/1788 1286/1211/1790 
s 1424
f 1301/1233/1822 1298/1232/1821 1287/1212/1791 
s 1425
f 1284/1209/1788 1287/1212/1791 1298/1232/1821 
s 1426
f 1299/1061/1819 996/1062/1823 1300/1210/1820 
s 1427
f 1039/1234/1824 1302/1235/1825 1017/1236/1826 
s 1428
f 1301/1063/1827 1299/1061/1819 1298/1191/1818 
s 1429
f 1302/1235/1825 1297/1231/1817 1296/1230/1816 
s 1430
f 1279/1204/1785 1276/1201/1782 1303/1221/1828 
s 1431
f 1303/1221/1828 1280/1205/1786 1279/1204/1785 
s 1432
f 1276/1201/1782 1275/1200/1781 769/1222/1829 
s 1433
f 769/1222/1829 1303/1221/1828 1276/1201/1782 
s 1434
f 764/1181/1758 769/1223/1830 1275/1224/1831 
s 1435
f 1273/1154/1779 1278/1051/1832 1304/1049/1833 
s 1436
f 1304/1049/1833 1274/1155/1780 1273/1154/1779 
s 1437
f 1304/1049/1833 1305/1050/1834 1306/1156/1835 
s 1438
f 1305/1050/1834 1304/1049/1833 1278/1051/1832 
s 1439
f 1280/1214/1836 1303/1237/1837 1307/1238/1838 
s 1440
f 1307/1238/1838 1308/1216/1839 1280/1214/1836 
s 1441
f 1303/1239/1840 769/1240/1841 1309/1241/1842 
s 1442
f 1309/1241/1842 1307/1242/1843 1303/1239/1840 
s 1443
f 1310/1177/1844 1309/1178/1845 769/1223/1830 
s 1444
f 764/1181/1758 1310/1177/1844 769/1223/1830 
s 1445
f 1274/1155/1780 1304/1049/1833 1267/1193/1770 
s 1446
f 1267/1193/1770 1166/1064/1599 1274/1155/1780 
s 1447
f 1305/1213/1846 1278/1203/1784 1272/1198/1777 
s 1448
f 1170/1073/1847 1311/1072/1848 1312/1074/1849 
s 1449
f 1313/1075/1850 1312/1074/1849 1311/1072/1848 
s 1450
f 1311/1243/1851 1314/1244/1852 1313/1245/1853 
s 1451
f 1315/1246/1854 1313/1245/1853 1314/1244/1852 
s 1452
f 1314/1244/1852 1301/1233/1822 1315/1246/1854 
s 1453
f 1287/1212/1791 1315/1246/1854 1301/1233/1822 
s 1454
f 1241/1146/1855 1240/1147/1856 1316/1148/1857 
s 1455
f 1317/1149/1858 1316/1148/1857 1240/1147/1856 
s 1456
f 1316/1148/1857 1170/1068/1603 1241/1146/1855 
s 1457
f 1266/1192/1769 1307/1242/1843 1268/1194/1771 
s 1458
f 1307/1242/1843 1266/1192/1769 1308/1247/1859 
s 1459
f 1307/1242/1843 1309/1241/1842 1269/1195/1772 
s 1460
f 1269/1195/1772 1268/1194/1771 1307/1242/1843 
s 1461
f 1309/1178/1845 1310/1177/1844 1270/1179/1774 
s 1462
f 1270/1179/1774 1269/1180/1773 1309/1178/1845 
s 1463
f 764/1181/1758 1270/1179/1774 1310/1177/1844 
s 1464
f 1166/1064/1599 1267/1193/1770 1259/1184/1761 
s 1465
f 1259/1184/1761 1266/1192/1769 1261/1186/1763 
s 1466
f 1267/1193/1770 1306/1156/1835 1266/1192/1769 
s 1467
f 1306/1156/1835 1267/1193/1770 1304/1049/1833 
s 1468
f 1296/1230/1816 1295/1229/1815 1300/1248/1860 
s 1469
f 1298/1249/1861 1300/1248/1860 1295/1229/1815 
s 1470
f 1295/1229/1815 1297/1231/1817 1298/1249/1861 
s 1471
f 1265/1250/1862 1298/1249/1861 1297/1231/1817 
s 1472
f 1296/1230/1816 1017/1236/1826 1302/1235/1825 
s 1473
f 1300/1210/1820 996/1062/1823 1016/1251/1863 
s 1474
f 1251/1252/1864 1318/1253/1865 1250/1254/1866 
s 1475
f 1252/1255/1867 1319/1256/1868 1251/1252/1864 
s 1476
f 1318/1253/1865 1251/1252/1864 1319/1256/1868 
s 1477
f 1252/1255/1867 1320/1257/1869 1319/1256/1868 
s 1478
f 1320/1257/1869 1250/1254/1866 1319/1256/1868 
s 1479
f 1321/1258/1870 1250/1254/1866 1320/1257/1869 
s 1480
f 1193/1259/1871 1250/1254/1866 1321/1258/1870 
s 1481
f 1140/1035/1576 1143/1038/1579 1193/1259/1871 
s 1482
f 1316/1151/1872 1317/1150/1873 1322/1059/1874 
s 1483
f 1323/1152/1875 1322/1059/1874 1317/1150/1873 
s 1484
f 1289/1260/1876 1292/1261/1877 1279/1204/1785 
s 1485
f 1292/1261/1877 1277/1202/1783 1276/1201/1782 
s 1486
f 1276/1201/1782 1279/1204/1785 1292/1261/1877 
s 1487
f 1277/1202/1783 764/1220/1801 1275/1200/1781 
s 1488
f 1263/1188/1765 1264/1190/1767 1262/1187/1764 
s 1489
f 1255/1179/1756 1256/1180/1757 1271/1196/1775 
s 1490
f 1264/1197/1776 1271/1196/1775 1256/1180/1757 
s 1491
f 1271/1196/1775 764/1181/1758 1255/1179/1756 
s 1492
f 1324/1070/1878 1289/1198/1794 1171/1069/1604 
s 1493
f 1312/1071/1879 1289/1198/1794 1324/1070/1878 
s 1494
f 1244/1199/1803 1289/1198/1794 1312/1071/1879 
s 1495
f 1244/1154/1731 1312/1074/1849 1313/1075/1850 
s 1496
f 1244/1154/1731 1313/1075/1850 1245/1155/1732 
s 1497
f 1313/1245/1853 1258/1183/1760 1245/1226/1812 
s 1498
f 1315/1246/1854 1258/1183/1760 1313/1245/1853 
s 1499
f 1287/1212/1791 1258/1183/1760 1315/1246/1854 
s 1500
f 1324/1070/1878 1171/1069/1604 1170/1068/1603 
s 1501
f 1252/1175/1751 1248/1174/1750 1194/1262/1880 
s 1502
f 1189/1263/1881 1249/1264/1882 1252/1175/1751 
s 1503
f 1252/1175/1751 1194/1262/1880 1189/1263/1881 
s 1504
f 1249/1264/1882 1321/1265/1883 1320/1266/1884 
s 1505
f 1320/1266/1884 1252/1175/1751 1249/1264/1882 
s 1506
f 1191/1101/1645 1193/1100/1644 1321/1265/1883 
s 1507
f 1321/1265/1883 1249/1264/1882 1191/1101/1645 
s 1508
f 1190/1267/1885 1138/1163/1740 1192/1099/1643 
s 1509
f 986/829/1331 1081/946/1448 1080/945/1447 
s 1510
f 1081/946/1448 986/829/1331 1007/867/1368 
s 1511
f 1006/866/1367 1080/945/1447 1082/947/1449 
s 1512
f 1080/945/1447 1006/866/1367 986/829/1331 
s 1513
f 1014/873/1376 978/821/1323 980/823/1325 
s 1514
f 978/821/1323 1014/873/1376 1188/1095/1639 
s 1515
f 1188/1095/1639 988/831/1333 978/821/1323 
s 1516
f 988/831/1333 1188/1095/1639 1007/867/1368 
s 1517
f 1006/866/1367 981/861/1362 984/827/1329 
s 1518
f 1188/1095/1639 1015/874/1377 1083/948/1450 
s 1519
f 1193/1100/1644 1192/1099/1643 1140/1268/1886 
s 1520
f 1195/1161/1738 1138/1163/1740 1190/1267/1885 
s 1521
f 1140/1268/1886 1192/1099/1643 1138/1163/1740 
s 1522
f 1196/1162/1739 1197/1166/1743 1138/1163/1740 
s 1523
f 1141/1167/1744 1138/1163/1740 1197/1166/1743 
s 1524
f 1250/1254/1866 1193/1259/1871 1143/1038/1579 
s 1525
f 1143/1038/1579 1139/1034/1575 1142/1037/1578 
s 1526
f 1319/1256/1868 1250/1254/1866 1318/1253/1865 
s 1527
f 1142/1037/1578 1141/1036/1577 1143/1038/1579 
s 1528
f 1325/1269/1887 1326/1270/1887 1154/1271/1887 
s 1529
f 1325/1269/1888 1154/1271/1888 1156/1272/1888 
s 1530
f 1017/1236/1826 1296/1230/1816 1016/1273/1889 
s 1531
f 1300/1248/1860 1016/1273/1889 1296/1230/1816 
s 1532
f 1293/1237/1890 1288/1214/1795 1294/1238/1891 
s 1533
f 1290/1216/1797 1294/1238/1891 1288/1214/1795 
s 1534
f 759/1274/1892 1293/1275/1893 1254/1228/1814 
s 1535
f 1294/1227/1813 1254/1228/1814 1293/1275/1893 
s 1536
f 1254/1178/1755 1253/1177/1754 759/1223/1809 
s 1537
f 1253/1177/1754 764/1181/1758 759/1223/1809 
s 1538
f 1302/1235/1825 1039/1234/1824 1184/1276/1894 
s 1539
f 1184/1276/1894 1285/1277/1895 1302/1235/1825 
s 1540
f 1297/1231/1817 1302/1235/1825 1285/1277/1895 
s 1541
f 1285/1277/1895 1265/1250/1862 1297/1231/1817 
s 1542
f 1164/1062/1597 1285/1210/1789 1184/1251/1896 
s 1543
f 1163/1061/1596 1265/1191/1768 1285/1210/1789 
s 1544
f 1284/1209/1788 1167/1065/1600 1286/1211/1790 
s 1545
f 1327/1278/1897 1328/1279/1897 840/1280/1897 
s 1546
f 1328/1279/1898 1327/1278/1898 1283/1208/1898 
s 1547
f 1283/1208/1899 1329/1281/1899 1328/1279/1899 
s 1548
f 1329/1281/1900 1283/1208/1900 1282/1207/1900 
s 1549
f 1282/1207/1901 1330/1282/1901 1329/1281/1901 
s 1550
f 839/1283/1902 827/1284/1902 1331/1285/1902 
s 1551
f 1331/1285/1902 1327/1278/1902 839/1283/1902 
s 1552
f 1327/1278/1903 1331/1285/1903 1332/1286/1903 
s 1553
f 1332/1286/1903 1283/1208/1903 1327/1278/1903 
s 1554
f 1283/1208/1787 1332/1286/1787 1281/1206/1787 
s 1555
f 1312/1071/1879 1324/1070/1878 1170/1068/1603 
s 1556
f 1170/1073/1847 1316/1151/1872 1311/1153/1904 
s 1557
f 1322/1059/1874 1311/1153/1904 1316/1151/1872 
s 1558
f 1322/1059/1874 1323/1152/1875 1333/1058/1905 
s 1559
f 1334/1060/1906 1333/1058/1905 1323/1152/1875 
s 1560
f 1311/1153/1904 1322/1059/1874 1314/1057/1907 
s 1561
f 1333/1058/1905 1314/1057/1907 1322/1059/1874 
s 1562
f 1333/1058/1905 1334/1060/1906 1299/1061/1819 
s 1563
f 996/1062/1823 1299/1061/1819 1334/1060/1906 
s 1564
f 1314/1057/1907 1333/1058/1905 1301/1063/1827 
s 1565
f 1299/1061/1819 1301/1063/1827 1333/1058/1905 
s 1566
f 1279/1204/1785 1272/1198/1777 1289/1260/1876 
s 1567
f 1259/1184/1761 1286/1211/1790 1166/1064/1599 
s 1568
f 1272/1260/1908 1171/1069/1604 1289/1198/1794 
s 1569
f 1286/1211/1790 1167/1065/1600 1166/1064/1599 
s 1570
f 1280/1205/1786 1305/1213/1846 1272/1198/1777 
s 1571
f 1305/1215/1909 1280/1214/1836 1308/1216/1839 
s 1572
f 1308/1216/1839 1306/1217/1910 1305/1215/1909 
s 1573
f 1308/1247/1859 1266/1192/1769 1306/1156/1835 
s 1574
f 1335/1287/1911 1325/1269/1911 1156/1272/1911 
s 1575
f 1335/1287/1912 1156/1272/1912 1157/1288/1912 
s 1576
f 1336/1287/1913 1335/1289/1913 1157/1290/1913 
s 1577
f 1336/1287/1914 1157/1290/1914 1158/1288/1914 
s 1578
f 1337/1269/1915 1336/1287/1915 1158/1288/1915 
s 1579
f 1337/1269/1916 1158/1288/1916 1155/1272/1916 
s 1580
f 1326/1270/1917 1337/1269/1917 1155/1272/1917 
s 1581
f 1326/1270/1918 1155/1272/1918 1154/1271/1918 
s 1582
f 631/445/805 722/1291/1919 632/446/806 
s 1583
f 717/1292/1920 722/1291/1919 631/445/805 
s 1584
f 639/456/816 1338/1293/1921 641/457/817 
s 1585
f 639/456/816 647/1294/1922 1338/1293/1921 
s 1586
f 639/454/814 648/467/827 647/739/1177 
s 1587
f 629/443/803 628/442/802 634/449/809 
s 1588
f 643/715/1145 630/448/808 629/716/1146 
s 1589
f 643/715/1145 633/447/807 630/448/808 
s 1590
f 641/457/817 633/447/807 643/715/1145 
s 1591
f 641/457/817 1338/1293/1921 633/447/807 
s 1592
f 1339/1295/1923 631/445/805 1338/1293/1921 
s 1593
f 1340/771/1924 1341/783/1925 1342/784/1926 
s 1594
f 1341/783/1925 1340/771/1924 1343/763/1927 
s 1595
f 1341/783/1925 1344/789/1928 1345/782/1929 
s 1596
f 1344/789/1928 1341/783/1925 1346/786/1930 
s 1597
f 1346/786/1930 1347/790/1931 1344/789/1928 
s 1598
f 1347/790/1931 1346/786/1930 1348/787/1932 
s 1599
f 1348/788/1933 1349/871/1934 1347/870/1935 
s 1600
f 1349/871/1934 1348/788/1933 1342/784/1926 
s 1601
f 1342/784/1926 1345/782/1929 1349/871/1934 
s 1602
f 1345/782/1929 1342/784/1926 1341/783/1925 
s 1603
f 1350/764/1936 1351/763/1937 1352/765/1938 
s 1604
f 1352/765/1938 1353/766/1939 1350/764/1936 
s 1605
f 1353/766/1939 1352/765/1938 1354/767/1940 
s 1606
f 1354/767/1940 1355/768/1941 1353/766/1939 
s 1607
f 1355/770/1942 1354/769/1943 1356/771/1944 
s 1608
f 1356/771/1944 1357/772/1945 1355/770/1942 
s 1609
f 1358/784/1946 1356/771/1944 1354/769/1943 
s 1610
f 1356/771/1944 1358/784/1946 1359/783/1947 
s 1611
f 631/445/805 633/447/807 1338/1293/1921 
s 1612
f 646/1296/1948 1339/1295/1923 1338/1293/1921 
s 1613
f 646/1296/1948 1338/1293/1921 647/1294/1922 
s 1614
f 558/357/728 568/369/740 652/1297/1949 
s 1615
f 658/477/837 568/369/740 559/358/729 
s 1616
f 557/356/727 559/358/729 568/369/740 
s 1617
f 652/471/831 653/472/832 558/361/1950 
s 1618
f 562/362/733 558/361/1950 653/472/832 
s 1619
f 653/472/832 655/474/834 562/362/733 
s 1620
f 564/365/736 562/362/733 655/474/834 
s 1621
f 655/474/834 567/368/739 564/365/736 
s 1622
f 567/368/739 655/474/834 656/475/835 
s 1623
f 656/475/835 658/477/837 567/368/739 
s 1624
f 559/358/729 567/368/739 658/477/837 
s 1625
f 660/1298/1951 652/1297/1949 568/369/740 
s 1626
f 652/1297/1949 660/1298/1951 650/1299/1952 
s 1627
f 659/478/838 660/1298/1951 658/477/837 
s 1628
f 568/369/740 658/477/837 660/1298/1951 
s 1629
f 720/1300/1953 718/1301/1954 646/1296/1948 
s 1630
f 645/464/824 720/1302/1955 646/465/825 
s 1631
f 719/1303/1956 720/1302/1955 645/464/824 
s 1632
f 649/468/828 719/1303/1956 645/464/824 
s 1633
f 721/1304/1957 719/1303/1956 649/468/828 
s 1634
f 632/446/806 721/1304/1957 649/468/828 
s 1635
f 722/1291/1919 721/1304/1957 632/446/806 
s 1636
f 1360/1305/1958 1361/1306/1959 1362/1307/1960 
s 1637
f 1363/1305/1961 1364/1307/1962 1365/1306/1963 
s 1638
f 1364/1307/1962 1363/1305/1961 1366/1308/1964 
s 1639
f 1364/1307/1962 1367/1309/1965 1368/1310/1966 
s 1640
f 1368/1310/1966 1365/1306/1963 1364/1307/1962 
s 1641
f 1363/1305/1961 1369/1311/1967 1366/1308/1964 
s 1642
f 1370/1312/1968 1371/1313/1969 1372/1314/1970 
s 1643
f 1372/1314/1970 1373/1315/1971 1370/1312/1968 
s 1644
f 1374/1316/1972 1372/1314/1970 1371/1313/1969 
s 1645
f 1373/1314/1973 1375/1316/1974 1370/1313/1975 
s 1646
f 1376/1317/1976 1371/1313/1969 1377/1318/1977 
s 1647
f 925/754/1251 1011/781/1372 1378/785/1978 
s 1648
f 1378/785/1978 873/753/1197 925/754/1251 
s 1649
f 873/753/1197 1378/785/1978 1379/781/1979 
s 1650
f 1379/781/1979 874/754/1198 873/753/1197 
s 1651
f 874/754/1198 1379/781/1979 1010/780/1371 
s 1652
f 1010/780/1371 876/756/1200 874/754/1198 
s 1653
f 1010/780/1371 1380/761/1980 1381/758/1981 
s 1654
f 1381/758/1981 1011/781/1372 1010/780/1371 
s 1655
f 1011/781/1372 1381/758/1981 1382/759/1982 
s 1656
f 1382/759/1982 1378/785/1978 1011/781/1372 
s 1657
f 1378/785/1978 1382/759/1982 1383/758/1983 
s 1658
f 1383/758/1983 1379/781/1979 1378/785/1978 
s 1659
f 1379/781/1979 1383/758/1983 1380/761/1980 
s 1660
f 1380/761/1980 1010/780/1371 1379/781/1979 
s 1661
f 1384/764/1984 1385/765/1985 1343/763/1927 
s 1662
f 1385/765/1985 1384/764/1984 1386/766/1986 
s 1663
f 1357/772/1945 1356/771/1944 1351/763/1937 
s 1664
f 1011/781/1372 925/754/1251 876/756/1200 
s 1665
f 815/662/1069 814/661/1068 817/671/1987 
s 1666
f 815/662/1069 842/677/1119 832/678/1988 
s 1667
f 832/678/1988 816/663/1070 815/662/1069 
s 1668
f 1387/670/1989 815/662/1069 817/671/1987 
s 1669
f 1388/681/1990 815/662/1069 1387/670/1989 
s 1670
f 1388/681/1990 842/677/1119 815/662/1069 
s 1671
f 820/662/1079 830/663/1991 825/677/1088 
s 1672
f 830/663/1991 826/678/1089 825/677/1088 
s 1673
f 830/663/1991 820/662/1079 831/661/1992 
s 1674
f 819/671/1078 831/661/1992 820/662/1079 
s 1675
f 829/681/1092 820/662/1079 825/677/1088 
s 1676
f 818/670/1077 820/662/1079 829/681/1092 
s 1677
f 1343/763/1927 1346/786/1930 1341/783/1925 
s 1678
f 1346/786/1930 1343/763/1927 1385/765/1985 
s 1679
f 1385/765/1985 1348/787/1932 1346/786/1930 
s 1680
f 1348/787/1932 1385/765/1985 1389/767/1993 
s 1681
f 1389/769/1994 1342/784/1926 1348/788/1933 
s 1682
f 1342/784/1926 1389/769/1994 1340/771/1924 
s 1683
f 1389/767/1993 1386/766/1986 1390/768/1995 
s 1684
f 1390/770/1996 1340/771/1924 1389/769/1994 
s 1685
f 1340/771/1924 1390/770/1996 1391/772/1997 
s 1686
f 1391/772/1997 1343/763/1927 1340/771/1924 
s 1687
f 1343/763/1927 1391/772/1997 1384/764/1984 
s 1688
f 1362/1307/1960 1392/1310/1998 1393/1309/1999 
s 1689
f 1362/1307/1960 1394/1308/2000 1360/1305/1958 
s 1690
f 897/776/1223 1395/759/2001 1396/758/2002 
s 1691
f 1396/758/2002 899/775/1225 897/776/1223 
s 1692
f 899/775/1225 1396/758/2002 1397/761/2003 
s 1693
f 1397/761/2003 894/774/1220 899/775/1225 
s 1694
f 950/773/1284 949/791/1283 952/792/1286 
s 1695
f 952/792/1286 1398/755/2004 950/773/1284 
s 1696
f 1398/755/2004 952/792/1286 953/793/1287 
s 1697
f 953/793/1287 1399/752/2005 1398/755/2004 
s 1698
f 1399/752/2005 953/793/1287 954/792/1288 
s 1699
f 954/792/1288 951/755/1285 1399/752/2005 
s 1700
f 951/755/1285 954/792/1288 949/791/1283 
s 1701
f 1400/755/2006 1401/778/2007 1402/752/2008 
s 1702
f 1403/787/2009 1404/790/2010 1405/786/2011 
s 1703
f 1404/870/2012 1403/788/2013 1406/871/2014 
s 1704
f 1407/784/2015 1406/871/2014 1403/788/2013 
s 1705
f 1406/871/2014 1407/784/2015 1408/782/2016 
s 1706
f 1409/783/2017 1408/782/2016 1407/784/2015 
s 1707
f 1410/779/2018 1411/773/2019 1412/778/2020 
s 1708
f 1413/755/2021 1412/778/2020 1411/773/2019 
s 1709
f 1412/778/2020 1413/755/2021 1414/777/2022 
s 1710
f 1402/752/2008 1414/777/2022 1413/755/2021 
s 1711
f 1414/777/2022 1402/752/2008 1401/778/2007 
s 1712
f 814/669/1076 816/683/2023 770/667/1074 
s 1713
f 768/615/1093 770/667/1074 816/683/2023 
s 1714
f 816/683/2023 832/686/1105 768/615/1093 
s 1715
f 771/682/1094 774/685/2024 1387/684/2025 
s 1716
f 1387/684/2025 817/664/1071 771/682/1094 
s 1717
f 829/681/1092 825/677/1088 824/674/1084 
s 1718
f 818/670/1077 829/681/1092 828/680/1091 
s 1719
f 842/677/1119 775/675/1118 832/678/1988 
s 1720
f 1401/778/2007 1400/755/2006 1410/779/2018 
s 1721
f 1411/773/2019 1410/779/2018 1400/755/2006 
s 1722
f 1415/774/2026 1410/779/2018 1416/775/2027 
s 1723
f 1412/778/2020 1416/775/2027 1410/779/2018 
s 1724
f 1416/775/2027 1412/778/2020 1417/776/2028 
s 1725
f 1414/777/2022 1417/776/2028 1412/778/2020 
s 1726
f 1417/776/2028 1414/777/2022 1418/775/2029 
s 1727
f 1401/778/2007 1418/775/2029 1414/777/2022 
s 1728
f 1418/775/2029 1401/778/2007 1415/774/2026 
s 1729
f 1410/779/2018 1415/774/2026 1401/778/2007 
s 1730
f 1104/780/1502 1415/774/2026 1419/781/2030 
s 1731
f 1416/775/2027 1419/781/2030 1415/774/2026 
s 1732
f 1419/781/2030 1416/775/2027 1100/785/1498 
s 1733
f 1417/776/2028 1100/785/1498 1416/775/2027 
s 1734
f 1100/785/1498 1417/776/2028 1102/781/1500 
s 1735
f 1418/775/2029 1102/781/1500 1417/776/2028 
s 1736
f 1102/781/1500 1418/775/2029 1104/780/1502 
s 1737
f 1415/774/2026 1104/780/1502 1418/775/2029 
s 1738
f 900/755/1226 899/775/1225 894/774/1220 
s 1739
f 894/774/1220 893/773/1219 900/755/1226 
s 1740
f 894/774/1220 1397/761/2003 1420/758/2031 
s 1741
f 1420/758/2031 895/775/1221 894/774/1220 
s 1742
f 895/775/1221 1420/758/2031 1395/759/2001 
s 1743
f 1395/759/2001 897/776/1223 895/775/1221 
s 1744
f 1358/784/1946 1421/871/2032 1422/782/2033 
s 1745
f 1422/782/2033 1359/783/1947 1358/784/1946 
s 1746
f 1394/1308/2000 1370/1313/1975 1375/1316/1974 
s 1747
f 1375/1316/1974 1423/1311/2034 1394/1308/2000 
s 1748
f 1374/1316/1972 1366/1308/1964 1369/1311/1967 
s 1749
f 1366/1308/1964 1374/1316/1972 1371/1313/1969 
s 1750
f 1423/1311/2034 1360/1305/1958 1394/1308/2000 
s 1751
f 1392/1310/1998 1362/1307/1960 1361/1306/1959 
s 1752
f 1339/1295/1923 717/1292/1920 631/445/805 
s 1753
f 718/1301/1954 717/1292/1920 1339/1295/1923 
s 1754
f 646/1296/1948 718/1301/1954 1339/1295/1923 
s 1755
f 1424/1317/2035 1370/1313/1975 1394/1308/2000 
s 1756
f 1366/1308/1964 1371/1313/1969 1376/1317/1976 
s 1757
f 1394/1308/2000 1393/1309/1999 1424/1317/2035 
s 1758
f 1377/1318/1977 1370/1313/1975 1424/1317/2035 
s 1759
f 1394/1308/2000 1362/1307/1960 1393/1309/1999 
s 1760
f 1377/1318/1977 1371/1313/1969 1370/1312/1968 
s 1761
f 1367/1309/1965 1366/1308/1964 1376/1317/1976 
s 1762
f 1366/1308/1964 1367/1309/1965 1364/1307/1962 
s 1763
f 769/603/1001 766/609/997 764/608/995 
s 1764
f 759/603/990 765/609/996 776/611/1114 
s 1765
f 1351/763/1937 1350/764/1936 1357/772/1945 
s 1766
f 1351/763/1937 1359/783/1947 1425/786/2036 
s 1767
f 1425/786/2036 1352/765/1938 1351/763/1937 
s 1768
f 1352/765/1938 1425/786/2036 1426/787/2037 
s 1769
f 1426/787/2037 1354/767/1940 1352/765/1938 
s 1770
f 1354/769/1943 1426/788/2038 1358/784/1946 
s 1771
f 760/667/2039 757/615/1012 826/686/1104 
s 1772
f 826/686/1104 830/683/1095 760/667/2039 
s 1773
f 763/668/1097 760/667/2039 830/683/1095 
s 1774
f 1103/761/1501 1104/780/1502 1427/758/2040 
s 1775
f 1419/781/2030 1427/758/2040 1104/780/1502 
s 1776
f 1427/758/2040 1419/781/2030 1099/759/1497 
s 1777
f 1100/785/1498 1099/759/1497 1419/781/2030 
s 1778
f 891/771/1217 892/772/1218 885/763/1209 
s 1779
f 886/764/1210 885/763/1209 892/772/1218 
s 1780
f 1409/783/2017 885/763/1209 1405/786/2011 
s 1781
f 887/765/1211 1405/786/2011 885/763/1209 
s 1782
f 1405/786/2011 887/765/1211 1403/787/2009 
s 1783
f 889/767/1213 1403/787/2009 887/765/1211 
s 1784
f 1403/788/2013 889/769/1215 1407/784/2015 
s 1785
f 891/771/1217 1407/784/2015 889/769/1215 
s 1786
f 1407/784/2015 891/771/1217 1409/783/2017 
s 1787
f 885/763/1209 1409/783/2017 891/771/1217 
s 1788
f 1408/782/2016 1409/783/2017 1428/789/2041 
s 1789
f 1405/786/2011 1428/789/2041 1409/783/2017 
s 1790
f 1428/789/2041 1405/786/2011 1404/790/2010 
s 1791
f 1359/783/1947 1351/763/1937 1356/771/1944 
s 1792
f 1359/783/1947 1422/782/2033 1429/789/2042 
s 1793
f 1429/789/2042 1425/786/2036 1359/783/1947 
s 1794
f 1425/786/2036 1429/789/2042 1430/790/2043 
s 1795
f 1430/790/2043 1426/787/2037 1425/786/2036 
s 1796
f 1426/788/2038 1430/870/2044 1421/871/2032 
s 1797
f 1421/871/2032 1358/784/1946 1426/788/2038 
s 1798
f 808/660/1064 837/1319/2045 1431/1320/2046 
s 1799
f 1431/1320/2046 812/659/1063 808/660/1064 
s 1800
f 1432/1321/2047 812/1322/2048 1431/1323/2049 
s 1801
f 1432/1321/2047 1433/1324/2050 812/1322/2048 
s 1802
f 1434/1325/2051 1432/1321/2047 1431/1323/2049 
s 1803
f 1435/1326/2052 802/1327/2053 822/1328/2054 
s 1804
f 1436/1329/2055 1437/1330/2055 1438/1331/2055 
s 1805
f 1439/1332/2056 1438/1331/2057 1437/1330/2055 
s 1806
f 1440/1333/2058 1441/1334/2059 1442/1335/2060 
s 1807
f 1441/1334/2059 1440/1333/2058 1443/1336/2061 
s 1808
f 1443/1337/2062 1444/1335/2063 1441/1338/2064 
s 1809
f 1444/1335/2063 1443/1337/2062 1445/1333/2065 
s 1810
f 1445/1333/2065 1446/1338/2066 1444/1335/2063 
s 1811
f 1446/1338/2066 1445/1333/2065 1447/1337/2067 
s 1812
f 1447/1336/2068 1442/1335/2060 1446/1334/2069 
s 1813
f 1442/1335/2060 1447/1336/2068 1440/1333/2058 
s 1814
f 1442/1335/2060 1448/1339/2070 1449/1340/2071 
s 1815
f 1329/1281/2072 1450/1341/2072 1451/1342/2072 
s 1816
f 1450/1341/2073 1329/1281/2073 1330/1282/2073 
s 1817
f 840/1280/2074 839/1283/2074 1327/1278/2074 
s 1818
f 1213/1123/1693 1212/1122/1692 1238/1139/1718 
s 1819
f 1212/1122/1692 1452/1140/2075 1453/1141/2076 
s 1820
f 1452/1140/2075 1212/1122/1692 1211/1121/1691 
s 1821
f 1212/1122/1692 1453/1141/2076 1454/1142/2077 
s 1822
f 1454/1142/2077 1238/1139/1718 1212/1122/1692 
s 1823
f 1455/1343/2078 1456/1344/2079 1457/1345/2080 
s 1824
f 1458/1346/2081 1456/1344/2079 1455/1343/2078 
s 1825
f 839/679/1115 801/645/1049 803/647/1051 
s 1826
f 1387/670/1989 840/680/1116 1388/681/1990 
s 1827
f 1434/1325/2051 838/1347/2082 1459/1323/2083 
s 1828
f 1460/1348/2084 802/1327/2053 1435/1326/2052 
s 1829
f 1460/1348/2084 843/1349/2085 802/1327/2053 
s 1830
f 1460/657/2086 805/658/1067 804/654/1122 
s 1831
f 804/654/1122 843/655/1121 1460/657/2086 
s 1832
f 1438/1331/2057 1439/1332/2056 1461/1350/2087 
s 1833
f 1462/1351/2087 1461/1350/2087 1439/1332/2087 
s 1834
f 1437/1330/2088 1436/1329/2088 1438/1331/2088 
s 1835
f 1438/1331/2088 1439/1332/2088 1437/1330/2088 
s 1836
f 1439/1332/2089 1438/1331/2089 1461/1350/2089 
s 1837
f 1461/1350/2089 1462/1351/2089 1439/1332/2089 
s 1838
f 1463/1352/2090 1464/1353/2090 1465/1354/2090 
s 1839
f 1464/1353/2090 1466/1355/2090 1465/1354/2090 
s 1840
f 1466/1355/2090 1467/1356/2090 1465/1354/2090 
s 1841
f 1464/1357/2091 1463/1358/2092 1468/1359/2092 
s 1842
f 1468/1359/2092 1469/1360/2091 1464/1357/2091 
s 1843
f 1434/1325/2051 833/1361/2093 838/1347/2082 
s 1844
f 837/1319/2045 833/1362/2094 1431/1320/2046 
s 1845
f 833/1362/2094 837/1319/2045 834/1363/2095 
s 1846
f 1434/1325/2051 1431/1323/2049 833/1347/2096 
s 1847
f 811/1348/2097 821/1327/2098 810/1349/2099 
s 1848
f 1435/1326/2052 821/1327/2098 811/1348/2097 
s 1849
f 1435/1326/2052 822/1328/2054 821/1327/2098 
s 1850
f 1433/1324/2050 811/1348/2097 812/1322/2048 
s 1851
f 1433/1324/2050 1435/1326/2052 811/1348/2097 
s 1852
f 1470/1334/2100 1471/1336/2101 1472/1333/2102 
s 1853
f 1471/1337/2103 1470/1338/2104 1473/1335/2105 
s 1854
f 1473/1335/2105 1474/1333/2106 1471/1337/2103 
s 1855
f 1474/1333/2106 1473/1335/2105 1475/1338/2107 
s 1856
f 1475/1338/2107 1476/1337/2108 1474/1333/2106 
s 1857
f 1476/1336/2109 1475/1334/2110 1477/1335/2111 
s 1858
f 1448/1339/2070 1442/1335/2060 1441/1334/2059 
s 1859
f 1441/1338/2064 1478/1340/2112 1448/1364/2113 
s 1860
f 1478/1340/2112 1441/1338/2064 1444/1335/2063 
s 1861
f 1444/1335/2063 1479/1364/2114 1478/1340/2112 
s 1862
f 1479/1364/2114 1444/1335/2063 1446/1338/2066 
s 1863
f 1480/1365/2115 1457/1345/2080 1456/1344/2079 
s 1864
f 1481/1366/2116 1480/1365/2115 1482/1367/2117 
s 1865
f 1480/1365/2115 1483/1368/2118 1457/1345/2080 
s 1866
f 1484/1369/2119 1483/1368/2118 1480/1365/2115 
s 1867
f 1484/1369/2119 1485/1370/2120 1483/1368/2118 
s 1868
f 1481/1366/2116 1484/1369/2119 1480/1365/2115 
s 1869
f 1486/1371/2121 1487/1372/2122 1488/1373/2123 
s 1870
f 1487/1372/2122 1486/1371/2121 1489/1374/2124 
s 1871
f 1489/1375/2125 1490/1373/2126 1487/1376/2127 
s 1872
f 1490/1373/2126 1489/1375/2125 1491/1371/2128 
s 1873
f 1491/1371/2128 1492/1376/2129 1490/1373/2126 
s 1874
f 1492/1376/2129 1491/1371/2128 1493/1375/2130 
s 1875
f 1493/1374/2131 1486/1371/2121 1488/1373/2123 
s 1876
f 1488/1373/2123 1492/1372/2132 1493/1374/2131 
s 1877
f 1488/1373/2123 1494/1377/2133 1495/1378/2134 
s 1878
f 1494/1377/2133 1488/1373/2123 1487/1372/2122 
s 1879
f 1458/1346/2081 1496/1379/2135 1456/1344/2079 
s 1880
f 1497/1380/2136 1458/1346/2081 1455/1343/2078 
s 1881
f 1498/1381/2137 1483/1368/2118 1485/1370/2120 
s 1882
f 1455/1343/2078 1483/1368/2118 1498/1381/2137 
s 1883
f 1455/1343/2078 1457/1345/2080 1483/1368/2118 
s 1884
f 1497/1380/2136 1455/1343/2078 1498/1381/2137 
s 1885
f 1482/1367/2117 1456/1344/2079 1496/1379/2135 
s 1886
f 1480/1365/2115 1456/1344/2079 1482/1367/2117 
s 1887
f 828/1280/2138 1499/1342/2138 1500/1279/2138 
s 1888
f 1500/1279/2139 1499/1342/2139 1501/1281/2139 
s 1889
f 1502/1341/2140 1501/1281/2140 1499/1342/2140 
s 1890
f 1501/1281/2141 1502/1341/2141 1503/1282/2141 
s 1891
f 827/1283/2142 828/1280/2142 1331/1278/2142 
s 1892
f 1500/1279/2143 1331/1278/2143 828/1280/2143 
s 1893
f 1331/1278/2144 1500/1279/2144 1332/1208/2144 
s 1894
f 1501/1281/2145 1332/1208/2145 1500/1279/2145 
s 1895
f 1332/1208/2146 1501/1281/2146 1281/1207/2146 
s 1896
f 1503/1282/2147 1281/1207/2147 1501/1281/2147 
s 1897
f 1451/1342/2148 840/1280/2148 1328/1279/2148 
s 1898
f 1451/1342/2149 1328/1279/2149 1329/1281/2149 
s 1899
f 1487/1376/2127 1504/1378/2150 1494/1382/2151 
s 1900
f 1504/1378/2150 1487/1376/2127 1490/1373/2126 
s 1901
f 1490/1373/2126 1505/1382/2152 1504/1378/2150 
s 1902
f 1505/1382/2152 1490/1373/2126 1492/1376/2129 
s 1903
f 1492/1372/2132 1495/1378/2134 1505/1377/2153 
s 1904
f 1495/1378/2134 1492/1372/2132 1488/1373/2123 
s 1905
f 1472/1333/2102 1477/1335/2111 1470/1334/2100 
s 1906
f 1506/1372/2154 1507/1374/2155 1508/1371/2156 
s 1907
f 1507/1375/2157 1506/1376/2158 1509/1373/2159 
s 1908
f 1509/1373/2159 1510/1371/2160 1507/1375/2157 
s 1909
f 1510/1371/2160 1509/1373/2159 1511/1376/2161 
s 1910
f 1511/1376/2161 1512/1375/2162 1510/1371/2160 
s 1911
f 1512/1374/2163 1511/1372/2164 1513/1373/2165 
s 1912
f 1513/1373/2165 1508/1371/2156 1512/1374/2163 
s 1913
f 1513/1373/2165 1514/1378/2166 1515/1377/2167 
s 1914
f 1515/1377/2167 1506/1372/2154 1513/1373/2165 
s 1915
f 1506/1376/2158 1515/1382/2168 1516/1378/2169 
s 1916
f 1516/1378/2169 1509/1373/2159 1506/1376/2158 
s 1917
f 1509/1373/2159 1516/1378/2169 1517/1382/2170 
s 1918
f 1517/1382/2170 1511/1376/2161 1509/1373/2159 
s 1919
f 1511/1372/2164 1517/1377/2171 1514/1378/2166 
s 1920
f 1514/1378/2166 1513/1373/2165 1511/1372/2164 
s 1921
f 1446/1334/2069 1449/1340/2071 1479/1339/2172 
s 1922
f 1449/1340/2071 1446/1334/2069 1442/1335/2060 
s 1923
f 1449/1383/2173 1518/1384/2174 1519/1385/2175 
s 1924
f 1518/1384/2174 1449/1383/2173 1448/1386/2176 
s 1925
f 1448/1387/2177 1520/1385/2178 1518/1388/2179 
s 1926
f 1520/1385/2178 1448/1387/2177 1478/1383/2180 
s 1927
f 1478/1383/2180 1521/1388/2181 1520/1385/2178 
s 1928
f 1521/1388/2181 1478/1383/2180 1479/1387/2182 
s 1929
f 1479/1386/2183 1519/1385/2175 1521/1384/2184 
s 1930
f 1519/1385/2175 1479/1386/2183 1449/1383/2173 
s 1931
f 1519/1385/2175 1489/1374/2124 1486/1371/2121 
s 1932
f 1489/1374/2124 1519/1385/2175 1518/1384/2174 
s 1933
f 1386/766/1986 1389/767/1993 1385/765/1985 
s 1934
f 1522/1360/2185 1468/1359/2092 1463/1358/2092 
s 1935
f 1465/1389/2186 1467/1390/2187 1523/1391/2187 
s 1936
f 1523/1391/2187 1522/1392/2186 1465/1389/2186 
s 1937
f 1467/1390/2187 1466/1389/2188 1524/1392/2188 
s 1938
f 1524/1392/2188 1523/1391/2187 1467/1390/2187 
s 1939
f 1466/1389/2188 1464/1357/2091 1469/1360/2091 
s 1940
f 1469/1360/2091 1524/1392/2188 1466/1389/2188 
s 1941
f 1525/1393/2189 1526/1394/2189 1527/1395/2189 
s 1942
f 1528/1396/2189 1527/1395/2189 1526/1394/2189 
s 1943
f 1527/1395/2190 1528/1396/2190 1529/1397/2190 
s 1944
f 1530/1398/2190 1529/1397/2190 1528/1396/2190 
s 1945
f 1526/1394/2191 1525/1393/2191 1527/1395/2191 
s 1946
f 1527/1395/2191 1528/1396/2191 1526/1394/2191 
s 1947
f 1528/1396/2192 1527/1395/2192 1529/1397/2192 
s 1948
f 1529/1397/2192 1530/1398/2192 1528/1396/2192 
s 1949
f 1531/1399/2193 1532/1353/2193 1533/1400/2193 
s 1950
f 1532/1353/2193 1534/1401/2193 1533/1400/2193 
s 1951
f 1534/1401/2193 1535/1402/2193 1533/1400/2193 
s 1952
f 1463/1358/2092 1465/1357/2185 1522/1360/2185 
s 1953
f 1532/1403/2194 1531/1404/2195 1536/1405/2196 
s 1954
f 1536/1405/2196 1537/1406/2194 1532/1403/2194 
s 1955
f 1531/1404/2195 1533/1403/2197 1538/1406/2197 
s 1956
f 1538/1406/2197 1536/1405/2196 1531/1404/2195 
s 1957
f 1508/1371/2156 1539/1385/2198 1512/1374/2163 
s 1958
f 1540/1384/2199 1512/1374/2163 1539/1385/2198 
s 1959
f 1508/1371/2156 1513/1373/2165 1506/1372/2154 
s 1960
f 1477/1335/2111 1472/1333/2102 1476/1336/2109 
s 1961
f 1477/1335/2111 1541/1340/2200 1542/1339/2201 
s 1962
f 1542/1339/2201 1470/1334/2100 1477/1335/2111 
s 1963
f 1470/1338/2104 1542/1364/2202 1543/1340/2203 
s 1964
f 1543/1340/2203 1473/1335/2105 1470/1338/2104 
s 1965
f 1473/1335/2105 1543/1340/2203 1544/1364/2204 
s 1966
f 1544/1364/2204 1475/1338/2107 1473/1335/2105 
s 1967
f 1475/1334/2110 1544/1339/2205 1541/1340/2200 
s 1968
f 1541/1340/2200 1477/1335/2111 1475/1334/2110 
s 1969
f 1541/1383/2206 1539/1385/2198 1545/1384/2207 
s 1970
f 1545/1384/2207 1542/1386/2208 1541/1383/2206 
s 1971
f 1542/1387/2209 1545/1388/2210 1546/1385/2211 
s 1972
f 1433/1324/2050 1460/1348/2084 1435/1326/2052 
s 1973
f 813/1322/2212 1460/1348/2084 1433/1324/2050 
s 1974
f 1460/657/2086 813/659/1065 805/658/1067 
s 1975
f 1432/1321/2047 813/1322/2212 1433/1324/2050 
s 1976
f 1459/1323/2083 813/1322/2212 1432/1321/2047 
s 1977
f 1459/1320/2213 809/660/1066 813/659/1065 
s 1978
f 1459/1320/2213 836/1319/2214 809/660/1066 
s 1979
f 1459/1320/2213 838/1362/2215 836/1319/2214 
s 1980
f 836/1319/2214 838/1362/2215 835/1363/2216 
s 1981
f 1434/1325/2051 1459/1323/2083 1432/1321/2047 
s 1982
f 801/645/1049 822/672/1081 802/646/1050 
s 1983
f 1388/681/1990 841/674/1117 842/677/1119 
s 1984
f 840/680/1116 841/674/1117 1388/681/1990 
s 1985
f 840/680/1116 803/647/1051 841/674/1117 
s 1986
f 827/1407/2217 801/645/1049 839/679/1115 
s 1987
f 1518/1388/2179 1491/1371/2128 1489/1375/2125 
s 1988
f 1491/1371/2128 1518/1388/2179 1520/1385/2178 
s 1989
f 1520/1385/2178 1493/1375/2130 1491/1371/2128 
s 1990
f 1493/1375/2130 1520/1385/2178 1521/1388/2181 
s 1991
f 1493/1374/2131 1519/1385/2175 1486/1371/2121 
s 1992
f 1519/1385/2175 1493/1374/2131 1521/1384/2184 
s 1993
f 1546/1385/2211 1543/1383/2218 1542/1387/2209 
s 1994
f 1543/1383/2218 1546/1385/2211 1540/1388/2219 
s 1995
f 1540/1388/2219 1544/1387/2220 1543/1383/2218 
s 1996
f 1544/1386/2221 1540/1384/2199 1539/1385/2198 
s 1997
f 1539/1385/2198 1541/1383/2206 1544/1386/2221 
s 1998
f 1539/1385/2198 1508/1371/2156 1507/1374/2155 
s 1999
f 1507/1374/2155 1545/1384/2207 1539/1385/2198 
s 2000
f 1545/1388/2210 1507/1375/2157 1510/1371/2160 
s 2001
f 1510/1371/2160 1546/1385/2211 1545/1388/2210 
s 2002
f 1546/1385/2211 1510/1371/2160 1512/1375/2162 
s 2003
f 1512/1375/2162 1540/1388/2219 1546/1385/2211 
s 2004
f 1533/1408/2222 1535/1409/2223 1547/1410/2223 
s 2005
f 1547/1410/2223 1538/1411/2222 1533/1408/2222 
s 2006
f 1535/1409/2223 1534/1408/2224 1548/1411/2224 
s 2007
f 1548/1411/2224 1547/1410/2223 1535/1409/2223 
s 2008
f 1534/1408/2224 1532/1403/2194 1537/1406/2194 
s 2009
f 1537/1406/2194 1548/1411/2224 1534/1408/2224 
s 2010
f 1218/1128/1698 1220/1130/1700 1217/1127/1697 
s 2011
f 1224/1134/1704 1218/1128/1698 1217/1127/1697 
s 2012
f 1224/1134/1704 1217/1127/1697 1214/1124/1694 
s 2013
f 1217/1127/1697 1220/1130/1700 1215/1125/1695 
s 2014
f 1220/1130/1700 1226/1136/1706 1215/1125/1695 
s 2137
f 1549/1412/2225 1550/1413/2226 1551/1414/2227 
s 2138
f 1552/1415/2228 1553/1416/2229 1554/1417/2228 
s 2139
f 1553/1416/2229 1552/1415/2230 1555/1418/2230 
s 2140
f 1555/1416/2231 1556/1415/2232 1553/1418/2233 
s 2141
f 1556/1415/2232 1555/1416/2231 1557/1417/2234 
s 2142
f 1551/1419/2235 1558/1420/2236 1559/1421/2237 
s 2143
f 1560/1422/2238 1558/1420/2236 1550/1423/2239 
s 2144
f 1558/1420/2236 1551/1419/2235 1550/1423/2239 
s 2145
f 1550/1423/2239 1561/1424/2240 1562/1425/2241 
s 2146
f 1556/1426/2242 1558/1420/2236 1553/1427/2243 
s 2147
f 1553/1427/2243 1558/1420/2236 1554/1428/2244 
s 2148
f 1554/1428/2244 1558/1420/2236 1560/1422/2238 
s 2149
f 1562/1425/2241 1560/1422/2238 1550/1423/2239 
s 2150
f 1563/1429/2245 1564/1430/2245 1565/1431/2246 
s 2151
f 1565/1431/2246 1566/1432/2247 1563/1429/2247 
s 2152
f 1564/1430/2248 1567/1433/2248 1568/1434/2248 
s 2153
f 1568/1434/2248 1565/1431/2246 1564/1430/2248 
s 2154
f 1569/1433/2249 1570/1430/2249 1571/1431/2250 
s 2155
f 1564/1435/2251 1569/1436/2251 1567/1437/2251 
s 2156
f 1572/1438/2252 1569/1439/2253 1573/1440/2253 
s 2157
f 1574/1441/2252 1575/1442/2254 1576/1443/2255 
s 2158
f 1576/1443/2255 1572/1438/2252 1574/1441/2252 
s 2159
f 1575/1442/2256 1577/1444/2257 1578/1445/2256 
s 2160
f 1578/1445/2256 1576/1443/2255 1575/1442/2256 
s 2161
f 1577/1444/2257 1579/1446/2258 1580/1447/2259 
s 2162
f 1580/1447/2259 1578/1445/2259 1577/1444/2257 
s 2163
f 1579/1446/2258 1581/1448/2260 1582/1449/2260 
s 2164
f 1582/1449/2260 1580/1447/2261 1579/1446/2258 
s 2165
f 1581/1448/2260 1583/1450/2262 1584/1451/2262 
s 2166
f 1584/1451/2262 1582/1449/2260 1581/1448/2260 
s 2167
f 1583/1450/2262 1585/1452/2263 1586/1453/2264 
s 2168
f 1586/1453/2264 1584/1451/2262 1583/1450/2262 
s 2169
f 1585/1452/2265 1568/1454/2265 1567/1455/2265 
s 2170
f 1567/1455/2265 1586/1453/2265 1585/1452/2263 
s 2171
f 1551/1456/2266 1587/1457/2267 1549/1458/2268 
s 2172
f 1587/1457/2267 1551/1456/2266 1559/1459/2269 
s 2173
f 1550/1413/2226 1549/1412/2225 1588/1460/2270 
s 2174
f 1589/1461/2271 1590/1462/2271 1591/1463/2271 
s 2175
f 1561/1416/2272 1588/1415/2272 1592/1418/2273 
s 2176
f 1588/1415/2272 1561/1416/2272 1550/1417/2272 
s 2177
f 1593/1464/2274 1594/1465/2275 1595/1466/2276 
s 2178
f 1594/1465/2275 1593/1464/2274 1587/1467/2277 
s 2179
f 1596/1468/2278 1587/1467/2277 1593/1464/2274 
s 2180
f 1587/1467/2277 1596/1468/2278 1549/1469/2279 
s 2181
f 1597/1470/2280 1549/1469/2279 1596/1468/2278 
s 2182
f 1549/1469/2279 1597/1470/2280 1588/1471/2281 
s 2183
f 1598/1472/2282 1588/1471/2281 1597/1470/2280 
s 2184
f 1588/1471/2281 1598/1472/2282 1592/1473/2283 
s 2185
f 1599/1474/2284 1600/1475/2285 1601/1476/2286 
s 2186
f 1599/1474/2284 1602/1477/2287 1600/1475/2285 
s 2187
f 1603/1478/2288 1602/1477/2287 1599/1474/2284 
s 2188
f 1554/1416/2289 1604/1415/2290 1552/1418/2291 
s 2189
f 1604/1415/2290 1554/1416/2289 1560/1417/2292 
s 2190
f 1560/1416/2293 1605/1415/2294 1604/1418/2293 
s 2191
f 1605/1415/2294 1560/1416/2293 1562/1417/2294 
s 2192
f 1573/1440/2253 1574/1441/2252 1572/1438/2252 
s 2193
f 1592/1416/2295 1562/1415/2295 1561/1418/2295 
s 2194
f 1606/1466/2296 1555/1467/2297 1607/1464/2298 
s 2195
f 1555/1467/2297 1606/1466/2296 1557/1465/2299 
s 2196
f 1607/1464/2298 1552/1469/2300 1608/1468/2301 
s 2197
f 1552/1469/2300 1607/1464/2298 1555/1467/2297 
s 2198
f 1608/1468/2301 1604/1479/2302 1609/1480/2303 
s 2199
f 1604/1479/2302 1608/1468/2301 1552/1469/2304 
s 2200
f 1609/1480/2303 1605/1481/2305 1610/1482/2306 
s 2201
f 1605/1481/2305 1609/1480/2303 1604/1479/2302 
s 2202
f 1610/1482/2306 1592/1483/2307 1598/1484/2307 
s 2203
f 1592/1483/2308 1610/1482/2306 1605/1481/2305 
s 2204
f 1559/1485/2309 1594/1486/2309 1587/1487/2310 
s 2205
f 1611/1488/2311 1612/1489/2311 1613/1462/2311 
s 2206
f 1614/1490/2312 1615/1491/2312 1616/1492/2312 
s 2207
f 1616/1492/2312 1611/1461/2312 1614/1490/2312 
s 2208
f 1617/1492/2313 1618/1461/2313 1619/1462/2313 
s 2209
f 1619/1462/2313 1620/1463/2313 1617/1492/2313 
s 2210
f 1591/1463/2271 1621/1492/2271 1589/1461/2271 
s 2211
f 1620/1491/2314 1619/1490/2314 1589/1461/2314 
s 2212
f 1589/1461/2314 1621/1492/2314 1620/1491/2314 
s 2213
f 1619/1462/2315 1618/1461/2315 1590/1488/2315 
s 2214
f 1590/1488/2315 1589/1489/2315 1619/1462/2315 
s 2215
f 1618/1490/2316 1617/1491/2316 1591/1492/2316 
s 2216
f 1591/1492/2316 1590/1461/2316 1618/1490/2316 
s 2217
f 1622/1492/2317 1623/1461/2317 1624/1462/2317 
s 2218
f 1624/1462/2317 1625/1463/2317 1622/1492/2317 
s 2219
f 1626/1463/2318 1627/1492/2318 1628/1461/2318 
s 2220
f 1629/1491/2319 1630/1490/2319 1631/1461/2319 
s 2221
f 1631/1461/2319 1632/1492/2319 1629/1491/2319 
s 2222
f 1630/1488/2320 1633/1489/2320 1634/1462/2320 
s 2223
f 1634/1462/2321 1631/1461/2320 1630/1488/2320 
s 2224
f 1633/1490/2322 1635/1491/2322 1636/1492/2322 
s 2225
f 1636/1492/2322 1634/1461/2322 1633/1490/2322 
s 2226
f 1633/1461/2251 1630/1462/2251 1629/1463/2251 
s 2227
f 1629/1463/2251 1635/1492/2251 1633/1461/2251 
s 2228
f 1634/1462/2321 1636/1463/2323 1632/1492/2323 
s 2229
f 1626/1491/2324 1637/1490/2324 1623/1461/2324 
s 2230
f 1623/1461/2324 1622/1492/2324 1626/1491/2324 
s 2231
f 1637/1488/2325 1628/1489/2325 1624/1462/2325 
s 2232
f 1624/1462/2325 1623/1461/2325 1637/1488/2325 
s 2233
f 1628/1490/2326 1627/1491/2326 1625/1492/2326 
s 2234
f 1625/1492/2326 1624/1461/2326 1628/1490/2326 
s 2235
f 1628/1461/2318 1637/1462/2318 1626/1463/2318 
s 2236
f 1580/1493/2251 1582/1494/2251 1584/1495/2251 
s 2237
f 1572/1496/2251 1576/1497/2251 1580/1493/2251 
s 2238
f 1580/1493/2251 1576/1497/2251 1578/1498/2251 
s 2239
f 1573/1436/2323 1571/1499/2323 1565/1435/2323 
s 2240
f 1571/1499/2323 1638/1500/2323 1566/1501/2323 
s 2241
f 1573/1436/2323 1568/1437/2323 1574/1496/2323 
s 2242
f 1579/1493/2323 1577/1498/2323 1575/1497/2323 
s 2243
f 1579/1493/2323 1575/1497/2323 1574/1496/2323 
s 2244
f 1574/1496/2323 1585/1502/2323 1579/1493/2323 
s 2245
f 1585/1502/2323 1583/1495/2323 1579/1493/2323 
s 2246
f 1579/1493/2323 1583/1495/2323 1581/1494/2323 
s 2247
f 1574/1496/2323 1568/1437/2323 1585/1502/2323 
s 2248
f 1639/1472/2327 1640/1471/2328 1641/1473/2329 
s 2249
f 1573/1436/2323 1565/1435/2323 1568/1437/2323 
s 2250
f 1571/1499/2323 1566/1501/2323 1565/1435/2323 
s 2251
f 1638/1432/2330 1571/1431/2330 1570/1430/2330 
s 2252
f 1570/1430/2330 1642/1429/2330 1638/1432/2330 
s 2253
f 1571/1431/2250 1573/1434/2250 1569/1433/2249 
s 2254
f 1613/1462/2311 1614/1461/2311 1611/1488/2311 
s 2255
f 1612/1461/2331 1643/1492/2332 1644/1491/2331 
s 2256
f 1644/1491/2331 1613/1490/2331 1612/1461/2333 
s 2257
f 1612/1461/2333 1611/1462/2334 1616/1463/2334 
s 2258
f 1616/1463/2334 1643/1492/2332 1612/1461/2333 
s 2259
f 1613/1462/2335 1644/1463/2335 1615/1492/2335 
s 2260
f 1615/1492/2335 1614/1461/2335 1613/1462/2335 
s 2261
f 1566/1503/2336 1638/1504/2336 1642/1505/2336 
s 2262
f 1642/1505/2336 1563/1506/2336 1566/1503/2336 
s 2263
f 1569/1436/2251 1572/1496/2251 1567/1437/2251 
s 2264
f 1572/1496/2251 1580/1493/2251 1586/1502/2251 
s 2265
f 1567/1437/2251 1572/1496/2251 1586/1502/2251 
s 2266
f 1632/1492/2323 1631/1461/2323 1634/1462/2321 
s 2267
f 1570/1499/2251 1564/1435/2251 1563/1501/2251 
s 2268
f 1570/1499/2251 1563/1501/2251 1642/1500/2251 
s 2269
f 1570/1499/2251 1569/1436/2251 1564/1435/2251 
s 2270
f 1580/1493/2251 1584/1495/2251 1586/1502/2251 
s 2271
f 1595/1418/2337 1645/1417/2338 1646/1416/2339 
s 2272
f 1645/1417/2338 1595/1418/2337 1647/1415/2340 
s 2273
f 1648/1415/2341 1649/1416/2342 1650/1417/2343 
s 2274
f 1649/1416/2342 1648/1415/2341 1651/1418/2344 
s 2275
f 1651/1415/2345 1652/1416/2346 1649/1417/2347 
s 2276
f 1652/1416/2346 1651/1415/2345 1653/1418/2348 
s 2277
f 1653/1415/2349 1654/1416/2350 1652/1417/2351 
s 2278
f 1654/1416/2350 1653/1415/2349 1655/1418/2352 
s 2279
f 1655/1415/2353 1656/1416/2354 1654/1417/2355 
s 2280
f 1656/1416/2354 1655/1415/2353 1606/1418/2356 
s 2281
f 1650/1507/2357 1657/1508/2358 1658/1509/2359 
s 2282
f 1659/1510/2360 1657/1508/2358 1650/1507/2357 
s 2283
f 1649/1511/2361 1659/1510/2360 1650/1507/2357 
s 2284
f 1640/1471/2328 1639/1472/2327 1660/1470/2362 
s 2285
f 1661/1469/2363 1660/1470/2362 1662/1468/2364 
s 2286
f 1663/1479/2365 1653/1468/2366 1651/1480/2367 
s 2287
f 1651/1480/2367 1664/1481/2368 1663/1479/2365 
s 2288
f 1664/1481/2368 1651/1480/2367 1648/1482/2369 
s 2289
f 1648/1482/2369 1641/1483/2370 1664/1481/2368 
s 2290
f 1641/1483/2370 1648/1482/2369 1639/1484/2371 
s 2291
f 1594/1486/2309 1559/1485/2309 1665/1487/2372 
s 2292
f 1666/1512/2373 1665/1513/2374 1559/1514/2375 
s 2293
f 1665/1513/2374 1666/1512/2373 1661/1515/2376 
s 2294
f 1667/1417/2377 1661/1516/2378 1666/1459/2379 
s 2295
f 1661/1516/2378 1667/1417/2377 1640/1517/2380 
s 2296
f 1668/1518/2381 1640/1519/2381 1667/1520/2381 
s 2297
f 1640/1519/2381 1668/1518/2381 1641/1520/2381 
s 2298
f 1647/1464/2382 1594/1465/2275 1665/1467/2383 
s 2299
f 1594/1465/2275 1647/1464/2382 1595/1466/2276 
s 2300
f 1662/1468/2364 1665/1467/2383 1661/1469/2363 
s 2301
f 1665/1467/2383 1662/1468/2364 1647/1464/2382 
s 2302
f 1660/1470/2362 1661/1469/2363 1640/1471/2328 
s 2303
f 1669/1521/2384 1670/1522/2385 1671/1523/2386 
s 2304
f 1671/1523/2386 1659/1510/2360 1669/1521/2384 
s 2305
f 1659/1510/2360 1671/1523/2386 1657/1508/2358 
s 2306
f 1672/1524/2387 1670/1522/2385 1673/1525/2388 
s 2307
f 1670/1522/2385 1672/1524/2387 1674/1526/2389 
s 2308
f 1674/1526/2389 1671/1523/2386 1670/1522/2385 
s 2309
f 1671/1523/2386 1674/1526/2389 1675/1527/2390 
s 2310
f 1675/1527/2390 1657/1508/2358 1671/1523/2386 
s 2311
f 1657/1508/2358 1675/1527/2390 1658/1509/2359 
s 2312
f 1674/1526/2389 1646/1528/2391 1645/1529/2392 
s 2313
f 1646/1528/2391 1674/1526/2389 1672/1524/2387 
s 2314
f 1675/1527/2390 1645/1529/2392 1676/1530/2393 
s 2315
f 1645/1529/2392 1675/1527/2390 1674/1526/2389 
s 2316
f 1658/1509/2359 1676/1530/2393 1677/1531/2394 
s 2317
f 1676/1530/2393 1658/1509/2359 1675/1527/2390 
s 2318
f 1650/1507/2357 1677/1531/2394 1678/1532/2395 
s 2319
f 1677/1531/2394 1650/1507/2357 1658/1509/2359 
s 2320
f 1676/1417/2396 1647/1418/2397 1662/1415/2398 
s 2321
f 1647/1418/2397 1676/1417/2396 1645/1416/2399 
s 2322
f 1677/1417/2400 1662/1418/2401 1660/1415/2400 
s 2323
f 1662/1418/2401 1677/1417/2400 1676/1416/2401 
s 2324
f 1650/1416/2402 1639/1415/2403 1648/1418/2404 
s 2325
f 1639/1415/2403 1650/1416/2402 1678/1417/2405 
s 2326
f 1678/1417/2405 1660/1418/2406 1639/1415/2403 
s 2327
f 1660/1418/2406 1678/1417/2405 1677/1416/2407 
s 2328
f 1679/1533/2408 1654/1534/2409 1656/1535/2410 
s 2329
f 1654/1534/2409 1679/1533/2408 1680/1536/2411 
s 2330
f 1680/1536/2411 1652/1537/2412 1654/1534/2409 
s 2331
f 1652/1537/2412 1680/1536/2411 1669/1521/2384 
s 2332
f 1669/1521/2384 1649/1511/2361 1652/1537/2412 
s 2333
f 1649/1511/2361 1669/1521/2384 1659/1510/2360 
s 2334
f 1673/1525/2388 1680/1536/2411 1679/1533/2408 
s 2335
f 1680/1536/2411 1673/1525/2388 1670/1522/2385 
s 2336
f 1670/1522/2385 1669/1521/2384 1680/1536/2411 
s 2337
f 1681/1538/2413 1682/1539/2414 1683/1540/2415 
s 2338
f 1684/1541/2416 1672/1524/2387 1673/1525/2388 
s 2339
f 1672/1524/2387 1684/1541/2416 1681/1538/2413 
s 2340
f 1600/1475/2285 1682/1539/2414 1685/1542/2417 
s 2341
f 1682/1539/2414 1600/1475/2285 1602/1477/2287 
s 2342
f 1685/1542/2417 1684/1541/2416 1686/1543/2418 
s 2343
f 1684/1541/2416 1685/1542/2417 1682/1539/2414 
s 2344
f 1686/1543/2418 1673/1525/2388 1679/1533/2408 
s 2345
f 1673/1525/2388 1686/1543/2418 1684/1541/2416 
s 2346
f 1601/1476/2286 1685/1542/2417 1687/1544/2419 
s 2347
f 1685/1542/2417 1601/1476/2286 1600/1475/2285 
s 2348
f 1687/1544/2419 1686/1543/2418 1688/1545/2420 
s 2349
f 1686/1543/2418 1687/1544/2419 1685/1542/2417 
s 2350
f 1688/1545/2420 1679/1533/2408 1656/1535/2410 
s 2351
f 1679/1533/2408 1688/1545/2420 1686/1543/2418 
s 2352
f 1597/1415/2421 1689/1416/2422 1598/1418/2422 
s 2353
f 1656/1416/2354 1607/1415/2423 1688/1417/2424 
s 2354
f 1607/1415/2423 1656/1416/2354 1606/1418/2356 
s 2355
f 1688/1416/2425 1608/1415/2426 1687/1417/2427 
s 2356
f 1608/1415/2426 1688/1416/2425 1607/1418/2428 
s 2357
f 1687/1416/2429 1609/1415/2430 1601/1417/2431 
s 2358
f 1609/1415/2430 1687/1416/2429 1608/1418/2432 
s 2359
f 1690/1546/2433 1603/1478/2288 1691/1547/2434 
s 2360
f 1601/1416/2435 1610/1415/2436 1599/1417/2437 
s 2361
f 1610/1415/2436 1601/1416/2435 1609/1418/2438 
s 2362
f 1692/1416/2439 1595/1415/2440 1646/1417/2441 
s 2363
f 1595/1415/2440 1692/1416/2439 1593/1418/2442 
s 2364
f 1690/1416/2443 1593/1415/2444 1692/1417/2445 
s 2365
f 1593/1415/2444 1690/1416/2443 1596/1418/2398 
s 2366
f 1691/1416/2446 1596/1415/2447 1690/1417/2447 
s 2367
f 1596/1415/2447 1691/1416/2446 1597/1418/2448 
s 2368
f 1599/1416/2449 1598/1415/2450 1689/1417/2451 
s 2369
f 1598/1415/2450 1599/1416/2449 1610/1418/2452 
s 2370
f 1689/1416/2422 1597/1415/2421 1691/1417/2421 
s 2371
f 1693/1425/2453 1667/1423/2454 1694/1422/2455 
s 2372
f 1558/1420/2236 1666/1548/2456 1559/1421/2237 
s 2373
f 1556/1418/2457 1695/1417/2458 1696/1415/2459 
s 2374
f 1695/1417/2458 1556/1418/2457 1557/1416/2234 
s 2375
f 1696/1418/2460 1697/1417/2461 1698/1415/2462 
s 2376
f 1697/1417/2461 1696/1418/2460 1695/1416/2294 
s 2377
f 1562/1416/2463 1592/1415/2463 1605/1418/2463 
s 2378
f 1663/1417/2464 1698/1418/2465 1697/1416/2466 
s 2379
f 1694/1418/2467 1664/1417/2468 1693/1415/2469 
s 2380
f 1664/1417/2468 1694/1418/2467 1663/1416/2470 
s 2381
f 1693/1418/2471 1641/1417/2472 1668/1415/2472 
s 2382
f 1641/1417/2472 1693/1418/2471 1664/1416/2473 
s 2383
f 1606/1466/2296 1695/1467/2474 1557/1465/2299 
s 2384
f 1695/1467/2474 1606/1466/2296 1655/1464/2475 
s 2385
f 1655/1464/2475 1697/1469/2476 1695/1467/2474 
s 2386
f 1697/1469/2476 1655/1464/2475 1653/1468/2366 
s 2387
f 1653/1468/2366 1663/1479/2365 1697/1469/2476 
s 2388
f 1682/1539/2414 1681/1538/2413 1684/1541/2416 
s 2389
f 1683/1540/2415 1602/1477/2287 1603/1478/2288 
s 2390
f 1602/1477/2287 1683/1540/2415 1682/1539/2414 
s 2391
f 1681/1538/2413 1646/1528/2391 1672/1524/2387 
s 2392
f 1646/1528/2391 1681/1538/2413 1692/1549/2477 
s 2393
f 1683/1540/2415 1692/1549/2477 1681/1538/2413 
s 2394
f 1692/1549/2477 1683/1540/2415 1690/1546/2433 
s 2395
f 1603/1478/2288 1690/1546/2433 1683/1540/2415 
s 2396
f 1699/1357/2478 1700/1550/2479 1701/1551/2479 
s 2397
f 1599/1474/2284 1691/1547/2434 1603/1478/2288 
s 2398
f 1691/1547/2434 1599/1474/2284 1689/1552/2480 
s 2399
f 1558/1420/2236 1667/1423/2454 1666/1419/2481 
s 2400
f 1558/1420/2236 1698/1428/2482 1694/1422/2455 
s 2401
f 1558/1420/2236 1696/1427/2483 1698/1428/2482 
s 2402
f 1558/1420/2236 1556/1426/2242 1696/1553/2484 
s 2403
f 1693/1425/2453 1668/1424/2485 1667/1423/2454 
s 2404
f 1558/1420/2236 1694/1422/2455 1667/1423/2454 
s 2405
f 1702/1554/2486 1703/1555/2486 1704/1556/2486 
s 2406
f 1704/1556/2486 1705/1557/2486 1702/1554/2486 
s 2407
f 1705/1557/2487 1704/1556/2487 1706/1558/2487 
s 2408
f 1706/1558/2488 1707/1559/2488 1705/1557/2488 
s 2409
f 1703/1555/2489 1702/1554/2489 1704/1556/2489 
s 2410
f 1705/1557/2489 1704/1556/2489 1702/1554/2489 
s 2411
f 1704/1556/2490 1705/1557/2490 1706/1558/2490 
s 2412
f 1707/1559/2491 1706/1558/2491 1705/1557/2491 
s 2413
f 1708/1560/2492 1709/1561/2492 1710/1562/2492 
s 2414
f 1699/1563/2492 1708/1560/2492 1710/1562/2492 
s 2415
f 1698/1418/2465 1663/1417/2464 1694/1415/2493 
s 2416
f 1700/1564/2492 1699/1563/2492 1710/1562/2492 
s 2417
f 1711/1554/2494 1712/1555/2494 1713/1556/2494 
s 2418
f 1713/1556/2494 1714/1557/2494 1711/1554/2494 
s 2419
f 1714/1557/2495 1713/1556/2495 1715/1558/2495 
s 2420
f 1715/1558/2496 1716/1559/2496 1714/1557/2496 
s 2421
f 1712/1555/2497 1711/1554/2497 1713/1556/2497 
s 2422
f 1714/1557/2497 1713/1556/2497 1711/1554/2497 
s 2423
f 1713/1556/2498 1714/1557/2498 1715/1558/2498 
s 2424
f 1716/1559/2499 1715/1558/2499 1714/1557/2499 
s 2425
f 1717/1565/2500 1718/1392/2501 1708/1389/2501 
s 2426
f 1708/1389/2501 1699/1357/2478 1717/1565/2500 
s 2427
f 1718/1392/2501 1719/1566/2502 1709/1567/2503 
s 2428
f 1709/1567/2504 1708/1389/2501 1718/1392/2501 
s 2429
f 1719/1566/2502 1720/1392/2505 1710/1389/2505 
s 2430
f 1710/1389/2505 1709/1567/2504 1719/1566/2502 
s 2431
f 1720/1565/2506 1701/1551/2479 1700/1550/2479 
s 2432
f 1700/1550/2479 1710/1357/2507 1720/1565/2506 
s 2433
f 1701/1551/2479 1717/1565/2500 1699/1357/2508 
s 2434
f 1721/1568/2509 1722/1569/2510 1723/1570/2511 
s 2435
f 1723/1569/2512 1724/1568/2513 1721/1571/2514 
s 2436
f 1724/1568/2513 1723/1569/2512 1725/1570/2515 
s 2437
f 1725/1569/2516 1726/1568/2517 1724/1571/2518 
s 2438
f 1726/1568/2517 1725/1569/2516 1727/1570/2519 
s 2439
f 1728/1569/2520 1729/1568/2521 1730/1571/2522 
s 2440
f 1729/1568/2521 1728/1569/2520 1731/1570/2523 
s 2441
f 1732/1569/2524 1730/1568/2525 1733/1571/2526 
s 2442
f 1730/1568/2525 1732/1569/2524 1728/1570/2527 
s 2443
f 1734/1569/2528 1733/1568/2529 1735/1571/2530 
s 2444
f 1733/1568/2529 1734/1569/2528 1732/1570/2531 
s 2445
f 1736/1569/2532 1735/1568/2533 1737/1571/2534 
s 2446
f 1735/1568/2533 1736/1569/2532 1734/1570/2535 
s 2447
f 1738/1572/2536 1739/1573/2537 1731/1574/2538 
s 2448
f 1738/1572/2536 1731/1574/2538 1740/1575/2539 
s 2449
f 1740/1575/2539 1731/1574/2538 1728/1576/2540 
s 2450
f 1741/1577/2541 1742/1578/2542 1743/1579/2543 
s 2451
f 1742/1578/2542 1741/1577/2541 1744/1580/2544 
s 2452
f 1744/1580/2544 1745/1581/2545 1742/1578/2542 
s 2453
f 1745/1581/2545 1744/1580/2544 1721/1582/2546 
s 2454
f 1721/1582/2546 1746/1583/2547 1745/1581/2545 
s 2455
f 1727/1584/2548 1747/1585/2549 1748/1586/2550 
s 2456
f 1749/1587/2551 1738/1572/2536 1750/1588/2552 
s 2457
f 1738/1572/2536 1749/1587/2551 1739/1573/2537 
s 2458
f 1747/1585/2549 1750/1588/2552 1751/1589/2553 
s 2459
f 1752/1583/2554 1737/1590/2555 1735/1591/2556 
s 2460
f 1748/1586/2550 1751/1589/2553 1753/1592/2557 
s 2461
f 1751/1589/2553 1748/1586/2550 1747/1585/2549 
s 2462
f 1750/1588/2552 1740/1575/2539 1754/1593/2558 
s 2463
f 1740/1575/2539 1750/1588/2552 1738/1572/2536 
s 2464
f 1751/1589/2553 1754/1593/2558 1755/1594/2559 
s 2465
f 1754/1593/2558 1751/1589/2553 1750/1588/2552 
s 2466
f 1753/1592/2557 1755/1594/2559 1756/1595/2560 
s 2467
f 1755/1594/2559 1753/1592/2557 1751/1589/2553 
s 2468
f 1754/1593/2558 1728/1576/2540 1732/1596/2561 
s 2469
f 1728/1576/2540 1754/1593/2558 1740/1575/2539 
s 2470
f 1755/1594/2559 1732/1596/2561 1734/1597/2562 
s 2471
f 1732/1596/2561 1755/1594/2559 1754/1593/2558 
s 2472
f 1756/1595/2560 1734/1597/2562 1736/1598/2563 
s 2473
f 1734/1597/2562 1756/1595/2560 1755/1594/2559 
s 2474
f 1757/1569/2564 1744/1568/2565 1741/1571/2564 
s 2475
f 1744/1568/2565 1757/1569/2564 1722/1570/2565 
s 2476
f 1731/1569/2566 1741/1568/2567 1729/1571/2568 
s 2477
f 1741/1568/2567 1731/1569/2566 1757/1570/2569 
s 2478
f 1758/1599/2570 1759/1600/2571 1760/1601/2572 
s 2479
f 1758/1599/2570 1761/1602/2573 1762/1603/2574 
s 2480
f 1759/1600/2571 1758/1599/2570 1762/1603/2574 
s 2481
f 1763/1604/2575 1762/1603/2574 1764/1605/2576 
s 2482
f 1758/1599/2570 1765/1606/2577 1766/1607/2578 
s 2483
f 1758/1599/2570 1766/1607/2578 1767/1608/2579 
s 2484
f 1758/1599/2570 1767/1608/2579 1761/1602/2573 
s 2485
f 1722/1569/2510 1721/1568/2509 1744/1571/2580 
s 2486
f 1768/1609/2581 1769/1610/2581 1770/1611/2581 
s 2487
f 1770/1611/2581 1771/1610/2581 1768/1609/2581 
s 2488
f 1772/1612/2582 1768/1613/2583 1771/1614/2584 
s 2489
f 1771/1614/2584 1773/1615/2585 1772/1612/2582 
s 2490
f 1774/1616/2586 1772/1617/2587 1773/1618/2588 
s 2491
f 1773/1618/2588 1760/1619/2589 1774/1616/2586 
s 2492
f 1775/1620/2590 1774/1621/2591 1760/1622/2590 
s 2493
f 1742/1623/2592 1762/1614/2592 1763/1624/2593 
s 2494
f 1763/1624/2593 1743/1625/2593 1742/1623/2592 
s 2495
f 1745/1626/2594 1759/1627/2595 1762/1628/2596 
s 2496
f 1762/1628/2596 1742/1629/2597 1745/1626/2594 
s 2497
f 1746/1630/2598 1760/1631/2599 1759/1632/2600 
s 2498
f 1759/1632/2600 1745/1633/2601 1746/1630/2598 
s 2499
f 1760/1622/2590 1746/1621/2602 1775/1620/2590 
s 2500
f 1746/1583/2547 1721/1582/2546 1724/1591/2603 
s 2501
f 1724/1591/2603 1775/1634/2604 1746/1583/2547 
s 2502
f 1775/1634/2604 1724/1591/2603 1726/1590/2605 
s 2503
f 1729/1635/2606 1743/1636/2607 1776/1637/2608 
s 2504
f 1743/1636/2609 1729/1635/2606 1741/1638/2609 
s 2505
f 1730/1639/2610 1776/1637/2608 1777/1640/2611 
s 2506
f 1776/1637/2608 1730/1639/2610 1729/1635/2606 
s 2507
f 1733/1582/2612 1777/1640/2611 1778/1581/2613 
s 2508
f 1777/1640/2611 1733/1582/2612 1730/1639/2610 
s 2509
f 1735/1591/2556 1778/1581/2613 1752/1583/2554 
s 2510
f 1778/1581/2613 1735/1591/2556 1733/1582/2612 
s 2511
f 1737/1590/2555 1752/1583/2554 1779/1634/2614 
s 2512
f 1764/1568/2615 1743/1569/2615 1763/1571/2615 
s 2513
f 1743/1568/2616 1764/1569/2616 1776/1571/2616 
s 2514
f 1761/1569/2617 1776/1568/2618 1764/1570/2619 
s 2515
f 1776/1568/2618 1761/1569/2617 1777/1571/2617 
s 2516
f 1767/1569/2620 1777/1568/2621 1761/1570/2622 
s 2517
f 1777/1568/2621 1767/1569/2620 1778/1571/2623 
s 2518
f 1766/1569/2624 1778/1568/2625 1767/1570/2625 
s 2519
f 1778/1568/2626 1766/1569/2624 1752/1571/2626 
s 2520
f 1765/1568/2627 1752/1569/2628 1766/1571/2626 
s 2521
f 1752/1569/2628 1765/1568/2627 1779/1570/2629 
s 2522
f 1780/1641/2630 1781/1642/2631 1782/1643/2632 
s 2523
f 1756/1595/2560 1782/1643/2632 1781/1642/2631 
s 2524
f 1782/1643/2632 1756/1595/2560 1736/1598/2563 
s 2525
f 1783/1570/2633 1784/1571/2634 1785/1569/2634 
s 2526
f 1784/1571/2634 1783/1570/2633 1786/1568/2635 
s 2527
f 1787/1569/2636 1786/1568/2635 1783/1570/2633 
s 2528
f 1786/1568/2635 1787/1569/2636 1788/1571/2637 
s 2529
f 1785/1570/2638 1789/1571/2639 1790/1569/2640 
s 2530
f 1789/1571/2639 1785/1570/2638 1784/1568/2638 
s 2531
f 1790/1570/2641 1791/1571/2642 1792/1569/2643 
s 2532
f 1791/1571/2642 1790/1570/2641 1789/1568/2514 
s 2533
f 1792/1570/2644 1726/1571/2645 1727/1569/2646 
s 2534
f 1726/1571/2645 1792/1570/2644 1791/1568/2647 
s 2535
f 1793/1569/2648 1788/1568/2649 1787/1570/2650 
s 2536
f 1788/1568/2649 1793/1569/2648 1794/1571/2651 
s 2537
f 1761/1602/2573 1764/1605/2576 1762/1603/2574 
s 2538
f 1780/1569/2652 1794/1568/2653 1793/1570/2654 
s 2539
f 1794/1568/2653 1780/1569/2652 1795/1571/2655 
s 2540
f 1782/1569/2656 1795/1568/2657 1780/1570/2658 
s 2541
f 1795/1568/2657 1782/1569/2656 1796/1571/2659 
s 2542
f 1736/1569/2532 1796/1568/2660 1782/1570/2661 
s 2543
f 1796/1568/2660 1736/1569/2532 1737/1571/2534 
s 2544
f 1797/1644/2662 1787/1645/2663 1798/1646/2664 
s 2545
f 1787/1645/2663 1785/1647/2665 1798/1646/2664 
s 2546
f 1785/1647/2665 1787/1645/2663 1783/1648/2666 
s 2547
f 1798/1646/2664 1790/1649/2667 1799/1650/2668 
s 2548
f 1790/1649/2667 1798/1646/2664 1785/1647/2665 
s 2549
f 1799/1650/2668 1792/1651/2669 1800/1652/2670 
s 2550
f 1792/1651/2669 1799/1650/2668 1790/1649/2667 
s 2551
f 1800/1652/2670 1727/1584/2548 1748/1586/2550 
s 2552
f 1727/1584/2548 1800/1652/2670 1792/1651/2669 
s 2553
f 1799/1650/2668 1797/1644/2662 1798/1646/2664 
s 2554
f 1797/1644/2662 1799/1650/2668 1801/1653/2671 
s 2555
f 1800/1652/2670 1801/1653/2671 1799/1650/2668 
s 2556
f 1801/1653/2671 1800/1652/2670 1802/1654/2672 
s 2557
f 1748/1586/2550 1802/1654/2672 1800/1652/2670 
s 2558
f 1802/1654/2672 1748/1586/2550 1753/1592/2557 
s 2559
f 1801/1653/2671 1803/1655/2673 1797/1644/2662 
s 2560
f 1803/1655/2673 1801/1653/2671 1804/1656/2674 
s 2561
f 1802/1654/2672 1804/1656/2674 1801/1653/2671 
s 2562
f 1804/1656/2674 1802/1654/2672 1781/1642/2631 
s 2563
f 1753/1592/2557 1781/1642/2631 1802/1654/2672 
s 2564
f 1781/1642/2631 1753/1592/2557 1756/1595/2560 
s 2565
f 1804/1656/2674 1793/1657/2675 1803/1655/2673 
s 2566
f 1793/1657/2675 1804/1656/2674 1780/1641/2630 
s 2567
f 1781/1642/2631 1780/1641/2630 1804/1656/2674 
s 2568
f 1805/1570/2676 1806/1571/2677 1807/1568/2678 
s 2569
f 1808/1571/2679 1809/1570/2680 1810/1569/2681 
s 2570
f 1809/1570/2680 1808/1571/2679 1806/1568/2682 
s 2571
f 1811/1571/2683 1810/1570/2684 1812/1569/2618 
s 2572
f 1810/1570/2684 1811/1571/2683 1808/1568/2685 
s 2573
f 1765/1571/2627 1812/1570/2686 1779/1569/2629 
s 2574
f 1812/1570/2686 1765/1571/2627 1811/1568/2687 
s 2575
f 1773/1658/2688 1758/1599/2570 1760/1601/2572 
s 2576
f 1771/1603/2689 1807/1605/2690 1806/1602/2691 
s 2577
f 1806/1602/2691 1758/1599/2570 1771/1603/2689 
s 2578
f 1770/1604/2692 1807/1605/2690 1771/1603/2689 
s 2579
f 1765/1606/2577 1758/1599/2570 1811/1659/2693 
s 2580
f 1811/1607/2694 1758/1599/2570 1808/1608/2695 
s 2581
f 1808/1608/2695 1758/1599/2570 1806/1602/2691 
s 2582
f 1771/1603/2689 1758/1599/2570 1773/1600/2696 
s 2583
f 1731/1574/2538 1722/1660/2697 1757/1661/2698 
s 2584
f 1722/1660/2697 1731/1574/2538 1739/1573/2537 
s 2585
f 1739/1573/2537 1723/1662/2699 1722/1660/2697 
s 2586
f 1723/1662/2699 1739/1573/2537 1749/1587/2551 
s 2587
f 1749/1587/2551 1725/1663/2700 1723/1662/2699 
s 2588
f 1725/1663/2700 1749/1587/2551 1747/1585/2549 
s 2589
f 1747/1585/2549 1727/1584/2548 1725/1663/2700 
s 2590
f 1803/1655/2673 1793/1657/2675 1787/1645/2663 
s 2591
f 1786/1577/2701 1768/1578/2702 1784/1580/2703 
s 2592
f 1768/1578/2702 1786/1577/2701 1769/1579/2704 
s 2593
f 1784/1580/2703 1772/1581/2705 1789/1582/2706 
s 2594
f 1772/1581/2705 1784/1580/2703 1768/1578/2702 
s 2595
f 1789/1582/2706 1774/1583/2707 1791/1591/2708 
s 2596
f 1774/1583/2707 1789/1582/2706 1772/1581/2705 
s 2597
f 1791/1591/2708 1775/1634/2604 1726/1590/2605 
s 2598
f 1775/1634/2604 1791/1591/2708 1774/1583/2707 
s 2599
f 1788/1635/2709 1769/1636/2710 1786/1638/2711 
s 2600
f 1769/1636/2710 1788/1635/2709 1805/1637/2712 
s 2601
f 1794/1639/2713 1805/1637/2712 1788/1635/2709 
s 2602
f 1805/1637/2712 1794/1639/2713 1809/1640/2714 
s 2603
f 1795/1582/2715 1809/1640/2714 1794/1639/2713 
s 2604
f 1809/1640/2714 1795/1582/2715 1810/1581/2716 
s 2605
f 1796/1591/2717 1810/1581/2716 1795/1582/2715 
s 2606
f 1810/1581/2716 1796/1591/2717 1812/1583/2718 
s 2607
f 1737/1590/2555 1812/1583/2718 1796/1591/2717 
s 2608
f 1812/1583/2718 1737/1590/2555 1779/1634/2614 
s 2609
f 1807/1571/2719 1769/1570/2720 1805/1569/2721 
s 2610
f 1769/1570/2720 1807/1571/2719 1770/1568/2722 
s 2611
f 1806/1571/2677 1805/1570/2676 1809/1569/2723 
s 2612
f 1813/1565/2724 1814/1392/2725 1815/1389/2726 
s 2613
f 1815/1389/2726 1816/1357/2727 1813/1565/2724 
s 2614
f 1814/1392/2725 1817/1664/2728 1818/1665/2729 
s 2615
f 1750/1588/2552 1747/1585/2549 1749/1587/2551 
s 2616
f 1818/1665/2730 1815/1389/2729 1814/1392/2725 
s 2617
f 1817/1664/2728 1819/1392/2731 1820/1389/2731 
s 2618
f 1820/1389/2731 1818/1665/2730 1817/1664/2728 
s 2619
f 1819/1565/2732 1821/1359/2733 1822/1358/2734 
s 2620
f 1822/1358/2732 1820/1357/2732 1819/1565/2732 
s 2621
f 1821/1359/2733 1813/1565/2724 1816/1357/2735 
s 2622
f 1816/1357/2727 1822/1358/2734 1821/1359/2733 
s 2623
f 1815/1560/2736 1818/1666/2736 1820/1667/2736 
s 2624
f 1816/1668/2736 1815/1560/2736 1820/1667/2736 
s 2625
f 1822/1669/2736 1816/1668/2736 1820/1667/2736 
s 2626
f 1823/1670/2737 1824/1671/2737 1825/1396/2737 
s 2627
f 1825/1396/2737 1826/1672/2737 1823/1670/2737 
s 2628
f 1826/1672/2738 1825/1396/2738 1827/1673/2738 
s 2629
f 1827/1673/2739 1828/1674/2739 1826/1672/2739 
s 2630
f 1824/1671/2740 1823/1670/2740 1825/1396/2740 
s 2631
f 1826/1672/2740 1825/1396/2740 1823/1670/2740 
s 2632
f 1825/1396/2741 1826/1672/2741 1827/1673/2741 
s 2633
f 1828/1674/2742 1827/1673/2742 1826/1672/2742 
s 2634
f 1829/1670/2743 1830/1671/2743 1831/1396/2743 
s 2635
f 1831/1396/2743 1832/1672/2743 1829/1670/2743 
s 2636
f 1832/1672/2744 1831/1396/2744 1833/1673/2744 
s 2637
f 1833/1673/2745 1834/1674/2745 1832/1672/2745 
s 2638
f 1830/1671/2746 1829/1670/2746 1831/1396/2746 
s 2639
f 1832/1672/2746 1831/1396/2746 1829/1670/2746 
s 2640
f 1831/1396/2747 1832/1672/2747 1833/1673/2747 
s 2641
f 1834/1674/2748 1833/1673/2748 1832/1672/2748 
s 2642
f 1797/1644/2662 1803/1655/2673 1787/1645/2663 
s 1
f 1835/1675/2749 1836/1676/2749 1837/1677/2749 
s 2
f 1838/1678/2750 1837/1677/2751 1836/1676/2752 
s 3
f 1839/1679/2753 1835/1680/2754 1840/1681/2755 
s 4
f 1837/1682/2756 1840/1681/2755 1835/1680/2756 
s 5
f 1841/1683/2757 1839/1679/2753 1842/1684/2758 
s 6
f 1840/1681/2755 1842/1684/2758 1839/1679/2753 
s 7
f 1843/1685/2759 1844/1686/2760 1845/1687/2761 
s 8
f 1846/1688/2762 1847/1689/2763 1848/1690/2764 
s 9
f 1849/1691/2765 1850/1692/2766 1846/1688/2762 
s 10
f 1851/1693/2767 1852/1694/2768 1849/1691/2765 
s 11
f 1852/1694/2768 1853/1695/2769 1849/1691/2765 
s 12
f 1854/1696/2770 1855/1697/2771 1856/1698/2772 
s 13
f 1857/1699/2773 1856/1698/2772 1855/1697/2771 
s 14
f 1856/1698/2772 1857/1699/2773 1858/1700/2774 
s 15
f 1859/1701/2775 1858/1700/2774 1857/1699/2773 
s 16
f 1858/1700/2776 1859/1701/2775 1860/1702/2777 
s 17
f 1861/1703/2778 1860/1702/2777 1859/1701/2775 
s 18
f 1860/1702/2777 1861/1703/2778 1862/1704/2779 
s 19
f 1863/1705/2780 1862/1704/2779 1861/1703/2778 
s 20
f 1862/1704/2779 1863/1705/2780 1864/1706/2781 
s 21
f 1865/1707/2782 1864/1706/2781 1863/1705/2780 
s 22
f 1864/1706/2781 1865/1707/2782 1866/1708/2783 
s 23
f 1867/1709/2784 1866/1708/2783 1865/1707/2782 
s 24
f 1866/1708/2783 1867/1709/2784 1868/1710/2785 
s 25
f 1854/1696/2770 1869/1711/2786 1868/1710/2785 
s 26
f 1870/1712/2787 1871/1713/2788 1872/1714/2789 
s 27
f 1871/1713/2788 1870/1712/2787 1873/1715/2790 
s 28
f 1874/1716/2791 1875/1717/2792 1876/1718/2793 
s 29
f 1877/1719/2794 1876/1718/2793 1875/1717/2792 
s 30
f 1876/1718/2793 1877/1719/2794 1878/1720/2795 
s 31
f 1879/1721/2796 1880/1722/2797 1881/1723/2798 
s 32
f 1880/1722/2797 1879/1721/2796 1882/1724/2799 
s 33
f 1883/1725/2800 1874/1716/2791 1884/1726/2801 
s 34
f 1885/1727/2802 1882/1724/2799 1879/1721/2796 
s 35
f 1882/1724/2799 1885/1727/2802 1886/1728/2803 
s 36
f 1887/1729/2804 1888/1730/2805 1889/1731/2806 
s 37
f 1888/1730/2805 1887/1729/2804 1890/1732/2807 
s 38
f 1891/1733/2808 1878/1720/2795 1877/1719/2794 
s 39
f 1878/1720/2795 1891/1733/2808 1892/1734/2809 
s 40
f 1881/1723/2798 1893/1735/2810 1894/1736/2811 
s 41
f 1895/1737/2812 1896/1738/2813 1897/1739/2814 
s 42
f 1898/1740/2815 1896/1741/2815 1899/1742/2815 
s 43
f 1895/1742/2816 1897/1741/2816 1900/1740/2816 
s 44
f 1901/1743/2817 1900/1744/2818 1898/1745/2819 
s 45
f 1900/1744/2818 1901/1743/2817 1902/1746/2817 
s 46
f 1903/1747/2820 1904/1748/2821 1905/1749/2822 
s 47
f 1904/1748/2821 1903/1747/2820 1906/1750/2823 
s 48
f 1899/1742/2815 1901/1751/2815 1898/1740/2815 
s 49
f 1902/1751/2816 1895/1742/2816 1900/1740/2816 
s 50
f 1907/1752/2824 1908/1753/2824 1909/1754/2824 
s 51
f 1908/1753/2824 1907/1752/2824 1910/1755/2824 
s 52
f 1911/1756/2825 1909/1757/2826 1912/1758/2826 
s 53
f 1909/1757/2826 1911/1756/2825 1907/1759/2827 
s 54
f 1913/1755/2828 1912/1754/2829 1914/1753/2830 
s 55
f 1915/1760/2831 1868/1710/2785 1867/1709/2784 
s 56
f 1868/1710/2785 1915/1760/2831 1854/1696/2770 
s 57
f 1855/1697/2771 1854/1696/2770 1915/1760/2831 
s 58
f 1916/1761/2832 1917/1762/2833 1918/1763/2834 
s 59
f 1919/1764/2835 1920/1765/2836 1921/1766/2837 
s 60
f 1920/1765/2836 1919/1764/2835 1922/1767/2838 
s 61
f 1923/1768/2839 1924/1769/2840 1925/1770/2841 
s 62
f 1869/1711/2786 1854/1696/2770 1926/1771/2842 
s 63
f 1856/1698/2772 1926/1771/2842 1854/1696/2770 
s 64
f 1926/1771/2843 1856/1698/2772 1927/1772/2844 
s 65
f 1858/1700/2774 1927/1772/2844 1856/1698/2772 
s 66
f 1927/1772/2844 1858/1700/2774 1928/1773/2845 
s 67
f 1860/1702/2777 1928/1773/2845 1858/1700/2774 
s 68
f 1928/1773/2845 1860/1702/2777 1929/1774/2846 
s 69
f 1868/1710/2785 1930/1775/2847 1866/1708/2783 
s 70
f 1930/1775/2847 1868/1710/2785 1869/1711/2786 
s 71
f 1931/1776/2848 1862/1704/2779 1892/1734/2809 
s 72
f 1892/1734/2809 1862/1704/2779 1864/1706/2781 
s 73
f 1892/1734/2809 1864/1706/2781 1878/1720/2795 
s 74
f 1878/1720/2795 1864/1706/2781 1876/1718/2793 
s 75
f 1876/1718/2793 1864/1706/2781 1866/1708/2783 
s 76
f 1876/1718/2793 1866/1708/2783 1874/1716/2791 
s 77
f 1874/1716/2791 1866/1708/2783 1930/1775/2847 
s 78
f 1882/1724/2799 1932/1777/2849 1880/1722/2797 
s 79
f 1880/1722/2797 1932/1777/2849 1929/1774/2846 
s 80
f 1933/1778/2850 1934/1779/2851 1935/1780/2852 
s 81
f 1935/1780/2852 1936/1781/2853 1937/1782/2854 
s 82
f 1934/1779/2851 1938/1783/2855 1935/1780/2852 
s 83
f 1938/1783/2855 1934/1779/2851 1939/1784/2856 
s 84
f 1938/1783/2855 1940/1785/2857 1936/1781/2853 
s 85
f 1936/1781/2853 1940/1785/2857 1941/1786/2858 
s 86
f 1941/1786/2858 1940/1785/2857 1873/1715/2790 
s 87
f 1873/1715/2790 1940/1785/2857 1871/1713/2788 
s 88
f 1942/1787/2859 1940/1785/2857 1943/1788/2860 
s 89
f 1939/1784/2856 1940/1785/2857 1938/1783/2855 
s 90
f 1944/1789/2861 1945/1790/2862 1852/1791/2863 
s 91
f 1851/1792/2864 1946/1793/2865 1947/1794/2866 
s 92
f 1945/1695/2867 1948/1688/2868 1949/1692/2869 
s 93
f 1944/1694/2870 1946/1691/2871 1945/1695/2867 
s 94
f 1947/1693/2872 1946/1691/2871 1944/1694/2870 
s 95
f 1946/1691/2871 1948/1688/2868 1945/1695/2867 
s 96
f 1948/1688/2868 1950/1689/2873 1949/1692/2869 
s 97
f 1951/1690/2874 1950/1689/2873 1948/1688/2868 
s 98
f 1880/1722/2797 1929/1774/2846 1893/1735/2810 
s 99
f 1874/1716/2791 1930/1775/2847 1890/1732/2807 
s 100
f 1952/1795/2875 1882/1724/2799 1886/1728/2803 
s 101
f 1882/1724/2799 1952/1795/2875 1932/1777/2849 
s 102
f 1888/1730/2805 1890/1732/2807 1952/1795/2875 
s 103
f 1855/1796/2876 1915/1797/2876 1863/1798/2876 
s 104
f 1863/1798/2876 1915/1797/2876 1867/1799/2876 
s 105
f 1863/1798/2876 1867/1799/2876 1865/1800/2876 
s 106
f 1855/1796/2876 1863/1798/2876 1861/1801/2876 
s 107
f 1855/1796/2876 1861/1801/2876 1859/1802/2876 
s 108
f 1855/1796/2876 1859/1802/2876 1857/1803/2876 
s 109
f 1897/1741/2816 1906/1747/2816 1900/1740/2816 
s 110
f 1904/1804/2877 1896/1738/2813 1905/1805/2877 
s 111
f 1896/1738/2813 1904/1804/2877 1897/1739/2814 
s 112
f 1905/1749/2822 1898/1740/2815 1903/1747/2820 
s 113
f 1898/1740/2815 1905/1749/2822 1896/1741/2815 
s 114
f 1903/1747/2820 1900/1744/2818 1906/1750/2823 
s 115
f 1900/1744/2818 1903/1747/2820 1898/1745/2819 
s 116
f 1896/1738/2813 1895/1737/2812 1899/1806/2812 
s 117
f 1912/1754/2829 1913/1755/2828 1911/1752/2828 
s 118
f 1910/1807/2878 1914/1753/2830 1908/1808/2879 
s 119
f 1914/1753/2830 1910/1807/2878 1913/1809/2880 
s 120
f 1953/1810/2881 1911/1756/2825 1954/1811/2881 
s 121
f 1911/1756/2825 1953/1810/2881 1907/1759/2827 
s 122
f 1911/1752/2828 1913/1755/2828 1954/1812/2828 
s 123
f 1907/1752/2824 1953/1812/2824 1910/1755/2824 
s 124
f 1910/1807/2878 1955/1813/2882 1913/1809/2880 
s 125
f 1955/1813/2882 1910/1807/2878 1956/1814/2882 
s 126
f 1909/1815/2883 1914/1753/2830 1912/1754/2829 
s 127
f 1914/1753/2830 1909/1815/2883 1908/1808/2879 
s 128
f 1955/1816/2828 1954/1812/2828 1913/1755/2828 
s 129
f 1953/1812/2824 1956/1816/2824 1910/1755/2824 
s 130
f 1957/1752/2824 1958/1753/2824 1959/1754/2824 
s 131
f 1960/1747/2816 1961/1741/2816 1962/1749/2816 
s 132
f 1963/1817/2884 1964/1818/2885 1965/1819/2885 
s 133
f 1964/1818/2885 1966/1820/2886 1967/1821/2885 
s 134
f 1968/1822/2884 1969/1823/2885 1970/1824/2884 
s 135
f 1971/1825/2885 1969/1823/2885 1972/1826/2885 
s 136
f 1961/1741/2816 1960/1747/2816 1973/1740/2816 
s 137
f 1962/1804/2887 1974/1738/2888 1975/1805/2887 
s 138
f 1974/1738/2888 1962/1804/2887 1961/1739/2889 
s 139
f 1975/1749/2890 1976/1740/2815 1977/1747/2891 
s 140
f 1976/1740/2815 1975/1749/2890 1974/1741/2815 
s 141
f 1977/1747/2891 1973/1744/2892 1960/1750/2893 
s 142
f 1973/1744/2892 1977/1747/2891 1976/1745/2894 
s 143
f 1974/1738/2888 1978/1737/2895 1979/1806/2895 
s 144
f 1978/1737/2895 1974/1738/2888 1961/1739/2889 
s 145
f 1976/1740/2815 1974/1741/2815 1979/1742/2815 
s 146
f 1978/1742/2816 1961/1741/2816 1973/1740/2816 
s 147
f 1980/1743/2896 1973/1744/2892 1976/1745/2894 
s 148
f 1973/1744/2892 1980/1743/2896 1981/1746/2896 
s 149
f 1977/1747/2891 1962/1748/2821 1975/1749/2890 
s 150
f 1962/1748/2821 1977/1747/2891 1960/1750/2893 
s 151
f 1979/1742/2815 1980/1751/2815 1976/1740/2815 
s 152
f 1981/1751/2816 1978/1742/2816 1973/1740/2816 
s 153
f 1958/1753/2824 1957/1752/2824 1982/1755/2824 
s 154
f 1983/1756/2897 1959/1757/2898 1984/1758/2898 
s 155
f 1959/1757/2898 1983/1756/2897 1957/1759/2899 
s 156
f 1985/1755/2828 1984/1754/2900 1986/1753/2901 
s 157
f 1984/1754/2900 1985/1755/2828 1983/1752/2828 
s 158
f 1982/1807/2902 1986/1753/2901 1958/1808/2903 
s 159
f 1986/1753/2901 1982/1807/2902 1985/1809/2904 
s 160
f 1987/1810/2905 1983/1756/2897 1988/1811/2905 
s 161
f 1983/1756/2897 1987/1810/2905 1957/1759/2899 
s 162
f 1906/1747/2816 1897/1741/2816 1904/1749/2816 
s 163
f 1989/1827/2906 1990/1828/2906 1991/1829/2906 
s 164
f 1992/1830/2906 1991/1829/2906 1990/1828/2906 
s 165
f 1963/1817/2884 1993/1831/2907 1966/1820/2886 
s 166
f 1963/1817/2884 1966/1820/2886 1964/1818/2885 
s 167
f 1893/1735/2810 1881/1723/2798 1880/1722/2797 
s 168
f 1884/1726/2801 1890/1732/2807 1887/1729/2804 
s 169
f 1890/1732/2807 1884/1726/2801 1874/1716/2791 
s 170
f 1889/1731/2806 1886/1728/2803 1885/1727/2802 
s 171
f 1886/1728/2803 1889/1731/2806 1888/1730/2805 
s 172
f 1893/1735/2810 1929/1774/2846 1931/1776/2848 
s 173
f 1931/1776/2848 1929/1774/2846 1862/1704/2779 
s 174
f 1862/1704/2779 1929/1774/2846 1860/1702/2777 
s 175
f 1989/1832/2908 1991/1833/2909 1994/1834/2910 
s 176
f 1995/1695/2911 1994/1834/2910 1991/1833/2909 
s 177
f 1990/1832/2912 1996/1834/2913 1992/1833/2914 
s 178
f 1997/1695/2915 1992/1833/2914 1996/1834/2913 
s 179
f 1994/1835/2916 1998/1836/2917 1996/1837/2916 
s 180
f 1999/1838/2917 1996/1837/2916 1998/1836/2917 
s 181
f 1998/1836/2917 2000/1839/2918 1999/1838/2917 
s 182
f 2001/1840/2918 1999/1838/2917 2000/1839/2918 
s 183
f 2000/1839/2918 2002/1841/2919 2001/1840/2918 
s 184
f 2003/1842/2920 2001/1840/2918 2002/1841/2919 
s 185
f 1836/1843/2921 1839/1844/2921 2004/1845/2922 
s 186
f 1836/1676/2752 2004/1846/2923 1838/1678/2750 
s 187
f 2005/1847/2924 1838/1678/2750 2004/1846/2923 
s 188
f 1892/1734/2809 2006/1848/2925 1931/1776/2848 
s 189
f 1875/1717/2792 1874/1716/2791 1883/1725/2800 
s 190
f 1970/1824/2884 1969/1823/2885 1971/1825/2885 
s 191
f 2007/1849/2926 2008/1850/2927 2009/1851/2927 
s 192
f 2010/1852/2926 2007/1849/2926 2009/1851/2927 
s 193
f 2010/1852/2926 2009/1851/2927 2011/1853/2926 
s 194
f 1970/1854/2928 1971/1855/2929 2010/1856/2930 
s 195
f 2007/1857/2931 2010/1856/2930 1971/1855/2929 
s 196
f 1968/1858/2932 1970/1854/2928 2011/1859/2932 
s 197
f 2010/1856/2930 2011/1859/2932 1970/1854/2928 
s 198
f 1969/1860/2933 1968/1861/2934 2009/1862/2935 
s 199
f 2011/1863/2934 2009/1862/2935 1968/1861/2934 
s 200
f 1972/1864/2936 1969/1860/2933 2008/1865/2937 
s 201
f 2009/1862/2935 2008/1865/2937 1969/1860/2933 
s 202
f 1835/1866/2938 1839/1844/2921 1836/1843/2921 
s 203
f 2004/1845/2922 1839/1844/2921 1841/1867/2922 
s 204
f 2012/1868/2939 1844/1686/2760 2013/1869/2940 
s 205
f 1845/1687/2761 1844/1686/2760 2012/1868/2939 
s 206
f 1845/1870/2941 2012/1871/2942 2014/1872/2943 
s 207
f 2015/1873/2944 2014/1872/2943 2012/1871/2942 
s 208
f 1843/1874/2945 1845/1870/2941 2016/1875/2946 
s 209
f 2014/1872/2943 2016/1875/2946 1845/1870/2941 
s 210
f 1844/1876/2947 1843/1877/2948 2017/1878/2949 
s 211
f 2016/1879/2950 2017/1878/2949 1843/1877/2948 
s 212
f 2013/1880/2951 1844/1876/2947 2018/1881/2952 
s 213
f 2017/1878/2949 2018/1881/2952 1844/1876/2947 
s 214
f 1944/1882/2953 1851/1883/2954 1947/1884/2955 
s 215
f 1944/1882/2953 1852/1885/2956 1851/1883/2954 
s 216
f 1989/1886/2957 1994/1835/2916 1996/1837/2916 
s 217
f 1990/1887/2957 1989/1886/2957 1996/1837/2916 
s 218
f 2019/1888/2958 1965/1831/2959 1964/1820/2960 
s 219
f 1963/1889/2961 2020/1890/2962 2021/1891/2963 
s 220
f 2020/1890/2962 1963/1889/2961 1965/1831/2959 
s 221
f 2022/1892/2964 2023/1893/2965 2024/1894/2966 
s 222
f 2025/1895/2967 2026/1896/2968 2027/1897/2969 
s 223
f 2026/1896/2968 2025/1895/2967 2028/1898/2970 
s 224
f 2024/1894/2966 2028/1898/2970 2025/1895/2967 
s 225
f 2028/1898/2970 2024/1894/2966 2023/1893/2965 
s 226
f 2026/1896/2968 2029/1899/2971 2027/1897/2969 
s 227
f 2030/1900/2972 2027/1897/2969 2029/1899/2971 
s 228
f 2031/1901/2973 2032/1902/2974 2033/1903/2975 
s 229
f 2034/1904/2976 2035/1905/2977 2032/1902/2974 
s 230
f 2035/1905/2977 2034/1904/2976 2036/1906/2978 
s 231
f 2037/1907/2979 2036/1906/2978 2034/1904/2976 
s 232
f 2033/1903/2975 2032/1902/2974 2035/1905/2977 
s 233
f 2038/1908/2980 2032/1902/2974 2031/1901/2973 
s 234
f 2032/1902/2974 2038/1908/2980 2034/1904/2976 
s 235
f 2037/1907/2979 2034/1904/2976 2039/1909/2981 
s 236
f 2033/1903/2975 2040/1910/2982 2031/1901/2973 
s 237
f 2041/1911/2983 2031/1901/2973 2040/1910/2982 
s 238
f 2031/1901/2973 2041/1911/2983 2038/1908/2980 
s 239
f 2039/1909/2981 2038/1908/2980 2041/1911/2983 
s 240
f 2038/1908/2980 2039/1909/2981 2034/1904/2976 
s 241
f 2037/1907/2979 2039/1909/2981 2042/1912/2984 
s 242
f 2043/1913/2985 2040/1910/2982 2033/1903/2975 
s 243
f 2040/1910/2982 2043/1913/2985 2041/1911/2983 
s 244
f 2042/1912/2984 2041/1911/2983 2043/1913/2985 
s 245
f 1923/1768/2839 2044/1914/2986 1924/1769/2840 
s 246
f 2044/1914/2986 1923/1768/2839 1917/1762/2833 
s 247
f 1917/1762/2833 1916/1761/2832 2044/1914/2986 
s 248
f 2027/1897/2969 2030/1900/2972 2025/1895/2967 
s 249
f 2045/1915/2987 2025/1895/2967 2030/1900/2972 
s 250
f 2025/1895/2967 2045/1915/2987 2024/1894/2966 
s 251
f 2022/1892/2964 2045/1915/2987 2046/1916/2988 
s 252
f 2045/1915/2987 2022/1892/2964 2024/1894/2966 
s 253
f 2026/1896/2968 2047/1917/2989 2029/1899/2971 
s 254
f 2048/1918/2990 2029/1899/2971 2047/1917/2989 
s 255
f 2029/1899/2971 2048/1918/2990 2030/1900/2972 
s 256
f 2046/1916/2988 2030/1900/2972 2048/1918/2991 
s 257
f 2030/1900/2972 2046/1916/2988 2045/1915/2987 
s 258
f 2049/1893/2992 2050/1892/2993 2051/1894/2994 
s 259
f 2052/1896/2995 2053/1895/2996 2054/1897/2997 
s 260
f 2053/1895/2996 2052/1896/2995 2055/1898/2998 
s 261
f 2055/1898/2998 2051/1894/2994 2053/1895/2996 
s 262
f 2051/1894/2994 2055/1898/2998 2049/1893/2992 
s 263
f 2056/1899/2999 2052/1896/2995 2054/1897/2997 
s 264
f 2021/1891/2963 1993/1831/2907 1963/1889/2961 
s 265
f 1966/1820/2886 2057/1890/3000 2058/1888/3001 
s 266
f 2057/1890/3000 1966/1820/2886 1993/1831/2907 
s 267
f 1967/1919/3002 2058/1888/3001 2059/1920/3003 
s 268
f 2058/1888/3001 1967/1919/3002 1966/1820/2886 
s 269
f 1964/1820/2960 2059/1920/3003 2019/1888/2958 
s 270
f 2059/1920/3003 1964/1820/2960 1967/1919/3002 
s 271
f 1965/1831/2959 2019/1888/2958 2020/1890/2962 
s 272
f 2053/1895/2996 2060/1915/3004 2061/1900/3005 
s 273
f 2060/1915/3004 2053/1895/2996 2051/1894/2994 
s 274
f 2060/1915/3004 2050/1892/2993 2062/1916/3006 
s 275
f 2050/1892/2993 2060/1915/3004 2051/1894/2994 
s 276
f 2063/1917/3007 2052/1896/2995 2056/1899/2999 
s 277
f 2056/1899/2999 2064/1918/3008 2063/1917/3007 
s 278
f 2064/1918/3008 2056/1899/2999 2061/1900/3005 
s 279
f 2061/1900/3005 2062/1916/3006 2064/1918/3008 
s 280
f 2062/1916/3006 2061/1900/3005 2060/1915/3004 
s 281
f 1993/1831/2907 2021/1891/2963 2057/1890/3000 
s 282
f 1983/1752/2828 1985/1755/2828 1988/1812/2828 
s 283
f 1957/1752/2824 1987/1812/2824 1982/1755/2824 
s 284
f 1982/1807/2902 2065/1813/3009 1985/1809/2904 
s 285
f 2065/1813/3009 1982/1807/2902 2066/1814/3009 
s 286
f 1959/1815/2883 1986/1753/2901 1984/1754/2900 
s 287
f 1986/1753/2901 1959/1815/2883 1958/1808/2903 
s 288
f 2065/1816/2828 1988/1812/2828 1985/1755/2828 
s 289
f 1987/1812/2824 2066/1816/2824 1982/1755/2824 
s 290
f 2015/1921/3010 2017/1922/3010 2014/1923/3010 
s 291
f 2015/1921/3010 2018/1924/3010 2017/1922/3010 
s 292
f 2067/1902/3011 2068/1901/3012 2069/1903/3013 
s 293
f 2070/1905/3014 2071/1904/3015 2067/1902/3011 
s 294
f 2071/1904/3015 2070/1905/3014 2072/1906/3016 
s 295
f 2072/1906/3016 2073/1907/3017 2071/1904/3015 
s 296
f 2067/1902/3011 2069/1903/3013 2070/1905/3014 
s 297
f 2067/1902/3011 2074/1908/3018 2068/1901/3012 
s 298
f 2074/1908/3018 2067/1902/3011 2071/1904/3015 
s 299
f 2041/1911/2983 2042/1912/2984 2039/1909/2981 
s 300
f 2002/1841/2919 2075/1925/3019 2003/1842/2920 
s 301
f 2076/1926/3019 2003/1842/2920 2075/1925/3019 
s 302
f 2075/1927/3020 1998/1928/3021 1995/1695/2911 
s 303
f 1994/1834/2910 1995/1695/2911 1998/1928/3021 
s 304
f 1998/1928/3021 2075/1927/3020 2000/1929/3022 
s 305
f 2000/1929/3022 2075/1927/3020 2002/1930/3023 
s 306
f 2076/1927/3024 1997/1695/2915 1999/1928/3025 
s 307
f 1996/1834/2913 1999/1928/3025 1997/1695/2915 
s 308
f 1999/1928/3025 2001/1929/3026 2076/1927/3024 
s 309
f 2001/1929/3026 2003/1930/3027 2076/1927/3024 
s 310
f 1894/1736/2811 1931/1776/2848 2006/1848/2925 
s 311
f 1931/1776/2848 1894/1736/2811 1893/1735/2810 
s 312
f 2006/1848/2925 1892/1734/2809 1891/1733/2808 
s 313
f 2077/1909/3028 2073/1907/3017 2078/1912/3029 
s 314
f 2079/1910/3030 2080/1913/3031 2069/1903/3013 
s 315
f 2080/1913/3031 2079/1910/3030 2081/1911/3032 
s 316
f 2081/1911/3032 2078/1912/3029 2080/1913/3031 
s 317
f 2078/1912/3029 2081/1911/3032 2077/1909/3028 
s 318
f 2071/1904/3015 2073/1907/3017 2077/1909/3028 
s 319
f 2079/1910/3030 2069/1903/3013 2068/1901/3012 
s 320
f 2068/1901/3012 2081/1911/3032 2079/1910/3030 
s 321
f 2081/1911/3032 2068/1901/3012 2074/1908/3018 
s 322
f 2074/1908/3018 2077/1909/3028 2081/1911/3032 
s 323
f 2077/1909/3028 2074/1908/3018 2071/1904/3015 
s 324
f 2054/1897/2997 2061/1900/3005 2056/1899/2999 
s 325
f 2061/1900/3005 2054/1897/2997 2053/1895/2996 
s 326
f 1937/1782/2854 2082/1931/3033 2083/1932/3034 
s 327
f 2082/1931/3033 1937/1782/2854 2084/1933/3035 
s 328
f 2084/1933/3035 2085/1934/3036 2082/1931/3033 
s 329
f 2085/1934/3036 2084/1933/3035 1870/1712/2787 
s 330
f 1870/1712/2787 2086/1935/3037 2085/1934/3036 
s 331
f 2086/1935/3037 1870/1712/2787 1872/1714/2789 
s 332
f 1934/1779/2851 1933/1778/2850 2087/1936/3038 
s 333
f 1850/1937/3039 1853/1938/3040 1949/1939/3039 
s 334
f 1945/1790/2862 1949/1939/3039 1853/1938/3040 
s 335
f 1847/1940/3041 1850/1937/3039 1950/1941/3041 
s 336
f 1949/1939/3039 1950/1941/3041 1850/1937/3039 
s 337
f 1848/1942/3042 1847/1940/3041 1951/1943/3042 
s 338
f 1950/1941/3041 1951/1943/3042 1847/1940/3041 
s 339
f 1846/1944/3043 1848/1942/3042 1948/1945/3043 
s 340
f 1951/1943/3042 1948/1945/3043 1848/1942/3042 
s 341
f 1873/1715/2790 2084/1933/3035 1941/1786/2858 
s 342
f 2088/1946/3044 2089/1947/3044 2090/1948/3045 
s 343
f 2089/1947/3044 2091/1949/3044 2092/1950/3044 
s 344
f 2092/1950/3044 2091/1949/3044 2093/1951/3044 
s 345
f 2093/1951/3044 2091/1949/3044 2094/1952/3044 
s 346
f 1933/1778/2850 2095/1953/3046 2088/1954/3047 
s 347
f 2095/1953/3046 1933/1778/2850 2083/1932/3034 
s 348
f 2083/1932/3034 2091/1955/3048 2095/1953/3046 
s 349
f 2091/1955/3048 2083/1932/3034 2082/1931/3033 
s 350
f 2082/1931/3033 2094/1956/3049 2091/1955/3048 
s 351
f 2094/1956/3049 2082/1931/3033 2085/1934/3036 
s 352
f 2085/1934/3036 2093/1957/3050 2094/1956/3049 
s 353
f 1936/1781/2853 1935/1780/2852 1938/1783/2855 
s 354
f 1937/1782/2854 1941/1786/2858 2084/1933/3035 
s 355
f 1941/1786/2858 1937/1782/2854 1936/1781/2853 
s 356
f 2084/1933/3035 1873/1715/2790 1870/1712/2787 
s 357
f 2096/1958/3051 1917/1762/2833 2087/1936/3038 
s 358
f 2087/1936/3038 1917/1762/2833 1923/1768/2839 
s 359
f 2087/1936/3038 1923/1768/2839 1934/1779/2851 
s 360
f 1871/1713/2788 1922/1767/2838 1919/1764/2835 
s 361
f 1871/1713/2788 1919/1764/2835 1872/1714/2789 
s 362
f 1872/1714/2789 1919/1764/2835 2097/1959/3052 
s 363
f 1934/1779/2851 1923/1768/2839 1939/1784/2856 
s 364
f 1922/1767/2838 1940/1785/2857 1942/1787/2859 
s 365
f 1940/1785/2857 1922/1767/2838 1871/1713/2788 
s 366
f 1939/1784/2856 1943/1788/2860 1940/1785/2857 
s 367
f 2095/1960/3044 2091/1949/3044 2089/1947/3044 
s 368
f 2095/1960/3044 2089/1947/3044 2088/1946/3044 
s 369
f 2093/1957/3050 2085/1934/3036 2086/1935/3037 
s 370
f 2086/1935/3037 2092/1961/3053 2093/1957/3050 
s 371
f 2092/1961/3053 2086/1935/3037 2098/1962/3054 
s 372
f 2098/1962/3054 2089/1963/3055 2092/1961/3053 
s 373
f 2089/1963/3055 2098/1962/3054 2096/1958/3051 
s 374
f 2096/1958/3051 2090/1964/3056 2089/1963/3055 
s 375
f 2090/1964/3056 2096/1958/3051 2087/1936/3038 
s 376
f 2087/1936/3038 2088/1954/3047 2090/1964/3056 
s 377
f 2088/1954/3047 2087/1936/3038 1933/1778/2850 
s 378
f 1935/1780/2852 2083/1932/3034 1933/1778/2850 
s 379
f 2083/1932/3034 1935/1780/2852 1937/1782/2854 
s 380
f 1952/1795/2875 2099/1965/3057 1932/1777/2849 
s 381
f 1952/1795/2875 1886/1728/2803 1888/1730/2805 
s 382
f 1952/1795/2875 1890/1732/2807 2100/1966/3058 
s 383
f 2101/1967/3059 2102/1968/3060 2103/1969/3061 
s 384
f 1922/1767/2838 2104/1970/3062 1920/1765/3063 
s 385
f 2104/1970/3062 1922/1767/2838 1942/1787/2859 
s 386
f 1943/1788/2860 2105/1971/3064 2106/1970/3065 
s 387
f 2105/1971/3064 1943/1788/2860 1939/1784/2856 
s 388
f 1918/1763/2834 2107/1972/3066 1916/1761/2832 
s 389
f 2107/1972/3066 1918/1763/2834 2108/1973/3067 
s 390
f 2097/1959/3052 1921/1766/2837 2102/1968/3060 
s 391
f 1921/1766/2837 2097/1959/3052 1919/1764/2835 
s 392
f 1939/1784/2856 1925/1770/2841 2105/1971/3064 
s 393
f 1925/1770/2841 1939/1784/2856 1923/1768/2839 
s 394
f 1942/1787/2859 2106/1970/3065 2104/1970/3062 
s 395
f 2106/1970/3065 1942/1787/2859 1943/1788/2860 
s 396
f 1872/1714/2789 2097/1959/3052 2101/1967/3059 
s 397
f 1872/1714/2789 2101/1967/3059 2098/1962/3054 
s 398
f 1872/1714/2789 2098/1962/3054 2086/1935/3037 
s 399
f 2098/1962/3054 2101/1967/3059 2108/1973/3067 
s 400
f 2098/1962/3054 2108/1973/3067 2096/1958/3051 
s 401
f 2096/1958/3051 2108/1973/3067 1918/1763/2834 
s 402
f 2109/1974/3068 2110/1975/3068 2111/1976/3069 
s 403
f 2111/1976/3069 2112/1977/3069 2109/1974/3068 
s 404
f 2102/1968/3060 2101/1967/3059 2097/1959/3052 
s 405
f 2108/1973/3067 2103/1969/3061 2107/1972/3066 
s 406
f 2103/1969/3061 2108/1973/3067 2101/1967/3059 
s 407
f 1853/1695/2769 1850/1692/2766 1849/1691/2765 
s 408
f 1850/1692/2766 1847/1689/2763 1846/1688/2762 
s 409
f 1849/1978/3070 1846/1944/3043 1946/1979/3070 
s 410
f 1948/1945/3043 1946/1979/3070 1846/1944/3043 
s 411
f 1946/1793/2865 1851/1792/2864 1849/1980/2864 
s 412
f 1853/1938/3040 1852/1791/2863 1945/1790/2862 
s 413
f 2110/1981/3071 2113/1982/3072 2114/1983/3073 
s 414
f 2114/1983/3073 2111/1984/3074 2110/1981/3071 
s 415
f 2110/1975/3068 2109/1974/3068 2115/1985/3075 
s 416
f 2115/1985/3075 2113/1986/3076 2110/1975/3068 
s 417
f 2111/1987/3077 2114/1988/3077 2116/1989/3077 
s 418
f 2116/1989/3077 2112/1990/3077 2111/1987/3077 
s 419
f 2115/1982/3078 2109/1981/3079 2112/1984/3080 
s 420
f 2112/1984/3080 2116/1983/3081 2115/1982/3078 
s 421
f 2096/1958/3051 1918/1763/2834 1917/1762/2833 
s 422
f 2117/1991/3082 1869/1711/2786 1926/1771/2842 
s 423
f 1869/1711/2786 2117/1991/3082 2100/1966/3058 
s 424
f 2118/1992/3083 1926/1771/2842 1927/1772/2844 
s 425
f 1926/1771/2842 2118/1992/3083 2117/1991/3082 
s 426
f 2099/1965/3057 1927/1772/2844 1928/1773/2845 
s 427
f 1927/1772/2844 2099/1965/3057 2118/1992/3083 
s 428
f 1932/1777/2849 1928/1773/2845 1929/1774/2846 
s 429
f 1928/1773/2845 1932/1777/2849 2099/1965/3057 
s 430
f 2100/1966/3058 1930/1775/2847 1869/1711/2786 
s 431
f 1930/1775/2847 2100/1966/3058 1890/1732/2807 
s 432
f 1952/1795/2875 2100/1966/3058 2117/1991/3082 
s 433
f 1952/1795/2875 2117/1991/3082 2118/1992/3083 
s 434
f 1952/1795/2875 2118/1992/3083 2099/1965/3057 
s 1
f 2119/1993/3084 2120/1994/3084 2121/1995/3085 
s 2
f 2122/1996/3086 2123/1997/3086 2124/1998/3086 
s 3
f 2121/1995/3085 2124/1998/3086 2123/1997/3086 
s 4
f 2125/1996/3087 2126/1997/3088 2122/1996/3088 
s 5
f 2123/1997/3088 2122/1996/3088 2126/1997/3088 
s 6
f 2120/1998/3089 2119/1995/3089 2125/1996/3087 
s 7
f 2126/1997/3089 2125/1996/3087 2119/1995/3089 
s 8
f 2125/1999/3090 2122/1996/3090 2120/2000/3090 
s 9
f 2124/1998/3090 2120/2000/3090 2122/1996/3090 
s 10
f 2119/2001/3091 2121/2002/3091 2126/2003/3091 
s 11
f 2123/2004/3091 2126/2003/3091 2121/2002/3091 
s 12
f 2127/2005/3092 2128/2005/3092 2129/2006/3092 
s 13
f 2130/2006/3092 2129/2006/3092 2128/2005/3092 
s 14
f 2131/2007/3089 2132/2007/3089 2127/2005/3089 
s 15
f 2128/2005/3089 2127/2005/3089 2132/2007/3089 
s 16
f 2133/2008/3084 2134/2009/3084 2131/2010/3084 
s 17
f 2132/2011/3084 2131/2010/3084 2134/2009/3084 
s 18
f 2135/2012/3093 2136/2013/3093 2133/2014/3086 
s 19
f 2137/2015/3088 2138/2016/3088 2139/2017/3088 
s 20
f 2140/2018/3088 2139/2017/3088 2138/2016/3088 
s 21
f 2141/2019/3089 2142/2020/3089 2139/2021/3089 
s 22
f 2137/2022/3089 2139/2021/3089 2142/2020/3089 
s 23
f 2140/2023/3090 2141/2019/3090 2139/2021/3090 
s 24
f 2143/2024/3090 2141/2019/3090 2140/2023/3090 
s 25
f 2144/2025/3090 2141/2019/3090 2143/2024/3090 
s 26
f 2145/2025/3094 2138/2023/3091 2137/2021/3091 
s 27
f 2146/2024/3091 2138/2023/3091 2145/2025/3094 
s 28
f 2142/2019/3094 2145/2025/3094 2137/2021/3091 
s 29
f 2147/2026/3095 2148/2027/3096 2149/2026/3095 
s 30
f 2150/2028/3084 2151/2029/3084 2152/2030/3084 
s 31
f 2153/2031/3084 2151/2029/3084 2150/2028/3084 
s 32
f 2154/2032/3084 2153/2031/3084 2150/2028/3084 
s 33
f 2155/2033/3084 2154/2032/3084 2150/2028/3084 
s 34
f 2156/2034/3097 2154/2032/3084 2155/2033/3097 
s 35
f 2157/2035/3084 2150/2028/3084 2152/2030/3084 
s 36
f 2124/1998/3084 2121/1995/3084 2120/1994/3084 
s 37
f 2158/2036/3098 2159/2037/3099 2160/2038/3098 
s 38
f 2161/2038/3100 2162/2039/3101 2163/2036/3100 
s 39
f 2164/2037/3101 2163/2036/3100 2162/2039/3101 
s 40
f 2158/2036/3086 2160/2038/3086 2163/2040/3086 
s 41
f 2161/2041/3086 2163/2040/3086 2160/2038/3086 
s 42
f 2165/2042/3102 2166/2043/3090 2167/2044/3103 
s 43
f 2168/2039/3104 2166/2043/3090 2165/2042/3102 
s 44
f 2159/2037/3099 2166/2043/3090 2168/2039/3104 
s 45
f 2169/2045/3089 2170/2046/3089 2171/2047/3089 
s 46
f 2172/2048/3089 2171/2047/3089 2170/2046/3089 
s 47
f 2173/2049/3088 2174/2050/3088 2175/2049/3105 
s 48
f 2176/2050/3106 2175/2049/3105 2174/2050/3088 
s 49
f 2158/2051/3084 2164/2052/3084 2177/2053/3084 
s 50
f 2163/2054/3084 2164/2052/3084 2158/2051/3084 
s 51
f 2159/2055/3084 2158/2051/3084 2177/2053/3084 
s 52
f 2166/2056/3084 2159/2055/3084 2177/2053/3084 
s 53
f 2178/2027/3107 2149/2026/3095 2148/2027/3096 
s 54
f 2179/2057/3084 2180/2057/3094 2181/2058/3084 
s 55
f 2134/2059/3086 2133/2014/3086 2136/2013/3093 
s 56
f 2182/2060/3108 2183/2061/3108 2135/2012/3093 
s 57
f 2136/2013/3093 2135/2012/3093 2183/2061/3108 
s 58
f 2184/2062/3109 2185/2063/3110 2182/2060/3108 
s 59
f 2186/2064/3111 2187/2064/3112 2165/2042/3112 
s 60
f 2174/2050/3091 2173/2049/3113 2188/2044/3113 
s 61
f 2187/2064/3091 2174/2050/3091 2188/2044/3113 
s 62
f 2189/2042/3091 2187/2064/3091 2188/2044/3113 
s 63
f 2190/2065/3089 2172/2048/3089 2191/2066/3089 
s 64
f 2170/2046/3089 2191/2066/3089 2172/2048/3089 
s 65
f 2162/2039/3088 2165/2042/3102 2189/2042/3114 
s 66
f 2160/2038/3088 2165/2042/3102 2162/2039/3088 
s 67
f 2168/2039/3104 2165/2042/3102 2160/2038/3088 
s 68
f 2161/2038/3088 2160/2038/3088 2162/2039/3088 
s 69
f 2189/2042/3091 2164/2037/3101 2162/2039/3101 
s 70
f 2188/2044/3113 2164/2037/3101 2189/2042/3091 
s 71
f 2177/2043/3113 2164/2037/3101 2188/2044/3113 
s 72
f 2168/2039/3104 2160/2038/3098 2159/2037/3099 
s 73
f 2192/2067/3115 2193/2068/3115 2194/2069/3089 
s 74
f 2195/2068/3116 2196/2067/3116 2197/2070/3089 
s 75
f 2194/2069/3089 2197/2070/3089 2196/2067/3116 
s 76
f 2198/2071/3084 2199/2072/3084 2200/2073/3084 
s 77
f 2201/2074/3084 2199/2072/3084 2198/2071/3084 
s 78
f 2202/2075/3084 2201/2074/3084 2198/2071/3084 
s 79
f 2203/2076/3084 2202/2075/3084 2198/2071/3084 
s 80
f 2204/2077/3117 2203/2076/3084 2198/2071/3084 
s 81
f 2205/2078/3084 2198/2071/3084 2200/2073/3084 
s 82
f 2199/2072/3118 2206/2079/3119 2200/2073/3120 
s 83
f 2207/2080/3121 2200/2073/3120 2206/2079/3119 
s 84
f 2201/2074/3115 2208/2081/3122 2199/2072/3118 
s 85
f 2206/2079/3119 2199/2072/3118 2208/2081/3122 
s 86
f 2202/2075/3123 2209/2082/3124 2201/2074/3115 
s 87
f 2208/2081/3122 2201/2074/3115 2209/2082/3124 
s 88
f 2203/2076/3125 2210/2083/3126 2202/2075/3127 
s 89
f 2209/2082/3124 2202/2075/3127 2210/2083/3126 
s 90
f 2204/2077/3117 2211/2084/3128 2203/2076/3129 
s 91
f 2212/2085/3130 2211/2084/3128 2193/2086/3131 
s 92
f 2213/2087/3132 2197/2088/3133 2214/2089/3134 
s 93
f 2193/2086/3131 2214/2089/3134 2197/2088/3133 
s 94
f 2207/2080/3121 2195/2090/3135 2213/2087/3132 
s 95
f 2197/2088/3133 2213/2087/3132 2195/2090/3135 
s 96
f 2215/2091/3091 2216/2092/3091 2195/2068/3116 
s 97
f 2196/2067/3116 2195/2068/3116 2216/2092/3091 
s 98
f 2217/2093/3136 2218/2094/3136 2215/2091/3091 
s 99
f 2216/2092/3091 2215/2091/3091 2218/2094/3136 
s 100
f 2219/2095/3086 2220/2096/3086 2217/2093/3136 
s 101
f 2218/2094/3136 2217/2093/3136 2220/2096/3086 
s 102
f 2221/2093/3137 2222/2094/3137 2219/2095/3086 
s 103
f 2220/2096/3086 2219/2095/3086 2222/2094/3137 
s 104
f 2212/2091/3090 2223/2092/3090 2221/2093/3137 
s 105
f 2222/2094/3137 2221/2093/3137 2223/2092/3090 
s 106
f 2193/2068/3115 2192/2067/3115 2212/2091/3090 
s 107
f 2223/2092/3090 2212/2091/3090 2192/2067/3115 
s 108
f 2197/2070/3089 2194/2069/3089 2193/2068/3115 
s 109
f 2129/2097/3138 2130/2098/3138 2184/2062/3138 
s 110
f 2185/2063/3110 2184/2062/3138 2130/2098/3138 
s 111
f 2127/2005/3090 2129/2006/3090 2184/2099/3090 
s 112
f 2131/2007/3090 2127/2005/3090 2184/2099/3090 
s 113
f 2182/2100/3139 2131/2007/3090 2184/2099/3090 
s 114
f 2133/2101/3140 2131/2007/3140 2182/2100/3139 
s 115
f 2135/2102/3141 2133/2101/3141 2182/2100/3139 
s 116
f 2132/2007/3142 2183/2100/3091 2185/2099/3091 
s 117
f 2134/2101/3143 2183/2100/3144 2132/2007/3142 
s 118
f 2136/2102/3145 2183/2100/3144 2134/2101/3143 
s 119
f 2128/2005/3091 2132/2007/3091 2185/2099/3091 
s 120
f 2130/2006/3091 2128/2005/3091 2185/2099/3091 
s 121
f 2138/2103/3146 2146/2104/3146 2140/2105/3146 
s 122
f 2143/2024/3146 2140/2105/3146 2146/2104/3146 
s 123
f 2144/2025/3084 2145/2025/3094 2141/2019/3084 
s 124
f 2142/2019/3094 2141/2019/3084 2145/2025/3094 
s 125
f 2143/2024/3086 2146/2104/3086 2144/2025/3086 
s 126
f 2145/2106/3086 2144/2025/3086 2146/2104/3086 
s 127
f 2210/2083/3126 2203/2076/3125 2211/2084/3128 
s 128
f 2198/2071/3147 2214/2089/3134 2204/2077/3147 
s 129
f 2211/2084/3128 2204/2077/3147 2214/2089/3134 
s 130
f 2205/2078/3086 2213/2087/3132 2198/2071/3148 
s 131
f 2214/2089/3134 2198/2071/3148 2213/2087/3132 
s 132
f 2200/2073/3149 2207/2080/3121 2205/2078/3086 
s 133
f 2213/2087/3132 2205/2078/3086 2207/2080/3121 
s 134
f 2206/2079/3119 2215/2107/3150 2207/2080/3121 
s 135
f 2195/2090/3135 2207/2080/3121 2215/2107/3150 
s 136
f 2208/2081/3122 2217/2108/3151 2206/2079/3119 
s 137
f 2215/2107/3150 2206/2079/3119 2217/2108/3151 
s 138
f 2209/2082/3124 2219/2109/3152 2208/2081/3122 
s 139
f 2217/2108/3151 2208/2081/3122 2219/2109/3152 
s 140
f 2210/2083/3126 2221/2110/3153 2209/2082/3124 
s 141
f 2219/2109/3152 2209/2082/3124 2221/2110/3153 
s 142
f 2211/2084/3128 2212/2085/3130 2210/2083/3126 
s 143
f 2221/2110/3153 2210/2083/3126 2212/2085/3130 
s 144
f 2214/2089/3134 2193/2086/3131 2211/2084/3128 
s 145
f 2183/2061/3108 2182/2060/3108 2185/2063/3109 
s 146
f 2224/2070/3089 2225/2068/3116 2226/2069/3089 
s 147
f 2226/2069/3089 2227/2067/3115 2224/2070/3089 
s 148
f 2228/2068/3115 2224/2070/3089 2227/2067/3115 
s 149
f 2229/2071/3084 2230/2078/3154 2231/2073/3155 
s 150
f 2232/2072/3084 2229/2071/3156 2231/2073/3155 
s 151
f 2233/2074/3084 2229/2071/3156 2232/2072/3084 
s 152
f 2234/2075/3084 2229/2071/3156 2233/2074/3157 
s 153
f 2235/2076/3158 2229/2071/3156 2234/2075/3084 
s 154
f 2236/2077/3159 2229/2071/3156 2235/2076/3158 
s 155
f 2151/2111/3127 2237/2112/3116 2152/2113/3160 
s 156
f 2238/2114/3089 2152/2113/3127 2237/2112/3116 
s 157
f 2153/2115/3091 2239/2116/3091 2151/2111/3129 
s 158
f 2237/2112/3116 2151/2111/3129 2239/2116/3091 
s 159
f 2154/2117/3136 2240/2118/3136 2153/2115/3091 
s 160
f 2239/2116/3091 2153/2115/3091 2240/2118/3136 
s 161
f 2156/2119/3086 2241/2120/3086 2154/2117/3136 
s 162
f 2240/2118/3136 2154/2117/3136 2241/2120/3086 
s 163
f 2155/2117/3149 2242/2118/3137 2156/2119/3086 
s 164
f 2243/2121/3161 2244/2121/3162 2245/2122/3161 
s 165
f 2246/2122/3163 2245/2122/3161 2244/2121/3162 
s 166
f 2246/2123/3164 2247/2124/3164 2248/2125/3164 
s 167
f 2249/2126/3164 2248/2125/3164 2247/2124/3164 
s 168
f 2248/2127/3165 2249/2128/3165 2250/2129/3165 
s 169
f 2251/2130/3165 2250/2129/3165 2249/2128/3166 
s 170
f 2250/2125/3167 2251/2126/3167 2244/2123/3167 
s 171
f 2252/2124/3167 2244/2123/3167 2251/2126/3167 
s 172
f 2244/2121/3168 2252/2131/3169 2246/2122/3163 
s 173
f 2247/2132/3168 2246/2122/3163 2252/2131/3169 
s 174
f 2253/2133/3164 2254/2134/3164 2255/2135/3164 
s 175
f 2245/2136/3164 2255/2135/3164 2254/2134/3164 
s 176
f 2256/2130/3170 2253/2128/3171 2257/2129/3170 
s 177
f 2258/2094/3136 2259/2092/3091 2260/2093/3136 
s 178
f 2261/2091/3091 2260/2093/3136 2259/2092/3091 
s 179
f 2259/2092/3091 2262/2067/3116 2261/2091/3091 
s 180
f 2225/2068/3116 2261/2091/3091 2262/2067/3116 
s 181
f 2262/2067/3116 2226/2069/3089 2225/2068/3116 
s 182
f 2263/2109/3152 2260/2110/3172 2264/2082/3124 
s 183
f 2265/2083/3122 2264/2082/3124 2260/2110/3172 
s 184
f 2260/2110/3172 2261/2085/3150 2265/2083/3122 
s 185
f 2266/2084/3119 2265/2083/3122 2261/2085/3150 
s 186
f 2261/2085/3150 2225/2086/3135 2266/2084/3119 
s 187
f 2267/2089/3121 2266/2084/3119 2225/2086/3135 
s 188
f 2225/2086/3135 2224/2088/3173 2267/2089/3121 
s 189
f 2268/2087/3132 2267/2089/3121 2224/2088/3173 
s 190
f 2224/2088/3173 2228/2090/3131 2268/2087/3132 
s 191
f 2269/2080/3134 2268/2087/3132 2228/2090/3131 
s 192
f 2227/2067/3115 2270/2092/3090 2228/2068/3115 
s 193
f 2271/2091/3090 2228/2068/3115 2270/2092/3090 
s 194
f 2270/2092/3090 2272/2094/3137 2271/2091/3090 
s 195
f 2273/2093/3137 2271/2091/3090 2272/2094/3137 
s 196
f 2272/2094/3137 2274/2096/3086 2273/2093/3137 
s 197
f 2263/2095/3086 2273/2093/3137 2274/2096/3086 
s 198
f 2274/2096/3086 2258/2094/3136 2263/2095/3086 
s 199
f 2260/2093/3136 2263/2095/3086 2258/2094/3136 
s 200
f 2241/2120/3086 2156/2119/3086 2242/2118/3137 
s 201
f 2150/2115/3090 2275/2116/3090 2155/2117/3120 
s 202
f 2242/2118/3137 2155/2117/3120 2275/2116/3090 
s 203
f 2157/2111/3115 2276/2112/3115 2150/2115/3090 
s 204
f 2275/2116/3090 2150/2115/3090 2276/2112/3115 
s 205
f 2152/2113/3160 2238/2114/3089 2157/2111/3115 
s 206
f 2276/2112/3115 2157/2111/3115 2238/2114/3089 
s 207
f 2229/2071/3120 2236/2077/3159 2267/2089/3121 
s 208
f 2267/2089/3121 2268/2087/3132 2229/2071/3156 
s 209
f 2230/2078/3154 2229/2071/3156 2268/2087/3132 
s 210
f 2268/2087/3132 2269/2080/3134 2230/2078/3154 
s 211
f 2231/2073/3155 2230/2078/3154 2269/2080/3134 
s 212
f 2228/2090/3131 2271/2107/3130 2269/2080/3134 
s 213
f 2277/2079/3128 2269/2080/3134 2271/2107/3130 
s 214
f 2271/2107/3130 2273/2108/3153 2277/2079/3128 
s 215
f 2278/2081/3126 2277/2079/3128 2273/2108/3153 
s 216
f 2273/2108/3153 2263/2109/3152 2278/2081/3126 
s 217
f 2264/2082/3124 2278/2081/3126 2263/2109/3152 
s 218
f 2188/2044/3113 2170/2137/3174 2177/2043/3113 
s 219
f 2171/2138/3084 2166/2056/3084 2169/2139/3084 
s 220
f 2177/2053/3084 2169/2139/3084 2166/2056/3084 
s 221
f 2186/2064/3111 2176/2050/3106 2187/2064/3086 
s 222
f 2174/2050/3086 2187/2064/3086 2176/2050/3106 
s 223
f 2167/2044/3103 2186/2064/3090 2165/2042/3090 
s 224
f 2176/2050/3106 2186/2064/3090 2167/2044/3103 
s 225
f 2175/2049/3105 2176/2050/3106 2167/2044/3103 
s 226
f 2189/2042/3114 2165/2042/3102 2187/2064/3112 
s 227
f 2255/2127/3170 2257/2129/3170 2253/2128/3171 
s 228
f 2279/2134/3167 2256/2133/3167 2243/2136/3167 
s 229
f 2257/2135/3167 2243/2136/3167 2256/2133/3167 
s 230
f 2254/2132/3175 2279/2131/3175 2245/2122/3161 
s 231
f 2243/2121/3161 2245/2122/3161 2279/2131/3175 
s 232
f 2252/2131/3169 2251/2130/3176 2247/2132/3176 
s 233
f 2249/2128/3166 2247/2132/3176 2251/2130/3176 
s 234
f 2254/2132/3175 2253/2128/3171 2279/2131/3175 
s 235
f 2256/2130/3177 2279/2131/3175 2253/2128/3171 
s 236
f 2280/2058/3178 2181/2058/3084 2180/2057/3094 
s 237
f 2178/2140/3086 2148/2141/3086 2179/2142/3086 
s 238
f 2180/2143/3086 2179/2142/3086 2148/2141/3086 
s 239
f 2181/2058/3179 2280/2144/3179 2149/2145/3179 
s 240
f 2147/2146/3179 2149/2145/3179 2280/2144/3179 
s 241
f 2149/2026/3090 2178/2027/3107 2181/2058/3090 
s 242
f 2179/2057/3090 2181/2058/3090 2178/2027/3090 
s 243
f 2148/2027/3096 2147/2026/3091 2180/2057/3094 
s 244
f 2280/2058/3178 2180/2057/3094 2147/2026/3091 
s 245
f 2172/2137/3180 2167/2044/3103 2171/2147/3180 
s 246
f 2166/2043/3180 2171/2147/3180 2167/2044/3103 
s 247
f 2190/2148/3181 2175/2049/3105 2172/2137/3180 
s 248
f 2167/2044/3103 2172/2137/3180 2175/2049/3105 
s 249
f 2191/2148/3088 2173/2049/3088 2190/2148/3088 
s 250
f 2175/2049/3105 2190/2148/3181 2173/2049/3088 
s 251
f 2170/2137/3174 2188/2044/3113 2191/2148/3174 
s 252
f 2173/2049/3113 2191/2148/3174 2188/2044/3113 
s 253
f 2169/2147/3174 2177/2043/3113 2170/2137/3174 
s 254
f 2236/2077/3159 2235/2076/3158 2266/2084/3119 
s 255
f 2266/2084/3119 2267/2089/3121 2236/2077/3159 
s 256
f 2281/2149/3164 2282/2149/3182 2283/2150/3164 
s 257
f 2284/2150/3164 2283/2150/3164 2282/2149/3182 
s 258
f 2285/2151/3183 2286/2151/3167 2287/2152/3184 
s 259
f 2288/2152/3167 2287/2152/3184 2286/2151/3167 
s 260
f 2283/2150/3162 2284/2150/3185 2285/2151/3183 
s 261
f 2286/2151/3162 2285/2151/3183 2284/2150/3162 
s 262
f 2285/2151/3183 2287/2152/3184 2283/2150/3176 
s 263
f 2281/2149/3176 2283/2150/3176 2287/2152/3184 
s 264
f 2284/2150/3185 2282/2149/3182 2286/2151/3177 
s 265
f 2288/2152/3177 2286/2151/3177 2282/2149/3182 
s 266
f 2245/2136/3164 2246/2123/3164 2255/2135/3164 
s 267
f 2248/2125/3164 2255/2135/3164 2246/2123/3164 
s 268
f 2255/2153/3186 2248/2154/3186 2257/2155/3186 
s 269
f 2250/2156/3186 2257/2155/3186 2248/2154/3186 
s 270
f 2257/2135/3167 2250/2125/3167 2243/2136/3167 
s 271
f 2244/2123/3167 2243/2136/3167 2250/2125/3167 
s 272
f 2289/2157/3187 2290/2158/3188 2291/2159/3189 
s 273
f 2290/2158/3188 2289/2157/3187 2292/2160/3190 
s 274
f 2293/2158/3191 2294/2161/3191 2291/2159/3191 
s 275
f 2291/2159/3191 2290/2158/3191 2293/2158/3191 
s 276
f 2295/2162/3192 2296/2163/3193 2292/2160/3190 
s 277
f 2292/2160/3190 2289/2157/3187 2295/2162/3192 
s 278
f 2296/2163/3194 2293/2158/3194 2290/2158/3194 
s 279
f 2293/2158/3195 2296/2163/3193 2295/2162/3192 
s 280
f 2295/2162/3192 2294/2161/3196 2293/2158/3195 
s 281
f 2290/2158/3194 2292/2160/3194 2296/2163/3194 
s 282
f 2269/2080/3134 2277/2079/3128 2231/2073/3155 
s 283
f 2232/2072/3197 2231/2073/3155 2277/2079/3128 
s 284
f 2277/2079/3128 2278/2081/3126 2232/2072/3197 
s 285
f 2233/2074/3129 2232/2072/3129 2278/2081/3126 
s 286
f 2278/2081/3126 2264/2082/3124 2233/2074/3157 
s 287
f 2234/2075/3127 2233/2074/3157 2264/2082/3124 
s 288
f 2264/2082/3124 2265/2083/3122 2234/2075/3123 
s 289
f 2235/2076/3158 2234/2075/3198 2265/2083/3122 
s 290
f 2265/2083/3122 2266/2084/3119 2235/2076/3158 
s 1
f 2297/2164/3199 2298/2165/3200 2299/2166/3201 
s 2
f 2300/2167/3202 2301/2168/3203 2302/2169/3204 
s 3
f 2298/2165/3200 2302/2169/3204 2301/2168/3203 
s 4
f 2303/2170/3205 2300/2167/3202 2304/2171/3206 
s 5
f 2302/2169/3204 2304/2171/3206 2300/2167/3202 
s 6
f 2305/2172/3207 2303/2170/3205 2306/2173/3208 
s 7
f 2304/2171/3206 2306/2173/3208 2303/2170/3205 
s 8
f 2307/2174/3209 2308/2175/3210 2309/2176/3211 
s 9
f 2310/2177/3212 2309/2176/3211 2308/2175/3210 
s 10
f 2311/2178/3213 2307/2174/3209 2312/2179/3214 
s 11
f 2309/2176/3211 2312/2179/3214 2307/2174/3209 
s 12
f 2313/2180/3215 2311/2178/3213 2314/2181/3216 
s 13
f 2312/2179/3214 2314/2181/3216 2311/2178/3213 
s 14
f 2315/2182/3217 2313/2180/3215 2316/2183/3218 
s 15
f 2314/2181/3216 2316/2183/3218 2313/2180/3215 
s 16
f 2309/2176/3211 2310/2177/3212 2301/2168/3203 
s 17
f 2299/2166/3201 2301/2168/3203 2310/2177/3212 
s 18
f 2312/2179/3214 2309/2176/3211 2300/2167/3202 
s 19
f 2301/2168/3203 2300/2167/3202 2309/2176/3211 
s 20
f 2314/2181/3216 2312/2179/3214 2303/2170/3205 
s 21
f 2300/2167/3202 2303/2170/3205 2312/2179/3214 
s 22
f 2316/2183/3218 2314/2181/3216 2305/2172/3207 
s 23
f 2303/2170/3205 2305/2172/3207 2314/2181/3216 
s 24
f 2301/2168/3203 2299/2166/3201 2298/2165/3219 
s 25
f 2317/2183/3220 2318/2181/3221 2319/2180/3222 
s 26
f 2320/2177/3223 2321/2176/3224 2322/2168/3225 
s 27
f 2322/2168/3225 2323/2166/3226 2320/2177/3223 
s 28
f 2321/2176/3224 2324/2179/3227 2325/2167/3228 
s 29
f 2325/2167/3228 2322/2168/3225 2321/2176/3224 
s 30
f 2324/2179/3227 2318/2181/3221 2326/2170/3229 
s 31
f 2326/2170/3229 2325/2167/3228 2324/2179/3227 
s 32
f 2318/2181/3221 2317/2183/3230 2327/2172/3231 
s 33
f 2327/2172/3231 2326/2170/3229 2318/2181/3221 
s 34
f 2323/2166/3226 2322/2168/3225 2328/2165/3232 
s 35
f 2328/2165/3232 2329/2164/3233 2323/2166/3226 
s 36
f 2322/2168/3225 2325/2167/3228 2330/2169/3234 
s 37
f 2330/2169/3234 2328/2165/3232 2322/2168/3225 
s 38
f 2325/2167/3228 2326/2170/3229 2331/2171/3235 
s 39
f 2332/2184/3236 2333/2185/3237 2334/2186/3238 
s 40
f 2335/2187/3239 2334/2186/3238 2333/2185/3237 
s 41
f 2333/2185/3237 2336/2188/3240 2335/2187/3239 
s 42
f 2337/2189/3241 2335/2187/3239 2336/2188/3240 
s 43
f 2338/2190/3242 2339/2191/3243 2340/2192/3244 
s 44
f 2339/2193/3245 2338/2194/3246 2341/2195/3245 
s 45
f 2342/2194/3247 2343/2193/3247 2344/2195/3247 
s 46
f 2343/2191/3248 2342/2190/3249 2345/2192/3250 
s 47
f 2346/2196/3251 2347/2197/3252 2348/2198/3253 
s 48
f 2348/2198/3253 2349/2199/3254 2346/2196/3254 
s 49
f 2350/2197/3255 2351/2196/3255 2352/2199/3256 
s 50
f 2352/2199/3256 2353/2198/3257 2350/2197/3257 
s 51
f 2347/2197/3252 2354/2200/3258 2355/2201/3258 
s 52
f 2355/2201/3258 2348/2198/3253 2347/2197/3252 
s 53
f 2356/2200/3259 2350/2197/3257 2353/2198/3257 
s 54
f 2353/2198/3257 2357/2201/3259 2356/2200/3259 
s 55
f 2354/2202/3258 2344/2195/3247 2343/2193/3260 
s 56
f 2343/2193/3260 2355/2203/3258 2354/2202/3258 
s 57
f 2341/2195/3245 2356/2202/3259 2357/2203/3259 
s 58
f 2358/2204/3261 2359/2205/3262 2360/2206/3263 
s 59
f 2361/2207/3264 2359/2205/3262 2358/2204/3261 
s 60
f 2361/2207/3264 2362/2208/3265 2359/2205/3262 
s 61
f 2363/2209/3266 2361/2207/3264 2358/2204/3261 
s 62
f 2361/2207/3264 2364/2210/3267 2362/2208/3265 
s 63
f 2365/2211/3268 2364/2210/3267 2361/2207/3264 
s 64
f 2365/2211/3268 2366/2212/3269 2364/2210/3269 
s 65
f 2363/2209/3266 2365/2211/3268 2361/2207/3264 
s 66
f 2319/2180/3222 2367/2182/3270 2317/2183/3270 
s 67
f 2331/2171/3235 2330/2169/3234 2325/2167/3228 
s 68
f 2326/2170/3229 2327/2172/3271 2368/2173/3272 
s 69
f 2368/2173/3272 2331/2171/3235 2326/2170/3229 
s 70
f 2369/2175/3273 2370/2174/3274 2321/2176/3224 
s 71
f 2321/2176/3224 2320/2177/3223 2369/2175/3273 
s 72
f 2370/2174/3274 2371/2178/3275 2324/2179/3227 
s 73
f 2324/2179/3227 2321/2176/3224 2370/2174/3274 
s 74
f 2318/2181/3221 2324/2179/3227 2371/2178/3275 
s 75
f 2371/2178/3275 2319/2180/3222 2318/2181/3221 
s 76
f 2334/2186/3238 2372/2213/3276 2332/2184/3236 
s 77
f 2373/2214/3277 2374/2215/3278 2375/2216/3279 
s 78
f 2376/2217/3280 2377/2218/3281 2378/2219/3282 
s 79
f 2379/2220/3283 2376/2217/3280 2380/2221/3284 
s 80
f 2378/2222/3285 2381/2223/3286 2382/2224/3287 
s 81
f 2383/2225/3288 2380/2221/3284 2382/2226/3289 
s 82
f 2378/2222/3285 2377/2227/3290 2384/2228/3291 
s 83
f 2385/2229/3292 2382/2226/3289 2381/2230/3293 
s 84
f 2385/2229/3292 2381/2230/3293 2386/2231/3294 
s 85
f 2387/2232/3295 2385/2229/3292 2386/2231/3294 
s 86
f 2388/2233/3296 2376/2217/3280 2379/2220/3283 
s 87
f 2389/2234/3297 2390/2235/3298 2388/2233/3296 
s 88
f 2391/2236/3299 2388/2233/3296 2392/2237/3300 
s 89
f 2387/2232/3295 2383/2225/3288 2385/2229/3292 
s 90
f 2379/2220/3283 2383/2225/3288 2387/2232/3295 
s 91
f 2392/2237/3300 2379/2220/3283 2387/2232/3295 
s 92
f 2388/2233/3296 2379/2220/3283 2392/2237/3300 
s 93
f 2376/2217/3280 2393/2238/3301 2377/2218/3301 
s 94
f 2380/2221/3284 2378/2219/3282 2382/2226/3289 
s 95
f 2380/2221/3284 2376/2217/3280 2378/2219/3282 
s 96
f 2394/2215/3302 2395/2214/3303 2396/2216/3304 
s 97
f 2396/2216/3304 2397/2239/3305 2394/2215/3302 
s 98
f 2395/2240/3306 2398/2241/3307 2399/2242/3307 
s 99
f 2399/2242/3308 2396/2243/3308 2395/2240/3306 
s 100
f 2400/2244/3309 2394/2245/3310 2397/2246/3311 
s 101
f 2397/2246/3311 2401/2247/3312 2400/2244/3309 
s 102
f 2398/2248/3313 2395/2249/3314 2394/2250/3315 
s 103
f 2394/2250/3315 2400/2251/3316 2398/2248/3313 
s 104
f 2399/2252/3317 2401/2253/3317 2397/2254/3318 
s 105
f 2397/2254/3318 2396/2255/3319 2399/2252/3319 
s 106
f 2375/2255/3320 2402/2254/3321 2403/2252/3322 
s 107
f 2404/2253/3323 2403/2252/3322 2402/2254/3321 
s 108
f 2405/2251/3324 2374/2250/3325 2406/2248/3326 
s 109
f 2373/2249/3327 2406/2248/3326 2374/2250/3325 
s 110
f 2404/2247/3328 2402/2246/3329 2405/2244/3330 
s 111
f 2374/2245/3331 2405/2244/3330 2402/2246/3329 
s 112
f 2375/2243/3332 2403/2242/3332 2373/2240/3333 
s 113
f 2406/2241/3334 2373/2240/3333 2403/2242/3334 
s 114
f 2402/2239/3335 2375/2216/3279 2374/2215/3278 
s 115
f 2407/2256/3336 2408/2257/3337 2409/2258/3338 
s 116
f 2410/2259/3339 2407/2256/3336 2384/2260/3340 
s 117
f 2411/2261/3341 2407/2256/3336 2410/2259/3341 
s 118
f 2384/2260/3340 2409/2258/3338 2412/2262/3342 
s 119
f 2407/2256/3336 2409/2258/3338 2384/2260/3340 
s 120
f 2413/2263/3343 2414/2264/3344 2415/2265/3345 
s 121
f 2407/2256/3336 2416/2188/3346 2415/2265/3345 
s 122
f 2411/2261/3347 2416/2188/3346 2407/2256/3336 
s 123
f 2393/2266/3348 2411/2267/3349 2377/2268/3349 
s 124
f 2377/2227/3290 2410/2269/3350 2384/2228/3291 
s 125
f 2409/2258/3338 2408/2257/3337 2417/2270/3351 
s 126
f 2412/2262/3342 2417/2270/3351 2418/2271/3352 
s 127
f 2408/2257/3337 2415/2265/3345 2419/2272/3353 
s 128
f 2408/2257/3337 2419/2272/3353 2420/2273/3354 
s 129
f 2417/2270/3351 2408/2257/3337 2420/2273/3354 
s 130
f 2417/2270/3351 2420/2273/3354 2418/2271/3352 
s 131
f 2415/2265/3345 2414/2264/3355 2419/2272/3353 
s 132
f 2379/2220/3283 2380/2221/3284 2383/2225/3288 
s 133
f 2383/2225/3288 2382/2226/3289 2385/2229/3292 
s 134
f 2391/2236/3356 2389/2234/3297 2388/2233/3296 
s 135
f 2390/2235/3298 2376/2217/3280 2388/2233/3296 
s 136
f 2390/2235/3298 2393/2238/3357 2376/2217/3280 
s 137
f 2421/2274/3358 2359/2205/3262 2362/2208/3265 
s 138
f 2422/2275/3359 2359/2205/3262 2421/2274/3358 
s 139
f 2422/2275/3359 2360/2206/3263 2359/2205/3262 
s 140
f 2423/2276/3360 2422/2275/3359 2421/2274/3358 
s 141
f 2424/2277/3361 2364/2210/3267 2366/2212/3362 
s 142
f 2421/2274/3358 2364/2210/3267 2424/2277/3361 
s 143
f 2421/2274/3358 2362/2208/3265 2364/2210/3267 
s 144
f 2423/2276/3360 2421/2274/3358 2424/2277/3361 
s 145
f 2416/2188/3346 2413/2263/3343 2415/2265/3345 
s 146
f 2407/2256/3336 2415/2265/3345 2408/2257/3337 
s 147
f 2377/2268/3349 2411/2267/3349 2410/2278/3349 
s 148
f 2418/2271/3352 2420/2273/3354 2386/2231/3294 
s 149
f 2381/2230/3293 2418/2271/3352 2386/2231/3294 
s 150
f 2412/2262/3342 2418/2271/3352 2381/2230/3293 
s 151
f 2378/2222/3285 2384/2228/3291 2381/2223/3286 
s 152
f 2409/2258/3338 2417/2270/3351 2412/2262/3342 
s 153
f 2381/2223/3286 2384/2228/3291 2412/2279/3363 
s 154
f 2425/2280/3364 2426/2281/3365 2427/2282/3366 
s 155
f 2426/2281/3365 2428/2280/3367 2429/2283/3368 
s 156
f 2425/2280/3364 2427/2282/3366 2430/2280/3369 
s 157
f 2429/2283/3368 2428/2280/3367 2431/2284/3370 
s 158
f 2431/2284/3371 2428/2280/3372 2432/2280/3373 
s 159
f 2336/2285/3374 2431/2284/3371 2432/2280/3373 
s 160
f 2433/2286/3375 2434/2287/3376 2435/2280/3377 
s 161
f 2434/2287/3376 2436/2280/3378 2435/2280/3377 
s 162
f 2434/2287/3376 2437/2288/3379 2436/2280/3378 
s 163
f 2437/2288/3379 2438/2285/3380 2436/2280/3378 
s 164
f 2439/2280/3381 2436/2280/3378 2438/2285/3380 
s 165
f 2440/2232/3382 2433/2289/3382 2441/2231/3382 
s 166
f 2441/2231/3383 2426/2272/3383 2442/2273/3383 
s 167
f 2443/2290/3384 2444/2291/3385 2445/2292/3386 
s 168
f 2433/2237/3387 2446/2293/3388 2447/2294/3389 
s 169
f 2440/2232/3390 2446/2293/3388 2433/2237/3387 
s 170
f 2440/2232/3390 2448/2295/3391 2446/2293/3388 
s 171
f 2441/2231/3392 2448/2295/3391 2440/2232/3390 
s 172
f 2447/2296/3393 2340/2297/3394 2449/2298/3395 
s 173
f 2450/2185/3396 2451/2184/3397 2452/2186/3398 
s 174
f 2452/2186/3398 2453/2187/3399 2450/2185/3396 
s 175
f 2438/2188/3400 2450/2185/3396 2453/2187/3399 
s 176
f 2453/2187/3399 2454/2189/3401 2438/2188/3400 
s 177
f 2455/2261/3402 2438/2188/3400 2454/2189/3401 
s 178
f 2456/2299/3403 2457/2300/3404 2445/2292/3386 
s 179
f 2456/2299/3403 2444/2291/3385 2458/2301/3405 
s 180
f 2451/2184/3397 2458/2301/3406 2444/2291/3385 
s 181
f 2351/2302/3407 2456/2299/3403 2352/2303/3408 
s 182
f 2458/2301/3405 2352/2303/3409 2456/2299/3403 
s 183
f 2457/2304/3410 2459/2305/3411 2445/2306/3412 
s 184
f 2456/2299/3403 2459/2307/3413 2457/2300/3404 
s 185
f 2430/2280/3369 2427/2282/3366 2433/2286/3375 
s 186
f 2430/2280/3369 2433/2286/3375 2435/2280/3377 
s 187
f 2432/2280/3373 2460/2280/3414 2461/2308/3415 
s 188
f 2432/2280/3373 2461/2308/3415 2336/2285/3374 
s 189
f 2439/2280/3381 2438/2285/3380 2455/2309/3416 
s 190
f 2462/2280/3417 2439/2280/3381 2455/2309/3416 
s 191
f 2428/2280/3367 2426/2281/3365 2425/2280/3364 
s 192
f 2463/2310/3418 2464/2311/3419 2344/2191/3420 
s 193
f 2465/2312/3421 2347/2313/3422 2466/2314/3423 
s 194
f 2354/2315/3424 2347/2313/3422 2465/2312/3421 
s 195
f 2355/2315/3425 2467/2316/3426 2348/2313/3427 
s 196
f 2468/2317/3428 2467/2316/3426 2355/2315/3425 
s 197
f 2468/2317/3428 2332/2184/3236 2467/2316/3426 
s 198
f 2469/2298/3429 2332/2184/3236 2468/2317/3428 
s 199
f 2469/2298/3429 2333/2185/3237 2332/2184/3236 
s 200
f 2470/2318/3430 2354/2315/3424 2465/2312/3421 
s 201
f 2344/2191/3420 2354/2315/3424 2470/2318/3430 
s 202
f 2343/2191/3248 2468/2319/3431 2355/2315/3425 
s 203
f 2345/2192/3250 2468/2319/3431 2343/2191/3248 
s 204
f 2345/2297/3432 2469/2298/3429 2468/2317/3428 
s 205
f 2463/2320/3433 2344/2191/3420 2470/2318/3430 
s 206
f 2459/2305/3411 2471/2321/3434 2472/2322/3435 
s 207
f 2473/2323/3436 2459/2305/3411 2472/2322/3435 
s 208
f 2437/2263/3437 2449/2298/3395 2450/2185/3396 
s 209
f 2437/2263/3437 2447/2296/3393 2449/2298/3395 
s 210
f 2433/2237/3387 2447/2294/3389 2434/2236/3438 
s 211
f 2447/2294/3389 2474/2324/3439 2340/2325/3440 
s 212
f 2446/2293/3388 2474/2324/3439 2447/2294/3389 
s 213
f 2446/2293/3388 2475/2326/3441 2474/2324/3439 
s 214
f 2448/2295/3391 2475/2326/3441 2446/2293/3388 
s 215
f 2474/2324/3442 2338/2327/3442 2340/2325/3440 
s 216
f 2476/2328/3443 2464/2311/3419 2341/2191/3444 
s 217
f 2475/2326/3441 2477/2329/3445 2474/2324/3439 
s 218
f 2464/2311/3419 2463/2310/3418 2341/2191/3444 
s 219
f 2350/2313/3446 2465/2312/3421 2466/2314/3423 
s 220
f 2350/2313/3446 2356/2315/3447 2465/2312/3421 
s 221
f 2478/2316/3448 2357/2315/3449 2353/2313/3450 
s 222
f 2478/2316/3448 2479/2317/3451 2357/2315/3449 
s 223
f 2451/2184/3397 2479/2317/3451 2478/2316/3448 
s 224
f 2451/2184/3397 2449/2298/3395 2479/2317/3451 
s 225
f 2450/2185/3396 2449/2298/3395 2451/2184/3397 
s 226
f 2356/2315/3447 2470/2318/3430 2465/2312/3421 
s 227
f 2356/2315/3447 2341/2191/3444 2470/2318/3430 
s 228
f 2456/2299/3403 2445/2292/3386 2444/2291/3385 
s 229
f 2351/2302/3407 2459/2307/3413 2456/2299/3403 
s 230
f 2479/2319/3452 2340/2192/3244 2339/2191/3243 
s 231
f 2479/2319/3452 2339/2191/3243 2357/2315/3449 
s 232
f 2335/2187/3239 2480/2330/3247 2372/2213/3276 
s 233
f 2473/2292/3453 2337/2189/3241 2461/2261/3454 
s 234
f 2481/2291/3455 2332/2184/3236 2372/2213/3276 
s 235
f 2345/2297/3432 2482/2296/3456 2469/2298/3429 
s 236
f 2483/2331/3457 2482/2296/3456 2345/2332/3458 
s 237
f 2483/2331/3457 2484/2333/3459 2482/2296/3456 
s 238
f 2482/2296/3456 2429/2264/3460 2431/2263/3461 
s 239
f 2336/2188/3240 2333/2185/3237 2431/2263/3461 
s 240
f 2471/2334/3462 2466/2314/3423 2472/2307/3463 
s 241
f 2466/2314/3423 2346/2302/3464 2472/2307/3463 
s 242
f 2472/2307/3463 2346/2302/3465 2485/2299/3466 
s 243
f 2473/2292/3453 2485/2299/3466 2481/2291/3455 
s 244
f 2472/2307/3463 2485/2299/3466 2486/2300/3467 
s 245
f 2472/2322/3435 2486/2335/3468 2473/2323/3436 
s 246
f 2349/2303/3469 2487/2301/3470 2485/2299/3466 
s 247
f 2485/2299/3466 2346/2302/3465 2349/2303/3471 
s 248
f 2487/2301/3472 2332/2184/3236 2481/2291/3455 
s 249
f 2357/2203/3259 2339/2193/3245 2341/2195/3245 
s 250
f 2342/2194/3247 2488/2336/3247 2483/2337/3258 
s 251
f 2466/2314/3423 2471/2334/3462 2459/2307/3413 
s 252
f 2450/2185/3396 2438/2188/3400 2437/2263/3437 
s 253
f 2434/2236/3438 2447/2294/3389 2437/2234/3473 
s 254
f 2478/2316/3448 2458/2301/3406 2451/2184/3397 
s 255
f 2478/2316/3448 2352/2303/3474 2458/2301/3474 
s 256
f 2353/2313/3475 2352/2303/3475 2478/2316/3475 
s 257
f 2350/2313/3446 2466/2314/3423 2351/2302/3476 
s 258
f 2481/2291/3455 2489/2290/3477 2473/2292/3453 
s 259
f 2481/2291/3455 2480/2330/3478 2489/2290/3477 
s 260
f 2372/2213/3276 2480/2330/3478 2481/2291/3455 
s 261
f 2489/2290/3477 2337/2189/3241 2473/2292/3453 
s 262
f 2337/2189/3241 2489/2290/3477 2480/2330/3478 
s 263
f 2337/2189/3241 2480/2330/3478 2335/2187/3239 
s 264
f 2372/2213/3276 2334/2186/3238 2335/2187/3239 
s 265
f 2351/2302/3476 2466/2314/3423 2459/2307/3413 
s 266
f 2341/2191/3444 2463/2320/3433 2470/2318/3430 
s 267
f 2449/2298/3395 2340/2297/3394 2479/2317/3451 
s 268
f 2461/2267/3479 2445/2306/3412 2473/2323/3436 
s 269
f 2445/2306/3412 2459/2305/3411 2473/2323/3436 
s 270
f 2469/2298/3429 2431/2263/3461 2333/2185/3237 
s 271
f 2482/2296/3456 2431/2263/3461 2469/2298/3429 
s 272
f 2482/2296/3456 2426/2272/3480 2429/2264/3481 
s 273
f 2484/2333/3459 2426/2272/3480 2482/2296/3456 
s 274
f 2484/2333/3459 2442/2273/3482 2426/2272/3480 
s 275
f 2448/2295/3391 2442/2273/3482 2484/2333/3459 
s 276
f 2448/2295/3391 2441/2231/3483 2442/2273/3482 
s 277
f 2490/2330/3484 2444/2291/3385 2443/2290/3384 
s 278
f 2490/2330/3484 2491/2213/3485 2444/2291/3385 
s 279
f 2454/2189/3401 2443/2290/3384 2445/2292/3386 
s 280
f 2443/2290/3384 2454/2189/3401 2490/2330/3484 
s 281
f 2490/2330/3484 2454/2189/3401 2453/2187/3399 
s 282
f 2452/2186/3398 2491/2213/3485 2453/2187/3399 
s 283
f 2490/2330/3484 2453/2187/3399 2491/2213/3485 
s 284
f 2454/2189/3401 2445/2292/3386 2455/2261/3486 
s 285
f 2451/2184/3397 2444/2291/3385 2491/2213/3485 
s 286
f 2491/2213/3485 2452/2186/3398 2451/2184/3397 
s 287
f 2481/2291/3455 2485/2299/3466 2487/2301/3470 
s 288
f 2486/2300/3467 2485/2299/3466 2473/2292/3453 
s 289
f 2336/2188/3240 2461/2261/3487 2337/2189/3241 
s 290
f 2477/2329/3488 2475/2326/3441 2483/2331/3457 
s 291
f 2464/2311/3419 2488/2328/3489 2344/2191/3420 
s 292
f 2342/2338/3490 2483/2331/3490 2345/2332/3458 
s 293
f 2475/2326/3441 2448/2295/3391 2484/2333/3459 
s 294
f 2475/2326/3441 2484/2333/3459 2483/2331/3457 
s 295
f 2488/2336/3247 2342/2194/3247 2344/2195/3247 
s 296
f 2488/2339/3491 2464/2340/3492 2477/2341/3492 
s 297
f 2477/2341/3492 2483/2342/3491 2488/2339/3491 
s 298
f 2476/2336/3246 2341/2195/3245 2338/2194/3246 
s 299
f 2338/2194/3246 2474/2337/3259 2476/2336/3246 
s 300
f 2464/2340/3492 2476/2343/3493 2474/2344/3493 
s 301
f 2474/2344/3493 2477/2341/3492 2464/2340/3492 
s 302
f 2455/2266/3479 2445/2306/3412 2461/2267/3479 
s 303
f 2487/2301/3472 2467/2316/3426 2332/2184/3236 
s 304
f 2349/2303/3494 2467/2316/3426 2487/2301/3494 
s 305
f 2349/2303/3471 2348/2313/3427 2467/2316/3426 
s 306
f 2466/2314/3423 2347/2313/3422 2346/2302/3464 
# 0 polygons - 4313 triangles

