# 3ds Max Wavefront OBJ Exporter v0.97b - (c)2007 guruware
# File Created: 15.06.2015 16:20:20

mtllib Scout.mtl

#
# object Object001
#

v  -0.4417 1.6802 -0.1918
v  -0.4811 1.6597 -0.2020
v  -0.4937 1.7957 -0.2202
v  -0.5289 1.7657 -0.2280
v  -0.5644 1.7501 -0.2036
v  -0.5286 1.7674 -0.2225
v  -0.5605 1.7528 -0.2003
v  -0.4973 1.7954 -0.2157
v  -0.4794 1.8224 -0.1846
v  -0.4847 1.8203 -0.1837
v  -0.4945 1.8302 -0.1421
v  -0.4985 1.8277 -0.1454
v  -0.5305 1.8157 -0.1179
v  -0.5308 1.8143 -0.1234
v  -0.4234 1.6979 -0.1540
v  -0.4370 1.7024 -0.1107
v  -0.4744 1.6912 -0.0873
v  -0.5139 1.6707 -0.0975
v  -0.5659 1.7863 -0.1259
v  -0.5322 1.6530 -0.1353
v  -0.5799 1.7591 -0.1614
v  -0.4447 1.5377 -0.0841
v  -0.4190 1.5510 -0.0774
v  -0.4807 1.6177 -0.1037
v  -0.4550 1.6310 -0.0971
v  -0.4566 1.5262 -0.1086
v  -0.4926 1.6062 -0.1283
v  -0.4477 1.5232 -0.1368
v  -0.4838 1.6032 -0.1564
v  -0.3928 1.5436 -0.1512
v  -0.3785 1.5574 -0.1218
v  -0.3683 1.4893 -0.1379
v  -0.3646 1.5067 -0.0748
v  -0.3541 1.5031 -0.1085
v  -0.3891 1.5610 -0.0881
v  -0.3938 1.4979 -0.0566
v  -0.4182 1.5522 -0.0699
v  -0.4245 1.4820 -0.0645
v  -0.4489 1.5363 -0.0778
v  -0.4387 1.4682 -0.0939
v  -0.4632 1.5225 -0.1073
v  -0.4282 1.4647 -0.1276
v  -0.4526 1.5190 -0.1409
v  -0.3990 1.4734 -0.1458
v  -0.4235 1.5277 -0.1592
v  -0.3977 1.5438 -0.1454
v  -0.4234 1.5305 -0.1520
v  -0.4338 1.6239 -0.1650
v  -0.4594 1.6106 -0.1717
v  -0.3858 1.5553 -0.1208
v  -0.4219 1.6354 -0.1404
v  -0.3946 1.5583 -0.0927
v  -0.4307 1.6383 -0.1123
v  -0.5752 1.7704 -0.1647
v  -0.5617 1.7621 -0.2003
v  -0.5747 1.7613 -0.1623
v  -0.5624 1.7868 -0.1305
v  -0.4546 1.6332 -0.0898
v  -0.4255 1.6419 -0.1080
v  -0.4791 1.6875 -0.1031
v  -0.4499 1.6962 -0.1213
v  -0.4853 1.6172 -0.0977
v  -0.5098 1.6715 -0.1110
v  -0.4996 1.6035 -0.1271
v  -0.5240 1.6578 -0.1404
v  -0.4890 1.5999 -0.1608
v  -0.5135 1.6542 -0.1741
v  -0.4599 1.6086 -0.1790
v  -0.4843 1.6630 -0.1923
v  -0.4149 1.6383 -0.1417
v  -0.4292 1.6246 -0.1711
v  -0.5186 1.6485 -0.1786
v  -0.5639 1.7949 -0.1350
v  -0.5345 1.8212 -0.1286
v  -0.5042 1.8340 -0.1492
v  -0.4913 1.8268 -0.1851
v  -0.5028 1.8029 -0.2149
v  -0.5319 1.7760 -0.2212
v  -0.4536 1.6789 -0.1844
v  -0.4394 1.6926 -0.1550
v  0.3732 0.9083 -0.2632
v  0.3986 0.9235 -0.2692
v  0.3948 0.9183 -0.2519
v  0.3787 0.9159 -0.2832
v  0.4512 0.9908 -0.1493
v  0.3898 0.9755 -0.2060
v  0.4042 0.9622 -0.1377
v  0.4937 0.8376 -0.2018
v  0.4795 0.8733 -0.1235
v  0.4651 0.8381 -0.2058
v  0.4404 0.8739 -0.1287
v  0.4771 0.9476 -0.2768
v  0.4959 0.9666 -0.1326
v  0.4339 0.9185 -0.1652
v  0.4602 0.9009 -0.2631
v  0.4150 0.9504 -0.1763
v  0.4041 0.9395 -0.2269
v  0.4013 0.9341 -0.2406
v  0.4502 0.9326 -0.2753
v  0.4903 0.9163 -0.2653
v  0.4519 0.8982 -0.2737
v  0.4549 0.8875 -0.2979
v  0.4675 0.8221 -0.2311
v  0.3907 0.8825 -0.2860
v  0.4167 0.8248 -0.2294
v  0.4238 0.8384 -0.2203
v  0.4633 0.8388 -0.2149
v  0.4025 0.8913 -0.2697
v  0.3995 0.9909 -0.2390
v  0.4131 0.9699 -0.2530
v  0.5074 0.9583 -0.1147
v  0.4895 0.9937 -0.1372
v  0.4049 0.9201 -0.1154
v  0.4416 0.9944 -0.1373
v  0.4196 0.9657 -0.1189
v  0.4530 0.8953 -0.0996
v  0.4849 0.9285 -0.0986
v  0.4395 0.9272 -0.0981
v  0.4963 0.9231 -0.1127
v  0.3710 0.9353 -0.2466
v  0.4349 0.9120 -0.3226
v  0.4003 0.9191 -0.2902
v  0.4443 0.9271 -0.2989
v  0.3880 0.9089 -0.3045
v  0.4413 0.8895 -0.3083
v  0.3933 0.8902 -0.2926
v  0.4056 0.9003 -0.2783
v  0.4526 0.8854 -0.2973
v  0.3804 0.9456 -0.2774
v  0.4060 0.9537 -0.2605
v  -0.1688 1.0110 0.1566
v  -0.1633 1.1180 0.1278
v  -0.1828 1.0838 0.0902
v  -0.2114 1.0954 -0.0260
v  -0.1959 1.1113 0.0876
v  0.0246 0.9553 -0.1845
v  0.0480 1.0620 -0.1960
v  0.1162 0.9738 -0.1543
v  0.0262 1.0366 -0.2003
v  0.1368 1.0076 0.1232
v  0.1339 0.9124 0.1656
v  0.1167 0.9017 0.1276
v  0.1337 1.0111 0.1441
v  0.1421 1.0839 0.0767
v  0.1271 1.1181 0.1157
v  0.1609 1.0955 -0.0415
v  0.1550 1.1113 0.0730
v  0.0933 1.0662 -0.1741
v  -0.0904 1.0366 -0.1954
v  -0.0874 0.9553 -0.1799
v  -0.1673 0.9123 0.1781
v  -0.1532 0.9017 0.1388
v  -0.0187 0.8921 0.1224
v  -0.0485 0.8670 -0.1428
v  -0.0110 0.8671 -0.1443
v  -0.0136 0.8527 -0.0222
v  -0.2329 0.9959 -0.0932
v  -0.2098 1.0403 -0.1221
v  -0.1686 0.9713 -0.1441
v  -0.2245 1.0550 -0.0093
v  -0.2387 0.9455 0.0088
v  -0.2036 1.0147 0.1115
v  -0.1736 1.0075 0.1361
v  -0.1955 1.0744 -0.1306
v  -0.1549 1.0661 -0.1638
v  -0.0858 0.8752 -0.1517
v  -0.2125 0.2584 0.0808
v  -0.2377 0.2683 0.1753
v  -0.2265 0.1925 0.1675
v  -0.0419 0.8402 -0.0417
v  -0.1117 1.0620 -0.1894
v  0.0343 0.8776 -0.1611
v  -0.0040 0.8392 -0.0524
v  -0.0358 0.8527 -0.0212
v  -0.5886 1.3689 -0.2289
v  -0.5945 1.3077 -0.2598
v  -0.6188 1.3593 -0.2510
v  -0.6778 1.3106 -0.2221
v  -0.7199 1.4203 -0.3099
v  -0.6806 1.3208 -0.2748
v  -0.6693 1.4697 -0.2351
v  -0.6597 1.3301 -0.1824
v  -0.6457 1.4803 -0.2102
v  -0.5199 1.4369 -0.2850
v  -0.5271 1.4451 -0.2459
v  -0.5299 1.4161 -0.2631
v  -0.5177 1.4553 -0.2728
v  -0.5584 1.4404 -0.2443
v  -0.5427 1.4506 -0.2706
v  -0.5605 1.4178 -0.2581
v  -0.5457 1.4349 -0.2798
v  -0.5550 1.3929 -0.2211
v  -0.5541 1.4286 -0.2090
v  -0.5762 1.4413 -0.2221
v  -0.5853 1.4105 -0.2479
v  -0.5918 1.5123 -0.2943
v  -0.6251 1.5194 -0.2606
v  -0.6137 1.4920 -0.2599
v  -0.6699 1.3082 -0.1963
v  -0.6082 1.3438 -0.1773
v  -0.6431 1.3443 -0.1886
v  -0.6026 1.3441 -0.2143
v  -0.5765 1.3297 -0.2215
v  -0.5938 1.3144 -0.2405
v  -0.6617 1.2800 -0.2244
v  -0.6492 1.2951 -0.2641
v  -0.6243 1.2784 -0.2500
v  -0.6440 1.3235 -0.2891
v  -0.1763 0.8805 0.1008
v  -0.3439 0.6473 0.0714
v  -0.2124 0.6499 0.1686
v  -0.3202 0.5902 0.0723
v  -0.2420 0.6205 0.1259
v  -0.1335 0.6323 0.1368
v  -0.1235 0.5934 -0.0317
v  0.1118 0.5589 -0.0049
v  0.0922 0.6288 0.1166
v  0.0737 0.5776 -0.0614
v  -0.2670 0.2020 0.2153
v  -0.2073 0.1866 0.1876
v  -0.2595 0.1978 0.2398
v  -0.2576 0.0574 0.2453
v  -0.2048 0.0603 0.1727
v  -0.3827 0.1490 0.1365
v  -0.3501 0.0545 0.2252
v  -0.3459 0.1819 0.2302
v  -0.4610 0.0555 -0.0389
v  -0.4492 0.1173 -0.0475
v  -0.2112 0.1853 0.0687
v  -0.2908 0.2072 -0.0043
v  -0.2796 0.2463 0.0172
v  -0.2649 0.1213 -0.1133
v  -0.3574 0.1559 -0.0839
v  -0.3973 0.1514 -0.1800
v  -0.4427 0.1215 -0.1074
v  -0.4500 0.0549 -0.1393
v  -0.4050 0.0586 -0.2048
v  -0.2012 0.3804 0.1661
v  -0.2973 0.4043 0.2026
v  -0.3061 0.2662 0.1958
v  -0.1852 0.3659 0.0596
v  -0.3601 0.2574 0.1230
v  -0.1522 0.5593 0.0229
v  -0.3712 0.2107 0.0242
v  -0.3503 0.2511 0.0421
v  -0.4014 0.0549 0.1029
v  -0.0972 0.8576 0.0967
v  -0.3188 0.5522 -0.0126
v  -0.3232 0.5834 -0.0670
v  -0.2313 0.5597 -0.1034
v  -0.3392 0.1845 0.2004
v  -0.1661 0.6006 0.1035
v  -0.3031 0.1276 -0.1661
v  -0.3098 0.0610 -0.1964
v  -0.2183 0.9301 0.1159
v  -0.0448 0.8735 0.0932
v  -0.6259 1.4707 -0.2303
v  -0.6317 1.4820 -0.2780
v  -0.2561 0.0634 -0.1010
v  -0.2275 0.0617 0.0513
v  -0.2254 0.5319 -0.0438
v  -0.0214 1.6179 0.0961
v  0.0702 1.6074 0.0054
v  -0.1201 1.6043 0.0137
v  0.0226 1.5875 -0.1169
v  -0.0828 1.5857 -0.1123
v  -0.6807 1.4302 -0.3443
v  -0.5756 1.4633 -0.3287
v  -0.6370 1.4162 -0.3636
v  -0.6389 1.4085 -0.3476
v  -0.6248 1.4646 -0.2847
v  -0.6802 1.4145 -0.3243
v  -0.5854 1.4499 -0.3143
v  -0.6186 1.4873 -0.3012
v  -0.3585 0.4077 0.1043
v  -0.6994 1.4097 -0.3144
v  -0.5955 1.5327 -0.2992
v  -0.6431 1.5094 -0.2787
v  -0.6104 1.5244 -0.3142
v  -0.6067 1.5039 -0.3094
v  -0.6467 1.4586 -0.2562
v  0.1955 0.0594 0.0040
v  0.3645 0.0510 0.0706
v  0.1693 0.0568 0.1307
v  0.4293 0.0528 -0.0761
v  0.3483 0.1449 0.0987
v  0.1783 0.1828 0.0282
v  -0.3455 0.2214 0.0998
v  -0.3444 0.1849 0.1156
v  -0.3837 0.2264 0.1240
v  -0.3735 0.1839 0.1658
v  -0.3896 0.2290 0.1720
v  -0.3359 0.2578 0.1124
v  -0.3636 0.2688 0.1622
v  -0.3099 0.2578 0.1811
v  -0.3212 0.2729 0.1461
v  -0.3534 0.2263 0.2040
v  -0.3088 0.2213 0.1969
v  0.2621 0.4010 0.1679
v  0.1660 0.3763 0.1317
v  0.2043 0.2647 0.1364
v  0.1333 0.3862 0.1633
v  0.1165 0.3697 0.0357
v  0.0955 0.4764 0.0221
v  0.1122 0.4806 0.0120
v  0.1286 0.5003 0.1231
v  0.1096 0.4931 0.1487
v  0.2323 0.5262 0.1909
v  0.2238 0.5258 0.1569
v  0.3200 0.5300 0.0976
v  0.3138 0.5295 0.0709
v  0.3221 0.4090 0.0691
v  0.2781 0.5555 -0.0425
v  0.2797 0.5917 0.0438
v  0.1492 0.3651 0.0248
v  0.1847 0.5346 -0.0734
v  0.3182 0.2217 0.1665
v  0.2737 0.2170 0.1585
v  0.2833 0.1806 0.1457
v  0.3387 0.1796 0.1283
v  0.2986 0.1658 0.1121
v  0.3550 0.2244 0.1352
v  0.3106 0.1813 0.0775
v  0.3499 0.2224 0.0871
v  0.3122 0.2179 0.0622
v  0.3025 0.2542 0.0750
v  0.3294 0.2645 0.1254
v  0.2873 0.2690 0.1086
v  0.1819 0.9973 -0.1058
v  0.2851 0.5856 -0.1056
v  0.2753 0.2536 0.1432
v  -0.3184 0.1849 0.1842
v  -0.3332 0.1698 0.1505
v  -0.1556 1.1600 0.2463
v  0.1035 1.0546 0.1975
v  0.1239 1.1601 0.2346
v  -0.1383 1.0546 0.2076
v  -0.1415 1.0413 0.1306
v  -0.1546 1.1668 0.0964
v  0.1003 1.0414 0.1205
v  0.1105 1.1669 0.0853
v  0.1147 1.2235 0.1863
v  -0.1504 1.2234 0.1973
v  0.1790 0.9294 0.0993
v  0.1640 1.0140 0.0965
v  0.1766 1.0541 -0.0206
v  0.1928 0.9439 -0.0049
v  0.0045 0.8715 0.0870
v  0.0553 0.8522 0.0835
v  0.1334 0.8742 0.0863
v  0.1543 1.0413 -0.1346
v  0.1364 1.0745 -0.1444
v  0.3136 0.0496 0.1859
v  0.2207 0.0529 0.2043
v  0.2350 0.1205 -0.1535
v  0.2256 0.0624 -0.1419
v  0.3271 0.1542 -0.1220
v  0.2584 0.2074 -0.0440
v  0.3100 0.1771 0.1922
v  0.2235 0.1933 0.2003
v  0.3268 0.2563 0.0840
v  0.2727 0.2628 0.1569
v  0.3038 0.1799 0.1622
v  0.1261 0.5964 0.0770
v  0.1930 0.5621 -0.1418
v  0.3084 0.6400 0.0463
v  0.1713 0.6463 0.1481
v  0.3687 0.1505 -0.2174
v  0.2811 0.0608 -0.2363
v  0.2741 0.1271 -0.2055
v  0.3764 0.0579 -0.2430
v  -0.2617 0.5294 0.1870
v  -0.1664 0.5048 0.1529
v  -0.3528 0.5284 0.1020
v  -0.3772 0.4229 0.1464
v  -0.1508 0.4816 0.0424
v  -0.1525 0.3715 0.0699
v  -0.1339 0.4782 0.0524
v  -0.1469 0.4989 0.1785
v  -0.1683 0.3920 0.1970
v  -0.2699 0.5308 0.2210
v  -0.2913 0.4239 0.2395
v  -0.3587 0.5296 0.1287
v  0.2464 0.2470 -0.0221
v  0.3171 0.2519 0.0030
v  0.2561 0.4192 0.2055
v  0.3410 0.4232 0.1115
v  0.1918 0.1889 0.1274
v  0.1792 0.2568 0.0417
v  0.3387 0.2108 -0.0149
v  0.4180 0.1148 -0.0843
v  0.2019 0.6167 0.0993
v  0.2315 0.1978 0.1760
v  0.1722 0.1829 0.1470
v  0.4126 0.1196 -0.1442
v  0.4202 0.0533 -0.1767
v  0.3237 1.3209 0.1478
v  0.4465 1.2162 0.0786
v  0.3942 1.3364 0.0653
v  0.2365 1.2928 0.1166
v  0.2339 1.2739 0.0133
v  0.2795 1.1546 0.0222
v  0.2816 1.1593 0.1386
v  0.3091 1.3025 -0.0623
v  0.3566 1.2007 -0.0462
v  0.3958 1.3359 -0.0276
v  0.4372 1.2305 -0.0135
v  -0.1376 1.2793 0.3069
v  -0.1414 1.3997 0.2640
v  -0.1418 1.2934 0.2159
v  -0.1386 1.3905 0.3241
v  0.1238 1.2836 0.2954
v  0.1228 1.3947 0.3126
v  0.1196 1.2976 0.2044
v  0.1200 1.4040 0.2525
v  -0.1460 1.2160 0.2026
v  -0.2058 1.4458 0.3259
v  -0.2859 1.3815 0.1931
v  -0.1417 1.5483 0.1012
v  -0.2885 1.5015 0.1605
v  -0.2502 1.4816 0.2138
v  0.3136 1.0116 0.0833
v  0.3299 1.0874 0.0095
v  0.3102 1.0877 -0.0038
v  0.3327 1.0298 0.0762
v  0.3087 1.0892 0.1433
v  0.4185 1.0539 0.1229
v  0.4040 1.1051 0.1748
v  0.5125 1.1311 0.0899
v  0.4731 1.1215 0.0702
v  0.4438 1.0341 0.1584
v  0.4897 1.1633 -0.0049
v  0.4650 1.1440 0.0109
v  0.3742 1.1785 0.1625
v  0.3661 1.1464 -0.0155
v  0.4532 1.1688 0.0159
v  0.0082 1.4524 -0.2419
v  -0.0343 1.4578 -0.2579
v  -0.0335 1.4967 -0.2253
v  0.0136 1.4851 -0.1989
v  -0.0322 1.5032 -0.1939
v  0.0269 1.4403 -0.2133
v  0.0237 1.5415 -0.1094
v  0.0715 1.5491 0.0136
v  -0.0817 1.5398 -0.1047
v  -0.1188 1.5459 0.0219
v  -0.0199 1.5508 0.1047
v  -0.0893 1.1331 -0.2209
v  -0.1100 1.1226 -0.2002
v  -0.0915 1.1427 -0.2004
v  -0.0934 1.1277 -0.1738
v  0.0270 1.1427 -0.2053
v  0.0311 1.1277 -0.1790
v  0.0231 1.1331 -0.2256
v  -0.0299 1.2039 -0.1990
v  -0.2039 1.5578 0.3447
v  -0.1935 1.6090 0.2221
v  0.1847 1.5641 0.3276
v  0.1613 1.6148 0.2065
v  0.1256 1.2204 0.1907
v  0.2582 1.3904 0.1692
v  0.1884 1.4522 0.3086
v  0.2217 1.4893 0.1931
v  0.1012 1.5523 0.0906
v  0.2541 1.5103 0.1367
v  -0.0684 1.3724 -0.2319
v  -0.0750 1.4510 -0.2382
v  -0.0333 1.3816 -0.2631
v  -0.0320 1.3545 -0.2428
v  -0.0908 1.4383 -0.2081
v  -0.0777 1.4836 -0.1949
v  0.0047 1.3736 -0.2351
v  0.4963 1.0115 -0.1599
v  0.4359 0.8844 -0.0932
v  0.4200 0.9882 -0.1724
v  0.3925 0.9309 -0.1431
v  0.5028 0.9099 -0.0843
v  0.5299 0.9682 -0.1140
v  0.2575 1.4837 0.1042
v  0.1762 1.4466 0.0026
v  0.1905 1.4582 0.0801
v  0.3144 1.5026 0.0469
v  0.2424 1.4640 -0.0524
v  0.2978 1.4868 -0.0331
v  0.2940 1.4401 0.1474
v  0.1790 1.3949 0.1102
v  0.3715 1.4687 0.0588
v  0.1650 1.3863 -0.0075
v  0.2620 1.4125 -0.0899
v  0.3506 1.4493 -0.0607
v  0.3134 1.3654 0.1544
v  0.2084 1.3293 0.1187
v  -0.4089 1.1595 0.0415
v  -0.4733 1.0782 -0.0316
v  -0.3829 1.1965 -0.0658
v  -0.4556 1.2266 -0.1001
v  -0.4752 1.1701 -0.1279
v  -0.4220 1.2912 -0.1133
v  -0.5306 1.2660 -0.0586
v  -0.4923 1.3374 -0.0762
v  -0.5261 1.2961 0.0008
v  -0.5779 1.1875 -0.0074
v  -0.4918 1.2048 0.0656
v  -0.3164 1.2611 0.0799
v  -0.3931 1.3091 0.1147
v  -0.4336 1.3804 0.0421
v  -0.2979 1.2812 -0.0214
v  -0.3397 1.3631 -0.0826
v  -0.4148 1.4140 -0.0424
v  0.3919 1.3970 0.0656
v  0.3721 1.3817 -0.0558
v  0.3719 1.1570 -0.0509
v  0.3815 1.1365 -0.0254
v  0.1962 1.3199 0.0018
v  0.2905 1.3486 -0.0841
v  0.1865 1.1919 -0.1180
v  0.1558 1.1790 0.0891
v  0.1564 1.1911 -0.1165
v  0.1906 1.1788 0.0873
v  0.2593 1.2699 0.1129
v  0.2466 1.3119 -0.1102
v  0.2443 1.5301 -0.0403
v  0.2436 1.4326 -0.1135
v  0.1199 1.5526 -0.0327
v  0.1197 1.5737 -0.0284
v  -0.0185 1.5621 0.1412
v  0.1144 1.2854 -0.2158
v  0.1069 1.2644 -0.1941
v  0.1513 1.4253 -0.1937
v  0.1007 1.5021 -0.1696
v  0.0729 1.5389 -0.1112
v  0.0727 1.5586 -0.1092
v  -0.0322 1.3316 -0.2561
v  -0.1715 1.1353 -0.1103
v  -0.2124 1.1515 -0.0379
v  -0.1881 1.1534 -0.0371
v  -0.1571 1.1241 -0.1844
v  -0.1953 1.1324 -0.1285
v  -0.1430 1.1291 -0.1625
v  0.0768 1.2213 0.1054
v  -0.0304 1.3136 -0.2237
v  0.0860 1.1985 -0.1806
v  0.1142 1.1353 -0.1221
v  0.1378 1.1975 -0.0761
v  0.1367 1.1534 -0.0506
v  0.1133 1.1972 -0.1417
v  0.0814 1.1291 -0.1718
v  0.1281 1.1761 0.1112
v  -0.1660 1.1761 0.1235
v  0.1163 1.1719 0.0736
v  -0.1574 1.1718 0.0850
v  0.1549 1.1690 0.0635
v  0.1609 1.1516 -0.0534
v  0.1364 1.1324 -0.1423
v  0.0936 1.1241 -0.1948
v  -0.0331 1.4624 -0.2279
v  -0.0324 1.5108 -0.1949
v  -0.0307 1.5237 -0.1504
v  -0.0309 1.5442 -0.1483
v  0.1334 1.2033 0.0483
v  -0.2974 1.4237 -0.0897
v  -0.2880 1.2610 0.1369
v  -0.2964 1.2945 -0.0887
v  -0.2124 1.4194 -0.1777
v  -0.1841 1.1735 0.1040
v  -0.2189 1.1721 0.1053
v  -0.2332 1.1850 -0.0996
v  -0.1969 1.1853 -0.1010
v  -0.2949 1.5213 -0.0166
v  -0.1712 1.5478 -0.0199
v  -0.1713 1.5690 -0.0156
v  -0.1721 1.2806 -0.2033
v  -0.1630 1.2600 -0.1823
v  -0.1438 1.1966 -0.1708
v  -0.1662 1.1984 0.0615
v  0.0454 1.1227 -0.2067
v  -0.1813 1.1923 -0.0621
v  -0.1675 1.1949 -0.1297
v  -0.1054 1.2183 0.1134
v  -0.1966 1.1689 0.0782
v  -0.1624 1.4978 -0.1581
v  -0.1308 1.5356 -0.1023
v  -0.1311 1.5553 -0.1003
v  -0.3244 1.3972 0.1659
v  -0.2991 1.4940 0.0995
v  -0.3655 1.4846 0.0927
v  -0.2089 1.3944 0.1186
v  -0.1914 1.3551 0.0107
v  -0.1828 1.4066 0.0444
v  -0.2271 1.3257 0.1203
v  -0.2524 1.4461 -0.0589
v  -0.2250 1.4680 -0.0022
v  -0.2718 1.5028 0.0215
v  -0.3268 1.5027 -0.0224
v  -0.3696 1.3399 0.1399
v  -0.2786 1.2796 0.0988
v  -0.4106 1.4303 0.0678
v  -0.2449 1.3087 -0.0103
v  -0.3019 1.4020 -0.0820
v  -0.3710 1.4529 -0.0475
v  -0.6591 1.2339 -0.0630
v  -0.6511 1.2677 -0.1208
v  -0.6823 1.2434 -0.1307
v  -0.6812 1.2055 -0.0778
v  -0.6312 1.2469 -0.0651
v  -0.6556 1.1813 -0.0527
v  -0.6238 1.2138 -0.0409
v  -0.6296 1.1731 -0.0502
v  -0.5223 1.0806 -0.1610
v  -0.5881 1.1019 -0.0612
v  -0.6272 1.0773 -0.0486
v  -0.5266 1.0995 -0.1408
v  -0.5646 1.3435 -0.2417
v  -0.6567 1.2569 -0.2781
v  -0.5836 1.3406 -0.1799
v  -0.5844 1.2925 -0.2853
v  -0.6739 1.3357 -0.1792
v  -0.6946 1.2841 -0.2232
v  -0.2665 1.4344 0.1471
v  -0.5491 1.2700 -0.0010
v  -0.4777 1.2345 -0.0816
v  -0.5542 1.1121 0.0174
v  -0.5452 1.2409 -0.0204
v  -0.4524 1.2574 -0.0819
v  -0.4571 1.1732 -0.1429
v  -0.6066 1.1897 0.0273
v  -0.1054 1.5409 -0.1995
v  -0.1037 1.4980 -0.1762
v  -0.1011 1.5385 -0.1018
v  -0.1028 1.5814 -0.1252
v  0.0406 1.5003 -0.1825
v  0.0389 1.5433 -0.2058
v  0.0415 1.5838 -0.1315
v  0.0432 1.5409 -0.1082
v  0.0394 1.5850 -0.1803
v  -0.1050 1.5827 -0.1740
v  -0.1540 1.4970 0.2418
v  -0.1812 1.4675 0.2385
v  -0.2178 1.5328 -0.0338
v  -0.1867 1.5618 -0.0273
v  -0.2089 1.4961 0.2442
v  -0.2500 1.5632 -0.0405
v  -0.1818 1.5256 0.2475
v  -0.2188 1.5922 -0.0340
v  0.1960 1.5705 -0.0601
v  0.1656 1.5390 -0.0506
v  0.0839 1.5258 -0.1691
v  0.0973 1.5534 -0.1998
v  0.0755 1.5833 -0.1772
v  0.1646 1.5985 -0.0508
v  0.0621 1.5558 -0.1464
v  0.1342 1.5670 -0.0414
v  0.1551 1.4730 0.2238
v  0.1274 1.5016 0.2295
v  0.1823 1.5025 0.2270
v  0.1546 1.5311 0.2327
v  -0.6730 1.1772 -0.1034
v  -0.6633 1.2179 -0.1562
v  -0.6642 1.2533 -0.1508
v  -0.6508 1.1668 -0.1222
v  -0.6390 1.1517 -0.0852
v  -0.1464 1.5220 -0.1589
v  -0.1237 1.5527 -0.1383
v  -0.1633 1.5491 -0.1884
v  -0.1406 1.5798 -0.1677
v  -0.3055 1.6095 0.1519
v  -0.1787 1.5518 0.1663
v  -0.1814 1.5941 0.1191
v  -0.2895 1.5622 0.1937
v  -0.1909 1.4873 0.1982
v  -0.2717 1.4940 0.2178
v  -0.2179 1.4151 0.1989
v  -0.2799 1.4141 0.2123
v  -0.4149 1.5612 0.1478
v  -0.3926 1.5120 0.1908
v  -0.3577 1.4389 0.2112
v  -0.3258 1.3812 0.2075
v  -0.4923 1.4587 0.1088
v  -0.4614 1.4160 0.1593
v  -0.4143 1.3677 0.1912
v  -0.3645 1.3356 0.1903
v  -0.4041 1.2562 0.1616
v  -0.4625 1.2863 0.1641
v  -0.5058 1.4062 -0.0677
v  -0.3152 1.2171 0.1416
v  -0.4545 1.3958 -0.1083
v  -0.2766 1.2923 0.1673
v  -0.2651 1.5466 -0.0559
v  -0.1984 1.6072 0.0592
v  -0.3302 1.4412 -0.1211
v  -0.2286 1.5926 -0.0060
v  -0.3707 1.3711 -0.1564
v  -0.5423 1.3953 0.0043
v  -0.5189 1.3309 0.1287
v  -0.5475 1.3697 0.0732
v  -0.4134 1.5700 0.0788
v  -0.3095 1.5995 0.0135
v  -0.3973 1.5490 -0.0019
v  -0.3092 1.6174 0.0871
v  -0.3183 1.5488 -0.0454
v  -0.3742 1.5158 -0.0528
v  -0.4840 1.4785 0.0387
v  -0.4559 1.4829 -0.0316
v  -0.4133 1.4711 -0.0719
v  0.2033 1.6171 0.0463
v  0.3411 1.6204 0.0214
v  0.2172 1.6279 -0.0146
v  0.3129 1.6067 0.0784
v  0.1961 1.5761 0.1062
v  0.2756 1.5677 0.1298
v  0.1991 1.5092 0.1445
v  0.2582 1.4969 0.1641
v  0.4297 1.5467 0.0539
v  0.3949 1.5339 0.1121
v  0.3397 1.4940 0.1606
v  0.2912 1.4541 0.1810
v  0.4694 1.4208 0.0781
v  0.4288 1.4195 0.1388
v  0.3703 1.4092 0.1839
v  0.3130 1.3969 0.1924
v  0.3894 1.3150 0.2049
v  0.3245 1.3061 0.2100
v  0.4585 1.2873 -0.0489
v  0.2271 1.2901 0.2006
v  0.4049 1.2738 -0.0855
v  0.2746 1.4787 -0.1344
v  0.2151 1.3757 0.1826
v  0.2350 1.6044 -0.0710
v  0.3007 1.3412 -0.1332
v  0.2564 1.5516 -0.1173
v  0.3157 1.2545 -0.1256
v  0.4555 1.3178 0.1595
v  0.4927 1.3030 0.0233
v  0.4925 1.3142 0.0961
v  0.3361 1.5432 -0.0938
v  0.4282 1.5206 -0.0105
v  0.4030 1.4685 -0.0727
v  0.3445 1.5940 -0.0384
v  0.3261 1.4701 -0.1200
v  0.3686 1.4230 -0.1040
v  0.4649 1.4052 0.0066
v  0.4367 1.3826 -0.0601
v  0.3909 1.3655 -0.0947
v  0.0506 1.6539 -0.1207
v  0.0669 1.6307 -0.1166
v  0.0521 1.6306 -0.1138
v  0.0654 1.6540 -0.1235
v  0.0592 1.6809 -0.0592
v  0.0806 1.6809 -0.0620
v  0.0821 1.6402 -0.0507
v  0.0606 1.6402 -0.0479
v  0.1010 1.6692 -0.0267
v  0.0823 1.7189 -0.0747
v  0.1010 1.7053 -0.0371
v  0.0823 1.6377 -0.0513
v  0.0823 1.7662 -0.0047
v  0.1010 1.7264 -0.0060
v  0.0823 1.7143 0.0620
v  0.1010 1.7033 0.0236
v  0.0823 1.6349 0.0332
v  0.1010 1.6679 0.0108
v  -0.0682 1.6457 -0.1312
v  -0.0482 1.6537 -0.1560
v  -0.0540 1.6381 -0.1066
v  -0.0491 1.6519 -0.1501
v  -0.0146 1.6519 -0.1501
v  -0.0088 1.6382 -0.1062
v  -0.0153 1.6537 -0.1562
v  0.0047 1.6460 -0.1339
v  -0.1084 1.8006 -0.0472
v  -0.0842 1.8186 0.0431
v  -0.0812 1.8324 -0.0485
v  -0.0317 1.8405 0.0309
v  -0.0317 1.8440 -0.0479
v  -0.0165 1.6910 -0.1690
v  -0.0163 1.7183 -0.1365
v  -0.0051 1.6812 -0.1431
v  -0.0317 1.6740 -0.1525
v  -0.0139 1.6449 -0.1577
v  0.0063 1.6051 -0.1253
v  -0.0317 1.6060 -0.1559
v  0.0326 1.6327 0.1204
v  0.0617 1.6337 0.0852
v  0.0616 1.7199 0.0936
v  0.0284 1.6342 0.0695
v  0.0760 1.6356 0.0136
v  -0.0317 1.6342 0.0901
v  0.0450 1.6358 0.0087
v  0.0185 1.5812 0.0019
v  -0.0317 1.5840 0.0615
v  0.0327 1.7189 0.1231
v  -0.0317 1.7198 0.1113
v  -0.0317 1.7183 0.1395
v  0.0131 1.7201 0.1016
v  0.0392 1.7209 0.0732
v  0.0759 1.7214 0.0485
v  0.0538 1.7218 0.0419
v  -0.1000 1.7632 -0.1220
v  -0.0742 1.8081 -0.1099
v  -0.0678 1.7512 -0.1427
v  -0.0317 1.8028 -0.1273
v  -0.0317 1.7508 -0.1482
v  -0.0317 1.8303 -0.1046
v  -0.0766 1.7201 0.1016
v  -0.0317 1.7620 0.1122
v  -0.0887 1.7692 0.0880
v  -0.1027 1.7209 0.0732
v  -0.1177 1.7714 0.0381
v  -0.1173 1.7218 0.0419
v  -0.1169 1.7650 -0.0410
v  -0.1200 1.7224 -0.0304
v  -0.0317 1.8128 0.0874
v  0.0159 1.5919 -0.0806
v  -0.0317 1.5871 -0.1406
v  0.0474 1.6228 -0.0600
v  -0.0317 1.5749 -0.0719
v  -0.0317 1.6321 0.1361
v  0.0517 1.6745 -0.0503
v  0.0534 1.7650 -0.0410
v  0.0565 1.7224 -0.0304
v  0.0471 1.7342 -0.0796
v  0.0365 1.7671 -0.1216
v  0.0364 1.7325 -0.1078
v  0.0043 1.7551 -0.1423
v  0.0215 1.7422 -0.1226
v  -0.0317 1.7328 -0.1406
v  -0.0117 1.7320 -0.1238
v  -0.0317 1.6893 -0.1764
v  0.0137 1.7261 -0.1231
v  0.0315 1.7013 -0.1241
v  0.0205 1.6701 -0.1144
v  0.0517 1.7146 -0.0812
v  -0.0496 1.6449 -0.1577
v  -0.0698 1.6051 -0.1253
v  -0.1251 1.7199 0.0936
v  -0.1252 1.6337 0.0852
v  -0.0961 1.6327 0.1204
v  -0.0919 1.6342 0.0695
v  -0.1395 1.6356 0.0136
v  -0.1394 1.7214 0.0485
v  -0.1085 1.6358 0.0087
v  -0.0820 1.5812 0.0019
v  -0.0962 1.7189 0.1231
v  -0.0584 1.6809 -0.1402
v  -0.0470 1.6907 -0.1661
v  -0.0771 1.7255 -0.1232
v  -0.0519 1.7320 -0.1238
v  -0.0472 1.7196 -0.1363
v  -0.0949 1.7077 -0.1234
v  0.0342 1.7230 -0.0858
v  0.0342 1.6284 -0.0585
v  0.0342 1.7781 -0.0043
v  0.0342 1.7176 0.0733
v  0.0342 1.6251 0.0398
v  -0.1152 1.6745 -0.0503
v  -0.1109 1.6228 -0.0600
v  -0.0794 1.5919 -0.0806
v  -0.1132 1.7326 -0.0723
v  -0.1000 1.7344 -0.1076
v  -0.0809 1.7422 -0.1226
v  -0.0840 1.6701 -0.1144
v  -0.1222 1.7146 -0.0812
v  0.0177 1.8324 -0.0485
v  0.0207 1.8186 0.0431
v  0.0449 1.8006 -0.0472
v  0.0107 1.8081 -0.1099
v  0.0252 1.7692 0.0880
v  0.0542 1.7714 0.0381
v  0.0575 1.7461 0.0285
v  0.0575 1.8217 -0.1250
v  0.0575 1.8688 -0.0587
v  -0.1279 1.8688 -0.0587
v  -0.1279 1.7461 0.0285
v  -0.0376 1.8714 -0.0975
v  -0.0510 1.8578 -0.1165
v  -0.0510 1.8849 -0.0785
v  -0.0914 1.8714 -0.0975
v  -0.0780 1.8578 -0.1165
v  -0.0780 1.8849 -0.0785
v  -0.0510 1.8275 -0.0950
v  -0.0376 1.8410 -0.0760
v  -0.0780 1.8275 -0.0950
v  -0.0914 1.8410 -0.0760
v  -0.0780 1.8545 -0.0570
v  -0.0096 1.8217 -0.1250
v  -0.0352 1.8377 -0.1025
v  -0.0918 1.7170 0.0512
v  -0.1597 1.6700 0.0186
v  -0.0906 1.6729 0.0189
v  -0.1609 1.7141 0.0509
v  -0.1597 1.6759 -0.0358
v  -0.0906 1.6788 -0.0355
v  -0.1609 1.7259 -0.0578
v  -0.0918 1.7288 -0.0575
v  -0.1620 1.7700 -0.0255
v  -0.0929 1.7729 -0.0252
v  -0.1620 1.7641 0.0288
v  -0.0929 1.7670 0.0292
v  0.0288 1.9093 -0.0933
v  0.0288 1.8700 -0.1486
v  -0.0299 1.8896 -0.1209
v  0.0484 1.8896 -0.1209
v  -0.0510 1.8545 -0.0570
v  -0.0608 1.8217 -0.1250
v  -0.1279 1.8217 -0.1250
v  0.0575 1.6990 -0.0379
v  -0.0352 1.7150 -0.0153
v  -0.1279 1.6990 -0.0379
v  -0.0103 1.8700 -0.1486
v  -0.0103 1.9093 -0.0933
v  0.0288 1.8021 -0.1003
v  0.0484 1.8217 -0.0727
v  -0.0103 1.8021 -0.1003
v  0.0288 1.8414 -0.0450
v  -0.0103 1.8414 -0.0450
v  -0.0299 1.8217 -0.0727
v  0.0013 0.0214 0.0050
v  -0.6646 0.0003 -0.2838
v  -0.6019 0.0001 -0.4109
v  -0.7125 0.0001 -0.1504
v  -0.5066 0.0003 -0.5157
v  -0.4001 0.0001 -0.6093
v  -0.2717 0.0003 -0.6697
v  -0.1375 0.0001 -0.7152
v  0.0040 0.0003 -0.7220
v  0.1455 0.0001 -0.7126
v  0.2790 0.0003 -0.6647
v  0.4060 0.0001 -0.6020
v  0.5110 0.0003 -0.5067
v  0.6045 0.0001 -0.4001
v  0.6648 0.0003 -0.2719
v  0.7105 0.0001 -0.1376
v  0.7172 0.0003 0.0038
v  0.7079 0.0001 0.1453
v  0.6600 0.0003 0.2789
v  0.5973 0.0001 0.4059
v  0.5020 0.0003 0.5108
v  0.3953 0.0001 0.6044
v  0.2671 0.0003 0.6647
v  0.1329 0.0001 0.7103
v  -0.0087 0.0003 0.7171
v  -0.1502 0.0001 0.7078
v  -0.2836 0.0003 0.6599
v  -0.4108 0.0001 0.5971
v  -0.5155 0.0003 0.5018
v  -0.6091 0.0001 0.3952
v  -0.6696 0.0003 0.2670
v  -0.7151 0.0001 0.1327
v  -0.7218 0.0003 -0.0089
v  -0.6766 0.0077 -0.2887
v  -0.7204 0.0077 -0.1519
v  -0.6086 0.0077 -0.4154
v  -0.6603 0.0172 -0.2819
v  -0.5931 0.0172 -0.4049
v  -0.7021 0.0172 -0.1481
v  -0.5033 0.0172 -0.5124
v  -0.5157 0.0077 -0.5250
v  -0.3942 0.0172 -0.6003
v  -0.4044 0.0077 -0.6160
v  -0.2700 0.0172 -0.6653
v  -0.2765 0.0077 -0.6816
v  -0.1356 0.0172 -0.7047
v  -0.1390 0.0077 -0.7232
v  0.0040 0.0172 -0.7173
v  0.0042 0.0077 -0.7350
v  0.1434 0.0172 -0.7023
v  0.1472 0.0077 -0.7206
v  0.2771 0.0172 -0.6604
v  0.2840 0.0077 -0.6766
v  0.4002 0.0172 -0.5932
v  0.4107 0.0077 -0.6087
v  0.5077 0.0172 -0.5035
v  0.5203 0.0077 -0.5159
v  0.5956 0.0172 -0.3944
v  0.6111 0.0077 -0.4045
v  0.6605 0.0172 -0.2701
v  0.6769 0.0077 -0.2767
v  0.7000 0.0172 -0.1357
v  0.7183 0.0077 -0.1392
v  0.7124 0.0172 0.0038
v  0.7302 0.0077 0.0040
v  0.6976 0.0172 0.1432
v  0.7159 0.0077 0.1470
v  0.6557 0.0172 0.2770
v  0.6719 0.0077 0.2839
v  0.5885 0.0172 0.4000
v  0.6038 0.0077 0.4105
v  0.4986 0.0172 0.5075
v  0.5111 0.0077 0.5201
v  0.3895 0.0172 0.5954
v  0.3998 0.0077 0.6109
v  0.2654 0.0172 0.6604
v  0.2720 0.0077 0.6767
v  0.1310 0.0172 0.6998
v  0.1345 0.0077 0.7181
v  -0.0086 0.0172 0.7122
v  -0.0087 0.0077 0.7300
v  -0.1480 0.0172 0.6974
v  -0.1518 0.0077 0.7157
v  -0.2817 0.0172 0.6555
v  -0.2886 0.0077 0.6717
v  -0.4047 0.0172 0.5883
v  -0.4152 0.0077 0.6037
v  -0.5122 0.0172 0.4984
v  -0.5248 0.0077 0.5110
v  -0.6001 0.0172 0.3893
v  -0.6158 0.0077 0.3997
v  -0.6651 0.0172 0.2652
v  -0.6815 0.0077 0.2718
v  -0.7046 0.0172 0.1308
v  -0.7230 0.0077 0.1343
v  -0.7171 0.0172 -0.0087
v  -0.7349 0.0077 -0.0089
v  -0.6928 0.0284 -0.0086
v  -0.6808 0.0284 0.1262
v  -0.6784 0.0284 -0.1431
v  -0.6379 0.0284 -0.2724
v  -0.5731 0.0284 -0.3911
v  -0.5570 0.0403 -0.3802
v  -0.6201 0.0403 -0.2648
v  -0.5503 0.0522 -0.3758
v  -0.6127 0.0522 -0.2617
v  -0.6594 0.0403 -0.1392
v  -0.6515 0.0522 -0.1376
v  -0.5495 0.0632 -0.3751
v  -0.6117 0.0632 -0.2612
v  -0.6504 0.0632 -0.1375
v  -0.4669 0.0522 -0.4755
v  -0.4726 0.0403 -0.4812
v  -0.3658 0.0522 -0.5570
v  -0.3703 0.0403 -0.5639
v  -0.3653 0.0632 -0.5562
v  -0.4662 0.0632 -0.4747
v  -0.2507 0.0522 -0.6174
v  -0.2536 0.0403 -0.6248
v  -0.1259 0.0522 -0.6541
v  -0.1275 0.0403 -0.6620
v  -0.1257 0.0632 -0.6529
v  -0.2502 0.0632 -0.6163
v  0.0037 0.0522 -0.6656
v  0.0037 0.0403 -0.6737
v  0.1329 0.0522 -0.6516
v  0.1345 0.0403 -0.6596
v  0.1326 0.0632 -0.6506
v  0.0035 0.0632 -0.6644
v  0.2570 0.0522 -0.6129
v  0.2601 0.0403 -0.6203
v  0.3710 0.0522 -0.5505
v  0.3755 0.0403 -0.5572
v  0.3704 0.0632 -0.5496
v  0.2565 0.0632 -0.6118
v  0.4708 0.0522 -0.4671
v  0.4765 0.0403 -0.4728
v  0.5523 0.0522 -0.3659
v  0.5590 0.0403 -0.3704
v  0.5515 0.0632 -0.3654
v  0.4700 0.0632 -0.4664
v  0.6126 0.0522 -0.2508
v  0.6200 0.0403 -0.2538
v  0.6492 0.0522 -0.1261
v  0.6571 0.0403 -0.1276
v  0.6481 0.0632 -0.1259
v  0.6114 0.0632 -0.2503
v  0.6607 0.0522 0.0035
v  0.6688 0.0403 0.0035
v  0.6469 0.0522 0.1327
v  0.6549 0.0403 0.1343
v  0.6459 0.0632 0.1324
v  0.6597 0.0632 0.0035
v  0.6080 0.0522 0.2568
v  0.6156 0.0403 0.2599
v  0.5458 0.0522 0.3709
v  0.5525 0.0403 0.3754
v  0.5449 0.0632 0.3702
v  0.6069 0.0632 0.2563
v  0.4624 0.0522 0.4707
v  0.4681 0.0403 0.4763
v  0.3612 0.0522 0.5522
v  0.3657 0.0403 0.5589
v  0.3605 0.0632 0.5513
v  0.4617 0.0632 0.4698
v  0.2459 0.0522 0.6125
v  0.2490 0.0403 0.6199
v  0.1214 0.0522 0.6490
v  0.1227 0.0403 0.6569
v  0.1210 0.0632 0.6480
v  0.2456 0.0632 0.6113
v  -0.0082 0.0522 0.6605
v  -0.0082 0.0403 0.6686
v  -0.1375 0.0522 0.6468
v  -0.1390 0.0403 0.6547
v  -0.1373 0.0632 0.6457
v  -0.0082 0.0632 0.6595
v  -0.2615 0.0522 0.6080
v  -0.2646 0.0403 0.6154
v  -0.3756 0.0522 0.5456
v  -0.3801 0.0403 0.5523
v  -0.3749 0.0632 0.5447
v  -0.2610 0.0632 0.6068
v  -0.4754 0.0522 0.4622
v  -0.4811 0.0403 0.4679
v  -0.5569 0.0522 0.3611
v  -0.5638 0.0403 0.3655
v  -0.5560 0.0632 0.3604
v  -0.4745 0.0632 0.4615
v  -0.6172 0.0522 0.2458
v  -0.6246 0.0403 0.2489
v  -0.6539 0.0522 0.1212
v  -0.6618 0.0403 0.1226
v  -0.6527 0.0632 0.1208
v  -0.6162 0.0632 0.2454
v  -0.6654 0.0522 -0.0084
v  -0.6735 0.0403 -0.0084
v  -0.6642 0.0632 -0.0084
v  -0.6573 0.0727 -0.0082
v  -0.6460 0.0727 0.1196
v  -0.6437 0.0727 -0.1359
v  -0.6053 0.0727 -0.2586
v  -0.5438 0.0727 -0.3713
v  0.0025 0.0439 -0.0075
v  -0.6098 0.0727 0.2428
v  -0.5502 0.0727 0.3566
v  -0.4697 0.0727 0.4567
v  -0.3711 0.0727 0.5391
v  -0.2584 0.0727 0.6006
v  -0.1357 0.0727 0.6388
v  -0.0080 0.0727 0.6526
v  0.1198 0.0727 0.6412
v  0.2430 0.0727 0.6049
v  0.3567 0.0727 0.5454
v  0.4569 0.0727 0.4648
v  0.5392 0.0727 0.3664
v  0.6006 0.0727 0.2535
v  0.6390 0.0727 0.1310
v  0.6528 0.0727 0.0033
v  0.6414 0.0727 -0.1245
v  0.6051 0.0727 -0.2477
v  0.5456 0.0727 -0.3616
v  0.4650 0.0727 -0.4616
v  0.3666 0.0727 -0.5439
v  0.2537 0.0727 -0.6055
v  0.1312 0.0727 -0.6439
v  0.0035 0.0727 -0.6575
v  -0.1244 0.0727 -0.6461
v  -0.2476 0.0727 -0.6099
v  -0.3615 0.0727 -0.5503
v  -0.4614 0.0727 -0.4697
v  -0.6425 0.0284 0.2561
v  -0.5798 0.0284 0.3760
v  -0.4948 0.0284 0.4815
v  -0.3909 0.0284 0.5682
v  -0.2722 0.0284 0.6331
v  -0.1430 0.0284 0.6736
v  -0.0084 0.0284 0.6879
v  0.1264 0.0284 0.6759
v  0.2563 0.0284 0.6378
v  0.3762 0.0284 0.5751
v  0.4817 0.0284 0.4901
v  0.5683 0.0284 0.3862
v  0.6333 0.0284 0.2675
v  0.6738 0.0284 0.1383
v  0.6881 0.0284 0.0037
v  0.6760 0.0284 -0.1311
v  0.6380 0.0284 -0.2610
v  0.5752 0.0284 -0.3809
v  0.4903 0.0284 -0.4864
v  0.3864 0.0284 -0.5732
v  0.2677 0.0284 -0.6380
v  0.1384 0.0284 -0.6785
v  0.0038 0.0284 -0.6928
v  -0.1309 0.0284 -0.6809
v  -0.2608 0.0284 -0.6427
v  -0.3808 0.0284 -0.5800
v  -0.4862 0.0284 -0.4950
v  -0.2692 0.6746 0.3435
v  -0.2691 1.5864 0.4037
v  -0.2693 0.6788 0.2849
v  -0.2697 1.5998 0.2097
v  -0.2697 0.9537 0.1651
v  -0.2697 0.8582 0.1740
v  -0.2696 0.7846 0.1997
v  -0.2084 0.8582 0.1738
v  -0.2084 0.9537 0.1650
v  -0.2083 0.7846 0.1995
v  -0.2084 1.5998 0.2095
v  -0.2078 1.5864 0.4035
v  -0.2079 0.6746 0.3433
v  -0.2081 0.6788 0.2847
v  -0.6950 1.7230 -0.1780
v  -0.6518 1.7525 -0.1411
v  -0.6265 1.7737 -0.1877
v  -0.6697 1.7442 -0.2246
v  -0.6853 1.7022 -0.1727
v  -0.6421 1.7317 -0.1358
v  -0.6894 1.8587 -0.2898
v  -0.6521 1.7787 -0.2695
v  -0.6492 1.7669 -0.3217
v  -0.6865 1.8469 -0.3420
v  -0.5270 1.6819 -0.2246
v  -0.5893 1.8116 -0.2551
v  -0.5470 1.7605 -0.2280
v  -0.5196 1.7060 -0.2168
v  -0.5825 1.7554 -0.1824
v  -0.5604 1.7002 -0.1643
v  -0.6248 1.8065 -0.2095
v  -0.5675 1.6761 -0.1725
v  -0.7555 1.6632 -0.3153
v  -0.7758 1.7067 -0.3264
v  -0.7296 1.7135 -0.3850
v  -0.7093 1.6699 -0.3740
v  -0.5531 1.8362 -0.2246
v  -0.5418 1.8118 -0.2185
v  -0.5775 1.8066 -0.1731
v  -0.5889 1.8309 -0.1792
v  -0.6504 1.8053 -0.2771
v  -0.6335 1.8149 -0.2703
v  -0.6399 1.7827 -0.2714
v  -0.6514 1.7811 -0.2566
v  -0.6619 1.8037 -0.2623
v  -0.6416 1.7897 -0.2406
v  -0.6521 1.8123 -0.2464
v  -0.6240 1.7967 -0.2456
v  -0.8340 1.4754 -0.3906
v  -0.7835 1.4827 -0.4547
v  -0.8086 1.6333 -0.4578
v  -0.8518 1.4739 -0.4045
v  -0.8014 1.4812 -0.4686
v  -0.8591 1.6260 -0.3938
v  -0.8268 1.6298 -0.4722
v  -0.6091 1.7364 -0.1783
v  -0.6523 1.7069 -0.2152
v  -0.6346 1.8192 -0.2513
v  -0.6230 1.7924 -0.2646
v  -0.7525 1.6721 -0.2855
v  -0.6934 1.7099 -0.2455
v  -0.6807 1.6826 -0.3766
v  -0.6310 1.7189 -0.3247
v  -0.7330 1.8204 -0.3608
v  -0.7646 1.8159 -0.3201
v  -0.7377 1.8396 -0.2763
v  -0.6956 1.7404 -0.3405
v  -0.7272 1.7359 -0.2999
v  -0.7003 1.7596 -0.2560
v  -0.6027 1.4520 -0.2366
v  -0.7060 1.4132 -0.3187
v  -0.6670 1.3574 -0.2895
v  -0.5905 1.4176 -0.2233
v  -0.6740 1.4178 -0.3599
v  -0.6303 1.3626 -0.3368
v  -0.5731 1.4562 -0.2746
v  -0.5538 1.4229 -0.2705
v  -0.6381 1.8049 -0.1927
v  -0.5760 1.8137 -0.2723
v  -0.6514 1.7625 -0.3358
v  -0.7221 1.6570 -0.4013
v  -0.7844 1.6479 -0.3221
v  -0.4693 1.4428 -0.1015
v  -0.4065 1.4513 -0.1814
v  -0.7728 1.7157 -0.2966
v  -0.7010 1.7261 -0.3876
v  -0.7138 1.7535 -0.2565
v  -0.8190 1.6216 -0.4516
v  -0.7304 1.6434 -0.3810
v  -0.7970 1.4948 -0.4483
v  -0.6760 1.5270 -0.3515
v  -0.7115 1.5218 -0.3064
v  -0.8325 1.4897 -0.4032
v  -0.6641 1.5457 -0.2404
v  -0.5597 1.3232 -0.1838
v  -0.4962 1.3665 -0.1302
v  -0.6021 1.5545 -0.3200
v  -0.6568 1.5173 -0.3660
v  -0.7658 1.6382 -0.3359
v  -0.8545 1.6165 -0.4066
v  -0.8773 1.6225 -0.4082
v  -0.4339 1.3756 -0.2094
v  -0.4978 1.3320 -0.2634
v  -0.7192 1.5083 -0.2868
v  -0.4780 1.5963 -0.1276
v  -0.4588 1.5523 -0.1173
v  -0.4501 1.5999 -0.1641
v  -0.4504 1.5392 -0.1703
v  -0.4309 1.5559 -0.1537
v  -0.4783 1.5355 -0.1339
v  -0.4191 1.4687 -0.1533
v  -0.4470 1.4651 -0.1169
v  -0.4260 1.4522 -0.1602
v  -0.4539 1.4486 -0.1238
v  -0.4959 1.6048 -0.1986
v  -0.5237 1.6011 -0.1621
v  -0.4808 1.6066 -0.1869
v  -0.4728 1.5889 -0.1825
v  -0.5087 1.6029 -0.1504
v  -0.5007 1.5852 -0.1461
v  0.4235 0.9627 -0.3420
v  0.4215 0.9841 -0.2635
v  0.4275 1.0002 -0.3207
v  0.4322 1.0324 -0.3229
v  0.4373 1.0582 -0.3460
v  0.4412 1.0717 -0.3775
v  0.5088 1.4259 -0.6490
v  0.5224 1.5009 -0.6963
v  0.5334 1.5641 -0.7271
v  0.5422 1.6207 -0.7404
v  0.5491 1.6789 -0.7182
v  0.5373 1.6096 -0.6885
v  0.5304 1.5730 -0.6614
v  0.5244 1.5485 -0.6221
v  0.5193 1.5263 -0.5913
v  0.4295 1.0560 -0.2282
v  0.5735 1.4937 -0.6930
v  0.5844 1.5568 -0.7238
v  0.5599 1.4186 -0.6457
v  0.4923 1.0644 -0.3742
v  0.4884 1.0509 -0.3428
v  0.4833 1.0251 -0.3196
v  0.4746 0.9554 -0.3387
v  0.4786 0.9930 -0.3174
v  0.4726 0.9769 -0.2602
v  0.4805 1.0488 -0.2249
v  0.5704 1.5190 -0.5881
v  0.5755 1.5412 -0.6188
v  0.5815 1.5658 -0.6581
v  0.5933 1.6135 -0.7372
v  0.5884 1.6023 -0.6853
v  0.6001 1.6717 -0.7149
v  0.5905 1.7666 -0.7635
v  0.5731 1.6215 -0.8124
v  0.4683 1.0488 -0.4428
v  0.5321 1.3830 -0.6990
v  0.5463 1.4591 -0.7532
v  0.5599 1.5356 -0.7958
v  0.4183 1.0751 -0.2014
v  0.4099 0.9284 -0.3943
v  0.4121 1.0425 -0.1763
v  0.4036 0.8958 -0.3693
v  0.4809 0.9184 -0.3898
v  0.4894 1.0651 -0.1969
v  0.4747 0.8857 -0.3647
v  0.4831 1.0324 -0.1718
v  0.4042 0.7401 -0.1593
v  0.4160 0.8255 -0.1555
v  0.4598 0.7653 -0.1119
v  0.3519 0.7806 -0.1193
v  0.4075 0.8058 -0.0720
v  0.3962 0.7231 -0.0777
v  0.4088 0.7733 -0.1585
v  0.4804 0.9805 -0.2746
v  0.4435 0.7889 -0.1291
v  0.4458 0.9648 -0.3040
v  0.3763 0.7984 -0.1337
v  0.4133 0.9900 -0.2792
v  0.4109 0.8141 -0.1042
v  0.4479 1.0057 -0.2497
v  0.2261 0.9912 -0.1746
v  0.2296 1.0555 -0.1808
v  0.2633 1.0474 -0.1330
v  0.2367 1.0665 -0.1016
v  0.1914 1.0820 -0.1357
v  0.2185 1.0342 -0.0787
v  0.1645 1.0341 -0.1017
v  0.2339 0.9952 -0.0960
v  0.1859 0.9779 -0.1257
v  0.2616 1.0033 -0.1296
v  0.0896 1.0613 -0.1627
v  0.0975 1.0753 -0.1726
v  0.1271 1.0241 -0.2213
v  0.1192 1.0100 -0.2114
v  0.2210 1.0648 -0.0536
v  0.2619 1.0139 -0.0930
v  0.2698 1.0279 -0.1029
v  0.2289 1.0788 -0.0636
v  0.0925 0.9914 -0.2133
v  0.1219 1.0436 -0.2504
v  0.1202 0.9995 -0.2469
v  0.0953 1.0627 -0.2189
v  0.0772 1.0305 -0.1960
v  0.1748 1.0541 -0.2263
v  0.1713 0.9898 -0.2201
v  0.1366 1.0806 -0.1812
v  0.1097 1.0326 -0.1471
v  0.1311 0.9765 -0.1712
v  0.2000 1.0752 -0.1436
v  0.2034 1.1396 -0.1498
v  0.2371 1.1314 -0.1020
v  0.2105 1.1505 -0.0706
v  0.1653 1.1660 -0.1047
v  0.1924 1.1183 -0.0477
v  0.1383 1.1181 -0.0706
v  0.2078 1.0792 -0.0649
v  0.1598 1.0620 -0.0947
v  0.2354 1.0873 -0.0985
v  0.0634 1.1453 -0.1316
v  0.0713 1.1594 -0.1416
v  0.1010 1.1081 -0.1903
v  0.0931 1.0941 -0.1803
v  0.1949 1.1488 -0.0226
v  0.2358 1.0979 -0.0619
v  0.2437 1.1119 -0.0719
v  0.2028 1.1629 -0.0325
v  0.0664 1.0754 -0.1823
v  0.0958 1.1276 -0.2193
v  0.0941 1.0835 -0.2158
v  0.0692 1.1467 -0.1879
v  0.0510 1.1145 -0.1650
v  0.1486 1.1381 -0.1952
v  0.1452 1.0738 -0.1891
v  0.1105 1.1646 -0.1501
v  0.0835 1.1166 -0.1161
v  0.1050 1.0605 -0.1401
# 1410 vertices

vn 0.6053 0.0781 -0.7922
vn -0.0582 -0.2625 -0.9632
vn 0.6462 0.1054 -0.7559
vn -0.5709 0.7935 -0.2106
vn -0.4205 0.8779 -0.2291
vn -0.5528 0.5821 -0.5962
vn -0.6724 0.5888 -0.4486
vn -0.5451 0.7509 -0.3728
vn -0.2363 0.6819 -0.6922
vn -0.3894 0.8403 -0.3770
vn 0.0738 0.9038 -0.4216
vn -0.3961 0.8938 -0.2101
vn -0.0269 0.9961 0.0842
vn -0.5505 0.8146 -0.1827
vn -0.4755 0.8286 0.2954
vn 0.9144 0.3732 -0.1568
vn 0.9160 0.3839 -0.1160
vn 0.6872 0.4494 0.5708
vn 0.6874 0.4494 0.5706
vn 0.0567 0.2619 0.9634
vn 0.0956 0.2776 0.9559
vn -0.6067 -0.0790 0.7910
vn -0.5636 -0.0514 0.8244
vn -0.9145 -0.3735 0.1556
vn -0.9111 -0.3616 0.1979
vn -0.0175 -0.2457 -0.9692
vn -0.2165 -0.6213 0.7531
vn 0.2981 -0.3556 0.8858
vn -0.7242 0.4988 0.4762
vn -0.2096 0.7645 0.6095
vn -0.4559 -0.8512 0.2600
vn -0.9630 0.2691 -0.0169
vn -0.2793 -0.9106 -0.3046
vn -0.7865 0.2099 -0.5809
vn 0.6067 0.0790 -0.7910
vn 0.9145 0.3735 -0.1556
vn 0.0582 0.2626 0.9632
vn -0.6053 -0.0781 0.7922
vn -0.9144 -0.3732 0.1568
vn -0.6874 -0.4494 -0.5706
vn -0.6872 -0.4494 -0.5708
vn -0.0582 -0.2626 -0.9632
vn -0.0567 -0.2619 -0.9634
vn 0.4038 -0.8880 0.2201
vn -0.4038 0.8880 -0.2201
vn 0.7242 -0.4988 -0.4762
vn 0.2096 -0.7645 -0.6095
vn 0.2165 0.6213 -0.7531
vn -0.2981 0.3556 -0.8858
vn 0.9630 -0.2691 0.0169
vn 0.4559 0.8512 -0.2600
vn 0.7865 -0.2099 0.5808
vn 0.2794 0.9106 0.3046
vn -0.9394 0.3083 -0.1498
vn -0.7814 0.2456 -0.5737
vn -0.7774 0.5531 -0.2996
vn -0.4185 0.8187 -0.3931
vn -0.5649 0.7483 -0.3478
vn -0.7938 0.6070 0.0384
vn 0.2793 0.9106 0.3046
vn -0.8054 0.5352 0.2546
vn -0.4007 0.8261 0.3963
vn 0.0462 0.9898 0.1350
vn 0.1939 0.9040 -0.3810
vn -0.0237 0.6372 -0.7703
vn -0.4278 0.3807 -0.8198
vn 0.4812 -0.8625 -0.1566
vn 0.7897 -0.4062 -0.4599
vn 0.4703 -0.8602 -0.1970
vn 0.6127 -0.5173 -0.5975
vn -0.2865 0.9363 -0.2031
vn -0.9020 0.2962 0.3140
vn -0.8574 0.3651 0.3626
vn 0.7061 -0.7009 0.1008
vn 0.4157 -0.7649 0.4922
vn -0.2452 -0.8617 0.4441
vn -0.0803 -0.8610 0.5022
vn 0.5143 0.6180 -0.5947
vn 0.5290 0.7522 -0.3929
vn 0.8009 0.5917 -0.0920
vn -0.8474 -0.4552 -0.2733
vn -0.9767 -0.1706 0.1306
vn -0.9909 -0.1246 -0.0508
vn -0.9443 -0.2799 -0.1728
vn -0.8677 -0.4966 0.0203
vn -0.7947 -0.6056 -0.0408
vn -0.6954 -0.6708 0.2579
vn -0.3061 -0.6100 0.7309
vn -0.6810 -0.4384 -0.5866
vn 0.9183 -0.0050 -0.3958
vn -0.2794 0.9000 -0.3346
vn -0.4444 0.8881 0.1174
vn 0.1943 0.1046 -0.9754
vn 0.2980 -0.9418 -0.1558
vn -0.1963 0.2649 -0.9441
vn -0.0602 -0.7122 -0.6994
vn -0.0968 -0.9822 -0.1612
vn -0.3835 0.5999 0.7022
vn -0.5072 0.4867 0.7112
vn -0.7887 0.3887 0.4762
vn -0.5684 0.4218 0.7064
vn -0.8564 0.1216 0.5018
vn -0.8362 0.1427 0.5295
vn -0.6400 -0.5952 0.4859
vn -0.1096 -0.5139 0.8508
vn -0.7941 0.6056 0.0514
vn 0.5066 0.6827 -0.5266
vn 0.2796 0.5309 -0.8000
vn 0.4308 -0.6420 -0.6342
vn -0.5125 0.5669 -0.6450
vn 0.8555 -0.1741 -0.4876
vn 0.3019 -0.3992 -0.8657
vn -0.8645 -0.2242 0.4498
vn -0.4678 0.7893 -0.3977
vn -0.9204 0.2139 -0.3271
vn 0.1948 -0.4248 0.8841
vn 0.5236 -0.3527 0.7755
vn 0.0119 -0.0418 0.9991
vn 0.8802 -0.2691 0.3909
vn -0.5404 -0.3880 0.7466
vn -0.9085 -0.3916 0.1461
vn 0.0145 0.9605 -0.2779
vn 0.4641 -0.3340 0.8204
vn -0.8957 -0.1355 0.4236
vn 0.0692 0.1780 -0.9816
vn -0.2314 0.8679 -0.4395
vn -0.2758 0.8718 -0.4047
vn -0.3640 0.0921 -0.9268
vn 0.1857 -0.7686 -0.6122
vn -0.1194 -0.9397 -0.3205
vn 0.0684 -0.9088 0.4116
vn 0.5058 -0.4974 -0.7049
vn -0.4944 0.0374 0.8685
vn -0.2758 0.3242 0.9049
vn -0.4634 -0.0623 0.8839
vn -0.4319 0.3932 0.8117
vn 0.4516 -0.8461 0.2832
vn -0.9415 -0.1810 0.2844
vn -0.7985 0.1455 0.5841
vn -0.1460 0.9090 -0.3905
vn -0.9437 0.2808 -0.1748
vn -0.9556 -0.1974 0.2189
vn -0.9682 0.1002 -0.2290
vn 0.8315 -0.0752 -0.5504
vn 0.4620 0.2252 -0.8578
vn 0.9520 -0.3046 -0.0297
vn 0.9034 -0.4230 0.0709
vn -0.1870 -0.5229 0.8317
vn -0.9681 0.0470 0.2463
vn -0.8859 -0.0043 0.4639
vn -0.9049 -0.1638 0.3929
vn -0.8939 -0.4110 0.1788
vn -0.8407 -0.3645 0.4003
vn 0.1299 -0.2533 -0.9586
vn 0.3916 -0.1403 -0.9094
vn 0.3624 -0.1746 -0.9155
vn 0.2265 -0.1896 -0.9554
vn 0.9960 0.0018 0.0892
vn 0.9386 -0.1632 -0.3038
vn 0.9132 -0.1881 -0.3615
vn 0.9858 0.0445 0.1620
vn 0.9374 -0.1714 0.3033
vn 0.9281 -0.0189 0.3719
vn 0.9052 -0.4121 0.1039
vn 0.8727 -0.3677 0.3211
vn 0.4398 -0.0824 -0.8943
vn -0.0408 -0.1892 -0.9811
vn -0.2276 -0.2736 -0.9345
vn 0.0403 0.2353 0.9711
vn 0.0587 -0.3963 0.9163
vn 0.0403 0.2354 0.9711
vn 0.0178 -0.3963 0.9180
vn -0.0383 -0.9677 0.2492
vn 0.0150 -0.9338 0.3574
vn 0.0401 0.2584 0.9652
vn -0.0163 -0.8040 -0.5944
vn -0.1280 -0.6837 -0.7184
vn -0.2668 -0.9565 -0.1179
vn -0.8981 0.1678 -0.4065
vn -0.8265 0.1336 -0.5469
vn -0.4899 -0.0947 -0.8666
vn -0.9573 0.2771 0.0820
vn -0.9500 0.2040 0.2363
vn -0.7920 0.2733 0.5460
vn -0.5255 0.1836 0.8308
vn -0.8462 0.3787 0.3748
vn -0.8146 0.1920 -0.5473
vn -0.9525 0.3044 -0.0135
vn -0.5524 -0.0705 -0.8306
vn 0.0894 -0.3997 -0.9123
vn 0.9725 -0.0980 0.2111
vn 0.9592 -0.0947 0.2664
vn 0.6947 0.6845 0.2210
vn 0.8969 -0.3433 -0.2787
vn -0.4722 -0.1472 -0.8691
vn -0.0643 -0.2950 -0.9533
vn -0.8835 -0.4627 -0.0731
vn 0.1109 -0.9489 -0.2954
vn 0.0189 -0.9024 0.4304
vn 0.5110 -0.8300 0.2236
vn 0.0111 -0.9647 0.2633
vn 0.0592 -0.9677 0.2452
vn -0.4641 -0.1828 -0.8667
vn -0.9851 0.0014 0.1717
vn -0.9400 -0.1885 -0.2844
vn -0.9606 -0.1636 -0.2248
vn 0.4498 -0.0357 -0.8924
vn 0.6835 -0.4924 -0.5388
vn 0.5843 0.2546 -0.7706
vn -0.9455 -0.2965 0.1346
vn -0.9411 0.1359 -0.3096
vn -0.6622 -0.5921 -0.4592
vn -0.8265 0.4869 0.2826
vn -0.4774 -0.1529 0.8653
vn -0.1572 0.6247 0.7648
vn 0.7916 -0.5847 -0.1774
vn 0.9092 -0.2521 0.3314
vn 0.5873 -0.7661 -0.2609
vn 0.9385 -0.2608 0.2261
vn -0.1980 0.9002 -0.3879
vn -0.4880 0.8133 -0.3169
vn -0.0736 0.9532 0.2931
vn -0.4744 0.8169 -0.3280
vn -0.6732 0.4379 -0.5959
vn -0.8790 0.3544 -0.3190
vn -0.1164 -0.7122 -0.6922
vn -0.0909 -0.8067 -0.5839
vn 0.8346 -0.5498 0.0352
vn 0.8022 -0.2106 0.5587
vn 0.1146 0.9575 0.2647
vn -0.0425 0.6835 0.7287
vn -0.1877 0.6083 -0.7712
vn 0.0723 -0.4802 -0.8742
vn 0.7099 0.2910 0.6414
vn 0.0529 0.8577 0.5114
vn 0.7359 0.3268 0.5930
vn 0.3305 -0.9327 -0.1446
vn -0.8918 -0.1004 0.4412
vn -0.0302 0.1685 0.9852
vn 0.3082 -0.0283 -0.9509
vn -0.3506 -0.9304 0.1066
vn -0.2693 -0.7747 0.5721
vn -0.3535 -0.8435 0.4043
vn 0.8872 0.4242 -0.1814
vn -0.7650 -0.5782 -0.2836
vn -0.5017 -0.7427 -0.4434
vn -0.3244 -0.8455 -0.4241
vn 0.3748 -0.9182 -0.1285
vn 0.3221 -0.5932 -0.7378
vn 0.4242 -0.1224 -0.8973
vn -0.1480 -0.9886 -0.0292
vn -0.0093 -0.9999 -0.0081
vn 0.9790 -0.0524 -0.1971
vn -0.2756 -0.5272 -0.8038
vn 0.5780 -0.0061 -0.8160
vn -0.5140 -0.2411 0.8233
vn -0.8966 0.0537 0.4395
vn -0.1546 -0.2220 0.9627
vn -0.8103 0.0187 0.5857
vn -0.3181 -0.1470 0.9366
vn 0.8690 -0.4109 0.2756
vn 0.6189 -0.4192 0.6642
vn 0.9185 -0.3698 0.1402
vn -0.8780 -0.4095 0.2479
vn -0.5916 -0.4468 0.6711
vn -0.8782 -0.4274 0.2145
vn 0.1756 0.8045 0.5674
vn 0.7666 0.0481 0.6403
vn 0.9238 0.0147 0.3826
vn 0.2526 0.6256 0.7381
vn 0.3388 -0.0160 0.9407
vn 0.9215 -0.0274 0.3874
vn -0.9299 0.2014 0.3077
vn -0.6597 0.0006 0.7516
vn -0.5771 0.5448 0.6084
vn -0.9766 0.1722 0.1288
vn -0.8629 0.5053 0.0101
vn 0.6737 0.3522 -0.6497
vn 0.2410 0.6930 -0.6794
vn 0.2663 0.0913 -0.9596
vn 0.4410 0.7882 -0.4294
vn -0.1216 0.9438 -0.3073
vn -0.3057 0.7561 -0.5786
vn -0.7942 0.5947 -0.1250
vn -0.9110 0.2215 -0.3479
vn -0.4215 0.2657 -0.8671
vn 0.9992 0.0237 -0.0332
vn 0.9451 -0.2416 0.2200
vn -0.3551 0.0090 0.9348
vn -0.3450 0.1840 0.9204
vn 0.2980 0.1149 0.9476
vn 0.6943 -0.1169 -0.7101
vn 0.6600 -0.2843 -0.6954
vn -0.9536 0.1708 0.2481
vn 0.9422 -0.2796 0.1843
vn -0.6829 0.6629 -0.3069
vn -0.7466 0.3006 -0.5934
vn -0.9211 0.0453 0.3867
vn 0.4369 -0.4181 0.7964
vn -0.8154 -0.5470 -0.1894
vn -0.6705 -0.3184 -0.6701
vn 0.0205 -0.5919 -0.8058
vn 0.9623 -0.2101 0.1726
vn -0.6280 0.7063 0.3268
vn 0.5496 -0.4585 0.6983
vn 0.6202 -0.5787 -0.5296
vn 0.5168 0.6385 -0.5703
vn 0.3415 0.3002 -0.8906
vn -0.7985 -0.2622 0.5419
vn -0.2793 -0.5859 0.7607
vn 0.2696 -0.8864 0.3763
vn 0.7872 -0.0820 -0.6112
vn 0.6269 -0.7564 -0.1867
vn 0.6140 -0.7671 -0.1859
vn 0.0378 -0.9993 -0.0073
vn 0.0392 -0.9992 -0.0022
vn 0.0403 -0.9992 -0.0076
vn 0.0290 -0.9990 -0.0354
vn 0.0370 -0.9993 -0.0055
vn 0.9416 0.0288 -0.3354
vn 0.9452 0.0759 -0.3176
vn 0.8708 0.0279 -0.4908
vn 0.0339 -0.9993 -0.0168
vn 0.0350 -0.9993 -0.0142
vn 0.0340 -0.9993 -0.0170
vn 0.0334 -0.9993 -0.0175
vn 0.0335 -0.9993 -0.0178
vn 0.9774 -0.1032 -0.1844
vn 0.1636 -0.9011 -0.4015
vn -0.9751 -0.2170 -0.0454
vn -0.0222 0.9904 -0.1366
vn -0.0226 0.9889 -0.1466
vn -0.0228 0.9880 -0.1525
vn -0.5533 0.1513 -0.8192
vn 0.3940 0.9041 -0.1655
vn -0.3309 0.1453 -0.9324
vn 0.5021 -0.8280 0.2495
vn 0.3777 -0.8010 0.4645
vn 0.3613 -0.8175 0.4485
vn 0.5311 -0.8310 0.1651
vn 0.2369 0.9705 0.0443
vn -0.9984 0.0556 -0.0053
vn 0.6818 -0.6908 -0.2406
vn 0.6680 -0.7137 -0.2105
vn -0.2468 -0.7722 -0.5855
vn -0.3645 -0.8231 -0.4354
vn -0.3865 -0.5416 -0.7465
vn 0.7419 -0.2507 0.6219
vn 0.6848 0.6946 0.2205
vn -0.1895 0.5443 -0.8172
vn -0.2053 0.5264 -0.8251
vn 0.0823 0.9203 0.3824
vn -0.8383 0.4005 -0.3699
vn -0.7248 0.5257 -0.4453
vn -0.6432 -0.2818 -0.7120
vn -0.6692 -0.2745 -0.6905
vn 0.7343 -0.5110 -0.4468
vn 0.7411 -0.4775 -0.4720
vn 0.6602 0.6598 0.3590
vn 0.7812 -0.3416 -0.5225
vn 0.7182 -0.0333 -0.6951
vn 0.6324 0.3139 0.7082
vn 0.7013 0.2852 0.6533
vn 0.8341 -0.4138 -0.3646
vn 0.9695 -0.0535 -0.2393
vn 0.9991 0.0315 -0.0291
vn -0.0384 -0.9989 -0.0287
vn -0.0385 -0.9988 -0.0289
vn -0.0389 -0.9989 -0.0279
vn -0.0422 -0.9990 -0.0167
vn 0.9250 0.1921 0.3278
vn 0.9140 0.0362 0.4040
vn 0.9750 0.1655 0.1485
vn -0.9912 -0.0336 -0.1283
vn -0.9744 -0.0959 -0.2034
vn -0.9755 -0.0478 0.2145
vn -0.5336 0.0281 -0.8453
vn -0.5885 -0.6336 -0.5021
vn -0.8442 0.0731 -0.5310
vn -0.6505 -0.7187 0.2454
vn -0.9285 0.1200 0.3515
vn -0.4424 0.7072 -0.5515
vn -0.4753 0.8610 0.1808
vn 0.0340 0.7058 0.7076
vn -0.0832 0.9960 0.0326
vn -0.2811 0.0714 0.9570
vn 0.1598 0.0260 0.9868
vn 0.3649 -0.0130 0.9310
vn -0.3352 -0.0754 0.9391
vn -0.2961 0.0946 0.9505
vn -0.0479 -0.9666 0.2519
vn 0.3321 -0.8443 0.4206
vn -0.5444 -0.5794 0.6065
vn -0.6584 -0.6744 -0.3342
vn -0.8403 0.3496 -0.4143
vn -0.4465 -0.2041 -0.8712
vn -0.3594 0.9331 -0.0126
vn -0.3073 0.9438 -0.1222
vn -0.7577 0.4578 0.4651
vn 0.0691 0.6854 0.7249
vn -0.1636 0.9861 0.0290
vn 0.6816 0.7120 0.1691
vn -0.0475 0.9989 -0.0063
vn 0.9969 0.0775 -0.0142
vn 0.7621 0.0738 -0.6432
vn 0.9488 0.1836 -0.2570
vn 0.8931 0.4087 -0.1879
vn -0.6556 -0.2709 -0.7049
vn -0.6597 -0.2398 -0.7122
vn -0.2509 -0.1976 -0.9476
vn 0.2638 0.0599 0.9627
vn -0.1777 0.0166 0.9839
vn 0.0917 -0.6436 0.7599
vn 0.6421 -0.7248 0.2497
vn 0.2847 -0.9529 0.1047
vn 0.9225 0.1113 0.3697
vn 0.5943 -0.6316 -0.4979
vn 0.8542 0.0739 -0.5147
vn 0.5492 0.0339 -0.8350
vn 0.4562 0.7105 -0.5358
vn 0.4765 0.8565 0.1985
vn 0.0878 0.9951 0.0446
vn 0.8737 0.2120 -0.4379
vn 0.7605 -0.3133 -0.5688
vn 0.4643 0.0163 -0.8855
vn -0.0433 0.6986 0.7142
vn -0.1091 -0.6351 0.7647
vn -0.2918 -0.9502 0.1093
vn 0.0409 0.1685 0.9849
vn 0.0278 -0.7469 0.6643
vn -0.9988 -0.0473 0.0087
vn -0.9903 -0.1377 0.0208
vn -0.9796 -0.1873 0.0730
vn -0.9987 -0.0499 -0.0090
vn 0.9961 -0.0469 -0.0743
vn 0.9886 -0.1374 -0.0615
vn 0.9945 -0.0495 -0.0919
vn 0.9823 -0.1869 -0.0086
vn 0.0328 0.6090 0.7925
vn -0.0205 0.8725 -0.4881
vn 0.0072 -0.9855 0.1694
vn -0.9968 0.0794 -0.0031
vn 0.9931 0.0798 -0.0859
vn 0.3312 -0.5688 0.7528
vn 0.8360 -0.2546 0.4861
vn 0.6005 0.1830 0.7784
vn 0.8325 0.2690 0.4843
vn 0.9546 0.2966 0.0270
vn 0.9578 0.2061 0.2002
vn -0.2688 -0.8804 0.3908
vn -0.4797 -0.8482 0.2248
vn -0.8381 -0.4459 0.3143
vn -0.4166 -0.4395 0.7958
vn 0.9463 0.3057 -0.1054
vn 0.8709 0.3797 0.3120
vn 0.5189 -0.2348 0.8219
vn 0.7864 0.1787 -0.5913
vn 0.7548 0.2000 -0.6247
vn 0.5399 -0.0128 -0.8416
vn 0.3467 -0.0369 0.9373
vn -0.0390 -0.9988 -0.0281
vn -0.0400 -0.9989 -0.0254
vn -0.9984 0.0367 -0.0433
vn -0.9349 0.0376 -0.3528
vn -0.9651 -0.0425 -0.2585
vn -0.9731 0.1169 -0.1987
vn 0.1362 0.9419 -0.3072
vn -0.4315 0.7899 -0.4358
vn -0.2397 0.6855 -0.6875
vn 0.5687 0.5352 0.6246
vn -0.2628 0.6193 0.7399
vn -0.3562 -0.0239 0.9341
vn 0.6457 -0.0108 0.7635
vn 0.9529 0.1694 0.2515
vn 0.3491 0.1678 0.9219
vn 0.6257 0.6989 0.3463
vn -0.5396 -0.4968 0.6797
vn -0.0868 -0.9409 -0.3275
vn -0.5686 -0.6391 -0.5179
vn 0.0143 -0.5735 -0.8191
vn 0.7803 -0.6077 -0.1476
vn 0.9153 -0.0296 0.4018
vn 0.1677 -0.2521 0.9531
vn -0.8827 -0.2485 -0.3989
vn -0.3242 -0.1435 -0.9350
vn 0.3203 0.7604 -0.5649
vn -0.3235 0.3114 -0.8935
vn -0.5028 0.6472 -0.5729
vn -0.0589 0.2609 -0.9636
vn -0.0939 0.5585 0.8241
vn 0.7685 0.2888 0.5710
vn -0.5897 0.5565 0.5853
vn 0.2718 0.9621 0.0224
vn -0.7704 0.0372 -0.6364
vn -0.9564 0.1072 -0.2716
vn -0.9086 0.0352 -0.4162
vn -0.9085 -0.3524 0.2244
vn 0.2421 -0.2234 -0.9442
vn 0.3303 -0.2340 -0.9144
vn 0.4413 -0.2244 -0.8689
vn 0.6687 -0.6717 -0.3188
vn 0.8283 0.3525 -0.4355
vn 0.7529 0.4889 0.4407
vn 0.5630 -0.5471 0.6195
vn -0.0757 0.7081 0.7020
vn -0.2723 -0.2983 0.9148
vn -0.6945 0.7031 0.1527
vn -0.3098 -0.8361 0.4527
vn 0.0709 -0.9562 0.2839
vn 0.3396 0.9393 -0.0482
vn 0.1432 0.9897 -0.0063
vn 0.0265 0.9988 -0.0406
vn -0.9554 0.1548 -0.2515
vn -0.9035 0.3850 -0.1883
vn 0.6550 -0.2504 -0.7130
vn 0.1278 -0.9772 0.1694
vn -0.3426 -0.9217 0.1816
vn 0.6970 -0.1629 -0.6983
vn 0.5226 -0.8190 -0.2370
vn 0.9904 0.0498 0.1293
vn -0.2619 0.1060 -0.9593
vn 0.7440 0.3160 -0.5887
vn -0.3359 -0.2098 -0.9182
vn 0.2889 -0.3233 0.9011
vn 0.9181 -0.3407 0.2025
vn -0.6929 0.6877 0.2168
vn -0.9727 -0.1090 0.2049
vn 0.6918 0.6561 -0.3016
vn -0.6765 0.3513 -0.6472
vn -0.6928 -0.1072 -0.7132
vn 0.8671 0.4972 0.0300
vn 0.7766 -0.0965 0.6226
vn -0.1057 -0.9849 0.1374
vn 0.3636 -0.9200 0.1465
vn 0.9508 0.1363 -0.2781
vn -0.7031 -0.1534 -0.6944
vn -0.3661 -0.9285 -0.0612
vn -0.9896 0.0246 0.1415
vn -0.7667 0.2578 0.5879
vn -0.3829 0.4083 0.8286
vn 0.3026 -0.2219 0.9269
vn 0.5907 0.5731 0.5680
vn 0.5729 0.5323 0.6232
vn -0.1807 0.8018 0.5697
vn -0.2671 0.9633 0.0275
vn 0.2861 0.9452 -0.1575
vn 0.9029 0.0682 -0.4245
vn 0.7995 0.5916 -0.1041
vn 0.8216 0.2136 -0.5286
vn 0.9184 0.2201 -0.3288
vn -0.9306 0.0158 0.3658
vn -0.9385 -0.2676 0.2182
vn -0.9339 -0.0688 0.3507
vn -0.6805 -0.2933 -0.6715
vn -0.0454 -0.9988 -0.0189
vn -0.0445 -0.9989 -0.0135
vn -0.0430 -0.9989 -0.0185
vn -0.0336 -0.9984 -0.0464
vn -0.8615 0.0378 -0.5063
vn -0.9554 -0.2375 0.1758
vn 0.1858 0.1845 0.9651
vn 0.8851 0.3263 0.3319
vn 0.8539 0.3971 0.3363
vn -0.7683 -0.2000 0.6080
vn -0.9326 -0.3502 0.0874
vn -0.9031 -0.4294 -0.0121
vn -0.7556 -0.1869 0.6278
vn -0.5630 -0.3278 -0.7587
vn -0.1383 -0.2180 -0.9661
vn -0.0042 -0.3096 -0.9509
vn -0.4761 -0.2813 -0.8332
vn 0.7744 0.2271 -0.5906
vn 0.8034 0.0862 -0.5892
vn -0.9989 -0.0163 0.0439
vn 0.0391 -0.8064 0.5900
vn 0.0258 0.5911 0.8062
vn 0.9989 0.0163 -0.0439
vn -0.0094 0.9882 0.1528
vn 0.0094 -0.9882 -0.1528
vn -0.1424 -0.6676 0.7308
vn -0.4510 -0.3655 0.8142
vn -0.7220 -0.2189 0.6563
vn -0.2750 0.8730 -0.4029
vn -0.1171 0.8997 0.4205
vn -0.5022 0.8643 0.0284
vn -0.4514 0.6762 0.5822
vn -0.3815 0.7201 0.5796
vn -0.3669 0.7181 0.5914
vn -0.7723 -0.5866 0.2438
vn -0.6371 -0.4949 0.5909
vn -0.8786 -0.4586 -0.1330
vn 0.3645 -0.6240 0.6912
vn 0.3331 -0.2099 0.9192
vn -0.4277 0.7705 0.4727
vn -0.4102 0.7815 0.4701
vn -0.3977 0.6683 0.6286
vn -0.3566 0.8094 0.4667
vn -0.3518 0.8213 0.4491
vn 0.2021 0.2198 0.9544
vn 0.9278 0.1587 0.3376
vn -0.4316 -0.1137 -0.8949
vn -0.1718 -0.1192 -0.9779
vn 0.8164 0.2117 -0.5373
vn 0.6371 0.2848 -0.7162
vn -0.0468 0.3700 -0.9279
vn -0.0368 0.8523 -0.5217
vn 0.5764 0.6798 -0.4534
vn -0.0247 0.9795 -0.1997
vn 0.8545 0.1388 -0.5007
vn 0.9776 0.0498 0.2045
vn 0.9331 -0.0349 -0.3580
vn 0.9333 -0.0366 -0.3571
vn 0.9710 0.0528 0.2331
vn -0.0406 -0.1626 -0.9858
vn -0.6318 -0.1399 -0.7624
vn -0.6129 -0.1407 -0.7775
vn -0.9472 0.0228 0.3199
vn -0.9562 0.0178 0.2922
vn 0.0399 0.1290 0.9908
vn 0.0398 0.1290 0.9908
vn -0.3554 0.3995 -0.8450
vn -0.5250 -0.2019 -0.8268
vn -0.8389 0.3018 -0.4530
vn -0.2045 -0.2480 -0.9469
vn -0.3665 0.9302 0.0179
vn -0.2730 0.8455 0.4588
vn 0.3664 0.9304 -0.0125
vn 0.3099 0.8456 0.4346
vn 0.2838 0.3996 -0.8716
vn -0.1762 -0.1702 -0.9695
vn -0.0398 -0.2119 -0.9765
vn 0.0893 0.1947 -0.9768
vn -0.9545 0.2011 0.2202
vn -0.4975 0.4239 0.7569
vn -0.9122 0.3997 0.0897
vn -0.8788 0.2262 0.4203
vn -0.7753 0.1493 0.6138
vn 0.5484 0.4413 0.7103
vn -0.2962 0.9386 -0.1772
vn 0.2479 0.9478 -0.2004
vn 0.2282 -0.6616 0.7143
vn 0.7849 -0.1955 0.5880
vn 0.5329 -0.3504 0.7702
vn 0.9628 0.2344 0.1346
vn 0.9012 0.4333 0.0071
vn 0.4729 0.8810 -0.0149
vn 0.2094 0.8808 -0.4246
vn 0.8243 0.1735 0.5389
vn 0.9057 0.2510 0.3416
vn -0.6546 -0.2473 -0.7144
vn -0.7063 0.2629 -0.6572
vn -0.0374 -0.2838 -0.9582
vn -0.0252 -0.6021 -0.7980
vn -0.8991 0.1101 -0.4237
vn -0.6357 0.6601 -0.4002
vn 0.5972 -0.2269 -0.7693
vn -0.4016 0.6523 0.6428
vn 0.3106 -0.5530 -0.7732
vn 0.3101 -0.5488 -0.7763
vn 0.2989 -0.5490 -0.7806
vn 0.3088 -0.5460 -0.7788
vn 0.3116 -0.5429 -0.7798
vn 0.3235 -0.5532 -0.7677
vn -0.2235 0.8386 0.4967
vn -0.3456 0.9361 -0.0649
vn -0.4373 0.8158 0.3785
vn 0.1734 0.9817 0.0789
vn -0.3878 0.6986 -0.6013
vn -0.3422 0.9326 -0.1147
vn 0.0494 0.9037 -0.4253
vn 0.1344 0.4165 0.8992
vn -0.3785 0.2053 0.9025
vn 0.7650 0.6044 0.2223
vn -0.9239 -0.1183 -0.3640
vn -0.9722 0.2037 0.1157
vn -0.9287 0.2253 -0.2945
vn -0.9824 -0.1408 0.1228
vn -0.2476 0.1379 -0.9590
vn 0.5675 0.4972 -0.6563
vn 0.2478 0.0347 0.9682
vn -0.2913 -0.1127 0.9500
vn 0.4697 -0.6828 0.5596
vn 0.3499 -0.9340 0.0726
vn 0.7254 -0.6616 -0.1899
vn -0.0682 0.1249 -0.9898
vn 0.4972 -0.1201 -0.8592
vn 0.2335 0.3622 -0.9024
vn 0.0647 0.0493 -0.9967
vn -0.8143 0.0055 -0.5804
vn -0.6264 0.5335 -0.5683
vn -0.8274 0.4636 0.3169
vn -0.6771 0.0923 0.7300
vn -0.4049 -0.1219 0.9062
vn 0.4961 -0.6994 0.5145
vn -0.3183 -0.1158 0.9409
vn -0.7141 0.5608 0.4190
vn 0.7085 -0.7056 -0.0104
vn 0.2635 0.1074 -0.9587
vn 0.5665 -0.2324 -0.7906
vn -0.4961 0.7183 -0.4877
vn -0.4521 0.6934 0.5611
vn 0.9298 0.2036 0.3066
vn 0.8768 0.0633 -0.4767
vn 0.7241 0.0759 -0.6855
vn -0.3046 0.5460 -0.7804
vn 0.7536 0.5100 -0.4148
vn 0.4871 0.5774 -0.6552
vn -0.5221 0.3617 -0.7724
vn -0.7588 0.2084 -0.6170
vn -0.8089 0.0916 -0.5808
vn -0.2941 -0.9019 0.3163
vn -0.6045 -0.7636 0.2268
vn -0.7976 -0.5998 -0.0640
vn 0.4872 -0.6967 0.5265
vn 0.6390 -0.6242 0.4494
vn 0.9789 -0.0955 0.1809
vn 0.9994 0.0278 0.0211
vn -0.1098 0.6108 -0.7842
vn 0.7541 0.4908 -0.4364
vn -0.2859 0.6908 0.6641
vn -0.2909 0.7035 0.6484
vn -0.7780 -0.5364 -0.3272
vn -0.8527 -0.5061 0.1299
vn -0.0838 -0.2948 -0.9519
vn 0.2867 -0.0914 0.9537
vn -0.2542 -0.2496 0.9344
vn 0.9300 0.0324 0.3660
vn -0.6961 -0.6473 -0.3106
vn -0.7823 -0.6090 0.1311
vn -0.0488 -0.4580 -0.8876
vn 0.4789 -0.7641 -0.4323
vn -0.2226 -0.9737 -0.0491
vn -0.2831 -0.8940 -0.3473
vn 0.4669 -0.8819 -0.0656
vn 0.8404 -0.5355 -0.0838
vn 0.7821 -0.2476 -0.5719
vn 0.9984 0.0270 -0.0488
vn 0.9985 0.0258 -0.0486
vn 0.9984 0.0191 -0.0531
vn 0.9984 0.0269 -0.0490
vn 0.2176 0.9735 0.0702
vn 0.1871 0.9767 -0.1053
vn 0.2527 0.9667 0.0406
vn 0.3151 0.9118 -0.2634
vn 0.6829 0.7193 -0.1277
vn 0.2414 0.9477 0.2088
vn 0.9666 0.0548 -0.2505
vn -0.0145 0.9990 0.0421
vn 0.3072 -0.3605 -0.8807
vn 0.1261 -0.6098 -0.7825
vn 0.4753 0.2544 -0.8423
vn 0.2774 0.6850 -0.6736
vn 0.6140 0.2924 -0.7331
vn 0.1481 0.8858 -0.4398
vn 0.4199 0.6755 -0.6061
vn 0.5959 0.0886 -0.7982
vn -0.0375 -0.2898 -0.9563
vn -0.9305 -0.2933 -0.2195
vn 0.0028 0.9843 -0.1762
vn -0.7556 0.6388 -0.1449
vn -0.0650 0.9788 -0.1941
vn -0.8898 -0.0669 -0.4514
vn -0.4493 0.4652 -0.7627
vn -0.5445 -0.2528 -0.7998
vn -0.6904 0.6279 -0.3594
vn -0.0358 0.9812 -0.1899
vn 0.0154 -0.9997 -0.0194
vn -0.0200 -0.6854 -0.7279
vn 0.4862 -0.2316 -0.8426
vn 0.9984 0.0293 -0.0481
vn 0.9984 0.0236 -0.0521
vn -0.5264 -0.1322 0.8399
vn 0.6016 -0.1144 0.7905
vn -0.0364 0.8604 -0.5084
vn 0.3563 -0.7675 0.5330
vn -0.4315 -0.8731 0.2271
vn 0.5677 -0.4352 0.6988
vn 0.1244 0.9039 0.4092
vn 0.8982 -0.1411 -0.4163
vn 0.4057 -0.8727 -0.2716
vn 0.9920 -0.1084 -0.0651
vn 0.8789 -0.1796 -0.4418
vn 0.3171 0.6951 -0.6452
vn 0.4217 0.6733 0.6073
vn 0.0414 0.0755 0.9963
vn 0.5160 0.0754 0.8533
vn 0.0288 0.7179 0.6956
vn 0.3087 0.9360 0.1690
vn -0.3846 0.8753 0.2932
vn 0.7751 0.4956 0.3920
vn 0.8406 0.0891 0.5343
vn 0.7408 0.6390 -0.2072
vn 0.9987 0.0101 0.0501
vn 0.9953 -0.0109 -0.0961
vn 0.6593 0.7482 -0.0743
vn 0.0481 0.9789 -0.1988
vn 0.7786 0.6266 0.0349
vn 0.6581 0.6278 -0.4156
vn 0.8493 -0.0673 -0.5236
vn -0.0178 0.9843 -0.1753
vn 0.3842 0.4652 -0.7974
vn 0.4763 -0.2527 -0.8422
vn -0.0467 0.3863 -0.9212
vn -0.0396 0.7928 -0.6082
vn -0.0305 0.9375 -0.3468
vn -0.0445 0.6219 -0.7819
vn -0.0453 0.1010 -0.9939
vn -0.2028 -0.9735 0.1054
vn -0.5281 -0.8461 0.0722
vn 0.1213 -0.9780 0.1696
vn -0.9992 -0.0052 0.0388
vn -0.9992 -0.0049 0.0388
vn -0.9992 -0.0028 0.0395
vn -0.9993 -0.0072 0.0363
vn -0.5530 0.2396 -0.7980
vn -0.6909 -0.1474 -0.7078
vn -0.6838 0.2786 -0.6744
vn 0.4763 -0.8593 0.1863
vn -0.2828 -0.7774 0.5619
vn -0.4887 -0.4525 0.7460
vn 0.2491 -0.9660 -0.0688
vn -0.4838 -0.8739 -0.0473
vn 0.1208 -0.9906 -0.0647
vn -0.4416 -0.8968 -0.0255
vn -0.8180 -0.5752 -0.0045
vn -0.8671 -0.4964 -0.0412
vn -0.9993 -0.0127 0.0347
vn -0.9992 -0.0064 0.0389
vn -0.2797 0.9579 0.0640
vn -0.2274 0.9699 -0.0871
vn -0.2423 0.9660 0.0904
vn -0.3666 0.9006 -0.2334
vn -0.9861 0.0229 -0.1648
vn -0.2529 0.9396 0.2305
vn -0.7145 0.6965 -0.0663
vn 0.4449 -0.7429 -0.5002
vn -0.3632 -0.3735 -0.8536
vn -0.1786 -0.6030 -0.7775
vn -0.3919 -0.5494 -0.7380
vn -0.5564 -0.2095 -0.8041
vn -0.5985 -0.1130 -0.7931
vn -0.2933 0.6180 -0.7294
vn 0.5593 -0.8286 0.0230
vn 0.1252 -0.2479 -0.9607
vn -0.0248 0.9828 -0.1829
vn 0.4546 -0.2017 -0.8675
vn 0.7982 0.3021 -0.5211
vn 0.2312 0.6182 -0.7513
vn 0.4412 -0.1372 -0.8868
vn 0.2972 -0.9532 -0.0551
vn -0.2179 -0.9507 0.2205
vn -0.9067 -0.2375 -0.3486
vn -0.9363 -0.1091 -0.3339
vn 0.0455 -0.5573 0.8291
vn -0.0368 0.9021 0.4300
vn 0.0366 -0.5243 0.8507
vn -0.6720 0.3544 0.6503
vn -0.9729 0.1923 0.1282
vn -0.9626 -0.0907 0.2553
vn -0.9432 -0.0376 -0.3301
vn -0.9738 0.0245 -0.2262
vn 0.0356 -0.5203 0.8532
vn 0.7253 0.1469 0.6726
vn -0.7376 0.4893 0.4654
vn -0.8047 0.0492 0.5916
vn -0.7634 0.4705 0.4426
vn -0.9911 0.0098 0.1329
vn -0.9999 -0.0108 -0.0131
vn -0.6634 0.7480 -0.0193
vn -0.0486 0.9893 -0.1373
vn -0.3576 0.6747 -0.6457
vn -0.2149 0.8799 -0.4239
vn -0.4932 0.6606 -0.5660
vn -0.6661 0.0680 -0.7427
vn 0.0155 -0.9997 -0.0193
vn 0.2434 -0.9662 0.0852
vn -0.1761 0.0816 0.9810
vn 0.1662 0.8666 0.4705
vn -0.5358 0.7395 0.4074
vn 0.9311 -0.2668 0.2487
vn 0.8810 -0.3452 -0.3235
vn 0.9896 -0.0837 -0.1169
vn 0.8190 -0.5627 0.1121
vn 0.4854 0.3592 -0.7971
vn 0.7292 0.6443 -0.2304
vn 0.3634 0.9316 -0.0117
vn -0.1991 0.8844 -0.4222
vn 0.2170 -0.3060 0.9270
vn -0.4275 -0.2175 0.8775
vn 0.0163 -0.5544 0.8321
vn -0.8440 0.4399 0.3067
vn 0.5945 -0.6500 -0.4734
vn 0.5721 -0.8191 -0.0417
vn 0.1840 0.0601 -0.9811
vn -0.4819 0.6050 -0.6338
vn -0.5036 -0.3023 0.8093
vn -0.0616 -0.6486 0.7586
vn -0.5551 0.5101 0.6570
vn -0.5926 0.7759 0.2163
vn -0.9252 0.3429 -0.1627
vn -0.9281 -0.0364 0.3707
vn -0.2873 0.7170 0.6351
vn -0.5540 -0.3887 0.7362
vn -0.3329 0.1822 0.9252
vn -0.2446 -0.5221 0.8170
vn -0.7803 0.0916 0.6187
vn 0.6245 -0.5170 0.5854
vn 0.5618 -0.5719 0.5977
vn 0.5708 -0.5564 0.6039
vn 0.6454 -0.4844 0.5906
vn 0.6837 -0.3998 0.6106
vn -0.5945 0.7515 -0.2859
vn -0.3554 0.7612 -0.5424
vn -0.3817 0.8241 -0.4185
vn -0.3969 0.6803 -0.6161
vn -0.1343 0.7637 -0.6314
vn -0.3969 0.6832 -0.6129
vn 0.5987 0.3708 0.7100
vn 0.6550 0.6684 0.3525
vn 0.3857 0.4347 0.8138
vn 0.6616 0.6847 0.3057
vn -0.7229 0.5020 0.4749
vn -0.1846 0.8354 0.5178
vn 0.2346 0.9308 0.2803
vn 0.6623 0.4443 0.6033
vn -0.4916 -0.8517 0.1813
vn -0.4898 -0.5375 0.6865
vn 0.6714 -0.7119 -0.2058
vn 0.6600 -0.3669 0.6555
vn 0.5063 -0.5217 0.6866
vn 0.4914 -0.5363 0.6863
vn 0.6673 -0.3467 0.6591
vn 0.5869 -0.4980 0.6384
vn 0.6005 -0.4925 0.6300
vn 0.6547 -0.5402 -0.5287
vn 0.3964 -0.8453 -0.3583
vn 0.6899 -0.4122 0.5951
vn -0.9169 0.2750 0.2892
vn 0.4776 -0.7157 -0.5095
vn 0.4719 -0.8773 -0.0878
vn 0.0811 -0.0858 -0.9930
vn -0.6715 0.5817 -0.4590
vn 0.7009 0.7083 -0.0840
vn 0.7947 0.4968 -0.3487
vn 0.8424 0.2573 -0.4734
vn 0.8027 0.1763 -0.5698
vn 0.2651 -0.4289 -0.8636
vn 0.5944 -0.2701 -0.7575
vn -0.0365 -0.6377 -0.7694
vn -0.3875 -0.6168 -0.6851
vn -0.9069 -0.4156 -0.0693
vn -0.9645 -0.2628 0.0257
vn -0.8486 0.2440 0.4694
vn -0.0307 -0.4782 -0.8777
vn -0.0443 0.0249 -0.9987
vn 0.0090 0.8532 0.5215
vn 0.0307 0.4782 0.8777
vn -0.0353 0.8781 -0.4772
vn 0.9918 -0.0082 -0.1279
vn 0.0452 -0.9715 -0.2327
vn -0.1217 -0.9698 -0.2115
vn 0.9875 0.1245 -0.0970
vn -0.9904 -0.0623 0.1230
vn -0.9838 0.0868 0.1570
vn 0.0308 0.9720 0.2331
vn -0.1694 0.9524 0.2536
vn 0.8122 0.0617 -0.5801
vn 0.1762 -0.9843 -0.0140
vn 0.2009 -0.9791 -0.0313
vn 0.8110 0.0723 -0.5805
vn 0.0744 0.9824 -0.1716
vn 0.0512 0.9864 -0.1561
vn -0.8241 0.0227 0.5660
vn -0.8240 0.0065 0.5666
vn -0.9951 0.0988 -0.0060
vn 0.1411 -0.9652 -0.2201
vn -0.0284 -0.9730 -0.2291
vn -0.9986 -0.0352 -0.0396
vn 0.9910 0.1151 0.0689
vn 0.9988 -0.0353 0.0332
vn 0.1552 0.9587 0.2384
vn -0.0480 0.9709 0.2345
vn -0.8186 -0.5640 -0.1083
vn -0.5137 -0.1374 -0.8469
vn -0.8382 -0.2249 -0.4968
vn -0.7523 0.4946 -0.4351
vn -0.6313 -0.6849 -0.3639
vn -0.5707 -0.7869 0.2347
vn 0.8693 0.0369 0.4928
vn -0.1466 -0.9892 -0.0007
vn -0.1727 -0.9848 -0.0163
vn 0.8697 0.0531 0.4907
vn -0.8616 0.0332 -0.5065
vn -0.8608 0.0439 -0.5070
vn -0.0957 0.9843 -0.1486
vn -0.1197 0.9794 -0.1626
vn 0.0427 0.0669 0.9968
vn 0.0063 -0.9757 -0.2191
vn -0.0403 -0.1785 -0.9831
vn -0.0321 0.9206 -0.3893
vn -0.0990 0.8752 0.4734
vn 0.2582 0.5782 0.7739
vn 0.2193 0.8832 0.4145
vn 0.0053 0.5233 0.8521
vn 0.2498 0.1950 0.9485
vn 0.0748 0.1623 0.9839
vn 0.2167 -0.1796 0.9596
vn 0.1091 -0.1843 0.9768
vn -0.6034 0.6554 0.4542
vn -0.4307 0.2985 0.8517
vn -0.2324 0.0148 0.9725
vn -0.0079 -0.2452 0.9694
vn -0.8249 0.4235 0.3744
vn -0.6187 0.1672 0.7677
vn -0.3346 -0.0662 0.9400
vn -0.0454 -0.3115 0.9491
vn -0.4417 -0.8279 -0.3456
vn -0.4406 -0.8284 -0.3460
vn -0.4406 -0.8283 -0.3460
vn -0.4419 -0.8278 -0.3455
vn 0.8798 -0.3356 -0.3366
vn 0.8804 -0.3348 -0.3359
vn 0.8809 -0.3337 -0.3355
vn 0.8817 -0.3325 -0.3347
vn 0.8839 -0.3288 -0.3327
vn 0.8838 -0.3289 -0.3327
vn 0.8793 -0.3363 -0.3372
vn 0.8810 -0.3342 -0.3349
vn 0.8793 -0.3363 -0.3371
vn 0.8990 -0.2989 -0.3200
vn 0.8787 -0.3372 -0.3378
vn -0.4399 -0.8286 -0.3463
vn -0.4553 -0.8227 -0.3404
vn 0.0915 -0.3580 0.9292
vn -0.6088 0.7885 -0.0873
vn -0.1980 0.8896 -0.4115
vn -0.4946 0.7453 -0.4472
vn -0.1672 0.9853 -0.0357
vn -0.2082 0.6859 -0.6973
vn -0.3276 0.6357 -0.6990
vn -0.7823 0.6157 -0.0946
vn -0.5970 0.6629 -0.4518
vn -0.3611 0.5902 -0.7220
vn -0.8331 0.4112 0.3699
vn -0.8073 0.5864 -0.0655
vn -0.6119 0.6181 -0.4935
vn -0.3583 0.5614 -0.7459
vn -0.2519 0.5600 -0.7893
vn -0.2841 0.5561 -0.7811
vn -0.6539 0.1705 0.7371
vn -0.3326 -0.1265 0.9346
vn -0.0232 -0.3259 0.9451
vn 0.0569 -0.3492 0.9353
vn -0.1097 0.6962 -0.7094
vn 0.0976 0.9948 -0.0273
vn -0.0225 0.9077 -0.4191
vn -0.0323 0.9294 0.3675
vn 0.3873 0.9219 0.0070
vn 0.0853 0.9926 -0.0862
vn 0.1936 0.8487 0.4921
vn -0.1371 0.6976 0.7032
vn 0.0202 0.6370 0.7706
vn -0.2224 0.3857 0.8954
vn -0.1212 0.3589 0.9255
vn 0.7963 0.5846 0.1553
vn 0.5371 0.5365 0.6510
vn 0.2650 0.4205 0.8677
vn -0.0295 0.2710 0.9621
vn 0.9306 0.2903 0.2228
vn 0.6709 0.3326 0.6628
vn 0.3353 0.3082 0.8903
vn -0.0154 0.1956 0.9806
vn 0.1446 -0.9786 0.1461
vn 0.1459 -0.9784 0.1465
vn 0.1461 -0.9784 0.1465
vn -0.9539 -0.1824 -0.2382
vn -0.9537 -0.1835 -0.2384
vn -0.9541 -0.1811 -0.2385
vn -0.9552 -0.1749 -0.2387
vn -0.9544 -0.1795 -0.2384
vn -0.9552 -0.1750 -0.2387
vn -0.9534 -0.1845 -0.2385
vn -0.9543 -0.1812 -0.2377
vn -0.9535 -0.1846 -0.2384
vn -0.9597 -0.1397 -0.2437
vn -0.9532 -0.1858 -0.2386
vn 0.1439 -0.9788 0.1459
vn 0.1606 -0.9755 0.1502
vn -0.1607 0.1876 0.9690
vn 0.4494 0.4715 -0.7588
vn 0.8208 0.4272 -0.3791
vn 0.6842 0.2488 -0.6856
vn 0.4655 0.7431 -0.4808
vn 0.3836 0.1612 -0.9093
vn 0.4811 0.0842 -0.8726
vn 0.9311 0.2309 -0.2823
vn 0.7554 0.1489 -0.6381
vn 0.4977 0.0258 -0.8670
vn 0.9344 0.2756 0.2258
vn 0.9469 0.2138 -0.2401
vn 0.7538 0.0873 -0.6513
vn 0.4851 -0.0087 -0.8744
vn 0.3819 -0.0001 -0.9242
vn 0.4115 -0.0086 -0.9114
vn 0.7041 0.3100 0.6388
vn 0.3143 0.2566 0.9140
vn -0.0412 0.1883 0.9812
vn -0.1249 0.1877 0.9742
vn 0.2929 0.1925 -0.9366
vn 0.2176 0.8324 -0.5096
vn 0.2882 0.5339 -0.7949
vn -0.7017 0.3344 -0.6292
vn -0.1772 -0.2916 -0.9400
vn -0.8317 -0.2012 -0.5175
vn -0.0756 0.9173 -0.3909
vn -0.7090 0.6765 -0.1991
vn -0.0554 0.9193 -0.3897
vn 0.0242 -0.9900 0.1393
vn 0.0304 -0.9902 0.1364
vn 0.0322 -0.9903 0.1355
vn 0.0228 -0.9899 0.1399
vn 0.9742 -0.0221 -0.2247
vn 0.9728 -0.0145 -0.2313
vn 0.9716 -0.0086 -0.2365
vn 0.9749 -0.0261 -0.2212
vn -0.9917 -0.0002 0.1290
vn 0.9551 -0.2337 -0.1822
vn 0.9054 0.1447 -0.3990
vn 0.9551 0.1011 -0.2786
vn 0.9054 -0.3348 -0.2610
vn 0.9054 0.4242 0.0144
vn 0.9551 0.2962 0.0100
vn 0.9054 0.1174 0.4079
vn 0.9551 0.0820 0.2848
vn 0.9054 -0.3516 0.2377
vn 0.9551 -0.2455 0.1660
vn 0.0049 -0.9539 -0.3000
vn 0.0007 -0.9538 -0.3004
vn 0.0035 -0.9544 -0.2986
vn -0.0023 0.9535 0.3015
vn -0.0069 0.9536 0.3010
vn -0.0043 0.9539 0.2999
vn 0.0112 0.9547 0.2975
vn 0.0089 0.9551 0.2963
vn -0.0093 -0.9549 -0.2968
vn -0.0082 -0.9555 -0.2950
vn -0.0420 -0.9559 -0.2907
vn 0.0443 0.9555 0.2917
vn -0.8740 0.4689 -0.1274
vn -0.7943 0.5610 0.2331
vn -0.7560 0.6422 -0.1266
vn -0.2790 0.9573 0.0761
vn -0.0000 0.9695 0.2453
vn 0.0000 0.9990 0.0444
vn 0.6671 -0.0724 -0.7414
vn 0.5568 0.4735 -0.6824
vn 0.6603 0.0003 -0.7510
vn -0.0405 -0.2934 -0.9551
vn 0.7991 -0.0163 -0.6010
vn 0.3997 0.1864 -0.8975
vn 0.6093 0.6106 -0.5060
vn 0.4116 0.2778 -0.8680
vn 0.7108 -0.4612 -0.5310
vn 0.0000 -0.4327 -0.9015
vn 0.3943 -0.6693 0.6297
vn 0.6631 -0.6840 0.3041
vn 0.6545 0.6356 0.4093
vn -0.0051 -0.9996 -0.0285
vn 0.5872 -0.8038 0.0955
vn -0.0000 -0.9992 -0.0392
vn -0.0031 -0.9996 -0.0278
vn 0.9139 -0.3771 0.1501
vn 0.6981 -0.6100 0.3749
vn 0.5377 -0.8308 0.1442
vn -0.0000 -0.8195 0.5731
vn 0.3813 0.6219 0.6839
vn 0.0000 0.9986 0.0520
vn 0.0000 0.6215 0.7834
vn 0.0075 0.9988 0.0482
vn 0.0100 0.9993 0.0363
vn 0.7654 0.6025 0.2259
vn 0.0085 0.9994 0.0350
vn -0.7532 0.1120 -0.6482
vn -0.5014 0.6343 -0.5884
vn -0.3886 -0.1964 -0.9003
vn -0.0050 0.5273 -0.8497
vn 0.0074 -0.0232 -0.9997
vn -0.2970 0.9079 -0.2958
vn 0.0000 0.8511 -0.5249
vn 0.0000 0.9720 -0.2348
vn -0.3091 0.0907 0.9467
vn -0.0000 0.2379 0.9713
vn -0.3687 0.1624 0.9152
vn -0.8331 0.0405 0.5516
vn -0.7367 0.0055 0.6763
vn -0.8124 0.2036 0.5464
vn -0.9319 0.2705 0.2418
vn -0.9723 0.0226 0.2325
vn -0.9864 0.1307 -0.0998
vn -0.9982 0.0592 -0.0105
vn -0.4019 0.5344 0.7436
vn -0.0000 0.6985 0.7157
vn -0.3779 0.8372 0.3953
vn 0.7117 -0.6174 -0.3350
vn -0.0000 -0.8299 -0.5579
vn 0.8757 -0.1638 -0.4542
vn -0.0000 -0.9935 -0.1134
vn 0.4598 -0.8771 -0.1389
vn -0.0000 -0.6875 0.7261
vn 0.9037 -0.4282 0.0033
vn 0.9944 -0.0924 0.0515
vn 0.2853 -0.4743 0.8328
vn -0.0000 -0.4949 0.8690
vn 0.9756 0.1031 -0.1937
vn 0.9823 0.0825 -0.1681
vn 0.9640 0.1151 -0.2396
vn 0.7573 0.1742 -0.6294
vn 0.8340 0.0188 -0.5514
vn 0.3631 -0.1127 -0.9249
vn 0.5031 -0.4306 -0.7493
vn 0.0217 -0.0224 -0.9995
vn 0.4552 -0.0758 -0.8872
vn -0.0576 -0.1591 -0.9856
vn 0.3507 0.3664 -0.8618
vn 0.7134 -0.0618 -0.6980
vn 0.0316 0.0176 -0.9993
vn 0.4136 -0.1720 -0.8941
vn 0.2379 -0.0839 -0.9677
vn 0.5891 -0.2617 -0.7645
vn 0.8147 -0.2107 -0.5402
vn 0.9450 0.0023 -0.3272
vn 0.8948 -0.1351 -0.4255
vn 0.0000 -0.0210 0.9998
vn -0.4247 0.2791 -0.8613
vn -0.7169 -0.4500 -0.5325
vn -0.6545 0.6356 0.4093
vn -0.6631 -0.6840 0.3041
vn -0.3943 -0.6693 0.6297
vn 0.0051 -0.9996 -0.0285
vn -0.6557 -0.4771 -0.5852
vn -0.7261 0.6415 -0.2474
vn -0.2503 0.3596 -0.8989
vn -0.1496 0.3430 -0.9274
vn 0.0031 -0.9996 -0.0278
vn -0.5377 -0.8308 0.1442
vn -0.5917 -0.5927 0.5464
vn -0.9439 -0.3078 0.1199
vn -0.3813 0.6219 0.6839
vn -0.0075 0.9988 0.0482
vn -0.0100 0.9993 0.0363
vn -0.0085 0.9994 0.0350
vn -0.3852 0.6899 -0.6129
vn 0.0000 0.7360 -0.6770
vn -0.6648 -0.0057 -0.7470
vn -0.4370 0.2199 -0.8722
vn -0.7170 -0.0892 -0.6913
vn -0.3147 0.2468 -0.9165
vn -0.4215 -0.0897 -0.9024
vn -0.5427 0.4674 -0.6979
vn -0.6450 0.0122 -0.7641
vn 0.1952 -0.2713 -0.9425
vn 0.1952 0.8125 -0.5493
vn 0.2389 0.9705 0.0328
vn 0.1952 0.7735 0.6030
vn 0.1952 -0.3345 0.9220
vn 0.1952 -0.9802 -0.0332
vn -0.9927 -0.1151 0.0363
vn -0.9805 -0.1484 -0.1291
vn -0.8059 -0.0088 -0.5920
vn -0.9234 -0.3229 -0.2076
vn -0.5746 -0.7873 -0.2236
vn -0.9476 0.2618 -0.1834
vn -0.7878 0.0171 -0.6156
vn -0.4604 -0.3943 -0.7953
vn -0.7842 -0.2113 -0.5834
vn -0.9599 0.0594 -0.2740
vn 0.2790 0.9573 0.0761
vn 0.3779 0.8372 0.3953
vn 0.7560 0.6422 -0.1266
vn 0.7943 0.5610 0.2331
vn 0.8420 0.5362 -0.0598
vn 0.9128 0.3237 -0.2490
vn 0.4604 0.6465 -0.6083
vn 0.7253 0.6077 -0.3233
vn 0.2970 0.9079 -0.2958
vn 0.3091 0.0907 0.9467
vn 0.3973 0.4018 0.8251
vn 0.8124 0.2037 0.5464
vn 0.7367 0.0055 0.6763
vn 0.8331 0.0405 0.5516
vn 0.9319 0.2705 0.2418
vn 0.9723 0.0226 0.2325
vn 0.9894 0.1448 -0.0065
vn 0.9960 0.0809 0.0379
vn 1.0000 -0.0000 -0.0000
vn 1.0000 0.0000 -0.0000
vn -0.7071 0.4095 0.5765
vn 0.0000 0.5791 0.8153
vn 0.0000 0.8153 -0.5791
vn -0.0000 0.8153 -0.5791
vn 0.5000 -0.5015 -0.7060
vn 1.0000 0.0000 0.0000
vn -0.5000 -0.5015 -0.7060
vn -1.0000 0.0000 0.0000
vn -1.0000 -0.0000 0.0000
vn -0.5000 0.5015 0.7060
vn -0.6938 0.4170 0.5871
vn -0.0002 -0.1030 0.9947
vn 0.0363 -0.9155 0.4008
vn 0.0361 -0.9133 0.4057
vn 0.0002 -0.1137 0.9935
vn 0.0363 -0.8076 -0.5886
vn 0.0361 -0.8044 -0.5930
vn 0.0002 0.1030 -0.9947
vn -0.0002 0.1137 -0.9935
vn -0.0361 0.9133 -0.4057
vn -0.0363 0.9155 -0.4008
vn -0.0361 0.8044 0.5930
vn -0.0363 0.8076 0.5886
vn 0.8660 0.2895 0.4076
vn 0.6182 0.4552 0.6408
vn -0.0000 0.5791 0.8153
vn -0.0000 -0.5791 -0.8153
vn -0.2109 -0.6401 -0.7388
vn -0.3992 -0.5527 -0.7316
vn -0.3594 -0.6257 -0.6923
vn -0.7342 -0.3932 -0.5535
vn 0.3594 -0.6257 -0.6923
vn 0.2109 -0.6401 -0.7388
vn 0.3992 -0.5527 -0.7316
vn 0.7342 -0.3932 -0.5535
vn 0.5788 -0.4722 -0.6648
vn -0.2079 -0.5664 -0.7975
vn -0.9997 -0.0247 -0.0027
vn 0.5000 0.5015 0.7060
vn -0.8660 0.2895 0.4076
vn -0.9956 0.0541 0.0762
vn -0.8660 -0.2895 -0.4076
vn -0.0001 -1.0000 -0.0003
vn -0.2323 -0.9671 -0.1041
vn -0.3184 -0.9248 -0.2084
vn -0.3747 -0.9244 -0.0709
vn -0.1742 -0.9673 -0.1843
vn -0.2169 -0.9232 -0.3172
vn -0.0915 -0.9665 -0.2396
vn -0.0776 -0.9256 -0.3705
vn 0.0071 -0.9672 -0.2537
vn 0.0701 -0.9261 -0.3708
vn 0.1042 -0.9669 -0.2331
vn 0.2060 -0.9262 -0.3159
vn 0.1836 -0.9676 -0.1734
vn 0.3177 -0.9231 -0.2168
vn 0.2367 -0.9674 -0.0903
vn 0.3756 -0.9235 -0.0786
vn 0.2534 -0.9673 0.0071
vn 0.3707 -0.9261 0.0699
vn 0.2330 -0.9669 0.1043
vn 0.3214 -0.9235 0.2094
vn 0.1740 -0.9674 0.1842
vn 0.2169 -0.9228 0.3185
vn 0.0905 -0.9672 0.2375
vn 0.0785 -0.9235 0.3754
vn -0.0072 -0.9669 0.2552
vn -0.0708 -0.9247 0.3741
vn -0.1049 -0.9665 0.2343
vn -0.2104 -0.9232 0.3217
vn -0.1834 -0.9677 0.1732
vn -0.3144 -0.9248 0.2144
vn -0.2396 -0.9665 0.0916
vn -0.3726 -0.9247 0.0778
vn -0.2521 -0.9677 -0.0074
vn -0.9166 0.0154 -0.3994
vn -0.9727 0.1318 -0.1908
vn -0.8256 0.1313 -0.5488
vn -0.4113 0.8944 -0.1756
vn -0.3616 0.8994 -0.2454
vn -0.4287 0.8991 -0.0885
vn -0.3124 0.8947 -0.3192
vn -0.6935 0.0147 -0.7203
vn -0.2402 0.8995 -0.3649
vn -0.5519 0.1343 -0.8230
vn -0.1669 0.8940 -0.4157
vn -0.3648 0.0162 -0.9309
vn -0.0824 0.8998 -0.4286
vn -0.1955 0.1302 -0.9720
vn 0.0046 0.8952 -0.4457
vn 0.0191 0.0150 -0.9997
vn 0.0884 0.8994 -0.4282
vn 0.1922 0.1279 -0.9730
vn 0.1760 0.8940 -0.4120
vn 0.3998 0.0155 -0.9165
vn 0.2453 0.8994 -0.3617
vn 0.5494 0.1282 -0.8257
vn 0.3191 0.8948 -0.3124
vn 0.7203 0.0135 -0.6936
vn 0.3662 0.8989 -0.2408
vn 0.8230 0.1331 -0.5523
vn 0.4152 0.8943 -0.1667
vn 0.9309 0.0146 -0.3650
vn 0.4293 0.8994 -0.0822
vn 0.9715 0.1335 -0.1961
vn 0.4459 0.8951 0.0044
vn 0.9997 0.0162 0.0186
vn 0.4283 0.8993 0.0882
vn 0.9731 0.1279 0.1918
vn 0.4117 0.8942 0.1760
vn 0.9163 0.0154 0.4001
vn 0.3622 0.8991 0.2458
vn 0.8249 0.1330 0.5495
vn 0.3125 0.8946 0.3194
vn 0.6936 0.0155 0.7202
vn 0.2408 0.8988 0.3662
vn 0.5530 0.1349 0.8222
vn 0.1669 0.8941 0.4156
vn 0.3651 0.0146 0.9309
vn 0.0822 0.8991 0.4299
vn 0.1959 0.1336 0.9715
vn -0.0046 0.8951 0.4459
vn -0.0180 0.0178 0.9997
vn -0.0882 0.8994 0.4282
vn -0.1915 0.1312 0.9727
vn -0.1760 0.8942 0.4117
vn -0.4002 0.0170 0.9163
vn -0.2456 0.8993 0.3619
vn -0.5485 0.1346 0.8253
vn -0.3189 0.8950 0.3119
vn -0.7200 0.0153 0.6938
vn -0.3643 0.8999 0.2397
vn -0.8227 0.1322 0.5529
vn -0.4146 0.8946 0.1666
vn -0.9307 0.0175 0.3653
vn -0.4295 0.8993 0.0824
vn -0.9717 0.1318 0.1959
vn -0.4459 0.8951 -0.0046
vn -0.9997 0.0147 -0.0190
vn -0.4696 0.8829 -0.0043
vn -0.4614 0.8829 0.0876
vn -0.4594 0.8831 -0.0955
vn -0.4316 0.8833 -0.1833
vn -0.3871 0.8836 -0.2636
vn -0.5657 0.7290 -0.3854
vn -0.6305 0.7285 -0.2679
vn -0.7759 0.3424 -0.5299
vn -0.8638 0.3451 -0.3672
vn -0.6697 0.7294 -0.1393
vn -0.9188 0.3455 -0.1909
vn -0.7751 0.3473 -0.5279
vn -0.8620 0.3515 -0.3654
vn -0.9169 0.3502 -0.1915
vn -0.6580 0.3437 -0.6700
vn -0.4796 0.7294 -0.4878
vn -0.5151 0.3440 -0.7851
vn -0.3742 0.7313 -0.5702
vn -0.5140 0.3476 -0.7842
vn -0.6566 0.3501 -0.6681
vn -0.3517 0.3472 -0.8693
vn -0.2572 0.7265 -0.6373
vn -0.1743 0.3503 -0.9203
vn -0.1282 0.7280 -0.6735
vn -0.1742 0.3562 -0.9180
vn -0.3502 0.3552 -0.8667
vn 0.0093 0.3507 -0.9365
vn 0.0065 0.7278 -0.6857
vn 0.1916 0.3458 -0.9185
vn 0.1388 0.7303 -0.6688
vn 0.1911 0.3466 -0.9183
vn 0.0076 0.3549 -0.9349
vn 0.3664 0.3491 -0.8625
vn 0.2682 0.7277 -0.6312
vn 0.5287 0.3450 -0.7755
vn 0.3852 0.7293 -0.5654
vn 0.5278 0.3485 -0.7746
vn 0.3653 0.3548 -0.8606
vn 0.6701 0.3438 -0.6579
vn 0.4880 0.7293 -0.4795
vn 0.7871 0.3396 -0.5150
vn 0.5725 0.7289 -0.3755
vn 0.7846 0.3475 -0.5134
vn 0.6681 0.3500 -0.6566
vn 0.8678 0.3517 -0.3509
vn 0.6357 0.7280 -0.2569
vn 0.9220 0.3456 -0.1747
vn 0.6738 0.7278 -0.1276
vn 0.9203 0.3499 -0.1751
vn 0.8663 0.3562 -0.3501
vn 0.9395 0.3424 0.0085
vn 0.6840 0.7294 0.0057
vn 0.9185 0.3459 0.1916
vn 0.6684 0.7308 0.1386
vn 0.9163 0.3522 0.1906
vn 0.9379 0.3467 0.0088
vn 0.8609 0.3540 0.3655
vn 0.6281 0.7311 0.2664
vn 0.7749 0.3475 0.5280
vn 0.5669 0.7276 0.3864
vn 0.7744 0.3508 0.5265
vn 0.8606 0.3548 0.3653
vn 0.6571 0.3450 0.6702
vn 0.4807 0.7279 0.4889
vn 0.5139 0.3474 0.7844
vn 0.3754 0.7290 0.5724
vn 0.5117 0.3557 0.7821
vn 0.6557 0.3530 0.6674
vn 0.3502 0.3496 0.8690
vn 0.2565 0.7282 0.6356
vn 0.1755 0.3422 0.9231
vn 0.1270 0.7281 0.6736
vn 0.1737 0.3491 0.9209
vn 0.3506 0.3561 0.8662
vn -0.0082 0.3425 0.9395
vn -0.0056 0.7294 0.6841
vn -0.1910 0.3460 0.9186
vn -0.1389 0.7285 0.6708
vn -0.1904 0.3564 0.9147
vn -0.0089 0.3466 0.9380
vn -0.3658 0.3527 0.8613
vn -0.2681 0.7278 0.6313
vn -0.5283 0.3473 0.7748
vn -0.3858 0.7282 0.5664
vn -0.5275 0.3483 0.7749
vn -0.3656 0.3534 0.8610
vn -0.6694 0.3469 0.6569
vn -0.4883 0.7287 0.4801
vn -0.7830 0.3503 0.5140
vn -0.5720 0.7297 0.3746
vn -0.7825 0.3532 0.5128
vn -0.6683 0.3487 0.6571
vn -0.8709 0.3439 0.3512
vn -0.6359 0.7278 0.2570
vn -0.9199 0.3509 0.1752
vn -0.6732 0.7284 0.1277
vn -0.9190 0.3540 0.1734
vn -0.8687 0.3498 0.3507
vn -0.9365 0.3506 -0.0086
vn -0.6840 0.7294 -0.0061
vn -0.9349 0.3549 -0.0086
vn -0.4577 0.8891 -0.0036
vn -0.4529 0.8874 0.0857
vn -0.4489 0.8887 -0.0927
vn -0.4211 0.8891 -0.1791
vn -0.3795 0.8882 -0.2591
vn -0.0003 1.0000 0.0003
vn -0.4244 0.8891 0.1714
vn -0.3820 0.8895 0.2505
vn -0.3296 0.8870 0.3233
vn -0.2601 0.8868 0.3821
vn -0.1814 0.8861 0.4264
vn -0.0912 0.8920 0.4428
vn -0.0039 0.8890 0.4579
vn 0.0857 0.8890 0.4498
vn 0.1713 0.8893 0.4241
vn 0.2490 0.8910 0.3797
vn 0.3203 0.8895 0.3259
vn 0.3798 0.8882 0.2587
vn 0.4213 0.8892 0.1785
vn 0.4438 0.8913 0.0925
vn 0.4577 0.8891 0.0038
vn 0.4516 0.8881 -0.0855
vn 0.4266 0.8879 -0.1718
vn 0.3796 0.8910 -0.2490
vn 0.3255 0.8897 -0.3202
vn 0.2588 0.8883 -0.3794
vn 0.1786 0.8891 -0.4215
vn 0.0936 0.8882 -0.4498
vn 0.0041 0.8892 -0.4575
vn -0.0851 0.8895 -0.4490
vn -0.1711 0.8893 -0.4241
vn -0.2493 0.8909 -0.3796
vn -0.3202 0.8896 -0.3256
vn -0.4350 0.8831 0.1760
vn -0.3943 0.8819 0.2582
vn -0.3350 0.8827 0.3295
vn -0.2644 0.8828 0.3883
vn -0.1838 0.8828 0.4323
vn -0.0954 0.8830 0.4595
vn -0.0041 0.8829 0.4696
vn 0.0872 0.8833 0.4606
vn 0.1756 0.8833 0.4348
vn 0.2574 0.8828 0.3930
vn 0.3290 0.8831 0.3345
vn 0.3884 0.8827 0.2646
vn 0.4323 0.8827 0.1839
vn 0.4597 0.8829 0.0955
vn 0.4696 0.8829 0.0040
vn 0.4613 0.8830 -0.0873
vn 0.4350 0.8832 -0.1755
vn 0.3919 0.8835 -0.2566
vn 0.3340 0.8836 -0.3282
vn 0.2640 0.8832 -0.3877
vn 0.1839 0.8827 -0.4325
vn 0.0955 0.8830 -0.4596
vn 0.0041 0.8826 -0.4701
vn -0.0873 0.8822 -0.4627
vn -0.1757 0.8832 -0.4349
vn -0.2575 0.8826 -0.3933
vn -0.3283 0.8835 -0.3340
vn -1.0000 -0.0001 0.0029
vn 1.0000 0.0001 -0.0029
vn -0.0001 -0.9974 -0.0716
vn -0.0012 -0.8861 -0.4635
vn 0.0029 -0.0660 0.9978
vn -0.0029 -0.0116 -0.9999
vn -0.0029 0.0687 -0.9976
vn -0.0028 -0.2124 -0.9772
vn -0.0025 -0.4858 -0.8741
vn 0.0001 0.9976 0.0687
vn -0.5905 0.8056 0.0471
vn -0.6118 -0.0868 0.7862
vn 0.6749 0.4610 0.5761
vn 0.7858 0.2209 -0.5777
vn 0.6429 0.1317 -0.7545
vn 0.6216 0.1024 -0.7766
vn 0.8751 0.0363 -0.4827
vn 0.5458 0.1037 -0.8315
vn 0.7876 0.0255 0.6157
vn 0.6759 0.4590 0.5766
vn 0.1055 0.1392 0.9846
vn 0.2140 -0.0212 0.9766
vn -0.5976 -0.0643 0.7992
vn -0.6456 -0.0681 0.7606
vn -0.6709 -0.4605 -0.5812
vn 0.9099 0.3876 -0.1481
vn 0.9856 0.1665 -0.0288
vn 0.6080 0.0843 -0.7895
vn 0.2015 0.0575 0.9778
vn -0.4125 0.8831 -0.2235
vn 0.0442 0.2644 0.9634
vn 0.1055 -0.1974 -0.9746
vn -0.1736 -0.3170 -0.9324
vn -0.9070 -0.3753 0.1912
vn -0.6749 -0.4610 -0.5761
vn -0.7772 -0.2132 0.5921
vn -0.3818 0.0552 0.9226
vn 0.6749 0.4611 0.5761
vn 0.7697 0.1411 0.6226
vn 0.7697 0.1412 0.6226
vn 0.1067 -0.9939 -0.0293
vn -0.0894 -0.0396 -0.9952
vn -0.1116 -0.0434 -0.9928
vn 0.6079 0.0847 -0.7895
vn 0.6077 0.0847 -0.7897
vn 0.7689 -0.2984 0.5654
vn 0.4125 -0.8831 0.2235
vn -0.3577 -0.7293 0.5832
vn -0.6968 -0.6648 0.2693
vn -0.5877 -0.1257 0.7993
vn -0.9070 -0.4211 0.0100
vn -0.6336 0.6213 0.4610
vn -0.5679 0.7366 0.3673
vn -0.6278 -0.0086 0.7783
vn -0.6748 0.0467 0.7365
vn -0.5594 -0.6552 -0.5077
vn -0.0600 -0.9860 -0.1556
vn -0.0592 -0.9861 -0.1550
vn 0.2218 0.7403 -0.6346
vn 0.1328 0.8356 -0.5331
vn 0.4511 -0.8548 0.2566
vn 0.5933 0.1612 -0.7887
vn 0.5396 0.2114 -0.8149
vn 0.7433 -0.4030 0.5339
vn -0.4118 0.8836 -0.2230
vn 0.6745 0.4600 0.5775
vn 0.0470 0.2647 0.9632
vn 0.2438 -0.0476 0.9687
vn 0.7864 0.0053 0.6177
vn -0.4129 0.8828 -0.2240
vn -0.4130 0.8828 -0.2240
vn -0.7908 -0.2257 0.5689
vn -0.9058 -0.3721 0.2024
vn 0.9108 0.4001 -0.1020
vn 0.9108 0.4001 -0.1023
vn 0.3735 -0.0596 -0.9257
vn 0.3736 -0.0596 -0.9257
vn -0.2095 0.1468 0.9667
vn 0.0868 0.2825 0.9553
vn -0.4132 0.8826 -0.2242
vn 0.6082 0.0848 -0.7892
vn 0.6084 0.0847 -0.7891
vn 0.6085 0.0846 -0.7890
vn 0.2137 -0.9753 0.0566
vn 0.2137 -0.9753 0.0564
vn 0.2136 -0.9753 0.0569
vn -0.7912 -0.2263 0.5681
vn -0.9092 -0.3877 0.1515
vn -0.6079 -0.0838 0.7895
vn 0.2135 -0.9753 0.0570
vn 0.0169 -0.2378 -0.9712
vn 0.6069 0.0853 -0.7902
vn 0.6035 0.0785 -0.7935
vn 0.6069 0.0846 -0.7903
vn 0.3607 -0.0672 -0.9302
vn -0.0449 -0.2647 -0.9633
vn 0.6079 0.0844 -0.7895
vn -0.0448 -0.2647 -0.9633
vn -0.6084 -0.0847 0.7891
vn -0.6082 -0.0848 0.7892
vn -0.6085 -0.0846 0.7890
vn -0.2021 0.9782 -0.0471
vn -0.2023 0.9782 -0.0471
vn -0.2018 0.9783 -0.0473
vn -0.2017 0.9783 -0.0473
vn -0.1718 0.9849 -0.0231
vn -0.7687 -0.1468 -0.6225
vn -0.9792 -0.1647 0.1184
vn -0.6077 -0.0847 0.7896
vn -0.6079 -0.0847 0.7895
vn 0.5958 -0.7025 0.3892
vn 0.5986 -0.6992 0.3909
vn -0.0461 -0.2664 -0.9627
vn 0.4129 -0.8828 0.2239
vn -0.9098 -0.3874 0.1487
vn -0.9098 -0.3873 0.1488
vn -0.4118 0.8835 -0.2230
vn 0.6054 0.0800 -0.7919
vn 0.0357 0.2432 0.9693
vn 0.0256 0.2390 0.9707
vn 0.9163 0.3572 -0.1814
vn 0.4757 -0.8336 0.2806
vn 0.6894 0.4446 0.5719
vn 0.7103 -0.5022 0.4932
vn -0.6840 -0.4565 -0.5689
vn 0.6060 0.0786 -0.7916
vn 0.9153 0.3545 -0.1911
vn -0.1227 0.9924 0.0054
vn 0.6873 0.4494 0.5707
vn -0.3268 0.9320 -0.1569
vn -0.6060 -0.0786 0.7916
vn -0.5710 -0.4360 -0.6956
vn -0.7328 -0.5054 0.4556
vn -0.7110 0.2412 -0.6606
vn -0.7755 -0.1306 -0.6177
vn 0.5970 -0.6955 -0.3999
vn -0.8985 -0.4102 -0.1563
vn -0.9881 0.1400 -0.0632
vn -0.9739 0.0458 -0.2224
vn -0.9703 0.0742 -0.2302
vn -0.9546 0.1513 -0.2567
vn -0.2394 0.4737 0.8475
vn -0.7138 0.4443 0.5414
vn -0.7028 0.5858 0.4035
vn -0.6341 0.6846 0.3594
vn -0.6272 0.6189 0.4729
vn -0.6373 0.1688 0.7519
vn 0.9684 -0.2294 -0.0981
vn 0.9738 -0.2012 -0.1058
vn 0.9641 -0.2471 -0.0975
vn 0.9296 -0.3601 -0.0785
vn -0.7144 -0.5703 -0.4054
vn 0.7800 -0.3510 -0.5181
vn 0.5104 -0.5892 -0.6264
vn 0.8267 0.0234 -0.5622
vn 0.5015 -0.6803 0.5345
vn 0.5600 -0.0008 0.8285
vn 0.7097 0.4295 0.5585
vn 0.7487 0.4887 0.4479
vn 0.7813 0.3756 0.4985
vn 0.9835 -0.1232 -0.1327
vn 0.7354 0.2341 0.6359
vn 0.7675 0.3019 0.5656
vn 0.9368 0.2168 0.2745
vn 0.0729 0.0649 -0.9952
vn -0.0860 -0.8165 -0.5709
vn -0.0297 -0.5779 -0.8155
vn -0.0194 -0.5219 -0.8528
vn 0.0104 -0.3497 -0.9368
vn -0.8986 0.2331 -0.3717
vn -0.9281 -0.0797 -0.3636
vn -0.4640 0.8826 0.0749
vn -0.5042 0.1842 -0.8437
vn -0.6368 -0.0226 0.7707
vn -0.6770 -0.7210 -0.1479
vn 0.6368 0.0226 -0.7707
vn 0.6770 0.7210 0.1479
vn 0.4640 -0.8826 -0.0749
vn 0.5042 -0.1842 0.8437
vn -0.0318 -0.6087 -0.7927
vn 0.1520 0.7871 -0.5978
vn 0.9863 -0.1474 0.0735
vn -0.9894 0.1315 -0.0615
vn 0.0287 0.5929 0.8048
vn -0.1520 -0.7871 0.5978
vn -0.0303 -0.6009 -0.7988
vn 0.9879 -0.1395 0.0675
vn -0.9879 0.1395 -0.0675
vn 0.0303 0.6009 0.7988
vn 0.8051 -0.0989 -0.5849
vn 0.6508 0.4956 -0.5752
vn 0.4346 0.8860 -0.1614
vn 0.4432 0.8817 -0.1616
vn -0.0378 0.9724 0.2302
vn -0.3888 0.1074 0.9150
vn -0.2962 0.6580 0.6923
vn -0.5232 0.1057 0.8456
vn -0.3359 -0.4822 0.8091
vn -0.1364 -0.8987 0.4167
vn 0.3186 -0.9477 0.0181
vn 0.3192 -0.9471 0.0341
vn 0.2291 -0.9705 -0.0751
vn 0.7693 0.0206 0.6385
vn -0.8225 0.0611 -0.5655
vn 0.7340 0.0670 0.6759
vn -0.4168 -0.7412 0.5262
vn 0.0732 -0.9957 -0.0561
vn 0.0619 -0.9972 -0.0425
vn 0.4841 -0.6709 -0.5617
vn 0.4168 0.7412 -0.5262
vn -0.4841 0.6709 0.5617
vn -0.7693 -0.0206 -0.6385
vn 0.4366 -0.0988 -0.8942
vn 0.4297 0.4923 -0.7570
vn 0.5496 -0.1087 -0.8283
vn 0.2894 0.4733 -0.8320
vn -0.2506 0.9667 0.0522
vn -0.3608 0.9315 -0.0453
vn -0.7368 0.1011 0.6685
vn -0.8329 0.0995 0.5444
vn -0.3548 -0.9057 0.2319
vn -0.4602 -0.8798 0.1191
vn 0.0568 -0.9755 -0.2126
vn -0.0431 -0.9625 -0.2680
vn 0.6827 -0.0997 -0.7238
vn 0.7939 -0.0780 -0.6031
vn 0.7191 -0.0998 -0.6876
vn 0.7513 0.4764 -0.4568
vn 0.0818 0.9415 0.3270
vn -0.0087 -0.8623 0.5064
# 1826 vertex normals

vt 0.7213 0.5292 0.0000
vt 0.7213 0.5477 0.0000
vt 0.7462 0.5292 0.0000
vt 0.5628 0.8922 0.0000
vt 0.5546 0.8996 0.0000
vt 0.5620 0.8905 0.0000
vt 0.5546 0.8972 0.0000
vt 0.5661 0.8743 0.0000
vt 0.5650 0.8743 0.0000
vt 0.5628 0.8564 0.0000
vt 0.5620 0.8581 0.0000
vt 0.5546 0.8490 0.0000
vt 0.5546 0.8514 0.0000
vt 0.5464 0.8564 0.0000
vt 0.5472 0.8581 0.0000
vt 0.7213 0.5106 0.0000
vt 0.7481 0.5106 0.0000
vt 0.7213 0.5029 0.0000
vt 0.7488 0.5029 0.0000
vt 0.7441 0.5477 0.0000
vt 0.6927 0.5312 0.0000
vt 0.6927 0.5191 0.0000
vt 0.7100 0.5312 0.0000
vt 0.7100 0.5191 0.0000
vt 0.6927 0.5432 0.0000
vt 0.7100 0.5432 0.0000
vt 0.6927 0.5483 0.0000
vt 0.7100 0.5483 0.0000
vt 0.6926 0.5312 0.0000
vt 0.6926 0.5167 0.0000
vt 0.6809 0.5312 0.0000
vt 0.6809 0.5107 0.0000
vt 0.6809 0.5167 0.0000
vt 0.6926 0.5107 0.0000
vt 0.6809 0.5456 0.0000
vt 0.6926 0.5456 0.0000
vt 0.6809 0.5516 0.0000
vt 0.6926 0.5516 0.0000
vt 0.6705 0.5762 0.0000
vt 0.6705 0.6041 0.0000
vt 0.6832 0.6041 0.0000
vt 0.6832 0.5762 0.0000
vt 0.6858 0.5902 0.0000
vt 0.6768 0.5705 0.0000
vt 0.6678 0.5902 0.0000
vt 0.6734 0.5470 0.0000
vt 0.6708 0.5523 0.0000
vt 0.6689 0.5507 0.0000
vt 0.6682 0.5470 0.0000
vt 0.6726 0.5432 0.0000
vt 0.6689 0.5432 0.0000
vt 0.6708 0.5416 0.0000
vt 0.6726 0.5507 0.0000
vt 0.6927 0.5141 0.0000
vt 0.7100 0.5141 0.0000
vt 0.5477 0.8895 0.0000
vt 0.5546 0.8958 0.0000
vt 0.5472 0.8905 0.0000
vt 0.6768 0.6099 0.0000
vt 0.5464 0.8922 0.0000
vt 0.5430 0.8743 0.0000
vt 0.5442 0.8743 0.0000
vt 0.7100 0.5167 0.0000
vt 0.7100 0.5107 0.0000
vt 0.7217 0.5167 0.0000
vt 0.7217 0.5107 0.0000
vt 0.7217 0.5312 0.0000
vt 0.7100 0.5456 0.0000
vt 0.7217 0.5456 0.0000
vt 0.7100 0.5516 0.0000
vt 0.7217 0.5516 0.0000
vt 0.7213 0.5554 0.0000
vt 0.7432 0.5554 0.0000
vt 0.5448 0.8743 0.0000
vt 0.5477 0.8591 0.0000
vt 0.5546 0.8528 0.0000
vt 0.5615 0.8591 0.0000
vt 0.5644 0.8743 0.0000
vt 0.5615 0.8895 0.0000
vt 0.6684 0.5513 0.0000
vt 0.6708 0.5533 0.0000
vt 0.6732 0.5513 0.0000
vt 0.6684 0.5416 0.0000
vt 0.6732 0.5416 0.0000
vt 0.6742 0.5464 0.0000
vt 0.6708 0.5395 0.0000
vt 0.6674 0.5464 0.0000
vt 0.0368 0.2610 0.0000
vt 0.0332 0.2667 0.0000
vt 0.0340 0.2607 0.0000
vt 0.0368 0.2667 0.0000
vt 0.0818 0.2605 0.0000
vt 0.0640 0.2642 0.0000
vt 0.0806 0.2716 0.0000
vt 0.0044 0.2884 0.0000
vt 0.0056 0.3203 0.0000
vt 0.0021 0.2884 0.0000
vt 0.0036 0.3178 0.0000
vt 0.0265 0.2840 0.0000
vt 0.0307 0.3265 0.0000
vt 0.0217 0.3271 0.0000
vt 0.0724 0.2908 0.0000
vt 0.0535 0.2881 0.0000
vt 0.0574 0.3200 0.0000
vt 0.0730 0.3167 0.0000
vt 0.0717 0.2781 0.0000
vt 0.0603 0.2705 0.0000
vt 0.0588 0.2687 0.0000
vt 0.0531 0.2744 0.0000
vt 0.0214 0.2822 0.0000
vt 0.0210 0.2657 0.0000
vt 0.0209 0.2755 0.0000
vt 0.0203 0.2657 0.0000
vt 0.0032 0.2757 0.0000
vt 0.0188 0.2514 0.0000
vt 0.0025 0.2598 0.0000
vt 0.0481 0.2881 0.0000
vt 0.0467 0.3223 0.0000
vt 0.0525 0.3215 0.0000
vt 0.0423 0.2887 0.0000
vt 0.0427 0.3222 0.0000
vt 0.0377 0.2898 0.0000
vt 0.0018 0.2780 0.0000
vt 0.0012 0.2621 0.0000
vt 0.0636 0.2556 0.0000
vt 0.0354 0.2894 0.0000
vt 0.0302 0.2861 0.0000
vt 0.0296 0.2752 0.0000
vt 0.0273 0.2793 0.0000
vt 0.0804 0.3028 0.0000
vt 0.0034 0.3253 0.0000
vt 0.0115 0.3284 0.0000
vt 0.0754 0.3211 0.0000
vt 0.0565 0.2593 0.0000
vt 0.0258 0.2629 0.0000
vt 0.0264 0.2518 0.0000
vt 0.0274 0.2647 0.0000
vt 0.0247 0.2517 0.0000
vt 0.0218 0.2640 0.0000
vt 0.0213 0.2524 0.0000
vt 0.0208 0.2561 0.0000
vt 0.0468 0.2763 0.0000
vt 0.0424 0.2871 0.0000
vt 0.0468 0.2872 0.0000
vt 0.0418 0.2772 0.0000
vt 0.0380 0.2874 0.0000
vt 0.0375 0.2779 0.0000
vt 0.0198 0.2526 0.0000
vt 0.0569 0.2520 0.0000
vt 0.0519 0.2571 0.0000
vt 0.0530 0.2496 0.0000
vt 0.0318 0.2754 0.0000
vt 0.0364 0.2752 0.0000
vt 0.0309 0.2687 0.0000
vt 0.0316 0.2647 0.0000
vt 0.0527 0.2663 0.0000
vt 0.3767 0.4121 0.0000
vt 0.3761 0.3875 0.0000
vt 0.3818 0.3938 0.0000
vt 0.3944 0.3957 0.0000
vt 0.3836 0.3875 0.0000
vt 0.4687 0.3000 0.0000
vt 0.4715 0.2742 0.0000
vt 0.4758 0.2953 0.0000
vt 0.4690 0.2804 0.0000
vt 0.3813 0.2752 0.0000
vt 0.3771 0.2987 0.0000
vt 0.3813 0.3012 0.0000
vt 0.3772 0.2761 0.0000
vt 0.3823 0.2577 0.0000
vt 0.3765 0.2515 0.0000
vt 0.3949 0.2596 0.0000
vt 0.3841 0.2514 0.0000
vt 0.4759 0.2738 0.0000
vt 0.4553 0.2804 0.0000
vt 0.4556 0.3000 0.0000
vt 0.4235 0.4279 0.0000
vt 0.3817 0.4549 0.0000
vt 0.3817 0.4279 0.0000
vt 0.4234 0.4549 0.0000
vt 0.4284 0.4579 0.0000
vt 0.4026 0.4605 0.0000
vt 0.4227 0.3987 0.0000
vt 0.4599 0.3213 0.0000
vt 0.4643 0.3213 0.0000
vt 0.4634 0.3296 0.0000
vt 0.4396 0.2915 0.0000
vt 0.4422 0.2814 0.0000
vt 0.4481 0.2953 0.0000
vt 0.4347 0.2710 0.0000
vt 0.4296 0.2989 0.0000
vt 0.4216 0.2680 0.0000
vt 0.4170 0.2660 0.0000
vt 0.4235 0.2525 0.0000
vt 0.4426 0.2705 0.0000
vt 0.4356 0.2638 0.0000
vt 0.4476 0.2732 0.0000
vt 0.4574 0.3194 0.0000
vt 0.4555 0.4416 0.0000
vt 0.4411 0.4377 0.0000
vt 0.4429 0.4581 0.0000
vt 0.4587 0.3341 0.0000
vt 0.4528 0.2742 0.0000
vt 0.4669 0.3194 0.0000
vt 0.4653 0.3347 0.0000
vt 0.3942 0.2655 0.0000
vt 0.3921 0.2747 0.0000
vt 0.3901 0.2715 0.0000
vt 0.3768 0.4579 0.0000
vt 0.3808 0.4113 0.0000
vt 0.3808 0.4373 0.0000
vt 0.3766 0.4348 0.0000
vt 0.0733 0.2768 0.0000
vt 0.0821 0.3014 0.0000
vt 0.0740 0.2895 0.0000
vt 0.0124 0.3267 0.0000
vt 0.0052 0.2871 0.0000
vt 0.0064 0.3186 0.0000
vt 0.0224 0.2810 0.0000
vt 0.0227 0.3254 0.0000
vt 0.0276 0.2827 0.0000
vt 0.0533 0.2561 0.0000
vt 0.0583 0.2511 0.0000
vt 0.0579 0.2583 0.0000
vt 0.0550 0.2470 0.0000
vt 0.0380 0.2656 0.0000
vt 0.0330 0.2742 0.0000
vt 0.0376 0.2740 0.0000
vt 0.0344 0.2656 0.0000
vt 0.0320 0.2676 0.0000
vt 0.0328 0.2636 0.0000
vt 0.0541 0.2652 0.0000
vt 0.0602 0.2676 0.0000
vt 0.0655 0.2631 0.0000
vt 0.0651 0.2546 0.0000
vt 0.0313 0.2848 0.0000
vt 0.0366 0.2881 0.0000
vt 0.0307 0.2740 0.0000
vt 0.0618 0.2693 0.0000
vt 0.0274 0.2508 0.0000
vt 0.0268 0.2618 0.0000
vt 0.0285 0.2636 0.0000
vt 0.3824 0.3987 0.0000
vt 0.4608 0.3296 0.0000
vt 0.0318 0.3248 0.0000
vt 0.0823 0.2704 0.0000
vt 0.0042 0.3237 0.0000
vt 0.0770 0.3194 0.0000
vt 0.0836 0.2595 0.0000
vt 0.0044 0.3162 0.0000
vt 0.0746 0.3151 0.0000
vt 0.4154 0.3049 0.0000
vt 0.4164 0.3619 0.0000
vt 0.4048 0.3483 0.0000
vt 0.4126 0.3801 0.0000
vt 0.4007 0.3584 0.0000
vt 0.3923 0.2809 0.0000
vt 0.3942 0.3395 0.0000
vt 0.3812 0.3339 0.0000
vt 0.3818 0.3474 0.0000
vt 0.4332 0.4563 0.0000
vt 0.4407 0.4346 0.0000
vt 0.4200 0.4647 0.0000
vt 0.4288 0.4628 0.0000
vt 0.4281 0.4961 0.0000
vt 0.4189 0.4960 0.0000
vt 0.4504 0.4727 0.0000
vt 0.4399 0.4960 0.0000
vt 0.4375 0.4669 0.0000
vt 0.4670 0.4959 0.0000
vt 0.4720 0.4817 0.0000
vt 0.4974 0.4443 0.0000
vt 0.4881 0.4536 0.0000
vt 0.4870 0.4398 0.0000
vt 0.4954 0.4807 0.0000
vt 0.4825 0.4725 0.0000
vt 0.4829 0.4799 0.0000
vt 0.4751 0.4796 0.0000
vt 0.4754 0.4960 0.0000
vt 0.4829 0.4963 0.0000
vt 0.4060 0.4667 0.0000
vt 0.4429 0.4074 0.0000
vt 0.4341 0.4344 0.0000
vt 0.4985 0.4300 0.0000
vt 0.4984 0.4132 0.0000
vt 0.4531 0.4355 0.0000
vt 0.4731 0.4572 0.0000
vt 0.4749 0.4400 0.0000
vt 0.4524 0.4960 0.0000
vt 0.4022 0.2916 0.0000
vt 0.4241 0.3946 0.0000
vt 0.4264 0.3796 0.0000
vt 0.4378 0.3868 0.0000
vt 0.4573 0.4101 0.0000
vt 0.3919 0.3520 0.0000
vt 0.4485 0.3859 0.0000
vt 0.4899 0.4812 0.0000
vt 0.4918 0.4963 0.0000
vt 0.4144 0.2850 0.0000
vt 0.4070 0.2832 0.0000
vt 0.3962 0.2761 0.0000
vt 0.0544 0.2733 0.0000
vt 0.0481 0.2859 0.0000
vt 0.0481 0.2751 0.0000
vt 0.3846 0.4932 0.0000
vt 0.3794 0.4713 0.0000
vt 0.3781 0.4897 0.0000
vt 0.3761 0.4786 0.0000
vt 0.3852 0.4670 0.0000
vt 0.4018 0.4911 0.0000
vt 0.4053 0.4826 0.0000
vt 0.4027 0.4722 0.0000
vt 0.3943 0.4920 0.0000
vt 0.3945 0.4698 0.0000
vt 0.4059 0.4959 0.0000
vt 0.4355 0.4011 0.0000
vt 0.0514 0.0871 0.0000
vt 0.0580 0.0783 0.0000
vt 0.0447 0.0783 0.0000
vt 0.0550 0.0657 0.0000
vt 0.0477 0.0657 0.0000
vt 0.0040 0.2745 0.0000
vt 0.0197 0.2505 0.0000
vt 0.0032 0.2588 0.0000
vt 0.0480 0.3206 0.0000
vt 0.0494 0.2868 0.0000
vt 0.0539 0.3198 0.0000
vt 0.0436 0.2873 0.0000
vt 0.0212 0.2646 0.0000
vt 0.4566 0.4107 0.0000
vt 0.0440 0.3206 0.0000
vt 0.0389 0.2884 0.0000
vt 0.0026 0.2767 0.0000
vt 0.0019 0.2611 0.0000
vt 0.0028 0.2871 0.0000
vt 0.0283 0.2780 0.0000
vt 0.0379 0.2599 0.0000
vt 0.0351 0.2596 0.0000
vt 0.0257 0.2507 0.0000
vt 0.0228 0.2629 0.0000
vt 0.0223 0.2514 0.0000
vt 0.0218 0.2551 0.0000
vt 0.0220 0.2646 0.0000
vt 0.0436 0.2858 0.0000
vt 0.0431 0.2760 0.0000
vt 0.0219 0.2743 0.0000
vt 0.0549 0.2868 0.0000
vt 0.0392 0.2861 0.0000
vt 0.0387 0.2767 0.0000
vt 0.0208 0.2516 0.0000
vt 0.0589 0.3184 0.0000
vt 0.4543 0.4612 0.0000
vt 0.4589 0.3533 0.0000
vt 0.4620 0.3647 0.0000
vt 0.4618 0.3535 0.0000
vt 0.4677 0.3652 0.0000
vt 0.4677 0.3536 0.0000
vt 0.4620 0.3420 0.0000
vt 0.4677 0.3418 0.0000
vt 0.4733 0.3420 0.0000
vt 0.4677 0.3358 0.0000
vt 0.4735 0.3535 0.0000
vt 0.4764 0.3533 0.0000
vt 0.4333 0.4075 0.0000
vt 0.4962 0.3247 0.0000
vt 0.4962 0.2895 0.0000
vt 0.4941 0.3245 0.0000
vt 0.4941 0.3572 0.0000
vt 0.4809 0.3576 0.0000
vt 0.4809 0.3643 0.0000
vt 0.4779 0.3245 0.0000
vt 0.4779 0.3575 0.0000
vt 0.4809 0.3245 0.0000
vt 0.4809 0.2899 0.0000
vt 0.4779 0.2908 0.0000
vt 0.4809 0.2592 0.0000
vt 0.4779 0.2591 0.0000
vt 0.4755 0.3810 0.0000
vt 0.4552 0.3862 0.0000
vt 0.4589 0.3681 0.0000
vt 0.4978 0.3887 0.0000
vt 0.4871 0.3821 0.0000
vt 0.4733 0.3647 0.0000
vt 0.4677 0.3708 0.0000
vt 0.4367 0.0861 0.0000
vt 0.3981 0.1215 0.0000
vt 0.3953 0.0861 0.0000
vt 0.4339 0.1215 0.0000
vt 0.3758 0.0932 0.0000
vt 0.3908 0.1246 0.0000
vt 0.3807 0.1211 0.0000
vt 0.3954 0.0916 0.0000
vt 0.3964 0.0649 0.0000
vt 0.4356 0.0649 0.0000
vt 0.3951 0.0749 0.0000
vt 0.3760 0.0650 0.0000
vt 0.3951 0.0650 0.0000
vt 0.3760 0.0749 0.0000
vt 0.4339 0.1245 0.0000
vt 0.3981 0.1245 0.0000
vt 0.3822 0.0766 0.0000
vt 0.4546 0.4606 0.0000
vt 0.3974 0.3884 0.0000
vt 0.3848 0.3757 0.0000
vt 0.4069 0.3965 0.0000
vt 0.4809 0.2516 0.0000
vt 0.4941 0.2513 0.0000
vt 0.4941 0.2592 0.0000
vt 0.4941 0.3641 0.0000
vt 0.4941 0.2896 0.0000
vt 0.4962 0.3570 0.0000
vt 0.4962 0.2598 0.0000
vt 0.4962 0.3674 0.0000
vt 0.4452 0.3968 0.0000
vt 0.3764 0.3613 0.0000
vt 0.4555 0.4379 0.0000
vt 0.0935 0.3170 0.0000
vt 0.0754 0.3591 0.0000
vt 0.0732 0.3240 0.0000
vt 0.1095 0.3175 0.0000
vt 0.1231 0.3252 0.0000
vt 0.1246 0.3660 0.0000
vt 0.1094 0.3610 0.0000
vt 0.0247 0.3274 0.0000
vt 0.0442 0.3267 0.0000
vt 0.0454 0.3579 0.0000
vt 0.0262 0.3637 0.0000
vt 0.0591 0.3266 0.0000
vt 0.0612 0.3568 0.0000
vt 0.2202 0.3436 0.0000
vt 0.2140 0.3055 0.0000
vt 0.2108 0.3436 0.0000
vt 0.2202 0.3055 0.0000
vt 0.2439 0.4931 0.0000
vt 0.2331 0.3899 0.0000
vt 0.2439 0.3899 0.0000
vt 0.2330 0.4927 0.0000
vt 0.2271 0.3898 0.0000
vt 0.2271 0.4927 0.0000
vt 0.2484 0.3898 0.0000
vt 0.2484 0.4934 0.0000
vt 0.2289 0.0987 0.0000
vt 0.2025 0.0786 0.0000
vt 0.2109 0.0093 0.0000
vt 0.1803 0.0183 0.0000
vt 0.1893 0.0035 0.0000
vt 0.1889 0.0223 0.0000
vt 0.0947 0.3144 0.0000
vt 0.0928 0.2804 0.0000
vt 0.0882 0.2814 0.0000
vt 0.1097 0.4097 0.0000
vt 0.1107 0.3853 0.0000
vt 0.1246 0.4002 0.0000
vt 0.0956 0.4057 0.0000
vt 0.0939 0.3842 0.0000
vt 0.1235 0.2782 0.0000
vt 0.1173 0.2791 0.0000
vt 0.1172 0.3159 0.0000
vt 0.1133 0.2538 0.0000
vt 0.1123 0.2608 0.0000
vt 0.0941 0.3628 0.0000
vt 0.0760 0.3940 0.0000
vt 0.0276 0.4041 0.0000
vt 0.0450 0.3837 0.0000
vt 0.0638 0.3791 0.0000
vt 0.1599 0.1423 0.0000
vt 0.1589 0.1739 0.0000
vt 0.1514 0.1739 0.0000
vt 0.1534 0.1392 0.0000
vt 0.1499 0.1739 0.0000
vt 0.1619 0.1292 0.0000
vt 0.1626 0.4902 0.0000
vt 0.1549 0.4763 0.0000
vt 0.1549 0.4903 0.0000
vt 0.1626 0.4762 0.0000
vt 0.1483 0.4903 0.0000
vt 0.1483 0.4763 0.0000
vt 0.1707 0.4763 0.0000
vt 0.1708 0.4903 0.0000
vt 0.2422 0.2797 0.0000
vt 0.2481 0.2851 0.0000
vt 0.2440 0.2848 0.0000
vt 0.2498 0.2797 0.0000
vt 0.2409 0.2810 0.0000
vt 0.2397 0.2824 0.0000
vt 0.2409 0.2430 0.0000
vt 0.2397 0.2417 0.0000
vt 0.2422 0.2428 0.0000
vt 0.1557 0.4577 0.0000
vt 0.1635 0.4248 0.0000
vt 0.1712 0.4577 0.0000
vt 0.1984 0.1196 0.0000
vt 0.1859 0.0844 0.0000
vt 0.1998 0.0723 0.0000
vt 0.2005 0.0288 0.0000
vt 0.1971 0.0072 0.0000
vt 0.1560 0.0844 0.0000
vt 0.1846 0.0420 0.0000
vt 0.1578 0.0420 0.0000
vt 0.2288 0.1820 0.0000
vt 0.2112 0.2702 0.0000
vt 0.2025 0.2010 0.0000
vt 0.1434 0.1197 0.0000
vt 0.1420 0.0723 0.0000
vt 0.1534 0.0223 0.0000
vt 0.1621 0.0183 0.0000
vt 0.2005 0.2512 0.0000
vt 0.1974 0.2723 0.0000
vt 0.1745 0.2016 0.0000
vt 0.1599 0.2055 0.0000
vt 0.1731 0.1739 0.0000
vt 0.1780 0.1739 0.0000
vt 0.1619 0.2185 0.0000
vt 0.1534 0.2085 0.0000
vt 0.1745 0.1461 0.0000
vt 0.1115 0.3065 0.0000
vt 0.0144 0.3276 0.0000
vt 0.0127 0.3609 0.0000
vt 0.0225 0.3381 0.0000
vt 0.0218 0.3531 0.0000
vt 0.0058 0.3506 0.0000
vt 0.0066 0.3355 0.0000
vt 0.0447 0.3821 0.0000
vt 0.0449 0.3942 0.0000
vt 0.0303 0.3889 0.0000
vt 0.0594 0.3785 0.0000
vt 0.0894 0.3767 0.0000
vt 0.0731 0.3925 0.0000
vt 0.0729 0.3763 0.0000
vt 0.0453 0.3692 0.0000
vt 0.0308 0.3760 0.0000
vt 0.0599 0.3656 0.0000
vt 0.1064 0.3670 0.0000
vt 0.1201 0.3826 0.0000
vt 0.1059 0.3799 0.0000
vt 0.1207 0.3698 0.0000
vt 0.0899 0.3638 0.0000
vt 0.0734 0.3635 0.0000
vt 0.0466 0.3506 0.0000
vt 0.0321 0.3574 0.0000
vt 0.1092 0.3605 0.0000
vt 0.1105 0.3850 0.0000
vt 0.1243 0.3655 0.0000
vt 0.0449 0.3834 0.0000
vt 0.0261 0.3632 0.0000
vt 0.0275 0.4039 0.0000
vt 0.0453 0.3574 0.0000
vt 0.0636 0.3788 0.0000
vt 0.0611 0.3563 0.0000
vt 0.0752 0.3586 0.0000
vt 0.0758 0.3938 0.0000
vt 0.0939 0.3624 0.0000
vt 0.1093 0.3166 0.0000
vt 0.0933 0.3161 0.0000
vt 0.0730 0.3232 0.0000
vt 0.1228 0.3244 0.0000
vt 0.0441 0.3259 0.0000
vt 0.0246 0.3267 0.0000
vt 0.0590 0.3258 0.0000
vt 0.0977 0.3065 0.0000
vt 0.0612 0.3470 0.0000
vt 0.0752 0.3275 0.0000
vt 0.0748 0.3448 0.0000
vt 0.0453 0.4403 0.0000
vt 0.0603 0.4366 0.0000
vt 0.0642 0.4950 0.0000
vt 0.0495 0.4925 0.0000
vt 0.0292 0.4350 0.0000
vt 0.0311 0.4952 0.0000
vt 0.0993 0.4961 0.0000
vt 0.1108 0.4254 0.0000
vt 0.1174 0.4961 0.0000
vt 0.0926 0.4166 0.0000
vt 0.0879 0.4957 0.0000
vt 0.0738 0.4169 0.0000
vt 0.0769 0.4931 0.0000
vt 0.0455 0.4045 0.0000
vt 0.0621 0.4050 0.0000
vt 0.0946 0.2539 0.0000
vt 0.0968 0.2641 0.0000
vt 0.1077 0.3484 0.0000
vt 0.1220 0.3511 0.0000
vt 0.0912 0.3452 0.0000
vt 0.0470 0.3333 0.0000
vt 0.0335 0.3362 0.0000
vt 0.0617 0.3296 0.0000
vt 0.1123 0.3267 0.0000
vt 0.1221 0.3308 0.0000
vt 0.0917 0.3278 0.0000
vt 0.1988 0.4046 0.0000
vt 0.2212 0.4190 0.0000
vt 0.1989 0.4145 0.0000
vt 0.2217 0.4016 0.0000
vt 0.2212 0.3548 0.0000
vt 0.1976 0.3460 0.0000
vt 0.1273 0.4739 0.0000
vt 0.1357 0.4609 0.0000
vt 0.1292 0.4585 0.0000
vt 0.1376 0.4753 0.0000
vt 0.1960 0.1248 0.0000
vt 0.1809 0.1842 0.0000
vt 0.1780 0.1360 0.0000
vt 0.1958 0.2032 0.0000
vt 0.1395 0.0541 0.0000
vt 0.1375 0.0901 0.0000
vt 0.1427 0.0534 0.0000
vt 0.1275 0.1110 0.0000
vt 0.1819 0.3666 0.0000
vt 0.1816 0.3873 0.0000
vt 0.1845 0.2945 0.0000
vt 0.1796 0.2485 0.0000
vt 0.1959 0.2746 0.0000
vt 0.1757 0.2151 0.0000
vt 0.1359 0.0306 0.0000
vt 0.1379 0.0199 0.0000
vt 0.1635 0.3436 0.0000
vt 0.1249 0.4209 0.0000
vt 0.1824 0.4556 0.0000
vt 0.2034 0.4653 0.0000
vt 0.2035 0.4578 0.0000
vt 0.1834 0.4871 0.0000
vt 0.1771 0.4653 0.0000
vt 0.1777 0.4871 0.0000
vt 0.1830 0.4653 0.0000
vt 0.1773 0.4547 0.0000
vt 0.2419 0.1155 0.0000
vt 0.1635 0.3675 0.0000
vt 0.1779 0.4269 0.0000
vt 0.1283 0.4936 0.0000
vt 0.1367 0.4946 0.0000
vt 0.1861 0.1277 0.0000
vt 0.1558 0.1277 0.0000
vt 0.1712 0.0214 0.0000
vt 0.2372 0.2550 0.0000
vt 0.2397 0.2386 0.0000
vt 0.2291 0.2712 0.0000
vt 0.1531 0.0035 0.0000
vt 0.1833 0.4514 0.0000
vt 0.1991 0.4315 0.0000
vt 0.1986 0.4543 0.0000
vt 0.1837 0.4249 0.0000
vt 0.2117 0.2902 0.0000
vt 0.1976 0.2764 0.0000
vt 0.2115 0.2767 0.0000
vt 0.1976 0.2899 0.0000
vt 0.2112 0.2973 0.0000
vt 0.1983 0.2970 0.0000
vt 0.2156 0.2900 0.0000
vt 0.2157 0.2768 0.0000
vt 0.2251 0.4871 0.0000
vt 0.2036 0.4871 0.0000
vt 0.2253 0.4653 0.0000
vt 0.2258 0.4496 0.0000
vt 0.1635 0.2762 0.0000
vt 0.1635 0.2520 0.0000
vt 0.1635 0.2287 0.0000
vt 0.1275 0.0179 0.0000
vt 0.1275 0.0043 0.0000
vt 0.2418 0.1661 0.0000
vt 0.2444 0.1824 0.0000
vt 0.2208 0.4275 0.0000
vt 0.1425 0.2945 0.0000
vt 0.1297 0.3460 0.0000
vt 0.1311 0.2746 0.0000
vt 0.2398 0.0421 0.0000
vt 0.2374 0.0257 0.0000
vt 0.2292 0.0095 0.0000
vt 0.2452 0.3512 0.0000
vt 0.2229 0.3368 0.0000
vt 0.2229 0.3467 0.0000
vt 0.2458 0.3339 0.0000
vt 0.2452 0.2870 0.0000
vt 0.2217 0.2783 0.0000
vt 0.1489 0.1360 0.0000
vt 0.1460 0.1842 0.0000
vt 0.1310 0.1248 0.0000
vt 0.1312 0.2032 0.0000
vt 0.1284 0.4145 0.0000
vt 0.1451 0.3666 0.0000
vt 0.1454 0.3873 0.0000
vt 0.1285 0.4048 0.0000
vt 0.1482 0.4269 0.0000
vt 0.1488 0.4569 0.0000
vt 0.1728 0.4644 0.0000
vt 0.2445 0.0996 0.0000
vt 0.2498 0.2428 0.0000
vt 0.2481 0.2395 0.0000
vt 0.2440 0.2395 0.0000
vt 0.1730 0.4892 0.0000
vt 0.2232 0.3637 0.0000
vt 0.2448 0.3597 0.0000
vt 0.1281 0.4312 0.0000
vt 0.1424 0.4249 0.0000
vt 0.2088 0.3189 0.0000
vt 0.2006 0.3187 0.0000
vt 0.1980 0.3122 0.0000
vt 0.2227 0.3865 0.0000
vt 0.2494 0.3819 0.0000
vt 0.1429 0.4514 0.0000
vt 0.1285 0.4543 0.0000
vt 0.2115 0.3125 0.0000
vt 0.1474 0.2485 0.0000
vt 0.1513 0.2151 0.0000
vt 0.0444 0.3692 0.0000
vt 0.0586 0.3786 0.0000
vt 0.0592 0.3655 0.0000
vt 0.1201 0.3829 0.0000
vt 0.1062 0.3669 0.0000
vt 0.1057 0.3801 0.0000
vt 0.1207 0.3697 0.0000
vt 0.0895 0.3637 0.0000
vt 0.0890 0.3768 0.0000
vt 0.0723 0.3764 0.0000
vt 0.0729 0.3633 0.0000
vt 0.0298 0.3761 0.0000
vt 0.0457 0.3502 0.0000
vt 0.0311 0.3571 0.0000
vt 0.0605 0.3465 0.0000
vt 0.1076 0.3479 0.0000
vt 0.1220 0.3507 0.0000
vt 0.0909 0.3446 0.0000
vt 0.0742 0.3443 0.0000
vt 0.0461 0.3325 0.0000
vt 0.0324 0.3354 0.0000
vt 0.0088 0.3752 0.0000
vt 0.0093 0.3922 0.0000
vt 0.0133 0.3906 0.0000
vt 0.0133 0.3741 0.0000
vt 0.0069 0.3776 0.0000
vt 0.0133 0.3653 0.0000
vt 0.0083 0.3677 0.0000
vt 0.0133 0.3636 0.0000
vt 0.0945 0.3135 0.0000
vt 0.1113 0.3056 0.0000
vt 0.1170 0.3151 0.0000
vt 0.0975 0.3056 0.0000
vt 0.1171 0.2780 0.0000
vt 0.0224 0.3375 0.0000
vt 0.0126 0.3604 0.0000
vt 0.0143 0.3268 0.0000
vt 0.0217 0.3526 0.0000
vt 0.0066 0.3348 0.0000
vt 0.0058 0.3500 0.0000
vt 0.0292 0.3893 0.0000
vt 0.0440 0.3946 0.0000
vt 0.0438 0.3823 0.0000
vt 0.0725 0.3929 0.0000
vt 0.0767 0.4937 0.0000
vt 0.0602 0.4367 0.0000
vt 0.0640 0.4955 0.0000
vt 0.0453 0.4043 0.0000
vt 0.0954 0.4055 0.0000
vt 0.0936 0.3838 0.0000
vt 0.0619 0.4049 0.0000
vt 0.1130 0.2525 0.0000
vt 0.0966 0.2628 0.0000
vt 0.0943 0.2526 0.0000
vt 0.1121 0.2595 0.0000
vt 0.0880 0.2803 0.0000
vt 0.0926 0.2793 0.0000
vt 0.1243 0.4000 0.0000
vt 0.1095 0.4096 0.0000
vt 0.1233 0.2771 0.0000
vt 0.0610 0.3288 0.0000
vt 0.1122 0.3258 0.0000
vt 0.1221 0.3299 0.0000
vt 0.0913 0.3269 0.0000
vt 0.0747 0.3266 0.0000
vt 0.0452 0.4404 0.0000
vt 0.0494 0.4930 0.0000
vt 0.0310 0.4957 0.0000
vt 0.1171 0.4966 0.0000
vt 0.1246 0.4209 0.0000
vt 0.1105 0.4254 0.0000
vt 0.0990 0.4966 0.0000
vt 0.0924 0.4166 0.0000
vt 0.0877 0.4962 0.0000
vt 0.0737 0.4168 0.0000
vt 0.4667 0.0066 0.0000
vt 0.4666 0.0166 0.0000
vt 0.4575 0.0164 0.0000
vt 0.4576 0.0065 0.0000
vt 0.4445 0.0605 0.0000
vt 0.4611 0.0538 0.0000
vt 0.4445 0.0538 0.0000
vt 0.4611 0.0605 0.0000
vt 0.4445 0.0364 0.0000
vt 0.4611 0.0318 0.0000
vt 0.4445 0.0318 0.0000
vt 0.4611 0.0364 0.0000
vt 0.4445 0.0461 0.0000
vt 0.4611 0.0461 0.0000
vt 0.4622 0.0016 0.0000
vt 0.4678 0.0175 0.0000
vt 0.4666 0.0241 0.0000
vt 0.4388 0.0241 0.0000
vt 0.4403 0.0174 0.0000
vt 0.4670 0.0311 0.0000
vt 0.4378 0.0313 0.0000
vt 0.4680 0.0241 0.0000
vt 0.4392 0.0242 0.0000
vt 0.4558 0.0163 0.0000
vt 0.4542 0.0100 0.0000
vt 0.4388 0.0103 0.0000
vt 0.4375 0.0165 0.0000
vt 0.4380 0.0095 0.0000
vt 0.4545 0.0095 0.0000
vt 0.4393 0.0031 0.0000
vt 0.4530 0.0032 0.0000
vt 0.0178 0.3752 0.0000
vt 0.0173 0.3922 0.0000
vt 0.0133 0.3963 0.0000
vt 0.0197 0.3776 0.0000
vt 0.0182 0.3677 0.0000
vt 0.4637 0.0381 0.0000
vt 0.4662 0.0443 0.0000
vt 0.4394 0.0443 0.0000
vt 0.4419 0.0381 0.0000
vt 0.4680 0.0515 0.0000
vt 0.4377 0.0515 0.0000
vt 0.4654 0.0452 0.0000
vt 0.4402 0.0452 0.0000
vt 0.3011 0.1538 0.0000
vt 0.3123 0.1304 0.0000
vt 0.3012 0.1280 0.0000
vt 0.3111 0.1542 0.0000
vt 0.3212 0.1406 0.0000
vt 0.3201 0.1577 0.0000
vt 0.3303 0.1545 0.0000
vt 0.3269 0.1685 0.0000
vt 0.3011 0.1846 0.0000
vt 0.3112 0.1849 0.0000
vt 0.3200 0.1862 0.0000
vt 0.3267 0.1861 0.0000
vt 0.3012 0.2157 0.0000
vt 0.3113 0.2129 0.0000
vt 0.3209 0.2087 0.0000
vt 0.3283 0.2019 0.0000
vt 0.3467 0.2323 0.0000
vt 0.3485 0.2214 0.0000
vt 0.3712 0.2198 0.0000
vt 0.3456 0.2495 0.0000
vt 0.3732 0.2305 0.0000
vt 0.3420 0.1451 0.0000
vt 0.3705 0.1685 0.0000
vt 0.3430 0.1685 0.0000
vt 0.3454 0.1806 0.0000
vt 0.3619 0.1887 0.0000
vt 0.3504 0.1887 0.0000
vt 0.3731 0.1450 0.0000
vt 0.3674 0.1806 0.0000
vt 0.3419 0.1301 0.0000
vt 0.3561 0.1916 0.0000
vt 0.3740 0.1301 0.0000
vt 0.3658 0.2109 0.0000
vt 0.3536 0.2118 0.0000
vt 0.3597 0.2081 0.0000
vt 0.3748 0.2475 0.0000
vt 0.3408 0.1888 0.0000
vt 0.2911 0.1854 0.0000
vt 0.2823 0.1579 0.0000
vt 0.2821 0.1864 0.0000
vt 0.2911 0.1540 0.0000
vt 0.2737 0.1682 0.0000
vt 0.2728 0.1871 0.0000
vt 0.2909 0.2136 0.0000
vt 0.2804 0.2073 0.0000
vt 0.2709 0.2015 0.0000
vt 0.3012 0.2473 0.0000
vt 0.2894 0.2442 0.0000
vt 0.2774 0.2336 0.0000
vt 0.2671 0.2253 0.0000
vt 0.2615 0.1888 0.0000
vt 0.2575 0.2102 0.0000
vt 0.3129 0.2442 0.0000
vt 0.3249 0.2347 0.0000
vt 0.3353 0.2254 0.0000
vt 0.3448 0.2105 0.0000
vt 0.2720 0.1542 0.0000
vt 0.2900 0.1308 0.0000
vt 0.2813 0.1406 0.0000
vt 0.3129 0.0058 0.0000
vt 0.3022 0.0286 0.0000
vt 0.3022 0.0039 0.0000
vt 0.3119 0.0286 0.0000
vt 0.3216 0.0153 0.0000
vt 0.3207 0.0324 0.0000
vt 0.3304 0.0305 0.0000
vt 0.3275 0.0418 0.0000
vt 0.3012 0.0570 0.0000
vt 0.3119 0.0570 0.0000
vt 0.3197 0.0570 0.0000
vt 0.3275 0.0570 0.0000
vt 0.3022 0.0874 0.0000
vt 0.3119 0.0855 0.0000
vt 0.3207 0.0798 0.0000
vt 0.3284 0.0760 0.0000
vt 0.3488 0.0949 0.0000
vt 0.3471 0.1057 0.0000
vt 0.3713 0.0934 0.0000
vt 0.3460 0.1226 0.0000
vt 0.3733 0.1039 0.0000
vt 0.3706 0.0428 0.0000
vt 0.3424 0.0197 0.0000
vt 0.3434 0.0428 0.0000
vt 0.3621 0.0628 0.0000
vt 0.3458 0.0548 0.0000
vt 0.3507 0.0627 0.0000
vt 0.3731 0.0197 0.0000
vt 0.3676 0.0548 0.0000
vt 0.3423 0.0050 0.0000
vt 0.3563 0.0656 0.0000
vt 0.3741 0.0049 0.0000
vt 0.3539 0.0855 0.0000
vt 0.3659 0.0846 0.0000
vt 0.3599 0.0818 0.0000
vt 0.3748 0.1206 0.0000
vt 0.3421 0.0627 0.0000
vt 0.2837 0.0324 0.0000
vt 0.2915 0.0570 0.0000
vt 0.2827 0.0608 0.0000
vt 0.2915 0.0286 0.0000
vt 0.2749 0.0418 0.0000
vt 0.2740 0.0608 0.0000
vt 0.2915 0.0855 0.0000
vt 0.2817 0.0798 0.0000
vt 0.2720 0.0760 0.0000
vt 0.3022 0.1177 0.0000
vt 0.2905 0.1158 0.0000
vt 0.2779 0.1063 0.0000
vt 0.2672 0.0969 0.0000
vt 0.2623 0.0627 0.0000
vt 0.2584 0.0817 0.0000
vt 0.3129 0.1158 0.0000
vt 0.3255 0.1063 0.0000
vt 0.3353 0.0969 0.0000
vt 0.3450 0.0817 0.0000
vt 0.2730 0.0286 0.0000
vt 0.2905 0.0058 0.0000
vt 0.2817 0.0153 0.0000
vt 0.2032 0.5029 0.0000
vt 0.2021 0.5104 0.0000
vt 0.2033 0.5104 0.0000
vt 0.2033 0.5011 0.0000
vt 0.2130 0.5031 0.0000
vt 0.2129 0.5010 0.0000
vt 0.2131 0.5103 0.0000
vt 0.1463 0.6105 0.0000
vt 0.1570 0.6221 0.0000
vt 0.1530 0.6105 0.0000
vt 0.1419 0.6220 0.0000
vt 0.1621 0.5934 0.0000
vt 0.1553 0.5977 0.0000
vt 0.1502 0.5755 0.0000
vt 0.1500 0.5898 0.0000
vt 0.1377 0.5932 0.0000
vt 0.1444 0.5977 0.0000
vt 0.2343 0.5142 0.0000
vt 0.2384 0.5039 0.0000
vt 0.2376 0.5129 0.0000
vt 0.2377 0.5266 0.0000
vt 0.2342 0.5149 0.0000
vt 0.2378 0.5129 0.0000
vt 0.2448 0.5267 0.0000
vt 0.2451 0.5128 0.0000
vt 0.2445 0.5039 0.0000
vt 0.2451 0.5127 0.0000
vt 0.2489 0.5141 0.0000
vt 0.2489 0.5155 0.0000
vt 0.2013 0.5275 0.0000
vt 0.1766 0.5143 0.0000
vt 0.2052 0.5114 0.0000
vt 0.1359 0.6219 0.0000
vt 0.1272 0.6011 0.0000
vt 0.1272 0.6213 0.0000
vt 0.2252 0.5790 0.0000
vt 0.2261 0.5677 0.0000
vt 0.2288 0.5796 0.0000
vt 0.2233 0.5851 0.0000
vt 0.2307 0.6014 0.0000
vt 0.2263 0.5947 0.0000
vt 0.2260 0.5954 0.0000
vt 0.2259 0.5999 0.0000
vt 0.2309 0.6137 0.0000
vt 0.2233 0.6135 0.0000
vt 0.1423 0.5042 0.0000
vt 0.1521 0.5041 0.0000
vt 0.1512 0.5372 0.0000
vt 0.1520 0.5025 0.0000
vt 0.1664 0.5039 0.0000
vt 0.1273 0.5024 0.0000
vt 0.1664 0.5022 0.0000
vt 0.1915 0.5951 0.0000
vt 0.1746 0.5950 0.0000
vt 0.1789 0.6153 0.0000
vt 0.1639 0.6109 0.0000
vt 0.1424 0.5372 0.0000
vt 0.1271 0.5427 0.0000
vt 0.1271 0.5372 0.0000
vt 0.1404 0.5426 0.0000
vt 0.1529 0.5426 0.0000
vt 0.1616 0.5372 0.0000
vt 0.1609 0.5427 0.0000
vt 0.2074 0.5497 0.0000
vt 0.2136 0.5307 0.0000
vt 0.2172 0.5573 0.0000
vt 0.2233 0.5340 0.0000
vt 0.2234 0.5605 0.0000
vt 0.2146 0.5030 0.0000
vt 0.2233 0.5185 0.0000
vt 0.2233 0.5023 0.0000
vt 0.2021 0.5029 0.0000
vt 0.1352 0.5450 0.0000
vt 0.1272 0.5648 0.0000
vt 0.1372 0.5717 0.0000
vt 0.1754 0.5584 0.0000
vt 0.1705 0.5584 0.0000
vt 0.1731 0.5332 0.0000
vt 0.1855 0.5398 0.0000
vt 0.1813 0.5584 0.0000
vt 0.1990 0.5428 0.0000
vt 0.1951 0.5588 0.0000
vt 0.1272 0.5788 0.0000
vt 0.1364 0.5920 0.0000
vt 0.2418 0.6150 0.0000
vt 0.2236 0.6205 0.0000
vt 0.2474 0.6025 0.0000
vt 0.1829 0.6213 0.0000
vt 0.2048 0.6150 0.0000
vt 0.1271 0.5042 0.0000
vt 0.1972 0.6025 0.0000
vt 0.2000 0.5797 0.0000
vt 0.1644 0.5949 0.0000
vt 0.2456 0.5428 0.0000
vt 0.2491 0.5588 0.0000
vt 0.2412 0.5583 0.0000
vt 0.2376 0.5512 0.0000
vt 0.2352 0.5609 0.0000
vt 0.2293 0.5573 0.0000
vt 0.2319 0.5589 0.0000
vt 0.2235 0.5638 0.0000
vt 0.2270 0.5626 0.0000
vt 0.2231 0.5784 0.0000
vt 0.2308 0.5648 0.0000
vt 0.2336 0.5731 0.0000
vt 0.1617 0.5723 0.0000
vt 0.1513 0.5653 0.0000
vt 0.1537 0.5766 0.0000
vt 0.1445 0.5691 0.0000
vt 0.2372 0.5885 0.0000
vt 0.2412 0.5666 0.0000
vt 0.2451 0.5797 0.0000
vt 0.1272 0.5447 0.0000
vt 0.2205 0.5999 0.0000
vt 0.2159 0.6137 0.0000
vt 0.1668 0.5379 0.0000
vt 0.1735 0.5054 0.0000
vt 0.1856 0.5951 0.0000
vt 0.2209 0.5954 0.0000
vt 0.2178 0.5796 0.0000
vt 0.2206 0.5947 0.0000
vt 0.2211 0.5790 0.0000
vt 0.2161 0.5647 0.0000
vt 0.2202 0.5627 0.0000
vt 0.2209 0.5677 0.0000
vt 0.2127 0.5731 0.0000
vt 0.1642 0.5936 0.0000
vt 0.1823 0.5743 0.0000
vt 0.1816 0.5936 0.0000
vt 0.1621 0.5743 0.0000
vt 0.1388 0.5640 0.0000
vt 0.1536 0.5446 0.0000
vt 0.1536 0.5640 0.0000
vt 0.1364 0.5446 0.0000
vt 0.1708 0.5446 0.0000
vt 0.1684 0.5640 0.0000
vt 0.1444 0.5640 0.0000
vt 0.1641 0.5446 0.0000
vt 0.1626 0.5640 0.0000
vt 0.1429 0.5446 0.0000
vt 0.1848 0.5633 0.0000
vt 0.1925 0.5541 0.0000
vt 0.2159 0.6014 0.0000
vt 0.2045 0.5583 0.0000
vt 0.2114 0.5611 0.0000
vt 0.2148 0.5592 0.0000
vt 0.2092 0.5885 0.0000
vt 0.2043 0.5666 0.0000
vt 0.2434 0.5275 0.0000
vt 0.2331 0.5307 0.0000
vt 0.2320 0.5030 0.0000
vt 0.3943 0.0191 0.0000
vt 0.3818 0.0596 0.0000
vt 0.3943 0.0596 0.0000
vt 0.4222 0.0191 0.0000
vt 0.4222 0.0596 0.0000
vt 0.4277 0.0322 0.0000
vt 0.4316 0.0362 0.0000
vt 0.4239 0.0362 0.0000
vt 0.4277 0.0479 0.0000
vt 0.4316 0.0440 0.0000
vt 0.4239 0.0440 0.0000
vt 0.3981 0.0022 0.0000
vt 0.4045 0.0196 0.0000
vt 0.4045 0.0022 0.0000
vt 0.3981 0.0196 0.0000
vt 0.4123 0.0196 0.0000
vt 0.4123 0.0022 0.0000
vt 0.4187 0.0196 0.0000
vt 0.4187 0.0022 0.0000
vt 0.4224 0.0021 0.0000
vt 0.4367 0.0230 0.0000
vt 0.4319 0.0310 0.0000
vt 0.4224 0.0598 0.0000
vt 0.3753 0.0596 0.0000
vt 0.3816 0.0508 0.0000
vt 0.3753 0.0508 0.0000
vt 0.3816 0.0596 0.0000
vt 0.3816 0.0396 0.0000
vt 0.3753 0.0396 0.0000
vt 0.3816 0.0308 0.0000
vt 0.3753 0.0308 0.0000
vt 0.4236 0.0114 0.0000
vt 0.4348 0.0114 0.0000
vt 0.4292 0.0285 0.0000
vt 0.4292 0.0057 0.0000
vt 0.4367 0.0021 0.0000
vt 0.4367 0.0389 0.0000
vt 0.4367 0.0598 0.0000
vt 0.4207 0.0517 0.0000
vt 0.4207 0.0191 0.0000
vt 0.4115 0.0517 0.0000
vt 0.4081 0.0191 0.0000
vt 0.4081 0.0517 0.0000
vt 0.3954 0.0191 0.0000
vt 0.4046 0.0517 0.0000
vt 0.3954 0.0517 0.0000
vt 0.3818 0.0191 0.0000
vt 0.4348 0.0228 0.0000
vt 0.4236 0.0228 0.0000
vt 0.4044 0.0294 0.0000
vt 0.4044 0.0022 0.0000
vt 0.3981 0.0294 0.0000
vt 0.4124 0.0294 0.0000
vt 0.4124 0.0022 0.0000
vt 0.3842 0.0244 0.0000
vt 0.3947 0.0137 0.0000
vt 0.3912 0.0245 0.0000
vt 0.3844 0.0025 0.0000
vt 0.3914 0.0026 0.0000
vt 0.3809 0.0134 0.0000
vt 0.4187 0.0294 0.0000
vt 0.6722 0.0923 0.7948
vt 0.6722 0.0923 0.5041
vt 0.6722 0.0923 0.5014
vt 0.6722 0.0923 0.6061
vt 0.6722 0.0923 0.7369
vt 0.6722 0.0923 0.8912
vt 0.6722 0.0923 1.0551
vt 0.6722 0.0923 1.2190
vt 0.6722 0.0923 1.3705
vt 0.6722 0.0923 1.5014
vt 0.6722 0.0923 1.1047
vt 0.4568 0.0693 0.0000
vt 0.4571 0.2439 0.0000
vt 0.4644 0.0694 0.0000
vt 0.4825 0.2439 0.0000
vt 0.4825 0.1202 0.0000
vt 0.4805 0.1021 0.0000
vt 0.4765 0.0884 0.0000
vt 0.4847 0.0701 0.0000
vt 0.4923 0.0700 0.0000
vt 0.4923 0.0701 0.0000
vt 0.4451 0.2437 0.0000
vt 0.4546 0.2437 0.0000
vt 0.4453 0.0706 0.0000
vt 0.4549 0.0706 0.0000
vt 0.4847 0.1207 0.0000
vt 0.4923 0.1206 0.0000
vt 0.4846 0.2437 0.0000
vt 0.4921 0.2437 0.0000
vt 0.4847 0.1027 0.0000
vt 0.4923 0.1026 0.0000
vt 0.4847 0.0891 0.0000
vt 0.4923 0.0890 0.0000
vt 0.4851 0.0061 0.0000
vt 0.4851 0.0585 0.0000
vt 0.4931 0.0062 0.0000
vt 0.4931 0.0586 0.0000
vt 0.7210 0.7849 0.0000
vt 0.7117 0.7849 0.0000
vt 0.7117 0.7676 0.0000
vt 0.7210 0.7676 0.0000
vt 0.7156 0.7769 0.0000
vt 0.7071 0.7769 0.0000
vt 0.7071 0.7819 0.0000
vt 0.7156 0.7819 0.0000
vt 0.7344 0.8039 0.0000
vt 0.7478 0.8038 0.0000
vt 0.7478 0.8154 0.0000
vt 0.7344 0.8155 0.0000
vt 0.6883 0.7590 0.0000
vt 0.6883 0.7345 0.0000
vt 0.6898 0.7456 0.0000
vt 0.6898 0.7561 0.0000
vt 0.6973 0.7561 0.0000
vt 0.6973 0.7456 0.0000
vt 0.6986 0.7816 0.0000
vt 0.7040 0.7816 0.0000
vt 0.7040 0.7984 0.0000
vt 0.6986 0.7984 0.0000
vt 0.6922 0.7345 0.0000
vt 0.6922 0.7376 0.0000
vt 0.7235 0.7845 0.0000
vt 0.7297 0.7845 0.0000
vt 0.7297 0.7729 0.0000
vt 0.7235 0.7729 0.0000
vt 0.6881 0.7797 0.0000
vt 0.6880 0.7700 0.0000
vt 0.6973 0.7796 0.0000
vt 0.6973 0.7798 0.0000
vt 0.7344 0.8304 0.0000
vt 0.7344 0.8301 0.0000
vt 0.7479 0.8303 0.0000
vt 0.6881 0.7799 0.0000
vt 0.6973 0.7702 0.0000
vt 0.6881 0.7703 0.0000
vt 0.6972 0.7641 0.0000
vt 0.7483 0.7705 0.0000
vt 0.7422 0.7706 0.0000
vt 0.7422 0.7917 0.0000
vt 0.6980 0.8313 0.0000
vt 0.6887 0.8313 0.0000
vt 0.6887 0.8260 0.0000
vt 0.6980 0.8259 0.0000
vt 0.7483 0.7917 0.0000
vt 0.7180 0.8154 0.0000
vt 0.7019 0.8079 0.0000
vt 0.7025 0.8041 0.0000
vt 0.7186 0.8116 0.0000
vt 0.7071 0.7676 0.0000
vt 0.7092 0.7848 0.0000
vt 0.6880 0.7641 0.0000
vt 0.6972 0.7699 0.0000
vt 0.7039 0.7753 0.0000
vt 0.7039 0.7582 0.0000
vt 0.7039 0.7752 0.0000
vt 0.6883 0.7122 0.0000
vt 0.6904 0.7246 0.0000
vt 0.6959 0.7246 0.0000
vt 0.6980 0.7122 0.0000
vt 0.6932 0.7059 0.0000
vt 0.7478 0.8300 0.0000
vt 0.7479 0.8158 0.0000
vt 0.7344 0.8159 0.0000
vt 0.7324 0.7693 0.0000
vt 0.7330 0.7976 0.0000
vt 0.7414 0.7940 0.0000
vt 0.7378 0.7693 0.0000
vt 0.7329 0.7974 0.0000
vt 0.7413 0.7938 0.0000
vt 0.7324 0.7692 0.0000
vt 0.7378 0.7691 0.0000
vt 0.6898 0.7601 0.0000
vt 0.6973 0.7601 0.0000
vt 0.7313 0.7845 0.0000
vt 0.7215 0.7845 0.0000
vt 0.7215 0.8062 0.0000
vt 0.6880 0.7980 0.0000
vt 0.6983 0.7980 0.0000
vt 0.6983 0.7828 0.0000
vt 0.6880 0.7828 0.0000
vt 0.6986 0.7086 0.0000
vt 0.6986 0.7314 0.0000
vt 0.7421 0.7314 0.0000
vt 0.7421 0.7086 0.0000
vt 0.7306 0.8309 0.0000
vt 0.7333 0.8251 0.0000
vt 0.7195 0.8251 0.0000
vt 0.7222 0.8309 0.0000
vt 0.6986 0.7754 0.0000
vt 0.6986 0.7583 0.0000
vt 0.7333 0.8062 0.0000
vt 0.7195 0.8062 0.0000
vt 0.7048 0.8036 0.0000
vt 0.7067 0.7884 0.0000
vt 0.7181 0.8097 0.0000
vt 0.7198 0.7884 0.0000
vt 0.6900 0.7986 0.0000
vt 0.6966 0.7986 0.0000
vt 0.6966 0.8247 0.0000
vt 0.7204 0.7693 0.0000
vt 0.7477 0.7692 0.0000
vt 0.7477 0.7479 0.0000
vt 0.6901 0.8248 0.0000
vt 0.7204 0.7689 0.0000
vt 0.7040 0.7875 0.0000
vt 0.7204 0.7875 0.0000
vt 0.7049 0.8038 0.0000
vt 0.7181 0.8099 0.0000
vt 0.7180 0.8159 0.0000
vt 0.7019 0.8083 0.0000
vt 0.7186 0.8120 0.0000
vt 0.7025 0.8045 0.0000
vt 0.7115 0.8226 0.0000
vt 0.7129 0.8304 0.0000
vt 0.7166 0.8304 0.0000
vt 0.7180 0.8226 0.0000
vt 0.7148 0.8186 0.0000
vt 0.7488 0.7314 0.0000
vt 0.7488 0.7086 0.0000
vt 0.7477 0.7687 0.0000
vt 0.7313 0.8062 0.0000
vt 0.7477 0.7475 0.0000
vt 0.6773 0.5566 0.0000
vt 0.6771 0.5375 0.0000
vt 0.6649 0.5407 0.0000
vt 0.6649 0.5474 0.0000
vt 0.6589 0.5407 0.0000
vt 0.6589 0.5474 0.0000
vt 0.6648 0.5072 0.0000
vt 0.6650 0.5397 0.0000
vt 0.6588 0.5074 0.0000
vt 0.6590 0.5398 0.0000
vt 0.6648 0.5021 0.0000
vt 0.6648 0.5068 0.0000
vt 0.6587 0.5022 0.0000
vt 0.6588 0.5069 0.0000
vt 0.6667 0.5686 0.0000
vt 0.6667 0.5017 0.0000
vt 0.6706 0.5658 0.0000
vt 0.6706 0.5581 0.0000
vt 0.6705 0.5363 0.0000
vt 0.6648 0.5634 0.0000
vt 0.6648 0.5689 0.0000
vt 0.6589 0.5632 0.0000
vt 0.6589 0.5687 0.0000
vt 0.6649 0.5565 0.0000
vt 0.6649 0.5625 0.0000
vt 0.6589 0.5566 0.0000
vt 0.6589 0.5626 0.0000
vt 0.6649 0.5480 0.0000
vt 0.6649 0.5558 0.0000
vt 0.6590 0.5480 0.0000
vt 0.6590 0.5558 0.0000
vt 0.6702 0.5056 0.0000
vt 0.0928 0.9792 0.0000
vt 0.0820 0.9869 0.0000
vt 0.0871 0.9749 0.0000
vt 0.0845 0.9681 0.0000
vt 0.0849 0.9593 0.0000
vt 0.0873 0.9518 0.0000
vt 0.0872 0.8387 0.0000
vt 0.0860 0.8163 0.0000
vt 0.0840 0.7988 0.0000
vt 0.0806 0.7853 0.0000
vt 0.0729 0.7770 0.0000
vt 0.0756 0.7956 0.0000
vt 0.0757 0.8071 0.0000
vt 0.0734 0.8181 0.0000
vt 0.0719 0.8273 0.0000
vt 0.0717 0.9778 0.0000
vt 0.0703 0.7514 0.0000
vt 0.0885 0.7732 0.0000
vt 0.0966 0.9454 0.0000
vt 0.0965 0.8387 0.0000
vt 0.0960 0.8150 0.0000
vt 0.0942 0.7930 0.0000
vt 0.0987 0.9727 0.0000
vt 0.1286 0.9727 0.0000
vt 0.0987 0.9726 0.0000
vt 0.1286 0.9726 0.0000
vt 0.1286 0.9875 0.0000
vt 0.0987 0.9875 0.0000
vt 0.1286 0.9874 0.0000
vt 0.0987 0.9874 0.0000
vt -0.0009 0.4484 0.0000
vt 0.0106 0.4584 0.0000
vt 0.0106 0.4484 0.0000
vt 0.0220 0.4484 0.0000
vt 0.0106 0.4388 0.0000
vt 0.0035 0.4523 0.0000
vt 0.0106 0.4889 0.0000
vt 0.0106 0.4523 0.0000
vt 0.0035 0.4889 0.0000
vt 0.0177 0.4523 0.0000
vt 0.0177 0.4889 0.0000
vt 0.1473 0.6607 0.0000
vt 0.1578 0.6607 0.0000
vt 0.1560 0.6422 0.0000
vt 0.1491 0.6421 0.0000
vt 0.1656 0.6630 0.0000
vt 0.1678 0.6499 0.0000
vt 0.1626 0.6418 0.0000
vt 0.1572 0.6498 0.0000
vt 0.1591 0.6629 0.0000
vt 0.1686 0.6604 0.0000
vt 0.1705 0.6604 0.0000
vt 0.1705 0.6433 0.0000
vt 0.1686 0.6433 0.0000
vt 0.1614 0.7010 0.0000
vt 0.1686 0.7028 0.0000
vt 0.1686 0.6641 0.0000
vt 0.1614 0.6653 0.0000
vt 0.1704 0.7028 0.0000
vt 0.1704 0.6641 0.0000
vt 0.1610 0.6657 0.0000
vt 0.1592 0.6657 0.0000
vt 0.1592 0.7012 0.0000
vt 0.1610 0.7012 0.0000
vt 0.1491 0.7029 0.0000
vt 0.1578 0.6842 0.0000
vt 0.1473 0.6843 0.0000
vt 0.1560 0.7029 0.0000
# 1414 texture coords

g Object001
usemtl Material__25
s 39
f 1/1/1 2/2/2 3/3/3 
s 40
f 4/4/4 5/5/5 6/6/6 
s 41
f 7/7/7 6/6/6 5/5/5 
s 42
f 3/8/8 4/4/4 8/9/9 
s 43
f 6/6/6 8/9/9 4/4/4 
s 44
f 9/10/10 3/8/8 10/11/11 
s 45
f 8/9/9 10/11/11 3/8/8 
s 46
f 11/12/12 9/10/10 12/13/13 
s 47
f 10/11/11 12/13/13 9/10/10 
s 48
f 13/14/14 11/12/12 14/15/15 
s 49
f 15/16/16 1/1/1 9/17/17 
s 50
f 3/3/3 9/17/17 1/1/1 
s 51
f 16/18/18 15/16/16 11/19/19 
s 52
f 9/17/17 11/19/19 15/16/16 
s 53
f 17/16/20 16/18/18 13/17/21 
s 54
f 11/19/19 13/17/21 16/18/18 
s 55
f 18/1/22 17/16/20 19/3/23 
s 56
f 13/17/21 19/3/23 17/16/20 
s 57
f 20/2/24 18/1/22 21/20/25 
s 76
f 4/20/26 3/3/3 2/2/2 
s 167
f 22/21/27 23/22/28 24/23/29 
s 168
f 25/24/30 24/23/29 23/22/28 
s 169
f 26/25/31 22/21/27 27/26/32 
s 170
f 24/23/29 27/26/32 22/21/27 
s 171
f 28/27/33 26/25/31 29/28/34 
s 172
f 30/29/35 31/30/36 32/31/1 
s 173
f 33/32/18 34/33/16 35/34/19 
s 174
f 31/30/36 35/34/19 34/33/16 
s 175
f 36/33/20 33/32/18 37/30/37 
s 176
f 35/34/19 37/30/37 33/32/18 
s 177
f 38/31/22 36/33/20 39/29/38 
s 178
f 37/30/37 39/29/38 36/33/20 
s 179
f 40/35/24 38/31/22 41/36/39 
s 180
f 39/29/38 41/36/39 38/31/22 
s 181
f 42/37/40 40/35/24 43/38/41 
s 182
f 41/36/39 43/38/41 40/35/24 
s 183
f 44/35/42 42/37/40 45/36/43 
s 191
f 36/39/44 40/40/44 44/41/44 
s 192
f 34/42/44 36/39/44 44/41/44 
s 193
f 32/43/44 34/42/44 44/41/44 
s 194
f 33/44/44 36/39/44 34/42/44 
s 195
f 38/45/44 40/40/44 36/39/44 
s 196
f 30/46/45 43/47/45 41/48/45 
s 197
f 39/49/45 30/46/45 41/48/45 
s 198
f 31/50/45 30/46/45 39/49/45 
s 199
f 37/51/45 31/50/45 39/49/45 
s 200
f 35/52/45 31/50/45 37/51/45 
s 201
f 45/53/45 43/47/45 30/46/45 
s 202
f 46/21/46 47/25/47 48/23/48 
s 203
f 49/26/49 48/23/48 47/25/47 
s 204
f 50/22/50 46/21/46 51/24/51 
s 205
f 48/23/48 51/24/51 46/21/46 
s 206
f 52/54/52 50/22/50 53/55/53 
s 207
f 51/24/51 53/55/53 50/22/50 
s 208
f 23/22/28 52/54/52 25/24/30 
s 209
f 53/55/53 25/24/30 52/54/52 
s 210
f 27/26/32 29/28/34 26/25/31 
s 211
f 47/25/47 28/27/33 49/26/49 
s 212
f 29/28/34 49/26/49 28/27/33 
s 213
f 26/25/31 28/27/33 47/25/47 
s 214
f 23/22/28 26/25/31 47/25/47 
s 215
f 50/22/50 23/22/28 47/25/47 
s 216
f 46/21/46 50/22/50 47/25/47 
s 217
f 52/54/52 23/22/28 50/22/50 
s 218
f 22/21/27 26/25/31 23/22/28 
s 219
f 48/23/48 29/28/34 27/26/32 
s 220
f 24/23/29 48/23/48 27/26/32 
s 221
f 51/24/51 48/23/48 24/23/29 
s 222
f 25/24/30 51/24/51 24/23/29 
s 223
f 53/55/53 51/24/51 25/24/30 
s 224
f 49/26/49 29/28/34 48/23/48 
s 225
f 54/56/54 55/57/55 56/58/56 
s 226
f 7/7/7 56/58/56 55/57/55 
s 227
f 43/38/41 45/36/43 42/37/40 
s 228
f 40/40/44 42/59/44 44/41/44 
s 229
f 21/60/57 19/61/58 56/58/56 
s 230
f 14/15/15 57/62/59 13/14/14 
s 231
f 19/61/58 13/14/14 57/62/59 
s 232
f 12/13/13 14/15/15 11/12/12 
s 233
f 58/63/20 59/64/18 60/65/30 
s 234
f 61/66/60 60/65/30 59/64/18 
s 235
f 62/23/22 58/63/20 63/67/29 
s 236
f 60/65/30 63/67/29 58/63/20 
s 237
f 64/68/24 62/23/22 65/69/32 
s 238
f 63/67/29 65/69/32 62/23/22 
s 239
f 66/70/40 64/68/24 67/71/34 
s 240
f 65/69/32 67/71/34 64/68/24 
s 241
f 68/68/2 66/70/40 69/69/49 
s 242
f 67/71/34 69/69/49 66/70/40 
s 243
f 64/48/44 66/47/44 68/53/44 
s 244
f 58/51/44 64/48/44 68/53/44 
s 245
f 70/50/44 58/51/44 68/53/44 
s 246
f 71/46/44 70/50/44 68/53/44 
s 247
f 59/52/44 58/51/44 70/50/44 
s 248
f 19/3/23 21/20/25 18/1/22 
s 249
f 72/72/40 20/2/24 5/73/41 
s 250
f 73/74/61 54/56/54 57/62/59 
s 251
f 56/58/56 57/62/59 54/56/54 
s 252
f 74/75/62 73/74/61 14/15/15 
s 253
f 57/62/59 14/15/15 73/74/61 
s 254
f 75/76/63 74/75/62 12/13/13 
s 255
f 14/15/15 12/13/13 74/75/62 
s 256
f 76/77/64 75/76/63 10/11/11 
s 257
f 12/13/13 10/11/11 75/76/63 
s 258
f 77/78/65 76/77/64 8/9/9 
s 259
f 10/11/11 8/9/9 76/77/64 
s 260
f 78/79/66 77/78/65 6/6/6 
s 261
f 8/9/9 6/6/6 77/78/65 
s 262
f 55/57/55 78/79/66 7/7/7 
s 263
f 6/6/6 7/7/7 78/79/66 
s 264
f 56/58/56 7/7/7 21/60/57 
s 265
f 5/5/5 21/60/57 7/7/7 
s 266
f 57/62/59 56/58/56 19/61/58 
s 267
f 74/75/62 76/77/64 73/74/61 
s 268
f 75/76/63 76/77/64 74/75/62 
s 269
f 78/79/66 55/57/55 77/78/65 
s 270
f 71/23/1 68/68/2 79/67/48 
s 271
f 69/69/49 79/67/48 68/68/2 
s 272
f 70/63/16 71/23/1 80/65/51 
s 273
f 79/67/48 80/65/51 71/23/1 
s 274
f 59/64/18 70/63/16 61/66/60 
s 275
f 80/65/51 61/66/60 70/63/16 
s 283
f 32/31/1 44/35/42 30/29/35 
s 284
f 45/36/43 30/29/35 44/35/42 
s 285
f 34/33/16 32/31/1 31/30/36 
s 286
f 62/49/44 64/48/44 58/51/44 
s 287
f 79/67/48 67/71/34 65/69/32 
s 288
f 63/67/29 79/67/48 65/69/32 
s 289
f 80/65/51 79/67/48 63/67/29 
s 290
f 60/65/30 80/65/51 63/67/29 
s 291
f 61/66/60 80/65/51 60/65/30 
s 292
f 69/69/49 67/71/34 79/67/48 
s 293
f 21/20/25 5/73/41 20/2/24 
s 294
f 2/2/2 72/72/40 4/20/26 
s 295
f 5/73/41 4/20/26 72/72/40 
s 296
f 20/80/44 72/81/44 2/82/44 
s 297
f 17/83/44 20/80/44 2/82/44 
s 298
f 15/84/44 17/83/44 2/82/44 
s 299
f 1/85/44 15/84/44 2/82/44 
s 300
f 16/86/44 17/83/44 15/84/44 
s 301
f 18/87/44 20/80/44 17/83/44 
s 302
f 77/78/65 55/57/55 54/56/54 
s 303
f 73/74/61 77/78/65 54/56/54 
s 304
f 76/77/64 77/78/65 73/74/61 
s 1
f 81/88/67 82/89/68 83/90/67 
s 2
f 82/89/68 81/88/69 84/91/70 
s 3
f 85/92/71 86/93/72 87/94/73 
s 4
f 88/95/74 89/96/75 90/97/76 
s 5
f 91/98/77 90/97/76 89/96/75 
s 6
f 92/99/78 85/100/79 93/101/80 
s 7
f 94/102/81 95/103/82 90/104/83 
s 8
f 90/104/84 91/105/85 94/102/81 
s 9
f 95/103/82 94/102/81 96/106/86 
s 10
f 96/106/86 97/107/87 95/103/82 
s 11
f 97/107/87 86/93/72 98/108/88 
s 12
f 99/109/89 95/103/82 97/107/87 
s 13
f 100/110/90 101/111/91 95/112/92 
s 14
f 101/111/91 100/110/90 102/113/93 
s 15
f 103/114/94 104/115/95 102/113/93 
s 16
f 104/115/96 103/114/94 105/116/97 
s 17
f 101/117/98 106/118/99 107/119/100 
s 18
f 106/118/99 101/117/98 108/120/101 
s 19
f 88/95/74 102/113/93 100/110/90 
s 20
f 102/113/93 88/95/74 103/114/94 
s 21
f 95/103/82 107/119/100 90/104/83 
s 22
f 107/119/100 95/103/82 101/117/98 
s 23
f 108/120/101 105/121/102 106/118/99 
s 24
f 105/121/102 108/120/101 104/122/103 
s 25
f 107/123/104 105/116/97 103/114/94 
s 26
f 105/116/97 107/123/104 106/124/105 
s 27
f 103/114/94 90/97/76 107/123/104 
s 28
f 90/97/76 103/114/94 88/95/74 
s 29
f 109/125/106 86/93/72 85/92/71 
s 30
f 109/126/107 85/100/79 110/127/108 
s 31
f 97/128/109 110/127/108 99/129/110 
s 32
f 87/94/73 86/93/72 96/106/86 
s 33
f 92/99/78 110/127/108 85/100/79 
s 34
f 110/127/108 92/99/78 99/129/110 
s 35
f 85/100/79 111/101/111 93/101/80 
s 36
f 111/101/111 85/100/79 112/100/112 
s 37
f 113/130/113 114/94/114 87/94/73 
s 38
f 114/94/114 113/130/113 115/130/115 
s 39
f 116/131/116 117/132/117 118/131/118 
s 40
f 117/132/117 116/131/116 119/132/119 
s 41
f 116/133/120 115/130/115 113/130/113 
s 42
f 115/130/115 116/133/120 118/133/121 
s 43
f 119/132/119 111/101/111 117/132/117 
s 44
f 111/101/111 119/132/119 93/101/80 
s 45
f 85/92/71 114/94/114 112/92/122 
s 46
f 114/94/114 85/92/71 87/94/73 
s 47
f 87/94/73 96/106/86 113/130/113 
s 48
f 119/132/119 116/131/116 89/96/123 
s 49
f 98/108/88 86/93/72 120/134/124 
s 50
f 86/93/72 97/107/87 96/106/86 
s 51
f 121/135/125 122/136/126 123/137/127 
s 52
f 122/136/126 121/135/125 124/138/128 
s 53
f 125/139/129 124/138/128 121/135/125 
s 54
f 124/138/128 125/139/129 126/140/130 
s 55
f 125/139/129 127/141/131 126/140/130 
s 56
f 127/141/131 125/139/129 128/111/132 
s 57
f 123/142/133 127/143/134 128/144/135 
s 58
f 127/143/134 123/142/133 122/145/136 
s 59
f 92/99/78 123/137/127 99/129/110 
s 60
f 123/137/127 92/99/78 121/135/125 
s 61
f 100/110/90 121/135/125 92/99/78 
s 62
f 121/135/125 100/110/90 125/139/129 
s 63
f 100/110/90 128/111/132 125/139/129 
s 64
f 128/111/137 100/110/90 95/112/137 
s 65
f 99/109/138 128/144/135 95/103/82 
s 66
f 128/144/135 99/109/138 123/142/133 
s 67
f 122/145/136 126/146/139 127/143/134 
s 68
f 126/146/139 122/145/136 124/147/139 
s 69
f 102/113/93 108/148/140 101/111/91 
s 70
f 108/148/140 102/113/93 104/115/95 
s 71
f 91/98/77 89/96/75 116/131/116 
s 72
f 91/105/85 113/130/113 94/102/81 
s 73
f 113/130/113 91/105/85 116/133/120 
s 74
f 94/102/81 113/130/113 96/106/86 
s 75
f 89/96/75 88/95/74 119/132/119 
s 76
f 100/110/90 119/132/119 88/95/74 
s 77
f 119/132/119 100/110/90 93/101/80 
s 78
f 92/99/78 93/101/80 100/110/90 
s 79
f 129/149/141 81/150/142 120/134/124 
s 80
f 81/150/142 129/149/141 84/151/143 
s 81
f 130/152/144 84/91/70 129/153/145 
s 82
f 84/91/70 130/152/144 82/89/68 
s 83
f 98/154/146 82/89/68 130/152/144 
s 84
f 82/89/68 98/154/146 83/155/147 
s 85
f 120/134/124 83/156/148 98/108/88 
s 86
f 83/156/148 120/134/124 81/150/142 
s 87
f 86/93/72 129/149/141 120/134/124 
s 88
f 129/149/141 86/93/72 109/125/106 
s 89
f 110/127/108 129/153/145 109/126/107 
s 90
f 129/153/145 110/127/108 130/152/144 
s 91
f 130/152/144 97/128/109 98/154/146 
s 92
f 97/128/109 130/152/144 110/127/108 
s 93
f 131/157/149 132/158/150 133/159/151 
s 94
f 134/160/152 133/159/151 135/161/153 
s 95
f 135/161/153 133/159/151 132/158/150 
s 96
f 136/162/154 137/163/155 138/164/156 
s 97
f 139/165/157 137/163/155 136/162/154 
s 98
f 140/166/158 141/167/159 142/168/160 
s 99
f 143/169/161 140/166/158 144/170/162 
s 100
f 140/166/158 143/169/161 141/167/159 
s 101
f 143/169/161 144/170/162 145/171/163 
s 102
f 146/172/164 147/173/165 144/170/162 
s 103
f 148/174/166 138/164/156 137/163/155 
s 104
f 147/173/165 145/171/163 144/170/162 
s 105
f 149/175/167 139/165/157 150/176/168 
s 106
f 150/176/168 139/165/157 136/162/154 
s 107
f 131/177/169 141/178/170 143/179/171 
s 108
f 151/180/172 152/181/173 153/182/174 
s 109
f 143/179/171 132/183/175 131/177/169 
s 110
f 154/184/176 136/162/154 155/185/177 
s 111
f 156/186/178 154/184/176 155/185/177 
s 112
f 157/187/179 158/188/180 159/189/181 
s 113
f 160/190/182 158/188/180 157/187/179 
s 114
f 157/187/179 161/191/183 160/190/182 
s 115
f 162/192/184 163/193/185 133/194/186 
s 116
f 158/188/180 160/190/182 164/195/187 
s 117
f 164/195/187 160/190/182 134/196/188 
s 118
f 165/197/189 158/188/180 164/195/187 
s 119
f 158/188/180 165/197/189 159/189/181 
s 120
f 166/198/190 159/189/181 150/176/168 
s 121
f 150/176/168 154/184/176 166/198/190 
s 122
f 167/199/191 168/200/192 169/201/193 
s 123
f 170/202/194 166/198/190 154/184/176 
s 124
f 150/176/168 159/189/181 171/203/195 
s 125
f 136/162/154 138/164/156 172/204/196 
s 126
f 172/204/196 155/185/177 136/162/154 
s 127
f 173/205/197 156/186/178 155/185/177 
s 128
f 155/185/198 172/204/198 173/205/198 
s 129
f 153/206/199 174/207/200 156/208/201 
s 130
f 141/178/170 153/182/174 142/209/202 
s 131
f 159/189/181 165/197/189 171/203/195 
s 132
f 149/175/203 150/176/168 171/203/195 
s 133
f 163/210/204 152/211/205 151/212/206 
s 134
f 175/213/207 176/214/208 177/215/209 
s 135
f 178/216/210 179/217/211 180/218/212 
s 136
f 178/216/210 181/219/213 179/217/211 
s 137
f 181/219/213 178/216/210 182/220/214 
s 138
f 181/219/213 182/220/214 183/221/215 
s 139
f 184/222/216 185/223/217 186/224/218 
s 140
f 185/223/217 184/222/216 187/225/219 
s 141
f 187/226/220 188/227/221 185/228/222 
s 142
f 188/227/221 187/226/220 189/229/223 
s 143
f 189/229/223 190/230/224 188/227/221 
s 144
f 190/230/224 189/229/223 191/231/225 
s 145
f 191/232/226 186/224/218 190/233/227 
s 146
f 186/224/218 191/232/226 184/222/216 
s 147
f 185/223/217 192/234/228 186/224/218 
s 148
f 192/234/228 185/223/217 193/235/229 
s 149
f 185/228/222 194/236/230 193/237/231 
s 150
f 194/236/230 185/228/222 188/227/221 
s 151
f 195/238/232 188/227/221 190/230/224 
s 152
f 131/157/149 133/159/151 163/210/204 
s 153
f 163/210/204 151/212/206 131/157/149 
s 154
f 175/213/207 195/239/233 192/234/228 
s 155
f 196/240/234 197/241/235 198/242/236 
s 156
f 141/178/170 131/177/169 151/180/172 
s 157
f 153/182/174 141/178/170 151/180/172 
s 158
f 132/183/175 143/179/171 145/243/175 
s 159
f 136/162/154 154/184/176 150/176/168 
s 160
f 154/184/176 156/186/178 174/244/237 
s 161
f 199/220/238 200/245/239 182/220/214 
s 162
f 200/245/240 199/220/240 201/245/240 
s 163
f 202/246/241 176/214/242 203/246/243 
s 164
f 176/214/244 202/246/244 204/214/244 
s 165
f 205/216/245 206/247/246 207/247/247 
s 166
f 206/247/246 205/216/245 178/216/210 
s 167
f 204/214/248 206/248/249 176/214/208 
s 168
f 206/248/249 204/214/248 207/248/250 
s 169
f 199/220/238 178/216/210 205/216/245 
s 170
f 178/216/210 199/220/238 182/220/214 
s 171
f 202/246/241 200/249/251 201/249/252 
s 172
f 200/249/251 202/246/241 203/246/243 
s 173
f 176/214/208 175/213/207 203/246/253 
s 174
f 180/218/212 206/247/246 178/216/210 
s 175
f 206/247/246 180/218/212 208/250/254 
s 176
f 177/215/209 176/214/208 208/251/255 
s 177
f 206/248/249 208/251/255 176/214/208 
s 178
f 209/252/256 210/253/257 211/254/258 
s 179
f 210/253/257 209/252/256 161/191/183 
s 180
f 212/255/259 213/256/260 210/253/257 
s 181
f 170/257/261 214/258/262 215/259/263 
s 182
f 210/253/257 213/256/260 211/254/258 
s 183
f 216/260/264 217/258/265 218/259/266 
s 184
f 219/261/267 169/201/193 168/262/268 
s 185
f 220/263/269 221/264/270 222/265/271 
s 186
f 222/265/271 223/266/272 220/263/269 
s 187
f 224/267/273 225/268/274 226/269/275 
s 188
f 227/270/276 224/267/273 228/271/277 
s 189
f 229/272/278 230/273/279 231/274/280 
s 190
f 232/275/281 230/273/279 229/272/278 
s 191
f 233/276/282 234/277/283 235/278/284 
s 192
f 235/278/284 228/271/277 233/276/282 
s 193
f 236/279/285 234/277/283 237/280/286 
s 194
f 234/277/283 236/279/285 235/278/284 
s 195
f 220/263/269 223/266/272 229/281/287 
s 196
f 168/200/192 167/199/191 238/282/288 
s 197
f 239/282/289 240/262/290 168/283/291 
s 198
f 167/284/292 231/274/280 241/285/293 
s 199
f 240/262/290 239/282/289 242/286/294 
s 200
f 215/259/263 214/258/262 243/260/295 
s 201
f 242/286/294 244/287/296 224/267/273 
s 202
f 231/274/280 167/284/292 229/272/278 
s 203
f 245/288/297 230/273/279 244/287/296 
s 204
f 244/287/296 242/286/294 245/288/297 
s 205
f 228/271/277 224/267/273 244/287/296 
s 206
f 227/270/276 246/289/298 224/267/273 
s 207
f 244/287/296 233/276/282 228/271/277 
s 208
f 233/276/282 244/287/296 230/273/279 
s 209
f 170/257/261 247/290/299 214/258/262 
s 210
f 210/253/257 248/291/300 212/255/259 
s 211
f 248/291/300 249/292/301 250/293/302 
s 212
f 241/294/303 238/282/288 167/199/191 
s 213
f 188/227/221 195/238/232 194/236/230 
s 214
f 186/224/218 192/234/228 190/233/227 
s 215
f 240/262/290 251/201/304 219/261/267 
s 216
f 242/286/294 224/267/273 251/201/304 
s 217
f 245/288/297 231/274/280 230/273/279 
s 218
f 252/295/305 214/258/262 211/254/258 
s 219
f 211/254/258 213/256/260 252/295/305 
s 220
f 166/198/190 250/293/302 159/189/181 
s 221
f 250/293/302 166/198/190 215/296/306 
s 222
f 247/290/299 209/252/256 211/254/258 
s 223
f 166/198/190 170/202/194 215/296/306 
s 224
f 159/189/181 249/292/301 157/187/179 
s 225
f 249/292/301 159/189/181 250/293/302 
s 226
f 210/253/257 161/191/183 157/187/179 
s 227
f 157/187/179 249/292/301 210/253/257 
s 228
f 253/297/307 254/298/308 234/277/283 
s 229
f 237/280/286 234/277/283 254/298/308 
s 230
f 209/252/256 255/299/309 161/191/183 
s 231
f 163/193/185 255/299/309 152/300/310 
s 232
f 255/299/309 163/193/185 162/192/184 
s 233
f 161/191/183 162/192/184 160/190/182 
s 234
f 174/207/200 153/206/199 256/301/311 
s 235
f 170/257/261 174/207/200 256/301/311 
s 236
f 256/301/311 247/290/299 170/257/261 
s 237
f 160/190/182 162/192/184 133/194/186 
s 238
f 133/194/186 134/196/188 160/190/182 
s 239
f 255/299/309 162/192/184 161/191/183 
s 240
f 152/300/310 247/290/299 256/301/311 
s 241
f 256/301/311 153/206/199 152/300/310 
s 242
f 247/290/299 152/300/310 209/252/256 
s 243
f 255/299/309 209/252/256 152/300/310 
s 244
f 257/302/312 258/303/313 198/304/314 
s 245
f 259/305/315 236/306/316 254/307/317 
s 246
f 254/307/317 236/306/316 237/308/318 
s 247
f 259/305/315 227/309/319 236/306/316 
s 248
f 254/298/308 253/297/307 232/275/281 
s 249
f 232/271/320 259/270/321 254/279/322 
s 250
f 253/297/307 234/277/283 233/276/282 
s 251
f 233/276/282 232/275/281 253/297/307 
s 252
f 235/278/284 236/279/285 227/270/276 
s 253
f 227/270/276 228/271/277 235/278/284 
s 254
f 223/310/323 222/311/324 225/312/325 
s 255
f 260/313/326 246/314/327 227/309/319 
s 256
f 223/266/328 260/315/328 229/281/328 
s 257
f 230/273/279 232/275/281 233/276/282 
s 258
f 222/265/271 221/264/270 226/269/275 
s 259
f 226/269/275 225/268/274 222/265/271 
s 260
f 251/201/304 240/262/290 242/286/294 
s 261
f 214/258/262 252/295/305 243/260/295 
s 262
f 250/293/302 215/296/306 261/316/329 
s 263
f 250/293/302 261/316/329 248/291/300 
s 264
f 210/253/330 249/292/330 248/291/300 
s 265
f 211/254/258 214/258/262 247/290/299 
s 266
f 262/317/331 263/318/332 264/319/332 
s 267
f 264/319/332 263/318/332 265/320/333 
s 268
f 266/321/333 264/319/332 265/320/333 
s 269
f 267/322/334 268/323/335 269/324/336 
s 270
f 270/325/337 271/326/338 272/327/339 
s 271
f 271/326/338 270/325/337 273/328/340 
s 272
f 274/329/341 179/217/211 181/219/213 
s 273
f 179/217/211 274/329/341 267/322/334 
s 274
f 275/330/342 245/288/297 242/286/294 
s 275
f 219/261/267 168/283/291 240/262/290 
s 276
f 269/331/343 273/328/340 270/325/337 
s 277
f 273/328/340 269/331/343 268/332/344 
s 278
f 269/324/336 272/333/345 267/322/334 
s 279
f 272/333/345 269/324/336 270/334/346 
s 280
f 276/335/347 267/322/334 272/333/345 
s 281
f 267/322/334 276/335/347 179/217/211 
s 282
f 200/249/348 192/234/228 193/235/229 
s 283
f 194/236/230 200/245/239 193/237/231 
s 284
f 257/336/349 194/236/230 195/238/232 
s 285
f 175/213/207 192/234/228 203/246/253 
s 286
f 200/245/239 194/236/230 183/221/215 
s 287
f 257/336/349 183/221/215 194/236/230 
s 288
f 189/229/223 184/337/350 191/338/351 
s 289
f 184/337/350 189/229/223 187/226/220 
s 290
f 203/246/253 192/234/228 200/249/348 
s 291
f 197/241/235 196/240/234 277/339/352 
s 292
f 277/339/352 278/340/353 197/241/235 
s 293
f 278/340/353 277/339/352 279/341/354 
s 294
f 280/342/355 278/340/353 279/341/354 
s 295
f 278/340/353 280/342/355 258/343/356 
s 296
f 280/344/357 198/304/314 258/303/313 
s 297
f 198/304/314 280/344/357 196/345/358 
s 298
f 198/242/236 183/221/215 257/336/349 
s 299
f 183/221/215 198/242/236 197/241/235 
s 300
f 197/241/235 181/219/213 183/221/215 
s 301
f 181/219/213 197/241/235 278/340/353 
s 302
f 258/343/356 181/219/213 278/340/353 
s 303
f 181/219/213 258/343/356 281/346/359 
s 304
f 258/303/313 257/302/312 281/347/360 
s 305
f 154/184/176 174/244/237 170/202/194 
s 306
f 279/348/361 196/345/358 280/344/357 
s 307
f 196/345/358 279/348/361 277/349/361 
s 308
f 273/350/362 274/329/341 271/343/363 
s 309
f 274/329/341 273/350/362 268/323/335 
s 310
f 271/343/363 181/219/213 281/346/359 
s 311
f 181/219/213 271/343/363 274/329/341 
s 312
f 268/323/335 267/322/334 274/329/341 
s 313
f 276/335/347 180/218/212 179/217/211 
s 314
f 180/218/212 276/335/347 208/250/254 
s 315
f 182/220/214 200/245/239 183/221/215 
s 316
f 276/351/364 281/347/360 177/215/209 
s 317
f 177/215/209 208/251/255 276/351/364 
s 318
f 175/213/207 177/215/209 281/347/360 
s 319
f 281/347/360 195/239/233 175/213/207 
s 320
f 190/233/227 192/234/228 195/239/233 
s 321
f 195/239/233 281/347/360 257/302/312 
s 322
f 223/310/323 246/314/327 260/313/326 
s 323
f 260/313/326 227/309/319 259/305/315 
s 324
f 232/271/320 260/289/365 259/270/321 
s 325
f 260/289/365 232/271/320 229/352/366 
s 326
f 223/310/323 225/312/325 246/314/327 
s 327
f 246/289/298 225/268/274 224/267/273 
s 328
f 282/313/367 283/314/368 284/310/369 
s 329
f 285/309/370 283/314/368 282/313/367 
s 330
f 286/267/371 283/289/372 285/270/373 
s 331
f 287/281/374 282/315/375 284/266/376 
s 332
f 288/353/377 289/354/378 290/355/379 
s 333
f 290/355/379 291/356/380 292/357/381 
s 334
f 293/358/382 288/353/377 290/355/379 
s 335
f 272/327/339 281/347/360 276/351/364 
s 336
f 281/347/360 272/327/339 271/326/338 
s 337
f 294/359/383 290/355/379 292/357/381 
s 338
f 295/360/384 296/361/385 294/359/383 
s 339
f 295/360/384 294/359/383 297/362/386 
s 340
f 298/363/387 295/360/384 297/362/386 
s 341
f 297/362/386 294/359/383 292/357/381 
s 342
f 299/282/388 300/364/389 301/283/390 
s 343
f 300/365/391 299/366/392 302/367/393 
s 344
f 303/368/394 304/369/395 305/370/396 
s 345
f 304/369/395 306/371/397 305/372/398 
s 346
f 304/369/395 307/373/399 306/371/397 
s 347
f 307/373/399 308/374/400 306/371/397 
s 348
f 308/374/400 309/375/401 306/371/397 
s 349
f 308/374/400 310/376/402 309/375/401 
s 350
f 309/375/401 310/376/402 311/377/403 
s 351
f 312/330/404 313/378/405 311/379/406 
s 352
f 311/379/406 313/378/405 314/380/407 
s 353
f 315/285/408 305/381/409 316/382/410 
s 354
f 317/362/411 318/363/412 319/383/413 
s 355
f 320/356/414 317/362/411 319/383/413 
s 356
f 320/356/414 319/383/413 321/384/415 
s 357
f 322/357/416 317/362/411 320/356/414 
s 358
f 320/356/414 321/384/415 323/354/417 
s 359
f 324/355/418 320/356/414 323/354/417 
s 360
f 324/355/418 323/354/417 325/353/419 
s 361
f 322/357/416 320/356/414 324/355/418 
s 362
f 324/355/418 325/353/419 326/358/420 
s 363
f 327/359/421 324/355/418 326/358/420 
s 364
f 327/359/421 326/358/420 328/361/422 
s 365
f 322/357/416 324/355/418 327/359/421 
s 366
f 329/187/423 330/292/424 138/189/425 
s 367
f 317/362/411 327/359/421 331/360/426 
s 368
f 317/362/411 331/360/426 318/363/412 
s 369
f 322/357/416 327/359/421 317/362/411 
s 370
f 332/383/427 298/363/387 297/362/386 
s 371
f 332/383/427 297/362/386 291/356/380 
s 372
f 333/384/428 332/383/427 291/356/380 
s 373
f 291/356/380 297/362/386 292/357/381 
s 374
f 289/354/378 333/384/428 291/356/380 
s 375
f 289/354/378 291/356/380 290/355/379 
s 376
f 334/385/429 335/386/430 336/387/429 
s 377
f 335/386/430 334/385/429 337/388/430 
s 378
f 334/389/431 338/390/432 337/391/433 
s 379
f 338/390/432 334/389/431 339/392/434 
s 380
f 336/389/435 340/390/436 341/392/437 
s 381
f 340/390/436 336/389/435 335/391/438 
s 382
f 342/393/439 334/385/429 336/387/429 
s 383
f 334/385/429 342/393/439 343/394/439 
s 384
f 341/395/440 343/396/440 342/397/440 
s 385
f 343/396/440 341/395/440 339/398/440 
s 386
f 335/386/430 338/399/441 340/400/441 
s 387
f 338/399/441 335/386/430 337/388/430 
s 388
f 339/392/434 334/389/431 343/401/442 
s 389
f 336/389/435 341/392/437 342/401/443 
s 390
f 142/300/444 344/299/445 140/193/446 
s 391
f 345/192/447 140/193/446 344/299/445 
s 392
f 346/190/448 345/192/447 347/191/449 
s 393
f 348/301/450 153/206/199 156/207/451 
s 394
f 348/301/450 156/207/451 173/257/452 
s 395
f 173/257/452 349/290/453 348/301/450 
s 396
f 293/358/382 290/355/379 294/359/383 
s 397
f 296/361/385 293/358/382 294/359/383 
s 398
f 346/190/448 146/196/454 144/194/455 
s 399
f 347/191/449 345/192/447 344/299/445 
s 400
f 348/301/450 349/290/453 142/300/444 
s 401
f 142/300/444 153/206/199 348/301/450 
s 402
f 350/252/456 142/300/444 349/290/453 
s 403
f 142/300/444 350/252/456 344/299/445 
s 404
f 138/189/425 351/188/457 329/187/423 
s 405
f 329/187/423 351/188/457 346/190/448 
s 406
f 346/190/448 347/191/449 329/187/423 
s 407
f 144/194/455 140/193/446 345/192/447 
s 408
f 352/195/458 346/190/448 351/188/457 
s 409
f 146/196/454 346/190/448 352/195/458 
s 410
f 352/195/458 351/188/457 148/197/459 
s 411
f 138/189/425 148/197/459 351/188/457 
s 412
f 168/283/291 238/364/460 239/282/289 
s 413
f 353/312/461 354/311/462 284/310/369 
s 414
f 283/314/368 353/312/461 284/310/369 
s 415
f 287/402/463 355/271/464 282/289/465 
s 416
f 356/270/466 282/289/465 355/271/464 
s 417
f 357/276/467 355/275/468 358/273/469 
s 418
f 359/269/470 360/264/471 354/265/472 
s 419
f 354/265/472 353/268/473 359/269/470 
s 420
f 361/286/474 362/262/475 363/201/476 
s 421
f 216/260/264 364/295/477 217/258/265 
s 422
f 316/316/478 218/296/479 365/293/480 
s 423
f 313/291/481 316/316/478 365/293/480 
s 424
f 313/291/481 330/292/424 366/253/482 
s 425
f 349/290/453 217/258/265 367/254/483 
s 426
f 367/254/483 350/252/456 349/290/453 
s 427
f 218/296/479 173/202/484 172/198/485 
s 428
f 365/293/480 138/189/425 330/292/424 
s 429
f 329/187/423 347/191/449 366/253/482 
s 430
f 366/253/482 330/292/424 329/187/423 
s 431
f 368/277/486 369/298/487 370/297/488 
s 432
f 369/298/487 368/277/486 371/280/489 
s 433
f 347/191/449 344/299/445 350/252/456 
s 434
f 252/295/305 372/403/490 373/404/491 
s 435
f 212/255/259 374/405/492 213/256/260 
s 436
f 374/405/492 372/403/490 213/256/260 
s 437
f 169/201/193 219/261/267 221/264/270 
s 438
f 221/264/270 220/269/493 169/201/193 
s 439
f 229/352/366 169/201/193 220/269/493 
s 440
f 219/261/267 251/201/304 226/269/275 
s 441
f 226/269/275 221/264/270 219/261/267 
s 442
f 224/267/273 226/269/275 251/201/304 
s 443
f 275/330/342 248/378/494 245/288/297 
s 444
f 374/406/495 275/407/496 375/408/497 
s 445
f 248/378/494 261/382/498 231/274/280 
s 446
f 231/274/280 245/288/297 248/378/494 
s 447
f 241/409/499 376/370/500 377/368/501 
s 448
f 261/382/498 241/285/293 231/274/280 
s 449
f 378/369/502 379/373/503 380/367/504 
s 450
f 380/367/504 377/368/501 378/369/502 
s 451
f 379/373/503 381/374/505 382/410/506 
s 452
f 382/410/506 380/367/504 379/373/503 
s 453
f 381/374/505 383/376/507 375/408/497 
s 454
f 375/408/497 382/410/506 381/374/505 
s 455
f 167/199/191 169/201/193 229/352/366 
s 456
f 380/367/504 239/366/508 238/365/509 
s 457
f 376/370/500 378/369/502 377/368/501 
s 458
f 144/194/455 345/192/447 346/190/448 
s 459
f 373/371/510 381/374/505 379/373/503 
s 460
f 373/371/510 372/375/511 381/374/505 
s 461
f 372/375/511 383/376/507 381/374/505 
s 462
f 374/377/512 383/376/507 372/375/511 
s 463
f 374/379/513 248/378/494 275/330/342 
s 464
f 212/380/514 248/378/494 374/379/513 
s 465
f 261/382/498 376/381/515 241/285/293 
s 466
f 380/367/504 241/411/516 377/368/501 
s 467
f 380/367/504 382/410/506 239/366/508 
s 468
f 380/367/504 238/365/509 241/411/516 
s 469
f 375/408/497 239/366/508 382/410/506 
s 470
f 375/408/497 275/412/517 239/366/508 
s 471
f 383/376/507 374/406/495 375/408/497 
s 472
f 261/382/498 243/413/518 376/381/515 
s 473
f 215/296/306 243/414/519 261/316/329 
s 474
f 243/260/295 373/404/491 376/415/520 
s 475
f 243/260/295 252/295/305 373/404/491 
s 476
f 252/295/305 213/256/260 372/403/490 
s 477
f 384/274/521 316/382/410 313/378/405 
s 478
f 313/378/405 385/288/522 384/274/521 
s 479
f 303/368/394 305/370/396 315/409/523 
s 480
f 384/274/521 315/285/408 316/382/410 
s 481
f 302/367/393 307/373/399 304/369/395 
s 482
f 304/369/395 303/368/394 302/367/393 
s 483
f 386/410/524 308/374/400 307/373/399 
s 484
f 307/373/399 302/367/393 386/410/524 
s 485
f 387/408/525 310/376/402 308/374/400 
s 486
f 308/374/400 386/410/524 387/408/525 
s 487
f 287/402/463 388/201/526 389/416/527 
s 488
f 358/273/469 384/274/521 385/288/522 
s 489
f 286/267/371 390/287/528 361/286/474 
s 490
f 287/272/529 389/284/530 384/274/521 
s 491
f 390/287/528 358/273/469 385/288/522 
s 492
f 385/288/522 361/286/474 390/287/528 
s 493
f 390/287/528 286/267/371 391/271/531 
s 494
f 286/267/371 353/268/473 283/289/372 
s 495
f 391/271/531 357/276/467 390/287/528 
s 496
f 358/273/469 390/287/528 357/276/467 
s 497
f 217/258/265 349/290/453 173/257/452 
s 498
f 314/255/532 313/291/481 366/253/482 
s 499
f 303/368/394 315/411/533 302/367/393 
s 500
f 299/366/392 386/410/524 302/367/393 
s 501
f 315/411/533 300/365/391 302/367/393 
s 502
f 386/410/524 299/366/392 387/408/525 
s 503
f 299/366/392 312/412/534 387/408/525 
s 504
f 387/408/525 311/406/535 310/376/402 
s 505
f 305/381/409 216/413/536 316/382/410 
s 506
f 316/316/478 216/414/537 218/296/479 
s 507
f 305/415/538 306/404/539 216/260/264 
s 508
f 306/404/539 364/295/477 216/260/264 
s 509
f 309/403/540 392/256/541 364/295/477 
s 510
f 306/404/539 309/403/540 364/295/477 
s 511
f 392/256/541 311/405/542 314/255/532 
s 512
f 392/256/541 309/403/543 311/405/543 
s 513
f 360/264/471 393/261/544 388/201/526 
s 514
f 388/201/526 394/269/545 360/264/471 
s 515
f 394/269/545 388/201/526 287/402/463 
s 516
f 359/269/470 363/201/476 393/261/544 
s 517
f 393/261/544 360/264/471 359/269/470 
s 518
f 376/372/546 373/371/510 378/369/502 
s 519
f 373/371/510 379/373/503 378/369/502 
s 520
f 387/408/525 312/407/547 311/406/535 
s 521
f 384/274/521 358/273/469 287/272/529 
s 522
f 287/272/529 358/273/469 355/275/468 
s 523
f 395/278/548 368/277/486 357/276/467 
s 524
f 357/276/467 391/271/531 395/278/548 
s 525
f 371/280/549 368/277/486 396/279/550 
s 526
f 395/278/548 396/279/550 368/277/486 
s 527
f 287/281/374 284/266/376 394/263/551 
s 528
f 300/282/552 389/416/527 301/262/553 
s 529
f 301/283/390 362/262/475 299/282/388 
s 530
f 315/285/554 384/274/521 389/284/530 
s 531
f 361/286/474 299/282/388 362/262/475 
s 532
f 299/282/388 361/286/474 312/330/404 
s 533
f 369/307/555 396/306/556 356/305/557 
s 534
f 371/308/558 396/306/556 369/307/555 
s 535
f 396/306/556 285/309/370 356/305/557 
s 536
f 355/275/468 370/297/488 369/298/487 
s 537
f 369/279/559 356/270/559 355/271/464 
s 538
f 357/276/467 368/277/486 370/297/488 
s 539
f 370/297/488 355/275/468 357/276/467 
s 540
f 285/270/373 396/279/550 395/278/548 
s 541
f 395/278/548 391/271/531 285/270/373 
s 542
f 356/305/557 285/309/370 282/313/367 
s 543
f 365/293/480 330/292/424 313/291/481 
s 544
f 389/416/527 300/282/552 315/330/560 
s 545
f 361/286/474 385/288/522 312/330/404 
s 546
f 362/262/475 301/283/390 393/261/544 
s 547
f 393/261/544 363/201/476 362/262/475 
s 548
f 363/201/476 286/267/371 361/286/474 
s 549
f 327/359/421 328/361/422 331/360/426 
s 550
f 367/254/483 217/258/265 364/295/477 
s 551
f 364/295/477 392/256/541 367/254/483 
s 552
f 138/189/425 365/293/480 172/198/485 
s 553
f 218/296/479 172/198/485 365/293/480 
s 554
f 367/254/483 366/253/482 350/252/456 
s 555
f 347/191/449 350/252/456 366/253/482 
s 556
f 366/253/482 392/256/541 314/255/532 
s 557
f 218/259/266 217/258/265 173/257/452 
s 558
f 367/254/483 392/256/541 366/253/482 
s 559
f 388/201/526 301/262/553 389/416/527 
s 560
f 301/262/553 388/201/526 393/261/544 
s 561
f 354/265/472 360/264/471 394/263/551 
s 562
f 394/263/551 284/266/376 354/265/472 
s 563
f 359/269/470 353/268/473 286/267/371 
s 564
f 391/271/531 286/267/371 285/270/373 
s 565
f 397/417/561 398/418/562 399/419/563 
s 566
f 400/420/564 401/421/565 402/422/566 
s 567
f 402/422/566 403/423/567 400/420/564 
s 568
f 401/424/568 404/425/569 405/426/570 
s 569
f 405/426/570 402/427/571 401/424/568 
s 570
f 405/426/570 406/428/572 407/429/573 
s 571
f 406/428/572 405/426/570 404/425/569 
s 572
f 407/429/573 399/419/563 398/418/562 
s 573
f 399/419/563 407/429/573 406/428/572 
s 574
f 408/430/574 409/431/574 410/432/574 
s 575
f 409/431/574 408/430/574 411/433/574 
s 576
f 412/434/575 411/435/576 408/436/575 
s 577
f 411/435/576 412/434/575 413/437/576 
s 578
f 414/432/577 413/433/577 412/430/577 
s 579
f 363/201/476 359/269/470 286/267/371 
s 580
f 385/288/522 313/378/405 312/330/404 
s 581
f 409/438/578 413/437/576 415/439/578 
s 582
f 413/437/576 409/438/578 411/435/576 
s 583
f 410/440/579 412/434/575 408/436/575 
s 584
f 412/434/575 410/440/579 414/441/579 
s 585
f 416/442/580 417/443/581 418/444/582 
s 586
f 419/445/583 420/446/584 421/447/585 
s 587
f 422/448/586 423/449/587 424/450/588 
s 588
f 425/451/589 426/452/590 423/453/591 
s 589
f 426/452/590 427/454/592 428/455/593 
s 590
f 427/454/592 426/452/590 425/451/589 
s 591
f 429/456/594 430/457/595 431/458/596 
s 592
f 432/459/597 433/460/598 429/456/594 
s 593
f 429/456/594 433/460/598 430/457/595 
s 594
f 428/455/593 403/423/567 426/452/590 
s 595
f 403/423/567 428/455/593 434/461/599 
s 596
f 430/462/600 398/418/562 428/455/593 
s 597
f 434/461/599 428/455/593 398/418/562 
s 598
f 426/452/590 402/422/566 423/453/591 
s 599
f 402/422/566 426/452/590 403/423/567 
s 600
f 423/463/601 402/427/571 435/464/602 
s 601
f 405/426/570 435/464/602 402/427/571 
s 602
f 435/464/602 407/429/573 436/465/603 
s 603
f 407/429/573 435/464/602 405/426/570 
s 604
f 436/465/603 407/429/573 398/418/562 
s 605
f 398/418/562 430/462/600 436/465/603 
s 606
f 397/417/561 400/420/564 434/461/599 
s 607
f 403/423/567 434/461/599 400/420/564 
s 608
f 398/418/562 397/417/561 434/461/599 
s 609
f 437/466/604 438/467/605 439/468/606 
s 610
f 440/469/607 437/466/604 439/468/606 
s 611
f 440/469/607 439/468/606 441/470/608 
s 612
f 442/471/609 437/466/604 440/469/607 
s 613
f 263/472/610 443/473/611 265/474/612 
s 614
f 443/473/611 263/472/610 444/475/613 
s 615
f 265/476/614 445/473/615 266/474/616 
s 616
f 445/473/615 265/476/614 443/477/614 
s 617
f 266/474/616 446/475/617 264/472/618 
s 618
f 446/475/617 266/474/616 445/473/615 
s 619
f 447/478/619 264/472/618 446/475/617 
s 620
f 447/478/619 262/479/620 264/472/618 
s 621
f 262/479/620 444/475/613 263/472/610 
s 622
f 444/475/613 262/479/620 447/478/619 
s 623
f 448/480/621 171/481/622 449/482/623 
s 624
f 171/481/622 448/480/621 149/483/624 
s 625
f 450/484/625 449/482/623 451/485/626 
s 626
f 449/482/623 450/484/625 448/480/621 
s 627
f 450/484/625 451/485/626 452/486/627 
s 628
f 453/487/628 452/486/627 451/485/626 
s 629
f 448/480/621 454/488/629 149/483/624 
s 630
f 451/489/630 455/490/631 453/491/632 
s 631
f 421/492/633 456/493/634 457/494/635 
s 632
f 421/495/636 418/444/582 417/443/581 
s 633
f 418/444/582 421/496/637 420/495/637 
s 634
f 458/497/638 457/498/639 456/493/634 
s 635
f 457/498/639 458/497/638 459/499/640 
s 636
f 460/500/641 461/501/642 462/502/643 
s 637
f 463/503/644 459/504/645 458/497/638 
s 638
f 459/499/640 463/505/646 464/506/647 
s 639
f 461/501/642 465/507/648 463/508/648 
s 640
f 463/507/649 462/502/643 461/501/642 
s 641
f 413/433/577 414/432/577 415/431/577 
s 642
f 466/509/650 467/510/651 468/511/652 
s 643
f 466/509/650 468/511/652 469/512/653 
s 644
f 470/513/654 467/510/651 466/509/650 
s 645
f 471/514/655 441/470/608 439/468/606 
s 646
f 467/510/651 471/514/655 439/468/606 
s 647
f 467/510/651 439/468/606 438/467/605 
s 648
f 470/513/654 471/514/655 467/510/651 
s 649
f 472/515/656 469/512/653 468/511/652 
s 650
f 437/466/604 472/515/656 468/511/652 
s 651
f 437/466/604 468/511/652 438/467/605 
s 652
f 442/471/609 472/515/656 437/466/604 
s 653
f 427/516/657 431/458/596 430/457/595 
s 654
f 473/517/658 474/518/659 475/519/660 
s 655
f 475/519/660 474/518/659 476/520/661 
s 656
f 477/521/662 474/518/659 478/522/663 
s 657
f 478/522/663 474/518/659 473/517/658 
s 658
f 479/523/664 480/524/665 481/525/666 
s 659
f 482/526/667 480/524/665 479/523/664 
s 660
f 483/527/668 480/528/669 484/529/670 
s 661
f 484/529/670 480/528/669 482/526/667 
s 662
f 485/530/671 481/525/666 486/531/672 
s 663
f 481/525/666 485/530/671 479/523/664 
s 664
f 485/530/671 482/526/667 479/523/664 
s 665
f 482/526/667 485/530/671 487/532/673 
s 666
f 488/533/674 481/534/675 480/535/676 
s 667
f 481/534/675 488/533/674 486/536/677 
s 668
f 489/537/678 480/535/676 483/527/668 
s 669
f 480/535/676 489/537/678 488/533/674 
s 670
f 489/537/678 484/529/670 490/538/679 
s 671
f 484/529/670 489/537/678 483/527/668 
s 672
f 487/532/673 484/529/670 482/526/667 
s 673
f 484/529/670 487/532/673 490/538/679 
s 674
f 491/539/680 486/531/672 492/540/681 
s 675
f 493/541/682 494/542/683 495/543/684 
s 676
f 496/544/685 495/545/686 497/546/687 
s 677
f 495/545/686 496/544/685 498/547/688 
s 678
f 499/548/689 500/549/690 496/544/685 
s 679
f 498/547/688 496/544/685 500/549/690 
s 680
f 501/550/691 500/549/690 499/548/689 
s 681
f 499/548/689 502/551/692 501/550/691 
s 682
f 503/552/693 504/553/694 505/554/695 
s 683
f 504/553/694 503/552/693 493/541/682 
s 684
f 503/552/693 505/554/695 501/550/691 
s 685
f 506/555/696 501/550/691 505/554/695 
s 686
f 495/543/684 507/556/697 504/553/694 
s 687
f 504/553/694 493/541/682 495/543/684 
s 688
f 498/547/688 508/557/698 507/558/699 
s 689
f 507/558/699 495/545/686 498/547/688 
s 690
f 500/549/690 509/559/700 498/547/688 
s 691
f 508/557/698 498/547/688 509/559/700 
s 692
f 501/550/691 506/555/696 500/549/690 
s 693
f 509/559/700 500/549/690 506/555/696 
s 694
f 422/448/586 425/560/701 423/449/587 
s 695
f 427/516/657 422/448/586 431/458/596 
s 696
f 422/448/586 427/516/657 425/560/701 
s 697
f 510/561/702 406/562/703 511/563/704 
s 698
f 512/564/705 432/565/706 473/566/707 
s 699
f 475/567/708 512/564/705 473/566/707 
s 700
f 424/568/709 512/564/705 475/567/708 
s 701
f 476/569/710 424/568/709 475/567/708 
s 702
f 467/510/651 438/467/605 468/511/652 
s 703
f 474/570/711 422/571/712 476/572/713 
s 704
f 431/573/714 422/571/712 474/570/711 
s 705
f 477/574/715 431/573/714 474/570/711 
s 706
f 429/575/716 431/573/714 477/574/715 
s 707
f 478/576/717 429/575/716 477/574/715 
s 708
f 432/565/706 429/575/716 478/576/717 
s 709
f 473/566/707 432/565/706 478/576/717 
s 710
f 423/463/601 435/464/602 513/577/718 
s 711
f 430/462/600 428/455/593 427/454/592 
s 712
f 436/465/603 430/462/600 433/578/719 
s 713
f 435/464/602 436/465/603 433/578/719 
s 714
f 435/464/602 433/578/719 513/577/718 
s 715
f 512/579/720 513/580/721 432/459/597 
s 716
f 432/459/597 513/580/721 433/460/598 
s 717
f 424/450/588 513/580/721 512/579/720 
s 718
f 424/450/588 423/449/587 513/580/721 
s 719
f 486/531/672 491/539/680 485/530/671 
s 720
f 491/539/680 487/532/673 485/530/671 
s 721
f 487/532/673 491/539/680 510/561/702 
s 722
f 514/581/722 486/536/677 488/533/674 
s 723
f 486/536/677 514/581/722 492/582/723 
s 724
f 515/583/724 488/533/674 489/537/678 
s 725
f 488/533/674 515/583/724 514/581/722 
s 726
f 515/583/724 490/538/679 511/563/704 
s 727
f 490/538/679 515/583/724 489/537/678 
s 728
f 510/561/702 490/538/679 487/532/673 
s 729
f 490/538/679 510/561/702 511/563/704 
s 730
f 397/584/725 492/540/681 400/585/726 
s 731
f 492/540/681 397/584/725 491/539/680 
s 732
f 397/584/725 510/561/702 491/539/680 
s 733
f 510/561/702 397/584/725 399/586/727 
s 734
f 401/587/728 492/582/723 514/581/722 
s 735
f 492/582/723 401/587/728 400/588/729 
s 736
f 404/589/730 514/581/722 515/583/724 
s 737
f 514/581/722 404/589/730 401/587/728 
s 738
f 404/589/730 511/563/704 406/562/703 
s 739
f 511/563/704 404/589/730 515/583/724 
s 740
f 406/562/703 510/561/702 399/586/727 
s 741
f 516/590/731 517/591/732 518/592/733 
s 742
f 517/591/732 516/590/731 519/593/734 
s 743
f 516/590/731 520/594/735 519/593/734 
s 744
f 520/594/735 516/590/731 521/595/736 
s 745
f 461/596/737 522/597/738 465/598/739 
s 746
f 522/597/738 461/596/737 523/599/740 
s 747
f 465/600/741 524/601/742 464/602/743 
s 748
f 524/601/742 465/600/741 522/603/744 
s 749
f 525/604/745 464/605/746 524/606/747 
s 750
f 526/607/748 464/605/746 525/604/745 
s 751
f 527/608/749 518/592/733 528/609/750 
s 752
f 518/592/733 527/608/749 516/590/731 
s 753
f 527/608/749 521/595/736 516/590/731 
s 754
f 521/595/736 527/608/749 529/610/751 
s 755
f 529/610/751 530/611/752 522/603/744 
s 756
f 522/603/744 523/612/753 529/610/751 
s 757
f 531/613/754 522/603/744 530/611/752 
s 758
f 522/603/744 531/613/754 524/601/742 
s 759
f 532/614/755 524/606/747 531/615/756 
s 760
f 524/606/747 532/614/755 525/604/745 
s 761
f 526/607/748 525/604/745 532/614/755 
s 762
f 528/609/750 533/616/757 527/608/749 
s 763
f 422/571/712 424/617/758 476/572/713 
s 764
f 534/618/759 535/619/760 536/620/761 
s 765
f 164/621/762 537/622/763 165/623/764 
s 766
f 537/622/763 164/621/762 538/624/765 
s 767
f 538/624/765 539/625/766 537/622/763 
s 768
f 539/625/766 538/624/765 534/618/759 
s 769
f 462/502/643 416/442/580 460/500/641 
s 770
f 460/442/767 416/500/767 540/626/767 
s 771
f 541/627/768 528/609/750 542/628/769 
s 772
f 520/629/770 523/599/740 461/596/737 
s 773
f 523/599/740 520/629/770 521/630/771 
s 774
f 523/612/753 521/595/736 529/610/751 
s 775
f 416/442/580 462/502/643 417/443/581 
s 776
f 417/631/772 458/497/638 456/493/634 
s 777
f 458/497/638 417/631/772 462/632/773 
s 778
f 459/499/640 464/506/647 526/633/774 
s 779
f 526/633/774 457/498/639 459/499/640 
s 780
f 519/634/775 460/500/641 517/635/776 
s 781
f 520/636/777 460/500/641 519/634/775 
s 782
f 460/500/641 520/636/777 461/501/642 
s 783
f 462/632/773 463/503/644 458/497/638 
s 784
f 464/506/647 463/505/646 465/637/778 
s 785
f 543/638/779 544/639/780 545/640/781 
s 786
f 546/641/782 547/625/783 542/628/769 
s 787
f 547/625/783 546/641/782 543/638/779 
s 788
f 548/642/784 132/643/785 145/644/786 
s 789
f 132/643/785 548/642/784 549/645/787 
s 790
f 550/646/788 549/645/787 548/642/784 
s 791
f 549/645/787 550/646/788 551/647/789 
s 792
f 552/648/790 145/644/786 147/649/791 
s 793
f 145/644/786 552/648/790 548/642/784 
s 794
f 550/646/788 548/642/784 552/648/790 
s 795
f 553/619/792 147/650/793 146/651/794 
s 796
f 147/650/793 553/619/792 552/652/795 
s 797
f 545/620/796 552/652/795 553/619/792 
s 798
f 552/652/795 545/620/796 550/653/797 
s 799
f 554/624/798 146/651/794 352/621/799 
s 800
f 146/651/794 554/624/798 553/619/792 
s 801
f 543/618/800 553/619/792 554/624/798 
s 802
f 553/619/792 543/618/800 545/620/796 
s 803
f 555/622/801 352/621/799 148/623/802 
s 804
f 352/621/799 555/622/801 554/624/798 
s 805
f 547/625/783 554/624/798 555/622/801 
s 806
f 554/624/798 547/625/783 543/618/800 
s 807
f 533/616/757 528/609/750 541/627/768 
s 808
f 533/616/757 529/610/751 527/608/749 
s 809
f 529/610/751 533/616/757 556/654/803 
s 810
f 556/654/803 530/611/752 529/610/751 
s 811
f 530/611/752 556/654/803 557/655/804 
s 812
f 558/656/805 530/611/752 557/655/804 
s 813
f 530/611/752 558/656/805 531/613/754 
s 814
f 559/657/806 531/615/756 558/658/807 
s 815
f 531/615/756 559/657/806 532/614/755 
s 816
f 526/607/748 532/614/755 559/657/806 
s 817
f 460/500/641 540/659/808 560/660/809 
s 818
f 460/500/641 560/660/809 517/635/776 
s 819
f 560/661/810 544/639/780 517/591/732 
s 820
f 544/639/780 518/592/733 517/591/732 
s 821
f 528/609/750 518/592/733 544/639/780 
s 822
f 528/609/750 544/639/780 546/641/782 
s 823
f 528/609/750 546/641/782 542/628/769 
s 824
f 535/619/760 534/618/759 538/624/765 
s 825
f 560/661/810 545/640/781 544/639/780 
s 826
f 545/640/781 560/661/810 550/653/797 
s 827
f 544/639/780 543/638/779 546/641/782 
s 828
f 418/596/811 561/599/812 562/629/813 
s 829
f 563/630/814 562/629/813 561/599/812 
s 830
f 564/662/815 563/663/816 561/664/817 
s 831
f 526/633/774 419/445/583 457/498/639 
s 832
f 565/665/818 416/442/580 566/666/819 
s 833
f 416/442/580 562/667/820 566/666/819 
s 834
f 562/667/820 416/442/580 418/444/582 
s 835
f 456/493/634 421/492/633 417/631/772 
s 836
f 419/445/583 421/447/585 457/498/639 
s 837
f 565/668/821 567/669/822 568/670/823 
s 838
f 567/669/822 565/668/821 566/671/824 
s 839
f 562/672/825 567/669/822 566/671/824 
s 840
f 567/669/822 562/672/825 563/673/826 
s 841
f 420/598/827 569/597/828 418/596/811 
s 842
f 561/599/812 418/596/811 569/597/828 
s 843
f 419/674/829 570/675/830 420/676/831 
s 844
f 569/677/832 420/676/831 570/675/830 
s 845
f 570/606/833 419/605/834 571/604/835 
s 846
f 571/604/835 419/605/834 526/607/748 
s 847
f 568/678/836 572/679/837 573/680/838 
s 848
f 572/679/837 568/678/836 567/681/839 
s 849
f 563/663/816 572/679/837 567/681/839 
s 850
f 574/682/840 541/627/768 455/490/631 
s 851
f 451/489/630 574/682/840 455/490/631 
s 852
f 574/682/840 451/489/630 539/683/841 
s 853
f 449/684/842 165/623/764 537/622/763 
s 854
f 565/665/818 575/685/843 416/442/580 
s 855
f 139/686/844 149/483/624 454/488/629 
s 856
f 451/491/845 537/622/763 539/625/766 
s 857
f 537/622/763 451/491/845 449/684/842 
s 858
f 448/480/621 452/486/627 454/488/629 
s 859
f 452/486/627 448/480/621 450/484/625 
s 860
f 137/687/846 454/488/629 576/688/847 
s 861
f 454/488/629 137/687/846 139/686/844 
s 862
f 576/688/847 452/486/627 453/487/628 
s 863
f 452/486/627 576/688/847 454/488/629 
s 864
f 455/490/631 541/627/768 542/628/769 
s 865
f 542/628/769 453/491/632 455/490/631 
s 866
f 453/491/632 542/628/769 547/625/783 
s 867
f 148/623/802 576/684/848 555/622/801 
s 868
f 576/684/848 148/623/802 137/689/849 
s 869
f 555/622/801 453/491/632 547/625/783 
s 870
f 453/491/632 555/622/801 576/684/848 
s 871
f 574/682/840 573/680/838 541/627/768 
s 872
f 565/668/821 577/690/850 575/691/851 
s 873
f 565/668/821 568/670/823 577/690/850 
s 874
f 577/692/852 568/678/836 573/680/838 
s 875
f 578/693/853 577/692/852 573/680/838 
s 876
f 574/682/840 578/693/853 573/680/838 
s 877
f 579/694/854 551/646/855 540/695/856 
s 878
f 575/696/857 551/647/789 579/695/857 
s 879
f 536/697/858 575/691/851 577/690/850 
s 880
f 575/691/851 536/697/858 551/698/859 
s 881
f 534/699/860 577/692/852 578/693/853 
s 882
f 577/692/852 534/699/860 536/700/861 
s 883
f 539/683/841 578/693/853 574/682/840 
s 884
f 550/647/862 540/695/856 551/646/855 
s 885
f 540/694/863 550/646/788 560/701/863 
s 886
f 580/648/864 132/644/865 549/642/866 
s 887
f 580/648/864 549/642/866 551/646/855 
s 888
f 135/650/867 535/619/760 134/651/868 
s 889
f 535/619/760 135/650/867 580/652/869 
s 890
f 580/652/869 536/620/761 535/619/760 
s 891
f 536/620/761 580/652/869 551/653/870 
s 892
f 134/651/868 538/624/765 164/621/762 
s 893
f 538/624/765 134/651/868 535/619/760 
s 894
f 572/679/837 563/663/816 564/662/815 
s 895
f 569/677/832 581/702/871 564/662/815 
s 896
f 564/662/815 561/664/817 569/677/832 
s 897
f 569/677/832 582/703/872 581/702/871 
s 898
f 582/703/872 569/677/832 570/675/830 
s 899
f 570/606/833 583/614/873 582/615/874 
s 900
f 583/614/873 570/606/833 571/604/835 
s 901
f 583/614/873 571/604/835 526/607/748 
s 902
f 533/616/757 573/680/838 572/679/837 
s 903
f 573/680/838 533/616/757 541/627/768 
s 904
f 564/662/815 533/616/757 572/679/837 
s 905
f 533/616/757 564/662/815 556/654/803 
s 906
f 581/702/871 556/654/803 564/662/815 
s 907
f 556/654/803 581/702/871 557/655/804 
s 908
f 581/702/871 558/656/805 557/655/804 
s 909
f 558/656/805 581/702/871 582/703/872 
s 910
f 582/615/874 559/657/806 558/658/807 
s 911
f 559/657/806 582/615/874 583/614/873 
s 912
f 559/657/806 583/614/873 526/607/748 
s 913
f 579/659/875 540/626/767 416/500/767 
s 914
f 575/685/843 579/626/876 416/442/580 
s 915
f 275/330/342 242/286/294 239/282/289 
s 916
f 584/704/877 585/705/878 586/706/879 
s 917
f 587/707/880 588/708/881 589/709/882 
s 918
f 588/708/881 587/707/880 590/710/883 
s 919
f 589/709/882 591/711/884 592/712/885 
s 920
f 591/711/884 589/709/882 588/708/881 
s 921
f 593/713/886 591/711/884 594/714/887 
s 922
f 591/711/884 593/713/886 592/712/885 
s 923
f 593/713/886 586/706/879 585/705/878 
s 924
f 586/706/879 593/713/886 594/714/887 
s 925
f 590/715/888 595/716/889 596/717/890 
s 926
f 595/716/889 590/715/888 584/704/877 
s 927
f 586/706/879 595/716/889 584/704/877 
s 928
f 595/716/889 586/706/879 597/718/891 
s 929
f 590/710/883 598/719/892 588/708/881 
s 930
f 598/719/892 590/710/883 596/720/893 
s 931
f 588/708/881 599/721/894 591/711/884 
s 932
f 599/721/894 588/708/881 598/719/892 
s 933
f 594/714/887 599/721/894 600/722/895 
s 934
f 599/721/894 594/714/887 591/711/884 
s 935
f 594/714/887 597/718/891 586/706/879 
s 936
f 597/718/891 594/714/887 600/722/895 
s 937
f 596/717/890 505/723/896 504/724/897 
s 938
f 601/725/898 602/726/899 603/727/900 
s 939
f 601/725/898 603/727/900 604/728/901 
s 940
f 605/729/902 602/726/899 601/725/898 
s 941
f 601/725/898 604/728/901 606/730/903 
s 942
f 607/731/904 601/725/898 606/730/903 
s 943
f 607/731/904 606/730/903 608/732/905 
s 944
f 605/729/902 601/725/898 607/731/904 
s 945
f 578/693/853 539/683/841 534/699/860 
s 946
f 132/644/865 580/648/864 135/649/906 
s 947
f 609/733/907 610/734/908 611/735/909 
s 948
f 610/734/908 609/733/907 612/736/910 
s 949
f 502/737/911 611/735/909 610/734/908 
s 950
f 613/738/912 614/739/913 615/740/914 
s 951
f 616/741/915 614/739/913 613/738/912 
s 952
f 617/742/916 614/739/913 618/743/917 
s 953
f 615/740/914 614/739/913 617/742/916 
s 954
f 587/744/918 589/745/919 619/746/920 
s 955
f 619/746/920 589/745/919 585/705/878 
s 956
f 593/713/886 589/747/921 592/712/885 
s 957
f 585/705/878 589/747/921 593/713/886 
s 958
f 587/744/918 584/704/877 590/715/888 
s 959
f 584/704/877 587/744/918 619/746/920 
s 960
f 585/705/878 584/704/877 619/746/920 
s 961
f 617/748/922 620/749/923 615/750/924 
s 962
f 621/751/925 496/544/685 497/546/687 
s 963
f 610/752/926 622/753/927 502/551/692 
s 964
f 623/754/928 502/551/692 499/548/689 
s 965
f 623/754/928 499/548/689 496/544/685 
s 966
f 621/751/925 623/754/928 496/544/685 
s 967
f 620/755/929 621/756/930 624/757/931 
s 968
f 623/758/932 621/756/930 620/755/929 
s 969
f 624/757/931 621/756/930 625/759/933 
s 970
f 621/756/930 497/760/934 625/759/933 
s 971
f 625/759/933 497/760/934 609/733/907 
s 972
f 497/761/935 494/542/683 612/762/936 
s 973
f 610/752/926 494/542/683 622/753/927 
s 974
f 494/542/683 610/752/926 612/762/936 
s 975
f 611/735/909 502/737/911 626/763/937 
s 976
f 626/763/937 623/758/932 620/755/929 
s 977
f 502/737/911 623/758/932 626/763/937 
s 978
f 494/542/683 493/541/682 622/753/927 
s 979
f 503/552/693 622/753/927 493/541/682 
s 980
f 622/753/927 501/550/691 502/551/692 
s 981
f 501/550/691 622/753/927 503/552/693 
s 982
f 497/761/935 495/543/684 494/542/683 
s 983
f 505/723/896 596/717/890 595/716/889 
s 984
f 597/718/891 505/723/896 595/716/889 
s 985
f 505/723/896 597/718/891 506/764/938 
s 986
f 596/720/893 507/765/939 598/719/892 
s 987
f 507/765/939 596/720/893 504/766/940 
s 988
f 598/719/892 508/767/941 599/721/894 
s 989
f 508/767/941 598/719/892 507/765/939 
s 990
f 600/722/895 508/767/941 509/768/942 
s 991
f 508/767/941 600/722/895 599/721/894 
s 992
f 597/718/891 509/768/942 506/764/938 
s 993
f 509/768/942 597/718/891 600/722/895 
s 994
f 615/750/924 620/749/923 624/769/943 
s 995
f 615/750/924 624/769/943 613/770/944 
s 996
f 613/770/944 624/769/943 625/568/945 
s 997
f 613/770/944 625/568/945 616/771/946 
s 998
f 616/772/947 625/773/948 609/774/949 
s 999
f 616/772/947 609/774/949 614/775/950 
s 1000
f 614/775/950 609/774/949 611/776/951 
s 1001
f 614/775/950 611/776/951 618/777/952 
s 1002
f 618/777/952 611/776/951 626/778/953 
s 1003
f 618/777/952 626/778/953 617/748/922 
s 1004
f 617/748/922 626/778/953 620/749/923 
s 1005
f 627/779/574 628/780/574 629/781/574 
s 1006
f 627/779/574 629/781/574 630/782/574 
s 1007
f 497/760/934 612/736/910 609/733/907 
s 1008
f 631/783/954 627/784/955 632/785/955 
s 1009
f 631/783/954 628/786/954 627/784/955 
s 1010
f 633/787/956 629/788/957 634/789/957 
s 1011
f 633/787/956 630/790/956 629/788/957 
s 1012
f 635/791/958 630/790/956 633/787/956 
s 1013
f 635/791/958 636/792/958 630/790/956 
s 1014
f 632/785/955 636/792/958 635/791/958 
s 1015
f 632/785/955 627/784/955 636/792/958 
s 1016
f 632/779/577 634/781/577 631/780/577 
s 1017
f 632/779/577 633/782/577 634/781/577 
s 1018
f 632/779/577 635/793/577 633/782/577 
s 1019
f 637/794/959 638/795/960 639/796/961 
s 1020
f 639/796/961 640/797/962 637/794/959 
s 1021
f 638/795/960 641/798/963 642/799/964 
s 1022
f 642/799/964 639/796/961 638/795/960 
s 1023
f 641/798/963 643/800/965 644/801/966 
s 1024
f 645/802/967 646/803/968 647/804/969 
s 1025
f 648/805/970 649/806/971 650/807/972 
s 1026
f 650/807/972 645/802/967 648/805/970 
s 1027
f 649/806/971 651/808/973 652/809/974 
s 1028
f 652/809/974 650/807/972 649/806/971 
s 1029
f 652/797/975 646/796/976 653/795/977 
s 1030
f 653/795/977 654/794/978 652/797/975 
s 1031
f 646/796/976 645/799/979 655/798/980 
s 1032
f 655/798/980 653/795/977 646/796/976 
s 1033
f 645/799/979 650/801/981 656/800/982 
s 1034
f 656/800/982 655/798/980 645/799/979 
s 1035
f 650/801/981 652/797/975 654/794/978 
s 1036
f 654/794/978 656/800/982 650/801/981 
s 1037
f 657/810/983 604/728/901 603/727/900 
s 1038
f 165/623/764 449/684/842 171/689/984 
s 1039
f 658/811/985 657/810/983 603/727/900 
s 1040
f 658/811/985 603/727/900 659/812/986 
s 1041
f 660/813/987 657/810/983 658/811/985 
s 1042
f 661/814/988 608/732/905 606/730/903 
s 1043
f 657/810/983 661/814/988 606/730/903 
s 1044
f 657/810/983 606/730/903 604/728/901 
s 1045
f 660/813/987 661/814/988 657/810/983 
s 1046
f 602/726/899 659/812/986 603/727/900 
s 1047
f 644/801/966 642/799/964 641/798/963 
s 1048
f 643/800/965 637/794/959 640/797/962 
s 1049
f 640/797/962 644/801/966 643/800/965 
s 1050
f 640/809/989 639/803/990 662/804/991 
s 1051
f 662/804/991 663/808/992 640/809/989 
s 1052
f 639/803/990 642/802/993 664/805/994 
s 1053
f 664/805/994 662/804/991 639/803/990 
s 1054
f 642/802/993 644/807/995 665/806/996 
s 1055
f 665/806/996 664/805/994 642/802/993 
s 1056
f 644/807/995 640/809/989 663/808/992 
s 1057
f 663/808/992 665/806/996 644/807/995 
s 1058
f 663/815/997 662/816/998 647/817/998 
s 1059
f 647/817/998 651/818/997 663/815/997 
s 1060
f 662/816/998 664/819/999 648/820/999 
s 1061
f 648/820/999 647/817/998 662/816/998 
s 1062
f 664/819/999 665/821/1000 649/822/1000 
s 1063
f 649/822/1000 648/820/999 664/819/999 
s 1064
f 665/821/1000 663/815/997 651/818/997 
s 1065
f 651/818/997 649/822/1000 665/821/1000 
s 1066
f 651/808/973 647/804/969 646/803/968 
s 1067
f 646/803/968 652/809/974 651/808/973 
s 1068
f 647/804/969 648/805/970 645/802/967 
s 1069
f 627/779/574 630/782/574 636/793/574 
s 1070
f 666/823/1001 667/824/1002 668/825/1003 
s 1071
f 667/824/1002 666/823/1001 669/826/1004 
s 1072
f 669/826/1004 670/827/1005 667/824/1002 
s 1073
f 670/827/1005 669/826/1004 671/828/1006 
s 1074
f 671/828/1006 672/829/1007 670/827/1005 
s 1075
f 672/829/1007 671/828/1006 673/830/1008 
s 1076
f 674/831/1009 669/826/1004 666/823/1001 
s 1077
f 669/826/1004 674/831/1009 675/832/1010 
s 1078
f 675/832/1010 671/828/1006 669/826/1004 
s 1079
f 671/828/1006 675/832/1010 676/833/1011 
s 1080
f 676/833/1011 673/830/1008 671/828/1006 
s 1081
f 673/830/1008 676/833/1011 677/834/1012 
s 1082
f 678/835/1013 675/832/1010 674/831/1009 
s 1083
f 675/832/1010 678/835/1013 679/836/1014 
s 1084
f 679/836/1014 676/833/1011 675/832/1010 
s 1085
f 676/833/1011 679/836/1014 680/837/1015 
s 1086
f 680/837/1015 677/834/1012 676/833/1011 
s 1087
f 677/834/1012 680/837/1015 681/838/1016 
s 1088
f 682/839/1017 683/840/1018 684/841/1019 
s 1089
f 685/842/1020 682/839/1017 686/843/1017 
s 1090
f 687/844/1021 688/845/1022 672/846/1023 
s 1091
f 670/847/1024 689/848/1025 667/849/1026 
s 1092
f 687/844/1021 690/850/1027 688/845/1022 
s 1093
f 670/847/1024 688/845/1022 691/851/1028 
s 1094
f 685/852/1029 690/850/1027 687/844/1021 
s 1095
f 672/846/1023 688/845/1022 670/847/1024 
s 1096
f 689/848/1025 670/847/1024 691/851/1028 
s 1097
f 689/848/1025 668/853/1030 667/849/1026 
s 1098
f 692/854/1031 690/850/1027 685/852/1029 
s 1099
f 693/855/1032 694/856/1032 695/857/1033 
s 1100
f 683/840/1018 694/856/1032 693/855/1032 
s 1101
f 686/843/1017 682/839/1017 684/841/1019 
s 1102
f 692/858/1020 685/842/1020 686/843/1017 
s 1103
f 684/841/1019 683/840/1018 693/855/1032 
s 1104
f 672/829/1007 673/830/1008 687/859/1034 
s 1105
f 673/830/1008 677/834/1012 687/859/1034 
s 1106
f 687/859/1034 677/834/1012 681/838/1016 
s 1107
f 696/860/1035 697/861/1036 698/862/1037 
s 1108
f 697/861/1036 696/860/1035 699/863/1038 
s 1109
f 698/862/1037 700/864/1039 701/865/1040 
s 1110
f 700/864/1039 698/862/1037 697/861/1036 
s 1111
f 678/835/1013 696/860/1035 702/866/1041 
s 1112
f 696/860/1035 678/835/1013 674/831/1009 
s 1113
f 702/866/1041 698/862/1037 703/867/1042 
s 1114
f 698/862/1037 702/866/1041 696/860/1035 
s 1115
f 703/867/1042 701/865/1040 704/868/1043 
s 1116
f 701/865/1040 703/867/1042 698/862/1037 
s 1117
f 702/866/1041 695/869/1044 678/835/1013 
s 1118
f 695/869/1044 702/866/1041 693/870/1045 
s 1119
f 703/867/1042 693/870/1045 702/866/1041 
s 1120
f 693/870/1045 703/867/1042 684/871/1046 
s 1121
f 704/868/1043 684/871/1046 703/867/1042 
s 1122
f 684/871/1046 704/868/1043 686/872/1047 
s 1123
f 690/873/1048 686/872/1047 704/868/1043 
s 1124
f 686/872/1047 690/873/1048 692/874/1049 
s 1125
f 679/836/1014 695/869/1044 694/875/1050 
s 1126
f 695/869/1044 679/836/1014 678/835/1013 
s 1127
f 680/837/1015 694/875/1050 683/876/1051 
s 1128
f 694/875/1050 680/837/1015 679/836/1014 
s 1129
f 681/838/1016 683/876/1051 682/877/1052 
s 1130
f 683/876/1051 681/838/1016 680/837/1015 
s 1131
f 687/859/1034 682/877/1052 685/878/1053 
s 1132
f 682/877/1052 687/859/1034 681/838/1016 
s 1133
f 690/873/1048 700/864/1039 688/879/1054 
s 1134
f 690/873/1048 701/865/1040 700/864/1039 
s 1135
f 704/868/1043 701/865/1040 690/873/1048 
s 1136
f 666/823/1001 689/880/1055 699/863/1038 
s 1137
f 689/880/1055 666/823/1001 668/825/1003 
s 1138
f 699/863/1038 691/881/1056 697/861/1036 
s 1139
f 691/881/1056 699/863/1038 689/880/1055 
s 1140
f 697/861/1036 688/879/1054 700/864/1039 
s 1141
f 688/879/1054 697/861/1036 691/881/1056 
s 1142
f 674/831/1009 699/863/1038 696/860/1035 
s 1143
f 699/863/1038 674/831/1009 666/823/1001 
s 1144
f 705/882/1057 706/883/1058 707/884/1059 
s 1145
f 706/883/1058 705/882/1057 708/885/1060 
s 1146
f 709/886/1061 708/885/1060 705/882/1057 
s 1147
f 708/885/1060 709/886/1061 710/887/1062 
s 1148
f 711/888/1063 710/887/1062 709/886/1061 
s 1149
f 710/887/1062 711/888/1063 712/889/1064 
s 1150
f 708/885/1060 713/890/1065 706/883/1058 
s 1151
f 713/890/1065 708/885/1060 714/891/1066 
s 1152
f 710/887/1062 714/891/1066 708/885/1060 
s 1153
f 714/891/1066 710/887/1062 715/892/1067 
s 1154
f 712/889/1064 715/892/1067 710/887/1062 
s 1155
f 715/892/1067 712/889/1064 716/893/1068 
s 1156
f 714/891/1066 717/894/1069 713/890/1065 
s 1157
f 717/894/1069 714/891/1066 718/895/1070 
s 1158
f 715/892/1067 718/895/1070 714/891/1066 
s 1159
f 718/895/1070 715/892/1067 719/896/1071 
s 1160
f 716/893/1068 719/896/1071 715/892/1067 
s 1161
f 719/896/1071 716/893/1068 720/897/1072 
s 1162
f 721/898/1073 722/899/1074 723/900/1073 
s 1163
f 722/899/1074 724/901/1075 725/902/1074 
s 1164
f 726/903/1076 727/904/1077 711/905/1078 
s 1165
f 728/906/1079 709/907/1080 705/908/1081 
s 1166
f 729/909/1082 727/904/1077 726/903/1076 
s 1167
f 726/903/1076 709/907/1080 730/910/1083 
s 1168
f 729/909/1082 724/911/1084 727/904/1077 
s 1169
f 726/903/1076 711/905/1078 709/907/1080 
s 1170
f 709/907/1080 728/906/1079 730/910/1083 
s 1171
f 707/912/1085 728/906/1079 705/908/1081 
s 1172
f 729/909/1082 731/913/1086 724/911/1084 
s 1173
f 732/914/1087 733/915/1087 734/916/1088 
s 1174
f 732/914/1087 721/898/1073 733/915/1087 
s 1175
f 722/899/1074 725/902/1074 723/900/1073 
s 1176
f 724/901/1075 731/917/1075 725/902/1074 
s 1177
f 721/898/1073 723/900/1073 733/915/1087 
s 1178
f 712/889/1064 711/888/1063 727/918/1089 
s 1179
f 716/893/1068 712/889/1064 727/918/1089 
s 1180
f 716/893/1068 727/918/1089 720/897/1072 
s 1181
f 735/919/1090 736/920/1091 737/921/1092 
s 1182
f 736/920/1091 735/919/1090 738/922/1093 
s 1183
f 739/923/1094 737/921/1092 740/924/1095 
s 1184
f 737/921/1092 739/923/1094 735/919/1090 
s 1185
f 736/920/1091 717/894/1069 741/925/1096 
s 1186
f 717/894/1069 736/920/1091 713/890/1065 
s 1187
f 737/921/1092 741/925/1096 742/926/1097 
s 1188
f 741/925/1096 737/921/1092 736/920/1091 
s 1189
f 740/924/1095 742/926/1097 743/927/1098 
s 1190
f 742/926/1097 740/924/1095 737/921/1092 
s 1191
f 734/928/1099 741/925/1096 717/894/1069 
s 1192
f 741/925/1096 734/928/1099 733/929/1100 
s 1193
f 733/929/1100 742/926/1097 741/925/1096 
s 1194
f 742/926/1097 733/929/1100 723/930/1101 
s 1195
f 723/930/1101 743/927/1098 742/926/1097 
s 1196
f 743/927/1098 723/930/1101 725/931/1102 
s 1197
f 725/931/1102 729/932/1103 743/927/1098 
s 1198
f 729/932/1103 725/931/1102 731/933/1104 
s 1199
f 734/928/1099 718/895/1070 732/934/1105 
s 1200
f 718/895/1070 734/928/1099 717/894/1069 
s 1201
f 732/934/1105 719/896/1071 721/935/1106 
s 1202
f 719/896/1071 732/934/1105 718/895/1070 
s 1203
f 721/935/1106 720/897/1072 722/936/1107 
s 1204
f 720/897/1072 721/935/1106 719/896/1071 
s 1205
f 722/936/1107 727/918/1089 724/937/1108 
s 1206
f 727/918/1089 722/936/1107 720/897/1072 
s 1207
f 739/923/1094 729/932/1103 726/938/1109 
s 1208
f 740/924/1095 729/932/1103 739/923/1094 
s 1209
f 740/924/1095 743/927/1098 729/932/1103 
s 1210
f 728/939/1110 706/883/1058 738/922/1093 
s 1211
f 706/883/1058 728/939/1110 707/884/1059 
s 1212
f 730/940/1111 738/922/1093 735/919/1090 
s 1213
f 738/922/1093 730/940/1111 728/939/1110 
s 1214
f 726/938/1109 735/919/1090 739/923/1094 
s 1215
f 735/919/1090 726/938/1109 730/940/1111 
s 1216
f 738/922/1093 713/890/1065 736/920/1091 
s 1217
f 713/890/1065 738/922/1093 706/883/1058 
s 1
f 744/941/1112 745/942/1113 746/943/1114 
s 2
f 747/944/1115 748/945/1116 749/946/1117 
s 3
f 748/945/1116 747/944/1115 744/941/1112 
s 4
f 750/946/1118 746/941/1119 745/944/1120 
s 5
f 746/941/1119 750/946/1118 751/945/1121 
s 6
f 749/947/1122 745/941/1123 747/943/1124 
s 7
f 745/941/1123 749/947/1122 750/945/1125 
s 8
f 748/945/1116 746/943/1114 751/947/1126 
s 9
f 746/943/1114 748/945/1116 744/941/1112 
s 10
f 752/948/1127 753/949/1128 754/950/1129 
s 11
f 753/949/1128 752/948/1127 755/951/1130 
s 12
f 754/950/1129 756/952/1131 757/953/1132 
s 13
f 756/952/1131 754/950/1129 753/949/1128 
s 14
f 757/953/1132 758/954/1133 759/955/1134 
s 15
f 758/954/1133 757/953/1132 756/952/1131 
s 16
f 759/955/1134 760/956/1135 761/957/1136 
s 17
f 760/956/1135 759/955/1134 758/954/1133 
s 18
f 761/957/1136 755/951/1130 752/948/1127 
s 19
f 762/958/1137 763/959/1138 764/960/1139 
s 20
f 765/961/1140 762/962/1141 764/963/1142 
s 21
f 766/964/1143 764/963/1142 767/965/1144 
s 22
f 764/963/1142 766/964/1143 765/961/1140 
s 23
f 768/966/1145 764/960/1139 763/959/1138 
s 24
f 764/960/1139 768/966/1145 767/967/1146 
s 25
f 768/966/1145 769/968/1147 767/967/1146 
s 26
f 769/969/1148 766/964/1143 767/965/1144 
s 27
f 770/970/1149 771/971/1150 772/972/1151 
s 28
f 772/973/1152 773/974/1153 774/975/1154 
s 29
f 775/976/1155 776/977/1156 777/978/1157 
s 30
f 778/979/1158 775/976/1155 777/978/1157 
s 31
f 769/980/1159 768/981/1160 777/978/1157 
s 32
f 766/982/1161 769/980/1159 779/983/1162 
s 33
f 780/984/1163 781/985/1164 779/983/1162 
s 34
f 780/984/1163 779/983/1162 769/980/1159 
s 35
f 782/986/1165 783/987/1166 784/988/1167 
s 36
f 785/989/1168 783/987/1166 782/986/1165 
s 37
f 785/989/1168 786/990/1169 783/987/1166 
s 38
f 787/991/1170 785/989/1168 782/986/1165 
s 39
f 785/989/1168 788/992/1171 786/990/1169 
s 40
f 788/993/1172 785/994/1173 789/995/1174 
s 41
f 790/996/1175 789/995/1174 785/994/1173 
s 42
f 791/997/1176 792/998/1177 793/999/1178 
s 43
f 792/998/1177 791/997/1176 794/1000/1179 
s 44
f 784/988/1167 794/1000/1179 791/997/1176 
s 45
f 794/1000/1179 784/988/1167 795/1001/1180 
s 46
f 796/1002/1181 795/1001/1180 784/988/1167 
s 47
f 795/1001/1180 796/1002/1181 797/1003/1182 
s 48
f 777/978/1157 768/981/1160 778/979/1158 
s 49
f 798/1004/1183 770/970/1149 799/1005/1184 
s 50
f 800/1006/1185 798/1004/1183 799/1005/1184 
s 51
f 800/1006/1185 799/1005/1184 801/1007/1186 
s 52
f 802/1008/1187 800/1006/1185 801/1007/1186 
s 53
f 799/1005/1184 770/970/1149 772/972/1151 
s 54
f 799/1005/1184 772/1009/1188 803/1010/1189 
s 55
f 801/1007/1186 799/1005/1184 803/1010/1189 
s 56
f 803/1010/1189 772/1009/1188 774/1011/1190 
s 57
f 745/942/1113 744/941/1112 747/1012/1113 
s 58
f 804/1013/1191 805/1014/1192 806/1015/1193 
s 59
f 807/1016/1194 804/1017/1195 806/1018/1196 
s 60
f 807/1016/1194 806/1018/1196 808/1019/1197 
s 61
f 809/1020/1198 807/1016/1194 808/1019/1197 
s 62
f 809/1020/1198 808/1019/1197 810/1021/1199 
s 63
f 811/1022/1200 809/1020/1198 810/1021/1199 
s 64
f 806/1015/1201 805/1014/1192 812/1023/1202 
s 65
f 806/1015/1201 812/1023/1202 771/1024/1203 
s 66
f 808/1019/1197 806/1018/1196 771/971/1150 
s 67
f 808/1019/1197 771/971/1150 770/970/1149 
s 68
f 810/1021/1199 808/1019/1197 770/970/1149 
s 69
f 771/1024/1203 812/1023/1202 773/974/1153 
s 70
f 771/1024/1203 773/974/1153 772/973/1152 
s 71
f 813/1025/1204 814/1026/1205 780/984/1163 
s 72
f 813/1025/1204 780/984/1163 815/1027/1206 
s 73
f 816/1028/1207 814/1026/1205 813/1029/1208 
s 74
f 786/990/1169 796/1002/1181 783/987/1166 
s 75
f 783/987/1166 796/1002/1181 784/988/1167 
s 76
f 782/986/1165 784/988/1167 791/997/1176 
s 77
f 817/1030/1209 782/986/1165 791/997/1176 
s 78
f 817/1030/1209 791/997/1176 793/999/1178 
s 79
f 815/1031/1210 818/1032/1211 788/993/1172 
s 80
f 789/995/1174 815/1031/1210 788/993/1172 
s 81
f 787/991/1170 782/986/1165 817/1030/1209 
s 82
f 813/1029/1208 815/1031/1210 789/995/1174 
s 83
f 816/1028/1207 813/1029/1208 789/995/1174 
s 84
f 790/996/1175 785/994/1212 787/1033/1213 
s 85
f 816/1028/1207 789/995/1174 790/996/1175 
s 86
f 819/1034/1214 820/1035/1215 821/1036/1216 
s 87
f 822/1037/1217 819/1034/1214 821/1036/1216 
s 88
f 822/1037/1217 821/1036/1216 823/1038/1218 
s 89
f 824/1039/1219 822/1037/1217 825/1040/1220 
s 90
f 822/1037/1217 823/1038/1218 825/1040/1220 
s 91
f 802/1008/1187 824/1039/1219 826/1041/1221 
s 92
f 824/1039/1219 827/1042/1222 826/1041/1221 
s 93
f 826/1041/1221 775/976/1155 828/1043/1223 
s 94
f 776/977/1156 827/1042/1222 829/1044/1224 
s 95
f 830/1045/1225 776/977/1156 829/1044/1224 
s 96
f 827/1046/1226 825/1047/1227 829/1048/1228 
s 97
f 829/1048/1228 825/1047/1227 823/1049/1229 
s 98
f 827/1042/1222 824/1039/1219 825/1040/1220 
s 99
f 778/979/1158 828/1043/1223 775/976/1155 
s 100
f 831/1050/1230 769/980/1159 777/978/1157 
s 101
f 831/1050/1230 830/1045/1225 832/1051/1231 
s 102
f 831/1050/1230 832/1051/1231 818/1052/1232 
s 103
f 831/1050/1230 777/978/1157 830/1045/1225 
s 104
f 777/978/1157 776/977/1156 830/1045/1225 
s 105
f 830/1045/1225 829/1044/1224 823/1038/1218 
s 106
f 826/1041/1221 827/1042/1222 776/977/1156 
s 107
f 826/1041/1221 776/977/1156 775/976/1155 
s 108
f 832/1051/1231 830/1045/1225 823/1038/1218 
s 109
f 832/1051/1231 823/1038/1218 821/1036/1216 
s 110
f 832/1051/1231 821/1036/1216 820/1035/1215 
s 111
f 780/984/1163 769/980/1159 815/1027/1206 
s 112
f 815/1027/1206 769/980/1159 831/1050/1230 
s 113
f 815/1027/1206 831/1050/1230 818/1052/1232 
s 114
f 804/1013/1191 792/1053/1233 805/1014/1192 
s 115
f 833/1054/1234 781/985/1164 834/1055/1235 
s 116
f 779/983/1162 781/985/1164 833/1054/1234 
s 117
f 835/988/1236 836/987/1237 837/986/1238 
s 118
f 837/986/1238 836/987/1237 838/989/1239 
s 119
f 836/987/1237 839/990/1240 838/989/1239 
s 120
f 837/986/1238 838/989/1239 787/991/1170 
s 121
f 840/1002/1241 809/1056/1242 839/990/1240 
s 122
f 841/1057/1243 839/990/1240 809/1056/1242 
s 123
f 839/990/1240 841/992/1244 838/989/1239 
s 124
f 842/995/1245 838/994/1246 841/1058/1247 
s 125
f 838/994/1246 842/995/1245 790/996/1175 
s 126
f 793/999/1178 792/998/1177 843/997/1248 
s 127
f 804/1000/1249 843/997/1248 792/998/1177 
s 128
f 843/997/1248 804/1000/1249 835/988/1236 
s 129
f 807/1001/1250 835/988/1236 804/1000/1249 
s 130
f 835/988/1236 807/1001/1250 840/1002/1241 
s 131
f 809/1003/1251 840/1002/1241 807/1001/1250 
s 132
f 765/1059/1252 766/982/1253 779/983/1162 
s 133
f 844/1060/1254 778/979/1158 763/1061/1255 
s 134
f 828/1043/1223 845/1062/1256 826/1041/1221 
s 135
f 846/1063/1257 847/1064/1258 848/1065/1259 
s 136
f 846/1063/1257 848/1065/1259 849/1066/1260 
s 137
f 755/951/1130 761/957/1136 760/956/1135 
s 138
f 754/950/1129 757/953/1132 759/955/1134 
s 139
f 754/950/1129 759/955/1134 761/957/1136 
s 140
f 754/950/1129 761/957/1136 752/948/1127 
s 141
f 755/1067/1261 850/1068/1261 753/1069/1261 
s 142
f 850/1068/1261 755/1067/1261 851/1070/1261 
s 143
f 753/1071/1262 852/1072/1263 756/1073/1263 
s 144
f 852/1072/1263 753/1071/1262 850/1074/1262 
s 145
f 756/1073/1263 853/1075/1264 758/1076/1264 
s 146
f 853/1075/1264 756/1073/1263 852/1072/1263 
s 147
f 758/1069/1265 854/1070/1265 760/1067/1265 
s 148
f 854/1070/1265 758/1069/1265 853/1068/1265 
s 149
f 760/1077/1266 851/1078/1266 755/1079/1266 
s 150
f 851/1078/1266 760/1077/1266 854/1080/1266 
s 151
f 809/1081/1267 811/1082/1267 841/1058/1247 
s 152
f 841/1058/1247 811/1082/1267 855/1032/1268 
s 153
f 844/1060/1254 848/1065/1259 845/1062/1256 
s 154
f 844/1060/1254 845/1062/1256 778/979/1158 
s 155
f 844/1060/1254 763/1061/1255 762/1083/1269 
s 156
f 762/1083/1269 765/1059/1252 833/1054/1234 
s 157
f 779/983/1162 833/1054/1234 765/1059/1252 
s 158
f 833/1054/1234 834/1055/1235 762/1083/1269 
s 159
f 856/1031/1270 834/1055/1235 857/1029/1271 
s 160
f 857/1029/1271 814/1026/1205 816/1028/1207 
s 161
f 836/987/1237 840/1002/1241 839/990/1240 
s 162
f 835/988/1236 840/1002/1241 836/987/1237 
s 163
f 843/997/1248 835/988/1236 837/986/1238 
s 164
f 843/997/1248 837/986/1238 817/1030/1209 
s 165
f 793/999/1178 843/997/1248 817/1030/1209 
s 166
f 841/1058/1247 855/1032/1268 856/1031/1270 
s 167
f 841/1058/1247 856/1031/1270 842/995/1245 
s 168
f 817/1030/1209 837/986/1238 787/991/1170 
s 169
f 842/995/1245 856/1031/1270 857/1029/1271 
s 170
f 842/995/1245 857/1029/1271 816/1028/1207 
s 171
f 814/1026/1205 781/985/1164 780/984/1163 
s 172
f 790/996/1175 842/995/1245 816/1028/1207 
s 173
f 858/1084/1272 811/1022/1200 810/1021/1199 
s 174
f 858/1084/1272 810/1021/1199 798/1004/1183 
s 175
f 859/1085/1273 858/1084/1272 798/1004/1183 
s 176
f 860/1086/1274 798/1004/1183 800/1006/1185 
s 177
f 860/1086/1274 859/1085/1273 798/1004/1183 
s 178
f 826/1041/1221 800/1006/1185 802/1008/1187 
s 179
f 826/1041/1221 847/1064/1258 800/1006/1185 
s 180
f 798/1004/1183 810/1021/1199 770/970/1149 
s 181
f 846/1063/1257 860/1086/1274 847/1064/1258 
s 182
f 859/1085/1273 860/1086/1274 846/1063/1257 
s 183
f 860/1086/1274 800/1006/1185 847/1064/1258 
s 184
f 845/1062/1256 828/1043/1223 778/979/1158 
s 185
f 768/981/1160 763/1061/1255 778/979/1158 
s 186
f 861/1087/1275 844/1060/1254 762/1083/1269 
s 187
f 862/1088/1276 849/1066/1260 861/1087/1275 
s 188
f 855/1032/1268 862/1088/1276 861/1087/1275 
s 189
f 849/1066/1260 844/1060/1254 861/1087/1275 
s 190
f 849/1066/1260 848/1065/1259 844/1060/1254 
s 191
f 859/1085/1273 846/1063/1257 849/1066/1260 
s 192
f 848/1065/1259 847/1064/1258 826/1041/1221 
s 193
f 845/1062/1256 848/1065/1259 826/1041/1221 
s 194
f 859/1085/1273 849/1066/1260 862/1088/1276 
s 195
f 858/1084/1272 859/1085/1273 862/1088/1276 
s 196
f 811/1022/1200 862/1088/1276 855/1032/1268 
s 197
f 811/1022/1200 858/1084/1272 862/1088/1276 
s 198
f 856/1031/1270 762/1083/1269 834/1055/1235 
s 199
f 861/1087/1275 762/1083/1269 856/1031/1270 
s 200
f 855/1032/1268 861/1087/1275 856/1031/1270 
s 201
f 834/1055/1235 781/985/1164 814/1026/1205 
s 202
f 834/1055/1235 814/1026/1205 857/1029/1271 
s 203
f 863/973/1277 773/974/1153 864/1024/1278 
s 204
f 863/972/1279 864/971/1280 865/970/1281 
s 205
f 774/975/1154 773/974/1153 863/973/1277 
s 206
f 865/1089/1282 819/1034/1214 822/1037/1217 
s 207
f 866/1090/1283 865/1089/1282 822/1037/1217 
s 208
f 866/1090/1283 822/1037/1217 824/1039/1219 
s 209
f 801/1007/1186 866/1090/1283 824/1039/1219 
s 210
f 801/1007/1186 824/1039/1219 802/1008/1187 
s 211
f 863/972/1279 865/970/1281 866/1005/1284 
s 212
f 803/1010/1189 863/1091/1285 866/1090/1283 
s 213
f 803/1010/1189 866/1090/1283 801/1007/1186 
s 214
f 774/1011/1190 863/1091/1285 803/1010/1189 
s 215
f 805/1014/1192 792/1053/1233 794/1013/1286 
s 216
f 867/1015/1287 805/1014/1192 794/1013/1286 
s 217
f 867/1018/1288 794/1017/1289 795/1016/1290 
s 218
f 868/1019/1291 867/1018/1288 795/1016/1290 
s 219
f 868/1019/1291 795/1016/1290 797/1020/1292 
s 220
f 819/1021/1293 868/1019/1291 797/1020/1292 
s 221
f 819/1021/1293 797/1020/1292 820/1022/1294 
s 222
f 812/1023/1202 805/1014/1192 867/1015/1287 
s 223
f 864/1024/1278 812/1023/1202 867/1015/1287 
s 224
f 864/971/1280 867/1018/1288 868/1019/1291 
s 225
f 865/970/1281 864/971/1280 868/1019/1291 
s 226
f 865/970/1281 868/1019/1291 819/1021/1293 
s 227
f 773/974/1153 812/1023/1202 864/1024/1278 
s 228
f 787/1033/1213 838/994/1246 790/996/1175 
s 1
f 869/1092/1295 870/1093/1295 871/1094/1296 
s 2
f 872/1094/1297 869/1095/1298 871/1096/1298 
s 3
f 869/1095/1298 872/1094/1297 873/1092/1297 
s 4
f 874/1097/1299 875/1098/1300 876/1099/1300 
s 5
f 876/1099/1300 875/1098/1300 877/1100/1300 
s 6
f 877/1100/1300 875/1098/1300 878/1101/1300 
s 7
f 876/1099/1300 877/1100/1300 879/1102/1300 
s 8
f 874/1103/1295 880/1104/1301 875/1105/1301 
s 9
f 880/1104/1301 874/1103/1295 881/1106/1302 
s 10
f 875/1105/1301 882/1107/1303 878/1108/1303 
s 11
f 882/1107/1303 875/1105/1301 880/1104/1301 
s 12
f 878/1108/1303 883/1109/1304 877/1110/1305 
s 13
f 883/1109/1304 878/1108/1303 882/1107/1303 
s 14
f 877/1110/1305 884/1107/1306 879/1108/1307 
s 15
f 884/1107/1306 877/1110/1305 883/1109/1304 
s 16
f 871/1111/1300 885/1112/1299 886/1113/1300 
s 17
f 872/1114/1300 871/1111/1300 886/1113/1300 
s 18
f 887/1115/1308 888/1116/1309 889/1117/1310 
s 19
f 888/1116/1309 887/1115/1308 890/1118/1311 
s 20
f 889/1117/1310 891/1119/1312 892/1120/1313 
s 21
f 891/1119/1312 889/1117/1310 888/1116/1309 
s 22
f 892/1120/1313 893/1121/1314 894/1122/1315 
s 23
f 893/1121/1314 892/1120/1313 891/1119/1312 
s 24
f 894/1122/1315 895/1119/1316 896/1120/1317 
s 25
f 895/1119/1316 894/1122/1315 893/1121/1314 
s 26
f 896/1120/1317 897/1116/1318 898/1117/1319 
s 27
f 899/1123/1299 900/1124/1299 901/1125/1300 
s 28
f 902/1126/1299 900/1124/1299 899/1123/1299 
s 29
f 881/1106/1302 876/1105/1320 903/1104/1321 
s 30
f 876/1105/1320 881/1106/1302 874/1103/1295 
s 31
f 903/1104/1321 879/1108/1307 884/1107/1306 
s 32
f 879/1108/1298 903/1104/1298 876/1105/1322 
s 33
f 871/1111/1300 870/1127/1300 885/1112/1300 
s 34
f 872/1114/1300 886/1113/1300 904/1128/1300 
s 35
f 872/1114/1300 904/1128/1300 905/1129/1300 
s 36
f 870/1130/1323 906/1131/1324 885/1132/1325 
s 37
f 885/1132/1325 907/1133/1326 886/1134/1327 
s 38
f 907/1133/1326 885/1132/1325 906/1131/1324 
s 39
f 907/1133/1328 908/1135/1329 904/1136/1330 
s 40
f 904/1136/1330 886/1134/1331 907/1133/1328 
s 41
f 904/1136/1330 908/1135/1329 905/1137/1323 
s 42
f 905/1093/1305 873/1092/1297 872/1094/1297 
s 43
f 873/1092/1297 905/1093/1305 908/1138/1305 
s 44
f 901/1125/1300 900/1124/1299 909/1139/1300 
s 45
f 899/1123/1299 901/1125/1300 910/1140/1300 
s 46
f 902/1103/1295 911/1141/1301 900/1142/1332 
s 47
f 911/1141/1301 902/1103/1295 912/1143/1296 
s 48
f 900/1142/1332 913/1144/1303 909/1145/1333 
s 49
f 870/1093/1295 869/1092/1295 906/1138/1295 
s 50
f 897/1116/1318 896/1120/1317 895/1119/1316 
s 51
f 898/1117/1319 890/1118/1311 887/1115/1308 
s 52
f 890/1118/1311 898/1117/1319 897/1116/1318 
s 53
f 888/1146/1334 893/1147/1334 891/1148/1334 
s 54
f 893/1147/1334 897/1149/1334 895/1150/1334 
s 55
f 888/1146/1334 897/1149/1334 893/1147/1334 
s 56
f 890/1151/1334 897/1149/1334 888/1146/1334 
s 57
f 912/1143/1296 899/1142/1335 914/1141/1335 
s 58
f 899/1142/1335 912/1143/1296 902/1103/1295 
s 59
f 914/1141/1335 910/1145/1306 915/1144/1306 
s 60
f 910/1145/1306 914/1141/1335 899/1142/1335 
s 61
f 915/1144/1306 901/1110/1336 916/1152/1337 
s 62
f 901/1110/1336 915/1144/1306 910/1145/1306 
s 63
f 916/1152/1337 909/1145/1333 913/1144/1303 
s 64
f 909/1145/1338 916/1152/1338 901/1110/1338 
s 65
f 913/1144/1303 900/1142/1323 911/1141/1301 
s 1
f 917/1153/1339 918/1154/1340 919/1155/1341 
f 917/1153/1339 920/1155/1342 918/1154/1340 
f 917/1153/1339 921/1154/1343 922/1155/1344 
f 917/1153/1339 919/1155/1341 921/1154/1343 
f 917/1153/1339 923/1154/1345 924/1155/1346 
f 917/1153/1339 922/1155/1344 923/1154/1345 
f 917/1153/1339 925/1154/1347 926/1155/1348 
f 917/1153/1339 924/1155/1346 925/1154/1347 
f 917/1153/1339 927/1154/1349 928/1155/1350 
f 917/1153/1339 926/1155/1348 927/1154/1349 
f 917/1153/1339 929/1154/1351 930/1155/1352 
f 917/1153/1339 928/1155/1350 929/1154/1351 
f 917/1153/1339 931/1154/1353 932/1155/1354 
f 917/1153/1339 930/1155/1352 931/1154/1353 
f 917/1153/1339 933/1154/1355 934/1155/1356 
f 917/1153/1339 932/1155/1354 933/1154/1355 
f 917/1153/1339 935/1154/1357 936/1155/1358 
f 917/1153/1339 934/1155/1356 935/1154/1357 
f 917/1153/1339 937/1154/1359 938/1155/1360 
f 917/1153/1339 936/1155/1358 937/1154/1359 
f 917/1153/1339 939/1154/1361 940/1155/1362 
f 917/1153/1339 938/1155/1360 939/1154/1361 
f 917/1153/1339 941/1154/1363 942/1155/1364 
f 917/1153/1339 940/1155/1362 941/1154/1363 
f 917/1153/1339 943/1154/1365 944/1155/1366 
f 917/1153/1339 942/1155/1364 943/1154/1365 
f 917/1153/1339 945/1154/1367 946/1155/1368 
f 917/1153/1339 944/1155/1366 945/1154/1367 
f 917/1153/1339 947/1154/1369 948/1155/1370 
f 917/1153/1339 946/1155/1368 947/1154/1369 
f 917/1153/1339 949/1154/1371 920/1155/1342 
f 917/1153/1339 948/1155/1370 949/1154/1371 
f 920/1155/1342 950/1156/1372 918/1154/1340 
f 920/1155/1342 951/1156/1373 950/1156/1372 
f 918/1154/1340 950/1156/1372 952/1156/1374 
f 918/1154/1340 952/1156/1374 919/1155/1341 
f 951/1156/1373 953/1157/1375 950/1156/1372 
f 950/1156/1372 953/1157/1375 954/1157/1376 
f 950/1156/1372 954/1157/1376 952/1156/1374 
f 951/1156/1373 955/1157/1377 953/1157/1375 
f 952/1156/1374 954/1157/1376 956/1157/1378 
f 952/1156/1374 956/1157/1378 957/1156/1379 
f 957/1156/1379 956/1157/1378 958/1157/1380 
f 957/1156/1379 958/1157/1380 959/1156/1381 
f 959/1156/1381 958/1157/1380 960/1157/1382 
f 959/1156/1381 960/1157/1382 961/1156/1383 
f 922/1155/1344 959/1156/1381 961/1156/1383 
f 922/1155/1344 961/1156/1383 923/1154/1345 
f 961/1156/1383 960/1157/1382 962/1157/1384 
f 961/1156/1383 962/1157/1384 963/1156/1385 
f 923/1154/1345 961/1156/1383 963/1156/1385 
f 923/1154/1345 963/1156/1385 924/1155/1346 
f 963/1156/1385 962/1157/1384 964/1157/1386 
f 963/1156/1385 964/1157/1386 965/1156/1387 
f 924/1155/1346 963/1156/1385 965/1156/1387 
f 924/1155/1346 965/1156/1387 925/1154/1347 
f 965/1156/1387 964/1157/1386 966/1157/1388 
f 965/1156/1387 966/1157/1388 967/1156/1389 
f 925/1154/1347 965/1156/1387 967/1156/1389 
f 925/1154/1347 967/1156/1389 926/1155/1348 
f 967/1156/1389 966/1157/1388 968/1157/1390 
f 967/1156/1389 968/1157/1390 969/1156/1391 
f 926/1155/1348 967/1156/1389 969/1156/1391 
f 926/1155/1348 969/1156/1391 927/1154/1349 
f 969/1156/1391 968/1157/1390 970/1157/1392 
f 969/1156/1391 970/1157/1392 971/1156/1393 
f 927/1154/1349 969/1156/1391 971/1156/1393 
f 927/1154/1349 971/1156/1393 928/1155/1350 
f 971/1156/1393 970/1157/1392 972/1157/1394 
f 971/1156/1393 972/1157/1394 973/1156/1395 
f 928/1155/1350 971/1156/1393 973/1156/1395 
f 928/1155/1350 973/1156/1395 929/1154/1351 
f 973/1156/1395 972/1157/1394 974/1157/1396 
f 973/1156/1395 974/1157/1396 975/1156/1397 
f 929/1154/1351 973/1156/1395 975/1156/1397 
f 929/1154/1351 975/1156/1397 930/1155/1352 
f 975/1156/1397 974/1157/1396 976/1157/1398 
f 975/1156/1397 976/1157/1398 977/1156/1399 
f 977/1156/1399 976/1157/1398 978/1157/1400 
f 977/1156/1399 978/1157/1400 979/1156/1401 
f 979/1156/1401 978/1157/1400 980/1157/1402 
f 979/1156/1401 980/1157/1402 981/1156/1403 
f 981/1156/1403 980/1157/1402 982/1157/1404 
f 981/1156/1403 982/1157/1404 983/1156/1405 
f 983/1156/1405 982/1157/1404 984/1157/1406 
f 983/1156/1405 984/1157/1406 985/1156/1407 
f 985/1156/1407 984/1157/1406 986/1157/1408 
f 985/1156/1407 986/1157/1408 987/1156/1409 
f 987/1156/1409 986/1157/1408 988/1157/1410 
f 987/1156/1409 988/1157/1410 989/1156/1411 
f 989/1156/1411 988/1157/1410 990/1157/1412 
f 989/1156/1411 990/1157/1412 991/1156/1413 
f 991/1156/1413 990/1157/1412 992/1157/1414 
f 991/1156/1413 992/1157/1414 993/1156/1415 
f 938/1155/1360 991/1156/1413 993/1156/1415 
f 938/1155/1360 993/1156/1415 939/1154/1361 
f 993/1156/1415 992/1157/1414 994/1157/1416 
f 993/1156/1415 994/1157/1416 995/1156/1417 
f 939/1154/1361 993/1156/1415 995/1156/1417 
f 939/1154/1361 995/1156/1417 940/1155/1362 
f 995/1156/1417 994/1157/1416 996/1157/1418 
f 995/1156/1417 996/1157/1418 997/1156/1419 
f 940/1155/1362 995/1156/1417 997/1156/1419 
f 940/1155/1362 997/1156/1419 941/1154/1363 
f 997/1156/1419 996/1157/1418 998/1157/1420 
f 997/1156/1419 998/1157/1420 999/1156/1421 
f 941/1154/1363 997/1156/1419 999/1156/1421 
f 941/1154/1363 999/1156/1421 942/1155/1364 
f 999/1156/1421 998/1157/1420 1000/1157/1422 
f 999/1156/1421 1000/1157/1422 1001/1156/1423 
f 942/1155/1364 999/1156/1421 1001/1156/1423 
f 942/1155/1364 1001/1156/1423 943/1154/1365 
f 1001/1156/1423 1000/1157/1422 1002/1157/1424 
f 1001/1156/1423 1002/1157/1424 1003/1156/1425 
f 943/1154/1365 1001/1156/1423 1003/1156/1425 
f 943/1154/1365 1003/1156/1425 944/1155/1366 
f 1003/1156/1425 1002/1157/1424 1004/1157/1426 
f 1003/1156/1425 1004/1157/1426 1005/1156/1427 
f 944/1155/1366 1003/1156/1425 1005/1156/1427 
f 944/1155/1366 1005/1156/1427 945/1154/1367 
f 1005/1156/1427 1004/1157/1426 1006/1157/1428 
f 1005/1156/1427 1006/1157/1428 1007/1156/1429 
f 945/1154/1367 1005/1156/1427 1007/1156/1429 
f 945/1154/1367 1007/1156/1429 946/1155/1368 
f 1007/1156/1429 1006/1157/1428 1008/1157/1430 
f 1007/1156/1429 1008/1157/1430 1009/1156/1431 
f 1009/1156/1431 1008/1157/1430 1010/1157/1432 
f 1009/1156/1431 1010/1157/1432 1011/1156/1433 
f 1011/1156/1433 1010/1157/1432 1012/1157/1434 
f 1011/1156/1433 1012/1157/1434 1013/1156/1435 
f 1013/1156/1435 1012/1157/1434 955/1157/1377 
f 1013/1156/1435 955/1157/1377 951/1156/1373 
f 1010/1157/1432 1014/1158/1436 1012/1157/1434 
f 1010/1157/1432 1015/1158/1437 1014/1158/1436 
f 1008/1157/1430 1015/1158/1437 1010/1157/1432 
f 1012/1157/1434 1016/1158/1438 955/1157/1377 
f 1012/1157/1434 1014/1158/1436 1016/1158/1438 
f 955/1157/1377 1016/1158/1438 1017/1158/1439 
f 955/1157/1377 1017/1158/1439 953/1157/1375 
f 953/1157/1375 1017/1158/1439 1018/1158/1440 
f 953/1157/1375 1018/1158/1440 954/1157/1376 
f 1017/1158/1439 1019/1159/1441 1018/1158/1440 
f 1017/1158/1439 1020/1159/1442 1019/1159/1441 
f 1016/1158/1438 1020/1159/1442 1017/1158/1439 
f 1020/1159/1442 1021/1160/1443 1019/1159/1441 
f 1020/1159/1442 1022/1160/1444 1021/1160/1443 
f 1023/1159/1445 1022/1160/1444 1020/1159/1442 
f 1016/1158/1438 1023/1159/1445 1020/1159/1442 
f 1014/1158/1436 1023/1159/1445 1016/1158/1438 
f 1023/1159/1445 1024/1160/1446 1022/1160/1444 
f 1022/1160/1444 1025/1161/1447 1021/1160/1443 
f 1022/1160/1444 1026/1161/1448 1025/1161/1447 
f 1024/1160/1446 1026/1161/1448 1022/1160/1444 
f 1024/1160/1446 1027/1161/1449 1026/1161/1448 
f 1019/1159/1441 1021/1160/1443 1028/1160/1450 
f 1019/1159/1441 1028/1160/1450 1029/1159/1451 
f 1018/1158/1440 1019/1159/1441 1029/1159/1451 
f 1029/1159/1451 1028/1160/1450 1030/1160/1452 
f 1029/1159/1451 1030/1160/1452 1031/1159/1453 
f 1028/1160/1450 1032/1161/1454 1030/1160/1452 
f 1028/1160/1450 1033/1161/1455 1032/1161/1454 
f 1021/1160/1443 1033/1161/1455 1028/1160/1450 
f 1021/1160/1443 1025/1161/1447 1033/1161/1455 
f 1031/1159/1453 1030/1160/1452 1034/1160/1456 
f 1031/1159/1453 1034/1160/1456 1035/1159/1457 
f 1035/1159/1457 1034/1160/1456 1036/1160/1458 
f 1035/1159/1457 1036/1160/1458 1037/1159/1459 
f 1034/1160/1456 1038/1161/1460 1036/1160/1458 
f 1034/1160/1456 1039/1161/1461 1038/1161/1460 
f 1030/1160/1452 1039/1161/1461 1034/1160/1456 
f 1030/1160/1452 1032/1161/1454 1039/1161/1461 
f 1037/1159/1459 1036/1160/1458 1040/1160/1462 
f 1037/1159/1459 1040/1160/1462 1041/1159/1463 
f 1041/1159/1463 1040/1160/1462 1042/1160/1464 
f 1041/1159/1463 1042/1160/1464 1043/1159/1465 
f 1040/1160/1462 1044/1161/1466 1042/1160/1464 
f 1040/1160/1462 1045/1161/1467 1044/1161/1466 
f 1036/1160/1458 1045/1161/1467 1040/1160/1462 
f 1036/1160/1458 1038/1161/1460 1045/1161/1467 
f 1043/1159/1465 1042/1160/1464 1046/1160/1468 
f 1043/1159/1465 1046/1160/1468 1047/1159/1469 
f 1047/1159/1469 1046/1160/1468 1048/1160/1470 
f 1047/1159/1469 1048/1160/1470 1049/1159/1471 
f 1046/1160/1468 1050/1161/1472 1048/1160/1470 
f 1046/1160/1468 1051/1161/1473 1050/1161/1472 
f 1042/1160/1464 1051/1161/1473 1046/1160/1468 
f 1042/1160/1464 1044/1161/1466 1051/1161/1473 
f 1049/1159/1471 1048/1160/1470 1052/1160/1474 
f 1049/1159/1471 1052/1160/1474 1053/1159/1475 
f 1053/1159/1475 1052/1160/1474 1054/1160/1476 
f 1053/1159/1475 1054/1160/1476 1055/1159/1477 
f 1052/1160/1474 1056/1161/1478 1054/1160/1476 
f 1052/1160/1474 1057/1161/1479 1056/1161/1478 
f 1048/1160/1470 1057/1161/1479 1052/1160/1474 
f 1048/1160/1470 1050/1161/1472 1057/1161/1479 
f 1055/1159/1477 1054/1160/1476 1058/1160/1480 
f 1055/1159/1477 1058/1160/1480 1059/1159/1481 
f 1059/1159/1481 1058/1160/1480 1060/1160/1482 
f 1059/1159/1481 1060/1160/1482 1061/1159/1483 
f 1058/1160/1480 1062/1161/1484 1060/1160/1482 
f 1058/1160/1480 1063/1161/1485 1062/1161/1484 
f 1054/1160/1476 1063/1161/1485 1058/1160/1480 
f 1054/1160/1476 1056/1161/1478 1063/1161/1485 
f 1061/1159/1483 1060/1160/1482 1064/1160/1486 
f 1061/1159/1483 1064/1160/1486 1065/1159/1487 
f 1065/1159/1487 1064/1160/1486 1066/1160/1488 
f 1065/1159/1487 1066/1160/1488 1067/1159/1489 
f 1064/1160/1486 1068/1161/1490 1066/1160/1488 
f 1064/1160/1486 1069/1161/1491 1068/1161/1490 
f 1060/1160/1482 1069/1161/1491 1064/1160/1486 
f 1060/1160/1482 1062/1161/1484 1069/1161/1491 
f 1067/1159/1489 1066/1160/1488 1070/1160/1492 
f 1067/1159/1489 1070/1160/1492 1071/1159/1493 
f 1071/1159/1493 1070/1160/1492 1072/1160/1494 
f 1071/1159/1493 1072/1160/1494 1073/1159/1495 
f 1070/1160/1492 1074/1161/1496 1072/1160/1494 
f 1070/1160/1492 1075/1161/1497 1074/1161/1496 
f 1066/1160/1488 1075/1161/1497 1070/1160/1492 
f 1066/1160/1488 1068/1161/1490 1075/1161/1497 
f 1073/1159/1495 1072/1160/1494 1076/1160/1498 
f 1073/1159/1495 1076/1160/1498 1077/1159/1499 
f 1077/1159/1499 1076/1160/1498 1078/1160/1500 
f 1077/1159/1499 1078/1160/1500 1079/1159/1501 
f 1076/1160/1498 1080/1161/1502 1078/1160/1500 
f 1076/1160/1498 1081/1161/1503 1080/1161/1502 
f 1072/1160/1494 1081/1161/1503 1076/1160/1498 
f 1072/1160/1494 1074/1161/1496 1081/1161/1503 
f 1079/1159/1501 1078/1160/1500 1082/1160/1504 
f 1079/1159/1501 1082/1160/1504 1083/1159/1505 
f 1083/1159/1505 1082/1160/1504 1084/1160/1506 
f 1083/1159/1505 1084/1160/1506 1085/1159/1507 
f 1082/1160/1504 1086/1161/1508 1084/1160/1506 
f 1082/1160/1504 1087/1161/1509 1086/1161/1508 
f 1078/1160/1500 1087/1161/1509 1082/1160/1504 
f 1078/1160/1500 1080/1161/1502 1087/1161/1509 
f 1085/1159/1507 1084/1160/1506 1088/1160/1510 
f 1085/1159/1507 1088/1160/1510 1089/1159/1511 
f 1089/1159/1511 1088/1160/1510 1090/1160/1512 
f 1089/1159/1511 1090/1160/1512 1091/1159/1513 
f 1088/1160/1510 1092/1161/1514 1090/1160/1512 
f 1088/1160/1510 1093/1161/1515 1092/1161/1514 
f 1084/1160/1506 1093/1161/1515 1088/1160/1510 
f 1084/1160/1506 1086/1161/1508 1093/1161/1515 
f 1091/1159/1513 1090/1160/1512 1094/1160/1516 
f 1091/1159/1513 1094/1160/1516 1095/1159/1517 
f 1095/1159/1517 1094/1160/1516 1096/1160/1518 
f 1095/1159/1517 1096/1160/1518 1097/1159/1519 
f 1094/1160/1516 1098/1161/1520 1096/1160/1518 
f 1094/1160/1516 1099/1161/1521 1098/1161/1520 
f 1090/1160/1512 1099/1161/1521 1094/1160/1516 
f 1090/1160/1512 1092/1161/1514 1099/1161/1521 
f 1097/1159/1519 1096/1160/1518 1100/1160/1522 
f 1097/1159/1519 1100/1160/1522 1101/1159/1523 
f 1101/1159/1523 1100/1160/1522 1102/1160/1524 
f 1101/1159/1523 1102/1160/1524 1103/1159/1525 
f 1100/1160/1522 1104/1161/1526 1102/1160/1524 
f 1100/1160/1522 1105/1161/1527 1104/1161/1526 
f 1096/1160/1518 1105/1161/1527 1100/1160/1522 
f 1096/1160/1518 1098/1161/1520 1105/1161/1527 
f 1103/1159/1525 1102/1160/1524 1106/1160/1528 
f 1103/1159/1525 1106/1160/1528 1107/1159/1529 
f 1107/1159/1529 1106/1160/1528 1108/1160/1530 
f 1107/1159/1529 1108/1160/1530 1109/1159/1531 
f 1106/1160/1528 1110/1161/1532 1108/1160/1530 
f 1106/1160/1528 1111/1161/1533 1110/1161/1532 
f 1102/1160/1524 1111/1161/1533 1106/1160/1528 
f 1102/1160/1524 1104/1161/1526 1111/1161/1533 
f 1109/1159/1531 1108/1160/1530 1112/1160/1534 
f 1109/1159/1531 1112/1160/1534 1113/1159/1535 
f 1113/1159/1535 1112/1160/1534 1024/1160/1446 
f 1113/1159/1535 1024/1160/1446 1023/1159/1445 
f 1112/1160/1534 1027/1161/1449 1024/1160/1446 
f 1112/1160/1534 1114/1161/1536 1027/1161/1449 
f 1108/1160/1530 1114/1161/1536 1112/1160/1534 
f 1108/1160/1530 1110/1161/1532 1114/1161/1536 
f 1110/1161/1532 1115/1162/1537 1114/1161/1536 
f 1110/1161/1532 1116/1162/1538 1115/1162/1537 
f 1111/1161/1533 1116/1162/1538 1110/1161/1532 
f 1114/1161/1536 1117/1162/1539 1027/1161/1449 
f 1114/1161/1536 1115/1162/1537 1117/1162/1539 
f 1027/1161/1449 1117/1162/1539 1118/1162/1540 
f 1027/1161/1449 1118/1162/1540 1026/1161/1448 
f 1026/1161/1448 1118/1162/1540 1119/1162/1541 
f 1026/1161/1448 1119/1162/1541 1025/1161/1447 
f 1118/1162/1540 1120/1163/1542 1119/1162/1541 
f 1117/1162/1539 1120/1163/1542 1118/1162/1540 
f 1115/1162/1537 1120/1163/1542 1117/1162/1539 
f 919/1155/1341 957/1156/1379 921/1154/1343 
f 919/1155/1341 952/1156/1374 957/1156/1379 
f 921/1154/1343 957/1156/1379 959/1156/1381 
f 921/1154/1343 959/1156/1381 922/1155/1344 
f 930/1155/1352 977/1156/1399 931/1154/1353 
f 930/1155/1352 975/1156/1397 977/1156/1399 
f 931/1154/1353 977/1156/1399 979/1156/1401 
f 931/1154/1353 979/1156/1401 932/1155/1354 
f 932/1155/1354 979/1156/1401 981/1156/1403 
f 932/1155/1354 981/1156/1403 933/1154/1355 
f 933/1154/1355 981/1156/1403 983/1156/1405 
f 933/1154/1355 983/1156/1405 934/1155/1356 
f 934/1155/1356 983/1156/1405 985/1156/1407 
f 934/1155/1356 985/1156/1407 935/1154/1357 
f 935/1154/1357 985/1156/1407 987/1156/1409 
f 935/1154/1357 987/1156/1409 936/1155/1358 
f 936/1155/1358 987/1156/1409 989/1156/1411 
f 936/1155/1358 989/1156/1411 937/1154/1359 
f 937/1154/1359 989/1156/1411 991/1156/1413 
f 937/1154/1359 991/1156/1413 938/1155/1360 
f 946/1155/1368 1009/1156/1431 947/1154/1369 
f 946/1155/1368 1007/1156/1429 1009/1156/1431 
f 947/1154/1369 1009/1156/1431 1011/1156/1433 
f 947/1154/1369 1011/1156/1433 948/1155/1370 
f 948/1155/1370 1011/1156/1433 1013/1156/1435 
f 948/1155/1370 1013/1156/1435 949/1154/1371 
f 949/1154/1371 1013/1156/1435 951/1156/1373 
f 949/1154/1371 951/1156/1373 920/1155/1342 
f 1116/1162/1538 1120/1163/1542 1115/1162/1537 
f 1121/1162/1543 1120/1163/1542 1116/1162/1538 
f 1111/1161/1533 1121/1162/1543 1116/1162/1538 
f 1104/1161/1526 1121/1162/1543 1111/1161/1533 
f 1104/1161/1526 1122/1162/1544 1121/1162/1543 
f 1122/1162/1544 1120/1163/1542 1121/1162/1543 
f 1105/1161/1527 1122/1162/1544 1104/1161/1526 
f 1105/1161/1527 1123/1162/1545 1122/1162/1544 
f 1123/1162/1545 1120/1163/1542 1122/1162/1544 
f 1098/1161/1520 1123/1162/1545 1105/1161/1527 
f 1098/1161/1520 1124/1162/1546 1123/1162/1545 
f 1124/1162/1546 1120/1163/1542 1123/1162/1545 
f 1099/1161/1521 1124/1162/1546 1098/1161/1520 
f 1099/1161/1521 1125/1162/1547 1124/1162/1546 
f 1125/1162/1547 1120/1163/1542 1124/1162/1546 
f 1092/1161/1514 1125/1162/1547 1099/1161/1521 
f 1092/1161/1514 1126/1162/1548 1125/1162/1547 
f 1126/1162/1548 1120/1163/1542 1125/1162/1547 
f 1093/1161/1515 1126/1162/1548 1092/1161/1514 
f 1093/1161/1515 1127/1162/1549 1126/1162/1548 
f 1127/1162/1549 1120/1163/1542 1126/1162/1548 
f 1086/1161/1508 1127/1162/1549 1093/1161/1515 
f 1086/1161/1508 1128/1162/1550 1127/1162/1549 
f 1128/1162/1550 1120/1163/1542 1127/1162/1549 
f 1087/1161/1509 1128/1162/1550 1086/1161/1508 
f 1087/1161/1509 1129/1162/1551 1128/1162/1550 
f 1129/1162/1551 1120/1163/1542 1128/1162/1550 
f 1080/1161/1502 1129/1162/1551 1087/1161/1509 
f 1080/1161/1502 1130/1162/1552 1129/1162/1551 
f 1130/1162/1552 1120/1163/1542 1129/1162/1551 
f 1081/1161/1503 1130/1162/1552 1080/1161/1502 
f 1081/1161/1503 1131/1162/1553 1130/1162/1552 
f 1131/1162/1553 1120/1163/1542 1130/1162/1552 
f 1074/1161/1496 1131/1162/1553 1081/1161/1503 
f 1074/1161/1496 1132/1162/1554 1131/1162/1553 
f 1132/1162/1554 1120/1163/1542 1131/1162/1553 
f 1075/1161/1497 1132/1162/1554 1074/1161/1496 
f 1075/1161/1497 1133/1162/1555 1132/1162/1554 
f 1133/1162/1555 1120/1163/1542 1132/1162/1554 
f 1068/1161/1490 1133/1162/1555 1075/1161/1497 
f 1068/1161/1490 1134/1162/1556 1133/1162/1555 
f 1134/1162/1556 1120/1163/1542 1133/1162/1555 
f 1069/1161/1491 1134/1162/1556 1068/1161/1490 
f 1069/1161/1491 1135/1162/1557 1134/1162/1556 
f 1135/1162/1557 1120/1163/1542 1134/1162/1556 
f 1062/1161/1484 1135/1162/1557 1069/1161/1491 
f 1062/1161/1484 1136/1162/1558 1135/1162/1557 
f 1136/1162/1558 1120/1163/1542 1135/1162/1557 
f 1063/1161/1485 1136/1162/1558 1062/1161/1484 
f 1063/1161/1485 1137/1162/1559 1136/1162/1558 
f 1137/1162/1559 1120/1163/1542 1136/1162/1558 
f 1056/1161/1478 1137/1162/1559 1063/1161/1485 
f 1056/1161/1478 1138/1162/1560 1137/1162/1559 
f 1138/1162/1560 1120/1163/1542 1137/1162/1559 
f 1057/1161/1479 1138/1162/1560 1056/1161/1478 
f 1057/1161/1479 1139/1162/1561 1138/1162/1560 
f 1139/1162/1561 1120/1163/1542 1138/1162/1560 
f 1050/1161/1472 1139/1162/1561 1057/1161/1479 
f 1050/1161/1472 1140/1162/1562 1139/1162/1561 
f 1140/1162/1562 1120/1163/1542 1139/1162/1561 
f 1051/1161/1473 1140/1162/1562 1050/1161/1472 
f 1051/1161/1473 1141/1162/1563 1140/1162/1562 
f 1141/1162/1563 1120/1163/1542 1140/1162/1562 
f 1044/1161/1466 1141/1162/1563 1051/1161/1473 
f 1044/1161/1466 1142/1162/1564 1141/1162/1563 
f 1142/1162/1564 1120/1163/1542 1141/1162/1563 
f 1045/1161/1467 1142/1162/1564 1044/1161/1466 
f 1045/1161/1467 1143/1162/1565 1142/1162/1564 
f 1143/1162/1565 1120/1163/1542 1142/1162/1564 
f 1038/1161/1460 1143/1162/1565 1045/1161/1467 
f 1038/1161/1460 1144/1162/1566 1143/1162/1565 
f 1144/1162/1566 1120/1163/1542 1143/1162/1565 
f 1039/1161/1461 1144/1162/1566 1038/1161/1460 
f 1039/1161/1461 1145/1162/1567 1144/1162/1566 
f 1145/1162/1567 1120/1163/1542 1144/1162/1566 
f 1032/1161/1454 1145/1162/1567 1039/1161/1461 
f 1032/1161/1454 1146/1162/1568 1145/1162/1567 
f 1146/1162/1568 1120/1163/1542 1145/1162/1567 
f 1033/1161/1455 1146/1162/1568 1032/1161/1454 
f 1033/1161/1455 1147/1162/1569 1146/1162/1568 
f 1147/1162/1569 1120/1163/1542 1146/1162/1568 
f 1025/1161/1447 1147/1162/1569 1033/1161/1455 
f 1025/1161/1447 1119/1162/1541 1147/1162/1569 
f 1119/1162/1541 1120/1163/1542 1147/1162/1569 
f 1014/1158/1436 1113/1159/1535 1023/1159/1445 
f 1015/1158/1437 1113/1159/1535 1014/1158/1436 
f 1015/1158/1437 1109/1159/1531 1113/1159/1535 
f 1148/1158/1570 1109/1159/1531 1015/1158/1437 
f 1008/1157/1430 1148/1158/1570 1015/1158/1437 
f 1006/1157/1428 1148/1158/1570 1008/1157/1430 
f 1006/1157/1428 1149/1158/1571 1148/1158/1570 
f 1148/1158/1570 1107/1159/1529 1109/1159/1531 
f 1149/1158/1571 1107/1159/1529 1148/1158/1570 
f 1149/1158/1571 1103/1159/1525 1107/1159/1529 
f 1004/1157/1426 1149/1158/1571 1006/1157/1428 
f 1004/1157/1426 1150/1158/1572 1149/1158/1571 
f 1150/1158/1572 1103/1159/1525 1149/1158/1571 
f 1002/1157/1424 1150/1158/1572 1004/1157/1426 
f 1002/1157/1424 1151/1158/1573 1150/1158/1572 
f 1150/1158/1572 1101/1159/1523 1103/1159/1525 
f 1151/1158/1573 1101/1159/1523 1150/1158/1572 
f 1151/1158/1573 1097/1159/1519 1101/1159/1523 
f 1000/1157/1422 1151/1158/1573 1002/1157/1424 
f 1000/1157/1422 1152/1158/1574 1151/1158/1573 
f 1152/1158/1574 1097/1159/1519 1151/1158/1573 
f 998/1157/1420 1152/1158/1574 1000/1157/1422 
f 998/1157/1420 1153/1158/1575 1152/1158/1574 
f 1152/1158/1574 1095/1159/1517 1097/1159/1519 
f 1153/1158/1575 1095/1159/1517 1152/1158/1574 
f 1153/1158/1575 1091/1159/1513 1095/1159/1517 
f 996/1157/1418 1153/1158/1575 998/1157/1420 
f 996/1157/1418 1154/1158/1576 1153/1158/1575 
f 1154/1158/1576 1091/1159/1513 1153/1158/1575 
f 994/1157/1416 1154/1158/1576 996/1157/1418 
f 994/1157/1416 1155/1158/1577 1154/1158/1576 
f 1154/1158/1576 1089/1159/1511 1091/1159/1513 
f 1155/1158/1577 1089/1159/1511 1154/1158/1576 
f 1155/1158/1577 1085/1159/1507 1089/1159/1511 
f 992/1157/1414 1155/1158/1577 994/1157/1416 
f 992/1157/1414 1156/1158/1578 1155/1158/1577 
f 1156/1158/1578 1085/1159/1507 1155/1158/1577 
f 990/1157/1412 1156/1158/1578 992/1157/1414 
f 990/1157/1412 1157/1158/1579 1156/1158/1578 
f 1156/1158/1578 1083/1159/1505 1085/1159/1507 
f 1157/1158/1579 1083/1159/1505 1156/1158/1578 
f 1157/1158/1579 1079/1159/1501 1083/1159/1505 
f 988/1157/1410 1157/1158/1579 990/1157/1412 
f 988/1157/1410 1158/1158/1580 1157/1158/1579 
f 1158/1158/1580 1079/1159/1501 1157/1158/1579 
f 986/1157/1408 1158/1158/1580 988/1157/1410 
f 986/1157/1408 1159/1158/1581 1158/1158/1580 
f 1158/1158/1580 1077/1159/1499 1079/1159/1501 
f 1159/1158/1581 1077/1159/1499 1158/1158/1580 
f 1159/1158/1581 1073/1159/1495 1077/1159/1499 
f 984/1157/1406 1159/1158/1581 986/1157/1408 
f 984/1157/1406 1160/1158/1582 1159/1158/1581 
f 1160/1158/1582 1073/1159/1495 1159/1158/1581 
f 982/1157/1404 1160/1158/1582 984/1157/1406 
f 982/1157/1404 1161/1158/1583 1160/1158/1582 
f 1160/1158/1582 1071/1159/1493 1073/1159/1495 
f 1161/1158/1583 1071/1159/1493 1160/1158/1582 
f 1161/1158/1583 1067/1159/1489 1071/1159/1493 
f 980/1157/1402 1161/1158/1583 982/1157/1404 
f 980/1157/1402 1162/1158/1584 1161/1158/1583 
f 1162/1158/1584 1067/1159/1489 1161/1158/1583 
f 978/1157/1400 1162/1158/1584 980/1157/1402 
f 978/1157/1400 1163/1158/1585 1162/1158/1584 
f 1162/1158/1584 1065/1159/1487 1067/1159/1489 
f 1163/1158/1585 1065/1159/1487 1162/1158/1584 
f 1163/1158/1585 1061/1159/1483 1065/1159/1487 
f 976/1157/1398 1163/1158/1585 978/1157/1400 
f 976/1157/1398 1164/1158/1586 1163/1158/1585 
f 1164/1158/1586 1061/1159/1483 1163/1158/1585 
f 974/1157/1396 1164/1158/1586 976/1157/1398 
f 974/1157/1396 1165/1158/1587 1164/1158/1586 
f 1164/1158/1586 1059/1159/1481 1061/1159/1483 
f 1165/1158/1587 1059/1159/1481 1164/1158/1586 
f 1165/1158/1587 1055/1159/1477 1059/1159/1481 
f 972/1157/1394 1165/1158/1587 974/1157/1396 
f 972/1157/1394 1166/1158/1588 1165/1158/1587 
f 1166/1158/1588 1055/1159/1477 1165/1158/1587 
f 970/1157/1392 1166/1158/1588 972/1157/1394 
f 970/1157/1392 1167/1158/1589 1166/1158/1588 
f 1166/1158/1588 1053/1159/1475 1055/1159/1477 
f 1167/1158/1589 1053/1159/1475 1166/1158/1588 
f 1167/1158/1589 1049/1159/1471 1053/1159/1475 
f 968/1157/1390 1167/1158/1589 970/1157/1392 
f 968/1157/1390 1168/1158/1590 1167/1158/1589 
f 1168/1158/1590 1049/1159/1471 1167/1158/1589 
f 966/1157/1388 1168/1158/1590 968/1157/1390 
f 966/1157/1388 1169/1158/1591 1168/1158/1590 
f 1168/1158/1590 1047/1159/1469 1049/1159/1471 
f 1169/1158/1591 1047/1159/1469 1168/1158/1590 
f 1169/1158/1591 1043/1159/1465 1047/1159/1469 
f 964/1157/1386 1169/1158/1591 966/1157/1388 
f 964/1157/1386 1170/1158/1592 1169/1158/1591 
f 1170/1158/1592 1043/1159/1465 1169/1158/1591 
f 962/1157/1384 1170/1158/1592 964/1157/1386 
f 962/1157/1384 1171/1158/1593 1170/1158/1592 
f 1170/1158/1592 1041/1159/1463 1043/1159/1465 
f 1171/1158/1593 1041/1159/1463 1170/1158/1592 
f 1171/1158/1593 1037/1159/1459 1041/1159/1463 
f 960/1157/1382 1171/1158/1593 962/1157/1384 
f 960/1157/1382 1172/1158/1594 1171/1158/1593 
f 1172/1158/1594 1037/1159/1459 1171/1158/1593 
f 958/1157/1380 1172/1158/1594 960/1157/1382 
f 958/1157/1380 1173/1158/1595 1172/1158/1594 
f 1172/1158/1594 1035/1159/1457 1037/1159/1459 
f 1173/1158/1595 1035/1159/1457 1172/1158/1594 
f 1173/1158/1595 1031/1159/1453 1035/1159/1457 
f 956/1157/1378 1173/1158/1595 958/1157/1380 
f 956/1157/1378 1174/1158/1596 1173/1158/1595 
f 1174/1158/1596 1031/1159/1453 1173/1158/1595 
f 954/1157/1376 1174/1158/1596 956/1157/1378 
f 954/1157/1376 1018/1158/1440 1174/1158/1596 
f 1174/1158/1596 1029/1159/1451 1031/1159/1453 
f 1018/1158/1440 1029/1159/1451 1174/1158/1596 
f 1175/1164/1597 1176/1165/1597 1177/1166/1597 
s 2
f 1178/1167/1597 1179/1168/1597 1176/1165/1597 
s 3
f 1179/1168/1597 1180/1169/1597 1176/1165/1597 
s 4
f 1180/1169/1597 1181/1170/1597 1176/1165/1597 
s 5
f 1176/1165/1597 1181/1170/1597 1177/1166/1597 
s 6
f 1182/1169/1598 1183/1168/1598 1184/1170/1598 
s 7
f 1185/1167/1598 1186/1165/1598 1183/1168/1598 
s 8
f 1186/1165/1598 1187/1164/1598 1183/1168/1598 
s 9
f 1183/1168/1598 1187/1164/1598 1184/1170/1598 
s 10
f 1184/1170/1598 1187/1164/1598 1188/1166/1598 
s 11
f 1187/1171/1599 1175/1172/1599 1188/1171/1600 
s 12
f 1177/1173/1600 1188/1171/1600 1175/1172/1599 
s 13
f 1186/1174/1601 1176/1175/1601 1187/1176/1601 
s 14
f 1175/1177/1601 1187/1176/1601 1176/1175/1601 
s 15
f 1183/1178/1602 1179/1179/1602 1185/1180/1603 
s 16
f 1178/1181/1603 1185/1180/1603 1179/1179/1602 
s 17
f 1182/1182/1604 1180/1183/1604 1183/1178/1602 
s 18
f 1179/1179/1602 1183/1178/1602 1180/1183/1604 
s 19
f 1184/1184/1605 1181/1185/1605 1182/1182/1604 
s 20
f 1180/1183/1604 1182/1182/1604 1181/1185/1605 
s 21
f 1188/1171/1600 1177/1173/1600 1184/1184/1605 
s 22
f 1181/1185/1605 1184/1184/1605 1177/1173/1600 
s 23
f 1178/1186/1606 1176/1187/1606 1185/1188/1606 
s 24
f 1176/1187/1606 1186/1189/1606 1185/1188/1606 
s 1
f 1189/1190/1607 1190/1191/1607 1191/1192/1607 
s 2
f 1191/1192/1607 1192/1193/1607 1189/1190/1607 
s 3
f 1193/1194/1608 1194/1195/1608 1190/1196/1608 
s 4
f 1190/1196/1608 1189/1197/1608 1193/1194/1608 
s 5
f 1195/1198/1609 1196/1199/1609 1197/1200/1610 
s 6
f 1198/1201/1610 1195/1198/1609 1197/1200/1610 
s 7
f 1199/1202/1611 1200/1203/1612 1201/1204/1613 
s 8
f 1201/1204/1613 1202/1205/1614 1199/1202/1614 
s 9
f 1202/1206/1615 1201/1207/1616 1203/1204/1617 
s 10
f 1203/1204/1617 1204/1205/1618 1202/1206/1615 
s 11
f 1204/1205/1618 1203/1204/1617 1205/1203/1619 
s 12
f 1205/1203/1619 1206/1202/1620 1204/1205/1618 
s 13
f 1207/1208/1621 1208/1209/1621 1209/1210/1621 
s 14
f 1209/1210/1621 1210/1211/1621 1207/1208/1621 
s 15
f 1200/1203/1612 1211/1212/1622 1212/1213/1623 
s 16
f 1212/1213/1623 1201/1204/1613 1200/1203/1624 
s 17
f 1213/1213/1625 1212/1213/1623 1211/1212/1622 
s 18
f 1200/1214/1626 1205/1215/1626 1214/1216/1626 
s 19
f 1214/1216/1626 1211/1217/1626 1200/1214/1626 
s 20
f 1211/1212/1622 1214/1212/1627 1213/1213/1625 
s 21
f 1215/1218/1628 1216/1219/1610 1217/1220/1629 
s 22
f 1215/1218/1628 1217/1220/1629 1218/1221/1630 
s 23
f 1219/1222/1631 1215/1223/1631 1218/1224/1631 
s 24
f 1219/1225/1632 1218/1221/1630 1220/1226/1633 
s 25
f 1221/1227/1633 1219/1225/1632 1220/1226/1633 
s 26
f 1221/1227/1633 1220/1226/1633 1222/1228/1634 
s 27
f 1223/1229/1635 1224/1230/1636 1225/1231/1635 
s 28
f 1226/1232/1637 1227/1233/1637 1224/1234/1637 
s 29
f 1224/1234/1637 1223/1235/1637 1226/1232/1637 
s 30
f 1228/1236/1635 1223/1229/1635 1225/1231/1635 
s 31
f 1227/1237/1638 1229/1238/1639 1225/1239/1640 
s 32
f 1225/1239/1641 1224/1240/1641 1227/1237/1638 
s 33
f 1191/1241/1634 1190/1242/1634 1194/1191/1642 
s 34
f 1194/1191/1642 1230/1192/1642 1191/1241/1634 
s 35
f 1192/1241/1631 1231/1192/1631 1193/1191/1631 
s 36
f 1193/1191/1631 1189/1242/1631 1192/1241/1631 
s 37
f 1231/1193/1643 1230/1192/1642 1194/1191/1642 
s 38
f 1194/1191/1642 1193/1190/1643 1231/1193/1643 
s 58
f 1212/1213/1623 1213/1213/1625 1203/1204/1617 
s 59
f 1203/1204/1617 1201/1204/1613 1212/1213/1623 
s 60
f 1232/1243/1609 1221/1227/1633 1222/1228/1634 
s 61
f 1232/1243/1609 1222/1228/1634 1233/1244/1610 
s 62
f 1216/1219/1610 1232/1243/1609 1233/1244/1610 
s 63
f 1234/1245/1644 1207/1209/1645 1235/1246/1646 
s 64
f 1210/1209/1643 1236/1247/1643 1237/1246/1643 
s 65
f 1198/1248/1626 1238/1249/1626 1239/1250/1626 
s 66
f 1240/1251/1626 1195/1252/1626 1239/1250/1626 
s 67
f 1195/1252/1626 1198/1248/1626 1239/1250/1626 
s 68
f 1198/1201/1610 1197/1200/1610 1241/1253/1629 
s 69
f 1238/1223/1629 1198/1201/1610 1241/1253/1629 
s 70
f 1238/1223/1629 1241/1253/1629 1242/1224/1647 
s 71
f 1239/1222/1647 1238/1223/1629 1242/1224/1647 
s 72
f 1239/1222/1647 1242/1224/1647 1243/1254/1633 
s 73
f 1240/1255/1633 1239/1222/1647 1243/1254/1633 
s 74
f 1240/1255/1633 1243/1254/1633 1196/1199/1609 
s 75
f 1195/1198/1609 1240/1255/1633 1196/1199/1609 
s 77
f 1244/1256/1648 1245/1257/1649 1246/1258/1650 
s 78
f 1246/1258/1650 1247/1259/1651 1244/1256/1648 
s 79
f 1245/1257/1652 1248/1260/1652 1249/1261/1653 
s 80
f 1249/1261/1653 1246/1258/1654 1245/1257/1652 
s 81
f 1244/1256/1648 1250/1262/1655 1248/1260/1656 
s 82
f 1248/1260/1656 1245/1257/1649 1244/1256/1648 
s 83
f 1246/1258/1654 1249/1261/1653 1251/1263/1657 
s 84
f 1251/1263/1657 1247/1259/1657 1246/1258/1654 
s 85
f 1248/1260/1656 1250/1262/1655 1249/1261/1658 
s 86
f 1251/1263/1659 1249/1261/1658 1250/1262/1655 
s 87
f 1203/1204/1617 1213/1213/1625 1205/1203/1619 
s 88
f 1213/1213/1625 1214/1212/1627 1205/1203/1619 
s 89
f 1206/1264/1660 1199/1265/1660 1202/1206/1615 
s 90
f 1202/1206/1615 1204/1205/1618 1206/1264/1660 
s 91
f 1252/1266/1661 1253/1267/1661 1254/1268/1661 
s 92
f 1255/1269/1626 1256/1270/1626 1235/1271/1626 
s 93
f 1235/1271/1626 1237/1272/1626 1255/1269/1626 
s 94
f 1253/1273/1662 1252/1274/1663 1257/1275/1664 
s 95
f 1257/1275/1664 1258/1276/1665 1253/1273/1662 
s 96
f 1208/1277/1626 1259/1278/1666 1260/1279/1667 
s 97
f 1260/1279/1667 1209/1280/1626 1208/1277/1626 
s 98
f 1207/1209/1645 1234/1245/1644 1259/1281/1668 
s 99
f 1259/1281/1668 1208/1208/1669 1207/1209/1645 
s 100
f 1254/1282/1670 1237/1246/1671 1236/1247/1672 
s 101
f 1236/1247/1672 1260/1281/1673 1254/1282/1670 
s 102
f 1254/1282/1670 1261/1282/1674 1235/1246/1675 
s 103
f 1235/1246/1675 1237/1246/1671 1254/1282/1670 
s 104
f 1260/1279/1667 1259/1278/1666 1261/1283/1676 
s 105
f 1261/1283/1676 1254/1284/1676 1260/1279/1667 
s 106
f 1234/1245/1644 1235/1246/1675 1261/1282/1674 
s 107
f 1261/1282/1674 1259/1281/1668 1234/1245/1644 
s 108
f 1262/1285/1677 1263/1286/1678 1264/1287/1678 
s 109
f 1265/1288/1679 1264/1287/1678 1263/1286/1678 
s 110
f 1265/1289/1680 1266/1290/1681 1267/1291/1682 
s 111
f 1268/1292/1683 1269/1293/1684 1270/1294/1685 
s 112
f 1267/1291/1682 1264/1295/1686 1265/1289/1680 
s 113
f 1236/1247/1672 1210/1209/1687 1209/1208/1687 
s 114
f 1209/1208/1687 1260/1281/1673 1236/1247/1672 
s 115
f 1253/1274/1688 1258/1275/1689 1237/1246/1690 
s 116
f 1237/1246/1690 1271/1296/1691 1255/1297/1692 
s 117
f 1258/1275/1689 1271/1296/1691 1237/1246/1690 
s 118
f 1254/1282/1693 1253/1274/1688 1237/1246/1690 
s 119
f 1272/1298/1694 1255/1297/1692 1271/1296/1691 
s 120
f 1273/1286/1695 1274/1299/1696 1267/1300/1695 
s 121
f 1267/1300/1695 1266/1288/1697 1273/1286/1695 
s 122
f 1273/1290/1698 1263/1289/1699 1262/1295/1700 
s 123
f 1262/1295/1700 1274/1291/1701 1273/1290/1698 
s 124
f 1229/1233/1702 1275/1232/1702 1228/1235/1702 
s 125
f 1228/1235/1702 1225/1234/1702 1229/1233/1702 
s 126
f 1227/1237/1638 1226/1301/1703 1275/1302/1704 
s 127
f 1275/1302/1704 1229/1238/1639 1227/1237/1638 
s 128
f 1226/1301/1705 1223/1303/1705 1228/1304/1706 
s 129
f 1228/1304/1706 1275/1302/1704 1226/1301/1705 
s 130
f 1216/1305/1626 1215/1306/1626 1219/1307/1626 
s 131
f 1221/1308/1626 1232/1309/1626 1219/1307/1626 
s 132
f 1232/1309/1626 1216/1305/1626 1219/1307/1626 
s 133
f 1216/1219/1610 1233/1244/1610 1217/1220/1629 
s 134
f 1258/1276/1665 1257/1275/1664 1270/1310/1707 
s 135
f 1270/1310/1707 1276/1311/1708 1258/1276/1665 
s 136
f 1277/1312/1709 1269/1293/1684 1268/1292/1683 
s 137
f 1268/1292/1683 1271/1296/1691 1277/1312/1709 
s 138
f 1276/1311/1708 1270/1310/1707 1269/1275/1710 
s 139
f 1269/1275/1710 1277/1276/1710 1276/1311/1708 
s 140
f 1278/1298/1711 1268/1292/1683 1256/1297/1712 
s 141
f 1261/1282/1674 1235/1246/1646 1252/1274/1663 
s 142
f 1252/1274/1663 1235/1246/1646 1257/1275/1664 
s 143
f 1235/1246/1646 1256/1297/1712 1268/1292/1683 
s 144
f 1235/1246/1646 1268/1292/1683 1257/1275/1664 
s 145
f 1270/1294/1685 1257/1275/1664 1268/1292/1683 
s 146
f 1254/1268/1661 1261/1313/1713 1252/1266/1661 
s 147
f 1256/1297/1712 1255/1297/1692 1272/1298/1694 
s 148
f 1272/1298/1694 1278/1298/1711 1256/1297/1712 
s 149
f 1278/1270/1643 1272/1269/1643 1271/1272/1643 
s 150
f 1271/1272/1643 1268/1271/1643 1278/1270/1643 
s 151
f 1271/1296/1691 1276/1314/1714 1277/1312/1709 
s 152
f 1276/1314/1714 1271/1296/1691 1258/1275/1689 
s 153
f 1279/1315/1715 1280/1316/1716 1281/1315/1717 
s 154
f 1282/1317/1718 1283/1318/1718 1284/1319/1718 
s 155
f 1280/1320/1718 1284/1319/1718 1283/1318/1718 
s 156
f 1285/1321/1719 1282/1322/1719 1286/1323/1719 
s 157
f 1284/1324/1719 1286/1323/1719 1282/1322/1719 
s 158
f 1287/1325/1720 1285/1326/1720 1288/1327/1720 
s 159
f 1286/1328/1720 1288/1327/1720 1285/1326/1720 
s 160
f 1289/1329/1721 1287/1330/1721 1290/1329/1721 
s 161
f 1288/1330/1721 1290/1329/1721 1287/1330/1721 
s 162
f 1291/1331/1722 1287/1330/1722 1289/1329/1722 
s 163
f 1292/1332/1722 1287/1330/1722 1291/1331/1722 
s 164
f 1282/1333/1722 1287/1330/1722 1292/1332/1722 
s 165
f 1281/1315/1717 1282/1333/1722 1292/1332/1722 
s 166
f 1283/1316/1723 1282/1333/1722 1281/1315/1717 
s 184
f 1291/1334/1724 1289/1335/1724 1293/1336/1724 
s 185
f 1290/1337/1724 1293/1336/1724 1289/1335/1724 
s 186
f 1292/1338/1725 1291/1339/1725 1294/1340/1725 
s 187
f 1293/1341/1725 1294/1340/1725 1291/1339/1725 
s 188
f 1281/1342/1726 1292/1343/1726 1279/1344/1726 
s 189
f 1294/1345/1726 1279/1344/1726 1292/1343/1726 
s 190
f 1283/1316/1723 1281/1315/1717 1280/1316/1716 
s 276
f 1285/1346/1722 1287/1330/1722 1282/1333/1722 
s 277
f 1280/1316/1716 1279/1315/1715 1294/1332/1727 
s 278
f 1284/1333/1727 1280/1316/1716 1294/1332/1727 
s 279
f 1288/1330/1727 1284/1333/1727 1294/1332/1727 
s 280
f 1293/1331/1727 1288/1330/1727 1294/1332/1727 
s 281
f 1290/1329/1727 1288/1330/1727 1293/1331/1727 
s 282
f 1286/1346/1727 1284/1333/1727 1288/1330/1727 
s 1
f 1295/1347/1728 1296/1348/1729 1297/1349/1730 
s 2
f 1297/1349/1730 1296/1348/1729 1298/1350/1731 
s 3
f 1299/1351/1732 1298/1350/1731 1300/1352/1733 
s 4
f 1301/1353/1734 1300/1352/1733 1302/1354/1735 
s 5
f 1300/1352/1733 1298/1350/1731 1302/1354/1735 
s 6
f 1298/1350/1731 1296/1348/1729 1302/1354/1735 
s 7
f 1303/1355/1736 1302/1354/1735 1304/1356/1737 
s 8
f 1305/1357/1738 1304/1356/1737 1306/1358/1739 
s 9
f 1304/1356/1737 1302/1354/1735 1306/1358/1739 
s 10
f 1306/1358/1739 1302/1354/1735 1307/1359/1740 
s 11
f 1302/1354/1735 1296/1348/1729 1307/1359/1740 
s 12
f 1307/1359/1740 1296/1348/1729 1308/1360/1741 
s 13
f 1308/1360/1741 1296/1348/1729 1309/1361/1742 
s 14
f 1309/1361/1742 1296/1348/1729 1310/1362/1743 
s 15
f 1311/1354/1744 1312/1355/1745 1313/1353/1746 
s 16
f 1313/1353/1746 1312/1355/1745 1314/1352/1747 
s 17
f 1315/1351/1748 1314/1352/1747 1316/1350/1749 
s 18
f 1314/1352/1747 1312/1355/1745 1316/1350/1749 
s 19
f 1317/1347/1750 1318/1349/1751 1319/1348/1752 
s 20
f 1318/1349/1751 1316/1350/1749 1319/1348/1752 
s 21
f 1320/1362/1753 1319/1348/1752 1321/1361/1754 
s 22
f 1321/1361/1754 1319/1348/1752 1322/1360/1755 
s 23
f 1319/1348/1752 1316/1350/1749 1322/1360/1755 
s 24
f 1316/1350/1749 1312/1355/1745 1322/1360/1755 
s 25
f 1322/1360/1755 1312/1355/1745 1323/1359/1756 
s 26
f 1312/1355/1745 1324/1356/1757 1323/1359/1756 
s 27
f 1323/1359/1756 1324/1356/1757 1325/1358/1758 
s 28
f 1325/1358/1758 1324/1356/1757 1326/1357/1759 
s 29
f 1327/1363/1760 1326/1357/1759 1328/1364/1761 
s 30
f 1324/1356/1757 1328/1364/1761 1326/1357/1759 
s 31
f 1325/1358/1758 1326/1357/1759 1306/1358/1739 
s 32
f 1305/1357/1738 1306/1358/1739 1327/1363/1760 
s 33
f 1306/1358/1739 1326/1357/1759 1327/1363/1760 
s 34
f 1323/1359/1756 1325/1358/1758 1307/1359/1740 
s 35
f 1306/1358/1739 1307/1359/1740 1325/1358/1758 
s 36
f 1322/1360/1755 1323/1359/1756 1308/1360/1741 
s 37
f 1307/1359/1740 1308/1360/1741 1323/1359/1756 
s 38
f 1321/1361/1754 1322/1360/1755 1309/1361/1742 
s 39
f 1308/1360/1741 1309/1361/1742 1322/1360/1755 
s 40
f 1320/1362/1753 1321/1361/1754 1310/1362/1743 
s 41
f 1309/1361/1742 1310/1362/1743 1321/1361/1754 
s 42
f 1319/1348/1752 1320/1362/1753 1296/1348/1729 
s 43
f 1310/1362/1743 1296/1348/1729 1320/1362/1753 
s 44
f 1317/1347/1750 1319/1348/1752 1295/1347/1728 
s 45
f 1296/1348/1729 1295/1347/1728 1319/1348/1752 
s 46
f 1318/1349/1751 1317/1347/1750 1297/1349/1730 
s 47
f 1295/1347/1728 1297/1349/1730 1317/1347/1750 
s 48
f 1316/1350/1749 1318/1349/1751 1298/1350/1731 
s 49
f 1297/1349/1730 1298/1350/1731 1318/1349/1751 
s 50
f 1315/1351/1748 1316/1350/1749 1299/1351/1732 
s 51
f 1298/1350/1731 1299/1351/1732 1316/1350/1749 
s 52
f 1314/1352/1747 1315/1351/1748 1329/1365/1762 
s 53
f 1329/1365/1762 1315/1351/1748 1300/1352/1733 
s 54
f 1300/1352/1733 1315/1351/1748 1299/1351/1732 
s 55
f 1330/1366/1763 1313/1353/1746 1329/1365/1762 
s 56
f 1314/1352/1747 1329/1365/1762 1313/1353/1746 
s 57
f 1331/1367/1764 1311/1354/1744 1330/1366/1763 
s 58
f 1313/1353/1746 1330/1366/1763 1311/1354/1744 
s 59
f 1332/1368/1765 1312/1355/1745 1331/1367/1764 
s 60
f 1311/1354/1744 1331/1367/1764 1312/1355/1745 
s 61
f 1328/1364/1761 1324/1356/1757 1332/1368/1765 
s 62
f 1312/1355/1745 1332/1368/1765 1324/1356/1757 
s 63
f 1304/1356/1737 1305/1357/1738 1328/1364/1761 
s 64
f 1327/1363/1766 1328/1364/1761 1305/1357/1766 
s 65
f 1300/1352/1733 1301/1353/1767 1329/1365/1762 
s 66
f 1330/1366/1763 1329/1365/1762 1301/1353/1767 
s 67
f 1301/1353/1767 1302/1354/1735 1330/1366/1763 
s 68
f 1331/1367/1764 1330/1366/1763 1302/1354/1735 
s 69
f 1302/1354/1735 1303/1355/1736 1331/1367/1764 
s 70
f 1332/1368/1765 1331/1367/1764 1303/1355/1736 
s 71
f 1303/1355/1736 1304/1356/1737 1332/1368/1765 
s 72
f 1328/1364/1761 1332/1368/1765 1304/1356/1737 
s 73
f 1333/1369/1768 1334/1370/1769 1335/1371/1770 
s 74
f 1336/1372/1771 1335/1371/1770 1334/1370/1769 
s 75
f 1337/1373/1772 1338/1374/1773 1339/1375/1774 
s 76
f 1340/1376/1775 1339/1375/1774 1338/1374/1773 
s 77
f 1335/1371/1770 1336/1372/1771 1340/1376/1775 
s 78
f 1339/1375/1774 1340/1376/1775 1336/1372/1771 
s 79
f 1333/1369/1768 1335/1371/1770 1338/1374/1773 
s 80
f 1340/1376/1775 1338/1374/1773 1335/1371/1770 
s 81
f 1334/1370/1769 1333/1369/1768 1337/1373/1772 
s 82
f 1338/1374/1773 1337/1373/1772 1333/1369/1768 
s 83
f 1336/1372/1771 1334/1370/1769 1339/1375/1774 
s 84
f 1337/1373/1772 1339/1375/1774 1334/1370/1769 
s 85
f 1341/1377/1776 1342/1378/1777 1343/1379/1778 
s 86
f 1344/1379/1779 1342/1378/1777 1341/1377/1776 
s 87
f 1345/1380/1780 1342/1378/1777 1344/1379/1779 
s 88
f 1343/1379/1778 1342/1378/1777 1345/1380/1780 
s 89
f 1346/1381/1781 1341/1377/1776 1343/1379/1778 
s 90
f 1346/1381/1781 1344/1379/1779 1341/1377/1776 
s 91
f 1346/1381/1781 1345/1380/1780 1344/1379/1779 
s 92
f 1346/1381/1781 1343/1379/1778 1345/1380/1780 
s 93
f 1347/1382/1782 1348/1383/1783 1349/1384/1783 
s 94
f 1347/1382/1782 1350/1385/1782 1348/1383/1783 
s 95
f 1351/1384/1784 1350/1385/1782 1347/1382/1782 
s 96
f 1351/1384/1784 1352/1383/1784 1350/1385/1782 
s 97
f 1353/1386/1785 1352/1383/1784 1351/1384/1784 
s 98
f 1353/1386/1785 1354/1387/1785 1352/1383/1784 
s 99
f 1349/1384/1783 1354/1387/1785 1353/1386/1785 
s 100
f 1349/1384/1783 1348/1383/1783 1354/1387/1785 
s 1
f 1355/1388/1786 1356/1389/1787 1357/1390/1786 
s 2
f 1356/1389/1787 1358/1391/1788 1357/1390/1789 
s 3
f 1356/1389/1787 1359/1388/1790 1358/1391/1788 
s 4
f 1359/1388/1790 1360/1390/1791 1358/1391/1792 
s 5
f 1359/1388/1790 1361/1389/1793 1360/1390/1791 
s 6
f 1361/1389/1793 1362/1391/1794 1360/1390/1791 
s 7
f 1361/1389/1793 1363/1388/1795 1362/1391/1794 
s 8
f 1363/1388/1795 1364/1390/1796 1362/1391/1797 
s 9
f 1363/1388/1795 1355/1389/1798 1364/1390/1796 
s 10
f 1362/1392/1799 1364/1393/1799 1357/1394/1799 
s 11
f 1362/1392/1799 1357/1394/1799 1358/1395/1799 
s 12
f 1362/1392/1799 1358/1395/1799 1360/1396/1799 
s 13
f 1365/1397/1800 1366/1398/1800 1367/1399/1800 
s 14
f 1367/1399/1800 1368/1400/1800 1365/1397/1800 
s 15
f 1369/1400/1801 1370/1397/1801 1371/1398/1801 
s 16
f 1371/1398/1801 1372/1399/1801 1369/1400/1801 
s 17
f 1365/1401/1802 1368/1402/1803 1370/1403/1804 
s 18
f 1370/1403/1804 1369/1404/1802 1365/1401/1802 
s 19
f 1368/1402/1803 1367/1405/1805 1371/1406/1805 
s 20
f 1371/1406/1805 1370/1403/1804 1368/1402/1803 
s 21
f 1367/1403/1806 1366/1404/1806 1372/1401/1806 
s 22
f 1372/1401/1806 1371/1402/1806 1367/1403/1806 
s 23
f 1366/1407/1807 1365/1408/1807 1369/1409/1807 
s 24
f 1369/1409/1807 1372/1410/1807 1366/1407/1807 
s 25
f 1373/1392/1808 1374/1394/1808 1375/1393/1808 
s 26
f 1373/1392/1808 1376/1395/1808 1374/1394/1808 
s 27
f 1373/1392/1808 1377/1396/1808 1376/1395/1808 
s 28
f 1375/1411/1809 1378/1412/1810 1379/1413/1811 
s 29
f 1375/1411/1809 1374/1414/1812 1378/1412/1810 
s 30
f 1374/1414/1812 1380/1413/1813 1378/1412/1810 
s 31
f 1374/1414/1812 1376/1411/1814 1380/1413/1813 
s 32
f 1376/1411/1814 1381/1412/1815 1380/1413/1813 
s 33
f 1376/1411/1814 1377/1414/1816 1381/1412/1815 
s 34
f 1377/1414/1816 1382/1413/1817 1381/1412/1815 
s 35
f 1377/1414/1816 1373/1411/1818 1382/1413/1817 
s 36
f 1373/1411/1818 1379/1412/1819 1382/1413/1817 
s 37
f 1373/1411/1818 1375/1414/1820 1379/1412/1819 
s 38
f 1379/1413/1811 1356/1389/1787 1355/1388/1821 
s 39
f 1379/1413/1811 1378/1412/1810 1356/1389/1787 
s 40
f 1378/1412/1810 1359/1388/1790 1356/1389/1787 
s 41
f 1378/1412/1810 1380/1413/1813 1359/1388/1790 
s 42
f 1380/1413/1813 1361/1389/1793 1359/1388/1790 
s 43
f 1380/1413/1813 1381/1412/1815 1361/1389/1793 
s 44
f 1381/1412/1815 1363/1388/1795 1361/1389/1793 
s 45
f 1381/1412/1815 1382/1413/1817 1363/1388/1795 
s 46
f 1382/1413/1817 1355/1389/1798 1363/1388/1795 
s 47
f 1382/1413/1817 1379/1412/1819 1355/1389/1798 
s 48
f 1355/1388/1821 1357/1390/1822 1364/1391/1822 
s 49
f 1383/1388/1823 1384/1389/1787 1385/1390/1824 
s 50
f 1384/1389/1787 1386/1391/1825 1385/1390/1824 
s 51
f 1384/1389/1787 1387/1388/1790 1386/1391/1825 
s 52
f 1387/1388/1790 1388/1390/1791 1386/1391/1825 
s 53
f 1387/1388/1790 1389/1389/1793 1388/1390/1791 
s 54
f 1389/1389/1793 1390/1391/1826 1388/1390/1791 
s 55
f 1389/1389/1793 1391/1388/1795 1390/1391/1826 
s 56
f 1391/1388/1795 1392/1390/1796 1390/1391/1826 
s 57
f 1391/1388/1795 1383/1389/1798 1392/1390/1796 
s 58
f 1390/1392/1799 1392/1393/1799 1385/1394/1799 
s 59
f 1390/1392/1799 1385/1394/1799 1386/1395/1799 
s 60
f 1390/1392/1799 1386/1395/1799 1388/1396/1799 
s 61
f 1393/1397/1800 1394/1398/1800 1395/1399/1800 
s 62
f 1395/1399/1800 1396/1400/1800 1393/1397/1800 
s 63
f 1397/1400/1801 1398/1397/1801 1399/1398/1801 
s 64
f 1399/1398/1801 1400/1399/1801 1397/1400/1801 
s 65
f 1393/1401/1802 1396/1402/1803 1398/1403/1804 
s 66
f 1398/1403/1804 1397/1404/1802 1393/1401/1802 
s 67
f 1396/1402/1803 1395/1405/1805 1399/1406/1805 
s 68
f 1399/1406/1805 1398/1403/1804 1396/1402/1803 
s 69
f 1395/1403/1806 1394/1404/1806 1400/1401/1806 
s 70
f 1400/1401/1806 1399/1402/1806 1395/1403/1806 
s 71
f 1394/1407/1807 1393/1408/1807 1397/1409/1807 
s 72
f 1397/1409/1807 1400/1410/1807 1394/1407/1807 
s 73
f 1401/1392/1808 1402/1394/1808 1403/1393/1808 
s 74
f 1401/1392/1808 1404/1395/1808 1402/1394/1808 
s 75
f 1401/1392/1808 1405/1396/1808 1404/1395/1808 
s 76
f 1403/1411/1809 1406/1412/1810 1407/1413/1811 
s 77
f 1403/1411/1809 1402/1414/1812 1406/1412/1810 
s 78
f 1402/1414/1812 1408/1413/1813 1406/1412/1810 
s 79
f 1402/1414/1812 1404/1411/1814 1408/1413/1813 
s 80
f 1404/1411/1814 1409/1412/1815 1408/1413/1813 
s 81
f 1404/1411/1814 1405/1414/1816 1409/1412/1815 
s 82
f 1405/1414/1816 1410/1413/1817 1409/1412/1815 
s 83
f 1405/1414/1816 1401/1411/1818 1410/1413/1817 
s 84
f 1401/1411/1818 1407/1412/1819 1410/1413/1817 
s 85
f 1401/1411/1818 1403/1414/1820 1407/1412/1819 
s 86
f 1407/1413/1811 1384/1389/1787 1383/1388/1823 
s 87
f 1407/1413/1811 1406/1412/1810 1384/1389/1787 
s 88
f 1406/1412/1810 1387/1388/1790 1384/1389/1787 
s 89
f 1406/1412/1810 1408/1413/1813 1387/1388/1790 
s 90
f 1408/1413/1813 1389/1389/1793 1387/1388/1790 
s 91
f 1408/1413/1813 1409/1412/1815 1389/1389/1793 
s 92
f 1409/1412/1815 1391/1388/1795 1389/1389/1793 
s 93
f 1409/1412/1815 1410/1413/1817 1391/1388/1795 
s 94
f 1410/1413/1817 1383/1389/1798 1391/1388/1795 
s 95
f 1410/1413/1817 1407/1412/1819 1383/1389/1798 
s 96
f 1383/1388/1823 1385/1390/1824 1392/1391/1822 
# 0 polygons - 2546 triangles

