# 3ds Max Wavefront OBJ Exporter v0.97b - (c)2007 guruware
# File Created: 18.06.2015 22:03:19

#
# object Object003
#

v  -0.4908 1.2906 0.1663
v  -0.4762 1.2946 0.1765
v  -0.5215 1.2142 0.1655
v  -0.3244 1.3562 0.0214
v  -0.3753 1.3104 0.3393
v  -0.2869 1.4050 0.3392
v  -0.2409 1.4462 0.0527
v  -0.4195 1.3869 0.2726
v  -0.3266 1.4740 0.2781
v  -0.3859 1.4172 0.0692
v  -0.2962 1.5013 0.0948
v  -0.3442 1.4541 0.2608
v  -0.3721 1.4330 0.2289
v  -0.3867 1.5161 0.2275
v  -0.3365 1.4629 0.2084
v  -0.2320 1.5191 0.1265
v  -0.1989 1.4736 0.0885
v  -0.2313 1.4401 0.3225
v  -0.2537 1.4970 0.2762
v  -0.3103 1.4691 0.1068
v  -0.2732 1.4183 0.0641
v  -0.3091 1.3812 0.3237
v  -0.3342 1.4447 0.2730
v  -0.2981 1.3991 0.0171
v  -0.3808 1.4528 0.0639
v  -0.4533 1.2945 0.0411
v  -0.3857 1.2846 -0.0041
v  -0.4484 1.2180 0.3517
v  -0.3557 1.3372 0.3577
v  -0.4198 1.4144 0.2811
v  -0.4968 1.2664 0.2681
v  -0.4304 1.3801 0.2701
v  -0.4482 1.3434 0.2352
v  -0.4944 1.4232 0.2295
v  -0.4211 1.3916 0.2116
v  -0.4089 1.4080 0.1382
v  -0.4238 1.3704 0.1028
v  -0.4703 1.4502 0.0923
v  -0.3956 1.4182 0.0806
v  -0.2649 1.4745 0.2706
v  -0.2898 1.4597 0.2458
v  -0.2980 1.5269 0.2467
v  -0.5158 1.1965 0.1754
v  -0.4737 1.2957 0.1615
v  -0.5132 1.1975 0.1604
v  -0.3212 1.4674 0.1640
v  -0.3492 1.4464 0.1321
v  -0.3638 1.5295 0.1307
v  -0.3136 1.4763 0.1116
v  -0.5220 1.1549 0.0702
v  -0.4947 1.1950 0.0488
v  -0.5536 1.2229 0.0591
v  -0.5071 1.1896 0.1001
v  -0.5016 1.2794 0.2453
v  -0.4873 1.2843 0.2553
v  -0.5296 1.2015 0.2458
v  -0.5232 1.1841 0.2559
v  -0.4848 1.2853 0.2403
v  -0.5207 1.1850 0.2409
v  -0.4777 1.3029 0.0860
v  -0.4639 1.3046 0.0974
v  -0.5095 1.2295 0.0768
v  -0.5049 1.2102 0.0855
v  -0.4600 1.3084 0.0827
v  -0.5009 1.2140 0.0708
v  -0.5580 1.0582 0.0150
v  -0.5937 1.0119 0.2655
v  -0.5428 0.9799 0.3232
v  -0.4961 1.0376 -0.0312
v  -0.4858 1.2409 0.0427
v  -0.4244 1.2340 -0.0108
v  -0.4678 1.1787 0.3461
v  -0.5165 1.1995 0.2805
v  -0.5245 1.1559 0.2683
v  -0.5443 1.1251 0.2376
v  -0.5785 1.1901 0.2415
v  -0.5225 1.1695 0.2156
v  -0.5161 1.1734 0.1832
v  -0.5355 1.1421 0.1526
v  -0.5646 1.2115 0.1487
v  -0.5085 1.1822 0.1308
v  0.5255 0.5324 0.1987
v  0.4397 0.4473 0.2479
v  0.4373 0.4609 0.2560
v  0.5423 0.3217 0.2740
v  0.5619 0.4498 0.2080
v  0.5951 0.4280 0.1231
v  0.4676 0.3885 0.3107
v  0.5366 0.5537 0.0957
v  0.5484 0.3791 0.0107
v  0.4958 0.2431 0.1640
v  0.4773 0.5334 -0.0072
v  0.0434 0.6230 0.0583
v  0.1378 0.6177 0.0753
v  0.0620 0.6861 0.0210
v  0.2662 0.7202 0.2098
v  0.1942 0.7396 0.0762
v  0.2175 0.6761 0.0950
v  0.1542 0.6775 0.0524
v  0.0684 0.7370 0.0064
v  0.1850 0.6198 0.0811
v  0.1187 0.5747 0.1304
v  0.0505 0.5757 0.1143
v  0.0596 0.5031 0.2413
v  0.0278 0.5252 0.2470
v  0.1384 0.7242 0.4058
v  0.2344 0.7233 0.3339
v  0.1422 0.6307 0.4163
v  0.0625 0.7256 0.4010
v  0.0387 0.6009 0.3942
v  0.0046 0.7108 0.3909
v  0.0273 0.5778 0.3455
v  0.0244 0.8167 0.3610
v  0.2089 0.7815 0.3200
v  0.1747 0.7986 0.0101
v  0.1840 0.7397 0.0203
v  0.1843 0.7422 0.0382
v  0.4258 0.3446 -0.0358
v  0.3692 0.2401 0.0871
v  -0.3445 0.5665 -0.2195
v  -0.1836 0.5865 -0.1727
v  -0.3068 0.6260 -0.1579
v  0.3657 0.4788 -0.0464
v  0.3348 0.3502 0.0142
v  0.2920 0.2961 0.1072
v  0.2910 0.4229 0.0231
v  0.2469 0.3701 0.1710
v  0.3088 0.3820 0.1155
v  0.2877 0.3845 0.1314
v  0.3562 0.4050 0.2154
v  0.3521 0.4239 0.2030
v  0.2932 0.4257 0.2511
v  0.3679 0.4330 0.3014
v  0.0934 0.5040 0.3095
v  0.1574 0.5503 0.3722
v  0.2141 0.6373 0.3827
v  0.2947 0.7146 0.2178
v  0.2521 0.7002 0.3341
v  -0.0286 0.6549 0.0555
v  -0.0373 0.7055 0.0336
v  -0.0186 0.6071 0.1000
v  0.0076 0.4993 0.1927
v  -0.0363 0.5590 0.3739
v  -0.0569 0.7017 0.4011
v  -0.2140 0.5280 -0.2280
v  -0.3735 0.4449 -0.2327
v  -0.2274 0.4199 -0.2327
v  -0.1574 0.4719 -0.1573
v  -0.1785 0.3836 -0.1566
v  -0.1302 0.5084 -0.1051
v  -0.1812 0.3446 -0.0564
v  -0.1827 0.4259 -0.0591
v  -0.1584 0.4347 -0.0219
v  -0.2522 0.4259 0.0355
v  -0.2626 0.4189 0.0111
v  -0.2652 0.3415 0.0114
v  -0.3615 0.4384 0.0239
v  -0.3542 0.3552 0.0181
v  0.1255 0.5332 0.1471
v  0.2035 0.5877 0.0752
v  0.2646 0.6644 0.1128
v  -0.5888 0.0553 -0.2750
v  -0.2306 0.0578 -0.1994
v  -0.2673 0.0587 -0.3900
v  -0.3824 0.1475 -0.0173
v  -0.3081 0.2460 -0.0528
v  -0.2858 0.1559 0.0037
v  -0.3445 0.2238 -0.0650
v  -0.4339 0.1387 -0.0774
v  -0.4539 0.2020 -0.1004
v  -0.6072 0.1383 -0.3892
v  -0.6066 0.0559 -0.3897
v  -0.4865 0.0577 -0.5015
v  -0.4871 0.1401 -0.5006
v  -0.3278 0.1413 -0.4892
v  -0.3256 0.0589 -0.4903
v  -0.4634 0.2035 -0.4397
v  -0.4114 0.2728 -0.2876
v  -0.5877 0.1377 -0.2751
v  -0.2691 0.1412 -0.3890
v  -0.5151 0.2713 -0.2212
v  -0.2571 0.2712 -0.2920
v  -0.2206 0.1797 -0.2054
v  -0.2278 0.1403 -0.1525
v  -0.4704 0.0552 -0.1130
v  0.0419 0.6621 -0.0032
v  0.0487 0.6721 -0.0078
v  0.0507 0.6722 -0.0213
v  -0.6220 0.0736 -0.3785
v  -0.5910 0.1937 -0.3332
v  -0.6294 0.0670 -0.3178
v  -0.6135 0.0753 -0.3129
v  -0.6059 0.0829 -0.3749
v  -0.4757 0.4313 -0.1336
v  -0.2568 0.3337 0.0295
v  -0.3595 0.3491 0.0369
v  -0.4386 0.3899 -0.0424
v  -0.3981 0.6103 -0.0809
v  -0.4506 0.5048 -0.0462
v  -0.4394 0.5508 -0.1294
v  -0.2715 0.2112 -0.1041
v  -0.2185 0.1461 -0.0747
v  0.0387 0.7981 -0.0543
v  0.0088 0.7301 -0.0403
v  0.0295 0.7072 -0.0359
v  0.1218 0.7109 -0.0155
v  0.0866 0.6815 -0.0181
v  0.0979 0.6323 0.0246
v  0.1238 0.7172 0.0039
v  0.0836 0.6814 0.0019
v  0.0632 0.6483 0.0038
v  -0.4150 0.0548 0.0023
v  0.0389 0.6753 -0.0238
v  0.0366 0.6735 -0.0092
v  0.0181 0.6624 -0.0017
v  0.0231 0.7135 -0.0191
v  0.0091 0.7376 -0.0188
v  -0.0470 0.7602 -0.0181
v  -0.0481 0.7620 -0.0006
v  -0.0316 0.8040 -0.0289
v  -0.0309 0.8074 -0.0128
v  0.0390 0.8056 -0.0337
v  0.0457 0.8270 -0.0509
v  0.0406 0.8341 -0.0368
v  0.1117 0.8239 -0.0423
v  0.1143 0.8290 -0.0284
v  0.1149 0.8019 -0.0455
v  0.1128 0.8092 -0.0264
v  0.1763 0.7939 -0.0068
v  -0.1980 0.0572 -0.0751
v  -0.2978 0.0558 0.0111
v  -0.0466 0.4768 0.2411
v  -0.1318 0.4993 0.2900
v  -0.1436 0.8187 0.2679
v  -0.1309 0.7049 0.3816
v  -0.1996 0.7209 0.2844
v  -0.0689 0.7674 0.0374
v  -0.1910 0.7378 0.1581
v  -0.2231 0.6553 0.2757
v  -0.1972 0.5782 0.3097
v  -0.4189 0.5542 0.0061
v  -0.0263 0.5627 0.0981
v  -0.0814 0.6413 0.0272
v  -0.1587 0.7010 0.0656
v  -0.2264 0.7113 0.1644
v  -0.3473 0.4656 0.0624
v  -0.1424 0.5855 0.3679
v  -0.1108 0.7081 0.0580
v  -0.0692 0.6685 0.0497
v  0.2211 0.2135 0.3813
v  0.2783 0.4394 0.2576
v  0.2427 0.2488 0.4402
v  0.2812 0.2269 0.4380
v  0.3641 0.4473 0.3159
v  0.1985 0.1815 0.2703
v  0.1628 0.1479 0.3962
v  0.1921 0.1421 0.3234
v  0.2074 0.1585 0.4893
v  0.3062 0.1511 0.4942
v  0.3716 0.1427 0.4496
v  0.3963 0.2063 0.4323
v  0.6200 0.1439 0.1935
v  0.5334 0.0619 0.0540
v  0.6204 0.0615 0.1931
v  0.5330 0.1443 0.0548
v  0.3761 0.1439 0.0243
v  0.3751 0.0615 0.0230
v  0.4936 0.2076 0.1071
v  0.4394 0.1918 0.2321
v  0.5715 0.1432 0.2986
v  0.2935 0.1432 0.1058
v  0.2928 0.0608 0.1047
v  -0.4887 0.0788 -0.5213
v  -0.4069 0.0944 -0.5077
v  -0.4050 0.0813 -0.5262
v  0.5734 0.0608 0.2993
v  0.4918 0.2140 0.0518
v  0.4556 0.0979 0.0257
v  0.4588 0.0847 0.0073
v  0.5806 0.0873 0.0957
v  0.5336 0.0785 0.0527
v  0.5430 0.1701 0.0766
v  0.5422 0.0687 0.0417
v  0.5883 0.0781 0.0839
v  0.5721 0.0935 0.1075
v  0.5666 0.2532 0.1601
v  0.6175 0.1002 0.1904
v  0.6394 0.0896 0.1752
v  0.5966 0.0874 0.0938
v  0.6041 0.0774 0.2712
v  0.6139 0.0858 0.2016
v  0.5842 0.2104 0.2422
v  0.6325 0.0755 0.2025
v  0.6228 0.0683 0.2706
v  0.3039 0.1984 0.1604
v  0.5049 0.2217 0.3335
v  -0.4891 0.0711 -0.4971
v  -0.5582 0.0699 -0.4790
v  -0.5534 0.0804 -0.4639
v  -0.4951 0.0599 -0.5117
v  -0.5634 0.0822 -0.4650
v  -0.6088 0.0945 -0.3772
v  -0.5434 0.0885 -0.4454
v  -0.6258 0.0837 -0.3975
v  -0.3215 0.0921 -0.4757
v  -0.3056 0.2109 -0.4338
v  -0.2677 0.0949 -0.4094
v  -0.2517 0.0819 -0.4189
v  -0.3046 0.0801 -0.4839
v  -0.4072 0.0963 -0.4933
v  -0.3649 0.2750 -0.4540
v  -0.3234 0.1048 -0.4915
v  -0.3228 0.0930 -0.5147
v  -0.4036 0.0897 -0.5245
v  -0.4921 0.0908 -0.5029
v  -0.4498 0.2101 -0.4918
v  -0.5075 0.1749 -0.4736
v  -0.5534 0.2481 -0.3931
v  0.2078 0.0596 0.2792
v  0.4169 0.0596 0.4249
v  0.3374 0.2133 0.0703
v  0.3424 0.0824 0.0282
v  0.3565 0.0946 0.0405
v  0.1440 0.0588 0.3908
v  0.2180 0.0585 0.4999
v  0.3335 0.0588 0.5219
v  0.2962 0.0969 0.0932
v  0.2833 0.0837 0.0799
v  0.3674 0.1004 0.0153
v  0.4454 0.0904 0.0031
v  0.3713 0.0921 -0.0005
v  0.4421 0.0952 0.0249
v  0.5383 0.0831 0.0338
v  0.5366 0.0952 0.0525
v  0.4050 0.2202 0.0433
v  -0.1283 0.8915 0.2156
v  -0.1152 0.8661 0.0979
v  -0.1453 0.8978 0.1359
v  -0.0477 1.0063 0.2681
v  -0.0789 0.8163 -0.0065
v  -0.1608 0.9000 0.1184
v  -0.0924 0.8134 -0.0239
v  -0.1685 0.9655 0.0315
v  -0.0709 0.8998 0.2976
v  0.0788 0.8207 -0.0037
v  0.0651 0.7881 -0.0549
v  0.0872 1.0759 -0.1512
v  -0.1274 1.0473 -0.0937
v  -0.0925 0.9301 -0.0827
v  -0.0450 0.8408 0.0195
v  0.0686 0.7885 -0.0719
v  0.0781 0.9132 -0.1398
v  0.1099 1.4687 0.1755
v  0.1061 1.4798 0.2768
v  -0.0158 1.5062 0.2621
v  0.0020 1.2342 -0.1124
v  0.1036 1.2298 -0.1085
v  -0.0173 1.4780 0.1353
v  0.1119 1.4500 0.0997
v  -0.0291 1.4496 0.3642
v  0.0012 1.2333 -0.0956
v  -0.0563 1.3142 -0.0433
v  -0.0661 1.2453 -0.0616
v  0.1027 1.2289 -0.0917
v  0.0278 1.4372 0.0674
v  -0.0380 1.4107 0.0198
v  -0.1797 1.4002 0.0371
v  -0.2136 1.1814 0.0851
v  -0.2008 1.2808 0.0356
v  -0.2244 1.1988 0.3351
v  -0.1927 1.4343 0.3815
v  -0.2038 1.3257 0.3871
v  -0.1990 1.5278 0.1965
v  -0.1951 1.4976 0.3067
v  -0.1877 1.4837 0.0897
v  -0.2202 1.1636 0.2186
v  -0.1843 1.2694 0.0164
v  0.3833 1.2778 0.4144
v  0.3419 1.1560 0.3962
v  0.3803 1.2728 0.4536
v  -0.1993 1.0928 0.0590
v  -0.1943 1.1385 0.0375
v  0.0362 0.8944 0.3381
v  -0.0740 0.9042 0.3179
v  0.0332 0.8995 0.3624
v  -0.0131 1.4581 0.3913
v  0.0803 1.2589 0.4432
v  -0.0570 1.2682 0.4276
v  -0.0791 1.2197 -0.0355
v  -0.0500 1.0783 0.2931
v  -0.2022 1.5187 0.0666
v  -0.0153 1.4938 0.1176
v  -0.2160 1.5677 0.1871
v  -0.1831 1.0932 0.1432
v  -0.0489 1.0138 0.3037
v  -0.0673 1.2460 -0.0831
v  -0.2015 1.4283 -0.0114
v  -0.0554 1.3148 -0.0648
v  -0.1926 1.2659 -0.0155
v  -0.2126 1.4652 0.4037
v  -0.1673 1.1309 0.3151
v  -0.1765 1.1982 0.3721
v  -0.0358 1.4262 -0.0025
v  -0.0147 1.5234 0.2661
v  0.1929 1.0584 0.3044
v  0.3075 1.1002 0.3093
v  0.3050 1.0558 0.1698
v  0.3213 1.0521 0.1663
v  0.3147 1.0916 0.3376
v  0.3438 1.1639 0.3683
v  0.3802 1.3876 0.4082
v  0.4037 1.4150 0.4324
v  0.3177 1.0497 0.0999
v  0.3681 1.0926 0.0633
v  0.3636 1.0469 0.0848
v  0.3381 1.0946 0.0856
v  0.3919 1.2182 0.0113
v  0.3812 1.2234 0.0456
v  0.4060 1.4485 0.3347
v  0.4250 1.4833 0.3427
v  0.4249 1.4769 0.2255
v  0.4455 1.5138 0.2179
v  0.4165 1.4344 0.1178
v  0.4351 1.4667 0.0959
v  0.3983 1.3531 0.0640
v  0.4169 1.3778 0.0170
v  0.2259 1.4288 0.3760
v  0.2327 1.5032 0.2776
v  0.2256 1.4386 0.4024
v  0.2314 1.4860 0.2736
v  0.0974 1.4220 0.3607
v  0.0969 1.4376 0.4004
v  -0.1744 1.2061 0.3442
v  -0.1667 1.1359 0.0651
v  -0.2061 1.1461 0.2190
v  -0.2106 1.5352 0.3132
v  -0.2051 1.3205 0.4264
v  -0.1551 1.0883 0.0779
v  -0.1562 1.1381 0.2877
v  -0.1480 1.0928 0.1487
v  0.1814 0.9876 0.2788
v  0.1804 0.9951 0.3144
v  -0.0993 1.3257 0.1444
v  -0.1450 1.2304 0.2702
v  -0.0871 1.3166 0.2465
v  -0.1537 1.2286 0.1159
v  0.2919 1.1186 -0.0705
v  0.2997 1.0125 -0.0742
v  0.2264 0.7967 -0.0097
v  0.3153 0.9260 0.0537
v  0.2438 0.9124 -0.0677
v  0.2891 0.8633 0.1390
v  0.1472 0.8808 0.3506
v  0.1490 0.8765 0.3301
v  0.2181 1.2458 0.4404
v  0.2423 1.4728 0.1292
v  0.2045 1.2177 -0.1030
v  0.2718 1.2183 -0.0677
v  0.2695 1.2883 -0.0500
v  0.2625 1.4018 0.0110
v  0.3895 1.1322 0.1131
v  0.3808 1.1146 0.2466
v  0.3799 1.1495 0.3632
v  0.3976 1.2320 0.0634
v  0.3642 1.0996 0.2455
v  0.2401 1.4570 0.1472
v  0.1954 1.4236 0.0752
v  0.2601 1.3864 0.0337
v  0.1922 0.8157 0.0545
v  0.2066 0.7931 0.0068
v  0.2245 0.8542 0.2677
v  0.2719 0.8637 0.1553
v  0.2407 0.8285 0.1505
v  0.2036 1.2168 -0.0862
v  0.2685 1.2180 -0.0460
v  0.2683 1.2877 -0.0282
v  0.2865 1.3156 0.1692
v  0.2930 1.2871 0.3253
v  0.2931 1.2174 0.2099
v  0.3045 1.3770 0.2521
v  0.3575 1.3149 0.0943
v  0.3887 1.2044 0.0891
v  0.3905 1.4362 0.2609
v  0.3548 1.4030 0.1603
v  0.4484 1.3782 0.1046
v  -0.1537 0.8964 0.2232
v  -0.1576 0.7882 0.1126
v  -0.1373 0.8684 0.0947
v  -0.1725 0.8149 0.2418
v  -0.0931 0.8243 0.3386
v  0.1978 0.7269 0.0464
v  -0.0663 0.7548 0.0074
v  -0.0471 0.8363 -0.0050
v  0.0713 0.7329 -0.0160
v  0.0817 0.8157 -0.0273
v  -0.0742 0.9042 0.3179
v  0.0330 0.8996 0.3624
v  0.0207 0.8199 0.3887
v  0.1403 0.8030 0.3905
v  0.2426 0.7711 0.3031
v  0.2600 0.7441 0.1743
v  0.1999 0.8102 0.0315
v  0.2625 0.8262 0.1538
v  0.2470 0.8541 0.2824
v  0.1470 0.8808 0.3506
v  -0.1824 1.4723 0.2675
v  -0.1080 1.4175 0.2046
v  -0.1294 1.3909 0.3069
v  -0.1557 1.4125 0.1037
v  -0.1893 1.3119 0.3680
v  0.0150 1.2293 -0.3421
v  0.0395 1.2329 -0.3241
v  -0.0306 1.3444 -0.3158
v  -0.0476 1.4004 -0.2808
v  -0.0457 1.3355 -0.2869
v  -0.0575 1.3271 -0.3117
v  0.1911 1.3082 -0.3020
v  0.1931 1.2250 -0.3113
v  0.1790 1.2065 -0.2913
v  0.1617 1.2063 -0.2962
v  0.1559 1.2077 -0.3171
v  0.1576 1.2272 -0.3284
v  0.1789 1.2328 -0.3275
v  0.1499 1.3768 -0.3023
v  0.1323 1.3805 -0.2845
v  0.1689 1.3243 -0.2841
v  0.1758 1.3270 -0.2655
v  0.1380 1.3789 -0.2660
v  0.1605 1.3737 -0.2598
v  0.1814 1.2999 -0.2729
v  0.1865 1.3256 -0.2808
v  0.1388 1.2045 -0.3178
v  0.1879 1.3258 -0.3484
v  0.1760 1.2459 -0.3256
v  0.1670 1.3316 -0.3335
v  0.1129 1.2189 -0.3268
v  0.1640 1.3345 -0.3610
v  0.1132 1.2364 -0.3460
v  0.1372 1.2586 -0.3641
v  0.1648 1.2533 -0.3556
v  0.1829 1.3792 -0.3406
v  0.0280 1.2219 -0.2890
v  -0.0017 1.2119 -0.2792
v  -0.0132 1.2126 -0.3092
v  -0.0039 1.2218 -0.3404
v  -0.0262 1.4478 -0.0796
v  -0.0442 1.3524 -0.1049
v  -0.0046 1.5242 -0.1162
v  -0.0427 1.3845 -0.0836
v  -0.0213 1.3797 -0.0784
v  -0.0073 1.4447 -0.0732
v  -0.0181 1.5602 -0.0363
v  -0.0319 1.5454 -0.0542
v  0.0306 1.4568 -0.1123
v  -0.0311 1.3399 -0.1081
v  -0.0018 1.3741 -0.1518
v  0.0009 1.3700 -0.1060
v  0.0593 1.5120 -0.1271
v  0.0169 1.5413 -0.1159
v  0.0208 1.5145 -0.1585
v  0.0618 1.4579 0.0162
v  0.1187 1.4690 -0.0805
v  0.1256 1.4777 0.0355
v  0.0726 1.4556 -0.0759
v  0.0827 1.5242 -0.1106
v  0.1156 1.5302 -0.1100
v  0.1715 1.4548 -0.3338
v  0.1365 1.4505 -0.3417
v  0.1413 1.4155 -0.3600
v  0.0078 1.4718 -0.2717
v  -0.0156 1.4635 -0.3030
v  0.0145 1.4562 -0.3216
v  0.1470 1.3855 -0.3481
v  0.1942 1.3995 -0.3237
v  0.1918 1.4645 -0.3021
v  0.0600 1.4521 -0.3333
v  0.0010 1.4220 -0.3369
v  0.0228 1.5422 -0.2124
v  0.0585 1.5627 -0.1978
v  0.0300 1.5466 -0.1890
v  0.0546 1.5520 -0.2369
v  0.0701 1.5561 -0.1567
v  0.0433 1.5399 -0.1582
v  0.0092 1.5082 -0.1881
v  0.1091 1.5646 -0.1592
v  0.0359 1.4164 -0.0777
v  -0.0070 1.5054 -0.1551
v  -0.0137 1.4973 -0.1850
v  -0.0348 1.4373 -0.1945
v  -0.0327 1.4882 -0.2173
v  -0.0063 1.4374 -0.1537
v  0.1429 1.4508 -0.3134
v  0.1539 1.4746 -0.3033
v  0.1499 1.4736 -0.3274
v  0.0184 1.5037 -0.2937
v  0.0280 1.4933 -0.3151
v  0.0447 1.5026 -0.2981
v  0.0074 1.4799 -0.3038
v  0.0114 1.4809 -0.2798
v  0.0345 1.4949 -0.2762
v  0.0500 1.4782 -0.3108
v  0.0540 1.4791 -0.2868
v  0.0269 1.4641 -0.3143
v  0.0167 1.4564 -0.2925
v  0.0334 1.4657 -0.2755
v  0.0430 1.4554 -0.2968
v  -0.0265 1.3205 -0.2446
v  -0.0058 1.3629 -0.2193
v  -0.0093 1.3190 -0.2293
v  0.1815 1.3692 -0.2801
v  0.1756 1.3709 -0.3017
v  0.0427 1.4103 -0.3503
v  -0.0033 1.3924 -0.3233
v  -0.0387 1.4103 -0.2853
v  -0.0465 1.4511 -0.2359
v  -0.0238 1.4744 -0.2666
v  -0.0200 1.3796 -0.2659
v  0.2238 1.2708 -0.2541
v  0.2405 1.2933 -0.1767
v  0.2213 1.3156 -0.2236
v  0.1969 1.3135 -0.2679
v  0.1184 1.4992 -0.3103
v  0.1280 1.4888 -0.3317
v  0.1447 1.4981 -0.3146
v  0.1074 1.4754 -0.3203
v  0.1114 1.4764 -0.2963
v  0.1344 1.4904 -0.2928
v  0.1269 1.4596 -0.3309
v  0.1334 1.4612 -0.2920
v  0.1166 1.4519 -0.3091
v  0.0153 1.3361 -0.2772
v  0.0226 1.3841 -0.2528
v  0.0299 1.3876 -0.2792
v  0.0075 1.3365 -0.2592
v  0.0119 1.3793 -0.2959
v  -0.0087 1.3322 -0.2722
v  -0.0068 1.3706 -0.2917
v  -0.0156 1.3668 -0.2678
v  0.0059 1.3089 -0.2655
v  -0.0222 1.3621 -0.2424
v  0.0175 1.3681 -0.2216
v  0.0002 1.3192 -0.2487
v  0.0271 1.3732 -0.2474
v  0.0091 1.3716 -0.2656
v  -0.0110 1.3670 -0.2630
v  -0.0156 1.2936 -0.2393
v  0.0395 1.2659 -0.3705
v  0.0476 1.3089 -0.3786
v  0.0548 1.2704 -0.3845
v  0.0398 1.3066 -0.3700
v  0.0337 1.3092 -0.3785
v  0.0266 1.2706 -0.3828
v  0.0339 1.2746 -0.3944
v  0.0333 1.3791 -0.3313
v  0.0488 1.3241 -0.3661
v  0.0470 1.3767 -0.3563
v  0.0432 1.3225 -0.3470
v  0.0476 1.3801 -0.3133
v  0.0634 1.3215 -0.3490
v  0.0772 1.3787 -0.3183
v  0.0861 1.3770 -0.3386
v  0.0725 1.3757 -0.3574
v  0.0500 1.2972 -0.3561
v  0.0070 1.3719 -0.3182
v  0.0283 1.3049 -0.3211
v  0.0353 1.3797 -0.3253
v  0.0091 1.3028 -0.3116
v  0.0020 1.3649 -0.2963
v  0.0239 1.3007 -0.2991
v  0.0244 1.3658 -0.2827
v  0.0485 1.3725 -0.2892
v  0.0523 1.3785 -0.3083
v  0.0180 1.2769 -0.3119
v  0.0008 1.3741 -0.2485
v  0.1295 1.3322 -0.3637
v  0.1272 1.3076 -0.3549
v  0.1168 1.3087 -0.3701
v  0.1404 1.3076 -0.3701
v  0.0998 1.3637 -0.3626
v  0.1110 1.3062 -0.3696
v  0.1200 1.3613 -0.3490
v  0.0897 1.3092 -0.3824
v  0.0747 1.3639 -0.3622
v  0.0832 1.3046 -0.3610
v  0.0726 1.3634 -0.3374
v  0.0917 1.3626 -0.3175
v  0.1124 1.3617 -0.3236
v  0.0938 1.2661 -0.3702
v  0.0046 1.2706 -0.3684
v  -0.0036 1.3266 -0.3519
v  -0.0095 1.2675 -0.3488
v  0.0118 1.3289 -0.3715
v  0.0283 1.2713 -0.3768
v  0.0255 1.3263 -0.3534
v  0.0387 1.2635 -0.3556
v  0.0276 1.2569 -0.3312
v  0.0062 1.2589 -0.3291
v  0.0155 1.3652 -0.3453
v  0.0463 1.2743 -0.3946
v  0.0404 1.3279 -0.3710
v  0.0671 1.2584 -0.3721
v  0.0771 1.3118 -0.3822
v  0.0861 1.2640 -0.3895
v  0.0675 1.3090 -0.3715
v  0.0599 1.3121 -0.3821
v  0.0512 1.2643 -0.3873
v  0.0601 1.2692 -0.4018
v  0.0756 1.2688 -0.4021
v  0.0682 1.3355 -0.3728
v  0.1353 1.2188 -0.3459
v  0.1494 1.2227 -0.3705
v  0.1103 1.2189 -0.3450
v  0.1005 1.2227 -0.3679
v  0.1130 1.2260 -0.3888
v  0.1346 1.2258 -0.3889
v  -0.0377 1.2321 -0.2883
v  -0.0217 1.2468 -0.2850
v  -0.0482 1.3170 -0.2559
v  -0.0068 1.2452 -0.2677
v  0.1684 1.3614 -0.3012
v  0.1599 1.3033 -0.3024
v  0.1471 1.3577 -0.2808
v  0.1724 1.3088 -0.3191
v  0.1630 1.3610 -0.3195
v  0.1527 1.3109 -0.3232
v  0.1377 1.3686 -0.3183
v  0.1198 1.3652 -0.3004
v  0.1251 1.3671 -0.2851
v  0.1645 1.2823 -0.3196
v  0.1090 1.3734 -0.3406
v  0.1438 1.3026 -0.3454
v  0.1379 1.3696 -0.3442
v  0.1244 1.2996 -0.3425
v  0.0962 1.3683 -0.3209
v  0.1330 1.2964 -0.3277
v  0.1115 1.3594 -0.2990
v  0.1373 1.3573 -0.3065
v  0.1479 1.3619 -0.3239
v  0.1382 1.2745 -0.3422
v  -0.0121 1.2208 -0.2498
v  -0.0268 1.2130 -0.2566
v  -0.0309 1.2132 -0.2779
v  0.1854 1.2771 -0.2993
v  0.2184 1.2234 -0.2003
v  0.1762 1.2402 -0.2885
v  0.2002 1.2799 -0.2649
v  0.1206 1.2834 -0.3678
v  0.1588 1.2141 -0.3149
v  0.0662 1.2815 -0.3779
v  0.0895 1.2219 -0.1851
v  0.1624 1.3385 -0.3379
v  0.0937 1.3771 -0.1986
v  0.1180 1.3379 -0.3715
v  0.2103 1.3603 -0.1404
v  0.2275 1.2815 -0.1360
v  0.1995 1.3455 -0.1138
v  0.1920 1.2877 -0.0496
v  0.2163 1.3418 -0.0384
v  0.1888 1.2617 -0.1161
v  0.0990 1.1917 -0.1146
v  0.1081 1.2441 -0.0494
v  0.1586 1.4516 -0.0901
v  0.2090 1.4003 -0.0153
v  0.1803 1.4503 0.0092
v  0.1907 1.4092 -0.1032
v  0.1749 1.4155 0.1285
v  0.1052 1.4533 0.1516
v  0.2066 1.3661 0.1010
v  0.2101 1.3224 0.0696
v  0.1863 1.2813 0.0386
v  0.0941 1.1672 -0.1508
v  0.2234 1.1821 -0.2354
v  0.0779 1.1542 -0.2905
v  0.2266 1.2341 -0.1390
v  0.2543 1.2211 -0.1877
v  0.1959 1.1903 -0.1493
v  0.2332 1.1914 -0.1899
v  0.1974 1.4499 -0.1396
v  0.1217 1.3067 -0.3877
v  0.0612 1.3164 -0.4162
v  0.1265 1.3014 -0.4079
v  0.0631 1.3193 -0.4000
v  0.1593 1.2906 -0.3563
v  0.1761 1.2814 -0.3597
v  0.2049 1.2698 -0.3027
v  0.1082 1.5235 -0.2950
v  0.0916 1.5019 -0.3233
v  0.1231 1.5153 -0.3336
v  0.1694 1.5354 -0.2365
v  0.1577 1.5430 -0.2882
v  0.1706 1.5166 -0.2558
v  0.1344 1.5483 -0.2501
v  0.1442 1.5587 -0.2120
v  0.1697 1.5401 -0.2120
v  0.1458 1.5526 -0.1692
v  0.1692 1.5341 -0.1789
v  0.1612 1.5073 -0.1438
v  0.1888 1.4999 -0.2177
v  0.1877 1.5068 -0.1860
v  0.1458 1.5213 -0.1210
v  0.2142 1.4951 -0.1915
v  0.2106 1.4869 -0.2219
v  0.2081 1.4274 -0.1890
v  0.2220 1.4254 -0.2368
v  0.2676 1.5470 -0.0833
v  0.2261 1.5135 -0.1542
v  0.2735 1.5313 -0.1045
v  0.2075 1.5325 -0.1473
v  0.0950 1.2446 0.0032
v  0.0932 1.4849 -0.3292
v  0.1121 1.4771 -0.3333
v  0.0966 1.4078 -0.3592
v  0.0623 1.3360 -0.3782
v  0.0678 1.4118 -0.3654
v  0.0598 1.2794 -0.4323
v  0.1233 1.2688 -0.4231
v  0.1117 1.1668 -0.4058
v  0.0646 1.1849 -0.4013
v  0.0664 1.1686 -0.3870
v  0.1108 1.2049 -0.4268
v  0.0633 1.2048 -0.4100
v  0.1012 1.5727 -0.2092
v  0.0930 1.5531 -0.2535
v  0.0793 1.5011 -0.3217
v  0.1536 1.4971 -0.3396
v  0.1544 1.5371 -0.3295
v  0.1295 1.4776 -0.3391
v  0.0881 1.5271 -0.2757
v  0.0895 1.4508 -0.3381
v  0.0902 1.4775 -0.3389
v  0.1061 1.4747 -0.3207
v  0.1287 1.4908 -0.2986
v  0.1574 1.4648 -0.2964
v  0.1800 1.3703 -0.2988
v  0.1747 1.5026 -0.3270
v  0.1760 1.5357 -0.3226
v  0.1743 1.4737 -0.3229
v  0.2211 1.4387 -0.2800
v  0.1895 1.5251 -0.3036
v  0.2172 1.4765 -0.2585
v  0.2055 1.3769 -0.2301
v  0.0991 1.4601 -0.3310
v  0.0733 1.4500 -0.3440
v  0.0752 1.4833 -0.3417
v  0.0788 1.4946 -0.3230
v  0.1612 1.4851 -0.2966
v  0.1320 1.4660 -0.3010
v  0.0624 1.2510 -0.4123
v  0.1606 1.2029 -0.3700
v  0.1167 1.2444 -0.4105
v  0.1715 1.2383 -0.3659
v  0.2088 1.2468 -0.3040
v  0.2053 1.2103 -0.3027
v  0.2414 1.2158 -0.2391
v  0.1437 1.1717 -0.3729
v  0.1929 1.1802 -0.3002
v  0.0690 1.1531 -0.3668
v  0.0008 1.2999 -0.3931
v  -0.0136 1.2885 -0.3359
v  -0.0312 1.2789 -0.3353
v  0.2002 1.4872 -0.2678
v  0.1985 1.3648 -0.1848
v  0.1819 1.2558 -0.3644
v  0.2105 1.2604 -0.3047
v  -0.0260 1.2360 -0.1053
v  -0.0473 1.2982 -0.1361
v  -0.0214 1.2882 -0.0989
v  -0.0719 1.2172 -0.1493
v  -0.0016 1.1879 -0.1260
v  -0.0499 1.1880 -0.1566
v  0.0153 1.3540 -0.0835
v  0.0161 1.2663 -0.0903
v  -0.0343 1.3174 -0.2353
v  -0.0611 1.2673 -0.2205
v  -0.0394 1.2770 -0.2367
v  0.0080 1.3053 -0.3743
v  -0.0318 1.2745 -0.2737
v  -0.0510 1.2667 -0.2726
v  0.0101 1.2821 -0.3548
v  -0.0088 1.2121 -0.2952
v  -0.0209 1.2379 -0.2653
v  -0.0482 1.2202 -0.1689
v  0.0141 1.2037 -0.4155
v  0.0104 1.2431 -0.3980
v  -0.0165 1.2008 -0.3491
v  -0.0314 1.2358 -0.3420
v  -0.0523 1.2436 -0.2733
v  -0.0485 1.2072 -0.2728
v  -0.0715 1.2120 -0.2023
v  0.0190 1.1657 -0.3949
v  -0.0001 1.1700 -0.3560
v  -0.0327 1.1775 -0.2737
v  -0.0494 1.1788 -0.2033
v  0.0243 1.2984 -0.0397
v  0.0426 1.4803 -0.3218
v  0.0624 1.4864 -0.3241
v  0.0674 1.5030 -0.3193
v  0.0123 1.3428 -0.3541
v  0.0006 1.2673 -0.4087
v  0.0635 1.5256 -0.2877
v  0.0038 1.5040 -0.3149
v  0.0356 1.5193 -0.3192
v  0.0093 1.5438 -0.3056
v  0.0247 1.4825 -0.3218
v  0.0198 1.5494 -0.2655
v  0.0127 1.5239 -0.2298
v  -0.0183 1.3469 -0.3081
v  0.0260 1.4120 -0.0045
v  0.0035 1.3555 -0.0259
v  0.0322 1.4271 0.1218
v  -0.0038 1.3832 0.0912
v  -0.0182 1.3410 0.0589
v  0.0049 1.2961 0.0302
v  -0.0090 1.5443 -0.2922
v  -0.0121 1.5113 -0.2962
v  -0.0214 1.3874 -0.1927
v  0.0379 1.4950 -0.2837
v  0.0053 1.4923 -0.2709
v  -0.0140 1.4824 -0.2919
v  0.0338 1.4705 -0.2848
v  0.0520 1.4772 -0.3118
v  0.0540 1.4622 -0.3236
v  0.2513 1.4347 -0.1252
v  0.2474 1.3389 -0.1530
v  0.2555 1.3653 -0.1320
v  0.2352 1.4327 -0.1131
v  0.2364 1.3563 -0.1195
v  0.2328 1.3277 -0.1516
v  -0.0186 1.4974 -0.2317
v  -0.0434 1.3204 -0.1860
v  -0.0379 1.2532 -0.3385
v  -0.0580 1.2571 -0.2731
v  0.0615 1.4788 -0.3341
v  -0.0188 1.5347 -0.2693
v  -0.3317 1.4819 0.2095
v  -0.3591 1.4310 0.3689
v  -0.3458 1.3555 0.4059
v  -0.3046 1.4345 0.1566
v  -0.3128 1.4427 0.3434
v  -0.2803 1.4629 0.3291
v  -0.3086 1.5089 0.3571
v  -0.2855 1.4478 0.3695
v  -0.2704 1.4793 0.2798
v  -0.2977 1.4725 0.2540
v  -0.2930 1.5399 0.2639
v  -0.2650 1.4914 0.2389
v  -0.3336 1.4885 0.2156
v  -0.3426 1.4714 0.2657
v  -0.3732 1.5452 0.2462
v  -0.3809 0.6134 -0.0822
v  -0.4254 0.6033 -0.0515
v  -0.4128 0.5804 -0.0482
v  -0.3819 0.6432 -0.0941
v  -0.3606 0.6747 0.1622
v  -0.3480 0.6518 0.1655
v  -0.2940 0.7385 0.0946
v  -0.2930 0.7087 0.1065
v  -0.1143 0.7130 0.0183
v  -0.1132 0.6832 0.0302
v  -0.0370 0.6291 0.0247
v  -0.0501 0.6116 0.0380
v  -0.1530 0.5697 -0.1683
v  -0.1661 0.5522 -0.1550
v  -0.2022 0.6177 -0.1704
v  -0.2012 0.5879 -0.1585
v  0.5058 0.5535 0.1645
v  0.5212 0.5747 0.1625
v  0.5002 0.5745 0.1117
v  0.5111 0.5996 0.0949
v  0.3516 0.6821 0.2856
v  0.3670 0.7033 0.2836
v  0.3422 0.7182 0.1943
v  0.3531 0.7433 0.1774
v  0.2246 0.6676 0.0447
v  0.2355 0.6927 0.0278
v  0.1574 0.5999 0.0363
v  0.1554 0.6125 0.0141
v  0.3462 0.4899 -0.0442
v  0.3442 0.5025 -0.0664
v  0.3935 0.5490 -0.0547
v  0.3826 0.5239 -0.0379
v  -0.0346 0.7827 -0.0719
v  -0.0947 0.7904 -0.0546
v  -0.0794 0.7933 -0.0318
v  -0.0346 0.7779 -0.1035
v  -0.1230 0.9740 -0.1030
v  -0.1077 0.9769 -0.0803
v  -0.0303 0.9536 -0.1810
v  -0.0303 0.9584 -0.1494
v  0.2012 0.9479 -0.1779
v  0.2012 0.9527 -0.1463
v  0.2938 0.9636 -0.0977
v  0.2762 0.9670 -0.0773
v  0.2560 0.7816 -0.0550
v  0.2385 0.7849 -0.0347
v  0.1970 0.7722 -0.1004
v  0.1970 0.7770 -0.0687
v  0.1977 1.4569 0.2260
v  0.1361 1.4293 0.3005
v  0.1388 1.5023 0.2441
v  0.0853 1.4443 0.3152
v  0.0836 1.5175 0.2514
v  0.0282 1.5014 0.2451
v  0.0338 1.4284 0.3024
v  -0.0307 1.4551 0.2265
v  -0.0170 1.3954 0.2792
v  -0.0813 1.3779 0.1948
v  -0.0512 1.3476 0.2534
v  0.0797 1.3548 0.2292
v  0.1851 1.3971 0.2761
v  0.2236 1.3499 0.2507
v  0.0385 1.5916 0.0627
v  0.0781 1.6181 0.0029
v  0.0825 1.7010 0.0892
v  0.1203 1.5892 0.0600
v  -0.0519 1.4812 0.1590
v  -0.0243 1.4100 0.2345
v  -0.1173 1.3790 0.1225
v  -0.0781 1.3361 0.1948
v  0.0807 1.3598 0.1692
v  0.1953 1.4118 0.2345
v  0.2499 1.3388 0.1934
v  0.1416 1.4664 0.2584
v  0.0842 1.4841 0.2675
v  0.0274 1.4655 0.2592
v  0.2511 1.3806 0.1953
v  0.0463 1.5321 0.1612
v  0.0830 1.5577 0.1106
v  0.0796 1.6307 0.1867
v  0.1184 1.5346 0.1631
v  0.0611 1.5075 0.2351
v  0.0834 1.5266 0.2040
v  0.0837 1.5676 0.2551
v  0.1066 1.5079 0.2347
v  0.0653 1.4660 0.2895
v  0.0845 1.4860 0.2640
v  0.0852 1.5163 0.3112
v  0.1049 1.4663 0.2887
v  -0.0060 1.6407 -0.0182
v  0.0811 1.5721 0.1059
v  -0.0811 1.5983 -0.0070
v  -0.0542 1.4988 0.1001
v  -0.1049 1.5102 0.0118
v  -0.1020 1.3926 0.0809
v  -0.1346 1.4072 0.0220
v  -0.1252 1.3036 0.0798
v  -0.1875 1.3260 0.0211
v  0.0813 1.3370 0.0365
v  0.0783 1.6524 -0.0188
v  0.0794 1.3543 0.1035
v  0.3166 1.3568 0.0572
v  0.2542 1.4991 0.0899
v  0.1726 1.5733 0.0958
v  0.0797 1.6001 0.0987
v  -0.0117 1.5716 0.0986
v  0.1628 1.6421 -0.0213
v  0.2387 1.6010 -0.0128
v  0.2170 1.5010 0.0952
v  0.2643 1.5132 0.0051
v  0.2956 1.4108 0.0143
v  0.2654 1.3956 0.0743
v  0.3493 1.3304 0.0114
v  0.2896 1.3070 0.0723
v  -0.0377 1.4293 0.1696
v  0.0168 1.5014 0.1972
v  -0.1060 1.3138 0.1381
v  0.2857 1.3823 0.1208
v  0.2192 1.4833 0.1587
v  0.1499 1.5384 0.1803
v  0.0821 1.5575 0.1915
v  0.0150 1.5374 0.1817
v  -0.0893 1.4954 0.0929
v  -0.1508 1.3530 0.0644
v  0.2751 1.3168 0.1344
v  0.2061 1.4312 0.1702
v  0.1493 1.5024 0.1964
v  0.0827 1.5255 0.2066
v  -0.0456 0.9743 -0.1532
v  -0.1276 0.9830 -0.1351
v  -0.1099 0.9854 -0.1123
v  -0.0454 0.9701 -0.1851
v  -0.1860 1.2156 -0.1511
v  -0.1665 1.2181 -0.1283
v  -0.0798 1.1944 -0.2309
v  -0.0800 1.1987 -0.1990
v  0.2466 1.1871 -0.2281
v  0.2464 1.1914 -0.1963
v  0.3509 1.2024 -0.1465
v  0.3281 1.2055 -0.1260
v  0.2803 0.9720 -0.1361
v  0.2597 0.9751 -0.1156
v  0.1996 0.9628 -0.1823
v  0.1994 0.9670 -0.1505
v  0.3067 1.2315 0.4584
v  0.3128 1.2328 0.5201
v  0.2590 1.2394 0.4181
v  0.2120 1.2554 0.5717
v  0.2735 1.2427 0.5670
v  0.1582 1.2619 0.4697
v  0.1642 1.2633 0.5314
v  0.1974 1.2520 0.4228
v  0.1594 1.0193 0.5966
v  0.0951 1.0271 0.4748
v  0.1023 1.0288 0.5485
v  0.2799 0.9923 0.5350
v  0.2329 1.0042 0.5911
v  0.2726 0.9907 0.4613
v  0.2156 1.0002 0.4132
v  0.1420 1.0153 0.4188
v  0.3032 1.6259 0.4416
v  0.3204 1.6255 0.5159
v  0.2841 1.6324 0.5041
v  0.2755 1.6325 0.4669
v  0.3227 1.6432 0.5095
v  0.2921 1.6490 0.4995
v  0.3460 1.6376 0.4881
v  0.3082 1.6435 0.4469
v  0.2848 1.6491 0.4682
v  0.3388 1.6378 0.4569
v  0.2354 1.2109 0.5277
v  0.2587 1.2053 0.5064
v  0.2048 1.2167 0.5177
v  0.1975 1.2168 0.4865
v  0.2209 1.2112 0.4651
v  0.2515 1.2054 0.4751
v  0.3300 1.5718 0.4554
v  0.2937 1.5787 0.4436
v  0.3386 1.5717 0.4926
v  0.2746 1.5852 0.5061
v  0.2660 1.5854 0.4689
v  0.3109 1.5783 0.5179
v  0.3396 1.6190 0.4534
v  0.3482 1.6189 0.4906
v  0.1559 0.9788 0.5285
v  0.1726 0.9731 0.4741
v  0.1484 0.9789 0.4962
v  0.2117 0.9670 0.5168
v  0.1875 0.9728 0.5388
v  0.2245 1.0099 0.4724
v  0.2042 0.9672 0.4844
v  0.2354 1.0097 0.5196
v  0.1783 1.0186 0.4573
v  0.1430 1.0271 0.4895
v  0.1540 1.0268 0.5368
v  0.2002 1.0182 0.5518
v  0.2193 1.3357 0.4562
v  0.2664 1.3257 0.4453
v  0.2052 1.3405 0.5023
v  0.2852 1.3254 0.5266
v  0.2993 1.3206 0.4805
v  0.2381 1.3353 0.5375
v  0.1994 1.2372 0.4603
v  0.1853 1.2420 0.5065
v  0.2465 1.2272 0.4494
v  0.2794 1.2221 0.4846
v  0.2653 1.2269 0.5308
v  0.2182 1.2368 0.5417
v  0.4133 1.2848 0.4492
v  0.4228 1.3044 0.5072
v  0.3627 1.2685 0.4154
v  0.3236 1.3126 0.5656
v  0.3856 1.3159 0.5554
v  0.2634 1.2767 0.4738
v  0.2729 1.2963 0.5318
v  0.3006 1.2652 0.4256
v  0.2933 1.6442 0.3385
v  0.3148 1.6687 0.4075
v  0.2774 1.6622 0.3996
v  0.2666 1.6499 0.3651
v  0.3114 1.6839 0.3967
v  0.2798 1.6784 0.3901
v  0.3338 1.6791 0.3742
v  0.2932 1.6633 0.3386
v  0.2708 1.6681 0.3610
v  0.3248 1.6688 0.3452
v  0.3559 1.2657 0.5308
v  0.3784 1.2609 0.5084
v  0.3244 1.2602 0.5242
v  0.3153 1.2499 0.4952
v  0.3378 1.2451 0.4727
v  0.3693 1.2506 0.4793
v  0.3356 1.6051 0.3610
v  0.2982 1.5986 0.3531
v  0.3464 1.6173 0.3955
v  0.2822 1.6165 0.4143
v  0.2715 1.6043 0.3798
v  0.3197 1.6230 0.4221
v  0.3308 1.6507 0.3463
v  0.3415 1.6630 0.3808
v  0.2992 1.3575 0.4343
v  0.3463 1.3578 0.4196
v  0.2875 1.3707 0.4795
v  0.3698 1.3845 0.4951
v  0.3816 1.3713 0.4499
v  0.3228 1.3842 0.5098
v  0.3094 1.2622 0.4649
v  0.2976 1.2754 0.5100
v  0.3565 1.2625 0.4501
v  0.3918 1.2760 0.4805
v  0.3800 1.2892 0.5256
v  0.3329 1.2889 0.5404
v  0.2515 1.5884 0.1439
v  0.2571 1.5002 0.0359
v  0.5273 1.5559 0.1480
v  0.5043 1.4821 0.0415
v  0.2641 1.4703 0.4242
v  0.2539 1.5690 0.3192
v  0.5100 1.4352 0.4047
v  0.5292 1.5392 0.2996
v  0.2714 1.3508 -0.0689
v  0.4676 1.3294 -0.0522
v  0.5014 1.4542 0.0606
v  0.5205 1.5181 0.1528
v  0.2641 1.4444 0.3946
v  0.5223 1.5030 0.2884
v  0.5065 1.4129 0.3776
v  0.2571 1.4460 0.0087
v  0.2696 1.2752 -0.0651
v  0.2714 1.2967 -0.0960
v  0.4694 1.3096 -0.0244
v  0.2696 1.3293 -0.0379
v  -0.2466 1.5485 -0.1485
v  -0.2370 1.5482 -0.2009
v  -0.1252 1.5428 -0.1327
v  -0.1229 1.5439 -0.2014
v  -0.2546 1.4988 -0.2186
v  -0.1370 1.4784 -0.2239
v  -0.2752 1.4648 -0.1745
v  -0.1481 1.4368 -0.1690
v  -0.2702 1.4955 -0.1312
v  -0.1407 1.4766 -0.1126
v  -0.3983 1.5704 -0.2142
v  -0.1227 1.5646 -0.1376
v  -0.1223 1.5566 -0.2117
v  -0.0305 1.5578 -0.1367
v  -0.0302 1.5499 -0.2109
v  -0.1369 1.4880 -0.2421
v  -0.0448 1.4813 -0.2412
v  -0.1519 1.4274 -0.1984
v  -0.0598 1.4206 -0.1975
v  -0.1523 1.4353 -0.1242
v  -0.0602 1.4286 -0.1234
v  -0.1377 1.5039 -0.0939
v  -0.0455 1.4972 -0.0930
v  0.2831 1.5428 -0.1327
v  0.3948 1.5482 -0.2009
v  0.4045 1.5485 -0.1485
v  0.2808 1.5439 -0.2014
v  0.4125 1.4988 -0.2186
v  0.2949 1.4784 -0.2239
v  0.4331 1.4648 -0.1745
v  0.3060 1.4368 -0.1690
v  0.4281 1.4955 -0.1312
v  0.2986 1.4766 -0.1126
v  0.5562 1.5704 -0.2142
v  0.1884 1.5578 -0.1367
v  0.2802 1.5566 -0.2117
v  0.2806 1.5646 -0.1376
v  0.1880 1.5499 -0.2109
v  0.2948 1.4880 -0.2421
v  0.2026 1.4813 -0.2412
v  0.3098 1.4274 -0.1984
v  0.2177 1.4206 -0.1975
v  0.3102 1.4353 -0.1242
v  0.2180 1.4286 -0.1234
v  0.2956 1.5039 -0.0939
v  0.2034 1.4972 -0.0930
v  0.0024 1.6250 -0.2048
v  0.0167 1.6259 -0.2486
v  0.0167 1.6242 -0.1609
v  0.0540 1.6237 -0.1338
v  0.1001 1.6237 -0.1338
v  0.1374 1.6242 -0.1609
v  0.1517 1.6250 -0.2048
v  0.1374 1.6259 -0.2486
v  0.1001 1.6264 -0.2757
v  0.0223 1.5093 -0.3755
v  0.1318 1.5093 -0.3755
v  0.0223 1.5610 -0.3745
v  0.1318 1.5610 -0.3745
v  -0.0662 1.5081 -0.3112
v  -0.0662 1.5598 -0.3102
v  -0.1001 1.5061 -0.2071
v  -0.1001 1.5578 -0.2061
v  -0.0801 1.4493 -0.0574
v  -0.0801 1.5549 -0.0554
v  0.0223 1.4484 -0.0087
v  0.0223 1.5539 -0.0067
v  0.1318 1.4484 -0.0087
v  0.1318 1.5539 -0.0067
v  0.2342 1.4493 -0.0574
v  0.2342 1.5549 -0.0554
v  0.2542 1.5061 -0.2071
v  0.2542 1.5578 -0.2061
v  0.2204 1.5081 -0.3112
v  0.2204 1.5598 -0.3102
v  0.0294 1.6022 -0.3521
v  0.1248 1.6022 -0.3521
v  -0.0478 1.6011 -0.2960
v  -0.0773 1.5993 -0.2053
v  -0.0478 1.5976 -0.1146
v  0.0294 1.5965 -0.0585
v  0.1248 1.5965 -0.0585
v  0.2019 1.5976 -0.1146
v  0.2314 1.5993 -0.2053
v  0.2019 1.6011 -0.2960
v  0.0540 1.6264 -0.2757
v  0.2741 1.1435 -0.2171
v  0.2710 1.2028 -0.1410
v  0.2709 1.1780 -0.2477
v  0.2731 1.0981 -0.3489
v  0.2753 1.1307 -0.2336
v  0.2546 1.2785 -0.3443
v  0.2384 1.4167 -0.3467
v  0.2397 1.3714 -0.3641
v  0.2458 1.3919 -0.3185
v  0.2496 1.4074 -0.2627
v  0.2343 1.5062 -0.2649
v  0.2415 1.4657 -0.2470
v  0.2576 1.5068 -0.2093
v  0.2343 1.4500 -0.0586
v  0.2625 1.2656 -0.1013
v  0.2068 1.4136 -0.3410
v  0.2143 1.3888 -0.3128
v  0.2081 1.3683 -0.3584
v  0.2175 1.4045 -0.2628
v  0.2448 1.0948 -0.3338
v  0.2264 1.2752 -0.3292
v  0.2432 1.1277 -0.2337
v  0.2389 1.1750 -0.2478
v  0.2420 1.1405 -0.2172
v  0.2389 1.1998 -0.1411
v  0.2304 1.2626 -0.1014
v  0.2020 1.4500 -0.0586
v  0.2094 1.4640 -0.2471
v  0.2254 1.5068 -0.2093
v  0.2020 1.5062 -0.2649
v  -0.0773 1.4500 -0.0586
v  -0.1055 1.2656 -0.1013
v  -0.1006 1.5068 -0.2093
v  -0.0773 1.5062 -0.2649
v  -0.0845 1.4657 -0.2470
v  -0.0926 1.4074 -0.2627
v  -0.0814 1.4167 -0.3467
v  -0.0888 1.3919 -0.3185
v  -0.0827 1.3714 -0.3641
v  -0.0976 1.2785 -0.3443
v  -0.1161 1.0981 -0.3489
v  -0.1183 1.1307 -0.2336
v  -0.1139 1.1780 -0.2477
v  -0.1140 1.2028 -0.1410
v  -0.1171 1.1435 -0.2171
v  -0.0450 1.5062 -0.2649
v  -0.0523 1.4640 -0.2471
v  -0.0684 1.5068 -0.2093
v  -0.0450 1.4500 -0.0586
v  -0.0734 1.2626 -0.1014
v  -0.0819 1.1998 -0.1411
v  -0.0850 1.1405 -0.2172
v  -0.0818 1.1750 -0.2478
v  -0.0878 1.0948 -0.3338
v  -0.0862 1.1277 -0.2337
v  -0.0694 1.2752 -0.3292
v  -0.0511 1.3683 -0.3584
v  -0.0498 1.4136 -0.3410
v  -0.0572 1.3888 -0.3128
v  -0.0605 1.4045 -0.2628
v  -0.1032 1.5002 0.0359
v  -0.0975 1.5884 0.1439
v  -0.3733 1.5559 0.1480
v  -0.3504 1.4821 0.0415
v  -0.1000 1.5690 0.3192
v  -0.1102 1.4703 0.4242
v  -0.3561 1.4352 0.4047
v  -0.3753 1.5392 0.2996
v  -0.1175 1.3508 -0.0689
v  -0.3136 1.3294 -0.0522
v  -0.3666 1.5181 0.1528
v  -0.3475 1.4542 0.0606
v  -0.1102 1.4445 0.3946
v  -0.3525 1.4129 0.3776
v  -0.3683 1.5030 0.2884
v  -0.1157 1.3293 -0.0379
v  -0.3155 1.3096 -0.0244
v  -0.0644 2.5851 0.3984
v  -0.0572 2.5238 0.3972
v  0.1339 2.6284 0.3992
v  0.3539 2.3471 0.3938
v  0.3178 2.4337 0.3955
v  0.1772 2.3471 0.3938
v  0.3034 2.5490 0.3977
v  0.1988 1.9974 0.3871
v  0.1844 2.0839 0.3887
v  0.1159 2.0875 0.3888
v  0.2024 2.2966 0.3928
v  0.0978 2.1452 0.3899
v  0.0654 1.9325 0.3858
v  0.0798 2.0334 0.3878
v  0.0185 2.0623 0.3883
v  -0.0212 1.9830 0.3868
v  -0.0392 2.1164 0.3894
v  -0.0248 2.3615 0.3941
v  -0.1041 2.3399 0.3937
v  -0.1510 2.3543 0.3939
v  0.1159 2.0869 0.4194
v  0.0978 2.1446 0.4205
v  0.1988 1.9968 0.4177
v  0.1844 2.0833 0.4193
v  0.2024 2.2961 0.4234
v  0.1772 2.3465 0.4244
v  0.3539 2.3465 0.4244
v  0.3178 2.4331 0.4261
v  0.3034 2.5484 0.4283
v  0.1339 2.6278 0.4298
v  -0.0644 2.5845 0.4290
v  -0.0572 2.5232 0.4278
v  -0.1654 2.4835 0.4270
v  -0.1510 2.3537 0.4245
v  -0.1041 2.3393 0.4243
v  -0.0248 2.3610 0.4247
v  -0.0392 2.1158 0.4199
v  -0.0212 1.9824 0.4174
v  0.0185 2.0617 0.4189
v  -0.1654 2.4841 0.3964
v  0.0798 2.0328 0.4183
v  0.0654 1.9319 0.4164
v  -0.3277 2.2384 0.4223
v  -0.2303 2.2095 0.4218
v  -0.3241 2.3177 0.4238
v  -0.2520 2.3501 0.4245
v  -0.1871 2.2816 0.4231
v  0.4260 2.3537 0.4245
v  0.3791 2.2708 0.4229
v  0.5378 2.2816 0.4231
v  0.5342 2.2095 0.4218
v  0.4657 2.1699 0.4210
v  0.5090 2.0833 0.4193
v  0.4260 2.0401 0.4185
v  0.3539 2.1482 0.4206
v  -0.1618 2.1518 0.4206
v  -0.2231 2.0545 0.4188
v  -0.2916 2.1158 0.4199
v  0.4260 2.0395 0.4492
v  0.3539 2.1476 0.4512
v  0.5090 2.0827 0.4500
v  0.4657 2.1693 0.4517
v  0.5342 2.2089 0.4524
v  0.5378 2.2810 0.4538
v  0.4260 2.3532 0.4552
v  0.3791 2.2702 0.4536
v  -0.2520 2.3496 0.4551
v  -0.1871 2.2810 0.4538
v  -0.3241 2.3171 0.4545
v  -0.3277 2.2378 0.4530
v  -0.2303 2.2089 0.4524
v  -0.1618 2.1512 0.4513
v  -0.2916 2.1152 0.4506
v  -0.2231 2.0539 0.4494
v  0.0544 2.2919 0.4525
v  0.0951 2.2919 0.4525
v  0.0341 2.2912 0.4877
v  0.0544 2.2905 0.5228
v  0.0951 2.2905 0.5228
v  0.1154 2.2912 0.4877
v  0.0544 1.4739 0.4367
v  0.0951 1.4739 0.4367
v  0.0341 1.4732 0.4719
v  0.0544 1.4725 0.5071
v  0.0951 1.4725 0.5071
v  0.1154 1.4732 0.4719
v  0.0435 1.4780 0.4178
v  0.1060 1.4780 0.4178
v  0.0122 1.4770 0.4720
v  0.0435 1.4759 0.5261
v  0.1060 1.4759 0.5261
v  0.1373 1.4770 0.4720
v  0.1060 1.0843 0.5185
v  0.1373 1.0853 0.4644
v  0.0435 1.0843 0.5185
v  0.0122 1.0853 0.4644
v  0.0435 1.0864 0.4103
v  0.1060 1.0864 0.4103
v  0.7032 1.2004 0.2293
v  0.6549 1.2769 0.2081
v  0.6704 1.2703 0.2010
v  0.4498 1.4266 0.3082
v  0.5405 1.3431 0.3477
v  0.5148 1.2720 0.0314
v  0.4266 1.3625 0.0232
v  0.4925 1.4720 0.2295
v  0.5880 1.3937 0.2614
v  0.4767 1.4318 0.0467
v  0.5705 1.3490 0.0586
v  0.5554 1.4970 0.1715
v  0.5431 1.4190 0.2012
v  0.5120 1.4483 0.2216
v  0.5085 1.4378 0.1691
v  0.4739 1.4002 0.3036
v  0.5014 1.4432 0.2356
v  0.4906 1.4066 0.0703
v  0.4585 1.3421 0.0458
v  0.3949 1.4506 0.2765
v  0.3810 1.3983 0.0441
v  0.4096 1.4559 0.0657
v  0.4194 1.4889 0.2146
v  0.6432 1.2282 0.0802
v  0.5648 1.3803 0.0408
v  0.4878 1.3091 0.0105
v  0.5187 1.3735 0.3540
v  0.6148 1.2650 0.3968
v  0.5799 1.1994 0.0370
v  0.5867 1.4224 0.2596
v  0.6686 1.2837 0.3049
v  0.6651 1.4167 0.2134
v  0.6208 1.3415 0.2438
v  0.5992 1.3871 0.2622
v  0.5945 1.3768 0.2029
v  0.6517 1.3926 0.0742
v  0.6067 1.3191 0.1091
v  0.5879 1.3659 0.1278
v  0.5791 1.3545 0.0696
v  0.4652 1.5090 0.1796
v  0.4589 1.4453 0.2019
v  0.4316 1.4664 0.2181
v  0.4310 1.4588 0.1754
v  0.4595 1.4886 0.0824
v  0.4533 1.4258 0.1087
v  0.4264 1.4482 0.1238
v  0.4250 1.4377 0.0821
v  0.6971 1.1869 0.2445
v  0.6958 1.1825 0.2299
v  0.6536 1.2725 0.1936
v  0.5402 1.4744 0.0749
v  0.5279 1.3964 0.1046
v  0.4968 1.4257 0.1250
v  0.4933 1.4152 0.0725
v  0.7437 1.1731 0.1291
v  0.6867 1.1401 0.1253
v  0.7131 1.1116 0.1613
v  0.6949 1.1537 0.1760
v  0.7049 1.2169 0.3092
v  0.6597 1.2955 0.2861
v  0.6750 1.2881 0.2794
v  0.6982 1.2039 0.3244
v  0.6969 1.1994 0.3099
v  0.6584 1.2910 0.2716
v  0.6981 1.1829 0.1403
v  0.6489 1.2579 0.1300
v  0.6636 1.2531 0.1208
v  0.6933 1.1677 0.1550
v  0.6905 1.1659 0.1396
v  0.6461 1.2561 0.1146
v  0.7177 1.0375 0.4606
v  0.7724 1.0501 0.3989
v  0.7562 1.0038 0.1464
v  0.6990 0.9649 0.1063
v  0.6357 1.2274 0.4067
v  0.6204 1.1519 0.0512
v  0.6770 1.1804 0.1028
v  0.6891 1.2265 0.3415
v  0.7543 1.2075 0.3126
v  0.7224 1.1434 0.3296
v  0.6993 1.1819 0.3461
v  0.7013 1.1760 0.2919
v  0.7476 1.1943 0.2175
v  0.7202 1.1292 0.2437
v  0.6974 1.1681 0.2599
v  0.6939 1.1576 0.2073
v  -0.3432 1.0058 0.0358
v  -0.2634 0.9836 0.1470
v  -0.2623 1.0673 0.1494
v  -0.4300 1.1807 0.1887
v  -0.4229 1.1569 0.0817
v  -0.4237 1.2319 0.0523
v  -0.4186 1.2784 0.1889
v  -0.3292 1.1812 0.2988
v  -0.3845 1.1313 0.2818
v  -0.3702 1.3226 0.0125
v  -0.3654 1.3709 0.1543
v  -0.5599 0.9433 -0.0774
v  -0.5303 0.9982 0.0308
v  -0.6135 0.8767 -0.0575
v  -0.6290 0.8564 -0.2149
v  -0.5798 0.9069 -0.2228
v  -0.3121 0.9776 0.2970
v  -0.2986 0.9380 0.1536
v  -0.3749 0.8889 0.2549
v  -0.3819 0.9617 0.0455
v  -0.4885 1.0969 0.0575
v  -0.5067 1.0122 0.0607
v  -0.5033 1.1270 0.1932
v  -0.5320 1.0212 0.1922
v  -0.4383 0.9127 0.2672
v  -0.4087 1.0353 0.3236
v  -0.2788 1.0741 0.2790
v  -0.3231 1.0850 0.0583
v  -0.3562 1.1740 -0.0018
v  -0.2850 1.4268 0.1160
v  -0.2190 1.4154 0.1890
v  -0.1772 1.1198 0.1312
v  -0.2692 1.1308 0.0161
v  -0.3019 1.2656 -0.0378
v  -0.2769 1.3891 0.0243
v  -0.1860 1.3291 0.0017
v  -0.2172 1.2218 -0.0250
v  -0.1737 1.1634 0.2589
v  -0.2390 1.1258 0.2775
v  -0.2440 1.2251 0.3176
v  -0.3283 1.2649 0.2952
v  -0.1934 1.3202 0.2831
v  -0.2777 1.3587 0.2583
v  -0.1215 1.2566 0.2228
v  -0.1217 1.2109 0.0960
v  -0.4807 0.7423 -0.1897
v  -0.4873 0.8780 -0.2248
v  -0.1833 1.4026 0.0838
v  -0.1330 1.3591 0.1687
v  -0.3973 0.9477 0.0640
v  -0.4995 0.9769 0.0909
v  -0.4476 0.9356 -0.0946
v  -0.3259 0.8768 0.0742
v  -0.3460 0.8837 0.1398
v  -0.3946 0.8503 -0.0818
v  -0.4373 0.8192 -0.2146
v  -0.3861 0.8195 0.2349
v  -0.3996 0.7980 0.1360
v  -0.4874 0.7476 -0.0361
v  -0.4808 0.8691 0.2084
v  -0.5212 0.8216 0.1491
v  -0.5848 0.7957 -0.0343
v  -0.5513 0.7193 -0.1844
v  -0.5223 0.9329 0.1701
v  -0.5813 0.9154 0.1061
v  -0.6278 0.7847 -0.1999
v  -0.4730 0.8918 0.2741
v  -0.3674 0.8710 0.2572
v  -0.4318 0.7162 0.3473
v  -0.5082 0.8333 0.2107
v  -0.4093 0.7971 0.1804
v  -0.5232 1.0071 0.0537
v  -0.3185 0.8706 0.0599
v  -0.3892 0.9713 0.0528
v  -0.4001 0.7712 0.0971
v  -0.5412 0.7986 0.1124
v  -0.5977 0.9187 0.0931
v  -0.2914 0.9270 0.1563
v  -0.3394 0.9285 0.2981
v  -0.3820 0.9544 0.0415
v  -0.5120 1.0052 0.0546
v  -0.5443 0.9922 0.1947
v  -0.3324 0.8806 0.1335
v  -0.4258 0.9552 0.3172
v  -0.4974 0.9047 -0.3270
v  -0.4634 0.8403 -0.2730
v  -0.4778 0.8726 -0.2673
v  -0.5865 0.7289 -0.4384
v  -0.5624 0.7629 -0.3918
v  -0.5746 0.8185 -0.4137
v  -0.5588 0.8801 -0.4264
v  -0.5474 0.8591 -0.4158
v  -0.5388 0.9324 -0.4278
v  -0.5001 0.8286 -0.2169
v  -0.5554 0.8907 -0.2101
v  -0.5110 0.8723 -0.2284
v  -0.6154 0.7852 -0.1825
v  -0.6375 0.8335 -0.2534
v  -0.6126 0.8546 -0.1939
v  -0.5454 0.7311 -0.1791
v  -0.4910 0.7539 -0.1883
v  -0.6058 0.7402 -0.2731
v  -0.5348 0.7295 -0.2720
v  -0.6510 0.8560 -0.3605
v  -0.6306 0.7402 -0.4280
v  -0.3790 0.8062 0.2439
v  -0.5716 0.8973 -0.2387
v  -0.6126 0.9171 -0.3454
v  -0.5329 0.9561 -0.2665
v  -0.6035 0.9078 -0.4328
v  -0.5792 0.9583 -0.4170
v  -0.4060 0.8501 -0.3999
v  -0.4379 0.8574 -0.3253
v  -0.3947 0.8517 -0.3003
v  -0.3696 0.8407 -0.3952
v  -0.3815 0.9178 -0.2924
v  -0.3603 0.8877 -0.3948
v  -0.4454 0.8882 -0.3255
v  -0.3967 0.8918 -0.3989
v  -0.4817 0.9142 -0.2371
v  -0.4991 0.8524 0.2584
v  -0.5370 0.9378 0.1686
v  -0.5106 0.9888 0.0767
v  -0.5523 0.8182 -0.1756
v  -0.5466 0.7160 -0.4728
v  -0.4880 0.8640 -0.4776
v  -0.5662 0.7235 -0.4334
v  -0.5071 0.8557 -0.4381
v  -0.4791 0.6982 -0.4309
v  -0.5054 0.7066 -0.4095
v  -0.4368 0.8340 -0.4130
v  -0.4265 0.8952 -0.4115
v  -0.4903 0.9181 -0.4305
v  -0.4697 0.9169 -0.4770
v  -0.3909 0.8876 -0.4379
v  -0.4824 0.8734 -0.4764
v  -0.4042 0.8439 -0.4368
v  -0.4399 0.8512 -0.4104
v  -0.5013 0.8742 -0.4307
v  -0.3992 0.8394 -0.4349
v  0.5147 1.0045 0.1911
v  0.4338 1.0871 0.2904
v  0.4348 1.0045 0.3044
v  0.6014 1.2060 0.3067
v  0.5951 1.2295 0.1629
v  0.5944 1.1617 0.2064
v  0.5901 1.3018 0.2878
v  0.5007 1.2280 0.4146
v  0.5559 1.1757 0.4076
v  0.5369 1.3858 0.2357
v  0.5416 1.3106 0.1061
v  0.7314 0.9210 0.0923
v  0.7850 0.8596 0.1248
v  0.7018 0.9961 0.1875
v  0.8005 0.8089 -0.0256
v  0.7513 0.8569 -0.0432
v  0.4836 1.0280 0.4526
v  0.4700 0.9611 0.3199
v  0.5464 0.9328 0.4288
v  0.5534 0.9631 0.2091
v  0.6599 1.0981 0.1944
v  0.6782 1.0157 0.2142
v  0.6747 1.1542 0.3216
v  0.7034 1.0503 0.3414
v  0.6097 0.9586 0.4362
v  0.5802 1.0898 0.4675
v  0.4503 1.1192 0.4161
v  0.4946 1.0865 0.1976
v  0.5277 1.1621 0.1211
v  0.4565 1.4331 0.1871
v  0.4407 1.1233 0.1472
v  0.3487 1.1350 0.2622
v  0.4734 1.2448 0.0679
v  0.3452 1.2028 0.3789
v  0.4105 1.1695 0.4045
v  0.4154 1.2748 0.4243
v  0.4998 1.3094 0.3946
v  0.3649 1.3613 0.3719
v  0.4492 1.3941 0.3401
v  0.6522 0.7019 0.0216
v  0.6588 0.8281 -0.0395
v  0.5687 0.9530 0.2301
v  0.6710 0.9870 0.2507
v  0.6190 0.9101 0.0769
v  0.4973 0.8855 0.2539
v  0.5174 0.9051 0.3169
v  0.5661 0.8290 0.1062
v  0.6087 0.7724 -0.0180
v  0.5576 0.8609 0.4228
v  0.5710 0.8203 0.3300
v  0.6588 0.7372 0.1711
v  0.6523 0.9042 0.3871
v  0.6926 0.8461 0.3383
v  0.7562 0.7848 0.1634
v  0.7228 0.6804 0.0312
v  0.6937 0.9593 0.3369
v  0.7528 0.9296 0.2777
v  0.7993 0.7415 0.0032
v  0.6445 0.9394 0.4470
v  0.6033 0.7816 0.5532
v  0.5389 0.9157 0.4345
v  0.6797 0.8696 0.3963
v  0.5808 0.8282 0.3737
v  0.6947 1.0092 0.2083
v  0.5607 0.9740 0.2145
v  0.4900 0.8766 0.2411
v  0.5715 0.7864 0.2971
v  0.7126 0.8163 0.3067
v  0.7692 0.9304 0.2643
v  0.4629 0.9508 0.3246
v  0.5535 0.9552 0.2067
v  0.5109 0.9801 0.4634
v  0.6835 1.0075 0.2096
v  0.7157 1.0223 0.3495
v  0.5039 0.9008 0.3113
v  0.5972 1.0100 0.4768
v  0.6689 0.8342 -0.1450
v  0.6493 0.8145 -0.0802
v  0.6348 0.7816 -0.0794
v  0.7580 0.6400 -0.2197
v  0.7460 0.7328 -0.2130
v  0.7338 0.6825 -0.1807
v  0.7302 0.7907 -0.2376
v  0.7189 0.7721 -0.2231
v  0.7103 0.8417 -0.2493
v  0.6716 0.7812 -0.0220
v  0.6825 0.8218 -0.0419
v  0.7268 0.8434 -0.0275
v  0.7868 0.7454 0.0201
v  0.7840 0.8113 -0.0046
v  0.8090 0.7789 -0.0588
v  0.7169 0.6930 0.0341
v  0.7773 0.6835 -0.0599
v  0.6625 0.7136 0.0206
v  0.7063 0.6732 -0.0567
v  0.8224 0.7800 -0.1683
v  0.8020 0.6531 -0.2118
v  0.5505 0.8495 0.4342
v  0.7431 0.8443 -0.0569
v  0.7043 0.8965 -0.0957
v  0.7841 0.8429 -0.1654
v  0.7750 0.8166 -0.2493
v  0.7507 0.8692 -0.2437
v  0.5775 0.7664 -0.2058
v  0.5662 0.7875 -0.1084
v  0.6094 0.7882 -0.1340
v  0.5411 0.7581 -0.1993
v  0.5530 0.8539 -0.1136
v  0.5318 0.8043 -0.2081
v  0.6168 0.8184 -0.1403
v  0.5681 0.8075 -0.2129
v  0.6532 0.8612 -0.0586
v  0.6705 0.8977 0.4393
v  0.7085 0.9638 0.3346
v  0.6821 0.9959 0.2345
v  0.7238 0.7791 0.0205
v  0.6594 0.7648 -0.2847
v  0.7181 0.6207 -0.2509
v  0.7376 0.6358 -0.2138
v  0.6785 0.7644 -0.2443
v  0.6506 0.6115 -0.2063
v  0.6082 0.7481 -0.2154
v  0.6768 0.6238 -0.1870
v  0.5980 0.8084 -0.2259
v  0.6412 0.8168 -0.2944
v  0.6618 0.8271 -0.2491
v  0.5624 0.7958 -0.2503
v  0.6538 0.7743 -0.2853
v  0.5757 0.7531 -0.2407
v  0.6114 0.7655 -0.2163
v  0.6728 0.7840 -0.2407
v  0.5707 0.7491 -0.2380
v  0.3442 1.0870 0.6540
v  0.2724 1.0441 0.5443
v  0.2837 1.0676 0.6136
v  0.4628 1.0772 0.5842
v  0.4184 1.0910 0.6418
v  0.4515 1.0538 0.5149
v  0.3910 1.0344 0.4745
v  0.3168 1.0304 0.4867
v  0.3482 1.0301 0.5988
v  0.3620 1.0145 0.5456
v  0.3388 1.0194 0.5688
v  0.4040 1.0308 0.5825
v  0.3808 1.0357 0.6057
v  0.4006 1.0618 0.5277
v  0.3946 1.0201 0.5524
v  0.4143 1.0773 0.5715
v  0.3530 1.0535 0.5177
v  0.3191 1.0608 0.5516
v  0.3328 1.0763 0.5954
v  0.3804 1.0846 0.6054
v  -0.3351 0.7028 -0.0904
v  -0.6359 0.8907 -0.1469
v  -0.3342 0.8892 -0.1469
v  -0.3762 0.9960 0.0471
v  -0.4855 1.0133 -0.0799
v  -0.3753 0.9583 -0.0625
v  -0.4850 1.0405 0.0080
v  -0.3461 0.8600 0.0800
v  -0.3667 0.8252 -0.0199
v  -0.6037 0.9878 0.0305
v  -0.6060 0.8263 -0.0199
v  -0.5962 0.9593 -0.0625
v  -0.6059 0.8561 0.0729
v  -0.3349 0.8926 0.1605
v  -0.6145 0.8260 -0.0517
v  -0.3582 0.8247 -0.0517
v  -0.6142 0.8941 0.1611
v  -0.3797 0.8053 0.2263
v  -0.4867 0.7573 0.2623
v  -0.5932 0.8063 0.2262
v  -0.5938 0.6810 -0.1656
v  -0.4873 0.6404 -0.1029
v  -0.3803 0.6799 -0.1656
v  -0.3479 1.0064 -0.0405
v  -0.6222 0.7868 0.0302
v  -0.6211 1.0077 -0.0405
v  -0.3489 0.7854 0.0302
v  -0.6225 0.7377 -0.1232
v  -0.6217 0.8856 -0.1705
v  -0.5382 1.0772 -0.1023
v  -0.4307 0.9545 -0.2323
v  -0.4301 1.0767 -0.1023
v  -0.5388 0.9551 -0.2323
v  -0.3492 0.7363 -0.1232
v  -0.3343 0.8733 -0.4852
v  -0.3338 0.9823 -0.4506
v  -0.3356 0.6000 -0.4117
v  -0.3335 1.0387 -0.2745
v  -0.6352 1.0402 -0.2745
v  -0.6368 0.7042 -0.0904
v  -0.6354 0.9838 -0.4506
v  -0.6360 0.8748 -0.4852
v  -0.6373 0.6014 -0.4117
v  -0.3185 0.7353 -0.5806
v  -0.3188 0.6699 -0.3547
v  -0.3178 0.8783 -0.4381
v  -0.3190 0.6379 -0.5187
v  -0.3609 0.6509 -0.5023
v  -0.3610 0.6359 -0.1542
v  -0.3608 0.6856 -0.1702
v  -0.3615 0.5363 -0.4656
v  -0.3969 0.6361 -0.1542
v  -0.3966 0.6858 -0.1702
v  -0.3973 0.5364 -0.4656
v  -0.3968 0.6510 -0.5023
v  -0.5814 0.6519 -0.5023
v  -0.5815 0.6370 -0.1543
v  -0.5812 0.6867 -0.1702
v  -0.5820 0.5373 -0.4656
v  -0.6173 0.6371 -0.1543
v  -0.6171 0.6869 -0.1702
v  -0.6178 0.5375 -0.4656
v  -0.6172 0.6521 -0.5023
v  -0.3485 0.8842 -0.1705
v  -0.3185 0.7352 -0.1505
v  -0.3175 0.9456 -0.2280
v  -0.6531 0.7369 -0.1506
v  -0.6521 0.9472 -0.2280
v  -0.6534 0.6715 -0.3547
v  -0.6524 0.8800 -0.4382
v  -0.6536 0.6395 -0.5187
v  -0.6531 0.7370 -0.5806
v  -0.4408 0.8995 -0.2317
v  -0.4291 0.8061 -0.7178
v  -0.4234 0.7112 -0.7972
v  -0.4446 0.9875 -0.2611
v  -0.4788 0.8694 -0.7031
v  -0.4932 1.0386 -0.2796
v  -0.5218 0.8016 -0.7192
v  -0.5161 0.7067 -0.7985
v  -0.5186 0.7548 -0.7845
v  -0.4731 0.7859 -0.8207
v  -0.4259 0.7592 -0.7831
v  -0.4682 0.6926 -0.8470
v  -0.5372 0.9831 -0.2625
v  -0.5335 0.8951 -0.2330
v  -0.6258 0.6974 -0.4795
v  -0.6196 0.5826 -0.5105
v  -0.5796 0.6836 -0.5263
v  -0.5177 0.4028 -0.7410
v  -0.5933 0.4714 -0.9103
v  -0.6071 0.3988 -0.7424
v  -0.5337 0.4741 -0.9095
v  -0.5969 0.5564 -0.8925
v  -0.6122 0.5037 -0.7476
v  -0.5707 0.6037 -0.8621
v  -0.5720 0.6023 -0.7704
v  -0.5390 0.5590 -0.8916
v  -0.5228 0.5077 -0.7463
v  -0.5799 0.5778 -0.9508
v  -0.5563 0.5788 -0.9505
v  -0.5818 0.6637 -0.9426
v  -0.5725 0.6539 -0.9076
v  -0.5632 0.6645 -0.9424
v  -0.6227 0.5735 -0.2715
v  -0.5333 0.5776 -0.2702
v  -0.5364 0.7014 -0.4781
v  -0.6293 0.7226 -0.3214
v  -0.5400 0.7266 -0.3200
v  -0.5303 0.5867 -0.5092
v  -0.4327 0.7076 -0.4766
v  -0.4265 0.5928 -0.5077
v  -0.3865 0.6938 -0.5235
v  -0.3246 0.4130 -0.7382
v  -0.4002 0.4816 -0.9075
v  -0.4140 0.4089 -0.7395
v  -0.3406 0.4843 -0.9066
v  -0.4038 0.5666 -0.8896
v  -0.4191 0.5138 -0.7448
v  -0.3776 0.6139 -0.8593
v  -0.3789 0.6125 -0.7676
v  -0.3459 0.5692 -0.8888
v  -0.3297 0.5179 -0.7434
v  -0.3868 0.5879 -0.9480
v  -0.3632 0.5890 -0.9477
v  -0.3887 0.6738 -0.9398
v  -0.3794 0.6640 -0.9047
v  -0.3701 0.6747 -0.9395
v  -0.4296 0.5837 -0.2687
v  -0.3402 0.5877 -0.2674
v  -0.3433 0.7116 -0.4753
v  -0.4363 0.7327 -0.3185
v  -0.3469 0.7368 -0.3172
v  -0.3372 0.5968 -0.5064
v  0.6796 1.6517 -1.1284
v  0.6559 1.6031 -0.9810
v  0.6559 1.7216 -0.9898
v  0.6559 1.7991 -1.0798
v  0.6559 1.7903 -1.1983
v  0.6559 1.7003 -1.2759
v  0.6559 1.5818 -1.2671
v  0.6559 1.5042 -1.1771
v  0.6559 1.5130 -1.0586
v  0.6322 1.6517 -1.1284
v  0.6796 1.3632 -0.9386
v  0.6559 1.4118 -1.0860
v  0.6559 1.2933 -1.0772
v  0.6559 1.2157 -0.9872
v  0.6559 1.2246 -0.8687
v  0.6559 1.3146 -0.7911
v  0.6559 1.4331 -0.7999
v  0.6559 1.5107 -0.8900
v  0.6559 1.5019 -1.0085
v  0.6322 1.3632 -0.9386
v  0.6896 1.7467 -0.5620
v  0.6896 1.6991 -0.5057
v  0.6798 1.7729 -0.5538
v  0.6798 1.6849 -0.5292
v  0.6798 1.7205 -0.5703
v  0.6562 1.6790 -0.5390
v  0.6562 1.7096 -0.5737
v  0.6325 1.6849 -0.5292
v  0.6325 1.7205 -0.5703
v  0.6227 1.6991 -0.5057
v  0.6227 1.7467 -0.5620
v  0.6325 1.7134 -0.4822
v  0.6325 1.7729 -0.5538
v  0.6562 1.7193 -0.4724
v  0.6562 1.7838 -0.5504
v  0.7118 1.0278 -0.3759
v  0.7118 1.0618 -0.3210
v  0.6559 1.0787 -0.2936
v  0.6000 1.0278 -0.3759
v  0.6559 1.0107 -0.4034
v  0.6000 1.0618 -0.3210
v  0.7118 0.8585 -0.1956
v  0.6559 0.8756 -0.1680
v  0.7118 0.8245 -0.2505
v  0.6227 1.4834 -0.5554
v  0.6325 1.5068 -0.5699
v  0.6227 1.5331 -0.5109
v  0.6325 1.5443 -0.5360
v  0.6325 1.4601 -0.5409
v  0.6325 1.5219 -0.4858
v  0.6562 1.4504 -0.5349
v  0.6562 1.5173 -0.4754
v  0.6798 1.4601 -0.5409
v  0.6798 1.5219 -0.4858
v  0.6798 1.5443 -0.5360
v  0.6798 1.6139 -0.5127
v  0.6562 1.5489 -0.5464
v  0.6562 1.6159 -0.5239
v  0.6325 1.6139 -0.5127
v  0.6227 1.6091 -0.4856
v  0.6325 1.6042 -0.4586
v  0.6562 1.6022 -0.4474
v  0.6798 1.6042 -0.4586
v  0.6798 1.7134 -0.4822
v  0.6559 1.2569 -0.5558
v  0.7118 1.4770 -0.6538
v  0.6559 1.4600 -0.6814
v  0.7118 1.2738 -0.5284
v  0.6000 1.2738 -0.5284
v  0.6000 1.4770 -0.6538
v  0.6000 1.3077 -0.4735
v  0.6000 1.5110 -0.5989
v  0.6559 1.3248 -0.4460
v  0.6559 1.5279 -0.5716
v  0.7118 1.3077 -0.4735
v  0.6162 1.8172 -0.9973
v  0.6969 1.9259 -1.0647
v  0.6969 1.8172 -0.9973
v  0.6162 1.9259 -1.0647
v  0.6969 1.7663 -1.3226
v  0.6162 1.7663 -1.3226
v  0.6969 1.7275 -1.1422
v  0.6162 1.7275 -1.1422
v  0.6559 0.8076 -0.2778
v  0.6000 0.8245 -0.2505
v  0.6000 0.8585 -0.1956
v  0.7118 1.5110 -0.5989
v  0.6325 1.7860 -0.6404
v  0.6227 1.7587 -0.6365
v  0.6562 1.7973 -0.6420
v  0.6798 1.7860 -0.6404
v  0.6896 1.6091 -0.4856
v  0.7165 0.5318 0.0156
v  0.7165 0.5825 -0.0158
v  0.7165 0.4896 -0.0527
v  0.7165 0.5402 -0.0841
v  0.6567 0.5530 0.0497
v  0.6567 0.6036 0.0184
v  0.5968 0.5318 0.0156
v  0.5968 0.5825 -0.0158
v  0.5968 0.4896 -0.0527
v  0.5968 0.5402 -0.0841
v  0.6567 0.4685 -0.0869
v  0.6567 0.5191 -0.1182
v  0.6896 1.7587 -0.6365
v  0.6798 1.7315 -0.6327
v  0.6562 1.7202 -0.6311
v  0.6325 1.7315 -0.6327
v  0.6896 1.4834 -0.5554
v  0.6896 1.5331 -0.5109
v  0.6798 1.5068 -0.5699
v  0.6562 1.5165 -0.5759
v  0.6798 1.7569 -0.7052
v  0.6896 1.7336 -0.6907
v  0.6798 1.7102 -0.6762
v  0.6562 1.7005 -0.6701
v  0.6325 1.7102 -0.6762
v  0.6227 1.7336 -0.6907
v  0.6325 1.7569 -0.7052
v  0.6562 1.7666 -0.7112
v  0.6778 1.9599 -0.8237
v  0.6778 2.0960 -0.6893
v  0.6778 2.0366 -0.8015
v  0.6190 1.6547 -0.5947
v  0.6190 1.5642 -0.7408
v  0.6190 1.9322 -0.7664
v  0.6190 1.8411 -0.9136
v  0.6190 1.7933 -0.9909
v  0.6190 1.5158 -0.8192
v  0.6928 1.6547 -0.5947
v  0.6928 1.9322 -0.7664
v  0.6928 1.5642 -0.7408
v  0.6928 1.5158 -0.8192
v  0.6928 1.8411 -0.9136
v  0.6928 1.7933 -0.9909
v  0.6190 1.5109 -0.9310
v  0.6928 1.6479 -1.0158
v  0.6190 1.6479 -1.0158
v  0.6928 1.5109 -0.9310
v  0.6928 1.5759 -1.1322
v  0.6190 1.5759 -1.1322
v  0.6190 1.9099 -1.0631
v  0.6928 1.9099 -1.0631
v  0.6928 1.4234 -0.7620
v  0.6190 1.4234 -0.7620
v  0.6340 2.0960 -0.6893
v  0.6340 1.9599 -0.8237
v  0.6340 2.0366 -0.8015
v  0.6340 1.8457 -0.7036
v  0.6340 1.8394 -1.0186
v  0.6340 1.7030 -0.9342
v  0.6778 1.8394 -1.0186
v  0.6778 1.7030 -0.9342
v  0.6778 1.8457 -0.7036
v  0.6340 1.9903 -0.6048
v  0.6778 1.9903 -0.6048
v  0.6190 1.7864 -1.2625
v  0.6928 1.8585 -1.1461
v  0.6190 1.8585 -1.1461
v  0.6928 1.7864 -1.2625
v  0.6190 1.3872 -1.0155
v  0.6928 1.3000 -0.9615
v  0.6928 1.3872 -1.0155
v  0.6190 1.3000 -0.9615
v  0.6928 1.3720 -0.8450
v  0.6190 1.3720 -0.8450
v  0.6715 0.4176 0.1437
v  0.6403 0.4170 0.1428
v  0.6403 0.4176 0.1437
v  0.6136 0.4432 -0.0945
v  0.6300 0.3807 -0.0240
v  0.6295 0.3717 -0.0429
v  0.6110 0.4898 -0.0460
v  0.6300 0.4596 0.1036
v  0.6110 0.5244 0.0099
v  0.6295 0.4712 0.1179
v  0.6136 0.5470 0.0732
v  0.6403 0.3252 -0.0056
v  0.6403 0.3247 -0.0065
v  0.6982 0.4432 -0.0945
v  0.6818 0.3807 -0.0240
v  0.7007 0.4898 -0.0460
v  0.6823 0.3717 -0.0429
v  0.6818 0.4596 0.1036
v  0.7007 0.5244 0.0099
v  0.6823 0.4712 0.1179
v  0.6982 0.5470 0.0732
v  0.6715 0.3252 -0.0056
v  0.6715 0.3247 -0.0065
v  0.6715 0.4170 0.1428
v  0.7026 2.2283 -0.5704
v  0.7026 1.9761 -0.6058
v  0.6787 2.1663 -0.4874
v  0.6091 2.2283 -0.5704
v  0.6091 1.9761 -0.6058
v  0.6091 1.9829 -0.7518
v  0.6206 2.0520 -0.8482
v  0.7026 1.9829 -0.7518
v  0.6331 2.1663 -0.4874
v  0.6559 2.2479 -0.3676
v  0.6912 2.0520 -0.8482
v  0.6996 1.5828 -0.7110
v  0.6996 1.6093 -0.6682
v  0.6559 1.6225 -0.6468
v  0.6122 1.5828 -0.7110
v  0.6559 1.5695 -0.7326
v  0.6122 1.6093 -0.6682
v  0.6996 0.5187 0.0065
v  0.6559 0.5320 0.0280
v  0.6996 0.4922 -0.0364
v  0.6559 0.4790 -0.0577
v  0.6122 0.4922 -0.0364
v  0.6122 0.5187 0.0065
v  0.0014 0.0214 0.0055
v  -0.6613 0.0001 -0.4515
v  -0.7302 0.0003 -0.3118
v  -0.7829 0.0001 -0.1653
v  -0.4396 0.0001 -0.6695
v  -0.5566 0.0003 -0.5666
v  -0.1511 0.0001 -0.7858
v  -0.2985 0.0003 -0.7358
v  0.1599 0.0001 -0.7830
v  0.0044 0.0003 -0.7933
v  0.4461 0.0001 -0.6614
v  0.3066 0.0003 -0.7303
v  0.6642 0.0001 -0.4396
v  0.5615 0.0003 -0.5567
v  0.7807 0.0001 -0.1512
v  0.7304 0.0003 -0.2988
v  0.7778 0.0001 0.1596
v  0.7880 0.0003 0.0042
v  0.6563 0.0001 0.4460
v  0.7252 0.0003 0.3064
v  0.4343 0.0001 0.6641
v  0.5516 0.0003 0.5612
v  0.1460 0.0001 0.7804
v  0.2935 0.0003 0.7303
v  -0.1650 0.0001 0.7777
v  -0.0096 0.0003 0.7879
v  -0.4514 0.0001 0.6561
v  -0.3116 0.0003 0.7251
v  -0.6692 0.0001 0.4342
v  -0.5664 0.0003 0.5513
v  -0.7857 0.0001 0.1458
v  -0.7357 0.0003 0.2934
v  -0.7931 0.0003 -0.0098
v  -0.7434 0.0077 -0.3172
v  -0.7915 0.0077 -0.1669
v  -0.6687 0.0077 -0.4564
v  -0.7255 0.0172 -0.3097
v  -0.6517 0.0172 -0.4449
v  -0.7714 0.0172 -0.1627
v  -0.5530 0.0172 -0.5630
v  -0.5666 0.0077 -0.5768
v  -0.4331 0.0172 -0.6596
v  -0.4443 0.0077 -0.6768
v  -0.2967 0.0172 -0.7310
v  -0.3038 0.0077 -0.7489
v  -0.1490 0.0172 -0.7743
v  -0.1527 0.0077 -0.7946
v  0.0044 0.0172 -0.7881
v  0.0046 0.0077 -0.8076
v  0.1576 0.0172 -0.7717
v  0.1617 0.0077 -0.7918
v  0.3045 0.0172 -0.7256
v  0.3120 0.0077 -0.7434
v  0.4397 0.0172 -0.6518
v  0.4513 0.0077 -0.6688
v  0.5578 0.0172 -0.5532
v  0.5717 0.0077 -0.5668
v  0.6544 0.0172 -0.4333
v  0.6714 0.0077 -0.4444
v  0.7257 0.0172 -0.2968
v  0.7437 0.0077 -0.3040
v  0.7691 0.0172 -0.1491
v  0.7892 0.0077 -0.1529
v  0.7827 0.0172 0.0042
v  0.8023 0.0077 0.0044
v  0.7665 0.0172 0.1573
v  0.7866 0.0077 0.1615
v  0.7204 0.0172 0.3044
v  0.7382 0.0077 0.3119
v  0.6466 0.0172 0.4395
v  0.6634 0.0077 0.4510
v  0.5478 0.0172 0.5576
v  0.5616 0.0077 0.5715
v  0.4280 0.0172 0.6542
v  0.4393 0.0077 0.6712
v  0.2916 0.0172 0.7256
v  0.2989 0.0077 0.7435
v  0.1439 0.0172 0.7689
v  0.1478 0.0077 0.7890
v  -0.0094 0.0172 0.7825
v  -0.0096 0.0077 0.8021
v  -0.1626 0.0172 0.7663
v  -0.1668 0.0077 0.7864
v  -0.3095 0.0172 0.7202
v  -0.3171 0.0077 0.7380
v  -0.4447 0.0172 0.6464
v  -0.4562 0.0077 0.6633
v  -0.5628 0.0172 0.5476
v  -0.5766 0.0077 0.5615
v  -0.6594 0.0172 0.4277
v  -0.6766 0.0077 0.4392
v  -0.7308 0.0172 0.2914
v  -0.7488 0.0077 0.2986
v  -0.7742 0.0172 0.1437
v  -0.7944 0.0077 0.1476
v  -0.7879 0.0172 -0.0096
v  -0.8075 0.0077 -0.0098
v  -0.7612 0.0284 -0.0095
v  -0.7480 0.0284 0.1387
v  -0.7454 0.0284 -0.1572
v  -0.7009 0.0284 -0.2993
v  -0.6297 0.0284 -0.4297
v  -0.6120 0.0403 -0.4177
v  -0.6813 0.0403 -0.2909
v  -0.6046 0.0522 -0.4129
v  -0.6732 0.0522 -0.2875
v  -0.7245 0.0403 -0.1529
v  -0.7158 0.0522 -0.1512
v  -0.6038 0.0632 -0.4121
v  -0.6721 0.0632 -0.2870
v  -0.7146 0.0632 -0.1511
v  -0.5130 0.0522 -0.5225
v  -0.5193 0.0403 -0.5287
v  -0.4019 0.0522 -0.6120
v  -0.4069 0.0403 -0.6196
v  -0.4014 0.0632 -0.6111
v  -0.5122 0.0632 -0.5216
v  -0.2755 0.0522 -0.6784
v  -0.2786 0.0403 -0.6865
v  -0.1383 0.0522 -0.7187
v  -0.1401 0.0403 -0.7274
v  -0.1381 0.0632 -0.7174
v  -0.2749 0.0632 -0.6772
v  0.0041 0.0522 -0.7313
v  0.0041 0.0403 -0.7402
v  0.1460 0.0522 -0.7159
v  0.1478 0.0403 -0.7247
v  0.1457 0.0632 -0.7148
v  0.0038 0.0632 -0.7300
v  0.2824 0.0522 -0.6734
v  0.2858 0.0403 -0.6816
v  0.4076 0.0522 -0.6049
v  0.4126 0.0403 -0.6122
v  0.4070 0.0632 -0.6039
v  0.2818 0.0632 -0.6722
v  0.5173 0.0522 -0.5132
v  0.5236 0.0403 -0.5195
v  0.6068 0.0522 -0.4020
v  0.6142 0.0403 -0.4070
v  0.6060 0.0632 -0.4015
v  0.5164 0.0632 -0.5125
v  0.6731 0.0522 -0.2756
v  0.6812 0.0403 -0.2789
v  0.7133 0.0522 -0.1386
v  0.7220 0.0403 -0.1402
v  0.7121 0.0632 -0.1383
v  0.6718 0.0632 -0.2750
v  0.7259 0.0522 0.0038
v  0.7348 0.0403 0.0038
v  0.7108 0.0522 0.1458
v  0.7196 0.0403 0.1476
v  0.7097 0.0632 0.1455
v  0.7248 0.0632 0.0038
v  0.6680 0.0522 0.2822
v  0.6764 0.0403 0.2856
v  0.5997 0.0522 0.4075
v  0.6071 0.0403 0.4125
v  0.5987 0.0632 0.4068
v  0.6668 0.0632 0.2816
v  0.5081 0.0522 0.5172
v  0.5143 0.0403 0.5233
v  0.3969 0.0522 0.6067
v  0.4018 0.0403 0.6141
v  0.3961 0.0632 0.6057
v  0.5073 0.0632 0.5162
v  0.2702 0.0522 0.6730
v  0.2736 0.0403 0.6811
v  0.1334 0.0522 0.7131
v  0.1348 0.0403 0.7218
v  0.1329 0.0632 0.7120
v  0.2699 0.0632 0.6717
v  -0.0090 0.0522 0.7257
v  -0.0090 0.0403 0.7346
v  -0.1511 0.0522 0.7107
v  -0.1527 0.0403 0.7193
v  -0.1509 0.0632 0.7095
v  -0.0090 0.0632 0.7246
v  -0.2873 0.0522 0.6680
v  -0.2907 0.0403 0.6762
v  -0.4127 0.0522 0.5995
v  -0.4176 0.0403 0.6068
v  -0.4119 0.0632 0.5985
v  -0.2868 0.0632 0.6667
v  -0.5223 0.0522 0.5078
v  -0.5286 0.0403 0.5141
v  -0.6119 0.0522 0.3968
v  -0.6195 0.0403 0.4016
v  -0.6109 0.0632 0.3960
v  -0.5214 0.0632 0.5071
v  -0.6781 0.0522 0.2701
v  -0.6863 0.0403 0.2735
v  -0.7185 0.0522 0.1332
v  -0.7272 0.0403 0.1347
v  -0.7172 0.0632 0.1327
v  -0.6770 0.0632 0.2696
v  -0.7311 0.0522 -0.0092
v  -0.7400 0.0403 -0.0092
v  -0.7298 0.0632 -0.0092
v  -0.7222 0.0727 -0.0090
v  -0.7098 0.0727 0.1314
v  -0.7073 0.0727 -0.1493
v  -0.6651 0.0727 -0.2841
v  -0.5975 0.0727 -0.4080
v  0.0027 0.0439 -0.0082
v  -0.6700 0.0727 0.2668
v  -0.6045 0.0727 0.3918
v  -0.5161 0.0727 0.5018
v  -0.4077 0.0727 0.5923
v  -0.2839 0.0727 0.6599
v  -0.1491 0.0727 0.7019
v  -0.0088 0.0727 0.7170
v  0.1316 0.0727 0.7045
v  0.2670 0.0727 0.6646
v  0.3919 0.0727 0.5993
v  0.5020 0.0727 0.5107
v  0.5924 0.0727 0.4026
v  0.6599 0.0727 0.2785
v  0.7021 0.0727 0.1439
v  0.7173 0.0727 0.0036
v  0.7047 0.0727 -0.1368
v  0.6649 0.0727 -0.2722
v  0.5995 0.0727 -0.3973
v  0.5109 0.0727 -0.5072
v  0.4028 0.0727 -0.5976
v  0.2788 0.0727 -0.6653
v  0.1442 0.0727 -0.7075
v  0.0038 0.0727 -0.7224
v  -0.1367 0.0727 -0.7099
v  -0.2720 0.0727 -0.6701
v  -0.3972 0.0727 -0.6046
v  -0.5070 0.0727 -0.5161
v  -0.7059 0.0284 0.2814
v  -0.6371 0.0284 0.4131
v  -0.5437 0.0284 0.5290
v  -0.4295 0.0284 0.6243
v  -0.2991 0.0284 0.6956
v  -0.1571 0.0284 0.7401
v  -0.0092 0.0284 0.7558
v  0.1389 0.0284 0.7426
v  0.2816 0.0284 0.7008
v  0.4133 0.0284 0.6319
v  0.5293 0.0284 0.5385
v  0.6244 0.0284 0.4243
v  0.6958 0.0284 0.2939
v  0.7403 0.0284 0.1520
v  0.7560 0.0284 0.0041
v  0.7428 0.0284 -0.1440
v  0.7010 0.0284 -0.2868
v  0.6320 0.0284 -0.4185
v  0.5387 0.0284 -0.5344
v  0.4246 0.0284 -0.6298
v  0.2941 0.0284 -0.7010
v  0.1521 0.0284 -0.7455
v  0.0042 0.0284 -0.7612
v  -0.1438 0.0284 -0.7481
v  -0.2866 0.0284 -0.7062
v  -0.4184 0.0284 -0.6373
v  -0.5342 0.0284 -0.5439
# 2465 vertices

vn -0.6022 0.2347 0.7631
vn -0.5154 0.7342 0.4419
vn 0.7301 -0.6831 0.0186
vn -0.4509 0.4278 0.7834
vn -0.4469 0.4275 0.7858
vn -0.4520 0.4278 0.7827
vn -0.4563 0.4281 0.7801
vn -0.6836 0.7299 -0.0044
vn -0.5044 0.6965 -0.5104
vn -0.5146 0.6993 -0.4962
vn -0.7093 -0.1122 0.6960
vn -0.4378 -0.0924 -0.8943
vn 0.7478 0.6282 0.2147
vn 0.8602 0.4741 0.1878
vn 0.8619 0.4714 0.1867
vn 0.8528 0.4855 0.1925
vn 0.8483 0.4923 0.1952
vn -0.4477 0.8323 -0.3269
vn -0.1556 0.5677 -0.8084
vn -0.1560 0.5630 -0.8116
vn 0.6031 -0.7971 -0.0303
vn -0.3581 0.4961 0.7910
vn -0.3529 0.4948 0.7941
vn -0.3594 0.4964 0.7902
vn -0.3651 0.4977 0.7868
vn -0.3285 0.2805 -0.9019
vn -0.7118 0.4192 -0.5636
vn 0.7914 -0.6109 0.0234
vn 0.7887 -0.6143 0.0241
vn 0.7895 -0.6133 0.0239
vn 0.7922 -0.6098 0.0231
vn -0.5088 0.3561 0.7838
vn -0.8883 0.4494 -0.0944
vn -0.8962 0.4273 -0.1190
vn -0.8866 0.4537 0.0897
vn -0.6543 -0.3310 0.6799
vn -0.3324 -0.2571 -0.9074
vn 0.4331 0.8690 0.2394
vn -0.6996 -0.3230 0.6374
vn -0.2624 -0.2754 -0.9248
vn 0.4138 0.8753 0.2504
vn -0.7633 -0.6105 -0.2112
vn -0.7509 -0.6238 -0.2170
vn -0.7558 -0.6186 -0.2147
vn -0.7654 -0.6082 -0.2103
vn 0.7638 0.6098 0.2113
vn 0.7662 0.6073 0.2102
vn 0.7555 0.6188 0.2152
vn 0.7500 0.6246 0.2177
vn -0.1931 0.4769 -0.8575
vn -0.1923 0.4711 -0.8609
vn -0.5454 0.8370 0.0440
vn -0.6738 -0.0915 0.7332
vn -0.9478 -0.1455 0.2839
vn -0.3767 0.7563 -0.5349
vn -0.3045 0.1327 -0.9432
vn -0.7867 -0.2159 -0.5784
vn -0.2816 0.9593 0.0205
vn -0.9018 -0.3921 -0.1818
vn -0.2956 -0.2859 -0.9115
vn 0.4478 0.8716 0.1996
vn -0.6087 0.2223 0.7616
vn -0.5460 0.7205 0.4275
vn -0.9416 -0.1779 0.2859
vn -0.4147 0.7307 -0.5423
vn -0.3157 0.1078 -0.9427
vn -0.7795 -0.2522 -0.5734
vn -0.3156 0.1078 -0.9427
vn -0.3279 0.9447 0.0052
vn -0.8867 -0.4277 -0.1756
vn -0.6422 0.1848 0.7439
vn -0.5184 0.6777 0.5215
vn -0.9696 -0.1421 0.1991
vn -0.3412 0.8265 -0.4477
vn -0.2483 0.2261 -0.9419
vn -0.7286 -0.1437 -0.6697
vn -0.2621 0.9494 0.1729
vn -0.8757 -0.3580 -0.3241
vn -0.4977 -0.8439 -0.2001
vn -0.4431 -0.8720 -0.2078
vn -0.7252 0.3242 0.6075
vn -0.2875 -0.9310 -0.2248
vn 0.6197 0.7469 0.2408
vn 0.6209 0.7461 0.2404
vn 0.6162 0.7495 0.2421
vn 0.6137 0.7512 0.2430
vn -0.4390 0.4767 -0.7616
vn -0.3314 -0.9183 -0.2168
vn -0.4414 -0.8747 -0.2003
vn 0.2546 0.9502 0.1797
vn 0.2627 0.9482 0.1788
vn 0.1836 0.9651 0.1869
vn 0.1576 0.9692 0.1893
vn -0.5348 0.2902 -0.7936
vn -0.5159 0.2731 -0.8120
vn -0.5937 0.3447 -0.7271
vn -0.8081 0.3888 -0.4425
vn 0.9341 -0.3516 0.0615
vn 0.9313 -0.3585 0.0643
vn 0.9327 -0.3551 0.0629
vn 0.9355 -0.3482 0.0601
vn -0.6686 0.2181 0.7109
vn -0.8633 0.3218 0.3888
vn -0.8939 0.3237 0.3102
vn -0.7519 0.2113 0.6245
vn -0.9249 0.3750 -0.0626
vn -0.5868 -0.3522 0.7291
vn -0.4709 -0.1956 -0.8602
vn 0.4322 0.8692 0.2402
vn -0.6834 -0.2477 0.6867
vn -0.3972 -0.2172 -0.8917
vn 0.5043 0.8365 0.2143
vn -0.7321 -0.2372 0.6385
vn 0.6971 0.4807 0.5320
vn 0.1519 0.5081 0.8478
vn 0.3915 -0.3513 0.8505
vn 0.9211 -0.1004 0.3761
vn 0.7645 0.3321 0.5525
vn 0.9968 0.0112 -0.0787
vn 0.6148 0.2850 0.7354
vn 0.7376 0.6456 -0.1976
vn 0.6176 -0.4722 -0.6290
vn 0.7113 -0.6355 -0.3003
vn 0.4236 0.5152 -0.7450
vn 0.8172 0.3206 -0.4790
vn 0.1136 -0.6540 -0.7479
vn 0.1318 -0.6390 -0.7579
vn 0.2312 -0.3926 -0.8902
vn 0.4804 0.8574 -0.1843
vn 0.6937 0.1880 -0.6953
vn 0.6025 0.1593 -0.7820
vn 0.4071 -0.1883 -0.8938
vn 0.3605 -0.1871 -0.9138
vn 0.0968 -0.1685 -0.9809
vn -0.3456 -0.5120 -0.7864
vn 0.1427 -0.7467 -0.6496
vn -0.5455 -0.8360 -0.0599
vn -0.0117 -0.8686 -0.4954
vn -0.5519 -0.8288 0.0924
vn 0.2154 0.4579 0.8625
vn 0.6996 0.4491 0.5557
vn 0.1769 -0.1405 0.9742
vn -0.0379 0.3570 0.9333
vn -0.5207 -0.4055 0.7513
vn -0.4433 0.1883 0.8763
vn -0.4061 -0.7853 0.4673
vn 0.1103 0.4381 0.8921
vn 0.6241 0.6030 0.4969
vn 0.9861 0.1625 0.0359
vn 0.8187 -0.5167 -0.2504
vn 0.9879 0.1498 -0.0390
vn 0.0637 -0.7969 -0.6007
vn 0.1053 -0.8602 -0.4990
vn -0.1657 -0.0216 0.9859
vn 0.0571 -0.4449 -0.8938
vn -0.0964 -0.7617 -0.6408
vn -0.3097 0.5028 -0.8070
vn 0.5532 0.5441 -0.6308
vn -0.1341 0.8675 -0.4791
vn -0.1993 0.1467 -0.9689
vn -0.4874 -0.4036 -0.7743
vn -0.5686 -0.5700 -0.5931
vn -0.5864 -0.1670 -0.7927
vn -0.3831 0.8657 -0.3221
vn -0.9048 -0.2673 -0.3315
vn -0.4504 0.8315 -0.3252
vn -0.8721 -0.1233 -0.4735
vn -0.3258 -0.9423 0.0768
vn 0.1357 -0.9347 0.3284
vn -0.7460 -0.6026 -0.2834
vn 0.1714 -0.9747 0.1433
vn 0.4732 -0.8743 0.1083
vn 0.7948 -0.2037 -0.5717
vn -0.2419 0.9293 -0.2792
vn -0.2377 0.9355 -0.2614
vn -0.0254 0.9659 0.2577
vn 0.2551 0.7089 0.6576
vn -0.3695 -0.8047 0.4648
vn 0.0693 -0.5774 0.8135
vn 0.4263 0.0706 0.9018
vn 0.4227 0.9058 -0.0291
vn 0.6195 0.5065 0.5997
vn -0.1284 -0.5357 -0.8346
vn -0.1760 -0.3475 -0.9210
vn -0.2186 -0.2143 -0.9520
vn -0.2780 -0.6853 -0.6731
vn 0.6499 -0.7553 -0.0850
vn -0.1521 -0.6651 -0.7311
vn 0.1915 0.0541 0.9800
vn 0.1850 -0.5635 0.8051
vn -0.0994 0.1750 0.9795
vn 0.2193 -0.9097 0.3527
vn 0.4217 0.2499 -0.8716
vn -0.4095 0.1806 -0.8943
vn 0.4701 -0.0542 -0.8809
vn 0.8076 0.0155 -0.5896
vn 0.7815 -0.1914 -0.5938
vn 0.8482 0.1509 -0.5078
vn 0.9705 -0.2322 -0.0643
vn 0.9317 -0.3606 -0.0433
vn 0.7671 0.0196 0.6413
vn 0.8708 0.0327 0.4905
vn 0.4654 -0.8806 -0.0889
vn 0.5982 -0.7738 -0.2081
vn 0.8302 -0.5098 -0.2257
vn -0.0582 -0.9608 0.2712
vn 0.1778 -0.9754 0.1303
vn 0.0265 -0.9640 0.2647
vn 0.3957 0.0027 0.9184
vn 0.3863 -0.0234 0.9221
vn -0.4825 -0.3412 0.8067
vn -0.2298 -0.0730 0.9705
vn -0.7042 -0.3651 -0.6089
vn -0.7064 -0.3606 -0.6091
vn -0.3894 0.1297 -0.9119
vn 0.2412 0.6998 -0.6724
vn -0.5549 -0.2519 -0.7928
vn 0.0084 -0.9999 -0.0068
vn 0.0084 -0.9999 -0.0067
vn -0.5240 -0.1463 -0.8390
vn -0.5107 0.5867 0.6285
vn -0.2260 0.4763 0.8497
vn 0.0908 -0.5890 0.8030
vn -0.5106 0.1008 0.8539
vn -0.6275 0.2634 0.7328
vn -0.6716 0.0120 0.7408
vn -0.6486 0.6324 -0.4236
vn -0.6812 -0.0006 -0.7321
vn -0.6803 0.0020 -0.7329
vn -0.4530 0.4807 -0.7508
vn 0.0712 0.0117 -0.9974
vn 0.0707 0.0128 -0.9974
vn 0.4120 0.0226 -0.9109
vn 0.5315 0.0257 -0.8467
vn -0.1607 0.8738 -0.4590
vn -0.1402 0.9183 -0.3703
vn -0.5042 0.8628 -0.0359
vn 0.2826 0.8937 -0.3484
vn 0.3676 0.8616 -0.3500
vn 0.9381 0.0311 -0.3451
vn 0.9386 0.0246 -0.3440
vn 0.8625 0.0248 -0.5054
vn 0.0084 -0.9999 -0.0066
vn -0.9174 0.0174 0.3977
vn -0.9872 -0.0002 0.1596
vn -0.9147 0.0123 0.4040
vn -0.9881 -0.0087 0.1535
vn -0.9104 0.3915 0.1340
vn -0.8801 0.4379 -0.1837
vn -0.0169 0.5989 -0.8007
vn 0.5826 0.3024 -0.7544
vn 0.9793 -0.1675 -0.1140
vn 0.9103 -0.3816 -0.1603
vn 0.9424 -0.3168 -0.1076
vn 0.9724 0.1248 -0.1972
vn 0.9739 0.0865 -0.2099
vn 0.8471 -0.5169 0.1230
vn -0.9564 0.2792 -0.0858
vn -0.3909 0.2267 0.8921
vn 0.0069 0.3514 -0.9362
vn 0.9536 0.1186 -0.2768
vn -0.4610 0.5360 -0.7073
vn 0.5400 0.1831 -0.8215
vn -0.5593 0.4495 -0.6965
vn -0.9664 0.2220 -0.1295
vn -0.6741 0.3554 -0.6475
vn 0.2105 0.9292 0.3037
vn 0.1865 0.9305 0.3153
vn 0.1862 0.9300 0.3168
vn 0.1631 0.9311 0.3263
vn 0.1530 0.9255 0.3464
vn 0.1517 0.9258 0.3461
vn 0.1359 0.9295 0.3428
vn 0.0208 0.3357 -0.9417
vn -0.0241 0.3088 -0.9508
vn -0.8044 -0.2323 0.5469
vn -0.6324 0.7693 -0.0905
vn -0.9146 0.1350 0.3811
vn -0.8170 0.4817 -0.3170
vn 0.8277 -0.4749 0.2990
vn 0.9367 -0.1141 -0.3311
vn 0.2117 -0.7317 0.6479
vn 0.8983 0.0648 0.4346
vn 0.6349 -0.6029 0.4832
vn -0.0384 -0.6334 0.7729
vn 0.2360 -0.7347 0.6360
vn -0.7322 -0.4804 0.4828
vn 0.8074 0.5318 0.2553
vn 0.7343 0.5816 0.3501
vn 0.6868 0.5002 0.5274
vn -0.2343 0.1963 -0.9521
vn -0.1754 -0.1241 -0.9766
vn -0.2965 -0.2720 -0.9155
vn 0.7036 -0.3541 -0.6161
vn 0.4357 -0.4547 -0.7768
vn 0.6884 -0.4849 -0.5394
vn 0.6190 -0.7661 0.1730
vn -0.9319 -0.3350 -0.1392
vn -0.2378 -0.5902 -0.7714
vn -0.8196 -0.5592 -0.1244
vn -0.4616 0.3359 0.8211
vn -0.1420 0.1681 0.9755
vn -0.5681 0.2617 0.7803
vn -0.4463 -0.6487 -0.6164
vn -0.2247 -0.9625 -0.1519
vn -0.7013 -0.5638 -0.4361
vn 0.5087 -0.8607 -0.0220
vn -0.9143 -0.3842 -0.1284
vn -0.9376 -0.0254 -0.3467
vn -0.8163 -0.5678 0.1058
vn -0.7397 -0.6723 -0.0279
vn -0.5793 -0.7748 0.2532
vn -0.3526 -0.8825 0.3113
vn -0.9112 -0.4114 -0.0194
vn -0.3731 -0.9254 0.0669
vn -0.5604 0.5804 -0.5908
vn -0.9450 0.3176 -0.0784
vn -0.9370 0.3483 -0.0281
vn -0.0076 0.9732 -0.2299
vn -0.6488 0.6928 -0.3148
vn -0.9666 0.2446 -0.0759
vn -0.2669 0.5317 -0.8038
vn -0.9372 0.0153 -0.3483
vn 0.5378 0.5326 -0.6535
vn 0.0984 0.9055 -0.4128
vn 0.1054 0.9266 -0.3611
vn 0.4751 0.0929 -0.8750
vn 0.9546 0.1725 -0.2430
vn 0.9896 -0.0621 0.1300
vn 0.8242 0.5545 -0.1147
vn 0.7617 0.3612 -0.5379
vn 0.2924 0.9294 -0.2254
vn 0.2719 -0.9234 0.2708
vn 0.3176 -0.9399 0.1253
vn -0.8203 0.2185 0.5286
vn -0.8337 0.1355 0.5353
vn 0.9803 0.1826 0.0754
vn 0.0085 -0.9999 -0.0065
vn 0.9277 0.2126 0.3068
vn 0.6534 -0.0224 0.7567
vn 0.6981 0.0514 0.7141
vn -0.0748 0.0820 0.9938
vn 0.3039 -0.9027 0.3045
vn -0.2421 -0.8041 0.5429
vn 0.8475 -0.5161 0.1237
vn -0.3639 -0.0651 -0.9292
vn 0.1286 0.1431 -0.9813
vn 0.1353 0.1625 -0.9774
vn 0.2187 -0.1768 -0.9596
vn 0.2186 -0.1977 -0.9556
vn -0.5171 -0.4322 -0.7388
vn 0.9519 0.3013 0.0548
vn 0.2298 -0.6444 -0.7293
vn -0.2707 -0.5287 0.8045
vn -0.2802 0.4869 0.8273
vn -0.6754 0.6640 0.3209
vn -0.4869 0.2975 0.8212
vn -0.8672 0.3565 0.3476
vn -0.4712 0.1693 -0.8656
vn -0.6780 0.6720 -0.2980
vn -0.8053 0.2390 0.5426
vn -0.6991 -0.2637 0.6646
vn -0.8695 0.2418 0.4307
vn 0.8993 -0.1379 -0.4150
vn 0.8976 -0.1423 -0.4173
vn 0.6519 0.4364 -0.6202
vn -0.0597 0.9187 -0.3905
vn -0.5936 0.7982 0.1028
vn 0.8066 0.0330 -0.5902
vn -0.5732 -0.5817 0.5771
vn -0.4706 -0.3169 0.8235
vn 0.4703 -0.5676 0.6757
vn -0.4186 0.1916 -0.8877
vn 0.1255 0.0109 -0.9920
vn -0.0797 -0.7990 0.5960
vn -0.5919 -0.0352 0.8053
vn -0.9708 0.1620 -0.1767
vn -0.9359 -0.0861 0.3416
vn -0.1958 -0.6012 -0.7747
vn -0.1900 -0.1945 -0.9623
vn 0.6203 -0.2320 -0.7492
vn -0.2189 -0.7588 -0.6134
vn 0.7393 -0.6629 0.1181
vn 0.8434 -0.5340 -0.0586
vn 0.7823 0.1493 -0.6048
vn -0.8615 0.5075 0.0162
vn -0.9353 0.3198 0.1515
vn 0.3824 0.6011 0.7017
vn 0.2871 0.5709 0.7691
vn -0.5012 0.5559 0.6631
vn -0.1368 0.5189 0.8438
vn 0.4164 0.3564 0.8364
vn -0.9557 -0.0027 -0.2942
vn -0.1103 -0.8383 -0.5339
vn -0.7000 -0.3302 -0.6332
vn -0.8513 0.5235 0.0349
vn -0.8788 -0.3268 -0.3476
vn -0.7557 0.6457 -0.1096
vn -0.8052 0.4934 0.3290
vn 0.3239 0.5926 0.7375
vn 0.3954 0.6272 0.6710
vn -0.0074 0.4794 0.8776
vn 0.4128 0.2705 0.8697
vn 0.3784 0.2551 0.8898
vn 0.7300 0.6389 -0.2427
vn 0.8473 0.0086 -0.5310
vn 0.8480 0.0060 -0.5299
vn 0.6278 0.4848 -0.6090
vn 0.1903 0.0102 -0.9817
vn -0.2860 0.0176 -0.9581
vn 0.1909 0.0112 -0.9816
vn -0.2934 0.0194 -0.9558
vn 0.1662 0.9481 -0.2711
vn -0.0027 0.9923 0.1239
vn 0.2998 0.9345 0.1919
vn -0.1913 0.8904 -0.4130
vn -0.3006 0.9393 -0.1654
vn -0.8164 0.0209 -0.5771
vn 0.0651 -0.8279 0.5571
vn 0.0594 -0.8149 0.5765
vn 0.0581 -0.8119 0.5809
vn -0.8172 0.0144 -0.5762
vn 0.0036 -1.0000 -0.0051
vn 0.0036 -1.0000 -0.0050
vn 0.7823 0.0274 0.6223
vn 0.9076 0.0236 0.4192
vn 0.9118 0.0104 0.4106
vn -0.8451 0.3537 -0.4009
vn -0.6557 -0.1268 0.7443
vn 0.6261 0.2495 -0.7388
vn 0.8693 0.4448 0.2156
vn -0.6391 0.2552 -0.7256
vn -0.8547 -0.1884 0.4837
vn 0.8325 0.3289 -0.4459
vn -0.4177 0.2711 -0.8672
vn 0.6439 0.3489 0.6809
vn -0.9710 -0.1795 -0.1578
vn 0.9430 0.2892 0.1647
vn 0.1433 0.2315 0.9622
vn 0.2332 0.3506 -0.9070
vn -0.3950 0.1514 -0.9061
vn -0.6170 0.6097 -0.4975
vn 0.9044 0.2118 0.3705
vn 0.5149 0.6731 -0.5309
vn 0.7940 -0.6020 -0.0848
vn 0.8843 -0.1647 0.4368
vn 0.7536 -0.6424 0.1395
vn 0.3296 0.6758 -0.6592
vn 0.3444 0.6857 -0.6413
vn 0.3454 0.6847 -0.6418
vn 0.3572 0.7090 -0.6081
vn 0.3579 0.7088 -0.6078
vn 0.3599 0.6926 -0.6251
vn 0.3712 0.7067 -0.6023
vn 0.2134 -0.8835 -0.4170
vn 0.2081 -0.8563 -0.4728
vn -0.9216 0.0326 -0.3869
vn -0.9488 0.2979 0.1052
vn 0.1589 -0.8177 0.5532
vn 0.1541 -0.8314 0.5339
vn 0.1530 -0.8343 0.5296
vn 0.1599 -0.8146 0.5575
vn 0.1423 -0.9677 0.2083
vn 0.2368 -0.9380 0.2531
vn 0.1130 -0.9744 0.1941
vn 0.2674 -0.9258 0.2671
vn 0.5005 -0.8647 -0.0420
vn 0.4791 -0.8769 -0.0389
vn 0.5068 -0.8610 -0.0429
vn 0.4721 -0.8807 -0.0379
vn -0.7688 -0.1183 0.6285
vn 0.7493 0.2416 -0.6165
vn -0.1981 0.3492 -0.9159
vn 0.6726 0.3559 0.6487
vn 0.0006 -0.2147 0.9767
vn 0.0993 0.3351 -0.9369
vn -0.9511 0.2613 -0.1648
vn 0.9607 0.2572 -0.1040
vn 0.0608 -0.1138 0.9916
vn -0.0636 0.2372 -0.9694
vn -0.8617 0.3400 -0.3767
vn 0.4411 -0.1229 0.8890
vn -0.4152 0.2458 -0.8759
vn -0.9001 0.4354 -0.0173
vn 0.8030 0.2641 -0.5343
vn 0.7016 -0.1816 0.6890
vn -0.6914 0.3221 -0.6466
vn 0.6258 0.2783 -0.7286
vn -0.8024 0.3401 0.4904
vn 0.9805 -0.1693 0.0998
vn 0.9143 0.0018 0.4050
vn 0.6402 0.2153 0.7375
vn 0.3945 0.6076 -0.6893
vn -0.8335 -0.3913 -0.3900
vn -0.8889 0.1144 -0.4435
vn -0.8867 0.0761 -0.4561
vn 0.0036 -1.0000 -0.0052
vn 0.4786 0.2855 -0.8303
vn 0.6026 -0.0175 0.7979
vn 0.6525 0.2275 0.7228
vn 0.6025 0.0197 0.7979
vn 0.6646 0.1447 0.7331
vn -0.9680 0.1723 -0.1826
vn 0.0035 -1.0000 -0.0050
vn 0.3431 0.2682 0.9002
vn -0.9777 0.2031 0.0544
vn -0.8273 -0.0287 0.5610
vn -0.8602 0.0446 0.5080
vn -0.1869 0.0835 0.9788
vn -0.1182 0.1704 0.9783
vn 0.2289 0.3414 0.9116
vn -0.4343 -0.8177 0.3777
vn -0.4153 -0.8307 0.3708
vn -0.4110 -0.8335 0.3693
vn -0.4387 -0.8147 0.3792
vn 0.9165 0.3634 -0.1672
vn 0.0087 -0.9161 0.4009
vn 0.0729 -0.9614 0.2655
vn 0.0939 -0.9712 0.2188
vn -0.0185 -0.8903 0.4550
vn 0.0664 -0.8308 0.5527
vn 0.3686 -0.8166 0.4442
vn 0.3495 -0.8305 0.4337
vn 0.3736 -0.8129 0.4469
vn 0.3445 -0.8340 0.4310
vn -0.0530 -0.9108 0.4094
vn -0.0867 -0.9671 0.2394
vn -0.0424 -0.8878 0.4583
vn -0.0943 -0.9757 0.1978
vn -0.1991 -0.8150 0.5441
vn -0.1994 -0.8281 0.5240
vn -0.1990 -0.8120 0.5487
vn -0.1995 -0.8309 0.5194
vn -0.2890 -0.8189 0.4959
vn -0.2792 -0.8325 0.4785
vn -0.2912 -0.8158 0.4997
vn -0.2771 -0.8354 0.4746
vn -0.1819 -0.9689 0.1676
vn -0.2851 -0.9402 0.1862
vn -0.3184 -0.9284 0.1918
vn -0.1499 -0.9754 0.1616
vn -0.4638 -0.8700 -0.1675
vn -0.4437 -0.8820 -0.1589
vn -0.4373 -0.8857 -0.1561
vn -0.4697 -0.8663 -0.1701
vn 0.6546 -0.0836 0.7514
vn -0.6410 0.2127 -0.7375
vn -0.8232 0.3751 0.4262
vn -0.1381 -0.1844 0.9731
vn 0.0540 0.3106 -0.9490
vn 0.9586 0.2711 0.0871
vn -0.8457 0.3581 -0.3956
vn -0.3153 -0.1137 0.9421
vn 0.3110 0.2371 -0.9204
vn 0.9265 0.3488 -0.1411
vn -0.8964 0.3152 0.3116
vn -0.5607 -0.8074 0.1839
vn -0.6657 -0.7406 0.0912
vn -0.8431 0.4914 0.2186
vn -0.4550 0.4542 0.7659
vn 0.0892 -0.8261 0.5564
vn -0.7922 -0.6044 0.0841
vn -0.5493 -0.7843 -0.2882
vn -0.9268 -0.2519 -0.2786
vn -0.5867 0.3319 0.7386
vn -0.1226 -0.8289 0.5458
vn -0.0820 -0.8301 0.5515
vn 0.0053 0.0460 -0.9989
vn -0.6257 0.0330 -0.7794
vn -0.5674 -0.2831 -0.7733
vn 0.1097 -0.7911 0.6018
vn -0.0128 -0.8157 -0.5783
vn 0.0284 -0.2751 -0.9610
vn 0.0887 0.9771 -0.1934
vn 0.1040 0.9287 0.3560
vn 0.1614 0.9748 0.1542
vn -0.3093 0.6347 -0.7081
vn 0.0933 0.8107 -0.5779
vn 0.1407 0.9649 -0.2216
vn 0.0935 0.8562 -0.5080
vn 0.1550 0.8350 0.5280
vn -0.0545 0.5147 -0.8557
vn -0.3907 0.2877 -0.8744
vn 0.0865 0.6126 -0.7856
vn 0.0909 0.6142 -0.7839
vn 0.3979 0.4484 -0.8004
vn 0.2028 0.6077 -0.7678
vn -0.9923 0.0644 -0.1056
vn -0.9038 -0.2957 -0.3094
vn -0.9333 0.0753 -0.3512
vn -0.9556 -0.2508 0.1545
vn -0.9961 0.0742 0.0473
vn -0.9666 0.0545 0.2504
vn -0.9983 0.0407 -0.0411
vn -0.9993 0.0060 0.0369
vn -0.9953 -0.0393 -0.0889
vn -0.9432 -0.3319 -0.0175
vn -0.9856 0.1485 -0.0808
vn -0.7523 -0.0950 -0.6519
vn -0.7117 0.1342 -0.6895
vn 0.9873 -0.1503 0.0519
vn 0.9420 -0.3345 -0.0272
vn 0.9848 -0.1650 0.0536
vn -0.9725 -0.1355 -0.1895
vn -0.9230 0.1340 0.3606
vn 0.1309 0.9730 -0.1903
vn 0.1215 0.9739 -0.1917
vn 0.1215 0.9739 -0.1918
vn -0.0019 0.2011 0.9796
vn -0.0624 -0.1978 0.9783
vn -0.0754 -0.2231 0.9719
vn -0.5184 -0.2870 -0.8055
vn -0.3411 -0.3718 0.8633
vn 0.1770 0.8352 -0.5208
vn 0.8107 0.5197 -0.2697
vn 0.2004 0.9765 -0.0798
vn -0.7754 -0.2081 0.5961
vn -0.7137 -0.4810 0.5091
vn -0.3347 -0.4450 0.8306
vn -0.7396 0.0965 0.6661
vn -0.3950 -0.5396 -0.7435
vn 0.0314 0.5710 -0.8203
vn -0.0727 0.3463 -0.9353
vn -0.4750 -0.0034 -0.8800
vn -0.8735 -0.1798 -0.4524
vn 0.0364 0.8670 -0.4971
vn 0.0373 0.8672 -0.4966
vn 0.0673 0.1722 0.9828
vn -0.5360 -0.8230 0.1881
vn -0.6969 -0.4806 0.5324
vn 0.0519 0.5360 -0.8426
vn 0.3685 0.7817 -0.5031
vn 0.2086 0.9618 0.1772
vn -0.0527 0.4475 0.8927
vn 0.2160 -0.4346 0.8743
vn 0.1535 0.9408 -0.3021
vn 0.8760 0.4762 -0.0759
vn 0.9281 -0.2599 -0.2667
vn 0.9490 -0.3054 -0.0784
vn 0.9211 -0.2401 -0.3066
vn 0.9328 -0.3580 -0.0407
vn 0.8626 -0.1856 -0.4707
vn 0.8107 -0.2149 -0.5446
vn 0.1420 0.9565 0.2548
vn 0.3087 0.3808 0.8716
vn 0.2678 0.6697 0.6927
vn 0.5967 0.1522 0.7879
vn 0.6103 0.4230 0.6698
vn 0.5988 0.0596 0.7987
vn 0.1771 0.9832 -0.0446
vn 0.2160 0.9753 -0.0464
vn 0.5927 0.2094 0.7777
vn 0.9639 -0.2546 0.0775
vn 0.9238 -0.2095 0.3206
vn 0.9308 -0.1843 0.3158
vn 0.8752 -0.4782 -0.0728
vn 0.8326 -0.5296 -0.1620
vn 0.8809 -0.4718 -0.0386
vn 0.8169 -0.5512 -0.1698
vn 0.8766 -0.4765 0.0674
vn 0.8784 -0.4722 0.0735
vn 0.8984 -0.4030 0.1744
vn 0.8893 -0.4469 0.0969
vn 0.9367 -0.2506 0.2446
vn 0.9092 -0.3554 0.2168
vn 0.9352 -0.2688 0.2307
vn -0.9982 0.0527 -0.0294
vn -0.6397 0.7635 0.0880
vn -0.9982 0.0510 -0.0307
vn -0.9951 0.0869 -0.0478
vn 0.0978 0.9257 -0.3655
vn -0.0012 0.9302 -0.3671
vn 0.0994 0.9261 -0.3640
vn -0.0462 -0.6373 0.7693
vn -0.0177 -0.7277 0.6857
vn -0.8668 -0.4623 -0.1869
vn -0.6737 -0.7282 0.1257
vn -0.6276 -0.3388 -0.7009
vn 0.1107 0.8999 0.4219
vn -0.0260 -0.0516 0.9983
vn -0.0267 0.2355 0.9715
vn -0.8830 -0.4495 -0.1350
vn -0.5782 0.0922 -0.8106
vn -0.7022 -0.5563 0.4444
vn -0.5725 -0.8079 0.1398
vn -0.4762 -0.8440 0.2467
vn -0.9726 -0.1364 0.1884
vn 0.0404 0.8207 0.5699
vn -0.1520 -0.6501 0.7445
vn 0.0478 0.1572 0.9864
vn 0.0183 0.8622 -0.5062
vn -0.0044 0.9093 0.4160
vn -0.0413 0.8607 0.5075
vn 0.0032 0.7947 0.6070
vn 0.0623 0.4650 0.8831
vn 0.2051 -0.4862 0.8494
vn 0.3592 -0.9109 0.2028
vn -0.5190 -0.8393 0.1620
vn 0.9749 -0.1075 -0.1950
vn 0.8452 -0.4567 0.2776
vn 0.9602 -0.1891 0.2057
vn 0.8771 -0.4783 -0.0435
vn 0.8759 -0.2230 -0.4279
vn 0.6042 0.0168 -0.7966
vn 0.6838 -0.1764 -0.7080
vn 0.5254 -0.7819 -0.3356
vn 0.8930 -0.4021 -0.2022
vn 0.5670 -0.3680 -0.7370
vn 0.9144 -0.2583 -0.3116
vn 0.6741 -0.7175 0.1755
vn 0.9027 -0.2669 0.3375
vn 0.1403 0.9719 -0.1891
vn 0.0061 0.2170 0.9761
vn -0.0514 -0.2252 0.9729
vn 0.0068 0.8529 -0.5221
vn -0.0310 0.9956 -0.0882
vn -0.6879 0.6416 -0.3392
vn 0.7075 -0.2802 0.6488
vn 0.7477 -0.2183 0.6272
vn 0.7312 -0.0373 0.6811
vn 0.2587 0.6993 -0.6664
vn 0.4750 0.1150 -0.8724
vn 0.5485 -0.0559 -0.8343
vn 0.5494 -0.0032 -0.8355
vn 0.1395 0.5618 -0.8154
vn 0.2744 0.2445 -0.9300
vn -0.1190 0.8246 0.5531
vn -0.1246 0.1826 0.9753
vn 0.0625 -0.8111 0.5816
vn 0.1976 -0.9535 0.2276
vn -0.0602 -0.5426 0.8378
vn -0.5910 0.4891 -0.6415
vn 0.8612 -0.2137 0.4611
vn 0.9876 -0.1445 0.0610
vn 0.9737 -0.2272 0.0141
vn 0.9937 -0.1112 -0.0164
vn 0.8706 -0.4370 -0.2259
vn 0.8737 -0.4813 0.0700
vn 1.0000 -0.0004 -0.0026
vn 0.9880 -0.0987 0.1186
vn 0.1080 0.4756 -0.8730
vn 0.9444 -0.0961 -0.3144
vn 0.7363 -0.0011 -0.6767
vn 0.7490 -0.2339 -0.6199
vn 0.9997 -0.0182 -0.0190
vn 0.0701 -0.4413 0.8946
vn 0.1395 -0.4996 0.8549
vn 0.7918 -0.6014 -0.1061
vn 0.5335 -0.8269 0.1778
vn 0.6465 -0.4149 -0.6402
vn -0.2878 -0.8673 0.4062
vn -0.0001 -0.4413 0.8974
vn 0.8057 -0.5897 -0.0550
vn 0.5135 -0.7223 0.4633
vn 0.4472 -0.8802 0.1589
vn 0.3087 -0.9080 0.2832
vn -0.0659 0.8530 0.5177
vn -0.1077 0.1643 0.9805
vn 0.1494 0.8580 -0.4914
vn 0.0701 0.7694 -0.6349
vn 0.1681 0.8500 -0.4993
vn 0.0006 0.9847 -0.1742
vn 0.0382 0.9733 -0.2263
vn 0.3737 0.2968 0.8788
vn -0.3174 -0.8901 0.3270
vn -0.1700 -0.9138 0.3688
vn 0.8421 0.1120 0.5276
vn 0.7317 -0.6668 0.1416
vn 0.6911 -0.7139 0.1123
vn 0.7797 0.2028 0.5924
vn 0.8837 0.2529 0.3939
vn -0.0520 0.9925 -0.1104
vn -0.0311 0.8734 0.4861
vn 0.2156 0.4926 -0.8431
vn 0.5110 0.2141 -0.8325
vn 0.0823 0.6149 -0.7843
vn -0.2446 0.5008 -0.8303
vn 0.9505 -0.2984 0.0867
vn 0.0227 0.9983 0.0535
vn -0.9073 0.1221 -0.4022
vn -0.9964 0.0661 0.0539
vn -0.9353 -0.1632 -0.3141
vn -0.9308 0.3600 -0.0637
vn -0.6637 0.1818 -0.7256
vn -0.7796 -0.1922 -0.5961
vn -0.0085 0.9376 -0.3476
vn 0.6324 -0.3783 0.6760
vn -0.7419 -0.6600 0.1186
vn 0.2209 -0.9737 0.0555
vn 0.2728 -0.9097 0.3131
vn -0.0630 -0.9976 -0.0284
vn 0.0785 0.9953 0.0565
vn -0.8225 0.5582 -0.1092
vn -0.0171 0.9997 0.0148
vn -0.9983 -0.0184 -0.0544
vn -0.9981 -0.0284 -0.0546
vn -0.9887 0.0342 -0.1460
vn -0.9917 -0.0324 -0.1248
vn -0.9941 -0.0027 -0.1083
vn -0.9973 -0.0484 -0.0551
vn -0.9882 -0.0345 -0.1491
vn -0.9955 0.0504 -0.0797
vn -0.5605 0.8249 -0.0733
vn -0.6073 0.6456 -0.4631
vn -0.3059 0.5652 -0.7661
vn -0.6232 0.7792 0.0664
vn -0.8987 0.1299 -0.4188
vn -0.5696 0.6899 -0.4468
vn -0.1292 -0.9726 0.1932
vn -0.1260 -0.9720 0.1984
vn -0.1283 -0.9725 0.1944
vn -0.1326 -0.9731 0.1882
vn -0.1309 -0.9729 0.1904
vn -0.1296 -0.9750 0.1803
vn -0.2724 0.5753 -0.7712
vn 0.1294 -0.1479 -0.9805
vn 0.1780 0.4940 -0.8511
vn -0.4974 -0.0201 -0.8673
vn 0.1304 0.9726 -0.1927
vn 0.1315 0.9720 -0.1946
vn 0.1321 0.9729 -0.1898
vn 0.1310 0.9730 -0.1901
vn -0.4920 0.5601 0.6665
vn 0.1309 0.9729 -0.1904
vn -0.9314 0.2744 0.2392
vn -0.5755 0.3360 0.7456
vn -0.1428 0.3563 0.9234
vn -0.1715 0.3331 0.9272
vn 0.1311 0.8509 0.5087
vn 0.0664 0.7889 0.6110
vn 0.0596 0.9502 -0.3058
vn 0.0779 0.9730 -0.2174
vn 0.0436 0.9786 -0.2013
vn -0.6941 0.7139 -0.0927
vn -0.9193 0.2491 -0.3048
vn -0.9865 -0.1230 -0.1078
vn -0.9311 0.0514 -0.3612
vn -0.9976 -0.0526 -0.0453
vn -0.1335 -0.9726 0.1906
vn -0.1311 -0.9718 0.1961
vn -0.1397 -0.9715 0.1915
vn -0.1374 -0.9719 0.1911
vn -0.1189 -0.9749 0.1884
vn 0.5933 0.4839 -0.6433
vn 0.7096 -0.1476 -0.6890
vn 0.8019 0.5450 -0.2447
vn 0.1320 0.9724 -0.1925
vn 0.1313 0.9721 -0.1946
vn 0.7241 0.6367 0.2652
vn 0.1296 0.9732 -0.1902
vn 0.1307 0.9730 -0.1902
vn 0.4216 0.5624 0.7113
vn 0.8696 0.1079 0.4818
vn 0.4023 0.3592 0.8421
vn 0.9876 -0.0695 -0.1409
vn -0.8641 -0.1003 -0.4933
vn -0.9969 -0.0661 -0.0428
vn -0.1278 -0.9779 0.1657
vn 0.1342 0.9892 0.0586
vn 0.1819 0.9828 0.0305
vn 0.1780 0.9837 0.0252
vn 0.9904 -0.1267 -0.0557
vn 0.9830 -0.1800 0.0375
vn 0.9792 -0.1994 0.0368
vn 0.9816 -0.1878 0.0332
vn 0.9808 -0.1922 -0.0338
vn 0.9826 -0.1831 -0.0308
vn 0.9794 -0.1934 -0.0585
vn 0.9961 -0.0755 0.0448
vn 0.9937 -0.1112 0.0127
vn 0.9962 -0.0743 0.0462
vn 0.7206 0.6194 0.3115
vn 0.9232 0.3842 0.0117
vn 0.8581 0.0756 0.5079
vn 0.8398 0.3513 -0.4139
vn 0.7528 -0.2067 0.6250
vn -0.8208 -0.1298 -0.5562
vn -0.7065 0.0177 0.7075
vn -0.6977 0.1117 0.7076
vn -0.3157 0.4326 0.8445
vn 0.0917 0.9951 -0.0363
vn 0.1138 0.9931 -0.0267
vn 0.0225 0.9976 -0.0661
vn -0.9659 -0.0335 0.2567
vn -0.9615 -0.0436 0.2713
vn -0.9170 -0.3506 -0.1900
vn -0.8906 -0.3581 -0.2803
vn -0.8859 -0.3677 -0.2827
vn -0.9214 -0.3578 -0.1514
vn -0.9204 -0.3908 -0.0078
vn -0.9212 -0.3891 0.0015
vn -0.9434 -0.2977 0.1465
vn -0.9419 -0.3048 0.1411
vn -0.9321 -0.1282 0.3386
vn -0.9353 -0.1546 0.3183
vn 0.7863 -0.5436 -0.2935
vn 0.1885 0.9036 -0.3847
vn 0.1863 0.9016 -0.3904
vn 0.6112 -0.7703 0.1816
vn -0.7366 -0.2789 0.6161
vn -0.2183 -0.9235 0.3153
vn -0.4407 -0.8522 0.2819
vn 0.9931 -0.0827 0.0835
vn 0.2007 0.2932 -0.9347
vn 0.8324 0.5341 -0.1477
vn 0.5124 0.3791 -0.7705
vn 0.8883 -0.0169 0.4589
vn 0.8262 0.2640 0.4978
vn 0.8282 0.2397 0.5066
vn -0.8925 -0.0674 0.4459
vn -0.8714 -0.1545 0.4656
vn -0.8633 -0.2070 0.4604
vn -0.3875 0.4009 -0.8301
vn -0.2990 0.2418 -0.9231
vn -0.3213 0.2896 -0.9016
vn 0.8362 -0.0420 0.5468
vn 0.9926 0.0095 0.1207
vn 0.0942 0.0933 0.9912
vn -0.7053 0.2416 0.6665
vn -0.2717 0.1328 0.9532
vn -0.9193 0.2811 0.2754
vn -0.9140 0.2759 0.2976
vn -0.9065 0.2691 0.3255
vn -0.0452 0.3263 -0.9442
vn 0.3523 0.2475 -0.9026
vn 0.7685 0.0890 -0.6337
vn -0.6795 -0.4482 -0.5809
vn -0.8152 -0.5623 -0.1389
vn -0.8397 -0.4141 0.3513
vn -0.7228 -0.5221 0.4527
vn -0.8317 -0.4171 0.3664
vn 0.0573 -0.1027 0.9931
vn -0.3069 -0.2142 0.9273
vn 0.8191 0.0108 0.5736
vn 0.7989 0.0706 0.5973
vn 0.8198 0.0506 0.5704
vn 0.1973 -0.3226 -0.9257
vn 0.1973 -0.3471 -0.9168
vn 0.1591 -0.3512 -0.9227
vn -0.8863 -0.2820 0.3673
vn -0.1320 0.1791 0.9749
vn 0.5267 -0.0184 0.8499
vn 0.3247 0.2148 0.9211
vn 0.5727 -0.0465 0.8185
vn -0.4815 0.2994 0.8237
vn -0.2384 0.1710 0.9560
vn -0.9073 0.3905 0.1559
vn -0.7825 0.4675 0.4113
vn -0.7321 0.2841 -0.6191
vn -0.4108 0.2035 -0.8888
vn 0.4516 0.0270 -0.8918
vn 0.6420 -0.1309 -0.7555
vn 0.4691 0.0180 -0.8830
vn 0.8867 -0.2449 -0.3921
vn 0.5681 -0.0676 0.8202
vn -0.9330 0.3324 0.1375
vn -0.9101 0.3897 0.1411
vn 0.5054 0.1723 -0.8455
vn 0.5853 0.3477 0.7324
vn -0.3691 -0.0958 0.9244
vn 0.2623 0.1528 0.9528
vn -0.8825 -0.3344 0.3306
vn -0.8678 -0.3438 -0.3588
vn -0.5813 -0.0889 -0.8088
vn -0.9759 0.1986 -0.0899
vn -0.9689 0.2156 -0.1212
vn -0.7747 0.4920 -0.3971
vn -0.9100 0.2585 -0.3242
vn -0.7568 -0.1510 -0.6360
vn -0.3267 -0.1553 0.9323
vn 0.1997 -0.3493 0.9155
vn -0.2346 -0.0002 0.9721
vn 0.2996 -0.2039 0.9320
vn -0.3459 -0.3150 0.8838
vn -0.9189 0.3871 0.0759
vn -0.6753 -0.2218 0.7034
vn 0.7317 -0.2063 0.6497
vn 0.7157 -0.1625 0.6792
vn 0.7154 -0.1628 0.6795
vn 0.3039 -0.7536 0.5829
vn -0.3084 -0.5183 0.7977
vn -0.3039 -0.5181 0.7995
vn 0.6846 -0.7213 -0.1056
vn 0.7179 -0.5523 0.4237
vn -0.5696 -0.4163 -0.7087
vn 0.8379 0.4736 0.2712
vn 0.0489 0.9459 -0.3208
vn 0.4224 0.7847 -0.4537
vn 0.5779 0.8139 0.0600
vn -0.5412 0.8409 -0.0023
vn 0.1571 0.8396 0.5201
vn 0.1170 0.9869 0.1111
vn -0.5232 0.7479 0.4086
vn -0.3616 0.5865 0.7248
vn 0.1515 0.6550 0.7403
vn 0.0121 0.8527 -0.5223
vn 0.0447 0.7192 -0.6934
vn 0.2140 0.0617 -0.9749
vn 0.1034 0.5074 -0.8555
vn -0.0954 0.8632 -0.4958
vn -0.1990 0.7308 -0.6529
vn 0.5072 -0.1108 -0.8547
vn 0.7541 -0.2913 -0.5886
vn 0.7281 0.1756 -0.6625
vn 0.8109 0.1970 -0.5511
vn -0.3971 0.4719 -0.7871
vn -0.5082 0.0952 -0.8560
vn -0.7128 0.6986 0.0620
vn -0.3398 0.9401 0.0267
vn -0.6586 0.7225 0.2103
vn -0.1627 0.9471 -0.2768
vn -0.3229 0.8302 0.4544
vn -0.5338 0.6359 0.5574
vn -0.5691 0.5177 0.6388
vn -0.6526 0.7533 0.0814
vn -0.7878 0.5285 0.3162
vn -0.4757 0.8219 0.3134
vn 0.1032 0.9255 0.3643
vn -0.8594 0.4600 0.2232
vn -0.5883 0.4796 0.6510
vn -0.6572 0.4152 0.6291
vn -0.7730 0.6327 0.0456
vn -0.7699 0.6079 0.1939
vn -0.9262 -0.0292 0.3759
vn -0.8274 0.5540 0.0920
vn -0.8495 0.0463 0.5256
vn -0.4054 0.8057 -0.4319
vn -0.4087 0.8057 -0.4287
vn -0.8805 0.4454 -0.1620
vn -0.9069 0.0560 -0.4176
vn -0.9103 0.1104 -0.3989
vn 0.4997 -0.8644 -0.0552
vn 0.9197 -0.0206 0.3921
vn 0.7441 -0.0482 -0.6664
vn -0.4997 0.8644 0.0552
vn -0.1240 0.4760 -0.8706
vn 0.5585 0.8209 -0.1192
vn -0.9197 0.0206 -0.3921
vn -0.7440 0.0482 0.6664
vn 0.1594 0.5243 0.8365
vn -0.1594 -0.5243 -0.8365
vn -0.5585 -0.8209 0.1192
vn 0.1240 -0.4760 0.8706
vn -0.7018 -0.0846 0.7073
vn -0.2715 -0.1565 0.9496
vn -0.6658 -0.1195 0.7365
vn 0.9560 0.1411 0.2573
vn 0.3981 -0.2439 -0.8843
vn 0.9606 0.1149 -0.2531
vn -0.0582 -0.3466 -0.9362
vn -0.4175 0.2919 -0.8605
vn -0.7623 -0.0542 -0.6449
vn -0.9258 -0.2136 -0.3118
vn -0.9952 0.0944 -0.0246
vn -0.9270 0.2680 -0.2626
vn -0.9776 -0.1680 -0.1270
vn -0.8869 0.2391 -0.3952
vn 0.8595 0.3194 -0.3991
vn 0.9457 0.2982 0.1290
vn 0.9041 0.2357 -0.3563
vn 0.8502 0.1569 -0.5025
vn -0.7440 0.0483 0.6664
vn -0.7222 -0.0726 -0.6879
vn 0.9013 -0.2421 0.3591
vn 0.7827 -0.2831 0.5543
vn 0.9390 -0.2585 0.2269
vn 0.8895 -0.2414 0.3879
vn 0.7166 -0.2294 -0.6586
vn 0.4279 -0.3475 -0.8344
vn -0.1161 -0.3846 -0.9158
vn -0.3365 -0.4129 -0.8463
vn -0.1318 -0.3832 -0.9142
vn -0.9463 -0.2171 0.2395
vn -0.9228 -0.1366 -0.3601
vn -0.5925 -0.1486 0.7918
vn -0.5994 -0.2233 0.7686
vn -0.5626 -0.2509 0.7877
vn 0.9081 -0.1419 0.3939
vn -0.1394 -0.3512 -0.9259
vn -0.9933 0.0996 0.0592
vn 0.7048 -0.4284 0.5654
vn 0.1493 -0.2316 0.9613
vn 0.8219 -0.4363 0.3663
vn 0.8686 -0.4366 0.2343
vn 0.8120 -0.4316 0.3930
vn 0.6879 -0.3262 -0.6483
vn 0.3889 -0.3586 -0.8486
vn -0.1436 -0.2752 -0.9506
vn -0.3368 -0.2468 -0.9087
vn -0.1562 -0.2697 -0.9502
vn -0.8846 0.1156 -0.4518
vn -0.6657 -0.1247 0.7358
vn 0.8364 -0.3685 0.4058
vn -0.1561 -0.2517 -0.9551
vn 0.6734 0.0133 0.7392
vn 0.7308 0.0021 0.6826
vn 0.9693 0.1534 0.1919
vn 0.7438 -0.0133 0.6683
vn 0.7425 -0.0027 0.6698
vn -0.7936 0.0298 0.6077
vn -0.6813 0.0451 0.7306
vn -0.8153 -0.0010 0.5791
vn -0.8120 0.0208 0.5832
vn -0.8615 0.2089 -0.4628
vn -0.4773 0.3666 -0.7986
vn -0.9557 -0.1987 0.2169
vn -0.9424 -0.0919 -0.3216
vn -0.5695 0.1330 -0.8112
vn -0.9509 -0.1135 -0.2878
vn -0.2718 -0.4615 0.8445
vn -0.7386 -0.2973 0.6051
vn 0.0772 -0.4305 0.8993
vn 0.1232 -0.4916 0.8621
vn 0.0678 -0.4276 0.9014
vn 0.8232 -0.4098 0.3929
vn 0.9202 -0.3912 -0.0091
vn 0.7397 -0.2045 -0.6411
vn 0.5553 -0.1151 -0.8236
vn 0.7330 -0.1905 -0.6530
vn -0.0360 0.1834 -0.9824
vn -0.9454 -0.1504 -0.2892
vn 0.0778 -0.3196 0.9444
vn 0.7286 -0.2094 -0.6522
vn -0.6251 -0.0537 -0.7787
vn -0.4030 -0.1038 -0.9093
vn 0.3315 -0.0840 -0.9397
vn -0.4299 -0.1179 -0.8952
vn -0.9179 -0.1654 0.3606
vn -0.9693 -0.0519 -0.2403
vn -0.6281 -0.2374 0.7410
vn -0.5007 -0.2080 0.8402
vn -0.6469 -0.2428 0.7229
vn 0.3152 -0.2350 0.9195
vn 0.8237 -0.3376 0.4556
vn 0.9388 -0.3222 0.1219
vn 0.9137 -0.2414 -0.3271
vn 0.9388 -0.3205 0.1265
vn 0.6992 -0.1056 -0.7071
vn -0.4268 -0.1392 -0.8936
vn -0.6478 -0.2303 0.7261
vn 0.9443 -0.3016 0.1312
vn -0.1069 -0.2634 0.9587
vn 0.2821 -0.2153 0.9349
vn -0.7851 0.2720 0.5564
vn -0.7934 0.2398 0.5595
vn -0.8040 0.2356 0.5459
vn 0.0113 0.2577 -0.9661
vn 0.0103 0.2361 -0.9717
vn 0.0091 0.2364 -0.9716
vn 0.3207 0.2785 -0.9053
vn 0.5249 0.0328 -0.8506
vn 0.5624 0.2061 -0.8008
vn 0.5182 0.0143 -0.8551
vn -0.7862 0.0733 -0.6136
vn -0.0125 0.3442 -0.9388
vn -0.9436 -0.1588 -0.2904
vn -0.8800 -0.3038 0.3650
vn -0.9350 -0.1582 -0.3173
vn -0.6779 -0.3746 0.6326
vn 0.2827 -0.4173 0.8637
vn 0.2139 -0.6227 0.7527
vn 0.4966 -0.5615 0.6619
vn 0.2904 -0.4097 0.8648
vn 0.9260 -0.2549 0.2785
vn 0.4867 -0.1939 -0.8518
vn -0.9300 -0.1800 -0.3204
vn 0.2997 -0.1443 0.9431
vn -0.6297 0.0280 -0.7763
vn -0.7828 0.2327 -0.5771
vn -0.8150 0.0514 -0.5771
vn -0.7767 0.2519 -0.5773
vn 0.5232 0.1685 -0.8354
vn -0.3340 -0.0090 -0.9425
vn 0.7989 0.2851 -0.5296
vn 0.9730 0.1995 0.1162
vn 0.7817 0.2932 -0.5505
vn 0.8798 0.1683 0.4445
vn 0.0611 0.0920 0.9939
vn 0.1044 0.3254 0.9398
vn -0.1962 0.2866 0.9377
vn 0.0537 0.0842 0.9950
vn -0.7532 0.1090 0.6486
vn -0.7294 0.4481 -0.5170
vn 0.7777 0.3146 -0.5443
vn 0.0502 -0.1922 0.9801
vn 0.0030 0.3976 -0.9176
vn 0.4244 0.3684 -0.8271
vn 0.0041 0.3966 -0.9180
vn 0.7875 0.2363 -0.5692
vn 0.7406 0.0112 0.6718
vn -0.8069 0.0506 0.5885
vn 0.0036 0.3711 -0.9286
vn 0.7438 -0.0132 0.6683
vn 0.7425 -0.0028 0.6699
vn 0.0042 0.3966 -0.9180
vn -0.8069 0.0505 0.5885
vn 0.4822 0.1132 0.8687
vn 0.7614 0.1410 0.6328
vn 0.9945 0.1047 -0.0043
vn 0.7473 0.1470 0.6480
vn -0.5047 0.1713 0.8461
vn 0.0327 0.1039 0.9941
vn -0.8923 0.1797 0.4142
vn -0.8592 0.1504 -0.4890
vn -0.4949 0.2151 -0.8419
vn 0.4152 0.1758 -0.8926
vn 0.7860 0.0851 -0.6124
vn 0.7454 0.1626 0.6464
vn -0.1181 0.3417 -0.9324
vn 0.2652 0.4531 -0.8511
vn 0.8592 0.4588 0.2264
vn 0.6844 0.4847 -0.5446
vn 0.9487 0.0015 0.3163
vn 0.7964 -0.1776 0.5781
vn 0.0644 -0.3561 0.9322
vn 0.8141 -0.1831 0.5512
vn 0.5100 0.1381 -0.8490
vn 0.9435 0.1690 -0.2852
vn 0.1677 0.0120 -0.9858
vn -0.0244 0.0791 -0.9966
vn 0.2010 -0.0072 -0.9796
vn -0.6879 -0.1165 -0.7164
vn -0.8924 -0.4416 -0.0932
vn -0.8768 -0.4532 0.1607
vn -0.6622 -0.5103 0.5487
vn -0.8700 -0.4759 0.1286
vn -0.3423 -0.4160 0.8425
vn 0.8120 -0.2502 0.5273
vn 0.1973 -0.0422 -0.9794
vn -0.9153 -0.3559 0.1883
vn -0.5480 -0.0905 -0.8315
vn -0.1369 -0.0383 -0.9898
vn 0.3639 0.0493 -0.9301
vn -0.1402 -0.0405 -0.9893
vn -0.9313 -0.3463 -0.1126
vn -0.8098 -0.1550 -0.5658
vn -0.8125 -0.4467 0.3744
vn -0.8081 -0.4495 0.3807
vn -0.8128 -0.4473 0.3732
vn 0.2385 -0.3334 0.9121
vn 0.5814 -0.3052 0.7542
vn 0.8662 -0.1781 0.4669
vn 0.9960 -0.0818 0.0373
vn 0.8672 -0.1723 0.4672
vn 0.9070 0.0876 -0.4119
vn -0.1327 -0.0870 -0.9873
vn -0.8145 -0.4425 0.3752
vn 0.8661 -0.1167 0.4861
vn 0.7120 0.3072 0.6314
vn -0.0393 0.0476 0.9981
vn -0.7864 -0.1662 0.5949
vn -0.3767 -0.0840 0.9225
vn -0.9623 -0.1997 0.1846
vn -0.9569 -0.2036 0.2071
vn -0.9493 -0.2083 0.2354
vn -0.8220 0.3391 0.4576
vn -0.8643 0.2607 0.4302
vn -0.7541 0.6147 0.2312
vn -0.9126 0.1437 0.3828
vn -0.9544 0.0318 0.2969
vn -0.2207 0.5594 0.7990
vn -0.5627 0.8070 0.1793
vn 0.0804 0.5262 0.8465
vn -0.0897 0.7219 -0.6862
vn 0.0096 0.9831 0.1826
vn -0.7167 -0.6966 0.0320
vn -0.9754 -0.0798 0.2053
vn -0.2983 -0.9475 0.1154
vn -0.1076 -0.8131 -0.5721
vn -0.0526 -0.9755 0.2138
vn -0.1155 -0.0826 -0.9899
vn -0.6730 -0.5404 -0.5050
vn 0.9754 0.2162 0.0436
vn 0.8073 0.0690 0.5862
vn 0.9447 -0.0262 0.3269
vn 0.7996 -0.5976 0.0596
vn 0.9090 -0.4051 -0.0983
vn 0.6379 -0.4032 0.6561
vn 0.4337 -0.6353 0.6389
vn 0.4318 -0.8302 0.3526
vn 0.7027 0.6518 0.2852
vn 0.9399 0.3399 -0.0322
vn 0.6934 0.7195 0.0388
vn 0.9380 0.3211 0.1306
vn 0.9861 0.1460 -0.0798
vn 0.9865 0.1479 0.0707
vn 0.6983 0.6777 0.2306
vn 0.0459 0.9760 0.2128
vn 0.9477 0.2973 0.1160
vn 0.9968 0.0652 0.0469
vn 0.7340 -0.6786 -0.0281
vn 0.8762 -0.4805 -0.0368
vn 0.1842 -0.9364 0.2987
vn 0.5765 -0.8097 -0.1096
vn 0.1990 -0.9800 0.0089
vn 0.6494 -0.2695 0.7111
vn 0.9653 -0.2078 0.1579
vn 0.3801 -0.7279 0.5706
vn 0.5991 -0.7617 0.2467
vn 0.9388 0.1001 0.3295
vn 0.8934 0.1244 0.4318
vn 0.1793 -0.8265 0.5336
vn 0.4984 0.5683 -0.6547
vn 0.3697 0.9162 -0.1545
vn -0.0826 0.7791 -0.6215
vn 0.4736 0.6635 -0.5792
vn -0.0288 0.9848 -0.1712
vn 0.4734 0.8729 -0.1182
vn 0.4663 0.8820 -0.0690
vn 0.7090 0.6158 -0.3438
vn 0.3725 0.9280 0.0093
vn 0.6173 0.7427 -0.2595
vn 0.3089 0.9278 -0.2091
vn -0.3322 0.5028 0.7980
vn -0.1245 0.6484 0.7511
vn -0.8995 0.2120 0.3820
vn -0.8222 0.3391 0.4572
vn -0.3209 0.8769 -0.3579
vn -0.2560 0.5539 -0.7922
vn -0.3611 0.4937 -0.7911
vn 0.7592 0.6247 -0.1825
vn 0.9535 0.2427 -0.1790
vn 0.8528 0.5221 0.0138
vn 0.4494 0.8788 0.1606
vn 0.1566 0.9318 -0.3275
vn -0.3335 0.9197 -0.2070
vn 0.4314 0.8969 -0.0969
vn 0.7493 0.6617 -0.0256
vn 0.5295 0.7897 0.3099
vn 0.7449 0.5844 0.3220
vn 0.7777 0.4090 0.4774
vn 0.6885 0.7100 -0.1481
vn 0.5809 0.8107 -0.0737
vn 0.8755 0.4373 0.2056
vn 0.6316 0.5366 0.5596
vn 0.6412 0.4503 0.6214
vn 0.7998 0.5638 -0.2062
vn 0.8429 0.5337 -0.0682
vn 0.9731 -0.0398 0.2269
vn 0.9911 -0.1186 0.0608
vn 0.3164 0.7723 -0.5508
vn 0.6506 0.4189 -0.6334
vn 0.2519 0.8093 -0.5306
vn -0.0641 0.9510 -0.3024
vn 0.3205 0.7717 -0.5494
vn 0.8177 0.3686 -0.4422
vn 0.4257 -0.9038 0.0446
vn 0.1008 0.5834 -0.8059
vn 0.0687 0.5832 -0.8094
vn 0.1424 0.2661 -0.9534
vn -0.1499 0.2126 -0.9656
vn 0.3191 0.1719 -0.9320
vn -0.1399 0.3434 -0.9287
vn -0.1171 -0.0430 -0.9922
vn 0.3957 -0.0831 -0.9146
vn 0.2355 -0.7379 -0.6325
vn -0.0910 -0.5305 -0.8428
vn -0.0680 -0.7397 -0.6695
vn 0.2585 -0.1196 -0.9586
vn -0.1088 -0.2365 -0.9655
vn 0.0859 0.5559 0.8268
vn -0.0081 -0.9745 0.2244
vn 0.0287 0.9938 -0.1076
vn -0.0627 0.7934 -0.6054
vn -0.1113 0.5423 -0.8328
vn 0.3172 0.1023 -0.9428
vn -0.0408 0.7518 -0.6581
vn 0.2192 -0.7498 -0.6243
vn -0.1195 0.1233 -0.9851
vn -0.0458 0.8464 -0.5306
vn 0.8423 0.4520 0.2938
vn 0.1649 0.4456 -0.8799
vn 0.0276 -0.9838 -0.1769
vn 0.2991 0.7092 -0.6384
vn 0.7450 -0.6313 -0.2155
vn 0.5196 -0.8499 0.0875
vn 0.2987 -0.9278 0.2236
vn -0.2954 0.5207 -0.8010
vn 0.7921 0.0798 -0.6052
vn 0.8663 -0.2657 -0.4230
vn 0.6773 0.0049 -0.7357
vn 0.5718 0.6375 -0.5164
vn 0.7379 0.0154 -0.6747
vn 0.9393 0.0050 -0.3430
vn 0.8728 0.4743 -0.1151
vn 0.8595 0.4760 -0.1860
vn 0.9875 -0.0882 -0.1310
vn 0.4602 -0.0002 -0.8878
vn 0.3953 0.4254 -0.8141
vn -0.1380 0.3234 -0.9361
vn -0.1141 0.5275 -0.8419
vn 0.4807 0.8525 0.2054
vn -0.1192 0.4903 -0.8634
vn -0.3319 0.0930 -0.9387
vn -0.3194 0.1139 -0.9408
vn 0.1298 -0.9419 0.3097
vn 0.3982 -0.8696 0.2918
vn -0.1520 -0.9590 -0.2394
vn -0.4917 -0.4564 -0.7416
vn 0.6113 -0.7486 0.2568
vn -0.9354 -0.0940 -0.3408
vn -0.7241 -0.6869 -0.0619
vn 0.6315 0.1575 -0.7592
vn 0.6355 0.2009 -0.7455
vn 0.3119 0.5541 -0.7718
vn 0.0805 0.1047 -0.9912
vn -0.8356 0.3639 -0.4115
vn -0.1103 -0.2514 -0.9616
vn 0.7634 -0.2290 -0.6040
vn 0.3856 -0.1525 -0.9100
vn 0.7439 -0.2716 -0.6106
vn 0.8936 -0.0843 -0.4409
vn 0.8374 -0.2367 -0.4927
vn 0.9366 -0.1569 -0.3134
vn 0.5649 -0.7338 -0.3774
vn 0.5907 -0.7490 -0.3003
vn 0.0840 -0.9732 -0.2140
vn -0.6316 0.6358 -0.4437
vn -0.4755 0.8779 0.0564
vn -0.7700 0.6146 -0.1715
vn 0.7859 0.5931 -0.1750
vn 0.9594 -0.2198 0.1765
vn 0.8194 0.5102 0.2613
vn 0.9528 0.1959 -0.2321
vn 0.7739 0.4981 0.3910
vn 0.8313 -0.0833 -0.5496
vn 0.9089 0.1781 -0.3770
vn -0.4389 -0.2577 0.8608
vn -0.8590 0.3140 0.4044
vn -0.5550 0.1429 0.8195
vn -0.8989 -0.2015 0.3890
vn -0.2193 -0.7324 0.6446
vn -0.4976 -0.7811 0.3773
vn -0.1291 -0.9813 0.1427
vn -0.8189 0.2649 0.5092
vn -0.9267 0.3310 0.1778
vn -0.7015 0.2875 0.6521
vn -0.4489 -0.3589 0.8183
vn -0.2824 -0.5882 0.7578
vn -0.0331 -0.8264 0.5621
vn -0.6252 0.1079 -0.7730
vn -0.9371 0.3108 -0.1591
vn -0.6189 0.6163 -0.4869
vn -0.4903 0.8693 -0.0632
vn -0.6106 0.7919 0.0039
vn -0.3975 0.9117 -0.1042
vn -0.3710 0.9265 0.0633
vn -0.6398 0.7541 -0.1485
vn 0.4520 0.5409 0.7093
vn 0.6101 0.5411 0.5787
vn 0.3033 0.6288 0.7159
vn 0.6370 0.3930 0.6632
vn 0.4371 0.8652 0.2458
vn 0.7695 0.6304 0.1023
vn 0.9241 0.2583 0.2815
vn 0.8828 0.3372 0.3270
vn 0.9342 0.2353 0.2680
vn 0.9768 0.0846 0.1965
vn 0.9935 -0.0181 0.1127
vn -0.4843 -0.1345 -0.8645
vn -0.5927 -0.1833 -0.7843
vn -0.8715 -0.2771 -0.4046
vn -0.8671 -0.2900 -0.4051
vn -0.9481 -0.2216 -0.2282
vn -0.9094 -0.2744 -0.3126
vn -0.9764 -0.2004 -0.0812
vn -0.3814 -0.7426 -0.5505
vn -0.6215 -0.7553 -0.2080
vn -0.6023 -0.7817 -0.1616
vn -0.5444 -0.8386 0.0172
vn -0.1174 -0.9751 -0.1880
vn -0.1740 -0.9834 0.0510
vn -0.8494 -0.5268 0.0310
vn -0.5420 -0.8279 -0.1443
vn -0.4832 -0.8065 0.3408
vn -0.0779 0.2621 -0.9619
vn -0.3003 0.6018 -0.7400
vn 0.0391 0.5386 -0.8417
vn -0.5855 0.2126 -0.7823
vn -0.6101 -0.0883 -0.7874
vn 0.0306 -0.9793 0.2001
vn 0.2352 0.8544 -0.4634
vn -0.4781 0.1459 -0.8661
vn 0.1267 0.5163 -0.8470
vn -0.0366 0.7628 -0.6456
vn -0.1917 0.1266 -0.9732
vn 0.5841 0.7690 -0.2597
vn -0.0782 0.9969 0.0093
vn -0.9102 0.4006 0.1048
vn -0.7442 0.6018 0.2897
vn 0.4560 -0.5452 -0.7034
vn 0.6900 -0.7009 -0.1806
vn 0.2589 -0.9659 0.0017
vn -0.1154 -0.0826 -0.9899
vn 0.9917 -0.1269 0.0213
vn -0.1519 0.1257 0.9804
vn -0.9582 0.1716 0.2287
vn -0.9533 -0.1136 0.2797
vn -0.8348 0.5416 -0.0992
vn -0.9092 0.3878 -0.1514
vn -0.9285 -0.2872 -0.2353
vn -0.5760 0.8150 0.0635
vn -0.8317 0.5484 -0.0869
vn -0.8947 0.4195 -0.1537
vn -0.8307 -0.4947 -0.2555
vn -0.9141 -0.2896 -0.2837
vn 0.0225 0.0764 -0.9968
vn -0.6347 0.6959 -0.3360
vn -0.8701 0.0838 -0.4857
vn -0.9795 0.0065 0.2012
vn -0.9320 0.1624 -0.3241
vn -0.3642 -0.8404 0.4014
vn -0.1108 -0.9324 0.3440
vn -0.2965 -0.9033 0.3100
vn -0.0215 -0.9664 -0.2561
vn -0.3869 -0.9084 0.1585
vn 0.4824 -0.5689 -0.6661
vn -0.6655 -0.2512 -0.7028
vn -0.9187 0.0919 -0.3840
vn 0.6252 -0.7488 -0.2200
vn 0.8070 -0.1675 -0.5663
vn -0.4969 0.5758 -0.6493
vn -0.8849 -0.3546 -0.3021
vn -0.8356 0.1652 -0.5239
vn -0.4153 0.0373 -0.9089
vn 0.7233 0.3038 -0.6201
vn -0.5955 0.4718 -0.6502
vn 0.7266 -0.0196 -0.6867
vn 0.9940 -0.0850 -0.0687
vn 0.8855 -0.4635 0.0322
vn 0.9537 -0.1682 0.2495
vn 0.7994 0.0265 -0.6002
vn 0.4902 -0.1339 -0.8613
vn 0.8197 0.0937 -0.5650
vn 0.8426 -0.2911 0.4530
vn 0.6038 -0.2237 0.7651
vn -0.0479 -0.1568 0.9865
vn 0.5896 -0.3559 0.7250
vn 0.0220 -0.4455 0.8950
vn 0.5632 -0.0467 0.8250
vn -0.5394 -0.1130 0.8344
vn -0.5868 -0.0438 0.8085
vn 0.4600 -0.6351 -0.6206
vn -0.1092 -0.7154 0.6902
vn 0.2897 -0.4747 -0.8311
vn -0.7890 -0.5964 0.1476
vn -0.7173 -0.4279 0.5499
vn -0.5279 0.1362 0.8383
vn -0.4260 -0.2025 0.8818
vn -0.4734 0.8257 -0.3068
vn -0.4530 0.8613 0.2300
vn -0.4356 0.8437 0.3138
vn -0.7586 0.6454 0.0896
vn -0.8700 -0.1336 0.4746
vn -0.9460 0.3217 -0.0402
vn -0.6386 0.5036 0.5818
vn -0.9598 0.2687 0.0811
vn -0.6924 0.5191 0.5011
vn -0.9307 -0.0022 -0.3658
vn -0.9802 0.0932 -0.1747
vn -0.4992 0.7138 -0.4912
vn -0.6556 0.2611 -0.7085
vn -0.1723 -0.9743 -0.1453
vn -0.5303 -0.8114 0.2459
vn -0.9462 0.2876 -0.1483
vn -0.8307 0.5440 0.1183
vn -0.9324 -0.2698 -0.2405
vn -0.9249 -0.2861 -0.2504
vn -0.9278 -0.2800 -0.2467
vn -0.9335 -0.2673 -0.2390
vn -0.4984 0.2066 -0.8420
vn 0.8854 0.3869 0.2577
vn -0.6784 -0.0610 0.7322
vn -0.4884 0.1604 -0.8578
vn 0.8898 0.3922 0.2333
vn 0.8504 0.4324 0.2998
vn -0.4218 -0.3568 -0.8335
vn -0.4678 -0.3735 -0.8011
vn -0.4803 -0.3403 -0.8084
vn -0.5636 0.4467 -0.6948
vn -0.8318 -0.3993 0.3857
vn 0.4682 0.3662 0.8042
vn 0.4937 0.3453 0.7981
vn 0.4990 0.3369 0.7984
vn 0.4621 0.3710 0.8055
vn 0.3797 0.3552 0.8542
vn 0.3568 0.3603 0.8619
vn 0.4077 0.3516 0.8427
vn 0.3392 0.3897 0.8562
vn 0.3420 0.3940 0.8531
vn 0.6998 -0.6827 -0.2103
vn 0.6013 0.5685 -0.5615
vn 0.6266 0.5498 -0.5524
vn -0.0161 0.3707 -0.9286
vn 0.6352 0.5432 -0.5491
vn -0.4201 0.8736 -0.2455
vn -0.0546 0.9013 -0.4298
vn -0.7033 0.7103 -0.0288
vn -0.6919 0.7213 -0.0312
vn -0.3324 -0.3858 -0.8606
vn -0.3337 -0.3604 -0.8711
vn -0.3455 -0.3913 -0.8529
vn 0.7553 -0.5781 -0.3088
vn 0.7348 -0.5726 -0.3635
vn 0.8918 0.2398 -0.3837
vn 0.7741 -0.5482 -0.3167
vn 0.4593 -0.2515 0.8519
vn -0.7854 0.5416 0.2996
vn -0.7796 0.5497 0.3000
vn -0.7582 0.5720 0.3130
vn -0.7530 0.5771 0.3160
vn -0.6934 0.5856 0.4198
vn -0.7097 0.5780 0.4028
vn -0.7282 0.5705 0.3797
vn -0.6719 0.6157 0.4116
vn -0.6717 0.6125 0.4168
vn -0.5796 -0.7303 -0.3617
vn 0.5343 0.0869 -0.8408
vn -0.1801 0.3521 -0.9185
vn -0.1514 0.3680 -0.9174
vn -0.1899 0.3466 -0.9186
vn 0.5982 0.7749 -0.2041
vn 0.3843 0.7397 -0.5524
vn 0.7006 0.6973 0.1516
vn 0.7076 0.6877 0.1623
vn 0.6784 -0.5889 -0.4393
vn 0.6686 -0.6102 -0.4249
vn 0.6752 -0.6129 -0.4104
vn -0.0370 -0.9871 0.1560
vn -0.5068 -0.7523 -0.4208
vn -0.0741 -0.9814 0.1771
vn -0.0825 -0.9853 0.1495
vn -0.2749 -0.8082 -0.5208
vn -0.8307 0.0184 0.5564
vn -0.9670 -0.1963 -0.1624
vn 0.0737 0.9825 -0.1709
vn 0.0941 0.9833 -0.1555
vn 0.0980 0.9839 -0.1493
vn 0.0695 0.9823 -0.1741
vn 0.0040 0.9887 -0.1501
vn -0.0110 0.9883 -0.1521
vn 0.0265 0.9883 -0.1500
vn -0.0238 0.9841 -0.1761
vn -0.0214 0.9833 -0.1805
vn 0.7568 -0.0036 0.6537
vn 0.7600 -0.6470 0.0620
vn 0.9759 -0.2133 -0.0469
vn 0.6423 -0.3072 -0.7022
vn 0.2325 -0.8265 -0.5126
vn -0.3335 -0.3740 -0.8654
vn 0.0023 -0.4039 -0.9148
vn 0.0282 -0.9846 0.1727
vn 0.0277 -0.9883 0.1500
vn 0.6696 0.4024 0.6243
vn 0.5770 0.4854 0.6568
vn 0.4278 0.5638 0.7065
vn 0.4696 0.5135 0.7181
vn 0.0082 0.6207 0.7840
vn 0.2709 0.6359 0.7227
vn -0.2658 0.6296 0.7300
vn -0.4267 0.5562 0.7132
vn -0.4838 0.5121 0.7097
vn -0.5875 0.4645 0.6627
vn -0.7059 0.3667 0.6060
vn -0.7882 0.2959 0.5396
vn -0.7898 0.2851 0.5431
vn -0.7917 0.2711 0.5474
vn -0.0331 -0.8944 -0.4460
vn -0.0107 -0.6592 0.7519
vn -0.1101 -0.6031 0.7901
vn -0.1417 -0.5562 0.8189
vn -0.0302 -0.6790 0.7335
vn 0.0188 -0.6932 0.7205
vn 0.0651 -0.6827 0.7278
vn 0.0997 -0.6695 0.7361
vn 0.1797 -0.5643 0.8058
vn -0.8308 0.4220 -0.3630
vn 0.8241 0.3874 -0.4133
vn 0.0254 -0.2453 0.9691
vn -0.7158 0.3864 0.5816
vn -0.7752 0.2799 0.5663
vn -0.7755 0.2770 0.5673
vn -0.7772 0.2575 0.5741
vn 0.0416 -0.8495 -0.5260
vn 0.0152 -0.5931 0.8050
vn -0.1956 -0.5704 0.7977
vn -0.1855 -0.5836 0.7905
vn -0.1286 -0.5921 0.7955
vn 0.0100 -0.6205 0.7842
vn 0.1462 -0.5978 0.7882
vn 0.2187 -0.5712 0.7912
vn 0.2131 -0.5782 0.7876
vn -0.1723 0.1838 -0.9677
vn -0.2214 0.2260 -0.9486
vn -0.1970 0.1975 -0.9603
vn -0.1290 0.1508 -0.9801
vn -0.0929 0.1369 -0.9862
vn 0.1759 0.1870 -0.9665
vn 0.0735 0.1332 -0.9884
vn 0.1190 0.1485 -0.9817
vn 0.2054 0.2006 -0.9579
vn 0.2347 0.2333 -0.9437
vn 0.0398 -0.8821 -0.4693
vn 0.7651 0.3158 0.5612
vn 0.7640 0.3221 0.5591
vn 0.6979 0.3700 0.6132
vn -0.8287 0.3846 -0.4066
vn 0.8262 0.4244 -0.3705
vn -0.0167 -0.2447 0.9695
vn -0.8385 0.4270 -0.3383
vn 0.8252 0.4388 -0.3556
vn 0.0119 -0.3195 0.9475
vn -0.8450 0.4556 -0.2800
vn 0.8279 0.4664 -0.3115
vn 0.0198 -0.4029 0.9150
vn -0.2372 0.7700 0.5923
vn 0.0057 0.7563 0.6542
vn -0.4938 0.5990 0.6304
vn -0.6536 0.4551 0.6048
vn -0.8081 0.3057 0.5035
vn -0.7594 0.3004 0.5772
vn -0.7724 0.3713 0.5154
vn -0.6465 0.1592 0.7461
vn -0.6903 0.2904 0.6627
vn -0.0168 -0.1296 -0.9914
vn -0.0164 -0.1729 -0.9848
vn -0.0104 -0.1803 -0.9836
vn 0.0608 -0.9093 -0.4117
vn 0.0001 -0.9115 -0.4114
vn 0.2152 -0.0682 0.9742
vn 0.1877 -0.1555 0.9699
vn 0.0195 -0.2159 0.9762
vn 0.1320 -0.2649 0.9552
vn 0.0194 -0.2828 0.9590
vn -0.0223 -0.1650 -0.9860
vn 0.0460 -0.0648 -0.9968
vn -0.0439 -0.1907 -0.9807
vn 0.0584 -0.0267 -0.9979
vn -0.0097 0.0546 -0.9985
vn -0.1911 0.1394 -0.9716
vn -0.0753 -0.0027 -0.9972
vn -0.0544 -0.0117 -0.9985
vn -0.0150 -0.0194 -0.9997
vn 0.0338 -0.0082 -0.9994
vn 0.2460 0.7736 0.5840
vn 0.0029 0.8408 0.5413
vn 0.5070 0.6061 0.6128
vn 0.6684 0.4639 0.5814
vn 0.8219 0.3160 0.4740
vn 0.7856 0.3812 0.4874
vn 0.7757 0.3100 0.5497
vn 0.7099 0.2994 0.6375
vn 0.6709 0.1673 0.7224
vn -0.0220 -0.1804 -0.9833
vn -0.0606 -0.9103 -0.4096
vn -0.1500 -0.1577 0.9760
vn -0.1788 -0.0706 0.9814
vn -0.0932 -0.2662 0.9594
vn -0.0807 -0.0656 -0.9946
vn -0.0104 -0.1650 -0.9862
vn 0.0117 -0.1903 -0.9817
vn -0.0939 -0.0276 -0.9952
vn 0.0141 -0.4550 0.8904
vn 0.2169 -0.4334 0.8747
vn 0.1122 -0.4996 0.8590
vn 0.2507 -0.3904 0.8859
vn 0.0012 0.1583 -0.9874
vn -0.2452 0.1946 -0.9497
vn -0.2207 0.1662 -0.9611
vn -0.1601 0.1233 -0.9794
vn -0.0116 0.1123 -0.9936
vn 0.1536 0.1263 -0.9800
vn 0.2248 0.1651 -0.9603
vn 0.2424 0.1850 -0.9524
vn -0.0302 -0.8503 -0.5255
vn 0.7837 0.2946 0.5468
vn 0.7859 0.2760 0.5534
vn 0.7393 0.3515 0.5743
vn 0.7116 0.4128 0.5685
vn 0.5060 0.5820 0.6366
vn 0.4578 0.6309 0.6264
vn 0.0008 0.7147 0.6995
vn -0.0011 0.7194 0.6946
vn -0.4697 0.6113 0.6369
vn -0.5145 0.5615 0.6480
vn -0.6971 0.3766 0.6100
vn 0.1134 0.0617 -0.9916
vn 0.1652 0.1248 -0.9783
vn -0.0873 -0.8646 -0.4948
vn 0.7693 0.2473 0.5891
vn 0.7728 0.2894 0.5648
vn 0.7284 0.2629 0.6327
vn 0.7001 0.3534 0.6205
vn 0.5044 0.6012 0.6198
vn 0.4289 0.7030 0.5672
vn 0.0007 0.7920 0.6105
vn -0.0006 0.8229 0.5682
vn -0.4378 0.6838 0.5838
vn -0.5095 0.5767 0.6386
vn -0.6894 0.3288 0.6455
vn -0.7134 0.2368 0.6596
vn -0.7428 0.2384 0.6256
vn -0.7480 0.2777 0.6028
vn 0.0915 -0.8547 -0.5110
vn -0.1975 -0.4365 0.8778
vn -0.2187 -0.4088 0.8860
vn -0.1000 -0.4948 0.8632
vn 0.0084 -0.5163 0.8564
vn -0.0378 -0.9897 0.1377
vn -0.0686 -0.9849 0.1588
vn -0.0748 -0.9884 0.1325
vn -0.2183 -0.7678 -0.6024
vn -0.7450 -0.1362 0.6530
vn -0.7738 -0.1522 0.6149
vn 0.0763 0.9837 -0.1628
vn 0.1031 0.9847 -0.1403
vn 0.1097 0.9852 -0.1317
vn 0.0715 0.9834 -0.1668
vn -0.0003 0.9911 -0.1333
vn -0.0136 0.9906 -0.1360
vn 0.0233 0.9908 -0.1331
vn -0.0250 0.9857 -0.1664
vn -0.0220 0.9848 -0.1725
vn 0.6502 -0.1653 0.7416
vn 0.6804 -0.1702 0.7128
vn 0.6830 -0.1707 0.7102
vn 0.6476 -0.1649 0.7439
vn 0.5382 -0.2588 -0.8021
vn 0.5942 -0.2359 -0.7689
vn 0.1675 -0.7885 -0.5918
vn 0.6207 -0.2242 -0.7513
vn -0.3562 -0.2393 -0.9033
vn 0.0038 -0.2007 -0.9796
vn -0.5924 -0.2326 -0.7713
vn -0.5317 -0.1904 -0.8253
vn 0.0242 -0.9867 0.1605
vn 0.0182 -0.9909 0.1333
vn 0.0178 -0.9859 0.1661
vn 0.1978 0.9794 -0.0413
vn -0.1978 -0.9794 0.0413
vn 0.9470 -0.1109 0.3014
vn 0.8749 -0.1295 -0.4667
vn 0.8752 -0.1296 -0.4661
vn 0.3034 -0.0354 -0.9522
vn -0.0691 0.0331 -0.9971
vn -0.4034 0.1099 -0.9084
vn -0.9208 0.2406 -0.3069
vn -0.7346 0.1830 -0.6534
vn -0.8490 0.2577 0.4613
vn -0.8493 0.2578 0.4607
vn -0.6080 0.2163 0.7639
vn 0.0928 0.0844 0.9921
vn 0.4604 0.0113 0.8876
vn 0.4609 0.0112 0.8874
vn 0.6576 -0.1013 0.7465
vn 0.2109 -0.0013 0.9775
vn 0.9621 -0.2020 -0.1830
vn 0.9360 -0.1761 0.3048
vn -0.2912 0.0990 0.9515
vn -0.9539 0.2020 0.2218
vn -0.9360 0.1761 -0.3048
vn -0.2109 0.0013 -0.9775
vn -0.6576 0.1013 -0.7466
vn 0.2912 -0.0990 -0.9515
vn 0.7168 -0.1732 -0.6754
vn 0.9539 -0.2020 -0.2218
vn 0.6062 -0.1553 -0.7800
vn 0.2912 -0.0989 -0.9515
vn -0.0622 -0.0295 -0.9976
vn -0.2912 0.0989 0.9515
vn 0.2109 -0.0014 0.9775
vn 0.8244 -0.4787 0.3021
vn 0.6196 -0.4714 -0.6276
vn 0.6177 -0.4711 -0.6297
vn -0.2634 -0.3052 -0.9151
vn -0.2606 -0.3058 -0.9157
vn -0.9503 -0.1447 -0.2758
vn -0.9714 -0.0778 0.2245
vn -0.3342 -0.1723 0.9266
vn 0.1395 -0.3083 0.9410
vn 0.1367 -0.3077 0.9416
vn -0.9358 0.1761 -0.3053
vn -0.6683 0.1039 -0.7366
vn -0.8523 0.1510 -0.5008
vn -0.9541 0.2020 0.2212
vn -0.2250 0.0043 -0.9743
vn 0.7068 -0.1717 -0.6862
vn 0.9541 -0.2020 -0.2212
vn 0.9541 -0.2020 -0.2213
vn 0.6683 -0.1039 0.7366
vn 0.9358 -0.1761 0.3053
vn 0.2250 -0.0043 0.9743
vn -0.2774 0.0963 0.9559
vn -0.7068 0.1717 0.6862
vn -0.1009 0.9474 -0.3038
vn 0.9649 0.1676 0.2020
vn 0.2677 0.3200 0.9088
vn -0.2423 0.2728 0.9311
vn -0.9540 -0.0055 0.2998
vn -0.9649 -0.1676 -0.2020
vn -0.2677 -0.3200 -0.9088
vn -0.7074 -0.2831 -0.6477
vn 0.2423 -0.2728 -0.9311
vn 0.6886 -0.1539 -0.7086
vn 0.1009 -0.9474 0.3038
vn 0.9540 0.0055 -0.2998
vn -0.9911 -0.1224 -0.0522
vn 0.7074 0.2831 0.6477
vn -0.9648 -0.1677 -0.2025
vn -0.7177 -0.2808 -0.6372
vn -0.8910 -0.2219 -0.3960
vn -0.8187 0.0945 0.5665
vn -0.9541 -0.0056 0.2993
vn -0.2819 -0.3201 -0.9045
vn 0.6779 -0.1580 -0.7179
vn 0.9541 0.0056 -0.2994
vn 0.7177 0.2808 0.6372
vn 0.7808 0.2647 0.5660
vn -0.2280 0.2752 0.9339
vn 0.2819 0.3201 0.9045
vn -0.6779 0.1580 0.7179
vn 0.1164 0.9551 -0.2724
vn 0.0784 0.6946 -0.7151
vn 0.1004 0.7731 -0.6263
vn 0.0723 0.8126 -0.5783
vn 0.1052 0.9816 -0.1594
vn 0.1568 0.7274 0.6680
vn 0.1370 0.9007 0.4122
vn 0.1271 0.8995 0.4180
vn 0.1254 0.6937 0.7093
vn 0.0604 0.5771 -0.8144
vn 0.2869 0.4815 -0.8282
vn 0.1270 0.4964 -0.8588
vn 0.9811 -0.1651 -0.1011
vn 0.9816 -0.1813 -0.0601
vn 0.9825 -0.1625 -0.0905
vn 0.9792 -0.1856 -0.0826
vn -0.7129 -0.5286 0.4609
vn -0.9975 -0.0535 0.0468
vn 0.9827 -0.1848 -0.0124
vn 0.9850 -0.1727 0.0079
vn 0.9832 -0.1810 -0.0249
vn 0.9853 -0.1707 0.0111
vn 0.9833 -0.1789 -0.0326
vn 0.9831 -0.1798 -0.0329
vn -0.9958 -0.0362 -0.0843
vn 0.9799 -0.1260 -0.1548
vn 0.5923 -0.6407 -0.4885
vn 0.9796 -0.1716 -0.1043
vn -0.0418 -0.8185 -0.5730
vn -0.0406 -0.8164 -0.5761
vn -0.0416 -0.8182 -0.5734
vn -0.0554 -0.7694 0.6363
vn -0.0556 -0.7541 0.6544
vn -0.0554 -0.7678 0.6383
vn -0.1990 -0.6181 0.7605
vn -0.1779 -0.6434 0.7446
vn -0.1440 -0.4342 0.8892
vn -0.1066 -0.4863 0.8673
vn -0.2521 -0.9323 0.2593
vn -0.2468 -0.9365 0.2489
vn -0.2605 -0.8302 -0.4929
vn -0.2597 -0.9184 -0.2987
vn -0.1391 -0.6843 -0.7158
vn -0.2007 -0.5655 -0.8000
vn -0.0719 0.8011 0.5941
vn 0.0863 0.8142 -0.5742
vn 0.0463 0.9989 0.0020
vn 0.0352 0.9793 -0.1995
vn -0.0575 0.7372 0.6732
vn -0.1212 -0.2822 -0.9517
vn -0.0784 -0.2469 -0.9659
vn 0.0132 0.3217 -0.9467
vn -0.4363 -0.8994 -0.0258
vn -0.1760 -0.8855 -0.4301
vn -0.3846 -0.2416 0.8909
vn -0.1812 -0.2480 0.9517
vn -0.1980 -0.7884 0.5825
vn 0.1348 0.9907 0.0184
vn 0.1191 0.2977 -0.9472
vn -0.3477 -0.6568 -0.6691
vn -0.6539 -0.5796 0.4863
vn -0.3093 0.4176 0.8544
vn 0.0616 0.8994 0.4327
vn 0.0733 0.9916 -0.1061
vn 0.0636 0.9203 0.3860
vn 0.0375 0.3980 -0.9166
vn 0.0051 -0.0569 -0.9984
vn -0.0347 -0.5789 -0.8147
vn -0.0636 -0.9203 -0.3860
vn -0.0616 -0.8994 -0.4327
vn -0.0733 -0.9916 0.1061
vn -0.0375 -0.3980 0.9166
vn 0.0019 0.1506 0.9886
vn 0.0347 0.5789 0.8147
vn -0.9750 0.2204 -0.0288
vn 0.0414 0.8127 0.5812
vn -0.0863 0.8142 -0.5742
vn 0.0719 0.8011 0.5941
vn -0.0307 0.8362 -0.5475
vn 0.1212 -0.2822 -0.9516
vn 0.0784 -0.2469 -0.9659
vn 0.4363 -0.8994 -0.0258
vn 0.2137 -0.9768 -0.0161
vn 0.3846 -0.2416 0.8909
vn 0.1812 -0.2480 0.9517
vn -0.1348 0.9907 0.0184
vn -0.1191 0.2977 -0.9472
vn 0.3477 -0.6568 -0.6691
vn 0.6539 -0.5796 0.4863
vn 0.3093 0.4176 0.8544
vn -0.0636 0.9203 0.3860
vn -0.0733 0.9916 -0.1061
vn -0.0616 0.8994 0.4327
vn -0.0375 0.3980 -0.9166
vn -0.0051 -0.0569 -0.9984
vn 0.0636 -0.9203 -0.3860
vn 0.0347 -0.5789 -0.8147
vn 0.0616 -0.8994 -0.4327
vn 0.0733 -0.9916 0.1061
vn 0.0375 -0.3980 0.9166
vn -0.0019 0.1506 0.9886
vn -0.0347 0.5789 0.8147
vn 0.9750 0.2204 -0.0288
vn -0.1853 0.9825 0.0189
vn -0.1499 0.9846 -0.0900
vn -0.1499 0.9804 0.1279
vn -0.0573 0.9791 0.1952
vn 0.0573 0.9791 0.1952
vn 0.1499 0.9804 0.1279
vn 0.1853 0.9825 0.0189
vn 0.1499 0.9846 -0.0900
vn 0.0573 0.9859 -0.1573
vn 0.0000 0.0193 -0.9998
vn 0.3090 0.0183 -0.9509
vn -0.3002 0.2546 -0.9193
vn 0.3002 0.2546 -0.9193
vn -0.7767 0.0121 -0.6297
vn -0.3763 -0.7581 -0.5326
vn -0.7860 0.2478 -0.5664
vn -0.9511 0.0060 -0.3090
vn -0.9632 0.2628 -0.0558
vn -0.9913 -0.0025 0.1313
vn -0.7310 0.3970 0.5550
vn -0.2201 -0.0188 0.9753
vn -0.4294 -0.0174 0.9030
vn -0.1976 0.3974 0.8961
vn 0.2201 -0.0188 0.9753
vn 0.2100 0.4090 0.8880
vn 0.7679 -0.0124 0.6405
vn 0.7144 0.4063 0.5697
vn 0.9913 -0.0025 0.1313
vn 0.9672 0.2407 -0.0814
vn 0.8090 0.0113 -0.5877
vn 0.9511 0.0060 -0.3090
vn 0.7860 0.2478 -0.5664
vn -0.2092 0.7482 -0.6296
vn 0.2092 0.7482 -0.6296
vn -0.5478 0.7435 -0.3837
vn -0.6771 0.7358 0.0142
vn -0.4593 0.8535 0.2461
vn -0.1327 0.8677 0.4790
vn 0.1676 0.8561 0.4889
vn 0.3962 0.8727 0.2853
vn 0.6582 0.7523 -0.0277
vn 0.5478 0.7435 -0.3837
vn -0.0573 0.9859 -0.1573
vn 0.6453 -0.7598 -0.0790
vn 0.9970 0.0751 -0.0179
vn 0.9953 0.0733 -0.0632
vn 0.9935 0.1029 -0.0484
vn 0.9938 0.0933 -0.0611
vn 0.9916 0.0945 -0.0880
vn 0.7975 0.2368 -0.5549
vn 0.9772 0.1109 -0.1811
vn 0.8032 0.5402 0.2511
vn 0.9907 0.0983 -0.0945
vn 0.9938 0.1104 -0.0116
vn 0.4439 -0.2863 -0.8491
vn 0.8857 -0.0218 -0.4636
vn 0.9424 -0.0682 -0.3273
vn 0.4858 0.4130 0.7703
vn 0.9760 0.1052 0.1906
vn 0.9955 0.0688 0.0656
vn 0.9912 0.1283 0.0337
vn 0.9939 0.1103 -0.0085
vn 0.9869 0.1572 -0.0370
vn -0.5674 0.5388 0.6227
vn -0.9799 -0.0961 0.1748
vn -0.9797 -0.0923 0.1779
vn -0.6064 0.7878 0.1078
vn -0.8989 0.0494 -0.4354
vn -0.9933 -0.0816 0.0820
vn -0.8185 -0.0690 -0.5704
vn -0.7874 -0.2129 -0.5785
vn -0.9947 -0.0920 0.0457
vn -0.9391 -0.2559 -0.2294
vn -0.9866 -0.0571 0.1531
vn -0.9970 -0.0751 0.0179
vn -0.6163 -0.3737 0.6932
vn -0.7649 -0.4156 0.4921
vn -0.2608 0.8947 0.3626
vn -0.3247 -0.6344 -0.7014
vn -0.9991 0.0005 -0.0434
vn -0.9912 -0.1235 -0.0476
vn -0.9337 0.3578 -0.0096
vn -0.5975 0.7765 0.2001
vn -0.9220 0.0033 0.3872
vn 0.0000 -0.3877 -0.9218
vn 0.0146 -0.3949 -0.9186
vn -0.0538 0.5953 -0.8017
vn -0.0109 0.2536 -0.9672
vn 0.0090 -0.1169 -0.9931
vn -0.1396 0.9563 -0.2569
vn -0.0881 0.9524 -0.2919
vn 0.0422 0.7566 0.6526
vn -0.1800 0.0480 -0.9825
vn -0.1773 0.0179 -0.9840
vn -0.1976 0.3466 -0.9170
vn -0.4538 -0.1425 -0.8796
vn -0.4330 -0.2536 -0.8650
vn -0.4691 -0.0253 -0.8828
vn 0.0887 -0.9590 0.2692
vn 0.2281 -0.9272 0.2972
vn 0.1161 -0.9544 0.2751
vn 0.2687 -0.9139 0.3043
vn -0.0283 0.2828 0.9588
vn 0.0629 -0.6584 -0.7500
vn 0.0918 -0.9883 0.1220
vn 0.0628 -0.6584 -0.7500
vn 0.0718 -0.7853 0.6149
vn 0.0330 -0.3851 0.9223
vn 0.0476 -0.5298 0.8468
vn 0.0021 -0.2249 0.9744
vn -0.0000 0.9814 0.1922
vn 0.0000 0.9999 -0.0101
vn -0.0000 0.9999 -0.0101
vn -0.4858 0.4130 0.7703
vn -0.9822 0.1113 0.1515
vn -0.9760 0.1052 0.1906
vn -0.4439 -0.2863 -0.8491
vn -0.9424 -0.0682 -0.3273
vn -0.7308 0.0594 -0.6800
vn -0.9955 0.0863 -0.0399
vn -0.9912 0.1283 0.0337
vn -0.9936 0.1128 0.0063
vn -0.9799 0.0961 -0.1748
vn -0.7907 0.6121 0.0154
vn -0.9772 0.1109 -0.1811
vn -0.9916 0.0945 -0.0880
vn -0.2606 0.5812 -0.7709
vn -0.9935 0.1029 -0.0484
vn -0.9938 0.0934 -0.0611
vn -0.9945 0.0684 -0.0792
vn -0.9942 0.1072 -0.0067
vn -0.9869 0.1572 -0.0370
vn -0.9970 0.0751 -0.0179
vn -0.6453 -0.7598 -0.0790
vn 0.9220 0.0033 0.3872
vn 0.5975 0.7765 0.2001
vn 0.9982 0.0482 -0.0351
vn 0.9337 0.3578 -0.0096
vn 0.6163 -0.3737 0.6932
vn 0.9868 -0.1577 0.0374
vn 0.5918 -0.5782 0.5616
vn 0.9970 -0.0751 0.0179
vn 0.9866 -0.0571 0.1531
vn 0.8185 -0.0690 -0.5704
vn 0.7199 0.1233 0.6830
vn 0.7874 -0.2129 -0.5785
vn 0.9933 -0.0816 0.0820
vn 0.9797 -0.0923 0.1779
vn 0.9799 -0.0961 0.1748
vn 0.6978 0.7099 0.0955
vn 0.9955 -0.0766 -0.0552
vn 0.9882 -0.0835 0.1286
vn 0.3247 -0.6345 -0.7014
vn 0.9932 -0.1038 -0.0521
vn 0.9912 -0.1235 -0.0476
vn -0.0028 -0.0952 -0.9955
vn -0.0239 -0.3995 -0.9164
vn 0.0186 0.2564 -0.9664
vn 0.0881 0.9524 -0.2919
vn 0.1396 0.9563 -0.2569
vn -0.0422 0.7566 0.6526
vn 0.1976 0.3466 -0.9170
vn 0.1773 0.0179 -0.9840
vn 0.1800 0.0481 -0.9825
vn 0.4538 -0.1425 -0.8797
vn 0.4330 -0.2536 -0.8650
vn 0.4691 -0.0253 -0.8828
vn -0.2687 -0.9139 0.3043
vn -0.2281 -0.9272 0.2972
vn -0.1161 -0.9544 0.2751
vn -0.0887 -0.9590 0.2692
vn 0.0283 0.2828 0.9588
vn -0.0629 -0.6584 -0.7500
vn -0.0881 -0.9526 0.2911
vn -0.0719 -0.7853 0.6149
vn -0.0476 -0.5298 0.8468
vn -0.0330 -0.3851 0.9223
vn -0.0021 -0.2249 0.9744
vn -0.0000 0.9358 0.3525
vn 0.0000 0.9814 0.1922
vn 0.0423 -0.9932 -0.1082
vn -0.0000 -0.9832 -0.1827
vn -0.0000 -0.9998 -0.0193
vn -0.0680 -0.9844 -0.1621
vn -0.1671 -0.9142 -0.3692
vn -0.0379 -0.9529 -0.3008
vn -0.0000 -0.9602 -0.2795
vn 0.0379 -0.9529 -0.3008
vn 0.1671 -0.9142 -0.3692
vn -0.0784 0.6946 -0.7151
vn -0.1164 0.9551 -0.2724
vn -0.1004 0.7731 -0.6263
vn -0.1052 0.9816 -0.1594
vn -0.0723 0.8126 -0.5783
vn -0.1370 0.9007 0.4122
vn -0.1568 0.7274 0.6680
vn -0.1254 0.6937 0.7093
vn -0.1271 0.8995 0.4180
vn -0.0604 0.5771 -0.8144
vn -0.2869 0.4815 -0.8282
vn -0.1270 0.4964 -0.8588
vn -0.9816 -0.1813 -0.0601
vn -0.9811 -0.1651 -0.1011
vn -0.9825 -0.1625 -0.0905
vn -0.9792 -0.1856 -0.0826
vn 0.9975 -0.0535 0.0468
vn 0.7129 -0.5286 0.4609
vn -0.9850 -0.1727 0.0079
vn -0.9827 -0.1848 -0.0124
vn -0.9832 -0.1810 -0.0249
vn -0.9853 -0.1707 0.0111
vn -0.9833 -0.1789 -0.0326
vn -0.9832 -0.1798 -0.0329
vn 0.9958 -0.0362 -0.0843
vn -0.9799 -0.1260 -0.1548
vn -0.5923 -0.6407 -0.4885
vn -0.9796 -0.1716 -0.1042
vn 0.0406 -0.8164 -0.5761
vn 0.0418 -0.8185 -0.5730
vn 0.0416 -0.8182 -0.5734
vn 0.0556 -0.7541 0.6544
vn 0.0554 -0.7694 0.6363
vn 0.0554 -0.7678 0.6383
vn 0.1779 -0.6434 0.7446
vn 0.1990 -0.6181 0.7605
vn 0.1440 -0.4342 0.8892
vn 0.1066 -0.4863 0.8673
vn 0.2468 -0.9365 0.2489
vn 0.2521 -0.9323 0.2593
vn 0.2597 -0.9184 -0.2987
vn 0.2605 -0.8302 -0.4929
vn 0.1391 -0.6843 -0.7158
vn 0.2007 -0.5655 -0.8000
vn -0.0000 0.0193 -0.9998
vn -0.4109 0.2694 -0.8709
vn -0.0000 -0.7888 -0.6146
vn -0.0000 -0.3048 -0.9524
vn 0.6762 0.0415 -0.7356
vn -0.6499 -0.3622 -0.6682
vn 0.1047 -0.1025 -0.9892
vn 0.9453 -0.1293 -0.2995
vn 0.6971 -0.0923 -0.7111
vn -0.9262 -0.1183 -0.3581
vn -0.7270 -0.0142 -0.6864
vn 0.0000 -0.0193 0.9998
vn -0.0000 -0.0193 0.9998
vn 0.6762 0.0131 0.7366
vn 0.7455 0.1305 0.6536
vn 0.2877 0.1256 0.9495
vn 0.6514 0.1587 0.7419
vn -0.6617 0.4605 0.5917
vn -0.2746 0.7372 0.6173
vn -0.0123 -0.7727 0.6347
vn 0.1375 -0.5206 0.8427
vn -0.7270 -0.0407 0.6854
vn -0.8652 -0.1263 0.4852
vn -0.2595 -0.1122 0.9592
vn -0.6858 0.4359 -0.5828
vn 0.6971 -0.1197 0.7070
vn 0.9899 -0.1414 -0.0027
vn -0.9406 -0.3396 -0.0065
vn 0.8944 -0.4471 -0.0086
vn -0.9910 -0.1339 -0.0026
vn -0.9983 0.0587 0.0011
vn 0.2631 -0.9646 -0.0186
vn -0.2941 -0.9556 -0.0184
vn -0.8521 -0.5232 -0.0101
vn -0.9939 -0.1104 -0.0021
vn -0.3443 0.9387 0.0181
vn -0.9932 -0.1168 -0.0023
vn 0.0929 0.9955 0.0192
vn 0.1113 0.9936 0.0192
vn -0.2132 0.9768 0.0188
vn 0.4239 0.9055 0.0175
vn 0.8261 0.5634 0.0109
vn 0.9923 0.1240 0.0024
vn 0.9231 0.3845 0.0074
vn 0.9907 0.1363 0.0026
vn 0.8944 0.4471 0.0086
vn 0.9864 0.1644 0.0032
vn -0.8459 -0.5333 -0.0103
vn -0.7359 -0.6769 -0.0131
vn -0.9545 -0.2982 -0.0058
vn 0.9872 -0.1592 -0.0031
vn -0.2110 0.1566 -0.9649
vn -0.6580 0.4586 -0.5973
vn 0.1553 0.7984 -0.5818
vn 0.2395 0.5579 -0.7946
vn -0.4237 0.2563 -0.8688
vn 0.7051 0.3734 -0.6029
vn 0.3927 -0.6663 -0.6339
vn 0.4229 -0.1094 -0.8996
vn -0.2654 -0.4758 -0.8386
vn -0.4973 -0.5429 -0.6767
vn 0.3905 0.5919 0.7051
vn 0.3833 0.5804 0.7184
vn 0.0124 0.6338 0.7734
vn -0.3296 -0.1390 0.9338
vn -0.3834 0.8450 0.3729
vn -0.4973 -0.5686 0.6553
vn 0.4803 -0.8770 -0.0169
vn 0.8462 -0.5327 -0.0103
vn -0.0070 -0.9998 -0.0193
vn -0.3442 -0.9387 -0.0181
vn -0.2483 -0.9685 -0.0187
vn -0.8321 -0.5546 -0.0107
vn 0.4626 -0.8864 -0.0171
vn 0.9650 0.2622 0.0051
vn 0.8536 -0.5209 -0.0100
vn 0.5010 -0.8653 -0.0167
vn 0.9988 -0.0499 -0.0010
vn 0.5421 0.8401 0.0162
vn -0.8706 0.4920 0.0095
vn -0.4957 0.8683 0.0167
vn 0.0191 0.9996 0.0193
vn 0.1936 0.9809 0.0189
vn 0.7260 0.6876 0.0133
vn -0.8147 -0.5798 -0.0112
vn -0.9990 0.0454 0.0009
vn -0.2841 -0.9586 -0.0185
vn -0.9268 0.3754 0.0072
vn -0.8370 0.5471 0.0106
vn -0.7786 -0.6274 -0.0121
vn -0.6668 -0.7451 -0.0144
vn 0.0000 0.9998 0.0193
vn -0.4920 0.0168 -0.8705
vn 0.5000 0.0167 -0.8659
vn -1.0000 0.0000 0.0000
vn -0.8660 0.0096 -0.4999
vn -0.5000 -0.0167 0.8659
vn -0.8660 -0.0096 0.4999
vn 0.5000 -0.0167 0.8659
vn 1.0000 -0.0002 0.0093
vn 0.8660 -0.0096 0.4999
vn 0.8660 0.0096 -0.4999
vn -0.5000 0.0167 -0.8659
vn -1.0000 0.0000 -0.0000
vn -0.5263 -0.0164 0.8502
vn 0.5263 -0.0164 0.8502
vn 1.0000 -0.0000 -0.0000
vn 0.5303 0.5193 0.6701
vn 0.4567 0.8695 0.1882
vn -0.7101 -0.6724 0.2090
vn 0.3738 0.6986 0.6101
vn 0.3684 0.6991 0.6128
vn 0.3726 0.6987 0.6107
vn 0.3782 0.6982 0.6078
vn 0.5344 0.5088 -0.6749
vn 0.5255 0.5006 -0.6879
vn 0.6613 0.7186 -0.2153
vn 0.6521 0.1774 0.7371
vn 0.5127 -0.3751 -0.7723
vn -0.7800 0.6216 -0.0720
vn 0.8790 -0.4742 0.0499
vn 0.8754 -0.4809 0.0495
vn 0.8850 -0.4629 0.0506
vn 0.8864 -0.4601 0.0508
vn -0.8788 0.4746 -0.0495
vn -0.8871 0.4589 -0.0505
vn -0.8855 0.4619 -0.0503
vn -0.8747 0.4822 -0.0490
vn 0.2063 0.2568 -0.9442
vn 0.4501 0.6887 -0.5684
vn 0.2070 0.2513 -0.9455
vn -0.5764 -0.7892 0.2121
vn 0.2791 0.7603 0.5866
vn 0.2722 0.7598 0.5904
vn 0.2777 0.7602 0.5874
vn 0.2849 0.7606 0.5833
vn 0.3941 -0.0350 -0.9184
vn 0.7442 0.2340 -0.6256
vn -0.7716 -0.6085 0.1852
vn -0.7708 -0.6094 0.1858
vn -0.7735 -0.6066 0.1838
vn -0.7744 -0.6057 0.1831
vn 0.4322 0.6350 0.6403
vn 0.8909 0.4072 -0.2012
vn 0.8804 0.4360 -0.1865
vn 0.8634 0.5043 -0.0163
vn 0.6047 -0.0359 0.7957
vn 0.4133 -0.5396 -0.7335
vn -0.4751 0.8727 -0.1126
vn 0.6531 -0.0409 0.7562
vn 0.3455 -0.5665 -0.7481
vn -0.4570 0.8835 -0.1032
vn 0.7877 -0.6121 0.0691
vn 0.7831 -0.6181 0.0685
vn 0.7947 -0.6030 0.0700
vn 0.7966 -0.6004 0.0703
vn -0.7875 0.6125 -0.0687
vn -0.7973 0.5995 -0.0700
vn -0.7952 0.6024 -0.0697
vn -0.7823 0.6191 -0.0681
vn 0.2499 0.1501 -0.9566
vn 0.2502 0.1568 -0.9554
vn 0.5167 0.8281 -0.2173
vn 0.6131 0.2078 0.7622
vn 0.5660 -0.3219 -0.7590
vn -0.8200 0.5654 -0.0893
vn 0.6225 0.2497 0.7417
vn 0.5492 -0.3680 -0.7503
vn -0.8223 0.5576 -0.1133
vn 0.9247 0.0152 0.3805
vn 0.8375 -0.3610 -0.4103
vn 0.3777 -0.1890 -0.9064
vn 0.3987 0.5409 -0.7405
vn 0.2525 0.9198 -0.3003
vn 0.9242 -0.3808 0.0298
vn 0.3778 -0.5700 -0.7297
vn -0.4866 0.8604 -0.1516
vn 0.5372 0.5077 0.6735
vn 0.4888 0.8533 0.1816
vn 0.5372 0.5077 0.6736
vn 0.9193 -0.0148 0.3933
vn 0.8309 -0.3936 -0.3933
vn 0.3895 -0.2115 -0.8964
vn 0.4379 0.5165 -0.7358
vn 0.3002 0.9034 -0.3063
vn 0.9096 -0.4128 0.0471
vn 0.5731 0.4682 0.6726
vn 0.4547 0.8446 0.2826
vn 0.9534 -0.0101 0.3016
vn 0.7852 -0.3286 -0.5249
vn 0.3190 -0.1043 -0.9420
vn 0.3543 0.6351 -0.6864
vn 0.2207 0.9628 -0.1560
vn 0.9090 -0.4001 -0.1168
vn 0.4826 -0.8640 0.1438
vn 0.5356 -0.8320 0.1448
vn 0.6633 0.5554 0.5016
vn 0.3306 -0.9336 0.1382
vn -0.6545 0.7518 -0.0803
vn -0.6589 0.7479 -0.0810
vn -0.6578 0.7488 -0.0808
vn -0.6521 0.7539 -0.0799
vn 0.4873 0.2036 -0.8492
vn 0.3733 -0.9164 0.1442
vn 0.4803 -0.8639 0.1517
vn -0.2249 0.9579 -0.1786
vn -0.3026 0.9349 -0.1856
vn -0.2946 0.9376 -0.1849
vn -0.1993 0.9640 -0.1760
vn 0.5736 -0.0002 -0.8192
vn 0.5905 0.0233 -0.8067
vn 0.8309 0.2532 -0.4954
vn 0.6421 0.1007 -0.7600
vn -0.9246 -0.3613 0.1208
vn -0.9232 -0.3639 0.1234
vn -0.9260 -0.3586 0.1182
vn -0.9273 -0.3559 0.1155
vn 0.8559 0.4602 0.2358
vn 0.8190 0.4842 0.3077
vn 0.6013 0.4893 0.6318
vn 0.6915 0.4573 0.5592
vn 0.9163 0.3795 -0.1281
vn 0.5339 -0.0423 0.8445
vn 0.5456 -0.4579 -0.7018
vn -0.4743 0.8732 -0.1118
vn 0.6308 0.0460 0.7746
vn 0.4754 -0.4931 -0.7285
vn -0.5431 0.8296 -0.1294
vn 0.6830 0.0415 0.7292
vn 0.8129 0.0066 -0.5823
vn -0.8244 0.4711 0.3137
vn -0.7646 0.2010 -0.6124
vn -0.8992 0.0985 -0.4263
vn -0.8794 0.3460 0.3271
vn -0.3450 -0.0791 0.9353
vn -0.3404 0.3859 0.8574
vn -0.6557 0.4568 -0.6012
vn -0.6856 0.7059 0.1782
vn -0.4933 0.8226 -0.2827
vn -0.2721 0.9622 0.0140
vn -0.9758 0.1839 0.1181
vn -0.9307 0.3650 0.0245
vn -0.7204 0.6896 -0.0740
vn -0.3743 0.9010 -0.2193
vn -0.9699 0.2064 0.1294
vn 0.8457 -0.4607 0.2692
vn 0.9146 -0.3435 -0.2132
vn 0.7656 -0.6229 -0.1608
vn 0.7262 -0.6466 0.2336
vn 0.3973 -0.1771 -0.9004
vn 0.0886 -0.5001 -0.8614
vn -0.5918 0.3949 -0.7028
vn -0.7094 -0.1738 -0.6831
vn -0.8011 0.5497 0.2369
vn -0.9638 0.0355 0.2643
vn 0.1524 -0.1986 0.9682
vn -0.0407 -0.5396 0.8409
vn -0.3938 -0.4432 0.8053
vn -0.2643 0.0573 0.9627
vn 0.1484 0.1064 0.9832
vn 0.8992 -0.3915 0.1954
vn 0.8441 -0.5024 -0.1871
vn 0.8263 -0.0503 -0.5610
vn 0.1534 -0.3851 -0.9101
vn -0.5634 -0.5959 -0.5722
vn -0.4231 -0.3484 -0.8364
vn -0.2538 0.9665 -0.0371
vn 0.0840 0.9009 0.4258
vn 0.6803 -0.7211 -0.1310
vn 0.2513 -0.6446 -0.7220
vn -0.1724 0.0767 -0.9820
vn -0.2104 0.7488 -0.6285
vn 0.1333 0.3374 -0.9319
vn 0.2893 -0.3136 -0.9044
vn 0.7271 -0.6530 0.2119
vn 0.6500 -0.7299 0.2115
vn 0.5441 -0.1638 0.8229
vn 0.1566 -0.2607 0.9526
vn 0.1824 -0.0194 0.9830
vn -0.4739 0.2882 0.8321
vn 0.4113 0.4019 0.8181
vn -0.2523 0.6697 0.6985
vn 0.7071 0.1427 0.6925
vn 0.8864 -0.4357 0.1563
vn 0.7993 -0.5620 -0.2129
vn -0.0480 -0.2246 -0.9733
vn -0.1012 -0.2543 -0.9618
vn -0.1008 -0.2542 -0.9619
vn 0.1629 0.9638 -0.2113
vn 0.6564 0.5379 0.5290
vn 0.6267 0.3661 -0.6880
vn 0.3124 0.9345 0.1708
vn 0.4808 0.7941 -0.3718
vn 0.9958 0.0255 -0.0874
vn 0.9658 -0.2513 0.0634
vn 0.6880 0.7128 0.1364
vn 0.9143 -0.1432 -0.3788
vn 0.7846 0.4774 -0.3956
vn 0.7165 0.5305 -0.4530
vn 0.9404 0.0024 -0.3399
vn 0.9676 -0.1065 -0.2290
vn -0.1026 -0.2543 -0.9617
vn 0.9078 -0.3728 0.1921
vn 0.7157 -0.6975 -0.0361
vn 0.6815 -0.7137 -0.1619
vn 0.6157 -0.7879 -0.0069
vn 0.9427 -0.2239 0.2472
vn -0.5975 -0.3215 0.7346
vn -0.5752 -0.6392 0.5105
vn -0.1616 -0.9594 0.2312
vn -0.1536 -0.9468 0.2828
vn -0.3972 -0.2948 0.8691
vn -0.3317 -0.8953 0.2973
vn -0.7532 -0.5866 0.2977
vn 0.2200 -0.9516 0.2146
vn 0.3129 -0.9486 0.0462
vn -0.8791 0.0561 0.4733
vn -0.8836 0.2312 0.4073
vn -0.9281 0.3639 -0.0788
vn 0.2814 0.9211 -0.2690
vn 0.0007 0.9146 -0.4044
vn -0.7288 -0.6143 0.3025
vn -0.5809 -0.7704 0.2629
vn -0.9073 -0.3745 0.1912
vn 0.0233 -0.2044 -0.9786
vn 0.0062 -0.2007 -0.9796
vn 0.0383 -0.1962 -0.9798
vn 0.0275 -0.1963 -0.9802
vn -0.3614 -0.2045 0.9097
vn -0.9515 -0.2308 -0.2036
vn -0.3373 -0.6088 -0.7180
vn -0.4386 0.2561 0.8614
vn 0.2238 0.4193 0.8798
vn -0.8734 -0.0021 0.4869
vn 0.3164 -0.8696 -0.3790
vn -0.4238 -0.7913 -0.4408
vn 0.9017 -0.4242 -0.0841
vn -0.1407 -0.2545 -0.9568
vn -0.1303 -0.2173 -0.9674
vn -0.0309 -0.0915 -0.9953
vn -0.1500 -0.2366 -0.9600
vn -0.1528 -0.2291 -0.9613
vn -0.1578 -0.2568 -0.9535
vn 0.2152 0.9746 0.0627
vn 0.2921 0.9559 0.0298
vn 0.2283 0.9632 0.1415
vn 0.3666 0.9298 0.0330
vn 0.9002 0.0304 -0.4343
vn 0.7074 -0.3135 -0.6334
vn 0.2962 0.9551 0.0021
vn 0.9060 0.4167 -0.0738
vn 0.9927 -0.1134 0.0421
vn 0.8844 0.0106 -0.4667
vn 0.9510 -0.0436 -0.3060
vn 0.9453 -0.2623 -0.1939
vn 0.9507 -0.1936 0.2422
vn 0.4230 -0.2154 -0.8802
vn 0.6532 -0.3020 -0.6944
vn 0.8368 -0.1826 -0.5162
vn 0.8936 -0.1725 -0.4145
vn 0.5196 0.3631 0.7734
vn 0.2962 0.4068 0.8642
vn 0.4754 0.3338 0.8140
vn -0.7824 -0.6004 -0.1651
vn -0.9701 0.0956 0.2230
vn -0.8235 0.5101 0.2483
vn -0.5655 -0.7529 -0.3368
vn 0.3260 -0.8977 -0.2965
vn 0.1679 -0.9834 -0.0687
vn -0.6264 -0.7458 0.2269
vn -0.1458 -0.9266 0.3466
vn 0.8690 -0.3794 -0.3177
vn 0.9505 -0.1101 0.2906
vn 0.8916 -0.0629 -0.4485
vn -0.7971 -0.3715 0.4761
vn -0.9817 0.1762 -0.0725
vn -0.9885 -0.1236 -0.0869
vn -0.1587 -0.9550 0.2507
vn 0.3845 -0.7533 0.5335
vn 0.3646 -0.9162 0.1664
vn -0.5039 0.7514 0.4260
vn -0.7592 0.6370 0.1337
vn -0.1023 0.9414 0.3214
vn -0.8215 0.5516 -0.1443
vn -0.7019 0.1858 -0.6876
vn -0.8743 0.4647 -0.1404
vn -0.2263 -0.9732 0.0412
vn -0.1732 -0.9819 0.0761
vn 0.4586 -0.7488 0.4785
vn -0.2561 -0.9656 0.0445
vn 0.9366 -0.2197 0.2730
vn 0.7458 -0.2199 0.6289
vn 0.9488 -0.1902 0.2522
vn -0.2562 0.9117 -0.3211
vn -0.1302 0.8507 -0.5094
vn -0.0764 0.8121 -0.5785
vn 0.2257 0.9153 -0.3335
vn 0.0982 0.9887 0.1131
vn -0.8882 0.1131 -0.4452
vn -0.8120 -0.1992 -0.5485
vn -0.8437 -0.1367 -0.5192
vn -0.8914 0.2104 -0.4015
vn -0.1972 -0.9730 0.1196
vn 0.1760 -0.5683 0.8038
vn 0.3618 0.2788 0.8896
vn 0.2915 0.7617 0.5787
vn 0.1465 0.7497 -0.6453
vn 0.5193 0.7769 -0.3560
vn -0.8848 -0.4515 0.1151
vn -0.4828 -0.6642 0.5707
vn 0.8911 -0.4028 0.2092
vn 0.9207 -0.3625 0.1445
vn 0.1362 -0.5465 0.8263
vn 0.6686 -0.7060 0.2337
vn -0.5772 -0.3908 0.7170
vn -0.0924 -0.5140 0.8528
vn -0.7902 0.2412 0.5634
vn -0.9011 0.1990 0.3853
vn -0.9333 -0.2622 0.2454
vn -0.4626 -0.7271 -0.5073
vn -0.9580 0.2598 0.1216
vn -0.2263 -0.7908 -0.5687
vn -0.1521 -0.5929 0.7908
vn 0.6971 0.6853 0.2107
vn -0.0968 0.7545 0.6491
vn 0.8138 0.5762 0.0751
vn 0.9386 -0.2705 0.2140
vn 0.7794 -0.6254 0.0376
vn -0.7332 -0.5416 0.4112
vn -0.8122 0.3428 0.4721
vn -0.4533 0.6940 0.5594
vn 0.1763 0.2364 0.9555
vn -0.0995 0.3107 0.9453
vn -0.1386 0.0572 0.9887
vn 0.0731 -0.0344 0.9967
vn 0.3344 0.1347 0.9327
vn -0.1979 0.8243 0.5304
vn 0.7520 0.3027 0.5856
vn -0.4333 0.1426 -0.8899
vn 0.0168 -0.0669 -0.9976
vn -0.1511 -0.0370 0.9878
vn -0.2440 -0.0318 0.9693
vn 0.1128 -0.0261 0.9933
vn -0.0566 0.0677 0.9961
vn 0.5553 -0.8311 -0.0308
vn 0.5533 -0.2761 0.7859
vn 0.5190 -0.2688 0.8114
vn -0.2719 -0.9610 0.0510
vn -0.2723 -0.9611 0.0466
vn -0.2798 -0.9596 0.0308
vn -0.2661 -0.9626 0.0513
vn -0.2247 -0.9691 0.1018
vn -0.2295 -0.9699 0.0820
vn 0.5065 -0.1800 0.8432
vn -0.1065 0.4810 0.8702
vn 0.5798 0.8028 -0.1394
vn 0.7413 0.2183 0.6347
vn -0.3865 0.7648 -0.5154
vn 0.5060 0.8505 -0.1437
vn 0.1178 -0.0080 -0.9930
vn 0.1111 0.0002 -0.9938
vn 0.1195 -0.0101 -0.9928
vn 0.1254 -0.0174 -0.9920
vn 0.7079 -0.3705 0.6013
vn -0.2397 -0.9701 0.0385
vn -0.1502 -0.9874 0.0502
vn -0.3515 0.0300 -0.9357
vn 0.9214 -0.2641 -0.2852
vn 0.9728 0.1407 -0.1842
vn 0.8633 0.0341 -0.5036
vn -0.6428 -0.5702 -0.5116
vn -0.8308 -0.2036 -0.5179
vn -0.2679 -0.8825 -0.3865
vn 0.2965 0.9477 0.1185
vn 0.3066 0.9453 0.1110
vn 0.1983 0.9738 -0.1113
vn 0.2922 0.9486 0.1217
vn 0.4017 -0.1293 -0.9066
vn 0.0831 -0.0378 -0.9958
vn -0.1399 -0.5746 -0.8064
vn 0.1471 -0.6304 -0.7622
vn 0.4028 -0.1441 -0.9039
vn -0.2990 -0.9459 -0.1259
vn -0.3074 -0.9364 -0.1695
vn -0.2657 0.0888 0.9600
vn -0.1132 0.0306 0.9931
vn -0.1066 0.0307 0.9938
vn -0.2519 0.1000 0.9626
vn -0.1061 -0.5204 0.8473
vn 0.5145 -0.2678 0.8146
vn 0.4269 0.8890 0.1659
vn -0.3104 0.4167 -0.8544
vn -0.3081 -0.9448 -0.1117
vn -0.1081 -0.3866 -0.9159
vn 0.0642 -0.0076 0.9979
vn 0.5673 -0.1538 0.8090
vn 0.5672 -0.1539 0.8091
vn 0.1064 0.9314 0.3481
vn 0.3460 0.8719 0.3464
vn 0.2712 0.8989 0.3440
vn 0.0800 0.9268 0.3669
vn 0.4062 -0.2128 -0.8886
vn 0.4283 -0.2449 -0.8698
vn -0.3072 0.1759 0.9352
vn -0.3181 0.1751 0.9317
vn -0.2816 0.1777 0.9429
vn 0.4630 0.8245 0.3252
vn 0.4576 0.8105 0.3656
vn -0.8129 -0.1076 -0.5723
vn 0.8244 0.5234 0.2153
vn 0.8992 0.0131 -0.4373
vn 0.7646 0.0771 -0.6399
vn 0.8794 0.4034 0.2530
vn 0.3450 0.1057 0.9326
vn 0.3404 0.5465 0.7652
vn 0.6856 0.7271 0.0365
vn 0.6557 0.3301 -0.6791
vn 0.4933 0.7513 -0.4384
vn 0.9758 0.2035 0.0798
vn 0.2721 0.9463 -0.1748
vn 0.9307 0.3627 -0.0475
vn 0.3743 0.8406 -0.3916
vn 0.7204 0.6617 -0.2077
vn 0.9699 0.2278 0.0864
vn -0.8457 -0.3991 0.3542
vn -0.7656 -0.6423 -0.0357
vn -0.9146 -0.3787 -0.1418
vn -0.7262 -0.5883 0.3558
vn -0.0886 -0.6592 -0.7467
vn -0.3973 -0.3501 -0.8483
vn 0.5918 0.2495 -0.7665
vn 0.7094 -0.3043 -0.6358
vn 0.8011 0.5854 0.1246
vn 0.9638 0.0866 0.2522
vn -0.1524 -0.0050 0.9883
vn 0.3938 -0.2769 0.8765
vn 0.0407 -0.3644 0.9304
vn 0.2643 0.2449 0.9328
vn -0.1484 0.2970 0.9433
vn -0.8992 -0.3456 0.2683
vn -0.8441 -0.5293 -0.0850
vn -0.8263 -0.1592 -0.5403
vn -0.1534 -0.5559 -0.8170
vn 0.4231 -0.5055 -0.7520
vn 0.5634 -0.6965 -0.4443
vn -0.0840 0.9669 0.2411
vn 0.2538 0.9405 -0.2258
vn -0.2513 -0.7736 -0.5817
vn -0.6803 -0.7328 0.0129
vn 0.1724 -0.1172 -0.9780
vn 0.2104 0.6112 -0.7630
vn -0.1333 0.1482 -0.9799
vn -0.2893 -0.4848 -0.8254
vn -0.7271 -0.5988 0.3358
vn -0.6500 -0.6743 0.3505
vn -0.5441 0.0006 0.8390
vn -0.1824 0.1736 0.9678
vn -0.1566 -0.0689 0.9853
vn 0.4739 0.4456 0.7595
vn -0.4113 0.5544 0.7235
vn 0.2523 0.7936 0.5537
vn -0.7071 0.2757 0.6512
vn -0.7993 -0.5928 -0.0987
vn -0.8864 -0.3967 0.2386
vn 0.0480 -0.4109 -0.9104
vn 0.1008 -0.4378 -0.8934
vn 0.1012 -0.4378 -0.8934
vn -0.1629 0.9037 -0.3960
vn -0.6564 0.6311 0.4133
vn -0.6267 0.2242 -0.7463
vn -0.3124 0.9498 -0.0156
vn -0.4808 0.7059 -0.5202
vn -0.9958 0.0079 -0.0907
vn -0.6880 0.7257 -0.0059
vn -0.9658 -0.2340 0.1114
vn -0.9143 -0.2147 -0.3434
vn -0.7846 0.3906 -0.4815
vn -0.9404 -0.0642 -0.3338
vn -0.7165 0.4315 -0.5482
vn -0.9676 -0.1493 -0.2037
vn 0.1026 -0.4378 -0.8932
vn -0.9078 -0.3279 0.2615
vn -0.7157 -0.6911 0.1013
vn -0.6815 -0.7316 -0.0189
vn -0.6157 -0.7740 0.1476
vn -0.9427 -0.1712 0.2862
vn 0.5975 -0.1713 0.7834
vn 0.5752 -0.5267 0.6259
vn 0.1536 -0.8730 0.4629
vn 0.1616 -0.8955 0.4147
vn 0.3972 -0.1188 0.9100
vn 0.3317 -0.8197 0.4669
vn 0.7532 -0.5169 0.4069
vn -0.2200 -0.8911 0.3969
vn -0.3129 -0.9212 0.2312
vn 0.8791 0.1478 0.4531
vn 0.8836 0.3065 0.3541
vn 0.9281 0.3414 -0.1486
vn -0.2814 0.8505 -0.4443
vn -0.0007 0.8176 -0.5757
vn 0.7288 -0.5431 0.4170
vn 0.5809 -0.7039 0.4088
vn 0.9073 -0.3297 0.2608
vn -0.0233 -0.3922 -0.9196
vn -0.0382 -0.3844 -0.9224
vn -0.0062 -0.3888 -0.9213
vn -0.0275 -0.3846 -0.9227
vn 0.3614 -0.0222 0.9322
vn 0.9515 -0.2662 -0.1544
vn 0.3373 -0.7377 -0.5848
vn 0.4386 0.4199 0.7945
vn -0.2238 0.5835 0.7806
vn 0.8734 0.0934 0.4779
vn -0.3164 -0.9270 -0.2012
vn 0.4238 -0.8623 -0.2772
vn -0.9017 -0.4324 0.0007
vn 0.1407 -0.4370 -0.8884
vn 0.0309 -0.2848 -0.9581
vn 0.1303 -0.4026 -0.9060
vn 0.1500 -0.4201 -0.8950
vn 0.1528 -0.4131 -0.8978
vn 0.1578 -0.4387 -0.8847
vn -0.2152 0.9680 -0.1295
vn -0.2921 0.9432 -0.1581
vn -0.2283 0.9723 -0.0500
vn -0.3666 0.9182 -0.1498
vn -0.9002 -0.0553 -0.4319
vn -0.7074 -0.4316 -0.5597
vn -0.2962 0.9370 -0.1851
vn -0.9060 0.3942 -0.1540
vn -0.9927 -0.1030 0.0635
vn -0.8844 -0.0810 -0.4597
vn -0.9453 -0.2952 -0.1387
vn -0.9510 -0.1027 -0.2916
vn -0.9507 -0.1424 0.2754
vn -0.4230 -0.3837 -0.8209
vn -0.6532 -0.4322 -0.6217
vn -0.8368 -0.2802 -0.4705
vn -0.8936 -0.2504 -0.3726
vn -0.5196 0.5076 0.6873
vn -0.4754 0.4868 0.7328
vn -0.2962 0.5682 0.7677
vn 0.7824 -0.6212 -0.0443
vn 0.8235 0.5489 0.1435
vn 0.9701 0.1375 0.2000
vn 0.5655 -0.8043 -0.1828
vn -0.3260 -0.9384 -0.1148
vn 0.6264 -0.6868 0.3687
vn -0.1679 -0.9778 0.1253
vn 0.1458 -0.8407 0.5214
vn -0.8690 -0.4343 -0.2372
vn -0.9505 -0.0510 0.3065
vn -0.8916 -0.1496 -0.4274
vn 0.7971 -0.2710 0.5397
vn 0.9817 0.1585 -0.1056
vn 0.9885 -0.1383 -0.0610
vn 0.1587 -0.8873 0.4330
vn -0.3646 -0.8658 0.3427
vn -0.3845 -0.6342 0.6708
vn 0.5039 0.8203 0.2705
vn 0.1023 0.9861 0.1307
vn 0.7592 0.6508 0.0063
vn 0.8215 0.5126 -0.2496
vn 0.7019 0.0475 -0.7107
vn 0.8743 0.4282 -0.2288
vn 0.2263 -0.9462 0.2311
vn -0.4586 -0.6406 0.6159
vn 0.1732 -0.9480 0.2670
vn 0.2561 -0.9382 0.2329
vn -0.9366 -0.1620 0.3107
vn -0.7458 -0.0924 0.6598
vn -0.9488 -0.1371 0.2846
vn 0.2562 0.8311 -0.4936
vn 0.0764 0.6830 -0.7264
vn 0.1302 0.7344 -0.6662
vn -0.2257 0.8322 -0.5064
vn -0.0982 0.9917 -0.0829
vn 0.8882 0.0236 -0.4588
vn 0.8437 -0.2358 -0.4823
vn 0.8120 -0.3029 -0.4989
vn 0.8914 0.1276 -0.4349
vn 0.1972 -0.9307 0.3079
vn -0.1760 -0.3998 0.8996
vn -0.3618 0.4477 0.8177
vn -0.2915 0.8603 0.4182
vn -0.1465 0.6087 -0.7797
vn -0.5193 0.6921 -0.5013
vn 0.8848 -0.4202 0.2014
vn 0.4828 -0.5395 0.6898
vn -0.8911 -0.3540 0.2840
vn -0.9207 -0.3272 0.2127
vn -0.1362 -0.3740 0.9174
vn -0.6686 -0.6465 0.3675
vn 0.5772 -0.2427 0.7797
vn 0.0924 -0.3370 0.9370
vn 0.7902 0.3469 0.5052
vn 0.9011 0.2706 0.3389
vn 0.9333 -0.2090 0.2920
vn 0.4626 -0.8124 -0.3550
vn 0.9580 0.2786 0.0683
vn 0.2263 -0.8869 -0.4027
vn 0.1521 -0.4264 0.8917
vn -0.6971 0.7133 0.0723
vn 0.0968 0.8671 0.4887
vn -0.8138 0.5798 -0.0393
vn -0.9386 -0.2233 0.2629
vn -0.7794 -0.6059 0.1594
vn 0.7332 -0.4506 0.5093
vn 0.8122 0.4287 0.3957
vn 0.4533 0.7901 0.4126
vn -0.1763 0.4191 0.8907
vn 0.0995 0.4899 0.8661
vn 0.1386 0.2498 0.9583
vn -0.0731 0.1616 0.9841
vn -0.3344 0.3149 0.8883
vn 0.1979 0.9123 0.3586
vn -0.7520 0.4116 0.5149
vn 0.4333 -0.0346 -0.9006
vn -0.0168 -0.2611 -0.9652
vn 0.1511 0.1573 0.9759
vn -0.1128 0.1690 0.9791
vn 0.2440 0.1588 0.9567
vn 0.0566 0.2616 0.9635
vn -0.5553 -0.8210 0.1326
vn -0.5190 -0.1045 0.8484
vn -0.5533 -0.1168 0.8248
vn 0.2723 -0.9333 0.2340
vn 0.2719 -0.9323 0.2383
vn 0.2798 -0.9349 0.2182
vn 0.2661 -0.9339 0.2389
vn 0.2295 -0.9350 0.2705
vn 0.2247 -0.9304 0.2897
vn -0.5065 -0.0113 0.8622
vn 0.1065 0.6422 0.7591
vn -0.5798 0.7599 -0.2940
vn -0.7413 0.3385 0.5796
vn 0.3865 0.6490 -0.6553
vn -0.5060 0.8058 -0.3076
vn -0.1178 -0.2024 -0.9722
vn -0.1195 -0.2045 -0.9716
vn -0.1111 -0.1946 -0.9746
vn -0.1254 -0.2115 -0.9693
vn -0.7079 -0.2455 0.6623
vn 0.2397 -0.9437 0.2279
vn 0.1502 -0.9584 0.2427
vn 0.3515 -0.1539 -0.9235
vn -0.9214 -0.3149 -0.2279
vn -0.9728 0.1019 -0.2082
vn -0.8633 -0.0652 -0.5005
vn 0.6428 -0.6594 -0.3899
vn 0.8308 -0.3011 -0.4680
vn 0.2679 -0.9412 -0.2060
vn -0.2965 0.9525 -0.0695
vn -0.1983 0.9331 -0.3000
vn -0.3066 0.9488 -0.0764
vn -0.2922 0.9541 -0.0666
vn -0.4017 -0.3044 -0.8637
vn 0.1399 -0.7214 -0.6782
vn -0.0831 -0.2322 -0.9691
vn -0.4028 -0.3184 -0.8581
vn -0.1471 -0.7675 -0.6239
vn 0.2990 -0.9523 0.0619
vn 0.3074 -0.9514 0.0173
vn 0.2657 0.2752 0.9239
vn 0.1066 0.2249 0.9685
vn 0.1132 0.2246 0.9678
vn 0.2519 0.2866 0.9243
vn 0.1061 -0.3443 0.9329
vn -0.5145 -0.1030 0.8513
vn -0.4269 0.9042 -0.0115
vn 0.3104 0.2411 -0.9195
vn 0.3081 -0.9483 0.0756
vn 0.1081 -0.5586 -0.8224
vn -0.0642 0.1881 0.9800
vn -0.5673 0.0077 0.8235
vn -0.5672 0.0077 0.8235
vn -0.1064 0.9816 0.1589
vn -0.2712 0.9489 0.1612
vn -0.3460 0.9229 0.1688
vn -0.0800 0.9807 0.1782
vn -0.4062 -0.3828 -0.8297
vn -0.4283 -0.4106 -0.8049
vn 0.3072 0.3558 0.8826
vn 0.3181 0.3543 0.8794
vn 0.2816 0.3590 0.8898
vn -0.4576 0.8664 0.1997
vn -0.4630 0.8723 0.1574
vn 0.9561 0.2300 0.1815
vn 0.8408 -0.0149 -0.5412
vn 0.8411 -0.0147 -0.5407
vn 0.2353 -0.2110 -0.9488
vn -0.5091 -0.2494 -0.8238
vn -0.5097 -0.2493 -0.8235
vn -0.9695 -0.1045 -0.2217
vn -0.8540 0.1389 0.5014
vn -0.8543 0.1387 0.5009
vn -0.5915 0.2465 0.7677
vn 0.1310 0.3720 0.9189
vn 0.4959 0.3734 0.7840
vn 0.4965 0.3733 0.7837
vn 0.9469 -0.1426 0.2882
vn 0.6865 -0.4425 -0.5769
vn 0.6844 -0.4433 -0.5788
vn -0.2238 -0.6006 -0.7675
vn -0.2210 -0.6006 -0.7684
vn -0.8827 -0.4604 -0.0948
vn -0.8885 -0.2683 0.3724
vn -0.2055 0.0036 0.9786
vn 0.2871 0.0072 0.9579
vn 0.2843 0.0072 0.9587
vn 0.0014 0.2900 0.9570
vn 0.0023 0.4797 0.8775
vn 0.4567 0.8452 -0.2775
vn 0.4546 0.8470 -0.2754
vn 0.4643 0.8386 -0.2849
vn 0.0230 0.9529 -0.3024
vn 0.9860 0.0881 -0.1415
vn 0.9856 0.1191 -0.1200
vn 0.9794 -0.0014 -0.2019
vn 0.9775 0.2017 -0.0613
vn -0.8464 0.4933 -0.2006
vn -0.9989 0.0265 -0.0390
vn -0.9946 0.0437 -0.0943
vn -0.9999 0.0154 -0.0034
vn -0.4424 0.8512 -0.2823
vn -0.4561 0.8510 -0.2604
vn 0.0059 0.9732 0.2299
vn 0.0045 0.9524 -0.3049
vn 0.0047 0.9523 -0.3052
vn 0.0049 0.9653 0.2612
vn 0.0043 0.5987 0.8010
vn 0.0029 0.5963 0.8028
vn -0.0041 -0.8431 -0.5377
vn -0.7567 -0.6223 0.2003
vn -0.0047 -0.9524 0.3047
vn -0.7044 -0.6758 0.2173
vn -0.9801 -0.1887 0.0619
vn 0.9355 -0.3411 0.0921
vn 0.6937 -0.6921 0.1994
vn 0.6955 -0.6847 0.2180
vn 0.9928 -0.0881 -0.0809
vn -0.0452 0.2529 0.9664
vn -0.0299 0.2289 0.9730
vn -0.0625 0.2798 0.9580
vn -0.0807 0.3602 0.9294
vn 0.0021 0.4385 0.8987
vn 0.0014 0.3047 0.9524
vn 0.0018 0.3813 0.9245
vn -0.0023 -0.4580 0.8890
vn -1.0000 0.0049 -0.0001
vn -0.9504 0.2288 -0.2107
vn -0.4043 0.6674 -0.6254
vn 0.4168 0.6615 -0.6235
vn 0.4108 0.6634 -0.6254
vn -0.4102 0.6655 -0.6236
vn 1.0000 -0.0049 0.0001
vn 0.0031 0.6490 0.7607
vn 0.0040 0.8324 0.5541
vn -0.6142 0.5588 -0.5572
vn -0.1925 0.9347 -0.2988
vn 0.0002 0.0222 -0.9998
vn -0.0012 -0.2597 -0.9657
vn -0.0007 -0.1582 -0.9874
vn -0.0043 -0.8780 -0.4787
vn 0.0047 0.9524 -0.3047
vn 0.0026 0.5145 -0.8575
vn 0.0015 0.3024 -0.9532
vn -0.8502 0.1642 0.5002
vn -0.1018 -0.3027 -0.9476
vn -0.0014 -0.3047 -0.9524
vn 0.7038 -0.6769 0.2155
vn -0.0048 -0.9919 0.1270
vn 0.7511 0.4794 -0.4539
vn -0.0805 0.5393 0.8383
vn 0.9526 0.2195 -0.2106
vn 0.0032 0.6624 0.7492
vn -0.7463 0.4867 -0.4540
vn 0.0016 0.3456 0.9384
vn -0.5761 0.7351 0.3574
vn 0.0047 0.9722 0.2339
vn -0.0026 -0.5367 -0.8438
vn -0.0045 -0.9188 -0.3947
vn 0.0006 0.1084 -0.9941
vn 0.0042 0.8534 -0.5213
vn 0.0035 0.7059 -0.7083
vn -0.0047 -0.9686 0.2486
vn -0.0047 -0.9602 0.2793
vn -0.0048 -0.9815 0.1916
vn 0.9988 0.0477 0.0148
vn 0.9280 0.3228 -0.1861
vn 0.9364 0.1426 -0.3208
vn 0.9293 0.3527 -0.1094
vn 0.7455 0.6273 -0.2253
vn 0.7401 0.6332 -0.2265
vn -0.9286 0.2969 -0.2228
vn -0.6664 0.3664 -0.6493
vn -0.9195 0.2133 -0.3302
vn -0.7703 0.5598 -0.3054
vn 0.6837 0.2374 -0.6900
vn 0.8874 0.2973 -0.3522
vn 0.6784 0.2316 -0.6972
vn 0.0002 0.2731 -0.9620
vn -0.7168 0.5515 -0.4267
vn 0.6707 0.6188 -0.4091
vn 0.0215 0.5821 -0.8128
vn -0.0292 0.3158 0.9484
vn -0.9493 0.2795 -0.1438
vn -0.7949 0.5537 -0.2482
vn -0.6743 0.1747 -0.7175
vn -0.6801 0.4159 -0.6037
vn -0.7641 0.3860 -0.5169
vn -0.9988 -0.0477 -0.0148
vn 0.0406 -0.9476 0.3168
vn -0.6800 0.1575 -0.7161
vn -0.9899 0.0779 -0.1184
vn -0.8509 0.2665 -0.4527
vn 0.0474 -0.9183 -0.3932
vn 0.0427 -0.7158 -0.6970
vn 0.0428 -0.7169 -0.6958
vn -0.9927 -0.0433 -0.1130
vn -0.9871 0.1487 -0.0593
vn -0.9902 0.1178 -0.0755
vn -0.9903 -0.0145 -0.1380
vn -0.9047 0.4239 0.0420
vn -0.9264 0.3765 -0.0073
vn 0.8829 0.4689 -0.0256
vn 0.9683 0.2450 -0.0494
vn 0.9760 0.2144 -0.0373
vn 0.8221 0.5690 0.0202
vn 0.9894 0.0788 -0.1218
vn 0.9961 0.0447 -0.0756
vn 0.0214 -0.1481 -0.9887
vn 0.0215 -0.1493 -0.9886
vn -0.9605 0.0107 -0.2781
vn -0.9555 0.0076 -0.2948
vn -0.0340 0.7456 0.6655
vn -0.8975 0.2777 0.3426
vn -0.9072 0.2763 0.3174
vn 0.8593 0.3656 0.3576
vn 0.8659 0.3563 0.3511
vn 0.9633 0.1043 -0.2475
vn 0.9633 0.1009 -0.2487
vn 0.0371 -0.9365 0.3488
vn 0.6665 0.6735 -0.3196
vn -0.0422 0.9865 -0.1580
vn 0.7103 0.6975 -0.0949
vn 0.0105 0.0954 -0.9954
vn 0.9987 0.0494 0.0148
vn 0.9805 0.1750 -0.0889
vn -0.9987 -0.0494 -0.0148
vn 0.8933 0.4341 -0.1166
vn 0.3764 0.7068 -0.5989
vn -0.0381 0.9477 -0.3168
vn -0.9274 0.3452 -0.1440
vn -0.0475 0.9588 0.2801
vn -0.9292 0.3625 -0.0728
vn -0.0409 0.9760 -0.2140
vn 0.9997 0.0154 -0.0179
vn 0.9866 0.0121 0.1628
vn 0.9866 0.1236 0.1065
vn 0.9885 0.1435 0.0473
vn 0.9866 0.1627 -0.0121
vn 0.9866 0.1065 -0.1236
vn 0.9885 0.0473 -0.1435
vn 0.9885 -0.0680 -0.1349
vn 0.9885 -0.1435 -0.0473
vn 0.9866 -0.1627 0.0121
vn 0.9866 -0.1065 0.1236
vn -0.9997 0.0236 -0.0018
vn -0.9866 -0.1236 -0.1065
vn -0.9885 -0.0680 -0.1349
vn -0.9885 0.0473 -0.1435
vn -0.9885 0.1349 -0.0680
vn -0.9885 0.1435 0.0473
vn -0.9885 0.0680 0.1349
vn -0.9885 -0.0473 0.1435
vn -0.9866 -0.1065 0.1236
vn -0.9866 -0.1628 0.0121
vn 0.9997 -0.0154 0.0179
vn 0.9866 -0.0121 -0.1628
vn 0.9866 -0.1236 -0.1065
vn 0.9866 -0.1628 0.0121
vn 0.9885 -0.0473 0.1435
vn 0.9885 0.0680 0.1349
vn 0.9866 0.1628 -0.0121
vn 0.9982 0.0517 0.0309
vn 0.9976 0.0362 0.0589
vn 0.7106 0.6410 0.2901
vn 0.7817 -0.3239 -0.5330
vn 0.8475 -0.4395 -0.2978
vn -0.0004 -0.5153 -0.8570
vn -0.0026 -0.8952 -0.4456
vn -0.7816 -0.3202 -0.5353
vn -0.7743 -0.5705 -0.2739
vn -0.9976 0.0355 0.0591
vn -0.9983 0.0497 0.0299
vn -0.7055 0.3666 0.6066
vn -0.7105 0.6409 0.2906
vn 0.0000 0.5183 0.8552
vn 0.0008 0.9162 0.4007
vn 0.0000 0.8503 -0.5262
vn -0.0000 0.8503 -0.5262
vn -0.6866 0.3112 -0.6571
vn 0.6865 -0.3109 0.6573
vn 0.4987 0.4553 0.7376
vn 0.8653 0.2632 0.4266
vn 0.0003 -0.1016 0.9948
vn 0.6859 -0.7275 -0.0172
vn 0.8918 -0.2380 -0.3846
vn -0.9980 -0.0423 0.0479
vn -0.7656 0.4309 -0.4776
vn -0.9990 -0.0264 0.0361
vn -0.7676 0.3245 -0.5527
vn -0.6954 -0.4781 0.5366
vn -0.7185 -0.3494 0.6014
vn -0.0002 -0.6653 0.7466
vn -0.0000 -0.4951 0.8689
vn 0.6955 -0.4785 0.5361
vn 0.7185 -0.3489 0.6017
vn 0.7676 0.3236 -0.5532
vn 0.7761 0.0290 -0.6300
vn 0.0003 0.5115 -0.8593
vn 0.1151 -0.0339 -0.9928
vn -0.7760 0.0267 -0.6301
vn -0.4300 0.2865 -0.8562
vn -0.9982 0.0047 0.0595
vn -0.7114 -0.0340 0.7020
vn -0.0002 -0.0616 0.9981
vn 0.7114 -0.0351 0.7019
vn 0.7055 0.3681 0.6056
vn 0.0003 -0.9357 -0.3527
vn 0.5019 -0.4551 -0.7355
vn 0.4981 -0.4553 -0.7380
vn -0.4987 -0.4559 -0.7372
vn -0.5013 -0.4545 -0.7363
vn -0.8907 0.2392 0.3866
vn -0.4981 0.4563 0.7374
vn -0.5019 0.4541 0.7361
vn 0.0000 -0.8503 0.5262
vn -0.7069 0.3726 0.6012
vn 0.0000 0.5269 0.8500
vn -0.5774 0.7948 0.1868
vn -0.4381 0.7644 -0.4730
vn -0.0000 -0.9777 -0.2099
vn 0.6319 -0.7637 0.1321
vn 0.0000 -0.9854 0.1705
vn 0.7069 -0.6014 0.3722
vn -0.0000 -0.8503 0.5262
vn 1.0000 -0.0000 0.0000
vn -0.7117 0.6958 -0.0965
vn -0.9980 0.0631 -0.0089
vn -0.0001 0.9908 -0.1354
vn 0.7117 0.6963 -0.0934
vn 0.9983 0.0044 0.0588
vn 0.8824 0.2476 0.4002
vn 0.8824 -0.2476 -0.4002
vn -0.0000 0.5262 0.8504
vn 0.0000 0.5262 0.8504
vn -0.7574 0.3436 0.5553
vn -0.8824 0.2476 0.4002
vn -1.0000 -0.0000 -0.0000
vn -0.8824 -0.2476 -0.4002
vn -0.0000 -0.5262 -0.8503
vn 0.0000 -0.5262 -0.8503
vn -0.5571 -0.4370 -0.7062
vn 0.5571 -0.4370 -0.7062
vn 0.9980 0.0629 -0.0077
vn 0.7843 -0.6147 0.0835
vn 0.4307 -0.8886 -0.1575
vn 0.0005 -0.9900 0.1409
vn -0.7843 -0.6138 0.0895
vn 0.9980 -0.0419 0.0473
vn 0.9990 -0.0262 0.0361
vn 0.7657 0.4319 -0.4766
vn 0.0008 0.6719 -0.7406
vn 0.7238 0.6290 -0.2837
vn 0.9997 0.0230 -0.0083
vn 0.7524 -0.5900 0.2929
vn 0.0031 -0.8947 0.4467
vn -0.7527 -0.5925 0.2871
vn -0.9996 0.0260 -0.0098
vn -0.7237 0.6306 -0.2805
vn -0.0012 0.9137 -0.4064
vn 0.5878 0.7921 0.1644
vn 1.0000 0.0000 -0.0000
vn -0.7071 0.6013 -0.3721
vn -0.9045 0.4151 0.0977
vn 0.7071 -0.6013 0.3721
vn 0.0000 0.9734 0.2292
vn -0.5774 0.7948 0.1871
vn -0.0000 0.9734 0.2292
vn -0.8944 0.2353 0.3803
vn 0.0000 0.5262 0.8503
vn -0.5773 -0.1871 0.7948
vn -0.7976 0.3647 -0.4805
vn -0.6289 0.4905 -0.6032
vn -1.0000 -0.0000 0.0000
vn -0.0000 0.2781 -0.9606
vn -0.0000 0.6046 -0.7966
vn 0.0000 -0.7230 0.6909
vn 0.6633 -0.5410 0.5170
vn -0.0000 -0.5643 0.8256
vn 0.5946 0.0301 0.8035
vn -0.0000 0.6245 0.7810
vn 0.0000 0.9551 -0.2962
vn 0.0000 0.8837 -0.4681
vn 0.5774 0.1871 -0.7948
vn 0.7071 -0.3721 -0.6013
vn 0.5773 -0.7948 -0.1871
vn 0.5595 -0.4361 -0.7048
vn -0.0000 0.5641 -0.8257
vn 0.0000 0.5641 -0.8257
vn -0.0000 0.5262 0.8503
vn 0.5222 -0.2630 0.8113
vn -0.6762 -0.6265 0.3877
vn -0.5222 -0.2630 0.8113
vn -0.9840 -0.1516 0.0938
vn -0.6869 -0.5272 -0.5003
vn -0.6832 0.2336 0.6918
vn -0.6836 -0.6207 0.3840
vn -0.5222 -0.8434 -0.1267
vn 0.9840 -0.1516 0.0938
vn 0.6869 -0.5272 -0.5003
vn 0.6832 0.2336 0.6918
vn 0.6836 -0.6207 0.3841
vn 0.5222 -0.8434 -0.1267
vn 1.0000 0.0000 0.0000
vn -0.0000 0.5076 0.8616
vn 0.0000 0.5076 0.8616
vn -0.0000 0.9418 -0.3363
vn 0.0000 0.9005 -0.4348
vn 0.0000 0.7909 -0.6119
vn 0.0000 0.7211 -0.6928
vn 0.0000 -0.5853 -0.8108
vn 0.6762 -0.6265 0.3877
vn 0.9671 -0.0354 0.2521
vn 0.6127 -0.6947 0.3768
vn 0.6713 -0.4365 0.5990
vn -0.9807 -0.0375 0.1918
vn -0.6644 -0.6954 -0.2738
vn -0.2288 0.8177 -0.5282
vn -0.5677 0.6843 -0.4576
vn 0.9898 -0.0393 0.1370
vn 0.9982 0.0352 -0.0477
vn -0.9693 -0.0520 0.2403
vn -0.2539 -0.9670 0.0219
vn 0.9709 -0.0661 0.2302
vn -0.0000 -0.6794 0.7338
vn -0.0000 -0.8263 0.5632
vn -0.0000 0.9953 -0.0964
vn 0.0000 0.8444 -0.5358
vn -0.0000 -0.8126 -0.5828
vn 0.0000 -0.9989 -0.0461
vn 0.0000 -0.5287 0.8488
vn -0.0000 -0.5287 0.8488
vn -0.9709 -0.0661 0.2302
vn 0.9954 0.0570 -0.0771
vn 0.6866 0.3108 -0.6573
vn -0.6866 0.3109 -0.6573
vn 0.0000 0.1014 -0.9948
vn 0.6866 -0.3108 0.6573
vn 0.4981 0.4562 0.7375
vn -0.4794 0.4618 0.7463
vn 0.0000 -0.1014 0.9948
vn -0.4794 -0.4618 -0.7463
vn 0.4981 -0.4562 -0.7375
vn -0.5019 -0.4550 -0.7356
vn -0.8691 -0.2603 -0.4206
vn -0.6866 -0.3109 0.6573
vn -0.8691 0.2603 0.4206
vn -0.5019 0.4550 0.7356
vn 0.0000 -0.8504 0.5262
vn -0.0001 -1.0000 -0.0003
vn -0.3002 -0.9334 -0.1964
vn -0.2152 -0.9718 -0.0964
vn -0.3533 -0.9331 -0.0669
vn -0.2046 -0.9320 -0.2991
vn -0.1614 -0.9720 -0.1707
vn -0.0731 -0.9342 -0.3492
vn -0.0848 -0.9713 -0.2220
vn 0.0660 -0.9347 -0.3494
vn 0.0065 -0.9720 -0.2350
vn 0.1941 -0.9347 -0.2977
vn 0.0965 -0.9716 -0.2160
vn 0.2997 -0.9318 -0.2046
vn 0.1701 -0.9723 -0.1606
vn 0.3543 -0.9322 -0.0741
vn 0.2192 -0.9721 -0.0836
vn 0.3493 -0.9347 0.0658
vn 0.2347 -0.9720 0.0065
vn 0.3032 -0.9322 0.1975
vn 0.2158 -0.9716 0.0966
vn 0.2046 -0.9316 0.3005
vn 0.1612 -0.9721 0.1706
vn 0.0740 -0.9323 0.3541
vn 0.0838 -0.9719 0.2200
vn -0.0667 -0.9334 0.3527
vn -0.0066 -0.9716 0.2364
vn -0.1985 -0.9319 0.3035
vn -0.0972 -0.9713 0.2171
vn -0.2964 -0.9334 0.2021
vn -0.1698 -0.9723 0.1604
vn -0.3513 -0.9334 0.0733
vn -0.2220 -0.9713 0.0849
vn -0.2334 -0.9723 -0.0068
vn -0.9167 0.0145 -0.3994
vn -0.9733 0.1272 -0.1909
vn -0.8261 0.1267 -0.5491
vn -0.3810 0.9101 -0.1627
vn -0.3347 0.9145 -0.2272
vn -0.3968 0.9142 -0.0819
vn -0.2894 0.9104 -0.2957
vn -0.6935 0.0139 -0.7203
vn -0.2223 0.9146 -0.3377
vn -0.5523 0.1297 -0.8235
vn -0.1546 0.9098 -0.3852
vn -0.3648 0.0153 -0.9309
vn -0.0762 0.9148 -0.3966
vn -0.1956 0.1256 -0.9726
vn 0.0043 0.9108 -0.4128
vn 0.0191 0.0142 -0.9997
vn 0.0818 0.9145 -0.3963
vn 0.1923 0.1233 -0.9736
vn 0.1630 0.9098 -0.3817
vn 0.3998 0.0147 -0.9165
vn 0.2270 0.9145 -0.3348
vn 0.5497 0.1236 -0.8262
vn 0.2956 0.9104 -0.2894
vn 0.7203 0.0127 -0.6936
vn 0.3389 0.9140 -0.2229
vn 0.8234 0.1285 -0.5527
vn 0.3847 0.9100 -0.1544
vn 0.9309 0.0138 -0.3650
vn 0.3973 0.9145 -0.0761
vn 0.9720 0.1289 -0.1963
vn 0.4130 0.9107 0.0041
vn 0.9997 0.0153 0.0186
vn 0.3964 0.9144 0.0816
vn 0.9736 0.1233 0.1919
vn 0.3814 0.9099 0.1630
vn 0.9163 0.0146 0.4002
vn 0.3353 0.9143 0.2275
vn 0.8254 0.1284 0.5498
vn 0.2895 0.9103 0.2959
vn 0.6936 0.0146 0.7202
vn 0.2229 0.9140 0.3390
vn 0.5534 0.1303 0.8226
vn 0.1546 0.9099 0.3850
vn 0.3651 0.0137 0.9309
vn 0.0761 0.9143 0.3979
vn 0.1962 0.1290 0.9721
vn -0.0042 0.9107 0.4130
vn -0.0180 0.0168 0.9997
vn -0.0816 0.9145 0.3963
vn -0.1915 0.1267 0.9733
vn -0.1630 0.9099 0.3814
vn -0.4002 0.0160 0.9163
vn -0.2273 0.9144 0.3350
vn -0.5487 0.1300 0.8258
vn -0.2954 0.9106 0.2889
vn -0.7200 0.0144 0.6938
vn -0.3371 0.9150 0.2218
vn -0.8232 0.1276 0.5533
vn -0.3840 0.9103 0.1544
vn -0.9308 0.0165 0.3653
vn -0.3975 0.9144 0.0762
vn -0.9723 0.1272 0.1961
vn -0.4130 0.9107 -0.0043
vn -0.9997 0.0139 -0.0190
vn -0.4359 0.9000 -0.0040
vn -0.4283 0.9000 0.0813
vn -0.4264 0.9002 -0.0887
vn -0.4006 0.9003 -0.1701
vn -0.3592 0.9006 -0.2446
vn -0.5393 0.7577 -0.3674
vn -0.6011 0.7573 -0.2554
vn -0.7678 0.3682 -0.5244
vn -0.8545 0.3712 -0.3633
vn -0.6384 0.7582 -0.1328
vn -0.9090 0.3715 -0.1889
vn -0.7672 0.3721 -0.5224
vn -0.8530 0.3765 -0.3616
vn -0.9074 0.3751 -0.1896
vn -0.6510 0.3696 -0.6630
vn -0.4572 0.7582 -0.4649
vn -0.5097 0.3696 -0.7769
vn -0.3565 0.7601 -0.5432
vn -0.5088 0.3720 -0.7763
vn -0.6499 0.3749 -0.6612
vn -0.3479 0.3735 -0.8599
vn -0.2453 0.7553 -0.6077
vn -0.1724 0.3767 -0.9101
vn -0.1222 0.7569 -0.6420
vn -0.1723 0.3816 -0.9081
vn -0.3464 0.3805 -0.8574
vn 0.0093 0.3771 -0.9261
vn 0.0062 0.7568 -0.6536
vn 0.1896 0.3717 -0.9088
vn 0.1323 0.7591 -0.6373
vn 0.1891 0.3713 -0.9091
vn 0.0074 0.3803 -0.9249
vn 0.3624 0.3755 -0.8531
vn 0.2557 0.7566 -0.6018
vn 0.5231 0.3709 -0.7673
vn 0.3671 0.7581 -0.5390
vn 0.5224 0.3734 -0.7666
vn 0.3614 0.3801 -0.8514
vn 0.6630 0.3697 -0.6509
vn 0.4652 0.7581 -0.4570
vn 0.7790 0.3651 -0.5097
vn 0.5457 0.7577 -0.3579
vn 0.7768 0.3719 -0.5082
vn 0.6612 0.3749 -0.6499
vn 0.8581 0.3784 -0.3470
vn 0.6061 0.7568 -0.2449
vn 0.9121 0.3717 -0.1729
vn 0.6424 0.7567 -0.1217
vn 0.9108 0.3748 -0.1733
vn 0.8569 0.3818 -0.3463
vn 0.9297 0.3681 0.0084
vn 0.6520 0.7582 0.0054
vn 0.9087 0.3718 0.1896
vn 0.6369 0.7595 0.1321
vn 0.9068 0.3770 0.1886
vn 0.9285 0.3713 0.0087
vn 0.8512 0.3805 0.3614
vn 0.5984 0.7599 0.2538
vn 0.7665 0.3737 0.5223
vn 0.5404 0.7565 0.3683
vn 0.7663 0.3759 0.5210
vn 0.8514 0.3802 0.3614
vn 0.6501 0.3711 0.6631
vn 0.4584 0.7567 0.4662
vn 0.5084 0.3735 0.7759
vn 0.3579 0.7578 0.5456
vn 0.5062 0.3808 0.7738
vn 0.6488 0.3781 0.6604
vn 0.3463 0.3760 0.8595
vn 0.2445 0.7570 0.6059
vn 0.1738 0.3680 0.9134
vn 0.1211 0.7569 0.6422
vn 0.1718 0.3738 0.9114
vn 0.3469 0.3815 0.8568
vn -0.0081 0.3682 0.9297
vn -0.0053 0.7582 0.6520
vn -0.1890 0.3721 0.9087
vn -0.1324 0.7573 0.6395
vn -0.1884 0.3815 0.9050
vn -0.0088 0.3712 0.9285
vn -0.3616 0.3794 0.8516
vn -0.2556 0.7566 0.6018
vn -0.5226 0.3735 0.7664
vn -0.3678 0.7571 0.5399
vn -0.5220 0.3733 0.7669
vn -0.3617 0.3790 0.8518
vn -0.6622 0.3731 0.6498
vn -0.4654 0.7576 0.4577
vn -0.7744 0.3766 0.5085
vn -0.5451 0.7586 0.3570
vn -0.7743 0.3783 0.5073
vn -0.6614 0.3737 0.6504
vn -0.8617 0.3698 0.3474
vn -0.6062 0.7566 0.2450
vn -0.9096 0.3775 0.1734
vn -0.6418 0.7572 0.1217
vn -0.9092 0.3795 0.1715
vn -0.8597 0.3747 0.3471
vn -0.9261 0.3771 -0.0085
vn -0.6519 0.7583 -0.0058
vn -0.9248 0.3802 -0.0085
vn -0.4383 0.8988 -0.0034
vn -0.4340 0.8972 0.0821
vn -0.4300 0.8985 -0.0888
vn -0.4033 0.8988 -0.1715
vn -0.3636 0.8979 -0.2482
vn -0.0003 1.0000 0.0003
vn -0.4064 0.8988 0.1642
vn -0.3658 0.8992 0.2399
vn -0.3159 0.8968 0.3098
vn -0.2493 0.8965 0.3662
vn -0.1740 0.8959 0.4088
vn -0.0872 0.9016 0.4237
vn -0.0038 0.8987 0.4385
vn 0.0821 0.8987 0.4308
vn 0.1640 0.8989 0.4062
vn 0.2383 0.9006 0.3634
vn 0.3067 0.8992 0.3121
vn 0.3639 0.8979 0.2478
vn 0.4035 0.8989 0.1710
vn 0.4247 0.9010 0.0885
vn 0.4383 0.8988 0.0036
vn 0.4326 0.8978 -0.0819
vn 0.4088 0.8976 -0.1646
vn 0.3634 0.9007 -0.2383
vn 0.3117 0.8993 -0.3066
vn 0.2479 0.8980 -0.3634
vn 0.1710 0.8988 -0.4037
vn 0.0897 0.8979 -0.4310
vn 0.0040 0.8989 -0.4381
vn -0.0815 0.8991 -0.4300
vn -0.1638 0.8990 -0.4062
vn -0.2386 0.9006 -0.3633
vn -0.3066 0.8993 -0.3118
vn -0.4038 0.9001 0.1633
vn -0.3661 0.8992 0.2397
vn -0.3110 0.8998 0.3059
vn -0.2455 0.8999 0.3605
vn -0.1707 0.8999 0.4013
vn -0.0886 0.9001 0.4265
vn -0.0038 0.9000 0.4359
vn 0.0810 0.9004 0.4275
vn 0.1629 0.9003 0.4036
vn 0.2389 0.8999 0.3648
vn 0.3053 0.9002 0.3105
vn 0.3606 0.8998 0.2457
vn 0.4013 0.8999 0.1707
vn 0.4267 0.9001 0.0886
vn 0.4359 0.9000 0.0037
vn 0.4282 0.9001 -0.0810
vn 0.4037 0.9003 -0.1629
vn 0.3637 0.9005 -0.2382
vn 0.3100 0.9006 -0.3046
vn 0.2450 0.9003 -0.3599
vn 0.1707 0.8998 -0.4015
vn 0.0886 0.9001 -0.4266
vn 0.0038 0.8997 -0.4365
vn -0.0811 0.8994 -0.4295
vn -0.1631 0.9002 -0.4037
vn -0.2391 0.8997 -0.3651
vn -0.3047 0.9006 -0.3100
# 3687 vertex normals

vt 0.6513 0.8373 0.0000
vt 0.6537 0.8325 0.0000
vt 0.6364 0.8373 0.0000
vt 0.6384 0.8283 0.0000
vt 0.6535 0.8282 0.0000
vt 0.6536 0.8130 0.0000
vt 0.6384 0.8130 0.0000
vt 0.5867 0.7695 0.0000
vt 0.6002 0.7696 0.0000
vt 0.6001 0.8097 0.0000
vt 0.5866 0.8097 0.0000
vt 0.6406 0.7698 0.0000
vt 0.6406 0.8097 0.0000
vt 0.3534 0.6250 0.0000
vt 0.3763 0.6250 0.0000
vt 0.3642 0.5985 0.0000
vt 0.5929 0.8139 0.0000
vt 0.5836 0.8292 0.0000
vt 0.6349 0.8294 0.0000
vt 0.6260 0.8142 0.0000
vt 0.6540 0.7694 0.0000
vt 0.6539 0.8097 0.0000
vt 0.6261 0.8142 0.0000
vt 0.5932 0.8140 0.0000
vt 0.5834 0.8292 0.0000
vt 0.6351 0.8293 0.0000
vt 0.6341 0.8325 0.0000
vt 0.6538 0.8420 0.0000
vt 0.6340 0.8420 0.0000
vt 0.5226 0.7689 0.0000
vt 0.5045 0.7685 0.0000
vt 0.5046 0.8115 0.0000
vt 0.5226 0.8115 0.0000
vt 0.5820 0.7686 0.0000
vt 0.5631 0.7688 0.0000
vt 0.5632 0.8115 0.0000
vt 0.5821 0.8115 0.0000
vt 0.0534 0.7062 0.0000
vt 0.0641 0.6937 0.0000
vt 0.0614 0.6895 0.0000
vt 0.0515 0.7349 0.0000
vt 0.0557 0.7122 0.0000
vt 0.0496 0.7259 0.0000
vt 0.0603 0.7173 0.0000
vt 0.0449 0.7175 0.0000
vt 0.0381 0.7332 0.0000
vt 0.0386 0.7373 0.0000
vt 0.0351 0.7241 0.0000
vt 0.0098 0.6980 0.0000
vt 0.0133 0.6949 0.0000
vt 0.0110 0.6847 0.0000
vt 0.0339 0.6777 0.0000
vt 0.0317 0.6709 0.0000
vt 0.0243 0.6879 0.0000
vt 0.0170 0.6853 0.0000
vt 0.0117 0.6758 0.0000
vt 0.0157 0.6967 0.0000
vt 0.0085 0.7099 0.0000
vt 0.0070 0.7032 0.0000
vt 0.0734 0.6454 0.0000
vt 0.0791 0.6371 0.0000
vt 0.0730 0.6422 0.0000
vt 0.0431 0.6454 0.0000
vt 0.0391 0.6651 0.0000
vt 0.0492 0.6556 0.0000
vt 0.0508 0.6341 0.0000
vt 0.0623 0.6481 0.0000
vt 0.0565 0.6264 0.0000
vt 0.0671 0.6375 0.0000
vt 0.0426 0.6379 0.0000
vt 0.0358 0.6604 0.0000
vt 0.0729 0.5171 0.0000
vt 0.0733 0.5248 0.0000
vt 0.0716 0.5249 0.0000
vt 0.0786 0.6434 0.0000
vt 0.0252 0.7348 0.0000
vt 0.0258 0.7401 0.0000
vt 0.0381 0.7334 0.0000
vt 0.0245 0.7284 0.0000
vt 0.0352 0.7242 0.0000
vt 0.0245 0.7283 0.0000
vt 0.0199 0.7362 0.0000
vt 0.0222 0.7416 0.0000
vt 0.0166 0.7320 0.0000
vt 0.0828 0.6777 0.0000
vt 0.0883 0.6683 0.0000
vt 0.0820 0.6745 0.0000
vt 0.0897 0.6739 0.0000
vt 0.0804 0.6707 0.0000
vt 0.0858 0.6646 0.0000
vt 0.0721 0.6788 0.0000
vt 0.0736 0.6812 0.0000
vt 0.0755 0.6853 0.0000
vt 0.0677 0.6987 0.0000
vt 0.0668 0.6530 0.0000
vt 0.0572 0.6631 0.0000
vt 0.0498 0.6672 0.0000
vt 0.0332 0.6801 0.0000
vt 0.0418 0.6718 0.0000
vt 0.0134 0.6950 0.0000
vt 0.0110 0.6849 0.0000
vt 0.0171 0.6854 0.0000
vt 0.0086 0.7100 0.0000
vt 0.0099 0.6982 0.0000
vt 0.0734 0.6456 0.0000
vt 0.0792 0.6372 0.0000
vt 0.0786 0.6436 0.0000
vt 0.0565 0.6265 0.0000
vt 0.0623 0.6482 0.0000
vt 0.0508 0.6342 0.0000
vt 0.0731 0.6423 0.0000
vt 0.0253 0.7350 0.0000
vt 0.0386 0.7375 0.0000
vt 0.0259 0.7403 0.0000
vt 0.0199 0.7364 0.0000
vt 0.0223 0.7418 0.0000
vt 0.0167 0.7322 0.0000
vt 0.0828 0.6778 0.0000
vt 0.0884 0.6684 0.0000
vt 0.0897 0.6741 0.0000
vt 0.0820 0.6746 0.0000
vt 0.0805 0.6709 0.0000
vt 0.0858 0.6648 0.0000
vt 0.0722 0.6789 0.0000
vt 0.0737 0.6813 0.0000
vt 0.0755 0.6855 0.0000
vt 0.0642 0.6938 0.0000
vt 0.0678 0.6988 0.0000
vt 0.0793 0.6495 0.0000
vt 0.0171 0.7011 0.0000
vt 0.0250 0.6909 0.0000
vt 0.0111 0.7164 0.0000
vt 0.0169 0.5677 0.0000
vt 0.0030 0.5799 0.0000
vt 0.0015 0.5681 0.0000
vt 0.1741 0.5427 0.0000
vt 0.1814 0.5408 0.0000
vt 0.1784 0.5496 0.0000
vt 0.1793 0.5389 0.0000
vt 0.1736 0.5354 0.0000
vt 0.1775 0.5324 0.0000
vt 0.0065 0.6506 0.0000
vt 0.0019 0.6506 0.0000
vt 0.0020 0.6385 0.0000
vt 0.0064 0.6385 0.0000
vt 0.0065 0.6350 0.0000
vt 0.0021 0.6350 0.0000
vt 0.0065 0.6457 0.0000
vt 0.0021 0.6458 0.0000
vt 0.0112 0.6385 0.0000
vt 0.0196 0.6386 0.0000
vt 0.0116 0.6508 0.0000
vt 0.0065 0.6275 0.0000
vt 0.0114 0.6265 0.0000
vt 0.0021 0.6535 0.0000
vt 0.0065 0.6534 0.0000
vt 0.0090 0.5569 0.0000
vt 0.0023 0.5611 0.0000
vt 0.0158 0.5607 0.0000
vt 0.0020 0.6575 0.0000
vt 0.0065 0.6575 0.0000
vt 0.0020 0.6506 0.0000
vt 0.1711 0.5144 0.0000
vt 0.1792 0.5179 0.0000
vt 0.0244 0.6145 0.0000
vt 0.0315 0.6269 0.0000
vt 0.0258 0.6294 0.0000
vt 0.0301 0.6458 0.0000
vt 0.0343 0.6497 0.0000
vt 0.0065 0.6694 0.0000
vt 0.0020 0.6664 0.0000
vt 0.0145 0.5797 0.0000
vt 0.0841 0.5354 0.0000
vt 0.0835 0.5347 0.0000
vt 0.0835 0.5337 0.0000
vt 0.2043 0.9477 0.0000
vt 0.2114 0.9099 0.0000
vt 0.2207 0.9478 0.0000
vt 0.2216 0.9457 0.0000
vt 0.2043 0.9476 0.0000
vt 0.2033 0.9465 0.0000
vt 0.1810 0.5100 0.0000
vt 0.0215 0.6290 0.0000
vt 0.1865 0.5130 0.0000
vt 0.1866 0.5022 0.0000
vt 0.3069 0.5628 0.0000
vt 0.2991 0.5707 0.0000
vt 0.2986 0.5681 0.0000
vt 0.2898 0.5683 0.0000
vt 0.2905 0.5660 0.0000
vt 0.2837 0.5556 0.0000
vt 0.0185 0.6183 0.0000
vt 0.1900 0.5222 0.0000
vt 0.0450 0.7177 0.0000
vt 0.0558 0.7123 0.0000
vt 0.0497 0.7260 0.0000
vt 0.0182 0.6490 0.0000
vt 0.0205 0.6393 0.0000
vt 0.0167 0.6588 0.0000
vt 0.0302 0.6538 0.0000
vt 0.0281 0.6601 0.0000
vt 0.1941 0.5409 0.0000
vt 0.1925 0.5315 0.0000
vt 0.0349 0.6572 0.0000
vt 0.0312 0.6655 0.0000
vt 0.0862 0.5170 0.0000
vt 0.0875 0.5276 0.0000
vt 0.0856 0.5298 0.0000
vt 0.0781 0.5295 0.0000
vt 0.0807 0.5321 0.0000
vt 0.0789 0.5385 0.0000
vt 0.0773 0.5311 0.0000
vt 0.0807 0.5354 0.0000
vt 0.0822 0.5374 0.0000
vt 0.0065 0.6780 0.0000
vt 0.0064 0.6838 0.0000
vt 0.0019 0.6779 0.0000
vt 0.0848 0.5336 0.0000
vt 0.0849 0.5347 0.0000
vt 0.0860 0.5357 0.0000
vt 0.0869 0.5306 0.0000
vt 0.0891 0.5269 0.0000
vt 0.0924 0.5229 0.0000
vt 0.0935 0.5242 0.0000
vt 0.0914 0.5179 0.0000
vt 0.0935 0.5230 0.0000
vt 0.0923 0.5171 0.0000
vt 0.0917 0.5163 0.0000
vt 0.0868 0.5149 0.0000
vt 0.0856 0.5138 0.0000
vt 0.0864 0.5127 0.0000
vt 0.0803 0.5136 0.0000
vt 0.0858 0.5117 0.0000
vt 0.0801 0.5117 0.0000
vt 0.0798 0.5160 0.0000
vt 0.0795 0.5123 0.0000
vt 0.0791 0.5145 0.0000
vt 0.0745 0.5173 0.0000
vt 0.0739 0.5161 0.0000
vt 0.0721 0.5261 0.0000
vt 0.0065 0.6730 0.0000
vt 0.0020 0.6699 0.0000
vt 0.0020 0.6750 0.0000
vt 0.0036 0.5878 0.0000
vt 0.0140 0.5876 0.0000
vt 0.0092 0.5906 0.0000
vt 0.0064 0.6746 0.0000
vt 0.0020 0.6836 0.0000
vt 0.0064 0.6837 0.0000
vt 0.0020 0.6838 0.0000
vt 0.0669 0.6531 0.0000
vt 0.0573 0.6632 0.0000
vt 0.0430 0.6377 0.0000
vt 0.0358 0.6606 0.0000
vt 0.0432 0.6456 0.0000
vt 0.0392 0.6653 0.0000
vt 0.0318 0.6710 0.0000
vt 0.0339 0.6778 0.0000
vt 0.0418 0.6719 0.0000
vt 0.0499 0.6673 0.0000
vt 0.0535 0.7064 0.0000
vt 0.0794 0.6496 0.0000
vt 0.0172 0.7012 0.0000
vt 0.0250 0.6910 0.0000
vt 0.0332 0.6802 0.0000
vt 0.0111 0.7165 0.0000
vt 0.0615 0.6897 0.0000
vt 0.0493 0.6557 0.0000
vt 0.0672 0.6376 0.0000
vt 0.0244 0.6881 0.0000
vt 0.0157 0.6969 0.0000
vt 0.0604 0.7174 0.0000
vt 0.0515 0.7351 0.0000
vt 0.0118 0.6760 0.0000
vt 0.0071 0.7034 0.0000
vt 0.2203 0.9520 0.0000
vt 0.2208 0.9478 0.0000
vt 0.2114 0.9096 0.0000
vt 0.2033 0.9466 0.0000
vt 0.2042 0.9477 0.0000
vt 0.1718 0.8595 0.0000
vt 0.1739 0.8636 0.0000
vt 0.1665 0.8637 0.0000
vt 0.2207 0.9479 0.0000
vt 0.2114 0.9098 0.0000
vt 0.2114 0.9097 0.0000
vt 0.2216 0.9458 0.0000
vt 0.1773 0.8627 0.0000
vt 0.1661 0.8625 0.0000
vt 0.1753 0.8573 0.0000
vt 0.2207 0.9480 0.0000
vt 0.2216 0.9459 0.0000
vt 0.1734 0.8603 0.0000
vt 0.1735 0.8636 0.0000
vt 0.1663 0.8636 0.0000
vt 0.2839 0.5572 0.0000
vt 0.2914 0.5667 0.0000
vt 0.2907 0.5694 0.0000
vt 0.3001 0.5702 0.0000
vt 0.2996 0.5674 0.0000
vt 0.3076 0.5583 0.0000
vt 0.2045 0.9520 0.0000
vt 0.2046 0.9520 0.0000
vt 0.1683 0.8638 0.0000
vt 0.1758 0.8598 0.0000
vt 0.1673 0.8594 0.0000
vt 0.2215 0.9457 0.0000
vt 0.2042 0.9476 0.0000
vt 0.1757 0.8574 0.0000
vt 0.1646 0.8621 0.0000
vt 0.1768 0.8625 0.0000
vt 0.1695 0.8643 0.0000
vt 0.1763 0.8594 0.0000
vt 0.1677 0.8594 0.0000
vt 0.1720 0.8595 0.0000
vt 0.1667 0.8637 0.0000
vt 0.1741 0.8636 0.0000
vt 0.2207 0.9477 0.0000
vt 0.1754 0.8574 0.0000
vt 0.1663 0.8625 0.0000
vt 0.2114 0.9100 0.0000
vt 0.1735 0.8604 0.0000
vt 0.1665 0.8636 0.0000
vt 0.1736 0.8636 0.0000
vt 0.2044 0.9520 0.0000
vt 0.2204 0.9522 0.0000
vt 0.2044 0.9522 0.0000
vt 0.2043 0.9522 0.0000
vt 0.1681 0.8638 0.0000
vt 0.1671 0.8593 0.0000
vt 0.1757 0.8597 0.0000
vt 0.0452 0.8585 0.0000
vt 0.0419 0.8604 0.0000
vt 0.0421 0.8413 0.0000
vt 0.1693 0.8643 0.0000
vt 0.1675 0.8593 0.0000
vt 0.1762 0.8594 0.0000
vt 0.0571 0.5179 0.0000
vt 0.0465 0.5209 0.0000
vt 0.0507 0.5132 0.0000
vt 0.0621 0.5140 0.0000
vt 0.0412 0.5176 0.0000
vt 0.2604 0.6351 0.0000
vt 0.2466 0.6440 0.0000
vt 0.2570 0.6267 0.0000
vt 0.0607 0.5205 0.0000
vt 0.0317 0.5202 0.0000
vt 0.0337 0.5153 0.0000
vt 0.2300 0.6068 0.0000
vt 0.2487 0.6135 0.0000
vt 0.2455 0.6281 0.0000
vt 0.0406 0.5221 0.0000
vt 0.2300 0.6479 0.0000
vt 0.2300 0.6297 0.0000
vt 0.2986 0.5140 0.0000
vt 0.2988 0.5043 0.0000
vt 0.3065 0.5053 0.0000
vt 0.2393 0.5861 0.0000
vt 0.2300 0.5856 0.0000
vt 0.3065 0.5177 0.0000
vt 0.2984 0.5215 0.0000
vt 0.3065 0.4942 0.0000
vt 0.3042 0.5498 0.0000
vt 0.3082 0.5411 0.0000
vt 0.3088 0.5479 0.0000
vt 0.2979 0.5493 0.0000
vt 0.3036 0.5248 0.0000
vt 0.3077 0.5300 0.0000
vt 0.0746 0.5856 0.0000
vt 0.0736 0.5973 0.0000
vt 0.0735 0.5880 0.0000
vt 0.0810 0.5988 0.0000
vt 0.0836 0.5856 0.0000
vt 0.0823 0.5933 0.0000
vt 0.0784 0.5810 0.0000
vt 0.0809 0.5815 0.0000
vt 0.0759 0.5813 0.0000
vt 0.0768 0.6005 0.0000
vt 0.0723 0.5884 0.0000
vt 0.0727 0.5801 0.0000
vt 0.3294 0.5320 0.0000
vt 0.3241 0.5470 0.0000
vt 0.3256 0.5327 0.0000
vt 0.2571 0.6162 0.0000
vt 0.2577 0.6064 0.0000
vt 0.1083 0.4997 0.0000
vt 0.1018 0.5013 0.0000
vt 0.1017 0.4997 0.0000
vt 0.1083 0.5014 0.0000
vt 0.2863 0.5099 0.0000
vt 0.2990 0.5386 0.0000
vt 0.2852 0.5388 0.0000
vt 0.2480 0.6004 0.0000
vt 0.2873 0.5670 0.0000
vt 0.2574 0.5506 0.0000
vt 0.2429 0.5433 0.0000
vt 0.2593 0.5333 0.0000
vt 0.2821 0.5920 0.0000
vt 0.2785 0.5793 0.0000
vt 0.2875 0.5763 0.0000
vt 0.2456 0.5856 0.0000
vt 0.2565 0.5624 0.0000
vt 0.2449 0.5760 0.0000
vt 0.2561 0.5876 0.0000
vt 0.3035 0.5251 0.0000
vt 0.2705 0.5099 0.0000
vt 0.2751 0.5626 0.0000
vt 0.2743 0.5499 0.0000
vt 0.2437 0.5607 0.0000
vt 0.2430 0.5221 0.0000
vt 0.0672 0.5226 0.0000
vt 0.3115 0.5670 0.0000
vt 0.1928 0.6143 0.0000
vt 0.1966 0.6141 0.0000
vt 0.1967 0.6180 0.0000
vt 0.3220 0.5665 0.0000
vt 0.3224 0.5613 0.0000
vt 0.3262 0.5646 0.0000
vt 0.3279 0.5490 0.0000
vt 0.3300 0.5097 0.0000
vt 0.3276 0.5098 0.0000
vt 0.1984 0.6133 0.0000
vt 0.2027 0.6059 0.0000
vt 0.2015 0.6170 0.0000
vt 0.1998 0.6046 0.0000
vt 0.2032 0.5877 0.0000
vt 0.2012 0.5877 0.0000
vt 0.1987 0.5148 0.0000
vt 0.2014 0.5025 0.0000
vt 0.2012 0.5159 0.0000
vt 0.1992 0.5003 0.0000
vt 0.1986 0.5335 0.0000
vt 0.2007 0.5333 0.0000
vt 0.1999 0.5513 0.0000
vt 0.2026 0.5506 0.0000
vt 0.2009 0.5632 0.0000
vt 0.2035 0.5624 0.0000
vt 0.2188 0.5044 0.0000
vt 0.2170 0.5222 0.0000
vt 0.2159 0.5025 0.0000
vt 0.2202 0.5228 0.0000
vt 0.2991 0.5038 0.0000
vt 0.3130 0.5095 0.0000
vt 0.2990 0.5106 0.0000
vt 0.0815 0.6002 0.0000
vt 0.0728 0.5977 0.0000
vt 0.0769 0.6021 0.0000
vt 0.2588 0.5159 0.0000
vt 0.2724 0.5327 0.0000
vt 0.0712 0.6095 0.0000
vt 0.0803 0.6070 0.0000
vt 0.0768 0.6108 0.0000
vt 0.2636 0.6181 0.0000
vt 0.2985 0.4946 0.0000
vt 0.3075 0.5305 0.0000
vt 0.0622 0.5136 0.0000
vt 0.3106 0.5763 0.0000
vt 0.2884 0.5797 0.0000
vt 0.3102 0.5797 0.0000
vt 0.0186 0.6211 0.0000
vt 0.0195 0.6242 0.0000
vt 0.0175 0.6235 0.0000
vt 0.0208 0.6215 0.0000
vt 0.2131 0.6002 0.0000
vt 0.2121 0.6139 0.0000
vt 0.2134 0.6440 0.0000
vt 0.2050 0.6264 0.0000
vt 0.2145 0.6281 0.0000
vt 0.1999 0.6352 0.0000
vt 0.3129 0.5388 0.0000
vt 0.2174 0.5433 0.0000
vt 0.3204 0.5884 0.0000
vt 0.2207 0.5858 0.0000
vt 0.2151 0.5868 0.0000
vt 0.2151 0.5760 0.0000
vt 0.3238 0.5499 0.0000
vt 0.2163 0.5608 0.0000
vt 0.0827 0.5852 0.0000
vt 0.0740 0.5800 0.0000
vt 0.0832 0.5938 0.0000
vt 0.2904 0.4954 0.0000
vt 0.2905 0.5167 0.0000
vt 0.2931 0.5244 0.0000
vt 0.2889 0.5294 0.0000
vt 0.2911 0.5044 0.0000
vt 0.0620 0.5144 0.0000
vt 0.2989 0.5043 0.0000
vt 0.2911 0.5066 0.0000
vt 0.2916 0.5493 0.0000
vt 0.2871 0.5470 0.0000
vt 0.2880 0.5402 0.0000
vt 0.2888 0.5292 0.0000
vt 0.2207 0.5826 0.0000
vt 0.0178 0.6292 0.0000
vt 0.0157 0.6259 0.0000
vt 0.3124 0.5055 0.0000
vt 0.3177 0.5907 0.0000
vt 0.2129 0.6471 0.0000
vt 0.1978 0.6387 0.0000
vt 0.2298 0.6513 0.0000
vt 0.2298 0.5824 0.0000
vt 0.2160 0.5823 0.0000
vt 0.2173 0.5755 0.0000
vt 0.2184 0.5608 0.0000
vt 0.2195 0.5429 0.0000
vt 0.0142 0.6058 0.0000
vt 0.0129 0.6022 0.0000
vt 0.0146 0.6175 0.0000
vt 0.0184 0.6158 0.0000
vt 0.0944 0.5013 0.0000
vt 0.0854 0.5101 0.0000
vt 0.0854 0.5012 0.0000
vt 0.0943 0.5101 0.0000
vt 0.1016 0.5101 0.0000
vt 0.1014 0.5117 0.0000
vt 0.0764 0.5101 0.0000
vt 0.0775 0.5117 0.0000
vt 0.0766 0.5013 0.0000
vt 0.0692 0.5101 0.0000
vt 0.0693 0.5013 0.0000
vt 0.0944 0.4998 0.0000
vt 0.0854 0.4998 0.0000
vt 0.0766 0.4998 0.0000
vt 0.0693 0.4998 0.0000
vt 0.1083 0.5101 0.0000
vt 0.2441 0.5034 0.0000
vt 0.2584 0.5033 0.0000
vt 0.2696 0.6166 0.0000
vt 0.2653 0.6149 0.0000
vt 0.2718 0.5641 0.0000
vt 0.2706 0.5515 0.0000
vt 0.2695 0.5324 0.0000
vt 0.0763 0.5109 0.0000
vt 0.2680 0.5098 0.0000
vt 0.2394 0.5825 0.0000
vt 0.2433 0.5821 0.0000
vt 0.2422 0.5757 0.0000
vt 0.2407 0.5600 0.0000
vt 0.2397 0.5419 0.0000
vt 0.2403 0.5213 0.0000
vt 0.2615 0.6126 0.0000
vt 0.2605 0.6047 0.0000
vt 0.2592 0.5875 0.0000
vt 0.2611 0.5150 0.0000
vt 0.2613 0.5024 0.0000
vt 0.2615 0.5329 0.0000
vt 0.2598 0.5502 0.0000
vt 0.2594 0.5615 0.0000
vt 0.2413 0.5057 0.0000
vt 0.2857 0.5055 0.0000
vt 0.2837 0.5914 0.0000
vt 0.2469 0.6472 0.0000
vt 0.2616 0.6400 0.0000
vt 0.0086 0.5026 0.0000
vt 0.0120 0.5025 0.0000
vt 0.0101 0.5194 0.0000
vt 0.0113 0.5293 0.0000
vt 0.0130 0.5194 0.0000
vt 0.0173 0.5194 0.0000
vt 0.0058 0.5194 0.0000
vt 0.0096 0.5183 0.0000
vt 0.0114 0.5096 0.0000
vt 0.0149 0.5041 0.0000
vt 0.0179 0.5041 0.0000
vt 0.0196 0.5056 0.0000
vt 0.0020 0.5055 0.0000
vt 0.0045 0.5092 0.0000
vt 0.0081 0.5098 0.0000
vt 0.0034 0.5109 0.0000
vt 0.0057 0.5142 0.0000
vt 0.0063 0.5224 0.0000
vt 0.0102 0.5224 0.0000
vt 0.0089 0.5148 0.0000
vt 0.0119 0.5146 0.0000
vt 0.0114 0.5307 0.0000
vt 0.0129 0.5224 0.0000
vt 0.0168 0.5224 0.0000
vt 0.0161 0.5017 0.0000
vt 0.0098 0.5185 0.0000
vt 0.0120 0.5034 0.0000
vt 0.0132 0.5185 0.0000
vt 0.0196 0.5017 0.0000
vt 0.0183 0.5185 0.0000
vt 0.0216 0.5022 0.0000
vt 0.0009 0.5021 0.0000
vt 0.0038 0.5033 0.0000
vt 0.0047 0.5185 0.0000
vt 0.0081 0.5035 0.0000
vt 0.0113 0.5292 0.0000
vt 0.0155 0.4996 0.0000
vt 0.0184 0.4996 0.0000
vt 0.0201 0.5004 0.0000
vt 0.0025 0.5004 0.0000
vt 0.0050 0.5023 0.0000
vt 0.0727 0.5606 0.0000
vt 0.0741 0.5692 0.0000
vt 0.0657 0.5498 0.0000
vt 0.0731 0.5676 0.0000
vt 0.0755 0.5671 0.0000
vt 0.0745 0.5606 0.0000
vt 0.0720 0.5439 0.0000
vt 0.0710 0.5482 0.0000
vt 0.0780 0.5449 0.0000
vt 0.0752 0.5692 0.0000
vt 0.0689 0.5768 0.0000
vt 0.0771 0.5721 0.0000
vt 0.0728 0.5725 0.0000
vt 0.0696 0.5233 0.0000
vt 0.0646 0.5476 0.0000
vt 0.0625 0.5503 0.0000
vt 0.0534 0.5136 0.0000
vt 0.0478 0.5215 0.0000
vt 0.0478 0.5109 0.0000
vt 0.0527 0.5198 0.0000
vt 0.0520 0.5256 0.0000
vt 0.0479 0.5260 0.0000
vt 0.0398 0.5584 0.0000
vt 0.0421 0.5582 0.0000
vt 0.0407 0.5626 0.0000
vt 0.0544 0.5568 0.0000
vt 0.0564 0.5588 0.0000
vt 0.0533 0.5585 0.0000
vt 0.0399 0.5669 0.0000
vt 0.0363 0.5631 0.0000
vt 0.0383 0.5543 0.0000
vt 0.0502 0.5611 0.0000
vt 0.0536 0.5621 0.0000
vt 0.0586 0.5432 0.0000
vt 0.0530 0.5385 0.0000
vt 0.0586 0.5389 0.0000
vt 0.0527 0.5449 0.0000
vt 0.0537 0.5341 0.0000
vt 0.0585 0.5339 0.0000
vt 0.0587 0.5283 0.0000
vt 0.0613 0.5451 0.0000
vt 0.0618 0.5431 0.0000
vt 0.0478 0.5341 0.0000
vt 0.0608 0.5206 0.0000
vt 0.0625 0.5244 0.0000
vt 0.0604 0.5503 0.0000
vt 0.0612 0.5585 0.0000
vt 0.0587 0.5525 0.0000
vt 0.0643 0.5536 0.0000
vt 0.0668 0.5627 0.0000
vt 0.1782 0.5823 0.0000
vt 0.1739 0.5692 0.0000
vt 0.1744 0.5690 0.0000
vt 0.1918 0.5548 0.0000
vt 0.1850 0.5598 0.0000
vt 0.1776 0.5546 0.0000
vt 0.1963 0.5684 0.0000
vt 0.1958 0.5686 0.0000
vt 0.1843 0.5601 0.0000
vt 0.1733 0.5681 0.0000
vt 0.1728 0.5683 0.0000
vt 0.1849 0.5766 0.0000
vt 0.1915 0.5820 0.0000
vt 0.1841 0.5769 0.0000
vt 0.1773 0.5818 0.0000
vt 0.0102 0.5150 0.0000
vt 0.0151 0.5022 0.0000
vt 0.0129 0.5150 0.0000
vt 0.0151 0.5096 0.0000
vt 0.0178 0.5096 0.0000
vt 0.0193 0.5110 0.0000
vt 0.0507 0.5639 0.0000
vt 0.0552 0.5669 0.0000
vt 0.0589 0.5631 0.0000
vt 0.0589 0.5592 0.0000
vt 0.0571 0.5551 0.0000
vt 0.0590 0.5675 0.0000
vt 0.0330 0.5780 0.0000
vt 0.0274 0.5768 0.0000
vt 0.0329 0.5727 0.0000
vt 0.0354 0.5780 0.0000
vt 0.1918 0.5562 0.0000
vt 0.1855 0.5610 0.0000
vt 0.1784 0.5560 0.0000
vt 0.1961 0.5693 0.0000
vt 0.1956 0.5695 0.0000
vt 0.1847 0.5612 0.0000
vt 0.1853 0.5773 0.0000
vt 0.1846 0.5775 0.0000
vt 0.1916 0.5825 0.0000
vt 0.0168 0.5150 0.0000
vt 0.0178 0.5022 0.0000
vt 0.0193 0.5035 0.0000
vt 0.0034 0.5035 0.0000
vt 0.0057 0.5068 0.0000
vt 0.0063 0.5150 0.0000
vt 0.0089 0.5074 0.0000
vt 0.0119 0.5072 0.0000
vt 0.0114 0.5233 0.0000
vt 0.0168 0.4995 0.0000
vt 0.0099 0.5137 0.0000
vt 0.0118 0.5050 0.0000
vt 0.0129 0.5137 0.0000
vt 0.0171 0.5137 0.0000
vt 0.0199 0.5010 0.0000
vt 0.0024 0.5009 0.0000
vt 0.0048 0.5046 0.0000
vt 0.0056 0.5137 0.0000
vt 0.0156 0.5026 0.0000
vt 0.0107 0.5156 0.0000
vt 0.0124 0.5077 0.0000
vt 0.0134 0.5156 0.0000
vt 0.0184 0.5026 0.0000
vt 0.0173 0.5156 0.0000
vt 0.0199 0.5040 0.0000
vt 0.0038 0.5039 0.0000
vt 0.0061 0.5073 0.0000
vt 0.0068 0.5156 0.0000
vt 0.0094 0.5078 0.0000
vt 0.0119 0.5239 0.0000
vt 0.0152 0.5046 0.0000
vt 0.0103 0.5175 0.0000
vt 0.0120 0.5096 0.0000
vt 0.0130 0.5176 0.0000
vt 0.0180 0.5046 0.0000
vt 0.0169 0.5175 0.0000
vt 0.0195 0.5059 0.0000
vt 0.0034 0.5059 0.0000
vt 0.0057 0.5093 0.0000
vt 0.0064 0.5175 0.0000
vt 0.0090 0.5098 0.0000
vt 0.0115 0.5259 0.0000
vt 0.0114 0.5240 0.0000
vt 0.0131 0.5149 0.0000
vt 0.0174 0.5149 0.0000
vt 0.0058 0.5149 0.0000
vt 0.0102 0.5149 0.0000
vt 0.2289 0.5284 0.0000
vt 0.2307 0.5140 0.0000
vt 0.2315 0.5288 0.0000
vt 0.2280 0.5138 0.0000
vt 0.2263 0.5285 0.0000
vt 0.2258 0.5130 0.0000
vt 0.2239 0.5276 0.0000
vt 0.2222 0.5272 0.0000
vt 0.2299 0.5111 0.0000
vt 0.2323 0.5291 0.0000
vt 0.2332 0.5261 0.0000
vt 0.2286 0.5148 0.0000
vt 0.2336 0.5206 0.0000
vt 0.2271 0.5038 0.0000
vt 0.2272 0.5056 0.0000
vt 0.0084 0.5052 0.0000
vt 0.0112 0.5228 0.0000
vt 0.0155 0.5007 0.0000
vt 0.0120 0.5063 0.0000
vt 0.0185 0.5007 0.0000
vt 0.0202 0.5022 0.0000
vt 0.0026 0.5022 0.0000
vt 0.0051 0.5059 0.0000
vt 0.0087 0.5065 0.0000
vt 0.0149 0.5047 0.0000
vt 0.0101 0.5175 0.0000
vt 0.0118 0.5097 0.0000
vt 0.0127 0.5175 0.0000
vt 0.0176 0.5047 0.0000
vt 0.0166 0.5175 0.0000
vt 0.0191 0.5061 0.0000
vt 0.0032 0.5060 0.0000
vt 0.0055 0.5094 0.0000
vt 0.0062 0.5175 0.0000
vt 0.0087 0.5099 0.0000
vt 0.0112 0.5258 0.0000
vt 0.0108 0.5352 0.0000
vt 0.0087 0.5387 0.0000
vt 0.0107 0.5381 0.0000
vt 0.0067 0.5351 0.0000
vt 0.0150 0.5414 0.0000
vt 0.0130 0.5394 0.0000
vt 0.0154 0.5444 0.0000
vt 0.0083 0.5444 0.0000
vt 0.0052 0.5354 0.0000
vt 0.0033 0.5379 0.0000
vt 0.0066 0.5444 0.0000
vt 0.0024 0.5409 0.0000
vt 0.0181 0.5761 0.0000
vt 0.0240 0.5812 0.0000
vt 0.0202 0.5842 0.0000
vt 0.0228 0.6103 0.0000
vt 0.0173 0.5913 0.0000
vt 0.0235 0.6001 0.0000
vt 0.0288 0.6200 0.0000
vt 0.0288 0.6243 0.0000
vt 0.0428 0.5202 0.0000
vt 0.0340 0.5136 0.0000
vt 0.0421 0.5136 0.0000
vt 0.0347 0.5206 0.0000
vt 0.0288 0.5130 0.0000
vt 0.0288 0.5179 0.0000
vt 0.0390 0.5022 0.0000
vt 0.0478 0.4990 0.0000
vt 0.0337 0.5055 0.0000
vt 0.0284 0.5082 0.0000
vt 0.0196 0.6189 0.0000
vt 0.0168 0.6022 0.0000
vt 0.0335 0.6180 0.0000
vt 0.0333 0.6060 0.0000
vt 0.0399 0.6099 0.0000
vt 0.0256 0.5959 0.0000
vt 0.0273 0.5925 0.0000
vt 0.0316 0.6162 0.0000
vt 0.0326 0.6114 0.0000
vt 0.0330 0.5244 0.0000
vt 0.0259 0.5201 0.0000
vt 0.0326 0.6233 0.0000
vt 0.0321 0.6168 0.0000
vt 0.0350 0.5785 0.0000
vt 0.0432 0.5794 0.0000
vt 0.0478 0.5815 0.0000
vt 0.0425 0.5811 0.0000
vt 0.0478 0.5799 0.0000
vt 0.0389 0.5795 0.0000
vt 0.0383 0.5811 0.0000
vt 0.0352 0.5790 0.0000
vt 0.0348 0.5797 0.0000
vt 0.0137 0.5370 0.0000
vt 0.0158 0.5404 0.0000
vt 0.0449 0.5487 0.0000
vt 0.0449 0.5525 0.0000
vt 0.0432 0.5530 0.0000
vt 0.0365 0.5456 0.0000
vt 0.0407 0.5498 0.0000
vt 0.0386 0.5503 0.0000
vt 0.0428 0.5449 0.0000
vt 0.0421 0.5385 0.0000
vt 0.0362 0.5385 0.0000
vt 0.0418 0.5341 0.0000
vt 0.0354 0.5341 0.0000
vt 0.0351 0.5282 0.0000
vt 0.0339 0.5484 0.0000
vt 0.0333 0.5433 0.0000
vt 0.0432 0.5256 0.0000
vt 0.0326 0.5503 0.0000
vt 0.0351 0.5503 0.0000
vt 0.0309 0.5536 0.0000
vt 0.0343 0.5585 0.0000
vt 0.0235 0.5439 0.0000
vt 0.0298 0.5498 0.0000
vt 0.0245 0.5482 0.0000
vt 0.0309 0.5476 0.0000
vt 0.0252 0.6249 0.0000
vt 0.0464 0.5564 0.0000
vt 0.0449 0.5559 0.0000
vt 0.0440 0.5676 0.0000
vt 0.0480 0.5766 0.0000
vt 0.0434 0.5753 0.0000
vt 0.0478 0.5680 0.0000
vt 0.0478 0.5849 0.0000
vt 0.0421 0.5838 0.0000
vt 0.0397 0.6000 0.0000
vt 0.0478 0.5941 0.0000
vt 0.0478 0.5963 0.0000
vt 0.0428 0.5946 0.0000
vt 0.0478 0.5914 0.0000
vt 0.0157 0.5444 0.0000
vt 0.0021 0.5444 0.0000
vt 0.0478 0.5385 0.0000
vt 0.0478 0.5449 0.0000
vt 0.0478 0.5525 0.0000
vt 0.0411 0.5541 0.0000
vt 0.0411 0.5520 0.0000
vt 0.0432 0.5552 0.0000
vt 0.0478 0.5482 0.0000
vt 0.0454 0.5611 0.0000
vt 0.0460 0.5569 0.0000
vt 0.0449 0.5575 0.0000
vt 0.0442 0.5569 0.0000
vt 0.0411 0.5568 0.0000
vt 0.0391 0.5759 0.0000
vt 0.0367 0.5662 0.0000
vt 0.0404 0.5547 0.0000
vt 0.0404 0.5520 0.0000
vt 0.0404 0.5552 0.0000
vt 0.0368 0.5582 0.0000
vt 0.0386 0.5530 0.0000
vt 0.0371 0.5520 0.0000
vt 0.0329 0.5633 0.0000
vt 0.0447 0.5589 0.0000
vt 0.0477 0.5611 0.0000
vt 0.0478 0.5564 0.0000
vt 0.0130 0.5494 0.0000
vt 0.0478 0.5553 0.0000
vt 0.0432 0.5563 0.0000
vt 0.0411 0.5552 0.0000
vt 0.0435 0.5574 0.0000
vt 0.0478 0.5876 0.0000
vt 0.0386 0.5898 0.0000
vt 0.0418 0.5860 0.0000
vt 0.0379 0.5860 0.0000
vt 0.0344 0.5828 0.0000
vt 0.0337 0.5914 0.0000
vt 0.0305 0.5910 0.0000
vt 0.0376 0.6022 0.0000
vt 0.0354 0.6027 0.0000
vt 0.0431 0.6054 0.0000
vt 0.0530 0.5811 0.0000
vt 0.0566 0.5795 0.0000
vt 0.0573 0.5811 0.0000
vt 0.0371 0.5510 0.0000
vt 0.0287 0.5627 0.0000
vt 0.0185 0.5721 0.0000
vt 0.0379 0.5833 0.0000
vt 0.0344 0.5810 0.0000
vt 0.0699 0.5959 0.0000
vt 0.0712 0.5812 0.0000
vt 0.0679 0.5925 0.0000
vt 0.0636 0.6162 0.0000
vt 0.0629 0.6114 0.0000
vt 0.0601 0.6195 0.0000
vt 0.0668 0.5179 0.0000
vt 0.0692 0.5201 0.0000
vt 0.0724 0.5996 0.0000
vt 0.0668 0.6200 0.0000
vt 0.0066 0.6227 0.0000
vt 0.0038 0.6190 0.0000
vt 0.0068 0.6163 0.0000
vt 0.0595 0.5782 0.0000
vt 0.0630 0.5780 0.0000
vt 0.0604 0.5790 0.0000
vt 0.0523 0.5795 0.0000
vt 0.0607 0.5795 0.0000
vt 0.0612 0.5800 0.0000
vt 0.0150 0.5473 0.0000
vt 0.0137 0.5517 0.0000
vt 0.0158 0.5483 0.0000
vt 0.0107 0.5506 0.0000
vt 0.0108 0.5536 0.0000
vt 0.0087 0.5501 0.0000
vt 0.0068 0.5537 0.0000
vt 0.0527 0.5946 0.0000
vt 0.0537 0.5860 0.0000
vt 0.0566 0.5898 0.0000
vt 0.0576 0.5860 0.0000
vt 0.0617 0.5831 0.0000
vt 0.0618 0.5914 0.0000
vt 0.0650 0.5910 0.0000
vt 0.0555 0.6000 0.0000
vt 0.0580 0.6022 0.0000
vt 0.0601 0.6027 0.0000
vt 0.0622 0.6060 0.0000
vt 0.0524 0.6054 0.0000
vt 0.0556 0.6099 0.0000
vt 0.0727 0.6103 0.0000
vt 0.0703 0.6249 0.0000
vt 0.0668 0.6243 0.0000
vt 0.0506 0.5559 0.0000
vt 0.0492 0.5564 0.0000
vt 0.0506 0.5525 0.0000
vt 0.0532 0.5757 0.0000
vt 0.0534 0.5838 0.0000
vt 0.0024 0.5479 0.0000
vt 0.0506 0.5487 0.0000
vt 0.0541 0.5541 0.0000
vt 0.0523 0.5530 0.0000
vt 0.0541 0.5520 0.0000
vt 0.0523 0.5552 0.0000
vt 0.0548 0.5498 0.0000
vt 0.0569 0.5503 0.0000
vt 0.0052 0.5534 0.0000
vt 0.0034 0.5509 0.0000
vt 0.0774 0.5761 0.0000
vt 0.0795 0.5808 0.0000
vt 0.0615 0.5136 0.0000
vt 0.0668 0.5130 0.0000
vt 0.0822 0.5860 0.0000
vt 0.0566 0.5022 0.0000
vt 0.0618 0.5055 0.0000
vt 0.0671 0.5082 0.0000
vt 0.0759 0.6189 0.0000
vt 0.0832 0.5972 0.0000
vt 0.0548 0.5520 0.0000
vt 0.0551 0.5547 0.0000
vt 0.0622 0.5633 0.0000
vt 0.0569 0.5768 0.0000
vt 0.0509 0.5569 0.0000
vt 0.0523 0.5563 0.0000
vt 0.0544 0.5552 0.0000
vt 0.0551 0.5552 0.0000
vt 0.0520 0.5574 0.0000
vt 0.0506 0.5575 0.0000
vt 0.0509 0.5591 0.0000
vt 0.0228 0.5606 0.0000
vt 0.0214 0.5692 0.0000
vt 0.0221 0.5676 0.0000
vt 0.0210 0.5606 0.0000
vt 0.0200 0.5671 0.0000
vt 0.0172 0.5449 0.0000
vt 0.0200 0.5692 0.0000
vt 0.0227 0.5725 0.0000
vt 0.0259 0.5233 0.0000
vt 0.0583 0.5514 0.0000
vt 0.0627 0.5725 0.0000
vt 0.0576 0.5833 0.0000
vt 0.0614 0.5810 0.0000
vt 0.0494 0.5567 0.0000
vt 0.0569 0.5530 0.0000
vt 0.5616 0.7612 0.0000
vt 0.5793 0.7677 0.0000
vt 0.5793 0.7612 0.0000
vt 0.5615 0.7677 0.0000
vt 0.5830 0.7678 0.0000
vt 0.5794 0.8127 0.0000
vt 0.5831 0.8127 0.0000
vt 0.5794 0.8211 0.0000
vt 0.5615 0.8127 0.0000
vt 0.5614 0.8211 0.0000
vt 0.5223 0.8127 0.0000
vt 0.5223 0.8211 0.0000
vt 0.5056 0.8124 0.0000
vt 0.5056 0.8207 0.0000
vt 0.5020 0.8127 0.0000
vt 0.5056 0.7676 0.0000
vt 0.5020 0.7679 0.0000
vt 0.5223 0.7677 0.0000
vt 0.5056 0.7617 0.0000
vt 0.5223 0.7616 0.0000
vt 0.5461 0.7146 0.0000
vt 0.5257 0.7385 0.0000
vt 0.5290 0.7066 0.0000
vt 0.5136 0.7383 0.0000
vt 0.5126 0.7045 0.0000
vt 0.4966 0.7085 0.0000
vt 0.5017 0.7395 0.0000
vt 0.4803 0.7181 0.0000
vt 0.4874 0.7451 0.0000
vt 0.4595 0.7358 0.0000
vt 0.4677 0.7571 0.0000
vt 0.6343 0.7099 0.0000
vt 0.6358 0.7022 0.0000
vt 0.6467 0.7029 0.0000
vt 0.6462 0.7021 0.0000
vt 0.6566 0.6917 0.0000
vt 0.6622 0.7039 0.0000
vt 0.6520 0.6839 0.0000
vt 0.6468 0.6811 0.0000
vt 0.6415 0.6835 0.0000
vt 0.6369 0.6912 0.0000
vt 0.6309 0.7029 0.0000
vt 0.3537 0.6229 0.0000
vt 0.3756 0.6229 0.0000
vt 0.3639 0.5956 0.0000
vt 0.6465 0.7030 0.0000
vt 0.6624 0.7028 0.0000
vt 0.6582 0.7152 0.0000
vt 0.6529 0.7217 0.0000
vt 0.6468 0.7242 0.0000
vt 0.6408 0.7219 0.0000
vt 0.6355 0.7156 0.0000
vt 0.6311 0.7036 0.0000
vt 0.6461 0.7026 0.0000
vt 0.6575 0.7033 0.0000
vt 0.6582 0.7101 0.0000
vt 0.5680 0.7296 0.0000
vt 0.5608 0.7522 0.0000
vt 0.5403 0.7428 0.0000
vt 0.5009 0.6683 0.0000
vt 0.5135 0.6998 0.0000
vt 0.4895 0.6750 0.0000
vt 0.4924 0.7068 0.0000
vt 0.4822 0.6898 0.0000
vt 0.4778 0.7156 0.0000
vt 0.4738 0.7014 0.0000
vt 0.4676 0.7245 0.0000
vt 0.4616 0.7072 0.0000
vt 0.5150 0.7401 0.0000
vt 0.5153 0.7045 0.0000
vt 0.5276 0.7058 0.0000
vt 0.6636 0.7066 0.0000
vt 0.6594 0.7124 0.0000
vt 0.6467 0.7062 0.0000
vt 0.6586 0.6970 0.0000
vt 0.6588 0.7047 0.0000
vt 0.6582 0.7146 0.0000
vt 0.6518 0.7248 0.0000
vt 0.5422 0.7213 0.0000
vt 0.5467 0.7332 0.0000
vt 0.5387 0.7108 0.0000
vt 0.5545 0.7424 0.0000
vt 0.5254 0.6677 0.0000
vt 0.5132 0.6671 0.0000
vt 0.5370 0.6738 0.0000
vt 0.5348 0.7057 0.0000
vt 0.5446 0.6882 0.0000
vt 0.5546 0.6987 0.0000
vt 0.5511 0.7131 0.0000
vt 0.5670 0.7036 0.0000
vt 0.5615 0.7213 0.0000
vt 0.5030 0.7057 0.0000
vt 0.6339 0.7122 0.0000
vt 0.6298 0.7064 0.0000
vt 0.6373 0.7179 0.0000
vt 0.6424 0.7243 0.0000
vt 0.4838 0.7330 0.0000
vt 0.4883 0.7212 0.0000
vt 0.4919 0.7107 0.0000
vt 0.4758 0.7421 0.0000
vt 0.1976 0.4759 0.0000
vt 0.2075 0.4758 0.0000
vt 0.1905 0.4633 0.0000
vt 0.2142 0.4456 0.0000
vt 0.2144 0.4633 0.0000
vt 0.1972 0.4331 0.0000
vt 0.2071 0.4330 0.0000
vt 0.1903 0.4456 0.0000
vt 0.2144 0.4460 0.0000
vt 0.1970 0.4333 0.0000
vt 0.2071 0.4333 0.0000
vt 0.2075 0.4766 0.0000
vt 0.2146 0.4639 0.0000
vt 0.1956 0.3740 0.0000
vt 0.2043 0.4316 0.0000
vt 0.2043 0.3740 0.0000
vt 0.1956 0.4316 0.0000
vt 0.2133 0.4316 0.0000
vt 0.2133 0.3740 0.0000
vt 0.2222 0.4316 0.0000
vt 0.2222 0.3740 0.0000
vt 0.2309 0.4316 0.0000
vt 0.2309 0.3740 0.0000
vt 0.2396 0.4316 0.0000
vt 0.2396 0.3740 0.0000
vt 0.2486 0.4316 0.0000
vt 0.2486 0.3740 0.0000
vt 0.1780 0.3740 0.0000
vt 0.1869 0.4316 0.0000
vt 0.1869 0.3740 0.0000
vt 0.1780 0.4316 0.0000
vt 0.1778 0.4669 0.0000
vt 0.1906 0.4667 0.0000
vt 0.1873 0.4568 0.0000
vt 0.1808 0.4569 0.0000
vt 0.1817 0.4383 0.0000
vt 0.1817 0.4340 0.0000
vt 0.1797 0.4404 0.0000
vt 0.1776 0.4340 0.0000
vt 0.1797 0.4318 0.0000
vt 0.1776 0.4383 0.0000
vt 0.2262 0.4324 0.0000
vt 0.2206 0.4987 0.0000
vt 0.2206 0.4324 0.0000
vt 0.2262 0.4987 0.0000
vt 0.2161 0.4987 0.0000
vt 0.2161 0.4324 0.0000
vt 0.2484 0.4322 0.0000
vt 0.2429 0.4987 0.0000
vt 0.2429 0.4324 0.0000
vt 0.2484 0.4985 0.0000
vt 0.2374 0.4987 0.0000
vt 0.2374 0.4324 0.0000
vt 0.2317 0.4987 0.0000
vt 0.2317 0.4324 0.0000
vt 0.1812 0.4768 0.0000
vt 0.1876 0.4767 0.0000
vt 0.1853 0.4985 0.0000
vt 0.1890 0.4880 0.0000
vt 0.1890 0.4985 0.0000
vt 0.1853 0.4880 0.0000
vt 0.1929 0.4880 0.0000
vt 0.1929 0.4985 0.0000
vt 0.1966 0.4880 0.0000
vt 0.1966 0.4985 0.0000
vt 0.2003 0.4880 0.0000
vt 0.2003 0.4985 0.0000
vt 0.1778 0.4985 0.0000
vt 0.1816 0.4880 0.0000
vt 0.1816 0.4985 0.0000
vt 0.1778 0.4880 0.0000
vt 0.1931 0.4374 0.0000
vt 0.1881 0.4321 0.0000
vt 0.1915 0.4322 0.0000
vt 0.1880 0.4426 0.0000
vt 0.1913 0.4426 0.0000
vt 0.2053 0.4816 0.0000
vt 0.2076 0.4985 0.0000
vt 0.2076 0.4816 0.0000
vt 0.2053 0.4985 0.0000
vt 0.2099 0.4985 0.0000
vt 0.2099 0.4816 0.0000
vt 0.2122 0.4985 0.0000
vt 0.2122 0.4816 0.0000
vt 0.2144 0.4985 0.0000
vt 0.2144 0.4816 0.0000
vt 0.2007 0.4816 0.0000
vt 0.2030 0.4985 0.0000
vt 0.2030 0.4816 0.0000
vt 0.2007 0.4985 0.0000
vt 0.1974 0.4766 0.0000
vt 0.1901 0.4640 0.0000
vt 0.1899 0.4460 0.0000
vt 0.1906 0.4668 0.0000
vt 0.1873 0.4569 0.0000
vt 0.1875 0.4767 0.0000
vt 0.1778 0.4668 0.0000
vt 0.1809 0.4569 0.0000
vt 0.1811 0.4767 0.0000
vt 0.1853 0.4773 0.0000
vt 0.1816 0.4918 0.0000
vt 0.1816 0.4773 0.0000
vt 0.1853 0.4918 0.0000
vt 0.1778 0.4918 0.0000
vt 0.1778 0.4773 0.0000
vt 0.2003 0.4773 0.0000
vt 0.1966 0.4918 0.0000
vt 0.1966 0.4773 0.0000
vt 0.2003 0.4918 0.0000
vt 0.1929 0.4918 0.0000
vt 0.1929 0.4773 0.0000
vt 0.1890 0.4918 0.0000
vt 0.1890 0.4773 0.0000
vt 0.1863 0.4373 0.0000
vt 0.0703 0.9478 0.0000
vt 0.0834 0.9508 0.0000
vt 0.0711 0.9768 0.0000
vt 0.0842 0.9765 0.0000
vt 0.0442 0.9518 0.0000
vt 0.0563 0.9484 0.0000
vt 0.0446 0.9762 0.0000
vt 0.0562 0.9771 0.0000
vt 0.0984 0.9568 0.0000
vt 0.0981 0.9762 0.0000
vt 0.0834 0.9827 0.0000
vt 0.0710 0.9833 0.0000
vt 0.0441 0.9448 0.0000
vt 0.0559 0.9828 0.0000
vt 0.0446 0.9826 0.0000
vt 0.0988 0.9477 0.0000
vt 0.0977 0.9824 0.0000
vt 0.1021 0.9575 0.0000
vt 0.1025 0.9759 0.0000
vt 0.0431 0.9760 0.0000
vt 0.0429 0.9515 0.0000
vt 0.0832 0.9834 0.0000
vt 0.0833 0.9983 0.0000
vt 0.0975 0.9820 0.0000
vt 0.0965 0.9981 0.0000
vt 0.0711 0.9820 0.0000
vt 0.0718 0.9986 0.0000
vt 0.0581 0.9823 0.0000
vt 0.0578 0.9983 0.0000
vt 0.0474 0.9982 0.0000
vt 0.0458 0.9838 0.0000
vt 0.1986 0.7249 0.0000
vt 0.1948 0.7239 0.0000
vt 0.1974 0.6859 0.0000
vt 0.1933 0.6858 0.0000
vt 0.2035 0.7257 0.0000
vt 0.2041 0.6858 0.0000
vt 0.2088 0.7261 0.0000
vt 0.2108 0.6852 0.0000
vt 0.2035 0.7258 0.0000
vt 0.2024 0.7736 0.0000
vt 0.1749 0.6296 0.0000
vt 0.1746 0.6495 0.0000
vt 0.1867 0.6294 0.0000
vt 0.1866 0.6494 0.0000
vt 0.1753 0.6494 0.0000
vt 0.1868 0.6489 0.0000
vt 0.1864 0.6288 0.0000
vt 0.1753 0.6095 0.0000
vt 0.1865 0.6094 0.0000
vt 0.1755 0.5918 0.0000
vt 0.1873 0.5917 0.0000
vt 0.1757 0.5918 0.0000
vt 0.1756 0.6097 0.0000
vt 0.1870 0.5920 0.0000
vt 0.1869 0.6099 0.0000
vt 0.1374 0.6448 0.0000
vt 0.1311 0.6398 0.0000
vt 0.1437 0.6402 0.0000
vt 0.1312 0.6302 0.0000
vt 0.1375 0.6257 0.0000
vt 0.1438 0.6306 0.0000
vt 0.1984 0.7248 0.0000
vt 0.3105 0.7042 0.0000
vt 0.3086 0.7132 0.0000
vt 0.3086 0.6951 0.0000
vt 0.3036 0.6895 0.0000
vt 0.2975 0.6895 0.0000
vt 0.2926 0.6951 0.0000
vt 0.2907 0.7042 0.0000
vt 0.2926 0.7132 0.0000
vt 0.2975 0.7189 0.0000
vt 0.3092 0.7480 0.0000
vt 0.2916 0.7480 0.0000
vt 0.3078 0.7390 0.0000
vt 0.2933 0.7390 0.0000
vt 0.3234 0.7316 0.0000
vt 0.3196 0.7257 0.0000
vt 0.3288 0.7051 0.0000
vt 0.3241 0.7042 0.0000
vt 0.3256 0.6667 0.0000
vt 0.3215 0.6730 0.0000
vt 0.3092 0.6543 0.0000
vt 0.3078 0.6630 0.0000
vt 0.2916 0.6543 0.0000
vt 0.2933 0.6630 0.0000
vt 0.2751 0.6667 0.0000
vt 0.2797 0.6730 0.0000
vt 0.2719 0.7051 0.0000
vt 0.2770 0.7042 0.0000
vt 0.2774 0.7316 0.0000
vt 0.2815 0.7257 0.0000
vt 0.3069 0.7345 0.0000
vt 0.2942 0.7345 0.0000
vt 0.3172 0.7229 0.0000
vt 0.3211 0.7042 0.0000
vt 0.3172 0.6854 0.0000
vt 0.3069 0.6738 0.0000
vt 0.2942 0.6738 0.0000
vt 0.2840 0.6854 0.0000
vt 0.2801 0.7042 0.0000
vt 0.2840 0.7229 0.0000
vt 0.3036 0.7189 0.0000
vt 0.2443 0.7380 0.0000
vt 0.2324 0.7243 0.0000
vt 0.2492 0.7303 0.0000
vt 0.2649 0.7481 0.0000
vt 0.2469 0.7409 0.0000
vt 0.2649 0.7074 0.0000
vt 0.2656 0.6765 0.0000
vt 0.2682 0.6867 0.0000
vt 0.2611 0.6819 0.0000
vt 0.2523 0.6782 0.0000
vt 0.2529 0.6560 0.0000
vt 0.2500 0.6650 0.0000
vt 0.2442 0.6556 0.0000
vt 0.2202 0.6677 0.0000
vt 0.2264 0.7100 0.0000
vt 0.2682 0.6866 0.0000
vt 0.2524 0.6782 0.0000
vt 0.2325 0.7243 0.0000
vt 0.2500 0.6654 0.0000
vt 0.2690 0.8975 0.0000
vt 0.2683 0.9061 0.0000
vt 0.2495 0.8914 0.0000
vt 0.2278 0.9309 0.0000
vt 0.2314 0.9188 0.0000
vt 0.2452 0.9309 0.0000
vt 0.2328 0.9026 0.0000
vt 0.2431 0.9800 0.0000
vt 0.2445 0.9678 0.0000
vt 0.2513 0.9673 0.0000
vt 0.2428 0.9380 0.0000
vt 0.2531 0.9592 0.0000
vt 0.2563 0.9891 0.0000
vt 0.2548 0.9749 0.0000
vt 0.2609 0.9709 0.0000
vt 0.2648 0.9820 0.0000
vt 0.2666 0.9633 0.0000
vt 0.2651 0.9289 0.0000
vt 0.2729 0.9319 0.0000
vt 0.2776 0.9299 0.0000
vt 0.2790 0.9117 0.0000
vt 0.2871 0.8521 0.0000
vt 0.2893 0.8654 0.0000
vt 0.2807 0.8525 0.0000
vt 0.2779 0.8622 0.0000
vt 0.2834 0.8712 0.0000
vt 0.2766 0.9543 0.0000
vt 0.2835 0.9481 0.0000
vt 0.2823 0.9697 0.0000
vt 0.2882 0.9693 0.0000
vt 0.2916 0.9600 0.0000
vt 0.2985 0.9661 0.0000
vt 0.3022 0.9549 0.0000
vt 0.2935 0.9449 0.0000
vt 0.2939 0.8748 0.0000
vt 0.3020 0.8667 0.0000
vt 0.2971 0.8572 0.0000
vt 0.3115 0.7710 0.0000
vt 0.3057 0.7710 0.0000
vt 0.3144 0.7634 0.0000
vt 0.3115 0.7557 0.0000
vt 0.3057 0.7557 0.0000
vt 0.3028 0.7634 0.0000
vt 0.3249 0.9172 0.0000
vt 0.3191 0.9172 0.0000
vt 0.3249 0.7567 0.0000
vt 0.3191 0.7567 0.0000
vt 0.3278 0.9172 0.0000
vt 0.3278 0.7567 0.0000
vt 0.3162 0.9172 0.0000
vt 0.3162 0.7567 0.0000
vt 0.3099 0.9144 0.0000
vt 0.3012 0.9144 0.0000
vt 0.3142 0.9031 0.0000
vt 0.3099 0.8918 0.0000
vt 0.3012 0.8918 0.0000
vt 0.2969 0.9031 0.0000
vt 0.2988 0.9734 0.0000
vt 0.2945 0.9849 0.0000
vt 0.3074 0.9734 0.0000
vt 0.3117 0.9849 0.0000
vt 0.3074 0.9964 0.0000
vt 0.2988 0.9964 0.0000
vt 0.3265 0.9933 0.0000
vt 0.3176 0.9933 0.0000
vt 0.3265 0.9165 0.0000
vt 0.3176 0.9165 0.0000
vt 0.3309 0.9933 0.0000
vt 0.3309 0.9165 0.0000
vt 0.3131 0.9933 0.0000
vt 0.3131 0.9165 0.0000
vt 0.1056 0.5710 0.0000
vt 0.0965 0.5694 0.0000
vt 0.0938 0.5543 0.0000
vt 0.1191 0.5438 0.0000
vt 0.1113 0.5510 0.0000
vt 0.1080 0.5413 0.0000
vt 0.1165 0.5340 0.0000
vt 0.1269 0.5304 0.0000
vt 0.1296 0.5418 0.0000
vt 0.1058 0.5375 0.0000
vt 0.1125 0.5245 0.0000
vt 0.1225 0.6040 0.0000
vt 0.1205 0.5923 0.0000
vt 0.1362 0.6040 0.0000
vt 0.0121 1.0063 0.0000
vt 0.0065 1.0064 0.0000
vt 0.0070 0.9910 0.0000
vt 0.0125 0.9911 0.0000
vt 0.0848 0.5674 0.0000
vt 0.0982 0.5776 0.0000
vt 0.0861 0.5820 0.0000
vt 0.1085 0.5770 0.0000
vt 0.1170 0.5660 0.0000
vt 0.1200 0.5748 0.0000
vt 0.1244 0.5561 0.0000
vt 0.1284 0.5693 0.0000
vt 0.1429 0.5455 0.0000
vt 0.1462 0.5614 0.0000
vt 0.1391 0.5636 0.0000
vt 0.1344 0.5522 0.0000
vt 0.1381 0.5320 0.0000
vt 0.0847 0.5570 0.0000
vt 0.1046 0.5568 0.0000
vt 0.1014 0.5457 0.0000
vt 0.1085 0.5226 0.0000
vt 0.1149 0.5117 0.0000
vt 0.0930 0.5468 0.0000
vt 0.0986 0.5479 0.0000
vt 0.1004 0.5408 0.0000
vt 0.1034 0.5296 0.0000
vt 0.0963 0.5324 0.0000
vt 0.0968 0.5394 0.0000
vt 0.0846 0.5409 0.0000
vt 0.0844 0.5488 0.0000
vt 0.1325 0.5167 0.0000
vt 0.1352 0.5227 0.0000
vt 0.1291 0.5216 0.0000
vt 0.1226 0.5249 0.0000
vt 0.1229 0.5105 0.0000
vt 0.1166 0.5177 0.0000
vt 0.1274 0.5093 0.0000
vt 0.0852 0.5336 0.0000
vt 0.0927 0.5368 0.0000
vt 0.0083 0.5484 0.0000
vt 0.0063 0.5403 0.0000
vt 0.0094 0.5389 0.0000
vt 0.0994 0.5182 0.0000
vt 0.1191 0.5060 0.0000
vt 0.1093 0.5854 0.0000
vt 0.1213 0.5847 0.0000
vt 0.1123 0.6048 0.0000
vt 0.1014 0.5973 0.0000
vt 0.1002 0.5840 0.0000
vt 0.1069 0.6138 0.0000
vt 0.0364 0.9907 0.0000
vt 0.0358 1.0063 0.0000
vt 0.0313 1.0063 0.0000
vt 0.0317 0.9906 0.0000
vt 0.0062 0.5474 0.0000
vt 0.0892 0.5932 0.0000
vt 0.0924 0.6058 0.0000
vt 0.0936 0.6149 0.0000
vt 0.0271 1.0064 0.0000
vt 0.1407 0.5759 0.0000
vt 0.1400 0.5859 0.0000
vt 0.1506 0.5686 0.0000
vt 0.1518 0.5792 0.0000
vt 0.1517 0.5983 0.0000
vt 0.1430 0.6031 0.0000
vt 0.0227 0.9911 0.0000
vt 0.0227 1.0063 0.0000
vt 0.1309 0.5777 0.0000
vt 0.1342 0.5902 0.0000
vt 0.0016 1.0063 0.0000
vt 0.0016 0.9907 0.0000
vt 0.0180 0.9911 0.0000
vt 0.0175 1.0063 0.0000
vt 0.0127 0.5446 0.0000
vt 0.0113 0.5472 0.0000
vt 0.0118 0.5406 0.0000
vt 0.0027 0.5936 0.0000
vt 0.0031 0.6062 0.0000
vt 0.0117 0.5990 0.0000
vt 0.0116 0.5990 0.0000
vt 0.0044 0.5463 0.0000
vt 0.0079 0.5436 0.0000
vt 0.0079 0.5497 0.0000
vt 0.0115 0.5401 0.0000
vt 0.0079 0.5372 0.0000
vt 0.0045 0.5403 0.0000
vt 0.1610 0.6396 0.0000
vt 0.1559 0.6396 0.0000
vt 0.1557 0.6282 0.0000
vt 0.0907 0.6457 0.0000
vt 0.0951 0.6405 0.0000
vt 0.0931 0.6383 0.0000
vt 0.1004 0.6555 0.0000
vt 0.0992 0.6506 0.0000
vt 0.0964 0.6514 0.0000
vt 0.0926 0.6519 0.0000
vt 0.0940 0.6501 0.0000
vt 0.0901 0.6492 0.0000
vt 0.0462 0.6066 0.0000
vt 0.0507 0.6085 0.0000
vt 0.0489 0.6058 0.0000
vt 0.1414 0.5107 0.0000
vt 0.1435 0.5152 0.0000
vt 0.1455 0.5061 0.0000
vt 0.1378 0.5137 0.0000
vt 0.1353 0.5164 0.0000
vt 0.1397 0.5196 0.0000
vt 0.1368 0.5218 0.0000
vt 0.1026 0.6417 0.0000
vt 0.0988 0.6362 0.0000
vt 0.1025 0.6368 0.0000
vt 0.1476 0.5254 0.0000
vt 0.1434 0.5358 0.0000
vt 0.1687 0.5853 0.0000
vt 0.1622 0.5707 0.0000
vt 0.1687 0.5707 0.0000
vt 0.1488 0.5096 0.0000
vt 0.1518 0.5206 0.0000
vt 0.1538 0.5109 0.0000
vt 0.1542 0.5294 0.0000
vt 0.1574 0.5253 0.0000
vt 0.1650 0.5123 0.0000
vt 0.1607 0.5078 0.0000
vt 0.1603 0.5104 0.0000
vt 0.1643 0.5149 0.0000
vt 0.1583 0.5143 0.0000
vt 0.1623 0.5190 0.0000
vt 0.1577 0.5163 0.0000
vt 0.1614 0.5205 0.0000
vt 0.0866 0.6479 0.0000
vt 0.0894 0.6450 0.0000
vt 0.0879 0.6422 0.0000
vt 0.0853 0.6449 0.0000
vt 0.1540 0.5013 0.0000
vt 0.1536 0.5054 0.0000
vt 0.1568 0.5167 0.0000
vt 0.1623 0.6280 0.0000
vt 0.1621 0.5530 0.0000
vt 0.1557 0.5709 0.0000
vt 0.1557 0.5531 0.0000
vt 0.1621 0.5850 0.0000
vt 0.1557 0.5850 0.0000
vt 0.1622 0.5989 0.0000
vt 0.1557 0.5988 0.0000
vt 0.1557 0.6149 0.0000
vt 0.1622 0.6149 0.0000
vt 0.1646 0.6147 0.0000
vt 0.1641 0.6396 0.0000
vt 0.1687 0.5531 0.0000
vt 0.1680 0.5987 0.0000
vt 0.0478 0.6122 0.0000
vt 0.0511 0.6142 0.0000
vt 0.0486 0.6175 0.0000
vt 0.0444 0.6152 0.0000
vt 0.0436 0.6104 0.0000
vt 0.1476 0.5038 0.0000
vt 0.0957 0.6341 0.0000
vt 0.1467 0.5450 0.0000
vt 0.1555 0.5386 0.0000
vt 0.0995 0.6593 0.0000
vt 0.0918 0.6573 0.0000
vt 0.1490 0.5510 0.0000
vt 0.1501 0.5532 0.0000
vt 0.1582 0.5497 0.0000
vt 0.1451 0.5461 0.0000
vt 0.1474 0.5517 0.0000
vt 0.1416 0.5373 0.0000
vt 0.1504 0.4989 0.0000
vt 0.1599 0.5248 0.0000
vt 0.1638 0.5201 0.0000
vt 0.1656 0.5163 0.0000
vt 0.1657 0.5406 0.0000
vt 0.1622 0.5327 0.0000
vt 0.1604 0.5341 0.0000
vt 0.1642 0.5423 0.0000
vt 0.1576 0.5365 0.0000
vt 0.1613 0.5454 0.0000
vt 0.1596 0.5467 0.0000
vt 0.1567 0.5379 0.0000
vt 0.0901 0.6598 0.0000
vt 0.0911 0.6556 0.0000
vt 0.0892 0.6541 0.0000
vt 0.0889 0.6589 0.0000
vt 0.1577 0.5475 0.0000
vt 0.1557 0.5343 0.0000
vt 0.1622 0.5476 0.0000
vt 0.1649 0.5446 0.0000
vt 0.1566 0.5379 0.0000
vt 0.0980 0.6635 0.0000
vt 0.0910 0.6616 0.0000
vt 0.3913 0.4982 0.0000
vt 0.4055 0.4638 0.0000
vt 0.4055 0.4982 0.0000
vt 0.4686 0.4324 0.0000
vt 0.4855 0.4073 0.0000
vt 0.4856 0.4324 0.0000
vt 0.4686 0.4073 0.0000
vt 0.4686 0.4606 0.0000
vt 0.4856 0.4606 0.0000
vt 0.4685 0.3823 0.0000
vt 0.4854 0.3541 0.0000
vt 0.4855 0.3823 0.0000
vt 0.4685 0.3541 0.0000
vt 0.5282 0.4378 0.0000
vt 0.5100 0.4127 0.0000
vt 0.5282 0.4127 0.0000
vt 0.5100 0.4377 0.0000
vt 0.5267 0.4500 0.0000
vt 0.5190 0.4567 0.0000
vt 0.5114 0.4499 0.0000
vt 0.4939 0.3653 0.0000
vt 0.5009 0.3815 0.0000
vt 0.4936 0.3975 0.0000
vt 0.5024 0.4417 0.0000
vt 0.4937 0.4010 0.0000
vt 0.5024 0.3956 0.0000
vt 0.4937 0.4439 0.0000
vt 0.5290 0.4805 0.0000
vt 0.5297 0.4981 0.0000
vt 0.5104 0.4980 0.0000
vt 0.5112 0.4804 0.0000
vt 0.3602 0.3589 0.0000
vt 0.3734 0.3832 0.0000
vt 0.3602 0.3832 0.0000
vt 0.3734 0.3589 0.0000
vt 0.3484 0.3869 0.0000
vt 0.3344 0.3994 0.0000
vt 0.3382 0.3869 0.0000
vt 0.3427 0.4056 0.0000
vt 0.3485 0.3759 0.0000
vt 0.3384 0.3662 0.0000
vt 0.3485 0.3662 0.0000
vt 0.3384 0.3759 0.0000
vt 0.3826 0.3589 0.0000
vt 0.3826 0.3832 0.0000
vt 0.4317 0.4565 0.0000
vt 0.4123 0.4299 0.0000
vt 0.4334 0.4638 0.0000
vt 0.4325 0.4299 0.0000
vt 0.4121 0.4482 0.0000
vt 0.4199 0.4638 0.0000
vt 0.4199 0.4982 0.0000
vt 0.4417 0.4638 0.0000
vt 0.4624 0.4982 0.0000
vt 0.4417 0.4982 0.0000
vt 0.4624 0.4638 0.0000
vt 0.4334 0.4982 0.0000
vt 0.3913 0.4638 0.0000
vt 0.4871 0.4638 0.0000
vt 0.4871 0.4982 0.0000
vt 0.4309 0.3933 0.0000
vt 0.4420 0.4050 0.0000
vt 0.4411 0.3851 0.0000
vt 0.4326 0.4033 0.0000
vt 0.3905 0.3382 0.0000
vt 0.3982 0.3056 0.0000
vt 0.3949 0.3056 0.0000
vt 0.3982 0.3382 0.0000
vt 0.3982 0.3003 0.0000
vt 0.4005 0.3056 0.0000
vt 0.4005 0.3003 0.0000
vt 0.4038 0.3056 0.0000
vt 0.4005 0.3382 0.0000
vt 0.4082 0.3382 0.0000
vt 0.4005 0.3502 0.0000
vt 0.3982 0.3502 0.0000
vt 0.3484 0.3551 0.0000
vt 0.5201 0.4733 0.0000
vt 0.3382 0.3551 0.0000
vt 0.3427 0.3365 0.0000
vt 0.3344 0.3427 0.0000
vt 0.4542 0.4050 0.0000
vt 0.4537 0.3851 0.0000
vt 0.4537 0.3553 0.0000
vt 0.4664 0.3851 0.0000
vt 0.4664 0.3553 0.0000
vt 0.4296 0.3851 0.0000
vt 0.4231 0.3553 0.0000
vt 0.4296 0.3553 0.0000
vt 0.4231 0.3851 0.0000
vt 0.4411 0.3553 0.0000
vt 0.4013 0.3851 0.0000
vt 0.4135 0.3553 0.0000
vt 0.4135 0.3851 0.0000
vt 0.4013 0.3553 0.0000
vt 0.4583 0.4084 0.0000
vt 0.3764 0.3985 0.0000
vt 0.3571 0.4084 0.0000
vt 0.4583 0.3942 0.0000
vt 0.3828 0.3897 0.0000
vt 0.4583 0.3856 0.0000
vt 0.3623 0.4021 0.0000
vt 0.3576 0.3961 0.0000
vt 0.3476 0.4084 0.0000
vt 0.4757 0.4251 0.0000
vt 0.4862 0.4175 0.0000
vt 0.4757 0.4099 0.0000
vt 0.4583 0.4251 0.0000
vt 0.4583 0.4099 0.0000
vt 0.3573 0.4099 0.0000
vt 0.3573 0.4251 0.0000
vt 0.3479 0.4175 0.0000
vt 0.4300 0.4437 0.0000
vt 0.4185 0.4603 0.0000
vt 0.4213 0.4437 0.0000
vt 0.3773 0.4763 0.0000
vt 0.3714 0.4953 0.0000
vt 0.3773 0.4991 0.0000
vt 0.3714 0.4801 0.0000
vt 0.3770 0.4744 0.0000
vt 0.3628 0.4458 0.0000
vt 0.3824 0.4603 0.0000
vt 0.3557 0.4584 0.0000
vt 0.3698 0.4401 0.0000
vt 0.3838 0.4437 0.0000
vt 0.3479 0.4907 0.0000
vt 0.3479 0.4847 0.0000
vt 0.3618 0.4290 0.0000
vt 0.3549 0.4394 0.0000
vt 0.3667 0.4325 0.0000
vt 0.4680 0.4991 0.0000
vt 0.4680 0.4763 0.0000
vt 0.4680 0.4481 0.0000
vt 0.3332 0.4847 0.0000
vt 0.3332 0.4907 0.0000
vt 0.4680 0.4744 0.0000
vt 0.5469 0.1015 0.0000
vt 0.5331 0.1263 0.0000
vt 0.5255 0.1043 0.0000
vt 0.5305 0.0806 0.0000
vt 0.5451 0.0691 0.0000
vt 0.5608 0.0766 0.0000
vt 0.5684 0.0986 0.0000
vt 0.5634 0.1223 0.0000
vt 0.5488 0.1338 0.0000
vt 0.5466 0.1014 0.0000
vt 0.5604 0.0765 0.0000
vt 0.5680 0.0986 0.0000
vt 0.5630 0.1223 0.0000
vt 0.5484 0.1337 0.0000
vt 0.5328 0.1263 0.0000
vt 0.5252 0.1042 0.0000
vt 0.5301 0.0805 0.0000
vt 0.5447 0.0690 0.0000
vt 0.5938 0.4603 0.0000
vt 0.6071 0.4603 0.0000
vt 0.5938 0.4660 0.0000
vt 0.6071 0.4546 0.0000
vt 0.5938 0.4546 0.0000
vt 0.6071 0.4522 0.0000
vt 0.5938 0.4522 0.0000
vt 0.6071 0.4660 0.0000
vt 0.6071 0.4684 0.0000
vt 0.5938 0.4684 0.0000
vt 0.6638 0.1445 0.0000
vt 0.6638 0.1393 0.0000
vt 0.6638 0.1367 0.0000
vt 0.6638 0.1471 0.0000
vt 0.6452 0.1393 0.0000
vt 0.6452 0.1367 0.0000
vt 0.6452 0.1445 0.0000
vt 0.6446 0.4603 0.0000
vt 0.6446 0.4546 0.0000
vt 0.6336 0.4603 0.0000
vt 0.6336 0.4546 0.0000
vt 0.6446 0.4660 0.0000
vt 0.6336 0.4660 0.0000
vt 0.6446 0.4684 0.0000
vt 0.6336 0.4684 0.0000
vt 0.6196 0.4546 0.0000
vt 0.6336 0.4522 0.0000
vt 0.6196 0.4522 0.0000
vt 0.6196 0.4603 0.0000
vt 0.6196 0.4660 0.0000
vt 0.6196 0.4684 0.0000
vt 0.6452 0.1471 0.0000
vt 0.6241 0.0389 0.0000
vt 0.6242 0.0121 0.0000
vt 0.6662 0.0012 0.0000
vt 0.6242 0.0012 0.0000
vt 0.6662 0.0121 0.0000
vt 0.6477 0.0389 0.0000
vt 0.5815 0.4660 0.0000
vt 0.5815 0.4603 0.0000
vt 0.5815 0.4684 0.0000
vt 0.6475 0.4127 0.0000
vt 0.6475 0.4038 0.0000
vt 0.6578 0.4127 0.0000
vt 0.6578 0.4038 0.0000
vt 0.6424 0.4127 0.0000
vt 0.6424 0.4038 0.0000
vt 0.6630 0.4127 0.0000
vt 0.6630 0.4038 0.0000
vt 0.6427 0.4367 0.0000
vt 0.6631 0.4367 0.0000
vt 0.6529 0.4442 0.0000
vt 0.6529 0.4141 0.0000
vt 0.6631 0.4216 0.0000
vt 0.6427 0.4216 0.0000
vt 0.5815 0.4546 0.0000
vt 0.5815 0.4522 0.0000
vt 0.6446 0.4522 0.0000
vt 0.5696 0.4660 0.0000
vt 0.5696 0.4603 0.0000
vt 0.5696 0.4546 0.0000
vt 0.5696 0.4522 0.0000
vt 0.5696 0.4684 0.0000
vt 0.5933 0.0326 0.0000
vt 0.5676 0.0232 0.0000
vt 0.5851 0.0214 0.0000
vt 0.5886 0.1121 0.0000
vt 0.6124 0.1121 0.0000
vt 0.5886 0.0439 0.0000
vt 0.6125 0.0439 0.0000
vt 0.6251 0.0439 0.0000
vt 0.6251 0.1121 0.0000
vt 0.6386 0.1007 0.0000
vt 0.6472 0.0670 0.0000
vt 0.6386 0.0670 0.0000
vt 0.6472 0.1007 0.0000
vt 0.6655 0.0867 0.0000
vt 0.6576 0.1134 0.0000
vt 0.6576 0.0867 0.0000
vt 0.6655 0.1134 0.0000
vt 0.6251 0.0152 0.0000
vt 0.6251 0.1348 0.0000
vt 0.5875 0.0662 0.0000
vt 0.6250 0.0326 0.0000
vt 0.6250 0.0662 0.0000
vt 0.5933 0.0198 0.0000
vt 0.6238 0.0326 0.0000
vt 0.6238 0.0198 0.0000
vt 0.5653 0.0513 0.0000
vt 0.6576 0.0152 0.0000
vt 0.6386 0.0152 0.0000
vt 0.6655 0.0152 0.0000
vt 0.6576 0.0670 0.0000
vt 0.6655 0.0670 0.0000
vt 0.6576 0.1348 0.0000
vt 0.6655 0.1348 0.0000
vt 0.6386 0.1348 0.0000
vt 0.5886 0.1267 0.0000
vt 0.6133 0.1267 0.0000
vt 0.6251 0.1267 0.0000
vt 0.5778 0.1334 0.0000
vt 0.5877 0.0672 0.0000
vt 0.5877 0.1334 0.0000
vt 0.5778 0.0672 0.0000
vt 0.6054 0.0196 0.0000
vt 0.6055 0.0196 0.0000
vt 0.6204 0.0021 0.0000
vt 0.6182 0.0129 0.0000
vt 0.6199 0.0126 0.0000
vt 0.6152 0.0004 0.0000
vt 0.6064 0.0129 0.0000
vt 0.6100 0.0004 0.0000
vt 0.6049 0.0126 0.0000
vt 0.6048 0.0021 0.0000
vt 0.6193 0.0196 0.0000
vt 0.6194 0.0196 0.0000
vt 0.5439 0.0128 0.0000
vt 0.5665 0.0537 0.0000
vt 0.5387 0.0329 0.0000
vt 0.5832 0.0364 0.0000
vt 0.5895 0.0135 0.0000
vt 0.5186 0.0316 0.0000
vt 0.5371 0.0462 0.0000
vt 0.5439 -0.0000 0.0000
vt 0.5191 0.0056 0.0000
vt 0.5895 -0.0002 0.0000
vt 0.5640 0.0683 0.0000
vt 0.5164 0.0009 0.0000
vt 0.5130 0.0009 0.0000
vt 0.5113 0.0009 0.0000
vt 0.5182 0.0009 0.0000
vt 0.5130 0.2167 0.0000
vt 0.5113 0.2167 0.0000
vt 0.5164 0.2167 0.0000
vt 0.5182 0.2167 0.0000
vt 0.1709 0.7271 0.7948
vt 0.1707 0.7273 0.5014
vt 0.1707 0.7272 0.5041
vt 0.1707 0.7272 0.5014
vt 0.1708 0.7274 0.5014
vt 0.1707 0.7273 0.5041
vt 0.1708 0.7274 0.5041
vt 0.1709 0.7274 0.5014
vt 0.1709 0.7274 0.5041
vt 0.1710 0.7274 0.5014
vt 0.1710 0.7274 0.5041
vt 0.1711 0.7273 0.5014
vt 0.1710 0.7273 0.5041
vt 0.1711 0.7272 0.5014
vt 0.1711 0.7272 0.5041
vt 0.1711 0.7270 0.5014
vt 0.1711 0.7271 0.5041
vt 0.1711 0.7269 0.5014
vt 0.1711 0.7270 0.5041
vt 0.1710 0.7268 0.5014
vt 0.1710 0.7269 0.5041
vt 0.1709 0.7268 0.5014
vt 0.1710 0.7268 0.5041
vt 0.1708 0.7268 0.5014
vt 0.1709 0.7268 0.5041
vt 0.1708 0.7268 0.5041
vt 0.1707 0.7269 0.5014
vt 0.1707 0.7269 0.5041
vt 0.1707 0.7270 0.5014
vt 0.1707 0.7270 0.5041
vt 0.1707 0.7271 0.5041
vt 0.1707 0.7272 0.6061
vt 0.1707 0.7273 0.6061
vt 0.1707 0.7272 0.7369
vt 0.1707 0.7273 0.7369
vt 0.1708 0.7274 0.7369
vt 0.1708 0.7274 0.6061
vt 0.1709 0.7274 0.7369
vt 0.1709 0.7274 0.6061
vt 0.1710 0.7274 0.7369
vt 0.1710 0.7274 0.6061
vt 0.1710 0.7273 0.7369
vt 0.1710 0.7273 0.6061
vt 0.1711 0.7273 0.7369
vt 0.1711 0.7273 0.6061
vt 0.1711 0.7272 0.7369
vt 0.1711 0.7272 0.6061
vt 0.1711 0.7271 0.7369
vt 0.1711 0.7271 0.6061
vt 0.1711 0.7270 0.7369
vt 0.1711 0.7270 0.6061
vt 0.1711 0.7269 0.7369
vt 0.1711 0.7269 0.6061
vt 0.1710 0.7269 0.7369
vt 0.1710 0.7269 0.6061
vt 0.1710 0.7268 0.7369
vt 0.1710 0.7268 0.6061
vt 0.1709 0.7268 0.7369
vt 0.1709 0.7268 0.6061
vt 0.1708 0.7268 0.7369
vt 0.1708 0.7268 0.6061
vt 0.1707 0.7268 0.6061
vt 0.1707 0.7269 0.7369
vt 0.1707 0.7269 0.6061
vt 0.1707 0.7270 0.7369
vt 0.1707 0.7270 0.6061
vt 0.1707 0.7271 0.7369
vt 0.1707 0.7271 0.6061
vt 0.1707 0.7271 0.8912
vt 0.1707 0.7270 0.8912
vt 0.1707 0.7272 0.8912
vt 0.1707 0.7273 0.8912
vt 0.1707 0.7273 1.0551
vt 0.1707 0.7272 1.0551
vt 0.1707 0.7273 1.2190
vt 0.1707 0.7272 1.2190
vt 0.1707 0.7273 1.3705
vt 0.1707 0.7272 1.3705
vt 0.1708 0.7274 1.2190
vt 0.1708 0.7274 1.0551
vt 0.1708 0.7274 1.3705
vt 0.1709 0.7274 1.2190
vt 0.1709 0.7274 1.0551
vt 0.1709 0.7274 1.3705
vt 0.1710 0.7274 1.2190
vt 0.1710 0.7274 1.0551
vt 0.1710 0.7274 1.3705
vt 0.1710 0.7273 1.2190
vt 0.1710 0.7273 1.0551
vt 0.1711 0.7273 1.0551
vt 0.1710 0.7273 1.3705
vt 0.1711 0.7272 1.2190
vt 0.1711 0.7272 1.0551
vt 0.1711 0.7272 1.3705
vt 0.1711 0.7271 1.2190
vt 0.1711 0.7271 1.0551
vt 0.1711 0.7270 1.2190
vt 0.1711 0.7270 1.0551
vt 0.1711 0.7270 1.3705
vt 0.1711 0.7271 1.3705
vt 0.1710 0.7269 1.2190
vt 0.1710 0.7269 1.0551
vt 0.1710 0.7269 1.3705
vt 0.1710 0.7268 1.2190
vt 0.1710 0.7268 1.0551
vt 0.1710 0.7268 1.3705
vt 0.1709 0.7268 1.2190
vt 0.1709 0.7268 1.0551
vt 0.1709 0.7268 1.3705
vt 0.1708 0.7268 1.2190
vt 0.1708 0.7268 1.0551
vt 0.1708 0.7268 1.3705
vt 0.1707 0.7269 1.2190
vt 0.1707 0.7269 1.0551
vt 0.1707 0.7269 1.3705
vt 0.1707 0.7270 1.2190
vt 0.1707 0.7270 1.0551
vt 0.1707 0.7270 1.3705
vt 0.1707 0.7271 1.2190
vt 0.1707 0.7271 1.0551
vt 0.1707 0.7271 1.3705
vt 0.1707 0.7271 1.5014
vt 0.1707 0.7270 1.5014
vt 0.1707 0.7272 1.5014
vt 0.1707 0.7273 1.5014
vt 0.1709 0.7271 1.1047
vt 0.1707 0.7269 1.5014
vt 0.1708 0.7269 1.5014
vt 0.1708 0.7268 1.5014
vt 0.1709 0.7268 1.5014
vt 0.1710 0.7268 1.5014
vt 0.1710 0.7269 1.5014
vt 0.1711 0.7270 1.5014
vt 0.1711 0.7271 1.5014
vt 0.1711 0.7272 1.5014
vt 0.1710 0.7273 1.5014
vt 0.1710 0.7274 1.5014
vt 0.1709 0.7274 1.5014
vt 0.1708 0.7274 1.5014
vt 0.1707 0.7269 0.8912
vt 0.1708 0.7268 0.8912
vt 0.1709 0.7268 0.8912
vt 0.1710 0.7268 0.8912
vt 0.1710 0.7269 0.8912
vt 0.1711 0.7269 0.8912
vt 0.1711 0.7270 0.8912
vt 0.1711 0.7271 0.8912
vt 0.1711 0.7272 0.8912
vt 0.1711 0.7273 0.8912
vt 0.1710 0.7273 0.8912
vt 0.1710 0.7274 0.8912
vt 0.1709 0.7274 0.8912
vt 0.1708 0.7274 0.8912
# 2053 texture coords

g Object003
s 1
f 3/3/1 2/2/2 1/1/1 
s 2
f 6/6/3 5/5/3 4/4/3 
s 3
f 4/4/3 7/7/3 6/6/3 
s 4
f 9/10/6 8/9/5 5/8/4 
s 5
f 5/8/4 6/11/7 9/10/6 
s 6
f 11/13/10 10/12/9 8/9/8 
s 7
f 8/9/8 9/10/8 11/13/10 
s 8
f 14/16/11 13/15/11 12/14/11 
s 9
f 14/16/12 15/15/12 13/14/12 
s 10
f 14/16/13 12/15/13 15/14/13 
s 13
f 18/19/16 17/18/15 16/17/14 
s 14
f 16/17/14 19/20/17 18/19/16 
s 15
f 17/22/19 21/21/19 20/12/18 
s 16
f 20/12/20 16/13/20 17/22/20 
s 17
f 18/6/21 22/5/21 21/4/21 
s 18
f 21/4/21 17/7/21 18/6/21 
s 19
f 19/10/24 23/9/23 22/8/22 
s 20
f 22/8/22 18/11/25 19/10/24 
s 21
f 26/12/26 25/13/27 24/22/26 
s 22
f 29/6/30 28/5/29 27/4/28 
s 23
f 27/4/28 24/7/31 29/6/30 
s 24
f 28/8/32 29/11/32 30/10/32 
s 25
f 25/13/27 26/12/34 31/9/33 
s 26
f 31/9/33 30/10/35 25/13/27 
s 27
f 34/16/36 33/15/36 32/14/36 
s 28
f 34/16/37 35/15/37 33/14/37 
s 29
f 34/16/38 32/15/38 35/14/38 
s 30
f 38/16/39 37/15/39 36/14/39 
s 31
f 38/16/40 39/15/40 37/14/40 
s 32
f 38/16/41 36/15/41 39/14/41 
s 33
f 5/25/44 8/24/43 10/23/42 
s 34
f 10/23/42 4/26/45 5/25/44 
s 35
f 6/19/48 7/18/47 11/17/46 
s 36
f 11/17/46 9/20/49 6/19/48 
s 37
f 7/22/51 4/21/50 10/12/9 
s 38
f 10/12/9 11/13/10 7/22/51 
s 39
f 16/13/52 20/12/18 23/9/52 
s 40
f 23/9/52 19/10/52 16/13/52 
s 41
f 42/16/53 41/15/53 40/14/53 
s 47
f 2/2/2 3/3/1 43/27/54 
s 48
f 45/29/57 1/1/56 44/28/55 
s 49
f 1/1/56 45/29/57 3/3/56 
s 50
f 2/2/2 44/28/55 1/1/58 
s 51
f 45/29/57 43/27/54 3/3/59 
s 52
f 48/16/11 47/15/11 46/14/11 
s 53
f 48/16/12 49/15/12 47/14/12 
s 55
f 52/16/60 51/15/60 50/14/60 
s 56
f 52/16/61 53/15/61 51/14/61 
s 57
f 56/3/62 55/2/63 54/1/62 
s 58
f 55/2/63 56/3/62 57/27/64 
s 59
f 59/29/67 54/1/66 58/28/65 
s 60
f 54/1/66 59/29/67 56/3/68 
s 61
f 55/2/63 58/28/65 54/1/69 
s 62
f 59/29/67 57/27/64 56/3/70 
s 63
f 62/3/71 61/2/72 60/1/71 
s 64
f 61/2/72 62/3/71 63/27/73 
s 65
f 65/29/76 60/1/75 64/28/74 
s 66
f 60/1/75 65/29/76 62/3/75 
s 67
f 61/2/72 64/28/74 60/1/77 
s 68
f 65/29/76 63/27/73 62/3/78 
s 69
f 28/25/80 31/24/79 26/23/79 
s 70
f 30/10/35 31/9/81 28/8/81 
s 71
f 26/23/82 27/26/82 28/25/80 
s 72
f 29/19/85 24/18/84 25/17/83 
s 73
f 25/17/83 30/20/86 29/19/85 
s 74
f 24/22/87 27/21/87 26/12/87 
s 75
f 68/25/88 67/24/88 66/23/88 
s 76
f 66/23/89 69/26/89 68/25/89 
s 77
f 72/19/92 71/18/91 70/17/90 
s 78
f 70/17/90 73/20/93 72/19/92 
s 79
f 71/32/95 69/31/95 66/30/94 
s 80
f 66/30/94 70/33/97 71/32/96 
s 81
f 72/6/100 68/5/99 69/4/98 
s 82
f 69/4/98 71/7/101 72/6/100 
s 83
f 73/36/104 67/35/103 68/34/102 
s 84
f 68/34/105 72/37/105 73/36/104 
s 85
f 70/33/97 66/30/106 67/35/103 
s 86
f 67/35/103 73/36/104 70/33/97 
s 87
f 76/16/107 75/15/107 74/14/107 
s 88
f 76/16/108 77/15/108 75/14/108 
s 89
f 76/16/109 74/15/109 77/14/109 
s 90
f 80/16/110 79/15/110 78/14/110 
s 91
f 80/16/111 81/15/111 79/14/111 
s 92
f 80/16/112 78/15/112 81/14/112 
s 93
f 52/16/113 50/15/113 53/14/113 
s 1
f 84/40/116 83/39/115 82/38/114 
s 2
f 87/43/119 86/42/118 85/41/117 
s 3
f 88/44/120 85/41/117 86/42/118 
s 4
f 87/43/119 89/45/121 86/42/118 
s 5
f 82/38/114 86/42/118 89/45/121 
s 6
f 91/47/123 90/46/122 85/41/117 
s 7
f 87/43/119 85/41/117 90/46/122 
s 8
f 90/46/125 92/48/124 87/43/119 
s 9
f 89/45/121 87/43/119 92/48/124 
s 10
f 95/51/128 94/50/127 93/49/126 
s 11
f 98/54/131 97/53/130 96/52/129 
s 12
f 95/51/128 100/56/133 99/55/132 
s 13
f 94/50/127 99/55/132 101/57/134 
s 14
f 101/57/134 99/55/132 98/54/131 
s 15
f 102/58/135 94/50/127 101/57/134 
s 16
f 103/59/136 93/49/126 102/58/136 
s 17
f 105/62/139 103/61/138 104/60/137 
s 18
f 108/65/142 107/64/141 106/63/140 
s 19
f 110/67/144 108/65/142 109/66/143 
s 20
f 108/65/142 106/63/140 109/66/143 
s 21
f 112/69/146 110/67/144 111/68/145 
s 22
f 105/62/139 110/67/144 112/69/146 
s 23
f 97/53/130 98/54/131 99/55/132 
s 24
f 100/56/133 97/53/130 99/55/132 
s 25
f 113/70/147 111/68/145 109/66/143 
s 26
f 114/71/148 109/66/143 106/63/140 
s 27
f 114/71/148 113/70/147 109/66/143 
s 28
f 117/74/151 116/73/150 115/72/149 
s 29
f 94/50/127 95/51/128 99/55/132 
s 30
f 102/58/152 93/49/126 94/50/127 
s 31
f 104/60/137 103/61/138 102/75/153 
s 32
f 111/68/154 110/67/144 109/66/154 
s 33
f 105/62/139 104/60/137 110/67/144 
s 34
f 119/77/156 118/76/155 91/47/123 
s 35
f 90/46/122 91/47/123 118/76/155 
s 36
f 122/80/159 121/79/158 120/78/157 
s 37
f 118/76/155 123/81/160 90/46/122 
s 38
f 92/48/124 90/46/122 123/81/160 
s 39
f 125/83/162 124/82/161 119/77/156 
s 40
f 118/76/155 119/77/156 124/82/161 
s 41
f 124/82/161 126/84/163 118/76/155 
s 42
f 123/81/160 118/76/155 126/84/163 
s 43
f 128/87/166 124/86/165 127/85/164 
s 44
f 125/88/167 127/85/167 124/86/165 
s 45
f 128/87/169 129/89/168 124/86/165 
s 46
f 126/90/170 124/86/165 129/89/168 
s 47
f 131/92/173 130/91/172 128/87/171 
s 48
f 129/89/168 128/87/171 130/91/172 
s 49
f 132/93/175 131/92/174 127/85/164 
s 50
f 128/87/166 127/85/164 131/92/174 
s 51
f 133/94/176 83/39/115 132/93/175 
s 52
f 131/92/174 132/93/175 83/39/115 
s 53
f 96/52/129 114/71/148 107/64/141 
s 54
f 130/91/172 131/92/173 84/40/116 
s 55
f 88/44/177 86/42/118 133/94/176 
s 56
f 83/39/115 133/94/176 86/42/118 
s 57
f 86/42/118 82/38/114 83/39/115 
s 58
f 135/96/179 134/95/178 130/91/172 
s 59
f 108/65/142 136/97/180 107/64/141 
s 60
f 136/97/180 108/65/142 135/96/179 
s 61
f 96/52/129 138/99/182 137/98/181 
s 62
f 96/52/129 107/64/141 138/99/182 
s 63
f 140/102/185 95/101/184 139/100/183 
s 64
f 139/100/186 93/104/186 141/103/186 
s 65
f 141/107/188 103/106/188 142/105/187 
s 66
f 144/110/191 143/109/190 111/108/189 
s 67
f 143/109/190 142/105/187 105/111/192 
s 68
f 147/114/195 146/113/194 145/112/193 
s 69
f 120/78/157 145/112/193 146/113/194 
s 70
f 145/112/193 120/78/157 121/79/158 
s 71
f 149/116/197 147/114/195 148/115/196 
s 72
f 145/112/193 148/115/196 147/114/195 
s 73
f 148/115/196 145/112/193 150/117/198 
s 74
f 121/79/158 150/117/198 145/112/193 
s 75
f 149/120/199 148/119/200 151/118/199 
s 76
f 152/121/202 151/118/201 148/119/200 
s 77
f 152/121/204 148/119/200 153/122/203 
s 78
f 150/123/205 153/122/203 148/119/200 
s 79
f 155/125/208 152/121/207 154/124/206 
s 80
f 153/122/203 154/124/206 152/121/207 
s 81
f 156/126/210 151/118/201 155/125/209 
s 82
f 152/121/202 155/125/209 151/118/201 
s 83
f 158/128/212 156/126/210 157/127/211 
s 84
f 155/125/209 157/127/211 156/126/210 
s 85
f 114/71/148 106/63/140 107/64/141 
s 86
f 97/53/130 114/71/148 96/52/129 
s 87
f 138/99/182 107/64/141 136/97/180 
s 88
f 102/75/214 159/129/213 104/60/137 
s 89
f 123/81/160 126/84/163 160/130/215 
s 90
f 126/90/170 104/60/137 159/129/213 
s 91
f 104/60/137 126/90/170 129/89/168 
s 92
f 89/45/121 92/48/124 161/131/216 
s 93
f 161/131/216 137/98/181 89/45/121 
s 94
f 92/48/124 123/81/160 161/131/216 
s 95
f 160/130/215 161/131/216 123/81/160 
s 96
f 159/132/217 160/130/215 126/84/163 
s 97
f 129/89/168 130/91/172 134/95/178 
s 98
f 130/91/172 84/40/116 135/96/179 
s 99
f 110/67/144 134/95/178 135/96/179 
s 100
f 84/40/116 82/38/114 136/97/180 
s 101
f 136/97/180 135/96/179 84/40/116 
s 102
f 89/45/121 137/98/181 138/99/182 
s 103
f 138/99/182 82/38/114 89/45/121 
s 104
f 137/98/181 161/131/216 98/54/131 
s 105
f 98/54/131 96/52/129 137/98/181 
s 106
f 164/135/219 163/134/218 162/133/218 
s 107
f 161/131/216 160/130/215 101/57/134 
s 108
f 101/57/134 98/54/131 161/131/216 
s 109
f 160/130/215 159/132/217 102/58/135 
s 110
f 102/58/220 101/57/134 160/130/215 
s 111
f 104/60/137 134/95/178 110/67/144 
s 112
f 134/95/178 104/60/137 129/89/168 
s 113
f 110/67/144 135/96/179 108/65/142 
s 114
f 167/138/222 166/137/222 165/136/221 
s 115
f 168/139/224 165/136/221 166/137/223 
s 116
f 170/141/226 169/140/225 168/139/224 
s 117
f 165/136/221 168/139/224 169/140/225 
s 118
f 173/144/229 172/143/228 171/142/227 
s 119
f 173/144/229 171/142/227 174/145/230 
s 120
f 175/148/233 173/147/232 174/146/231 
s 121
f 175/148/233 176/149/234 173/147/232 
s 122
f 177/150/235 174/145/230 171/142/227 
s 123
f 177/150/235 179/152/237 178/151/236 
s 124
f 138/99/182 136/97/180 82/38/114 
s 125
f 177/150/235 175/153/238 174/145/230 
s 126
f 180/154/239 177/150/235 178/151/236 
s 127
f 164/155/240 176/149/234 175/148/233 
s 128
f 175/148/242 180/156/241 164/155/240 
s 129
f 162/133/218 173/157/219 164/135/219 
s 130
f 176/158/243 164/135/219 173/157/219 
s 131
f 173/157/219 162/133/218 172/159/218 
s 132
f 179/161/246 171/142/245 162/160/244 
s 133
f 172/162/247 162/160/244 171/142/245 
s 134
f 179/152/237 177/150/235 171/142/227 
s 135
f 170/141/226 181/164/249 179/163/248 
s 136
f 182/167/251 180/166/250 178/165/250 
s 137
f 184/169/254 180/166/253 183/168/252 
s 138
f 175/153/238 177/150/235 180/154/239 
s 139
f 163/171/256 164/155/240 184/170/255 
s 140
f 180/156/241 184/170/255 164/155/240 
s 141
f 185/172/218 162/133/218 163/134/218 
s 142
f 188/175/257 187/174/257 186/173/257 
s 143
f 191/178/258 190/177/258 189/176/258 
s 144
f 191/178/259 192/179/259 190/177/259 
s 145
f 193/181/260 189/180/260 190/177/260 
s 146
f 183/168/252 180/166/261 182/167/251 
s 147
f 178/182/262 179/163/248 181/164/249 
s 148
f 183/168/252 182/167/251 147/183/263 
s 149
f 181/164/249 194/184/265 178/182/264 
s 150
f 146/185/266 178/182/264 194/184/265 
s 151
f 156/188/269 195/187/268 151/186/267 
s 152
f 195/187/268 156/188/269 196/189/270 
s 153
f 158/190/272 196/189/271 156/188/269 
s 154
f 196/189/271 158/190/272 197/191/273 
s 155
f 170/141/226 194/184/265 181/164/249 
s 156
f 178/165/275 146/192/274 182/167/251 
s 157
f 147/183/263 182/167/251 146/192/274 
s 158
f 194/184/265 170/141/226 197/193/276 
s 159
f 200/196/279 199/195/278 198/194/277 
s 160
f 149/198/281 151/197/280 183/168/252 
s 161
f 166/201/282 201/200/283 195/199/282 
s 162
f 151/197/280 195/199/284 201/200/283 
s 163
f 196/203/285 168/139/224 195/202/285 
s 164
f 166/137/223 195/202/286 168/139/224 
s 165
f 170/141/226 168/139/224 197/193/276 
s 166
f 196/203/287 197/193/276 168/139/224 
s 167
f 147/183/263 149/198/281 183/168/252 
s 168
f 201/200/283 202/204/288 183/168/252 
s 169
f 184/169/254 183/168/252 202/204/288 
s 170
f 167/205/290 202/204/288 166/201/289 
s 171
f 201/200/283 166/201/289 202/204/288 
s 172
f 205/208/293 204/207/292 203/206/291 
s 173
f 208/211/296 207/210/295 206/209/294 
s 174
f 206/209/294 209/212/297 208/211/296 
s 175
f 208/211/298 210/213/298 207/210/298 
s 176
f 211/214/300 187/174/300 188/175/299 
s 177
f 212/217/303 167/216/302 165/215/301 
s 178
f 186/173/306 214/219/305 213/218/304 
s 179
f 213/218/304 214/219/305 215/220/307 
s 180
f 215/220/309 216/221/308 205/208/293 
s 181
f 205/208/311 216/221/308 204/207/310 
s 182
f 217/222/312 204/207/310 216/221/308 
s 183
f 204/207/313 217/222/312 218/223/313 
s 184
f 219/224/315 218/223/314 217/222/312 
s 185
f 218/223/314 219/226/317 220/225/316 
s 186
f 221/227/318 220/225/316 219/226/317 
s 187
f 220/225/316 221/228/319 203/206/291 
s 188
f 222/229/320 203/206/291 221/228/319 
s 189
f 203/206/291 222/229/320 223/230/321 
s 190
f 224/231/323 223/230/322 222/229/320 
s 191
f 223/230/322 224/233/325 225/232/324 
s 192
f 226/234/326 225/232/324 224/233/325 
s 193
f 225/232/324 226/236/328 227/235/327 
s 194
f 228/237/330 227/235/329 226/236/329 
s 195
f 201/200/283 183/168/252 151/197/280 
s 196
f 227/235/327 228/237/330 229/238/331 
s 197
f 115/239/332 229/238/331 228/237/330 
s 198
f 206/209/333 116/73/150 209/212/297 
s 199
f 117/240/334 209/212/297 116/73/150 
s 200
f 229/238/331 115/72/149 116/73/150 
s 201
f 169/140/225 170/141/226 179/163/248 
s 202
f 169/241/335 179/161/246 162/160/244 
s 203
f 162/160/244 185/242/336 169/241/335 
s 204
f 230/243/337 163/171/256 184/170/255 
s 205
f 231/246/338 212/245/219 230/244/218 
s 206
f 163/134/218 230/244/218 212/245/219 
s 207
f 212/245/219 185/172/218 163/134/218 
s 208
f 185/242/336 212/217/303 169/241/335 
s 209
f 202/247/339 230/243/337 184/170/255 
s 210
f 167/249/341 231/248/340 230/243/340 
s 211
f 230/243/337 202/247/339 167/249/341 
s 212
f 167/216/302 212/217/303 231/250/342 
s 213
f 233/252/344 232/251/343 143/109/190 
s 214
f 212/217/303 165/215/301 169/241/335 
s 215
f 211/214/345 207/210/295 210/213/345 
s 216
f 204/207/292 218/223/346 203/206/291 
s 217
f 220/225/316 203/206/291 218/223/346 
s 218
f 203/206/291 223/230/322 227/235/347 
s 219
f 225/232/324 227/235/347 223/230/348 
s 220
f 206/209/350 207/210/295 205/208/349 
s 221
f 188/175/299 205/208/293 207/210/295 
s 222
f 215/220/351 205/208/293 213/218/304 
s 223
f 188/175/299 186/173/306 205/208/293 
s 224
f 213/218/352 205/208/352 186/173/352 
s 225
f 211/214/353 188/175/299 207/210/295 
s 226
f 205/208/293 203/206/291 206/209/350 
s 227
f 227/235/327 206/209/294 203/206/291 
s 228
f 229/238/331 116/73/150 227/235/327 
s 229
f 116/73/150 206/209/294 227/235/327 
s 230
f 83/39/115 84/40/116 131/92/354 
s 231
f 234/254/356 144/110/191 113/253/355 
s 232
f 235/255/357 144/110/191 234/254/356 
s 233
f 236/256/358 235/255/357 234/254/356 
s 234
f 238/258/360 234/254/356 237/257/359 
s 235
f 240/260/362 236/256/358 239/259/361 
s 236
f 241/261/363 240/260/362 239/259/361 
s 237
f 142/105/187 242/262/365 141/107/364 
s 238
f 243/263/366 150/117/198 121/79/158 
s 239
f 242/262/365 142/105/187 150/123/205 
s 240
f 153/122/203 150/123/205 142/105/187 
s 241
f 244/264/367 122/80/159 198/194/277 
s 242
f 198/194/277 245/265/368 244/264/367 
s 243
f 244/264/367 121/79/158 122/80/159 
s 244
f 121/79/158 244/264/367 243/263/366 
s 245
f 150/117/198 243/263/366 242/266/369 
s 246
f 142/105/187 232/251/343 153/122/203 
s 247
f 233/252/344 246/267/370 154/124/206 
s 248
f 144/110/191 235/255/357 247/268/371 
s 249
f 111/108/189 143/109/190 112/269/372 
s 250
f 240/260/362 241/261/363 246/267/370 
s 251
f 246/267/370 233/252/344 240/260/362 
s 252
f 239/259/361 245/265/368 198/194/277 
s 253
f 198/194/277 241/261/363 239/259/361 
s 254
f 248/270/373 244/264/367 245/265/368 
s 255
f 245/265/368 238/258/360 248/270/373 
s 256
f 249/271/374 243/263/366 244/264/367 
s 257
f 244/264/367 248/270/373 249/271/374 
s 258
f 157/127/211 155/125/375 246/267/370 
s 259
f 154/124/206 246/267/370 155/125/208 
s 260
f 197/272/376 158/128/212 199/195/278 
s 261
f 157/127/211 199/195/278 158/128/212 
s 262
f 199/195/278 157/127/211 241/261/363 
s 263
f 246/267/370 241/261/363 157/127/211 
s 264
f 197/272/378 199/195/278 194/273/377 
s 265
f 200/196/279 194/273/377 199/195/278 
s 266
f 140/102/185 248/270/373 237/257/359 
s 267
f 144/110/191 111/108/189 113/253/355 
s 268
f 241/261/363 198/194/277 199/195/278 
s 269
f 146/113/194 194/273/377 120/78/157 
s 270
f 200/196/279 120/78/157 194/273/377 
s 271
f 120/78/157 200/196/279 122/80/159 
s 272
f 198/194/277 122/80/159 200/196/279 
s 273
f 93/104/379 139/100/183 95/101/184 
s 274
f 238/258/360 237/257/359 248/270/373 
s 275
f 140/102/185 100/274/380 95/101/184 
s 276
f 249/271/374 140/102/185 139/100/183 
s 277
f 248/270/373 140/102/185 249/271/374 
s 278
f 249/271/374 139/100/183 141/103/381 
s 279
f 141/103/382 93/104/379 103/275/382 
s 280
f 142/105/187 103/106/384 105/111/383 
s 281
f 236/256/358 234/254/356 238/258/360 
s 282
f 235/255/357 236/256/358 247/268/371 
s 283
f 144/110/191 247/268/371 143/109/190 
s 284
f 112/269/372 143/109/190 105/111/383 
s 285
f 100/274/380 140/102/185 237/257/359 
s 286
f 141/103/381 242/266/369 243/263/366 
s 287
f 243/263/366 249/271/374 141/103/385 
s 288
f 143/109/190 232/251/343 142/105/187 
s 289
f 154/124/206 153/122/203 232/251/343 
s 290
f 247/268/371 233/252/344 143/109/190 
s 291
f 154/124/206 232/251/343 233/252/344 
s 292
f 236/256/358 240/260/362 247/268/371 
s 293
f 233/252/344 247/268/371 240/260/362 
s 294
f 245/265/368 239/259/361 238/258/360 
s 295
f 239/259/361 236/256/358 238/258/360 
s 297
f 252/201/387 251/199/387 250/200/386 
s 298
f 252/137/388 253/139/389 251/202/388 
s 299
f 254/203/391 251/202/390 253/139/389 
s 300
f 254/203/391 253/139/389 88/193/392 
s 301
f 125/198/395 119/183/394 255/168/393 
s 302
f 257/169/397 256/204/396 255/168/393 
s 303
f 250/200/386 255/168/393 256/204/396 
s 304
f 250/200/386 256/204/396 252/201/398 
s 305
f 258/205/399 252/201/399 256/204/396 
s 306
f 253/139/389 252/137/401 259/136/400 
s 307
f 258/138/402 259/136/400 252/137/402 
s 308
f 259/136/400 260/140/403 253/139/389 
s 309
f 261/141/404 253/139/389 260/140/403 
s 310
f 264/143/407 263/144/406 262/142/405 
s 311
f 262/142/405 263/144/406 265/145/408 
s 312
f 263/147/411 266/148/410 265/146/409 
s 313
f 267/149/412 266/148/410 263/147/411 
s 314
f 265/145/408 268/150/413 262/142/405 
s 315
f 270/152/415 268/150/413 269/151/414 
s 316
f 266/153/416 268/150/413 265/145/408 
s 317
f 268/150/413 271/154/417 269/151/414 
s 318
f 267/149/412 272/155/418 266/148/410 
s 319
f 275/277/421 274/276/420 273/176/419 
s 320
f 271/156/422 266/148/410 272/155/418 
s 321
f 263/157/423 276/133/423 272/135/423 
s 322
f 272/135/423 267/158/424 263/157/423 
s 323
f 276/133/423 263/157/423 264/159/423 
s 324
f 262/142/427 270/161/426 276/160/425 
s 325
f 279/280/428 278/279/428 277/278/428 
s 326
f 282/283/429 281/282/429 280/281/429 
s 327
f 282/285/430 284/284/430 283/280/430 
s 328
f 280/287/431 284/284/431 282/286/431 
s 329
f 283/280/432 281/279/432 282/285/432 
s 330
f 287/290/433 286/289/433 285/288/433 
s 331
f 289/280/434 286/285/434 288/284/434 
s 332
f 289/280/435 285/279/435 286/285/435 
s 333
f 287/292/436 288/291/436 286/177/436 
s 334
f 292/295/437 291/294/437 290/293/437 
s 335
f 292/285/438 294/284/438 293/280/438 
s 336
f 290/287/439 294/284/439 292/285/439 
s 337
f 261/141/404 88/193/392 253/139/389 
s 338
f 293/280/440 291/181/440 292/285/440 
s 339
f 271/166/442 255/168/393 295/167/441 
s 340
f 270/163/444 269/182/444 296/164/443 
s 341
f 295/167/441 255/168/393 119/183/394 
s 342
f 91/185/447 85/184/446 269/182/445 
s 343
f 296/164/443 269/182/445 85/184/446 
s 344
f 251/298/450 132/297/449 127/296/448 
s 345
f 133/300/452 132/297/449 254/299/451 
s 346
f 251/298/450 254/299/453 132/297/449 
s 347
f 133/300/452 254/299/451 88/301/454 
s 348
f 85/184/446 261/141/404 296/164/443 
s 349
f 119/183/394 91/192/455 295/167/441 
s 350
f 269/165/456 295/167/441 91/192/455 
s 351
f 261/141/404 85/184/446 88/193/392 
s 352
f 125/198/395 255/168/393 127/197/457 
s 353
f 250/200/386 127/197/457 255/168/393 
s 354
f 127/197/458 250/200/386 251/199/458 
s 355
f 299/302/461 298/176/460 297/276/459 
s 356
f 300/277/462 297/276/459 298/176/460 
s 357
f 303/276/465 302/303/464 301/277/463 
s 358
f 304/176/466 301/277/463 302/303/464 
s 359
f 193/276/469 192/303/468 189/277/467 
s 360
f 191/176/470 189/277/467 192/303/468 
s 361
f 307/306/471 306/305/471 305/304/471 
s 362
f 309/178/472 306/177/472 308/176/472 
s 363
f 309/178/473 305/307/473 306/285/473 
s 364
f 307/181/474 308/308/474 306/286/474 
s 365
f 312/311/475 311/310/475 310/309/475 
s 366
f 314/178/476 311/177/476 313/176/476 
s 367
f 314/178/477 310/179/477 311/177/477 
s 368
f 312/181/478 313/180/478 311/285/478 
s 369
f 274/314/479 316/313/479 315/312/479 
s 370
f 273/178/480 316/177/480 275/176/480 
s 371
f 273/178/481 315/307/481 316/285/481 
s 372
f 297/317/482 317/316/482 299/315/482 
s 373
f 298/178/483 317/177/483 300/176/483 
s 374
f 298/318/484 299/307/484 317/285/484 
s 375
f 297/181/485 300/180/485 317/285/485 
s 376
f 318/320/486 302/319/486 303/288/486 
s 377
f 318/177/487 301/176/487 304/178/487 
s 378
f 303/181/488 301/176/488 318/177/488 
s 379
f 304/178/489 302/287/489 318/321/489 
s 380
f 193/324/490 190/323/490 192/322/490 
s 381
f 276/160/425 264/162/491 262/142/427 
s 382
f 268/150/413 270/152/415 262/142/405 
s 383
f 296/164/443 261/141/404 270/163/492 
s 384
f 271/166/493 295/167/441 269/165/493 
s 385
f 271/166/494 257/169/397 255/168/393 
s 386
f 268/150/413 266/153/416 271/154/417 
s 387
f 272/155/418 319/171/496 257/170/495 
s 388
f 257/170/495 271/156/422 272/155/418 
s 389
f 276/133/423 320/172/497 319/134/497 
s 390
f 323/287/498 322/284/498 321/286/498 
s 391
f 319/134/497 272/135/423 276/133/423 
s 392
f 261/141/404 260/140/403 270/163/499 
s 393
f 270/161/501 260/241/500 276/160/425 
s 394
f 320/242/502 276/160/425 260/241/500 
s 395
f 319/171/496 324/243/503 257/170/495 
s 396
f 326/245/423 325/246/504 324/244/423 
s 397
f 324/244/423 319/134/497 326/245/423 
s 398
f 320/172/497 326/245/423 319/134/497 
s 399
f 326/217/505 320/242/502 260/241/500 
s 400
f 324/243/503 256/247/506 257/170/495 
s 401
f 325/248/507 258/249/508 324/243/507 
s 402
f 256/247/506 324/243/503 258/249/508 
s 403
f 326/217/505 258/216/510 325/250/509 
s 404
f 258/216/510 326/217/505 259/215/511 
s 405
f 259/215/511 326/217/505 260/241/500 
s 406
f 305/303/514 309/176/513 307/276/512 
s 407
f 308/277/515 307/276/512 309/176/513 
s 408
f 274/181/516 275/176/516 316/286/516 
s 409
f 310/302/519 314/176/518 312/276/517 
s 410
f 313/277/520 312/276/517 314/176/518 
s 411
f 315/325/521 273/176/419 274/276/420 
s 412
f 328/284/524 322/176/523 327/326/522 
s 413
f 323/327/525 327/326/522 322/176/523 
s 414
f 331/284/528 330/280/527 329/326/526 
s 415
f 332/327/529 329/326/526 330/280/527 
s 416
f 279/284/532 333/280/531 278/326/530 
s 417
f 334/328/533 278/326/530 333/280/531 
s 418
f 283/284/536 284/280/535 281/326/534 
s 419
f 280/327/537 281/326/534 284/280/535 
s 420
f 288/280/540 287/327/539 289/284/538 
s 421
f 285/326/541 289/284/538 287/327/539 
s 422
f 294/176/544 290/327/543 293/284/542 
s 423
f 291/326/545 293/284/542 290/327/543 
s 424
f 321/331/546 327/330/546 323/329/546 
s 425
f 321/285/547 322/284/547 328/280/547 
s 426
f 328/280/548 327/181/548 321/278/548 
s 427
f 335/334/549 329/333/549 332/332/549 
s 428
f 335/285/550 330/284/550 331/280/550 
s 429
f 332/287/551 330/284/551 335/285/551 
s 430
f 331/280/552 329/279/552 335/286/552 
s 431
f 277/337/553 278/336/553 334/335/553 
s 432
f 277/285/554 333/284/554 279/280/554 
s 433
f 334/287/555 333/284/555 277/286/555 
s 434
f 338/340/558 337/339/557 336/338/556 
s 435
f 339/341/560 338/340/559 336/338/556 
s 436
f 337/339/557 338/340/558 340/342/561 
s 437
f 343/345/564 342/344/563 341/343/562 
s 438
f 336/338/556 344/346/565 339/341/560 
s 439
f 346/348/567 345/347/566 340/342/561 
s 440
f 349/351/570 348/350/569 347/349/568 
s 441
f 340/342/561 350/352/571 337/339/557 
s 442
f 352/354/573 351/353/572 349/351/570 
s 443
f 355/357/576 354/356/575 353/355/574 
s 444
f 357/359/578 347/349/568 356/358/577 
s 445
f 359/361/580 358/360/579 353/355/574 
s 446
f 354/356/575 355/357/576 360/362/581 
s 447
f 363/365/583 362/364/583 361/363/582 
s 448
f 361/363/582 362/364/585 364/366/584 
s 449
f 366/368/586 365/367/587 362/364/586 
s 450
f 362/364/585 365/367/587 364/366/584 
s 451
f 365/367/587 359/361/580 364/366/584 
s 452
f 369/371/590 368/370/589 367/369/588 
s 453
f 372/374/593 371/373/592 370/372/591 
s 454
f 374/376/595 373/375/594 371/373/592 
s 455
f 375/377/596 367/369/588 373/375/594 
s 456
f 368/370/589 376/378/597 367/369/588 
s 457
f 371/373/592 376/378/597 370/372/598 
s 458
f 373/375/594 376/378/597 371/373/592 
s 459
f 367/369/588 376/378/597 373/375/594 
s 460
f 367/380/600 377/379/599 369/371/590 
s 461
f 380/383/603 379/382/602 378/381/601 
s 462
f 343/345/564 349/351/570 342/344/563 
s 463
f 381/384/604 348/350/569 343/345/564 
s 464
f 382/385/605 348/350/569 381/384/604 
s 465
f 381/384/604 343/345/564 341/343/562 
s 466
f 344/388/608 384/387/607 383/386/606 
s 467
f 385/389/606 383/386/606 384/387/607 
s 468
f 388/392/611 387/391/610 386/390/609 
s 469
f 389/393/612 347/349/568 348/350/569 
s 470
f 388/392/611 390/394/613 387/391/610 
s 471
f 393/397/616 392/396/615 391/395/614 
s 472
f 395/400/619 394/399/618 341/398/617 
s 473
f 390/394/613 394/399/620 395/400/619 
s 474
f 389/393/612 396/401/621 356/358/577 
s 475
f 398/403/623 396/401/621 397/402/622 
s 476
f 399/404/625 397/402/624 396/401/621 
s 477
f 396/401/621 389/393/612 399/404/625 
s 478
f 356/358/577 347/349/568 389/393/612 
s 479
f 358/360/627 359/361/580 365/405/626 
s 480
f 400/406/628 388/392/611 386/390/609 
s 481
f 401/407/629 394/399/618 390/394/613 
s 482
f 390/394/613 388/392/611 402/408/630 
s 483
f 403/409/631 398/403/623 397/402/622 
s 484
f 397/402/622 391/395/614 403/409/631 
s 485
f 392/396/615 403/409/632 391/395/614 
s 486
f 393/397/616 404/410/633 392/396/615 
s 487
f 344/346/565 383/411/634 339/341/560 
s 488
f 342/344/563 349/351/570 351/353/572 
s 489
f 340/342/561 345/347/566 350/352/571 
s 490
f 347/349/568 352/354/573 349/351/570 
s 491
f 343/345/564 348/350/569 349/351/570 
s 492
f 390/394/613 405/412/635 387/391/610 
s 493
f 408/415/636 407/414/636 406/413/636 
s 494
f 406/418/637 409/417/637 408/416/637 
s 495
f 406/418/640 410/419/639 409/417/638 
s 496
f 379/382/602 409/417/638 410/419/641 
s 497
f 410/419/639 378/381/601 379/382/602 
s 498
f 412/421/643 380/383/643 411/420/642 
s 499
f 378/381/601 411/420/642 380/383/603 
s 500
f 415/424/646 414/423/645 413/422/644 
s 501
f 416/425/649 413/422/648 414/423/647 
s 502
f 407/414/651 408/415/650 413/422/648 
s 503
f 415/424/646 413/422/644 408/415/650 
s 504
f 414/423/647 417/426/652 416/425/649 
s 505
f 418/427/655 416/425/654 417/426/653 
s 506
f 420/430/658 412/429/657 419/428/656 
s 507
f 411/431/659 419/428/656 412/429/657 
s 508
f 422/433/661 420/430/658 421/432/660 
s 509
f 419/428/656 421/432/660 420/430/658 
s 510
f 424/435/663 422/433/661 423/434/662 
s 511
f 421/432/660 423/434/662 422/433/661 
s 512
f 426/437/666 424/435/665 425/436/664 
s 513
f 423/434/662 425/436/664 424/435/665 
s 514
f 425/436/664 418/427/655 426/437/666 
s 515
f 429/440/669 428/439/668 427/438/667 
s 516
f 430/441/670 427/438/667 428/439/668 
s 517
f 432/444/673 429/443/672 431/442/671 
s 518
f 370/372/675 433/445/674 372/374/593 
s 519
f 435/447/677 376/378/597 434/446/676 
s 520
f 368/370/589 434/446/676 376/378/597 
s 521
f 434/446/678 368/370/589 377/379/599 
s 522
f 369/371/590 377/379/599 368/370/589 
s 523
f 433/445/674 370/372/675 435/447/677 
s 524
f 376/378/597 435/447/677 370/372/591 
s 525
f 404/410/633 393/397/616 436/448/679 
s 526
f 402/408/630 388/392/611 437/449/680 
s 527
f 386/390/609 387/391/610 432/444/681 
s 528
f 434/446/676 438/450/682 435/447/677 
s 529
f 399/404/625 389/393/612 382/385/683 
s 530
f 435/447/677 439/451/684 433/445/684 
s 531
f 438/450/682 440/452/685 435/447/677 
s 533
f 382/385/683 389/393/612 348/350/569 
s 534
f 440/452/685 439/451/686 435/447/677 
s 535
f 394/453/687 381/384/604 341/343/562 
s 536
f 360/362/581 431/454/688 354/356/575 
s 537
f 401/407/689 390/394/613 402/408/630 
s 538
f 400/406/690 437/449/680 388/392/611 
s 539
f 365/405/626 366/455/691 358/360/627 
s 540
f 353/355/574 358/360/579 355/357/576 
s 541
f 428/439/668 429/440/693 420/430/692 
s 542
f 412/429/694 420/430/692 429/440/693 
s 543
f 383/411/634 441/456/695 339/341/560 
s 544
f 395/400/619 339/458/697 442/457/696 
s 545
f 441/459/698 442/457/696 339/458/697 
s 546
f 405/412/635 390/394/613 442/457/696 
s 547
f 395/400/619 442/457/696 390/394/613 
s 550
f 417/426/653 426/437/666 418/427/655 
s 563
f 445/462/701 444/461/700 443/460/699 
s 564
f 446/463/702 443/460/699 444/461/700 
s 603
f 448/465/705 447/464/704 414/423/703 
s 636
f 451/468/708 450/467/707 449/466/706 
s 637
f 448/465/705 415/424/709 450/467/707 
s 638
f 450/467/707 415/424/711 452/469/710 
s 639
f 385/389/606 453/387/712 383/386/606 
s 640
f 454/388/712 383/386/606 453/387/712 
s 641
f 387/391/610 455/470/714 429/443/713 
s 642
f 347/349/568 447/464/704 448/465/705 
s 643
f 405/412/635 455/470/714 387/391/610 
s 644
f 456/471/717 422/433/716 424/435/715 
s 645
f 408/416/719 442/457/696 452/472/718 
s 646
f 408/416/720 405/412/635 442/457/696 
s 647
f 458/474/722 447/464/704 457/473/721 
s 648
f 417/426/724 458/474/722 426/437/723 
s 649
f 459/475/726 426/437/725 458/474/722 
s 650
f 447/464/704 458/474/722 417/426/724 
s 651
f 347/349/568 457/473/721 447/464/704 
s 652
f 455/470/714 412/421/728 429/443/727 
s 653
f 408/416/730 409/417/729 405/412/635 
s 654
f 455/470/714 405/412/635 379/476/731 
s 655
f 456/471/717 424/435/715 460/477/732 
s 673
f 415/424/711 408/415/733 452/469/710 
s 686
f 425/369/736 423/377/735 421/375/734 
s 687
f 462/378/738 461/370/737 425/369/736 
s 688
f 462/378/738 411/478/740 463/372/739 
s 689
f 462/378/738 421/375/734 411/478/740 
s 690
f 462/378/738 425/369/736 421/375/734 
s 691
f 459/475/741 460/477/732 426/437/725 
s 692
f 418/379/744 425/479/743 464/371/742 
s 693
f 410/445/747 463/372/746 378/480/745 
s 694
f 461/370/737 462/378/738 416/446/748 
s 695
f 465/447/749 416/446/748 462/378/738 
s 696
f 464/371/742 461/370/737 418/379/744 
s 697
f 416/446/750 418/379/744 461/370/737 
s 698
f 462/378/738 463/372/746 465/447/749 
s 699
f 410/445/751 465/447/749 463/372/751 
s 700
f 422/433/716 428/439/668 420/430/692 
s 701
f 455/470/714 379/476/731 380/383/752 
s 702
f 387/391/610 429/443/713 432/444/681 
s 703
f 413/450/753 416/446/748 465/447/749 
s 704
f 447/464/704 417/426/653 414/423/703 
s 705
f 406/451/754 465/447/749 410/445/747 
s 706
f 407/452/755 413/450/753 465/447/749 
s 707
f 448/465/705 414/423/703 415/424/709 
s 708
f 406/451/756 407/452/756 465/447/749 
s 710
f 431/454/688 427/481/757 354/356/575 
s 711
f 405/412/635 409/417/729 379/476/731 
s 712
f 380/383/758 412/421/728 455/470/714 
s 713
f 468/484/761 467/483/760 466/482/759 
s 714
f 466/482/763 353/355/574 430/485/762 
s 715
f 426/437/725 460/477/732 424/435/715 
s 716
f 428/439/668 422/433/716 456/471/717 
s 717
f 383/411/634 454/346/764 441/456/695 
s 718
f 451/468/708 449/466/706 351/353/572 
s 719
f 345/347/566 470/342/766 469/352/765 
s 720
f 352/354/573 347/349/568 451/468/708 
s 721
f 448/465/705 450/467/707 451/468/708 
s 722
f 473/339/769 472/340/768 471/338/767 
s 723
f 472/340/771 441/486/770 471/338/767 
s 724
f 472/340/768 473/339/769 470/342/766 
s 725
f 449/466/706 450/467/707 452/469/710 
s 727
f 345/347/566 346/348/567 470/342/766 
s 728
f 448/465/705 451/468/708 347/349/568 
s 729
f 469/352/765 470/342/766 473/339/769 
s 730
f 351/353/572 352/354/573 451/468/708 
s 731
f 359/361/580 466/482/759 467/483/760 
s 732
f 354/487/772 430/485/762 353/355/574 
s 733
f 347/349/568 357/359/578 457/473/721 
s 734
f 466/482/763 359/361/580 353/355/574 
s 735
f 430/488/773 354/356/575 427/481/757 
s 736
f 476/491/775 475/490/775 474/489/774 
s 737
f 476/491/776 474/489/774 364/366/584 
s 738
f 467/483/760 468/492/777 476/491/777 
s 739
f 467/483/760 476/491/776 364/366/584 
s 740
f 359/361/580 467/483/760 364/366/584 
s 741
f 461/370/737 464/371/742 425/369/736 
s 742
f 411/478/740 378/480/745 463/372/739 
s 743
f 421/375/734 419/376/778 411/478/740 
s 744
f 457/473/721 357/359/578 474/493/779 
s 745
f 479/461/782 478/494/781 477/462/780 
s 746
f 480/495/783 477/462/780 478/494/781 
s 750
f 482/463/785 479/461/782 481/460/784 
s 751
f 477/462/780 481/460/784 479/461/782 
s 762
f 454/346/764 471/338/767 441/486/770 
s 773
f 427/496/786 431/442/671 429/443/727 
s 774
f 452/472/718 442/457/696 472/497/787 
s 775
f 441/459/698 472/497/788 442/457/696 
s 776
f 449/466/706 452/469/710 470/498/789 
s 777
f 472/499/790 470/498/789 452/469/710 
s 778
f 351/353/572 449/466/706 346/500/791 
s 779
f 470/498/789 346/500/791 449/466/706 
s 781
f 364/501/792 474/493/779 357/359/578 
s 782
f 458/474/794 457/473/721 475/502/793 
s 783
f 474/493/779 475/502/793 457/473/721 
s 784
f 459/475/796 458/474/795 476/503/795 
s 785
f 475/502/793 476/503/797 458/474/797 
s 786
f 460/477/732 459/475/799 468/504/798 
s 787
f 476/503/800 468/504/798 459/475/796 
s 788
f 456/471/717 460/477/732 466/505/801 
s 789
f 468/504/798 466/505/801 460/477/732 
s 790
f 428/439/668 456/471/717 430/441/670 
s 791
f 466/505/802 430/441/670 456/471/717 
s 792
f 484/508/804 480/507/803 483/506/803 
s 794
f 484/508/804 477/462/780 480/495/783 
s 795
f 484/508/804 485/509/805 481/460/784 
s 796
f 484/508/804 481/460/784 477/462/780 
s 886
f 488/512/808 487/511/807 486/510/806 
s 907
f 491/515/811 490/514/810 489/513/809 
s 908
f 491/515/811 489/513/809 487/511/812 
s 909
f 491/517/814 487/511/812 492/516/813 
s 910
f 495/520/817 494/519/816 493/518/815 
s 911
f 492/516/818 493/518/815 494/519/816 
s 912
f 337/522/820 488/512/808 336/521/819 
s 913
f 486/510/806 336/521/819 488/512/808 
s 914
f 350/523/821 493/518/815 337/522/820 
s 915
f 488/512/808 337/522/820 493/518/815 
s 916
f 336/521/819 486/510/806 344/388/822 
s 917
f 496/387/823 344/388/822 486/510/806 
s 918
f 345/524/824 495/520/817 350/523/821 
s 919
f 493/518/815 350/523/821 495/520/817 
s 920
f 486/510/806 489/513/825 496/387/823 
s 921
f 490/514/826 496/387/823 489/513/825 
s 922
f 489/513/825 486/510/806 487/511/807 
s 923
f 498/525/828 497/389/827 490/514/826 
s 924
f 496/387/823 490/514/826 497/389/827 
s 925
f 493/518/815 492/516/818 488/512/808 
s 926
f 487/511/807 488/512/808 492/516/818 
s 927
f 400/527/830 386/526/829 436/448/679 
s 928
f 404/410/633 436/448/679 386/526/829 
s 929
f 440/529/833 394/453/832 439/528/831 
s 930
f 401/407/835 439/530/834 394/399/834 
s 931
f 402/408/630 433/531/836 401/407/629 
s 932
f 439/530/837 401/407/835 433/531/837 
s 933
f 433/531/836 402/408/630 372/532/838 
s 939
f 499/514/841 498/525/840 491/533/839 
s 940
f 500/513/842 499/514/841 491/533/839 
s 941
f 501/511/843 500/513/842 491/533/839 
s 942
f 495/520/817 502/518/844 494/519/816 
s 943
f 491/533/845 494/519/816 502/518/844 
s 944
f 473/522/848 471/521/847 503/512/846 
s 945
f 504/510/849 503/512/846 471/521/847 
s 946
f 469/523/850 473/522/848 502/518/844 
s 947
f 503/512/846 502/518/844 473/522/848 
s 948
f 471/521/847 454/388/851 504/510/849 
s 949
f 505/387/852 504/510/849 454/388/851 
s 950
f 345/524/824 469/523/850 495/520/817 
s 951
f 502/518/844 495/520/817 469/523/850 
s 952
f 504/510/849 505/387/852 500/513/853 
s 953
f 499/514/854 500/513/853 505/387/852 
s 954
f 503/512/846 504/510/849 501/511/855 
s 955
f 500/513/853 501/511/855 504/510/849 
s 956
f 498/525/828 499/514/854 497/389/827 
s 957
f 372/532/838 437/449/857 371/534/856 
s 958
f 505/387/852 497/389/827 499/514/854 
s 959
f 502/518/844 503/512/846 491/533/845 
s 960
f 501/511/855 491/533/845 503/512/846 
s 961
f 491/515/811 498/525/840 490/514/810 
s 962
f 491/517/814 492/516/813 494/519/858 
s 963
f 364/501/792 357/359/578 361/535/859 
s 964
f 356/358/577 361/535/859 357/359/578 
s 965
f 361/535/859 356/358/577 363/536/860 
s 966
f 396/401/861 363/536/860 356/358/577 
s 967
f 363/536/862 396/401/862 362/537/862 
s 968
f 398/403/865 362/537/864 396/401/863 
s 969
f 362/537/864 398/403/865 366/538/866 
s 970
f 403/409/867 366/538/866 398/403/865 
s 971
f 366/538/866 403/409/867 358/539/868 
s 972
f 392/396/615 358/539/868 403/409/632 
s 973
f 358/539/870 392/396/615 355/540/869 
s 974
f 404/410/871 355/540/869 392/396/615 
s 976
f 508/507/872 507/508/873 506/506/872 
s 978
f 445/462/701 507/508/873 508/495/874 
s 979
f 509/509/875 507/508/873 443/460/699 
s 980
f 443/460/699 507/508/873 445/462/701 
s 987
f 508/495/874 510/494/876 445/462/701 
s 988
f 444/461/700 445/462/701 510/494/876 
s 992
f 437/449/857 372/532/838 402/408/630 
s 993
f 400/406/877 371/534/856 437/449/877 
s 994
f 434/542/879 382/385/605 438/541/878 
s 995
f 381/384/880 438/541/880 382/385/880 
s 996
f 381/384/882 394/453/832 438/541/881 
s 997
f 440/529/833 438/541/881 394/453/883 
s 998
f 377/543/885 399/404/625 434/542/884 
s 999
f 382/385/605 434/542/879 399/404/625 
s 1000
f 371/545/888 400/527/887 374/544/886 
s 1001
f 436/448/889 374/544/886 400/527/887 
s 1002
f 374/544/886 436/448/889 373/546/890 
s 1003
f 393/397/891 373/546/890 436/448/889 
s 1004
f 373/546/890 393/397/891 375/547/892 
s 1005
f 391/395/893 375/547/892 393/397/891 
s 1006
f 375/547/892 391/395/893 367/548/894 
s 1007
f 397/402/895 367/548/894 391/395/893 
s 1008
f 367/548/894 397/402/895 377/543/885 
s 1009
f 399/404/625 377/543/885 397/402/895 
s 1010
f 386/526/896 360/549/896 404/410/896 
s 1011
f 360/550/898 386/390/897 431/442/671 
s 1012
f 432/444/673 431/442/671 386/390/897 
s 1013
f 339/458/697 395/400/619 338/551/899 
s 1014
f 341/398/617 338/551/900 395/400/619 
s 1015
f 338/553/902 341/343/562 340/552/901 
s 1016
f 342/344/563 340/552/901 341/343/562 
s 1017
f 340/552/901 342/344/563 346/500/791 
s 1018
f 351/353/572 346/500/791 342/344/563 
s 1046
f 355/540/869 404/410/871 360/549/903 
s 1135
f 513/556/906 512/555/905 511/554/904 
s 1136
f 515/558/909 513/556/908 514/557/907 
s 1137
f 516/559/912 515/558/911 514/557/910 
s 1138
f 513/556/915 516/560/914 514/557/913 
s 1139
f 519/563/918 518/562/917 517/561/916 
s 1140
f 517/561/920 520/564/919 519/563/918 
s 1141
f 517/561/922 521/565/921 520/564/919 
s 1142
f 517/561/922 522/567/923 521/566/923 
s 1143
f 517/561/924 523/568/925 522/567/924 
s 1144
f 517/561/926 518/562/917 523/568/925 
s 1145
f 526/571/927 525/570/928 524/569/927 
s 1146
f 528/573/930 525/570/928 527/572/929 
s 1147
f 526/571/931 527/572/929 525/570/928 
s 1148
f 527/572/933 529/574/932 528/573/930 
s 1149
f 531/576/936 527/572/935 530/575/934 
s 1150
f 526/577/939 531/576/938 530/575/937 
s 1151
f 527/572/929 526/571/931 530/575/940 
s 1152
f 534/580/943 533/579/942 532/578/941 
s 1153
f 535/581/944 532/578/941 533/579/942 
s 1154
f 535/581/946 536/582/945 532/578/941 
s 1155
f 538/584/948 536/582/945 537/583/947 
s 1156
f 537/587/949 539/586/950 538/585/949 
s 1157
f 540/588/952 539/586/950 533/579/951 
s 1158
f 537/587/953 533/579/951 539/586/950 
s 1159
f 533/579/954 534/580/943 540/588/952 
s 1160
f 535/581/944 533/579/942 541/589/955 
s 1161
f 537/583/947 535/581/957 541/589/956 
s 1162
f 533/579/951 537/587/953 541/589/958 
s 1163
f 512/555/905 513/556/908 542/590/959 
s 1164
f 515/558/909 542/590/959 513/556/908 
s 1165
f 515/558/961 543/591/960 542/590/959 
s 1166
f 544/592/962 543/591/960 516/559/912 
s 1167
f 515/558/911 516/559/912 543/591/960 
s 1168
f 516/560/963 545/594/964 544/593/963 
s 1169
f 511/554/904 545/594/964 513/556/915 
s 1170
f 548/597/967 547/596/966 546/595/965 
s 1171
f 547/596/969 549/598/968 546/595/965 
s 1172
f 549/598/972 550/599/971 546/595/970 
s 1173
f 550/599/971 551/600/973 546/595/970 
s 1174
f 551/600/973 552/601/974 546/595/970 
s 1175
f 552/601/976 553/602/975 546/595/965 
s 1176
f 550/599/971 554/603/977 551/600/973 
s 1177
f 516/560/914 513/556/915 545/594/964 
s 1178
f 552/601/979 551/600/973 554/603/978 
s 1179
f 550/599/971 549/598/981 555/604/980 
s 1180
f 547/596/982 555/604/980 549/598/981 
s 1181
f 557/606/984 555/604/980 556/605/983 
s 1182
f 556/607/985 555/604/985 547/596/969 
s 1183
f 555/604/980 557/606/984 550/599/971 
s 1184
f 554/603/978 558/608/986 552/601/979 
s 1185
f 560/610/988 559/609/987 558/608/986 
s 1186
f 552/601/989 558/608/986 559/609/987 
s 1187
f 554/603/977 550/599/971 557/606/984 
s 1188
f 563/613/992 562/612/991 561/611/990 
s 1189
f 564/614/993 561/611/990 562/612/991 
s 1190
f 566/616/995 565/615/994 562/612/991 
s 1191
f 564/614/993 562/612/991 565/615/994 
s 1192
f 569/619/998 568/618/997 567/617/996 
s 1193
f 572/622/1001 571/621/1000 570/620/999 
s 1194
f 569/619/998 574/624/1003 573/623/1002 
s 1195
f 575/625/1005 574/624/1003 567/617/1004 
s 1196
f 577/627/1007 572/622/1001 576/626/1006 
s 1197
f 580/630/1010 579/629/1009 578/628/1008 
s 1198
f 581/631/1011 578/628/1008 579/629/1009 
s 1199
f 583/633/1013 582/632/1012 580/630/1010 
s 1200
f 579/629/1009 580/630/1010 582/632/1012 
s 1201
f 558/634/1014 582/632/1012 583/633/1013 
s 1202
f 580/630/1010 578/628/1008 584/635/1015 
s 1203
f 583/633/1013 580/630/1010 560/636/1016 
s 1204
f 584/635/1015 560/636/1016 580/630/1010 
s 1205
f 560/636/1017 558/634/1014 583/633/1013 
s 1206
f 566/616/995 585/637/1018 565/615/994 
s 1207
f 582/632/1012 565/615/994 585/637/1018 
s 1208
f 554/639/1020 586/638/1019 558/634/1014 
s 1209
f 586/638/1019 564/614/993 558/634/1014 
s 1210
f 564/614/993 565/615/994 558/634/1021 
s 1211
f 560/636/1017 584/635/1015 587/610/1022 
s 1212
f 588/640/1023 587/610/1022 584/635/1015 
s 1213
f 590/642/1025 589/641/1024 588/640/1023 
s 1214
f 587/610/1022 588/640/1023 591/643/1026 
s 1215
f 589/641/1024 591/643/1026 588/640/1023 
s 1216
f 553/602/975 552/601/1027 548/597/967 
s 1217
f 559/609/987 548/597/967 552/601/1027 
s 1218
f 587/643/1029 548/597/967 560/610/1028 
s 1219
f 559/609/987 560/610/1028 548/597/967 
s 1220
f 553/602/975 548/597/967 546/595/1030 
s 1221
f 587/643/1029 591/644/1031 548/597/967 
s 1222
f 591/644/1031 547/596/969 548/597/967 
s 1223
f 594/647/1034 593/646/1033 592/645/1032 
s 1224
f 597/650/1037 596/649/1036 595/648/1035 
s 1225
f 596/649/1036 598/651/1038 595/648/1035 
s 1226
f 598/651/1038 599/652/1039 595/648/1035 
s 1227
f 599/652/1039 600/653/1040 595/648/1035 
s 1228
f 600/653/1040 597/650/1037 595/648/1035 
s 1229
f 602/655/1033 601/654/1034 597/650/1037 
s 1230
f 601/654/1034 603/656/1041 596/649/1036 
s 1231
f 603/656/1041 604/657/1042 598/651/1038 
s 1232
f 604/657/1042 605/658/1043 599/652/1039 
s 1233
f 605/658/1043 602/655/1033 600/653/1040 
s 1234
f 596/649/1036 597/650/1037 601/654/1034 
s 1235
f 598/651/1038 596/649/1036 603/656/1041 
s 1236
f 599/652/1039 598/651/1038 604/657/1042 
s 1237
f 600/653/1040 599/652/1039 605/658/1043 
s 1238
f 597/650/1037 600/653/1040 602/655/1033 
s 1239
f 603/656/1041 601/654/1034 606/659/1032 
s 1240
f 604/657/1042 603/656/1041 606/659/1032 
s 1241
f 605/658/1043 604/657/1042 606/659/1032 
s 1242
f 602/655/1033 605/658/1043 606/659/1032 
s 1243
f 609/662/1046 608/661/1045 607/660/1044 
s 1244
f 601/654/1034 602/655/1033 606/659/1032 
s 1245
f 529/574/932 527/572/935 610/663/1047 
s 1246
f 531/576/936 610/663/1047 527/572/935 
s 1247
f 531/576/1049 611/664/1048 610/663/1047 
s 1248
f 524/665/1050 611/664/1048 526/577/939 
s 1249
f 531/576/938 526/577/939 611/664/1048 
s 1250
f 576/626/1006 612/666/1051 577/627/1007 
s 1251
f 613/667/1052 577/627/1007 612/666/1051 
s 1252
f 577/627/1007 613/667/1052 614/668/1053 
s 1253
f 616/670/1055 614/668/1053 615/669/1054 
s 1254
f 614/668/1053 613/667/1052 617/671/1056 
s 1255
f 571/621/1057 577/627/1007 614/668/1053 
s 1256
f 620/674/1060 619/673/1059 618/672/1058 
s 1257
f 620/674/1060 618/672/1058 621/675/1061 
s 1258
f 624/678/1037 623/677/1036 622/676/1035 
s 1259
f 623/677/1036 625/679/1038 622/676/1035 
s 1260
f 625/679/1038 626/680/1062 622/676/1035 
s 1261
f 626/680/1062 627/681/1040 622/676/1035 
s 1262
f 627/681/1040 624/678/1037 622/676/1035 
s 1263
f 593/646/1033 594/647/1034 624/678/1037 
s 1264
f 594/647/1034 628/682/1041 623/677/1036 
s 1265
f 556/605/1063 547/596/969 591/644/1031 
s 1266
f 630/684/1042 629/683/1043 626/680/1062 
s 1267
f 629/683/1043 593/646/1033 627/681/1040 
s 1268
f 623/677/1036 624/678/1037 594/647/1034 
s 1269
f 625/679/1038 623/677/1036 628/682/1041 
s 1270
f 626/680/1062 625/679/1038 630/684/1042 
s 1271
f 627/681/1040 626/680/1062 629/683/1043 
s 1272
f 624/678/1037 627/681/1040 593/646/1033 
s 1273
f 628/682/1041 594/647/1034 592/645/1032 
s 1274
f 630/684/1042 628/682/1041 592/645/1032 
s 1275
f 629/683/1043 630/684/1042 592/645/1032 
s 1276
f 593/646/1033 629/683/1043 592/645/1032 
s 1277
f 633/687/1066 632/686/1065 631/685/1064 
s 1278
f 634/662/1067 631/685/1064 632/686/1065 
s 1279
f 631/690/1068 635/689/1069 633/688/1068 
s 1280
f 637/691/1071 635/689/1069 636/660/1070 
s 1281
f 631/690/1072 636/660/1070 635/689/1069 
s 1282
f 636/660/1074 638/692/1073 637/691/1071 
s 1283
f 634/662/1077 636/660/1076 639/693/1075 
s 1284
f 631/685/1064 634/662/1067 639/693/1078 
s 1285
f 636/660/1070 631/690/1072 639/693/1079 
s 1286
f 640/692/1080 607/660/1044 608/661/1045 
s 1287
f 535/581/957 537/583/947 536/582/945 
s 1288
f 609/662/1082 641/686/1081 608/661/1045 
s 1289
f 643/687/1084 641/686/1081 642/685/1083 
s 1290
f 609/662/1085 642/685/1083 641/686/1081 
s 1291
f 642/690/1086 644/689/1087 643/688/1086 
s 1292
f 645/691/1089 644/689/1087 607/660/1088 
s 1293
f 642/690/1090 607/660/1088 644/689/1087 
s 1294
f 607/660/1091 640/692/1080 645/691/1089 
s 1295
f 609/662/1046 607/660/1044 646/693/1092 
s 1296
f 642/685/1083 609/662/1085 646/693/1093 
s 1297
f 607/660/1088 642/690/1090 646/693/1094 
s 1298
f 649/696/1097 648/695/1096 647/694/1095 
s 1299
f 650/697/1099 647/694/1098 648/695/1096 
s 1300
f 652/699/1101 647/694/1101 651/698/1100 
s 1301
f 650/697/1103 651/698/1100 647/694/1102 
s 1302
f 651/702/1104 653/701/1105 652/700/1104 
s 1303
f 656/705/1108 655/704/1107 654/703/1106 
s 1304
f 657/706/1109 654/703/1106 655/704/1107 
s 1305
f 657/706/1111 658/707/1110 654/703/1106 
s 1306
f 660/709/1113 658/707/1110 659/708/1112 
s 1307
f 657/706/1114 659/708/1112 658/707/1110 
s 1308
f 659/712/1115 661/711/1116 660/710/1115 
s 1309
f 628/682/1041 630/684/1042 625/679/1038 
s 1310
f 662/713/1118 661/711/1116 655/704/1117 
s 1311
f 659/712/1119 655/704/1117 661/711/1116 
s 1312
f 655/704/1120 656/705/1108 662/713/1118 
s 1313
f 657/706/1109 655/704/1107 663/714/1121 
s 1314
f 659/708/1112 657/706/1114 663/714/1122 
s 1315
f 655/704/1117 659/712/1119 663/714/1123 
s 1316
f 666/717/1126 665/716/1125 664/715/1124 
s 1317
f 667/718/1127 664/715/1124 665/716/1125 
s 1318
f 667/718/1129 668/719/1128 664/715/1124 
s 1319
f 670/721/1131 668/719/1128 669/720/1130 
s 1320
f 667/718/1132 669/720/1130 668/719/1128 
s 1321
f 669/724/1133 671/723/1134 670/722/1133 
s 1322
f 672/725/1136 671/723/1134 665/716/1135 
s 1323
f 669/724/1137 665/716/1135 671/723/1134 
s 1324
f 665/716/1138 666/717/1126 672/725/1136 
s 1325
f 667/718/1127 665/716/1125 673/726/1139 
s 1326
f 669/720/1130 667/718/1132 673/726/1140 
s 1327
f 665/716/1135 669/724/1137 673/726/1141 
s 1328
f 638/692/1073 636/660/1076 674/661/1142 
s 1329
f 634/662/1077 674/661/1142 636/660/1076 
s 1330
f 634/662/1143 632/686/1065 674/661/1142 
s 1331
f 677/729/1146 676/728/1145 675/727/1144 
s 1332
f 678/731/1149 677/730/1148 675/727/1147 
s 1333
f 681/734/1152 680/733/1151 679/732/1150 
s 1334
f 682/735/1153 679/732/1150 680/733/1151 
s 1335
f 682/735/1155 683/736/1154 679/732/1150 
s 1336
f 685/738/1157 683/736/1154 684/737/1156 
s 1337
f 682/735/1158 684/737/1156 683/736/1154 
s 1338
f 684/737/1159 686/739/1159 685/738/1157 
s 1339
f 687/742/1162 686/741/1161 680/740/1160 
s 1340
f 684/743/1163 680/740/1160 686/741/1161 
s 1341
f 680/740/1164 681/744/1164 687/742/1162 
s 1342
f 682/735/1153 680/733/1151 688/745/1165 
s 1343
f 684/737/1156 682/735/1158 688/745/1166 
s 1344
f 680/740/1160 684/743/1163 688/746/1167 
s 1345
f 691/734/1170 690/733/1169 689/732/1168 
s 1346
f 692/735/1171 689/732/1168 690/733/1169 
s 1347
f 692/735/1173 693/736/1172 689/732/1168 
s 1348
f 695/738/1175 693/736/1172 694/737/1174 
s 1349
f 692/735/1176 694/737/1174 693/736/1172 
s 1350
f 694/737/1177 696/739/1177 695/738/1175 
s 1351
f 697/742/1180 696/741/1179 690/740/1178 
s 1352
f 694/743/1181 690/740/1178 696/741/1179 
s 1353
f 690/740/1182 691/744/1182 697/742/1180 
s 1354
f 692/735/1171 690/733/1169 698/745/1183 
s 1355
f 694/737/1174 692/735/1176 698/745/1184 
s 1356
f 690/740/1178 694/743/1181 698/746/1185 
s 1357
f 699/747/1187 653/701/1105 648/695/1186 
s 1358
f 651/702/1188 648/695/1186 653/701/1105 
s 1359
f 648/695/1189 649/696/1097 699/747/1187 
s 1360
f 650/697/1099 648/695/1096 700/748/1190 
s 1361
f 651/698/1100 650/697/1103 700/748/1191 
s 1362
f 648/695/1186 651/702/1188 700/748/1192 
s 1363
f 703/696/1097 702/695/1096 701/694/1095 
s 1364
f 704/697/1194 701/694/1193 702/695/1096 
s 1365
f 706/699/1101 701/694/1101 705/698/1100 
s 1366
f 704/697/1103 705/698/1100 701/694/1102 
s 1367
f 705/702/1104 707/701/1105 706/700/1104 
s 1368
f 708/747/1187 707/701/1105 702/695/1186 
s 1369
f 705/702/1195 702/695/1186 707/701/1105 
s 1370
f 702/695/1189 703/696/1097 708/747/1187 
s 1371
f 704/697/1194 702/695/1096 709/748/1190 
s 1372
f 705/698/1100 704/697/1103 709/748/1196 
s 1373
f 702/695/1186 705/702/1195 709/748/1192 
s 1374
f 711/750/1199 678/731/1198 710/749/1197 
s 1375
f 676/728/1200 710/749/1197 678/731/1198 
s 1376
f 676/728/1202 712/751/1201 710/749/1197 
s 1377
f 713/752/1203 712/751/1201 677/729/1146 
s 1378
f 676/728/1145 677/729/1146 712/751/1201 
s 1379
f 677/730/1204 714/754/1205 713/753/1204 
s 1380
f 715/755/1206 714/754/1205 678/731/1149 
s 1381
f 677/730/1148 678/731/1149 714/754/1205 
s 1382
f 678/731/1207 711/750/1199 715/755/1206 
s 1383
f 676/728/1200 678/731/1198 675/727/1208 
s 1384
f 718/561/1209 717/568/1210 716/567/1209 
s 1385
f 718/561/1212 719/562/1211 717/568/1210 
s 1386
f 722/758/1215 721/757/1214 720/756/1213 
s 1387
f 723/759/1216 720/756/1213 721/757/1214 
s 1388
f 723/759/1218 724/760/1217 720/756/1213 
s 1389
f 726/762/1220 724/760/1217 725/761/1219 
s 1390
f 723/759/1221 725/761/1219 724/760/1217 
s 1391
f 725/765/1222 727/764/1223 726/763/1222 
s 1392
f 728/766/1225 727/764/1223 721/757/1224 
s 1393
f 725/765/1226 721/757/1224 727/764/1223 
s 1394
f 721/757/1227 722/758/1215 728/766/1225 
s 1395
f 723/759/1216 721/757/1214 729/767/1228 
s 1396
f 725/761/1219 723/759/1221 729/767/1229 
s 1397
f 721/757/1224 725/765/1226 729/767/1230 
s 1398
f 732/758/1233 731/757/1232 730/756/1231 
s 1399
f 733/759/1234 730/756/1231 731/757/1232 
s 1400
f 733/759/1236 734/760/1235 730/756/1231 
s 1401
f 736/762/1238 734/760/1235 735/761/1237 
s 1402
f 733/759/1239 735/761/1237 734/760/1235 
s 1403
f 735/765/1240 737/764/1241 736/763/1240 
s 1404
f 738/766/1243 737/764/1241 731/757/1242 
s 1405
f 735/765/1244 731/757/1242 737/764/1241 
s 1406
f 731/757/1245 732/758/1233 738/766/1243 
s 1407
f 733/759/1234 731/757/1232 739/767/1246 
s 1408
f 735/761/1237 733/759/1239 739/767/1247 
s 1409
f 731/757/1242 735/765/1244 739/767/1248 
s 1410
f 740/563/1250 719/562/1211 718/561/1249 
s 1411
f 718/561/1252 741/564/1251 740/563/1250 
s 1412
f 718/561/1254 742/565/1253 741/564/1251 
s 1413
f 718/561/1254 716/567/1255 742/566/1255 
s 1414
f 745/770/1258 744/769/1257 743/768/1256 
s 1415
f 746/771/1260 743/768/1259 744/769/1257 
s 1416
f 749/774/1263 748/773/1262 747/772/1261 
s 1417
f 748/773/1262 750/775/1264 745/770/1258 
s 1418
f 745/770/1258 750/775/1264 744/769/1265 
s 1419
f 746/771/1260 744/769/1267 621/776/1266 
s 1420
f 621/776/1266 752/778/1269 751/777/1268 
s 1421
f 751/777/1268 752/778/1269 753/779/1270 
s 1422
f 752/778/1269 744/769/1271 750/775/1264 
s 1423
f 744/769/1272 752/778/1269 621/776/1272 
s 1424
f 756/782/1275 755/781/1274 754/780/1273 
s 1425
f 758/784/1277 757/783/1276 756/782/1275 
s 1426
f 759/785/1278 756/782/1275 757/783/1276 
s 1427
f 759/785/1278 757/783/1276 760/786/1279 
s 1428
f 761/787/1280 760/786/1279 757/783/1276 
s 1429
f 764/790/1283 763/789/1282 762/788/1281 
s 1430
f 765/791/1284 762/788/1281 763/789/1282 
s 1431
f 763/789/1282 758/792/1285 765/791/1284 
s 1432
f 756/793/1286 765/791/1284 758/792/1285 
s 1433
f 764/790/1283 563/613/992 766/794/1287 
s 1434
f 767/795/1288 766/794/1287 563/613/992 
s 1435
f 766/794/1287 768/796/1289 764/790/1283 
s 1436
f 763/789/1282 764/790/1283 768/796/1289 
s 1437
f 768/796/1289 769/797/1290 763/789/1282 
s 1438
f 758/792/1285 763/789/1282 769/797/1290 
s 1439
f 769/799/1292 770/798/1291 758/784/1277 
s 1440
f 773/802/1295 772/801/1294 771/800/1293 
s 1441
f 755/781/1274 774/803/1296 619/673/1059 
s 1442
f 775/804/1297 619/673/1059 774/803/1296 
s 1443
f 774/803/1296 776/805/1298 775/804/1297 
s 1444
f 777/806/1299 775/804/1297 776/805/1298 
s 1445
f 777/806/1299 776/805/1298 771/800/1293 
s 1446
f 754/808/1301 778/807/1300 756/793/1286 
s 1447
f 765/791/1284 756/793/1286 778/807/1300 
s 1448
f 756/782/1275 759/785/1278 755/781/1274 
s 1449
f 774/803/1296 755/781/1274 759/785/1278 
s 1450
f 760/786/1279 776/805/1298 759/785/1278 
s 1451
f 774/803/1296 759/785/1278 776/805/1298 
s 1452
f 771/800/1293 776/810/1302 760/809/1302 
s 1453
f 621/675/1061 618/672/1058 746/811/1303 
s 1454
f 781/814/1306 780/813/1305 779/812/1304 
s 1455
f 782/815/1307 779/812/1304 780/813/1305 
s 1456
f 779/812/1304 783/816/1308 781/814/1306 
s 1457
f 784/817/1310 781/814/1306 783/816/1309 
s 1458
f 783/816/1309 743/818/1311 784/817/1310 
s 1459
f 785/819/1312 784/817/1310 743/818/1311 
s 1460
f 743/818/1313 746/811/1303 785/819/1312 
s 1461
f 618/672/1058 785/819/1312 746/811/1303 
s 1462
f 748/773/1262 783/820/1314 747/772/1261 
s 1463
f 779/821/1315 747/772/1261 783/820/1314 
s 1464
f 748/773/1316 745/770/1258 783/820/1316 
s 1465
f 743/768/1256 783/820/1317 745/770/1258 
s 1466
f 788/824/1320 787/823/1319 786/822/1318 
s 1467
f 791/827/1323 790/826/1322 789/825/1321 
s 1468
f 792/828/1325 789/825/1321 790/826/1324 
s 1469
f 786/822/1318 792/828/1325 790/826/1326 
s 1470
f 794/830/1328 789/825/1321 793/829/1327 
s 1471
f 792/828/1325 793/829/1327 789/825/1321 
s 1472
f 796/832/1330 794/830/1328 795/831/1329 
s 1473
f 793/829/1327 795/831/1329 794/830/1328 
s 1474
f 796/832/1330 795/831/1329 797/833/1331 
s 1475
f 798/834/1332 789/825/1321 794/830/1328 
s 1476
f 796/832/1330 799/835/1333 794/830/1328 
s 1477
f 798/834/1332 794/830/1328 799/835/1334 
s 1478
f 796/832/1330 797/833/1331 799/835/1334 
s 1479
f 566/616/995 800/836/1335 585/637/1018 
s 1480
f 795/831/1329 585/637/1018 800/836/1335 
s 1481
f 778/807/1336 797/833/1331 765/791/1284 
s 1482
f 800/836/1335 762/788/1281 797/833/1331 
s 1483
f 797/833/1331 762/788/1281 765/791/1284 
s 1484
f 802/838/1338 798/834/1332 801/837/1337 
s 1485
f 799/835/1333 801/837/1337 798/834/1332 
s 1486
f 804/840/1340 802/838/1338 803/839/1339 
s 1487
f 801/837/1337 803/839/1339 802/838/1338 
s 1488
f 807/843/1343 806/842/1342 805/841/1341 
s 1489
f 808/844/1344 805/841/1341 806/842/1342 
s 1490
f 801/839/1346 799/837/1345 806/842/1342 
s 1491
f 757/783/1276 758/784/1277 770/798/1291 
s 1492
f 770/798/1291 809/845/1347 757/783/1276 
s 1493
f 761/787/1280 757/783/1276 809/845/1347 
s 1494
f 811/847/1349 810/846/1348 787/823/1319 
s 1495
f 753/850/1352 813/849/1351 812/848/1350 
s 1496
f 814/851/1353 812/848/1350 813/849/1351 
s 1497
f 816/853/1355 815/852/1354 781/814/1306 
s 1498
f 780/813/1305 781/814/1306 815/852/1354 
s 1499
f 819/856/1358 818/855/1357 817/854/1356 
s 1500
f 821/858/1360 820/857/1359 818/855/1357 
s 1501
f 818/855/1357 820/857/1359 817/854/1356 
s 1502
f 749/774/1263 747/772/1261 782/859/1361 
s 1503
f 779/821/1315 782/859/1361 747/772/1261 
s 1504
f 753/779/1270 752/778/1269 813/860/1362 
s 1505
f 823/862/1364 822/861/1363 792/828/1325 
s 1506
f 793/829/1327 792/828/1325 822/861/1363 
s 1507
f 787/823/1319 824/863/1365 786/822/1318 
s 1508
f 793/829/1327 822/861/1363 795/831/1329 
s 1509
f 585/637/1018 795/831/1329 822/861/1363 
s 1510
f 826/865/1367 825/864/1366 788/824/1320 
s 1511
f 827/866/1369 788/824/1320 825/864/1368 
s 1512
f 786/822/1318 828/867/1370 792/828/1325 
s 1513
f 823/862/1364 792/828/1325 828/867/1370 
s 1514
f 795/831/1329 800/836/1335 797/833/1371 
s 1515
f 790/826/1326 826/865/1367 786/822/1318 
s 1516
f 826/865/1367 788/824/1320 786/822/1318 
s 1517
f 568/618/997 569/619/998 829/868/1372 
s 1518
f 831/870/1373 830/869/1373 811/847/1373 
s 1519
f 810/846/1348 811/847/1349 830/869/1374 
s 1520
f 811/847/1377 832/871/1376 831/870/1375 
s 1521
f 568/618/997 833/872/1378 567/617/996 
s 1522
f 573/623/1002 834/874/1380 751/873/1379 
s 1523
f 621/675/1061 751/873/1379 834/874/1380 
s 1524
f 836/876/1382 575/625/1005 835/875/1381 
s 1525
f 835/875/1381 575/625/1005 837/877/1383 
s 1526
f 838/878/1384 574/624/1003 575/625/1005 
s 1527
f 836/876/1382 839/879/1385 575/625/1005 
s 1528
f 802/838/1338 804/840/1340 840/880/1386 
s 1529
f 791/827/1323 839/879/1385 790/826/1324 
s 1530
f 839/879/1385 836/876/1382 790/826/1324 
s 1531
f 836/876/1382 826/865/1367 790/826/1324 
s 1532
f 574/624/1003 834/874/1380 573/623/1002 
s 1533
f 834/874/1380 841/881/1387 621/675/1061 
s 1534
f 620/674/1060 621/675/1061 841/881/1387 
s 1535
f 575/625/1005 840/880/1386 838/878/1384 
s 1536
f 804/840/1340 838/878/1384 840/880/1386 
s 1537
f 834/874/1380 574/624/1003 841/881/1387 
s 1538
f 841/881/1387 574/624/1003 804/840/1340 
s 1539
f 838/878/1384 804/840/1340 574/624/1003 
s 1540
f 842/882/1389 830/869/1388 831/870/1375 
s 1541
f 844/884/1391 830/869/1388 843/883/1390 
s 1542
f 830/869/1388 842/882/1389 843/883/1390 
s 1543
f 842/882/1389 829/868/1372 843/883/1390 
s 1544
f 749/885/1392 750/775/1264 748/773/1392 
s 1545
f 824/863/1365 787/823/1319 845/886/1393 
s 1546
f 810/846/1348 845/886/1393 787/823/1319 
s 1547
f 568/618/997 829/868/1372 842/882/1389 
s 1548
f 811/847/1395 787/823/1319 827/866/1394 
s 1549
f 788/824/1320 827/866/1394 787/823/1319 
s 1550
f 835/875/1381 825/864/1366 836/876/1382 
s 1551
f 826/865/1367 836/876/1382 825/864/1366 
s 1552
f 829/868/1372 569/619/998 812/848/1350 
s 1553
f 573/623/1002 812/848/1350 569/619/998 
s 1554
f 567/617/1004 574/624/1003 569/619/998 
s 1555
f 812/848/1350 573/623/1002 753/850/1352 
s 1556
f 751/873/1379 753/850/1352 573/623/1002 
s 1557
f 827/866/1397 832/871/1396 811/847/1377 
s 1558
f 846/888/1399 832/887/1398 825/864/1368 
s 1559
f 827/866/1397 825/864/1368 832/887/1400 
s 1560
f 846/888/1402 825/864/1402 837/877/1401 
s 1561
f 835/875/1381 837/877/1383 825/864/1366 
s 1562
f 847/889/1405 831/870/1404 832/871/1403 
s 1563
f 833/872/1378 847/889/1405 846/888/1399 
s 1564
f 832/887/1406 846/888/1406 847/889/1405 
s 1565
f 567/617/1004 837/877/1383 575/625/1005 
s 1566
f 846/888/1399 837/877/1401 833/872/1378 
s 1567
f 567/617/1407 833/872/1378 837/877/1401 
s 1568
f 831/870/1404 847/889/1405 842/882/1389 
s 1569
f 833/872/1378 568/618/997 847/889/1405 
s 1570
f 847/889/1405 568/618/997 842/882/1389 
s 1571
f 812/848/1350 814/851/1353 829/868/1372 
s 1572
f 843/883/1390 829/868/1372 814/851/1353 
s 1573
f 821/858/1360 848/890/1408 820/857/1359 
s 1574
f 820/857/1359 850/892/1410 849/891/1409 
s 1575
f 851/893/1411 849/891/1409 850/892/1410 
s 1576
f 853/895/1413 849/891/1409 852/894/1412 
s 1577
f 851/893/1411 852/894/1412 849/891/1409 
s 1578
f 618/672/1058 854/896/1414 852/894/1412 
s 1579
f 853/895/1413 852/894/1412 854/896/1414 
s 1580
f 775/804/1297 854/896/1414 619/673/1059 
s 1581
f 618/672/1058 619/673/1059 854/896/1414 
s 1582
f 855/897/1415 817/854/1356 849/891/1409 
s 1583
f 820/857/1359 849/891/1409 817/854/1356 
s 1584
f 856/898/1416 855/897/1415 853/895/1413 
s 1585
f 849/891/1409 853/895/1413 855/897/1415 
s 1586
f 772/801/1294 856/898/1416 854/896/1414 
s 1587
f 853/895/1413 854/896/1414 856/898/1416 
s 1588
f 777/806/1299 772/801/1294 775/804/1297 
s 1589
f 854/896/1414 775/804/1297 772/801/1294 
s 1590
f 817/854/1356 857/899/1417 819/856/1358 
s 1591
f 855/897/1415 857/899/1417 817/854/1356 
s 1592
f 773/802/1295 857/899/1417 856/898/1416 
s 1593
f 855/897/1415 856/898/1416 857/899/1417 
s 1594
f 860/902/1420 859/901/1419 858/900/1418 
s 1595
f 772/801/1294 773/802/1295 856/898/1416 
s 1596
f 777/806/1299 771/800/1293 772/801/1294 
s 1597
f 839/879/1385 861/903/1421 575/625/1005 
s 1598
f 839/879/1385 791/827/1323 861/903/1421 
s 1599
f 789/825/1321 798/834/1332 791/827/1323 
s 1600
f 861/903/1421 791/827/1323 798/834/1332 
s 1601
f 798/834/1332 802/838/1338 861/903/1421 
s 1602
f 840/880/1386 861/903/1421 802/838/1338 
s 1603
f 575/625/1005 861/903/1421 840/880/1386 
s 1604
f 841/881/1387 804/840/1340 862/904/1422 
s 1605
f 803/839/1339 862/904/1422 804/840/1340 
s 1606
f 620/674/1060 841/881/1387 619/673/1059 
s 1607
f 862/904/1423 619/673/1059 841/881/1387 
s 1608
f 754/780/1273 755/781/1274 862/905/1424 
s 1609
f 619/673/1059 862/905/1425 755/781/1274 
s 1610
f 863/906/1426 816/853/1355 784/817/1310 
s 1611
f 781/814/1306 784/817/1310 816/853/1355 
s 1612
f 864/907/1427 863/906/1426 785/819/1312 
s 1613
f 784/817/1310 785/819/1312 863/906/1426 
s 1614
f 815/852/1354 816/853/1355 848/890/1408 
s 1615
f 850/892/1410 848/890/1408 816/853/1355 
s 1616
f 850/892/1410 820/857/1359 848/890/1408 
s 1617
f 850/892/1410 816/853/1355 851/893/1411 
s 1618
f 852/894/1412 851/893/1411 864/907/1427 
s 1619
f 863/906/1426 864/907/1427 851/893/1411 
s 1620
f 785/819/1312 618/672/1058 864/907/1427 
s 1621
f 864/907/1427 618/672/1058 852/894/1412 
s 1622
f 830/869/1374 844/884/1391 810/846/1348 
s 1623
f 845/886/1393 810/846/1348 844/884/1391 
s 1624
f 867/909/1430 866/605/1429 865/908/1428 
s 1625
f 868/910/1431 865/908/1428 866/605/1429 
s 1626
f 865/908/1428 868/910/1431 869/911/1432 
s 1627
f 870/912/1433 869/911/1432 868/910/1431 
s 1628
f 870/912/1433 771/913/1434 869/911/1432 
s 1629
f 557/915/1437 871/914/1436 554/639/1435 
s 1630
f 586/638/1019 554/639/1435 871/914/1436 
s 1631
f 865/908/1428 869/911/1432 872/916/1438 
s 1632
f 760/917/1439 872/916/1438 869/911/1432 
s 1633
f 869/920/1440 771/919/1440 760/918/1440 
s 1634
f 875/923/1443 874/922/1442 873/921/1441 
s 1635
f 858/900/1418 876/924/1444 780/813/1305 
s 1636
f 782/815/1307 780/813/1305 876/924/1444 
s 1637
f 876/924/1444 858/900/1418 859/901/1445 
s 1638
f 828/867/1370 786/822/1318 824/863/1365 
s 1639
f 859/901/1419 860/902/1420 877/925/1446 
s 1640
f 878/926/1448 877/925/1447 860/902/1420 
s 1641
f 877/925/1446 878/926/1448 875/923/1443 
s 1642
f 874/922/1442 875/923/1443 878/926/1448 
s 1643
f 876/929/1451 859/928/1450 879/927/1449 
s 1644
f 880/885/1453 879/927/1449 859/928/1452 
s 1645
f 880/885/1453 859/928/1455 881/930/1454 
s 1646
f 877/931/1456 881/930/1454 859/928/1455 
s 1647
f 881/930/1454 877/931/1456 882/932/1457 
s 1648
f 875/933/1459 882/932/1457 877/931/1458 
s 1649
f 879/927/1449 880/885/1453 749/774/1263 
s 1650
f 884/935/1461 848/890/1408 883/934/1460 
s 1651
f 886/937/1463 884/935/1461 885/936/1462 
s 1652
f 883/934/1460 885/936/1462 884/935/1461 
s 1653
f 888/939/1465 887/938/1464 885/936/1462 
s 1654
f 886/937/1463 885/936/1462 887/938/1464 
s 1655
f 874/922/1442 887/938/1464 889/940/1466 
s 1656
f 888/939/1465 889/940/1466 887/938/1464 
s 1657
f 868/910/1431 866/605/1429 889/940/1466 
s 1658
f 874/922/1442 889/940/1466 866/605/1429 
s 1659
f 819/856/1358 890/941/1467 818/855/1357 
s 1660
f 863/906/1426 851/893/1411 816/853/1355 
s 1661
f 890/941/1467 883/934/1460 818/855/1357 
s 1662
f 883/934/1460 821/858/1360 818/855/1357 
s 1663
f 885/936/1462 891/942/1468 888/939/1465 
s 1664
f 892/943/1469 888/939/1465 891/942/1468 
s 1665
f 883/934/1460 890/941/1467 885/936/1462 
s 1666
f 891/942/1468 885/936/1462 890/941/1467 
s 1667
f 893/944/1470 889/940/1466 892/943/1469 
s 1668
f 888/939/1465 892/943/1469 889/940/1466 
s 1669
f 870/912/1433 868/910/1431 893/944/1470 
s 1670
f 889/940/1466 893/944/1470 868/910/1431 
s 1671
f 819/856/1358 857/945/1471 890/941/1467 
s 1672
f 890/941/1467 857/945/1471 891/942/1468 
s 1673
f 891/942/1468 857/945/1471 892/943/1469 
s 1674
f 773/946/1472 892/943/1469 857/945/1471 
s 1675
f 892/943/1469 773/946/1472 893/944/1470 
s 1676
f 870/912/1433 893/944/1470 771/913/1434 
s 1677
f 773/946/1472 771/913/1434 893/944/1470 
s 1678
f 761/949/1475 809/948/1474 894/947/1473 
s 1679
f 897/952/1478 896/951/1477 895/950/1476 
s 1680
f 898/953/1479 612/666/1051 813/849/1351 
s 1681
f 814/851/1353 813/849/1351 612/666/1051 
s 1682
f 899/954/1480 858/900/1418 815/852/1354 
s 1683
f 780/813/1305 815/852/1354 858/900/1418 
s 1684
f 749/774/1263 782/859/1361 879/927/1449 
s 1685
f 876/929/1451 879/927/1449 782/859/1361 
s 1686
f 813/860/1362 752/778/1269 898/955/1481 
s 1687
f 823/862/1364 581/631/1011 822/861/1363 
s 1688
f 579/629/1009 822/861/1363 581/631/1011 
s 1689
f 828/867/1370 824/863/1365 900/956/1482 
s 1690
f 897/952/1478 900/956/1482 824/863/1365 
s 1691
f 579/629/1009 582/632/1012 822/861/1363 
s 1692
f 585/637/1018 822/861/1363 582/632/1012 
s 1693
f 903/959/1485 902/958/1484 901/957/1483 
s 1694
f 904/960/1486 901/957/1483 902/958/1484 
s 1695
f 900/956/1482 581/631/1011 828/867/1370 
s 1696
f 823/862/1364 828/867/1370 581/631/1011 
s 1697
f 558/634/1014 565/615/994 582/632/1012 
s 1698
f 903/959/1485 905/961/1487 902/958/1484 
s 1699
f 905/961/1488 900/956/1482 902/958/1484 
s 1700
f 900/956/1482 897/952/1478 902/958/1484 
s 1701
f 905/961/1488 581/631/1011 900/956/1482 
s 1702
f 906/962/1490 578/628/1008 905/961/1489 
s 1703
f 581/631/1011 905/961/1488 578/628/1008 
s 1704
f 881/930/1454 750/775/1264 880/885/1453 
s 1705
f 882/932/1265 750/775/1264 881/930/1454 
s 1706
f 873/963/1491 752/778/1269 882/932/1491 
s 1707
f 907/964/1493 752/778/1269 873/963/1492 
s 1708
f 898/955/1481 752/778/1269 907/964/1493 
s 1709
f 750/775/1264 882/932/1494 752/778/1269 
s 1710
f 875/933/1459 873/963/1492 882/932/1495 
s 1711
f 867/909/1430 872/916/1438 557/965/1496 
s 1712
f 871/966/1498 557/965/1497 872/916/1438 
s 1713
f 867/909/1430 865/908/1428 872/916/1438 
s 1714
f 872/916/1438 760/917/1439 894/947/1473 
s 1715
f 761/949/1475 894/947/1473 760/917/1439 
s 1716
f 561/611/990 564/614/993 908/967/1499 
s 1717
f 586/638/1019 908/967/1499 564/614/993 
s 1718
f 908/967/1499 586/638/1019 909/968/1500 
s 1719
f 871/914/1436 909/968/1500 586/638/1019 
s 1720
f 909/969/1501 871/966/1498 894/947/1473 
s 1721
f 872/916/1438 894/947/1473 871/966/1498 
s 1722
f 561/611/990 910/970/1502 563/613/992 
s 1723
f 767/795/1288 563/613/992 910/970/1502 
s 1724
f 910/970/1502 561/611/990 911/971/1503 
s 1725
f 908/967/1499 911/971/1503 561/611/990 
s 1726
f 911/971/1503 908/967/1499 912/972/1504 
s 1727
f 909/968/1500 912/972/1504 908/967/1499 
s 1728
f 912/974/1506 909/969/1501 913/973/1505 
s 1729
f 894/947/1473 913/973/1505 909/969/1501 
s 1730
f 913/973/1505 894/947/1473 809/948/1474 
s 1731
f 824/863/1365 845/886/1393 897/952/1478 
s 1732
f 896/951/1477 897/952/1478 845/886/1393 
s 1733
f 612/666/1051 576/626/1006 814/851/1353 
s 1734
f 843/883/1390 814/851/1353 576/626/1006 
s 1735
f 895/950/1476 904/960/1507 897/952/1478 
s 1736
f 902/958/1484 897/952/1478 904/960/1507 
s 1737
f 915/976/1509 914/975/1508 901/957/1483 
s 1738
f 903/959/1485 901/957/1483 914/975/1508 
s 1739
f 916/977/1510 614/668/1053 617/671/1056 
s 1740
f 612/666/1051 898/953/1479 613/667/1052 
s 1741
f 907/978/1511 613/667/1052 898/953/1479 
s 1742
f 895/950/1514 917/979/1513 904/960/1512 
s 1743
f 918/981/1517 901/957/1516 917/980/1515 
s 1744
f 904/960/1512 917/980/1518 901/957/1516 
s 1745
f 915/976/1509 901/957/1483 919/982/1519 
s 1746
f 918/981/1520 919/982/1521 901/957/1520 
s 1747
f 917/979/1524 921/984/1523 920/983/1522 
s 1748
f 570/620/999 918/981/1525 920/983/1522 
s 1749
f 917/980/1518 920/983/1522 918/981/1525 
s 1750
f 572/622/1001 577/627/1007 571/621/1000 
s 1751
f 918/981/1517 570/620/999 919/982/1521 
s 1752
f 571/621/1526 919/982/1521 570/620/999 
s 1753
f 921/984/1523 922/985/1527 920/983/1522 
s 1754
f 922/985/1527 572/622/1001 920/983/1522 
s 1755
f 572/622/1001 570/620/999 920/983/1522 
s 1756
f 576/626/1006 572/622/1001 922/985/1527 
s 1757
f 808/844/1344 806/842/1342 799/837/1345 
s 1758
f 807/843/1528 923/986/1528 806/842/1342 
s 1759
f 925/988/1531 924/987/1530 923/986/1529 
s 1760
f 862/673/1533 803/904/1532 924/987/1530 
s 1761
f 924/987/1530 803/904/1532 923/986/1534 
s 1762
f 923/986/1534 803/904/1532 806/842/1342 
s 1763
f 803/904/1532 801/839/1346 806/842/1342 
s 1764
f 807/843/1535 805/841/1535 923/986/1529 
s 1765
f 805/841/1538 926/989/1537 923/986/1536 
s 1766
f 926/989/1537 927/990/1539 923/986/1536 
s 1767
f 927/990/1539 925/988/1531 923/986/1540 
s 1768
f 927/990/1539 926/989/1537 778/991/1541 
s 1769
f 805/841/1542 778/991/1541 926/989/1537 
s 1770
f 927/990/1539 928/992/1543 925/988/1531 
s 1771
f 924/987/1530 925/988/1531 928/992/1544 
s 1772
f 862/673/1545 924/993/1545 928/992/1543 
s 1773
f 928/992/1546 754/905/1547 862/673/1546 
s 1774
f 927/990/1539 754/905/1547 928/992/1544 
s 1775
f 805/841/1549 797/994/1548 778/991/1541 
s 1776
f 799/837/1550 797/994/1550 808/844/1344 
s 1777
f 805/841/1551 808/844/1344 797/994/1548 
s 1778
f 754/905/1547 927/990/1539 778/991/1541 
s 1779
f 563/613/992 764/790/1283 562/612/991 
s 1780
f 762/788/1281 562/612/991 764/790/1283 
s 1781
f 566/616/995 562/612/991 800/836/1335 
s 1782
f 762/788/1281 800/836/1335 562/612/991 
s 1783
f 880/885/1453 750/775/1264 749/773/1552 
s 1784
f 929/995/1553 584/635/1015 906/962/1490 
s 1785
f 590/642/1025 588/640/1023 929/995/1553 
s 1786
f 584/635/1015 929/995/1553 588/640/1023 
s 1787
f 590/642/1025 929/995/1553 616/670/1055 
s 1788
f 916/977/1510 556/644/1554 589/641/1024 
s 1789
f 591/643/1026 589/641/1024 556/644/1554 
s 1790
f 874/922/1442 866/605/1429 930/996/1555 
s 1791
f 866/605/1429 867/909/1430 556/606/1556 
s 1792
f 557/965/1497 556/606/1557 867/909/1430 
s 1793
f 556/644/1558 916/977/1510 866/605/1429 
s 1794
f 930/996/1555 866/605/1429 916/977/1510 
s 1795
f 931/997/1559 860/902/1420 899/954/1480 
s 1796
f 858/900/1418 899/954/1480 860/902/1420 
s 1797
f 932/998/1560 878/926/1448 931/997/1559 
s 1798
f 860/902/1420 931/997/1559 878/926/1448 
s 1799
f 815/852/1354 848/890/1408 899/954/1480 
s 1800
f 884/935/1461 899/954/1480 848/890/1408 
s 1801
f 931/997/1559 899/954/1480 886/937/1463 
s 1802
f 884/935/1461 886/937/1463 899/954/1480 
s 1803
f 887/938/1464 932/998/1560 886/937/1463 
s 1804
f 931/997/1559 886/937/1463 932/998/1560 
s 1805
f 932/998/1560 874/922/1442 878/926/1448 
s 1806
f 887/938/1464 874/922/1442 932/998/1560 
s 1807
f 933/999/1561 896/951/1477 844/884/1391 
s 1808
f 845/886/1393 844/884/1391 896/951/1477 
s 1809
f 821/858/1360 883/934/1460 848/890/1408 
s 1810
f 896/951/1477 933/999/1562 895/950/1476 
s 1811
f 921/984/1523 895/950/1563 933/999/1563 
s 1812
f 921/984/1523 917/979/1564 895/950/1514 
s 1813
f 571/621/1057 614/668/1053 616/670/1055 
s 1814
f 613/667/1052 907/978/1511 617/671/1056 
s 1815
f 873/921/1565 617/671/1056 907/978/1511 
s 1816
f 915/976/1509 616/670/1055 914/975/1508 
s 1817
f 919/982/1519 616/670/1055 915/976/1509 
s 1818
f 571/621/1057 616/670/1055 919/982/1519 
s 1819
f 616/670/1055 934/1000/1566 914/975/1508 
s 1820
f 903/959/1485 914/975/1508 905/961/1488 
s 1821
f 914/975/1508 934/1000/1566 905/961/1488 
s 1822
f 934/1000/1566 906/962/1490 905/961/1488 
s 1823
f 617/671/1056 873/921/1565 916/977/1510 
s 1824
f 930/996/1555 916/977/1510 873/921/1565 
s 1825
f 873/921/1565 874/922/1442 930/996/1555 
s 1826
f 616/670/1055 615/669/1054 590/642/1025 
s 1827
f 589/641/1024 590/642/1025 615/669/1054 
s 1828
f 615/669/1054 614/668/1053 589/641/1024 
s 1829
f 916/977/1510 589/641/1024 614/668/1053 
s 1830
f 576/626/1006 922/985/1527 843/883/1390 
s 1831
f 922/985/1527 933/999/1562 843/883/1390 
s 1832
f 933/999/1562 844/884/1391 843/883/1390 
s 1833
f 921/984/1523 933/999/1562 922/985/1527 
s 1834
f 616/670/1055 929/995/1553 934/1000/1566 
s 1835
f 929/995/1553 906/962/1490 934/1000/1566 
s 1836
f 578/628/1008 906/962/1490 584/635/1015 
s 11
f 937/25/1569 936/24/1568 935/23/1567 
s 12
f 935/23/1567 938/26/1570 937/25/1569 
s 42
f 941/16/1571 940/15/1571 939/14/1571 
s 43
f 941/16/1572 942/15/1572 940/14/1572 
s 44
f 945/16/1573 944/15/1573 943/14/1573 
s 45
f 945/16/1574 946/15/1574 944/14/1574 
s 46
f 945/16/1575 943/15/1575 946/14/1575 
s 54
f 949/16/1576 948/15/1576 947/14/1576 
s 1
f 952/1003/1578 951/1002/1578 950/1001/1577 
s 2
f 953/1004/1580 950/1001/1579 951/1002/1579 
s 3
f 955/1007/1581 954/1006/1581 952/1005/1581 
s 4
f 951/1002/1581 952/1005/1581 954/1006/1581 
s 5
f 957/1010/1584 956/1009/1583 955/1008/1582 
s 6
f 954/1006/1585 955/1008/1582 956/1009/1583 
s 7
f 959/1012/1587 958/1011/1586 957/1010/1584 
s 8
f 956/1009/1588 957/1010/1588 958/1011/1586 
s 9
f 961/1014/1590 960/1013/1589 959/1012/1587 
s 10
f 958/1011/1586 959/1012/1587 960/1013/1589 
s 11
f 963/1017/1591 962/1016/1591 961/1015/1591 
s 12
f 960/1013/1591 961/1015/1591 962/1016/1591 
s 13
f 964/1018/1594 958/1011/1593 962/1016/1592 
s 14
f 960/1013/1595 962/1016/1592 958/1011/1593 
s 15
f 953/1004/1580 956/1009/1596 964/1018/1594 
s 16
f 958/1011/1597 964/1018/1594 956/1009/1596 
s 17
f 951/1002/1599 954/1006/1598 953/1004/1580 
s 18
f 956/1009/1596 953/1004/1580 954/1006/1598 
s 19
f 965/1020/1601 964/1018/1594 963/1019/1600 
s 20
f 962/1016/1602 963/1019/1600 964/1018/1594 
s 21
f 950/1001/1577 953/1004/1580 965/1020/1601 
s 22
f 964/1018/1594 965/1020/1601 953/1004/1580 
s 1
f 968/1001/1604 967/1002/1603 966/1003/1603 
s 2
f 967/1002/1606 968/1001/1606 969/1004/1605 
s 3
f 966/1005/1607 971/1006/1607 970/1007/1607 
s 4
f 971/1006/1607 966/1005/1607 967/1002/1607 
s 5
f 970/1008/1610 973/1009/1609 972/1010/1608 
s 6
f 973/1009/1609 970/1008/1610 971/1006/1611 
s 7
f 972/1010/1608 975/1011/1613 974/1012/1612 
s 8
f 975/1011/1613 972/1010/1614 973/1009/1614 
s 9
f 974/1012/1612 977/1013/1616 976/1014/1615 
s 10
f 977/1013/1616 974/1012/1612 975/1011/1613 
s 11
f 976/1015/1617 979/1016/1617 978/1017/1617 
s 12
f 979/1016/1617 976/1015/1617 977/1013/1617 
s 13
f 979/1016/1620 975/1011/1619 980/1018/1618 
s 14
f 975/1011/1619 979/1016/1620 977/1013/1621 
s 15
f 980/1018/1618 973/1009/1622 969/1004/1605 
s 16
f 973/1009/1622 980/1018/1618 975/1011/1623 
s 17
f 969/1004/1605 971/1006/1625 967/1002/1624 
s 18
f 971/1006/1625 969/1004/1605 973/1009/1622 
s 19
f 978/1019/1627 980/1018/1618 981/1020/1626 
s 20
f 980/1018/1618 978/1019/1627 979/1016/1628 
s 21
f 981/1020/1626 969/1004/1605 968/1001/1604 
s 22
f 969/1004/1605 981/1020/1626 980/1018/1618 
s 1
f 984/1003/1631 983/1002/1630 982/1001/1629 
s 2
f 985/1004/1633 982/1001/1632 983/1002/1632 
s 3
f 987/1007/1634 986/1006/1635 984/1005/1634 
s 4
f 983/1002/1634 984/1005/1634 986/1006/1634 
s 5
f 989/1010/1638 988/1009/1637 987/1008/1636 
s 6
f 986/1006/1639 987/1008/1636 988/1009/1637 
s 7
f 991/1012/1641 990/1011/1640 989/1010/1638 
s 8
f 988/1009/1642 989/1010/1642 990/1011/1640 
s 9
f 993/1014/1644 992/1013/1643 991/1012/1641 
s 10
f 990/1011/1640 991/1012/1641 992/1013/1643 
s 11
f 995/1017/1645 994/1016/1646 993/1015/1645 
s 12
f 992/1013/1647 993/1015/1645 994/1016/1646 
s 13
f 996/1018/1649 990/1011/1648 994/1016/1646 
s 14
f 992/1013/1647 994/1016/1646 990/1011/1648 
s 15
f 985/1004/1633 988/1009/1650 996/1018/1649 
s 16
f 990/1011/1651 996/1018/1649 988/1009/1650 
s 17
f 983/1002/1630 986/1006/1635 985/1004/1633 
s 18
f 988/1009/1650 985/1004/1633 986/1006/1635 
s 19
f 997/1020/1653 996/1018/1649 995/1019/1652 
s 20
f 994/1016/1646 995/1019/1652 996/1018/1649 
s 21
f 982/1001/1629 985/1004/1633 997/1020/1653 
s 22
f 996/1018/1649 997/1020/1653 985/1004/1633 
s 1
f 1000/1023/1656 999/1022/1655 998/1021/1654 
s 2
f 1001/1024/1658 999/1022/1657 1000/1023/1656 
s 3
f 1002/1025/1659 1001/1024/1658 1000/1023/1656 
s 4
f 1003/1026/1661 1001/1024/1658 1002/1025/1660 
s 5
f 1003/1026/1661 1004/1027/1662 1001/1024/1658 
s 6
f 1005/1028/1663 1004/1027/1662 1003/1026/1661 
s 7
f 1005/1028/1663 1006/1029/1664 1004/1027/1662 
s 8
f 1007/1030/1666 1006/1029/1664 1005/1028/1665 
s 9
f 1007/1030/1666 1008/1031/1667 1006/1029/1664 
s 10
f 1009/1034/1668 1008/1033/1668 1007/1032/1668 
s 11
f 1011/1037/1671 1010/1036/1670 1009/1035/1669 
s 12
f 1010/1036/1670 999/1038/1672 1009/1035/1669 
s 13
f 999/1038/1672 1001/1039/1673 1009/1035/1669 
s 14
f 1001/1039/1673 1004/1040/1674 1009/1035/1669 
s 15
f 1004/1040/1674 1006/1041/1675 1009/1035/1669 
s 16
f 1006/1041/1676 1008/1042/1676 1009/1035/1676 
s 17
f 1014/1045/1677 1013/1044/1677 1012/1043/1677 
s 18
f 1014/1045/1678 1015/1044/1678 1013/1043/1678 
s 19
f 1014/1045/1679 1012/1044/1679 1015/1043/1679 
s 20
f 1018/1030/1682 1017/1029/1681 1016/1028/1680 
s 21
f 1018/1030/1682 1019/1031/1683 1017/1029/1681 
s 22
f 1020/1034/1684 1019/1033/1684 1018/1032/1684 
s 23
f 1022/1037/1687 1021/1036/1686 1020/1035/1685 
s 24
f 1021/1036/1686 1023/1038/1688 1020/1035/1685 
s 25
f 1023/1038/1688 1024/1039/1689 1020/1035/1685 
s 26
f 1024/1039/1689 1025/1040/1690 1020/1035/1685 
s 27
f 1025/1040/1690 1017/1041/1691 1020/1035/1685 
s 28
f 1017/1041/1691 1019/1042/1692 1020/1035/1685 
s 29
f 998/1048/1695 1026/1047/1694 1009/1046/1693 
s 30
f 1000/1049/1696 998/1048/1695 1009/1046/1693 
s 31
f 1002/1050/1697 1000/1049/1696 1009/1046/1693 
s 32
f 1003/1051/1700 1002/1050/1699 1009/1046/1698 
s 33
f 1005/1052/1701 1003/1051/1700 1009/1046/1698 
s 34
f 1007/1053/1702 1005/1052/1701 1009/1046/1698 
s 35
f 1026/1056/1703 1011/1055/1703 1009/1054/1703 
s 36
f 1010/1059/1706 1011/1058/1705 1026/1057/1704 
s 37
f 998/1021/1654 1010/1059/1706 1026/1057/1704 
s 38
f 999/1022/1657 1010/1059/1706 998/1021/1654 
s 39
f 1029/1045/1707 1028/1044/1707 1027/1043/1707 
s 40
f 1029/1045/1708 1030/1044/1708 1028/1043/1708 
s 41
f 1029/1045/1709 1027/1044/1709 1030/1043/1709 
s 42
f 1033/1045/1710 1032/1044/1710 1031/1043/1710 
s 43
f 1033/1045/1711 1034/1044/1711 1032/1043/1711 
s 44
f 1033/1045/1712 1031/1044/1712 1034/1043/1712 
s 45
f 1037/1045/1713 1036/1044/1713 1035/1043/1713 
s 46
f 1037/1045/1714 1038/1044/1714 1036/1043/1714 
s 47
f 1037/1045/1715 1035/1044/1715 1038/1043/1715 
s 48
f 1041/1062/1718 1040/1061/1717 1039/1060/1716 
s 49
f 1043/1064/1720 1042/1063/1719 1041/1062/1718 
s 50
f 1042/1063/1719 1045/1066/1722 1044/1065/1721 
s 51
f 1045/1066/1722 1042/1063/1719 1043/1064/1720 
s 52
f 1044/1065/1721 1047/1068/1724 1046/1067/1723 
s 53
f 1047/1068/1724 1044/1065/1721 1045/1066/1722 
s 54
f 1039/1071/1727 1049/1070/1726 1048/1069/1725 
s 55
f 1048/1074/1729 1046/1073/1728 1047/1072/1728 
s 56
f 1048/1074/1732 1044/1076/1731 1046/1075/1730 
s 57
f 1042/1077/1733 1044/1076/1731 1048/1074/1732 
s 58
f 1040/1078/1734 1042/1077/1733 1048/1074/1732 
s 59
f 1045/1080/1736 1043/1079/1735 1048/1069/1725 
s 60
f 1048/1069/1725 1043/1079/1735 1041/1081/1737 
s 61
f 1045/1080/1736 1048/1069/1725 1047/1082/1738 
s 62
f 1039/1071/1727 1048/1069/1725 1041/1081/1737 
s 63
f 1052/1048/1740 1051/1047/1740 1050/1046/1739 
s 64
f 1053/1049/1742 1052/1048/1741 1050/1046/1739 
s 65
f 1054/1050/1743 1053/1049/1742 1050/1046/1739 
s 66
f 1055/1051/1744 1054/1050/1743 1050/1046/1739 
s 67
f 1049/1084/1746 1040/1061/1717 1056/1083/1745 
s 68
f 1058/1086/1748 1057/1085/1747 1040/1061/1717 
s 69
f 1056/1083/1745 1040/1061/1717 1057/1085/1747 
s 70
f 1057/1085/1747 1058/1086/1748 1059/1087/1749 
s 71
f 1061/1089/1751 1060/1088/1750 1058/1086/1748 
s 72
f 1059/1087/1749 1058/1086/1748 1060/1088/1750 
s 73
f 1063/1091/1753 1062/1090/1752 1061/1089/1751 
s 74
f 1060/1088/1750 1061/1089/1751 1062/1090/1752 
s 75
f 1048/1069/1725 1049/1070/1726 1056/1092/1754 
s 76
f 1062/1094/1755 1063/1093/1755 1048/1074/1729 
s 77
f 1063/1093/1757 1061/1095/1756 1048/1074/1732 
s 78
f 1048/1074/1732 1061/1095/1756 1058/1096/1758 
s 79
f 1048/1074/1732 1058/1096/1758 1040/1078/1734 
s 80
f 1048/1069/1725 1059/1098/1760 1060/1097/1759 
s 81
f 1057/1099/1761 1059/1098/1760 1048/1069/1725 
s 82
f 1062/1100/1762 1048/1069/1725 1060/1097/1759 
s 83
f 1057/1099/1761 1048/1069/1725 1056/1092/1754 
s 84
f 1039/1060/1716 1040/1061/1717 1049/1084/1746 
s 85
f 1040/1061/1717 1041/1062/1718 1042/1063/1719 
s 86
f 1065/1040/1765 1064/1041/1764 1050/1035/1763 
s 87
f 1064/1041/1764 1066/1042/1766 1050/1035/1763 
s 88
f 1068/1048/1769 1067/1047/1768 1020/1046/1767 
s 89
f 1069/1049/1770 1068/1048/1769 1020/1046/1767 
s 90
f 1070/1050/1771 1069/1049/1770 1020/1046/1767 
s 91
f 1071/1051/1772 1070/1050/1771 1020/1046/1767 
s 92
f 1016/1052/1773 1071/1051/1772 1020/1046/1767 
s 93
f 1018/1053/1774 1016/1052/1773 1020/1046/1767 
s 94
f 1067/1056/1775 1022/1055/1775 1020/1054/1775 
s 95
f 1021/1059/1778 1022/1058/1777 1067/1057/1776 
s 96
f 1068/1021/1779 1021/1059/1778 1067/1057/1776 
s 97
f 1023/1022/1780 1021/1059/1778 1068/1021/1779 
s 98
f 1069/1023/1781 1023/1022/1780 1068/1021/1779 
s 99
f 1024/1024/1782 1023/1022/1780 1069/1023/1781 
s 100
f 1070/1025/1783 1024/1024/1782 1069/1023/1781 
s 101
f 1071/1026/1784 1024/1024/1782 1070/1025/1783 
s 102
f 1071/1026/1784 1025/1027/1785 1024/1024/1782 
s 103
f 1016/1028/1680 1025/1027/1785 1071/1026/1784 
s 104
f 1016/1028/1680 1017/1029/1786 1025/1027/1785 
s 105
f 1072/1052/1787 1055/1051/1744 1050/1046/1739 
s 106
f 1073/1053/1788 1072/1052/1787 1050/1046/1739 
s 107
f 1051/1056/1789 1074/1055/1789 1050/1054/1789 
s 108
f 1075/1059/1792 1074/1058/1791 1051/1057/1790 
s 109
f 1052/1021/1793 1075/1059/1792 1051/1057/1790 
s 110
f 1076/1022/1794 1075/1059/1792 1052/1021/1793 
s 111
f 1053/1023/1795 1076/1022/1794 1052/1021/1793 
s 112
f 1077/1024/1796 1076/1022/1794 1053/1023/1795 
s 113
f 1054/1025/1797 1077/1024/1796 1053/1023/1795 
s 114
f 1055/1026/1798 1077/1024/1796 1054/1025/1797 
s 115
f 1055/1026/1798 1065/1027/1799 1077/1024/1796 
s 116
f 1072/1028/1800 1065/1027/1799 1055/1026/1798 
s 117
f 1072/1028/1800 1064/1029/1801 1065/1027/1799 
s 118
f 1073/1030/1802 1064/1029/1801 1072/1028/1800 
s 119
f 1073/1030/1802 1066/1031/1803 1064/1029/1801 
s 120
f 1050/1034/1804 1066/1033/1804 1073/1032/1804 
s 121
f 1074/1037/1806 1075/1036/1805 1050/1035/1763 
s 122
f 1075/1036/1805 1076/1038/1807 1050/1035/1763 
s 123
f 1076/1038/1807 1077/1039/1808 1050/1035/1763 
s 124
f 1077/1039/1808 1065/1040/1765 1050/1035/1763 
s 1
f 1080/1003/1810 1079/1002/1810 1078/1001/1809 
s 2
f 1081/1004/1812 1078/1001/1811 1079/1002/1811 
s 3
f 1083/1007/1813 1082/1006/1813 1080/1005/1813 
s 4
f 1079/1002/1814 1080/1005/1814 1082/1006/1814 
s 5
f 1085/1010/1817 1084/1009/1816 1083/1008/1815 
s 6
f 1082/1006/1818 1083/1008/1815 1084/1009/1816 
s 7
f 1087/1012/1820 1086/1011/1819 1085/1010/1817 
s 8
f 1084/1009/1821 1085/1010/1821 1086/1011/1819 
s 9
f 1089/1014/1823 1088/1013/1822 1087/1012/1820 
s 10
f 1086/1011/1819 1087/1012/1820 1088/1013/1822 
s 11
f 1091/1017/1826 1090/1016/1825 1089/1015/1824 
s 12
f 1088/1013/1827 1089/1015/1824 1090/1016/1825 
s 13
f 1092/1018/1830 1086/1011/1829 1090/1016/1828 
s 14
f 1088/1013/1831 1090/1016/1828 1086/1011/1829 
s 15
f 1081/1004/1812 1084/1009/1832 1092/1018/1830 
s 16
f 1086/1011/1833 1092/1018/1830 1084/1009/1832 
s 17
f 1079/1002/1835 1082/1006/1834 1081/1004/1812 
s 18
f 1084/1009/1832 1081/1004/1812 1082/1006/1834 
s 19
f 1093/1020/1837 1092/1018/1830 1091/1019/1836 
s 20
f 1090/1016/1838 1091/1019/1836 1092/1018/1830 
s 21
f 1078/1001/1809 1081/1004/1812 1093/1020/1837 
s 22
f 1092/1018/1830 1093/1020/1837 1081/1004/1812 
s 1
f 1096/1103/1839 1095/1102/1839 1094/1101/1839 
s 2
f 1097/1104/1839 1095/1102/1839 1096/1103/1839 
s 3
f 1098/1105/1839 1095/1102/1839 1097/1104/1839 
s 4
f 1099/1106/1839 1097/1104/1839 1096/1103/1839 
s 5
f 1100/1107/1839 1097/1104/1839 1099/1106/1839 
s 6
f 1101/1108/1839 1099/1106/1839 1096/1103/1839 
s 7
f 1104/1111/1840 1103/1110/1840 1102/1109/1840 
s 8
f 1106/1113/1840 1102/1109/1840 1105/1112/1840 
s 9
f 1107/1116/1843 1094/1115/1842 1105/1114/1841 
s 10
f 1095/1117/1841 1105/1114/1841 1094/1115/1842 
s 11
f 1108/1119/1844 1096/1118/1844 1107/1116/1843 
s 12
f 1094/1115/1842 1107/1116/1843 1096/1118/1844 
s 13
f 1109/1121/1846 1101/1120/1845 1108/1119/1844 
s 14
f 1096/1118/1844 1108/1119/1844 1101/1120/1845 
s 15
f 1103/1123/1847 1099/1122/1847 1109/1121/1846 
s 16
f 1101/1120/1848 1109/1121/1848 1099/1122/1847 
s 17
f 1104/1125/1850 1100/1124/1849 1103/1123/1847 
s 18
f 1099/1122/1847 1103/1123/1847 1100/1124/1849 
s 19
f 1102/1127/1851 1097/1126/1851 1104/1125/1850 
s 20
f 1100/1124/1849 1104/1125/1850 1097/1126/1851 
s 21
f 1106/1130/1854 1098/1129/1853 1102/1128/1852 
s 22
f 1097/1131/1852 1102/1128/1852 1098/1129/1853 
s 23
f 1105/1114/1841 1095/1117/1841 1106/1130/1854 
s 24
f 1098/1129/1853 1106/1130/1854 1095/1117/1841 
s 25
f 1112/1134/1839 1111/1133/1839 1110/1132/1839 
s 26
f 1113/1135/1839 1112/1134/1839 1110/1132/1839 
s 27
f 1116/1138/1839 1115/1137/1839 1114/1136/1839 
s 28
f 1117/1139/1839 1115/1137/1839 1116/1138/1839 
s 29
f 1118/1140/1839 1115/1137/1839 1117/1139/1839 
s 30
f 1119/1141/1839 1117/1139/1839 1116/1138/1839 
s 31
f 1114/1144/1855 1120/1143/1856 1116/1142/1855 
s 32
f 1121/1145/1858 1116/1142/1857 1120/1143/1856 
s 33
f 1115/1147/1859 1122/1146/1859 1114/1144/1859 
s 34
f 1120/1143/1856 1114/1144/1859 1122/1146/1859 
s 35
f 1118/1150/1861 1123/1149/1861 1115/1148/1860 
s 36
f 1122/1151/1860 1115/1148/1860 1123/1149/1861 
s 37
f 1117/1153/1863 1124/1152/1862 1118/1150/1861 
s 38
f 1123/1149/1861 1118/1150/1861 1124/1152/1862 
s 39
f 1119/1155/1865 1125/1154/1865 1117/1153/1864 
s 40
f 1124/1152/1862 1117/1153/1864 1125/1154/1865 
s 41
f 1116/1142/1857 1121/1145/1858 1119/1155/1865 
s 42
f 1125/1154/1865 1119/1155/1865 1121/1145/1858 
s 43
f 1128/1157/1840 1127/1132/1840 1126/1156/1840 
s 44
f 1129/1134/1840 1127/1132/1840 1128/1157/1840 
s 45
f 1130/1135/1840 1127/1132/1840 1129/1134/1840 
s 46
f 1131/1133/1840 1129/1134/1840 1128/1157/1840 
s 47
f 1126/1160/1866 1132/1159/1866 1128/1158/1866 
s 48
f 1133/1161/1858 1128/1158/1866 1132/1159/1867 
s 49
f 1127/1163/1869 1110/1162/1868 1126/1160/1868 
s 50
f 1132/1159/1867 1126/1160/1868 1110/1162/1868 
s 51
f 1130/1165/1861 1113/1164/1861 1127/1163/1869 
s 52
f 1110/1162/1863 1127/1163/1863 1113/1164/1861 
s 53
f 1129/1167/1860 1112/1166/1860 1130/1165/1861 
s 54
f 1113/1164/1861 1130/1165/1861 1112/1166/1860 
s 55
f 1131/1170/1871 1111/1169/1870 1129/1168/1870 
s 56
f 1112/1171/1859 1129/1168/1870 1111/1169/1870 
s 57
f 1128/1158/1855 1133/1161/1858 1131/1170/1871 
s 58
f 1111/1169/1855 1131/1170/1871 1133/1161/1858 
s 59
f 1110/1132/1839 1133/1157/1839 1132/1156/1839 
s 60
f 1111/1133/1839 1133/1157/1839 1110/1132/1839 
s 61
f 1136/1174/1840 1135/1173/1840 1134/1172/1840 
s 62
f 1138/1176/1840 1134/1172/1840 1137/1175/1840 
s 63
f 1140/1179/1874 1139/1178/1873 1137/1177/1872 
s 64
f 1141/1180/1872 1137/1177/1872 1139/1178/1873 
s 65
f 1135/1182/1876 1142/1181/1875 1140/1179/1874 
s 66
f 1139/1178/1873 1140/1179/1874 1142/1181/1875 
s 67
f 1136/1184/1877 1143/1183/1877 1135/1182/1876 
s 68
f 1142/1181/1875 1135/1182/1876 1143/1183/1877 
s 69
f 1134/1186/1878 1144/1185/1878 1136/1184/1877 
s 70
f 1143/1183/1877 1136/1184/1877 1144/1185/1878 
s 71
f 1138/1189/1881 1145/1188/1880 1134/1187/1879 
s 72
f 1144/1190/1879 1134/1187/1879 1145/1188/1880 
s 73
f 1137/1177/1872 1141/1180/1872 1138/1189/1881 
s 74
f 1145/1188/1880 1138/1189/1881 1141/1180/1872 
s 75
f 1105/1112/1840 1108/1192/1840 1107/1191/1840 
s 76
f 1102/1109/1840 1108/1192/1840 1105/1112/1840 
s 77
f 1103/1110/1840 1108/1192/1840 1102/1109/1840 
s 78
f 1109/1193/1840 1108/1192/1840 1103/1110/1840 
s 79
f 1148/1196/1839 1147/1195/1839 1146/1194/1839 
s 80
f 1149/1197/1839 1147/1195/1839 1148/1196/1839 
s 81
f 1150/1198/1839 1147/1195/1839 1149/1197/1839 
s 82
f 1151/1199/1839 1149/1197/1839 1148/1196/1839 
s 83
f 1146/1202/1884 1152/1201/1883 1148/1200/1882 
s 84
f 1153/1203/1885 1148/1200/1882 1152/1201/1883 
s 85
f 1147/1205/1886 1154/1204/1886 1146/1202/1886 
s 86
f 1152/1201/1883 1146/1202/1884 1154/1204/1886 
s 87
f 1150/1208/1889 1155/1207/1888 1147/1206/1887 
s 88
f 1154/1209/1887 1147/1206/1887 1155/1207/1888 
s 89
f 1149/1211/1891 1156/1210/1890 1150/1208/1889 
s 90
f 1155/1207/1888 1150/1208/1889 1156/1210/1890 
s 91
f 1151/1213/1893 1157/1212/1893 1149/1211/1892 
s 92
f 1156/1210/1890 1149/1211/1892 1157/1212/1893 
s 93
f 1148/1200/1894 1153/1203/1885 1151/1213/1893 
s 94
f 1157/1212/1893 1151/1213/1893 1153/1203/1885 
s 95
f 1137/1175/1840 1135/1173/1840 1140/1214/1840 
s 96
f 1134/1172/1840 1135/1173/1840 1137/1175/1840 
s 97
f 1160/1103/1895 1159/1102/1895 1158/1101/1895 
s 98
f 1161/1104/1895 1159/1102/1895 1160/1103/1895 
s 99
f 1162/1105/1895 1159/1102/1895 1161/1104/1895 
s 100
f 1163/1106/1895 1161/1104/1895 1160/1103/1895 
s 101
f 1164/1107/1895 1161/1104/1895 1163/1106/1895 
s 102
f 1165/1108/1895 1163/1106/1895 1160/1103/1895 
s 121
f 1168/1134/1895 1167/1133/1895 1166/1132/1895 
s 122
f 1169/1135/1895 1168/1134/1895 1166/1132/1895 
s 123
f 1172/1138/1895 1171/1137/1895 1170/1136/1895 
s 124
f 1173/1139/1895 1171/1137/1895 1172/1138/1895 
s 125
f 1174/1140/1895 1171/1137/1895 1173/1139/1895 
s 126
f 1175/1141/1895 1173/1139/1895 1172/1138/1895 
s 127
f 1170/1144/1897 1176/1143/1897 1172/1142/1896 
s 128
f 1177/1145/1896 1172/1142/1896 1176/1143/1897 
s 129
f 1171/1147/1898 1178/1146/1898 1170/1144/1897 
s 130
f 1176/1143/1897 1170/1144/1897 1178/1146/1898 
s 131
f 1174/1150/1900 1179/1149/1900 1171/1148/1899 
s 132
f 1178/1151/1899 1171/1148/1899 1179/1149/1900 
s 133
f 1173/1153/1902 1180/1152/1901 1174/1150/1900 
s 134
f 1179/1149/1900 1174/1150/1900 1180/1152/1901 
s 135
f 1175/1155/1904 1181/1154/1904 1173/1153/1903 
s 136
f 1180/1152/1901 1173/1153/1903 1181/1154/1904 
s 137
f 1172/1142/1896 1177/1145/1896 1175/1155/1904 
s 138
f 1181/1154/1904 1175/1155/1904 1177/1145/1896 
s 139
f 1184/1157/1905 1183/1132/1905 1182/1156/1905 
s 140
f 1185/1134/1905 1183/1132/1905 1184/1157/1905 
s 141
f 1186/1135/1905 1183/1132/1905 1185/1134/1905 
s 142
f 1187/1133/1905 1185/1134/1905 1184/1157/1905 
s 143
f 1182/1160/1906 1188/1159/1904 1184/1158/1906 
s 144
f 1189/1161/1906 1184/1158/1906 1188/1159/1904 
s 145
f 1183/1163/1903 1166/1162/1901 1182/1160/1903 
s 146
f 1188/1159/1904 1182/1160/1903 1166/1162/1901 
s 147
f 1186/1165/1900 1169/1164/1902 1183/1163/1902 
s 148
f 1166/1162/1901 1183/1163/1902 1169/1164/1907 
s 149
f 1185/1167/1899 1168/1166/1899 1186/1165/1900 
s 150
f 1169/1164/1907 1186/1165/1900 1168/1166/1899 
s 151
f 1187/1170/1897 1167/1169/1898 1185/1168/1898 
s 152
f 1168/1171/1898 1185/1168/1898 1167/1169/1898 
s 153
f 1184/1158/1908 1189/1161/1908 1187/1170/1897 
s 154
f 1167/1169/1908 1187/1170/1897 1189/1161/1908 
s 155
f 1166/1132/1895 1189/1157/1895 1188/1156/1895 
s 156
f 1167/1133/1895 1189/1157/1895 1166/1132/1895 
s 175
f 1192/1196/1895 1191/1195/1895 1190/1194/1895 
s 176
f 1193/1197/1895 1191/1195/1895 1192/1196/1895 
s 177
f 1194/1198/1895 1191/1195/1895 1193/1197/1895 
s 178
f 1195/1199/1895 1193/1197/1895 1192/1196/1895 
s 179
f 1190/1202/1911 1196/1201/1910 1192/1200/1909 
s 180
f 1197/1203/1913 1192/1200/1912 1196/1201/1910 
s 181
f 1191/1205/1914 1198/1204/1914 1190/1202/1914 
s 182
f 1196/1201/1910 1190/1202/1911 1198/1204/1914 
s 183
f 1194/1208/1916 1199/1207/1916 1191/1206/1915 
s 184
f 1198/1209/1915 1191/1206/1915 1199/1207/1916 
s 185
f 1193/1211/1918 1200/1210/1917 1194/1208/1916 
s 186
f 1199/1207/1916 1194/1208/1916 1200/1210/1917 
s 187
f 1195/1213/1920 1201/1212/1919 1193/1211/1918 
s 188
f 1200/1210/1917 1193/1211/1920 1201/1212/1919 
s 189
f 1192/1200/1912 1197/1203/1913 1195/1213/1921 
s 190
f 1201/1212/1919 1195/1213/1921 1197/1203/1913 
s 1
f 1204/1217/1924 1203/1216/1923 1202/1215/1922 
s 2
f 1203/1216/1923 1204/1217/1926 1205/1218/1925 
s 3
f 1208/1221/1927 1207/1220/1928 1206/1219/1927 
s 4
f 1207/1220/1928 1208/1221/1930 1209/1222/1929 
s 5
f 1209/1222/1929 1202/1215/1922 1207/1220/1928 
s 6
f 1202/1215/1922 1209/1222/1929 1204/1217/1926 
s 7
f 1205/1218/1932 1210/1223/1931 1203/1216/1923 
s 8
f 1210/1223/1933 1205/1218/1932 1211/1224/1933 
s 9
f 1205/1218/1936 1213/1226/1935 1212/1225/1934 
s 10
f 1213/1226/1935 1205/1218/1932 1204/1217/1937 
s 11
f 1207/1220/1939 1214/1227/1939 1206/1219/1938 
s 12
f 1209/1222/1942 1216/1229/1941 1215/1228/1940 
s 13
f 1216/1229/1941 1209/1222/1943 1208/1221/1943 
s 14
f 1204/1217/1945 1215/1228/1944 1213/1226/1935 
s 15
f 1215/1228/1944 1204/1217/1945 1209/1222/1942 
s 16
f 1219/1223/1946 1218/1230/1946 1217/1216/1946 
s 17
f 1211/1224/1948 1212/1225/1934 1220/1231/1947 
s 18
f 1212/1225/1934 1211/1224/1948 1205/1218/1949 
s 19
f 1210/1223/1952 1220/1233/1951 1221/1232/1950 
s 20
f 1220/1233/1951 1210/1223/1952 1211/1224/1948 
s 21
f 1208/1221/1955 1214/1235/1954 1216/1234/1953 
s 22
f 1214/1235/1954 1208/1221/1955 1206/1219/1938 
s 23
f 1221/1238/1958 1212/1237/1957 1203/1236/1956 
s 24
f 1212/1237/1957 1221/1238/1958 1220/1239/1959 
s 25
f 1203/1236/1956 1213/1241/1961 1202/1240/1960 
s 26
f 1213/1241/1961 1203/1236/1956 1212/1237/1957 
s 27
f 1202/1240/1960 1215/1243/1963 1207/1242/1962 
s 28
f 1215/1243/1963 1202/1240/1960 1213/1241/1961 
s 29
f 1214/1245/1965 1215/1243/1964 1216/1244/1964 
s 30
f 1215/1243/1963 1214/1245/1965 1207/1242/1962 
s 1
f 1224/1248/1968 1223/1247/1967 1222/1246/1966 
s 2
f 1223/1247/1967 1224/1248/1970 1225/1249/1969 
s 3
f 1225/1249/1969 1226/1250/1971 1223/1247/1967 
s 4
f 1226/1250/1971 1225/1249/1973 1227/1251/1972 
s 5
f 1227/1251/1972 1228/1252/1974 1226/1250/1971 
s 6
f 1228/1252/1974 1227/1251/1972 1229/1253/1975 
s 7
f 1229/1253/1975 1230/1254/1976 1228/1252/1974 
s 8
f 1230/1254/1976 1229/1253/1978 1231/1251/1977 
s 9
f 1231/1251/1977 1222/1246/1966 1230/1254/1976 
s 10
f 1222/1246/1966 1231/1251/1977 1224/1248/1970 
s 11
f 1232/1255/1979 1222/1246/1966 1223/1247/1967 
s 12
f 1232/1255/1980 1223/1247/1967 1226/1250/1971 
s 13
f 1232/1255/1981 1226/1250/1971 1228/1252/1974 
s 14
f 1232/1255/1982 1228/1252/1974 1230/1254/1976 
s 15
f 1232/1255/1983 1230/1254/1976 1222/1246/1966 
s 16
f 1235/1258/1986 1234/1257/1985 1233/1256/1984 
s 17
f 1234/1257/1985 1235/1258/1986 1236/1259/1985 
s 18
f 1236/1261/1987 1237/1256/1987 1234/1260/1987 
s 19
f 1237/1256/1987 1236/1261/1987 1238/1262/1988 
s 20
f 1238/1262/1988 1239/1263/1990 1237/1256/1989 
s 21
f 1239/1263/1990 1238/1262/1988 1240/1264/1991 
s 22
f 1240/1264/1991 1241/1265/1992 1239/1263/1990 
s 23
f 1241/1265/1992 1240/1264/1991 1242/1266/1992 
s 24
f 1242/1269/1993 1243/1268/1993 1241/1267/1993 
s 25
f 1243/1268/1993 1242/1269/1993 1244/1270/1994 
s 26
f 1244/1270/1994 1233/1256/1984 1243/1268/1995 
s 27
f 1233/1256/1984 1244/1270/1994 1235/1258/1986 
s 28
f 1237/1273/1996 1233/1272/1996 1234/1271/1996 
s 29
f 1233/1272/1996 1241/1275/1996 1243/1274/1996 
s 30
f 1237/1273/1996 1241/1275/1996 1233/1272/1996 
s 31
f 1237/1273/1996 1239/1276/1996 1241/1275/1996 
s 32
f 1247/1277/1999 1246/1247/1998 1245/1248/1997 
s 33
f 1248/1249/2000 1245/1248/1997 1246/1247/1998 
s 34
f 1246/1247/1998 1249/1250/2001 1248/1249/2000 
s 35
f 1250/1251/2002 1248/1249/2000 1249/1250/2001 
s 36
f 1249/1250/2001 1251/1252/2003 1250/1251/2002 
s 37
f 1252/1253/2004 1250/1251/2002 1251/1252/2003 
s 38
f 1251/1252/2003 1253/1254/2005 1252/1253/2004 
s 39
f 1254/1251/2006 1252/1253/2004 1253/1254/2005 
s 40
f 1253/1254/2005 1247/1277/1999 1254/1251/2006 
s 41
f 1245/1248/1997 1254/1251/2006 1247/1277/1999 
s 42
f 1246/1247/1998 1247/1277/1999 1255/1255/2007 
s 43
f 1249/1250/2001 1246/1247/1998 1255/1255/2008 
s 44
f 1251/1252/2003 1249/1250/2001 1255/1255/2009 
s 45
f 1253/1254/2005 1251/1252/2003 1255/1255/2010 
s 46
f 1247/1277/1999 1253/1254/2005 1255/1255/2011 
s 47
f 1258/1256/2014 1257/1257/2013 1256/1258/2012 
s 48
f 1259/1259/2013 1256/1258/2012 1257/1257/2013 
s 49
f 1257/1260/2015 1260/1256/2015 1259/1261/2015 
s 50
f 1261/1262/2016 1259/1261/2015 1260/1256/2015 
s 51
f 1260/1256/2018 1262/1263/2017 1261/1262/2016 
s 52
f 1263/1264/2019 1261/1262/2016 1262/1263/2017 
s 53
f 1262/1263/2017 1264/1265/2020 1263/1264/2019 
s 54
f 1265/1266/2020 1263/1264/2019 1264/1265/2020 
s 55
f 1264/1267/2021 1266/1268/2021 1265/1269/2021 
s 56
f 1267/1270/2022 1265/1269/2021 1266/1268/2021 
s 57
f 1266/1268/2023 1258/1256/2014 1267/1270/2022 
s 58
f 1256/1258/2012 1267/1270/2022 1258/1256/2014 
s 59
f 1257/1271/2024 1258/1272/2024 1260/1273/2024 
s 60
f 1266/1274/2024 1264/1275/2024 1258/1272/2024 
s 61
f 1258/1272/2024 1264/1275/2024 1260/1273/2024 
s 62
f 1264/1275/2024 1262/1276/2024 1260/1273/2024 
s 1
f 1270/1280/2027 1269/1279/2026 1268/1278/2025 
s 2
f 1271/1281/2028 1269/1279/2026 1270/1280/2027 
s 3
f 1272/1282/2029 1269/1279/2026 1271/1281/2028 
s 4
f 1273/1283/2030 1269/1279/2026 1272/1282/2029 
s 5
f 1274/1284/2031 1269/1279/2026 1273/1283/2030 
s 6
f 1275/1285/2032 1269/1279/2026 1274/1284/2031 
s 7
f 1275/1285/2032 1276/1286/2033 1269/1279/2026 
s 8
f 1279/1289/2036 1278/1288/2035 1277/1287/2034 
s 9
f 1278/1288/2035 1279/1289/2036 1280/1290/2037 
s 10
f 1282/1292/2040 1277/1287/2039 1281/1291/2038 
s 11
f 1277/1287/2039 1282/1292/2040 1279/1289/2036 
s 12
f 1284/1294/2042 1281/1291/2041 1283/1293/2041 
s 13
f 1281/1291/2038 1284/1294/2042 1282/1292/2040 
s 14
f 1286/1296/2044 1283/1293/2043 1285/1295/2043 
s 15
f 1283/1293/2043 1286/1296/2044 1284/1294/2042 
s 16
f 1288/1298/2047 1285/1295/2046 1287/1297/2045 
s 17
f 1285/1295/2046 1288/1298/2047 1286/1296/2044 
s 18
f 1290/1300/2049 1287/1297/2045 1289/1299/2048 
s 19
f 1287/1297/2045 1290/1300/2049 1288/1298/2047 
s 20
f 1292/1302/2051 1289/1299/2048 1291/1301/2050 
s 21
f 1289/1299/2048 1292/1302/2051 1290/1300/2049 
s 22
f 1294/1304/2053 1291/1301/2050 1293/1303/2052 
s 23
f 1291/1301/2050 1294/1304/2053 1292/1302/2051 
s 24
f 1296/1306/2056 1293/1303/2055 1295/1305/2054 
s 25
f 1293/1303/2055 1296/1306/2056 1294/1304/2053 
s 26
f 1280/1290/2037 1295/1305/2054 1278/1288/2035 
s 27
f 1295/1305/2054 1280/1290/2037 1296/1306/2056 
s 28
f 1297/1307/2057 1280/1290/2037 1279/1289/2036 
s 29
f 1280/1290/2037 1297/1307/2057 1298/1308/2058 
s 30
f 1299/1309/2059 1279/1289/2036 1282/1292/2040 
s 31
f 1279/1289/2036 1299/1309/2059 1297/1307/2057 
s 32
f 1300/1310/2060 1282/1292/2040 1284/1294/2042 
s 33
f 1282/1292/2040 1300/1310/2060 1299/1309/2059 
s 34
f 1301/1311/2061 1284/1294/2042 1286/1296/2044 
s 35
f 1284/1294/2042 1301/1311/2061 1300/1310/2060 
s 36
f 1302/1312/2062 1286/1296/2044 1288/1298/2047 
s 37
f 1286/1296/2044 1302/1312/2062 1301/1311/2061 
s 38
f 1303/1313/2063 1288/1298/2047 1290/1300/2049 
s 39
f 1288/1298/2047 1303/1313/2063 1302/1312/2062 
s 40
f 1304/1314/2064 1290/1300/2049 1292/1302/2051 
s 41
f 1290/1300/2049 1304/1314/2064 1303/1313/2063 
s 42
f 1305/1315/2065 1292/1302/2051 1294/1304/2053 
s 43
f 1292/1302/2051 1305/1315/2065 1304/1314/2064 
s 44
f 1306/1316/2066 1294/1304/2053 1296/1306/2056 
s 45
f 1294/1304/2053 1306/1316/2066 1305/1315/2065 
s 46
f 1298/1308/2058 1296/1306/2056 1280/1290/2037 
s 47
f 1269/1279/2026 1276/1286/2033 1307/1317/2067 
s 48
f 1307/1317/2067 1298/1308/2058 1297/1307/2057 
s 49
f 1298/1308/2058 1307/1317/2067 1276/1286/2033 
s 50
f 1269/1279/2026 1297/1307/2057 1299/1309/2059 
s 51
f 1297/1307/2057 1269/1279/2026 1307/1317/2067 
s 52
f 1268/1278/2025 1299/1309/2059 1300/1310/2060 
s 53
f 1299/1309/2059 1268/1278/2025 1269/1279/2026 
s 54
f 1270/1280/2027 1300/1310/2060 1301/1311/2061 
s 55
f 1300/1310/2060 1270/1280/2027 1268/1278/2025 
s 56
f 1271/1281/2028 1301/1311/2061 1302/1312/2062 
s 57
f 1301/1311/2061 1271/1281/2028 1270/1280/2027 
s 58
f 1272/1282/2029 1302/1312/2062 1303/1313/2063 
s 59
f 1302/1312/2062 1272/1282/2029 1271/1281/2028 
s 60
f 1273/1283/2030 1303/1313/2063 1304/1314/2064 
s 61
f 1303/1313/2063 1273/1283/2030 1272/1282/2029 
s 62
f 1274/1284/2031 1304/1314/2064 1305/1315/2065 
s 63
f 1304/1314/2064 1274/1284/2031 1273/1283/2030 
s 64
f 1275/1285/2032 1305/1315/2065 1306/1316/2066 
s 65
f 1305/1315/2065 1275/1285/2032 1274/1284/2031 
s 66
f 1276/1286/2033 1306/1316/2066 1298/1308/2058 
s 67
f 1306/1316/2066 1276/1286/2033 1275/1285/2032 
s 68
f 1310/1320/2070 1309/1319/2069 1308/1318/2068 
s 69
f 1313/1323/2073 1312/1322/2072 1311/1321/2071 
s 70
f 1313/1323/2073 1310/1320/2070 1312/1322/2072 
s 71
f 1316/1326/2076 1315/1325/2075 1314/1324/2074 
s 72
f 1316/1326/2076 1313/1323/2073 1315/1325/2075 
s 73
f 1317/1327/2078 1313/1323/2073 1316/1326/2077 
s 74
f 1317/1327/2078 1310/1320/2070 1313/1323/2073 
s 75
f 1320/1330/2081 1319/1329/2080 1318/1328/2079 
s 76
f 1322/1332/2084 1320/1330/2083 1321/1331/2082 
s 77
f 1322/1332/2084 1319/1329/2080 1320/1330/2081 
s 78
f 1322/1332/2084 1317/1327/2078 1319/1329/2085 
s 79
f 1322/1332/2086 1310/1320/2070 1317/1327/2078 
s 80
f 1322/1332/2086 1309/1319/2087 1310/1320/2087 
s 81
f 1325/1333/2090 1324/1326/2089 1323/1324/2088 
s 82
f 1325/1333/2093 1326/1334/2092 1324/1326/2091 
s 83
f 1329/1322/2096 1328/1323/2095 1327/1321/2094 
s 84
f 1329/1322/2097 1325/1333/2093 1328/1323/2095 
s 85
f 1330/1320/2098 1325/1333/2090 1329/1322/2096 
s 86
f 1330/1320/2098 1326/1334/2092 1325/1333/2093 
s 87
f 1332/1335/2099 1330/1320/2098 1331/1318/2099 
s 88
f 1334/1331/2102 1332/1335/2101 1333/1332/2100 
s 89
f 1334/1331/2102 1330/1320/2098 1332/1335/2101 
s 90
f 1334/1331/2104 1326/1334/2092 1330/1320/2103 
s 91
f 1334/1331/2104 1335/1336/2105 1326/1334/2105 
s 92
f 1336/1330/2107 1335/1336/2106 1334/1331/2104 
s 93
f 1337/1328/2108 1335/1336/2108 1336/1330/2108 
s 94
f 1296/1306/2056 1298/1308/2058 1306/1316/2066 
s 95
f 1318/1328/2079 1335/1336/2110 1337/1328/2109 
s 96
f 1326/1334/2092 1319/1329/2080 1317/1327/2111 
s 97
f 1319/1329/2113 1326/1334/2092 1335/1336/2112 
s 98
f 1324/1326/2091 1317/1327/2114 1316/1326/2114 
s 99
f 1317/1327/2111 1324/1326/2115 1326/1334/2115 
s 100
f 1323/1324/2088 1316/1326/2076 1314/1324/2116 
s 101
f 1316/1326/2076 1323/1324/2088 1324/1326/2091 
s 102
f 1325/1333/2118 1314/1324/2074 1315/1325/2117 
s 103
f 1314/1324/2119 1325/1333/2118 1323/1324/2119 
s 104
f 1328/1323/2095 1315/1325/2121 1313/1323/2120 
s 105
f 1315/1325/2117 1328/1323/2095 1325/1333/2118 
s 106
f 1327/1321/2094 1313/1323/2120 1311/1321/2122 
s 107
f 1313/1323/2120 1327/1321/2094 1328/1323/2095 
s 108
f 1329/1322/2125 1311/1321/2124 1312/1322/2123 
s 109
f 1311/1321/2124 1329/1322/2125 1327/1321/2126 
s 110
f 1330/1320/2127 1312/1322/2127 1310/1320/2127 
s 111
f 1312/1322/2127 1330/1320/2127 1329/1322/2127 
s 112
f 1331/1318/2129 1310/1320/2128 1308/1318/2068 
s 113
f 1310/1320/2128 1331/1318/2130 1330/1320/2103 
s 114
f 1332/1335/2131 1308/1318/2068 1309/1319/2131 
s 115
f 1308/1318/2068 1332/1335/2131 1331/1318/2129 
s 116
f 1333/1332/2100 1309/1319/2133 1322/1332/2132 
s 117
f 1309/1319/2133 1333/1332/2100 1332/1335/2101 
s 118
f 1334/1331/2134 1322/1332/2132 1321/1331/2082 
s 119
f 1322/1332/2132 1334/1331/2134 1333/1332/2100 
s 120
f 1336/1330/2107 1321/1331/2082 1320/1330/2135 
s 121
f 1321/1331/2082 1336/1330/2107 1334/1331/2102 
s 122
f 1337/1328/2137 1320/1330/2135 1318/1328/2136 
s 123
f 1320/1330/2135 1337/1328/2137 1336/1330/2137 
s 124
f 1340/1330/2140 1339/1332/2139 1338/1331/2138 
s 125
f 1342/1329/2143 1340/1330/2142 1341/1328/2141 
s 126
f 1342/1329/2143 1339/1332/2144 1340/1330/2142 
s 127
f 1343/1327/2146 1339/1332/2139 1342/1329/2145 
s 128
f 1346/1325/2149 1345/1326/2148 1344/1324/2147 
s 129
f 1347/1323/2150 1345/1326/2148 1346/1325/2149 
s 130
f 1347/1323/2150 1343/1327/2151 1345/1326/2148 
s 131
f 1349/1322/2153 1347/1323/2150 1348/1321/2152 
s 132
f 1350/1320/2154 1347/1323/2150 1349/1322/2153 
s 133
f 1350/1320/2154 1343/1327/2146 1347/1323/2150 
s 134
f 1350/1320/2155 1339/1332/2144 1343/1327/2146 
s 135
f 1350/1320/2155 1351/1319/2156 1339/1332/2144 
s 136
f 1352/1318/2158 1351/1319/2157 1350/1320/2154 
s 137
f 1355/1330/2159 1354/1336/2159 1353/1328/2159 
s 138
f 1356/1331/2162 1354/1336/2161 1355/1330/2160 
s 139
f 1358/1335/2165 1356/1331/2164 1357/1332/2163 
s 140
f 1360/1320/2167 1358/1335/2165 1359/1318/2166 
s 141
f 1335/1336/2110 1318/1328/2079 1319/1329/2113 
s 142
f 1363/1323/2170 1362/1322/2169 1361/1321/2168 
s 143
f 1364/1333/2171 1362/1322/2169 1363/1323/2170 
s 144
f 1364/1333/2172 1360/1320/2167 1362/1322/2169 
s 145
f 1366/1326/2174 1364/1333/2172 1365/1324/2173 
s 146
f 1367/1334/2175 1364/1333/2171 1366/1326/2174 
s 147
f 1367/1334/2176 1360/1320/2167 1364/1333/2171 
s 148
f 1367/1334/2175 1356/1331/2178 1360/1320/2177 
s 149
f 1367/1334/2179 1354/1336/2161 1356/1331/2178 
s 150
f 1354/1336/2180 1341/1328/2141 1353/1328/2109 
s 151
f 1341/1328/2141 1354/1336/2180 1342/1329/2181 
s 152
f 1367/1334/2182 1342/1329/2143 1354/1336/2180 
s 153
f 1342/1329/2143 1367/1334/2182 1343/1327/2151 
s 154
f 1366/1326/2174 1343/1327/2151 1367/1334/2183 
s 155
f 1343/1327/2184 1366/1326/2174 1345/1326/2148 
s 156
f 1365/1324/2185 1345/1326/2148 1366/1326/2174 
s 157
f 1345/1326/2148 1365/1324/2185 1344/1324/2185 
s 158
f 1364/1333/2187 1344/1324/2186 1365/1324/2186 
s 159
f 1344/1324/2186 1364/1333/2187 1346/1325/2188 
s 160
f 1363/1323/2170 1346/1325/2188 1364/1333/2187 
s 161
f 1346/1325/2190 1363/1323/2170 1347/1323/2189 
s 162
f 1361/1321/2168 1347/1323/2189 1363/1323/2170 
s 163
f 1347/1323/2189 1361/1321/2168 1348/1321/2191 
s 164
f 1362/1322/2194 1348/1321/2193 1361/1321/2192 
s 165
f 1348/1321/2193 1362/1322/2194 1349/1322/2195 
s 166
f 1360/1320/2196 1349/1322/2196 1362/1322/2169 
s 167
f 1349/1322/2196 1360/1320/2196 1350/1320/2196 
s 168
f 1359/1318/2198 1350/1320/2197 1360/1320/2177 
s 169
f 1350/1320/2197 1359/1318/2197 1352/1318/2158 
s 170
f 1358/1335/2165 1352/1318/2158 1359/1318/2198 
s 171
f 1352/1318/2158 1358/1335/2165 1351/1319/2199 
s 172
f 1357/1332/2163 1351/1319/2200 1358/1335/2165 
s 173
f 1351/1319/2200 1357/1332/2163 1339/1332/2201 
s 174
f 1356/1331/2202 1339/1332/2201 1357/1332/2163 
s 175
f 1339/1332/2201 1356/1331/2202 1338/1331/2138 
s 176
f 1355/1330/2160 1338/1331/2138 1356/1331/2203 
s 177
f 1338/1331/2138 1355/1330/2160 1340/1330/2204 
s 178
f 1353/1328/2136 1340/1330/2204 1355/1330/2136 
s 179
f 1340/1330/2204 1353/1328/2136 1341/1328/2136 
s 180
f 1281/1291/2207 1293/1303/2206 1283/1293/2205 
s 181
f 1277/1287/2039 1293/1303/2206 1281/1291/2207 
s 182
f 1278/1288/2207 1293/1303/2208 1277/1287/2207 
s 183
f 1295/1305/2207 1293/1303/2208 1278/1288/2207 
s 184
f 1289/1299/2210 1293/1303/2208 1291/1301/2209 
s 185
f 1283/1293/2211 1293/1303/2206 1289/1299/2210 
s 186
f 1287/1297/2212 1283/1293/2211 1289/1299/2210 
s 187
f 1285/1295/2213 1283/1293/2205 1287/1297/2212 
s 188
f 1360/1320/2167 1356/1331/2164 1358/1335/2165 
s 1
f 1370/1217/2216 1369/1215/2215 1368/1216/2214 
s 2
f 1368/1216/2214 1371/1218/2218 1370/1217/2217 
s 3
f 1374/1221/2220 1373/1219/2220 1372/1220/2219 
s 4
f 1372/1220/2219 1375/1222/2222 1374/1221/2221 
s 5
f 1375/1222/2222 1372/1220/2219 1369/1215/2215 
s 6
f 1369/1215/2215 1370/1217/2217 1375/1222/2222 
s 7
f 1371/1218/2224 1368/1216/2214 1376/1223/2223 
s 8
f 1376/1223/2225 1377/1224/2225 1371/1218/2224 
s 9
f 1371/1218/2228 1379/1225/2227 1378/1226/2226 
s 10
f 1378/1226/2226 1370/1217/2229 1371/1218/2224 
s 11
f 1372/1220/2230 1373/1219/2231 1380/1227/2230 
s 12
f 1375/1222/2234 1382/1228/2233 1381/1229/2232 
s 13
f 1381/1229/2232 1374/1221/2235 1375/1222/2235 
s 14
f 1370/1217/2237 1378/1226/2226 1382/1228/2236 
s 15
f 1382/1228/2236 1375/1222/2234 1370/1217/2237 
s 16
f 1376/1223/2238 1368/1216/2238 1383/1230/2238 
s 17
f 1377/1224/2240 1384/1231/2239 1379/1225/2227 
s 18
f 1379/1225/2227 1371/1218/2241 1377/1224/2240 
s 19
f 1376/1223/2244 1383/1232/2243 1384/1233/2242 
s 20
f 1384/1233/2242 1377/1224/2240 1376/1223/2244 
s 21
f 1374/1221/2247 1381/1234/2246 1380/1235/2245 
s 22
f 1380/1235/2245 1373/1219/2231 1374/1221/2247 
s 23
f 1383/1238/2250 1368/1236/2249 1379/1237/2248 
s 24
f 1379/1237/2248 1384/1239/2251 1383/1238/2250 
s 25
f 1368/1236/2249 1369/1240/2253 1378/1241/2252 
s 26
f 1378/1241/2252 1379/1237/2248 1368/1236/2249 
s 27
f 1369/1240/2253 1372/1242/2255 1382/1243/2254 
s 28
f 1382/1243/2254 1378/1241/2252 1369/1240/2253 
s 29
f 1380/1245/2257 1381/1244/2256 1382/1243/2256 
s 30
f 1382/1243/2254 1372/1242/2255 1380/1245/2257 
s 1
f 1387/1339/2258 1386/1338/2259 1385/1337/2258 
s 2
f 1390/1342/2261 1389/1341/2258 1388/1340/2260 
s 3
f 1390/1342/2261 1391/1343/2258 1389/1341/2258 
s 4
f 1390/1342/2261 1387/1339/2258 1391/1343/2258 
s 5
f 1390/1342/2261 1386/1338/2259 1387/1339/2258 
s 6
f 1394/1346/2263 1393/1345/2262 1392/1344/2258 
s 7
f 1394/1346/2263 1395/1347/2258 1393/1345/2262 
s 8
f 1396/1348/2264 1395/1347/2258 1394/1346/2263 
s 9
f 1399/1351/2034 1398/1350/2266 1397/1349/2265 
s 10
f 1399/1351/2258 1396/1348/2264 1398/1350/2266 
s 11
f 1401/1353/2268 1399/1351/2258 1400/1352/2267 
s 12
f 1401/1353/2268 1396/1348/2264 1399/1351/2258 
s 13
f 1402/1354/2034 1396/1348/2264 1401/1353/2268 
s 14
f 1402/1354/2034 1395/1347/2258 1396/1348/2034 
s 15
f 1402/1354/2034 1390/1342/2261 1395/1347/2258 
s 16
f 1402/1354/2034 1386/1338/2259 1390/1342/2034 
s 17
f 1403/1355/2258 1386/1338/2259 1402/1354/2034 
s 18
f 1403/1355/2258 1404/1356/2034 1386/1338/2259 
s 19
f 1407/1344/2269 1406/1348/2270 1405/1346/2269 
s 20
f 1408/1345/2271 1406/1348/2270 1407/1344/2270 
s 21
f 1410/1342/2273 1408/1345/2271 1409/1347/2272 
s 22
f 1410/1342/2273 1406/1348/2270 1408/1345/2271 
s 23
f 1412/1341/2274 1410/1342/2270 1411/1340/2270 
s 24
f 1414/1339/2269 1412/1341/2274 1413/1343/2269 
s 25
f 1414/1339/2269 1410/1342/2273 1412/1341/2274 
s 26
f 1414/1339/2269 1406/1348/2270 1410/1342/2273 
s 27
f 1416/1338/2276 1414/1339/2269 1415/1337/2275 
s 28
f 1418/1356/2270 1416/1338/2270 1417/1357/2270 
s 29
f 1418/1356/2269 1414/1339/2269 1416/1338/2270 
s 30
f 1420/1354/2278 1418/1356/2269 1419/1355/2277 
s 31
f 1420/1354/2269 1414/1339/2269 1418/1356/2269 
s 32
f 1420/1354/2270 1406/1348/2270 1414/1339/2270 
s 33
f 1422/1352/2280 1420/1354/2269 1421/1353/2279 
s 34
f 1423/1351/2281 1420/1354/2269 1422/1352/2269 
s 35
f 1386/1338/2259 1404/1356/2034 1424/1357/2282 
s 36
f 1423/1351/2281 1425/1350/2283 1406/1348/2270 
s 37
f 1426/1349/2270 1425/1350/2283 1423/1351/2281 
s 38
f 1397/1349/2265 1425/1350/2283 1426/1349/2284 
s 39
f 1425/1350/2283 1397/1349/2265 1398/1350/2266 
s 40
f 1399/1351/2285 1426/1349/2285 1423/1351/2281 
s 41
f 1426/1349/2285 1399/1351/2285 1397/1349/2285 
s 42
f 1400/1352/2286 1423/1351/2286 1422/1352/2286 
s 43
f 1423/1351/2286 1400/1352/2286 1399/1351/2286 
s 44
f 1401/1353/2268 1422/1352/2280 1421/1353/2279 
s 45
f 1422/1352/2287 1401/1353/2268 1400/1352/2267 
s 46
f 1402/1354/2288 1421/1353/2279 1420/1354/2288 
s 47
f 1421/1353/2279 1402/1354/2288 1401/1353/2268 
s 48
f 1403/1355/2289 1420/1354/2278 1419/1355/2277 
s 49
f 1420/1354/2289 1403/1355/2289 1402/1354/2289 
s 50
f 1404/1356/2291 1419/1355/2277 1418/1356/2290 
s 51
f 1419/1355/2277 1404/1356/2290 1403/1355/2290 
s 52
f 1424/1357/2282 1418/1356/2292 1417/1357/2292 
s 53
f 1418/1356/2292 1424/1357/2282 1404/1356/2291 
s 54
f 1386/1338/2259 1417/1357/2293 1416/1338/2276 
s 55
f 1417/1357/2293 1386/1338/2259 1424/1357/2282 
s 56
f 1385/1337/2294 1416/1338/2294 1415/1337/2275 
s 57
f 1416/1338/2294 1385/1337/2294 1386/1338/2259 
s 58
f 1387/1339/2296 1415/1337/2275 1414/1339/2295 
s 59
f 1415/1337/2275 1387/1339/2296 1385/1337/2297 
s 60
f 1391/1343/2299 1414/1339/2298 1413/1343/2298 
s 61
f 1414/1339/2295 1391/1343/2298 1387/1339/2296 
s 62
f 1389/1341/2300 1413/1343/2300 1412/1341/2274 
s 63
f 1413/1343/2300 1389/1341/2300 1391/1343/2299 
s 64
f 1388/1340/2301 1412/1341/2274 1411/1340/2301 
s 65
f 1412/1341/2274 1388/1340/2301 1389/1341/2301 
s 66
f 1390/1342/2261 1411/1340/2207 1410/1342/2207 
s 67
f 1411/1340/2207 1390/1342/2261 1388/1340/2260 
s 68
f 1395/1347/2302 1410/1342/2273 1409/1347/2272 
s 69
f 1410/1342/2273 1395/1347/2303 1390/1342/2303 
s 70
f 1423/1351/2281 1406/1348/2270 1420/1354/2278 
s 71
f 1409/1347/2272 1393/1345/2262 1395/1347/2302 
s 72
f 1392/1344/2304 1408/1345/2271 1407/1344/2304 
s 73
f 1408/1345/2271 1392/1344/2304 1393/1345/2262 
s 74
f 1394/1346/2263 1407/1344/2306 1405/1346/2305 
s 75
f 1407/1344/2306 1394/1346/2263 1392/1344/2306 
s 76
f 1396/1348/2264 1405/1346/2307 1406/1348/2307 
s 77
f 1405/1346/2305 1396/1348/2307 1394/1346/2263 
s 78
f 1398/1350/2266 1406/1348/2308 1425/1350/2283 
s 79
f 1406/1348/2308 1398/1350/2266 1396/1348/2264 
s 80
f 1429/1360/2310 1428/1359/2309 1427/1358/2034 
s 81
f 1431/1362/2312 1429/1360/2310 1430/1361/2311 
s 82
f 1431/1362/2312 1428/1359/2309 1429/1360/2310 
s 83
f 1434/1365/2314 1433/1364/2313 1432/1363/2258 
s 84
f 1435/1366/2315 1433/1364/2313 1434/1365/2314 
s 85
f 1436/1367/2316 1433/1364/2258 1435/1366/2258 
s 86
f 1438/1369/2258 1436/1367/2316 1437/1368/2034 
s 87
f 1439/1370/2317 1436/1367/2316 1438/1369/2258 
s 88
f 1439/1370/2317 1433/1364/2258 1436/1367/2316 
s 89
f 1439/1370/2317 1431/1362/2312 1433/1364/2313 
s 90
f 1440/1371/2258 1431/1362/2312 1439/1370/2317 
s 91
f 1440/1371/2258 1428/1359/2309 1431/1362/2312 
s 92
f 1442/1373/2258 1440/1371/2258 1441/1372/2318 
s 93
f 1442/1373/2258 1428/1359/2309 1440/1371/2258 
s 94
f 1445/1368/2269 1444/1370/2269 1443/1369/2269 
s 95
f 1446/1367/2269 1444/1370/2269 1445/1368/2269 
s 96
f 1448/1365/2269 1446/1367/2269 1447/1366/2269 
s 97
f 1450/1364/2269 1448/1365/2320 1449/1363/2319 
s 98
f 1450/1364/2269 1446/1367/2269 1448/1365/2320 
s 99
f 1450/1364/2269 1444/1370/2269 1446/1367/2269 
s 100
f 1453/1360/2269 1452/1362/2321 1451/1361/2269 
s 101
f 1455/1359/2322 1453/1360/2269 1454/1358/2270 
s 102
f 1455/1359/2322 1452/1362/2321 1453/1360/2323 
s 103
f 1455/1359/2322 1450/1364/2269 1452/1362/2269 
s 104
f 1455/1359/2322 1444/1370/2269 1450/1364/2269 
s 105
f 1393/1345/2262 1409/1347/2272 1408/1345/2271 
s 106
f 1457/1373/2269 1456/1371/2269 1455/1359/2322 
s 107
f 1458/1372/2324 1456/1371/2269 1457/1373/2269 
s 108
f 1456/1371/2326 1441/1372/2326 1440/1371/2325 
s 109
f 1441/1372/2326 1456/1371/2326 1458/1372/2326 
s 110
f 1444/1370/2327 1440/1371/2325 1439/1370/2317 
s 111
f 1440/1371/2325 1444/1370/2327 1456/1371/2327 
s 112
f 1443/1369/2329 1439/1370/2317 1438/1369/2328 
s 113
f 1439/1370/2317 1443/1369/2329 1444/1370/2330 
s 114
f 1445/1368/2331 1438/1369/2331 1437/1368/2331 
s 115
f 1438/1369/2328 1445/1368/2332 1443/1369/2329 
s 116
f 1446/1367/2303 1437/1368/2303 1436/1367/2316 
s 117
f 1437/1368/2303 1446/1367/2303 1445/1368/2332 
s 118
f 1447/1366/2333 1436/1367/2316 1435/1366/2315 
s 119
f 1436/1367/2316 1447/1366/2333 1446/1367/2334 
s 120
f 1448/1365/2335 1435/1366/2335 1434/1365/2314 
s 121
f 1435/1366/2335 1448/1365/2335 1447/1366/2333 
s 122
f 1449/1363/2319 1434/1365/2314 1432/1363/2336 
s 123
f 1434/1365/2314 1449/1363/2319 1448/1365/2320 
s 124
f 1450/1364/2338 1432/1363/2337 1433/1364/2313 
s 125
f 1432/1363/2337 1450/1364/2338 1449/1363/2337 
s 126
f 1452/1362/2321 1433/1364/2339 1431/1362/2312 
s 127
f 1433/1364/2339 1452/1362/2321 1450/1364/2338 
s 128
f 1451/1361/2340 1431/1362/2312 1430/1361/2311 
s 129
f 1431/1362/2312 1451/1361/2340 1452/1362/2341 
s 130
f 1453/1360/2323 1430/1361/2311 1429/1360/2310 
s 131
f 1430/1361/2311 1453/1360/2323 1451/1361/2340 
s 132
f 1454/1358/2343 1429/1360/2310 1427/1358/2342 
s 133
f 1429/1360/2310 1454/1358/2343 1453/1360/2343 
s 134
f 1455/1359/2322 1427/1358/2342 1428/1359/2344 
s 135
f 1427/1358/2342 1455/1359/2322 1454/1358/2344 
s 136
f 1457/1373/2346 1428/1359/2346 1442/1373/2345 
s 137
f 1428/1359/2309 1457/1373/2347 1455/1359/2322 
s 138
f 1458/1372/2324 1442/1373/2345 1441/1372/2318 
s 139
f 1442/1373/2348 1458/1372/2324 1457/1373/2347 
s 140
f 1455/1359/2322 1456/1371/2270 1444/1370/2269 
s 1
f 1461/1376/2349 1460/1375/2349 1459/1374/2349 
s 2
f 1463/1378/2349 1461/1376/2349 1462/1377/2349 
s 3
f 1464/1379/2349 1461/1376/2349 1463/1378/2349 
s 4
f 1464/1379/2349 1460/1375/2349 1461/1376/2349 
s 5
f 1459/1382/2034 1466/1381/2351 1465/1380/2350 
s 6
f 1466/1381/2351 1459/1382/2034 1460/1383/2034 
s 7
f 1461/1385/2353 1465/1380/2350 1467/1384/2352 
s 8
f 1465/1380/2353 1461/1385/2353 1459/1382/2353 
s 9
f 1462/1382/2354 1467/1384/2352 1468/1380/2354 
s 10
f 1467/1384/2352 1462/1382/2354 1461/1385/2355 
s 11
f 1463/1383/2270 1468/1380/2354 1469/1381/2356 
s 12
f 1468/1380/2354 1463/1383/2270 1462/1382/2354 
s 13
f 1464/1387/2358 1469/1381/2356 1470/1386/2357 
s 14
f 1469/1381/2356 1464/1387/2358 1463/1383/2358 
s 15
f 1460/1383/2359 1470/1386/2357 1466/1381/2351 
s 16
f 1470/1386/2359 1460/1383/2359 1464/1387/2359 
s 17
f 1473/1390/2349 1472/1389/2349 1471/1388/2349 
s 18
f 1475/1392/2349 1473/1390/2349 1474/1391/2349 
s 19
f 1476/1393/2349 1473/1390/2349 1475/1392/2349 
s 20
f 1476/1393/2349 1472/1389/2349 1473/1390/2349 
s 21
f 1479/1396/2207 1478/1395/2207 1477/1394/2207 
s 22
f 1481/1398/2207 1479/1396/2207 1480/1397/2207 
s 23
f 1481/1398/2207 1478/1395/2207 1479/1396/2207 
s 24
f 1481/1398/2207 1482/1399/2207 1478/1395/2207 
s 25
f 1471/1402/2360 1482/1401/2351 1481/1400/2258 
s 26
f 1482/1401/2351 1471/1402/2360 1472/1403/2258 
s 27
f 1473/1405/2361 1481/1400/2353 1480/1404/2353 
s 28
f 1481/1400/2353 1473/1405/2361 1471/1402/2360 
s 29
f 1474/1402/2355 1480/1404/2355 1479/1400/2362 
s 30
f 1480/1404/2355 1474/1402/2355 1473/1405/2361 
s 31
f 1475/1403/2269 1479/1400/2362 1477/1401/2356 
s 32
f 1479/1400/2269 1475/1403/2363 1474/1402/2269 
s 33
f 1476/1407/2364 1477/1401/2356 1478/1406/2364 
s 34
f 1477/1401/2356 1476/1407/2364 1475/1403/2363 
s 35
f 1472/1403/2359 1478/1406/2364 1482/1401/2351 
s 36
f 1478/1406/2364 1472/1403/2359 1476/1407/2364 
s 1
f 1485/1/2365 1484/2/2366 1483/3/2365 
s 2
f 1488/4/2367 1487/5/2367 1486/6/2367 
s 3
f 1486/6/2367 1489/7/2367 1488/4/2367 
s 4
f 1487/8/2370 1491/9/2369 1490/10/2368 
s 5
f 1490/10/2368 1486/11/2371 1487/8/2370 
s 6
f 1491/9/2374 1493/12/2373 1492/13/2372 
s 7
f 1492/13/2372 1490/10/2374 1491/9/2374 
s 8
f 1496/14/2375 1495/15/2375 1494/16/2375 
s 9
f 1495/14/2376 1497/15/2376 1494/16/2376 
s 10
f 1497/14/2377 1496/15/2377 1494/16/2377 
s 11
f 1500/23/2380 1499/24/2379 1498/25/2378 
s 12
f 1498/25/2378 1501/26/2381 1500/23/2380 
s 13
f 1504/17/2384 1503/18/2383 1502/19/2382 
s 14
f 1502/19/2382 1505/20/2385 1504/17/2384 
s 15
f 1500/12/2387 1501/21/2386 1503/22/2386 
s 16
f 1503/22/2388 1504/13/2388 1500/12/2388 
s 17
f 1501/4/2389 1498/5/2389 1502/6/2389 
s 18
f 1502/6/2389 1503/7/2389 1501/4/2389 
s 19
f 1498/8/2392 1499/9/2391 1505/10/2390 
s 20
f 1505/10/2390 1502/11/2393 1498/8/2392 
s 21
f 1508/22/2394 1507/13/2395 1506/12/2394 
s 22
f 1511/4/2398 1510/5/2397 1509/6/2396 
s 23
f 1509/6/2396 1508/7/2399 1511/4/2398 
s 24
f 1512/10/2400 1509/11/2400 1510/8/2400 
s 25
f 1513/9/2402 1506/12/2401 1507/13/2395 
s 26
f 1507/13/2395 1512/10/2403 1513/9/2402 
s 27
f 1516/14/2404 1515/15/2404 1514/16/2404 
s 28
f 1515/14/2405 1517/15/2405 1514/16/2405 
s 29
f 1517/14/2406 1516/15/2406 1514/16/2406 
s 30
f 1520/14/2407 1519/15/2407 1518/16/2407 
s 31
f 1519/14/2408 1521/15/2408 1518/16/2408 
s 32
f 1521/14/2409 1520/15/2409 1518/16/2409 
s 33
f 1493/23/2412 1491/24/2411 1487/25/2410 
s 34
f 1487/25/2410 1488/26/2413 1493/23/2412 
s 35
f 1492/17/2416 1489/18/2415 1486/19/2414 
s 36
f 1486/19/2414 1490/20/2417 1492/17/2416 
s 37
f 1493/12/2373 1488/21/2419 1489/22/2418 
s 38
f 1489/22/2418 1492/13/2372 1493/12/2373 
s 39
f 1499/9/2420 1500/12/2387 1504/13/2420 
s 40
f 1504/13/2420 1505/10/2420 1499/9/2420 
s 41
f 1524/14/2421 1523/15/2421 1522/16/2421 
s 42
f 1523/14/2422 1525/15/2422 1522/16/2422 
s 43
f 1525/14/2423 1524/15/2423 1522/16/2423 
s 44
f 1528/14/2424 1527/15/2424 1526/16/2424 
s 45
f 1527/14/2425 1529/15/2425 1526/16/2425 
s 46
f 1529/14/2426 1528/15/2426 1526/16/2426 
s 47
f 1530/27/2427 1483/3/2365 1484/2/2366 
s 48
f 1532/28/2430 1485/1/2429 1531/29/2428 
s 49
f 1483/3/2429 1531/29/2428 1485/1/2429 
s 50
f 1485/1/2431 1532/28/2430 1484/2/2366 
s 51
f 1483/3/2432 1530/27/2427 1531/29/2428 
s 52
f 1535/14/2375 1534/15/2375 1533/16/2375 
s 53
f 1534/14/2376 1536/15/2376 1533/16/2376 
s 54
f 1536/14/2377 1535/15/2377 1533/16/2377 
s 55
f 1539/14/2433 1538/15/2433 1537/16/2433 
s 56
f 1538/14/2434 1540/15/2434 1537/16/2434 
s 57
f 1543/1/2437 1542/2/2436 1541/3/2435 
s 58
f 1544/27/2438 1541/3/2435 1542/2/2436 
s 59
f 1546/28/2441 1543/1/2440 1545/29/2439 
s 60
f 1541/3/2440 1545/29/2439 1543/1/2440 
s 61
f 1543/1/2442 1546/28/2441 1542/2/2436 
s 62
f 1541/3/2443 1544/27/2438 1545/29/2439 
s 63
f 1549/1/2444 1548/2/2445 1547/3/2444 
s 64
f 1550/27/2446 1547/3/2444 1548/2/2445 
s 65
f 1552/28/2449 1549/1/2448 1551/29/2447 
s 66
f 1547/3/2448 1551/29/2447 1549/1/2448 
s 67
f 1549/1/2450 1552/28/2449 1548/2/2445 
s 68
f 1547/3/2451 1550/27/2446 1551/29/2447 
s 69
f 1506/23/2453 1513/24/2453 1510/25/2452 
s 70
f 1510/8/2454 1513/9/2454 1512/10/2403 
s 71
f 1510/25/2452 1511/26/2455 1506/23/2455 
s 72
f 1507/17/2458 1508/18/2457 1509/19/2456 
s 73
f 1509/19/2456 1512/20/2459 1507/17/2458 
s 74
f 1506/12/2460 1511/21/2460 1508/22/2460 
s 75
f 1555/23/2461 1554/24/2461 1553/25/2461 
s 76
f 1553/25/2462 1556/26/2462 1555/23/2462 
s 77
f 1559/17/2465 1558/18/2464 1557/19/2463 
s 78
f 1557/19/2463 1560/20/2466 1559/17/2465 
s 79
f 1555/30/2468 1556/31/2467 1558/32/2467 
s 80
f 1558/32/2470 1559/33/2469 1555/30/2468 
s 81
f 1556/4/2473 1553/5/2472 1557/6/2471 
s 82
f 1557/6/2471 1558/7/2474 1556/4/2473 
s 83
f 1553/34/2477 1554/35/2476 1560/36/2475 
s 84
f 1560/36/2475 1557/37/2478 1553/34/2478 
s 85
f 1554/35/2476 1555/30/2479 1559/33/2469 
s 86
f 1559/33/2469 1560/36/2475 1554/35/2476 
s 87
f 1563/14/2480 1562/15/2480 1561/16/2480 
s 88
f 1562/14/2481 1564/15/2481 1561/16/2481 
s 89
f 1564/14/2482 1563/15/2482 1561/16/2482 
s 90
f 1567/14/2483 1566/15/2483 1565/16/2483 
s 91
f 1566/14/2484 1568/15/2484 1565/16/2484 
s 92
f 1568/14/2485 1567/15/2485 1565/16/2485 
s 93
f 1540/14/2486 1539/15/2486 1537/16/2486 
s 296
f 1571/1410/2487 1570/1409/2487 1569/1408/2487 
s 630
f 1574/1413/2490 1573/1412/2489 1572/1411/2488 
s 631
f 1572/1411/2488 1575/1414/2491 1574/1413/2490 
s 632
f 1576/1415/2492 1575/1414/2491 1572/1411/2488 
s 633
f 1572/1411/2488 1577/1416/2493 1576/1415/2492 
s 634
f 1579/1418/2495 1578/1417/2494 1574/1413/2490 
s 635
f 1574/1413/2490 1575/1414/2491 1579/1418/2495 
s 656
f 1582/1421/2498 1581/1420/2497 1580/1419/2496 
s 657
f 1580/1424/2501 1584/1423/2500 1583/1422/2499 
s 658
f 1583/1422/2499 1582/1425/2502 1580/1424/2501 
s 659
f 1586/1427/2505 1570/1409/2504 1585/1426/2503 
s 660
f 1585/1426/2503 1587/1428/2506 1586/1427/2505 
s 661
f 1588/1429/2508 1569/1408/2507 1570/1409/2504 
s 662
f 1570/1409/2504 1586/1427/2505 1588/1429/2508 
s 663
f 1588/1429/2508 1590/1431/2510 1589/1430/2509 
s 664
f 1589/1430/2509 1569/1408/2507 1588/1429/2508 
s 665
f 1590/1431/2510 1592/1433/2512 1591/1432/2511 
s 666
f 1591/1432/2511 1589/1430/2509 1590/1431/2510 
s 667
f 1593/1436/2515 1587/1435/2514 1585/1434/2513 
s 668
f 1585/1434/2513 1594/1437/2516 1593/1436/2515 
s 669
f 1594/1437/2516 1585/1434/2513 1595/1438/2517 
s 670
f 1595/1438/2517 1577/1416/2493 1594/1437/2516 
s 671
f 1592/1433/2512 1593/1436/2515 1594/1437/2516 
s 672
f 1594/1437/2516 1591/1432/2511 1592/1433/2512 
s 674
f 1591/1432/2511 1594/1437/2516 1577/1416/2493 
s 675
f 1577/1416/2493 1572/1411/2488 1591/1432/2511 
s 676
f 1570/1409/2504 1571/1410/2519 1595/1439/2518 
s 677
f 1595/1439/2518 1585/1426/2503 1570/1409/2504 
s 678
f 1570/1409/2504 1569/1408/2507 1571/1410/2519 
s 679
f 1596/1440/2520 1571/1410/2519 1569/1408/2507 
s 680
f 1589/1430/2509 1573/1412/2489 1596/1440/2521 
s 681
f 1596/1440/2521 1569/1408/2507 1589/1430/2509 
s 682
f 1589/1430/2509 1591/1432/2511 1572/1411/2488 
s 683
f 1572/1411/2488 1573/1412/2489 1589/1430/2509 
s 684
f 1597/1441/2523 1596/1440/2522 1573/1412/2489 
s 685
f 1573/1412/2489 1574/1413/2490 1597/1441/2523 
s 709
f 1599/1443/2525 1598/1442/2524 1579/1418/2495 
s 726
f 1601/1445/2527 1600/1444/2526 1571/1410/2519 
s 747
f 1578/1417/2494 1603/1447/2529 1602/1446/2528 
s 748
f 1603/1447/2529 1604/1448/2530 1602/1446/2528 
s 749
f 1604/1448/2530 1605/1449/2531 1602/1446/2528 
s 752
f 1578/1417/2494 1579/1418/2495 1598/1442/2524 
s 753
f 1598/1442/2524 1603/1447/2529 1578/1417/2494 
s 754
f 1607/1451/2533 1600/1444/2526 1606/1450/2532 
s 755
f 1608/1454/2536 1607/1453/2535 1606/1452/2534 
s 756
f 1576/1415/2492 1607/1453/2535 1608/1454/2536 
s 757
f 1576/1415/2492 1608/1454/2536 1609/1455/2537 
s 758
f 1576/1415/2492 1609/1455/2537 1575/1414/2491 
s 759
f 1611/1457/2539 1609/1455/2537 1610/1456/2538 
s 760
f 1609/1455/2537 1608/1454/2536 1610/1456/2538 
s 761
f 1608/1454/2536 1606/1452/2534 1610/1456/2538 
s 763
f 1606/1452/2534 1612/1458/2540 1610/1456/2538 
s 764
f 1609/1455/2537 1611/1457/2539 1579/1418/2495 
s 765
f 1579/1418/2495 1575/1414/2491 1609/1455/2537 
s 766
f 1613/1460/2542 1612/1459/2541 1606/1450/2532 
s 767
f 1606/1450/2532 1600/1444/2526 1613/1460/2542 
s 768
f 1607/1453/2535 1576/1415/2492 1577/1416/2493 
s 769
f 1577/1416/2493 1595/1438/2517 1607/1453/2535 
s 770
f 1605/1449/2531 1601/1445/2527 1602/1446/2528 
s 771
f 1601/1445/2527 1597/1441/2523 1602/1446/2528 
s 772
f 1597/1441/2523 1574/1413/2490 1602/1446/2528 
s 780
f 1584/1463/2545 1615/1462/2544 1614/1461/2543 
s 793
f 1599/1443/2525 1616/1464/2546 1598/1442/2524 
s 798
f 1617/1465/2547 1599/1443/2525 1610/1456/2538 
s 799
f 1599/1443/2525 1611/1457/2539 1610/1456/2538 
s 800
f 1579/1418/2495 1611/1457/2539 1599/1443/2525 
s 801
f 1581/1420/2497 1619/1467/2549 1618/1466/2548 
s 802
f 1581/1420/2497 1618/1466/2548 1620/1468/2550 
s 803
f 1580/1419/2496 1581/1420/2497 1620/1468/2550 
s 804
f 1620/1468/2550 1618/1466/2548 1621/1469/2551 
s 805
f 1618/1466/2553 1622/1470/2552 1621/1469/2551 
s 806
f 1620/1468/2550 1621/1469/2551 1623/1471/2554 
s 807
f 1624/1474/2557 1615/1473/2556 1620/1472/2555 
s 808
f 1620/1472/2555 1623/1475/2558 1624/1474/2557 
s 809
f 1615/1462/2544 1624/1476/2559 1614/1461/2543 
s 810
f 1621/1469/2551 1622/1470/2552 1625/1477/2560 
s 811
f 1621/1469/2551 1625/1477/2560 1626/1478/2561 
s 812
f 1623/1471/2554 1621/1469/2551 1627/1479/2562 
s 813
f 1621/1469/2551 1626/1478/2561 1627/1479/2562 
s 814
f 1624/1474/2557 1623/1475/2558 1614/1480/2563 
s 815
f 1587/1428/2564 1625/1477/2560 1622/1470/2552 
s 816
f 1587/1435/2514 1593/1436/2515 1628/1481/2565 
s 817
f 1626/1484/2568 1625/1483/2567 1629/1482/2566 
s 818
f 1625/1483/2569 1628/1481/2565 1629/1482/2566 
s 819
f 1627/1485/2570 1626/1484/2568 1629/1482/2566 
s 820
f 1627/1485/2570 1629/1482/2566 1630/1486/2571 
s 821
f 1631/1488/2573 1614/1480/2563 1627/1487/2572 
s 822
f 1623/1475/2558 1627/1487/2572 1614/1480/2563 
s 823
f 1633/1490/2575 1628/1481/2565 1632/1489/2574 
s 824
f 1629/1482/2566 1628/1481/2565 1633/1490/2575 
s 825
f 1630/1486/2571 1629/1482/2566 1633/1490/2575 
s 826
f 1630/1486/2571 1633/1490/2575 1582/1421/2498 
s 827
f 1633/1490/2575 1632/1489/2574 1619/1467/2576 
s 828
f 1633/1490/2575 1619/1467/2576 1581/1420/2497 
s 829
f 1582/1421/2498 1633/1490/2575 1581/1420/2497 
s 830
f 1574/1413/2490 1578/1417/2494 1602/1446/2528 
s 831
f 1601/1445/2527 1596/1440/2521 1597/1441/2523 
s 832
f 1571/1410/2519 1596/1440/2521 1601/1445/2527 
s 833
f 1598/1442/2524 1616/1464/2546 1603/1447/2529 
s 834
f 1612/1458/2540 1617/1465/2547 1610/1456/2538 
s 835
f 1571/1410/2519 1600/1444/2526 1607/1451/2533 
s 836
f 1607/1451/2533 1595/1439/2518 1571/1410/2519 
s 837
f 1601/1445/2527 1605/1449/2531 1613/1460/2542 
s 838
f 1613/1460/2542 1600/1444/2526 1601/1445/2527 
s 839
f 1615/1491/2577 1584/1423/2577 1580/1424/2501 
s 840
f 1580/1424/2501 1620/1492/2578 1615/1491/2578 
s 841
f 1631/1488/2580 1627/1487/2572 1630/1493/2579 
s 842
f 1630/1493/2579 1634/1494/2581 1631/1488/2580 
s 843
f 1583/1497/2584 1631/1496/2583 1634/1495/2582 
s 844
f 1634/1494/2581 1630/1493/2579 1582/1425/2502 
s 845
f 1582/1425/2502 1583/1422/2499 1634/1494/2581 
s 846
f 1614/1461/2543 1631/1496/2583 1584/1463/2585 
s 847
f 1584/1463/2585 1631/1496/2583 1583/1497/2584 
s 848
f 1622/1470/2552 1618/1466/2548 1588/1429/2508 
s 849
f 1588/1429/2508 1586/1427/2505 1622/1470/2552 
s 850
f 1622/1470/2552 1586/1427/2505 1587/1428/2506 
s 851
f 1628/1481/2565 1625/1483/2569 1587/1435/2586 
s 852
f 1593/1436/2515 1592/1433/2512 1632/1489/2574 
s 853
f 1632/1489/2574 1628/1481/2565 1593/1436/2515 
s 854
f 1619/1467/2587 1592/1433/2512 1590/1431/2510 
s 855
f 1619/1467/2587 1632/1489/2574 1592/1433/2512 
s 856
f 1590/1431/2510 1588/1429/2508 1618/1466/2588 
s 857
f 1618/1466/2588 1619/1467/2576 1590/1431/2510 
s 859
f 1637/1500/2590 1636/1499/2590 1635/1498/2589 
s 860
f 1637/1500/2591 1635/1498/2589 1638/1499/2591 
s 861
f 1637/1501/2593 1638/1499/2593 1639/1498/2592 
s 862
f 1637/1501/2594 1639/1498/2592 1636/1499/2594 
s 863
f 1642/1504/2597 1641/1503/2596 1640/1502/2595 
s 864
f 1644/1506/2599 1641/1503/2596 1643/1505/2598 
s 865
f 1645/1507/2600 1641/1503/2596 1644/1506/2599 
s 866
f 1640/1502/2595 1641/1503/2596 1645/1507/2600 
s 867
f 1648/1504/2601 1647/1503/2602 1646/1502/2601 
s 868
f 1650/1507/2603 1647/1503/2603 1649/1506/2603 
s 869
f 1649/1502/2604 1647/1503/2602 1648/1507/2604 
s 870
f 1648/1510/2606 1646/1509/2606 1651/1508/2605 
s 904
f 1652/1506/2607 1647/1503/2602 1650/1505/2607 
s 934
f 1655/1513/2608 1654/1512/2609 1653/1511/2608 
s 935
f 1658/1516/2612 1657/1515/2611 1656/1514/2610 
s 936
f 1656/1514/2613 1659/1517/2613 1658/1516/2612 
s 937
f 1660/1518/2615 1658/1516/2612 1659/1517/2614 
s 938
f 1659/1517/2614 1661/1519/2616 1660/1518/2615 
s 975
f 1653/1511/2617 1660/1518/2615 1661/1519/2616 
s 1019
f 1664/1522/2620 1663/1521/2619 1662/1520/2618 
s 1020
f 1667/1525/2623 1666/1524/2622 1665/1523/2621 
s 1021
f 1668/1526/2624 1665/1523/2621 1666/1524/2622 
s 1022
f 1670/1528/2627 1669/1527/2626 1668/1526/2625 
s 1023
f 1669/1527/2626 1670/1528/2627 1671/1529/2628 
s 1024
f 1654/1512/2609 1662/1531/2630 1671/1530/2629 
s 1025
f 1669/1532/2631 1671/1530/2629 1662/1531/2630 
s 1026
f 1666/1524/2622 1670/1528/2627 1668/1526/2632 
s 1027
f 1673/1534/2634 1670/1528/2627 1672/1533/2633 
s 1028
f 1643/1537/2637 1674/1536/2636 1644/1535/2635 
s 1029
f 1666/1524/2622 1672/1533/2633 1670/1528/2627 
s 1030
f 1677/1540/2640 1676/1539/2639 1675/1538/2638 
s 1031
f 1678/1541/2641 1672/1533/2633 1676/1539/2639 
s 1032
f 1673/1534/2634 1672/1533/2633 1678/1541/2642 
s 1033
f 1679/1542/2643 1678/1541/2642 1676/1539/2639 
s 1034
f 1682/1545/2646 1681/1544/2645 1680/1543/2644 
s 1035
f 1680/1543/2644 1683/1546/2647 1682/1545/2646 
s 1036
f 1684/1547/2649 1682/1545/2646 1683/1546/2648 
s 1037
f 1683/1546/2650 1685/1548/2650 1684/1547/2649 
s 1038
f 1686/1549/2653 1684/1547/2652 1685/1548/2651 
s 1039
f 1685/1548/2655 1687/1550/2655 1686/1549/2654 
s 1040
f 1681/1553/2658 1686/1552/2657 1687/1551/2656 
s 1041
f 1687/1551/2656 1680/1554/2659 1681/1553/2658 
s 1042
f 1655/1555/2660 1681/1544/2645 1682/1545/2646 
s 1043
f 1682/1545/2646 1688/1556/2662 1655/1555/2661 
s 1044
f 1684/1547/2663 1677/1540/2640 1688/1556/2662 
s 1045
f 1688/1556/2662 1682/1545/2646 1684/1547/2649 
s 1047
f 1677/1540/2664 1684/1547/2652 1686/1549/2653 
s 1048
f 1686/1549/2654 1653/1557/2665 1677/1540/2664 
s 1049
f 1651/1508/2605 1642/1558/2667 1648/1510/2666 
s 1050
f 1647/1560/2669 1674/1536/2636 1651/1559/2668 
s 1051
f 1651/1559/2668 1646/1561/2671 1647/1560/2670 
s 1052
f 1689/1562/2672 1674/1536/2636 1647/1560/2670 
s 1053
f 1647/1560/2670 1652/1563/2673 1689/1562/2672 
s 1054
f 1690/1564/2675 1689/1562/2672 1652/1563/2674 
s 1055
f 1652/1563/2673 1650/1565/2676 1690/1564/2675 
s 1056
f 1691/1567/2678 1650/1565/2676 1649/1566/2677 
s 1057
f 1691/1567/2678 1690/1564/2675 1650/1565/2676 
s 1058
f 1642/1558/2667 1691/1567/2679 1649/1566/2677 
s 1059
f 1649/1566/2680 1648/1510/2680 1642/1558/2667 
s 1060
f 1640/1568/2682 1691/1567/2678 1642/1558/2681 
s 1061
f 1642/1558/2681 1651/1508/2605 1641/1569/2683 
s 1062
f 1641/1570/2684 1651/1559/2668 1674/1536/2636 
s 1063
f 1641/1570/2685 1674/1536/2636 1643/1537/2637 
s 1064
f 1674/1536/2636 1689/1562/2672 1644/1535/2686 
s 1065
f 1645/1571/2687 1689/1562/2672 1690/1564/2675 
s 1066
f 1644/1535/2686 1689/1562/2672 1645/1571/2687 
s 1067
f 1645/1571/2687 1690/1564/2675 1691/1567/2688 
s 1068
f 1645/1571/2687 1691/1567/2688 1640/1568/2682 
s 1069
f 1663/1521/2619 1667/1573/2690 1692/1572/2689 
s 1070
f 1662/1520/2618 1663/1521/2619 1692/1572/2689 
s 1071
f 1665/1574/2691 1692/1572/2689 1667/1573/2690 
s 1072
f 1668/1575/2692 1692/1572/2689 1665/1574/2691 
s 1073
f 1669/1576/2693 1692/1572/2689 1668/1575/2692 
s 1074
f 1669/1576/2693 1662/1520/2618 1692/1572/2689 
s 1075
f 1663/1577/2694 1675/1538/2638 1667/1525/2623 
s 1076
f 1662/1531/2630 1654/1512/2609 1664/1578/2695 
s 1077
f 1694/1580/2697 1693/1579/2696 1673/1534/2696 
s 1078
f 1659/1517/2700 1656/1514/2699 1695/1581/2698 
s 1079
f 1695/1581/2698 1696/1582/2701 1659/1517/2700 
s 1080
f 1699/1585/2704 1698/1584/2703 1697/1583/2702 
s 1081
f 1695/1586/2706 1693/1579/2705 1697/1583/2702 
s 1082
f 1697/1583/2702 1698/1587/2707 1695/1586/2706 
s 1083
f 1693/1579/2705 1695/1586/2706 1656/1588/2708 
s 1084
f 1656/1588/2710 1673/1534/2709 1693/1579/2705 
s 1085
f 1688/1556/2662 1675/1538/2638 1663/1577/2694 
s 1086
f 1663/1577/2694 1664/1589/2711 1688/1556/2662 
s 1087
f 1677/1540/2712 1675/1538/2638 1688/1556/2662 
s 1088
f 1661/1590/2713 1677/1540/2640 1653/1557/2665 
s 1089
f 1654/1512/2609 1655/1513/2714 1664/1578/2695 
s 1090
f 1676/1539/2639 1677/1540/2640 1679/1542/2715 
s 1091
f 1661/1590/2713 1679/1542/2716 1677/1540/2640 
s 1092
f 1680/1592/2719 1687/1591/2718 1685/1548/2717 
s 1093
f 1685/1548/2717 1683/1546/2720 1680/1592/2719 
s 1094
f 1675/1538/2638 1666/1524/2622 1667/1525/2623 
s 1095
f 1664/1589/2711 1655/1555/2721 1688/1556/2662 
s 1096
f 1656/1588/2710 1670/1528/2627 1673/1534/2722 
s 1097
f 1670/1528/2627 1656/1588/2723 1671/1529/2723 
s 1098
f 1666/1524/2622 1675/1538/2638 1676/1539/2639 
s 1099
f 1673/1534/2724 1678/1541/2642 1694/1580/2697 
s 1100
f 1672/1533/2633 1666/1524/2622 1676/1539/2639 
s 1101
f 1656/1514/2725 1657/1515/2611 1671/1530/2629 
s 1102
f 1657/1515/2611 1658/1516/2612 1671/1530/2726 
s 1103
f 1654/1512/2609 1671/1530/2629 1658/1516/2612 
s 1104
f 1658/1516/2612 1660/1518/2615 1654/1512/2609 
s 1105
f 1660/1518/2615 1653/1511/2727 1654/1512/2609 
s 1106
f 1681/1553/2658 1655/1513/2729 1686/1552/2728 
s 1107
f 1653/1511/2730 1686/1552/2728 1655/1513/2730 
s 1108
f 1702/1595/2733 1701/1594/2732 1700/1593/2731 
s 1109
f 1700/1593/2731 1703/1596/2734 1702/1595/2733 
s 1110
f 1704/1597/2737 1702/1595/2736 1703/1596/2735 
s 1111
f 1703/1596/2739 1705/1598/2738 1704/1597/2737 
s 1112
f 1704/1597/2737 1705/1598/2738 1706/1599/2740 
s 1113
f 1706/1599/2740 1707/1600/2741 1704/1597/2737 
s 1114
f 1701/1603/2744 1707/1602/2743 1706/1601/2742 
s 1115
f 1706/1601/2742 1700/1604/2745 1701/1603/2744 
s 1116
f 1679/1542/2746 1661/1590/2746 1701/1594/2746 
s 1117
f 1697/1583/2702 1708/1605/2747 1699/1585/2704 
s 1118
f 1701/1594/2748 1702/1595/2748 1679/1542/2715 
s 1119
f 1678/1541/2749 1679/1542/2715 1702/1595/2733 
s 1120
f 1702/1595/2736 1704/1597/2737 1678/1541/2642 
s 1121
f 1678/1541/2750 1704/1597/2737 1707/1600/2741 
s 1122
f 1707/1600/2741 1659/1606/2751 1678/1541/2642 
s 1123
f 1661/1519/2752 1659/1517/2700 1707/1602/2743 
s 1124
f 1707/1602/2743 1701/1603/2744 1661/1519/2752 
s 1125
f 1700/1608/2753 1706/1607/2754 1705/1598/2753 
s 1126
f 1705/1598/2753 1703/1596/2753 1700/1608/2753 
s 1127
f 1694/1580/2757 1696/1609/2756 1699/1599/2755 
s 1128
f 1699/1599/2755 1708/1605/2758 1694/1580/2757 
s 1129
f 1693/1579/2760 1694/1580/2697 1708/1605/2759 
s 1130
f 1708/1605/2759 1697/1583/2702 1693/1579/2760 
s 1131
f 1696/1582/2701 1695/1581/2762 1698/1610/2761 
s 1132
f 1698/1610/2761 1699/1611/2763 1696/1582/2701 
s 1133
f 1678/1541/2765 1659/1606/2764 1696/1609/2756 
s 1134
f 1696/1609/2756 1694/1580/2757 1678/1541/2765 
s 296
f 1711/1409/2766 1710/1410/2766 1709/1408/2766 
s 630
f 1714/1412/2769 1713/1413/2768 1712/1411/2767 
s 631
f 1715/1414/2770 1712/1411/2767 1713/1413/2768 
s 632
f 1715/1414/2770 1716/1415/2771 1712/1411/2767 
s 633
f 1717/1416/2772 1712/1411/2767 1716/1415/2771 
s 634
f 1719/1417/2774 1718/1418/2773 1713/1413/2768 
s 635
f 1715/1414/2770 1713/1413/2768 1718/1418/2773 
s 656
f 1722/1420/2777 1721/1421/2776 1720/1419/2775 
s 657
f 1724/1423/2780 1720/1424/2779 1723/1422/2778 
s 658
f 1721/1425/2781 1723/1422/2778 1720/1424/2779 
s 659
f 1711/1409/2784 1726/1427/2783 1725/1426/2782 
s 660
f 1727/1428/2785 1725/1426/2782 1726/1427/2783 
s 661
f 1709/1408/2787 1728/1429/2786 1711/1409/2784 
s 662
f 1726/1427/2783 1711/1409/2784 1728/1429/2786 
s 663
f 1730/1431/2789 1728/1429/2786 1729/1430/2788 
s 664
f 1709/1408/2787 1729/1430/2788 1728/1429/2786 
s 665
f 1732/1433/2791 1730/1431/2789 1731/1432/2790 
s 666
f 1729/1430/2788 1731/1432/2790 1730/1431/2789 
s 667
f 1727/1435/2794 1733/1436/2793 1725/1434/2792 
s 668
f 1734/1437/2795 1725/1434/2792 1733/1436/2793 
s 669
f 1725/1434/2792 1734/1437/2795 1735/1438/2796 
s 670
f 1717/1416/2772 1735/1438/2796 1734/1437/2795 
s 671
f 1733/1436/2793 1732/1433/2791 1734/1437/2795 
s 672
f 1731/1432/2790 1734/1437/2795 1732/1433/2791 
s 674
f 1734/1437/2795 1731/1432/2790 1717/1416/2772 
s 675
f 1712/1411/2767 1717/1416/2772 1731/1432/2790 
s 676
f 1710/1410/2798 1711/1409/2784 1735/1439/2797 
s 677
f 1725/1426/2782 1735/1439/2797 1711/1409/2784 
s 678
f 1709/1408/2787 1711/1409/2784 1710/1410/2798 
s 679
f 1710/1410/2798 1736/1440/2799 1709/1408/2787 
s 680
f 1714/1412/2769 1729/1430/2788 1736/1440/2800 
s 681
f 1709/1408/2787 1736/1440/2800 1729/1430/2788 
s 682
f 1731/1432/2790 1729/1430/2788 1712/1411/2767 
s 683
f 1714/1412/2769 1712/1411/2767 1729/1430/2788 
s 684
f 1736/1440/2802 1737/1441/2801 1714/1412/2769 
s 685
f 1713/1413/2768 1714/1412/2769 1737/1441/2801 
s 709
f 1738/1442/2804 483/1443/2803 1718/1418/2773 
s 726
f 1740/1444/2806 1739/1445/2805 1710/1410/2798 
s 747
f 485/1447/2808 1719/1417/2774 1741/1446/2807 
s 748
f 481/1448/2809 485/1447/2808 1741/1446/2807 
s 749
f 482/1449/2810 481/1448/2809 1741/1446/2807 
s 752
f 1718/1418/2773 1719/1417/2774 1738/1442/2804 
s 753
f 485/1447/2808 1738/1442/2804 1719/1417/2774 
s 754
f 1740/1444/2806 1743/1451/2812 1742/1450/2811 
s 755
f 1743/1453/2815 1744/1454/2814 1742/1452/2813 
s 756
f 1743/1453/2815 1716/1415/2771 1744/1454/2814 
s 757
f 1744/1454/2814 1716/1415/2771 1745/1455/2816 
s 758
f 1745/1455/2816 1716/1415/2771 1715/1414/2770 
s 759
f 1745/1455/2816 1747/1457/2818 1746/1456/2817 
s 760
f 1744/1454/2814 1745/1455/2816 1746/1456/2817 
s 761
f 1742/1452/2813 1744/1454/2814 1746/1456/2817 
s 763
f 478/1458/2819 1742/1452/2813 1746/1456/2817 
s 764
f 1747/1457/2818 1745/1455/2816 1718/1418/2773 
s 765
f 1715/1414/2770 1718/1418/2773 1745/1455/2816 
s 766
f 478/1459/2821 479/1460/2820 1742/1450/2811 
s 767
f 1740/1444/2806 1742/1450/2811 479/1460/2820 
s 768
f 1716/1415/2771 1743/1453/2815 1717/1416/2772 
s 769
f 1735/1438/2796 1717/1416/2772 1743/1453/2815 
s 770
f 1739/1445/2805 482/1449/2810 1741/1446/2807 
s 771
f 1737/1441/2801 1739/1445/2805 1741/1446/2807 
s 772
f 1713/1413/2768 1737/1441/2801 1741/1446/2807 
s 780
f 1749/1462/2824 1724/1463/2823 1748/1461/2822 
s 793
f 484/1464/2825 483/1443/2803 1738/1442/2804 
s 798
f 483/1443/2803 480/1465/2826 1746/1456/2817 
s 799
f 1747/1457/2818 483/1443/2803 1746/1456/2817 
s 800
f 1747/1457/2818 1718/1418/2773 483/1443/2803 
s 801
f 1751/1467/2828 1722/1420/2777 1750/1466/2827 
s 802
f 1750/1466/2827 1722/1420/2777 1752/1468/2829 
s 803
f 1722/1420/2777 1720/1419/2775 1752/1468/2829 
s 804
f 1750/1466/2827 1752/1468/2829 1753/1469/2830 
s 805
f 1754/1470/2832 1750/1466/2831 1753/1469/2830 
s 806
f 1753/1469/2830 1752/1468/2829 1755/1471/2833 
s 807
f 1749/1473/2836 1756/1474/2835 1752/1472/2834 
s 808
f 1755/1475/2837 1752/1472/2834 1756/1474/2835 
s 809
f 1756/1476/2838 1749/1462/2824 1748/1461/2822 
s 810
f 1754/1470/2832 1753/1469/2830 1757/1477/2839 
s 811
f 1757/1477/2839 1753/1469/2830 1758/1478/2840 
s 812
f 1753/1469/2830 1755/1471/2833 1759/1479/2841 
s 813
f 1758/1478/2840 1753/1469/2830 1759/1479/2841 
s 814
f 1755/1475/2837 1756/1474/2835 1748/1480/2842 
s 815
f 1757/1477/2839 1727/1428/2843 1754/1470/2832 
s 816
f 1733/1436/2793 1727/1435/2794 1760/1481/2844 
s 817
f 1757/1483/2847 1758/1484/2846 1761/1482/2845 
s 818
f 1760/1481/2844 1757/1483/2848 1761/1482/2845 
s 819
f 1758/1484/2846 1759/1485/2849 1761/1482/2845 
s 820
f 1761/1482/2845 1759/1485/2849 1762/1486/2850 
s 821
f 1748/1480/2842 1763/1488/2852 1759/1487/2851 
s 822
f 1759/1487/2851 1755/1475/2837 1748/1480/2842 
s 823
f 1760/1481/2844 1765/1490/2854 1764/1489/2853 
s 824
f 1760/1481/2844 1761/1482/2845 1765/1490/2854 
s 825
f 1761/1482/2845 1762/1486/2850 1765/1490/2854 
s 826
f 1765/1490/2854 1762/1486/2850 1721/1421/2776 
s 827
f 1764/1489/2853 1765/1490/2854 1751/1467/2855 
s 828
f 1751/1467/2855 1765/1490/2854 1722/1420/2777 
s 829
f 1765/1490/2854 1721/1421/2776 1722/1420/2777 
s 830
f 1719/1417/2774 1713/1413/2768 1741/1446/2807 
s 831
f 1736/1440/2800 1739/1445/2805 1737/1441/2801 
s 832
f 1736/1440/2800 1710/1410/2798 1739/1445/2805 
s 833
f 484/1464/2825 1738/1442/2804 485/1447/2808 
s 834
f 480/1465/2826 478/1458/2819 1746/1456/2817 
s 835
f 1740/1444/2806 1710/1410/2798 1743/1451/2812 
s 836
f 1735/1439/2797 1743/1451/2812 1710/1410/2798 
s 837
f 482/1449/2810 1739/1445/2805 479/1460/2820 
s 838
f 1740/1444/2806 479/1460/2820 1739/1445/2805 
s 839
f 1724/1423/2856 1749/1491/2856 1720/1424/2779 
s 840
f 1752/1492/2857 1720/1424/2779 1749/1491/2857 
s 841
f 1759/1487/2851 1763/1488/2859 1762/1493/2858 
s 842
f 1766/1494/2860 1762/1493/2858 1763/1488/2859 
s 843
f 1763/1496/2863 1723/1497/2862 1766/1495/2861 
s 844
f 1762/1493/2858 1766/1494/2860 1721/1425/2781 
s 845
f 1723/1422/2778 1721/1425/2781 1766/1494/2860 
s 846
f 1763/1496/2863 1748/1461/2822 1724/1463/2864 
s 847
f 1763/1496/2863 1724/1463/2864 1723/1497/2862 
s 848
f 1750/1466/2827 1754/1470/2832 1728/1429/2786 
s 849
f 1726/1427/2783 1728/1429/2786 1754/1470/2832 
s 850
f 1726/1427/2783 1754/1470/2832 1727/1428/2785 
s 851
f 1757/1483/2848 1760/1481/2844 1727/1435/2865 
s 852
f 1732/1433/2791 1733/1436/2793 1764/1489/2853 
s 853
f 1760/1481/2844 1764/1489/2853 1733/1436/2793 
s 854
f 1732/1433/2791 1751/1467/2866 1730/1431/2789 
s 855
f 1764/1489/2853 1751/1467/2866 1732/1433/2791 
s 856
f 1728/1429/2786 1730/1431/2789 1750/1466/2867 
s 857
f 1751/1467/2855 1750/1466/2867 1730/1431/2789 
s 859
f 1769/1499/2869 1768/1500/2869 1767/1498/2868 
s 860
f 1767/1498/2868 1768/1500/2870 1770/1499/2870 
s 861
f 1770/1499/2872 1768/1501/2872 1771/1498/2871 
s 862
f 1771/1498/2871 1768/1501/2873 1769/1499/2873 
s 863
f 1774/1503/2876 1773/1504/2875 1772/1502/2874 
s 864
f 1774/1503/2876 1776/1506/2878 1775/1505/2877 
s 865
f 1774/1503/2876 1777/1507/2879 1776/1506/2878 
s 866
f 1774/1503/2876 1772/1502/2874 1777/1507/2879 
s 867
f 1780/1503/2881 1779/1504/2880 1778/1502/2880 
s 868
f 1780/1503/2882 1782/1507/2882 1781/1506/2882 
s 869
f 1780/1503/2881 1781/1502/2883 1779/1507/2883 
s 870
f 1778/1509/2885 1779/1510/2885 1783/1508/2884 
s 904
f 1780/1503/2881 1784/1506/2886 1782/1505/2886 
s 934
f 1787/1512/2888 1786/1513/2887 1785/1511/2887 
s 935
f 1790/1515/2891 1789/1516/2890 1788/1514/2889 
s 936
f 1791/1517/2892 1788/1514/2892 1789/1516/2890 
s 937
f 1789/1516/2890 1792/1518/2894 1791/1517/2893 
s 938
f 1793/1519/2895 1791/1517/2893 1792/1518/2894 
s 975
f 1792/1518/2894 1785/1511/2896 1793/1519/2895 
s 1019
f 1796/1521/2899 1795/1522/2898 1794/1520/2897 
s 1020
f 1799/1524/2902 1798/1525/2901 1797/1523/2900 
s 1021
f 1797/1523/2900 1800/1526/2903 1799/1524/2902 
s 1022
f 1802/1527/2906 1801/1528/2905 1800/1526/2904 
s 1023
f 1801/1528/2905 1802/1527/2906 1803/1529/2907 
s 1024
f 1794/1531/2909 1787/1512/2888 1803/1530/2908 
s 1025
f 1803/1530/2908 1802/1532/2910 1794/1531/2909 
s 1026
f 1801/1528/2905 1799/1524/2902 1800/1526/2911 
s 1027
f 1801/1528/2905 1805/1534/2913 1804/1533/2912 
s 1028
f 1806/1536/2916 1775/1537/2915 1776/1535/2914 
s 1029
f 1804/1533/2912 1799/1524/2902 1801/1528/2905 
s 1030
f 1809/1539/2919 1808/1540/2918 1807/1538/2917 
s 1031
f 1804/1533/2912 1810/1541/2920 1809/1539/2919 
s 1032
f 1804/1533/2912 1805/1534/2913 1810/1541/2921 
s 1033
f 1810/1541/2921 1811/1542/2922 1809/1539/2919 
s 1034
f 1814/1544/2925 1813/1545/2924 1812/1543/2923 
s 1035
f 1815/1546/2926 1812/1543/2923 1813/1545/2924 
s 1036
f 1813/1545/2924 1816/1547/2928 1815/1546/2927 
s 1037
f 1817/1548/2929 1815/1546/2929 1816/1547/2928 
s 1038
f 1816/1547/2932 1818/1549/2931 1817/1548/2930 
s 1039
f 1819/1550/2934 1817/1548/2934 1818/1549/2933 
s 1040
f 1818/1552/2937 1814/1553/2936 1819/1551/2935 
s 1041
f 1812/1554/2938 1819/1551/2935 1814/1553/2936 
s 1042
f 1814/1544/2925 1786/1555/2939 1813/1545/2924 
s 1043
f 1820/1556/2941 1813/1545/2924 1786/1555/2940 
s 1044
f 1808/1540/2918 1816/1547/2942 1820/1556/2941 
s 1045
f 1813/1545/2924 1820/1556/2941 1816/1547/2928 
s 1047
f 1816/1547/2932 1808/1540/2943 1818/1549/2931 
s 1048
f 1785/1557/2944 1818/1549/2933 1808/1540/2943 
s 1049
f 1773/1558/2946 1783/1508/2884 1779/1510/2945 
s 1050
f 1806/1536/2916 1780/1560/2948 1783/1559/2947 
s 1051
f 1778/1561/2950 1783/1559/2947 1780/1560/2949 
s 1052
f 1806/1536/2916 1821/1562/2951 1780/1560/2949 
s 1053
f 1784/1563/2952 1780/1560/2949 1821/1562/2951 
s 1054
f 1821/1562/2951 1822/1564/2954 1784/1563/2953 
s 1055
f 1782/1565/2955 1784/1563/2952 1822/1564/2954 
s 1056
f 1782/1565/2955 1823/1567/2957 1781/1566/2956 
s 1057
f 1822/1564/2954 1823/1567/2957 1782/1565/2955 
s 1058
f 1823/1567/2958 1773/1558/2946 1781/1566/2956 
s 1059
f 1779/1510/2959 1781/1566/2959 1773/1558/2946 
s 1060
f 1823/1567/2957 1772/1568/2961 1773/1558/2960 
s 1061
f 1783/1508/2884 1773/1558/2960 1774/1569/2962 
s 1062
f 1783/1559/2947 1774/1570/2963 1806/1536/2916 
s 1063
f 1806/1536/2916 1774/1570/2964 1775/1537/2915 
s 1064
f 1821/1562/2951 1806/1536/2916 1776/1535/2965 
s 1065
f 1821/1562/2951 1777/1571/2966 1822/1564/2954 
s 1066
f 1821/1562/2951 1776/1535/2965 1777/1571/2966 
s 1067
f 1822/1564/2954 1777/1571/2966 1823/1567/2967 
s 1068
f 1823/1567/2967 1777/1571/2966 1772/1568/2961 
s 1069
f 1798/1573/2969 1796/1521/2899 1824/1572/2968 
s 1070
f 1796/1521/2899 1794/1520/2897 1824/1572/2968 
s 1071
f 1824/1572/2968 1797/1574/2970 1798/1573/2969 
s 1072
f 1824/1572/2968 1800/1575/2971 1797/1574/2970 
s 1073
f 1824/1572/2968 1802/1576/2972 1800/1575/2971 
s 1074
f 1794/1520/2897 1802/1576/2972 1824/1572/2968 
s 1075
f 1807/1538/2917 1796/1577/2973 1798/1525/2901 
s 1076
f 1787/1512/2888 1794/1531/2909 1795/1578/2974 
s 1077
f 1826/1579/2975 1825/1580/2976 1805/1534/2975 
s 1078
f 1788/1514/2979 1791/1517/2978 1827/1581/2977 
s 1079
f 1828/1582/2980 1827/1581/2977 1791/1517/2978 
s 1080
f 1831/1584/2983 1830/1585/2982 1829/1583/2981 
s 1081
f 1826/1579/2985 1827/1586/2984 1829/1583/2981 
s 1082
f 1831/1587/2986 1829/1583/2981 1827/1586/2984 
s 1083
f 1827/1586/2984 1826/1579/2985 1788/1588/2987 
s 1084
f 1805/1534/2989 1788/1588/2988 1826/1579/2985 
s 1085
f 1807/1538/2917 1820/1556/2941 1796/1577/2973 
s 1086
f 1795/1589/2990 1796/1577/2973 1820/1556/2941 
s 1087
f 1807/1538/2917 1808/1540/2991 1820/1556/2941 
s 1088
f 1808/1540/2918 1793/1590/2992 1785/1557/2944 
s 1089
f 1786/1513/2993 1787/1512/2888 1795/1578/2974 
s 1090
f 1808/1540/2918 1809/1539/2919 1811/1542/2994 
s 1091
f 1811/1542/2995 1793/1590/2992 1808/1540/2918 
s 1092
f 1819/1591/2998 1812/1592/2997 1817/1548/2996 
s 1093
f 1815/1546/2999 1817/1548/2996 1812/1592/2997 
s 1094
f 1799/1524/2902 1807/1538/2917 1798/1525/2901 
s 1095
f 1786/1555/3000 1795/1589/2990 1820/1556/2941 
s 1096
f 1801/1528/2905 1788/1588/2988 1805/1534/3001 
s 1097
f 1788/1588/3002 1801/1528/2905 1803/1529/3002 
s 1098
f 1807/1538/2917 1799/1524/2902 1809/1539/2919 
s 1099
f 1810/1541/2921 1805/1534/3003 1825/1580/2976 
s 1100
f 1799/1524/2902 1804/1533/2912 1809/1539/2919 
s 1101
f 1790/1515/2891 1788/1514/3004 1803/1530/2908 
s 1102
f 1789/1516/2890 1790/1515/2891 1803/1530/3005 
s 1103
f 1803/1530/2908 1787/1512/2888 1789/1516/2890 
s 1104
f 1792/1518/2894 1789/1516/2890 1787/1512/2888 
s 1105
f 1785/1511/3006 1792/1518/2894 1787/1512/2888 
s 1106
f 1786/1513/3008 1814/1553/2936 1818/1552/3007 
s 1107
f 1818/1552/3007 1785/1511/3009 1786/1513/3009 
s 1108
f 1834/1594/3012 1833/1595/3011 1832/1593/3010 
s 1109
f 1835/1596/3013 1832/1593/3010 1833/1595/3011 
s 1110
f 1833/1595/3016 1836/1597/3015 1835/1596/3014 
s 1111
f 1837/1598/3018 1835/1596/3017 1836/1597/3015 
s 1112
f 1837/1598/3018 1836/1597/3015 1838/1599/3019 
s 1113
f 1839/1600/3020 1838/1599/3019 1836/1597/3015 
s 1114
f 1839/1602/3023 1834/1603/3022 1838/1601/3021 
s 1115
f 1832/1604/3024 1838/1601/3021 1834/1603/3022 
s 1116
f 1793/1590/3025 1811/1542/3025 1834/1594/3025 
s 1117
f 1840/1605/3026 1829/1583/2981 1830/1585/2982 
s 1118
f 1833/1595/3027 1834/1594/3027 1811/1542/2994 
s 1119
f 1811/1542/2994 1810/1541/3028 1833/1595/3011 
s 1120
f 1836/1597/3015 1833/1595/3016 1810/1541/2921 
s 1121
f 1836/1597/3015 1810/1541/3029 1839/1600/3020 
s 1122
f 1791/1606/3030 1839/1600/3020 1810/1541/2921 
s 1123
f 1791/1517/2978 1793/1519/3031 1839/1602/3023 
s 1124
f 1834/1603/3022 1839/1602/3023 1793/1519/3031 
s 1125
f 1838/1607/3033 1832/1608/3032 1837/1598/3032 
s 1126
f 1835/1596/3032 1837/1598/3032 1832/1608/3032 
s 1127
f 1828/1609/3036 1825/1580/3035 1830/1599/3034 
s 1128
f 1840/1605/3037 1830/1599/3034 1825/1580/3035 
s 1129
f 1825/1580/2976 1826/1579/3039 1840/1605/3038 
s 1130
f 1829/1583/2981 1840/1605/3038 1826/1579/3039 
s 1131
f 1827/1581/3041 1828/1582/2980 1831/1610/3040 
s 1132
f 1830/1611/3042 1831/1610/3040 1828/1582/2980 
s 1133
f 1791/1606/3044 1810/1541/3043 1828/1609/3036 
s 1134
f 1825/1580/3035 1828/1609/3036 1810/1541/3043 
s 103
f 1843/1111/1905 1842/1110/1905 1841/1109/1905 
s 104
f 1845/1113/1905 1841/1109/1905 1844/1112/1905 
s 105
f 1846/1116/3047 1158/1115/3046 1844/1114/3045 
s 106
f 1159/1117/3045 1844/1114/3045 1158/1115/3046 
s 107
f 1847/1119/3048 1160/1118/3048 1846/1116/3047 
s 108
f 1158/1115/3046 1846/1116/3047 1160/1118/3048 
s 109
f 1848/1121/3050 1165/1120/3049 1847/1119/3048 
s 110
f 1160/1118/3048 1847/1119/3048 1165/1120/3049 
s 111
f 1842/1123/3051 1163/1122/3051 1848/1121/3050 
s 112
f 1165/1120/3049 1848/1121/3050 1163/1122/3051 
s 113
f 1843/1125/3053 1164/1124/3052 1842/1123/3051 
s 114
f 1163/1122/3051 1842/1123/3051 1164/1124/3052 
s 115
f 1841/1127/3054 1161/1126/3054 1843/1125/3053 
s 116
f 1164/1124/3052 1843/1125/3053 1161/1126/3054 
s 117
f 1845/1130/3057 1162/1129/3056 1841/1128/3055 
s 118
f 1161/1131/3055 1841/1128/3055 1162/1129/3056 
s 119
f 1844/1114/3045 1159/1117/3045 1845/1130/3057 
s 120
f 1162/1129/3056 1845/1130/3057 1159/1117/3045 
s 157
f 1851/1174/1905 1850/1173/1905 1849/1172/1905 
s 158
f 1853/1176/1905 1849/1172/1905 1852/1175/1905 
s 159
f 1855/1179/3060 1854/1178/3059 1852/1177/3058 
s 160
f 1856/1180/3058 1852/1177/3058 1854/1178/3059 
s 161
f 1850/1182/3062 1857/1181/3061 1855/1179/3060 
s 162
f 1854/1178/3059 1855/1179/3060 1857/1181/3061 
s 163
f 1851/1184/3063 1858/1183/3063 1850/1182/3062 
s 164
f 1857/1181/3061 1850/1182/3062 1858/1183/3063 
s 165
f 1849/1186/3064 1859/1185/3064 1851/1184/3063 
s 166
f 1858/1183/3063 1851/1184/3063 1859/1185/3064 
s 167
f 1853/1189/3067 1860/1188/3066 1849/1187/3065 
s 168
f 1859/1190/3065 1849/1187/3065 1860/1188/3066 
s 169
f 1852/1177/3058 1856/1180/3058 1853/1189/3067 
s 170
f 1860/1188/3066 1853/1189/3067 1856/1180/3058 
s 171
f 1844/1112/1905 1847/1192/1905 1846/1191/1905 
s 172
f 1841/1109/1905 1847/1192/1905 1844/1112/1905 
s 173
f 1842/1110/1905 1847/1192/1905 1841/1109/1905 
s 174
f 1848/1193/1905 1847/1192/1905 1842/1110/1905 
s 191
f 1852/1175/1905 1850/1173/1905 1855/1214/1905 
s 192
f 1849/1172/1905 1850/1173/1905 1852/1175/1905 
s 1
f 1863/1614/3069 1862/1613/3069 1861/1612/3068 
s 2
f 1866/1617/3072 1865/1616/3071 1864/1615/3070 
s 3
f 1867/1618/3073 1864/1615/3070 1865/1616/3071 
s 4
f 1869/1620/3076 1866/1617/3075 1868/1619/3074 
s 5
f 1864/1615/3077 1868/1619/3074 1866/1617/3075 
s 6
f 1872/1623/3080 1871/1622/3079 1870/1621/3078 
s 7
f 1873/1624/3081 1870/1621/3078 1871/1622/3079 
s 8
f 1865/1616/3083 1872/1623/3082 1867/1618/3073 
s 9
f 1870/1621/3078 1867/1618/3073 1872/1623/3082 
s 10
f 1876/1627/3086 1875/1626/3085 1874/1625/3084 
s 11
f 1877/1628/3087 1874/1625/3084 1875/1626/3085 
s 12
f 1880/1631/3089 1879/1630/3089 1878/1629/3088 
s 13
f 1877/1628/3087 1880/1631/3089 1878/1629/3088 
s 14
f 1874/1625/3084 1877/1628/3087 1878/1629/3088 
s 15
f 1883/1634/3090 1882/1633/3090 1881/1632/3090 
s 16
f 1881/1637/3093 1882/1636/3092 1880/1635/3091 
s 17
f 1879/1638/3092 1880/1635/3091 1882/1636/3092 
s 18
f 1875/1626/3094 1881/1637/3093 1877/1628/3094 
s 19
f 1880/1635/3091 1877/1628/3094 1881/1637/3093 
s 20
f 1878/1635/3097 1883/1637/3096 1874/1628/3095 
s 21
f 1876/1626/3098 1874/1628/3095 1883/1637/3096 
s 22
f 1879/1638/3092 1882/1636/3092 1878/1635/3097 
s 23
f 1883/1637/3096 1878/1635/3097 1882/1636/3092 
s 24
f 1873/1641/3101 1868/1640/3100 1864/1639/3099 
s 25
f 1870/1642/3102 1873/1641/3101 1864/1639/3099 
s 26
f 1886/1645/3105 1885/1644/3104 1884/1643/3103 
s 27
f 1887/1646/3106 1884/1643/3103 1885/1644/3104 
s 28
f 1889/1649/3108 1888/1648/3107 1886/1647/3107 
s 29
f 1885/1650/3107 1886/1647/3107 1888/1648/3107 
s 30
f 1892/1653/3111 1891/1652/3110 1890/1651/3109 
s 31
f 1893/1654/3112 1890/1651/3109 1891/1652/3110 
s 32
f 1888/1656/3092 1894/1655/3092 1885/1644/3092 
s 33
f 1887/1646/3106 1885/1644/3092 1894/1655/3092 
s 34
f 1896/1659/3113 1861/1658/3113 1895/1657/3113 
s 35
f 1897/1660/3113 1895/1657/3113 1861/1658/3113 
s 36
f 1898/1662/3113 1863/1661/3113 1896/1659/3113 
s 37
f 1861/1658/3113 1896/1659/3113 1863/1661/3113 
s 38
f 1899/1662/3115 1862/1613/3069 1898/1663/3114 
s 39
f 1863/1614/3069 1898/1663/3114 1862/1613/3069 
s 40
f 1901/1659/3116 1900/1658/3107 1899/1662/3107 
s 41
f 1862/1661/3107 1899/1662/3117 1900/1658/3107 
s 42
f 1901/1659/3116 1902/1657/3107 1900/1658/3107 
s 43
f 1903/1660/3107 1900/1658/3107 1902/1657/3107 
s 44
f 1895/1666/3120 1897/1665/3119 1902/1664/3118 
s 45
f 1903/1667/3121 1902/1664/3118 1897/1665/3119 
s 46
f 1898/1663/3122 1896/1668/3122 1899/1662/3115 
s 47
f 1901/1659/3116 1899/1662/3117 1896/1668/3123 
s 48
f 1896/1668/3123 1895/1666/3124 1901/1659/3116 
s 49
f 1902/1664/3118 1901/1659/3116 1895/1666/3120 
s 50
f 1900/1669/3068 1861/1612/3068 1862/1613/3069 
s 51
f 1903/1667/3121 1897/1665/3092 1900/1670/3092 
s 52
f 1861/1671/3092 1900/1670/3092 1897/1665/3092 
s 53
f 1906/1674/3113 1905/1673/3113 1904/1672/3113 
s 54
f 1907/1675/3113 1904/1672/3113 1905/1673/3113 
s 55
f 1910/1678/3113 1909/1677/3113 1908/1676/3113 
s 56
f 1911/1679/3113 1908/1676/3113 1909/1677/3113 
s 57
f 1913/1682/3104 1912/1681/3104 1910/1680/3104 
s 58
f 1909/1677/3104 1910/1680/3104 1912/1681/3125 
s 59
f 1915/1685/3107 1914/1684/3107 1913/1683/3107 
s 60
f 1912/1681/3125 1913/1683/3107 1914/1684/3126 
s 61
f 1908/1687/3127 1911/1679/3127 1915/1686/3127 
s 62
f 1914/1684/3126 1915/1686/3127 1911/1679/3127 
s 63
f 1914/1684/3092 1911/1679/3092 1912/1681/3092 
s 64
f 1909/1677/3092 1912/1681/3092 1911/1679/3092 
s 65
f 1918/1683/3113 1917/1681/3128 1916/1685/3113 
s 66
f 1919/1684/3113 1916/1685/3113 1917/1681/3128 
s 67
f 1921/1680/3104 1920/1677/3104 1918/1682/3104 
s 68
f 1917/1681/3104 1918/1682/3104 1920/1677/3104 
s 69
f 1923/1676/3107 1922/1679/3107 1921/1678/3107 
s 70
f 1920/1677/3107 1921/1678/3107 1922/1679/3107 
s 71
f 1916/1686/3127 1919/1684/3129 1923/1687/3127 
s 72
f 1922/1679/3127 1923/1687/3127 1919/1684/3127 
s 73
f 1922/1679/3092 1919/1684/3129 1920/1677/3092 
s 74
f 1917/1681/3128 1920/1677/3092 1919/1684/3129 
s 75
f 1892/1653/3111 1884/1688/3130 1891/1652/3110 
s 76
f 1867/1689/3131 1870/1642/3102 1864/1639/3131 
s 77
f 1924/1690/3132 1891/1652/3110 1884/1688/3130 
s 78
f 1890/1651/3133 1886/1645/3105 1892/1653/3133 
s 79
f 1884/1643/3103 1892/1653/3133 1886/1645/3133 
s 80
f 1893/1654/3112 1889/1649/3108 1890/1651/3109 
s 81
f 1886/1647/3134 1890/1651/3109 1889/1649/3108 
s 82
f 1884/1688/3113 1887/1691/3113 1924/1690/3132 
s 83
f 1894/1692/3113 1924/1690/3132 1887/1691/3113 
s 84
f 1926/1694/3113 1925/1693/3113 1906/1674/3113 
s 85
f 1905/1673/3113 1906/1674/3113 1925/1693/3113 
s 86
f 1928/1694/3136 1927/1696/3135 1926/1695/3135 
s 87
f 1925/1697/3135 1926/1695/3137 1927/1696/3135 
s 88
f 1930/1674/3107 1929/1673/3107 1928/1694/3136 
s 89
f 1927/1693/3107 1928/1694/3136 1929/1673/3107 
s 90
f 1932/1672/3107 1931/1675/3107 1930/1674/3107 
s 91
f 1929/1673/3107 1930/1674/3107 1931/1675/3107 
s 92
f 1904/1700/3140 1907/1699/3139 1932/1698/3138 
s 93
f 1931/1701/3138 1932/1698/3138 1907/1699/3139 
s 94
f 1926/1695/3137 1906/1702/3141 1928/1694/3136 
s 95
f 1930/1674/3122 1928/1694/3136 1906/1702/3141 
s 96
f 1906/1702/3141 1904/1700/3140 1930/1674/3142 
s 97
f 1932/1698/3142 1930/1674/3142 1904/1700/3140 
s 98
f 1929/1705/3144 1905/1704/3143 1927/1703/3092 
s 99
f 1925/1706/3092 1927/1703/3092 1905/1704/3143 
s 100
f 1931/1701/3145 1907/1699/3139 1929/1705/3145 
s 101
f 1905/1704/3143 1929/1705/3144 1907/1699/3139 
s 1
f 1935/1709/3148 1934/1708/3147 1933/1707/3146 
s 2
f 1936/1710/3149 1933/1707/3146 1934/1708/3147 
s 3
f 1938/1712/3150 1936/1710/3149 1937/1711/3150 
s 4
f 1934/1708/3151 1937/1711/3151 1936/1710/3151 
s 5
f 1941/1713/3154 1940/1709/3153 1939/1708/3152 
s 6
f 1941/1713/3154 1939/1708/3152 1937/1711/3155 
s 7
f 1943/1713/3157 1935/1709/3148 1942/1714/3156 
s 8
f 1944/1715/3159 1942/1714/3158 1935/1709/3158 
s 9
f 1937/1711/3155 1942/1714/3160 1941/1713/3154 
s 10
f 1942/1714/3162 1937/1711/3161 1943/1713/3157 
s 11
f 1943/1713/3157 1937/1711/3161 1934/1708/3147 
s 12
f 1936/1718/3163 1938/1717/3163 1945/1716/3163 
s 13
f 1939/1708/3152 1945/1710/3164 1937/1711/3155 
s 14
f 1938/1712/3165 1937/1711/3155 1945/1710/3164 
s 15
f 1941/1713/3154 1942/1714/3162 1944/1715/3159 
s 16
f 1940/1709/3153 1941/1713/3166 1944/1715/3159 
s 17
f 1940/1709/3167 1940/1709/3153 1944/1715/3159 
s 18
f 1943/1713/3157 1934/1708/3147 1935/1709/3148 
s 19
f 1945/1716/3163 1946/1719/3163 1936/1718/3163 
s 20
f 1933/1720/3163 1936/1718/3163 1946/1719/3163 
s 21
f 1939/1708/3152 1940/1709/3153 1940/1709/3168 
s 22
f 1945/1710/3164 1939/1708/3152 1940/1709/3167 
s 23
f 1946/1707/3169 1945/1710/3164 1940/1709/3168 
s 24
f 1940/1722/3170 1935/1721/3170 1946/1719/3170 
s 25
f 1933/1720/3170 1946/1719/3170 1935/1721/3170 
s 26
f 1940/1722/3170 1944/1723/3170 1935/1721/3170 
s 27
f 1949/1726/3173 1948/1725/3172 1947/1724/3171 
s 28
f 1952/1729/3174 1951/1728/3175 1950/1727/3174 
s 29
f 1953/1730/3176 1950/1727/3174 1951/1728/3175 
s 30
f 1955/1733/3179 1954/1732/3178 1952/1731/3177 
s 31
f 1951/1734/3180 1952/1731/3177 1954/1732/3178 
s 32
f 1957/1736/3182 1956/1735/3181 1955/1733/3179 
s 33
f 1954/1732/3178 1955/1733/3179 1956/1735/3181 
s 34
f 1959/1733/3185 1958/1732/3184 1957/1736/3183 
s 35
f 1956/1735/3186 1957/1736/3183 1958/1732/3184 
s 36
f 1950/1731/3188 1953/1734/3187 1959/1733/3185 
s 37
f 1958/1732/3184 1959/1733/3185 1953/1734/3187 
s 38
f 1951/1728/3175 1960/1737/3189 1953/1730/3176 
s 39
f 1961/1738/3190 1953/1730/3176 1960/1737/3189 
s 40
f 1954/1732/3178 1962/1739/3191 1951/1734/3180 
s 41
f 1960/1740/3192 1951/1734/3180 1962/1739/3191 
s 42
f 1956/1735/3194 1963/1741/3193 1954/1732/3178 
s 43
f 1962/1739/3195 1954/1732/3178 1963/1741/3193 
s 44
f 1958/1732/3184 1964/1739/3197 1956/1735/3196 
s 45
f 1963/1741/3193 1956/1735/3196 1964/1739/3197 
s 46
f 1953/1734/3187 1961/1740/3198 1958/1732/3184 
s 47
f 1964/1739/3199 1958/1732/3184 1961/1740/3198 
s 48
f 1966/1743/3200 1965/1742/3200 1950/1727/3200 
s 49
f 1952/1729/3200 1950/1727/3200 1965/1742/3200 
s 50
f 1947/1724/3202 1968/1744/3202 1967/1724/3201 
s 51
f 1969/1744/3203 1967/1724/3201 1968/1744/3202 
s 52
f 1962/1746/3204 1964/1745/3204 1960/1737/3189 
s 53
f 1961/1738/3190 1960/1737/3189 1964/1745/3204 
s 54
f 1969/1744/3203 1966/1747/3205 1967/1724/3201 
s 55
f 1959/1733/3185 1970/1725/3206 1950/1731/3205 
s 56
f 1950/1731/3205 1970/1725/3206 1966/1747/3205 
s 57
f 1966/1747/3205 1970/1725/3206 1967/1724/3201 
s 58
f 1947/1724/3207 1948/1725/3172 1968/1744/3207 
s 59
f 1952/1731/3207 1965/1747/3207 1955/1733/3179 
s 60
f 1955/1733/3179 1965/1747/3207 1948/1725/3172 
s 61
f 1948/1725/3172 1965/1747/3207 1968/1744/3207 
s 62
f 1949/1726/3208 1970/1725/3206 1957/1736/3183 
s 63
f 1959/1733/3185 1957/1736/3183 1970/1725/3206 
s 64
f 1947/1724/3210 1967/1724/3201 1949/1726/3209 
s 65
f 1955/1733/3179 1948/1725/3172 1957/1736/3211 
s 66
f 1949/1726/3173 1957/1736/3211 1948/1725/3172 
s 67
f 1967/1724/3201 1970/1725/3206 1949/1726/3209 
s 68
f 1963/1741/3193 1964/1739/3212 1962/1739/3212 
s 69
f 1973/1726/3173 1972/1725/3172 1971/1724/3171 
s 70
f 1976/1729/3174 1975/1728/3175 1974/1727/3174 
s 71
f 1977/1730/3176 1974/1727/3174 1975/1728/3175 
s 72
f 1979/1733/3179 1978/1732/3178 1976/1731/3177 
s 73
f 1975/1734/3180 1976/1731/3177 1978/1732/3178 
s 74
f 1981/1736/3213 1980/1735/3181 1979/1733/3179 
s 75
f 1978/1732/3178 1979/1733/3179 1980/1735/3181 
s 76
f 1983/1733/3185 1982/1732/3184 1981/1736/3183 
s 77
f 1980/1735/3186 1981/1736/3183 1982/1732/3184 
s 78
f 1974/1731/3188 1977/1734/3187 1983/1733/3185 
s 79
f 1982/1732/3184 1983/1733/3185 1977/1734/3187 
s 80
f 1975/1728/3175 1984/1737/3189 1977/1730/3176 
s 81
f 1985/1738/3190 1977/1730/3176 1984/1737/3189 
s 82
f 1978/1732/3178 1986/1739/3191 1975/1734/3180 
s 83
f 1984/1740/3192 1975/1734/3180 1986/1739/3191 
s 84
f 1980/1735/3194 1987/1741/3193 1978/1732/3178 
s 85
f 1986/1739/3195 1978/1732/3178 1987/1741/3193 
s 86
f 1982/1732/3184 1988/1739/3197 1980/1735/3196 
s 87
f 1987/1741/3193 1980/1735/3196 1988/1739/3197 
s 88
f 1977/1734/3187 1985/1740/3198 1982/1732/3184 
s 89
f 1988/1739/3199 1982/1732/3184 1985/1740/3198 
s 90
f 1990/1743/3200 1989/1742/3200 1974/1727/3200 
s 91
f 1976/1729/3200 1974/1727/3200 1989/1742/3200 
s 92
f 1971/1724/3214 1992/1744/3202 1991/1724/3201 
s 93
f 1993/1744/3203 1991/1724/3201 1992/1744/3202 
s 94
f 1986/1746/3204 1988/1745/3204 1984/1737/3189 
s 95
f 1985/1738/3190 1984/1737/3189 1988/1745/3204 
s 96
f 1993/1744/3203 1990/1747/3205 1991/1724/3201 
s 97
f 1983/1733/3185 1994/1725/3206 1974/1731/3205 
s 98
f 1974/1731/3205 1994/1725/3206 1990/1747/3205 
s 99
f 1990/1747/3205 1994/1725/3206 1991/1724/3201 
s 100
f 1971/1724/3207 1972/1725/3172 1992/1744/3207 
s 101
f 1976/1731/3207 1989/1747/3207 1979/1733/3179 
s 102
f 1979/1733/3179 1989/1747/3207 1972/1725/3172 
s 103
f 1972/1725/3172 1989/1747/3207 1992/1744/3207 
s 104
f 1973/1726/3208 1994/1725/3206 1981/1736/3183 
s 105
f 1983/1733/3185 1981/1736/3183 1994/1725/3206 
s 106
f 1971/1724/3214 1991/1724/3201 1973/1726/3209 
s 107
f 1979/1733/3179 1972/1725/3172 1981/1736/3213 
s 108
f 1973/1726/3173 1981/1736/3213 1972/1725/3172 
s 109
f 1991/1724/3201 1994/1725/3206 1973/1726/3209 
s 110
f 1987/1741/3193 1988/1739/3212 1986/1739/3212 
s 1
f 1997/1750/3216 1996/1749/3216 1995/1748/3215 
s 2
f 1998/1751/3218 1997/1750/3217 1995/1748/3215 
s 3
f 1999/1752/3219 1998/1751/3218 1995/1748/3215 
s 4
f 2000/1753/3221 1999/1752/3220 1995/1748/3215 
s 5
f 2001/1754/3222 2000/1753/3221 1995/1748/3215 
s 6
f 2002/1755/3223 2001/1754/3222 1995/1748/3215 
s 7
f 2003/1756/3224 2002/1755/3223 1995/1748/3215 
s 8
f 1996/1749/3225 2003/1756/3225 1995/1748/3225 
s 9
f 2001/1754/3228 2002/1755/3227 2004/1748/3226 
s 10
f 2000/1753/3229 2001/1754/3228 2004/1748/3226 
s 11
f 1999/1752/3230 2000/1753/3229 2004/1748/3226 
s 12
f 1998/1751/3231 1999/1752/3230 2004/1748/3226 
s 13
f 1997/1750/3232 1998/1751/3231 2004/1748/3226 
s 14
f 1996/1749/3233 1997/1750/3232 2004/1748/3226 
s 15
f 2003/1756/3234 1996/1749/3233 2004/1748/3226 
s 16
f 2002/1755/3235 2003/1756/3235 2004/1748/3235 
s 1
f 2007/1759/3237 2006/1758/3237 2005/1757/3236 
s 2
f 2008/1760/3223 2007/1759/3238 2005/1757/3236 
s 3
f 2009/1761/3239 2008/1760/3223 2005/1757/3236 
s 4
f 2010/1762/3240 2009/1761/3225 2005/1757/3236 
s 5
f 2011/1763/3241 2010/1762/3240 2005/1757/3236 
s 6
f 2012/1764/3218 2011/1763/3241 2005/1757/3236 
s 7
f 2013/1765/3242 2012/1764/3218 2005/1757/3236 
s 8
f 2006/1758/3220 2013/1765/3220 2005/1757/3220 
s 9
f 2007/1759/3228 2008/1760/3227 2014/1757/3226 
s 10
f 2006/1758/3229 2007/1759/3228 2014/1757/3226 
s 11
f 2013/1765/3230 2006/1758/3229 2014/1757/3226 
s 12
f 2012/1764/3231 2013/1765/3230 2014/1757/3226 
s 13
f 2011/1763/3232 2012/1764/3231 2014/1757/3226 
s 14
f 2010/1762/3233 2011/1763/3232 2014/1757/3226 
s 15
f 2009/1761/3234 2010/1762/3233 2014/1757/3226 
s 16
f 2008/1760/3235 2009/1761/3235 2014/1757/3235 
s 1
f 2017/1768/3245 2016/1767/3244 2015/1766/3243 
s 2
f 2018/1769/3246 2015/1766/3243 2016/1767/3244 
s 3
f 2015/1766/3243 2018/1769/3246 2019/1770/3247 
s 4
f 2020/1771/3248 2019/1770/3247 2018/1769/3246 
s 5
f 2019/1770/3247 2020/1771/3248 2021/1772/3249 
s 6
f 2022/1769/3250 2021/1772/3249 2020/1771/3248 
s 7
f 2021/1772/3249 2022/1769/3250 2023/1770/3251 
s 8
f 2024/1767/3252 2023/1770/3251 2022/1769/3250 
s 9
f 2023/1770/3251 2024/1767/3252 2025/1766/3253 
s 10
f 2026/1773/3254 2025/1766/3253 2024/1767/3252 
s 11
f 2025/1766/3253 2026/1773/3254 2027/1768/3255 
s 12
f 2028/1774/3256 2027/1768/3255 2026/1773/3254 
s 13
f 2027/1768/3255 2028/1774/3256 2029/1775/3257 
s 14
f 2032/1778/3258 2031/1777/3259 2030/1776/3258 
s 15
f 2033/1776/3260 2032/1778/3258 2030/1776/3258 
s 16
f 2034/1779/3258 2033/1776/3260 2030/1776/3258 
s 17
f 2035/1777/3259 2032/1778/3258 2033/1776/3260 
s 18
f 2031/1777/3263 2032/1778/3262 2036/1780/3261 
s 19
f 2037/1781/3264 2036/1780/3261 2032/1778/3262 
s 20
f 2030/1776/3266 2031/1777/3263 2038/1782/3265 
s 21
f 2041/1785/3269 2040/1784/3268 2039/1783/3267 
s 22
f 2040/1784/3268 2041/1785/3269 2042/1786/3270 
s 23
f 2044/1788/3272 2039/1783/3267 2043/1787/3271 
s 24
f 2039/1783/3267 2044/1788/3272 2041/1785/3269 
s 25
f 2046/1790/3274 2043/1787/3271 2045/1789/3273 
s 26
f 2043/1787/3271 2046/1790/3274 2044/1788/3272 
s 27
f 2048/1788/3276 2045/1789/3273 2047/1787/3275 
s 28
f 2045/1789/3273 2048/1788/3276 2046/1790/3274 
s 29
f 2051/1792/3279 2050/1791/3278 2049/1786/3277 
s 30
f 2050/1791/3278 2051/1792/3279 2052/1793/3280 
s 31
f 2042/1786/3270 2052/1793/3280 2051/1792/3279 
s 32
f 2052/1793/3282 2042/1786/3270 2053/1791/3281 
s 33
f 2041/1785/3269 2053/1791/3281 2042/1786/3270 
s 34
f 2053/1791/3281 2041/1785/3269 2054/1794/3283 
s 35
f 2044/1788/3272 2054/1794/3283 2041/1785/3269 
s 36
f 2054/1794/3283 2044/1788/3272 2055/1795/3284 
s 37
f 2046/1790/3274 2055/1795/3284 2044/1788/3272 
s 38
f 2055/1795/3284 2046/1790/3274 2056/1796/3285 
s 39
f 2048/1788/3276 2056/1796/3285 2046/1790/3274 
s 40
f 2056/1796/3285 2048/1788/3276 2057/1795/3286 
s 41
f 2016/1767/3244 2017/1768/3245 2058/1773/3287 
s 42
f 2061/1779/3289 2060/1776/3289 2059/1797/3288 
s 43
f 2062/1782/3265 2059/1797/3288 2060/1776/3290 
s 44
f 2064/1776/3260 2061/1779/3292 2063/1782/3291 
s 45
f 2059/1797/3288 2063/1782/3291 2061/1779/3292 
s 46
f 2066/1777/3293 2064/1776/3260 2065/1780/2352 
s 47
f 2063/1782/2352 2065/1780/2352 2064/1776/3260 
s 48
f 2068/1778/3294 2066/1777/3293 2067/1781/3264 
s 49
f 2065/1780/3295 2067/1781/3264 2066/1777/3295 
s 50
f 2062/1782/3265 2069/1780/3261 2067/1781/3264 
s 51
f 2063/1782/3296 2062/1782/3265 2067/1781/3264 
s 52
f 2065/1780/3296 2063/1782/3296 2067/1781/3264 
s 53
f 2059/1797/3288 2062/1782/3265 2063/1782/3296 
s 54
f 2072/1798/3298 2071/1799/3298 2070/1798/3297 
s 55
f 2073/1799/3299 2070/1798/3297 2071/1799/3298 
s 56
f 2071/1801/3258 2074/1800/3258 2073/1799/3299 
s 57
f 2075/1802/3300 2073/1799/3299 2074/1800/3258 
s 58
f 2074/1802/3301 2076/1803/3302 2075/1802/3301 
s 59
f 2077/1803/3303 2075/1802/3301 2076/1803/3302 
s 60
f 2076/1803/3302 2072/1798/3304 2077/1803/3303 
s 61
f 2070/1798/3305 2077/1803/3303 2072/1798/3304 
s 62
f 2036/1780/3261 2038/1782/3265 2031/1777/3263 
s 63
f 2034/1779/3289 2030/1776/3266 2078/1797/3288 
s 64
f 2038/1782/3265 2078/1797/3288 2030/1776/3290 
s 65
f 2033/1776/3260 2034/1779/3292 2079/1782/3291 
s 66
f 2078/1797/3288 2079/1782/3291 2034/1779/3292 
s 67
f 2035/1777/3293 2033/1776/3260 2080/1780/2352 
s 68
f 2079/1782/2352 2080/1780/2352 2033/1776/3260 
s 69
f 2032/1778/3294 2035/1777/3293 2037/1781/3264 
s 70
f 2080/1780/3295 2037/1781/3264 2035/1777/3295 
s 71
f 2038/1782/3265 2036/1780/3261 2037/1781/3264 
s 72
f 2079/1782/3305 2038/1782/3265 2037/1781/3264 
s 73
f 2080/1780/3296 2079/1782/3305 2037/1781/3264 
s 74
f 2078/1797/3288 2038/1782/3265 2079/1782/3305 
s 75
f 2068/1778/3258 2081/1777/3258 2060/1776/3258 
s 76
f 2064/1776/3260 2068/1778/3258 2060/1776/3258 
s 77
f 2061/1779/3258 2064/1776/3260 2060/1776/3258 
s 78
f 2066/1777/3259 2068/1778/3258 2064/1776/3260 
s 79
f 2081/1777/3263 2068/1778/3262 2069/1780/3261 
s 80
f 2067/1781/3264 2069/1780/3261 2068/1778/3262 
s 81
f 2060/1776/3306 2081/1777/3263 2062/1782/3265 
s 82
f 2069/1780/3261 2062/1782/3265 2081/1777/3263 
s 83
f 2083/1805/3308 2027/1768/3255 2082/1804/3307 
s 84
f 2029/1775/3257 2082/1804/3307 2027/1768/3255 
s 85
f 2082/1804/3307 2029/1775/3257 2084/1806/3309 
s 86
f 2017/1768/3245 2084/1806/3309 2029/1775/3257 
s 87
f 2084/1806/3309 2017/1768/3245 2085/1804/3310 
s 88
f 2086/1794/3311 2058/1773/3287 2057/1795/3286 
s 89
f 2058/1773/3287 2086/1794/3311 2016/1767/3244 
s 90
f 2050/1791/3278 2016/1767/3244 2086/1794/3311 
s 91
f 2016/1767/3244 2050/1791/3278 2018/1769/3246 
s 92
f 2052/1793/3280 2018/1769/3246 2050/1791/3278 
s 93
f 2018/1769/3246 2052/1793/3280 2020/1771/3248 
s 94
f 2053/1791/3281 2020/1771/3248 2052/1793/3280 
s 95
f 2020/1771/3248 2053/1791/3281 2022/1769/3250 
s 96
f 2054/1794/3283 2022/1769/3250 2053/1791/3281 
s 97
f 2022/1769/3250 2054/1794/3283 2024/1767/3252 
s 98
f 2055/1795/3284 2024/1767/3252 2054/1794/3283 
s 99
f 2024/1767/3252 2055/1795/3284 2026/1773/3254 
s 100
f 2056/1796/3285 2026/1773/3254 2055/1795/3284 
s 101
f 2026/1773/3254 2056/1796/3285 2028/1774/3256 
s 102
f 2057/1795/3286 2028/1774/3256 2056/1796/3285 
s 103
f 2089/1809/3306 2088/1808/3312 2087/1807/3312 
s 104
f 2088/1808/3312 2089/1809/3306 2090/1810/3313 
s 105
f 2087/1807/3312 2092/1812/3315 2091/1811/3314 
s 106
f 2092/1812/3315 2087/1807/3312 2088/1808/3312 
s 107
f 2091/1811/3314 2094/1808/3317 2093/1807/3316 
s 108
f 2094/1808/3317 2091/1811/3314 2092/1812/3315 
s 109
f 2093/1807/3316 2096/1810/3319 2095/1809/3318 
s 110
f 2096/1810/3319 2093/1807/3318 2094/1808/3317 
s 111
f 2095/1809/3322 2098/1814/3321 2097/1813/3320 
s 112
f 2098/1814/3321 2095/1809/3322 2096/1810/3319 
s 113
f 2097/1813/3320 2090/1810/3313 2089/1809/3323 
s 114
f 2090/1810/3313 2097/1813/3320 2098/1814/3321 
s 115
f 2097/1817/3305 2089/1816/3305 2095/1815/3305 
s 116
f 2095/1815/3305 2089/1816/3305 2091/1818/3305 
s 117
f 2091/1818/3305 2089/1816/3305 2087/1819/3305 
s 118
f 2095/1815/3305 2091/1818/3305 2093/1820/3296 
s 119
f 2098/1817/3258 2096/1815/3258 2094/1820/3259 
s 120
f 2098/1817/3258 2094/1820/3259 2092/1818/3259 
s 121
f 2098/1817/3258 2092/1818/3259 2088/1819/3258 
s 122
f 2098/1817/3258 2088/1819/3258 2090/1816/3259 
s 123
f 2027/1768/3255 2083/1805/3308 2025/1766/3253 
s 124
f 2015/1766/3243 2085/1804/3310 2017/1768/3245 
s 125
f 2085/1804/3310 2015/1766/3243 2099/1805/3324 
s 126
f 2019/1770/3247 2099/1805/3324 2015/1766/3243 
s 127
f 2099/1805/3324 2019/1770/3247 2100/1821/3325 
s 128
f 2021/1772/3249 2100/1821/3325 2019/1770/3326 
s 129
f 2100/1821/3325 2021/1772/3249 2101/1822/3327 
s 130
f 2023/1770/3251 2101/1822/3327 2021/1772/3249 
s 131
f 2101/1822/3327 2023/1770/3251 2102/1821/3328 
s 132
f 2025/1766/3253 2102/1821/3328 2023/1770/3251 
s 133
f 2102/1821/3328 2025/1766/3253 2083/1805/3308 
s 134
f 2058/1773/3287 2029/1775/3257 2028/1774/3256 
s 135
f 2029/1775/3257 2058/1773/3287 2017/1768/3245 
s 136
f 2104/1785/3330 2047/1787/3275 2103/1783/3329 
s 137
f 2047/1787/3275 2104/1785/3330 2048/1788/3276 
s 138
f 2049/1786/3277 2103/1783/3329 2105/1784/3331 
s 139
f 2103/1783/3329 2049/1786/3277 2104/1785/3330 
s 140
f 2051/1792/3279 2105/1784/3331 2106/1823/3332 
s 141
f 2105/1784/3331 2051/1792/3279 2049/1786/3277 
s 142
f 2042/1786/3270 2106/1823/3332 2040/1784/3268 
s 143
f 2106/1823/3332 2042/1786/3270 2051/1792/3279 
s 144
f 2028/1774/3256 2057/1795/3286 2058/1773/3287 
s 145
f 2104/1785/3330 2057/1795/3286 2048/1788/3276 
s 146
f 2057/1795/3286 2104/1785/3330 2086/1794/3311 
s 147
f 2049/1786/3277 2086/1794/3311 2104/1785/3330 
s 148
f 2086/1794/3311 2049/1786/3277 2050/1791/3278 
s 149
f 2099/1805/3324 2107/1824/3333 2085/1804/3310 
s 150
f 2107/1824/3333 2099/1805/3324 2108/1825/3334 
s 151
f 2100/1821/3325 2108/1825/3334 2099/1805/3324 
s 152
f 2108/1825/3334 2100/1821/3325 2109/1826/3335 
s 153
f 2101/1822/3327 2109/1826/3335 2100/1821/3325 
s 154
f 2109/1826/3335 2101/1822/3327 2110/1827/3336 
s 155
f 2102/1821/3328 2110/1827/3336 2101/1822/3327 
s 156
f 2110/1827/3336 2102/1821/3328 2111/1826/3337 
s 157
f 2083/1805/3308 2111/1826/3337 2102/1821/3328 
s 158
f 2111/1826/3337 2083/1805/3308 2112/1825/3338 
s 159
f 2082/1804/3307 2112/1825/3338 2083/1805/3308 
s 160
f 2112/1825/3338 2082/1804/3307 2113/1824/3339 
s 161
f 2084/1806/3309 2113/1824/3339 2082/1804/3307 
s 162
f 2113/1824/3339 2084/1806/3309 2114/1828/3340 
s 163
f 2085/1804/3310 2114/1828/3340 2084/1806/3309 
s 164
f 2114/1828/3340 2085/1804/3310 2107/1824/3333 
s 165
f 2117/1831/3342 2116/1830/3341 2115/1829/2364 
s 166
f 2120/1834/3343 2119/1833/2352 2118/1832/2352 
s 167
f 2121/1835/3343 2119/1833/2352 2120/1834/3343 
s 168
f 2122/1836/3344 2119/1833/2352 2121/1835/3343 
s 169
f 2123/1837/2361 2119/1833/2352 2122/1836/3344 
s 170
f 2126/1833/3345 2125/1834/2364 2124/1832/3306 
s 171
f 2127/1837/3306 2125/1834/2364 2126/1833/3345 
s 172
f 2128/1835/2364 2125/1834/2364 2127/1837/3306 
s 173
f 2129/1836/2364 2128/1835/2364 2127/1837/3306 
s 174
f 2129/1836/3346 2121/1835/3343 2120/1834/3343 
s 175
f 2128/1835/3258 2129/1836/3346 2120/1834/3343 
s 176
f 2125/1834/3259 2128/1835/3258 2120/1834/3343 
s 177
f 2122/1836/3344 2121/1835/3343 2129/1836/3346 
s 178
f 2132/1840/3320 2131/1839/3320 2130/1838/3320 
s 179
f 2133/1841/3320 2130/1838/3320 2131/1839/3320 
s 180
f 2135/1844/3296 2134/1843/3296 2132/1842/3296 
s 181
f 2131/1845/3296 2132/1842/3296 2134/1843/3296 
s 182
f 2137/1846/3348 2136/1846/3347 2129/1836/3346 
s 183
f 2122/1836/3344 2129/1836/3346 2136/1846/3347 
s 184
f 2139/1847/3351 2138/1847/3350 2123/1837/3349 
s 185
f 2142/1831/3353 2141/1829/3352 2140/1830/2361 
s 186
f 2144/1849/3354 2143/1848/2361 2141/1829/3352 
s 187
f 2145/1850/3354 2143/1848/2361 2144/1849/3354 
s 188
f 2115/1851/3356 2141/1829/3352 2117/1831/3355 
s 189
f 2142/1831/3353 2117/1831/3355 2141/1829/3352 
s 190
f 2146/1853/3258 2144/1852/3258 2115/1851/3356 
s 191
f 2141/1829/3352 2115/1851/3356 2144/1852/3258 
s 192
f 2147/1850/3321 2145/1850/3321 2146/1849/3321 
s 193
f 2144/1849/3321 2146/1849/3321 2145/1850/3321 
s 194
f 2148/1848/3358 2143/1848/3357 2147/1850/3305 
s 195
f 2145/1850/3305 2147/1850/3305 2143/1848/3357 
s 196
f 2150/1854/3360 2149/1854/3359 2148/1848/3358 
s 197
f 2143/1848/3357 2148/1848/3358 2149/1854/3359 
s 198
f 2116/1830/3341 2140/1830/3361 2150/1854/3360 
s 199
f 2149/1854/3361 2150/1854/3360 2140/1830/3362 
s 200
f 2117/1831/3363 2142/1831/3353 2116/1830/3341 
s 201
f 2140/1830/3362 2116/1830/3341 2142/1831/3353 
s 202
f 2148/1848/3358 2116/1830/3341 2150/1854/3360 
s 203
f 2115/1829/2364 2116/1830/3341 2148/1848/3358 
s 204
f 2146/1849/2364 2115/1829/2364 2148/1848/3358 
s 205
f 2147/1850/2364 2146/1849/2364 2148/1848/3358 
s 206
f 2153/1856/3343 2152/1856/3259 2151/1855/3343 
s 207
f 2154/1855/3364 2151/1855/3343 2152/1856/3259 
s 208
f 2154/1855/3364 2134/1858/3365 2151/1857/3321 
s 209
f 2135/1859/3321 2151/1857/3321 2134/1858/3365 
s 210
f 2157/1843/3367 2156/1860/3366 2155/1845/3320 
s 211
f 2158/1861/3320 2155/1845/3320 2156/1860/3366 
s 212
f 2160/1862/3296 2159/1862/3345 2139/1847/3351 
s 213
f 2138/1847/3296 2139/1847/3351 2159/1862/3345 
s 214
f 2153/1856/3343 2132/1840/2361 2136/1846/3347 
s 215
f 2122/1836/3344 2136/1846/3347 2132/1840/2361 
s 216
f 2132/1840/2352 2130/1838/2352 2122/1836/3344 
s 217
f 2123/1837/3349 2122/1836/3344 2130/1838/2352 
s 218
f 2130/1838/2352 2160/1862/2361 2123/1837/3349 
s 219
f 2139/1847/3351 2123/1837/3349 2160/1862/2352 
s 220
f 2152/1856/3306 2137/1846/3306 2131/1840/2364 
s 221
f 2129/1836/2364 2131/1840/2364 2137/1846/2364 
s 222
f 2131/1840/2364 2129/1836/2364 2133/1838/3306 
s 223
f 2127/1837/3306 2133/1838/3306 2129/1836/2364 
s 224
f 2133/1838/3306 2127/1837/3306 2159/1862/3345 
s 225
f 2138/1847/3342 2159/1862/3345 2127/1837/3306 
s 226
f 2127/1837/3350 2123/1837/3349 2138/1847/3350 
s 227
f 2133/1845/3368 2157/1843/3368 2130/1842/3368 
s 228
f 2155/1844/3369 2130/1842/3368 2157/1843/3369 
s 229
f 2118/1863/3305 2126/1833/3345 2124/1832/3305 
s 230
f 2119/1864/3296 2126/1833/3345 2118/1863/3305 
s 231
f 2123/1865/3296 2126/1833/3345 2119/1864/3296 
s 232
f 2127/1837/3296 2126/1833/3345 2123/1865/3296 
s 233
f 2136/1846/3347 2137/1846/3348 2153/1856/3343 
s 234
f 2152/1856/3259 2153/1856/3343 2137/1846/3348 
s 235
f 2158/1861/3296 2156/1860/3366 2160/1862/3296 
s 236
f 2159/1862/3345 2160/1862/3296 2156/1860/3366 
s 237
f 2151/1855/3343 2135/1858/2361 2153/1856/3343 
s 238
f 2132/1840/2361 2153/1856/3343 2135/1858/2361 
s 239
f 2155/1843/2361 2158/1860/2361 2130/1838/2352 
s 240
f 2160/1862/2352 2130/1838/2352 2158/1860/2361 
s 241
f 2134/1858/3365 2154/1855/3364 2131/1840/2364 
s 242
f 2152/1856/3306 2131/1840/2364 2154/1855/3364 
s 243
f 2156/1860/3366 2157/1843/2364 2159/1862/3345 
s 244
f 2133/1838/3306 2159/1862/3345 2157/1843/3367 
s 245
f 2124/1868/3370 2125/1867/3370 2118/1866/3370 
s 246
f 2120/1869/3370 2118/1866/3370 2125/1867/3370 
s 247
f 2163/1870/3373 2162/1871/3372 2161/1870/3371 
s 248
f 2166/1874/3375 2165/1873/3374 2164/1872/3374 
s 249
f 2167/1875/3374 2164/1872/3374 2165/1873/3374 
s 250
f 2165/1873/3374 2168/1876/3374 2167/1875/3374 
s 251
f 2169/1877/3374 2167/1875/3374 2168/1876/3374 
s 252
f 2168/1876/3374 2170/1878/3376 2169/1877/3374 
s 253
f 2171/1879/3374 2169/1877/3374 2170/1878/3376 
s 254
f 2173/1881/3378 2172/1880/3377 2166/1874/3375 
s 255
f 2165/1873/3374 2166/1874/3375 2172/1880/3377 
s 256
f 2162/1871/3372 2163/1870/3373 2168/1876/3374 
s 257
f 2170/1878/3376 2168/1876/3374 2163/1870/3373 
s 258
f 2176/1875/3379 2175/1873/3379 2174/1872/3379 
s 259
f 2177/1874/3380 2174/1872/3379 2175/1873/3379 
s 260
f 2179/1877/3379 2178/1876/3379 2176/1875/3379 
s 261
f 2175/1873/3379 2176/1875/3379 2178/1876/3379 
s 262
f 2181/1879/3379 2180/1878/3381 2179/1877/3379 
s 263
f 2178/1876/3379 2179/1877/3379 2180/1878/3381 
s 264
f 2175/1873/3379 2182/1880/3382 2177/1874/3380 
s 265
f 2183/1881/3383 2177/1874/3380 2182/1880/3382 
s 266
f 2180/1878/3381 2161/1870/3371 2178/1876/3379 
s 267
f 2077/1803/2352 2070/1798/3297 2075/1802/3300 
s 268
f 2073/1799/3299 2075/1802/3300 2070/1798/3297 
s 269
f 2071/1799/3306 2072/1798/3304 2074/1802/3306 
s 270
f 2076/1803/3302 2074/1802/3384 2072/1798/3304 
s 271
f 2161/1870/3371 2180/1878/3381 2163/1870/3373 
s 272
f 2170/1878/3376 2163/1870/3373 2180/1878/3381 
s 273
f 2180/1878/3381 2181/1879/3385 2170/1878/3376 
s 274
f 2171/1879/3386 2170/1878/3376 2181/1879/3385 
s 275
f 2181/1879/3387 2179/1877/3388 2171/1879/3387 
s 276
f 2169/1877/3388 2171/1879/3387 2179/1877/3388 
s 277
f 2179/1877/3388 2176/1875/3389 2169/1877/3388 
s 278
f 2167/1875/3389 2169/1877/3388 2176/1875/3389 
s 279
f 2176/1875/3389 2174/1872/3390 2167/1875/3389 
s 280
f 2164/1872/3390 2167/1875/3389 2174/1872/3390 
s 281
f 2174/1872/3391 2177/1874/3380 2164/1872/3391 
s 282
f 2166/1874/3375 2164/1872/3391 2177/1874/3380 
s 283
f 2177/1874/3380 2183/1881/3383 2166/1874/3375 
s 284
f 2173/1881/3378 2166/1874/3375 2183/1881/3383 
s 285
f 2183/1881/3383 2182/1880/3382 2173/1881/3378 
s 286
f 2172/1880/3377 2173/1881/3378 2182/1880/3382 
s 287
f 2184/1871/3392 2161/1870/3371 2162/1871/3372 
s 288
f 2187/1884/3395 2186/1883/3394 2185/1882/3393 
s 289
f 2190/1885/3397 2189/1883/2361 2188/1882/3396 
s 290
f 2191/1886/3399 2190/1885/3397 2188/1882/3398 
s 291
f 2186/1883/3394 2192/1885/3401 2185/1882/3400 
s 292
f 2188/1882/3396 2189/1883/3403 2193/1884/3402 
s 293
f 2194/1887/3404 2187/1884/3395 2185/1882/3400 
s 294
f 2187/1884/3395 2194/1887/3406 2193/1888/3405 
s 295
f 2194/1890/3407 2185/1889/3407 2188/1882/3407 
s 296
f 2185/1889/3408 2195/1891/3408 2188/1882/3398 
s 297
f 2191/1886/3399 2188/1882/3398 2195/1891/3408 
s 298
f 2195/1886/3409 2192/1885/3409 2191/1886/3409 
s 299
f 2190/1885/3397 2191/1886/3409 2192/1885/3409 
s 300
f 2192/1885/3410 2186/1883/3394 2190/1885/3397 
s 301
f 2189/1883/3403 2190/1885/3397 2186/1883/3394 
s 302
f 2186/1883/3394 2187/1884/3395 2189/1892/3411 
s 303
f 2193/1888/3405 2189/1892/3412 2187/1884/3395 
s 304
f 2188/1882/3396 2193/1884/3402 2194/1887/3413 
s 305
f 2192/1885/3401 2195/1886/3414 2185/1882/3414 
s 306
f 2140/1830/2361 2143/1848/2361 2149/1854/2361 
s 307
f 2141/1829/3352 2143/1848/2361 2140/1830/2361 
s 308
f 2184/1871/3392 2178/1876/3379 2161/1870/3371 
s 309
f 2198/1895/3258 2197/1894/3258 2196/1893/3415 
s 310
f 2199/1893/3416 2198/1895/3258 2196/1893/3415 
s 311
f 2200/1896/3417 2199/1893/3416 2196/1893/3415 
s 312
f 2201/1894/3259 2198/1895/3258 2199/1893/3416 
s 313
f 2197/1894/3419 2198/1895/3419 2202/1897/3418 
s 314
f 2203/1898/3421 2202/1897/3418 2198/1895/3420 
s 315
f 2196/1893/3415 2197/1894/2364 2204/1899/3384 
s 316
f 2202/1897/3418 2204/1899/3384 2197/1894/2364 
s 317
f 2200/1896/3417 2196/1893/3415 2205/1900/3422 
s 318
f 2204/1899/3423 2205/1900/3423 2196/1893/3415 
s 319
f 2199/1893/3416 2200/1896/3417 2206/1899/3424 
s 320
f 2205/1900/3422 2206/1899/3425 2200/1896/3417 
s 321
f 2201/1894/3427 2199/1893/3416 2207/1897/3426 
s 322
f 2206/1899/3425 2207/1897/3426 2199/1893/3416 
s 323
f 2198/1895/3420 2201/1894/3427 2203/1898/3421 
s 324
f 2207/1897/3426 2203/1898/3421 2201/1894/3428 
s 325
f 2204/1899/3296 2202/1897/3418 2203/1898/3421 
s 326
f 2206/1899/3305 2204/1899/3296 2203/1898/3421 
s 327
f 2207/1897/3426 2206/1899/3305 2203/1898/3421 
s 328
f 2205/1900/3429 2204/1899/3296 2206/1899/3305 
s 1
f 2210/1903/3432 2209/1902/3431 2208/1901/3430 
f 2211/1904/3433 2210/1903/3432 2208/1901/3430 
f 2213/1906/3435 2212/1905/3434 2208/1901/3430 
f 2209/1902/3431 2213/1906/3435 2208/1901/3430 
f 2215/1907/3437 2214/1905/3436 2208/1901/3430 
f 2212/1905/3434 2215/1907/3437 2208/1901/3430 
f 2217/1909/3439 2216/1908/3438 2208/1901/3430 
f 2214/1905/3436 2217/1909/3439 2208/1901/3430 
f 2219/1911/3441 2218/1910/3440 2208/1901/3430 
f 2216/1908/3438 2219/1911/3441 2208/1901/3430 
f 2221/1913/3443 2220/1912/3442 2208/1901/3430 
f 2218/1910/3440 2221/1913/3443 2208/1901/3430 
f 2223/1915/3445 2222/1914/3444 2208/1901/3430 
f 2220/1912/3442 2223/1915/3445 2208/1901/3430 
f 2225/1917/3447 2224/1916/3446 2208/1901/3430 
f 2222/1914/3444 2225/1917/3447 2208/1901/3430 
f 2227/1919/3449 2226/1918/3448 2208/1901/3430 
f 2224/1916/3446 2227/1919/3449 2208/1901/3430 
f 2229/1921/3451 2228/1920/3450 2208/1901/3430 
f 2226/1918/3448 2229/1921/3451 2208/1901/3430 
f 2231/1923/3453 2230/1922/3452 2208/1901/3430 
f 2228/1920/3450 2231/1923/3453 2208/1901/3430 
f 2233/1925/3455 2232/1924/3454 2208/1901/3430 
f 2230/1922/3452 2233/1925/3455 2208/1901/3430 
f 2235/1926/3457 2234/1924/3456 2208/1901/3430 
f 2232/1924/3454 2235/1926/3457 2208/1901/3430 
f 2237/1928/3459 2236/1927/3458 2208/1901/3430 
f 2234/1924/3456 2237/1928/3459 2208/1901/3430 
f 2239/1930/3461 2238/1929/3460 2208/1901/3430 
f 2236/1927/3458 2239/1930/3461 2208/1901/3430 
f 2240/1931/3462 2211/1904/3433 2208/1901/3430 
f 2238/1929/3460 2240/1931/3462 2208/1901/3430 
f 2241/1932/3463 2210/1903/3432 2211/1904/3433 
f 2242/1932/3464 2241/1932/3463 2211/1904/3433 
f 2241/1932/3463 2243/1933/3465 2210/1903/3432 
f 2243/1933/3465 2209/1902/3431 2210/1903/3432 
f 2244/1934/3466 2241/1932/3463 2242/1932/3464 
f 2244/1934/3466 2245/1935/3467 2241/1932/3463 
f 2245/1935/3467 2243/1933/3465 2241/1932/3463 
f 2246/1934/3468 2244/1934/3466 2242/1932/3464 
f 2245/1935/3467 2247/1935/3469 2243/1933/3465 
f 2247/1935/3469 2248/1933/3470 2243/1933/3465 
f 2247/1935/3469 2249/1936/3471 2248/1933/3470 
f 2249/1936/3471 2250/1937/3472 2248/1933/3470 
f 2249/1936/3471 2251/1936/3473 2250/1937/3472 
f 2251/1936/3473 2252/1937/3474 2250/1937/3472 
f 2250/1937/3472 2252/1937/3474 2212/1905/3434 
f 2252/1937/3474 2215/1907/3437 2212/1905/3434 
f 2251/1936/3473 2253/1936/3475 2252/1937/3474 
f 2253/1936/3475 2254/1937/3476 2252/1937/3474 
f 2252/1937/3474 2254/1937/3476 2215/1907/3437 
f 2254/1937/3476 2214/1905/3436 2215/1907/3437 
f 2253/1936/3475 2255/1938/3477 2254/1937/3476 
f 2255/1938/3477 2256/1939/3478 2254/1937/3476 
f 2254/1937/3476 2256/1939/3478 2214/1905/3436 
f 2256/1939/3478 2217/1909/3439 2214/1905/3436 
f 2255/1938/3477 2257/1938/3479 2256/1939/3478 
f 2257/1938/3479 2258/1939/3480 2256/1939/3478 
f 2256/1939/3478 2258/1939/3480 2217/1909/3439 
f 2258/1939/3480 2216/1908/3438 2217/1909/3439 
f 2257/1938/3479 2259/1940/3481 2258/1939/3480 
f 2259/1940/3481 2260/1941/3482 2258/1939/3480 
f 2258/1939/3480 2260/1941/3482 2216/1908/3438 
f 2260/1941/3482 2219/1911/3441 2216/1908/3438 
f 2259/1940/3481 2261/1940/3483 2260/1941/3482 
f 2261/1940/3483 2262/1941/3484 2260/1941/3482 
f 2260/1941/3482 2262/1941/3484 2219/1911/3441 
f 2262/1941/3484 2218/1910/3440 2219/1911/3441 
f 2261/1940/3483 2263/1942/3485 2262/1941/3484 
f 2263/1942/3485 2264/1943/3486 2262/1941/3484 
f 2262/1941/3484 2264/1943/3486 2218/1910/3440 
f 2264/1943/3486 2221/1913/3443 2218/1910/3440 
f 2263/1942/3485 2265/1944/3487 2264/1943/3486 
f 2265/1944/3487 2266/1945/3488 2264/1943/3486 
f 2264/1943/3486 2266/1945/3488 2221/1913/3443 
f 2266/1945/3488 2220/1912/3442 2221/1913/3443 
f 2265/1944/3487 2267/1946/3489 2266/1945/3488 
f 2267/1946/3489 2268/1947/3490 2266/1945/3488 
f 2267/1946/3489 2269/1946/3491 2268/1947/3490 
f 2269/1946/3491 2270/1947/3492 2268/1947/3490 
f 2269/1946/3491 2271/1948/3493 2270/1947/3492 
f 2271/1948/3493 2272/1949/3494 2270/1947/3492 
f 2271/1948/3493 2273/1950/3495 2272/1949/3494 
f 2273/1950/3495 2274/1951/3496 2272/1949/3494 
f 2273/1950/3495 2275/1950/3497 2274/1951/3496 
f 2275/1950/3497 2276/1951/3498 2274/1951/3496 
f 2275/1950/3497 2277/1952/3499 2276/1951/3498 
f 2277/1952/3499 2278/1953/3500 2276/1951/3498 
f 2277/1952/3499 2279/1954/3501 2278/1953/3500 
f 2279/1954/3501 2280/1955/3502 2278/1953/3500 
f 2279/1954/3501 2281/1956/3503 2280/1955/3502 
f 2281/1956/3503 2282/1957/3504 2280/1955/3502 
f 2281/1956/3503 2283/1956/3505 2282/1957/3504 
f 2283/1956/3505 2284/1957/3506 2282/1957/3504 
f 2282/1957/3504 2284/1957/3506 2228/1920/3450 
f 2284/1957/3506 2231/1923/3453 2228/1920/3450 
f 2283/1956/3505 2285/1958/3507 2284/1957/3506 
f 2285/1958/3507 2286/1959/3508 2284/1957/3506 
f 2284/1957/3506 2286/1959/3508 2231/1923/3453 
f 2286/1959/3508 2230/1922/3452 2231/1923/3453 
f 2285/1958/3507 2287/1958/3509 2286/1959/3508 
f 2287/1958/3509 2288/1959/3510 2286/1959/3508 
f 2286/1959/3508 2288/1959/3510 2230/1922/3452 
f 2288/1959/3510 2233/1925/3455 2230/1922/3452 
f 2287/1958/3509 2289/1960/3511 2288/1959/3510 
f 2289/1960/3511 2290/1961/3512 2288/1959/3510 
f 2288/1959/3510 2290/1961/3512 2233/1925/3455 
f 2290/1961/3512 2232/1924/3454 2233/1925/3455 
f 2289/1960/3511 2291/1960/3513 2290/1961/3512 
f 2291/1960/3513 2292/1961/3514 2290/1961/3512 
f 2290/1961/3512 2292/1961/3514 2232/1924/3454 
f 2292/1961/3514 2235/1926/3457 2232/1924/3454 
f 2291/1960/3513 2293/1960/3515 2292/1961/3514 
f 2293/1960/3515 2294/1962/3516 2292/1961/3514 
f 2292/1961/3514 2294/1962/3516 2235/1926/3457 
f 2294/1962/3516 2234/1924/3456 2235/1926/3457 
f 2293/1960/3515 2295/1963/3517 2294/1962/3516 
f 2295/1963/3517 2296/1964/3518 2294/1962/3516 
f 2294/1962/3516 2296/1964/3518 2234/1924/3456 
f 2296/1964/3518 2237/1928/3459 2234/1924/3456 
f 2295/1963/3517 2297/1963/3519 2296/1964/3518 
f 2297/1963/3519 2298/1964/3520 2296/1964/3518 
f 2296/1964/3518 2298/1964/3520 2237/1928/3459 
f 2298/1964/3520 2236/1927/3458 2237/1928/3459 
f 2297/1963/3519 2299/1965/3521 2298/1964/3520 
f 2299/1965/3521 2300/1966/3522 2298/1964/3520 
f 2299/1965/3521 2301/1965/3523 2300/1966/3522 
f 2301/1965/3523 2302/1966/3524 2300/1966/3522 
f 2301/1965/3523 2303/1967/3525 2302/1966/3524 
f 2303/1967/3525 2304/1968/3526 2302/1966/3524 
f 2303/1967/3525 2246/1934/3468 2304/1968/3526 
f 2246/1934/3468 2242/1932/3464 2304/1968/3526 
f 2305/1969/3527 2303/1967/3525 2301/1965/3523 
f 2306/1970/3528 2305/1969/3527 2301/1965/3523 
f 2306/1970/3528 2301/1965/3523 2299/1965/3521 
f 2307/1971/3529 2246/1934/3468 2303/1967/3525 
f 2305/1969/3527 2307/1971/3529 2303/1967/3525 
f 2307/1971/3529 2308/1971/3530 2246/1934/3468 
f 2308/1971/3530 2244/1934/3466 2246/1934/3468 
f 2308/1971/3530 2309/1972/3531 2244/1934/3466 
f 2309/1972/3531 2245/1935/3467 2244/1934/3466 
f 2310/1973/3532 2309/1972/3531 2308/1971/3530 
f 2311/1974/3533 2310/1973/3532 2308/1971/3530 
f 2311/1974/3533 2308/1971/3530 2307/1971/3529 
f 2312/1975/3534 2310/1973/3532 2311/1974/3533 
f 2313/1976/3535 2312/1975/3534 2311/1974/3533 
f 2313/1976/3535 2311/1974/3533 2314/1974/3536 
f 2314/1974/3536 2311/1974/3533 2307/1971/3529 
f 2314/1974/3536 2307/1971/3529 2305/1969/3527 
f 2315/1976/3537 2313/1976/3535 2314/1974/3536 
f 2316/1977/3538 2312/1975/3534 2313/1976/3535 
f 2317/1978/3539 2316/1977/3538 2313/1976/3535 
f 2317/1978/3539 2313/1976/3535 2315/1976/3537 
f 2318/1978/3540 2317/1978/3539 2315/1976/3537 
f 2312/1975/3534 2319/1975/3541 2310/1973/3532 
f 2319/1975/3541 2320/1973/3542 2310/1973/3532 
f 2310/1973/3532 2320/1973/3542 2309/1972/3531 
f 2319/1975/3541 2321/1979/3543 2320/1973/3542 
f 2321/1979/3543 2322/1980/3544 2320/1973/3542 
f 2323/1981/3545 2321/1979/3543 2319/1975/3541 
f 2324/1977/3546 2323/1981/3545 2319/1975/3541 
f 2324/1977/3546 2319/1975/3541 2312/1975/3534 
f 2316/1977/3538 2324/1977/3546 2312/1975/3534 
f 2321/1979/3543 2325/1979/3547 2322/1980/3544 
f 2325/1979/3547 2326/1980/3548 2322/1980/3544 
f 2325/1979/3547 2327/1979/3549 2326/1980/3548 
f 2327/1979/3549 2328/1980/3550 2326/1980/3548 
f 2329/1981/3551 2327/1979/3549 2325/1979/3547 
f 2330/1981/3552 2329/1981/3551 2325/1979/3547 
f 2330/1981/3552 2325/1979/3547 2321/1979/3543 
f 2323/1981/3545 2330/1981/3552 2321/1979/3543 
f 2327/1979/3549 2331/1982/3553 2328/1980/3550 
f 2331/1982/3553 2332/1983/3554 2328/1980/3550 
f 2331/1982/3553 2333/1982/3555 2332/1983/3554 
f 2333/1982/3555 2334/1983/3556 2332/1983/3554 
f 2335/1984/3557 2333/1982/3555 2331/1982/3553 
f 2336/1984/3558 2335/1984/3557 2331/1982/3553 
f 2336/1984/3558 2331/1982/3553 2327/1979/3549 
f 2329/1981/3551 2336/1984/3558 2327/1979/3549 
f 2333/1982/3555 2337/1985/3559 2334/1983/3556 
f 2337/1985/3559 2338/1986/3560 2334/1983/3556 
f 2337/1985/3559 2339/1985/3561 2338/1986/3560 
f 2339/1985/3561 2340/1986/3562 2338/1986/3560 
f 2341/1987/3563 2339/1985/3561 2337/1985/3559 
f 2342/1987/3564 2341/1987/3563 2337/1985/3559 
f 2342/1987/3564 2337/1985/3559 2333/1982/3555 
f 2335/1984/3557 2342/1987/3564 2333/1982/3555 
f 2339/1985/3561 2343/1988/3565 2340/1986/3562 
f 2343/1988/3565 2344/1989/3566 2340/1986/3562 
f 2343/1988/3565 2345/1988/3567 2344/1989/3566 
f 2345/1988/3567 2346/1990/3568 2344/1989/3566 
f 2347/1991/3569 2345/1988/3567 2343/1988/3565 
f 2348/1991/3570 2347/1991/3569 2343/1988/3565 
f 2348/1991/3570 2343/1988/3565 2339/1985/3561 
f 2341/1987/3563 2348/1991/3570 2339/1985/3561 
f 2345/1988/3567 2349/1992/3571 2346/1990/3568 
f 2349/1992/3571 2350/1993/3572 2346/1990/3568 
f 2349/1992/3571 2351/1992/3573 2350/1993/3572 
f 2351/1992/3573 2352/1993/3574 2350/1993/3572 
f 2353/1994/3575 2351/1992/3573 2349/1992/3571 
f 2354/1994/3576 2353/1994/3575 2349/1992/3571 
f 2354/1994/3576 2349/1992/3571 2345/1988/3567 
f 2347/1991/3569 2354/1994/3576 2345/1988/3567 
f 2351/1992/3573 2355/1995/3577 2352/1993/3574 
f 2355/1995/3577 2356/1996/3578 2352/1993/3574 
f 2355/1995/3577 2357/1997/3579 2356/1996/3578 
f 2357/1997/3579 2358/1998/3580 2356/1996/3578 
f 2359/1999/3581 2357/1997/3579 2355/1995/3577 
f 2360/2000/3582 2359/1999/3581 2355/1995/3577 
f 2360/2000/3582 2355/1995/3577 2351/1992/3573 
f 2353/1994/3575 2360/2000/3582 2351/1992/3573 
f 2357/1997/3579 2361/1997/3583 2358/1998/3580 
f 2361/1997/3583 2362/1998/3584 2358/1998/3580 
f 2361/1997/3583 2363/2001/3585 2362/1998/3584 
f 2363/2001/3585 2364/2002/3586 2362/1998/3584 
f 2365/2003/3587 2363/2001/3585 2361/1997/3583 
f 2366/1999/3588 2365/2003/3587 2361/1997/3583 
f 2366/1999/3588 2361/1997/3583 2357/1997/3579 
f 2359/1999/3581 2366/1999/3588 2357/1997/3579 
f 2363/2001/3585 2367/2001/3589 2364/2002/3586 
f 2367/2001/3589 2368/2002/3590 2364/2002/3586 
f 2367/2001/3589 2369/2004/3591 2368/2002/3590 
f 2369/2004/3591 2370/2005/3592 2368/2002/3590 
f 2371/2006/3593 2369/2004/3591 2367/2001/3589 
f 2372/2003/3594 2371/2006/3593 2367/2001/3589 
f 2372/2003/3594 2367/2001/3589 2363/2001/3585 
f 2365/2003/3587 2372/2003/3594 2363/2001/3585 
f 2369/2004/3591 2373/2004/3595 2370/2005/3592 
f 2373/2004/3595 2374/2005/3596 2370/2005/3592 
f 2373/2004/3595 2375/2007/3597 2374/2005/3596 
f 2375/2007/3597 2376/2008/3598 2374/2005/3596 
f 2377/2009/3599 2375/2007/3597 2373/2004/3595 
f 2378/2006/3600 2377/2009/3599 2373/2004/3595 
f 2378/2006/3600 2373/2004/3595 2369/2004/3591 
f 2371/2006/3593 2378/2006/3600 2369/2004/3591 
f 2375/2007/3597 2379/2007/3601 2376/2008/3598 
f 2379/2007/3601 2380/2008/3602 2376/2008/3598 
f 2379/2007/3601 2381/2010/3603 2380/2008/3602 
f 2381/2010/3603 2382/2011/3604 2380/2008/3602 
f 2383/2012/3605 2381/2010/3603 2379/2007/3601 
f 2384/2009/3606 2383/2012/3605 2379/2007/3601 
f 2384/2009/3606 2379/2007/3601 2375/2007/3597 
f 2377/2009/3599 2384/2009/3606 2375/2007/3597 
f 2381/2010/3603 2385/2010/3607 2382/2011/3604 
f 2385/2010/3607 2386/2011/3608 2382/2011/3604 
f 2385/2010/3607 2387/2010/3609 2386/2011/3608 
f 2387/2010/3609 2388/2011/3610 2386/2011/3608 
f 2389/2012/3611 2387/2010/3609 2385/2010/3607 
f 2390/2012/3612 2389/2012/3611 2385/2010/3607 
f 2390/2012/3612 2385/2010/3607 2381/2010/3603 
f 2383/2012/3605 2390/2012/3612 2381/2010/3603 
f 2387/2010/3609 2391/2013/3613 2388/2011/3610 
f 2391/2013/3613 2392/2014/3614 2388/2011/3610 
f 2391/2013/3613 2393/2013/3615 2392/2014/3614 
f 2393/2013/3615 2394/2014/3616 2392/2014/3614 
f 2395/2015/3617 2393/2013/3615 2391/2013/3613 
f 2396/2015/3618 2395/2015/3617 2391/2013/3613 
f 2396/2015/3618 2391/2013/3613 2387/2010/3609 
f 2389/2012/3611 2396/2015/3618 2387/2010/3609 
f 2393/2013/3615 2397/2016/3619 2394/2014/3616 
f 2397/2016/3619 2398/2017/3620 2394/2014/3616 
f 2397/2016/3619 2399/2016/3621 2398/2017/3620 
f 2399/2016/3621 2400/2017/3622 2398/2017/3620 
f 2401/2018/3623 2399/2016/3621 2397/2016/3619 
f 2402/2018/3624 2401/2018/3623 2397/2016/3619 
f 2402/2018/3624 2397/2016/3619 2393/2013/3615 
f 2395/2015/3617 2402/2018/3624 2393/2013/3615 
f 2399/2016/3621 2403/2019/3625 2400/2017/3622 
f 2403/2019/3625 2404/2020/3626 2400/2017/3622 
f 2403/2019/3625 2315/1976/3537 2404/2020/3626 
f 2315/1976/3537 2314/1974/3536 2404/2020/3626 
f 2318/1978/3540 2315/1976/3537 2403/2019/3625 
f 2405/2021/3627 2318/1978/3540 2403/2019/3625 
f 2405/2021/3627 2403/2019/3625 2399/2016/3621 
f 2401/2018/3623 2405/2021/3627 2399/2016/3621 
f 2406/2022/3628 2405/2021/3627 2401/2018/3623 
f 2407/2023/3629 2406/2022/3628 2401/2018/3623 
f 2407/2023/3629 2401/2018/3623 2402/2018/3624 
f 2408/2024/3630 2318/1978/3540 2405/2021/3627 
f 2406/2022/3628 2408/2024/3630 2405/2021/3627 
f 2408/2024/3630 2409/2024/3631 2318/1978/3540 
f 2409/2024/3631 2317/1978/3539 2318/1978/3540 
f 2409/2024/3631 2410/2025/3632 2317/1978/3539 
f 2410/2025/3632 2316/1977/3538 2317/1978/3539 
f 2411/2026/3633 2410/2025/3632 2409/2024/3631 
f 2411/2026/3633 2409/2024/3631 2408/2024/3630 
f 2411/2026/3633 2408/2024/3630 2406/2022/3628 
f 2248/1933/3470 2213/1906/3435 2209/1902/3431 
f 2243/1933/3465 2248/1933/3470 2209/1902/3431 
f 2248/1933/3470 2250/1937/3472 2213/1906/3435 
f 2250/1937/3472 2212/1905/3434 2213/1906/3435 
f 2268/1947/3490 2223/1915/3445 2220/1912/3442 
f 2266/1945/3488 2268/1947/3490 2220/1912/3442 
f 2268/1947/3490 2270/1947/3492 2223/1915/3445 
f 2270/1947/3492 2222/1914/3444 2223/1915/3445 
f 2270/1947/3492 2272/1949/3494 2222/1914/3444 
f 2272/1949/3494 2225/1917/3447 2222/1914/3444 
f 2272/1949/3494 2274/1951/3496 2225/1917/3447 
f 2274/1951/3496 2224/1916/3446 2225/1917/3447 
f 2274/1951/3496 2276/1951/3498 2224/1916/3446 
f 2276/1951/3498 2227/1919/3449 2224/1916/3446 
f 2276/1951/3498 2278/1953/3500 2227/1919/3449 
f 2278/1953/3500 2226/1918/3448 2227/1919/3449 
f 2278/1953/3500 2280/1955/3502 2226/1918/3448 
f 2280/1955/3502 2229/1921/3451 2226/1918/3448 
f 2280/1955/3502 2282/1957/3504 2229/1921/3451 
f 2282/1957/3504 2228/1920/3450 2229/1921/3451 
f 2300/1966/3522 2239/1930/3461 2236/1927/3458 
f 2298/1964/3520 2300/1966/3522 2236/1927/3458 
f 2300/1966/3522 2302/1966/3524 2239/1930/3461 
f 2302/1966/3524 2238/1929/3460 2239/1930/3461 
f 2302/1966/3524 2304/1968/3526 2238/1929/3460 
f 2304/1968/3526 2240/1931/3462 2238/1929/3460 
f 2304/1968/3526 2242/1932/3464 2240/1931/3462 
f 2242/1932/3464 2211/1904/3433 2240/1931/3462 
f 2411/2026/3633 2406/2022/3628 2407/2023/3629 
f 2411/2026/3633 2407/2023/3629 2412/2023/3634 
f 2412/2023/3634 2407/2023/3629 2402/2018/3624 
f 2412/2023/3634 2402/2018/3624 2395/2015/3617 
f 2413/2027/3635 2412/2023/3634 2395/2015/3617 
f 2411/2026/3633 2412/2023/3634 2413/2027/3635 
f 2413/2027/3635 2395/2015/3617 2396/2015/3618 
f 2414/2027/3636 2413/2027/3635 2396/2015/3618 
f 2411/2026/3633 2413/2027/3635 2414/2027/3636 
f 2414/2027/3636 2396/2015/3618 2389/2012/3611 
f 2415/2028/3637 2414/2027/3636 2389/2012/3611 
f 2411/2026/3633 2414/2027/3636 2415/2028/3637 
f 2415/2028/3637 2389/2012/3611 2390/2012/3612 
f 2416/2029/3638 2415/2028/3637 2390/2012/3612 
f 2411/2026/3633 2415/2028/3637 2416/2029/3638 
f 2416/2029/3638 2390/2012/3612 2383/2012/3605 
f 2417/2029/3639 2416/2029/3638 2383/2012/3605 
f 2411/2026/3633 2416/2029/3638 2417/2029/3639 
f 2417/2029/3639 2383/2012/3605 2384/2009/3606 
f 2418/2030/3640 2417/2029/3639 2384/2009/3606 
f 2411/2026/3633 2417/2029/3639 2418/2030/3640 
f 2418/2030/3640 2384/2009/3606 2377/2009/3599 
f 2419/2030/3641 2418/2030/3640 2377/2009/3599 
f 2411/2026/3633 2418/2030/3640 2419/2030/3641 
f 2419/2030/3641 2377/2009/3599 2378/2006/3600 
f 2420/2031/3642 2419/2030/3641 2378/2006/3600 
f 2411/2026/3633 2419/2030/3641 2420/2031/3642 
f 2420/2031/3642 2378/2006/3600 2371/2006/3593 
f 2421/2031/3643 2420/2031/3642 2371/2006/3593 
f 2411/2026/3633 2420/2031/3642 2421/2031/3643 
f 2421/2031/3643 2371/2006/3593 2372/2003/3594 
f 2422/2032/3644 2421/2031/3643 2372/2003/3594 
f 2411/2026/3633 2421/2031/3643 2422/2032/3644 
f 2422/2032/3644 2372/2003/3594 2365/2003/3587 
f 2423/2032/3645 2422/2032/3644 2365/2003/3587 
f 2411/2026/3633 2422/2032/3644 2423/2032/3645 
f 2423/2032/3645 2365/2003/3587 2366/1999/3588 
f 2424/2033/3646 2423/2032/3645 2366/1999/3588 
f 2411/2026/3633 2423/2032/3645 2424/2033/3646 
f 2424/2033/3646 2366/1999/3588 2359/1999/3581 
f 2425/2033/3647 2424/2033/3646 2359/1999/3581 
f 2411/2026/3633 2424/2033/3646 2425/2033/3647 
f 2425/2033/3647 2359/1999/3581 2360/2000/3582 
f 2426/2034/3648 2425/2033/3647 2360/2000/3582 
f 2411/2026/3633 2425/2033/3647 2426/2034/3648 
f 2426/2034/3648 2360/2000/3582 2353/1994/3575 
f 2427/2035/3649 2426/2034/3648 2353/1994/3575 
f 2411/2026/3633 2426/2034/3648 2427/2035/3649 
f 2427/2035/3649 2353/1994/3575 2354/1994/3576 
f 2428/2035/3650 2427/2035/3649 2354/1994/3576 
f 2411/2026/3633 2427/2035/3649 2428/2035/3650 
f 2428/2035/3650 2354/1994/3576 2347/1991/3569 
f 2429/2036/3651 2428/2035/3650 2347/1991/3569 
f 2411/2026/3633 2428/2035/3650 2429/2036/3651 
f 2429/2036/3651 2347/1991/3569 2348/1991/3570 
f 2430/2036/3652 2429/2036/3651 2348/1991/3570 
f 2411/2026/3633 2429/2036/3651 2430/2036/3652 
f 2430/2036/3652 2348/1991/3570 2341/1987/3563 
f 2431/2037/3653 2430/2036/3652 2341/1987/3563 
f 2411/2026/3633 2430/2036/3652 2431/2037/3653 
f 2431/2037/3653 2341/1987/3563 2342/1987/3564 
f 2432/2037/3654 2431/2037/3653 2342/1987/3564 
f 2411/2026/3633 2431/2037/3653 2432/2037/3654 
f 2432/2037/3654 2342/1987/3564 2335/1984/3557 
f 2433/2038/3655 2432/2037/3654 2335/1984/3557 
f 2411/2026/3633 2432/2037/3654 2433/2038/3655 
f 2433/2038/3655 2335/1984/3557 2336/1984/3558 
f 2434/2038/3656 2433/2038/3655 2336/1984/3558 
f 2411/2026/3633 2433/2038/3655 2434/2038/3656 
f 2434/2038/3656 2336/1984/3558 2329/1981/3551 
f 2435/2039/3657 2434/2038/3656 2329/1981/3551 
f 2411/2026/3633 2434/2038/3656 2435/2039/3657 
f 2435/2039/3657 2329/1981/3551 2330/1981/3552 
f 2436/2039/3658 2435/2039/3657 2330/1981/3552 
f 2411/2026/3633 2435/2039/3657 2436/2039/3658 
f 2436/2039/3658 2330/1981/3552 2323/1981/3545 
f 2437/2039/3659 2436/2039/3658 2323/1981/3545 
f 2411/2026/3633 2436/2039/3658 2437/2039/3659 
f 2437/2039/3659 2323/1981/3545 2324/1977/3546 
f 2438/2025/3660 2437/2039/3659 2324/1977/3546 
f 2411/2026/3633 2437/2039/3659 2438/2025/3660 
f 2438/2025/3660 2324/1977/3546 2316/1977/3538 
f 2410/2025/3632 2438/2025/3660 2316/1977/3538 
f 2411/2026/3633 2438/2025/3660 2410/2025/3632 
f 2404/2020/3626 2314/1974/3536 2305/1969/3527 
f 2404/2020/3626 2305/1969/3527 2306/1970/3528 
f 2400/2017/3622 2404/2020/3626 2306/1970/3528 
f 2400/2017/3622 2306/1970/3528 2439/1970/3661 
f 2439/1970/3661 2306/1970/3528 2299/1965/3521 
f 2439/1970/3661 2299/1965/3521 2297/1963/3519 
f 2440/2040/3662 2439/1970/3661 2297/1963/3519 
f 2398/2017/3620 2400/2017/3622 2439/1970/3661 
f 2398/2017/3620 2439/1970/3661 2440/2040/3662 
f 2394/2014/3616 2398/2017/3620 2440/2040/3662 
f 2440/2040/3662 2297/1963/3519 2295/1963/3517 
f 2441/2040/3663 2440/2040/3662 2295/1963/3517 
f 2394/2014/3616 2440/2040/3662 2441/2040/3663 
f 2441/2040/3663 2295/1963/3517 2293/1960/3515 
f 2442/2041/3664 2441/2040/3663 2293/1960/3515 
f 2392/2014/3614 2394/2014/3616 2441/2040/3663 
f 2392/2014/3614 2441/2040/3663 2442/2041/3664 
f 2388/2011/3610 2392/2014/3614 2442/2041/3664 
f 2442/2041/3664 2293/1960/3515 2291/1960/3513 
f 2443/2041/3665 2442/2041/3664 2291/1960/3513 
f 2388/2011/3610 2442/2041/3664 2443/2041/3665 
f 2443/2041/3665 2291/1960/3513 2289/1960/3511 
f 2444/2041/3666 2443/2041/3665 2289/1960/3511 
f 2386/2011/3608 2388/2011/3610 2443/2041/3665 
f 2386/2011/3608 2443/2041/3665 2444/2041/3666 
f 2382/2011/3604 2386/2011/3608 2444/2041/3666 
f 2444/2041/3666 2289/1960/3511 2287/1958/3509 
f 2445/2042/3667 2444/2041/3666 2287/1958/3509 
f 2382/2011/3604 2444/2041/3666 2445/2042/3667 
f 2445/2042/3667 2287/1958/3509 2285/1958/3507 
f 2446/2042/3668 2445/2042/3667 2285/1958/3507 
f 2380/2008/3602 2382/2011/3604 2445/2042/3667 
f 2380/2008/3602 2445/2042/3667 2446/2042/3668 
f 2376/2008/3598 2380/2008/3602 2446/2042/3668 
f 2446/2042/3668 2285/1958/3507 2283/1956/3505 
f 2447/2043/3669 2446/2042/3668 2283/1956/3505 
f 2376/2008/3598 2446/2042/3668 2447/2043/3669 
f 2447/2043/3669 2283/1956/3505 2281/1956/3503 
f 2448/2043/3670 2447/2043/3669 2281/1956/3503 
f 2374/2005/3596 2376/2008/3598 2447/2043/3669 
f 2374/2005/3596 2447/2043/3669 2448/2043/3670 
f 2370/2005/3592 2374/2005/3596 2448/2043/3670 
f 2448/2043/3670 2281/1956/3503 2279/1954/3501 
f 2449/2044/3671 2448/2043/3670 2279/1954/3501 
f 2370/2005/3592 2448/2043/3670 2449/2044/3671 
f 2449/2044/3671 2279/1954/3501 2277/1952/3499 
f 2450/2045/3672 2449/2044/3671 2277/1952/3499 
f 2368/2002/3590 2370/2005/3592 2449/2044/3671 
f 2368/2002/3590 2449/2044/3671 2450/2045/3672 
f 2364/2002/3586 2368/2002/3590 2450/2045/3672 
f 2450/2045/3672 2277/1952/3499 2275/1950/3497 
f 2451/2046/3673 2450/2045/3672 2275/1950/3497 
f 2364/2002/3586 2450/2045/3672 2451/2046/3673 
f 2451/2046/3673 2275/1950/3497 2273/1950/3495 
f 2452/2046/3674 2451/2046/3673 2273/1950/3495 
f 2362/1998/3584 2364/2002/3586 2451/2046/3673 
f 2362/1998/3584 2451/2046/3673 2452/2046/3674 
f 2358/1998/3580 2362/1998/3584 2452/2046/3674 
f 2452/2046/3674 2273/1950/3495 2271/1948/3493 
f 2453/2047/3675 2452/2046/3674 2271/1948/3493 
f 2358/1998/3580 2452/2046/3674 2453/2047/3675 
f 2453/2047/3675 2271/1948/3493 2269/1946/3491 
f 2454/2048/3676 2453/2047/3675 2269/1946/3491 
f 2356/1996/3578 2358/1998/3580 2453/2047/3675 
f 2356/1996/3578 2453/2047/3675 2454/2048/3676 
f 2352/1993/3574 2356/1996/3578 2454/2048/3676 
f 2454/2048/3676 2269/1946/3491 2267/1946/3489 
f 2455/2048/3677 2454/2048/3676 2267/1946/3489 
f 2352/1993/3574 2454/2048/3676 2455/2048/3677 
f 2455/2048/3677 2267/1946/3489 2265/1944/3487 
f 2456/2049/3678 2455/2048/3677 2265/1944/3487 
f 2350/1993/3572 2352/1993/3574 2455/2048/3677 
f 2350/1993/3572 2455/2048/3677 2456/2049/3678 
f 2346/1990/3568 2350/1993/3572 2456/2049/3678 
f 2456/2049/3678 2265/1944/3487 2263/1942/3485 
f 2457/2050/3679 2456/2049/3678 2263/1942/3485 
f 2346/1990/3568 2456/2049/3678 2457/2050/3679 
f 2457/2050/3679 2263/1942/3485 2261/1940/3483 
f 2458/2051/3680 2457/2050/3679 2261/1940/3483 
f 2344/1989/3566 2346/1990/3568 2457/2050/3679 
f 2344/1989/3566 2457/2050/3679 2458/2051/3680 
f 2340/1986/3562 2344/1989/3566 2458/2051/3680 
f 2458/2051/3680 2261/1940/3483 2259/1940/3481 
f 2459/2051/3681 2458/2051/3680 2259/1940/3481 
f 2340/1986/3562 2458/2051/3680 2459/2051/3681 
f 2459/2051/3681 2259/1940/3481 2257/1938/3479 
f 2460/2052/3682 2459/2051/3681 2257/1938/3479 
f 2338/1986/3560 2340/1986/3562 2459/2051/3681 
f 2338/1986/3560 2459/2051/3681 2460/2052/3682 
f 2334/1983/3556 2338/1986/3560 2460/2052/3682 
f 2460/2052/3682 2257/1938/3479 2255/1938/3477 
f 2461/2052/3683 2460/2052/3682 2255/1938/3477 
f 2334/1983/3556 2460/2052/3682 2461/2052/3683 
f 2461/2052/3683 2255/1938/3477 2253/1936/3475 
f 2462/2053/3684 2461/2052/3683 2253/1936/3475 
f 2332/1983/3554 2334/1983/3556 2461/2052/3683 
f 2332/1983/3554 2461/2052/3683 2462/2053/3684 
f 2328/1980/3550 2332/1983/3554 2462/2053/3684 
f 2462/2053/3684 2253/1936/3475 2251/1936/3473 
f 2463/2053/3685 2462/2053/3684 2251/1936/3473 
f 2328/1980/3550 2462/2053/3684 2463/2053/3685 
f 2463/2053/3685 2251/1936/3473 2249/1936/3471 
f 2464/2053/3686 2463/2053/3685 2249/1936/3471 
f 2326/1980/3548 2328/1980/3550 2463/2053/3685 
f 2326/1980/3548 2463/2053/3685 2464/2053/3686 
f 2322/1980/3544 2326/1980/3548 2464/2053/3686 
f 2464/2053/3686 2249/1936/3471 2247/1935/3469 
f 2465/1972/3687 2464/2053/3686 2247/1935/3469 
f 2322/1980/3544 2464/2053/3686 2465/1972/3687 
f 2465/1972/3687 2247/1935/3469 2245/1935/3467 
f 2309/1972/3531 2465/1972/3687 2245/1935/3467 
f 2320/1973/3542 2322/1980/3544 2465/1972/3687 
f 2320/1973/3542 2465/1972/3687 2309/1972/3531 
# 0 polygons - 4127 triangles

