# 3ds Max Wavefront OBJ Exporter v0.97b - (c)2007 guruware
# File Created: 15.06.2015 00:36:02

mtllib Ork Flashgit.mtl

#
# object Fiche_Space_Hulk
#

v  0.0013 0.0214 0.0050
v  -0.6646 0.0003 -0.2838
v  -0.6019 0.0001 -0.4109
v  -0.7125 0.0001 -0.1504
v  -0.5066 0.0003 -0.5157
v  -0.4001 0.0001 -0.6093
v  -0.2717 0.0003 -0.6697
v  -0.1375 0.0001 -0.7152
v  0.0040 0.0003 -0.7220
v  0.1455 0.0001 -0.7126
v  0.2790 0.0003 -0.6647
v  0.4060 0.0001 -0.6020
v  0.5110 0.0003 -0.5067
v  0.6045 0.0001 -0.4001
v  0.6648 0.0003 -0.2719
v  0.7105 0.0001 -0.1376
v  0.7172 0.0003 0.0038
v  0.7079 0.0001 0.1453
v  0.6600 0.0003 0.2789
v  0.5973 0.0001 0.4059
v  0.5020 0.0003 0.5108
v  0.3953 0.0001 0.6044
v  0.2671 0.0003 0.6647
v  0.1329 0.0001 0.7103
v  -0.0087 0.0003 0.7171
v  -0.1502 0.0001 0.7078
v  -0.2836 0.0003 0.6599
v  -0.4108 0.0001 0.5971
v  -0.5155 0.0003 0.5018
v  -0.6091 0.0001 0.3952
v  -0.6696 0.0003 0.2670
v  -0.7151 0.0001 0.1327
v  -0.7218 0.0003 -0.0089
v  -0.6766 0.0077 -0.2887
v  -0.7204 0.0077 -0.1519
v  -0.6086 0.0077 -0.4154
v  -0.6603 0.0172 -0.2819
v  -0.5931 0.0172 -0.4049
v  -0.7021 0.0172 -0.1481
v  -0.5033 0.0172 -0.5124
v  -0.5157 0.0077 -0.5250
v  -0.3942 0.0172 -0.6003
v  -0.4044 0.0077 -0.6160
v  -0.2700 0.0172 -0.6653
v  -0.2765 0.0077 -0.6816
v  -0.1356 0.0172 -0.7047
v  -0.1390 0.0077 -0.7232
v  0.0040 0.0172 -0.7173
v  0.0042 0.0077 -0.7350
v  0.1434 0.0172 -0.7023
v  0.1472 0.0077 -0.7206
v  0.2771 0.0172 -0.6604
v  0.2840 0.0077 -0.6766
v  0.4002 0.0172 -0.5932
v  0.4107 0.0077 -0.6087
v  0.5077 0.0172 -0.5035
v  0.5203 0.0077 -0.5159
v  0.5956 0.0172 -0.3944
v  0.6111 0.0077 -0.4045
v  0.6605 0.0172 -0.2701
v  0.6769 0.0077 -0.2767
v  0.7000 0.0172 -0.1357
v  0.7183 0.0077 -0.1392
v  0.7124 0.0172 0.0038
v  0.7302 0.0077 0.0040
v  0.6976 0.0172 0.1432
v  0.7159 0.0077 0.1470
v  0.6557 0.0172 0.2770
v  0.6719 0.0077 0.2839
v  0.5885 0.0172 0.4000
v  0.6038 0.0077 0.4105
v  0.4986 0.0172 0.5075
v  0.5111 0.0077 0.5201
v  0.3895 0.0172 0.5954
v  0.3998 0.0077 0.6109
v  0.2654 0.0172 0.6604
v  0.2720 0.0077 0.6767
v  0.1310 0.0172 0.6998
v  0.1345 0.0077 0.7181
v  -0.0086 0.0172 0.7122
v  -0.0087 0.0077 0.7300
v  -0.1480 0.0172 0.6974
v  -0.1518 0.0077 0.7157
v  -0.2817 0.0172 0.6555
v  -0.2886 0.0077 0.6717
v  -0.4047 0.0172 0.5883
v  -0.4152 0.0077 0.6037
v  -0.5122 0.0172 0.4984
v  -0.5248 0.0077 0.5110
v  -0.6001 0.0172 0.3893
v  -0.6158 0.0077 0.3997
v  -0.6651 0.0172 0.2652
v  -0.6815 0.0077 0.2718
v  -0.7046 0.0172 0.1308
v  -0.7230 0.0077 0.1343
v  -0.7171 0.0172 -0.0087
v  -0.7349 0.0077 -0.0089
v  -0.6928 0.0284 -0.0086
v  -0.6808 0.0284 0.1262
v  -0.6784 0.0284 -0.1431
v  -0.6379 0.0284 -0.2724
v  -0.5731 0.0284 -0.3911
v  -0.5570 0.0403 -0.3802
v  -0.6201 0.0403 -0.2648
v  -0.5503 0.0522 -0.3758
v  -0.6127 0.0522 -0.2617
v  -0.6594 0.0403 -0.1392
v  -0.6515 0.0522 -0.1376
v  -0.5495 0.0632 -0.3751
v  -0.6117 0.0632 -0.2612
v  -0.6504 0.0632 -0.1375
v  -0.4669 0.0522 -0.4755
v  -0.4726 0.0403 -0.4812
v  -0.3658 0.0522 -0.5570
v  -0.3703 0.0403 -0.5639
v  -0.3653 0.0632 -0.5562
v  -0.4662 0.0632 -0.4747
v  -0.2507 0.0522 -0.6174
v  -0.2536 0.0403 -0.6248
v  -0.1259 0.0522 -0.6541
v  -0.1275 0.0403 -0.6620
v  -0.1257 0.0632 -0.6529
v  -0.2502 0.0632 -0.6163
v  0.0037 0.0522 -0.6656
v  0.0037 0.0403 -0.6737
v  0.1329 0.0522 -0.6516
v  0.1345 0.0403 -0.6596
v  0.1326 0.0632 -0.6506
v  0.0035 0.0632 -0.6644
v  0.2570 0.0522 -0.6129
v  0.2601 0.0403 -0.6203
v  0.3710 0.0522 -0.5505
v  0.3755 0.0403 -0.5572
v  0.3704 0.0632 -0.5496
v  0.2565 0.0632 -0.6118
v  0.4708 0.0522 -0.4671
v  0.4765 0.0403 -0.4728
v  0.5523 0.0522 -0.3659
v  0.5590 0.0403 -0.3704
v  0.5515 0.0632 -0.3654
v  0.4700 0.0632 -0.4664
v  0.6126 0.0522 -0.2508
v  0.6200 0.0403 -0.2538
v  0.6492 0.0522 -0.1261
v  0.6571 0.0403 -0.1276
v  0.6481 0.0632 -0.1259
v  0.6114 0.0632 -0.2503
v  0.6607 0.0522 0.0035
v  0.6688 0.0403 0.0035
v  0.6469 0.0522 0.1327
v  0.6549 0.0403 0.1343
v  0.6459 0.0632 0.1324
v  0.6597 0.0632 0.0035
v  0.6080 0.0522 0.2568
v  0.6156 0.0403 0.2599
v  0.5458 0.0522 0.3709
v  0.5525 0.0403 0.3754
v  0.5449 0.0632 0.3702
v  0.6069 0.0632 0.2563
v  0.4624 0.0522 0.4707
v  0.4681 0.0403 0.4763
v  0.3612 0.0522 0.5522
v  0.3657 0.0403 0.5589
v  0.3605 0.0632 0.5513
v  0.4617 0.0632 0.4698
v  0.2459 0.0522 0.6125
v  0.2490 0.0403 0.6199
v  0.1214 0.0522 0.6490
v  0.1227 0.0403 0.6569
v  0.1210 0.0632 0.6480
v  0.2456 0.0632 0.6113
v  -0.0082 0.0522 0.6605
v  -0.0082 0.0403 0.6686
v  -0.1375 0.0522 0.6468
v  -0.1390 0.0403 0.6547
v  -0.1373 0.0632 0.6457
v  -0.0082 0.0632 0.6595
v  -0.2615 0.0522 0.6080
v  -0.2646 0.0403 0.6154
v  -0.3756 0.0522 0.5456
v  -0.3801 0.0403 0.5523
v  -0.3749 0.0632 0.5447
v  -0.2610 0.0632 0.6068
v  -0.4754 0.0522 0.4622
v  -0.4811 0.0403 0.4679
v  -0.5569 0.0522 0.3611
v  -0.5638 0.0403 0.3655
v  -0.5560 0.0632 0.3604
v  -0.4745 0.0632 0.4615
v  -0.6172 0.0522 0.2458
v  -0.6246 0.0403 0.2489
v  -0.6539 0.0522 0.1212
v  -0.6618 0.0403 0.1226
v  -0.6527 0.0632 0.1208
v  -0.6162 0.0632 0.2454
v  -0.6654 0.0522 -0.0084
v  -0.6735 0.0403 -0.0084
v  -0.6642 0.0632 -0.0084
v  -0.6573 0.0727 -0.0082
v  -0.6460 0.0727 0.1196
v  -0.6437 0.0727 -0.1359
v  -0.6053 0.0727 -0.2586
v  -0.5438 0.0727 -0.3713
v  0.0025 0.0439 -0.0075
v  -0.6098 0.0727 0.2428
v  -0.5502 0.0727 0.3566
v  -0.4697 0.0727 0.4567
v  -0.3711 0.0727 0.5391
v  -0.2584 0.0727 0.6006
v  -0.1357 0.0727 0.6388
v  -0.0080 0.0727 0.6526
v  0.1198 0.0727 0.6412
v  0.2430 0.0727 0.6049
v  0.3567 0.0727 0.5454
v  0.4569 0.0727 0.4648
v  0.5392 0.0727 0.3664
v  0.6006 0.0727 0.2535
v  0.6390 0.0727 0.1310
v  0.6528 0.0727 0.0033
v  0.6414 0.0727 -0.1245
v  0.6051 0.0727 -0.2477
v  0.5456 0.0727 -0.3616
v  0.4650 0.0727 -0.4616
v  0.3666 0.0727 -0.5439
v  0.2537 0.0727 -0.6055
v  0.1312 0.0727 -0.6439
v  0.0035 0.0727 -0.6575
v  -0.1244 0.0727 -0.6461
v  -0.2476 0.0727 -0.6099
v  -0.3615 0.0727 -0.5503
v  -0.4614 0.0727 -0.4697
v  -0.6425 0.0284 0.2561
v  -0.5798 0.0284 0.3760
v  -0.4948 0.0284 0.4815
v  -0.3909 0.0284 0.5682
v  -0.2722 0.0284 0.6331
v  -0.1430 0.0284 0.6736
v  -0.0084 0.0284 0.6879
v  0.1264 0.0284 0.6759
v  0.2563 0.0284 0.6378
v  0.3762 0.0284 0.5751
v  0.4817 0.0284 0.4901
v  0.5683 0.0284 0.3862
v  0.6333 0.0284 0.2675
v  0.6738 0.0284 0.1383
v  0.6881 0.0284 0.0037
v  0.6760 0.0284 -0.1311
v  0.6380 0.0284 -0.2610
v  0.5752 0.0284 -0.3809
v  0.4903 0.0284 -0.4864
v  0.3864 0.0284 -0.5732
v  0.2677 0.0284 -0.6380
v  0.1384 0.0284 -0.6785
v  0.0038 0.0284 -0.6928
v  -0.1309 0.0284 -0.6809
v  -0.2608 0.0284 -0.6427
v  -0.3808 0.0284 -0.5800
v  -0.4862 0.0284 -0.4950
v  0.0001 0.5939 0.6055
v  0.0038 0.6239 0.6160
v  -0.2918 0.5209 0.9202
v  -0.2881 0.5508 0.9307
v  -0.0168 0.5754 0.5856
v  -0.3086 0.5023 0.9003
v  -0.3321 0.5023 0.8786
v  -0.3543 0.5072 0.9077
v  -0.3361 0.5072 0.9246
v  -0.3532 0.5208 0.8633
v  -0.3707 0.5216 0.8958
v  -0.3640 0.5508 0.8603
v  -0.3790 0.5449 0.8935
v  -0.3602 0.5808 0.8707
v  -0.3761 0.5682 0.9016
v  -0.3434 0.5993 0.8906
v  -0.3631 0.5826 0.9171
v  -0.3199 0.5993 0.9124
v  -0.3448 0.5826 0.9340
v  -0.2988 0.5808 0.9277
v  -0.3284 0.5682 0.9459
v  -0.1384 0.5871 0.7762
v  -0.1425 0.5544 0.7648
v  -0.1501 0.6198 0.7729
v  -0.1732 0.6399 0.7562
v  -0.1987 0.6399 0.7325
v  -0.2171 0.6197 0.7108
v  -0.2212 0.5870 0.6994
v  -0.2094 0.5543 0.7027
v  -0.1864 0.5341 0.7194
v  -0.1608 0.5341 0.7431
v  -0.2219 0.5252 0.7576
v  -0.1963 0.5252 0.7813
v  -0.2449 0.5454 0.7409
v  -0.2566 0.5781 0.7377
v  -0.0281 0.6724 0.5977
v  -0.0069 0.6539 0.6130
v  -0.3484 0.6130 0.6585
v  -0.3301 0.6332 0.6802
v  -0.3129 0.6219 0.6202
v  -0.2690 0.6421 0.6657
v  -0.2946 0.6421 0.6419
v  -0.3045 0.6332 0.7039
v  -0.2460 0.6219 0.6823
v  -0.2814 0.6131 0.7206
v  -0.2343 0.5892 0.6856
v  -0.2697 0.5804 0.7239
v  -0.2384 0.5565 0.6742
v  -0.2738 0.5477 0.7125
v  -0.2567 0.5363 0.6525
v  -0.2922 0.5274 0.6908
v  -0.3177 0.5274 0.6670
v  -0.3408 0.5476 0.6504
v  -0.3525 0.5803 0.6471
v  -0.3201 0.5449 0.9482
v  -0.3230 0.5216 0.9401
v  -0.3170 0.5891 0.6088
v  -0.2823 0.5363 0.6288
v  -0.3053 0.5565 0.6121
v  -0.2437 0.7088 0.7779
v  -0.3030 0.6434 0.7076
v  -0.2320 0.6761 0.7811
v  -0.2361 0.6434 0.7697
v  -0.2544 0.6232 0.7480
v  -0.1965 0.6850 0.7429
v  -0.2006 0.6523 0.7315
v  -0.2082 0.7177 0.7396
v  -0.2312 0.7379 0.7229
v  -0.2568 0.7379 0.6992
v  -0.2751 0.7176 0.6775
v  -0.2792 0.6849 0.6661
v  -0.2675 0.6522 0.6694
v  -0.2445 0.6320 0.6861
v  -0.2189 0.6321 0.7098
v  -0.2800 0.6232 0.7243
v  -0.3147 0.6760 0.7044
v  -0.4826 0.6340 0.8854
v  -0.4709 0.6013 0.8886
v  -0.4785 0.6667 0.8967
v  -0.4602 0.6870 0.9185
v  -0.4346 0.6870 0.9422
v  -0.4116 0.6668 0.9589
v  -0.3999 0.6341 0.9621
v  -0.4039 0.6014 0.9507
v  -0.4223 0.5812 0.9290
v  -0.3754 0.6402 0.9358
v  -0.3795 0.6075 0.9244
v  -0.3871 0.6729 0.9325
v  -0.4102 0.6931 0.9159
v  -0.4358 0.6931 0.8921
v  -0.4541 0.6728 0.8704
v  -0.4582 0.6401 0.8590
v  -0.4465 0.6074 0.8623
v  -0.4234 0.5872 0.8790
v  -0.3106 0.7088 0.7158
v  -0.2923 0.7290 0.7375
v  -0.2667 0.7290 0.7612
v  -0.0683 0.6538 0.5560
v  -0.0721 0.6238 0.5456
v  -0.0515 0.6724 0.5759
v  -0.2525 0.6108 0.7491
v  -0.2342 0.6310 0.7708
v  -0.2086 0.6311 0.7945
v  -0.1856 0.6109 0.8112
v  -0.1739 0.5782 0.8144
v  -0.1780 0.5455 0.8030
v  -0.3381 0.5190 0.8925
v  -0.3242 0.5190 0.9055
v  -0.3507 0.5300 0.8834
v  -0.3571 0.5479 0.8816
v  -0.3549 0.5658 0.8878
v  -0.3449 0.5768 0.8997
v  -0.3309 0.5768 0.9127
v  -0.3183 0.5658 0.9218
v  -0.3119 0.5479 0.9236
v  -0.3141 0.5301 0.9173
v  -0.0402 0.5753 0.5639
v  -0.0613 0.5939 0.5486
v  -0.3132 0.6836 0.6346
v  -0.3024 0.6768 0.6430
v  -0.3324 0.6788 0.6554
v  -0.3216 0.6720 0.6638
v  -0.3198 0.6970 0.6316
v  -0.3390 0.6922 0.6523
v  -0.3198 0.7119 0.6351
v  -0.3390 0.7071 0.6558
v  -0.4513 0.6846 0.7949
v  -0.4570 0.6754 0.7875
v  -0.4420 0.6866 0.8040
v  -0.4327 0.6807 0.8113
v  -0.4270 0.6692 0.8139
v  -0.4270 0.6564 0.8109
v  -0.4327 0.6472 0.8034
v  -0.4420 0.6451 0.7943
v  -0.4513 0.6510 0.7871
v  -0.3269 0.7105 0.6645
v  -0.3312 0.7036 0.6588
v  -0.4610 0.6769 0.8091
v  -0.4540 0.6785 0.8160
v  -0.3199 0.7121 0.6714
v  -0.4470 0.6740 0.8215
v  -0.3129 0.7076 0.6768
v  -0.4171 0.6931 0.7581
v  -0.4228 0.6840 0.7506
v  -0.4078 0.6952 0.7671
v  -0.3985 0.6893 0.7744
v  -0.3927 0.6778 0.7770
v  -0.3928 0.6649 0.7740
v  -0.2849 0.7047 0.6657
v  -0.2916 0.7181 0.6626
v  -0.3042 0.6999 0.6864
v  -0.3108 0.7133 0.6834
v  -0.2850 0.6898 0.6622
v  -0.3042 0.6850 0.6830
v  -0.2916 0.6792 0.6536
v  -0.3109 0.6744 0.6743
v  -0.4078 0.6537 0.7575
v  -0.3985 0.6557 0.7666
v  -0.4171 0.6596 0.7502
v  -0.4228 0.6711 0.7476
v  -0.4570 0.6626 0.7845
v  -0.4556 0.6698 0.8270
v  -0.4610 0.6732 0.8227
v  -0.4522 0.6630 0.8285
v  -0.4522 0.6555 0.8267
v  -0.4556 0.6501 0.8224
v  -0.4610 0.6489 0.8170
v  -0.4665 0.6524 0.8128
v  -0.4698 0.6591 0.8112
v  -0.4698 0.6667 0.8130
v  -0.4665 0.6720 0.8174
v  -0.4654 0.6700 0.8035
v  -0.4427 0.6653 0.8234
v  -0.3085 0.6989 0.6788
v  -0.4427 0.6556 0.8212
v  -0.3085 0.6892 0.6766
v  -0.4470 0.6487 0.8155
v  -0.3129 0.6823 0.6709
v  -0.4541 0.6472 0.8087
v  -0.3199 0.6807 0.6640
v  -0.4611 0.6516 0.8032
v  -0.3269 0.6852 0.6586
v  -0.4654 0.6603 0.8012
v  -0.3312 0.6939 0.6566
v  -0.3131 0.7225 0.6437
v  -0.3323 0.7177 0.6644
v  -0.3023 0.7249 0.6542
v  -0.3216 0.7201 0.6750
v  -0.4368 0.6880 0.7819
v  -0.4649 0.7108 0.7607
v  -0.4681 0.7087 0.7726
v  -0.4881 0.7114 0.7779
v  -0.4528 0.6790 0.7905
v  -0.4757 0.7030 0.7787
v  -0.4715 0.7033 0.7683
v  -0.4202 0.6868 0.7558
v  -0.4441 0.6763 0.7724
v  -0.3131 0.5024 0.8560
v  -0.2875 0.5024 0.8797
v  -0.3362 0.5226 0.8393
v  -0.3479 0.5553 0.8360
v  -0.3438 0.5880 0.8474
v  -0.3254 0.6082 0.8691
v  -0.2999 0.6082 0.8929
v  -0.2768 0.5880 0.9095
v  -0.2651 0.5553 0.9128
v  -0.2692 0.5226 0.9014
v  -0.2407 0.5615 0.8865
v  -0.2448 0.5288 0.8751
v  -0.2524 0.5942 0.8832
v  -0.3010 0.6143 0.8428
v  -0.3194 0.5941 0.8211
v  -0.2755 0.6143 0.8665
v  -0.2631 0.5085 0.8534
v  0.1084 0.8149 0.4448
v  0.0599 0.8026 0.4971
v  0.1530 0.7583 0.4736
v  -0.0626 0.7716 0.6292
v  -0.1895 0.7393 0.7660
v  0.1929 0.7069 0.4307
v  0.1869 0.7639 0.4370
v  0.1621 0.6995 0.4639
v  0.1720 0.5972 0.4533
v  0.1163 0.5832 0.5134
v  0.1065 0.6332 0.5239
v  -0.3523 0.5154 0.9078
v  -0.3383 0.5155 0.9207
v  -0.3649 0.5265 0.8987
v  -0.3713 0.5443 0.8969
v  -0.3690 0.5622 0.9031
v  -0.3234 0.5614 0.8097
v  -0.3590 0.5733 0.9150
v  -0.3450 0.5733 0.9279
v  -0.3324 0.5623 0.9370
v  -0.3260 0.5444 0.9388
v  -0.3283 0.5265 0.9326
v  -0.0029 0.7637 0.2609
v  -0.0368 0.7581 0.2975
v  -0.0362 0.8147 0.3107
v  -0.1753 0.8472 0.5075
v  -0.0775 0.8474 0.5983
v  -0.0703 0.8738 0.3943
v  0.0275 0.8740 0.4851
v  -0.3341 0.7391 0.6319
v  -0.2072 0.7714 0.4951
v  -0.0664 0.5899 0.7103
v  -0.1359 0.5230 0.7853
v  -0.0684 0.5399 0.7126
v  -0.1511 0.6531 0.8015
v  -0.3409 0.6528 0.6254
v  -0.3257 0.5228 0.6092
v  -0.2583 0.5397 0.5365
v  -0.2562 0.5897 0.5341
v  -0.0735 0.5830 0.3373
v  -0.0833 0.6330 0.3478
v  -0.0178 0.5970 0.2772
v  -0.0277 0.6993 0.2878
v  0.0031 0.7067 0.2546
v  -0.0847 0.8024 0.3630
v  -0.3117 0.5287 0.8130
v  -0.2887 0.5085 0.8297
v  -0.5054 0.6003 0.9452
v  -0.5138 0.6236 0.9428
v  -0.4879 0.5995 0.9126
v  -0.4949 0.6595 0.9200
v  -0.4987 0.6295 0.9096
v  -0.5109 0.6469 0.9509
v  -0.4781 0.6781 0.9399
v  -0.4978 0.6614 0.9664
v  -0.4547 0.6781 0.9617
v  -0.4796 0.6614 0.9833
v  -0.4335 0.6596 0.9770
v  -0.4632 0.6470 0.9952
v  -0.4228 0.6296 0.9800
v  -0.4548 0.6237 0.9975
v  -0.4266 0.5996 0.9695
v  -0.4577 0.6004 0.9894
v  -0.4434 0.5811 0.9496
v  -0.4708 0.5860 0.9739
v  -0.4890 0.5860 0.9570
v  -0.4835 0.5998 0.9877
v  -0.5017 0.5998 0.9708
v  -0.4850 0.5994 0.9893
v  -0.5147 0.6205 0.9666
v  -0.5032 0.5994 0.9724
v  -0.5132 0.6209 0.9650
v  -0.5081 0.6417 0.9777
v  -0.5066 0.6420 0.9761
v  -0.4899 0.6417 0.9945
v  -0.4884 0.6421 0.9929
v  -0.4784 0.6206 1.0003
v  -0.4769 0.6209 0.9987
v  -0.1278 0.7035 0.6619
v  -0.1484 0.6549 0.6316
v  -0.1315 0.6735 0.6515
v  -0.4668 0.5810 0.9279
v  -0.1831 0.7519 0.6219
v  -0.1385 0.7335 0.6589
v  -0.1597 0.7520 0.6436
v  -0.4478 0.5811 0.9053
v  -0.1718 0.6549 0.6098
v  -0.1929 0.6734 0.5945
v  -0.2037 0.7034 0.5915
v  -0.1999 0.7334 0.6020
v  -0.4662 0.5952 0.9757
v  -0.4571 0.6242 0.9909
v  -0.4799 0.5918 0.9905
v  -0.4708 0.6208 1.0057
v  -0.4911 0.5952 0.9527
v  -0.5048 0.5918 0.9674
v  -0.5069 0.6242 0.9447
v  -0.5206 0.6207 0.9595
v  -0.4978 0.6532 0.9599
v  -0.5115 0.6497 0.9746
v  -0.4729 0.6532 0.9830
v  -0.4867 0.6498 0.9977
v  -0.3979 0.5873 0.9027
v  0.0486 0.5717 0.3140
v  0.0345 0.7946 0.3558
v  0.2626 0.6310 0.0701
v  0.3816 0.6195 0.1715
v  0.1675 0.5602 0.4154
v  0.1534 0.7831 0.4572
v  0.3674 0.8424 0.2133
v  0.2485 0.8539 0.1119
v  0.3936 0.8471 0.0044
v  0.3919 0.8821 0.0118
v  0.4473 0.8426 0.0499
v  0.4456 0.8775 0.0573
v  0.4032 0.8290 0.1032
v  0.4015 0.8640 0.1107
v  0.3495 0.8336 0.0577
v  0.3478 0.8685 0.0652
v  0.3694 0.6693 0.0374
v  0.3831 0.4533 -0.0031
v  0.4034 0.6664 0.0647
v  0.4171 0.4504 0.0242
v  0.4597 0.6815 0.0032
v  0.4734 0.4655 -0.0373
v  0.4257 0.6844 -0.0240
v  0.4394 0.4684 -0.0646
v  0.3425 0.8156 0.2129
v  0.3536 0.6415 0.1802
v  0.4854 0.8551 0.0500
v  0.4964 0.6811 0.0174
v  0.3925 0.8641 -0.0291
v  0.4035 0.6900 -0.0618
v  0.2497 0.8245 0.1337
v  0.2607 0.6505 0.1010
v  0.1463 1.3862 0.2839
v  0.1162 1.3419 0.3525
v  0.1479 1.3697 0.3575
v  0.1149 1.3594 0.2740
v  0.0495 1.2125 0.3292
v  0.0959 1.2798 0.4360
v  0.0575 1.2295 0.3219
v  0.0985 1.2934 0.4328
v  0.0843 1.2687 0.1803
v  0.1346 1.3531 0.2004
v  0.1412 1.3756 0.2195
v  0.0470 1.0264 0.2879
v  0.0528 1.1252 0.3099
v  0.0355 1.0935 0.1850
v  0.0562 1.2097 0.3074
v  0.0527 1.1944 0.3239
v  0.2055 1.3688 0.1785
v  0.2051 1.3792 0.2037
v  0.1479 1.3779 0.4185
v  0.1355 1.2911 0.4410
v  0.2048 1.3714 0.4312
v  0.1985 1.2761 0.4578
v  0.0763 1.1050 0.3908
v  0.0688 1.0049 0.3748
v  0.0726 1.1901 0.4025
v  0.0952 1.1986 0.3716
v  0.0875 1.2053 0.3420
v  0.0702 1.1731 0.3944
v  0.1368 1.0876 0.4395
v  0.1308 0.9836 0.4388
v  0.1207 1.1731 0.4368
v  0.1413 1.1763 0.4158
v  0.1416 1.1491 0.4441
v  0.2277 0.9773 0.4387
v  0.2352 1.0811 0.4394
v  0.1911 1.1619 0.4501
v  0.1917 1.1715 0.4210
v  0.1725 0.8767 0.4605
v  0.1254 0.8817 0.4487
v  0.0591 0.9081 0.3645
v  0.0380 0.9224 0.3073
v  0.0351 0.9995 0.1612
v  0.1741 0.9019 0.2420
v  0.1983 1.2742 0.3556
v  0.1981 1.2696 0.4440
v  0.1103 1.2991 0.3406
v  0.1007 1.2707 0.4160
v  0.1899 1.1432 0.4486
v  0.0817 1.2746 0.3455
v  0.1541 1.4207 0.2342
v  0.2081 1.4248 0.2185
v  0.1552 1.4166 0.2951
v  0.1538 1.4003 0.3686
v  0.2644 1.3785 0.2838
v  0.2921 1.3478 0.2739
v  0.2680 1.3673 0.2194
v  0.2596 1.4098 0.2950
v  0.2611 1.4136 0.2341
v  0.2589 1.3934 0.3685
v  0.2608 1.3623 0.3574
v  0.2886 1.3306 0.3523
v  0.3000 1.2802 0.4326
v  0.3008 1.2664 0.4358
v  0.3321 1.2115 0.3216
v  0.3378 1.1937 0.3289
v  0.3101 1.2545 0.1850
v  0.2752 1.3422 0.2015
v  0.3387 1.0737 0.1848
v  0.3232 1.1075 0.3096
v  0.3187 1.0086 0.2876
v  0.3323 1.1761 0.3236
v  0.3308 1.1917 0.3071
v  0.2586 1.2830 0.4418
v  0.2918 0.9903 0.3746
v  0.2974 1.0905 0.3906
v  0.2908 1.1858 0.3715
v  0.3121 1.1744 0.4022
v  0.2993 1.1915 0.3419
v  0.3123 1.1572 0.3942
v  0.2423 1.1696 0.4157
v  0.2623 1.1639 0.4366
v  0.2385 1.1427 0.4440
v  0.2888 0.8931 0.3643
v  0.2197 0.8755 0.4486
v  0.3140 0.9043 0.3071
v  0.3267 0.9804 0.1609
v  0.2946 1.2554 0.4265
v  0.2888 1.2875 0.3404
v  0.2056 1.3592 -0.0143
v  0.0564 1.3379 0.0343
v  0.3151 1.2772 0.3418
v  0.2620 1.3704 0.4184
v  0.2848 1.1542 0.1284
v  0.1110 1.0652 0.1456
v  0.1022 1.1809 0.1328
v  0.3509 1.3186 0.0340
v  0.0125 1.2781 0.0686
v  0.3845 1.1709 0.1495
v  0.0040 1.1958 0.1499
v  0.3867 1.2535 0.0684
v  0.2667 1.0544 0.1461
v  0.0644 1.0882 0.2435
v  0.0371 1.0347 0.2284
v  -0.0138 1.1137 0.2937
v  -0.0412 1.0603 0.2785
v  0.0338 0.9770 0.2532
v  -0.0444 1.0025 0.3033
v  0.0565 0.9487 0.3033
v  -0.0217 0.9743 0.3535
v  0.0919 0.9665 0.3495
v  0.0137 0.9921 0.3996
v  0.1192 1.0200 0.3647
v  0.0410 1.0455 0.4148
v  0.1225 1.0777 0.3399
v  0.0443 1.1033 0.3900
v  0.0998 1.1060 0.2897
v  0.0215 1.1315 0.3398
v  0.0395 1.2074 0.2407
v  0.0288 1.1285 0.2558
v  0.0457 1.2206 0.3069
v  0.0346 1.1417 0.3221
v  0.0720 1.1999 0.2385
v  0.0784 1.2130 0.3047
v  0.0603 1.1210 0.2536
v  0.0663 1.1342 0.3199
v  0.4187 1.0306 0.2781
v  0.3377 1.0155 0.2281
v  0.3984 1.0870 0.2936
v  0.3175 1.0719 0.2436
v  0.4146 0.9728 0.3026
v  0.3337 0.9577 0.2526
v  0.3887 0.9474 0.3527
v  0.3077 0.9323 0.3027
v  0.3560 0.9693 0.3991
v  0.2750 0.9542 0.3491
v  0.3357 1.0257 0.4145
v  0.2547 1.0106 0.3646
v  0.3398 1.0836 0.3900
v  0.2588 1.0685 0.3401
v  0.3657 1.1089 0.3399
v  0.2848 1.0938 0.2899
v  0.3392 1.1217 0.3218
v  0.3431 1.1079 0.2556
v  0.3384 1.2014 0.3067
v  0.3428 1.1875 0.2404
v  0.3051 1.1982 0.3045
v  0.3096 1.1843 0.2382
v  0.3109 1.1046 0.2534
v  0.3068 1.1185 0.3197
v  0.1732 0.9272 0.4979
v  0.1943 0.8832 0.4847
v  0.2235 0.9272 0.4882
v  0.1927 0.8916 0.4378
v  0.2214 0.9361 0.4393
v  0.2004 1.0184 0.4612
v  0.1971 1.0187 0.4363
v  0.1688 0.9338 0.4441
v  0.1262 0.9336 0.4752
v  0.1418 0.9017 0.4749
v  0.1597 0.9296 0.4818
v  0.1282 0.9370 0.4421
v  0.1434 0.9050 0.4432
v  0.1515 0.9894 0.4363
v  0.1494 0.9907 0.4529
v  0.1629 0.9312 0.4455
v  0.0434 0.9558 0.4094
v  0.0713 0.9101 0.4149
v  0.0906 0.9428 0.4563
v  0.0871 0.9133 0.3791
v  0.1249 0.9519 0.3916
v  0.1129 1.0164 0.3885
v  0.1156 1.0957 0.3915
v  0.0839 1.0159 0.4496
v  0.0988 1.0970 0.4251
v  0.0625 1.0217 0.4275
v  0.0953 1.0192 0.3816
v  0.0654 0.9616 0.3620
v  0.2130 1.4722 0.2148
v  0.2273 1.7205 0.2457
v  0.2621 1.4733 0.2674
v  0.1606 1.4796 0.2635
v  0.2097 1.4806 0.3161
v  0.2244 1.4575 0.2675
v  0.2106 1.4572 0.2527
v  0.1959 1.4593 0.2664
v  0.2097 1.4595 0.2811
v  0.2210 1.4050 0.2717
v  0.2072 1.4047 0.2569
v  0.1925 1.4067 0.2706
v  0.2063 1.4070 0.2854
v  0.2545 0.9385 0.4775
v  0.2746 0.8907 0.4208
v  0.3207 0.9478 0.4133
v  0.2094 0.9570 0.3891
v  0.2537 0.8980 0.3718
v  0.2707 1.1491 0.4348
v  0.2477 1.1504 0.3889
v  0.2766 1.0365 0.4682
v  0.2371 1.0422 0.3848
v  0.2615 1.0429 0.3753
v  0.3066 1.0405 0.4380
v  0.2917 0.9595 0.3484
v  0.2800 1.1334 0.0966
v  0.2778 1.1178 0.1780
v  0.2565 1.0813 0.0977
v  0.2686 1.0453 0.1764
v  0.1824 0.9891 0.1698
v  0.1751 1.0476 0.1058
v  0.2445 1.2431 0.0868
v  0.2381 1.2202 0.1742
v  0.2725 1.1920 0.0914
v  0.2693 1.1789 0.1768
v  0.2141 1.2682 -0.0183
v  0.1909 1.2738 0.0796
v  0.1490 1.3102 -0.0098
v  0.2441 1.2147 -0.0196
v  0.2493 1.1650 -0.0097
v  0.2294 1.1179 0.0063
v  0.1484 1.0734 0.0413
v  0.1998 1.2377 0.1732
v  0.1037 1.0561 0.1765
v  0.1002 1.0917 0.1207
v  0.1340 1.2504 0.1030
v  0.1018 1.2033 0.1165
v  0.1558 1.2256 0.1742
v  0.1211 1.1886 0.1769
v  0.0816 1.1465 0.1258
v  0.1015 1.1294 0.1782
v  0.0846 1.2768 0.0206
v  0.0532 1.2275 0.0377
v  0.0420 1.1788 0.0525
v  0.0647 1.1289 0.0557
v  0.1975 1.2400 0.4062
v  0.1971 1.2337 0.4067
v  0.2092 1.2405 0.4060
v  0.2113 1.2239 0.4093
v  0.2529 1.1902 0.4105
v  0.2166 1.2004 0.4072
v  0.2084 1.1909 0.4142
v  0.2294 1.2161 0.4093
v  0.2465 1.2159 0.4122
v  0.2404 1.2519 0.4124
v  0.2873 1.2407 0.3972
v  0.2885 1.2723 0.3967
v  0.2694 1.2341 0.4113
v  0.2694 1.2729 0.4065
v  0.2594 1.1553 0.4227
v  0.2625 1.1299 0.4078
v  0.2174 1.1481 0.4277
v  0.2845 1.1952 0.3985
v  0.3032 1.1444 0.3794
v  0.2400 1.2330 0.3763
v  0.2700 1.2279 0.3690
v  0.2859 1.2141 0.3901
v  0.2430 1.2094 0.3752
v  0.2218 1.2153 0.3984
v  0.2660 1.2089 0.3670
v  0.2990 1.2078 0.3672
v  0.2098 1.2159 0.4178
v  0.3226 1.1862 0.3395
v  0.2981 1.2645 0.3758
v  0.2733 1.2621 0.3334
v  0.2666 1.2831 0.3684
v  0.2664 1.2892 0.2956
v  0.2430 1.3067 0.3015
v  0.2697 1.2820 0.3179
v  0.3168 1.1787 0.2977
v  0.3165 1.2242 0.3244
v  0.2995 1.1340 0.2884
v  0.1963 1.2210 0.4233
v  0.1942 1.1895 0.4220
v  0.3022 1.2332 0.3368
v  0.2844 1.2508 0.2934
v  0.3051 1.2381 0.2926
v  0.2861 1.1279 0.2461
v  0.2969 1.1862 0.2558
v  0.1915 1.1511 0.4382
v  0.2905 1.1288 0.2028
v  0.2800 1.2130 0.2141
v  0.3056 1.0182 0.1897
v  0.3067 1.0594 0.1939
v  0.2759 0.9802 0.1880
v  0.2012 1.2966 0.3469
v  0.2392 1.2926 0.3371
v  0.2027 1.3202 0.3069
v  0.1994 1.2697 0.3653
v  0.2210 1.2641 0.3798
v  0.2380 1.3059 0.2609
v  0.2025 1.3184 0.2584
v  0.2479 1.2663 0.2300
v  0.2304 1.2821 0.2127
v  0.1199 1.2991 0.4907
v  0.1145 1.2854 0.4292
v  0.1714 1.3104 0.4912
v  0.2610 1.2874 0.2643
v  0.2789 1.2609 0.2651
v  0.2007 1.2917 0.2080
v  0.3042 1.2494 0.2649
v  0.1860 1.2421 0.4060
v  0.1817 1.2259 0.4093
v  0.1803 1.1927 0.4142
v  0.1628 1.2205 0.4094
v  0.1462 1.2225 0.4123
v  0.1566 1.2574 0.4125
v  0.1085 1.2525 0.3973
v  0.1261 1.2435 0.4115
v  0.1115 1.2840 0.3969
v  0.1305 1.2820 0.4066
v  0.1531 1.2386 0.3764
v  0.1208 1.2376 0.3691
v  0.1056 1.2259 0.3903
v  0.1490 1.2156 0.3753
v  0.1701 1.2187 0.3984
v  0.1228 1.2182 0.3672
v  0.1361 1.1979 0.4106
v  0.1054 1.2069 0.3987
v  0.1251 1.1641 0.4229
v  0.1734 1.2033 0.4073
v  0.1822 1.2177 0.4179
v  0.1629 1.2976 0.3371
v  0.0926 1.2214 0.3674
v  0.0802 1.1590 0.3796
v  0.0988 1.2776 0.3760
v  0.1346 1.2918 0.3685
v  0.1222 1.2720 0.3335
v  0.0773 1.2399 0.3246
v  0.0664 1.2030 0.3397
v  0.0711 1.1948 0.2980
v  0.0823 1.1482 0.2886
v  0.0927 1.2469 0.3370
v  0.1294 1.2912 0.3180
v  0.1125 1.2622 0.2936
v  0.0905 1.2523 0.2929
v  0.1658 1.1515 0.4278
v  0.0944 1.1405 0.2463
v  0.0917 1.1996 0.2560
v  0.0902 1.1419 0.2030
v  0.1204 1.2227 0.2144
v  0.0650 1.0339 0.1899
v  0.0883 0.9925 0.1882
v  0.0690 1.0750 0.1941
v  0.1609 1.3121 0.3016
v  0.1782 1.2669 0.3798
v  0.1656 1.3107 0.2610
v  0.1503 1.2727 0.2301
v  0.1700 1.2860 0.2128
v  0.1328 1.2980 0.2957
v  0.1405 1.2953 0.2644
v  0.1191 1.2714 0.2652
v  0.0925 1.2633 0.2651
v  0.1186 1.1379 0.4076
v  0.2565 1.2384 0.3890
v  0.2315 1.2399 0.3890
v  0.2433 1.2278 0.4061
v  0.2223 1.2166 0.3972
v  0.2225 1.2203 0.3746
v  0.2437 1.2338 0.3695
v  0.2630 1.2178 0.3746
v  0.2628 1.2142 0.3972
v  0.2416 1.2007 0.4022
v  0.1727 1.1910 0.4409
v  0.1957 1.1807 0.4500
v  0.1816 1.1861 0.4304
v  0.2288 1.1960 0.3828
v  0.2420 1.2066 0.3657
v  0.2538 1.1945 0.3828
v  0.1615 1.2446 0.3890
v  0.1365 1.2461 0.3890
v  0.1483 1.2340 0.4061
v  0.1273 1.2228 0.3972
v  0.1275 1.2264 0.3746
v  0.1486 1.2399 0.3695
v  0.1679 1.2240 0.3746
v  0.1677 1.2203 0.3971
v  0.1466 1.2068 0.4022
v  0.1338 1.2022 0.3827
v  0.1470 1.2128 0.3657
v  0.1588 1.2007 0.3827
v  0.1717 1.1767 0.4264
v  0.1946 1.1665 0.4354
v  0.1732 1.2048 0.4259
v  0.1721 1.1902 0.4116
v  0.1967 1.2126 0.4157
v  0.1956 1.1983 0.4012
v  0.2195 1.2023 0.4249
v  0.2187 1.1877 0.4106
v  0.2191 1.1885 0.4398
v  0.2182 1.1743 0.4252
v  0.1953 1.1800 0.4358
v  0.1819 1.1943 0.4215
v  0.1959 1.1990 0.4153
v  0.2097 1.1928 0.4209
v  0.2094 1.1846 0.4298
v  0.1683 1.2921 0.4350
v  0.2054 1.3310 0.4278
v  0.2371 1.2876 0.4349
v  0.2368 1.3061 0.4912
v  0.2066 1.3468 0.4953
v  0.2907 1.2721 0.4352
v  0.2863 1.2882 0.4905
v  0.3161 1.2887 0.4028
v  0.3251 1.3008 0.4692
v  0.3185 1.3652 0.3991
v  0.3239 1.3711 0.4509
v  0.2749 1.3918 0.3992
v  0.2715 1.4016 0.4572
v  0.2099 1.4004 0.4015
v  0.2107 1.4090 0.4621
v  0.1444 1.4003 0.3993
v  0.1493 1.4096 0.4573
v  0.0975 1.3798 0.3984
v  0.0934 1.3863 0.4514
v  0.0912 1.3024 0.3988
v  0.0831 1.3166 0.4694
v  0.1111 1.3282 0.3832
v  0.1448 1.3541 0.3829
v  0.1185 1.3856 0.4621
v  0.0979 1.3567 0.4657
v  0.1600 1.3896 0.4687
v  0.1676 1.3304 0.4895
v  0.1835 1.3660 0.4877
v  0.1279 1.3146 0.4902
v  0.1041 1.3282 0.4764
v  0.2320 1.3623 0.4877
v  0.2431 1.3255 0.4895
v  0.2804 1.3047 0.4900
v  0.3058 1.3150 0.4762
v  0.3156 1.3424 0.4655
v  0.2989 1.3738 0.4619
v  0.2584 1.3832 0.4687
v  0.2983 1.3137 0.3845
v  0.2684 1.3460 0.3828
v  0.2091 1.3876 0.3926
v  0.3451 1.3103 0.0327
v  0.2049 1.3490 -0.0140
v  0.0611 1.3289 0.0330
v  0.3789 1.2482 0.0645
v  0.3769 1.1662 0.1446
v  0.0196 1.2718 0.0648
v  0.0109 1.1902 0.1449
v  0.1993 1.2621 0.1574
v  0.2727 1.2415 0.1471
v  0.1230 1.2513 0.1477
v  0.4488 1.1918 0.0163
v  0.4589 1.2978 -0.0213
v  0.3104 1.2114 0.0612
v  0.2698 1.3102 -0.0287
v  0.2414 1.3826 -0.1228
v  0.1463 1.3318 -0.0221
v  0.3027 1.2067 0.0370
v  0.2390 1.2547 0.0287
v  0.3267 1.2654 -0.3820
v  0.1780 1.2384 -0.3480
v  0.3644 1.3797 -0.3170
v  0.1633 1.0263 -0.2969
v  0.2918 1.1436 -0.3686
v  0.2718 1.0664 -0.3372
v  0.0972 1.3611 -0.1924
v  0.1254 1.3793 -0.1024
v  0.2128 1.3718 -0.2287
v  0.3588 0.9328 -0.1507
v  0.2646 0.7956 -0.2482
v  0.3056 0.9681 -0.2088
v  0.2712 1.0633 -0.3088
v  0.3347 1.0384 -0.2668
v  0.2903 0.9728 -0.2071
v  0.3261 0.8440 -0.0166
v  0.3708 0.9641 -0.1168
v  0.3142 0.9412 -0.1531
v  0.2992 1.1400 -0.3426
v  0.3275 0.9368 0.0205
v  0.4130 1.0525 -0.0321
v  0.3394 0.9743 -0.1288
v  0.0523 1.2518 -0.3179
v  0.0908 1.3894 -0.2200
v  0.2086 1.3901 -0.2473
v  0.4503 1.3840 -0.1089
v  0.4062 1.4048 -0.2209
v  0.2434 1.3989 -0.1201
v  0.3321 1.1254 -0.3509
v  0.3511 1.0516 -0.2656
v  0.3848 1.0167 -0.1486
v  0.3974 1.0699 -0.0569
v  0.4100 1.0839 -0.0721
v  0.3370 1.2550 -0.3477
v  0.4210 1.1883 -0.0285
v  0.4268 1.3553 -0.1246
v  0.3448 1.3472 -0.3019
v  0.4549 1.3052 -0.1162
v  0.5277 1.2541 -0.1591
v  0.4178 1.3471 -0.1905
v  0.3872 1.3719 -0.2230
v  0.1603 1.2872 0.0345
v  0.1675 1.0252 0.1168
v  0.3129 1.0984 0.0515
v  0.2579 1.0161 0.0874
v  0.3103 1.0317 0.0410
v  0.1507 0.8713 0.1142
v  0.2619 1.0106 0.1017
v  0.1714 1.0197 0.1310
v  0.0942 0.6538 -0.0537
v  0.2649 0.7608 -0.0473
v  0.1262 0.7356 0.0470
v  0.1896 0.7773 -0.1428
v  0.2180 0.7884 -0.2398
v  0.2069 0.6862 -0.1461
v  0.0949 0.7825 -0.0698
v  0.0879 0.6599 -0.0674
v  0.1027 0.8319 -0.3904
v  0.1512 0.9559 -0.2988
v  0.1831 0.8115 -0.3455
v  0.2284 0.6830 -0.1348
v  0.3096 0.8174 -0.1589
v  0.2459 0.8023 -0.2584
v  -0.0028 0.8487 -0.3788
v  0.2765 1.3169 -0.0083
v  0.5684 0.8560 -0.2173
v  0.5600 0.7534 -0.1614
v  0.6098 0.7011 -0.2009
v  0.3180 1.0907 0.0697
v  0.3172 1.0239 0.0587
v  0.1446 0.9756 -0.3259
v  0.0975 0.8358 -0.4091
v  -0.0098 0.8533 -0.4007
v  0.5696 1.1809 -0.2222
v  0.5246 1.0846 -0.1379
v  0.4805 1.1543 -0.0719
v  0.5442 1.1157 -0.3732
v  0.5094 1.1784 -0.3718
v  0.5635 1.1011 -0.2682
v  0.4350 1.2784 -0.0478
v  0.4397 1.0362 -0.1366
v  0.5207 1.0388 -0.1980
v  0.4147 1.0021 -0.2334
v  0.5607 0.9621 -0.1970
v  0.6201 1.0393 -0.2850
v  0.4125 0.9246 -0.2514
v  0.3867 1.0453 -0.3239
v  0.3732 0.9785 -0.3632
v  0.4607 1.0235 -0.4740
v  0.4419 1.1012 -0.4184
v  0.5625 1.0514 -0.4488
v  0.6276 0.9477 -0.3313
v  0.5511 0.9227 -0.4601
v  0.4881 0.9176 -0.4738
v  0.5638 0.8919 -0.2380
v  0.4420 0.8829 -0.2736
v  0.3985 0.9353 -0.3845
v  0.5762 0.6032 -0.0929
v  0.5329 0.6482 -0.0699
v  0.3963 1.1084 -0.0732
v  0.6314 0.8198 -0.3072
v  0.5585 0.8778 -0.2795
v  0.5982 0.8749 -0.3583
v  0.5866 0.6571 -0.2681
v  0.5853 0.7827 -0.4024
v  0.5665 0.8537 -0.4288
v  0.4967 0.6402 -0.3133
v  0.4454 0.5604 -0.2045
v  0.4064 0.7155 -0.2433
v  0.5085 0.5303 -0.2061
v  0.4719 0.7839 -0.4310
v  0.4858 0.8519 -0.4931
v  0.4484 0.6449 -0.1035
v  0.4036 0.6158 -0.1534
v  0.3925 0.8288 -0.3581
v  0.4279 0.8675 -0.3951
v  0.4545 0.7628 -0.1764
v  0.4567 0.8687 -0.2942
v  -0.1398 0.5944 0.5631
v  -0.1728 0.5826 0.5825
v  -0.1838 0.6145 0.5039
v  0.5757 0.5562 -0.1431
v  0.3154 1.1037 -0.2991
v  0.3623 1.0359 -0.1876
v  0.2710 1.1763 -0.2368
v  0.3192 1.1048 -0.1201
v  0.4151 1.1526 -0.3988
v  0.3585 1.1935 -0.3775
v  0.3172 1.2663 -0.3129
v  0.5211 1.2425 -0.3278
v  0.4810 1.3150 -0.2619
v  0.4087 1.3205 -0.3153
v  0.4479 1.2460 -0.3800
v  0.4136 1.2390 -0.0650
v  0.2759 1.2509 -0.1704
v  0.3176 1.2093 -0.0935
v  0.3274 1.3198 -0.2181
v  0.3523 1.3026 -0.1215
v  -0.2128 1.1618 -0.1875
v  -0.1923 1.2903 -0.1891
v  -0.1679 1.1711 -0.2025
v  -0.0473 1.1899 0.0002
v  -0.1046 1.1052 0.0270
v  -0.1075 1.1785 -0.1314
v  -0.0622 0.9894 -0.2639
v  -0.0556 1.0410 -0.2313
v  -0.0553 0.9696 -0.2369
v  0.0186 1.3974 -0.0560
v  0.0378 1.3257 0.0408
v  0.0880 1.2648 0.0740
v  0.0340 1.2246 0.1176
v  -0.1913 1.4167 -0.1504
v  -0.0700 1.2549 -0.2737
v  -0.2011 1.3006 -0.2238
v  -0.1626 1.0954 -0.2070
v  -0.1756 1.1748 -0.2284
v  -0.0171 1.3871 -0.1598
v  -0.1491 0.9986 -0.0728
v  -0.1410 0.8228 -0.1269
v  -0.1488 0.9668 0.0011
v  -0.1181 1.0000 -0.0847
v  -0.1795 1.0727 -0.1127
v  -0.1469 1.0912 -0.1835
v  -0.1363 0.9981 0.0349
v  -0.0590 0.8699 0.0986
v  -0.0252 1.0754 0.0606
v  -0.1121 0.9696 -0.0253
v  -0.1140 1.0878 0.1256
v  -0.1162 1.0060 0.0052
v  -0.0066 1.4044 -0.1827
v  0.0204 1.4137 -0.0533
v  -0.1668 1.4430 -0.0491
v  -0.1461 1.4238 0.0699
v  -0.1908 1.0877 -0.1031
v  -0.1295 1.1199 0.0897
v  -0.1589 1.0530 0.0144
v  -0.1119 1.1027 0.0984
v  -0.1266 0.8467 -0.0284
v  -0.0600 0.6944 -0.0525
v  -0.0392 0.7728 0.0395
v  -0.1001 1.2231 0.1277
v  -0.1356 1.3928 0.0441
v  -0.1716 1.3817 -0.1470
v  -0.1097 1.3147 0.1156
v  -0.1547 1.4081 -0.0605
v  0.0203 1.1180 0.1392
v  0.0755 1.0283 0.1421
v  0.0085 1.0518 0.1314
v  0.0793 1.0228 0.1564
v  -0.0505 0.7034 -0.0689
v  -0.1017 0.8243 -0.1309
v  -0.0235 0.8012 -0.0703
v  -0.1338 0.8471 -0.2376
v  -0.0948 0.8542 -0.3231
v  -0.1302 0.8273 -0.1456
v  0.0442 1.3326 0.0611
v  -0.1158 1.3363 0.1507
v  0.0414 1.2295 0.1416
v  -0.1088 1.2292 0.1832
v  0.0251 1.1104 0.1573
v  0.0115 1.0444 0.1500
v  -0.1012 0.8581 -0.3415
v  -0.1779 0.7075 0.1778
v  -0.1654 0.7663 0.2514
v  -0.1452 0.6109 0.2650
v  -0.1435 1.2865 0.1108
v  -0.2596 1.3319 0.0455
v  -0.2003 1.2021 0.1394
v  -0.3120 1.2457 0.0761
v  -0.3661 1.1534 -0.0446
v  -0.3173 1.1542 0.0868
v  -0.3759 1.1072 0.0094
v  -0.2250 1.1316 0.1270
v  -0.1265 1.1468 0.1069
v  -0.1632 1.0628 0.0544
v  -0.3528 1.1047 0.1467
v  -0.2333 1.0761 0.1928
v  -0.1535 0.9887 0.0817
v  -0.2134 1.0455 -0.0352
v  -0.2124 0.9669 -0.0324
v  -0.3287 1.0523 -0.0770
v  -0.3586 0.9621 -0.0558
v  -0.4219 1.0175 0.0128
v  -0.3882 0.9027 0.0630
v  -0.3650 1.0057 0.1722
v  -0.3509 0.8795 0.0156
v  -0.2444 0.9969 0.2076
v  -0.1785 0.9478 0.1105
v  -0.2333 0.9246 -0.0053
v  -0.1894 0.6777 0.4004
v  -0.2407 0.7863 0.3247
v  -0.2466 0.6462 0.4136
v  -0.3144 0.7497 0.3293
v  -0.2573 0.8873 0.2676
v  -0.3672 0.8698 0.2364
v  -0.2698 0.9338 0.2009
v  -0.3506 0.9186 0.1717
v  -0.3457 0.7010 0.2690
v  -0.3956 0.8215 0.1393
v  -0.3722 0.8729 0.1103
v  -0.2200 0.5691 0.2562
v  -0.3061 0.6601 0.1843
v  -0.2767 0.5576 0.2955
v  -0.3240 0.7914 0.0518
v  -0.3531 0.8357 0.0162
v  -0.1441 0.6512 0.3260
v  -0.2093 0.8127 0.0587
v  -0.2463 0.8637 0.0432
v  -0.0867 1.2763 -0.1292
v  -0.0556 1.2903 -0.0385
v  -0.2027 0.8985 0.1308
v  -0.2862 0.6010 0.3802
v  -0.1613 1.0938 -0.0990
v  -0.3100 1.1002 -0.1102
v  -0.0726 1.2320 0.0760
v  -0.2131 1.2215 -0.1863
v  -0.2662 1.1348 -0.1572
v  -0.3090 1.3194 -0.0722
v  -0.3621 1.2320 -0.0447
v  -0.2939 1.2822 -0.1528
v  -0.3449 1.1936 -0.1243
v  -0.1928 1.3833 -0.0058
v  -0.1130 1.3478 0.0271
v  -0.1722 1.3178 -0.1546
v  -0.2256 1.3718 -0.0921
v  -0.1225 1.3592 -0.0767
v  0.5140 0.6475 -0.0932
v  0.4594 0.6084 -0.1335
v  0.4681 0.6336 -0.0990
v  0.4123 0.6110 -0.0903
v  0.4341 0.6418 -0.0140
v  0.4303 0.6375 -0.0800
v  -0.1433 0.7511 -0.1366
v  -0.0410 0.7207 -0.0547
v  -0.1216 0.8266 -0.1243
v  -0.0212 0.7972 -0.0473
v  -0.1013 0.8581 -0.3414
v  -0.0099 0.8533 -0.4007
v  -0.1223 0.7830 -0.3566
v  -0.0257 0.7783 -0.4222
v  -0.1791 0.7751 -0.2536
v  -0.1586 0.8517 -0.2403
v  0.1015 0.7781 -0.0484
v  0.0901 0.7002 -0.0564
v  0.1963 0.6940 -0.1355
v  0.2319 0.7089 -0.2644
v  0.2376 0.7862 -0.2466
v  0.2007 0.7723 -0.1229
v  0.0974 0.8358 -0.4091
v  0.0845 0.7624 -0.4441
v  0.1939 0.7331 -0.3806
v  0.2014 0.8112 -0.3629
v  0.4479 0.5638 0.0546
v  0.4449 0.6246 0.0896
v  0.4572 0.5761 0.0737
v  0.4682 0.5241 0.0440
v  0.4619 0.4368 0.0345
v  0.4576 0.4859 0.0027
v  0.4639 0.5014 -0.1157
v  0.5717 0.5751 -0.0700
v  0.5323 0.6225 0.0318
v  0.5554 0.5572 0.0307
v  0.5245 0.6482 -0.0737
v  0.5277 0.4954 -0.0949
v  0.5052 0.4406 0.0399
v  0.4470 0.6821 -0.0891
v  0.5677 0.6159 -0.1127
v  0.2941 0.5919 -0.0094
v  0.3261 0.5908 0.0063
v  0.2911 0.6343 0.0055
v  0.3226 0.6288 0.0186
v  0.4867 0.6418 0.0992
v  0.4885 0.6979 -0.0377
v  0.4152 0.4231 0.0495
v  0.4447 0.4381 0.0238
v  0.3958 0.4439 -0.0161
v  0.3654 0.4354 -0.0072
v  0.3088 0.5719 0.0300
v  0.3478 0.5664 0.0182
v  0.4054 0.5622 0.0629
v  0.4982 0.5884 0.0993
v  0.3780 0.5607 0.0946
v  0.3058 0.6140 0.0482
v  0.3459 0.6215 0.0370
v  0.3132 0.5740 0.0343
v  0.3533 0.5813 0.0230
v  0.3995 0.6216 0.0757
v  0.4044 0.5816 0.0622
v  0.3744 0.5703 0.0958
v  0.3678 0.6100 0.1094
v  0.3865 0.6391 -0.0330
v  0.3766 0.6143 -0.0461
v  0.4478 0.8766 -0.2778
v  0.4397 0.8754 -0.2742
v  0.4137 0.8656 -0.3946
v  0.3426 0.6885 -0.0642
v  0.3448 0.6265 -0.0788
v  0.5055 0.5433 -0.2048
v  0.4556 0.5677 -0.1971
v  0.5697 0.5680 -0.1582
v  0.5174 0.6101 -0.1586
v  0.5652 0.8776 -0.2604
v  0.5693 0.8758 -0.2309
v  0.6424 0.8123 -0.2923
v  0.6113 0.8742 -0.3518
v  0.5963 0.8595 -0.4720
v  0.5911 0.7424 -0.3837
v  0.4808 0.8475 -0.5083
v  0.4595 0.7438 -0.4169
v  0.3814 0.8183 -0.3526
v  0.5654 0.8822 -0.2358
v  0.6343 0.9225 -0.3453
v  0.5624 0.9810 -0.4803
v  0.4768 0.9775 -0.4942
v  0.3913 0.9299 -0.3933
v  -0.1131 0.5832 0.5827
v  -0.1189 0.5754 0.5427
v  -0.1049 0.4944 0.5491
v  0.4870 0.8029 -0.4589
v  0.4793 0.9068 -0.4857
v  0.5496 0.8124 -0.6236
v  0.5876 0.8199 -0.4439
v  0.5824 0.9043 -0.4684
v  -0.2165 0.5569 0.4772
v  -0.1818 0.4623 0.5086
v  -0.1314 0.4958 0.4730
v  -0.1414 0.4738 0.4770
v  -0.1001 0.4983 0.4396
v  -0.0173 0.5159 0.4154
v  -0.0695 0.5423 0.4193
v  -0.2247 0.6168 0.4501
v  -0.1975 0.6364 0.4531
v  -0.1094 0.6419 0.3663
v  -0.1538 0.4660 0.3692
v  -0.2107 0.4713 0.4082
v  -0.1945 0.5450 0.3161
v  -0.2546 0.5656 0.3759
v  -0.1136 0.5935 0.3195
v  0.0254 1.2836 0.2227
v  -0.0904 1.2939 0.2489
v  0.0177 1.2183 0.2150
v  -0.1593 0.6458 0.3426
v  -0.2728 0.6136 0.4448
v  -0.2488 0.6561 0.3906
v  -0.1736 0.6087 0.6051
v  -0.1368 0.6233 0.5837
v  -0.2868 0.5476 0.4367
v  -0.2056 0.4327 0.4822
v  -0.1885 0.6717 0.3710
v  -0.0168 0.5334 0.4257
v  0.0091 0.5260 0.4577
v  -0.0294 0.4902 0.3821
v  -0.0028 0.5986 0.4787
v  -0.0195 0.5913 0.4514
v  -0.1188 0.5090 0.5123
v  -0.1571 0.4310 0.4570
v  -0.3686 0.8656 0.2558
v  -0.2616 0.9065 0.2539
v  -0.2624 0.9403 0.2184
v  -0.1334 0.5674 0.5446
v  -0.1673 0.5558 0.5687
v  -0.1153 0.5772 0.5815
v  -0.1490 0.5656 0.6055
v  -0.1373 0.5087 0.5184
v  -0.1717 0.4963 0.5401
v  -0.1131 0.4944 0.5554
v  -0.1468 0.4828 0.5786
v  -0.2071 0.5965 0.5084
v  -0.2507 0.6412 0.5463
v  -0.1949 0.6574 0.5200
v  -0.2707 0.5693 0.2927
v  -0.2219 0.5790 0.2668
v  -0.1785 0.6191 0.3138
v  -0.2878 0.6106 0.3627
v  -0.2380 0.6368 0.3260
v  0.0203 1.3766 0.1850
v  0.0166 1.3107 0.1907
v  0.0044 1.3719 0.1209
v  -0.3563 0.9227 0.1846
v  -0.3981 0.7843 0.1642
v  -0.4225 0.8733 0.0967
v  -0.3592 0.8265 0.0041
v  -0.3149 0.7494 0.0627
v  -0.1998 0.7996 0.0586
v  -0.2353 0.8589 0.0354
v  -0.1944 0.8739 0.1472
v  -0.2415 0.9903 0.2147
v  -0.1753 0.9410 0.1123
v  -0.3725 0.9787 0.1817
v  -0.4243 0.9425 0.0307
v  -0.3715 0.9163 -0.0330
v  -0.2325 0.9142 -0.0123
v  -0.4851 0.7782 -0.0215
v  -0.3497 0.8626 0.0085
v  -0.3312 0.7999 0.0577
v  -0.3973 0.8422 0.1246
v  -0.4104 0.9125 0.0751
v  -0.1952 1.3994 0.1263
v  -0.1886 1.4080 0.1523
v  -0.1958 1.4262 0.1177
v  -0.1893 1.4348 0.1437
v  0.0042 1.4567 0.1163
v  0.0058 1.3937 0.1366
v  -0.0111 1.4366 0.0552
v  -0.0096 1.3736 0.0755
v  -0.1107 1.3980 0.1615
v  -0.1261 1.3779 0.1004
v  -0.1276 1.4410 0.0801
v  -0.1122 1.4610 0.1412
v  -0.1827 1.3355 0.1830
v  -0.1760 1.3375 0.2103
v  -0.1812 1.3635 0.1806
v  -0.1744 1.3656 0.2078
v  -0.1880 1.1516 0.1948
v  -0.1921 1.1252 0.1858
v  -0.1184 1.1516 0.2366
v  0.0007 1.3060 0.1267
v  -0.0994 1.3193 0.2166
v  -0.1152 1.3145 0.1526
v  -0.1116 1.3804 0.1468
v  -0.0957 1.3851 0.2109
v  -0.1796 1.2563 0.2110
v  -0.1733 1.2524 0.2382
v  -0.1764 1.2841 0.2143
v  -0.1701 1.2802 0.2414
v  0.0105 1.2928 0.1588
v  0.0028 1.2274 0.1512
v  -0.0980 1.2286 0.2413
v  -0.1129 1.2377 0.1775
v  -0.1053 1.3031 0.1851
v  -0.1858 1.1331 0.1595
v  -0.1816 1.1595 0.1685
v  -0.0041 1.1263 0.2589
v  -0.0139 1.0642 0.2378
v  0.0108 1.1448 0.1972
v  0.0011 1.0828 0.1761
v  -0.1282 1.0896 0.2155
v  -0.1132 1.1082 0.1538
v  -0.1034 1.1702 0.1748
v  -0.1673 1.0209 0.1001
v  -0.1766 1.0014 0.1181
v  -0.1753 1.0412 0.1179
v  -0.1846 1.0217 0.1360
v  -0.0257 1.0159 0.2512
v  -0.0070 0.9682 0.2092
v  -0.0038 1.0618 0.2087
v  0.0149 1.0141 0.1668
v  -0.1135 0.9729 0.1561
v  -0.0916 1.0187 0.1136
v  -0.1103 1.0664 0.1555
v  -0.1322 1.0206 0.1980
v  -0.1083 0.8475 0.0944
v  -0.1062 0.8261 0.1125
v  -0.1225 0.8624 0.1137
v  -0.1204 0.8409 0.1318
v  0.0358 0.9062 0.2312
v  0.0691 0.8713 0.1859
v  0.0310 0.9567 0.1887
v  0.0643 0.9218 0.1434
v  -0.0334 0.8284 0.1432
v  -0.0383 0.8789 0.1007
v  -0.0716 0.9138 0.1460
v  -0.0668 0.8633 0.1885
v  -0.0175 0.7463 0.0261
v  -0.0159 0.7245 0.0439
v  -0.0352 0.7593 0.0438
v  -0.0336 0.7375 0.0615
v  0.1029 0.8124 0.1811
v  0.1445 0.7818 0.1397
v  0.0991 0.8637 0.1394
v  0.1407 0.8331 0.0980
v  0.0521 0.7319 0.0835
v  0.0482 0.7831 0.0418
v  0.0066 0.8137 0.0833
v  0.0105 0.7625 0.1250
v  0.1091 0.6589 -0.0124
v  0.1287 0.6406 -0.0038
v  0.0938 0.6533 0.0106
v  0.1134 0.6350 0.0192
v  0.2090 0.7556 0.1411
v  0.2449 0.7688 0.0871
v  0.1629 0.7986 0.1209
v  0.1988 0.8118 0.0669
v  0.1875 0.6828 0.0278
v  0.1415 0.7258 0.0076
v  0.1056 0.7126 0.0617
v  0.1516 0.6696 0.0819
v  0.2417 0.7203 -0.2825
v  0.2546 0.7270 -0.3067
v  0.2622 0.7018 -0.2768
v  0.2750 0.7085 -0.3009
v  0.4033 0.8370 -0.2262
v  0.3553 0.8805 -0.2396
v  0.3731 0.8212 -0.1695
v  0.3250 0.8647 -0.1829
v  0.2928 0.7951 -0.2943
v  0.2626 0.7792 -0.2377
v  0.3107 0.7357 -0.2242
v  0.3409 0.7515 -0.2809
v  0.2425 0.6783 -0.1961
v  0.2658 0.6709 -0.2101
v  0.2504 0.6623 -0.1744
v  0.2737 0.6548 -0.1883
v  0.3956 0.7846 -0.1057
v  0.3771 0.8224 -0.1568
v  0.3409 0.8022 -0.0729
v  0.3224 0.8400 -0.1240
v  0.3171 0.7305 -0.2033
v  0.2624 0.7481 -0.1705
v  0.2809 0.7103 -0.1194
v  0.3357 0.6927 -0.1522
v  0.2214 0.8133 -0.3575
v  0.2196 0.8319 -0.3786
v  0.2469 0.8054 -0.3667
v  0.2450 0.8240 -0.3877
v  0.3470 0.9688 -0.3030
v  0.2872 0.9874 -0.2814
v  0.3513 0.9252 -0.2534
v  0.2915 0.9438 -0.2319
v  0.2366 0.9030 -0.3485
v  0.2409 0.8594 -0.2989
v  0.3006 0.8408 -0.3205
v  0.2963 0.8844 -0.3701
v  0.2167 0.6540 -0.0890
v  0.2434 0.6462 -0.0933
v  0.2158 0.6384 -0.0656
v  0.2425 0.6305 -0.0699
v  0.3269 0.7616 0.0495
v  0.3289 0.7984 -0.0055
v  0.2641 0.7801 0.0594
v  0.2662 0.8169 0.0044
v  0.2893 0.7058 -0.0691
v  0.2266 0.7243 -0.0592
v  0.2245 0.6875 -0.0041
v  0.2872 0.6690 -0.0141
v  -0.2309 0.6199 -0.2762
v  -0.1835 0.7022 -0.1738
v  -0.2114 0.6839 -0.2883
v  -0.2187 0.6761 -0.1743
v  -0.1423 0.4763 -0.2995
v  -0.2091 0.5473 -0.3095
v  -0.1684 0.5556 -0.3721
v  -0.2107 0.4120 -0.0429
v  -0.0549 0.4599 -0.2671
v  -0.0707 0.5336 -0.3941
v  -0.1153 0.4256 -0.0049
v  0.0019 0.4846 -0.2315
v  -0.0601 0.6203 -0.0684
v  -0.0121 0.5880 -0.1447
v  -0.0535 0.6455 -0.0919
v  -0.0172 0.5461 -0.1404
v  -0.1401 0.6723 -0.0933
v  -0.0930 0.6778 -0.0941
v  -0.3348 0.5838 0.0826
v  -0.3655 0.5275 0.0070
v  -0.3045 0.4450 -0.0538
v  -0.0792 0.4986 0.0656
v  -0.1210 0.5723 0.1343
v  -0.2389 0.6045 0.1391
v  -0.0485 0.7321 -0.0821
v  -0.1568 0.7784 -0.2826
v  -0.1634 0.6685 -0.3890
v  -0.0984 0.6666 -0.4191
v  -0.0175 0.7755 -0.3972
v  -0.0424 0.6776 -0.4154
v  -0.0205 0.6760 -0.0837
v  0.0836 0.7039 -0.0766
v  -0.0172 0.5568 -0.3758
v  0.0074 0.5077 -0.2840
v  0.0495 0.5583 -0.1679
v  0.0475 0.6057 -0.1141
v  -0.0161 0.6311 -0.1041
v  0.0774 0.6583 -0.0887
v  -0.3605 0.5287 0.1389
v  -0.2580 0.5473 0.2059
v  -0.3897 0.4163 0.1515
v  -0.2776 0.4301 0.2241
v  -0.3838 0.4838 0.0644
v  -0.3716 0.3780 0.0605
v  -0.3118 0.4223 -0.0149
v  -0.3044 0.3467 -0.0108
v  -0.2178 0.4067 -0.0197
v  -0.2210 0.3350 -0.0209
v  -0.1323 0.4164 0.0315
v  -0.1313 0.3389 0.0262
v  -0.0934 0.4618 0.1175
v  -0.1111 0.3754 0.1182
v  -0.1351 0.5144 0.1919
v  -0.1427 0.4087 0.1974
v  0.2320 0.6853 -0.2997
v  0.1965 0.6619 -0.4118
v  0.1809 0.6860 -0.4085
v  0.2573 0.6792 -0.3133
v  0.1517 0.6017 -0.4469
v  0.1002 0.5219 -0.4230
v  0.0801 0.5972 -0.4651
v  0.3100 0.3876 -0.3086
v  0.0522 0.4824 -0.3515
v  -0.0115 0.5719 -0.4250
v  0.2622 0.3733 -0.2179
v  0.0336 0.4851 -0.2826
v  0.1094 0.5554 -0.1945
v  0.1978 0.5680 -0.1598
v  0.1801 0.5982 -0.1633
v  0.1120 0.5157 -0.2093
v  0.2482 0.6370 -0.2090
v  0.2072 0.6472 -0.1842
v  0.5002 0.5279 -0.2381
v  0.4707 0.5040 -0.3298
v  0.3780 0.4365 -0.3632
v  0.2856 0.4136 -0.1206
v  0.3679 0.4672 -0.0728
v  0.4642 0.5143 -0.1316
v  0.1879 0.7056 -0.1625
v  0.1598 0.7428 -0.3905
v  0.0799 0.6867 -0.4578
v  0.0108 0.6892 -0.4399
v  0.1559 0.6494 -0.1336
v  0.1371 0.5951 -0.1501
v  0.5469 0.4047 -0.2668
v  0.5205 0.3617 -0.1547
v  0.4689 0.3065 -0.3961
v  0.4376 0.2333 -0.2880
v  0.5032 0.4256 -0.3395
v  0.3984 0.3744 -0.4179
v  0.3841 0.4274 -0.3551
v  0.3104 0.4218 -0.3936
v  0.3099 0.4091 -0.2984
v  0.2484 0.4183 -0.3358
v  0.2828 0.3723 -0.2099
v  0.2143 0.3671 -0.2552
v  0.3222 0.3426 -0.1207
v  0.2610 0.2937 -0.2039
v  0.4139 0.3344 -0.0903
v  0.3320 0.2363 -0.1976
v  0.1852 0.7084 -0.1257
v  0.1810 0.7616 -0.0987
v  0.1879 0.7062 -0.1091
v  0.1854 0.7574 -0.0833
v  0.1352 0.6853 -0.0836
v  0.1366 0.6795 -0.0652
v  0.1301 0.7719 -0.0546
v  0.1353 0.7652 -0.0372
v  0.1318 0.7905 -0.0531
v  0.1318 0.7858 -0.0398
v  0.0652 0.7954 -0.0328
v  0.0723 0.7888 -0.0206
v  0.0631 0.7686 -0.0352
v  0.0664 0.7618 -0.0160
v  -0.0049 0.7701 -0.0426
v  -0.0028 0.7672 -0.0275
v  -0.0228 0.7274 -0.0505
v  -0.0188 0.7259 -0.0345
v  0.0331 0.7047 -0.0432
v  0.0365 0.6978 -0.0233
v  0.0462 0.6820 -0.0451
v  0.0549 0.6762 -0.0307
v  0.0386 0.6339 -0.0599
v  0.0616 0.6462 -0.0432
v  0.0569 0.6444 -0.0562
v  0.0608 0.6336 -0.0626
v  0.0720 0.6432 -0.0475
v  0.0679 0.6431 -0.0595
v  0.0793 0.6205 -0.0725
v  0.1078 0.6054 -0.0975
v  0.1046 0.6519 -0.0566
v  0.0985 0.6517 -0.0746
v  -0.3621 0.0735 0.0130
v  -0.3659 0.1526 0.0894
v  -0.3287 0.1605 0.0250
v  -0.2430 0.1682 -0.0109
v  -0.2553 0.0742 -0.0152
v  -0.1485 0.0758 0.0473
v  -0.1674 0.1593 0.0500
v  -0.1628 0.1542 0.1235
v  -0.3935 0.0744 0.1289
v  -0.1573 0.0770 0.1677
v  -0.4751 0.0754 0.2987
v  -0.4741 0.1528 0.2982
v  -0.3804 0.2122 0.1137
v  -0.1586 0.0789 0.3499
v  -0.1604 0.1563 0.3489
v  -0.1975 0.1569 0.4514
v  -0.3312 0.2152 0.4286
v  -0.1470 0.1915 0.1709
v  -0.1622 0.2734 0.2570
v  -0.3053 0.2739 0.2802
v  -0.4124 0.2717 0.2372
v  -0.4726 0.1540 0.4069
v  -0.4720 0.0766 0.4077
v  -0.3420 0.0787 0.4903
v  -0.1953 0.0796 0.4524
v  -0.3427 0.1560 0.4892
v  -0.2855 0.2323 0.0622
v  -0.2539 0.2531 0.0446
v  -0.2114 0.2206 0.0859
v  -0.3126 0.3409 -0.0272
v  -0.2165 0.3278 -0.0391
v  -0.4739 0.1019 0.3937
v  -0.4672 0.2057 0.3521
v  -0.4881 0.0932 0.3998
v  -0.5053 0.0867 0.3451
v  -0.4915 0.0945 0.3379
v  0.4996 0.0774 -0.4321
v  0.5612 0.1550 -0.3423
v  0.5613 0.0776 -0.3422
v  -0.4884 0.1028 0.4180
v  -0.4222 0.2570 0.4007
v  -0.4761 0.1128 0.3963
v  -0.4041 0.1074 0.4481
v  -0.4192 0.1017 0.4697
v  -0.3451 0.0913 0.4866
v  -0.3661 0.1886 0.4676
v  -0.3482 0.0809 0.5012
v  -0.4120 0.0902 0.4818
v  -0.4102 0.0999 0.4669
v  -0.2674 0.1131 0.4822
v  -0.3097 0.2217 0.4743
v  -0.2625 0.1009 0.4991
v  -0.3406 0.0986 0.5089
v  -0.3469 0.1098 0.4924
v  -0.1931 0.1227 0.4529
v  -0.2377 0.2824 0.4246
v  -0.1885 0.1117 0.4743
v  -0.2615 0.1087 0.4972
v  -0.2701 0.1148 0.4690
v  -0.1557 0.1129 0.3677
v  -0.1864 0.2220 0.3961
v  -0.1392 0.1007 0.3737
v  -0.1770 0.0994 0.4428
v  -0.1940 0.1106 0.4381
v  0.0959 1.6561 0.0087
v  -0.0791 1.6678 0.0611
v  0.0936 1.6316 0.0062
v  0.2196 0.1633 -0.5656
v  0.2877 0.1552 -0.5358
v  0.2397 0.0767 -0.5961
v  0.1293 0.1705 -0.5440
v  0.1369 0.0767 -0.5558
v  0.1042 0.1605 -0.4504
v  0.0875 0.0769 -0.4424
v  0.1438 0.1548 -0.3884
v  0.3335 0.0770 -0.5210
v  0.1657 0.0772 -0.3504
v  0.4982 0.1547 -0.4310
v  0.3136 0.2147 -0.5240
v  0.2743 0.0776 -0.2040
v  0.2750 0.1550 -0.2050
v  0.4597 0.2148 -0.2406
v  0.3654 0.1552 -0.1441
v  0.1590 0.1916 -0.3404
v  0.3796 0.1949 -0.3449
v  0.2661 0.2039 -0.2564
v  0.4249 0.2225 -0.4492
v  0.4444 0.0993 -0.1428
v  0.4676 0.2208 -0.1893
v  0.4383 0.1118 -0.1591
v  0.5051 0.0779 -0.1988
v  0.3644 0.0778 -0.1428
v  0.5048 0.1553 -0.1992
v  0.2065 0.2345 -0.5093
v  0.1706 0.2551 -0.5047
v  0.1608 0.2219 -0.4466
v  0.3056 0.4357 -0.4063
v  0.2345 0.4320 -0.3394
v  0.5710 0.0907 -0.3529
v  0.5199 0.2176 -0.3809
v  0.5539 0.1004 -0.3489
v  0.5328 0.0928 -0.4115
v  0.5502 0.0841 -0.4142
v  0.5593 0.1140 -0.3391
v  0.5180 0.2577 -0.3020
v  0.5820 0.1039 -0.3289
v  0.5567 0.1018 -0.2464
v  0.5317 0.1075 -0.2548
v  0.5154 0.0842 -0.1890
v  0.5104 0.1794 -0.2211
v  0.5056 0.0935 -0.1976
v  0.5416 0.1017 -0.2454
v  0.5506 0.0930 -0.2359
v  -0.1076 1.3891 0.0281
v  0.2281 1.6226 -0.0342
v  0.5085 0.1091 -0.1979
v  0.5132 0.0977 -0.1810
v  0.3650 0.1065 -0.1204
v  0.3890 0.2268 -0.1664
v  0.3587 0.1144 -0.1343
v  0.4259 0.1092 -0.1561
v  0.4327 0.1047 -0.1366
v  0.2699 0.0990 -0.1795
v  0.3219 0.2206 -0.1797
v  0.2796 0.1115 -0.1940
v  0.3443 0.1090 -0.1557
v  0.3334 0.0976 -0.1419
v  0.1638 0.9045 -0.3986
v  0.1540 0.9205 -0.4196
v  0.1861 0.8976 -0.4143
v  0.1763 0.9136 -0.4353
v  0.2831 1.0738 -0.3963
v  0.2306 1.0900 -0.3594
v  0.3060 1.0360 -0.3471
v  0.2535 1.0522 -0.3101
v  0.1945 0.9577 -0.3523
v  0.1716 0.9954 -0.4015
v  0.2470 0.9415 -0.3892
v  0.2241 0.9792 -0.4385
v  0.1505 1.8088 -0.3339
v  0.2304 1.6472 -0.0316
v  0.3283 1.7969 -0.3872
v  0.4082 1.6353 -0.0849
v  0.0054 1.8036 -0.3260
v  -0.1696 1.8149 -0.2735
v  0.0160 1.8177 -0.2937
v  -0.1590 1.8294 -0.2412
v  0.3049 1.2754 -0.3495
v  0.3436 1.3830 -0.2444
v  -0.1824 1.3079 -0.2035
v  -0.1437 1.4155 -0.0983
v  -0.2716 1.3078 -0.5010
v  -0.2369 1.5293 -0.4343
v  0.2156 1.2753 -0.6471
v  0.2486 1.5006 -0.5875
v  0.2929 1.1415 -0.3563
v  0.0119 1.7967 -0.3029
v  0.1464 1.7878 -0.3432
v  -0.1032 1.2957 -0.6330
v  -0.1281 1.3107 -0.6211
v  -0.1142 1.3106 -0.6749
v  0.3797 1.3566 -0.1180
v  0.3183 1.7862 -0.4182
v  0.2446 1.5179 -0.6042
v  0.1402 1.7961 -0.3656
v  0.0678 1.5279 -0.5474
v  0.0718 1.5105 -0.5306
v  -0.0623 1.5186 -0.4885
v  0.3242 1.7759 -0.3965
v  -0.1631 1.8084 -0.2504
v  -0.0663 1.5359 -0.5054
v  -0.2408 1.5467 -0.4512
v  -0.1923 1.1704 -0.2111
v  -0.1085 1.3372 -0.6173
v  -0.1391 1.3256 -0.6630
v  -0.1195 1.3521 -0.6592
v  -0.0827 1.3196 -0.6291
v  -0.0937 1.3345 -0.6710
v  -0.1039 1.3314 -0.6619
v  -0.1068 1.3406 -0.6578
v  -0.0124 1.3647 -0.6847
v  -0.0182 1.3829 -0.6767
v  0.0004 1.3662 -0.6520
v  -0.0999 1.3286 -0.6391
v  -0.0036 1.4412 -0.5558
v  0.0029 1.4324 -0.5312
v  0.1517 1.4900 -0.5749
v  0.1563 1.4837 -0.5573
v  0.0298 1.4217 -0.5568
v  0.1593 1.4702 -0.5735
v  0.0654 1.2258 -0.6446
v  0.0837 1.2535 -0.6249
v  0.2162 1.2885 -0.6577
v  0.2132 1.3020 -0.6416
v  0.0718 1.2171 -0.6200
v  0.2208 1.2822 -0.6401
v  0.1455 1.5054 -0.5849
v  0.1757 1.5060 -0.5644
v  0.2156 1.2848 -0.6818
v  0.2458 1.2854 -0.6613
v  0.1276 1.4880 -0.5582
v  0.1978 1.2674 -0.6551
v  0.1578 1.4886 -0.5377
v  0.2280 1.2680 -0.6346
v  -0.2587 1.3899 -0.5223
v  -0.2876 1.2421 -0.5664
v  -0.2532 1.3811 -0.4964
v  -0.2821 1.2334 -0.5406
v  -0.1315 1.4816 -0.5181
v  -0.1260 1.4729 -0.4923
v  0.0196 1.4636 -0.5564
v  0.0251 1.4548 -0.5306
v  0.1060 1.3463 -0.6147
v  0.1115 1.3375 -0.5889
v  0.0772 1.1985 -0.6588
v  0.0827 1.1897 -0.6330
v  -0.0501 1.1068 -0.6630
v  -0.0446 1.0980 -0.6371
v  -0.2012 1.1249 -0.6247
v  -0.1957 1.1161 -0.5989
v  -0.1167 1.3785 -0.6201
v  -0.0653 1.3724 -0.6331
v  -0.1698 1.2971 -0.6365
v  -0.1404 1.2572 -0.6563
v  -0.2490 1.2523 -0.5711
v  -0.2258 1.3712 -0.5357
v  -0.1795 1.1581 -0.6180
v  -0.0580 1.1435 -0.6488
v  0.0443 1.2173 -0.6455
v  0.0675 1.3361 -0.6100
v  -0.0020 1.4304 -0.5631
v  -0.1235 1.4449 -0.5323
v  -0.1600 1.3473 -0.6215
v  -0.0890 1.2510 -0.6694
v  -0.0457 1.2822 -0.6680
v  -0.0359 1.3325 -0.6530
v  0.0873 1.5150 0.0346
v  0.0700 1.4775 -0.0148
v  0.0797 1.5672 -0.0024
v  -0.0830 1.5780 0.0464
v  -0.0754 1.5259 0.0834
v  -0.0927 1.4883 0.0340
v  0.0962 1.6047 0.0445
v  0.0792 1.5655 -0.0037
v  0.0881 1.6556 0.0059
v  -0.0746 1.6665 0.0547
v  -0.0664 1.6156 0.0932
v  -0.0835 1.5764 0.0451
v  0.0856 1.7157 -0.0156
v  0.0884 1.6555 0.0071
v  0.0669 1.6933 -0.0730
v  -0.0957 1.7041 -0.0242
v  -0.0770 1.7266 0.0332
v  0.2196 1.6831 -0.1187
v  0.2411 1.6453 -0.0387
v  0.2383 1.7055 -0.0613
v  -0.0743 1.6664 0.0559
v  0.0467 1.7944 -0.1628
v  0.0495 1.7342 -0.1401
v  0.0280 1.7720 -0.2202
v  -0.1346 1.7828 -0.1714
v  -0.1159 1.8053 -0.1140
v  -0.1132 1.7450 -0.0913
v  0.0662 1.7551 -0.0893
v  0.0689 1.6949 -0.0666
v  0.0475 1.7327 -0.1467
v  -0.1152 1.7435 -0.0979
v  -0.0965 1.7660 -0.0405
v  -0.0937 1.7057 -0.0178
v  0.0267 1.8349 -0.2385
v  0.0295 1.7747 -0.2159
v  0.0080 1.8124 -0.2959
v  -0.1546 1.8233 -0.2472
v  -0.1359 1.8457 -0.1898
v  -0.1332 1.7855 -0.1671
v  -0.0100 1.8154 -0.3565
v  0.0084 1.8135 -0.2948
v  -0.0144 1.7512 -0.3572
v  -0.1771 1.7620 -0.3084
v  -0.1726 1.8263 -0.3078
v  -0.1542 1.8244 -0.2461
v  -0.0335 1.7382 -0.4179
v  -0.0146 1.7495 -0.3574
v  -0.0341 1.6749 -0.4058
v  -0.1962 1.7490 -0.3691
v  -0.1968 1.6857 -0.3570
v  -0.1773 1.7604 -0.3086
v  -0.0520 1.6669 -0.4637
v  -0.0331 1.6782 -0.4032
v  -0.0526 1.6036 -0.4516
v  -0.2153 1.6144 -0.4029
v  -0.2147 1.6777 -0.4150
v  -0.1958 1.6891 -0.3544
v  -0.0703 1.5982 -0.5096
v  -0.0514 1.6096 -0.4491
v  -0.0709 1.5349 -0.4975
v  -0.2336 1.5458 -0.4488
v  -0.2330 1.6090 -0.4608
v  -0.2141 1.6204 -0.4003
v  0.2324 1.5570 -0.0482
v  0.2227 1.4673 -0.0606
v  0.2400 1.5048 -0.0112
v  0.4026 1.4940 -0.0600
v  0.3950 1.5461 -0.0969
v  0.3853 1.4564 -0.1093
v  0.2408 1.6455 -0.0399
v  0.2319 1.5553 -0.0495
v  0.2489 1.5945 -0.0013
v  0.4116 1.5837 -0.0501
v  0.4034 1.6346 -0.0887
v  0.3945 1.5445 -0.0983
v  0.2595 1.1601 -0.3611
v  0.2176 1.0670 -0.4803
v  0.1900 1.2767 -0.6190
v  0.4010 1.6947 -0.1101
v  0.3823 1.6722 -0.1675
v  0.4038 1.6345 -0.0875
v  0.1807 1.7618 -0.2660
v  0.2022 1.7240 -0.1859
v  0.1994 1.7842 -0.2086
v  0.3621 1.7734 -0.2573
v  0.3434 1.7509 -0.3147
v  0.3649 1.7131 -0.2347
v  0.2002 1.7225 -0.1924
v  0.2216 1.6847 -0.1124
v  0.2189 1.7449 -0.1350
v  0.3815 1.7341 -0.1838
v  0.3628 1.7116 -0.2412
v  0.3843 1.6739 -0.1612
v  0.1607 1.8023 -0.3417
v  0.1822 1.7645 -0.2617
v  0.1794 1.8247 -0.2843
v  0.3421 1.8139 -0.3331
v  0.3234 1.7914 -0.3905
v  0.3449 1.7536 -0.3104
v  0.1383 1.7410 -0.4030
v  0.1611 1.8033 -0.3406
v  0.1427 1.8052 -0.4023
v  0.3054 1.7944 -0.4511
v  0.3009 1.7301 -0.4517
v  0.3238 1.7925 -0.3894
v  0.1186 1.6647 -0.4516
v  0.1381 1.7394 -0.4032
v  0.1192 1.7280 -0.4637
v  0.2819 1.7171 -0.5124
v  0.2813 1.6539 -0.5004
v  0.3008 1.7285 -0.4519
v  0.1001 1.5934 -0.4974
v  0.1196 1.6681 -0.4490
v  0.1007 1.6567 -0.5095
v  0.2634 1.6458 -0.5583
v  0.2628 1.5826 -0.5462
v  0.2823 1.6572 -0.4978
v  0.0818 1.5247 -0.5433
v  0.1013 1.5994 -0.4949
v  0.0824 1.5880 -0.5554
v  0.2450 1.5772 -0.6042
v  0.2444 1.5139 -0.5921
v  0.2639 1.5885 -0.5437
v  0.1669 1.1694 -0.6720
v  -0.2576 1.1968 -0.5429
v  -0.2074 1.0953 -0.3529
v  -0.1655 1.1884 -0.2336
v  -0.2348 1.3046 -0.4907
v  -0.1721 0.9075 -0.2966
v  -0.2285 0.9316 -0.2870
v  -0.1915 0.8608 -0.2928
v  -0.2478 0.8849 -0.2832
v  -0.2095 0.9191 -0.3447
v  -0.2288 0.8724 -0.3409
v  -0.2023 0.8890 -0.2429
v  -0.1531 0.8627 -0.3162
v  -0.2717 0.9133 -0.2982
v  -0.2225 0.8870 -0.3715
v  -0.3122 0.6705 -0.3541
v  -0.2428 0.6462 -0.2987
v  -0.3614 0.6968 -0.2808
v  -0.2920 0.6725 -0.2254
v  0.0387 0.5604 0.1318
v  0.1385 0.5878 0.0216
v  0.0299 0.5034 0.1100
v  0.2854 0.3960 0.1073
v  0.2434 0.4335 0.0786
v  0.3176 0.4331 0.1458
v  0.2619 0.5870 0.1327
v  0.1099 0.3758 0.2991
v  0.1265 0.3944 0.3189
v  0.1154 0.4241 0.3161
v  0.0920 0.4238 0.2946
v  0.0886 0.3940 0.2842
v  0.1851 0.3688 0.2172
v  0.2173 0.4057 0.2555
v  0.1432 0.4064 0.1885
v  0.1961 0.4648 0.2504
v  0.1501 0.4654 0.2088
v  0.1971 0.4352 0.0370
v  0.1736 0.4933 0.0301
v  0.0859 0.5599 0.1741
v  -0.0240 0.5602 0.2235
v  -0.0004 0.5603 0.2449
v  0.3638 0.4310 0.1873
v  0.3725 0.4890 0.2097
v  0.0346 0.4103 0.2394
v  0.0581 0.4101 0.2608
v  0.0619 0.4398 0.2715
v  0.0407 0.4584 0.2568
v  0.0238 0.4402 0.2369
v  0.0970 0.4083 0.1471
v  0.0736 0.4664 0.1403
v  0.1077 0.5018 0.1794
v  0.1298 0.5303 -0.0003
v  -0.0232 0.4914 0.2072
v  -0.0023 0.4721 0.2215
v  0.0151 0.4896 0.2415
v  0.0050 0.5197 0.2397
v  -0.0187 0.5208 0.2185
v  0.1159 0.6459 0.0160
v  0.1497 0.6838 0.0559
v  0.0030 0.5901 0.2555
v  -0.0185 0.6083 0.2407
v  -0.0351 0.5898 0.2209
v  0.0498 0.6558 0.1659
v  0.0162 0.6179 0.1261
v  0.0928 0.6191 0.1952
v  0.1270 0.6558 0.2353
v  0.1746 0.6542 0.2781
v  0.1580 0.7437 0.0785
v  0.2060 0.7437 0.1219
v  0.0348 0.6436 0.2977
v  0.0242 0.6735 0.2957
v  0.0006 0.6741 0.2743
v  0.0178 0.6257 0.2777
v  -0.0033 0.6446 0.2633
v  0.1059 0.7159 0.2318
v  0.0580 0.7158 0.1884
v  0.2414 0.7798 0.1631
v  0.2827 0.7407 0.1908
v  0.0887 0.6572 0.3500
v  0.0930 0.6865 0.3614
v  0.0721 0.7058 0.3471
v  0.0651 0.6583 0.3287
v  0.0548 0.6883 0.3269
v  0.1825 0.7131 0.3005
v  0.1412 0.7521 0.2729
v  0.3291 0.7403 0.2328
v  0.3498 0.6818 0.2369
v  0.1425 0.6236 0.3905
v  0.1591 0.6421 0.4103
v  0.1481 0.6718 0.4076
v  0.1212 0.6419 0.3755
v  0.1246 0.6717 0.3861
v  0.2495 0.6545 0.3467
v  0.2288 0.7129 0.3426
v  0.2163 0.6175 0.3068
v  0.3910 0.6461 0.2655
v  0.3838 0.5857 0.2438
v  0.1743 0.5613 0.4037
v  0.1977 0.5615 0.4252
v  0.2012 0.5913 0.4356
v  0.1632 0.5910 0.4009
v  0.1798 0.6095 0.4207
v  0.2837 0.5588 0.3538
v  0.2907 0.6191 0.3754
v  0.2371 0.5582 0.3108
v  0.4057 0.5257 0.2488
v  0.1761 0.4869 0.3868
v  0.1974 0.4688 0.4018
v  0.2141 0.4875 0.4215
v  0.1795 0.5168 0.3972
v  0.2030 0.5171 0.4186
v  0.2723 0.4618 0.3196
v  0.3056 0.4988 0.3589
v  0.2300 0.4993 0.2898
v  0.1779 0.4058 0.3683
v  0.1822 0.4351 0.3796
v  0.1613 0.4544 0.3653
v  0.1441 0.4368 0.3452
v  0.1543 0.4068 0.3470
v  0.2635 0.4035 0.2970
v  -0.0522 1.0114 0.6551
v  -0.0469 0.9194 0.6460
v  -0.0332 1.0145 0.6344
v  -0.0724 0.8591 0.5748
v  -0.0279 0.9226 0.6253
v  -0.0914 0.8559 0.5955
v  -0.2806 0.5543 0.5173
v  -0.0902 0.6006 0.3129
v  -0.2528 0.5050 0.5319
v  -0.0652 0.9299 0.6308
v  -0.0694 1.0020 0.6380
v  -0.1103 1.0543 0.6084
v  -0.1640 1.0560 0.5595
v  -0.0854 1.0811 0.5967
v  -0.1538 1.0832 0.5344
v  -0.1990 1.0061 0.5199
v  -0.1948 0.9340 0.5127
v  -0.1983 1.0198 0.4839
v  -0.1044 1.0779 0.6175
v  -0.1728 1.0801 0.5551
v  -0.2173 1.0166 0.5047
v  -0.2120 0.9246 0.4956
v  -0.1930 0.9278 0.4748
v  -0.1598 0.8581 0.5332
v  -0.1408 0.8613 0.5125
v  -0.0623 0.5514 0.3274
v  -0.1539 0.8817 0.5423
v  -0.1002 0.8800 0.5912
v  -0.0933 0.5031 0.6795
v  0.0971 0.5494 0.4751
v  -0.0735 0.5515 0.7090
v  -0.0769 0.6345 0.3330
v  -0.0936 0.5860 0.6983
v  0.0969 0.6323 0.4939
v  -0.2674 0.5881 0.5374
v  0.1169 0.5979 0.5046
v  -0.0586 1.0610 0.6411
v  -0.0512 0.8733 0.6198
v  -0.1968 1.0702 0.5124
v  -0.1893 0.8825 0.4910
v  -0.1908 0.8823 0.4924
v  -0.0526 0.8731 0.6211
v  -0.1982 1.0700 0.5138
v  -0.0601 1.0608 0.6425
v  -0.1207 0.8604 0.5309
v  -0.0989 0.8605 0.5484
v  -0.1166 0.8225 0.5260
v  -0.0948 0.8226 0.5435
v  -0.1248 0.8564 0.5584
v  -0.1207 0.8185 0.5535
# 2294 vertices

vn -0.0001 -1.0000 -0.0003
vn -0.2323 -0.9671 -0.1041
vn -0.3184 -0.9248 -0.2084
vn -0.3747 -0.9244 -0.0709
vn -0.1742 -0.9673 -0.1843
vn -0.2169 -0.9232 -0.3172
vn -0.0915 -0.9665 -0.2396
vn -0.0776 -0.9256 -0.3705
vn 0.0071 -0.9672 -0.2537
vn 0.0701 -0.9261 -0.3708
vn 0.1042 -0.9669 -0.2331
vn 0.2060 -0.9262 -0.3159
vn 0.1836 -0.9676 -0.1734
vn 0.3177 -0.9231 -0.2168
vn 0.2367 -0.9674 -0.0903
vn 0.3756 -0.9235 -0.0786
vn 0.2534 -0.9673 0.0070
vn 0.3707 -0.9261 0.0699
vn 0.2330 -0.9669 0.1043
vn 0.3214 -0.9235 0.2094
vn 0.1740 -0.9674 0.1842
vn 0.2169 -0.9228 0.3185
vn 0.0905 -0.9672 0.2375
vn 0.0785 -0.9235 0.3754
vn -0.0072 -0.9669 0.2552
vn -0.0708 -0.9247 0.3741
vn -0.1049 -0.9665 0.2343
vn -0.2104 -0.9232 0.3217
vn -0.1834 -0.9677 0.1732
vn -0.3144 -0.9248 0.2144
vn -0.2396 -0.9665 0.0916
vn -0.3726 -0.9247 0.0778
vn -0.2521 -0.9677 -0.0074
vn -0.9166 0.0154 -0.3994
vn -0.9727 0.1318 -0.1908
vn -0.8256 0.1313 -0.5488
vn -0.4113 0.8944 -0.1756
vn -0.3616 0.8994 -0.2454
vn -0.4287 0.8991 -0.0885
vn -0.3124 0.8947 -0.3192
vn -0.6935 0.0147 -0.7203
vn -0.2402 0.8995 -0.3649
vn -0.5519 0.1343 -0.8230
vn -0.1669 0.8940 -0.4157
vn -0.3648 0.0162 -0.9309
vn -0.0824 0.8998 -0.4286
vn -0.1955 0.1302 -0.9720
vn 0.0046 0.8952 -0.4457
vn 0.0191 0.0150 -0.9997
vn 0.0884 0.8994 -0.4282
vn 0.1922 0.1279 -0.9730
vn 0.1760 0.8940 -0.4120
vn 0.3998 0.0155 -0.9165
vn 0.2453 0.8994 -0.3617
vn 0.5494 0.1282 -0.8257
vn 0.3191 0.8948 -0.3124
vn 0.7203 0.0135 -0.6936
vn 0.3662 0.8989 -0.2408
vn 0.8230 0.1330 -0.5523
vn 0.4152 0.8943 -0.1667
vn 0.9309 0.0146 -0.3650
vn 0.4293 0.8994 -0.0822
vn 0.9715 0.1335 -0.1961
vn 0.4459 0.8951 0.0044
vn 0.9997 0.0162 0.0186
vn 0.4283 0.8993 0.0882
vn 0.9731 0.1279 0.1918
vn 0.4117 0.8942 0.1760
vn 0.9163 0.0154 0.4001
vn 0.3622 0.8991 0.2458
vn 0.8249 0.1330 0.5495
vn 0.3125 0.8946 0.3194
vn 0.6936 0.0154 0.7202
vn 0.2408 0.8988 0.3662
vn 0.5530 0.1349 0.8222
vn 0.1669 0.8941 0.4156
vn 0.3651 0.0146 0.9309
vn 0.0822 0.8991 0.4300
vn 0.1959 0.1336 0.9715
vn -0.0046 0.8951 0.4459
vn -0.0180 0.0178 0.9997
vn -0.0882 0.8994 0.4282
vn -0.1915 0.1312 0.9727
vn -0.1760 0.8942 0.4117
vn -0.4002 0.0170 0.9163
vn -0.2456 0.8993 0.3619
vn -0.5485 0.1346 0.8253
vn -0.3189 0.8950 0.3119
vn -0.7200 0.0153 0.6938
vn -0.3643 0.8999 0.2397
vn -0.8227 0.1322 0.5529
vn -0.4146 0.8946 0.1666
vn -0.9307 0.0175 0.3653
vn -0.4295 0.8993 0.0824
vn -0.9717 0.1318 0.1959
vn -0.4459 0.8951 -0.0046
vn -0.9997 0.0147 -0.0190
vn -0.4696 0.8829 -0.0043
vn -0.4614 0.8829 0.0876
vn -0.4594 0.8831 -0.0955
vn -0.4316 0.8833 -0.1833
vn -0.3871 0.8836 -0.2636
vn -0.5657 0.7290 -0.3854
vn -0.6305 0.7285 -0.2679
vn -0.7759 0.3424 -0.5299
vn -0.8638 0.3451 -0.3672
vn -0.6697 0.7294 -0.1393
vn -0.9188 0.3455 -0.1909
vn -0.7751 0.3473 -0.5279
vn -0.8620 0.3515 -0.3654
vn -0.9169 0.3502 -0.1915
vn -0.6580 0.3437 -0.6700
vn -0.4796 0.7294 -0.4878
vn -0.5151 0.3440 -0.7851
vn -0.3742 0.7313 -0.5702
vn -0.5140 0.3476 -0.7842
vn -0.6566 0.3501 -0.6681
vn -0.3517 0.3472 -0.8693
vn -0.2572 0.7265 -0.6373
vn -0.1743 0.3503 -0.9203
vn -0.1282 0.7280 -0.6735
vn -0.1742 0.3562 -0.9180
vn -0.3502 0.3552 -0.8667
vn 0.0093 0.3507 -0.9365
vn 0.0065 0.7278 -0.6857
vn 0.1916 0.3458 -0.9185
vn 0.1388 0.7303 -0.6688
vn 0.1911 0.3466 -0.9183
vn 0.0076 0.3549 -0.9349
vn 0.3664 0.3491 -0.8625
vn 0.2682 0.7277 -0.6312
vn 0.5287 0.3450 -0.7755
vn 0.3852 0.7293 -0.5654
vn 0.5278 0.3485 -0.7746
vn 0.3653 0.3548 -0.8606
vn 0.6701 0.3438 -0.6579
vn 0.4880 0.7293 -0.4795
vn 0.7871 0.3396 -0.5150
vn 0.5725 0.7289 -0.3755
vn 0.7846 0.3475 -0.5134
vn 0.6681 0.3500 -0.6566
vn 0.8678 0.3517 -0.3509
vn 0.6357 0.7280 -0.2569
vn 0.9220 0.3456 -0.1747
vn 0.6738 0.7278 -0.1276
vn 0.9203 0.3499 -0.1751
vn 0.8663 0.3562 -0.3501
vn 0.9395 0.3424 0.0085
vn 0.6840 0.7294 0.0057
vn 0.9185 0.3459 0.1916
vn 0.6684 0.7308 0.1386
vn 0.9163 0.3522 0.1906
vn 0.9379 0.3467 0.0088
vn 0.8609 0.3540 0.3655
vn 0.6281 0.7311 0.2664
vn 0.7749 0.3475 0.5280
vn 0.5669 0.7276 0.3864
vn 0.7744 0.3508 0.5265
vn 0.8606 0.3548 0.3653
vn 0.6571 0.3450 0.6702
vn 0.4807 0.7279 0.4889
vn 0.5139 0.3474 0.7844
vn 0.3754 0.7290 0.5724
vn 0.5117 0.3557 0.7821
vn 0.6557 0.3530 0.6674
vn 0.3502 0.3496 0.8690
vn 0.2565 0.7282 0.6356
vn 0.1755 0.3422 0.9231
vn 0.1270 0.7281 0.6736
vn 0.1737 0.3491 0.9209
vn 0.3506 0.3561 0.8662
vn -0.0082 0.3425 0.9395
vn -0.0056 0.7294 0.6841
vn -0.1910 0.3460 0.9186
vn -0.1389 0.7285 0.6708
vn -0.1904 0.3564 0.9147
vn -0.0089 0.3466 0.9380
vn -0.3658 0.3527 0.8613
vn -0.2681 0.7277 0.6313
vn -0.5283 0.3473 0.7748
vn -0.3858 0.7282 0.5664
vn -0.5275 0.3483 0.7749
vn -0.3656 0.3534 0.8610
vn -0.6694 0.3469 0.6569
vn -0.4883 0.7287 0.4801
vn -0.7830 0.3503 0.5140
vn -0.5720 0.7297 0.3746
vn -0.7825 0.3532 0.5128
vn -0.6683 0.3487 0.6571
vn -0.8709 0.3439 0.3512
vn -0.6359 0.7278 0.2570
vn -0.9199 0.3509 0.1752
vn -0.6732 0.7284 0.1277
vn -0.9190 0.3541 0.1734
vn -0.8687 0.3498 0.3507
vn -0.9365 0.3507 -0.0086
vn -0.6840 0.7294 -0.0061
vn -0.9349 0.3549 -0.0086
vn -0.4577 0.8891 -0.0036
vn -0.4529 0.8874 0.0857
vn -0.4489 0.8887 -0.0927
vn -0.4211 0.8892 -0.1791
vn -0.3795 0.8882 -0.2591
vn -0.0003 1.0000 0.0003
vn -0.4244 0.8891 0.1714
vn -0.3820 0.8895 0.2505
vn -0.3296 0.8870 0.3233
vn -0.2601 0.8867 0.3821
vn -0.1814 0.8861 0.4264
vn -0.0912 0.8920 0.4428
vn -0.0039 0.8890 0.4579
vn 0.0857 0.8890 0.4498
vn 0.1713 0.8893 0.4241
vn 0.2490 0.8910 0.3797
vn 0.3203 0.8895 0.3259
vn 0.3798 0.8882 0.2587
vn 0.4213 0.8892 0.1785
vn 0.4438 0.8913 0.0925
vn 0.4577 0.8891 0.0038
vn 0.4516 0.8881 -0.0855
vn 0.4266 0.8879 -0.1718
vn 0.3796 0.8910 -0.2490
vn 0.3255 0.8897 -0.3202
vn 0.2588 0.8883 -0.3794
vn 0.1786 0.8891 -0.4215
vn 0.0936 0.8882 -0.4498
vn 0.0041 0.8892 -0.4574
vn -0.0851 0.8895 -0.4490
vn -0.1711 0.8893 -0.4241
vn -0.2493 0.8909 -0.3796
vn -0.3202 0.8896 -0.3256
vn -0.4350 0.8831 0.1760
vn -0.3943 0.8819 0.2582
vn -0.3350 0.8827 0.3295
vn -0.2644 0.8828 0.3883
vn -0.1838 0.8828 0.4323
vn -0.0954 0.8830 0.4595
vn -0.0041 0.8829 0.4696
vn 0.0872 0.8833 0.4606
vn 0.1756 0.8833 0.4348
vn 0.2574 0.8828 0.3930
vn 0.3290 0.8831 0.3345
vn 0.3884 0.8827 0.2646
vn 0.4323 0.8827 0.1839
vn 0.4597 0.8829 0.0955
vn 0.4696 0.8829 0.0040
vn 0.4613 0.8830 -0.0873
vn 0.4350 0.8832 -0.1755
vn 0.3919 0.8835 -0.2566
vn 0.3340 0.8836 -0.3282
vn 0.2640 0.8832 -0.3877
vn 0.1839 0.8827 -0.4325
vn 0.0955 0.8830 -0.4596
vn 0.0041 0.8826 -0.4701
vn -0.0874 0.8822 -0.4627
vn -0.1757 0.8832 -0.4349
vn -0.2575 0.8826 -0.3933
vn -0.3283 0.8835 -0.3340
vn 0.6632 -0.5725 0.4821
vn 0.7322 0.0085 0.6811
vn 0.5499 -0.5976 0.5835
vn 0.6216 -0.0249 0.7830
vn 0.7327 -0.3038 0.6090
vn 0.3357 -0.9373 0.0937
vn 0.2289 -0.9520 0.2035
vn 0.5238 -0.7970 0.3007
vn -0.2188 -0.9525 -0.2119
vn -0.0904 -0.9910 0.0987
vn -0.6222 -0.5990 -0.5040
vn -0.5226 -0.8118 -0.2606
vn -0.8272 -0.0266 -0.5612
vn -0.8316 -0.3416 -0.4380
vn -0.7556 0.5461 -0.3617
vn -0.8993 0.2399 -0.3657
vn -0.4451 0.8953 -0.0157
vn -0.6999 0.7107 -0.0714
vn 0.0131 0.9010 0.4337
vn -0.0978 0.8386 0.5359
vn -0.3095 0.8909 0.3325
vn 0.4165 0.5475 0.7257
vn 0.2901 0.4988 0.8167
vn 0.6704 0.1679 -0.7228
vn 0.9370 -0.3348 -0.0993
vn 0.8338 0.5520 0.0109
vn 0.6704 0.1678 -0.7228
vn 0.1746 0.8253 -0.5370
vn -0.0740 0.5509 -0.8313
vn -0.1295 0.1074 -0.9858
vn 0.0293 -0.3359 -0.9414
vn 0.6884 -0.6092 -0.3936
vn 0.1148 -0.9858 -0.1225
vn -0.5213 -0.8257 0.2153
vn -0.1746 -0.8253 0.5370
vn -0.3380 -0.7980 -0.4989
vn -0.7420 0.1445 -0.6546
vn -0.6617 -0.3055 -0.6847
vn 0.1174 0.9378 0.3267
vn 0.5256 0.5801 0.6222
vn -0.6605 0.5787 -0.4783
vn -0.5238 0.7970 -0.3007
vn -0.7032 0.4548 -0.5466
vn 0.0081 0.9724 0.2333
vn -0.1148 0.9858 0.1225
vn -0.2345 0.9721 0.0083
vn -0.4296 0.8820 -0.1936
vn 0.3380 0.7980 0.4989
vn 0.5971 0.4563 0.6598
vn 0.7081 0.1462 0.6908
vn 0.7331 0.0009 0.6801
vn 0.7032 -0.4548 0.5466
vn 0.6605 -0.5787 0.4783
vn 0.8262 -0.1735 -0.5361
vn -0.6704 -0.1679 0.7228
vn 0.4872 -0.0516 0.8718
vn 0.4183 -0.6022 0.6800
vn 0.2181 -0.4616 -0.8598
vn -0.5256 -0.5801 -0.6222
vn -0.7331 -0.0009 -0.6801
vn -0.6704 -0.1678 0.7228
vn 0.5214 0.8257 -0.2153
vn 0.3417 -0.6096 -0.7152
vn -0.1174 -0.9378 -0.3266
vn -0.3417 0.6096 0.7152
vn -0.3357 0.9373 -0.0937
vn 0.3000 -0.8108 0.5026
vn -0.9370 0.3348 0.0993
vn -0.0293 0.3359 0.9414
vn 0.1295 -0.1074 0.9858
vn 0.0740 -0.5509 0.8313
vn -0.8461 0.2801 0.4535
vn 0.1906 -0.9518 0.2404
vn -0.5214 -0.8257 0.2153
vn -0.6827 -0.7280 0.0620
vn -0.1174 -0.9378 -0.3267
vn 0.0969 -0.4259 -0.8996
vn 0.4305 -0.6372 -0.6393
vn -0.7661 -0.6420 0.0310
vn -0.4325 -0.8533 0.2913
vn -0.7061 -0.1551 -0.6909
vn -0.9719 -0.2267 -0.0635
vn -0.7340 0.2925 -0.6129
vn -0.9713 0.2339 0.0441
vn -0.7645 0.5638 0.3125
vn -0.9713 0.2338 0.0441
vn -0.4351 0.8780 -0.1996
vn -0.7053 0.4468 -0.5504
vn -0.5368 0.8398 -0.0814
vn -0.1060 0.9344 0.3401
vn 0.0013 0.9738 0.2274
vn 0.3243 0.6618 0.6759
vn 0.4372 0.6977 0.5675
vn -0.4520 0.8649 -0.2184
vn -0.5995 0.6965 -0.3943
vn -0.7393 0.2340 -0.6314
vn -0.2280 0.9735 0.0146
vn -0.1276 0.9073 0.4007
vn -0.2281 0.9735 0.0146
vn 0.2305 0.8788 0.4179
vn 0.5627 0.5199 0.6427
vn 0.9719 0.2267 0.0635
vn 0.7061 0.1551 0.6909
vn 0.7393 -0.2340 0.6314
vn 0.7053 -0.4468 0.5504
vn 0.7661 0.6420 -0.0310
vn 0.1431 0.2864 0.9474
vn -0.0970 0.4259 0.8996
vn 0.7185 0.0966 0.6888
vn 0.9713 -0.2339 -0.0441
vn 0.7645 -0.5638 -0.3125
vn 0.3277 -0.9409 0.0855
vn 0.5995 -0.6965 0.3943
vn 0.2281 -0.9735 -0.0146
vn 0.4351 -0.8780 0.1997
vn -0.0013 -0.9738 -0.2274
vn -0.4372 -0.6977 -0.5675
vn -0.2306 -0.8787 -0.4179
vn -0.2305 -0.8788 -0.4179
vn -0.6011 -0.4483 -0.6616
vn -0.8035 0.4142 -0.4276
vn 0.5897 0.1262 0.7977
vn 0.5889 -0.4679 0.6590
vn 0.3222 -0.8935 0.3127
vn -0.1086 -0.9881 -0.1088
vn -0.5388 -0.7156 -0.4446
vn -0.8043 -0.1799 -0.5664
vn -0.8852 0.3678 -0.2850
vn -0.6297 0.7755 0.0466
vn -0.5300 0.7900 -0.3081
vn -0.4305 0.6372 0.6393
vn 0.3647 0.7687 0.5254
vn 0.3988 0.8780 0.2647
vn 0.2888 0.8182 0.4971
vn 0.2636 0.7418 0.6166
vn 0.1417 0.5440 0.8270
vn 0.2253 0.5407 0.8105
vn -0.5772 -0.2700 -0.7707
vn -0.2195 -0.9754 0.0204
vn -0.6317 -0.7143 -0.3012
vn -0.8859 -0.2013 -0.4179
vn 0.4790 0.8361 0.2674
vn -0.5398 -0.6707 -0.5087
vn -0.3552 -0.4849 -0.7992
vn -0.5044 -0.6182 -0.6028
vn -0.3469 -0.4818 -0.8047
vn -0.6547 -0.7270 -0.2069
vn -0.5928 -0.7650 -0.2516
vn -0.5349 -0.8097 -0.2414
vn -0.2171 0.8661 0.4503
vn 0.1951 0.6050 0.7720
vn 0.4493 0.0920 0.8886
vn 0.4485 -0.4771 0.7558
vn 0.1931 -0.8848 0.4241
vn 0.0630 0.9577 0.2808
vn 0.7226 0.0736 0.6873
vn -0.4629 -0.8155 -0.3474
vn -0.4315 0.8840 0.1796
vn 0.9925 0.1087 0.0552
vn 0.8009 0.5920 -0.0902
vn -0.4075 0.8973 -0.1695
vn -0.6921 0.4928 -0.5275
vn 0.0407 0.9643 0.2617
vn 0.5711 0.5423 -0.6162
vn 0.6617 0.3055 0.6847
vn 0.7413 -0.1092 0.6622
vn 0.6187 -0.6642 0.4196
vn 0.2598 -0.9655 0.0167
vn -0.2860 0.9573 -0.0429
vn 0.4640 0.6638 0.5866
vn 0.5233 0.5824 0.6221
vn 0.7901 0.4797 0.3816
vn 0.5159 0.5930 0.6182
vn 0.5334 0.5302 0.6591
vn 0.8733 -0.4786 -0.0909
vn 0.8982 -0.2549 0.3583
vn 0.4573 -0.8605 0.2243
vn -0.6426 0.1532 0.7507
vn -0.7724 0.0884 0.6290
vn -0.3363 0.6077 0.7194
vn -0.6870 0.5996 0.4106
vn -0.6714 0.1604 0.7235
vn -0.4885 0.0841 0.8685
vn -0.0229 0.3397 0.9403
vn -0.5108 0.1205 0.8512
vn -0.3981 -0.0510 0.9159
vn 0.1290 -0.1004 0.9866
vn -0.3971 -0.2572 0.8810
vn 0.0612 -0.5390 0.8401
vn 0.7415 -0.1145 0.6611
vn 0.5833 0.4829 0.6531
vn -0.1955 -0.8053 0.5598
vn -0.5391 -0.8026 0.2552
vn -0.8420 -0.5380 0.0405
vn -0.9938 -0.1107 -0.0058
vn -0.7408 0.0965 -0.6647
vn -0.8986 0.4180 -0.1334
vn -0.6165 0.6681 -0.4166
vn -0.7327 0.3038 -0.6090
vn -0.0763 0.9938 0.0810
vn 0.6712 0.1609 -0.7236
vn -0.5191 0.6469 0.5587
vn -0.5191 0.6468 0.5587
vn 0.4494 0.7499 -0.4854
vn -0.1166 0.9854 0.1244
vn -0.4320 0.7729 0.4647
vn 0.6661 -0.5653 0.4866
vn 0.8863 -0.3212 0.3337
vn 0.5995 -0.6964 0.3944
vn 0.9561 -0.0534 -0.2881
vn 0.6612 0.2701 0.6999
vn -0.2420 0.0918 -0.9659
vn -0.0244 -0.5401 -0.8412
vn -0.3424 -0.8028 -0.4881
vn -0.7487 0.0514 -0.6609
vn -0.7477 0.0381 -0.6629
vn -0.7213 -0.6880 -0.0794
vn -0.9365 -0.2374 0.2582
vn 0.4057 0.1329 -0.9043
vn 0.1147 -0.9858 -0.1224
vn 0.5062 -0.6686 -0.5448
vn -0.6536 -0.2757 0.7048
vn 0.4918 -0.6915 -0.5292
vn 0.2650 -0.9213 -0.2845
vn 0.6733 0.1404 -0.7259
vn 0.5510 -0.5871 -0.5931
vn 0.6722 0.1518 -0.7247
vn -0.7392 0.2397 -0.6293
vn -0.7400 0.2286 -0.6326
vn -0.7178 0.3958 -0.5728
vn -0.7178 0.3960 -0.5727
vn 0.3010 0.8963 -0.3256
vn -0.7393 0.0534 -0.6712
vn -0.7422 0.1598 -0.6508
vn -0.1163 0.9854 0.1241
vn -0.6765 -0.1025 0.7293
vn -0.6801 -0.0016 0.7331
vn -0.6774 -0.0881 0.7303
vn 0.6244 0.3975 0.6724
vn 0.6244 0.3973 0.6725
vn -0.7086 -0.6036 -0.3655
vn -0.9057 -0.0532 -0.4205
vn -0.8368 0.4974 -0.2288
vn -0.4346 0.9004 0.0183
vn -0.5282 0.8381 0.1366
vn 0.2901 0.4988 0.8168
vn 0.1097 -0.9429 0.3146
vn -0.7782 0.5738 0.2554
vn -0.1973 0.5745 0.7944
vn -0.4659 0.8533 -0.2340
vn 0.7331 0.0008 0.6802
vn 0.2671 0.8542 0.4461
vn 0.5775 0.4937 0.6502
vn 0.7042 -0.4508 0.5486
vn 0.4659 -0.8533 0.2340
vn -0.0397 -0.7785 0.6263
vn -0.2671 -0.8542 -0.4462
vn -0.2787 -0.8457 -0.4550
vn 0.1148 -0.9858 -0.1224
vn -0.7331 -0.0009 -0.6802
vn -0.7349 0.0158 -0.6780
vn -0.5774 -0.4936 -0.6503
vn -0.3208 -0.9434 -0.0847
vn 0.1174 0.9378 0.3266
vn 0.4660 -0.8533 0.2340
vn 0.0009 -0.7968 0.6042
vn 0.2204 -0.0949 0.9708
vn -0.2671 -0.8542 -0.4461
vn -0.6015 -0.7976 0.0453
vn -0.9844 -0.0964 -0.1470
vn -0.4660 0.8533 -0.2340
vn -0.7649 0.6055 0.2196
vn -0.1625 0.6062 0.7785
vn -0.6026 -0.2796 0.7474
vn -0.5672 -0.1663 0.8066
vn -0.6999 -0.2797 0.6572
vn -0.5629 -0.4101 0.7176
vn -0.4893 -0.3922 0.7790
vn -0.6813 -0.3903 0.6193
vn -0.7759 -0.3007 0.5545
vn -0.8284 -0.1664 0.5348
vn -0.8321 -0.0503 0.5524
vn -0.7936 0.0709 0.6043
vn 0.6606 -0.5787 0.4783
vn -0.6290 -0.0531 0.7756
vn -0.7617 -0.1665 0.6262
vn -0.7263 -0.0532 0.6853
vn 0.2440 -0.9337 -0.2618
vn -0.7157 -0.1109 -0.6896
vn -0.7585 0.0734 -0.6476
vn 0.0621 -0.9810 -0.1840
vn 0.4923 0.6419 0.5879
vn -0.0621 0.9810 0.1840
vn -0.0995 0.7126 -0.6945
vn 0.6442 0.1903 -0.7408
vn 0.7789 -0.0936 0.6201
vn -0.6441 -0.1903 0.7408
vn -0.5073 0.5607 0.6545
vn -0.6442 -0.1903 0.7408
vn -0.5098 0.5554 0.6569
vn -0.7789 0.0936 -0.6201
vn -0.0752 0.9796 0.1866
vn -0.6251 -0.1820 0.7590
vn 0.0824 -0.1787 0.9804
vn 0.7446 -0.0772 0.6630
vn 0.6251 0.1820 -0.7590
vn -0.0824 0.1787 -0.9804
vn -0.7446 0.0772 -0.6630
vn 0.5801 -0.7457 0.3277
vn 0.7585 -0.0734 0.6476
vn 0.6482 0.1799 -0.7400
vn -0.5803 0.7454 -0.3279
vn -0.6592 0.7486 0.0717
vn -0.7777 0.6038 0.1751
vn -0.6137 0.7400 0.2753
vn -0.7995 0.6003 -0.0208
vn -0.9983 0.0405 0.0408
vn -0.9456 0.2507 0.2074
vn -0.9314 0.3614 -0.0428
vn -0.6053 0.5135 0.6083
vn -0.9136 0.3392 -0.2240
vn -0.8152 0.5162 -0.2628
vn -0.7985 0.5608 -0.2188
vn -0.9844 0.0531 0.1677
vn -0.9836 0.0042 0.1806
vn -0.9519 0.1272 -0.2789
vn -0.9799 0.1379 -0.1441
vn -0.9977 -0.0670 0.0031
vn -0.3514 0.6623 -0.6618
vn -0.2892 0.5814 -0.7605
vn 0.0656 0.8754 -0.4789
vn 0.0418 0.7048 -0.7082
vn -0.6213 0.5789 0.5281
vn -0.1850 0.2739 0.9438
vn 0.0412 0.6199 0.7836
vn 0.0173 0.2678 0.9633
vn -0.8485 -0.0395 0.5277
vn -0.8660 0.0169 0.4997
vn 0.0265 0.9580 0.2855
vn 0.0761 0.9526 0.2947
vn -0.6358 0.7659 -0.0960
vn 0.1207 0.9744 0.1895
vn -0.8596 -0.1061 0.4999
vn -0.3466 -0.0251 0.9377
vn -0.4089 0.0577 0.9107
vn 0.1156 0.9562 0.2688
vn 0.0955 0.9634 0.2506
vn 0.1246 0.9363 0.3283
vn -0.3240 -0.0115 0.9460
vn -0.6284 -0.0094 0.7778
vn 0.4146 0.0039 0.9100
vn 0.3420 -0.0701 0.9371
vn 0.0348 0.5200 0.8535
vn 0.0627 0.9537 0.2942
vn 0.0091 0.1255 0.9920
vn -0.4906 0.1093 0.8645
vn -0.7658 0.1016 0.6350
vn -0.8736 0.0352 0.4853
vn -0.9656 0.0936 0.2427
vn -0.9958 0.0254 0.0880
vn -0.0605 -0.8980 -0.4358
vn -0.1227 -0.9845 -0.1250
vn -0.2116 -0.9659 -0.1490
vn -0.2744 -0.9191 -0.2826
vn -0.3347 -0.8363 -0.4343
vn -0.0653 -0.9965 -0.0529
vn -0.0663 -0.9787 -0.1941
vn -0.2637 -0.9632 -0.0517
vn 0.5338 -0.8114 -0.2382
vn 0.0878 -0.9356 -0.3421
vn -0.0052 -0.0927 0.9957
vn -0.1593 0.1586 0.9744
vn -0.6124 -0.3030 0.7302
vn -0.8243 -0.1629 0.5421
vn -0.1315 -0.8968 0.4225
vn -0.1512 -0.8316 0.5344
vn 0.3967 -0.7950 0.4589
vn -0.2197 -0.4825 0.8479
vn -0.3414 -0.7217 0.6021
vn 0.6413 -0.6281 0.4406
vn -0.8922 0.4469 0.0658
vn 0.9711 -0.2359 0.0350
vn -0.1686 0.4299 0.8870
vn -0.5799 0.7308 -0.3601
vn 0.0522 0.8056 -0.5901
vn -0.9652 0.2589 0.0374
vn -0.5688 0.8115 0.1335
vn -0.9633 0.2664 0.0340
vn -0.9853 0.1699 0.0150
vn -0.5830 0.7816 0.2219
vn -0.9905 0.1360 -0.0186
vn 0.7513 0.6562 0.0705
vn 0.8715 0.4901 -0.0198
vn 0.8521 0.4864 -0.1935
vn 0.6701 0.7304 0.1324
vn 0.6696 0.6489 -0.3612
vn 0.6803 0.6989 0.2207
vn 0.7003 0.6564 0.2806
vn 0.8390 0.5175 0.1680
vn 0.6601 0.4262 0.6186
vn 0.7268 -0.0006 0.6869
vn 0.9724 0.2277 -0.0518
vn 0.9919 -0.0095 0.1268
vn 0.9364 0.3380 0.0942
vn 0.9534 0.2241 -0.2020
vn 0.8989 0.3938 -0.1922
vn 0.9646 0.0095 -0.2637
vn 0.9745 -0.1172 0.1912
vn 0.9811 -0.0656 0.1820
vn 0.9806 -0.1961 0.0015
vn 0.9895 0.0147 -0.1438
vn 0.4483 0.5997 -0.6629
vn 0.3711 0.5401 -0.7554
vn 0.2249 0.4016 0.8878
vn -0.0054 -0.8146 0.5800
vn 0.8556 -0.0927 0.5092
vn 0.8170 -0.1436 0.5585
vn 0.1134 0.9568 0.2679
vn 0.0572 0.9481 0.3127
vn 0.1764 0.9563 0.2330
vn 0.8393 -0.2169 0.4985
vn 0.0167 0.9678 0.2512
vn 0.0065 0.9567 0.2911
vn 0.3214 -0.0536 0.9454
vn 0.8596 -0.0807 0.5046
vn 0.5022 0.0444 0.8636
vn 0.7736 0.0010 0.6337
vn 0.9644 -0.0328 0.2626
vn 0.9907 -0.1053 0.0863
vn -0.0650 -0.9913 -0.1146
vn 0.0819 -0.9857 -0.1473
vn -0.0070 -0.9921 -0.1250
vn 0.1483 -0.9476 -0.2828
vn 0.2180 -0.8734 -0.4354
vn -0.1957 -0.9232 -0.3308
vn 0.1194 0.6512 -0.7495
vn -0.4498 0.6710 -0.5894
vn 0.0684 0.9976 -0.0108
vn 0.1803 0.1364 0.9741
vn 0.5816 -0.3421 0.7381
vn 0.5690 -0.3801 0.7292
vn 0.9085 -0.3517 0.2256
vn 0.9635 -0.1081 0.2450
vn 0.0930 -0.6766 0.7305
vn 0.0812 -0.7000 0.7095
vn -0.0562 -0.9041 0.4236
vn 0.4150 -0.7149 0.5628
vn 0.2513 -0.7590 0.6007
vn 0.8292 0.3950 -0.3955
vn -0.9938 -0.1077 0.0270
vn 0.0343 0.9635 0.2654
vn 0.9898 0.1385 0.0323
vn 0.9908 0.1308 0.0357
vn 0.9995 0.0283 0.0148
vn 0.7036 0.4772 0.5265
vn 0.9990 -0.0429 -0.0140
vn 0.7659 0.0652 -0.6397
vn 0.7178 0.0750 -0.6922
vn -0.1001 -0.1177 -0.9880
vn -0.4628 0.0324 -0.8859
vn -0.6740 0.1459 -0.7242
vn -0.0448 -0.6743 -0.7371
vn 0.2836 0.9578 -0.0476
vn 0.3010 0.9532 -0.0284
vn 0.5912 0.7777 0.2137
vn -0.4694 0.8614 0.1940
vn -0.7510 0.4102 0.5174
vn -0.7672 0.5558 0.3201
vn -0.1075 -0.4683 0.8770
vn 0.0840 -0.4609 0.8835
vn -0.9222 -0.2258 0.3138
vn 0.9658 0.0553 -0.2534
vn 0.7979 0.3017 0.5218
vn 0.7450 0.4571 0.4858
vn -0.6971 0.6653 0.2674
vn 0.2207 0.2475 0.9434
vn -0.6816 0.5485 0.4844
vn 0.8104 0.3868 -0.4401
vn 0.0223 -0.1784 -0.9837
vn -0.1821 0.7318 -0.6568
vn -0.5209 0.0739 -0.8504
vn -0.1824 0.7314 -0.6571
vn -0.5213 0.0724 -0.8503
vn -0.5579 -0.6150 -0.5573
vn -0.5818 -0.2926 -0.7589
vn -0.4523 -0.8489 -0.2734
vn -0.0488 -0.9188 0.3917
vn 0.1824 -0.7314 0.6571
vn 0.1821 -0.7318 0.6568
vn 0.5213 -0.0724 0.8503
vn 0.5209 -0.0739 0.8504
vn 0.5576 0.6163 0.5562
vn 0.5818 0.2926 0.7589
vn 0.2719 0.9601 -0.0646
vn 0.4523 0.8489 0.2734
vn 0.2724 0.9601 -0.0638
vn -0.8119 0.2683 0.5185
vn -0.9872 0.1463 0.0638
vn -0.9871 0.1484 0.0600
vn -0.9871 0.1480 0.0607
vn -0.9870 0.1501 0.0569
vn 0.2066 0.9556 -0.2101
vn 0.2064 0.9557 -0.2100
vn 0.2061 0.9558 -0.2098
vn 0.2059 0.9558 -0.2097
vn -0.1093 -0.1723 -0.9790
vn -0.1087 -0.1726 -0.9790
vn -0.1073 -0.1735 -0.9790
vn -0.1067 -0.1738 -0.9790
vn -0.2100 -0.9550 0.2095
vn -0.2103 -0.9550 0.2094
vn -0.2107 -0.9549 0.2092
vn -0.2110 -0.9549 0.2091
vn 0.1059 0.1724 0.9793
vn 0.1066 0.1725 0.9792
vn 0.1081 0.1729 0.9790
vn 0.1088 0.1730 0.9789
vn 0.5240 0.0096 -0.8517
vn 0.5238 0.0112 -0.8518
vn 0.2724 0.7055 -0.6543
vn 0.2721 0.7059 -0.6540
vn 0.5377 -0.3605 -0.7621
vn 0.3397 -0.8983 -0.2789
vn 0.3397 -0.8983 -0.2788
vn -0.2721 -0.7059 0.6540
vn -0.2724 -0.7055 0.6543
vn -0.0676 -0.9195 0.3872
vn -0.5238 -0.0112 0.8518
vn -0.5240 -0.0096 0.8517
vn -0.5377 0.3605 0.7621
vn -0.4730 0.6795 0.5609
vn -0.1480 0.9873 -0.0585
vn -0.1475 0.9873 -0.0592
vn -0.3397 0.8983 0.2789
vn 0.8408 0.1601 0.5171
vn 0.9983 0.0200 0.0551
vn 0.9981 0.0183 0.0582
vn 0.9981 0.0179 0.0590
vn 0.9979 0.0162 0.0621
vn -0.0798 0.9746 -0.2094
vn -0.0803 0.9745 -0.2097
vn -0.0800 0.9745 -0.2096
vn -0.0805 0.9744 -0.2098
vn 0.0814 -0.1861 -0.9791
vn 0.0835 -0.1852 -0.9791
vn 0.0820 -0.1859 -0.9791
vn 0.0841 -0.1849 -0.9791
vn 0.0850 -0.9743 0.2088
vn 0.0843 -0.9743 0.2091
vn 0.0847 -0.9743 0.2089
vn 0.0840 -0.9743 0.2092
vn -0.0836 0.1856 0.9791
vn -0.0815 0.1849 0.9794
vn -0.0829 0.1854 0.9792
vn -0.0808 0.1846 0.9795
vn 0.1899 0.0792 0.9786
vn 0.7456 -0.5233 0.4126
vn 0.7890 0.0444 0.6128
vn 0.8356 -0.5350 -0.1247
vn 0.9908 -0.1136 -0.0734
vn 0.8308 -0.5403 -0.1337
vn 0.9315 0.3289 0.1557
vn 0.9536 0.2761 -0.1203
vn -0.9375 0.3246 0.1253
vn -0.9952 -0.0655 0.0732
vn -0.9376 0.3252 0.1226
vn -0.9380 0.3267 0.1160
vn -0.8879 -0.4598 -0.0166
vn -0.8884 -0.4587 -0.0175
vn -0.9059 -0.4211 -0.0454
vn 0.1803 0.3211 0.9297
vn -0.7726 0.1891 0.6060
vn -0.8048 -0.3918 0.4458
vn -0.1717 0.1707 0.9702
vn -0.8949 -0.4353 -0.0982
vn -0.9976 0.0117 -0.0681
vn -0.8989 -0.4289 -0.0896
vn -0.9102 0.3891 -0.1418
vn -0.8797 0.4575 0.1299
vn 0.9733 0.2089 0.0957
vn 0.9786 -0.1895 0.0804
vn 0.9728 0.2079 0.1024
vn 0.9726 0.2075 0.1051
vn 0.8430 -0.5377 -0.0135
vn 0.8203 -0.5717 0.0178
vn 0.8210 -0.5707 0.0169
vn -0.1311 0.4054 0.9047
vn -0.7194 -0.1440 0.6795
vn -0.7061 -0.3588 0.6106
vn -0.7175 -0.1505 0.6801
vn 0.6582 -0.7187 0.2242
vn 0.6598 -0.7122 0.2398
vn 0.6598 -0.7121 0.2398
vn 0.8645 -0.2763 0.4199
vn 0.9003 0.0714 0.4293
vn 0.8973 -0.0372 0.4398
vn 0.8916 0.0694 0.4475
vn 0.8936 -0.0298 0.4479
vn -0.8207 0.3825 -0.4244
vn -0.8060 0.3443 -0.4815
vn -0.7901 0.3097 -0.5290
vn -0.7738 0.2787 -0.5688
vn -0.7655 -0.4913 -0.4154
vn -0.7662 -0.5031 -0.3998
vn -0.7661 -0.5005 -0.4033
vn -0.7665 -0.5141 -0.3849
vn -0.8650 0.3496 -0.3599
vn -0.7652 0.4567 -0.4537
vn -0.7937 0.4299 -0.4303
vn -0.6776 0.5264 -0.5136
vn -0.6873 0.1594 0.7087
vn -0.6879 0.1418 0.7118
vn -0.6334 0.3286 0.7006
vn 0.8782 0.1535 0.4530
vn 0.7301 0.0429 -0.6820
vn 0.0651 0.9946 -0.0805
vn -0.6655 0.1299 -0.7350
vn -0.7112 0.2457 0.6587
vn -0.8876 -0.2377 0.3947
vn 0.8188 -0.3441 0.4595
vn 0.6844 0.1586 0.7117
vn 0.3522 -0.2784 0.8936
vn 0.3852 -0.9185 0.0889
vn 0.3652 -0.8729 -0.3234
vn -0.4452 -0.8224 -0.3542
vn -0.5028 -0.8556 0.1231
vn -0.0728 -0.8541 0.5150
vn -0.4717 -0.7552 0.4552
vn 0.3387 -0.8057 0.4860
vn 0.7283 -0.1025 -0.6775
vn -0.6821 -0.0145 -0.7311
vn -0.9973 0.0622 -0.0379
vn -0.7283 0.1025 0.6775
vn 0.6821 0.0145 0.7311
vn 0.6929 -0.2429 0.6789
vn 0.6543 -0.4479 0.6093
vn 0.6957 -0.2367 0.6783
vn -0.8924 -0.1612 0.4214
vn -0.7466 -0.6200 0.2410
vn -0.7466 -0.6200 0.2411
vn -0.7459 -0.6268 0.2254
vn -0.8891 0.0870 0.4494
vn -0.8937 0.0801 0.4413
vn -0.8741 0.1851 0.4491
vn -0.8825 0.1882 0.4309
vn 0.8026 0.1754 -0.5702
vn 0.8432 0.2362 -0.4830
vn 0.8228 0.2041 -0.5304
vn 0.8628 0.2723 -0.4259
vn 0.6922 -0.6097 -0.3862
vn 0.6933 -0.5987 -0.4011
vn 0.6935 -0.5961 -0.4046
vn 0.6942 -0.5869 -0.4167
vn 0.7396 0.4335 -0.5148
vn 0.8175 0.3531 -0.4551
vn 0.8423 0.3227 -0.4318
vn 0.9026 0.2338 -0.3615
vn 0.7018 0.0508 0.7106
vn 0.7034 0.0683 0.7075
vn 0.6721 0.2431 0.6995
vn -0.8499 0.2667 0.4545
vn 0.8756 -0.4152 -0.2468
vn 0.8890 -0.0111 -0.4578
vn 0.6934 -0.6052 -0.3911
vn 0.5479 -0.2715 -0.7912
vn 0.3323 -0.5786 -0.7449
vn 0.2638 -0.7754 -0.5737
vn 0.7134 0.6943 0.0950
vn 0.6828 0.6867 -0.2495
vn 0.9506 0.3078 -0.0405
vn 0.9242 0.3222 -0.2051
vn 0.9904 0.1229 -0.0635
vn 0.9664 0.1536 -0.2060
vn 0.6897 0.7240 -0.0089
vn 0.1844 0.9409 0.2840
vn 0.1267 0.9378 0.3232
vn 0.9293 0.3246 -0.1763
vn 0.9686 0.0660 -0.2397
vn 0.8039 -0.4656 -0.3700
vn 0.6444 -0.6387 -0.4205
vn 0.2928 -0.8478 -0.4421
vn 0.1051 0.9301 -0.3518
vn -0.6189 -0.2178 -0.7546
vn -0.8235 -0.5642 -0.0600
vn -0.4521 -0.5106 -0.7314
vn -0.5227 -0.7577 -0.3907
vn -0.4297 0.7799 0.4552
vn -0.7300 0.4873 0.4792
vn -0.5800 0.8000 -0.1537
vn -0.8787 0.4773 0.0039
vn -0.8180 0.3428 0.4619
vn -0.9348 0.3551 -0.0102
vn -0.8985 -0.3404 0.2771
vn -0.9832 -0.1006 -0.1520
vn -0.4111 0.7584 0.5057
vn -0.6704 0.4851 0.5615
vn -0.7480 0.3480 0.5651
vn -0.8740 -0.3779 0.3056
vn -0.8275 -0.5365 0.1657
vn -0.5407 -0.8300 -0.1373
vn 0.0301 0.4365 0.8992
vn 0.0261 0.3811 0.9242
vn -0.1189 0.4531 0.8835
vn 0.2363 0.4805 0.8446
vn 0.1660 0.6291 0.7594
vn 0.5253 0.3226 0.7874
vn 0.3276 0.3075 0.8934
vn -0.0545 0.1532 0.9867
vn -0.1800 -0.0223 0.9834
vn -0.2240 0.3935 0.8916
vn 0.7835 -0.0852 0.6155
vn 0.6575 0.5694 0.4934
vn 0.6432 -0.1348 0.7538
vn 0.0767 0.6658 0.7422
vn 0.4539 0.1107 0.8842
vn 0.1343 -0.1918 0.9722
vn 0.3915 -0.2979 0.8706
vn 0.4500 0.3542 0.8198
vn 0.8256 0.0931 0.5565
vn 0.8659 -0.1102 0.4880
vn 0.0617 -0.8971 -0.4375
vn 0.2422 -0.8936 -0.3779
vn 0.8036 -0.4727 0.3616
vn -0.3902 -0.5482 0.7397
vn -0.4599 -0.8794 0.1231
vn -0.1315 -0.9810 0.1428
vn 0.5492 -0.7118 -0.4378
vn 0.6528 -0.2276 0.7225
vn 0.4388 0.4555 0.7745
vn 0.7835 -0.4829 0.3910
vn -0.1570 0.4191 0.8943
vn 0.2357 -0.0172 0.9717
vn 0.8904 0.1279 0.4368
vn 0.8629 -0.0327 0.5043
vn -0.8164 -0.5006 0.2877
vn -0.7542 0.3112 0.5783
vn 0.0356 -0.9981 0.0504
vn 0.5523 0.1018 0.8274
vn 0.1098 0.7825 0.6129
vn 0.9812 -0.0372 0.1896
vn 0.8891 0.4564 0.0332
vn 0.8503 0.5196 -0.0843
vn 0.4360 0.8917 -0.1219
vn 0.7569 0.6534 -0.0125
vn 0.4586 0.8782 0.1356
vn 0.7904 0.5975 0.1353
vn 0.9670 -0.1106 -0.2293
vn 0.8871 0.4495 0.1050
vn 0.9323 -0.3287 -0.1510
vn 0.0285 0.4207 0.9067
vn 0.0157 0.2067 0.9783
vn 0.8149 0.5670 0.1199
vn 0.7168 0.6864 0.1229
vn 0.8535 0.5211 -0.0009
vn 0.9158 -0.1968 -0.3500
vn 0.9250 -0.0121 -0.3798
vn 0.4854 0.5904 0.6449
vn 0.0243 0.4000 0.9162
vn 0.8434 0.1738 -0.5085
vn 0.6647 0.4410 -0.6031
vn 0.3021 -0.0536 -0.9518
vn 0.4791 0.0551 -0.8760
vn 0.1985 -0.1505 -0.9685
vn 0.8098 0.2563 -0.5278
vn 0.0476 0.7135 0.6990
vn 0.2238 0.8847 0.4089
vn 0.0644 0.9732 0.2208
vn 0.0538 0.7752 0.6294
vn -0.2442 0.8267 0.5069
vn 0.4900 0.8215 -0.2916
vn 0.0633 0.9631 -0.2616
vn 0.0718 0.0580 0.9957
vn 0.0376 0.0021 0.9993
vn 0.7329 0.4753 -0.4868
vn 0.5458 0.6051 -0.5796
vn -0.2793 0.8877 0.3661
vn 0.9742 0.2187 0.0552
vn 0.2088 -0.9584 0.1946
vn -0.4627 -0.8498 0.2524
vn 0.3772 -0.8966 0.2319
vn 0.6970 0.6191 -0.3619
vn 0.7556 0.6446 -0.1161
vn 0.0454 0.7406 -0.6705
vn 0.8329 0.5342 0.1447
vn 0.1800 0.4317 0.8839
vn -0.1697 0.5070 0.8451
vn -0.2606 0.3724 0.8908
vn 0.1697 -0.0268 0.9851
vn 0.2669 0.4089 0.8727
vn 0.0622 -0.0224 0.9978
vn -0.7821 0.0240 0.6226
vn -0.5973 0.0067 0.8020
vn -0.5610 0.6498 0.5128
vn 0.0791 0.6782 0.7306
vn -0.2964 -0.9295 -0.2196
vn -0.1811 -0.8834 -0.4323
vn 0.3408 -0.5617 0.7539
vn -0.0002 -0.9904 0.1379
vn -0.6504 -0.6379 -0.4125
vn -0.8458 0.0446 0.5316
vn 0.6371 -0.7703 0.0273
vn 0.8819 -0.2357 0.4084
vn -0.8373 -0.1293 0.5312
vn -0.3785 0.4923 0.7838
vn -0.8792 -0.4296 0.2058
vn 0.2450 0.3991 0.8836
vn -0.2203 -0.0086 0.9754
vn -0.0808 0.6456 0.7594
vn -0.0003 0.7962 0.6051
vn -0.3669 -0.0099 0.9302
vn 0.8167 0.2256 0.5312
vn -0.7347 0.2128 0.6441
vn -0.4778 0.3890 0.7876
vn -0.1390 0.5025 0.8534
vn -0.3219 0.6736 0.6653
vn -0.1665 -0.9847 0.0519
vn -0.0992 0.9062 0.4110
vn -0.8098 0.1893 0.5553
vn -0.8694 0.2342 0.4350
vn -0.8709 0.0026 0.4915
vn -0.8282 0.5547 0.0799
vn -0.0592 0.9906 0.1234
vn -0.7684 0.6329 -0.0947
vn -0.8207 0.5613 0.1063
vn -0.9773 0.0910 0.1916
vn -0.9738 0.0173 -0.2268
vn -0.9679 -0.2051 -0.1453
vn -0.5997 -0.0308 0.7997
vn -0.7506 0.6518 0.1090
vn -0.7001 0.7011 0.1353
vn -0.6426 0.7578 0.1134
vn -0.7787 0.6273 0.0039
vn -0.1931 0.2314 0.9535
vn -0.9356 -0.0744 -0.3450
vn -0.9198 0.1105 -0.3764
vn -0.7642 0.3616 -0.5340
vn -0.7139 0.5026 -0.4876
vn -0.3183 -0.0154 -0.9479
vn -0.2211 -0.1238 -0.9674
vn -0.3590 0.1900 -0.9138
vn -0.7566 0.0799 -0.6489
vn -0.3215 0.9364 0.1405
vn 0.3210 0.7913 0.5204
vn -0.3734 0.8796 -0.2947
vn -0.0623 0.0662 0.9959
vn -0.6759 0.5601 -0.4790
vn -0.4604 0.6667 -0.5861
vn 0.6323 0.7313 0.2558
vn -0.9075 0.4107 0.0883
vn -0.6691 0.7430 -0.0158
vn -0.6015 0.6994 -0.3860
vn -0.6718 0.7290 -0.1313
vn -0.7582 0.6338 0.1528
vn -0.5202 -0.3299 0.7878
vn 0.5861 0.8000 0.1283
vn -0.4853 0.8649 0.1285
vn 0.0223 0.3661 0.9303
vn -0.8469 -0.0271 0.5310
vn -0.8376 0.1295 -0.5308
vn 0.0375 0.6225 -0.7817
vn 0.8469 0.0271 -0.5310
vn 0.8376 -0.1295 0.5308
vn -0.0375 -0.6225 0.7817
vn 0.6564 0.7223 0.2178
vn 0.0519 0.9973 -0.0527
vn 0.4282 0.9018 -0.0586
vn -0.5861 -0.8000 -0.1283
vn -0.0223 -0.3661 -0.9303
vn 0.4853 -0.8649 -0.1285
vn 0.0222 0.3661 0.9303
vn -0.8469 -0.0272 0.5310
vn -0.8692 -0.3186 0.3782
vn -0.8797 -0.3061 0.3638
vn -0.0204 -0.7164 0.6974
vn -0.0207 -0.7161 0.6977
vn -0.8572 0.3927 -0.3332
vn -0.8509 0.3971 -0.3439
vn 0.0268 0.7084 -0.7053
vn 0.0257 0.7072 -0.7065
vn 0.8776 0.3075 -0.3677
vn 0.8736 0.3145 -0.3714
vn 0.8425 -0.4105 0.3487
vn 0.8588 -0.3904 0.3316
vn 0.4258 0.9031 -0.0565
vn 0.1357 -0.9894 -0.0520
vn 0.8502 0.3379 -0.4038
vn 0.0254 0.7041 -0.7097
vn 0.5963 -0.3113 -0.7399
vn -0.0212 0.0354 -0.9991
vn 0.7725 0.4565 0.4415
vn 0.6563 0.2454 0.7135
vn 0.8301 -0.4179 0.3693
vn 0.7002 -0.5362 -0.4714
vn 0.5712 -0.7844 -0.2417
vn 0.4098 -0.0443 0.9111
vn 0.0190 -0.0270 0.9995
vn -0.0284 -0.7003 0.7132
vn 0.3405 -0.9391 0.0463
vn -0.0536 -0.9970 0.0566
vn -0.3737 -0.0018 0.9276
vn -0.5971 0.3094 0.7401
vn -0.8600 -0.3254 0.3930
vn -0.4365 -0.8976 0.0608
vn -0.6591 -0.7193 -0.2195
vn -0.7042 0.5328 0.4693
vn -0.5661 0.7885 0.2405
vn -0.8322 0.4186 -0.3637
vn -0.7692 -0.4602 -0.4434
vn -0.6568 -0.2476 -0.7122
vn -0.4108 0.0549 -0.9101
vn -0.4083 0.0524 -0.9114
vn 0.4005 -0.8775 0.2639
vn 0.7284 -0.6622 0.1758
vn -0.5619 -0.7913 0.2409
vn -0.6176 -0.7519 0.2307
vn -0.8081 -0.5608 0.1801
vn -0.7857 -0.5992 0.1539
vn 0.2541 -0.9459 0.2015
vn -0.2973 -0.9149 0.2732
vn 0.9187 -0.3069 -0.2485
vn 0.8324 -0.5506 0.0634
vn 0.4334 -0.8554 0.2836
vn 0.7137 0.4010 -0.5743
vn 0.8663 0.4757 -0.1522
vn 0.2676 0.7465 -0.6092
vn 0.2841 0.9469 -0.1504
vn 0.0866 0.8399 -0.5358
vn 0.0690 0.9871 -0.1446
vn -0.1658 0.7867 -0.5947
vn -0.1585 0.9778 -0.1370
vn -0.6655 0.4971 -0.5568
vn -0.7978 0.5898 -0.1255
vn -0.9491 -0.2309 -0.2141
vn -0.8509 -0.5251 0.0175
vn -0.5641 -0.8125 0.1469
vn -0.4980 0.1217 -0.8586
vn -0.1166 0.2974 -0.9476
vn -0.1780 0.2464 0.9527
vn -0.2462 0.3192 0.9151
vn -0.2648 0.3515 0.8980
vn -0.0060 0.0554 0.9984
vn -0.2551 0.3208 0.9121
vn -0.2408 0.2995 0.9232
vn -0.3685 0.2578 0.8932
vn 0.0343 0.4587 0.8879
vn 0.0344 0.4593 0.8876
vn 0.0297 0.3997 0.9162
vn 0.0843 0.0562 0.9949
vn 0.1334 0.0641 0.9890
vn 0.2084 0.0897 0.9739
vn 0.2047 0.3172 0.9260
vn 0.0278 0.0386 0.9989
vn 0.1933 0.0976 0.9763
vn 0.4397 0.1574 0.8843
vn 0.4652 0.1732 0.8681
vn 0.4289 0.1787 0.8855
vn 0.4425 0.3496 0.8258
vn 0.5512 0.2275 0.8028
vn 0.3740 0.4432 0.8146
vn 0.1746 0.4627 0.8691
vn 0.2150 0.4321 0.8758
vn 0.0342 0.5190 0.8541
vn -0.1542 0.4547 0.8772
vn -0.1119 0.4823 0.8688
vn -0.3831 0.3986 0.8333
vn -0.3053 0.4820 0.8212
vn -0.5076 0.2942 0.8098
vn 0.7014 -0.6968 0.1502
vn -0.4356 0.2316 0.8698
vn -0.4005 0.2327 0.8863
vn -0.1772 0.1216 0.9766
vn -0.4140 0.2132 0.8850
vn -0.1222 0.0811 0.9892
vn -0.0175 0.0743 0.9971
vn -0.0207 0.0415 0.9989
vn -0.1607 0.3475 0.9238
vn -0.1937 0.1177 0.9740
vn -0.1680 0.0527 0.9844
vn 0.0370 0.4929 0.8693
vn 0.4759 0.1840 0.8600
vn 0.3065 0.2881 0.9072
vn 0.2983 0.2444 0.9226
vn 0.2883 0.2589 0.9219
vn 0.2292 0.2562 0.9391
vn 0.2504 0.3194 0.9139
vn 0.2572 0.4839 0.8365
vn 0.5273 0.0594 -0.8476
vn 0.2494 0.3082 -0.9180
vn 0.1268 0.5204 -0.8445
vn 0.3847 -0.1245 -0.9146
vn -0.0027 -0.0277 -0.9996
vn -0.3089 -0.0054 -0.9511
vn -0.3075 -0.0245 -0.9512
vn -0.3972 -0.0784 -0.9144
vn 0.6387 -0.5477 -0.5405
vn 0.5994 -0.3667 -0.7115
vn 0.6668 -0.5287 -0.5252
vn -0.6356 -0.2754 -0.7212
vn -0.6385 -0.2875 -0.7139
vn -0.7266 -0.4431 -0.5251
vn 0.4648 -0.1898 -0.8648
vn -0.0380 -0.8750 -0.4825
vn -0.2888 -0.7630 -0.5783
vn -0.0061 -0.8657 -0.5005
vn -0.3651 -0.6804 -0.6354
vn 0.1364 -0.7847 -0.6047
vn 0.0836 -0.8711 -0.4840
vn -0.4662 -0.6013 -0.6489
vn -0.4594 -0.6147 -0.6411
vn 0.3878 -0.6568 -0.6467
vn 0.3933 -0.6487 -0.6515
vn 0.3799 -0.6681 -0.6397
vn 0.3294 0.2246 0.9171
vn 0.1868 0.5734 0.7977
vn 0.3322 0.2872 0.8984
vn 0.1713 0.8016 0.5728
vn 0.1256 0.8332 0.5385
vn 0.2146 0.8179 0.5339
vn 0.3396 0.5786 0.7416
vn 0.3206 0.5892 0.7416
vn 0.2627 0.4514 0.8528
vn -0.2797 0.5430 -0.7917
vn -0.2594 0.1824 -0.9484
vn -0.2935 0.5578 -0.7763
vn 0.0014 -0.0510 -0.9987
vn -0.2713 -0.1624 -0.9487
vn -0.2258 -0.3158 -0.9216
vn 0.0052 0.9797 -0.2006
vn 0.1188 0.9927 0.0194
vn -0.0855 0.9893 -0.1184
vn 0.9213 -0.2802 -0.2698
vn 0.5579 -0.5930 -0.5806
vn 0.7321 -0.0185 -0.6810
vn 0.1625 -0.7218 -0.6727
vn 0.4100 -0.6913 -0.5950
vn 0.2908 -0.7439 -0.6017
vn 0.7886 -0.4498 0.4193
vn 0.7689 0.1934 -0.6094
vn 0.7429 -0.5690 -0.3526
vn 0.3449 -0.4812 -0.8059
vn -0.2152 -0.3150 -0.9244
vn 0.7459 -0.3075 0.5908
vn 0.8931 -0.4023 0.2014
vn 0.9029 -0.2100 -0.3752
vn 0.7588 -0.6338 -0.1498
vn -0.2687 0.2098 -0.9401
vn -0.1923 0.6040 -0.7734
vn -0.1830 0.6034 -0.7762
vn -0.2147 -0.0462 -0.9756
vn 0.0791 0.8778 0.4725
vn -0.0005 0.9998 -0.0186
vn -0.5711 0.7402 0.3550
vn -0.3825 -0.3877 -0.8387
vn 0.7952 -0.4202 -0.4372
vn 0.5169 -0.5869 -0.6232
vn 0.8535 -0.4977 -0.1541
vn 0.8299 -0.4678 0.3040
vn 0.9743 -0.2211 0.0418
vn -0.2300 0.0321 -0.9727
vn 0.8500 -0.2770 0.4481
vn 0.9394 -0.1159 -0.3226
vn 0.9634 -0.1163 -0.2417
vn 0.9329 -0.0509 -0.3565
vn 0.9771 -0.0093 -0.2124
vn 0.3916 0.7077 0.5881
vn 0.8177 0.4526 0.3556
vn 0.2172 0.9704 0.1052
vn 0.8839 -0.2465 -0.3975
vn 0.9944 -0.0353 -0.0994
vn 0.2690 0.5814 0.7679
vn 0.2934 0.2472 0.9235
vn 0.2892 0.2499 0.9241
vn -0.0317 0.1295 0.9911
vn 0.4195 0.1133 0.9007
vn 0.6801 -0.1401 0.7196
vn -0.0435 0.9950 -0.0896
vn 0.1799 -0.3412 0.9226
vn 0.4341 0.4302 0.7915
vn 0.2781 0.5118 0.8129
vn 0.0626 0.8662 0.4957
vn 0.0238 -0.9787 0.2041
vn 0.6623 -0.6361 0.3959
vn 0.1883 -0.6362 0.7482
vn -0.8030 -0.1321 -0.5812
vn -0.1995 -0.7586 -0.6203
vn -0.7175 -0.1250 -0.6852
vn -0.2922 -0.0209 -0.9561
vn -0.2879 -0.0020 -0.9577
vn 0.2304 0.5184 -0.8235
vn 0.5233 0.3644 -0.7703
vn 0.6935 0.2493 -0.6759
vn 0.5057 -0.8549 -0.1157
vn 0.8740 -0.4564 -0.1666
vn 0.1467 -0.8853 -0.4413
vn 0.7792 0.3417 -0.5255
vn -0.1722 0.6658 -0.7260
vn -0.0961 0.6803 -0.7266
vn -0.5467 0.4582 0.7008
vn 0.3316 0.7150 0.6155
vn 0.4273 0.4056 0.8080
vn 0.9728 -0.0088 0.2316
vn 0.1180 0.5722 0.8116
vn 0.4266 -0.0756 0.9013
vn 0.3186 0.0866 0.9439
vn 0.0605 -0.7848 -0.6168
vn 0.2441 -0.7597 -0.6027
vn -0.2532 0.5701 -0.7815
vn 0.5374 -0.3604 0.7625
vn 0.6981 -0.3409 0.6297
vn 0.6312 -0.2177 0.7444
vn 0.4707 -0.1494 0.8695
vn 0.6921 -0.3887 0.6083
vn 0.5884 0.0805 -0.8046
vn 0.5788 0.2321 -0.7817
vn 0.5394 -0.0034 -0.8420
vn -0.0512 -0.1117 -0.9924
vn 0.1711 0.9736 0.1514
vn 0.1711 0.9736 0.1513
vn 0.1621 0.9746 0.1543
vn 0.9839 0.1597 0.0801
vn 0.7137 -0.3958 0.5778
vn 0.4926 -0.1005 0.8644
vn 0.6628 0.6046 -0.4417
vn 0.6117 0.2514 -0.7501
vn 0.9502 0.2751 0.1465
vn 0.9273 -0.2104 -0.3097
vn 0.0600 -0.8045 0.5909
vn 0.5458 -0.3529 0.7600
vn 0.2335 -0.9345 0.2687
vn 0.3894 -0.1781 0.9037
vn 0.9171 0.3129 0.2470
vn -0.6935 -0.4324 0.5763
vn -0.5060 -0.6869 0.5218
vn -0.9327 -0.2373 -0.2717
vn -0.9595 -0.0368 0.2794
vn -0.9791 -0.0947 -0.1799
vn -0.7782 0.0058 -0.6280
vn -0.8399 0.0468 -0.5408
vn 0.5694 0.4030 -0.7165
vn 0.9873 -0.1583 -0.0154
vn 0.5501 -0.1212 -0.8262
vn 0.2010 0.5834 -0.7870
vn 0.1395 0.3238 -0.9358
vn 0.2178 -0.0733 -0.9732
vn 0.4161 -0.6685 0.6164
vn -0.4911 -0.7281 0.4783
vn -0.8759 -0.3430 -0.3394
vn -0.7115 -0.1912 -0.6762
vn 0.9720 0.0169 0.2345
vn 0.3390 0.5303 0.7771
vn 0.9113 0.0986 0.3998
vn 0.7001 0.3576 0.6180
vn -0.1465 -0.4379 0.8870
vn 0.9779 0.2090 0.0041
vn 0.6565 0.7234 0.2138
vn 0.9840 0.0304 -0.1757
vn 0.7727 -0.4887 -0.4050
vn 0.6696 -0.3626 -0.6482
vn 0.7606 -0.0289 -0.6485
vn -0.1971 -0.6090 -0.7683
vn -0.6320 -0.5047 -0.5881
vn -0.9951 0.0105 -0.0980
vn -0.3377 -0.6757 -0.6553
vn 0.3550 -0.6443 -0.6774
vn 0.1798 -0.6482 -0.7399
vn 0.6168 0.1168 -0.7784
vn 0.1718 -0.6832 -0.7098
vn -0.2199 -0.7450 0.6298
vn -0.2722 -0.7149 0.6441
vn -0.2204 -0.7449 0.6297
vn -0.9977 0.0335 0.0581
vn -0.7295 -0.4373 -0.5259
vn -0.7384 -0.5124 -0.4383
vn -0.9784 0.1560 -0.1359
vn -0.9937 -0.1118 0.0102
vn -0.8291 0.0056 -0.5590
vn -0.9323 0.0909 -0.3501
vn -0.2186 -0.7453 0.6299
vn -0.8395 0.3546 0.4116
vn -0.7898 0.3516 0.5025
vn -0.5272 0.5421 0.6544
vn -0.6389 0.7494 0.1739
vn -0.8693 -0.3000 0.3927
vn -0.2872 0.7867 0.5465
vn 0.1021 -0.9164 -0.3869
vn 0.0396 -0.9478 0.3165
vn -0.0889 -0.8492 0.5206
vn 0.7819 -0.4675 0.4124
vn 0.7498 -0.6500 0.1233
vn 0.6068 0.2038 -0.7683
vn -0.8334 0.1833 -0.5214
vn -0.3242 -0.6866 0.6507
vn -0.3544 -0.6758 0.6463
vn -0.3443 -0.6784 0.6490
vn 0.8980 -0.4083 -0.1642
vn 0.7495 -0.5032 -0.4302
vn -0.3403 -0.6852 0.6440
vn 0.5877 -0.6177 -0.5226
vn -0.0736 0.5274 0.8464
vn -0.2970 0.6690 0.6814
vn -0.8001 -0.4454 -0.4017
vn -0.5808 -0.7863 0.2106
vn -0.9098 -0.3127 -0.2730
vn -0.6181 -0.5819 0.5285
vn -0.6618 -0.3062 -0.6843
vn 0.1459 0.7208 0.6776
vn 0.1480 0.7179 0.6803
vn 0.2521 0.7019 0.6662
vn 0.1197 0.2664 -0.9564
vn -0.7200 -0.2177 -0.6590
vn -0.8484 -0.0119 -0.5292
vn 0.7617 0.4695 -0.4465
vn 0.5784 0.7962 -0.1777
vn -0.4066 0.6574 -0.6345
vn -0.0458 0.8370 -0.5453
vn -0.2659 0.4101 -0.8724
vn 0.1475 0.4892 -0.8596
vn 0.1207 0.2707 0.9551
vn -0.9295 0.2827 0.2370
vn -0.9971 0.0581 0.0500
vn -0.7814 0.1681 0.6010
vn -0.9397 -0.0972 0.3279
vn -0.3690 -0.1017 0.9239
vn -0.7988 0.6016 0.0068
vn -0.8950 0.3895 -0.2175
vn -0.1337 0.9283 0.3469
vn -0.3441 0.8958 -0.2814
vn -0.0528 0.7574 0.6508
vn -0.5453 0.6448 0.5355
vn -0.3707 0.3910 0.8424
vn -0.3486 0.9030 0.2511
vn -0.9489 -0.0163 0.3151
vn -0.9546 0.0684 0.2900
vn -0.9474 -0.0717 0.3119
vn -0.9477 -0.0616 0.3131
vn -0.9390 -0.0813 0.3343
vn -0.9679 -0.0586 0.2445
vn -0.9658 -0.0398 0.2563
vn -0.9342 -0.0192 0.3562
vn -0.9415 -0.0215 0.3363
vn -0.9607 -0.0285 0.2762
vn 0.1043 0.9364 0.3351
vn 0.0441 0.9323 0.3590
vn 0.0676 0.9245 0.3751
vn 0.0731 0.9226 0.3788
vn 0.1580 0.9344 0.3191
vn 0.1147 -0.8723 -0.4754
vn -0.1485 -0.9254 -0.3486
vn 0.1214 -0.7111 -0.6925
vn -0.8087 -0.5519 -0.2036
vn 0.4517 -0.0819 -0.8884
vn -0.3254 0.0404 -0.9447
vn -0.9875 0.1576 0.0041
vn 0.2534 0.7029 0.6646
vn -0.9643 0.0445 0.2609
vn -0.9643 0.0424 0.2614
vn 0.8442 -0.1395 -0.5175
vn 0.8435 -0.1750 -0.5079
vn 0.8309 -0.0502 -0.5542
vn 0.8378 -0.0256 -0.5454
vn 0.8063 -0.3069 -0.5056
vn 0.8130 -0.3161 -0.4890
vn 0.7990 -0.4168 -0.4335
vn 0.7999 -0.4105 -0.4377
vn 0.8246 -0.4743 -0.3082
vn 0.8241 -0.4548 -0.3377
vn 0.7796 -0.5796 -0.2372
vn 0.7955 -0.5568 -0.2391
vn 0.4695 0.3421 -0.8140
vn 0.4477 0.4979 -0.7427
vn 0.1474 0.8994 0.4115
vn 0.2526 0.7963 0.5497
vn 0.3040 0.7996 0.5179
vn 0.2311 0.8398 -0.4912
vn 0.3104 0.8739 0.3741
vn 0.4259 0.3010 -0.8533
vn 0.1680 0.6947 -0.6994
vn 0.9403 -0.1248 -0.3167
vn 0.9362 -0.1376 -0.3234
vn 0.9164 -0.3649 0.1647
vn 0.8773 -0.4209 0.2307
vn 0.9008 -0.3348 -0.2765
vn 0.8943 -0.3250 -0.3076
vn 0.9367 -0.3498 -0.0161
vn 0.9853 -0.1708 0.0046
vn 0.9145 0.3994 0.0651
vn 0.2956 0.7407 0.6033
vn 0.9345 -0.3183 0.1591
vn 0.7526 -0.6486 0.1135
vn 0.5503 -0.5729 -0.6074
vn -0.5017 -0.0968 -0.8596
vn -0.5348 0.0066 -0.8450
vn -0.2163 -0.8130 -0.5406
vn 0.2272 -0.7570 -0.6127
vn -0.5318 0.6917 -0.4886
vn -0.0407 0.9709 -0.2359
vn -0.0588 0.9920 -0.1116
vn 0.2182 0.9540 0.2058
vn 0.2698 0.7950 0.5432
vn 0.2122 0.5960 0.7744
vn 0.2129 0.5964 0.7739
vn 0.1958 0.5882 0.7847
vn -0.1173 0.5448 -0.8303
vn -0.2825 0.1841 -0.9414
vn -0.1297 0.5376 -0.8331
vn -0.3528 -0.2975 -0.8871
vn -0.8282 -0.2225 -0.5143
vn 0.1265 0.9751 -0.1820
vn -0.9990 -0.0421 -0.0132
vn -0.8461 -0.5143 -0.1402
vn -0.9498 -0.1631 0.2669
vn -0.5911 -0.6715 -0.4468
vn -0.7499 -0.6121 -0.2511
vn -0.7688 -0.4366 -0.4672
vn -0.9043 0.2806 0.3217
vn -0.4373 -0.2206 0.8719
vn -0.2784 -0.6993 0.6584
vn -0.6775 -0.6802 -0.2799
vn -0.8234 -0.3270 -0.4638
vn -0.7426 -0.4741 0.4732
vn -0.8532 -0.4917 0.1739
vn -0.8948 -0.3427 0.2860
vn -0.1728 0.5755 -0.7993
vn -0.3675 -0.0401 -0.9292
vn 0.2586 0.9509 0.1701
vn 0.1099 0.9926 -0.0523
vn 0.3017 0.8618 0.4078
vn -0.9486 -0.3038 0.0891
vn -0.8408 -0.4963 -0.2161
vn -0.1096 -0.6633 -0.7403
vn -0.8365 -0.0638 0.5442
vn -0.8503 -0.3875 0.3562
vn -0.6173 -0.3416 0.7087
vn -0.5087 -0.5855 0.6312
vn -0.8746 -0.3349 0.3506
vn -0.5534 -0.8298 0.0714
vn -0.4307 -0.5639 0.7047
vn -0.5492 -0.1467 0.8227
vn -0.9428 0.0247 0.3325
vn -0.9633 0.0287 0.2668
vn -0.9752 0.0947 0.2001
vn -0.9332 0.1116 0.3415
vn -0.9585 -0.0637 0.2779
vn -0.9826 0.0281 0.1836
vn -0.9780 0.1577 0.1368
vn 0.4030 0.2490 0.8807
vn 0.2975 0.2493 0.9216
vn 0.5851 0.0884 0.8061
vn 0.1602 0.1306 0.9784
vn -0.1856 -0.0824 0.9792
vn -0.2766 0.2747 0.9209
vn 0.2118 -0.0829 -0.9738
vn 0.4056 -0.4445 -0.7987
vn 0.2936 -0.0949 -0.9512
vn -0.8762 0.4761 -0.0749
vn -0.5723 0.6074 -0.5509
vn 0.1341 -0.8871 -0.4416
vn -0.8330 0.5332 0.1478
vn 0.8921 0.3624 0.2697
vn 0.3511 0.5563 0.7532
vn 0.3472 0.3110 0.8847
vn 0.2424 0.1957 0.9502
vn 0.2545 0.2959 0.9207
vn 0.2657 0.0900 0.9598
vn -0.8935 -0.4189 -0.1620
vn -0.8402 -0.2321 -0.4900
vn -0.2590 -0.9650 0.0421
vn -0.2939 -0.3508 0.8892
vn 0.0806 -0.1249 0.9889
vn -0.8424 0.3603 -0.4008
vn -0.8596 0.4887 -0.1492
vn -0.8921 0.0533 -0.4487
vn 0.1532 0.9756 0.1574
vn -0.8275 -0.2731 0.4905
vn 0.7187 -0.2638 -0.6434
vn 0.9228 0.3313 0.1966
vn 0.8176 -0.2425 -0.5222
vn 0.2389 0.4651 0.8524
vn -0.4666 0.7152 0.5203
vn -0.0304 0.1103 0.9934
vn -0.6900 0.3581 0.6290
vn -0.9902 -0.0736 -0.1191
vn -0.6521 0.4825 0.5848
vn -0.9156 0.3913 -0.0930
vn 0.1973 0.2108 0.9574
vn 0.5487 -0.3434 0.7623
vn 0.2478 -0.5888 0.7694
vn -0.5726 0.5607 0.5982
vn 0.3579 0.4022 0.8427
vn 0.8770 -0.3879 0.2835
vn 0.9813 -0.1833 0.0596
vn 0.8759 -0.0620 -0.4785
vn 0.5482 -0.5140 -0.6598
vn 0.6048 -0.3561 -0.7124
vn 0.2338 -0.4034 -0.8846
vn 0.1433 -0.4719 -0.8699
vn -0.9768 0.0617 -0.2050
vn -0.9121 -0.4075 -0.0446
vn -0.6876 0.0785 0.7218
vn -0.7932 -0.1998 -0.5752
vn -0.8063 0.1053 -0.5821
vn -0.7807 -0.5075 -0.3646
vn 0.3164 0.0059 0.9486
vn 0.9126 -0.3424 0.2234
vn 0.4932 -0.6231 -0.6071
vn 0.1105 -0.6404 -0.7601
vn -0.1016 0.5363 0.8379
vn 0.3113 0.6028 0.7346
vn -0.4518 0.3455 0.8225
vn -0.6144 0.2837 0.7362
vn -0.6224 0.2592 0.7385
vn 0.2330 0.5073 0.8297
vn 0.2488 0.6859 0.6838
vn -0.7410 0.4369 0.5100
vn -0.3052 0.7732 0.5560
vn -0.8032 0.2729 0.5295
vn -0.9480 -0.2569 0.1880
vn -0.9890 -0.0914 -0.1160
vn -0.9925 0.1226 -0.0025
vn 0.0334 -0.6589 -0.7514
vn 0.0358 -0.5988 -0.8001
vn -0.2730 -0.7424 -0.6119
vn -0.8178 -0.5214 -0.2434
vn -0.7000 -0.6155 -0.3622
vn -0.9653 0.1069 -0.2381
vn -0.6620 -0.6834 -0.3078
vn 0.3755 -0.7770 0.5052
vn 0.4309 -0.7624 0.4827
vn 0.3751 -0.7770 0.5055
vn 0.6744 -0.2019 -0.7102
vn 0.2026 -0.6957 -0.6891
vn 0.1604 -0.6180 -0.7697
vn 0.7539 -0.3810 -0.5353
vn 0.2294 -0.2167 -0.9489
vn 0.5655 -0.2355 -0.7905
vn 0.3741 -0.7769 0.5065
vn 0.9616 0.2507 0.1119
vn 0.7452 0.1860 -0.6404
vn 0.9065 0.3108 -0.2857
vn 0.7287 -0.1115 -0.6757
vn 0.9279 0.3290 0.1756
vn 0.7550 0.3868 -0.5296
vn 0.9450 -0.2421 -0.2199
vn 0.7381 0.5813 0.3425
vn 0.6842 0.6520 0.3268
vn 0.7860 -0.1375 0.6028
vn 0.5991 -0.3194 0.7342
vn -0.2991 -0.0156 0.9541
vn -0.9754 0.0452 -0.2158
vn 0.2512 -0.0261 -0.9676
vn 0.4980 -0.7472 0.4400
vn 0.5049 -0.7474 0.4318
vn 0.4816 -0.7495 0.4541
vn -0.9479 -0.2772 0.1568
vn -0.8859 -0.1452 0.4405
vn 0.4905 -0.7526 0.4393
vn -0.8713 -0.4534 -0.1876
vn -0.9019 -0.4318 0.0092
vn 0.7806 0.5612 0.2754
vn 0.4220 -0.7304 -0.5371
vn 0.1034 -0.7384 -0.6663
vn 0.7956 0.0782 0.6008
vn -0.7780 -0.2619 -0.5711
vn 0.2625 -0.4476 -0.8549
vn 0.1387 -0.6626 -0.7360
vn -0.7319 0.6737 -0.1022
vn -0.9546 0.2953 0.0385
vn -0.5374 0.3970 -0.7441
vn -0.7915 -0.0210 -0.6108
vn -0.4849 -0.1705 -0.8578
vn -0.2924 0.1338 -0.9469
vn -0.0761 0.9699 0.2315
vn 0.4684 0.7511 0.4653
vn 0.9089 -0.0827 -0.4088
vn -0.9715 -0.0698 0.2265
vn -0.9704 -0.0585 0.2342
vn 0.8923 0.3347 0.3029
vn 0.3966 0.0409 -0.9171
vn 0.4202 0.3529 -0.8360
vn -0.3343 0.9000 -0.2796
vn -0.1673 0.5294 -0.8317
vn 0.2690 0.9613 -0.0597
vn 0.5737 0.7152 -0.3992
vn 0.7144 0.6996 0.0120
vn 0.1817 0.8157 -0.5493
vn 0.9571 -0.0575 -0.2840
vn 0.9573 -0.0592 -0.2831
vn 0.9562 -0.1430 -0.2552
vn 0.9488 -0.1890 -0.2530
vn 0.9466 -0.1974 -0.2548
vn 0.9515 -0.1647 -0.2600
vn 0.9308 -0.1758 -0.3205
vn 0.9335 -0.1668 -0.3175
vn 0.9361 -0.1577 -0.3144
vn 0.9663 -0.1462 -0.2118
vn 0.2602 0.9105 0.3214
vn 0.2628 0.9118 0.3155
vn 0.2114 0.9293 0.3029
vn 0.0135 0.8610 -0.5084
vn -0.2291 0.8276 -0.5124
vn -0.1763 0.8155 -0.5513
vn -0.3599 -0.7190 -0.5945
vn -0.5640 -0.6653 -0.4892
vn -0.8646 -0.0039 -0.5025
vn 0.4904 -0.6385 -0.5931
vn 0.3424 0.6733 0.6553
vn 0.3411 0.6692 0.6601
vn 0.7744 -0.6218 -0.1168
vn 0.9461 -0.0503 -0.3200
vn -0.9894 -0.0073 -0.1447
vn -0.9957 0.0759 -0.0538
vn -0.9879 0.0250 -0.1533
vn -0.9755 -0.2157 -0.0428
vn -0.9773 -0.2070 -0.0446
vn -0.9361 -0.3489 0.0451
vn -0.9337 -0.3542 0.0526
vn -0.9038 -0.3813 0.1943
vn -0.8914 -0.3901 0.2308
vn -0.8488 -0.4332 0.3031
vn -0.8446 -0.4431 0.3005
vn -0.8172 0.4836 -0.3136
vn 0.1273 0.8880 0.4419
vn 0.1527 0.8923 0.4247
vn 0.1888 0.8971 0.3995
vn 0.2084 0.8990 0.3853
vn -0.4317 0.7363 -0.5211
vn -0.8254 0.3043 -0.4756
vn -0.7060 -0.3347 0.6241
vn -0.7577 -0.2821 0.5885
vn -0.9274 0.1588 -0.3387
vn -0.9659 0.1370 0.2196
vn -0.6683 0.6154 -0.4180
vn -0.9435 -0.2206 0.2471
vn -0.7151 0.4247 0.5552
vn -0.8347 -0.0898 0.5434
vn -0.9590 -0.0827 0.2711
vn 0.2055 0.7486 0.6304
vn 0.1084 0.9822 -0.1534
vn 0.0197 0.9667 -0.2553
vn -0.8080 0.1344 0.5737
vn -0.3317 -0.0116 0.9433
vn -0.4799 0.6944 0.5362
vn -0.1286 0.5827 0.8024
vn -0.6054 0.5541 -0.5714
vn -0.3083 0.3477 -0.8855
vn -0.7016 0.3293 -0.6319
vn -0.3372 0.3245 -0.8838
vn -0.9596 0.2727 -0.0688
vn -0.6258 0.7789 0.0405
vn 0.3289 0.5019 0.8000
vn 0.1632 0.9746 0.1536
vn 0.1622 0.9746 0.1543
vn 0.1623 0.9746 0.1541
vn 0.1621 0.9743 0.1567
vn 0.1635 0.9737 0.1583
vn 0.3053 -0.1387 0.9421
vn -0.1591 -0.9766 -0.1446
vn -0.1622 -0.9746 -0.1544
vn -0.1635 -0.9748 -0.1519
vn -0.1604 -0.9742 -0.1587
vn -0.1610 -0.9743 -0.1574
vn -0.1546 -0.9793 -0.1306
vn -0.1588 -0.9737 -0.1631
vn -0.1633 -0.9735 -0.1599
vn 0.9968 -0.0688 -0.0399
vn 0.8324 0.5468 0.0900
vn 0.8230 -0.1415 0.5502
vn 0.6996 0.4896 0.5204
vn 0.2849 0.5554 -0.7813
vn 0.2425 0.3510 -0.9044
vn 0.7677 0.1029 -0.6325
vn 0.6632 0.6337 -0.3981
vn 0.1608 0.9748 0.1544
vn 0.1619 0.9747 0.1542
vn 0.1636 0.9741 0.1562
vn 0.1633 0.9738 0.1584
vn -0.1500 -0.9765 -0.1545
vn -0.1647 -0.9742 -0.1540
vn -0.1687 -0.9736 -0.1538
vn -0.1711 -0.9732 -0.1539
vn -0.8649 -0.3669 0.3426
vn -0.9699 -0.1562 0.1869
vn -0.9912 -0.0995 0.0868
vn -0.6941 -0.4027 0.5967
vn -0.9831 -0.0948 -0.1568
vn -0.8467 0.1180 -0.5188
vn -0.9973 0.0680 0.0270
vn -0.9961 -0.0359 0.0803
vn -0.9589 -0.2668 -0.0962
vn -0.9591 0.2828 -0.0145
vn 0.9965 -0.0525 0.0651
vn 0.8324 0.4579 0.3120
vn 0.9259 -0.0829 0.3686
vn 0.6732 0.7327 -0.0995
vn 0.1205 -0.9100 -0.3967
vn 0.1000 -0.8317 -0.5461
vn 0.5676 -0.7495 -0.3406
vn 0.5851 -0.7735 0.2436
vn -0.4502 -0.0135 -0.8928
vn -0.2471 -0.1043 -0.9634
vn -0.1436 0.1376 -0.9800
vn 0.9123 0.3769 0.1601
vn -0.4241 -0.3264 0.8448
vn -0.4179 -0.3213 0.8498
vn -0.4161 -0.3198 0.8512
vn -0.4091 -0.3141 0.8567
vn 0.2900 0.5606 0.7757
vn 0.2842 0.9566 0.0640
vn -0.4969 0.8148 0.2986
vn -0.3822 0.7210 -0.5780
vn -0.5090 0.7039 0.4955
vn 0.0795 0.7743 -0.6278
vn 0.3886 0.8143 -0.4312
vn 0.4301 0.8636 -0.2630
vn 0.1305 -0.9003 -0.4152
vn -0.1256 -0.8678 0.4808
vn 0.1595 -0.9224 -0.3516
vn 0.1550 -0.9208 -0.3578
vn 0.1620 -0.9281 -0.3352
vn 0.1638 -0.9261 -0.3400
vn -0.0780 0.7808 -0.6199
vn -0.2733 0.1472 -0.9506
vn -0.3076 0.1408 -0.9411
vn -0.3144 0.1395 -0.9390
vn 0.3662 0.3891 -0.8453
vn 0.1944 0.3402 -0.9200
vn 0.4408 0.2695 -0.8562
vn 0.5235 0.2472 -0.8154
vn 0.3932 -0.2372 0.8883
vn -0.3290 -0.3978 0.8565
vn 0.0492 -0.3702 0.9276
vn -0.0463 0.9987 -0.0195
vn -0.2260 0.9670 -0.1179
vn -0.1193 0.9916 -0.0501
vn -0.2418 0.9672 -0.0779
vn 0.5753 0.4212 -0.7012
vn 0.5970 0.4112 -0.6889
vn 0.6061 0.4069 -0.6835
vn -0.7188 -0.4439 0.5350
vn -0.6806 -0.4069 0.6093
vn 0.1145 0.9930 0.0290
vn -0.3063 0.2622 -0.9151
vn -0.3063 0.2621 -0.9151
vn -0.3062 0.2621 -0.9152
vn 0.4084 0.3434 -0.8458
vn 0.2438 0.3479 -0.9053
vn 0.4144 0.3415 -0.8436
vn -0.2232 -0.6897 0.6889
vn 0.1294 -0.9814 -0.1415
vn -0.1816 -0.8310 0.5258
vn 0.0199 -0.3207 0.9470
vn -0.5453 -0.2790 0.7904
vn -0.1746 0.9707 0.1652
vn -0.2490 0.9636 0.0976
vn -0.1971 0.9755 0.0977
vn 0.2989 -0.2098 -0.9309
vn 0.5443 0.3635 -0.7561
vn 0.5552 0.3493 -0.7548
vn 0.1337 -0.9734 -0.1860
vn -0.4457 -0.8029 0.3959
vn -0.6740 -0.3501 0.6505
vn -0.6720 -0.3378 0.6590
vn -0.1283 0.9729 0.1925
vn -0.1335 0.9719 0.1939
vn 0.0320 -0.9975 0.0629
vn 0.2623 -0.9249 0.2752
vn 0.6027 -0.5480 0.5800
vn 0.6223 -0.4903 0.6103
vn 0.1242 -0.9907 -0.0560
vn -0.0761 -0.9964 0.0374
vn -0.9703 0.0821 0.2275
vn -0.3226 0.6167 0.7180
vn 0.0662 0.5740 0.8162
vn -0.0102 0.5272 0.8497
vn -0.3741 -0.4182 -0.8277
vn -0.5378 0.1802 -0.8236
vn -0.0096 0.9580 -0.2866
vn 0.0135 -0.2054 -0.9786
vn 0.0725 -0.9093 -0.4097
vn 0.1095 -0.8917 -0.4392
vn 0.7438 -0.1437 0.6527
vn 0.7162 -0.2468 0.6528
vn 0.5761 -0.5503 0.6043
vn 0.0570 0.9633 0.2623
vn 0.2499 0.6658 0.7030
vn -0.8414 0.1241 -0.5259
vn -0.5194 -0.5600 -0.6454
vn 0.1131 -0.9251 -0.3626
vn 0.7963 0.2712 0.5407
vn 0.7055 -0.6840 -0.1857
vn -0.8430 0.2039 -0.4978
vn -0.9965 -0.0290 0.0784
vn -0.2849 -0.8658 -0.4113
vn -0.4565 -0.8458 -0.2761
vn 0.5706 -0.8195 0.0528
vn 0.1457 0.7442 -0.6519
vn -0.0172 0.6852 -0.7282
vn 0.2406 0.5226 -0.8180
vn 0.4442 0.5446 -0.7114
vn 0.4083 0.7365 -0.5393
vn 0.6639 0.7430 0.0848
vn 0.3432 0.9392 0.0101
vn 0.9342 0.3567 -0.0056
vn 0.9948 0.1005 -0.0146
vn 0.7267 -0.1179 -0.6768
vn 0.7868 -0.3933 -0.4758
vn -0.2792 -0.2442 -0.9287
vn 0.1747 -0.6709 -0.7207
vn -0.3389 -0.5818 -0.7394
vn -0.7674 -0.3277 -0.5511
vn -0.8229 0.0137 -0.5681
vn -0.8469 0.1167 -0.5187
vn -0.7456 0.6477 0.1569
vn -0.5896 0.7952 0.1414
vn -0.0179 0.9978 0.0642
vn 0.2464 -0.9545 0.1678
vn -0.0187 -0.9829 0.1829
vn 0.8888 -0.4250 -0.1716
vn 0.6852 -0.7043 0.1860
vn 0.2648 -0.0661 -0.9620
vn 0.9549 0.2559 -0.1508
vn 0.0349 -0.0141 -0.9993
vn -0.6878 -0.2261 -0.6898
vn -0.8587 0.0289 -0.5117
vn -0.9730 -0.1548 0.1711
vn -0.9674 -0.1514 0.2031
vn -0.9468 -0.0325 0.3201
vn -0.9189 -0.3238 0.2252
vn -0.1684 0.9047 0.3914
vn -0.0467 0.9113 0.4090
vn 0.0012 0.9383 0.3457
vn -0.1086 0.8895 0.4439
vn -0.0103 0.9077 0.4195
vn -0.1919 -0.7245 0.6620
vn -0.1639 -0.7555 0.6344
vn -0.1810 -0.7515 0.6345
vn -0.1695 -0.7360 0.6554
vn -0.1721 -0.7407 0.6494
vn -0.2876 -0.6146 0.7345
vn -0.5205 -0.8180 -0.2448
vn -0.9197 -0.1600 -0.3587
vn 0.1653 -0.9862 0.0062
vn 0.7130 0.5269 -0.4626
vn 0.9784 0.0001 -0.2069
vn 0.1091 0.8452 -0.5232
vn 0.3325 0.4045 0.8519
vn 0.4018 0.3107 0.8614
vn 0.6106 0.1394 0.7796
vn 0.6575 -0.1621 0.7358
vn 0.2776 0.6135 0.7393
vn -0.0279 0.8502 0.5258
vn 0.2128 0.2820 0.9355
vn 0.1621 0.4477 0.8794
vn -0.5041 0.6081 0.6132
vn 0.1276 0.2591 0.9574
vn -0.0571 0.8226 0.5658
vn 0.2907 0.9039 0.3137
vn -0.0596 0.4504 0.8908
vn 0.3324 0.5434 0.7709
vn -0.0531 -0.7589 -0.6490
vn -0.5597 -0.7036 -0.4378
vn -0.1541 -0.5721 -0.8056
vn -0.8181 -0.0579 -0.5722
vn 0.4903 0.1836 -0.8520
vn 0.7881 0.3910 -0.4754
vn 0.2075 -0.1378 0.9685
vn 0.5939 0.2894 0.7507
vn -0.0883 0.9740 0.2087
vn 0.1133 -0.3438 0.9322
vn 0.5615 -0.5323 0.6336
vn 0.5689 -0.5215 0.6359
vn 0.5674 -0.5237 0.6354
vn 0.5742 -0.5138 0.6375
vn -0.6077 -0.0826 0.7899
vn -0.9769 -0.1891 0.0990
vn -0.6406 -0.1549 0.7521
vn -0.1869 -0.9673 0.1715
vn 0.7117 -0.6768 0.1881
vn -0.4598 -0.2413 0.8546
vn -0.5061 0.0988 0.8568
vn -0.8454 0.5256 -0.0955
vn 0.5194 0.0342 0.8538
vn -0.7440 0.4396 -0.5032
vn 0.7748 0.2980 -0.5576
vn 0.7722 0.3008 -0.5597
vn 0.7731 0.3055 -0.5560
vn 0.7475 0.3659 -0.5544
vn 0.6704 0.7245 0.1600
vn 0.7830 0.2828 -0.5541
vn -0.2505 0.9624 -0.1053
vn -0.2693 0.9524 -0.1430
vn -0.2717 0.9509 -0.1479
vn -0.5148 0.4463 -0.7320
vn -0.5513 0.6884 -0.4713
vn -0.5259 0.5199 -0.6732
vn -0.6212 0.5374 -0.5703
vn 0.3161 -0.9486 -0.0123
vn 0.4639 -0.8552 0.2313
vn 0.6235 -0.5643 0.5411
vn 0.4132 -0.8863 0.2092
vn -0.8849 0.1143 0.4516
vn -0.8961 0.1418 0.4205
vn -0.9299 0.0297 0.3667
vn -0.6592 0.2798 -0.6980
vn -0.6624 0.2886 -0.6913
vn -0.6696 0.3090 -0.6754
vn 0.6755 -0.1387 0.7242
vn 0.6610 -0.1793 0.7287
vn -0.6967 0.5322 0.4810
vn 0.1931 0.7140 0.6730
vn -0.2939 0.7281 0.6193
vn -0.3646 0.9288 -0.0662
vn -0.3646 0.9288 -0.0661
vn -0.5667 0.6513 -0.5047
vn -0.5862 0.5162 -0.6244
vn -0.5871 0.5209 -0.6197
vn 0.9383 -0.3141 0.1448
vn 0.8797 0.1326 -0.4566
vn 0.8451 -0.4472 0.2929
vn -0.0959 -0.5842 0.8059
vn -0.0518 0.6875 -0.7243
vn -0.8678 -0.0615 0.4932
vn -0.8449 -0.0357 0.5338
vn -0.6072 0.3707 -0.7027
vn -0.6186 0.3761 -0.6899
vn 0.9442 -0.0762 0.3204
vn 0.8622 0.1689 -0.4775
vn 0.6031 -0.2319 0.7632
vn 0.6136 -0.2226 0.7576
vn -0.8593 -0.1758 0.4803
vn -0.8617 -0.1771 0.4756
vn 0.9575 0.0013 -0.2886
vn 0.8793 -0.2999 -0.3700
vn 0.5115 -0.7608 -0.3994
vn 0.5047 -0.7564 -0.4161
vn -0.3997 -0.7876 0.4690
vn -0.3314 -0.7771 0.5351
vn -0.3737 -0.5190 0.7688
vn -0.9693 0.1868 0.1597
vn 0.3786 0.7842 -0.4916
vn -0.2167 0.9651 0.1472
vn 0.7391 0.3963 -0.5447
vn -0.0021 0.8652 -0.5013
vn 0.5177 -0.7648 -0.3834
vn 0.7851 0.3182 -0.5313
vn 0.6034 -0.1850 -0.7757
vn -0.5508 -0.7828 0.2896
vn -0.8798 -0.3260 0.3460
vn -0.0234 0.8718 0.4892
vn -0.0316 0.8602 0.5089
vn -0.0363 0.8534 0.5199
vn 0.7988 0.3817 -0.4650
vn 0.7789 0.3092 -0.5456
vn -0.2562 -0.8646 -0.4322
vn -0.3279 -0.8732 -0.3606
vn -0.6953 -0.4997 -0.5165
vn -0.3387 -0.9306 0.1386
vn 0.4559 0.4231 -0.7831
vn 0.5185 0.5051 -0.6899
vn 0.2261 -0.9531 -0.2014
vn 0.2544 0.6612 -0.7057
vn 0.1629 -0.9846 -0.0628
vn -0.1006 -0.6668 0.7384
vn -0.0051 0.7356 -0.6774
vn 0.0616 0.7327 -0.6777
vn -0.1174 0.8316 -0.5428
vn -0.2619 0.6542 -0.7095
vn -0.3306 0.7558 -0.5652
vn -0.5514 0.5689 -0.6102
vn -0.6422 0.6461 -0.4125
vn -0.4704 0.8206 -0.3245
vn 0.9692 -0.0746 -0.2346
vn 0.9692 -0.0745 -0.2346
vn -0.7060 0.3343 0.6243
vn -0.9765 -0.1857 0.1095
vn -0.9983 -0.0565 0.0130
vn -0.3634 -0.5116 -0.7786
vn -0.2656 -0.6757 -0.6876
vn -0.6827 -0.6484 -0.3368
vn 0.1969 -0.5195 -0.8315
vn 0.2878 -0.1947 -0.9377
vn 0.2450 -0.3605 -0.9000
vn 0.9034 0.4205 -0.0839
vn 0.8554 0.3705 -0.3621
vn 0.9306 -0.0939 -0.3538
vn 0.8187 0.4263 0.3847
vn 0.6101 -0.1981 0.7672
vn 0.9729 -0.2112 0.0937
vn 0.1412 0.1558 0.9776
vn 0.9693 -0.2188 0.1124
vn -0.2741 0.1247 0.9536
vn -0.6845 -0.1302 0.7173
vn -0.8291 0.3747 0.4149
vn -0.8317 -0.4398 -0.3389
vn -0.8207 -0.3612 -0.4426
vn 0.2467 -0.4424 -0.8622
vn 0.1017 -0.6532 -0.7503
vn 0.8821 -0.3325 -0.3337
vn 0.1444 0.9248 -0.3520
vn -0.0150 0.9602 -0.2790
vn 0.0674 0.9623 -0.2636
vn 0.1400 0.9510 -0.2756
vn 0.0492 0.9716 -0.2314
vn 0.3462 -0.7725 0.5324
vn 0.3319 -0.7716 0.5426
vn 0.3769 -0.7496 0.5441
vn 0.3530 -0.7545 0.5534
vn 0.5184 -0.6703 0.5310
vn 0.4566 -0.4614 -0.7607
vn 0.2187 -0.9625 -0.1605
vn -0.1079 -0.8849 0.4530
vn -0.8755 0.1582 0.4567
vn -0.8373 0.5374 -0.1005
vn -0.2486 0.6526 -0.7158
vn 0.8892 -0.0049 -0.4575
vn -0.9724 0.0499 0.2281
vn 0.9724 -0.0499 -0.2281
vn 0.0298 -0.9518 0.3052
vn -0.2099 -0.3045 -0.9291
vn -0.0298 0.9518 -0.3052
vn 0.2099 0.3045 0.9291
vn -0.1587 -0.9255 0.3439
vn -0.1618 -0.4561 0.8751
vn -0.4134 -0.2883 -0.8637
vn -0.5067 0.4058 -0.7606
vn -0.2673 0.8292 0.4909
vn -0.3211 0.9207 -0.2217
vn -0.2668 0.8279 0.4933
vn -0.0737 0.3042 0.9497
vn -0.9692 0.0745 0.2346
vn -0.4439 0.5071 0.7388
vn -0.5688 -0.7602 0.3140
vn -0.4432 0.5094 0.7376
vn -0.0538 -0.9947 0.0871
vn -0.2226 -0.0726 -0.9722
vn 0.0538 0.9947 -0.0871
vn 0.2226 0.0726 0.9722
vn -0.2400 -0.9619 0.1308
vn -0.2107 -0.6218 0.7543
vn -0.4249 -0.0554 -0.9036
vn -0.4612 0.6061 -0.6481
vn -0.2047 0.7194 0.6637
vn -0.2410 0.9704 -0.0122
vn -0.2044 0.7177 0.6657
vn -0.0610 0.0904 0.9940
vn -0.9675 0.0856 0.2378
vn 0.9675 -0.0856 -0.2378
vn -0.1140 -0.9867 -0.1156
vn -0.2075 0.1378 -0.9685
vn 0.1140 0.9867 0.1156
vn 0.3504 -0.7597 0.5478
vn -0.2988 -0.9519 -0.0675
vn -0.2617 -0.7463 0.6120
vn -0.4096 0.1534 -0.8993
vn -0.4119 0.7511 -0.5160
vn -0.1749 0.5828 0.7936
vn -0.1831 0.9661 0.1818
vn -0.1747 0.5807 0.7952
vn -0.0750 -0.1074 0.9914
vn -0.9628 0.2096 -0.1704
vn -0.9628 0.2095 -0.1704
vn 0.9628 -0.2095 0.1704
vn -0.1460 -0.9369 -0.3177
vn 0.2433 0.2776 -0.9294
vn 0.1460 0.9369 0.3177
vn -0.2433 -0.2776 0.9294
vn -0.3293 -0.8790 -0.3447
vn 0.0335 0.3170 -0.9478
vn -0.0768 0.8602 -0.5042
vn -0.1512 0.9560 0.2514
vn -0.5039 -0.2059 0.8389
vn -0.9004 0.0277 -0.4341
vn 0.9004 -0.0276 0.4341
vn 0.2843 -0.7209 -0.6321
vn 0.3462 0.6923 -0.6332
vn -0.2843 0.7209 0.6321
vn -0.3462 -0.6923 0.6332
vn 0.1051 -0.7022 -0.7042
vn -0.3145 -0.9323 -0.1785
vn 0.1477 0.6849 -0.7135
vn -0.2561 0.9474 -0.1919
vn -0.7631 0.0303 0.6455
vn -0.5425 0.6953 0.4714
vn -0.7632 0.0276 0.6456
vn -0.5844 -0.6529 0.4818
vn -0.8607 -0.3734 -0.3460
vn 0.8607 0.3734 0.3460
vn 0.5052 -0.5268 -0.6836
vn 0.4000 -0.9157 -0.0396
vn -0.0579 0.7699 -0.6355
vn -0.5052 0.5268 0.6836
vn 0.0579 -0.7699 0.6355
vn 0.3295 -0.5892 -0.7377
vn 0.0822 -0.9893 -0.1204
vn 0.1087 -0.9768 -0.1842
vn -0.2401 0.6756 -0.6971
vn -0.6628 0.7374 -0.1299
vn -0.6295 -0.3038 0.7152
vn -0.7410 0.3895 0.5471
vn -0.6284 -0.3062 0.7151
vn -0.7760 -0.4324 -0.4593
vn -0.7759 -0.4324 -0.4593
vn 0.7759 0.4324 0.4593
vn 0.6293 -0.4616 -0.6253
vn 0.6293 -0.4616 -0.6252
vn -0.0448 0.7820 -0.6217
vn -0.6293 0.4616 0.6252
vn 0.0448 -0.7820 0.6217
vn 0.4677 -0.5365 -0.7024
vn 0.2143 -0.9583 -0.1892
vn -0.2093 0.6748 -0.7077
vn -0.7026 0.6837 -0.1971
vn -0.6846 -0.3770 0.6238
vn -0.8337 0.3095 0.4573
vn -0.6833 -0.3794 0.6238
vn -0.1761 -0.8683 0.4638
vn -0.4699 -0.7338 -0.4906
vn 0.4699 0.7338 0.4906
vn 0.5436 0.1991 -0.8154
vn -0.6878 0.6627 -0.2963
vn -0.5436 -0.1991 0.8154
vn 0.6878 -0.6627 0.2963
vn 0.4428 0.0536 -0.8950
vn 0.6625 -0.5208 -0.5384
vn -0.7747 0.4936 -0.3951
vn -0.9874 0.0763 0.1385
vn -0.0935 -0.8464 0.5244
vn -0.6598 -0.4110 0.6291
vn -0.0911 -0.8472 0.5234
vn 0.5238 -0.8395 0.1444
vn -0.5146 -0.7144 -0.4742
vn 0.5146 0.7144 0.4741
vn -0.7248 0.6586 -0.2023
vn 0.2008 0.4199 -0.8851
vn -0.4473 -0.2271 0.8651
vn 0.2013 -0.6280 0.7517
vn 0.7248 -0.6586 0.2023
vn 0.4473 0.2271 -0.8651
vn -0.8108 0.5084 -0.2901
vn -0.3873 0.3705 -0.8442
vn -0.5483 -0.3750 0.7475
vn -0.0323 -0.8262 0.5625
vn 0.5537 -0.5616 -0.6148
vn 0.5355 -0.8431 0.0498
vn 0.5532 -0.5599 -0.6168
vn 0.2817 0.0152 -0.9594
vn -0.4884 -0.7767 -0.3977
vn 0.4884 0.7767 0.3977
vn -0.2784 0.5722 -0.7714
vn -0.8178 0.2795 0.5030
vn 0.2784 -0.5722 0.7714
vn 0.8178 -0.2795 -0.5030
vn -0.3676 0.4115 -0.8340
vn 0.1672 -0.0317 -0.9854
vn -0.9062 0.1087 0.4086
vn -0.5633 -0.4413 0.6985
vn 0.5146 -0.8573 0.0169
vn 0.1181 -0.7795 0.6152
vn 0.5156 -0.8567 0.0146
vn 0.6427 -0.4859 -0.5923
vn -0.4252 -0.6975 -0.5769
vn 0.4252 0.6975 0.5769
vn -0.9021 0.2821 0.3266
vn -0.9021 0.2820 0.3266
vn 0.0731 -0.6469 0.7591
vn 0.0730 -0.6469 0.7591
vn 0.9021 -0.2820 -0.3266
vn -0.0730 0.6469 -0.7591
vn -0.0731 0.6469 -0.7591
vn -0.9675 0.1421 0.2091
vn -0.8121 0.3807 -0.4422
vn -0.0189 -0.7831 0.6216
vn 0.4729 -0.8732 0.1176
vn 0.3680 -0.0407 -0.9289
vn 0.7314 -0.4791 -0.4852
vn 0.3661 -0.0389 -0.9297
vn -0.1897 0.4206 -0.8872
vn -0.3160 -0.7834 -0.5352
vn 0.3160 0.7834 0.5352
vn 0.0322 0.5562 -0.8304
vn -0.9425 0.2933 0.1603
vn -0.0322 -0.5562 0.8304
vn 0.9425 -0.2933 -0.1603
vn -0.0294 0.3946 -0.9184
vn 0.5185 -0.0537 -0.8534
vn -0.9917 0.1207 0.0432
vn -0.7862 -0.4241 0.4495
vn 0.4624 -0.8585 0.2218
vn -0.1260 -0.7663 0.6300
vn 0.4642 -0.8580 0.2200
vn 0.8104 -0.5009 -0.3040
vn -0.9441 -0.0034 0.3296
vn -0.8847 0.2009 -0.4207
vn -0.6244 0.6707 0.4004
vn -0.9209 0.3351 -0.1992
vn -0.6195 0.7841 -0.0376
vn -0.2938 -0.8309 -0.4725
vn -0.7877 -0.3111 -0.5317
vn -0.5941 -0.3516 -0.7235
vn -0.0608 -0.9720 -0.2270
vn 0.2890 -0.8997 -0.3272
vn 0.1071 -0.5674 -0.8164
vn 0.5184 -0.8548 0.0237
vn 0.7001 -0.7138 -0.0183
vn 0.7270 0.4831 0.4879
vn 0.8653 0.2007 0.4594
vn 0.2757 0.0525 0.9598
vn 0.7430 -0.1863 0.6428
vn 0.8918 0.0850 0.4445
vn -0.0076 0.9431 0.3323
vn -0.2573 0.2281 0.9390
vn -0.6429 0.7464 0.1716
vn -0.9410 0.1866 -0.2822
vn -0.6343 -0.6283 -0.4504
vn 0.9159 0.1994 0.3483
vn 0.6236 0.5929 0.5094
vn -0.0918 0.8784 0.4690
vn 0.8853 -0.4577 0.0825
vn 0.9600 -0.0930 0.2640
vn 0.5642 -0.4845 0.6685
vn -0.3042 0.1755 0.9363
vn -0.7273 0.6557 -0.2028
vn -0.6313 0.2695 -0.7272
vn -0.2420 0.1503 -0.9586
vn -0.4191 0.4679 -0.7781
vn 0.0972 0.0190 -0.9951
vn -0.0433 -0.2120 0.9763
vn -0.0140 -0.2002 0.9797
vn 0.4666 -0.5009 -0.7289
vn 0.2678 -0.8780 -0.3968
vn 0.8767 -0.4672 -0.1144
vn -0.1396 -0.7160 0.6840
vn -0.1145 -0.7480 0.6537
vn -0.0884 -0.5955 0.7985
vn -0.0243 -0.5613 0.8272
vn -0.0118 -0.3326 0.9430
vn -0.7592 0.4644 0.4560
vn -0.1709 0.5051 0.8460
vn -0.9199 0.1434 0.3649
vn -0.2276 0.1687 0.9590
vn -0.9744 0.1017 -0.2006
vn -0.9827 -0.1082 -0.1500
vn -0.6150 -0.3630 -0.7000
vn -0.4126 -0.0800 -0.9074
vn -0.7397 -0.0609 -0.6702
vn -0.0122 -0.9732 -0.2295
vn -0.1661 -0.8379 -0.5199
vn 0.2281 0.0221 -0.9734
vn 0.2006 -0.0118 -0.9796
vn 0.5070 0.0647 -0.8595
vn 0.6276 0.0396 -0.7775
vn 0.1996 -0.9677 -0.1540
vn 0.9369 -0.3252 -0.1279
vn 0.6440 -0.7572 0.1092
vn 0.9022 0.0407 -0.4293
vn 0.9707 -0.1992 -0.1346
vn 0.5683 0.2714 0.7768
vn 0.9016 0.0387 0.4309
vn 0.6360 -0.0459 0.7703
vn 0.8859 -0.1770 0.4288
vn -0.0230 -0.6446 0.7642
vn 0.5220 0.8500 0.0706
vn 0.4991 0.4575 -0.7359
vn 0.5934 0.4174 -0.6882
vn 0.4294 0.8981 -0.0946
vn 0.2496 0.0166 -0.9682
vn -0.0998 -0.6138 -0.7831
vn -0.0128 -0.1796 -0.9836
vn 0.4391 -0.8851 -0.1543
vn -0.4680 -0.8134 -0.3455
vn -0.6513 -0.4219 -0.6307
vn -0.3413 -0.9396 0.0274
vn -0.5675 -0.7962 0.2097
vn -0.3520 -0.0974 0.9309
vn -0.2017 0.1782 0.9631
vn 0.2915 -0.1252 0.9483
vn -0.1888 -0.4749 0.8596
vn -0.3929 -0.2042 0.8967
vn 0.3578 0.7358 0.5750
vn 0.7352 0.1912 0.6503
vn 0.7730 0.6341 0.0204
vn 0.5842 0.4397 -0.6822
vn 0.2171 -0.4516 -0.8654
vn -0.4241 -0.1236 0.8972
vn 0.0026 0.1891 0.9820
vn 0.5734 0.5296 0.6251
vn -0.6965 -0.5588 0.4501
vn -0.5768 -0.3217 0.7509
vn -0.5789 -0.3171 0.7512
vn 0.8068 0.1981 0.5566
vn 0.5226 0.5971 -0.6086
vn 0.0551 0.4289 -0.9017
vn -0.2615 0.2676 -0.9274
vn -0.0792 0.4210 -0.9036
vn -0.5297 0.0605 -0.8460
vn 0.5252 -0.1753 0.8328
vn 0.5655 -0.1727 0.8064
vn -0.6152 -0.7453 -0.2571
vn -0.6428 -0.7080 -0.2924
vn -0.5835 -0.6455 0.4928
vn 0.2515 -0.7220 0.6446
vn 0.2346 -0.6435 0.7286
vn 0.2682 -0.6316 0.7275
vn 0.3877 -0.3906 0.8349
vn 0.9946 -0.0326 -0.0980
vn 0.8221 -0.2834 0.4938
vn 0.8408 -0.1565 -0.5182
vn 0.7113 -0.6782 0.1845
vn 0.6724 0.2921 -0.6801
vn 0.4978 0.2517 -0.8300
vn 0.1240 0.5207 -0.8447
vn 0.0033 0.9766 -0.2151
vn 0.1816 0.6947 -0.6960
vn 0.8699 -0.2064 0.4479
vn -0.2870 -0.7362 -0.6129
vn -0.1161 0.9324 0.3422
vn -0.1078 0.9407 0.3218
vn -0.2674 0.9161 0.2988
vn -0.2492 0.8891 0.3839
vn 0.1617 -0.9811 -0.1066
vn -0.8409 -0.2226 0.4932
vn 0.0953 -0.9307 -0.3530
vn -0.7842 -0.0681 0.6167
vn -0.3491 0.8315 0.4320
vn 0.1993 -0.4452 0.8730
vn -0.3547 -0.3889 0.8503
vn -0.0311 -0.7582 0.6513
vn -0.4963 -0.5384 0.6810
vn 0.1862 -0.8396 0.5103
vn 0.1513 -0.7819 0.6048
vn 0.9785 0.1496 -0.1423
vn 0.9630 0.1616 -0.2157
vn 0.8512 -0.5148 0.1026
vn 0.8463 0.3658 0.3873
vn 0.2907 -0.9412 -0.1720
vn 0.5782 -0.7680 -0.2752
vn 0.2193 -0.9261 -0.3070
vn 0.3274 0.9313 0.1599
vn 0.8307 0.5551 -0.0420
vn 0.6259 0.1008 0.7734
vn 0.9496 -0.0639 -0.3068
vn 0.6468 0.5384 0.5401
vn 0.9826 0.1742 0.0642
vn 0.1681 0.9299 0.3273
vn 0.1706 0.9093 0.3796
vn -0.3554 0.7197 0.5965
vn -0.8585 0.0192 0.5125
vn -0.5817 0.6961 0.4207
vn -0.9371 0.2459 0.2477
vn 0.0331 0.9753 0.2184
vn -0.0967 0.4245 0.9002
vn -0.4446 0.5863 0.6772
vn 0.0451 0.9812 0.1879
vn -0.9167 0.3491 0.1944
vn -0.9154 0.3189 0.2455
vn -0.8921 -0.4107 0.1882
vn -0.3780 -0.9258 0.0106
vn -0.6147 -0.7768 -0.1366
vn -0.4022 -0.8852 -0.2338
vn -0.8754 -0.3824 0.2958
vn -0.8666 -0.4986 -0.0210
vn -0.7216 -0.6716 0.1680
vn -0.8591 -0.0216 0.5113
vn -0.1252 -0.2632 0.9566
vn -0.3263 -0.6426 0.6932
vn 0.5052 -0.8607 -0.0626
vn -0.1923 -0.9609 0.1992
vn -0.6099 -0.5593 0.5614
vn 0.8114 -0.5186 -0.2698
vn -0.7828 -0.5576 0.2763
vn -0.0932 -0.5828 0.8073
vn -0.8908 -0.3331 0.3091
vn 0.8041 -0.3487 0.4815
vn 0.7754 -0.4802 0.4101
vn 0.5699 -0.4476 0.6891
vn 0.1680 -0.1881 0.9677
vn 0.3409 -0.2504 0.9061
vn 0.3886 -0.1888 0.9019
vn 0.3590 -0.6376 0.6816
vn 0.9259 0.3003 -0.2294
vn -0.3740 -0.4249 0.8243
vn 0.3894 -0.1678 0.9057
vn 0.2915 0.1110 0.9501
vn 0.3044 0.1522 0.9403
vn 0.2874 0.0984 0.9527
vn -0.1892 -0.0561 0.9803
vn -0.2062 -0.0146 0.9784
vn 0.8116 -0.5178 -0.2705
vn -0.7005 0.2583 -0.6652
vn -0.9027 0.2168 -0.3716
vn -0.6032 0.3322 -0.7251
vn -0.3171 0.1632 -0.9342
vn -0.2544 0.0769 -0.9640
vn 0.9503 0.1808 -0.2536
vn 0.5564 0.0467 -0.8296
vn 0.8564 0.2097 -0.4717
vn 0.5047 -0.0272 -0.8629
vn 0.9921 0.1245 0.0161
vn -0.9172 0.1338 -0.3753
vn 0.0091 -0.9999 0.0104
vn 0.0091 -0.9999 0.0105
vn 0.0091 -0.9999 0.0102
vn 0.9959 0.0863 0.0286
vn -0.9744 0.0166 -0.2241
vn -0.8879 0.0088 -0.4600
vn -0.7503 0.2604 -0.6077
vn -0.8876 -0.0284 -0.4598
vn -0.7998 0.0245 -0.5997
vn 0.9856 0.0251 0.1672
vn 0.9852 0.0316 0.1683
vn 0.3417 0.8951 0.2863
vn 0.4235 0.8658 0.2663
vn -0.0747 0.8817 0.4658
vn 0.9461 -0.3175 -0.0642
vn 0.9802 -0.1868 -0.0662
vn 0.7692 0.3604 0.5277
vn 0.7227 0.2905 0.6271
vn 0.1285 0.6134 0.7792
vn -0.8900 0.2754 -0.3633
vn -0.8134 0.4705 0.3420
vn -0.4776 0.8721 0.1061
vn -0.5604 0.6355 0.5312
vn -0.9995 -0.0082 0.0291
vn -0.9997 0.0004 0.0229
vn -0.9998 0.0135 0.0133
vn 0.0091 -0.9999 0.0103
vn 0.6711 0.0275 0.7409
vn 0.6767 0.0294 0.7356
vn -0.0533 0.9319 0.3588
vn -0.3085 0.4852 0.8182
vn 0.2511 0.0179 0.9678
vn 0.2517 0.0169 0.9677
vn -0.5354 0.0068 0.8446
vn -0.5365 0.0042 0.8439
vn -0.6163 0.5841 -0.5282
vn -0.6634 0.0945 -0.7423
vn -0.6525 0.6188 -0.4374
vn -0.3767 0.4722 -0.7969
vn 0.8021 0.0407 -0.5958
vn 0.7476 0.5294 -0.4010
vn 0.7224 0.6521 -0.2299
vn 0.5794 0.4965 -0.6463
vn 0.6945 0.1651 0.7003
vn 0.9768 -0.1463 0.1563
vn -0.8081 -0.4816 -0.3391
vn -0.8890 -0.2182 -0.4026
vn 0.1656 -0.7713 -0.6145
vn -0.1795 -0.6518 -0.7368
vn 0.5191 -0.6380 -0.5687
vn 0.0538 -0.7567 -0.6515
vn 0.8782 -0.3794 -0.2912
vn -0.9198 0.2465 0.3052
vn 0.1965 0.3375 0.9206
vn 0.1533 0.3094 0.9385
vn 0.0702 0.9283 -0.3651
vn 0.0542 0.9320 -0.3584
vn 0.0691 0.9286 -0.3646
vn 0.1085 0.9332 -0.3426
vn 0.1091 0.9337 -0.3411
vn 0.0840 0.9339 -0.3474
vn 0.1348 0.9327 -0.3344
vn -0.5376 0.3677 0.7588
vn -0.4203 0.4588 0.7828
vn -0.3190 0.5586 0.7656
vn 0.1773 0.3563 0.9174
vn -0.5467 0.2225 -0.8072
vn -0.9247 0.2809 0.2571
vn 0.6545 0.0269 -0.7556
vn 0.8207 0.0089 -0.5714
vn 0.8242 0.0003 -0.5663
vn 0.9459 -0.1711 -0.2758
vn -0.8781 0.3386 -0.3380
vn 0.7481 0.2812 0.6010
vn -0.5620 0.3264 0.7600
vn 0.5643 -0.1862 -0.8043
vn 0.8869 0.2658 0.3778
vn -0.8817 0.4367 0.1786
vn -0.2487 0.2509 0.9355
vn 0.2717 -0.1281 -0.9538
vn 0.9317 0.3631 -0.0044
vn -0.7785 0.3432 0.5255
vn 0.1140 0.2423 0.9635
vn -0.1208 -0.1191 -0.9855
vn 0.9637 0.2564 -0.0740
vn -0.9051 0.2634 0.3338
vn 0.2683 0.3399 0.9014
vn -0.1773 -0.2197 -0.9593
vn 0.5434 0.3516 -0.7623
vn -0.0278 0.3542 0.9347
vn 0.8491 0.2438 0.4685
vn -0.8704 -0.1206 -0.4774
vn 0.4708 -0.8811 -0.0440
vn 0.4778 -0.8774 -0.0443
vn 0.4995 -0.8652 -0.0452
vn 0.5058 -0.8614 -0.0455
vn 0.2139 -0.9275 -0.3064
vn 0.1864 -0.9396 -0.2869
vn 0.1016 -0.9689 -0.2256
vn 0.0754 -0.9756 -0.2063
vn 0.0554 -0.8177 -0.5729
vn 0.0539 -0.8344 -0.5486
vn 0.0552 -0.8208 -0.5686
vn 0.0537 -0.8373 -0.5442
vn 0.7979 0.3347 0.5013
vn 0.2034 0.8477 0.4899
vn 0.2756 -0.1363 0.9516
vn -0.0357 -0.8337 -0.5511
vn -0.0469 -0.8180 -0.5733
vn -0.0377 -0.8309 -0.5552
vn -0.1014 -0.8926 -0.4393
vn 0.0230 -0.9628 -0.2692
vn -0.0648 -0.9182 -0.3909
vn 0.0522 -0.9725 -0.2271
vn -0.5007 -0.8161 -0.2887
vn -0.4762 -0.8320 -0.2846
vn -0.4961 -0.8191 -0.2879
vn -0.4716 -0.8349 -0.2838
vn 0.0585 0.3433 -0.9374
vn 0.5092 0.2277 -0.8300
vn 0.1725 0.2698 -0.9473
vn -0.2955 0.1735 -0.9394
vn -0.3635 0.0869 -0.9275
vn -0.9703 0.2060 0.1269
vn -0.9389 0.0485 -0.3409
vn -0.9173 0.1746 0.3580
vn -0.9166 -0.0247 -0.3991
vn -0.7918 0.1157 0.5998
vn 0.5189 0.1448 -0.8425
vn 0.0011 -1.0000 0.0022
vn 0.0010 -1.0000 0.0020
vn -0.7874 0.0774 0.6116
vn 0.4455 0.0202 -0.8951
vn 0.2201 0.2821 -0.9338
vn 0.4455 -0.0170 -0.8951
vn 0.2467 0.2718 -0.9302
vn -0.6962 0.0216 0.7175
vn -0.6972 0.0152 0.7167
vn 0.2104 0.9506 0.2281
vn -0.2653 0.9419 0.2062
vn -0.1090 0.8898 0.4431
vn -0.0983 0.6472 0.7559
vn -0.8919 -0.0208 0.4517
vn -0.8010 -0.3252 0.5027
vn 0.3520 -0.7710 0.5307
vn -0.3030 0.0850 0.9492
vn 0.8148 0.2934 -0.5001
vn 0.5087 0.3378 -0.7919
vn 0.7644 0.6360 0.1056
vn 0.2289 0.9406 -0.2506
vn -0.7557 0.3549 0.5504
vn 0.8151 0.0221 -0.5790
vn 0.0012 -1.0000 0.0022
vn 0.0011 -1.0000 0.0021
vn -0.1048 0.0157 0.9944
vn -0.1125 0.0175 0.9935
vn -0.0740 0.9884 -0.1325
vn 0.7308 0.4813 0.4841
vn 0.3682 0.0079 0.9297
vn 0.3677 0.0068 0.9299
vn 0.9306 0.0047 0.3659
vn 0.9311 0.0021 0.3647
vn 0.1510 0.5798 -0.8006
vn 0.1847 0.5937 -0.7832
vn -0.1671 0.4819 -0.8602
vn 0.1208 0.5816 -0.8044
vn 0.2674 0.6280 -0.7309
vn -0.8503 0.4966 -0.1741
vn -0.8414 0.5261 0.1236
vn -0.8168 0.5769 0.0069
vn -0.8507 0.5071 0.1386
vn -0.6311 -0.3162 0.7083
vn -0.0883 -0.8426 0.5312
vn 0.2999 0.3698 -0.8794
vn -0.2505 0.5360 -0.8062
vn -0.5744 0.5790 -0.5787
vn 0.2543 0.6097 -0.7508
vn -0.0490 -0.8150 -0.5774
vn -0.9403 0.1684 0.2957
vn -0.9467 0.3214 0.0212
vn 0.8136 -0.1852 -0.5511
vn 0.2194 -0.9137 0.3420
vn 0.4968 0.6705 0.5510
vn 0.5089 0.6677 0.5434
vn 0.4966 0.6692 0.5528
vn 0.4883 0.6464 0.5862
vn 0.4874 0.6475 0.5859
vn 0.4750 0.6382 0.6059
vn 0.9368 -0.3333 0.1067
vn 0.6946 -0.6728 -0.2547
vn 0.5532 0.7138 0.4296
vn 0.3973 0.3474 0.8494
vn -0.0354 0.2338 -0.9716
vn 0.8976 0.2869 -0.3348
vn -0.9260 -0.1771 0.3334
vn 0.5088 0.3490 -0.7870
vn -0.2502 0.2698 0.9298
vn 0.9014 0.3252 0.2857
vn -0.9298 -0.1846 -0.3185
vn -0.4938 0.2550 0.8313
vn 0.8162 0.4429 -0.3709
vn 0.7522 0.2456 0.6114
vn -0.7819 -0.1228 -0.6112
vn 0.2755 -0.1425 0.9507
vn 0.2765 -0.1373 0.9512
vn 0.9378 0.3457 -0.0311
vn 0.4758 0.2336 0.8479
vn -0.4837 -0.1101 -0.8683
vn -0.7573 0.3594 0.5453
vn 0.9271 0.2686 -0.2615
vn 0.2287 0.3077 0.9236
vn -0.3154 -0.1812 -0.9315
vn -0.8863 0.3787 -0.2665
vn 0.6242 0.2818 0.7287
vn -0.4937 0.2125 0.8433
vn 0.5049 -0.0833 -0.8591
vn -0.4333 -0.8654 0.2517
vn -0.4099 -0.8811 0.2359
vn -0.4279 -0.8691 0.2481
vn -0.4041 -0.8848 0.2320
vn -0.1803 -0.9745 -0.1334
vn -0.3176 -0.9389 -0.1325
vn -0.2129 -0.9679 -0.1334
vn -0.3514 -0.9269 -0.1319
vn -0.3624 -0.8333 -0.4173
vn -0.3653 -0.8304 -0.4207
vn -0.3781 -0.8167 -0.4360
vn -0.3809 -0.8136 -0.4393
vn -0.2944 -0.8289 -0.4756
vn -0.2952 -0.8261 -0.4801
vn -0.2985 -0.8130 -0.5000
vn -0.2992 -0.8099 -0.5045
vn -0.1323 -0.9749 -0.1792
vn -0.1325 -0.9661 -0.2214
vn -0.1305 -0.9095 -0.3946
vn -0.1290 -0.8864 -0.4446
vn 0.2566 -0.8338 -0.4888
vn 0.2610 -0.8303 -0.4924
vn 0.2778 -0.8164 -0.5062
vn 0.2823 -0.8127 -0.5098
vn -0.5004 -0.7838 -0.3679
vn 0.5004 0.7838 0.3679
vn -0.7925 0.2461 0.5580
vn 0.3560 -0.5569 0.7504
vn 0.3560 -0.5569 0.7505
vn 0.8138 -0.5663 0.1304
vn 0.7925 -0.2461 -0.5580
vn -0.3560 0.5569 -0.7504
vn -0.5838 0.6056 -0.5407
vn -0.8745 0.0901 0.4766
vn -0.9400 0.2705 -0.2079
vn 0.2425 -0.7132 0.6577
vn 0.5736 -0.8182 0.0384
vn 0.0848 -0.1096 -0.9903
vn 0.6043 -0.4709 -0.6427
vn 0.0827 -0.1081 -0.9907
vn -0.4809 0.3104 -0.8200
vn 0.0773 0.9964 0.0360
vn 0.2827 0.4640 0.8395
vn 0.6639 0.7352 -0.1367
vn 0.7982 0.3288 0.5047
vn -0.0959 0.8623 -0.4972
vn -0.1335 0.7767 -0.6156
vn -0.0561 0.9208 -0.3859
vn 0.0716 0.9973 0.0168
vn 0.5283 0.8243 0.2035
vn 0.2339 -0.4246 0.8746
vn 0.1553 -0.7186 0.6778
vn 0.2338 -0.4251 0.8744
vn -0.9561 0.0610 0.2867
vn -0.9562 0.0596 0.2867
vn -0.9558 0.0635 0.2870
vn -0.9559 0.0638 0.2866
vn 0.9558 -0.0655 -0.2866
vn 0.9565 -0.0597 -0.2854
vn 0.9558 -0.0665 -0.2866
vn 0.9559 -0.0638 -0.2866
vn 0.9555 -0.0707 -0.2865
vn 0.7397 0.5593 -0.3742
vn 0.7324 0.6618 0.1602
vn 0.1863 0.8861 0.4243
vn 0.1191 -0.9252 -0.3604
vn -0.5605 -0.8157 -0.1433
vn 0.1070 -0.9275 -0.3581
vn 0.2763 -0.1420 0.9505
vn -0.1969 0.5947 -0.7795
vn -0.1900 0.6399 -0.7446
vn -0.8024 -0.0271 -0.5961
vn -0.3094 -0.2315 -0.9223
vn -0.1165 -0.9784 -0.1710
vn -0.1969 0.5849 -0.7868
vn -0.7894 0.4730 -0.3912
vn -0.2119 0.5810 -0.7858
vn -0.9559 0.0607 0.2874
vn -0.9565 0.0609 0.2853
vn -0.9562 0.0604 0.2863
vn -0.9553 0.0620 0.2891
vn -0.9554 0.0612 0.2889
vn -0.2538 -0.7006 -0.6669
vn 0.9553 -0.0619 -0.2890
vn 0.9561 -0.0617 -0.2865
vn 0.9559 -0.0637 -0.2868
vn 0.9558 -0.0639 -0.2868
vn 0.9569 -0.0574 -0.2847
vn -0.9558 0.0615 0.2876
vn -0.9559 0.0626 0.2870
vn -0.9561 0.0621 0.2865
vn -0.2502 -0.7028 -0.6660
vn -0.3001 -0.0767 -0.9508
vn -0.2983 -0.0818 -0.9510
vn 0.3426 0.4545 -0.8222
vn 0.9562 -0.0623 -0.2859
vn 0.2734 -0.1407 0.9515
vn -0.9560 0.0636 0.2864
vn -0.9559 0.0637 0.2865
vn 0.9558 -0.0596 -0.2880
vn -0.0453 0.9324 -0.3586
vn -0.0406 0.9477 -0.3166
vn 0.9556 -0.0629 -0.2879
vn 0.9556 -0.0628 -0.2879
vn -0.2788 0.2836 -0.9175
vn -0.2678 0.2938 -0.9176
vn -0.2733 0.2873 -0.9180
vn -0.2638 0.3158 -0.9114
vn -0.2668 0.3048 -0.9143
vn -0.2584 0.3106 -0.9147
vn -0.2545 0.3069 -0.9171
vn 0.9560 -0.0634 -0.2863
vn -0.9556 0.0629 0.2879
vn -0.9556 0.0628 0.2879
vn -0.9565 0.0530 0.2868
vn 0.2819 -0.0732 0.9566
vn -0.1751 -0.9073 -0.3822
vn -0.1697 -0.9102 -0.3778
vn -0.1720 -0.9090 -0.3796
vn -0.1665 -0.9119 -0.3752
vn -0.7687 0.5117 0.3836
vn 0.7287 -0.5622 -0.3911
vn 0.5970 0.7924 0.1255
vn -0.2274 0.3434 -0.9113
vn -0.2244 0.3200 -0.9205
vn -0.2215 0.2981 -0.9285
vn -0.3298 0.2898 -0.8985
vn -0.3298 0.2897 -0.8985
vn 0.8396 0.4189 -0.3457
vn -0.2091 0.7293 0.6515
vn -0.2166 0.7731 0.5962
vn -0.2107 0.7382 0.6408
vn -0.2182 0.7828 0.5827
vn 0.3005 -0.9392 -0.1662
vn 0.3343 -0.9372 -0.0997
vn 0.3089 -0.9392 -0.1502
vn 0.3392 -0.9364 -0.0897
vn -0.2344 0.8948 0.3799
vn -0.0894 -0.1020 -0.9908
vn -0.0893 -0.1030 -0.9907
vn -0.0884 -0.1076 -0.9903
vn -0.0883 -0.1083 -0.9902
vn 0.3388 -0.6850 0.6450
vn 0.3389 -0.6852 0.6447
vn 0.3402 -0.6879 0.6412
vn 0.3404 -0.6883 0.6406
vn -0.3404 0.6844 -0.6448
vn -0.3404 0.6847 -0.6445
vn -0.3404 0.6878 -0.6411
vn -0.3404 0.6883 -0.6406
vn 0.3240 -0.8613 -0.3914
vn 0.0894 0.1020 0.9908
vn 0.0889 0.1029 0.9907
vn 0.0865 0.1069 0.9905
vn 0.0861 0.1075 0.9905
vn -0.2398 0.3255 -0.9146
vn 0.4866 0.4764 -0.7323
vn -0.8262 -0.0154 -0.5632
vn 0.2398 -0.3255 0.9146
vn -0.4866 -0.4764 0.7323
vn 0.8262 0.0154 0.5632
vn -0.2796 0.8791 0.3861
vn 0.2796 -0.8791 -0.3861
vn -0.7605 0.5614 -0.3263
vn -0.8698 0.0017 -0.4935
vn -0.9629 0.1152 0.2440
vn -0.2786 0.9088 -0.3107
vn -0.5508 0.7474 0.3714
vn 0.2935 0.8403 -0.4557
vn 0.1839 0.9419 0.2812
vn 0.1839 0.9418 0.2812
vn 0.6209 0.3962 -0.6764
vn 0.8109 0.5846 0.0263
vn 0.8322 -0.4464 -0.3289
vn 0.9629 -0.1152 -0.2440
vn 0.2220 -0.9077 -0.3560
vn 0.5508 -0.7474 -0.3714
vn -0.5424 -0.4424 -0.7142
vn -0.1839 -0.9419 -0.2812
vn -0.8109 -0.5846 -0.0263
vn -0.2533 0.6085 -0.7520
vn -0.0043 0.5780 -0.8160
vn -0.5085 0.2141 -0.8340
vn -0.3661 0.0245 -0.9303
vn 0.1975 -0.3157 0.9281
vn -0.3937 0.2549 -0.8832
vn -0.3667 0.4069 -0.8366
vn -0.3040 0.1380 -0.9426
vn -0.1975 0.3157 -0.9281
vn -0.1524 0.1211 -0.9809
vn -0.0243 0.2121 -0.9770
vn 0.0077 0.3612 -0.9325
vn -0.0786 0.4832 -0.8720
vn -0.2352 0.5030 -0.8317
vn -0.4629 0.4567 -0.7597
vn -0.1208 -0.0038 -0.9927
vn 0.0862 0.1442 -0.9858
vn 0.1356 0.3846 -0.9131
vn 0.2688 0.5829 0.7668
vn 0.1182 -0.8100 0.5744
vn 0.1182 -0.8100 0.5743
vn 0.2648 0.6087 0.7479
vn 0.2620 -0.2554 0.9307
vn 0.1268 -0.7908 0.5988
vn -0.0431 0.9351 -0.3517
vn 0.2904 0.3486 0.8911
vn 0.1749 0.9077 0.3814
vn -0.2853 0.0294 -0.9580
vn -0.1526 0.7261 -0.6704
vn 0.0695 0.9975 0.0099
vn -0.9469 0.3208 0.0226
vn -0.2935 -0.1767 -0.9395
vn 0.0093 0.9822 -0.1876
vn -0.1716 0.6706 -0.7217
vn -0.2010 0.5696 -0.7970
vn 0.2736 -0.1606 0.9483
vn 0.2734 0.5496 0.7894
vn -0.2009 0.5696 -0.7970
vn 0.5422 -0.6731 -0.5030
vn -0.1439 -0.9526 -0.2680
vn -0.1863 -0.8861 -0.4243
vn -0.0382 -0.9948 0.0940
vn 0.1215 -0.8027 0.5839
vn -0.2289 0.4701 -0.8524
vn -0.2284 0.4640 -0.8559
vn -0.2288 0.4689 -0.8531
vn -0.2283 0.4628 -0.8566
vn 0.1711 0.0086 0.9852
vn 0.3540 0.5182 0.7786
vn 0.7951 0.2274 -0.5623
vn 0.7011 -0.3409 -0.6263
vn -0.8722 0.3324 -0.3590
vn 0.3816 0.9213 -0.0743
vn 0.3817 0.9213 -0.0743
vn -0.3816 -0.9213 0.0743
vn 0.7543 -0.2640 0.6011
vn 0.1556 0.0152 0.9877
vn -0.5342 0.2855 0.7957
vn -0.7543 0.2640 -0.6011
vn 0.5342 -0.2855 -0.7957
vn -0.7380 0.3371 -0.5845
vn -0.7413 0.0065 -0.6711
vn 0.6609 0.1798 -0.7286
vn 0.6612 0.1775 -0.7289
vn -0.6634 -0.1798 0.7264
vn 0.1186 -0.9838 -0.1345
vn 0.5418 -0.7850 0.3005
vn 0.5432 -0.7838 0.3010
vn -0.3519 -0.7826 -0.5136
vn -0.3500 -0.7836 -0.5132
vn -0.3493 -0.7840 -0.5131
vn -0.0363 -0.9984 0.0430
vn -0.0419 -0.9981 0.0454
vn 0.5658 -0.3263 0.7572
vn 0.4038 -0.8046 0.4353
vn 0.5275 0.2627 0.8079
vn 0.5275 0.2688 0.8059
vn 0.5276 0.2604 0.8086
vn -0.2531 0.9303 0.2654
vn -0.6790 0.7252 -0.1143
vn -0.2443 0.9273 0.2835
vn -0.8534 0.2561 -0.4541
vn -0.7942 -0.3475 -0.4985
vn -0.8534 0.2559 -0.4542
vn -0.4674 -0.8059 -0.3634
vn 0.6601 0.1800 -0.7293
vn 0.6593 0.1783 -0.7304
vn -0.0053 -1.0000 -0.0058
vn -0.0042 -1.0000 -0.0034
vn -0.4748 -0.8189 -0.3225
vn 0.3644 -0.8154 0.4499
vn 0.6614 0.1829 -0.7274
vn -0.6623 -0.1782 0.7277
vn -0.2695 -0.8500 -0.4526
vn 0.0989 -0.9835 -0.1517
vn 0.0978 -0.9835 -0.1521
vn 0.0994 -0.9834 -0.1515
vn -0.6528 -0.3417 -0.6761
vn -0.6509 -0.3441 -0.6767
vn -0.4929 -0.8162 -0.3015
vn -0.4846 -0.8197 -0.3055
vn 0.3556 -0.8180 0.4522
vn -0.0413 -0.9991 0.0019
vn 0.6076 -0.3243 0.7250
vn 0.6033 -0.3334 0.7245
vn 0.6092 -0.3209 0.7252
vn 0.2249 0.7497 0.6224
vn 0.2226 0.7541 0.6179
vn -0.2523 0.9196 0.3012
vn 0.2221 0.7551 0.6169
vn -0.6430 0.7551 -0.1279
vn -0.8834 0.2651 -0.3864
vn -0.6423 0.7561 -0.1258
vn -0.7784 -0.3635 -0.5119
vn 0.6586 0.1787 -0.7309
vn 0.6588 0.1788 -0.7307
vn 0.6589 0.1789 -0.7306
vn -0.6606 -0.1779 0.7294
vn -0.4729 -0.6560 -0.5883
vn -0.6715 -0.2936 -0.6803
vn -0.3332 -0.8010 -0.4974
vn -0.3319 -0.8017 -0.4972
vn -0.4463 -0.8199 -0.3586
vn -0.0682 -0.9974 0.0217
vn -0.8108 -0.3209 -0.4895
vn 0.3827 -0.8273 0.4112
vn 0.3754 -0.8322 0.4081
vn 0.3853 -0.8255 0.4123
vn 0.5216 0.2261 0.8226
vn 0.5216 0.2622 0.8119
vn 0.1838 0.7107 0.6791
vn 0.5215 0.2704 0.8093
vn -0.2311 0.9329 0.2763
vn -0.6556 0.7505 -0.0837
vn -0.2333 0.9337 0.2717
vn -0.8622 -0.0297 -0.5058
vn -0.8192 -0.3057 -0.4852
vn 0.6579 0.1843 -0.7302
vn 0.6582 0.1842 -0.7300
vn 0.6583 0.1841 -0.7299
vn -0.6598 -0.1852 0.7283
vn -0.6597 -0.1851 0.7283
vn -0.5414 0.7888 -0.2911
vn -0.7446 0.2896 -0.6014
vn -0.5426 0.7878 -0.2915
vn -0.7455 0.2865 -0.6017
vn -0.6592 -0.3252 -0.6780
vn -0.6640 0.7346 -0.1393
vn -0.8828 0.2356 -0.4065
vn -0.2901 0.9061 0.3080
vn -0.8797 0.2432 -0.4086
vn 0.1943 0.7398 0.6441
vn 0.1932 0.7403 0.6439
vn 0.1901 0.7417 0.6433
vn 0.5974 -0.3299 0.7310
vn 0.5974 -0.3298 0.7310
vn -0.6607 -0.1815 0.7284
vn -0.6610 -0.1815 0.7281
vn 0.6598 0.1830 -0.7289
vn 0.6586 0.1848 -0.7295
vn -0.6615 -0.1848 0.7268
vn -0.6616 -0.1848 0.7268
vn -0.1232 0.9829 0.1366
vn -0.1247 0.9828 0.1361
vn -0.5310 0.8001 -0.2791
vn -0.6932 0.5203 -0.4987
vn -0.7393 0.3247 -0.5899
vn -0.7401 0.3227 -0.5900
vn -0.2581 0.9238 0.2827
vn -0.6737 0.7335 -0.0905
vn 0.1662 0.7152 0.6789
vn -0.6699 0.7371 -0.0889
vn 0.5239 0.2329 0.8193
vn 0.5227 0.2344 0.8197
vn 0.5194 0.2385 0.8206
vn 0.3888 -0.8203 0.4195
vn 0.3884 -0.8214 0.4177
vn -0.0514 -0.9982 0.0305
vn 0.3866 -0.8262 0.4097
vn -0.4620 -0.8163 -0.3466
vn -0.4635 -0.8143 -0.3494
vn -0.8122 -0.3233 -0.4856
vn -0.8558 0.2799 -0.4351
vn 0.6605 0.1832 -0.7281
vn 0.6603 0.1855 -0.7277
vn -0.6630 -0.1832 0.7259
vn 0.3690 0.7643 0.5289
vn 0.3686 0.7645 0.5288
vn 0.3678 0.7650 0.5287
vn -0.0953 0.9823 0.1615
vn -0.5173 0.8130 -0.2673
vn -0.5179 0.8126 -0.2675
vn -0.5195 0.8113 -0.2682
vn 0.2345 0.7159 0.6576
vn -0.2502 0.9098 0.3310
vn 0.5003 0.2186 0.8378
vn -0.2554 0.9096 0.3277
vn 0.5931 -0.3545 0.7228
vn 0.5936 -0.3564 0.7216
vn 0.5947 -0.3615 0.7181
vn -0.0355 -0.9994 0.0026
vn -0.0363 -0.9993 0.0009
vn -0.5123 -0.7964 -0.3215
vn -0.0397 -0.9992 -0.0065
vn -0.7970 -0.3109 -0.5177
vn -0.7972 -0.3095 -0.5183
vn -0.8760 0.2846 -0.3894
vn -0.6380 0.7606 -0.1203
vn 0.6613 0.1829 -0.7275
vn 0.6621 0.1847 -0.7263
vn -0.6635 -0.1811 0.7259
vn 0.6717 0.2848 0.6839
vn 0.6714 0.2852 0.6840
vn 0.6708 0.2860 0.6842
vn 0.3416 0.7895 0.5098
vn -0.1200 0.9833 0.1370
vn -0.1180 0.9834 0.1377
vn 0.5344 0.2470 0.8083
vn 0.1736 0.7239 0.6677
vn 0.5235 0.2606 0.8112
vn 0.1610 0.7293 0.6650
vn 0.4055 -0.8132 0.4175
vn 0.4058 -0.8124 0.4188
vn -0.4659 -0.8093 -0.3578
vn -0.4647 -0.8110 -0.3554
vn -0.8058 -0.3454 -0.4810
vn -0.4591 -0.8187 -0.3449
vn -0.8528 0.2815 -0.4399
vn -0.8544 0.2767 -0.4398
vn -0.6824 0.7238 -0.1026
vn -0.2502 0.9275 0.2776
vn 0.6619 0.1821 -0.7271
vn 0.6634 0.1827 -0.7256
vn -0.6630 -0.1790 0.7269
vn 0.7406 -0.3030 0.5998
vn 0.7405 -0.3026 0.6001
vn 0.7403 -0.3018 0.6007
vn 0.6640 0.3066 0.6819
vn 0.3377 0.7950 0.5038
vn 0.3371 0.7954 0.5037
vn 0.3351 0.7964 0.5034
vn 0.5963 -0.3311 0.7313
vn 0.4856 0.2528 0.8368
vn 0.3580 -0.8099 0.4646
vn 0.4821 0.2569 0.8376
vn -0.0117 -0.9996 0.0250
vn -0.0118 -0.9996 0.0249
vn -0.0120 -0.9996 0.0243
vn -0.7873 -0.3114 -0.5321
vn -0.7868 -0.3169 -0.5296
vn -0.8744 0.2537 -0.4137
vn -0.6610 -0.1813 0.7282
vn -0.7841 -0.3408 -0.5187
vn -0.2721 0.9147 0.2989
vn -0.6472 0.7464 -0.1552
vn -0.2832 0.9141 0.2901
vn 0.6601 0.1802 -0.7292
vn 0.6639 0.1786 -0.7262
vn -0.6617 -0.1779 0.7284
vn 0.6638 -0.5908 0.4587
vn 0.7410 -0.3051 0.5981
vn 0.5345 -0.7933 0.2915
vn 0.7408 -0.3026 0.5997
vn 0.6683 0.3000 0.6807
vn 0.6670 0.3017 0.6812
vn 0.3949 -0.8126 0.4287
vn 0.5597 -0.3366 0.7572
vn -0.0359 -0.9979 0.0535
vn 0.5573 -0.3314 0.7613
vn -0.4627 -0.8099 -0.3604
vn -0.4613 -0.8121 -0.3575
vn -0.4573 -0.8177 -0.3497
vn -0.8563 0.2608 -0.4457
vn -0.8568 0.2594 -0.4457
vn -0.6846 0.7208 -0.1084
vn -0.8586 0.2533 -0.4456
vn -0.2607 0.9266 0.2710
vn -0.2605 0.9266 0.2710
vn 0.1551 0.7319 0.6635
vn 0.5210 0.2619 0.8124
vn -0.1174 0.9835 0.1380
vn 0.6640 0.1788 -0.7261
vn -0.6634 -0.1819 0.7258
vn 0.5128 -0.8167 0.2647
vn 0.7358 -0.3369 0.5874
vn 0.7355 -0.3378 0.5873
vn 0.0943 -0.9828 -0.1587
vn 0.0963 -0.9827 -0.1579
vn 0.0970 -0.9827 -0.1577
vn 0.3398 -0.8347 0.4334
vn 0.3381 -0.8354 0.4333
vn 0.4951 0.2209 0.8403
vn 0.5886 -0.3677 0.7200
vn 0.2127 0.7402 0.6379
vn 0.2171 0.7310 0.6469
vn 0.2111 0.7436 0.6345
vn -0.6335 0.7641 -0.1218
vn -0.6336 0.7640 -0.1222
vn -0.8735 0.2842 -0.3952
vn -0.6336 0.7639 -0.1222
vn -0.7828 -0.3227 -0.5320
vn -0.5047 -0.7975 -0.3306
vn -0.7800 -0.3272 -0.5334
vn -0.0366 -0.9992 -0.0127
vn -0.6634 -0.1816 0.7259
vn -0.6630 -0.1795 0.7268
vn 0.7271 0.0931 0.6802
vn 0.7390 -0.0234 0.6733
vn 0.5635 -0.7190 0.4068
vn 0.7049 -0.4018 0.5845
vn 0.6943 -0.4407 0.5690
vn -0.7344 0.0272 -0.6781
vn -0.7343 0.0255 -0.6784
vn -0.5676 -0.5118 -0.6449
vn -0.0649 0.3713 -0.9262
vn -0.0323 -0.1887 -0.9815
vn 0.2853 -0.5939 -0.7523
vn 0.7018 -0.6071 -0.3728
vn 0.2435 -0.5693 -0.7852
vn 0.6619 -0.6271 -0.4108
vn 0.4785 -0.6853 -0.5490
vn 0.9989 -0.0463 0.0011
vn 0.9406 0.3395 -0.0101
vn 0.9732 -0.2205 -0.0653
vn 0.5442 0.5971 0.5893
vn 0.2293 0.9089 0.3483
vn 0.4816 0.6860 0.5454
vn -0.0579 0.9935 0.0981
vn -0.6943 0.4407 -0.5690
vn -0.5635 0.7190 -0.4068
vn -0.7049 0.4018 -0.5845
vn -0.6606 -0.3586 -0.6596
vn -0.7390 0.0234 -0.6733
vn -0.2293 -0.9089 -0.3483
vn -0.2644 -0.8578 -0.4408
vn -0.6712 -0.1115 0.7328
vn -0.6712 -0.1114 0.7328
vn 0.6230 0.7447 -0.2393
vn 0.8640 -0.4761 -0.1641
vn 0.2065 0.7579 -0.6188
vn 0.4330 -0.8779 0.2044
vn 0.6623 -0.5683 0.4882
vn 0.7343 -0.0252 0.6784
vn 0.6710 0.1662 -0.7226
vn -0.1046 0.9865 0.1262
vn 0.5601 0.5249 0.6409
vn 0.1046 -0.9865 -0.1262
vn -0.6710 -0.1662 0.7226
vn -0.6711 -0.1662 0.7225
vn 0.6711 0.1662 -0.7225
vn 0.6814 0.1096 -0.7236
vn -0.6814 -0.1096 0.7236
vn 0.0579 -0.9935 -0.0981
vn 0.6164 0.1652 -0.7699
vn -0.9834 -0.0855 -0.1598
vn -0.9834 -0.0855 -0.1599
vn 0.3684 -0.0791 0.9263
vn -0.6672 0.5561 -0.4956
# 3311 vertex normals

vt 0.5118 0.5259 0.7948
vt 0.5118 0.5259 0.5041
vt 0.5118 0.5259 0.5014
vt 0.5119 0.5259 0.5014
vt 0.5119 0.5259 0.5041
vt 0.5119 0.5258 0.5014
vt 0.5118 0.5258 0.5041
vt 0.5118 0.5258 0.5014
vt 0.5118 0.5259 0.6061
vt 0.5118 0.5259 0.7369
vt 0.5119 0.5259 0.7369
vt 0.5119 0.5259 0.6061
vt 0.5119 0.5258 0.7369
vt 0.5119 0.5258 0.6061
vt 0.5118 0.5258 0.7369
vt 0.5118 0.5258 0.6061
vt 0.5118 0.5259 0.8912
vt 0.5118 0.5259 1.0551
vt 0.5118 0.5259 1.2190
vt 0.5118 0.5259 1.3705
vt 0.5119 0.5259 1.2190
vt 0.5119 0.5259 1.0551
vt 0.5119 0.5259 1.3705
vt 0.5119 0.5258 1.2190
vt 0.5119 0.5258 1.0551
vt 0.5119 0.5258 1.3705
vt 0.5118 0.5258 1.2190
vt 0.5118 0.5258 1.0551
vt 0.5118 0.5258 1.3705
vt 0.5118 0.5259 1.5014
vt 0.5118 0.5259 1.1047
vt 0.5118 0.5258 1.5014
vt 0.5119 0.5258 1.5014
vt 0.5119 0.5259 1.5014
vt 0.5118 0.5258 0.8912
vt 0.5119 0.5258 0.8912
vt 0.5119 0.5259 0.8912
vt 0.6652 0.1834 0.0000
vt 0.6624 0.1834 0.0000
vt 0.6652 0.0221 0.0000
vt 0.6624 0.0221 0.0000
vt 0.6726 0.1834 0.0000
vt 0.6726 0.0221 0.0000
vt 0.6817 0.0221 0.0000
vt 0.6807 0.0108 0.0000
vt 0.6736 0.0108 0.0000
vt 0.6890 0.0221 0.0000
vt 0.6864 0.0108 0.0000
vt 0.6918 0.0221 0.0000
vt 0.6886 0.0108 0.0000
vt 0.6679 0.0108 0.0000
vt 0.6961 0.1891 0.0000
vt 0.6998 0.1891 0.0000
vt 0.7095 0.1891 0.0000
vt 0.7216 0.1891 0.0000
vt 0.7313 0.1891 0.0000
vt 0.7350 0.1891 0.0000
vt 0.7216 0.1734 0.0000
vt 0.7095 0.1734 0.0000
vt 0.7313 0.1734 0.0000
vt 0.7350 0.1734 0.0000
vt 0.6544 0.1747 0.0000
vt 0.6447 0.1747 0.0000
vt 0.6544 0.1904 0.0000
vt 0.6327 0.1904 0.0000
vt 0.6447 0.1904 0.0000
vt 0.6327 0.1747 0.0000
vt 0.6229 0.1904 0.0000
vt 0.6229 0.1747 0.0000
vt 0.6192 0.1904 0.0000
vt 0.6192 0.1747 0.0000
vt 0.7145 0.1089 0.0000
vt 0.7044 0.1089 0.0000
vt 0.7228 0.0968 0.0000
vt 0.7259 0.0773 0.0000
vt 0.7228 0.0578 0.0000
vt 0.7145 0.0458 0.0000
vt 0.7044 0.0458 0.0000
vt 0.6962 0.0578 0.0000
vt 0.6930 0.0773 0.0000
vt 0.6657 0.0108 0.0000
vt 0.6581 0.1904 0.0000
vt 0.6581 0.1747 0.0000
vt 0.5480 0.1749 0.0000
vt 0.5794 0.1749 0.0000
vt 0.5443 0.1749 0.0000
vt 0.5577 0.1749 0.0000
vt 0.5443 0.1906 0.0000
vt 0.5480 0.1906 0.0000
vt 0.5577 0.1906 0.0000
vt 0.5697 0.1906 0.0000
vt 0.5794 0.1906 0.0000
vt 0.5831 0.1906 0.0000
vt 0.5697 0.1905 0.0000
vt 0.5577 0.1905 0.0000
vt 0.5697 0.1749 0.0000
vt 0.5831 0.1749 0.0000
vt 0.5830 0.1748 0.0000
vt 0.5793 0.1748 0.0000
vt 0.5696 0.1748 0.0000
vt 0.5576 0.1748 0.0000
vt 0.5479 0.1748 0.0000
vt 0.5442 0.1748 0.0000
vt 0.5442 0.1905 0.0000
vt 0.5479 0.1905 0.0000
vt 0.5576 0.1905 0.0000
vt 0.5696 0.1905 0.0000
vt 0.5793 0.1905 0.0000
vt 0.5830 0.1905 0.0000
vt 0.6890 0.1834 0.0000
vt 0.6918 0.1834 0.0000
vt 0.6817 0.1834 0.0000
vt 0.6998 0.1734 0.0000
vt 0.6961 0.1734 0.0000
vt 0.7139 0.1039 0.0000
vt 0.7043 0.1039 0.0000
vt 0.7217 0.0931 0.0000
vt 0.7246 0.0755 0.0000
vt 0.7217 0.0579 0.0000
vt 0.7139 0.0470 0.0000
vt 0.7043 0.0470 0.0000
vt 0.6966 0.0579 0.0000
vt 0.6936 0.0755 0.0000
vt 0.6966 0.0931 0.0000
vt 0.5578 0.8303 0.0000
vt 0.5633 0.8303 0.0000
vt 0.5578 0.8054 0.0000
vt 0.5633 0.8054 0.0000
vt 0.5777 0.8303 0.0000
vt 0.5777 0.8054 0.0000
vt 0.5955 0.8053 0.0000
vt 0.5777 0.8053 0.0000
vt 0.6099 0.8053 0.0000
vt 0.6154 0.8053 0.0000
vt 0.5633 0.8053 0.0000
vt 0.5578 0.8053 0.0000
vt 0.5159 0.9910 0.0000
vt 0.5118 0.9910 0.0000
vt 0.5159 0.8541 0.0000
vt 0.5192 0.8541 0.0000
vt 0.5192 0.9910 0.0000
vt 0.5205 0.8541 0.0000
vt 0.5205 0.9910 0.0000
vt 0.5955 0.8302 0.0000
vt 0.5777 0.8302 0.0000
vt 0.6099 0.8302 0.0000
vt 0.6154 0.8302 0.0000
vt 0.6100 0.8303 0.0000
vt 0.6155 0.8303 0.0000
vt 0.6100 0.8054 0.0000
vt 0.6155 0.8054 0.0000
vt 0.5956 0.8303 0.0000
vt 0.5956 0.8054 0.0000
vt 0.5633 0.8302 0.0000
vt 0.5578 0.8302 0.0000
vt 0.5389 0.8539 0.0000
vt 0.5374 0.8637 0.0000
vt 0.5374 0.8440 0.0000
vt 0.5335 0.8379 0.0000
vt 0.5286 0.8379 0.0000
vt 0.5247 0.8440 0.0000
vt 0.5232 0.8539 0.0000
vt 0.5247 0.8637 0.0000
vt 0.5286 0.8698 0.0000
vt 0.5335 0.8698 0.0000
vt 0.5118 0.8541 0.0000
vt 0.5085 0.8541 0.0000
vt 0.5085 0.9910 0.0000
vt 0.5072 0.8541 0.0000
vt 0.5072 0.9910 0.0000
vt 0.5122 0.8445 0.0000
vt 0.5154 0.8445 0.0000
vt 0.5449 0.9891 0.0000
vt 0.5409 0.9476 0.0000
vt 0.5456 0.9516 0.0000
vt 0.5526 0.9406 0.0000
vt 0.5539 0.9891 0.0000
vt 0.5499 0.9533 0.0000
vt 0.6962 0.0968 0.0000
vt 0.5097 0.8445 0.0000
vt 0.5087 0.8445 0.0000
vt 0.5265 0.9895 0.0000
vt 0.5180 0.8445 0.0000
vt 0.5190 0.8445 0.0000
vt 0.7215 0.1733 0.0000
vt 0.7095 0.1733 0.0000
vt 0.7313 0.1733 0.0000
vt 0.7350 0.1733 0.0000
vt 0.6998 0.1733 0.0000
vt 0.6961 0.1733 0.0000
vt 0.7215 0.1891 0.0000
vt 0.7782 0.3298 0.0000
vt 0.7999 0.3299 0.0000
vt 0.7783 0.3624 0.0000
vt 0.8546 0.3301 0.0000
vt 0.9113 0.3304 0.0000
vt 0.7636 0.3967 0.0000
vt 0.7633 0.3640 0.0000
vt 0.7774 0.3965 0.0000
vt 0.7782 0.4551 0.0000
vt 0.8031 0.4551 0.0000
vt 0.8048 0.4258 0.0000
vt 0.8476 0.2326 0.0000
vt 0.8476 0.2791 0.0000
vt 0.8010 0.2326 0.0000
vt 0.8010 0.2791 0.0000
vt 0.9240 0.2223 0.0000
vt 0.9240 0.2910 0.0000
vt 0.8677 0.2223 0.0000
vt 0.8677 0.2910 0.0000
vt 0.8820 0.4258 0.0000
vt 0.9156 0.4535 0.0000
vt 0.8854 0.4535 0.0000
vt 0.9156 0.3786 0.0000
vt 0.8002 0.2887 0.0000
vt 0.8471 0.2889 0.0000
vt 0.7897 0.2902 0.0000
vt 0.7897 0.2215 0.0000
vt 0.7682 0.2215 0.0000
vt 0.7682 0.2902 0.0000
vt 0.9174 0.3798 0.0000
vt 0.9310 0.3314 0.0000
vt 0.9853 0.3798 0.0000
vt 0.9828 0.3314 0.0000
vt 0.9174 0.4549 0.0000
vt 0.9853 0.4549 0.0000
vt 0.5346 0.0131 0.0000
vt 0.5368 0.0131 0.0000
vt 0.5372 0.0243 0.0000
vt 0.5400 0.0243 0.0000
vt 0.5299 0.0243 0.0000
vt 0.5289 0.0131 0.0000
vt 0.5208 0.0243 0.0000
vt 0.5218 0.0131 0.0000
vt 0.5135 0.0243 0.0000
vt 0.5161 0.0131 0.0000
vt 0.5107 0.0243 0.0000
vt 0.5140 0.0131 0.0000
vt 0.5620 0.1058 0.0000
vt 0.5525 0.1058 0.0000
vt 0.5698 0.0950 0.0000
vt 0.5530 0.1500 0.0000
vt 0.5609 0.1500 0.0000
vt 0.5648 0.1378 0.0000
vt 0.5609 0.1256 0.0000
vt 0.5530 0.1256 0.0000
vt 0.5491 0.1378 0.0000
vt 0.5107 0.1848 0.0000
vt 0.5208 0.1848 0.0000
vt 0.5135 0.1848 0.0000
vt 0.5299 0.1848 0.0000
vt 0.5727 0.0775 0.0000
vt 0.5698 0.0600 0.0000
vt 0.5620 0.0492 0.0000
vt 0.5525 0.0492 0.0000
vt 0.5447 0.0600 0.0000
vt 0.5418 0.0775 0.0000
vt 0.5447 0.0950 0.0000
vt 0.5372 0.1848 0.0000
vt 0.5400 0.1848 0.0000
vt 0.5498 0.1604 0.0000
vt 0.5426 0.1378 0.0000
vt 0.5515 0.1545 0.0000
vt 0.5461 0.1378 0.0000
vt 0.5641 0.1604 0.0000
vt 0.5624 0.1545 0.0000
vt 0.5713 0.1378 0.0000
vt 0.5678 0.1378 0.0000
vt 0.5641 0.1152 0.0000
vt 0.5624 0.1211 0.0000
vt 0.5498 0.1152 0.0000
vt 0.5515 0.1211 0.0000
vt 0.1438 0.7314 0.0000
vt 0.1181 0.7313 0.0000
vt 0.1438 0.6592 0.0000
vt 0.0556 0.6597 0.0000
vt 0.0734 0.6591 0.0000
vt 0.0553 0.7313 0.0000
vt 0.0732 0.7313 0.0000
vt 0.0988 0.7313 0.0000
vt 0.0989 0.6592 0.0000
vt 0.1182 0.6592 0.0000
vt 0.0134 0.8507 0.0000
vt 0.0134 0.8584 0.0000
vt 0.0018 0.8507 0.0000
vt 0.0019 0.8585 0.0000
vt 0.0180 0.8813 0.0000
vt 0.0134 0.8813 0.0000
vt 0.0180 0.8584 0.0000
vt 0.0020 0.8888 0.0000
vt 0.0019 0.8813 0.0000
vt 0.0134 0.8889 0.0000
vt 0.0180 0.8585 0.0000
vt 0.0134 0.8585 0.0000
vt 0.2772 0.6808 0.0000
vt 0.2772 0.7218 0.0000
vt 0.2717 0.6810 0.0000
vt 0.2717 0.7218 0.0000
vt 0.2635 0.6810 0.0000
vt 0.2636 0.7218 0.0000
vt 0.2588 0.7218 0.0000
vt 0.2588 0.6810 0.0000
vt 0.2635 0.7218 0.0000
vt 0.2395 0.7053 0.0000
vt 0.2395 0.7149 0.0000
vt 0.2305 0.7053 0.0000
vt 0.2306 0.7149 0.0000
vt 0.0652 0.6519 0.0000
vt 0.0478 0.6519 0.0000
vt 0.0652 0.6031 0.0000
vt 0.0480 0.6030 0.0000
vt 0.0652 0.5739 0.0000
vt 0.0782 0.6031 0.0000
vt 0.0782 0.5739 0.0000
vt 0.0956 0.6031 0.0000
vt 0.0782 0.6519 0.0000
vt 0.0955 0.6519 0.0000
vt 0.0359 0.6034 0.0000
vt 0.0357 0.6518 0.0000
vt 0.0989 0.6160 0.0000
vt 0.1181 0.6161 0.0000
vt 0.4785 0.8178 0.0000
vt 0.4663 0.8282 0.0000
vt 0.4658 0.8186 0.0000
vt 0.4789 0.8288 0.0000
vt 0.4650 0.8770 0.0000
vt 0.4488 0.8452 0.0000
vt 0.4667 0.8715 0.0000
vt 0.4504 0.8403 0.0000
vt 0.4898 0.8691 0.0000
vt 0.4900 0.8368 0.0000
vt 0.4879 0.8271 0.0000
vt 0.4644 0.9456 0.0000
vt 0.4647 0.9090 0.0000
vt 0.4825 0.9311 0.0000
vt 0.4682 0.8796 0.0000
vt 0.4651 0.8837 0.0000
vt 0.1991 0.8255 0.0000
vt 0.1986 0.8419 0.0000
vt 0.1859 0.8254 0.0000
vt 0.1857 0.8417 0.0000
vt 0.1985 0.9491 0.0000
vt 0.1998 0.9884 0.0000
vt 0.1858 0.9508 0.0000
vt 0.1853 0.9927 0.0000
vt 0.4496 0.9089 0.0000
vt 0.4504 0.9452 0.0000
vt 0.4514 0.8760 0.0000
vt 0.4509 0.8621 0.0000
vt 0.4575 0.8689 0.0000
vt 0.4516 0.8834 0.0000
vt 0.4381 0.9095 0.0000
vt 0.4380 0.9484 0.0000
vt 0.4422 0.8784 0.0000
vt 0.4400 0.8641 0.0000
vt 0.4380 0.8861 0.0000
vt 0.4197 0.9484 0.0000
vt 0.4196 0.9095 0.0000
vt 0.4288 0.8796 0.0000
vt 0.4299 0.8629 0.0000
vt 0.4288 0.9852 0.0000
vt 0.4377 0.9855 0.0000
vt 0.4509 0.9829 0.0000
vt 0.4576 0.9805 0.0000
vt 0.4827 0.9660 0.0000
vt 0.2637 0.7232 0.0000
vt 0.2692 0.6752 0.0000
vt 0.2771 0.6954 0.0000
vt 0.2796 0.7091 0.0000
vt 0.2805 0.7463 0.0000
vt 0.1699 0.2860 0.0000
vt 0.1700 0.2791 0.0000
vt 0.1734 0.2875 0.0000
vt 0.1737 0.2814 0.0000
vt 0.4288 0.8867 0.0000
vt 0.4359 0.8275 0.0000
vt 0.4364 0.8213 0.0000
vt 0.4481 0.8491 0.0000
vt 0.4648 0.8531 0.0000
vt 0.1792 0.2845 0.0000
vt 0.1734 0.2877 0.0000
vt 0.4459 0.8321 0.0000
vt 0.1979 0.8653 0.0000
vt 0.1860 0.8621 0.0000
vt 0.2046 0.8873 0.0000
vt 0.1975 0.8907 0.0000
vt 0.2085 0.8640 0.0000
vt 0.2046 0.9193 0.0000
vt 0.1976 0.9225 0.0000
vt 0.2165 0.9606 0.0000
vt 0.3805 0.8208 0.0000
vt 0.3801 0.8317 0.0000
vt 0.3716 0.8301 0.0000
vt 0.1740 0.8907 0.0000
vt 0.1734 0.8653 0.0000
vt 0.1739 0.9225 0.0000
vt 0.3924 0.8211 0.0000
vt 0.3921 0.8311 0.0000
vt 0.4080 0.8412 0.0000
vt 0.4093 0.8460 0.0000
vt 0.3918 0.8744 0.0000
vt 0.3934 0.8799 0.0000
vt 0.3704 0.8715 0.0000
vt 0.3698 0.8402 0.0000
vt 0.3767 0.9340 0.0000
vt 0.3937 0.9120 0.0000
vt 0.3940 0.9485 0.0000
vt 0.3933 0.8866 0.0000
vt 0.3903 0.8826 0.0000
vt 0.1725 0.8247 0.0000
vt 0.1729 0.8425 0.0000
vt 0.4122 0.8325 0.0000
vt 0.4186 0.8244 0.0000
vt 0.4073 0.9482 0.0000
vt 0.4080 0.9089 0.0000
vt 0.4059 0.8629 0.0000
vt 0.4063 0.8763 0.0000
vt 0.3998 0.8719 0.0000
vt 0.4061 0.8834 0.0000
vt 0.4172 0.8631 0.0000
vt 0.4154 0.8783 0.0000
vt 0.4197 0.8861 0.0000
vt 0.4092 0.9824 0.0000
vt 0.4200 0.9855 0.0000
vt 0.4015 0.9847 0.0000
vt 0.3765 0.9695 0.0000
vt 0.2637 0.6724 0.0000
vt 0.2503 0.6954 0.0000
vt 0.2582 0.6752 0.0000
vt 0.2475 0.7091 0.0000
vt 0.2501 0.7413 0.0000
vt 0.1662 0.2803 0.0000
vt 0.1665 0.2873 0.0000
vt 0.2888 0.9774 0.0000
vt 0.2652 0.9673 0.0000
vt 0.2902 0.9025 0.0000
vt 0.4100 0.8487 0.0000
vt 0.4187 0.8305 0.0000
vt 0.3924 0.8501 0.0000
vt 0.1606 0.2842 0.0000
vt 0.1661 0.2801 0.0000
vt 0.1635 0.8635 0.0000
vt 0.1666 0.8873 0.0000
vt 0.1665 0.9182 0.0000
vt 0.1731 0.9486 0.0000
vt 0.1549 0.9585 0.0000
vt 0.3634 0.9128 0.0000
vt 0.4928 0.9458 0.0000
vt 0.4953 0.9062 0.0000
vt 0.3151 0.9700 0.0000
vt 0.3002 0.9025 0.0000
vt 0.2795 0.9025 0.0000
vt 0.2602 0.9196 0.0000
vt 0.2507 0.9580 0.0000
vt 0.3288 0.9263 0.0000
vt 0.3337 0.9481 0.0000
vt 0.3162 0.9196 0.0000
vt 0.2414 0.9242 0.0000
vt 0.2352 0.9379 0.0000
vt 0.3283 0.9607 0.0000
vt 0.1731 0.9885 0.0000
vt 0.3647 0.9481 0.0000
vt 0.3368 0.7724 0.0000
vt 0.3287 0.7725 0.0000
vt 0.3367 0.8000 0.0000
vt 0.3286 0.8001 0.0000
vt 0.3192 0.7726 0.0000
vt 0.3190 0.8002 0.0000
vt 0.3112 0.7726 0.0000
vt 0.3109 0.8003 0.0000
vt 0.3762 0.7725 0.0000
vt 0.3699 0.7725 0.0000
vt 0.3762 0.8001 0.0000
vt 0.3699 0.8001 0.0000
vt 0.3615 0.7725 0.0000
vt 0.3615 0.8001 0.0000
vt 0.3514 0.7724 0.0000
vt 0.3514 0.8000 0.0000
vt 0.3431 0.7724 0.0000
vt 0.3429 0.8000 0.0000
vt 0.3309 0.8447 0.0000
vt 0.3381 0.8670 0.0000
vt 0.3336 0.8186 0.0000
vt 0.3448 0.8041 0.0000
vt 0.3578 0.8097 0.0000
vt 0.3651 0.8320 0.0000
vt 0.3623 0.8580 0.0000
vt 0.3511 0.8725 0.0000
vt 0.3746 0.6219 0.0000
vt 0.3746 0.6624 0.0000
vt 0.3941 0.6219 0.0000
vt 0.3941 0.6624 0.0000
vt 0.3940 0.6086 0.0000
vt 0.3941 0.6220 0.0000
vt 0.3746 0.6087 0.0000
vt 0.4053 0.6627 0.0000
vt 0.3941 0.6620 0.0000
vt 0.4054 0.6221 0.0000
vt 0.3942 0.6216 0.0000
vt 0.3746 0.6727 0.0000
vt 0.3942 0.6724 0.0000
vt 0.4053 0.6214 0.0000
vt 0.4052 0.6620 0.0000
vt 0.3651 0.8328 0.0000
vt 0.3620 0.8587 0.0000
vt 0.3581 0.8102 0.0000
vt 0.3452 0.8040 0.0000
vt 0.3339 0.8180 0.0000
vt 0.3308 0.8439 0.0000
vt 0.3378 0.8665 0.0000
vt 0.3507 0.8727 0.0000
vt 0.4053 0.6215 0.0000
vt 0.4054 0.6619 0.0000
vt 0.3941 0.6626 0.0000
vt 0.4255 0.6635 0.0000
vt 0.4196 0.6836 0.0000
vt 0.4125 0.6638 0.0000
vt 0.4105 0.6924 0.0000
vt 0.4059 0.6643 0.0000
vt 0.4193 0.6296 0.0000
vt 0.4147 0.6263 0.0000
vt 0.4146 0.6265 0.0000
vt 0.4060 0.6643 0.0000
vt 0.4191 0.6298 0.0000
vt 0.4122 0.6637 0.0000
vt 0.4103 0.6924 0.0000
vt 0.4196 0.6833 0.0000
vt 0.4724 0.6974 0.0000
vt 0.4852 0.6820 0.0000
vt 0.4740 0.6611 0.0000
vt 0.4898 0.6751 0.0000
vt 0.4802 0.6500 0.0000
vt 0.4491 0.6444 0.0000
vt 0.4289 0.6590 0.0000
vt 0.4515 0.6704 0.0000
vt 0.4285 0.6770 0.0000
vt 0.4285 0.6769 0.0000
vt 0.4289 0.6587 0.0000
vt 0.4803 0.6499 0.0000
vt 0.4900 0.6748 0.0000
vt 0.4743 0.6610 0.0000
vt 0.4851 0.6822 0.0000
vt 0.4738 0.6611 0.0000
vt 0.4713 0.6342 0.0000
vt 0.4518 0.6883 0.0000
vt 0.4710 0.6342 0.0000
vt 0.3809 0.7893 0.0000
vt 0.3991 0.7166 0.0000
vt 0.3892 0.7967 0.0000
vt 0.4084 0.7969 0.0000
vt 0.4169 0.7896 0.0000
vt 0.3990 0.8024 0.0000
vt 0.3918 0.8090 0.0000
vt 0.3855 0.8051 0.0000
vt 0.4129 0.8041 0.0000
vt 0.4062 0.8091 0.0000
vt 0.3989 0.8141 0.0000
vt 0.2698 0.7057 0.0000
vt 0.2645 0.7042 0.0000
vt 0.2696 0.6723 0.0000
vt 0.2643 0.6707 0.0000
vt 0.2592 0.7062 0.0000
vt 0.2590 0.6728 0.0000
vt 0.2539 0.7083 0.0000
vt 0.2537 0.6749 0.0000
vt 0.2751 0.7073 0.0000
vt 0.2749 0.6738 0.0000
vt 0.4491 0.6451 0.0000
vt 0.4288 0.6590 0.0000
vt 0.4514 0.6703 0.0000
vt 0.4284 0.6772 0.0000
vt 0.4858 0.6832 0.0000
vt 0.4897 0.6740 0.0000
vt 0.4741 0.6615 0.0000
vt 0.4803 0.6503 0.0000
vt 0.4487 0.6445 0.0000
vt 0.4517 0.6701 0.0000
vt 0.4712 0.6346 0.0000
vt 0.4741 0.6613 0.0000
vt 0.0250 0.1814 0.0000
vt 0.0293 0.1675 0.0000
vt 0.0331 0.2187 0.0000
vt 0.0342 0.1987 0.0000
vt 0.0421 0.2377 0.0000
vt 0.0421 0.2462 0.0000
vt 0.0623 0.0291 0.0000
vt 0.0633 0.0440 0.0000
vt 0.0501 0.0291 0.0000
vt 0.0511 0.0429 0.0000
vt 0.0421 0.0280 0.0000
vt 0.0421 0.0376 0.0000
vt 0.0575 0.0119 0.0000
vt 0.0707 0.0238 0.0000
vt 0.0707 0.0058 0.0000
vt 0.0498 0.0159 0.0000
vt 0.0441 0.0215 0.0000
vt 0.0241 0.2028 0.0000
vt 0.0284 0.2356 0.0000
vt 0.0368 0.2472 0.0000
vt 0.0707 0.0450 0.0000
vt 0.1078 0.1977 0.0000
vt 0.1082 0.2186 0.0000
vt 0.0993 0.2377 0.0000
vt 0.0993 0.2462 0.0000
vt 0.0792 0.0291 0.0000
vt 0.0914 0.0291 0.0000
vt 0.0781 0.0440 0.0000
vt 0.0903 0.0429 0.0000
vt 0.0993 0.0280 0.0000
vt 0.0993 0.0376 0.0000
vt 0.1226 0.1710 0.0000
vt 0.1184 0.1609 0.0000
vt 0.0840 0.0069 0.0000
vt 0.0919 0.0132 0.0000
vt 0.0979 0.0194 0.0000
vt 0.1240 0.1931 0.0000
vt 0.1131 0.2354 0.0000
vt 0.1046 0.2472 0.0000
vt 0.0707 0.1054 0.0000
vt 0.0707 0.1109 0.0000
vt 0.0665 0.1054 0.0000
vt 0.0686 0.1131 0.0000
vt 0.0623 0.1166 0.0000
vt 0.0662 0.1180 0.0000
vt 0.0672 0.1223 0.0000
vt 0.0665 0.1120 0.0000
vt 0.0638 0.1107 0.0000
vt 0.0638 0.1065 0.0000
vt 0.0596 0.1097 0.0000
vt 0.0596 0.1044 0.0000
vt 0.0607 0.1086 0.0000
vt 0.0607 0.1044 0.0000
vt 0.0601 0.1251 0.0000
vt 0.0589 0.1337 0.0000
vt 0.0650 0.1351 0.0000
vt 0.0587 0.1169 0.0000
vt 0.0535 0.1263 0.0000
vt 0.0654 0.1141 0.0000
vt 0.0607 0.1107 0.0000
vt 0.0638 0.1128 0.0000
vt 0.0596 0.1107 0.0000
vt 0.0644 0.1149 0.0000
vt 0.0665 0.1152 0.0000
vt 0.0607 0.1139 0.0000
vt 0.0564 0.1090 0.0000
vt 0.0681 0.1141 0.0000
vt 0.0542 0.1165 0.0000
vt 0.0570 0.1065 0.0000
vt 0.0570 0.1012 0.0000
vt 0.0601 0.1001 0.0000
vt 0.0533 0.0779 0.0000
vt 0.0623 0.0779 0.0000
vt 0.0564 0.0895 0.0000
vt 0.0505 0.1171 0.0000
vt 0.0547 0.1045 0.0000
vt 0.0484 0.1266 0.0000
vt 0.0707 0.1131 0.0000
vt 0.0706 0.1223 0.0000
vt 0.0547 0.1024 0.0000
vt 0.0522 0.0927 0.0000
vt 0.0517 0.1012 0.0000
vt 0.0420 0.1255 0.0000
vt 0.0453 0.1075 0.0000
vt 0.0707 0.1359 0.0000
vt 0.0379 0.0419 0.0000
vt 0.0485 0.0504 0.0000
vt 0.0374 0.1905 0.0000
vt 0.0350 0.1617 0.0000
vt 0.0464 0.2303 0.0000
vt 0.0261 0.1517 0.0000
vt 0.0707 0.0906 0.0000
vt 0.0633 0.0906 0.0000
vt 0.0707 0.0779 0.0000
vt 0.0707 0.0970 0.0000
vt 0.0665 0.0980 0.0000
vt 0.0617 0.0694 0.0000
vt 0.0707 0.0694 0.0000
vt 0.0517 0.0578 0.0000
vt 0.0638 0.0536 0.0000
vt 0.4741 0.7432 0.0000
vt 0.4749 0.7181 0.0000
vt 0.4646 0.7459 0.0000
vt 0.0522 0.0694 0.0000
vt 0.0490 0.0874 0.0000
vt 0.0707 0.0546 0.0000
vt 0.0480 0.1012 0.0000
vt 0.0750 0.1054 0.0000
vt 0.0728 0.1131 0.0000
vt 0.0744 0.1223 0.0000
vt 0.0750 0.1120 0.0000
vt 0.0776 0.1107 0.0000
vt 0.0776 0.1065 0.0000
vt 0.0818 0.1097 0.0000
vt 0.0803 0.1086 0.0000
vt 0.0813 0.1044 0.0000
vt 0.0803 0.1044 0.0000
vt 0.0755 0.1141 0.0000
vt 0.0808 0.1107 0.0000
vt 0.0776 0.1128 0.0000
vt 0.0818 0.1107 0.0000
vt 0.0771 0.1149 0.0000
vt 0.0750 0.1152 0.0000
vt 0.0808 0.1139 0.0000
vt 0.0790 0.1172 0.0000
vt 0.0837 0.1177 0.0000
vt 0.0795 0.1242 0.0000
vt 0.0754 0.1183 0.0000
vt 0.0733 0.1137 0.0000
vt 0.0781 0.0906 0.0000
vt 0.0847 0.1104 0.0000
vt 0.0875 0.1262 0.0000
vt 0.0845 0.1065 0.0000
vt 0.0813 0.1001 0.0000
vt 0.0845 0.1012 0.0000
vt 0.0871 0.1054 0.0000
vt 0.0875 0.1185 0.0000
vt 0.0910 0.1171 0.0000
vt 0.0925 0.1266 0.0000
vt 0.0866 0.1033 0.0000
vt 0.0850 0.0895 0.0000
vt 0.0887 0.0927 0.0000
vt 0.0898 0.1012 0.0000
vt 0.0752 0.1278 0.0000
vt 0.0994 0.1255 0.0000
vt 0.0956 0.1075 0.0000
vt 0.1030 0.0419 0.0000
vt 0.0930 0.0504 0.0000
vt 0.1041 0.1905 0.0000
vt 0.0945 0.2303 0.0000
vt 0.1059 0.1617 0.0000
vt 0.1153 0.1517 0.0000
vt 0.0787 0.0779 0.0000
vt 0.0750 0.0980 0.0000
vt 0.0797 0.0694 0.0000
vt 0.0898 0.0578 0.0000
vt 0.0771 0.0536 0.0000
vt 0.0882 0.0779 0.0000
vt 0.0893 0.0694 0.0000
vt 0.0924 0.0874 0.0000
vt 0.0930 0.1012 0.0000
vt 0.0820 0.1337 0.0000
vt 0.2674 0.1122 0.0000
vt 0.2875 0.1126 0.0000
vt 0.2779 0.1220 0.0000
vt 0.2939 0.1384 0.0000
vt 0.2932 0.1387 0.0000
vt 0.2768 0.1225 0.0000
vt 0.2606 0.1381 0.0000
vt 0.2613 0.1378 0.0000
vt 0.2777 0.1540 0.0000
vt 0.3485 0.0304 0.0000
vt 0.3499 0.0256 0.0000
vt 0.3481 0.0294 0.0000
vt 0.2871 0.1643 0.0000
vt 0.2766 0.1545 0.0000
vt 0.2670 0.1639 0.0000
vt 0.2661 0.1096 0.0000
vt 0.2875 0.1100 0.0000
vt 0.2773 0.1197 0.0000
vt 0.2942 0.1366 0.0000
vt 0.2935 0.1369 0.0000
vt 0.2761 0.1202 0.0000
vt 0.2589 0.1363 0.0000
vt 0.2597 0.1360 0.0000
vt 0.2770 0.1527 0.0000
vt 0.2870 0.1633 0.0000
vt 0.2759 0.1532 0.0000
vt 0.2657 0.1629 0.0000
vt 0.3491 0.0324 0.0000
vt 0.3512 0.0255 0.0000
vt 0.3455 0.0304 0.0000
vt 0.3446 0.0324 0.0000
vt 0.3443 0.0256 0.0000
vt 0.3430 0.0256 0.0000
vt 0.3459 0.0205 0.0000
vt 0.3452 0.0180 0.0000
vt 0.3483 0.0205 0.0000
vt 0.3489 0.0180 0.0000
vt 0.3493 0.0256 0.0000
vt 0.3478 0.0285 0.0000
vt 0.3486 0.0256 0.0000
vt 0.3460 0.0294 0.0000
vt 0.3462 0.0286 0.0000
vt 0.3448 0.0256 0.0000
vt 0.3454 0.0256 0.0000
vt 0.3460 0.0214 0.0000
vt 0.3463 0.0225 0.0000
vt 0.3480 0.0214 0.0000
vt 0.3478 0.0224 0.0000
vt 0.4648 0.7198 0.0000
vt 0.4583 0.7204 0.0000
vt 0.4518 0.7198 0.0000
vt 0.4522 0.7460 0.0000
vt 0.4584 0.7462 0.0000
vt 0.4415 0.7194 0.0000
vt 0.4426 0.7435 0.0000
vt 0.4311 0.7153 0.0000
vt 0.4292 0.7378 0.0000
vt 0.4374 0.7179 0.0000
vt 0.4366 0.7401 0.0000
vt 0.4460 0.7191 0.0000
vt 0.4468 0.7440 0.0000
vt 0.4583 0.7202 0.0000
vt 0.4584 0.7461 0.0000
vt 0.4706 0.7189 0.0000
vt 0.4699 0.7437 0.0000
vt 0.4792 0.7171 0.0000
vt 0.4801 0.7397 0.0000
vt 0.4852 0.7128 0.0000
vt 0.4874 0.7371 0.0000
vt 0.4777 0.7128 0.0000
vt 0.4700 0.7145 0.0000
vt 0.4459 0.7481 0.0000
vt 0.4513 0.7633 0.0000
vt 0.4350 0.7481 0.0000
vt 0.4289 0.7796 0.0000
vt 0.4289 0.7637 0.0000
vt 0.4368 0.7905 0.0000
vt 0.4479 0.7826 0.0000
vt 0.4591 0.7859 0.0000
vt 0.4672 0.7741 0.0000
vt 0.4654 0.7863 0.0000
vt 0.4752 0.7907 0.0000
vt 0.4737 0.7812 0.0000
vt 0.4654 0.7864 0.0000
vt 0.4672 0.7742 0.0000
vt 0.4855 0.7830 0.0000
vt 0.4815 0.7783 0.0000
vt 0.4843 0.7673 0.0000
vt 0.4895 0.7667 0.0000
vt 0.4797 0.7435 0.0000
vt 0.4814 0.7586 0.0000
vt 0.4760 0.7541 0.0000
vt 0.4691 0.7600 0.0000
vt 0.4675 0.7485 0.0000
vt 0.4569 0.7627 0.0000
vt 0.4676 0.7484 0.0000
vt 0.4682 0.7588 0.0000
vt 0.4797 0.7434 0.0000
vt 0.4760 0.7540 0.0000
vt 0.4815 0.7585 0.0000
vt 0.4896 0.7666 0.0000
vt 0.4856 0.7829 0.0000
vt 0.4816 0.7782 0.0000
vt 0.4844 0.7672 0.0000
vt 0.4737 0.7811 0.0000
vt 0.4753 0.7906 0.0000
vt 0.4687 0.7724 0.0000
vt 0.4570 0.7627 0.0000
vt 0.4512 0.7633 0.0000
vt 0.4479 0.7827 0.0000
vt 0.4460 0.7480 0.0000
vt 0.4287 0.7636 0.0000
vt 0.4349 0.7481 0.0000
vt 0.4288 0.7801 0.0000
vt 0.4365 0.7904 0.0000
vt 0.4389 0.7137 0.0000
vt 0.4466 0.7147 0.0000
vt 0.4583 0.7157 0.0000
vt 0.3151 0.9601 0.0000
vt 0.2888 0.9676 0.0000
vt 0.2652 0.9575 0.0000
vt 0.3283 0.9509 0.0000
vt 0.3337 0.9382 0.0000
vt 0.2507 0.9481 0.0000
vt 0.2352 0.9281 0.0000
vt 0.1375 0.8813 0.0000
vt 0.1424 0.8799 0.0000
vt 0.1331 0.8794 0.0000
vt 0.1448 0.8782 0.0000
vt 0.1458 0.8759 0.0000
vt 0.1305 0.8777 0.0000
vt 0.1276 0.8740 0.0000
vt 0.3050 0.1248 0.0000
vt 0.3037 0.1017 0.0000
vt 0.3243 0.1217 0.0000
vt 0.4360 0.0353 0.0000
vt 0.4369 0.0111 0.0000
vt 0.4482 0.0300 0.0000
vt 0.4336 0.0601 0.0000
vt 0.4399 0.0504 0.0000
vt 0.4888 0.0667 0.0000
vt 0.4696 0.0786 0.0000
vt 0.4918 0.0218 0.0000
vt 0.4675 0.1338 0.0000
vt 0.4860 0.1002 0.0000
vt 0.4840 0.1227 0.0000
vt 0.4479 -0.0081 0.0000
vt 0.4484 0.0110 0.0000
vt 0.4359 -0.0064 0.0000
vt 0.3020 0.2319 0.0000
vt 0.2997 0.2676 0.0000
vt 0.2948 0.2338 0.0000
vt 0.1197 0.2121 0.0000
vt 0.1145 0.2026 0.0000
vt 0.1144 0.2196 0.0000
vt 0.3179 0.2257 0.0000
vt 0.3039 0.2101 0.0000
vt 0.1061 0.2172 0.0000
vt 0.1216 0.1990 0.0000
vt 0.3196 0.1989 0.0000
vt 0.3046 0.1743 0.0000
vt 0.1084 0.1940 0.0000
vt 0.4488 0.0782 0.0000
vt 0.4488 0.0233 0.0000
vt 0.4698 0.0210 0.0000
vt 0.3009 0.0677 0.0000
vt 0.3017 0.0337 0.0000
vt 0.3253 0.0459 0.0000
vt 0.1207 0.1962 0.0000
vt 0.1145 0.1994 0.0000
vt 0.1096 0.1931 0.0000
vt 0.1077 0.1758 0.0000
vt 0.1095 0.1750 0.0000
vt 0.1241 0.1863 0.0000
vt 0.1102 0.1593 0.0000
vt 0.1168 0.1612 0.0000
vt 0.1111 0.1703 0.0000
vt 0.1233 0.1695 0.0000
vt 0.1621 0.0469 0.0000
vt 0.1681 0.0504 0.0000
vt 0.1718 0.0254 0.0000
vt 0.1205 0.1622 0.0000
vt 0.4479 0.0446 0.0000
vt 0.4472 0.0992 0.0000
vt 0.4322 0.0814 0.0000
vt 0.4334 0.0597 0.0000
vt 0.4377 0.0992 0.0000
vt 0.4309 0.0946 0.0000
vt 0.4369 0.0154 0.0000
vt 0.3449 0.2117 0.0000
vt 0.3309 0.1707 0.0000
vt 0.3449 0.1702 0.0000
vt 0.4487 0.0110 0.0000
vt 0.3449 0.2923 0.0000
vt 0.3216 0.2536 0.0000
vt 0.3449 0.2567 0.0000
vt 0.0599 0.0459 0.0000
vt 0.0689 0.0436 0.0000
vt 0.0609 0.0369 0.0000
vt 0.0466 0.0420 0.0000
vt 0.0496 0.0324 0.0000
vt 0.0902 0.0427 0.0000
vt 0.0922 0.0308 0.0000
vt 0.0848 0.0376 0.0000
vt 0.3199 0.2848 0.0000
vt 0.3073 0.2502 0.0000
vt 0.0751 0.0284 0.0000
vt 0.1000 0.0468 0.0000
vt 0.0925 0.0292 0.0000
vt 0.3260 0.0874 0.0000
vt 0.1802 0.1834 0.0000
vt 0.1831 0.2064 0.0000
vt 0.2038 0.2063 0.0000
vt 0.3225 0.1515 0.0000
vt 0.4834 0.1328 0.0000
vt 0.3225 0.1726 0.0000
vt 0.4662 0.1521 0.0000
vt 0.4809 0.1757 0.0000
vt 0.1520 0.0020 0.0000
vt 0.1520 0.0051 0.0000
vt 0.1618 0.0019 0.0000
vt 0.1619 0.0052 0.0000
vt 0.1742 0.0691 0.0000
vt 0.1613 0.0835 0.0000
vt 0.1580 0.0761 0.0000
vt 0.1939 0.0844 0.0000
vt 0.1899 0.0622 0.0000
vt 0.1781 0.0884 0.0000
vt 0.1131 0.1619 0.0000
vt 0.1514 0.0921 0.0000
vt 0.1664 0.1025 0.0000
vt 0.1562 0.1139 0.0000
vt 0.1750 0.1319 0.0000
vt 0.1861 0.1125 0.0000
vt 0.1578 0.1417 0.0000
vt 0.1401 0.1089 0.0000
vt 0.1441 0.1384 0.0000
vt 0.1264 0.1346 0.0000
vt 0.1263 0.1142 0.0000
vt 0.2011 0.1048 0.0000
vt 0.1920 0.1384 0.0000
vt 0.2082 0.1272 0.0000
vt 0.2066 0.0652 0.0000
vt 0.2138 0.0917 0.0000
vt 0.2188 0.1229 0.0000
vt 0.1794 0.1490 0.0000
vt 0.1621 0.1535 0.0000
vt 0.1465 0.1547 0.0000
vt 0.1284 0.1631 0.0000
vt 0.0177 0.9648 0.0000
vt 0.0094 0.9648 0.0000
vt 0.0171 0.9946 0.0000
vt 0.0086 0.9948 0.0000
vt 0.1500 0.0825 0.0000
vt 0.2008 0.1792 0.0000
vt 0.1814 0.1685 0.0000
vt 0.1958 0.1548 0.0000
vt 0.2140 0.2045 0.0000
vt 0.2095 0.1709 0.0000
vt 0.2105 0.1513 0.0000
vt 0.0330 0.9648 0.0000
vt 0.0396 0.9949 0.0000
vt 0.0466 0.9640 0.0000
vt 0.0331 0.9947 0.0000
vt 0.2272 0.1952 0.0000
vt 0.2272 0.1577 0.0000
vt 0.2254 0.1370 0.0000
vt 0.0084 0.0815 0.0000
vt 0.0114 0.0974 0.0000
vt 0.0130 0.0787 0.0000
vt 0.0459 0.9947 0.0000
vt 0.1379 0.2099 0.0000
vt 0.1397 0.2278 0.0000
vt 0.1514 0.1932 0.0000
vt 0.1598 0.2254 0.0000
vt 0.1330 0.1851 0.0000
vt 0.1496 0.1671 0.0000
vt 0.0081 0.0953 0.0000
vt 0.0536 0.9642 0.0000
vt 0.0528 0.9947 0.0000
vt 0.1678 0.2079 0.0000
vt 0.1633 0.1698 0.0000
vt 0.1272 0.2865 0.0000
vt 0.1292 0.2924 0.0000
vt 0.1311 0.2811 0.0000
vt 0.0158 0.0951 0.0000
vt 0.0167 0.0821 0.0000
vt 0.0251 0.9947 0.0000
vt 0.0260 0.9648 0.0000
vt 0.0179 0.0899 0.0000
vt 0.0013 0.9641 0.0000
vt 0.0012 0.9946 0.0000
vt 0.1387 0.0942 0.0000
vt 0.1473 0.0965 0.0000
vt 0.1383 0.0745 0.0000
vt 0.1445 0.0798 0.0000
vt 0.1258 0.0982 0.0000
vt 0.4690 0.0134 0.0000
vt 0.4488 0.0100 0.0000
vt 0.2023 0.0469 0.0000
vt 0.1262 0.0826 0.0000
vt 0.1270 0.0684 0.0000
vt 0.1833 0.0513 0.0000
vt 0.1743 0.0373 0.0000
vt 0.1906 0.0207 0.0000
vt 0.1837 0.0232 0.0000
vt 0.1982 0.0353 0.0000
vt 0.1931 0.0448 0.0000
vt 0.1544 0.0605 0.0000
vt 0.0252 0.2445 0.0000
vt 0.0283 0.2459 0.0000
vt 0.0268 0.2399 0.0000
vt 0.0301 0.2407 0.0000
vt 0.1438 0.0660 0.0000
vt 0.0225 0.2491 0.0000
vt 0.0257 0.2557 0.0000
vt 0.1781 0.0142 0.0000
vt 0.1485 0.0382 0.0000
vt 0.0208 0.2328 0.0000
vt 0.0266 0.2295 0.0000
vt 0.0202 0.2099 0.0000
vt 0.0182 0.2029 0.0000
vt 0.3291 0.0867 0.0000
vt 0.3302 0.0473 0.0000
vt 0.3275 0.1217 0.0000
vt 0.3258 0.1506 0.0000
vt 0.3239 0.1639 0.0000
vt 0.3309 0.1645 0.0000
vt 0.3446 0.1639 0.0000
vt 0.3192 0.2909 0.0000
vt 0.3447 0.2991 0.0000
vt 0.2965 0.2744 0.0000
vt 0.4656 0.1587 0.0000
vt 0.4769 0.1802 0.0000
vt 0.1227 0.1853 0.0000
vt 0.3281 0.0111 0.0000
vt 0.3237 0.0075 0.0000
vt 0.3011 0.1263 0.0000
vt 0.3016 0.1743 0.0000
vt 0.2997 0.1030 0.0000
vt 0.2977 0.0681 0.0000
vt 0.2978 0.0314 0.0000
vt 0.2987 0.0031 0.0000
vt 0.3020 0.0075 0.0000
vt 0.2995 0.2075 0.0000
vt 0.2974 0.2246 0.0000
vt 0.2947 0.2262 0.0000
vt 0.4945 0.0652 0.0000
vt 0.4953 0.0216 0.0000
vt 0.4923 0.0986 0.0000
vt 0.4865 0.0947 0.0000
vt 0.4897 0.1291 0.0000
vt 0.2889 0.2264 0.0000
vt 0.4314 0.1521 0.0000
vt 0.4311 0.1338 0.0000
vt 0.4328 0.1586 0.0000
vt 0.0923 0.0300 0.0000
vt 0.4601 0.0130 0.0000
vt 0.4601 0.0372 0.0000
vt 0.4556 0.0517 0.0000
vt 0.4615 0.0623 0.0000
vt 0.4058 0.0219 0.0000
vt 0.4280 0.0786 0.0000
vt 0.4088 0.0667 0.0000
vt 0.4129 0.1253 0.0000
vt 0.4115 0.1003 0.0000
vt 0.4600 -0.0089 0.0000
vt 0.3955 0.2340 0.0000
vt 0.3907 0.2673 0.0000
vt 0.3858 0.2303 0.0000
vt 0.3867 0.2109 0.0000
vt 0.3731 0.2249 0.0000
vt 0.3721 0.1992 0.0000
vt 0.3841 0.1741 0.0000
vt 0.4296 0.0219 0.0000
vt 0.3645 0.0459 0.0000
vt 0.3882 0.0337 0.0000
vt 0.3890 0.0677 0.0000
vt 0.3855 0.2509 0.0000
vt 0.3700 0.2848 0.0000
vt 0.3683 0.2536 0.0000
vt 0.1083 0.1595 0.0000
vt 0.1246 0.1703 0.0000
vt 0.4557 0.0512 0.0000
vt 0.4626 0.0830 0.0000
vt 0.4619 0.0612 0.0000
vt 0.4566 0.1002 0.0000
vt 0.4635 0.0963 0.0000
vt 0.3589 0.1713 0.0000
vt 0.3643 0.0874 0.0000
vt 0.3862 0.1017 0.0000
vt 0.3655 0.1214 0.0000
vt 0.3848 0.1248 0.0000
vt 0.3674 0.1515 0.0000
vt 0.4179 0.1580 0.0000
vt 0.3684 0.1702 0.0000
vt 0.4233 0.1828 0.0000
vt 0.1320 0.2340 0.0000
vt 0.1391 0.2339 0.0000
vt 0.1321 0.2624 0.0000
vt 0.1463 0.2624 0.0000
vt 0.1472 0.2341 0.0000
vt 0.1548 0.2624 0.0000
vt 0.1554 0.2341 0.0000
vt 0.1258 0.2624 0.0000
vt 0.1185 0.2346 0.0000
vt 0.1193 0.2624 0.0000
vt 0.1390 0.2624 0.0000
vt 0.1637 0.2341 0.0000
vt 0.1629 0.2624 0.0000
vt 0.1707 0.2341 0.0000
vt 0.1708 0.2624 0.0000
vt 0.4043 0.0661 0.0000
vt 0.3605 0.0443 0.0000
vt 0.3595 0.0847 0.0000
vt 0.3611 0.1201 0.0000
vt 0.3633 0.1509 0.0000
vt 0.3650 0.1634 0.0000
vt 0.3591 0.1641 0.0000
vt 0.0751 0.2151 0.0000
vt 0.0683 0.2115 0.0000
vt 0.0725 0.2100 0.0000
vt 0.3704 0.2910 0.0000
vt 0.3924 0.2769 0.0000
vt 0.4257 0.1817 0.0000
vt 0.4287 0.0134 0.0000
vt 0.3662 0.0093 0.0000
vt 0.3619 0.0137 0.0000
vt 0.3888 0.1740 0.0000
vt 0.3891 0.1230 0.0000
vt 0.3898 0.1010 0.0000
vt 0.3923 0.0671 0.0000
vt 0.3917 0.0319 0.0000
vt 0.3877 0.0090 0.0000
vt 0.3920 0.0072 0.0000
vt 0.3909 0.2076 0.0000
vt 0.3980 0.2277 0.0000
vt 0.3924 0.2232 0.0000
vt 0.4021 0.0217 0.0000
vt 0.1419 0.2779 0.0000
vt 0.1354 0.2881 0.0000
vt 0.1389 0.2736 0.0000
vt 0.4061 0.1035 0.0000
vt 0.4078 0.1281 0.0000
vt 0.4046 0.2310 0.0000
vt 0.1273 0.0224 0.0000
vt 0.1139 0.0224 0.0000
vt 0.1274 0.0050 0.0000
vt 0.1141 0.0050 0.0000
vt 0.1517 0.0224 0.0000
vt 0.1619 0.0224 0.0000
vt 0.1408 0.0224 0.0000
vt 0.1410 0.0051 0.0000
vt 0.1031 0.0050 0.0000
vt 0.1141 0.0021 0.0000
vt 0.1031 0.0021 0.0000
vt 0.1409 0.0021 0.0000
vt 0.1274 0.0021 0.0000
vt 0.1029 0.0223 0.0000
vt 0.1155 0.0255 0.0000
vt 0.1514 0.0255 0.0000
vt 0.1137 0.0239 0.0000
vt 0.1402 0.2966 0.0000
vt 0.1344 0.2950 0.0000
vt 0.1382 0.3002 0.0000
vt 0.1439 0.2991 0.0000
vt 0.1499 0.3072 0.0000
vt 0.1482 0.2977 0.0000
vt 0.1532 0.2802 0.0000
vt 0.2149 0.0323 0.0000
vt 0.2273 0.0430 0.0000
vt 0.2209 0.0524 0.0000
vt 0.2228 0.0213 0.0000
vt 0.2119 0.0757 0.0000
vt 0.2047 0.0452 0.0000
vt 0.2091 0.0410 0.0000
vt 0.2147 0.0727 0.0000
vt 0.2306 0.0050 0.0000
vt 0.2299 0.0131 0.0000
vt 0.2251 0.0004 0.0000
vt 0.2177 0.0146 0.0000
vt 0.2461 0.0318 0.0000
vt 0.2481 0.0345 0.0000
vt 0.2431 0.0397 0.0000
vt 0.2454 0.0419 0.0000
vt 0.2356 0.0520 0.0000
vt 0.2303 0.0239 0.0000
vt 0.2395 0.0512 0.0000
vt 0.1429 0.2654 0.0000
vt 0.2349 0.0353 0.0000
vt 0.2209 0.0100 0.0000
vt 0.2195 0.0906 0.0000
vt 0.2172 0.0928 0.0000
vt 0.2206 0.1038 0.0000
vt 0.2230 0.1025 0.0000
vt 0.2362 0.0956 0.0000
vt 0.2369 0.0999 0.0000
vt 0.2247 0.1068 0.0000
vt 0.1370 0.3107 0.0000
vt 0.1486 0.3146 0.0000
vt 0.2309 0.0602 0.0000
vt 0.2328 0.0781 0.0000
vt 0.2345 0.0768 0.0000
vt 0.2331 0.0698 0.0000
vt 0.1358 0.3192 0.0000
vt 0.1463 0.3228 0.0000
vt 0.2390 0.0941 0.0000
vt 0.2460 0.0855 0.0000
vt 0.2470 0.0899 0.0000
vt 0.2415 0.0914 0.0000
vt 0.2429 0.0958 0.0000
vt 0.1331 0.3045 0.0000
vt 0.1360 0.3075 0.0000
vt 0.2346 0.0769 0.0000
vt 0.2361 0.0741 0.0000
vt 0.2402 0.0693 0.0000
vt 0.2430 0.0666 0.0000
vt 0.1326 0.3139 0.0000
vt 0.1344 0.3157 0.0000
vt 0.2391 0.0941 0.0000
vt 0.2481 0.0821 0.0000
vt 0.1335 0.2867 0.0000
vt 0.2430 0.2534 0.0000
vt 0.2331 0.2538 0.0000
vt 0.2411 0.2761 0.0000
vt 0.2362 0.0345 0.0000
vt 0.2370 0.0306 0.0000
vt 0.2400 0.0230 0.0000
vt 0.2406 0.0177 0.0000
vt 0.2417 0.0427 0.0000
vt 0.2471 0.0265 0.0000
vt 0.2063 0.0295 0.0000
vt 0.1476 0.2695 0.0000
vt 0.1531 0.2706 0.0000
vt 0.2025 0.0346 0.0000
vt 0.2062 0.0294 0.0000
vt 0.2117 0.0236 0.0000
vt 0.0708 0.2223 0.0000
vt 0.0645 0.2189 0.0000
vt 0.0657 0.2282 0.0000
vt 0.0719 0.2328 0.0000
vt 0.0757 0.2263 0.0000
vt 0.2429 0.2276 0.0000
vt 0.2466 0.2273 0.0000
vt 0.2516 0.1960 0.0000
vt 0.2429 0.1963 0.0000
vt 0.2428 0.1692 0.0000
vt 0.2527 0.1696 0.0000
vt 0.2429 0.1411 0.0000
vt 0.2527 0.1410 0.0000
vt 0.2527 0.1066 0.0000
vt 0.2428 0.1064 0.0000
vt 0.2458 0.2761 0.0000
vt 0.2331 0.2276 0.0000
vt 0.2331 0.1961 0.0000
vt 0.2331 0.1691 0.0000
vt 0.2331 0.1415 0.0000
vt 0.2331 0.1065 0.0000
vt 0.2335 0.2760 0.0000
vt 0.0108 0.0880 0.0000
vt 0.0056 0.0815 0.0000
vt 0.0055 0.0933 0.0000
vt 0.0108 0.0754 0.0000
vt 0.0162 0.0812 0.0000
vt 0.0108 0.0999 0.0000
vt 0.0030 0.1860 0.0000
vt 0.0035 0.2107 0.0000
vt 0.0163 0.1965 0.0000
vt 0.0029 0.1860 0.0000
vt 0.0035 0.2106 0.0000
vt 0.0164 0.1964 0.0000
vt 0.0036 0.2107 0.0000
vt 0.2884 0.2412 0.0000
vt 0.2543 0.2409 0.0000
vt 0.2884 0.2705 0.0000
vt 0.3143 0.3391 0.0000
vt 0.3302 0.3388 0.0000
vt 0.3142 0.3090 0.0000
vt 0.3132 0.4108 0.0000
vt 0.3138 0.3963 0.0000
vt 0.3130 0.4255 0.0000
vt 0.3151 0.4112 0.0000
vt 0.3303 0.3094 0.0000
vt 0.2543 0.2702 0.0000
vt 0.2884 0.2998 0.0000
vt 0.2543 0.2995 0.0000
vt 0.2885 0.1826 0.0000
vt 0.2542 0.1822 0.0000
vt 0.2885 0.2119 0.0000
vt 0.2542 0.2115 0.0000
vt 0.3289 0.3495 0.0000
vt 0.3381 0.3798 0.0000
vt 0.3098 0.3834 0.0000
vt 0.3363 0.4487 0.0000
vt 0.3248 0.4756 0.0000
vt 0.3130 0.4256 0.0000
vt 0.3081 0.4370 0.0000
vt 0.3400 0.4147 0.0000
vt 0.3151 0.4111 0.0000
vt 0.0618 0.3394 0.0000
vt 0.0499 0.3510 0.0000
vt 0.0578 0.3264 0.0000
vt 0.0489 0.3557 0.0000
vt 0.0851 0.3223 0.0000
vt 0.0739 0.3304 0.0000
vt 0.0730 0.3076 0.0000
vt 0.1074 0.3532 0.0000
vt 0.0995 0.3026 0.0000
vt 0.0926 0.2930 0.0000
vt 0.1199 0.3374 0.0000
vt 0.1094 0.2878 0.0000
vt 0.0247 0.3969 0.0000
vt 0.0118 0.4141 0.0000
vt 0.0225 0.3883 0.0000
vt 0.0156 0.4269 0.0000
vt 0.0365 0.3769 0.0000
vt 0.0356 0.3710 0.0000
vt 0.0666 0.4291 0.0000
vt 0.0793 0.4069 0.0000
vt 0.0914 0.3742 0.0000
vt 0.0240 0.4575 0.0000
vt 0.0358 0.4501 0.0000
vt 0.0518 0.4420 0.0000
vt 0.1280 0.3254 0.0000
vt 0.1183 0.2957 0.0000
vt 0.1172 0.2839 0.0000
vt 0.0467 0.3376 0.0000
vt 0.0528 0.3172 0.0000
vt 0.0639 0.2878 0.0000
vt 0.0753 0.2656 0.0000
vt 0.0636 0.2723 0.0000
vt 0.0839 0.2504 0.0000
vt 0.0246 0.3659 0.0000
vt 0.0166 0.3474 0.0000
vt 0.1000 0.2722 0.0000
vt 0.1088 0.2814 0.0000
vt 0.1180 0.2715 0.0000
vt 0.0096 0.4011 0.0000
vt 0.0137 0.3909 0.0000
vt 0.0189 0.3847 0.0000
vt 0.0155 0.3648 0.0000
vt 0.0736 0.4455 0.0000
vt 0.0562 0.4598 0.0000
vt 0.0764 0.4632 0.0000
vt 0.0570 0.4679 0.0000
vt 0.0828 0.4186 0.0000
vt 0.0897 0.4286 0.0000
vt 0.0954 0.3824 0.0000
vt 0.1008 0.3922 0.0000
vt 0.1097 0.3579 0.0000
vt 0.1125 0.3660 0.0000
vt 0.1223 0.3447 0.0000
vt 0.1235 0.3510 0.0000
vt 0.1319 0.3325 0.0000
vt 0.1339 0.3436 0.0000
vt 0.0369 0.4630 0.0000
vt 0.0289 0.4657 0.0000
vt 0.0378 0.4734 0.0000
vt 0.0324 0.4763 0.0000
vt 0.0498 0.3507 0.0000
vt 0.0617 0.3391 0.0000
vt 0.0577 0.3261 0.0000
vt 0.0488 0.3554 0.0000
vt 0.0738 0.3302 0.0000
vt 0.0850 0.3220 0.0000
vt 0.0729 0.3074 0.0000
vt 0.1073 0.3529 0.0000
vt 0.0994 0.3023 0.0000
vt 0.0926 0.2927 0.0000
vt 0.1198 0.3371 0.0000
vt 0.1093 0.2875 0.0000
vt 0.0117 0.4139 0.0000
vt 0.0246 0.3966 0.0000
vt 0.0224 0.3880 0.0000
vt 0.0155 0.4266 0.0000
vt 0.0364 0.3766 0.0000
vt 0.0355 0.3708 0.0000
vt 0.0665 0.4288 0.0000
vt 0.0792 0.4066 0.0000
vt 0.0913 0.3739 0.0000
vt 0.0239 0.4572 0.0000
vt 0.0357 0.4499 0.0000
vt 0.0517 0.4417 0.0000
vt 0.1279 0.3251 0.0000
vt 0.1182 0.2954 0.0000
vt 0.1171 0.2836 0.0000
vt 0.0466 0.3373 0.0000
vt 0.0527 0.3169 0.0000
vt 0.0638 0.2875 0.0000
vt 0.0752 0.2653 0.0000
vt 0.0629 0.2727 0.0000
vt 0.0838 0.2501 0.0000
vt 0.0164 0.3470 0.0000
vt 0.0245 0.3656 0.0000
vt 0.1087 0.2811 0.0000
vt 0.0999 0.2719 0.0000
vt 0.1179 0.2712 0.0000
vt 0.0095 0.4008 0.0000
vt 0.0136 0.3906 0.0000
vt 0.0189 0.3844 0.0000
vt 0.0154 0.3645 0.0000
vt 0.0735 0.4452 0.0000
vt 0.0561 0.4595 0.0000
vt 0.0763 0.4629 0.0000
vt 0.0569 0.4676 0.0000
vt 0.0827 0.4183 0.0000
vt 0.0897 0.4283 0.0000
vt 0.0953 0.3821 0.0000
vt 0.1007 0.3919 0.0000
vt 0.1096 0.3576 0.0000
vt 0.1124 0.3657 0.0000
vt 0.1222 0.3444 0.0000
vt 0.1234 0.3508 0.0000
vt 0.1318 0.3323 0.0000
vt 0.1338 0.3434 0.0000
vt 0.0368 0.4627 0.0000
vt 0.0288 0.4655 0.0000
vt 0.0377 0.4731 0.0000
vt 0.0323 0.4760 0.0000
vt 0.1066 0.0512 0.0000
vt 0.1086 0.0361 0.0000
vt 0.1091 0.0512 0.0000
vt 0.1110 0.0364 0.0000
vt 0.1074 0.0538 0.0000
vt 0.1152 0.0634 0.0000
vt 0.1163 0.0603 0.0000
vt 0.1101 0.0341 0.0000
vt 0.1179 0.0310 0.0000
vt 0.1189 0.0339 0.0000
vt 0.1184 0.0266 0.0000
vt 0.1197 0.0293 0.0000
vt 0.1194 0.0256 0.0000
vt 0.1279 0.0254 0.0000
vt 0.1276 0.0296 0.0000
vt 0.1288 0.0274 0.0000
vt 0.1295 0.0317 0.0000
vt 0.1285 0.0359 0.0000
vt 0.1368 0.0344 0.0000
vt 0.1364 0.0375 0.0000
vt 0.1378 0.0360 0.0000
vt 0.1395 0.0476 0.0000
vt 0.1379 0.0474 0.0000
vt 0.1396 0.0499 0.0000
vt 0.1329 0.0553 0.0000
vt 0.1306 0.0566 0.0000
vt 0.1296 0.0625 0.0000
vt 0.1277 0.0609 0.0000
vt 0.1282 0.0724 0.0000
vt 0.1264 0.0683 0.0000
vt 0.1265 0.0706 0.0000
vt 0.1253 0.0718 0.0000
vt 0.1246 0.0685 0.0000
vt 0.1245 0.0706 0.0000
vt 0.1225 0.0758 0.0000
vt 0.1176 0.0779 0.0000
vt 0.1203 0.0655 0.0000
vt 0.1203 0.0719 0.0000
vt 0.0018 0.3512 0.0000
vt 0.0086 0.3416 0.0000
vt 0.0087 0.3514 0.0000
vt 0.0085 0.3627 0.0000
vt 0.0019 0.3627 0.0000
vt 0.0019 0.3454 0.0000
vt 0.0085 0.3624 0.0000
vt 0.0086 0.3447 0.0000
vt 0.0018 0.3623 0.0000
vt 0.0086 0.3345 0.0000
vt 0.0019 0.3354 0.0000
vt 0.0199 0.1741 0.0000
vt 0.0033 0.1591 0.0000
vt 0.0207 0.1587 0.0000
vt 0.0042 0.1746 0.0000
vt 0.0127 0.1801 0.0000
vt 0.0019 0.3286 0.0000
vt 0.0018 0.3111 0.0000
vt 0.0087 0.3113 0.0000
vt 0.2600 0.0719 0.0000
vt 0.2563 0.0307 0.0000
vt 0.2659 0.0660 0.0000
vt 0.0011 0.1360 0.0000
vt 0.0243 0.1353 0.0000
vt 0.0086 0.3032 0.0000
vt 0.0020 0.3033 0.0000
vt 0.0086 0.2525 0.0000
vt 0.0161 0.2505 0.0000
vt 0.0157 0.2739 0.0000
vt 0.0504 0.2958 0.0000
vt 0.0441 0.2882 0.0000
vt 0.0463 0.2512 0.0000
vt 0.0376 0.2561 0.0000
vt 0.0356 0.2269 0.0000
vt 0.2685 0.0377 0.0000
vt 0.0163 0.2980 0.0000
vt 0.0087 0.2976 0.0000
vt 0.0018 0.2976 0.0000
vt 0.0124 0.1140 0.0000
vt 0.0227 0.1215 0.0000
vt 0.0024 0.1222 0.0000
vt 0.0086 0.2880 0.0000
vt 0.0020 0.2882 0.0000
vt 0.0283 0.2742 0.0000
vt 0.0085 0.2740 0.0000
vt 0.0020 0.2671 0.0000
vt 0.0086 0.2671 0.0000
vt 0.0019 0.2739 0.0000
vt 0.2609 0.0861 0.0000
vt 0.2687 0.0787 0.0000
vt 0.2717 0.0826 0.0000
vt 0.2673 0.0997 0.0000
vt 0.0443 0.3040 0.0000
vt 0.0514 0.3107 0.0000
vt 0.0411 0.3162 0.0000
vt 0.0459 0.3269 0.0000
vt 0.0312 0.2554 0.0000
vt 0.0297 0.2754 0.0000
vt 0.2885 0.0642 0.0000
vt 0.2848 0.0460 0.0000
vt 0.2910 0.0828 0.0000
vt 0.0263 0.2944 0.0000
vt 0.0240 0.3138 0.0000
vt 0.2795 0.0280 0.0000
vt 0.0267 0.2344 0.0000
vt 0.4350 0.1363 0.0000
vt 0.4257 0.1114 0.0000
vt 0.4360 0.1318 0.0000
vt 0.4482 0.1359 0.0000
vt 0.4490 0.1410 0.0000
vt 0.4607 0.1255 0.0000
vt 0.2796 0.0069 0.0000
vt 0.2712 0.0221 0.0000
vt 0.3048 0.8774 0.0000
vt 0.3169 0.8057 0.0000
vt 0.3062 0.8797 0.0000
vt 0.3309 0.8800 0.0000
vt 0.3169 0.8058 0.0000
vt 0.3322 0.8760 0.0000
vt 0.3309 0.8801 0.0000
vt 0.3062 0.8798 0.0000
vt 0.2601 0.7151 0.0000
vt 0.2599 0.7087 0.0000
vt 0.2494 0.7150 0.0000
vt 0.3169 0.8059 0.0000
vt 0.3048 0.8775 0.0000
vt 0.2491 0.7130 0.0000
vt 0.2657 0.7134 0.0000
vt 0.2628 0.7029 0.0000
vt 0.3169 0.8056 0.0000
vt 0.3309 0.8799 0.0000
vt 0.3169 0.8055 0.0000
vt 0.2608 0.7151 0.0000
vt 0.2577 0.7071 0.0000
vt 0.2498 0.7152 0.0000
vt 0.3169 0.8054 0.0000
vt 0.2513 0.7067 0.0000
vt 0.2539 0.7163 0.0000
vt 0.2642 0.7069 0.0000
vt 0.2649 0.7128 0.0000
vt 0.2632 0.7029 0.0000
vt 0.2465 0.7121 0.0000
vt 0.3169 0.8053 0.0000
vt 0.2506 0.7068 0.0000
vt 0.2522 0.7154 0.0000
vt 0.2633 0.7076 0.0000
vt 0.3063 0.8798 0.0000
vt 0.3067 0.8883 0.0000
vt 0.3310 0.8800 0.0000
vt 0.3303 0.8883 0.0000
vt 0.3066 0.8883 0.0000
vt 0.2771 0.6114 0.0000
vt 0.3072 0.6137 0.0000
vt 0.2769 0.6137 0.0000
vt 0.3065 0.8883 0.0000
vt 0.3304 0.8883 0.0000
vt 0.3062 0.8799 0.0000
vt 0.3048 0.8776 0.0000
vt 0.4497 0.1346 0.0000
vt 0.4618 0.1167 0.0000
vt 0.4504 0.1401 0.0000
vt 0.4362 0.1385 0.0000
vt 0.4374 0.1332 0.0000
vt 0.4260 0.1146 0.0000
vt 0.3170 0.8056 0.0000
vt 0.3323 0.8762 0.0000
vt 0.3309 0.8803 0.0000
vt 0.2490 0.7150 0.0000
vt 0.2597 0.7086 0.0000
vt 0.2599 0.7151 0.0000
vt 0.3323 0.8763 0.0000
vt 0.3309 0.8804 0.0000
vt 0.2626 0.7028 0.0000
vt 0.2656 0.7133 0.0000
vt 0.2488 0.7129 0.0000
vt 0.3048 0.8777 0.0000
vt 0.2494 0.7152 0.0000
vt 0.2574 0.7069 0.0000
vt 0.2606 0.7151 0.0000
vt 0.3072 0.6988 0.0000
vt 0.2542 0.6140 0.0000
vt 0.3309 0.8802 0.0000
vt 0.2641 0.7067 0.0000
vt 0.2536 0.7163 0.0000
vt 0.2509 0.7066 0.0000
vt 0.0622 0.6713 0.0000
vt 0.0669 0.7051 0.0000
vt 0.0619 0.7087 0.0000
vt 0.3061 0.8798 0.0000
vt 0.3169 0.8052 0.0000
vt 0.2632 0.7075 0.0000
vt 0.2518 0.7154 0.0000
vt 0.2502 0.7067 0.0000
vt 0.3305 0.8886 0.0000
vt 0.3065 0.8886 0.0000
vt 0.3310 0.8803 0.0000
vt 0.3304 0.8886 0.0000
vt 0.3064 0.8886 0.0000
vt 0.3063 0.8886 0.0000
vt 0.2539 0.5177 0.0000
vt 0.2540 0.6114 0.0000
vt 0.2234 0.5152 0.0000
vt 0.2237 0.6160 0.0000
vt 0.2771 0.5085 0.0000
vt 0.3072 0.5084 0.0000
vt 0.2771 0.5178 0.0000
vt 0.3068 0.5134 0.0000
vt 0.2235 0.7671 0.0000
vt 0.2235 0.7188 0.0000
vt 0.3072 0.7671 0.0000
vt 0.3072 0.7188 0.0000
vt 0.4046 0.5102 0.0000
vt 0.3811 0.5909 0.0000
vt 0.3667 0.4996 0.0000
vt 0.3570 0.6055 0.0000
vt 0.1259 0.5106 0.0000
vt 0.1639 0.4974 0.0000
vt 0.1495 0.5912 0.0000
vt 0.1737 0.6057 0.0000
vt 0.1292 0.6068 0.0000
vt 0.2750 0.5114 0.0000
vt 0.2750 0.6144 0.0000
vt 0.2563 0.5114 0.0000
vt 0.2563 0.6144 0.0000
vt 0.1246 0.3658 0.0000
vt 0.1262 0.3658 0.0000
vt 0.1246 0.3704 0.0000
vt 0.2235 0.6988 0.0000
vt 0.2234 0.5097 0.0000
vt 0.2234 0.4092 0.0000
vt 0.2539 0.5090 0.0000
vt 0.2539 0.4092 0.0000
vt 0.2564 0.4031 0.0000
vt 0.2751 0.4031 0.0000
vt 0.2235 0.4024 0.0000
vt 0.2540 0.4024 0.0000
vt 0.2194 0.5061 0.0000
vt 0.2194 0.5148 0.0000
vt 0.1651 0.4906 0.0000
vt 0.3118 0.5062 0.0000
vt 0.3110 0.5133 0.0000
vt 0.2771 0.4024 0.0000
vt 0.3072 0.4024 0.0000
vt 0.2771 0.4092 0.0000
vt 0.3072 0.4092 0.0000
vt 0.2749 0.5111 0.0000
vt 0.3509 0.6433 0.0000
vt 0.2211 0.3894 0.0000
vt 0.2211 0.3113 0.0000
vt 0.2530 0.3894 0.0000
vt 0.3074 0.3894 0.0000
vt 0.2768 0.3894 0.0000
vt 0.3074 0.3113 0.0000
vt 0.1798 0.6434 0.0000
vt 0.3654 0.4928 0.0000
vt 0.4020 0.6068 0.0000
vt 0.2236 0.8077 0.0000
vt 0.3069 0.8088 0.0000
vt 0.2501 0.7317 0.0000
vt 0.2815 0.7317 0.0000
vt 0.2502 0.7680 0.0000
vt 0.2814 0.7679 0.0000
vt 0.1278 0.3659 0.0000
vt 0.1262 0.3704 0.0000
vt 0.1278 0.3704 0.0000
vt 0.1230 0.3657 0.0000
vt 0.1230 0.3703 0.0000
vt 0.1295 0.3658 0.0000
vt 0.1295 0.3703 0.0000
vt 0.1255 0.3809 0.0000
vt 0.1255 0.3719 0.0000
vt 0.1298 0.3808 0.0000
vt 0.1298 0.3719 0.0000
vt 0.1640 0.2989 0.0000
vt 0.1659 0.2989 0.0000
vt 0.1631 0.3305 0.0000
vt 0.1668 0.3305 0.0000
vt 0.1598 0.3160 0.0000
vt 0.1566 0.3140 0.0000
vt 0.1598 0.3120 0.0000
vt 0.1627 0.3286 0.0000
vt 0.1627 0.2996 0.0000
vt 0.1630 0.3301 0.0000
vt 0.1629 0.2989 0.0000
vt 0.1627 0.2999 0.0000
vt 0.1627 0.3289 0.0000
vt 0.1629 0.2991 0.0000
vt 0.1630 0.3302 0.0000
vt 0.1602 0.3022 0.0000
vt 0.1597 0.3022 0.0000
vt 0.1598 0.3437 0.0000
vt 0.1602 0.3442 0.0000
vt 0.1563 0.3088 0.0000
vt 0.1596 0.3022 0.0000
vt 0.1579 0.3441 0.0000
vt 0.1603 0.3442 0.0000
vt 0.1563 0.3087 0.0000
vt 0.1596 0.3023 0.0000
vt 0.1563 0.3090 0.0000
vt 0.1603 0.3439 0.0000
vt 0.1579 0.3440 0.0000
vt 0.1594 0.3025 0.0000
vt 0.1600 0.3023 0.0000
vt 0.1603 0.3440 0.0000
vt 0.1598 0.3439 0.0000
vt 0.1564 0.3093 0.0000
vt 0.1348 0.3658 0.0000
vt 0.1348 0.3550 0.0000
vt 0.1681 0.3658 0.0000
vt 0.1681 0.3550 0.0000
vt 0.1348 0.3770 0.0000
vt 0.1681 0.3770 0.0000
vt 0.1425 0.4124 0.0000
vt 0.1424 0.3845 0.0000
vt 0.1569 0.4127 0.0000
vt 0.1568 0.3847 0.0000
vt 0.1422 0.3850 0.0000
vt 0.1423 0.4124 0.0000
vt 0.1567 0.3851 0.0000
vt 0.1567 0.4126 0.0000
vt 0.1606 0.4512 0.0000
vt 0.1739 0.4788 0.0000
vt 0.1578 0.4588 0.0000
vt 0.1687 0.4822 0.0000
vt 0.1609 0.4127 0.0000
vt 0.1553 0.4175 0.0000
vt 0.1560 0.4508 0.0000
vt 0.1747 0.3860 0.0000
vt 0.1740 0.3765 0.0000
vt 0.1577 0.4080 0.0000
vt 0.1940 0.3866 0.0000
vt 0.1972 0.3765 0.0000
vt 0.1754 0.3764 0.0000
vt 0.2073 0.4143 0.0000
vt 0.2081 0.4068 0.0000
vt 0.1968 0.3805 0.0000
vt 0.2070 0.4528 0.0000
vt 0.2123 0.4505 0.0000
vt 0.2125 0.4172 0.0000
vt 0.1932 0.4795 0.0000
vt 0.1976 0.4832 0.0000
vt 0.2085 0.4605 0.0000
vt 0.1758 0.4885 0.0000
vt 0.1922 0.4883 0.0000
vt 0.1760 0.4260 0.0000
vt 0.1807 0.4169 0.0000
vt 0.1804 0.4485 0.0000
vt 0.1869 0.4487 0.0000
vt 0.2655 0.7107 0.0000
vt 0.2712 0.7061 0.0000
vt 0.2599 0.7061 0.0000
vt 0.1759 0.4698 0.0000
vt 0.1651 0.4476 0.0000
vt 0.1914 0.4703 0.0000
vt 0.2025 0.4488 0.0000
vt 0.2028 0.4179 0.0000
vt 0.1920 0.3957 0.0000
vt 0.1765 0.3952 0.0000
vt 0.1654 0.4167 0.0000
vt 0.1758 0.4391 0.0000
vt 0.1916 0.4396 0.0000
vt 0.1918 0.4265 0.0000
vt 0.1872 0.4171 0.0000
vt 0.2712 0.6836 0.0000
vt 0.2655 0.6790 0.0000
vt 0.2735 0.6949 0.0000
vt 0.2599 0.6836 0.0000
vt 0.2576 0.6949 0.0000
vt 0.3145 0.3376 0.0000
vt 0.3292 0.3376 0.0000
vt 0.3145 0.3083 0.0000
vt 0.0270 0.8232 0.0000
vt 0.0704 0.8232 0.0000
vt 0.0270 0.8455 0.0000
vt 0.0704 0.8455 0.0000
vt 0.0270 0.8679 0.0000
vt 0.0704 0.8679 0.0000
vt 0.3115 0.4112 0.0000
vt 0.3272 0.3797 0.0000
vt 0.3272 0.4427 0.0000
vt 0.3273 0.3791 0.0000
vt 0.3273 0.4420 0.0000
vt 0.3115 0.4105 0.0000
vt 0.3293 0.3379 0.0000
vt 0.3147 0.3087 0.0000
vt 0.3147 0.3379 0.0000
vt 0.1494 0.6654 0.0000
vt 0.1627 0.6785 0.0000
vt 0.1511 0.7203 0.0000
vt 0.1627 0.7206 0.0000
vt 0.2046 0.7202 0.0000
vt 0.2046 0.6785 0.0000
vt 0.2046 0.6488 0.0000
vt 0.1627 0.6488 0.0000
vt 0.1628 0.7202 0.0000
vt 0.1628 0.6785 0.0000
vt 0.1513 0.7201 0.0000
vt 0.1495 0.6654 0.0000
vt 0.1627 0.7436 0.0000
vt 0.2047 0.7432 0.0000
vt 0.2223 0.8700 0.0000
vt 0.2224 0.8558 0.0000
vt 0.2277 0.8700 0.0000
vt 0.2277 0.8559 0.0000
vt 0.2224 0.8421 0.0000
vt 0.2223 0.8286 0.0000
vt 0.2277 0.8419 0.0000
vt 0.2279 0.8286 0.0000
vt 0.2160 0.8489 0.0000
vt 0.2035 0.7645 0.0000
vt 0.2114 0.7644 0.0000
vt 0.2035 0.7812 0.0000
vt 0.2114 0.7812 0.0000
vt 0.1834 0.7482 0.0000
vt 0.1899 0.7482 0.0000
vt 0.1835 0.7561 0.0000
vt 0.1900 0.7561 0.0000
vt 0.1775 0.7478 0.0000
vt 0.2035 0.7478 0.0000
vt 0.1775 0.7645 0.0000
vt 0.1775 0.7812 0.0000
vt 0.1775 0.7982 0.0000
vt 0.2035 0.7979 0.0000
vt 0.1775 0.8148 0.0000
vt 0.2035 0.8146 0.0000
vt 0.3552 0.1496 0.0000
vt 0.3552 0.0797 0.0000
vt 0.3439 0.1496 0.0000
vt 0.1436 0.4690 0.0000
vt 0.1359 0.4761 0.0000
vt 0.1421 0.4555 0.0000
vt 0.1237 0.4468 0.0000
vt 0.1482 0.6397 0.0000
vt 0.1550 0.6298 0.0000
vt 0.1524 0.6137 0.0000
vt 0.1439 0.6137 0.0000
vt 0.1413 0.6298 0.0000
vt 0.3439 0.0797 0.0000
vt 0.3327 0.1496 0.0000
vt 0.3327 0.0797 0.0000
vt 0.3153 0.4062 0.0000
vt 0.3386 0.3995 0.0000
vt 0.3134 0.3933 0.0000
vt 0.3349 0.3737 0.0000
vt 0.3098 0.3820 0.0000
vt 0.3276 0.3511 0.0000
vt 0.3098 0.4439 0.0000
vt 0.3276 0.4747 0.0000
vt 0.3134 0.4326 0.0000
vt 0.3349 0.4521 0.0000
vt 0.3153 0.4197 0.0000
vt 0.3386 0.4264 0.0000
vt 0.1436 0.4691 0.0000
vt 0.1359 0.4762 0.0000
vt 0.1421 0.4554 0.0000
vt 0.1437 0.4691 0.0000
vt 0.1358 0.4761 0.0000
vt 0.1437 0.4690 0.0000
vt 0.1179 0.5685 0.0000
vt 0.1135 0.5564 0.0000
vt 0.1179 0.5835 0.0000
vt 0.1135 0.5957 0.0000
vt 0.1064 0.6003 0.0000
vt 0.1064 0.5517 0.0000
vt 0.0992 0.5564 0.0000
vt 0.0948 0.5835 0.0000
vt 0.0948 0.5685 0.0000
vt 0.0992 0.5957 0.0000
vt 0.4001 0.1578 0.0000
vt 0.4002 0.1824 0.0000
vt 0.3965 0.1578 0.0000
vt 0.3964 0.2071 0.0000
vt 0.3965 0.1824 0.0000
vt 0.4002 0.2070 0.0000
vt 0.3180 0.7619 0.0000
vt 0.3182 0.6618 0.0000
vt 0.3244 0.7619 0.0000
vt 0.2161 0.2888 0.0000
vt 0.2206 0.2671 0.0000
vt 0.2199 0.2954 0.0000
vt 0.2249 0.2684 0.0000
vt 0.2165 0.2513 0.0000
vt 0.2056 0.2425 0.0000
vt 0.2187 0.2414 0.0000
vt 0.2048 0.2302 0.0000
vt 0.1950 0.2513 0.0000
vt 0.1911 0.2724 0.0000
vt 0.1914 0.2414 0.0000
vt 0.4001 0.1331 0.0000
vt 0.3965 0.1332 0.0000
vt 0.4000 0.1085 0.0000
vt 0.3965 0.1085 0.0000
vt 0.4000 0.0839 0.0000
vt 0.3965 0.0839 0.0000
vt 0.3999 0.0592 0.0000
vt 0.3966 0.0593 0.0000
vt 0.3999 0.0346 0.0000
vt 0.3966 0.0346 0.0000
vt 0.3243 0.6618 0.0000
vt 0.1166 0.4824 0.0000
vt 0.1048 0.4954 0.0000
vt 0.1137 0.4774 0.0000
vt 0.1044 0.4876 0.0000
vt 0.1206 0.4558 0.0000
vt 0.1169 0.4565 0.0000
vt 0.1145 0.4310 0.0000
vt 0.1121 0.4370 0.0000
vt 0.1017 0.4227 0.0000
vt 0.1021 0.4305 0.0000
vt 0.1951 0.2883 0.0000
vt 0.1863 0.2684 0.0000
vt 0.1926 0.2953 0.0000
vt 0.2055 0.2976 0.0000
vt 0.2065 0.3065 0.0000
vt 0.3543 0.7619 0.0000
vt 0.3543 0.6618 0.0000
vt 0.3605 0.7619 0.0000
vt 0.3701 0.6820 0.0000
vt 0.3736 0.6746 0.0000
vt 0.3743 0.6927 0.0000
vt 0.3681 0.6972 0.0000
vt 0.3896 0.6971 0.0000
vt 0.3681 0.7329 0.0000
vt 0.3895 0.7328 0.0000
vt 0.3646 0.6618 0.0000
vt 0.3647 0.7619 0.0000
vt 0.3604 0.6618 0.0000
vt 0.3703 0.6821 0.0000
vt 0.3744 0.6928 0.0000
vt 0.3737 0.6747 0.0000
vt 0.4076 0.6747 0.0000
vt 0.4055 0.6928 0.0000
vt 0.4107 0.6821 0.0000
vt 0.4105 0.6819 0.0000
vt 0.4054 0.6926 0.0000
vt 0.4075 0.6744 0.0000
vt 0.0034 0.7472 0.0000
vt 0.0034 0.8109 0.0000
vt 0.0375 0.7472 0.0000
vt 0.0375 0.8109 0.0000
vt 0.3999 0.0100 0.0000
vt 0.3966 0.0100 0.0000
vt 0.0899 0.4357 0.0000
vt 0.0928 0.4407 0.0000
vt 0.0859 0.4624 0.0000
vt 0.0896 0.4617 0.0000
vt 0.0920 0.4871 0.0000
vt 0.0945 0.4811 0.0000
vt 0.2592 0.6865 0.0000
vt 0.2635 0.6865 0.0000
vt 0.2592 0.7033 0.0000
vt 0.2635 0.7033 0.0000
vt 0.2669 0.6865 0.0000
vt 0.2712 0.6865 0.0000
vt 0.2669 0.7033 0.0000
vt 0.2712 0.7033 0.0000
vt 0.3139 0.6620 0.0000
vt 0.3140 0.7619 0.0000
# 2016 texture coords

g Fiche_Space_Hulk
usemtl Material__25
s 1
f 1/1/1 2/2/2 3/3/3 
f 1/1/1 4/3/4 2/2/2 
f 1/1/1 5/2/5 6/3/6 
f 1/1/1 3/3/3 5/2/5 
f 1/1/1 7/2/7 8/3/8 
f 1/1/1 6/3/6 7/2/7 
f 1/1/1 9/2/9 10/3/10 
f 1/1/1 8/3/8 9/2/9 
f 1/1/1 11/2/11 12/4/12 
f 1/1/1 10/3/10 11/2/11 
f 1/1/1 13/5/13 14/4/14 
f 1/1/1 12/4/12 13/5/13 
f 1/1/1 15/5/15 16/4/16 
f 1/1/1 14/4/14 15/5/15 
f 1/1/1 17/5/17 18/4/18 
f 1/1/1 16/4/16 17/5/17 
f 1/1/1 19/5/19 20/4/20 
f 1/1/1 18/4/18 19/5/19 
f 1/1/1 21/5/21 22/6/22 
f 1/1/1 20/4/20 21/5/21 
f 1/1/1 23/7/23 24/8/24 
f 1/1/1 22/6/22 23/7/23 
f 1/1/1 25/7/25 26/8/26 
f 1/1/1 24/8/24 25/7/25 
f 1/1/1 27/7/27 28/8/28 
f 1/1/1 26/8/26 27/7/27 
f 1/1/1 29/2/29 30/3/30 
f 1/1/1 28/8/28 29/2/29 
f 1/1/1 31/2/31 32/3/32 
f 1/1/1 30/3/30 31/2/31 
f 1/1/1 33/2/33 4/3/4 
f 1/1/1 32/3/32 33/2/33 
f 4/3/4 34/9/34 2/2/2 
f 4/3/4 35/9/35 34/9/34 
f 2/2/2 34/9/34 36/9/36 
f 2/2/2 36/9/36 3/3/3 
f 35/9/35 37/10/37 34/9/34 
f 34/9/34 37/10/37 38/10/38 
f 34/9/34 38/10/38 36/9/36 
f 35/9/35 39/10/39 37/10/37 
f 36/9/36 38/10/38 40/10/40 
f 36/9/36 40/10/40 41/9/41 
f 41/9/41 40/10/40 42/10/42 
f 41/9/41 42/10/42 43/9/43 
f 43/9/43 42/10/42 44/10/44 
f 43/9/43 44/10/44 45/9/45 
f 6/3/6 43/9/43 45/9/45 
f 6/3/6 45/9/45 7/2/7 
f 45/9/45 44/10/44 46/10/46 
f 45/9/45 46/10/46 47/9/47 
f 7/2/7 45/9/45 47/9/47 
f 7/2/7 47/9/47 8/3/8 
f 47/9/47 46/10/46 48/10/48 
f 47/9/47 48/10/48 49/9/49 
f 8/3/8 47/9/47 49/9/49 
f 8/3/8 49/9/49 9/2/9 
f 49/9/49 48/10/48 50/10/50 
f 49/9/49 50/10/50 51/9/51 
f 9/2/9 49/9/49 51/9/51 
f 9/2/9 51/9/51 10/3/10 
f 51/9/51 50/10/50 52/10/52 
f 51/9/51 52/10/52 53/9/53 
f 10/3/10 51/9/51 53/9/53 
f 10/3/10 53/9/53 11/2/11 
f 53/9/53 52/10/52 54/11/54 
f 53/9/53 54/11/54 55/12/55 
f 11/2/11 53/9/53 55/12/55 
f 11/2/11 55/12/55 12/4/12 
f 55/12/55 54/11/54 56/11/56 
f 55/12/55 56/11/56 57/12/57 
f 12/4/12 55/12/55 57/12/57 
f 12/4/12 57/12/57 13/5/13 
f 57/12/57 56/11/56 58/11/58 
f 57/12/57 58/11/58 59/12/59 
f 13/5/13 57/12/57 59/12/59 
f 13/5/13 59/12/59 14/4/14 
f 59/12/59 58/11/58 60/11/60 
f 59/12/59 60/11/60 61/12/61 
f 61/12/61 60/11/60 62/11/62 
f 61/12/61 62/11/62 63/12/63 
f 63/12/63 62/11/62 64/11/64 
f 63/12/63 64/11/64 65/12/65 
f 65/12/65 64/11/64 66/11/66 
f 65/12/65 66/11/66 67/12/67 
f 67/12/67 66/11/66 68/11/68 
f 67/12/67 68/11/68 69/12/69 
f 69/12/69 68/11/68 70/11/70 
f 69/12/69 70/11/70 71/12/71 
f 71/12/71 70/11/70 72/11/72 
f 71/12/71 72/11/72 73/12/73 
f 73/12/73 72/11/72 74/13/74 
f 73/12/73 74/13/74 75/14/75 
f 75/14/75 74/13/74 76/15/76 
f 75/14/75 76/15/76 77/16/77 
f 22/6/22 75/14/75 77/16/77 
f 22/6/22 77/16/77 23/7/23 
f 77/16/77 76/15/76 78/15/78 
f 77/16/77 78/15/78 79/16/79 
f 23/7/23 77/16/77 79/16/79 
f 23/7/23 79/16/79 24/8/24 
f 79/16/79 78/15/78 80/15/80 
f 79/16/79 80/15/80 81/16/81 
f 24/8/24 79/16/79 81/16/81 
f 24/8/24 81/16/81 25/7/25 
f 81/16/81 80/15/80 82/15/82 
f 81/16/81 82/15/82 83/16/83 
f 25/7/25 81/16/81 83/16/83 
f 25/7/25 83/16/83 26/8/26 
f 83/16/83 82/15/82 84/15/84 
f 83/16/83 84/15/84 85/16/85 
f 26/8/26 83/16/83 85/16/85 
f 26/8/26 85/16/85 27/7/27 
f 85/16/85 84/15/84 86/15/86 
f 85/16/85 86/15/86 87/16/87 
f 27/7/27 85/16/85 87/16/87 
f 27/7/27 87/16/87 28/8/28 
f 87/16/87 86/15/86 88/10/88 
f 87/16/87 88/10/88 89/9/89 
f 28/8/28 87/16/87 89/9/89 
f 28/8/28 89/9/89 29/2/29 
f 89/9/89 88/10/88 90/10/90 
f 89/9/89 90/10/90 91/9/91 
f 29/2/29 89/9/89 91/9/91 
f 29/2/29 91/9/91 30/3/30 
f 91/9/91 90/10/90 92/10/92 
f 91/9/91 92/10/92 93/9/93 
f 93/9/93 92/10/92 94/10/94 
f 93/9/93 94/10/94 95/9/95 
f 95/9/95 94/10/94 96/10/96 
f 95/9/95 96/10/96 97/9/97 
f 97/9/97 96/10/96 39/10/39 
f 97/9/97 39/10/39 35/9/35 
f 94/10/94 98/17/98 96/10/96 
f 94/10/94 99/17/99 98/17/98 
f 92/10/92 99/17/99 94/10/94 
f 96/10/96 100/17/100 39/10/39 
f 96/10/96 98/17/98 100/17/100 
f 39/10/39 100/17/100 101/17/101 
f 39/10/39 101/17/101 37/10/37 
f 37/10/37 101/17/101 102/17/102 
f 37/10/37 102/17/102 38/10/38 
f 101/17/101 103/18/103 102/17/102 
f 101/17/101 104/18/104 103/18/103 
f 100/17/100 104/18/104 101/17/101 
f 104/18/104 105/19/105 103/18/103 
f 104/18/104 106/19/106 105/19/105 
f 107/18/107 106/19/106 104/18/104 
f 100/17/100 107/18/107 104/18/104 
f 98/17/98 107/18/107 100/17/100 
f 107/18/107 108/19/108 106/19/106 
f 106/19/106 109/20/109 105/19/105 
f 106/19/106 110/20/110 109/20/109 
f 108/19/108 110/20/110 106/19/106 
f 108/19/108 111/20/111 110/20/110 
f 103/18/103 105/19/105 112/19/112 
f 103/18/103 112/19/112 113/18/113 
f 102/17/102 103/18/103 113/18/113 
f 113/18/113 112/19/112 114/19/114 
f 113/18/113 114/19/114 115/18/115 
f 112/19/112 116/20/116 114/19/114 
f 112/19/112 117/20/117 116/20/116 
f 105/19/105 117/20/117 112/19/112 
f 105/19/105 109/20/109 117/20/117 
f 115/18/115 114/19/114 118/19/118 
f 115/18/115 118/19/118 119/18/119 
f 119/18/119 118/19/118 120/19/120 
f 119/18/119 120/19/120 121/18/121 
f 118/19/118 122/20/122 120/19/120 
f 118/19/118 123/20/123 122/20/122 
f 114/19/114 123/20/123 118/19/118 
f 114/19/114 116/20/116 123/20/123 
f 121/18/121 120/19/120 124/19/124 
f 121/18/121 124/19/124 125/18/125 
f 125/18/125 124/19/124 126/19/126 
f 125/18/125 126/19/126 127/18/127 
f 124/19/124 128/20/128 126/19/126 
f 124/19/124 129/20/129 128/20/128 
f 120/19/120 129/20/129 124/19/124 
f 120/19/120 122/20/122 129/20/129 
f 127/18/127 126/19/126 130/19/130 
f 127/18/127 130/19/130 131/18/131 
f 131/18/131 130/19/130 132/21/132 
f 131/18/131 132/21/132 133/22/133 
f 130/19/130 134/23/134 132/21/132 
f 130/19/130 135/20/135 134/23/134 
f 126/19/126 135/20/135 130/19/130 
f 126/19/126 128/20/128 135/20/135 
f 133/22/133 132/21/132 136/21/136 
f 133/22/133 136/21/136 137/22/137 
f 137/22/137 136/21/136 138/21/138 
f 137/22/137 138/21/138 139/22/139 
f 136/21/136 140/23/140 138/21/138 
f 136/21/136 141/23/141 140/23/140 
f 132/21/132 141/23/141 136/21/136 
f 132/21/132 134/23/134 141/23/141 
f 139/22/139 138/21/138 142/21/142 
f 139/22/139 142/21/142 143/22/143 
f 143/22/143 142/21/142 144/21/144 
f 143/22/143 144/21/144 145/22/145 
f 142/21/142 146/23/146 144/21/144 
f 142/21/142 147/23/147 146/23/146 
f 138/21/138 147/23/147 142/21/142 
f 138/21/138 140/23/140 147/23/147 
f 145/22/145 144/21/144 148/21/148 
f 145/22/145 148/21/148 149/22/149 
f 149/22/149 148/21/148 150/21/150 
f 149/22/149 150/21/150 151/22/151 
f 148/21/148 152/23/152 150/21/150 
f 148/21/148 153/23/153 152/23/152 
f 144/21/144 153/23/153 148/21/148 
f 144/21/144 146/23/146 153/23/153 
f 151/22/151 150/21/150 154/21/154 
f 151/22/151 154/21/154 155/22/155 
f 155/22/155 154/21/154 156/21/156 
f 155/22/155 156/21/156 157/22/157 
f 154/21/154 158/23/158 156/21/156 
f 154/21/154 159/23/159 158/23/158 
f 150/21/150 159/23/159 154/21/154 
f 150/21/150 152/23/152 159/23/159 
f 157/22/157 156/21/156 160/21/160 
f 157/22/157 160/21/160 161/22/161 
f 161/22/161 160/21/160 162/24/162 
f 161/22/161 162/24/162 163/25/163 
f 160/21/160 164/26/164 162/24/162 
f 160/21/160 165/23/165 164/26/164 
f 156/21/156 165/23/165 160/21/160 
f 156/21/156 158/23/158 165/23/165 
f 163/25/163 162/24/162 166/27/166 
f 163/25/163 166/27/166 167/28/167 
f 167/28/167 166/27/166 168/27/168 
f 167/28/167 168/27/168 169/28/169 
f 166/27/166 170/29/170 168/27/168 
f 166/27/166 171/29/171 170/29/170 
f 162/24/162 171/29/171 166/27/166 
f 162/24/162 164/26/164 171/29/171 
f 169/28/169 168/27/168 172/27/172 
f 169/28/169 172/27/172 173/28/173 
f 173/28/173 172/27/172 174/27/174 
f 173/28/173 174/27/174 175/28/175 
f 172/27/172 176/29/176 174/27/174 
f 172/27/172 177/29/177 176/29/176 
f 168/27/168 177/29/177 172/27/172 
f 168/27/168 170/29/170 177/29/177 
f 175/28/175 174/27/174 178/27/178 
f 175/28/175 178/27/178 179/28/179 
f 179/28/179 178/27/178 180/27/180 
f 179/28/179 180/27/180 181/28/181 
f 178/27/178 182/29/182 180/27/180 
f 178/27/178 183/29/183 182/29/182 
f 174/27/174 183/29/183 178/27/178 
f 174/27/174 176/29/176 183/29/183 
f 181/28/181 180/27/180 184/19/184 
f 181/28/181 184/19/184 185/18/185 
f 185/18/185 184/19/184 186/19/186 
f 185/18/185 186/19/186 187/18/187 
f 184/19/184 188/20/188 186/19/186 
f 184/19/184 189/20/189 188/20/188 
f 180/27/180 189/20/189 184/19/184 
f 180/27/180 182/29/182 189/20/189 
f 187/18/187 186/19/186 190/19/190 
f 187/18/187 190/19/190 191/18/191 
f 191/18/191 190/19/190 192/19/192 
f 191/18/191 192/19/192 193/18/193 
f 190/19/190 194/20/194 192/19/192 
f 190/19/190 195/20/195 194/20/194 
f 186/19/186 195/20/195 190/19/190 
f 186/19/186 188/20/188 195/20/195 
f 193/18/193 192/19/192 196/19/196 
f 193/18/193 196/19/196 197/18/197 
f 197/18/197 196/19/196 108/19/108 
f 197/18/197 108/19/108 107/18/107 
f 196/19/196 111/20/111 108/19/108 
f 196/19/196 198/20/198 111/20/111 
f 192/19/192 198/20/198 196/19/196 
f 192/19/192 194/20/194 198/20/198 
f 194/20/194 199/30/199 198/20/198 
f 194/20/194 200/30/200 199/30/199 
f 195/20/195 200/30/200 194/20/194 
f 198/20/198 201/30/201 111/20/111 
f 198/20/198 199/30/199 201/30/201 
f 111/20/111 201/30/201 202/30/202 
f 111/20/111 202/30/202 110/20/110 
f 110/20/110 202/30/202 203/30/203 
f 110/20/110 203/30/203 109/20/109 
f 202/30/202 204/31/204 203/30/203 
f 201/30/201 204/31/204 202/30/202 
f 199/30/199 204/31/204 201/30/201 
f 3/3/3 41/9/41 5/2/5 
f 3/3/3 36/9/36 41/9/41 
f 5/2/5 41/9/41 43/9/43 
f 5/2/5 43/9/43 6/3/6 
f 14/4/14 61/12/61 15/5/15 
f 14/4/14 59/12/59 61/12/61 
f 15/5/15 61/12/61 63/12/63 
f 15/5/15 63/12/63 16/4/16 
f 16/4/16 63/12/63 65/12/65 
f 16/4/16 65/12/65 17/5/17 
f 17/5/17 65/12/65 67/12/67 
f 17/5/17 67/12/67 18/4/18 
f 18/4/18 67/12/67 69/12/69 
f 18/4/18 69/12/69 19/5/19 
f 19/5/19 69/12/69 71/12/71 
f 19/5/19 71/12/71 20/4/20 
f 20/4/20 71/12/71 73/12/73 
f 20/4/20 73/12/73 21/5/21 
f 21/5/21 73/12/73 75/14/75 
f 21/5/21 75/14/75 22/6/22 
f 30/3/30 93/9/93 31/2/31 
f 30/3/30 91/9/91 93/9/93 
f 31/2/31 93/9/93 95/9/95 
f 31/2/31 95/9/95 32/3/32 
f 32/3/32 95/9/95 97/9/97 
f 32/3/32 97/9/97 33/2/33 
f 33/2/33 97/9/97 35/9/35 
f 33/2/33 35/9/35 4/3/4 
f 200/30/200 204/31/204 199/30/199 
f 205/30/205 204/31/204 200/30/200 
f 195/20/195 205/30/205 200/30/200 
f 188/20/188 205/30/205 195/20/195 
f 188/20/188 206/30/206 205/30/205 
f 206/30/206 204/31/204 205/30/205 
f 189/20/189 206/30/206 188/20/188 
f 189/20/189 207/30/207 206/30/206 
f 207/30/207 204/31/204 206/30/206 
f 182/29/182 207/30/207 189/20/189 
f 182/29/182 208/32/208 207/30/207 
f 208/32/208 204/31/204 207/30/207 
f 183/29/183 208/32/208 182/29/182 
f 183/29/183 209/32/209 208/32/208 
f 209/32/209 204/31/204 208/32/208 
f 176/29/176 209/32/209 183/29/183 
f 176/29/176 210/32/210 209/32/209 
f 210/32/210 204/31/204 209/32/209 
f 177/29/177 210/32/210 176/29/176 
f 177/29/177 211/32/211 210/32/210 
f 211/32/211 204/31/204 210/32/210 
f 170/29/170 211/32/211 177/29/177 
f 170/29/170 212/32/212 211/32/211 
f 212/32/212 204/31/204 211/32/211 
f 171/29/171 212/32/212 170/29/170 
f 171/29/171 213/32/213 212/32/212 
f 213/32/213 204/31/204 212/32/212 
f 164/26/164 213/32/213 171/29/171 
f 164/26/164 214/33/214 213/32/213 
f 214/33/214 204/31/204 213/32/213 
f 165/23/165 214/33/214 164/26/164 
f 165/23/165 215/34/215 214/33/214 
f 215/34/215 204/31/204 214/33/214 
f 158/23/158 215/34/215 165/23/165 
f 158/23/158 216/34/216 215/34/215 
f 216/34/216 204/31/204 215/34/215 
f 159/23/159 216/34/216 158/23/158 
f 159/23/159 217/34/217 216/34/216 
f 217/34/217 204/31/204 216/34/216 
f 152/23/152 217/34/217 159/23/159 
f 152/23/152 218/34/218 217/34/217 
f 218/34/218 204/31/204 217/34/217 
f 153/23/153 218/34/218 152/23/152 
f 153/23/153 219/34/219 218/34/218 
f 219/34/219 204/31/204 218/34/218 
f 146/23/146 219/34/219 153/23/153 
f 146/23/146 220/34/220 219/34/219 
f 220/34/220 204/31/204 219/34/219 
f 147/23/147 220/34/220 146/23/146 
f 147/23/147 221/34/221 220/34/220 
f 221/34/221 204/31/204 220/34/220 
f 140/23/140 221/34/221 147/23/147 
f 140/23/140 222/34/222 221/34/221 
f 222/34/222 204/31/204 221/34/221 
f 141/23/141 222/34/222 140/23/140 
f 141/23/141 223/34/223 222/34/222 
f 223/34/223 204/31/204 222/34/222 
f 134/23/134 223/34/223 141/23/141 
f 134/23/134 224/34/224 223/34/223 
f 224/34/224 204/31/204 223/34/223 
f 135/20/135 224/34/224 134/23/134 
f 135/20/135 225/30/225 224/34/224 
f 225/30/225 204/31/204 224/34/224 
f 128/20/128 225/30/225 135/20/135 
f 128/20/128 226/30/226 225/30/225 
f 226/30/226 204/31/204 225/30/225 
f 129/20/129 226/30/226 128/20/128 
f 129/20/129 227/30/227 226/30/226 
f 227/30/227 204/31/204 226/30/226 
f 122/20/122 227/30/227 129/20/129 
f 122/20/122 228/30/228 227/30/227 
f 228/30/228 204/31/204 227/30/227 
f 123/20/123 228/30/228 122/20/122 
f 123/20/123 229/30/229 228/30/228 
f 229/30/229 204/31/204 228/30/228 
f 116/20/116 229/30/229 123/20/123 
f 116/20/116 230/30/230 229/30/229 
f 230/30/230 204/31/204 229/30/229 
f 117/20/117 230/30/230 116/20/116 
f 117/20/117 231/30/231 230/30/230 
f 231/30/231 204/31/204 230/30/230 
f 109/20/109 231/30/231 117/20/117 
f 109/20/109 203/30/203 231/30/231 
f 203/30/203 204/31/204 231/30/231 
f 98/17/98 197/18/197 107/18/107 
f 99/17/99 197/18/197 98/17/98 
f 99/17/99 193/18/193 197/18/197 
f 232/17/232 193/18/193 99/17/99 
f 92/10/92 232/17/232 99/17/99 
f 90/10/90 232/17/232 92/10/92 
f 90/10/90 233/17/233 232/17/232 
f 232/17/232 191/18/191 193/18/193 
f 233/17/233 191/18/191 232/17/232 
f 233/17/233 187/18/187 191/18/191 
f 88/10/88 233/17/233 90/10/90 
f 88/10/88 234/17/234 233/17/233 
f 234/17/234 187/18/187 233/17/233 
f 86/15/86 234/17/234 88/10/88 
f 86/15/86 235/35/235 234/17/234 
f 234/17/234 185/18/185 187/18/187 
f 235/35/235 185/18/185 234/17/234 
f 235/35/235 181/28/181 185/18/185 
f 84/15/84 235/35/235 86/15/86 
f 84/15/84 236/35/236 235/35/235 
f 236/35/236 181/28/181 235/35/235 
f 82/15/82 236/35/236 84/15/84 
f 82/15/82 237/35/237 236/35/236 
f 236/35/236 179/28/179 181/28/181 
f 237/35/237 179/28/179 236/35/236 
f 237/35/237 175/28/175 179/28/179 
f 80/15/80 237/35/237 82/15/82 
f 80/15/80 238/35/238 237/35/237 
f 238/35/238 175/28/175 237/35/237 
f 78/15/78 238/35/238 80/15/80 
f 78/15/78 239/35/239 238/35/238 
f 238/35/238 173/28/173 175/28/175 
f 239/35/239 173/28/173 238/35/238 
f 239/35/239 169/28/169 173/28/173 
f 76/15/76 239/35/239 78/15/78 
f 76/15/76 240/35/240 239/35/239 
f 240/35/240 169/28/169 239/35/239 
f 74/13/74 240/35/240 76/15/76 
f 74/13/74 241/36/241 240/35/240 
f 240/35/240 167/28/167 169/28/169 
f 241/36/241 167/28/167 240/35/240 
f 241/36/241 163/25/163 167/28/167 
f 72/11/72 241/36/241 74/13/74 
f 72/11/72 242/37/242 241/36/241 
f 242/37/242 163/25/163 241/36/241 
f 70/11/70 242/37/242 72/11/72 
f 70/11/70 243/37/243 242/37/242 
f 242/37/242 161/22/161 163/25/163 
f 243/37/243 161/22/161 242/37/242 
f 243/37/243 157/22/157 161/22/161 
f 68/11/68 243/37/243 70/11/70 
f 68/11/68 244/37/244 243/37/243 
f 244/37/244 157/22/157 243/37/243 
f 66/11/66 244/37/244 68/11/68 
f 66/11/66 245/37/245 244/37/244 
f 244/37/244 155/22/155 157/22/157 
f 245/37/245 155/22/155 244/37/244 
f 245/37/245 151/22/151 155/22/155 
f 64/11/64 245/37/245 66/11/66 
f 64/11/64 246/37/246 245/37/245 
f 246/37/246 151/22/151 245/37/245 
f 62/11/62 246/37/246 64/11/64 
f 62/11/62 247/37/247 246/37/246 
f 246/37/246 149/22/149 151/22/151 
f 247/37/247 149/22/149 246/37/246 
f 247/37/247 145/22/145 149/22/149 
f 60/11/60 247/37/247 62/11/62 
f 60/11/60 248/37/248 247/37/247 
f 248/37/248 145/22/145 247/37/247 
f 58/11/58 248/37/248 60/11/60 
f 58/11/58 249/37/249 248/37/248 
f 248/37/248 143/22/143 145/22/145 
f 249/37/249 143/22/143 248/37/248 
f 249/37/249 139/22/139 143/22/143 
f 56/11/56 249/37/249 58/11/58 
f 56/11/56 250/37/250 249/37/249 
f 250/37/250 139/22/139 249/37/249 
f 54/11/54 250/37/250 56/11/56 
f 54/11/54 251/37/251 250/37/250 
f 250/37/250 137/22/137 139/22/139 
f 251/37/251 137/22/137 250/37/250 
f 251/37/251 133/22/133 137/22/137 
f 52/10/52 251/37/251 54/11/54 
f 52/10/52 252/17/252 251/37/251 
f 252/17/252 133/22/133 251/37/251 
f 50/10/50 252/17/252 52/10/52 
f 50/10/50 253/17/253 252/17/252 
f 252/17/252 131/18/131 133/22/133 
f 253/17/253 131/18/131 252/17/252 
f 253/17/253 127/18/127 131/18/131 
f 48/10/48 253/17/253 50/10/50 
f 48/10/48 254/17/254 253/17/253 
f 254/17/254 127/18/127 253/17/253 
f 46/10/46 254/17/254 48/10/48 
f 46/10/46 255/17/255 254/17/254 
f 254/17/254 125/18/125 127/18/127 
f 255/17/255 125/18/125 254/17/254 
f 255/17/255 121/18/121 125/18/125 
f 44/10/44 255/17/255 46/10/46 
f 44/10/44 256/17/256 255/17/255 
f 256/17/256 121/18/121 255/17/255 
f 42/10/42 256/17/256 44/10/44 
f 42/10/42 257/17/257 256/17/256 
f 256/17/256 119/18/119 121/18/121 
f 257/17/257 119/18/119 256/17/256 
f 257/17/257 115/18/115 119/18/119 
f 40/10/40 257/17/257 42/10/42 
f 40/10/40 258/17/258 257/17/257 
f 258/17/258 115/18/115 257/17/257 
f 38/10/38 258/17/258 40/10/40 
f 38/10/38 102/17/102 258/17/258 
f 258/17/258 113/18/113 115/18/115 
f 102/17/102 113/18/113 258/17/258 
f 259/38/259 260/39/260 261/40/261 
s 2
f 262/41/262 261/40/261 260/39/263 
s 3
f 263/42/264 259/38/259 264/43/265 
s 4
f 261/40/261 264/43/265 259/38/266 
s 5
f 265/44/267 264/43/265 266/45/268 
s 6
f 267/46/268 266/45/268 264/43/265 
s 7
f 268/47/269 265/44/267 269/48/270 
s 8
f 266/45/270 269/48/270 265/44/267 
s 9
f 270/49/271 268/47/269 271/50/272 
s 10
f 269/48/272 271/50/272 268/47/269 
s 11
f 272/47/273 270/49/271 273/48/274 
s 12
f 271/50/274 273/48/274 270/49/271 
s 13
f 274/44/275 272/47/273 275/45/276 
s 14
f 273/48/276 275/45/276 272/47/273 
s 15
f 276/43/277 274/44/275 277/46/278 
s 16
f 275/45/279 277/46/278 274/44/279 
s 17
f 278/40/280 276/43/277 279/51/281 
s 18
f 280/52/282 281/53/283 282/53/284 
s 19
f 283/54/285 282/53/284 284/55/286 
s 20
f 285/56/287 284/55/286 286/57/288 
s 21
f 287/56/289 286/57/288 288/55/282 
s 22
f 286/57/288 284/55/286 288/55/282 
s 23
f 284/55/286 282/53/284 288/55/282 
s 24
f 282/53/284 281/53/283 288/55/282 
s 25
f 281/53/283 289/54/290 288/55/282 
s 26
f 288/55/291 289/54/290 290/58/292 
s 27
f 291/59/293 290/58/292 289/54/290 
s 28
f 287/56/289 288/55/294 292/60/294 
s 29
f 290/58/292 292/60/294 288/55/294 
s 30
f 286/57/288 287/56/289 293/61/295 
s 31
f 292/60/296 293/61/296 287/56/289 
s 32
f 276/43/277 278/40/280 294/42/297 
s 33
f 260/39/260 295/38/298 262/41/262 
s 34
f 278/40/280 262/41/262 295/38/298 
s 35
f 296/62/299 297/63/300 298/64/301 
s 36
f 299/65/302 300/66/303 301/67/297 
s 37
f 297/63/304 301/67/297 300/66/305 
s 38
f 302/68/284 299/65/306 303/69/307 
s 39
f 301/67/297 303/69/306 299/65/302 
s 40
f 304/70/308 302/68/284 305/71/309 
s 41
f 303/69/307 305/71/309 302/68/284 
s 42
f 306/68/310 304/70/263 307/69/311 
s 43
f 305/71/309 307/69/311 304/70/308 
s 44
f 308/65/290 306/68/312 309/67/264 
s 45
f 307/69/311 309/67/264 306/68/310 
s 46
f 310/72/313 309/73/313 311/74/313 
s 47
f 312/75/313 311/74/313 296/76/313 
s 48
f 296/76/313 311/74/313 297/77/313 
s 49
f 297/77/313 311/74/313 301/78/313 
s 50
f 301/78/313 311/74/313 303/79/313 
s 51
f 303/79/313 311/74/313 305/80/313 
s 52
f 277/46/278 279/51/281 276/43/277 
s 53
f 262/41/262 278/40/280 313/81/314 
s 54
f 279/51/281 313/81/314 278/40/280 
s 55
f 261/40/261 262/41/262 314/51/315 
s 56
f 313/81/314 314/51/315 262/41/262 
s 57
f 315/82/288 300/66/282 316/66/282 
s 58
f 300/66/282 302/68/284 316/66/282 
s 59
f 302/68/284 306/68/312 316/66/316 
s 60
f 306/68/312 308/65/290 316/66/316 
s 61
f 316/66/291 308/65/290 310/63/291 
s 62
f 309/67/264 310/63/291 308/65/290 
s 63
f 317/64/289 316/66/316 311/62/317 
s 64
f 310/63/294 311/62/317 316/66/294 
s 65
f 315/82/288 317/64/289 312/83/318 
s 66
f 311/62/317 312/83/318 317/64/289 
s 67
f 298/64/301 315/82/288 296/62/299 
s 68
f 312/83/318 296/62/299 315/82/288 
s 69
f 300/66/305 298/64/300 297/63/304 
s 70
f 318/84/313 319/85/319 320/86/313 
s 71
f 320/86/313 319/85/319 321/84/319 
s 72
f 319/85/319 322/87/319 321/84/319 
s 73
f 323/88/282 324/89/282 325/89/284 
s 74
f 326/90/320 325/89/284 327/91/286 
s 75
f 328/92/287 327/91/286 329/93/288 
s 76
f 330/92/289 329/93/288 331/94/321 
s 77
f 329/93/288 327/91/286 331/94/321 
s 78
f 327/91/286 325/89/284 331/94/321 
s 79
f 325/89/284 324/89/282 331/94/321 
s 80
f 324/89/282 332/95/290 331/94/321 
s 81
f 331/94/321 332/95/290 333/96/322 
s 82
f 322/87/264 333/96/322 332/95/290 
s 83
f 330/92/289 331/94/321 319/85/317 
s 84
f 333/96/322 319/85/317 331/94/321 
s 85
f 329/93/288 330/92/289 334/97/318 
s 86
f 319/85/317 334/97/318 330/92/289 
s 87
f 335/98/313 336/99/313 337/99/313 
s 88
f 337/99/313 336/99/313 338/100/313 
s 89
f 338/100/313 336/99/313 339/101/323 
s 90
f 339/101/323 336/99/313 340/102/319 
s 91
f 340/102/313 336/99/313 341/103/313 
s 92
f 341/103/313 336/99/313 342/102/313 
s 93
f 336/99/319 343/101/319 342/102/319 
s 94
f 344/104/282 345/105/282 346/105/284 
s 95
f 347/106/285 346/105/284 348/107/286 
s 96
f 349/108/287 348/107/286 350/109/282 
s 97
f 351/108/282 350/109/282 352/107/282 
s 98
f 350/109/282 348/107/286 352/107/282 
s 99
f 348/107/286 346/105/284 352/107/282 
s 100
f 334/97/313 319/85/319 353/85/313 
s 101
f 353/85/313 319/85/319 354/96/313 
s 102
f 354/96/313 319/85/319 355/87/313 
s 103
f 355/87/313 319/85/319 318/84/313 
s 104
f 356/110/299 357/111/318 272/47/273 
s 105
f 270/49/271 272/47/273 357/111/318 
s 106
f 358/112/324 356/110/299 274/44/275 
s 107
f 272/47/273 274/44/275 356/110/299 
s 108
f 294/42/297 358/112/324 276/43/277 
s 109
f 274/44/275 276/43/277 358/112/324 
s 110
f 295/38/298 294/42/297 278/40/280 
s 111
f 264/43/265 261/40/261 267/46/325 
s 112
f 314/51/315 267/46/325 261/40/261 
s 113
f 290/58/292 291/59/293 292/60/313 
s 114
f 293/61/313 292/60/313 359/60/326 
s 115
f 359/60/326 292/60/313 360/58/313 
s 116
f 360/58/313 292/60/313 361/59/323 
s 117
f 361/59/323 292/60/313 362/113/327 
s 118
f 362/113/327 292/60/313 363/114/328 
s 119
f 363/114/328 292/60/313 364/113/329 
s 120
f 292/60/313 291/59/293 364/113/329 
s 121
f 328/92/287 329/93/288 353/85/299 
s 122
f 334/97/318 353/85/299 329/93/288 
s 123
f 327/91/286 328/92/287 354/96/324 
s 124
f 353/85/299 354/96/324 328/92/287 
s 125
f 365/115/313 366/116/330 367/117/313 
s 126
f 368/118/313 367/117/313 369/119/313 
s 127
f 369/119/313 367/117/313 370/120/331 
s 128
f 370/120/313 367/117/313 371/121/332 
s 129
f 371/121/332 367/117/313 372/122/333 
s 130
f 372/122/319 367/117/313 373/123/313 
s 131
f 373/123/313 367/117/313 374/124/313 
s 132
f 367/117/313 366/116/330 374/124/313 
s 133
f 375/112/334 263/42/264 265/44/267 
s 134
f 264/43/265 265/44/267 263/42/264 
s 135
f 376/110/317 375/112/334 268/47/269 
s 136
f 265/44/267 268/47/269 375/112/334 
s 137
f 357/111/318 376/110/317 270/49/271 
s 138
f 268/47/269 270/49/271 376/110/317 
s 139
f 377/125/335 378/126/336 379/127/337 
s 140
f 380/128/338 379/127/337 378/126/336 
s 141
f 381/126/339 377/125/335 382/128/340 
s 142
f 379/127/337 382/128/340 377/125/335 
s 143
f 383/129/341 381/126/339 384/130/342 
s 144
f 382/128/340 384/130/342 381/126/339 
s 145
f 385/131/343 386/132/344 387/133/313 
s 146
f 388/134/319 387/133/313 389/133/313 
s 147
f 389/133/313 387/133/313 390/131/313 
s 148
f 390/131/313 387/133/313 391/132/313 
s 149
f 391/132/313 387/133/313 392/135/313 
s 150
f 392/135/313 387/133/313 393/136/313 
s 151
f 394/137/345 395/138/346 396/139/347 
s 152
f 396/139/347 397/140/348 394/137/345 
s 153
f 398/141/349 394/137/345 397/140/348 
s 154
f 397/140/348 399/142/350 398/141/349 
s 155
f 400/143/351 398/141/349 399/142/350 
s 156
f 401/144/352 402/145/353 385/131/343 
s 157
f 386/132/344 385/131/343 402/145/354 
s 158
f 403/146/355 401/144/352 387/133/355 
s 159
f 385/131/343 387/133/356 401/144/357 
s 160
f 404/147/351 403/146/358 388/134/359 
s 161
f 387/133/356 388/134/358 403/146/358 
s 162
f 405/146/360 404/147/351 389/133/361 
s 163
f 388/134/359 389/133/361 404/147/351 
s 164
f 406/144/362 405/146/360 390/131/363 
s 165
f 407/148/360 408/149/364 409/150/365 
s 166
f 410/151/366 409/150/367 408/149/364 
s 167
f 411/152/368 407/148/360 412/153/363 
s 168
f 409/150/367 412/153/363 407/148/360 
s 169
f 413/129/369 411/152/368 414/130/370 
s 170
f 412/153/363 414/130/371 411/152/368 
s 171
f 378/126/336 413/129/369 380/128/338 
s 172
f 414/130/370 380/128/338 413/129/369 
s 173
f 415/154/372 416/145/373 392/135/374 
s 174
f 391/132/373 392/135/374 416/145/373 
s 175
f 417/155/375 415/154/376 393/136/377 
s 176
f 392/135/374 393/136/377 415/154/376 
s 177
f 418/154/339 417/155/375 419/135/340 
s 178
f 393/136/378 419/135/340 417/155/375 
s 179
f 402/145/354 418/154/339 386/132/344 
s 180
f 419/135/340 386/132/344 418/154/339 
s 181
f 420/156/313 421/157/313 422/158/319 
s 182
f 422/158/319 421/157/313 423/159/319 
s 183
f 423/159/319 421/157/313 424/160/319 
s 184
f 424/160/319 421/157/313 425/161/319 
s 185
f 425/161/319 421/157/313 426/162/319 
s 186
f 426/162/319 421/157/313 427/163/319 
s 187
f 427/163/319 421/157/313 428/164/319 
s 188
f 428/164/319 421/157/313 429/165/313 
s 189
f 430/166/379 396/139/347 395/138/346 
s 190
f 399/142/350 431/140/380 400/143/351 
s 191
f 432/141/361 400/143/351 431/140/380 
s 192
f 431/140/380 433/139/381 432/141/361 
s 193
f 434/137/363 432/141/361 433/139/381 
s 194
f 433/139/381 435/166/382 434/137/363 
s 195
f 436/138/373 434/137/363 435/166/382 
s 196
f 435/166/382 437/167/383 436/138/373 
s 197
f 438/168/374 436/138/373 437/167/383 
s 198
f 437/167/383 439/169/384 438/168/374 
s 199
f 440/170/375 438/168/374 439/169/384 
s 200
f 439/169/384 441/167/385 440/170/375 
s 201
f 442/168/339 440/170/375 441/167/385 
s 202
f 441/167/385 430/166/379 442/168/339 
s 203
f 395/138/346 442/168/339 430/166/379 
s 204
f 428/171/386 429/172/387 430/166/379 
s 205
f 389/133/361 390/131/363 405/146/360 
s 206
f 416/145/373 406/144/371 391/132/373 
s 207
f 390/131/363 391/132/373 406/144/362 
s 208
f 411/152/368 378/126/336 443/152/282 
s 209
f 378/126/336 381/126/282 443/152/282 
s 210
f 381/126/285 383/129/282 443/152/282 
s 211
f 443/152/388 383/129/353 444/153/343 
s 212
f 384/130/342 444/153/343 383/129/341 
s 213
f 445/148/357 443/152/357 446/150/389 
s 214
f 444/153/343 446/150/389 443/152/388 
s 215
f 408/149/364 445/148/358 410/151/366 
s 216
f 446/150/389 410/151/366 445/148/358 
s 217
f 444/153/343 384/130/342 446/150/389 
s 218
f 410/151/366 446/150/389 409/150/365 
s 219
f 447/173/390 448/174/391 449/175/392 
s 220
f 449/175/392 448/174/391 450/176/393 
s 221
f 451/177/394 447/173/390 452/178/395 
s 222
f 447/173/390 449/175/392 452/178/395 
s 223
f 452/178/395 449/175/392 450/176/393 
s 224
f 450/176/396 448/174/396 453/175/396 
s 225
f 305/80/313 311/74/313 307/179/319 
s 226
f 311/74/313 309/73/313 307/179/319 
s 227
f 304/70/282 306/68/282 302/68/284 
s 228
f 299/65/285 302/68/284 300/66/282 
s 229
f 298/64/282 300/66/282 315/82/288 
s 230
f 317/64/289 315/82/288 316/66/282 
s 231
f 409/150/313 446/150/389 412/153/313 
s 232
f 412/153/313 446/150/389 414/130/313 
s 233
f 414/130/313 446/150/389 380/128/338 
s 234
f 380/128/338 446/150/389 379/127/337 
s 235
f 379/127/337 446/150/389 382/128/340 
s 236
f 446/150/389 384/130/342 382/128/340 
s 237
f 377/125/335 381/126/285 378/126/336 
s 238
f 413/129/369 378/126/336 411/152/368 
s 239
f 407/148/360 411/152/368 408/149/364 
s 240
f 445/148/285 408/149/364 443/152/282 
s 241
f 408/149/364 411/152/368 443/152/282 
s 242
f 425/180/397 426/181/398 437/167/383 
s 243
f 439/169/384 437/167/383 426/181/398 
s 244
f 426/181/398 427/180/399 439/169/384 
s 245
f 441/167/385 439/169/384 427/180/399 
s 246
f 427/180/399 428/171/386 441/167/385 
s 247
f 430/166/379 441/167/385 428/171/386 
s 248
f 454/182/400 448/174/391 447/173/390 
s 249
f 393/136/313 387/133/356 419/135/340 
s 250
f 387/133/356 386/132/344 419/135/340 
s 251
f 417/155/285 418/154/282 415/154/285 
s 252
f 416/145/285 415/154/285 406/144/285 
s 253
f 405/146/360 406/144/285 404/147/285 
s 254
f 403/146/285 404/147/285 401/144/282 
s 255
f 404/147/285 406/144/285 401/144/282 
s 256
f 406/144/282 415/154/282 401/144/282 
s 257
f 415/154/282 418/154/282 401/144/282 
s 258
f 418/154/282 402/145/282 401/144/282 
s 259
f 453/175/401 448/174/402 455/173/403 
s 260
f 455/173/403 448/174/402 454/182/404 
s 261
f 451/177/405 452/178/406 455/173/403 
s 262
f 455/173/403 452/178/406 453/175/401 
s 263
f 453/175/401 452/178/406 450/176/407 
s 264
f 396/139/347 430/166/379 429/172/387 
s 265
f 429/172/387 421/183/408 396/139/347 
s 266
f 397/140/348 396/139/347 421/183/408 
s 267
f 421/183/408 420/184/409 397/140/348 
s 268
f 399/142/350 397/140/348 420/184/409 
s 269
f 420/184/409 422/183/410 399/142/350 
s 270
f 431/140/380 399/142/350 422/183/410 
s 271
f 422/183/410 423/172/411 431/140/380 
s 272
f 433/139/381 431/140/380 423/172/411 
s 273
f 423/172/411 424/171/412 433/139/381 
s 274
f 435/166/382 433/139/381 424/171/412 
s 275
f 424/171/412 425/180/397 435/166/382 
s 276
f 437/167/383 435/166/382 425/180/397 
s 277
f 282/53/284 283/54/413 362/113/327 
s 278
f 361/59/323 362/113/327 283/54/306 
s 279
f 280/52/414 282/53/284 363/114/328 
s 280
f 362/113/327 363/114/328 282/53/284 
s 281
f 281/53/283 280/52/414 364/113/329 
s 282
f 363/114/328 364/113/329 280/52/263 
s 283
f 289/54/290 281/53/283 291/59/293 
s 284
f 364/113/329 291/59/293 281/53/283 
s 285
f 456/185/332 457/186/313 458/187/313 
s 286
f 459/188/313 458/187/313 460/187/313 
s 287
f 460/187/313 458/187/415 461/185/416 
s 288
f 461/185/313 458/187/313 462/186/313 
s 289
f 462/186/313 458/187/313 463/189/313 
s 290
f 463/189/319 458/187/313 464/190/313 
s 291
f 464/190/313 458/187/313 465/189/313 
s 292
f 458/187/313 457/186/313 465/189/313 
s 293
f 466/52/417 467/53/285 468/53/418 
s 294
f 469/191/419 470/56/420 461/185/416 
s 295
f 460/187/299 461/185/300 470/56/300 
s 296
f 471/54/421 469/191/422 462/186/303 
s 297
f 461/185/416 462/186/303 469/191/419 
s 298
f 468/53/418 471/54/421 463/189/306 
s 299
f 462/186/306 463/189/306 471/54/306 
s 300
f 466/52/417 468/53/423 464/190/424 
s 301
f 463/189/423 464/190/423 468/53/418 
s 302
f 467/53/311 466/52/417 465/189/425 
s 303
f 464/190/424 465/189/263 466/52/417 
s 304
f 472/54/290 467/53/311 457/186/426 
s 305
f 285/56/287 286/57/288 359/60/326 
s 306
f 293/61/295 359/60/326 286/57/288 
s 307
f 284/55/286 285/56/287 360/58/300 
s 308
f 359/60/326 360/58/427 285/56/287 
s 309
f 283/54/413 284/55/286 361/59/323 
s 310
f 360/58/427 361/59/323 284/55/286 
s 311
f 473/192/428 474/193/429 475/194/430 
s 312
f 474/193/429 476/195/431 475/194/430 
s 313
f 476/195/431 477/196/432 475/194/430 
s 314
f 478/197/433 479/198/309 480/199/434 
s 315
f 479/198/309 475/194/309 480/199/434 
s 316
f 481/200/309 480/199/434 482/201/435 
s 317
f 482/201/309 480/199/434 483/202/309 
s 318
f 480/199/434 475/194/309 483/202/309 
s 319
f 465/189/425 457/186/266 467/53/311 
s 320
f 266/115/436 267/116/437 484/115/438 
s 321
f 485/116/439 484/115/438 267/116/440 
s 322
f 269/117/441 266/115/436 486/117/442 
s 323
f 484/115/438 486/117/442 266/115/443 
s 324
f 271/118/444 269/117/441 487/118/445 
s 325
f 486/117/442 487/118/445 269/117/444 
s 326
f 273/119/446 271/118/446 488/119/447 
s 327
f 487/118/445 488/119/447 271/118/446 
s 328
f 471/54/285 468/53/285 469/191/285 
s 329
f 470/56/282 469/191/285 489/57/282 
s 330
f 487/118/445 486/117/442 368/118/448 
s 331
f 367/117/449 368/118/423 486/117/442 
s 332
f 488/119/447 487/118/445 369/119/311 
s 333
f 368/118/448 369/119/311 487/118/445 
s 334
f 490/120/450 488/119/447 370/120/331 
s 335
f 369/119/311 370/120/331 488/119/447 
s 336
f 491/121/451 490/120/450 371/121/332 
s 337
f 370/120/331 371/121/332 490/120/450 
s 338
f 492/122/452 491/121/451 372/122/333 
s 339
f 371/121/332 372/122/333 491/121/451 
s 340
f 493/123/453 492/122/452 373/123/296 
s 341
f 372/122/296 373/123/454 492/122/452 
s 342
f 494/124/455 493/123/453 374/124/456 
s 343
f 373/123/454 374/124/457 493/123/453 
s 344
f 485/116/439 494/124/455 366/116/330 
s 345
f 374/124/456 366/116/330 494/124/455 
s 346
f 495/198/458 496/194/458 479/198/458 
s 347
f 473/192/459 475/194/430 497/192/459 
s 348
f 496/194/459 497/192/459 475/194/430 
s 349
f 498/203/460 499/204/461 500/205/462 
s 350
f 501/206/462 500/205/462 499/204/461 
s 351
f 502/207/463 477/208/463 503/209/464 
s 352
f 476/210/464 503/209/464 477/208/463 
s 353
f 483/202/465 475/194/430 504/211/466 
s 354
f 505/212/467 506/213/468 507/214/469 
s 355
f 506/213/309 504/211/466 507/214/309 
s 356
f 504/211/466 475/194/430 507/214/469 
s 357
f 475/194/430 477/196/432 507/214/469 
s 358
f 508/214/470 502/196/470 509/212/470 
s 359
f 510/213/471 509/212/318 511/211/318 
s 360
f 509/212/472 502/196/473 511/211/474 
s 361
f 512/201/475 513/202/476 514/200/477 
s 362
f 514/200/318 513/202/318 515/199/318 
s 363
f 506/213/478 505/212/467 510/213/471 
s 364
f 509/212/472 510/213/471 505/212/467 
s 365
f 504/211/466 506/213/468 511/211/479 
s 366
f 510/213/471 511/211/479 506/213/468 
s 367
f 483/202/465 504/211/466 513/202/291 
s 368
f 511/211/479 513/202/291 504/211/466 
s 369
f 482/201/480 483/202/480 512/201/475 
s 370
f 513/202/476 512/201/475 483/202/480 
s 371
f 481/200/481 482/201/435 514/200/291 
s 372
f 512/201/475 514/200/291 482/201/435 
s 373
f 480/199/434 481/200/481 515/199/482 
s 374
f 514/200/477 515/199/483 481/200/483 
s 375
f 478/197/433 480/199/434 516/197/484 
s 376
f 515/199/482 516/197/484 480/199/434 
s 377
f 479/198/485 478/197/433 495/198/485 
s 378
f 516/197/484 495/198/485 478/197/433 
s 379
f 475/194/458 479/198/458 496/194/458 
s 380
f 517/193/486 503/195/487 500/215/488 
s 381
f 498/216/489 500/215/488 503/195/487 
s 382
f 474/217/490 517/218/490 501/206/462 
s 383
f 500/205/462 501/206/462 517/218/490 
s 384
f 518/56/289 489/57/282 519/191/282 
s 385
f 489/57/282 469/191/422 519/191/282 
s 386
f 469/191/422 468/53/418 519/191/282 
s 387
f 468/53/418 467/53/282 519/191/282 
s 388
f 467/53/285 472/54/290 519/191/282 
s 389
f 519/191/334 472/54/290 456/185/332 
s 390
f 457/186/426 456/185/332 472/54/290 
s 391
f 518/56/289 519/191/334 458/187/415 
s 392
f 456/185/332 458/187/415 519/191/334 
s 393
f 489/57/318 518/56/289 459/188/318 
s 394
f 458/187/296 459/188/318 518/56/289 
s 395
f 470/56/420 489/57/318 460/187/299 
s 396
f 459/188/318 460/187/299 489/57/318 
s 397
f 513/202/318 511/211/474 515/199/318 
s 398
f 516/197/318 515/199/318 495/198/318 
s 399
f 495/198/318 515/199/318 496/194/491 
s 400
f 515/199/318 511/211/474 496/194/491 
s 401
f 511/211/474 502/196/473 496/194/491 
s 402
f 497/192/492 496/194/491 517/193/486 
s 403
f 517/193/486 496/194/491 503/195/487 
s 404
f 496/194/491 502/196/473 503/195/487 
s 405
f 517/218/490 474/217/490 497/219/493 
s 406
f 473/220/493 497/219/493 474/217/490 
s 407
f 507/221/494 477/222/495 508/223/496 
s 408
f 502/224/495 508/223/496 477/222/495 
s 409
f 505/225/313 507/221/494 509/226/313 
s 410
f 508/223/496 509/226/313 507/221/494 
s 411
f 476/195/431 474/193/429 499/216/497 
s 412
f 501/215/498 499/216/497 474/193/429 
s 413
f 503/209/464 476/210/464 498/203/460 
s 414
f 499/204/461 498/203/460 476/210/464 
s 415
f 520/227/499 521/228/500 522/229/269 
s 416
f 523/229/273 524/230/271 525/227/501 
s 417
f 521/228/500 525/227/501 524/230/271 
s 418
f 526/231/502 523/229/273 527/232/503 
s 419
f 525/227/501 527/232/503 523/229/273 
s 420
f 528/233/277 526/231/502 529/234/278 
s 421
f 527/232/503 529/234/278 526/231/502 
s 422
f 530/235/280 528/233/277 531/236/504 
s 423
f 529/234/278 531/236/504 528/233/277 
s 424
f 532/237/262 530/235/280 533/238/314 
s 425
f 531/236/504 533/238/314 530/235/280 
s 426
f 534/235/261 532/237/262 535/236/315 
s 427
f 533/238/314 535/236/315 532/237/262 
s 428
f 536/233/265 534/235/261 537/234/505 
s 429
f 535/236/315 537/234/505 534/235/261 
s 430
f 333/96/319 322/87/319 319/85/319 
s 431
f 538/239/319 537/240/319 520/241/319 
s 432
f 539/242/506 540/243/507 541/242/508 
s 433
f 542/244/509 543/243/510 544/244/511 
s 434
f 540/243/507 544/244/512 543/243/510 
s 435
f 545/245/513 542/244/509 546/245/514 
s 436
f 544/244/512 546/245/514 542/244/509 
s 437
f 547/246/515 545/245/513 548/246/516 
s 438
f 546/245/514 548/246/517 545/245/513 
s 439
f 549/247/518 547/246/515 550/247/519 
s 440
f 548/246/516 550/247/520 547/246/515 
s 441
f 532/237/262 534/235/261 551/248/309 
s 442
f 552/249/264 553/250/311 536/233/265 
s 443
f 534/235/261 536/233/265 553/250/311 
s 444
f 554/231/267 536/233/265 538/232/521 
s 445
f 537/234/505 538/232/521 536/233/265 
s 446
f 522/229/269 554/231/267 520/227/499 
s 447
f 538/232/521 520/227/499 554/231/267 
s 448
f 524/230/271 522/229/269 521/228/500 
s 449
f 526/231/502 528/233/277 555/251/324 
s 450
f 556/250/298 557/249/522 530/235/280 
s 451
f 528/233/277 530/235/280 557/249/522 
s 452
f 551/248/309 556/250/298 532/237/262 
s 453
f 530/235/280 532/237/262 556/250/298 
s 454
f 553/250/311 551/248/309 534/235/261 
s 455
f 326/90/320 327/91/286 355/87/522 
s 456
f 354/96/324 355/87/522 327/91/286 
s 457
f 325/89/284 326/90/320 318/84/298 
s 458
f 355/87/522 318/84/298 326/90/320 
s 459
f 323/88/308 325/89/284 320/86/309 
s 460
f 318/84/298 320/86/309 325/89/284 
s 461
f 324/89/310 323/88/263 321/84/311 
s 462
f 320/86/309 321/84/311 323/88/308 
s 463
f 332/95/290 324/89/266 322/87/264 
s 464
f 321/84/311 322/87/264 324/89/310 
s 465
f 558/100/319 343/101/319 336/99/313 
s 466
f 521/252/313 520/241/319 525/253/313 
s 467
f 525/253/313 520/241/319 527/254/313 
s 468
f 527/254/313 520/241/319 529/255/319 
s 469
f 529/255/319 520/241/319 531/256/313 
s 470
f 531/256/313 520/241/319 533/257/313 
s 471
f 533/257/313 520/241/319 535/258/319 
s 472
f 520/241/319 537/240/319 535/258/319 
s 473
f 559/251/322 552/249/264 554/231/267 
s 474
f 536/233/265 554/231/267 552/249/264 
s 475
f 560/259/317 559/251/322 522/229/269 
s 476
f 554/231/267 522/229/269 559/251/322 
s 477
f 561/260/318 560/259/317 524/230/271 
s 478
f 522/229/269 524/230/271 560/259/317 
s 479
f 562/259/299 561/260/318 523/229/273 
s 480
f 524/230/271 523/229/273 561/260/318 
s 481
f 555/251/324 562/259/299 526/231/502 
s 482
f 523/229/273 526/231/502 562/259/299 
s 483
f 557/249/522 555/251/324 528/233/277 
s 484
f 540/243/507 550/247/313 548/246/313 
s 485
f 563/261/523 564/262/309 565/263/524 
s 486
f 566/264/525 565/263/524 564/262/309 
s 487
f 567/265/526 563/261/523 568/266/527 
s 488
f 565/263/524 568/266/527 563/261/523 
s 489
f 569/267/318 567/265/526 570/268/528 
s 490
f 568/266/527 570/268/528 567/265/526 
s 491
f 571/269/529 569/267/318 572/270/530 
s 492
f 570/268/528 572/270/530 569/267/318 
s 493
f 573/271/510 571/269/529 574/272/531 
s 494
f 572/270/530 574/272/531 571/269/529 
s 495
f 564/262/309 573/271/510 566/264/525 
s 496
f 574/272/531 566/264/525 573/271/510 
s 497
f 565/263/524 566/264/525 541/242/532 
s 498
f 549/247/533 541/242/532 566/264/525 
s 499
f 568/266/527 565/263/524 543/243/534 
s 500
f 541/242/532 543/243/534 565/263/524 
s 501
f 275/120/535 273/119/536 490/120/450 
s 502
f 488/119/447 490/120/450 273/119/536 
s 503
f 277/121/537 275/120/535 491/121/451 
s 504
f 490/120/450 491/121/451 275/120/535 
s 505
f 279/122/538 277/121/537 492/122/452 
s 506
f 491/121/451 492/122/452 277/121/537 
s 507
f 313/123/539 279/122/538 493/123/453 
s 508
f 492/122/452 493/123/453 279/122/538 
s 509
f 314/124/540 313/123/539 494/124/455 
s 510
f 493/123/453 494/124/455 313/123/539 
s 511
f 267/116/437 314/124/540 485/116/439 
s 512
f 494/124/541 485/116/439 314/124/541 
s 513
f 484/115/438 485/116/439 365/115/303 
s 514
f 366/116/303 365/115/303 485/116/439 
s 515
f 486/117/442 484/115/438 367/117/449 
s 516
f 365/115/306 367/117/306 484/115/438 
s 517
f 546/245/514 540/243/507 548/246/313 
s 518
f 347/106/421 348/107/286 339/101/323 
s 519
f 338/100/303 339/101/323 348/107/286 
s 520
f 346/105/284 347/106/421 340/102/306 
s 521
f 339/101/323 340/102/306 347/106/306 
s 522
f 344/104/423 346/105/284 341/103/423 
s 523
f 340/102/423 341/103/423 346/105/284 
s 524
f 345/105/542 344/104/263 342/102/425 
s 525
f 341/103/263 342/102/263 344/104/263 
s 526
f 575/106/290 345/105/542 343/101/264 
s 527
f 342/102/425 343/101/264 345/105/542 
s 528
f 539/242/506 550/247/313 540/243/507 
s 529
f 544/244/313 540/243/507 546/245/514 
s 530
f 566/264/525 574/272/531 549/247/533 
s 531
f 547/246/543 549/247/533 574/272/531 
s 532
f 541/242/508 549/247/518 539/242/506 
s 533
f 550/247/519 539/242/506 549/247/518 
s 534
f 543/243/510 541/242/508 540/243/507 
s 535
f 570/268/528 568/266/527 542/244/544 
s 536
f 543/243/534 542/244/544 568/266/527 
s 537
f 572/270/530 570/268/528 545/245/545 
s 538
f 542/244/544 545/245/545 570/268/528 
s 539
f 574/272/531 572/270/530 547/246/543 
s 540
f 545/245/545 547/246/543 572/270/530 
s 541
f 346/105/284 345/105/282 352/107/282 
s 542
f 345/105/282 575/106/290 352/107/546 
s 543
f 352/107/546 575/106/290 558/100/291 
s 544
f 343/101/264 558/100/291 575/106/290 
s 545
f 351/108/317 352/107/294 336/99/317 
s 546
f 558/100/294 336/99/317 352/107/294 
s 547
f 350/109/547 351/108/317 335/98/296 
s 548
f 336/99/317 335/98/296 351/108/317 
s 549
f 349/108/287 350/109/457 337/99/299 
s 550
f 335/98/457 337/99/299 350/109/547 
s 551
f 348/107/286 349/108/287 338/100/300 
s 552
f 337/99/299 338/100/300 349/108/287 
s 1
f 576/273/548 577/274/548 578/275/548 
s 2
f 578/276/549 579/277/549 576/278/549 
s 3
f 580/279/549 576/278/549 579/277/549 
s 4
f 581/280/550 582/281/551 577/274/551 
s 5
f 583/282/552 577/274/551 582/281/551 
s 6
f 584/283/553 585/284/553 586/285/553 
s 7
f 587/286/553 586/285/553 585/284/553 
s 8
f 586/287/554 587/288/554 588/289/554 
s 9
f 589/284/554 588/289/554 587/288/554 
s 10
f 588/290/555 589/291/556 590/292/557 
s 11
f 591/288/558 590/292/557 589/291/556 
s 12
f 590/287/559 591/288/559 584/293/559 
s 13
f 585/294/559 584/293/559 591/288/559 
s 14
f 591/288/558 589/291/556 585/284/560 
s 15
f 587/286/560 585/284/560 589/291/556 
s 16
f 592/295/561 593/296/561 594/297/562 
s 17
f 595/298/562 594/297/562 593/296/561 
s 18
f 594/297/562 595/298/562 596/299/563 
s 19
f 597/300/563 596/299/563 595/298/562 
s 20
f 596/301/564 597/302/564 598/303/565 
s 21
f 599/299/564 598/303/565 597/302/564 
s 22
f 598/303/565 599/299/566 592/298/566 
s 23
f 593/297/566 592/298/566 599/299/566 
s 24
f 599/304/549 597/305/549 593/306/549 
s 25
f 595/307/549 593/306/549 597/305/549 
s 26
f 600/308/550 601/309/567 602/310/568 
s 27
f 603/311/568 602/310/568 601/309/567 
s 28
f 602/310/569 603/312/569 604/313/569 
s 29
f 605/314/569 604/313/569 603/312/569 
s 30
f 604/313/548 605/315/548 606/316/570 
s 31
f 607/317/548 606/316/570 605/315/548 
s 32
f 605/318/549 603/311/549 607/319/549 
s 33
f 601/309/567 607/319/549 603/311/549 
s 34
f 600/308/550 602/310/551 606/316/570 
s 35
f 604/313/551 606/316/570 602/310/551 
s 36
f 581/280/550 580/279/568 582/281/568 
s 37
f 579/277/568 582/281/568 580/279/568 
s 38
f 582/281/569 579/320/569 583/282/552 
s 39
f 578/321/569 583/282/552 579/320/569 
s 40
f 583/282/552 578/275/548 577/274/548 
s 41
f 608/322/571 609/323/572 610/324/573 
s 42
f 611/325/574 609/323/572 608/322/571 
s 43
f 612/326/575 613/327/576 614/328/577 
s 44
f 615/329/578 614/328/577 613/327/576 
s 45
f 616/330/579 611/325/574 617/331/580 
s 46
f 618/332/581 617/331/580 611/325/574 
s 47
f 619/333/582 620/334/583 621/335/584 
s 48
f 621/335/584 620/334/583 622/336/585 
s 49
f 623/337/586 622/336/585 620/334/583 
s 50
f 617/338/587 618/339/588 624/340/589 
s 51
f 625/341/590 624/340/589 618/339/588 
s 52
f 626/342/591 627/343/592 628/344/593 
s 53
f 629/345/594 628/344/593 627/343/592 
s 54
f 630/346/595 620/334/583 631/347/596 
s 55
f 619/333/582 631/347/596 620/334/583 
s 56
f 632/348/597 633/349/598 612/326/599 
s 57
f 634/350/600 612/326/599 633/349/598 
s 58
f 623/337/586 620/334/583 635/351/601 
s 59
f 630/346/595 635/351/601 620/334/583 
s 60
f 636/352/602 630/346/595 637/353/603 
s 61
f 631/347/596 637/353/603 630/346/595 
s 62
f 638/354/604 639/355/605 632/348/606 
s 63
f 635/351/601 630/346/595 640/356/607 
s 64
f 636/352/602 640/356/607 630/346/608 
s 65
f 637/353/603 641/357/609 636/352/602 
s 66
f 642/358/610 636/352/602 641/357/609 
s 67
f 643/359/611 644/360/612 638/354/604 
s 68
f 639/355/605 638/354/604 644/360/612 
s 69
f 645/361/613 637/353/603 646/362/614 
s 70
f 646/362/614 637/353/603 647/363/615 
s 71
f 631/347/596 647/363/616 637/353/603 
s 72
f 647/363/616 631/347/596 648/364/617 
s 73
f 619/333/582 648/364/617 631/347/596 
s 74
f 648/364/617 619/333/582 649/365/618 
s 75
f 621/335/584 649/365/618 619/333/582 
s 76
f 650/366/619 646/367/620 647/368/621 
s 77
f 650/366/619 647/368/621 648/369/622 
s 78
f 650/366/619 648/369/622 649/370/623 
s 79
f 651/371/624 652/372/625 653/373/626 
s 80
f 654/374/627 653/373/628 652/372/625 
s 81
f 655/375/629 643/359/611 640/356/607 
s 82
f 638/354/630 640/356/607 643/359/611 
s 83
f 640/356/607 638/354/631 635/351/601 
s 84
f 632/348/632 635/351/601 638/354/631 
s 85
f 618/332/581 611/325/574 608/322/571 
s 86
f 635/351/601 632/348/632 623/337/586 
s 87
f 612/326/575 623/337/586 632/348/632 
s 88
f 609/323/572 615/329/578 610/324/573 
s 89
f 622/336/585 623/337/586 612/326/575 
s 90
f 614/328/577 622/336/585 612/326/599 
s 91
f 652/376/633 629/377/634 654/378/635 
s 92
f 613/327/636 654/378/635 629/377/634 
s 93
f 612/326/637 634/350/637 613/327/636 
s 94
f 654/378/635 613/327/638 634/350/638 
s 95
f 614/328/577 615/329/578 656/379/639 
s 96
f 654/374/627 634/380/640 653/381/640 
s 97
f 656/379/639 609/323/572 614/328/577 
s 98
f 611/325/574 614/328/577 609/323/572 
s 99
f 609/323/572 656/379/639 615/329/578 
s 100
f 622/336/585 616/330/579 621/335/584 
s 101
f 616/330/579 622/336/585 614/328/577 
s 102
f 616/330/579 614/328/577 611/325/574 
s 103
f 627/382/641 610/324/573 615/329/578 
s 104
f 618/339/588 657/383/642 625/341/590 
s 105
f 658/384/643 625/341/590 657/383/642 
s 106
f 608/385/644 659/386/645 618/387/646 
s 107
f 657/383/642 618/387/646 659/386/645 
s 108
f 610/388/647 660/389/648 608/385/644 
s 109
f 659/386/645 608/385/644 660/389/648 
s 110
f 627/390/649 626/342/591 610/388/647 
s 111
f 660/389/648 610/388/647 626/342/591 
s 112
f 661/391/650 662/392/651 663/393/652 
s 113
f 664/394/653 665/395/654 658/384/643 
s 114
f 664/394/653 659/386/645 666/396/655 
s 115
f 660/389/648 666/396/655 659/386/645 
s 116
f 667/397/656 668/398/657 661/391/650 
s 117
f 661/391/650 668/398/657 662/392/651 
s 118
f 669/399/658 670/400/659 671/401/660 
s 119
f 672/402/661 671/401/660 670/400/662 
s 120
f 662/392/651 673/403/663 663/393/652 
s 121
f 674/404/664 663/393/652 673/403/663 
s 122
f 675/405/665 676/406/666 677/407/667 
s 123
f 678/408/668 676/406/666 679/409/669 
s 124
f 675/405/665 679/409/669 676/406/666 
s 125
f 674/410/670 624/340/589 663/411/671 
s 126
f 625/341/590 663/411/671 624/340/589 
s 127
f 680/412/672 629/413/673 669/399/658 
s 128
f 670/400/659 669/399/658 629/413/673 
s 129
f 677/407/667 676/406/666 681/414/674 
s 130
f 682/415/675 681/414/674 676/406/666 
s 131
f 683/416/676 684/417/677 685/418/678 
s 132
f 682/415/675 676/406/666 686/419/679 
s 133
f 678/408/668 686/419/679 676/406/666 
s 134
f 681/414/674 682/415/675 641/357/609 
s 135
f 642/358/610 641/357/609 682/415/675 
s 136
f 687/420/680 688/421/681 683/416/676 
s 137
f 684/417/677 683/416/676 688/421/681 
s 138
f 642/358/610 682/415/675 689/422/682 
s 139
f 686/419/679 689/422/682 682/415/675 
s 140
f 643/359/611 688/421/681 644/360/612 
s 141
f 687/420/680 644/360/612 688/421/681 
s 142
f 655/375/629 642/358/610 689/422/682 
s 143
f 681/414/674 641/357/609 690/423/683 
s 144
f 691/424/684 690/423/685 641/357/609 
s 145
f 677/407/667 681/414/674 692/425/686 
s 146
f 690/423/683 692/425/686 681/414/674 
s 147
f 675/405/665 677/407/667 693/426/687 
s 148
f 692/425/686 693/426/687 677/407/667 
s 149
f 646/367/620 650/366/619 645/427/688 
s 150
f 690/428/689 691/429/690 650/366/619 
s 151
f 692/430/691 690/428/689 650/366/619 
s 152
f 693/431/692 692/430/691 650/366/619 
s 153
f 694/432/693 652/372/625 695/433/693 
s 154
f 696/434/694 697/435/695 624/436/696 
s 155
f 688/421/697 643/359/611 689/422/682 
s 156
f 655/375/629 689/422/682 643/359/611 
s 157
f 684/417/698 688/421/699 686/419/679 
s 158
f 689/422/682 686/419/679 688/421/699 
s 159
f 672/402/661 684/417/700 678/408/668 
s 160
f 686/419/679 678/408/668 684/417/701 
s 161
f 626/342/591 628/344/593 660/389/648 
s 162
f 667/397/656 669/399/658 668/398/657 
s 163
f 672/402/661 678/408/668 679/409/669 
s 164
f 672/402/661 679/409/669 671/401/660 
s 165
f 670/400/702 629/413/673 694/437/703 
s 166
f 652/438/704 694/437/703 629/413/673 
s 167
f 694/437/705 685/418/706 670/400/659 
s 168
f 672/402/661 670/400/659 685/418/706 
s 169
f 698/439/707 669/399/658 671/401/660 
s 170
f 695/433/708 685/440/708 694/441/708 
s 171
f 662/392/651 668/398/657 671/401/660 
s 172
f 698/439/707 671/401/660 668/398/657 
s 173
f 669/399/658 698/439/707 668/398/657 
s 174
f 675/405/665 673/403/663 679/409/669 
s 175
f 671/401/660 679/409/669 673/403/663 
s 176
f 662/392/651 671/401/660 673/403/663 
s 177
f 672/402/661 685/418/709 684/417/709 
s 178
f 658/384/643 665/395/654 625/341/590 
s 179
f 663/411/671 625/341/590 665/395/654 
s 180
f 665/395/654 664/394/653 663/442/710 
s 181
f 661/443/711 663/442/710 664/394/653 
s 182
f 664/394/653 666/396/655 661/443/711 
s 183
f 667/444/712 661/443/711 666/396/655 
s 184
f 666/396/655 699/445/713 667/444/712 
s 185
f 680/446/714 667/444/712 699/445/713 
s 186
f 675/405/665 693/426/715 700/447/716 
s 187
f 701/448/717 649/365/718 702/449/719 
s 188
f 693/431/720 650/366/619 649/370/720 
s 189
f 636/352/602 655/375/629 640/356/607 
s 190
f 642/358/610 655/375/629 636/352/602 
s 191
f 637/353/603 645/361/613 641/357/609 
s 192
f 641/357/609 645/361/613 691/424/684 
s 193
f 645/427/688 650/366/619 691/429/690 
s 194
f 664/394/653 658/384/643 659/386/645 
s 195
f 659/386/645 658/384/643 657/383/642 
s 196
f 660/389/648 628/344/593 666/396/655 
s 197
f 666/396/655 628/344/593 699/445/713 
s 198
f 696/434/721 624/436/696 703/450/722 
s 199
f 674/451/723 703/450/722 624/436/696 
s 200
f 633/349/598 632/348/606 639/355/605 
s 201
f 617/452/724 624/436/696 697/435/695 
s 202
f 616/453/725 617/452/724 704/454/726 
s 203
f 700/447/716 673/403/663 675/405/665 
s 204
f 700/455/727 705/456/727 673/457/727 
s 205
f 702/458/728 616/453/728 706/459/729 
s 206
f 707/460/730 673/457/731 705/456/732 
s 207
f 704/454/726 617/452/724 697/435/733 
s 208
f 613/327/636 629/377/634 615/329/578 
s 209
f 627/382/641 615/329/578 629/377/634 
s 210
f 699/445/713 628/344/593 680/461/734 
s 211
f 629/345/594 680/461/734 628/344/593 
s 212
f 673/457/731 707/460/730 674/451/723 
s 213
f 616/453/725 704/454/735 706/459/729 
s 214
f 703/450/736 674/451/723 707/460/730 
s 215
f 702/449/719 621/335/584 616/330/579 
s 216
f 700/447/716 693/426/737 708/462/737 
s 217
f 702/449/719 649/365/718 621/335/584 
s 218
f 709/463/738 710/464/739 711/465/740 
s 219
f 712/466/741 711/465/740 710/464/739 
s 220
f 710/464/739 713/467/742 712/466/741 
s 221
f 714/468/743 712/466/741 713/467/742 
s 222
f 713/467/742 715/469/744 714/468/744 
s 223
f 669/399/658 667/397/656 680/412/672 
s 224
f 716/470/744 714/468/744 715/469/744 
s 225
f 715/471/745 717/472/746 716/473/745 
s 226
f 718/474/747 716/473/745 717/472/746 
s 227
f 717/472/746 719/475/748 718/474/747 
s 228
f 720/476/749 718/474/747 719/475/748 
s 229
f 719/475/748 721/477/750 720/476/749 
s 230
f 722/478/751 720/476/749 721/477/750 
s 231
f 721/477/750 723/479/752 722/478/753 
s 232
f 724/480/754 722/478/753 723/479/752 
s 233
f 723/479/752 709/463/738 724/480/754 
s 234
f 711/465/740 724/480/754 709/463/738 
s 235
f 712/481/755 714/482/755 711/483/755 
s 236
f 724/484/755 711/483/755 722/485/755 
s 237
f 720/486/755 722/485/755 718/487/755 
s 238
f 722/485/755 711/483/755 718/487/755 
s 239
f 711/483/755 714/482/755 718/487/755 
s 240
f 718/487/755 714/482/755 716/488/755 
s 241
f 725/489/756 726/490/757 727/491/758 
s 242
f 728/492/759 727/491/758 726/490/757 
s 243
f 729/493/760 725/494/761 730/495/762 
s 244
f 727/489/763 730/495/762 725/494/761 
s 245
f 731/496/764 726/497/765 729/498/766 
s 246
f 725/499/767 729/498/766 726/497/765 
s 247
f 732/500/768 728/490/769 731/501/770 
s 248
f 726/492/771 731/501/770 728/490/769 
s 249
f 730/502/772 727/494/773 732/503/774 
s 250
f 728/492/775 732/503/774 727/494/773 
s 251
f 733/466/776 734/464/777 735/465/778 
s 252
f 736/463/779 735/465/778 734/464/777 
s 253
f 737/468/780 738/467/780 733/466/776 
s 254
f 734/464/777 733/466/776 738/467/780 
s 255
f 739/470/781 740/469/781 737/468/781 
s 256
f 738/467/782 737/468/782 740/469/782 
s 257
f 741/474/783 742/472/784 739/473/785 
s 258
f 740/471/785 739/473/785 742/472/784 
s 259
f 743/476/786 744/475/787 741/474/783 
s 260
f 742/472/784 741/474/783 744/475/787 
s 261
f 745/478/788 746/477/789 743/476/786 
s 262
f 744/475/787 743/476/786 746/477/789 
s 263
f 747/480/790 748/479/791 745/478/792 
s 264
f 746/477/789 745/478/792 748/479/791 
s 265
f 735/465/778 736/463/779 747/480/790 
s 266
f 748/479/791 747/480/790 736/463/779 
s 267
f 743/504/793 741/505/793 745/506/793 
s 268
f 747/507/793 745/506/793 735/508/793 
s 269
f 745/506/793 741/505/793 735/508/793 
s 270
f 733/509/793 735/508/793 737/510/793 
s 271
f 735/508/793 741/505/793 737/510/793 
s 272
f 737/510/793 741/505/793 739/511/793 
s 273
f 749/492/794 750/490/795 751/491/796 
s 274
f 752/489/797 751/491/796 750/490/795 
s 275
f 751/489/798 752/494/799 753/495/800 
s 276
f 754/493/801 753/495/800 752/494/799 
s 277
f 752/512/802 750/513/803 754/494/804 
s 278
f 755/514/805 754/494/804 750/513/803 
s 279
f 750/492/806 749/490/807 755/501/808 
s 280
f 756/500/809 755/501/808 749/490/807 
s 281
f 749/492/810 751/494/811 756/503/812 
s 282
f 753/502/813 756/503/812 751/494/811 
s 283
f 757/515/814 758/516/815 759/517/816 
s 284
f 760/518/817 761/519/818 758/516/815 
s 285
f 759/517/819 758/516/815 761/519/818 
s 286
f 759/517/816 761/519/818 762/520/820 
s 287
f 763/521/821 762/520/820 761/519/818 
s 288
f 763/522/822 764/523/823 762/524/824 
s 289
f 757/525/825 762/524/824 764/523/823 
s 290
f 764/523/823 760/526/826 757/525/827 
s 291
f 758/527/828 757/525/827 760/526/826 
s 292
f 757/515/814 759/517/829 762/520/820 
s 293
f 765/517/830 766/516/831 767/515/832 
s 294
f 765/517/833 768/519/834 766/516/831 
s 295
f 769/518/835 766/516/831 768/519/834 
s 296
f 770/521/836 768/519/834 771/520/837 
s 297
f 765/517/830 771/520/837 768/519/834 
s 298
f 767/525/838 772/523/839 771/524/840 
s 299
f 770/522/841 771/524/840 772/523/839 
s 300
f 766/527/842 769/526/843 767/525/844 
s 301
f 772/523/839 767/525/844 769/526/843 
s 302
f 771/520/837 765/517/845 767/515/832 
s 303
f 773/528/846 774/529/847 775/530/848 
s 304
f 776/531/849 777/532/850 774/529/851 
s 305
f 775/530/852 774/529/851 777/532/850 
s 306
f 778/533/853 779/534/854 780/535/855 
s 307
f 781/536/856 780/535/855 779/534/854 
s 308
f 781/537/857 779/538/858 782/535/859 
s 309
f 783/533/860 782/535/859 779/538/858 
s 310
f 784/539/861 776/540/862 773/541/863 
s 311
f 774/542/864 773/541/863 776/540/862 
s 312
f 773/543/865 782/535/866 784/544/867 
s 313
f 783/533/868 784/544/867 782/535/866 
s 314
f 782/545/869 773/528/846 780/535/870 
s 315
f 775/530/848 780/535/870 773/528/846 
s 316
f 782/545/869 780/535/870 781/536/871 
s 317
f 775/530/852 777/546/872 780/535/855 
s 318
f 778/533/853 780/535/855 777/546/872 
s 319
f 785/547/873 786/548/874 787/549/873 
s 320
f 788/550/875 786/548/875 785/551/875 
s 321
f 789/552/876 786/548/874 788/550/877 
s 322
f 787/549/878 786/548/879 789/552/880 
s 323
f 790/553/881 791/554/882 787/549/878 
s 324
f 785/547/882 787/549/878 791/554/882 
s 325
f 791/555/883 792/556/883 785/551/883 
s 326
f 788/550/877 785/551/883 792/556/884 
s 327
f 792/556/884 793/557/885 788/550/886 
s 328
f 789/552/880 788/550/886 793/557/885 
s 329
f 793/557/885 790/553/881 789/552/887 
s 330
f 787/549/887 789/552/887 790/553/881 
s 331
f 794/558/888 795/559/888 790/560/888 
s 332
f 791/561/888 790/560/888 795/559/888 
s 333
f 795/559/889 796/562/890 791/561/889 
s 334
f 792/563/889 791/561/889 796/562/890 
s 335
f 796/562/890 797/564/891 792/563/891 
s 336
f 793/565/891 792/563/891 797/564/891 
s 337
f 797/566/892 794/558/892 793/567/892 
s 338
f 790/560/892 793/567/892 794/558/892 
s 339
f 798/530/893 799/529/894 800/528/895 
s 340
f 798/530/896 801/532/897 799/529/898 
s 341
f 802/531/899 799/529/898 801/532/897 
s 342
f 803/536/900 804/534/901 805/535/902 
s 343
f 806/533/903 805/535/902 804/534/901 
s 344
f 807/568/904 804/569/905 808/570/906 
s 345
f 803/571/907 808/570/906 804/569/905 
s 346
f 799/572/908 802/573/909 800/574/910 
s 347
f 809/575/911 800/574/910 802/573/909 
s 348
f 807/576/912 808/577/913 809/578/914 
s 349
f 800/579/915 809/578/914 808/577/913 
s 350
f 798/530/893 800/528/895 805/535/916 
s 351
f 808/545/917 805/535/916 800/528/895 
s 352
f 803/536/918 805/535/916 808/545/917 
s 353
f 806/533/903 801/546/919 805/535/902 
s 354
f 798/530/896 805/535/902 801/546/919 
s 355
f 810/580/920 811/581/921 812/582/922 
s 356
f 813/583/923 812/582/922 811/581/921 
s 357
f 813/583/923 814/584/924 812/582/922 
s 358
f 815/585/925 812/582/922 814/584/924 
s 359
f 816/586/926 817/587/927 818/588/928 
s 360
f 819/589/929 818/588/928 817/587/927 
s 361
f 818/588/928 819/589/929 810/590/930 
s 362
f 811/591/931 810/590/930 819/589/929 
s 363
f 816/586/926 820/592/932 821/593/933 
s 364
f 822/594/934 821/593/933 820/592/932 
s 365
f 820/592/932 816/586/926 823/595/935 
s 366
f 818/588/928 823/595/935 816/586/926 
s 367
f 823/595/935 818/588/928 824/596/936 
s 368
f 810/590/930 824/596/936 818/588/928 
s 369
f 824/597/937 810/580/920 825/598/938 
s 370
f 812/582/922 825/598/938 810/580/920 
s 371
f 825/598/938 812/582/922 826/599/939 
s 372
f 815/585/925 826/599/939 812/582/922 
s 373
f 821/593/933 827/600/940 816/586/926 
s 374
f 817/587/927 816/586/926 827/600/940 
s 375
f 828/601/941 829/602/942 814/603/943 
s 376
f 815/604/944 814/603/943 829/602/942 
s 377
f 830/605/945 831/606/946 832/607/947 
s 378
f 833/608/948 832/607/947 831/606/946 
s 379
f 831/606/946 834/609/949 833/608/948 
s 380
f 835/610/950 833/608/948 834/609/949 
s 381
f 834/611/951 829/602/942 835/612/952 
s 382
f 828/601/941 835/612/952 829/602/942 
s 383
f 830/605/945 821/593/933 836/613/953 
s 384
f 822/594/934 836/613/953 821/593/933 
s 385
f 836/613/953 837/614/954 830/605/945 
s 386
f 831/606/946 830/605/945 837/614/954 
s 387
f 837/614/954 838/615/955 831/606/946 
s 388
f 834/609/949 831/606/946 838/615/955 
s 389
f 838/616/956 839/617/957 834/611/951 
s 390
f 829/602/942 834/611/951 839/617/957 
s 391
f 839/617/957 826/618/958 829/602/942 
s 392
f 815/604/944 829/602/942 826/618/958 
s 393
f 821/593/933 830/605/945 827/600/940 
s 394
f 832/607/947 827/600/940 830/605/945 
s 395
f 840/619/959 841/620/960 842/621/961 
s 396
f 843/622/962 842/621/961 841/620/960 
s 397
f 844/623/963 845/624/964 846/625/965 
s 398
f 847/626/966 848/627/967 842/621/961 
s 399
f 849/628/968 842/621/961 848/627/967 
s 400
f 850/629/969 851/630/970 852/631/971 
s 401
f 853/632/972 852/631/973 851/630/970 
s 402
f 854/633/974 846/625/965 855/634/975 
s 403
f 856/635/976 855/634/975 846/625/965 
s 404
f 857/636/977 854/633/974 858/637/978 
s 405
f 848/627/979 847/626/980 859/638/981 
s 406
f 860/639/982 852/631/983 859/640/984 
s 407
f 848/627/985 859/640/985 852/631/985 
s 408
f 850/629/969 852/631/971 861/641/986 
s 409
f 862/642/987 859/638/981 863/643/988 
s 410
f 864/644/989 860/639/982 862/642/987 
s 411
f 859/640/990 862/642/987 860/639/982 
s 412
f 857/636/977 865/645/991 861/641/992 
s 413
f 860/639/982 864/644/989 861/641/993 
s 414
f 857/636/994 861/641/994 864/644/989 
s 415
f 864/644/989 862/642/987 844/623/963 
s 416
f 844/623/963 862/642/987 845/624/964 
s 417
f 845/624/964 862/642/987 863/643/988 
s 418
f 844/623/963 846/625/965 854/633/974 
s 419
f 863/643/988 847/626/995 866/646/995 
s 420
f 843/622/962 866/646/996 847/626/966 
s 421
f 847/626/980 863/643/988 859/638/981 
s 422
f 844/623/963 857/636/997 864/644/989 
s 423
f 851/630/970 850/629/969 865/645/991 
s 424
f 850/629/969 861/641/992 865/645/991 
s 425
f 867/647/998 865/645/991 858/637/978 
s 426
f 851/630/970 865/645/991 868/648/999 
s 427
f 869/649/1000 870/650/1001 868/648/999 
s 428
f 868/648/999 870/650/1001 851/630/970 
s 429
f 851/630/970 870/650/1001 853/632/972 
s 430
f 871/651/1002 872/652/1003 873/653/1004 
s 431
f 874/654/1005 875/655/1006 867/647/998 
s 432
f 876/656/1007 874/654/1005 858/637/978 
s 433
f 867/647/998 858/637/978 874/654/1005 
s 434
f 845/624/964 863/643/988 866/646/996 
s 435
f 877/657/1008 878/658/1009 866/646/996 
s 436
f 866/646/996 878/658/1009 845/624/964 
s 437
f 845/624/964 878/658/1009 846/625/965 
s 438
f 868/648/999 865/645/991 879/659/1010 
s 439
f 868/648/999 879/659/1010 869/649/1000 
s 440
f 873/653/1004 869/649/1000 880/660/1011 
s 441
f 879/659/1010 880/660/1011 869/649/1000 
s 442
f 880/660/1011 879/659/1010 881/661/1012 
s 443
f 875/655/1006 881/661/1012 879/659/1010 
s 444
f 865/645/991 875/655/1006 879/659/1010 
s 445
f 876/656/1007 882/662/1013 874/654/1005 
s 446
f 883/663/1014 874/654/1005 882/662/1013 
s 447
f 866/646/1015 843/622/962 877/657/1008 
s 448
f 841/620/960 877/657/1008 843/622/962 
s 449
f 856/635/976 846/625/965 884/664/1016 
s 450
f 878/658/1009 884/664/1016 846/625/965 
s 451
f 885/665/1017 811/591/931 886/666/1018 
s 452
f 819/589/929 886/666/1018 811/591/931 
s 453
f 860/639/982 861/641/993 852/631/983 
s 454
f 887/667/1019 813/583/923 888/668/1020 
s 455
f 814/584/924 813/583/923 889/669/1021 
s 456
f 887/667/1019 889/669/1021 813/583/923 
s 457
f 811/581/921 885/670/1022 888/668/1020 
s 458
f 847/626/966 842/621/961 843/622/962 
s 459
f 890/671/1023 891/672/1024 892/673/1025 
s 460
f 872/652/1003 892/673/1025 891/672/1024 
s 461
f 893/674/1026 840/619/959 894/675/1027 
s 462
f 842/621/961 894/675/1027 840/619/959 
s 463
f 872/652/1003 895/676/1028 892/673/1025 
s 464
f 896/677/1029 892/673/1025 895/676/1028 
s 465
f 853/632/972 849/628/968 852/631/1030 
s 466
f 848/627/1031 852/631/1030 849/628/968 
s 467
f 894/675/1027 891/672/1024 893/674/1026 
s 468
f 890/671/1023 893/674/1026 891/672/1024 
s 469
f 895/676/1028 897/678/1032 898/679/1033 
s 470
f 870/650/1034 894/675/1027 853/632/972 
s 471
f 853/632/972 894/675/1027 849/628/968 
s 472
f 849/628/968 894/675/1027 842/621/961 
s 473
f 869/649/1000 873/653/1004 870/650/1035 
s 474
f 891/672/1024 870/650/1001 873/653/1004 
s 475
f 894/675/1027 870/650/1034 891/672/1024 
s 476
f 899/680/1036 900/681/1037 901/682/1038 
s 477
f 891/672/1024 873/653/1004 872/652/1003 
s 478
f 902/683/1039 895/676/1028 871/651/1002 
s 479
f 872/652/1003 871/651/1002 895/676/1028 
s 480
f 902/683/1039 897/678/1032 895/676/1028 
s 481
f 880/660/1011 871/651/1002 873/653/1004 
s 482
f 902/683/1039 871/651/1002 903/684/1040 
s 483
f 880/660/1011 903/684/1040 871/651/1002 
s 484
f 902/683/1039 903/684/1040 897/678/1032 
s 485
f 904/685/1041 896/677/1029 898/679/1033 
s 486
f 895/676/1028 898/679/1033 896/677/1029 
s 487
f 898/679/1033 897/678/1032 817/587/927 
s 488
f 817/587/927 897/678/1032 819/589/929 
s 489
f 819/589/929 897/678/1032 886/666/1018 
s 490
f 881/661/1012 905/686/1042 880/660/1011 
s 491
f 903/684/1040 880/660/1011 905/686/1042 
s 492
f 881/661/1012 875/655/1006 874/654/1005 
s 493
f 874/654/1005 883/663/1014 881/661/1012 
s 494
f 905/686/1042 881/661/1012 883/663/1014 
s 495
f 904/685/1041 898/679/1033 827/600/940 
s 496
f 817/587/927 827/600/940 898/679/1033 
s 497
f 840/619/959 906/687/1043 841/620/960 
s 498
f 907/688/1044 841/620/960 906/687/1043 
s 499
f 811/581/921 888/668/1020 813/583/923 
s 500
f 878/658/1009 908/689/1045 884/664/1016 
s 501
f 909/690/1046 906/687/1043 910/691/1046 
s 502
f 911/692/1047 910/691/1048 906/687/1043 
s 503
f 912/693/1049 913/694/1050 914/695/1051 
s 504
f 915/696/1052 914/695/1051 913/694/1050 
s 505
f 909/690/1053 910/691/1054 916/697/1054 
s 506
f 917/698/1055 916/699/1056 913/694/1056 
s 507
f 910/691/1057 913/694/1057 916/699/1057 
s 508
f 912/693/1049 918/700/1058 913/694/1050 
s 509
f 917/698/1059 913/694/1059 918/700/1060 
s 510
f 916/697/1061 919/701/1062 920/702/1063 
s 511
f 921/703/1064 919/701/1062 917/698/1055 
s 512
f 916/699/1065 917/698/1065 919/701/1062 
s 513
f 922/704/1066 923/705/1067 924/706/1068 
s 514
f 917/698/1055 918/700/1060 921/703/1064 
s 515
f 923/705/1069 921/703/1064 918/700/1060 
s 516
f 920/702/1070 919/701/1062 925/707/1071 
s 517
f 925/707/1071 919/701/1062 922/704/1066 
s 518
f 922/704/1066 919/701/1062 921/703/1064 
s 519
f 908/689/1045 925/707/1071 922/704/1066 
s 520
f 907/688/1044 909/690/1072 926/708/1073 
s 521
f 920/702/1074 926/708/1074 909/690/1053 
s 522
f 890/671/1023 927/709/1075 893/674/1026 
s 523
f 920/702/1063 909/690/1053 916/697/1061 
s 524
f 923/705/1076 928/710/1077 929/711/1078 
s 525
f 912/693/1049 914/695/1051 928/710/1077 
s 526
f 918/700/1058 912/693/1049 928/710/1077 
s 527
f 923/705/1076 918/700/1058 928/710/1077 
s 528
f 928/710/1077 914/695/1051 930/712/1079 
s 529
f 915/696/1052 931/713/1080 914/695/1051 
s 530
f 914/695/1051 931/713/1080 930/712/1079 
s 531
f 930/712/1079 931/713/1080 932/714/1081 
s 532
f 928/710/1077 933/715/1082 934/716/1083 
s 533
f 935/717/1084 934/716/1083 933/715/1082 
s 534
f 934/716/1083 935/717/1084 929/711/1078 
s 535
f 936/718/1085 929/711/1078 935/717/1084 
s 536
f 908/689/1045 878/658/1009 925/707/1071 
s 537
f 925/707/1071 878/658/1009 926/708/1086 
s 538
f 926/708/1086 878/658/1009 877/657/1008 
s 539
f 920/702/1063 925/707/1071 926/708/1086 
s 540
f 928/710/1077 930/712/1079 937/719/1087 
s 541
f 937/719/1087 930/712/1079 932/714/1081 
s 542
f 938/720/1088 939/721/1089 932/714/1081 
s 543
f 937/719/1087 932/714/1081 939/721/1089 
s 544
f 933/715/1082 937/719/1087 940/722/1090 
s 545
f 941/723/1091 884/664/1016 908/689/1045 
s 546
f 933/715/1082 928/710/1077 937/719/1087 
s 547
f 936/718/1085 935/717/1084 942/724/1092 
s 548
f 943/725/1093 942/724/1092 935/717/1084 
s 549
f 926/708/1073 877/657/1008 907/688/1044 
s 550
f 841/620/960 907/688/1044 877/657/1008 
s 551
f 944/726/1094 945/727/1095 835/610/950 
s 552
f 833/608/948 835/610/950 945/727/1095 
s 553
f 946/728/1096 828/601/941 947/729/1097 
s 554
f 814/603/943 947/729/1097 828/601/941 
s 555
f 948/730/1098 944/731/1099 828/601/941 
s 556
f 835/612/952 828/601/941 944/731/1099 
s 557
f 948/730/1098 828/601/941 946/728/1096 
s 558
f 906/687/1043 909/690/1072 907/688/1044 
s 559
f 890/671/1023 892/673/1025 927/709/1075 
s 560
f 949/732/1100 927/709/1075 892/673/1025 
s 561
f 893/674/1026 950/733/1101 840/619/959 
s 562
f 906/687/1043 840/619/959 950/733/1101 
s 563
f 949/732/1100 892/673/1025 951/734/1102 
s 564
f 896/677/1029 951/734/1102 892/673/1025 
s 565
f 915/696/1052 913/694/1103 911/692/1047 
s 566
f 910/691/1048 911/692/1047 913/694/1103 
s 567
f 950/733/1101 893/674/1026 927/709/1075 
s 568
f 865/645/991 867/647/998 875/655/1006 
s 569
f 952/735/1104 951/734/1102 953/736/1105 
s 570
f 915/696/1052 911/692/1047 931/713/1106 
s 571
f 931/713/1080 911/692/1047 950/733/1101 
s 572
f 950/733/1101 911/692/1047 906/687/1043 
s 573
f 931/713/1080 950/733/1101 927/709/1075 
s 574
f 932/714/1081 931/713/1107 938/720/1088 
s 575
f 927/709/1075 938/720/1088 931/713/1080 
s 576
f 954/737/1108 938/720/1088 949/732/1100 
s 577
f 927/709/1075 949/732/1100 938/720/1088 
s 578
f 955/738/1109 954/737/1108 951/734/1102 
s 579
f 949/732/1100 951/734/1102 954/737/1108 
s 580
f 952/735/1104 955/738/1109 951/734/1102 
s 581
f 954/737/1108 939/721/1089 938/720/1088 
s 582
f 955/738/1109 956/739/1110 954/737/1108 
s 583
f 939/721/1089 954/737/1108 956/739/1110 
s 584
f 956/739/1110 955/738/1109 952/735/1104 
s 585
f 904/685/1041 953/736/1105 896/677/1029 
s 586
f 951/734/1102 896/677/1029 953/736/1105 
s 587
f 945/727/1095 952/735/1104 833/608/948 
s 588
f 833/608/948 952/735/1104 832/607/947 
s 589
f 832/607/947 952/735/1104 953/736/1105 
s 590
f 956/739/1110 957/740/1111 939/721/1089 
s 591
f 939/721/1089 940/722/1090 937/719/1087 
s 592
f 933/715/1082 940/722/1090 935/717/1084 
s 593
f 957/740/1111 943/725/1093 940/722/1090 
s 594
f 935/717/1084 940/722/1090 943/725/1093 
s 595
f 904/685/1041 827/600/940 953/736/1105 
s 596
f 832/607/947 953/736/1105 827/600/940 
s 597
f 854/633/974 857/636/997 844/623/963 
s 598
f 922/704/1066 921/703/1064 923/705/1067 
s 599
f 854/633/974 855/634/975 858/637/978 
s 600
f 865/645/991 857/636/977 858/637/978 
s 601
f 924/706/1068 908/689/1045 922/704/1066 
s 602
f 908/689/1045 924/706/1068 941/723/1091 
s 603
f 958/741/1112 941/723/1091 924/706/1068 
s 604
f 924/706/1068 929/711/1078 958/741/1112 
s 605
f 928/710/1077 934/716/1083 929/711/1078 
s 606
f 923/705/1076 929/711/1078 924/706/1068 
s 607
f 959/742/1113 960/743/1114 961/744/1115 
s 608
f 961/744/1115 960/743/1114 962/745/1116 
s 609
f 962/745/1116 960/743/1114 963/746/1117 
s 610
f 963/746/1117 960/743/1114 964/747/1118 
s 611
f 964/747/1118 960/743/1114 959/742/1113 
s 612
f 965/748/1119 959/742/1113 966/749/1120 
s 613
f 966/749/1120 961/744/1115 967/750/1121 
s 614
f 968/751/1122 969/752/1123 970/753/1124 
s 615
f 971/754/1125 963/746/1117 972/755/1126 
s 616
f 972/755/1126 964/747/1118 965/748/1119 
s 617
f 961/744/1115 966/749/1120 959/742/1113 
s 618
f 962/745/1116 967/750/1121 961/744/1115 
s 619
f 963/746/1117 971/754/1125 962/745/1116 
s 620
f 964/747/1118 972/755/1126 963/746/1117 
s 621
f 959/742/1113 965/748/1119 964/747/1118 
s 622
f 967/750/1121 973/756/1127 966/749/1120 
s 623
f 971/754/1125 973/756/1127 967/750/1121 
s 624
f 972/755/1126 973/756/1127 971/754/1125 
s 625
f 965/748/1119 973/756/1127 972/755/1126 
s 626
f 966/749/1120 973/756/1127 965/748/1119 
s 627
f 974/757/1113 975/758/1114 976/759/1128 
s 628
f 976/759/1128 975/758/1114 977/760/1129 
s 629
f 977/760/1129 975/758/1114 978/761/1117 
s 630
f 978/761/1117 975/758/1114 979/762/1118 
s 631
f 979/762/1118 975/758/1114 974/757/1113 
s 632
f 980/763/1119 974/757/1113 981/764/1120 
s 633
f 981/764/1120 976/759/1128 982/765/1121 
s 634
f 982/765/1121 977/760/1129 983/766/1125 
s 635
f 983/766/1125 978/761/1117 984/767/1126 
s 636
f 984/767/1126 979/762/1118 980/763/1119 
s 637
f 940/722/1090 939/721/1089 957/740/1111 
s 638
f 977/760/1129 982/765/1121 976/759/1128 
s 639
f 978/761/1117 983/766/1125 977/760/1129 
s 640
f 979/762/1118 984/767/1126 978/761/1117 
s 641
f 974/757/1113 980/763/1119 979/762/1118 
s 642
f 982/765/1121 985/768/1127 981/764/1120 
s 643
f 983/766/1125 985/768/1127 982/765/1121 
s 644
f 984/767/1126 985/768/1127 983/766/1125 
s 645
f 980/763/1119 985/768/1127 984/767/1126 
s 646
f 981/764/1120 985/768/1127 980/763/1119 
s 647
f 968/751/1130 986/769/1131 969/752/1132 
s 648
f 987/770/1133 969/752/1132 986/769/1131 
s 649
f 988/771/1134 989/772/1135 968/751/1130 
s 650
f 986/769/1131 968/751/1130 989/772/1135 
s 651
f 990/773/1136 991/774/1137 988/771/1134 
s 652
f 989/772/1135 988/771/1134 991/774/1137 
s 653
f 992/775/1138 993/776/1139 990/773/1136 
s 654
f 991/774/1137 990/773/1136 993/776/1139 
s 655
f 994/777/1140 995/778/1141 992/775/1138 
s 656
f 993/776/1139 992/775/1138 995/778/1141 
s 657
f 969/752/1132 987/770/1133 994/777/1140 
s 658
f 995/778/1141 994/777/1140 987/770/1133 
s 659
f 996/779/1142 970/753/1124 969/752/1123 
s 660
f 651/371/624 695/433/1143 652/372/625 
s 661
f 970/753/1144 996/779/1145 986/780/1146 
s 662
f 987/781/1147 986/780/1146 996/779/1145 
s 663
f 970/753/1144 997/782/1148 968/751/1122 
s 664
f 988/771/1149 968/751/1122 997/782/1148 
s 665
f 997/782/1150 970/753/1151 989/783/1152 
s 666
f 986/780/1146 989/783/1152 970/753/1151 
s 667
f 997/782/1150 998/784/1153 988/771/1149 
s 668
f 990/773/1154 988/771/1149 998/784/1153 
s 669
f 998/784/1155 997/782/1156 991/785/1157 
s 670
f 989/783/1152 991/785/1157 997/782/1156 
s 671
f 998/784/1155 999/786/1158 990/773/1154 
s 672
f 992/775/1159 990/773/1154 999/786/1158 
s 673
f 999/786/1160 998/784/1161 993/787/1162 
s 674
f 991/785/1157 993/787/1162 998/784/1161 
s 675
f 999/786/1160 1000/788/1163 992/775/1159 
s 676
f 994/777/1164 992/775/1159 1000/788/1163 
s 677
f 1000/788/1165 999/786/1166 995/789/1167 
s 678
f 993/787/1162 995/789/1167 999/786/1166 
s 679
f 1000/788/1165 996/779/1145 994/777/1164 
s 680
f 969/752/1123 994/777/1164 996/779/1145 
s 681
f 996/779/1168 1000/788/1169 987/781/1147 
s 682
f 995/789/1167 987/781/1147 1000/788/1169 
s 683
f 976/759/1128 981/764/1120 974/757/1113 
s 684
f 1001/790/1170 1002/791/1171 901/682/1038 
s 685
f 1003/792/1172 1004/793/1173 1002/791/1174 
s 686
f 1005/794/1175 1002/791/1175 1004/793/1173 
s 687
f 1006/795/1176 1007/796/1177 1003/792/1172 
s 688
f 1004/793/1173 1003/792/1172 1007/796/1177 
s 689
f 1008/797/1178 1009/798/1179 1006/795/1176 
s 690
f 1007/796/1180 1006/795/1176 1009/798/1179 
s 691
f 1010/799/1181 1011/800/1182 1008/797/1178 
s 692
f 1009/798/1179 1008/797/1178 1011/800/1182 
s 693
f 1012/801/1183 1013/802/1184 1010/799/1181 
s 694
f 1011/800/1182 1010/799/1181 1013/802/1184 
s 695
f 1014/803/1185 1015/804/1186 1012/801/1183 
s 696
f 1013/802/1184 1012/801/1183 1015/804/1186 
s 697
f 1016/805/1187 1017/806/1188 1014/803/1185 
s 698
f 1015/804/1186 1014/803/1185 1017/806/1188 
s 699
f 1018/807/1189 1019/808/1190 1016/805/1187 
s 700
f 1017/806/1188 1016/805/1187 1019/808/1190 
s 701
f 1020/809/1191 1021/810/1192 1018/807/1189 
s 702
f 1019/808/1190 1018/807/1189 1021/810/1192 
s 703
f 900/681/1037 899/680/1193 1020/809/1191 
s 704
f 1021/810/1192 1020/809/1191 899/680/1193 
s 705
f 1001/790/1170 901/682/1038 900/681/1037 
s 706
f 1022/811/1194 1018/807/1189 1023/812/1195 
s 707
f 1024/813/1196 1025/814/1197 1026/815/1198 
s 708
f 1027/816/1199 1028/817/1200 1029/818/1201 
s 709
f 1028/817/1200 1026/815/1198 1029/818/1201 
s 710
f 1026/815/1198 1025/814/1197 1029/818/1201 
s 711
f 1029/818/1201 1025/814/1197 1030/819/1202 
s 712
f 1031/820/1203 1028/821/1204 1005/822/1205 
s 713
f 1004/823/1206 1032/824/1207 1005/825/1208 
s 714
f 1031/826/1209 1005/825/1208 1032/824/1207 
s 715
f 1007/827/1210 1033/828/1211 1004/823/1206 
s 716
f 1032/824/1207 1004/823/1206 1033/828/1211 
s 717
f 1034/829/1212 1033/828/1211 1009/830/1213 
s 718
f 1007/827/1214 1009/830/1213 1033/828/1211 
s 719
f 1011/831/1215 1035/832/1216 1009/830/1213 
s 720
f 1034/829/1212 1009/830/1213 1035/832/1216 
s 721
f 1011/831/1215 1036/833/1217 1035/832/1216 
s 722
f 1037/834/1218 1036/833/1217 1013/835/1219 
s 723
f 1011/831/1215 1013/835/1219 1036/833/1217 
s 724
f 1013/835/1219 1015/836/1220 1037/834/1218 
s 725
f 1015/836/1220 1017/837/1221 1026/838/1222 
s 726
f 1019/839/1223 1024/840/1224 1017/837/1221 
s 727
f 1026/838/1222 1017/837/1221 1024/840/1224 
s 728
f 1019/839/1223 1025/841/1225 1024/840/1224 
s 729
f 1005/794/1226 901/682/1226 1002/791/1226 
s 730
f 1019/839/1223 1021/842/1227 1025/841/1225 
s 731
f 899/843/1228 1029/844/1229 1021/842/1227 
s 732
f 1030/845/1230 1021/842/1227 1029/844/1229 
s 733
f 1027/846/1231 1029/844/1229 901/847/1232 
s 734
f 899/843/1233 901/847/1232 1029/844/1229 
s 735
f 1028/848/1234 1027/846/1231 1005/825/1235 
s 736
f 901/847/1236 1005/825/1235 1027/846/1231 
s 737
f 1031/826/1209 1037/834/1218 1015/836/1220 
s 738
f 1028/821/1204 1031/820/1203 1015/849/1237 
s 739
f 1028/848/1234 1015/836/1220 1026/838/1222 
s 740
f 1031/850/1238 1032/851/1239 1037/852/1240 
s 741
f 1035/853/1241 1036/854/1242 1034/855/1243 
s 742
f 1036/854/1242 1037/852/1240 1034/855/1243 
s 743
f 1037/852/1240 1032/851/1239 1034/855/1243 
s 744
f 1034/855/1243 1032/851/1239 1033/856/1244 
s 745
f 1008/797/1178 1038/857/1245 1010/799/1181 
s 746
f 1039/858/1246 1012/801/1183 1038/857/1245 
s 747
f 1010/799/1181 1038/857/1245 1012/801/1183 
s 748
f 1040/859/1247 1014/803/1185 1039/858/1246 
s 749
f 1012/801/1183 1039/858/1246 1014/803/1185 
s 750
f 1023/812/1195 1016/805/1187 1040/859/1247 
s 751
f 1014/803/1185 1040/859/1247 1016/805/1187 
s 752
f 967/750/1121 962/745/1116 971/754/1125 
s 753
f 1016/805/1187 1023/812/1195 1018/807/1189 
s 754
f 1022/811/1194 1020/809/1191 1018/807/1189 
s 755
f 703/450/736 1041/860/1248 696/434/694 
s 756
f 1042/861/1249 696/434/694 1041/860/1248 
s 757
f 696/434/1250 1042/861/1249 697/435/1251 
s 758
f 1043/862/1252 697/435/1251 1042/861/1249 
s 759
f 707/460/730 705/456/1253 1044/863/1254 
s 760
f 1045/864/1255 1044/863/1254 705/456/1255 
s 761
f 704/454/1256 697/435/695 1046/865/1257 
s 762
f 1043/862/1252 1046/865/1257 697/435/695 
s 763
f 706/459/729 704/454/726 1047/866/1258 
s 764
f 1046/865/1257 1047/866/1258 704/454/1256 
s 765
f 1041/860/1248 703/450/1259 1044/863/1254 
s 766
f 707/460/730 1044/863/1254 703/450/736 
s 767
f 1042/867/1260 1041/868/1261 1048/867/1262 
s 768
f 1049/868/1263 1048/867/1262 1041/868/1261 
s 769
f 1043/869/1264 1042/867/1260 1050/869/1265 
s 770
f 1048/867/1262 1050/869/1265 1042/867/1260 
s 771
f 1044/870/1266 1045/871/1267 1049/868/1263 
s 772
f 1041/868/1261 1044/870/1266 1049/868/1263 
s 773
f 1046/872/1268 1043/869/1264 1050/872/1269 
s 774
f 1047/873/1270 1046/872/1268 1050/873/1270 
s 775
f 1030/845/1230 1025/841/1225 1021/842/1227 
s 776
f 1051/874/1271 1052/875/1272 1053/876/1273 
s 777
f 1054/877/1274 1055/878/1275 1056/879/1276 
s 778
f 1057/880/1277 1054/877/1278 1058/881/1279 
s 779
f 1059/882/1280 1060/883/1281 1061/884/1282 
s 780
f 1062/885/1283 1063/886/1284 1064/887/1285 
s 781
f 1065/888/1286 1066/889/1287 1067/890/1288 
s 782
f 1068/891/1289 1069/892/1290 1070/893/1291 
s 783
f 1071/894/1292 1072/895/1293 1073/896/1294 
s 784
f 1074/897/1295 1068/891/1289 1075/898/1296 
s 785
f 1073/896/1294 1072/895/1293 1076/899/1297 
s 786
f 1071/894/1298 1077/900/1299 1072/895/1293 
s 787
f 1078/901/1300 1075/898/1301 1079/902/1302 
s 788
f 1076/899/1297 1072/895/1293 1080/903/1303 
s 789
f 1081/904/1304 1082/905/1305 1083/906/1306 
s 790
f 1060/883/1281 1059/882/1307 1063/886/1284 
s 791
f 1084/907/1308 1085/908/1309 1086/909/1310 
s 792
f 1077/900/1299 1087/910/1311 1072/895/1293 
s 793
f 1088/911/1312 1072/895/1293 1087/910/1313 
s 794
f 1080/903/1303 1089/912/1314 1090/913/1315 
s 795
f 1091/914/1316 1090/913/1315 1089/912/1314 
s 796
f 1072/895/1293 1088/911/1312 1080/903/1303 
s 797
f 1089/912/1314 1080/903/1303 1088/911/1312 
s 798
f 1077/900/1299 1092/915/1317 1087/910/1311 
s 799
f 1090/913/1315 1091/914/1316 1093/916/1318 
s 800
f 1088/911/1312 1094/917/1319 1093/918/1320 
s 801
f 1088/911/1312 1095/919/1321 1094/917/1319 
s 802
f 1088/911/1312 1087/910/1322 1095/919/1321 
s 803
f 1088/911/1312 1093/918/1320 1089/912/1314 
s 804
f 1096/920/1323 1097/921/1324 1098/922/1325 
s 805
f 1094/917/1319 1095/919/1321 1099/923/1326 
s 806
f 1095/919/1321 1087/910/1322 1092/915/1327 
s 807
f 1089/912/1314 1093/918/1320 1091/914/1316 
s 808
f 1100/924/1328 1101/925/1329 1058/881/1279 
s 809
f 1058/881/1279 1101/925/1329 1102/926/1330 
s 810
f 1058/881/1279 1102/926/1331 1057/927/1331 
s 811
f 1102/926/1330 1101/925/1329 1103/928/1332 
s 812
f 1102/926/1333 1103/928/1332 1104/929/1333 
s 813
f 1055/930/1334 1067/890/1288 1066/889/1287 
s 814
f 1054/877/1274 1056/879/1276 1100/924/1328 
s 815
f 1105/931/1335 1106/932/1336 1107/933/1337 
s 816
f 1066/934/1338 1056/879/1276 1055/878/1275 
s 817
f 1100/924/1328 1058/881/1279 1054/877/1278 
s 818
f 1108/935/1339 1109/936/1340 1110/937/1341 
s 819
f 1111/938/1342 1112/939/1343 1113/940/1344 
s 820
f 1074/897/1295 1105/931/1335 1109/936/1340 
s 821
f 1114/941/1345 1113/940/1344 1115/942/1346 
s 822
f 1116/943/1347 1117/944/1348 1118/945/1349 
s 823
f 1119/946/1350 1069/892/1290 1120/947/1351 
s 824
f 1121/948/1352 1113/940/1344 1112/939/1343 
s 825
f 1121/948/1353 1118/945/1349 1117/944/1353 
s 826
f 1112/939/1343 1118/945/1349 1121/948/1352 
s 827
f 1074/897/1295 1109/936/1340 1120/947/1351 
s 828
f 1110/937/1341 1109/936/1340 1105/931/1335 
s 829
f 1114/941/1345 1111/938/1342 1113/940/1344 
s 830
f 1109/936/1340 1108/935/1339 1119/946/1350 
s 831
f 1122/949/1354 1117/950/1355 1116/943/1347 
s 832
f 1086/909/1310 1123/951/1356 1084/907/1308 
s 833
f 1124/952/1357 1125/953/1358 1126/954/1359 
s 834
f 1123/951/1356 1053/876/1360 1052/875/1272 
s 835
f 1127/955/1361 1051/874/1271 1053/876/1362 
s 836
f 1060/883/1281 1063/886/1284 1062/885/1283 
s 837
f 1070/956/1363 1062/885/1283 1064/887/1364 
s 838
f 1060/883/1281 1083/906/1365 1061/884/1282 
s 839
f 1105/931/1335 1078/901/1300 1106/932/1366 
s 840
f 1078/901/1300 1079/902/1367 1128/957/1368 
s 841
f 1127/955/1361 1128/957/1368 1051/874/1369 
s 842
f 1079/902/1367 1051/874/1370 1128/957/1370 
s 843
f 1128/957/1368 1106/932/1336 1078/901/1300 
s 844
f 1070/956/1371 1129/958/1372 1062/885/1283 
s 845
f 1070/956/1371 1069/959/1373 1129/958/1374 
s 846
f 1123/951/1356 1052/875/1272 1084/907/1308 
s 847
f 1062/885/1283 1081/904/1304 1060/883/1281 
s 848
f 1105/931/1335 1074/897/1295 1078/901/1300 
s 849
f 1081/904/1304 1083/906/1365 1060/883/1281 
s 850
f 1116/960/1375 1130/961/1376 1122/962/1377 
s 851
f 1131/963/1377 1122/962/1377 1130/961/1376 
s 852
f 1120/947/1351 1069/892/1290 1068/891/1289 
s 853
f 1074/897/1295 1075/898/1301 1078/901/1300 
s 854
f 1074/897/1295 1120/947/1351 1068/891/1289 
s 855
f 1109/936/1340 1119/946/1350 1120/947/1351 
s 856
f 1132/964/1378 1097/921/1324 1133/965/1379 
s 857
f 1134/966/1380 1133/965/1379 1097/921/1324 
s 858
f 1135/967/1381 1136/968/1382 1137/969/1383 
s 859
f 1132/964/1378 1137/969/1383 1136/968/1382 
s 860
f 1132/964/1378 1133/965/1379 1137/969/1383 
s 861
f 1093/918/1320 1094/917/1319 1138/970/1384 
s 862
f 1133/965/1379 1139/971/1385 1140/972/1386 
s 863
f 1141/973/1387 1140/972/1386 1139/971/1385 
s 864
f 1140/972/1386 1142/974/1388 1137/969/1383 
s 865
f 1143/975/1389 1137/969/1383 1142/974/1388 
s 866
f 1144/976/1390 1142/974/1388 1141/973/1391 
s 867
f 1140/972/1386 1141/973/1391 1142/974/1388 
s 868
f 1145/977/1392 1144/976/1390 1141/973/1393 
s 869
f 1144/976/1390 1145/977/1392 1146/978/1394 
s 870
f 1147/979/1395 1146/978/1394 1148/980/1396 
s 871
f 1145/977/1392 1148/980/1396 1146/978/1394 
s 872
f 1137/969/1383 1143/975/1389 1135/967/1381 
s 873
f 1149/981/1397 1135/967/1381 1143/975/1389 
s 874
f 1143/975/1389 1150/982/1398 1149/981/1397 
s 875
f 1151/983/1399 1149/981/1397 1150/982/1398 
s 876
f 1135/967/1381 1149/981/1397 1148/984/1400 
s 877
f 1147/985/1401 1148/984/1400 1149/981/1397 
s 878
f 1149/981/1397 1151/983/1399 1147/985/1401 
s 879
f 1152/986/1402 1147/985/1401 1151/983/1399 
s 880
f 1142/974/1388 1153/987/1403 1143/975/1389 
s 881
f 1150/982/1398 1143/975/1389 1153/987/1403 
s 882
f 1144/976/1390 1154/988/1404 1142/974/1388 
s 883
f 1153/987/1403 1142/974/1388 1154/988/1404 
s 884
f 1155/989/1405 1154/988/1404 1146/978/1394 
s 885
f 1144/976/1390 1146/978/1394 1154/988/1404 
s 886
f 1152/990/1406 1155/989/1405 1147/979/1395 
s 887
f 1146/978/1394 1147/979/1395 1155/989/1405 
s 888
f 1126/991/1407 1125/992/1408 1156/993/1409 
s 889
f 1157/994/1410 1156/993/1409 1125/992/1408 
s 890
f 1134/966/1380 1158/995/1411 1133/965/1379 
s 891
f 1159/996/1412 1124/952/1357 1126/954/1359 
s 892
f 1160/997/1413 1124/952/1357 1159/996/1412 
s 893
f 1161/998/1414 1160/997/1413 1159/996/1412 
s 894
f 1159/996/1412 1126/954/1359 1162/999/1415 
s 895
f 1163/1000/1416 1159/996/1412 1162/999/1415 
s 896
f 1164/1001/1417 1159/996/1412 1163/1000/1416 
s 897
f 1164/1001/1417 1161/998/1414 1159/996/1412 
s 898
f 1165/1002/1418 1166/1003/1419 1167/1004/1420 
s 899
f 1166/1003/1419 1165/1002/1418 1168/1005/1421 
s 900
f 1163/1000/1416 1162/999/1415 1165/1006/1422 
s 901
f 1169/1007/1423 1163/1000/1416 1165/1006/1422 
s 902
f 1164/1001/1417 1163/1000/1416 1170/1008/1424 
s 903
f 1170/1008/1425 1163/1000/1416 1169/1007/1423 
s 904
f 1171/1009/1426 1166/1010/1427 1157/1011/1428 
s 905
f 1167/1004/1420 1166/1003/1419 1172/1012/1429 
s 906
f 1169/1013/1430 1165/1014/1431 1173/1015/1432 
s 907
f 1173/1015/1432 1165/1014/1431 1167/1016/1433 
s 908
f 1170/1017/1434 1169/1013/1430 1173/1015/1432 
s 909
f 1174/1018/1435 1170/1017/1434 1173/1015/1432 
s 910
f 1172/1019/1436 1166/1010/1427 1171/1009/1426 
s 911
f 1167/1004/1420 1172/1012/1429 1175/1020/1437 
s 912
f 1171/1021/1438 1175/1020/1437 1172/1012/1429 
s 913
f 1173/1015/1432 1167/1016/1433 1175/1022/1439 
s 914
f 1174/1018/1435 1173/1015/1432 1176/1023/1440 
s 915
f 1176/1023/1441 1173/1015/1432 1175/1022/1439 
s 916
f 1124/952/1357 1175/1022/1439 1125/953/1358 
s 917
f 1176/1023/1442 1175/1022/1439 1124/952/1357 
s 918
f 1177/1024/1443 1178/1025/1443 1179/1026/1443 
s 919
f 1160/997/1444 1153/987/1403 1176/1023/1444 
s 920
f 1154/988/1404 1176/1023/1445 1153/987/1403 
s 921
f 1161/998/1414 1150/982/1398 1160/997/1446 
s 922
f 1150/982/1398 1153/987/1403 1160/997/1447 
s 923
f 1164/1001/1417 1151/983/1399 1161/998/1414 
s 924
f 1150/982/1398 1161/998/1414 1151/983/1399 
s 925
f 1170/1008/1424 1152/986/1448 1164/1001/1417 
s 926
f 1151/983/1399 1164/1001/1417 1152/986/1402 
s 927
f 1170/1017/1434 1174/1018/1435 1152/990/1449 
s 928
f 1155/989/1405 1152/990/1406 1174/1018/1435 
s 929
f 1155/989/1405 1174/1018/1435 1154/988/1404 
s 930
f 1176/1023/1441 1154/988/1404 1174/1018/1435 
s 931
f 1168/1027/1450 1156/1028/1451 1157/1011/1452 
s 932
f 1168/1027/1450 1157/1011/1452 1166/1010/1427 
s 933
f 1156/993/1409 1180/1029/1453 1126/991/1407 
s 934
f 1162/1030/1454 1126/991/1407 1180/1029/1453 
s 935
f 1168/1027/1450 1180/1031/1455 1156/1028/1451 
s 936
f 1180/1029/1453 1168/1005/1456 1162/1030/1454 
s 937
f 1165/1002/1418 1162/1030/1454 1168/1005/1456 
s 938
f 1175/1032/1457 1171/1033/1457 1125/992/1408 
s 939
f 1157/994/1458 1125/992/1408 1171/1033/1458 
s 940
f 1181/1034/1459 1182/1035/1460 1183/1036/1461 
s 941
f 1184/1037/1462 1183/1036/1461 1182/1035/1460 
s 942
f 1148/980/1396 1145/977/1392 1185/1038/1463 
s 943
f 1181/1034/1459 1185/1038/1463 1145/977/1392 
s 944
f 1181/1034/1459 1145/977/1392 1182/1035/1460 
s 945
f 1141/973/1391 1182/1035/1460 1145/977/1392 
s 946
f 1141/973/1391 1139/971/1385 1182/1035/1460 
s 947
f 1067/1039/1464 1083/906/1465 1065/1040/1466 
s 948
f 1133/965/1379 1158/995/1411 1139/971/1385 
s 949
f 1139/971/1385 1158/995/1411 1182/1035/1460 
s 950
f 1182/1035/1460 1158/995/1411 1184/1037/1462 
s 951
f 1148/984/1400 1185/1041/1467 1135/967/1381 
s 952
f 1136/968/1382 1135/967/1381 1185/1041/1467 
s 953
f 1181/1034/1459 1183/1036/1461 1186/1042/1468 
s 954
f 1187/1043/1469 1186/1042/1468 1183/1036/1461 
s 955
f 1132/964/1378 1188/1044/1470 1097/921/1324 
s 956
f 1189/1045/1471 1097/921/1324 1188/1044/1470 
s 957
f 1187/1046/1472 1190/1047/1473 1186/1048/1474 
s 958
f 1186/1048/1474 1190/1047/1473 1191/1049/1475 
s 959
f 1191/1049/1475 1190/1047/1473 1188/1044/1470 
s 960
f 1188/1044/1470 1190/1047/1473 1189/1045/1471 
s 961
f 1188/1044/1470 1132/964/1378 1136/968/1382 
s 962
f 1191/1049/1475 1188/1044/1470 1136/968/1382 
s 963
f 1185/1041/1467 1191/1049/1475 1136/968/1382 
s 964
f 1185/1041/1467 1186/1048/1474 1191/1049/1475 
s 965
f 1181/1034/1459 1186/1042/1468 1185/1038/1463 
s 966
f 1192/1050/1476 1134/966/1380 1096/920/1323 
s 967
f 1097/921/1324 1096/920/1323 1134/966/1380 
s 968
f 1193/1051/1477 1183/1052/1478 1194/1053/1479 
s 969
f 1184/1054/1480 1194/1053/1479 1183/1052/1478 
s 970
f 1184/1037/1462 1158/995/1411 1194/1055/1481 
s 971
f 1194/1055/1481 1158/995/1411 1192/1050/1476 
s 972
f 1192/1050/1476 1158/995/1411 1134/966/1380 
s 973
f 1195/1056/1482 1187/1057/1483 1193/1051/1477 
s 974
f 1183/1052/1478 1193/1051/1477 1187/1057/1483 
s 975
f 1160/997/1484 1176/1023/1442 1124/952/1357 
s 976
f 1189/1045/1471 1098/922/1325 1097/921/1324 
s 977
f 1189/1045/1471 1190/1047/1473 1098/922/1325 
s 978
f 1098/922/1325 1190/1047/1473 1195/1058/1485 
s 979
f 1195/1058/1485 1190/1047/1473 1187/1046/1472 
s 980
f 1196/1059/1486 1192/1050/1476 1096/920/1323 
s 981
f 1196/1060/1487 1193/1051/1477 1194/1053/1479 
s 982
f 1196/1060/1487 1194/1053/1479 1192/1061/1488 
s 983
f 1196/1060/1487 1195/1056/1482 1193/1051/1477 
s 984
f 1196/1059/1486 1096/920/1323 1098/922/1325 
s 985
f 1196/1060/1487 1098/1062/1489 1195/1063/1489 
s 986
f 1054/1064/1490 1123/951/1356 1055/1065/1491 
s 987
f 1086/909/1310 1055/1065/1491 1123/951/1356 
s 988
f 1057/1066/1492 1053/876/1493 1054/1064/1490 
s 989
f 1123/951/1356 1054/1064/1490 1053/876/1494 
s 990
f 1102/1067/1495 1127/955/1496 1057/1066/1492 
s 991
f 1053/876/1493 1057/1066/1492 1127/955/1496 
s 992
f 1104/1068/1497 1128/957/1498 1102/1067/1499 
s 993
f 1127/955/1496 1102/1067/1499 1128/957/1498 
s 994
f 1103/1069/1500 1106/932/1501 1104/1068/1502 
s 995
f 1128/957/1503 1104/1068/1502 1106/932/1501 
s 996
f 1101/1070/1504 1107/933/1337 1103/1069/1500 
s 997
f 1106/932/1336 1103/1069/1500 1107/933/1337 
s 998
f 1113/1071/1505 1119/946/1350 1115/1072/1506 
s 999
f 1108/935/1339 1115/1072/1506 1119/946/1350 
s 1000
f 1121/1073/1507 1069/892/1290 1113/1071/1505 
s 1001
f 1119/946/1350 1113/1071/1505 1069/892/1290 
s 1002
f 1117/1074/1508 1129/958/1508 1121/1075/1508 
s 1003
f 1069/959/1373 1121/1075/1509 1129/958/1374 
s 1004
f 1197/910/1510 1198/1076/1511 1199/900/1510 
s 1005
f 1082/905/1512 1065/1040/1466 1083/906/1465 
s 1006
f 1055/1065/1491 1086/909/1310 1067/1077/1513 
s 1007
f 1083/1078/1514 1067/1077/1513 1086/909/1310 
s 1008
f 1093/1079/1515 1051/874/1516 1090/1080/1517 
s 1009
f 1079/902/1302 1090/1080/1517 1051/874/1518 
s 1010
f 1138/1081/1519 1052/875/1520 1093/1079/1515 
s 1011
f 1051/874/1516 1093/1079/1515 1052/875/1520 
s 1012
f 1094/1082/1521 1084/907/1522 1138/1081/1519 
s 1013
f 1052/875/1520 1138/1081/1519 1084/907/1522 
s 1014
f 1099/1083/1523 1085/908/1524 1094/1082/1521 
s 1015
f 1084/907/1522 1094/1082/1521 1085/908/1524 
s 1016
f 1095/1084/1525 1061/1085/1526 1099/1083/1523 
s 1017
f 1085/908/1524 1099/1083/1523 1061/1085/1526 
s 1018
f 1090/1080/1517 1079/902/1302 1080/1086/1527 
s 1019
f 1075/898/1296 1080/1086/1527 1079/902/1528 
s 1020
f 1068/891/1529 1070/893/1530 1076/1087/1529 
s 1021
f 1073/1088/1531 1076/1087/1532 1070/893/1533 
s 1022
f 1080/1086/1527 1075/898/1296 1076/1087/1534 
s 1023
f 1068/891/1535 1076/1087/1532 1075/898/1535 
s 1024
f 1092/1089/1536 1059/882/1537 1095/1090/1538 
s 1025
f 1061/884/1539 1095/1090/1538 1059/882/1539 
s 1026
f 1077/1091/1540 1063/1092/1541 1092/1089/1536 
s 1027
f 1059/882/1537 1092/1089/1536 1063/1092/1541 
s 1028
f 1063/1092/1541 1077/1091/1540 1064/887/1364 
s 1029
f 1071/1093/1542 1064/887/1543 1077/1091/1540 
s 1030
f 1071/1093/1544 1070/956/1544 1064/887/1543 
s 1031
f 1070/893/1530 1071/1094/1545 1073/1088/1531 
s 1032
f 1200/1037/1546 1201/1035/1547 1202/1036/1548 
s 1033
f 1203/1095/1549 1204/1096/1550 1129/958/1374 
s 1034
f 1062/885/1283 1129/958/1374 1204/1096/1550 
s 1035
f 1117/1074/1551 1205/1097/1552 1129/958/1374 
s 1036
f 1203/1095/1549 1129/958/1374 1205/1097/1552 
s 1037
f 1122/949/1354 1205/1098/1553 1117/950/1355 
s 1038
f 1061/1085/1554 1083/1078/1555 1085/908/1309 
s 1039
f 1086/909/1310 1085/908/1309 1083/1078/1555 
s 1040
f 1056/879/1276 1206/1099/1556 1207/1100/1557 
s 1041
f 1208/1101/1558 1207/1100/1559 1209/1102/1560 
s 1042
f 1210/1103/1561 1211/1104/1562 1212/1105/1563 
s 1043
f 1213/1106/1564 1214/1107/1565 1204/1096/1550 
s 1044
f 1215/1108/1566 1066/889/1287 1065/888/1286 
s 1045
f 1216/1109/1567 1217/1110/1568 1218/1111/1569 
s 1046
f 1219/896/1570 1220/895/1571 1221/894/1572 
s 1047
f 1222/1112/1573 1223/1113/1574 1224/1114/1575 
s 1048
f 1225/899/1576 1220/895/1571 1219/896/1576 
s 1049
f 1220/895/1571 1199/900/1577 1221/894/1572 
s 1050
f 1226/1115/1578 1222/1112/1573 1224/1114/1575 
s 1051
f 1227/903/1579 1220/895/1571 1225/899/1580 
s 1052
f 1228/1116/1581 1082/905/1305 1081/904/1304 
s 1053
f 1214/1107/1565 1212/1105/1582 1211/1104/1562 
s 1054
f 1229/1117/1583 1230/1118/1584 1231/1119/1585 
s 1055
f 1232/911/1586 1197/910/1587 1220/895/1571 
s 1056
f 1199/900/1588 1220/895/1571 1197/910/1588 
s 1057
f 1233/914/1589 1234/912/1590 1235/913/1591 
s 1058
f 1227/903/1592 1235/913/1591 1234/912/1590 
s 1059
f 1234/912/1590 1232/911/1586 1227/903/1579 
s 1060
f 1220/895/1571 1227/903/1579 1232/911/1586 
s 1061
f 1236/1120/1593 1237/1121/1594 1238/1122/1595 
s 1062
f 1239/1123/1596 1233/914/1589 1235/913/1591 
s 1063
f 1239/918/1597 1240/917/1598 1232/911/1586 
s 1064
f 1240/917/1598 1241/1124/1599 1232/911/1586 
s 1065
f 1241/1124/1599 1197/910/1600 1232/911/1586 
s 1066
f 1234/912/1590 1239/918/1597 1232/911/1586 
s 1067
f 1242/970/1601 1240/917/1598 1239/918/1597 
s 1068
f 1243/923/1602 1241/1124/1599 1240/917/1598 
s 1069
f 1198/1076/1511 1197/910/1603 1241/1124/1599 
s 1070
f 1233/914/1589 1239/918/1597 1234/912/1590 
s 1071
f 1208/1125/1604 1101/925/1329 1100/924/1328 
s 1072
f 1244/1126/1605 1101/925/1329 1208/1125/1604 
s 1073
f 1209/1127/1606 1244/1126/1606 1208/1125/1604 
s 1074
f 1245/1128/1607 1101/925/1329 1244/1126/1605 
s 1075
f 1246/1129/1608 1245/1128/1607 1244/1126/1608 
s 1076
f 1066/889/1287 1215/1108/1566 1206/1099/1556 
s 1077
f 1100/924/1328 1056/879/1276 1207/1100/1557 
s 1078
f 1107/933/1337 1247/1130/1609 1105/931/1335 
s 1079
f 1206/1099/1556 1056/879/1276 1066/889/1287 
s 1080
f 1207/1100/1559 1208/1101/1558 1100/924/1328 
s 1081
f 1110/937/1341 1238/1122/1595 1108/935/1339 
s 1082
f 1248/940/1610 1249/939/1611 1250/938/1612 
s 1083
f 1238/1122/1595 1105/931/1335 1223/1113/1574 
s 1084
f 1115/942/1346 1248/940/1610 1114/941/1345 
s 1085
f 1251/945/1613 1205/1098/1553 1252/943/1614 
s 1086
f 1236/1120/1593 1217/1110/1568 1237/1121/1594 
s 1087
f 1249/939/1611 1248/940/1610 1253/948/1615 
s 1088
f 1205/1098/1553 1251/945/1613 1253/948/1616 
s 1089
f 1204/1096/1550 1081/904/1304 1062/885/1283 
s 1090
f 1236/1120/1593 1238/1122/1595 1223/1113/1574 
s 1091
f 1105/931/1335 1238/1122/1595 1110/937/1341 
s 1092
f 1248/940/1610 1250/938/1612 1114/941/1345 
s 1093
f 1237/1121/1594 1108/935/1339 1238/1122/1595 
s 1094
f 1252/943/1614 1205/1098/1553 1122/949/1354 
s 1095
f 1231/1119/1585 1254/1131/1617 1229/1117/1583 
s 1096
f 1254/1131/1617 1255/1132/1618 1256/1133/1619 
s 1097
f 1257/1134/1620 1256/1133/1621 1255/1132/1618 
s 1098
f 1256/1133/1619 1257/1134/1620 1258/1135/1622 
s 1099
f 1204/1096/1550 1214/1107/1565 1211/1104/1562 
s 1100
f 1213/1106/1623 1204/1096/1550 1216/1136/1624 
s 1101
f 1210/1103/1561 1228/1116/1581 1211/1104/1562 
s 1102
f 1247/1130/1609 1224/1114/1575 1105/931/1335 
s 1103
f 1259/1137/1625 1226/1115/1578 1224/1114/1575 
s 1104
f 1226/1115/1578 1259/1137/1626 1257/1134/1626 
s 1105
f 1258/1135/1627 1257/1134/1620 1259/1137/1625 
s 1106
f 1224/1114/1575 1247/1130/1609 1259/1137/1625 
s 1107
f 1204/1096/1550 1203/1095/1628 1216/1136/1629 
s 1108
f 1203/1095/1549 1217/1138/1630 1216/1136/1624 
s 1109
f 1231/1119/1585 1255/1132/1618 1254/1131/1617 
s 1110
f 1211/1104/1562 1081/904/1304 1204/1096/1550 
s 1111
f 1224/1114/1575 1223/1113/1574 1105/931/1335 
s 1112
f 1211/1104/1562 1228/1116/1581 1081/904/1304 
s 1113
f 1131/963/1377 1260/961/1631 1122/962/1377 
s 1114
f 1252/960/1631 1122/962/1377 1260/961/1631 
s 1115
f 1218/1111/1569 1217/1110/1568 1236/1120/1593 
s 1116
f 1222/1112/1573 1218/1111/1569 1223/1113/1574 
s 1117
f 1218/1111/1632 1236/1120/1593 1223/1113/1574 
s 1118
f 1261/1139/1633 1262/1140/1634 1263/1141/1635 
s 1119
f 1264/966/1636 1265/921/1637 1266/965/1638 
s 1120
f 1267/964/1639 1266/965/1638 1265/921/1637 
s 1121
f 1267/964/1639 1268/968/1640 1269/969/1641 
s 1122
f 1270/967/1642 1269/969/1641 1268/968/1640 
s 1123
f 1271/972/1643 1266/965/1638 1269/969/1641 
s 1124
f 1267/964/1639 1269/969/1641 1266/965/1638 
s 1125
f 1271/972/1643 1272/971/1644 1266/965/1638 
s 1126
f 1272/971/1644 1271/972/1643 1273/973/1645 
s 1127
f 1274/975/1646 1275/974/1647 1269/969/1641 
s 1128
f 1271/972/1643 1269/969/1641 1275/974/1647 
s 1129
f 1271/972/1643 1275/974/1647 1273/973/1648 
s 1130
f 1276/976/1649 1273/973/1648 1275/974/1647 
s 1131
f 1273/973/1650 1276/976/1649 1277/977/1651 
s 1132
f 1278/978/1652 1277/977/1651 1276/976/1649 
s 1133
f 1277/977/1651 1278/978/1652 1279/980/1653 
s 1134
f 1280/979/1654 1279/980/1653 1278/978/1652 
s 1135
f 1281/981/1655 1274/975/1646 1270/967/1642 
s 1136
f 1269/969/1641 1270/967/1642 1274/975/1646 
s 1137
f 1282/983/1656 1283/982/1657 1281/981/1655 
s 1138
f 1274/975/1646 1281/981/1655 1283/982/1657 
s 1139
f 1280/985/1658 1281/981/1655 1279/984/1659 
s 1140
f 1270/967/1642 1279/984/1659 1281/981/1655 
s 1141
f 1284/986/1660 1282/983/1656 1280/985/1658 
s 1142
f 1281/981/1655 1280/985/1658 1282/983/1656 
s 1143
f 1283/982/1657 1285/987/1661 1274/975/1646 
s 1144
f 1275/974/1647 1274/975/1646 1285/987/1661 
s 1145
f 1285/987/1661 1286/988/1662 1275/974/1647 
s 1146
f 1140/972/1386 1137/969/1383 1133/965/1379 
s 1147
f 1276/976/1649 1286/988/1662 1278/978/1652 
s 1148
f 1287/989/1663 1278/978/1652 1286/988/1662 
s 1149
f 1278/978/1652 1287/989/1663 1280/979/1654 
s 1150
f 1284/990/1664 1280/979/1654 1287/989/1663 
s 1151
f 1288/1142/1665 1289/1143/1666 1290/1144/1667 
s 1152
f 1291/1145/1668 1290/1144/1667 1289/1143/1666 
s 1153
f 1291/954/1669 1289/953/1670 1292/952/1671 
s 1154
f 1291/954/1669 1292/952/1671 1293/996/1672 
s 1155
f 1293/996/1672 1292/952/1671 1294/997/1673 
s 1156
f 1293/996/1672 1294/997/1673 1295/998/1674 
s 1157
f 1296/999/1675 1291/954/1669 1293/996/1672 
s 1158
f 1296/999/1675 1293/996/1672 1297/1000/1676 
s 1159
f 1297/1000/1676 1293/996/1672 1298/1001/1677 
s 1160
f 1293/996/1672 1295/998/1674 1298/1001/1677 
s 1161
f 1261/1139/1633 1299/1146/1678 1300/1147/1679 
s 1162
f 1301/1148/1680 1300/1147/1679 1299/1146/1678 
s 1163
f 1300/1006/1681 1296/999/1675 1297/1000/1676 
s 1164
f 1300/1006/1681 1297/1000/1676 1302/1007/1682 
s 1165
f 1303/1008/1683 1297/1000/1676 1298/1001/1677 
s 1166
f 1302/1007/1682 1297/1000/1676 1303/1008/1684 
s 1167
f 1288/1011/1685 1299/1010/1686 1304/1009/1687 
s 1168
f 1263/1141/1635 1299/1146/1678 1261/1139/1633 
s 1169
f 1305/1015/1688 1300/1014/1689 1302/1013/1690 
s 1170
f 1261/1016/1691 1300/1014/1689 1305/1015/1688 
s 1171
f 1305/1015/1688 1302/1013/1690 1303/1017/1692 
s 1172
f 1305/1015/1688 1303/1017/1692 1306/1018/1693 
s 1173
f 1304/1009/1687 1299/1010/1686 1263/1019/1694 
s 1174
f 1304/1149/1695 1263/1141/1635 1262/1140/1634 
s 1175
f 1307/1051/1696 1308/1053/1697 1202/1052/1698 
s 1176
f 1262/1022/1699 1261/1016/1691 1305/1015/1688 
s 1177
f 1309/1023/1700 1305/1015/1688 1306/1018/1693 
s 1178
f 1262/1022/1699 1305/1015/1688 1309/1023/1701 
s 1179
f 1289/953/1670 1262/1022/1699 1292/952/1671 
s 1180
f 1292/952/1671 1262/1022/1699 1309/1023/1702 
s 1181
f 1292/952/1671 1309/1023/1702 1294/997/1703 
s 1182
f 1286/988/1662 1285/987/1661 1309/1023/1704 
s 1183
f 1294/997/1705 1309/1023/1705 1285/987/1661 
s 1184
f 1294/997/1706 1283/982/1657 1295/998/1674 
s 1185
f 1294/997/1706 1285/987/1661 1283/982/1657 
s 1186
f 1283/982/1657 1282/983/1656 1295/998/1674 
s 1187
f 1298/1001/1677 1295/998/1674 1282/983/1656 
s 1188
f 1282/983/1656 1284/986/1660 1298/1001/1677 
s 1189
f 1303/1008/1683 1298/1001/1677 1284/986/1707 
s 1190
f 1287/989/1663 1306/1018/1693 1284/990/1664 
s 1191
f 1303/1017/1692 1284/990/1708 1306/1018/1693 
s 1192
f 1309/1023/1701 1306/1018/1693 1286/988/1662 
s 1193
f 1287/989/1663 1286/988/1662 1306/1018/1693 
s 1194
f 1288/1011/1709 1290/1028/1710 1301/1027/1711 
s 1195
f 1299/1010/1686 1288/1011/1709 1301/1027/1711 
s 1196
f 1296/1150/1712 1310/1151/1713 1291/1145/1668 
s 1197
f 1290/1144/1667 1291/1145/1668 1310/1151/1713 
s 1198
f 1290/1028/1710 1310/1031/1714 1301/1027/1711 
s 1199
f 1300/1152/1715 1301/1153/1716 1296/1150/1712 
s 1200
f 1310/1151/1713 1296/1150/1712 1301/1153/1716 
s 1201
f 1288/1142/1717 1304/1149/1717 1289/1143/1666 
s 1202
f 1262/1140/1634 1289/1143/1666 1304/1149/1695 
s 1203
f 1276/976/1649 1275/974/1647 1286/988/1662 
s 1204
f 1311/1034/1718 1202/1036/1548 1201/1035/1547 
s 1205
f 1311/1034/1718 1277/977/1651 1312/1038/1719 
s 1206
f 1279/980/1653 1312/1038/1719 1277/977/1651 
s 1207
f 1273/973/1648 1277/977/1651 1201/1035/1547 
s 1208
f 1311/1034/1718 1201/1035/1547 1277/977/1651 
s 1209
f 1201/1035/1547 1272/971/1644 1273/973/1648 
s 1210
f 1200/1037/1546 1313/995/1720 1201/1035/1547 
s 1211
f 1201/1035/1547 1313/995/1720 1272/971/1644 
s 1212
f 1272/971/1644 1313/995/1720 1266/965/1638 
s 1213
f 1266/965/1638 1313/995/1720 1264/966/1636 
s 1214
f 1268/968/1640 1312/1041/1721 1270/967/1642 
s 1215
f 1279/984/1659 1270/967/1642 1312/1041/1721 
s 1216
f 1314/1043/1722 1202/1036/1548 1315/1042/1723 
s 1217
f 1311/1034/1718 1315/1042/1723 1202/1036/1548 
s 1218
f 1316/1045/1724 1317/1044/1725 1265/921/1637 
s 1219
f 1267/964/1639 1265/921/1637 1317/1044/1725 
s 1220
f 1316/1045/1724 1318/1047/1726 1317/1044/1725 
s 1221
f 1317/1044/1725 1318/1047/1726 1319/1049/1727 
s 1222
f 1319/1049/1727 1318/1047/1726 1315/1048/1728 
s 1223
f 1315/1048/1728 1318/1047/1726 1314/1046/1729 
s 1224
f 1268/968/1640 1267/964/1639 1317/1044/1725 
s 1225
f 1268/968/1640 1317/1044/1725 1319/1049/1727 
s 1226
f 1268/968/1640 1319/1049/1727 1312/1041/1721 
s 1227
f 1319/1049/1727 1315/1048/1728 1312/1041/1721 
s 1228
f 1312/1038/1719 1315/1042/1723 1311/1034/1718 
s 1229
f 1265/921/1637 1264/966/1636 1320/920/1730 
s 1230
f 1321/1050/1731 1320/920/1730 1264/966/1636 
s 1231
f 1200/1054/1732 1202/1052/1698 1308/1053/1697 
s 1232
f 1212/1105/1733 1214/1107/1565 1198/1154/1734 
s 1233
f 1264/966/1636 1313/995/1720 1321/1050/1731 
s 1234
f 1321/1050/1731 1313/995/1720 1308/1055/1735 
s 1235
f 1308/1055/1735 1313/995/1720 1200/1037/1546 
s 1236
f 1202/1052/1698 1314/1057/1736 1307/1051/1696 
s 1237
f 1322/1056/1737 1307/1051/1696 1314/1057/1736 
s 1238
f 1316/1045/1724 1265/921/1637 1323/922/1738 
s 1239
f 1320/920/1730 1323/922/1738 1265/921/1637 
s 1240
f 1314/1046/1729 1318/1047/1726 1322/1058/1739 
s 1241
f 1322/1058/1739 1318/1047/1726 1323/922/1738 
s 1242
f 1323/922/1738 1318/1047/1726 1316/1045/1724 
s 1243
f 1320/920/1730 1321/1050/1731 1324/1059/1740 
s 1244
f 1308/1053/1697 1307/1051/1696 1324/1060/1741 
s 1245
f 1321/1061/1742 1308/1053/1697 1324/1060/1741 
s 1246
f 1307/1051/1696 1322/1056/1737 1324/1060/1741 
s 1247
f 1323/922/1738 1320/920/1730 1324/1059/1740 
s 1248
f 1322/1063/1743 1323/1062/1743 1324/1060/1741 
s 1249
f 1229/1117/1744 1254/1131/1617 1206/1155/1745 
s 1250
f 1207/1156/1746 1206/1155/1745 1254/1131/1617 
s 1251
f 1254/1131/1617 1256/1133/1747 1207/1156/1746 
s 1252
f 1209/1157/1748 1207/1156/1746 1256/1133/1747 
s 1253
f 1256/1133/1747 1258/1135/1749 1209/1157/1748 
s 1254
f 1244/1158/1750 1209/1157/1748 1258/1135/1751 
s 1255
f 1258/1135/1751 1259/1137/1752 1244/1158/1750 
s 1256
f 1246/1159/1753 1244/1158/1753 1259/1137/1753 
s 1257
f 1259/1137/1754 1247/1130/1609 1246/1159/1755 
s 1258
f 1245/1160/1756 1246/1159/1755 1247/1130/1609 
s 1259
f 1247/1130/1609 1107/933/1337 1245/1160/1756 
s 1260
f 1325/1161/1757 1326/1162/1758 1327/1163/1759 
s 1261
f 1108/935/1339 1237/1121/1594 1115/1072/1506 
s 1262
f 1248/1164/1760 1115/1072/1506 1237/1121/1594 
s 1263
f 1237/1121/1594 1217/1110/1568 1248/1164/1760 
s 1264
f 1253/1165/1761 1248/1164/1760 1217/1110/1568 
s 1265
f 1217/1138/1630 1203/1095/1549 1253/1166/1762 
s 1266
f 1205/1097/1552 1253/1166/1763 1203/1095/1763 
s 1267
f 1082/905/1512 1228/1116/1764 1065/1040/1466 
s 1268
f 1215/1167/1765 1065/1040/1466 1228/1116/1764 
s 1269
f 1228/1168/1766 1229/1117/1766 1215/1169/1766 
s 1270
f 1206/1155/1745 1215/1169/1767 1229/1117/1744 
s 1271
f 1226/1115/1578 1257/1134/1768 1235/1170/1769 
s 1272
f 1239/1171/1770 1235/1170/1769 1257/1134/1768 
s 1273
f 1257/1134/1768 1255/1132/1771 1239/1171/1770 
s 1274
f 1242/1172/1772 1239/1171/1770 1255/1132/1771 
s 1275
f 1255/1132/1771 1231/1119/1773 1242/1172/1772 
s 1276
f 1240/1173/1774 1242/1172/1772 1231/1119/1773 
s 1277
f 1231/1119/1773 1230/1118/1775 1240/1173/1774 
s 1278
f 1243/1174/1776 1240/1173/1774 1230/1118/1775 
s 1279
f 1230/1118/1775 1210/1175/1777 1243/1174/1776 
s 1280
f 1241/1176/1778 1243/1174/1776 1210/1175/1777 
s 1281
f 1222/1112/1573 1226/1115/1578 1227/1177/1779 
s 1282
f 1235/1170/1769 1227/1177/1779 1226/1115/1578 
s 1283
f 1219/1178/1780 1216/1109/1781 1225/1179/1782 
s 1284
f 1218/1111/1783 1225/1179/1782 1216/1109/1781 
s 1285
f 1218/1111/1784 1222/1112/1573 1225/1179/1784 
s 1286
f 1227/1177/1785 1225/1179/1785 1222/1112/1573 
s 1287
f 1210/1103/1786 1212/1105/1786 1241/1180/1787 
s 1288
f 1198/1154/1734 1241/1180/1787 1212/1105/1733 
s 1289
f 1328/1181/1788 1329/1182/1789 1330/1183/1790 
s 1290
f 1199/1184/1791 1198/1154/1734 1214/1107/1565 
s 1291
f 1221/1185/1792 1199/1184/1793 1213/1106/1793 
s 1292
f 1214/1107/1565 1213/1106/1623 1199/1184/1794 
s 1293
f 1213/1106/1623 1216/1136/1629 1221/1185/1792 
s 1294
f 1219/1178/1795 1221/1186/1795 1216/1109/1795 
s 1295
f 1229/1117/1583 1228/1168/1796 1230/1118/1584 
s 1296
f 1210/1175/1797 1230/1118/1584 1228/1168/1796 
s 1297
f 1331/1187/1798 1332/1188/1799 1333/1189/1800 
s 1298
f 1334/1190/1801 1333/1189/1800 1332/1188/1799 
s 1299
f 1335/961/1802 1336/963/1803 1337/1191/1804 
s 1300
f 1338/1192/1805 1337/1191/1804 1336/963/1803 
s 1301
f 1339/1193/1806 1331/1187/1798 1340/1194/1807 
s 1302
f 1333/1189/1800 1340/1194/1807 1331/1187/1798 
s 1303
f 1337/1191/1804 1339/1193/1806 1335/961/1802 
s 1304
f 1340/1194/1807 1335/961/1802 1339/1193/1806 
s 1305
f 1334/1190/1801 1341/1195/1808 1250/1196/1809 
s 1306
f 1114/1197/1810 1250/1196/1809 1341/1195/1808 
s 1307
f 1335/961/1802 1340/1194/1807 1252/960/1811 
s 1308
f 1251/1198/1812 1252/960/1811 1340/1194/1807 
s 1309
f 1333/1189/1800 1334/1190/1801 1249/1199/1813 
s 1310
f 1250/1196/1809 1249/1199/1813 1334/1190/1801 
s 1311
f 1340/1194/1807 1333/1189/1800 1251/1198/1812 
s 1312
f 1249/1199/1813 1251/1198/1812 1333/1189/1800 
s 1313
f 1332/1188/1799 1342/1200/1814 1334/1190/1801 
s 1314
f 1341/1195/1808 1334/1190/1801 1342/1200/1814 
s 1315
f 1343/1201/1815 1332/1188/1816 1331/1187/1817 
s 1316
f 1343/1202/1818 1331/1187/1817 1339/1193/1819 
s 1317
f 1101/1070/1504 1245/1160/1756 1107/933/1337 
s 1318
f 1343/1201/1815 1342/1200/1820 1332/1188/1816 
s 1319
f 1343/1202/1818 1337/1191/1821 1338/1192/1822 
s 1320
f 1344/1187/1823 1345/1189/1824 1343/1203/1825 
s 1321
f 1346/1190/1826 1343/1203/1825 1345/1189/1824 
s 1322
f 1347/961/1827 1348/1191/1828 1336/963/1803 
s 1323
f 1338/1192/1805 1336/963/1803 1348/1191/1828 
s 1324
f 1349/1193/1829 1350/1194/1830 1344/1187/1823 
s 1325
f 1345/1189/1824 1344/1187/1823 1350/1194/1830 
s 1326
f 1348/1191/1828 1347/961/1827 1349/1193/1829 
s 1327
f 1350/1194/1830 1349/1193/1829 1347/961/1827 
s 1328
f 1346/1190/1826 1111/1196/1831 1341/1195/1808 
s 1329
f 1114/1197/1810 1341/1195/1808 1111/1196/1831 
s 1330
f 1347/961/1827 1116/960/1832 1350/1194/1830 
s 1331
f 1118/1198/1833 1350/1194/1830 1116/960/1832 
s 1332
f 1345/1189/1824 1112/1199/1834 1346/1190/1826 
s 1333
f 1111/1196/1831 1346/1190/1826 1112/1199/1834 
s 1334
f 1350/1194/1830 1118/1198/1833 1345/1189/1824 
s 1335
f 1112/1199/1834 1345/1189/1824 1118/1198/1833 
s 1336
f 1343/1203/1825 1346/1190/1826 1342/1200/1814 
s 1337
f 1341/1195/1808 1342/1200/1814 1346/1190/1826 
s 1338
f 1344/1187/1835 1343/1203/1836 1349/1193/1837 
s 1339
f 1349/1193/1837 1343/1203/1836 1348/1191/1838 
s 1340
f 1348/1191/1838 1343/1203/1836 1338/1192/1822 
s 1341
f 1351/1204/1839 1352/1205/1840 1329/1182/1841 
s 1342
f 1352/1205/1840 1351/1204/1839 1353/1206/1842 
s 1343
f 1354/1207/1843 1353/1206/1842 1351/1204/1839 
s 1344
f 1353/1206/1844 1354/1207/1843 1355/1208/1844 
s 1345
f 1356/1209/1845 1355/1208/1846 1354/1207/1843 
s 1346
f 1329/1182/1789 1328/1181/1788 1351/1204/1839 
s 1347
f 1351/1204/1839 1328/1181/1788 1354/1207/1843 
s 1348
f 1357/1210/1847 1354/1207/1843 1328/1181/1788 
s 1349
f 1354/1207/1843 1357/1210/1848 1356/1209/1845 
s 1350
f 1356/1209/1845 1357/1210/1847 1355/1208/1846 
s 1351
f 1358/1211/1849 1359/1212/1850 1360/1213/1851 
s 1352
f 1361/1214/1852 1359/1212/1850 1358/1211/1849 
s 1353
f 1355/1215/1853 1357/1216/1854 1362/1217/1855 
s 1354
f 1362/1217/1855 1363/1218/1856 1355/1215/1853 
s 1355
f 1330/1219/1857 1364/1220/1858 1327/1221/1859 
s 1356
f 1358/1211/1849 1365/1222/1860 1361/1214/1852 
s 1357
f 1366/1223/1861 1367/1224/1862 1368/1225/1863 
s 1358
f 1369/1226/1864 1368/1225/1863 1367/1224/1862 
s 1359
f 1370/1227/1865 1371/1228/1866 1352/1229/1867 
s 1360
f 1371/1228/1866 1370/1227/1865 1359/1212/1850 
s 1361
f 1330/1183/1790 1327/1230/1868 1328/1181/1788 
s 1362
f 1371/1228/1866 1329/1231/1869 1352/1229/1867 
s 1363
f 1361/1214/1852 1364/1220/1870 1371/1228/1866 
s 1364
f 1327/1221/1859 1364/1220/1870 1325/1232/1871 
s 1365
f 1361/1214/1852 1325/1232/1871 1364/1220/1872 
s 1366
f 1363/1218/1873 1372/1233/1874 1355/1215/1853 
s 1367
f 1373/1234/1875 1355/1215/1876 1372/1233/1874 
s 1368
f 1374/1235/1877 1373/1234/1875 1375/1236/1878 
s 1369
f 1372/1233/1874 1375/1236/1878 1373/1234/1875 
s 1370
f 1376/1237/1879 1377/1238/1880 1375/1236/1881 
s 1371
f 1374/1239/1882 1375/1236/1881 1377/1238/1880 
s 1372
f 1378/1240/1883 1353/1206/1884 1373/1241/1885 
s 1373
f 1355/1208/1886 1373/1241/1885 1353/1206/1884 
s 1374
f 1379/1242/1887 1380/1243/1888 1363/1218/1889 
s 1375
f 1380/1243/1890 1379/1242/1891 1378/1244/1892 
s 1376
f 1353/1245/1893 1378/1244/1892 1379/1242/1891 
s 1377
f 1377/1246/1894 1378/1240/1883 1374/1247/1895 
s 1378
f 1373/1241/1896 1374/1247/1895 1378/1240/1883 
s 1379
f 1375/1236/1897 1372/1233/1874 1376/1237/1898 
s 1380
f 1380/1243/1888 1376/1237/1898 1372/1233/1874 
s 1381
f 1376/1237/1879 1380/1243/1890 1377/1248/1899 
s 1382
f 1378/1244/1892 1377/1248/1899 1380/1243/1890 
s 1383
f 1381/1249/1900 1382/1250/1901 1383/1251/1901 
s 1384
f 1384/1252/1902 1383/1251/1901 1382/1250/1901 
s 1385
f 1385/1253/1903 1352/1205/1904 1386/1254/1905 
s 1386
f 1353/1206/1884 1386/1254/1905 1352/1205/1904 
s 1387
f 1353/1245/1906 1379/1242/1887 1386/1255/1907 
s 1388
f 1387/1256/1908 1386/1255/1907 1379/1242/1887 
s 1389
f 1387/1256/1908 1379/1242/1887 1388/1257/1909 
s 1390
f 1370/1227/1865 1388/1257/1910 1379/1242/1887 
s 1391
f 1388/1257/1911 1370/1227/1912 1385/1258/1913 
s 1392
f 1352/1229/1914 1385/1258/1913 1370/1227/1914 
s 1393
f 1382/1259/1915 1385/1253/1903 1384/1260/1916 
s 1394
f 1386/1254/1905 1384/1260/1916 1385/1253/1903 
s 1395
f 1386/1255/1907 1387/1256/1908 1384/1261/1917 
s 1396
f 1383/1251/1918 1384/1261/1917 1387/1256/1908 
s 1397
f 1383/1251/1918 1387/1256/1908 1381/1249/1919 
s 1398
f 1388/1257/1910 1381/1249/1920 1387/1256/1908 
s 1399
f 1381/1249/1921 1388/1257/1911 1382/1262/1922 
s 1400
f 1385/1258/1913 1382/1262/1922 1388/1257/1911 
s 1401
f 1389/1263/1923 1330/1183/1924 1329/1182/1923 
s 1402
f 1330/1183/1924 1389/1263/1925 1390/1026/1926 
s 1403
f 1391/1264/1927 1392/1265/1928 1393/1266/1929 
s 1404
f 1329/1231/1869 1371/1228/1866 1389/1267/1930 
s 1405
f 1394/1268/1931 1389/1267/1932 1371/1228/1866 
s 1406
f 1395/1269/1933 1394/1268/1934 1364/1220/1870 
s 1407
f 1371/1228/1866 1364/1220/1870 1394/1268/1935 
s 1408
f 1364/1220/1858 1330/1219/1936 1395/1269/1933 
s 1409
f 1390/1270/1937 1395/1269/1933 1330/1219/1938 
s 1410
f 1367/1024/1939 1390/1026/1926 1369/1025/1940 
s 1411
f 1389/1263/1941 1369/1025/1940 1390/1026/1926 
s 1412
f 1369/1271/1942 1389/1267/1942 1368/1225/1942 
s 1413
f 1394/1268/1931 1368/1225/1943 1389/1267/1932 
s 1414
f 1368/1225/1944 1394/1268/1934 1366/1223/1945 
s 1415
f 1395/1269/1933 1366/1223/1945 1394/1268/1934 
s 1416
f 1366/1223/1945 1395/1269/1933 1367/1272/1946 
s 1417
f 1390/1270/1937 1367/1272/1946 1395/1269/1933 
s 1418
f 1379/1242/1887 1359/1212/1850 1370/1227/1865 
s 1419
f 1360/1213/1851 1379/1242/1887 1363/1218/1856 
s 1420
f 1360/1213/1851 1359/1212/1850 1379/1242/1947 
s 1421
f 1359/1212/1850 1361/1214/1852 1371/1228/1866 
s 1422
f 1360/1213/1851 1362/1217/1855 1358/1211/1849 
s 1423
f 1362/1217/1855 1360/1213/1851 1363/1218/1856 
s 1424
f 1362/1217/1855 1396/1273/1948 1358/1211/1849 
s 1425
f 1357/1210/1847 1326/1274/1949 1397/1275/1950 
s 1426
f 1326/1274/1949 1357/1210/1847 1328/1181/1788 
s 1427
f 1362/1217/1855 1357/1216/1854 1397/1276/1951 
s 1428
f 1397/1276/1951 1396/1277/1952 1362/1217/1855 
s 1429
f 1398/1278/1953 1358/1211/1849 1396/1273/1948 
s 1430
f 1358/1211/1849 1398/1278/1953 1365/1222/1860 
s 1431
f 1372/1233/1874 1363/1218/1856 1380/1243/1888 
s 1432
f 1328/1181/1788 1327/1230/1868 1326/1274/1949 
s 1433
f 1361/1214/1852 1365/1222/1860 1325/1232/1871 
s 1434
f 1326/1162/1758 1399/1279/1954 1397/1280/1955 
s 1435
f 1399/1279/1954 1396/1281/1956 1397/1280/1955 
s 1436
f 1399/1279/1954 1398/1282/1957 1396/1281/1956 
s 1437
f 1399/1279/1954 1365/1283/1958 1398/1282/1957 
s 1438
f 1325/1161/1757 1399/1279/1954 1326/1162/1758 
s 1439
f 1365/1283/1958 1399/1279/1954 1325/1161/1757 
s 1440
f 1400/1284/1959 1401/1285/1960 1402/1286/1961 
s 1441
f 1403/1287/1962 1400/1284/1959 1402/1286/1961 
s 1442
f 1404/1288/1963 1402/1286/1961 1405/1289/1964 
s 1443
f 1404/1288/1963 1403/1287/1962 1402/1286/1961 
s 1444
f 1404/1288/1963 1405/1289/1964 1406/1290/1965 
s 1445
f 1406/1290/1965 1405/1289/1966 1407/1291/1967 
s 1446
f 1406/1290/1965 1407/1291/1967 1408/1292/1968 
s 1447
f 1393/1293/1969 1406/1290/1965 1408/1292/1970 
s 1448
f 1393/1266/1929 1408/1294/1971 1391/1264/1972 
s 1449
f 1400/1284/1973 1391/1264/1972 1401/1285/1960 
s 1450
f 1392/1265/1928 1391/1264/1927 1409/1295/1974 
s 1451
f 1400/1284/1975 1409/1295/1974 1391/1264/1975 
s 1452
f 1403/1287/1962 1410/1296/1976 1400/1284/1977 
s 1453
f 1410/1296/1976 1409/1295/1974 1400/1284/1977 
s 1454
f 1410/1296/1976 1403/1287/1962 1411/1297/1978 
s 1455
f 1404/1288/1963 1411/1297/1979 1403/1287/1962 
s 1456
f 1411/1297/1978 1404/1288/1963 1412/1298/1980 
s 1457
f 1406/1290/1965 1412/1298/1980 1404/1288/1963 
s 1458
f 1413/1299/1981 1412/1298/1980 1393/1293/1969 
s 1459
f 1406/1290/1965 1393/1293/1969 1412/1298/1982 
s 1460
f 1414/1237/1983 1415/1248/1984 1416/1243/1985 
s 1461
f 1413/1300/1986 1393/1266/1929 1392/1265/1928 
s 1462
f 1412/1301/1987 1392/1302/1987 1409/1303/1987 
s 1463
f 1412/1301/1988 1409/1304/1989 1410/1302/1989 
s 1464
f 1412/1301/1988 1410/1305/1990 1411/1304/1990 
s 1465
f 1412/1301/1988 1413/1303/1991 1392/1306/1991 
s 1466
f 1408/1301/1992 1402/1302/1993 1401/1303/1994 
s 1467
f 1408/1301/1992 1405/1304/1995 1402/1302/1993 
s 1468
f 1408/1301/1992 1407/1305/1996 1405/1304/1995 
s 1469
f 1408/1301/1992 1401/1303/1994 1391/1306/1997 
s 1470
f 1417/1307/1998 1418/1308/1999 1419/1309/1999 
s 1471
f 1420/1308/2000 1417/1307/1998 1419/1309/2000 
s 1472
f 1421/1310/2001 1420/1311/2002 1419/1312/2002 
s 1473
f 1418/1313/2003 1421/1310/2001 1419/1312/2003 
s 1474
f 1422/1182/2004 1423/1205/2005 1424/1204/2006 
s 1475
f 1425/1206/2007 1424/1204/2006 1423/1205/2005 
s 1476
f 1424/1204/2006 1425/1206/2007 1426/1207/2008 
s 1477
f 1427/1208/2009 1426/1207/2008 1425/1206/2009 
s 1478
f 1426/1207/2008 1427/1208/2010 1428/1209/2011 
s 1479
f 1429/1183/2012 1422/1182/2013 1430/1181/2014 
s 1480
f 1424/1204/2006 1430/1181/2014 1422/1182/2013 
s 1481
f 1426/1207/2008 1430/1181/2014 1424/1204/2006 
s 1482
f 1430/1181/2014 1426/1207/2008 1431/1210/2015 
s 1483
f 1428/1209/2011 1431/1210/2016 1426/1207/2008 
s 1484
f 1427/1208/2017 1431/1210/2015 1428/1209/2011 
s 1485
f 1432/1213/2018 1433/1212/2019 1434/1211/2020 
s 1486
f 1434/1211/2020 1433/1212/2019 1435/1214/2021 
s 1487
f 1436/1217/2022 1431/1216/2023 1427/1215/2023 
s 1488
f 1437/1314/2024 1438/1315/2024 1439/1316/2024 
s 1489
f 1440/1221/2025 1441/1220/2026 1429/1219/2026 
s 1490
f 1435/1214/2021 1442/1222/2027 1434/1211/2020 
s 1491
f 1178/1226/2028 1177/1224/2029 1443/1225/2030 
s 1492
f 1444/1223/2031 1443/1225/2030 1177/1224/2029 
s 1493
f 1423/1229/2032 1445/1228/2033 1446/1227/2034 
s 1494
f 1433/1212/2019 1446/1227/2035 1445/1228/2033 
s 1495
f 1430/1181/2014 1440/1230/2036 1429/1183/2012 
s 1496
f 1423/1229/2032 1422/1231/2037 1445/1228/2038 
s 1497
f 1445/1228/2033 1441/1220/2039 1435/1214/2021 
s 1498
f 1447/1232/2040 1441/1220/2039 1440/1221/2025 
s 1499
f 1441/1220/2041 1447/1232/2040 1435/1214/2021 
s 1500
f 1448/1234/2042 1449/1233/2043 1427/1215/2044 
s 1501
f 1450/1218/2045 1427/1215/2045 1449/1233/2043 
s 1502
f 1449/1233/2043 1448/1234/2042 1451/1236/2046 
s 1503
f 1452/1235/2047 1451/1236/2046 1448/1234/2042 
s 1504
f 1452/1239/2048 1415/1238/2049 1451/1236/2046 
s 1505
f 1414/1237/2050 1451/1236/2046 1415/1238/2049 
s 1506
f 1427/1208/2051 1425/1206/2052 1448/1241/2053 
s 1507
f 1453/1240/2054 1448/1241/2053 1425/1206/2052 
s 1508
f 1454/1242/2055 1450/1218/2056 1416/1243/2057 
s 1509
f 1449/1233/2058 1416/1243/2057 1450/1218/2056 
s 1510
f 1425/1245/2059 1454/1242/2060 1453/1244/2061 
s 1511
f 1416/1243/1985 1453/1244/2061 1454/1242/2060 
s 1512
f 1448/1241/2062 1453/1240/2054 1452/1247/2063 
s 1513
f 1415/1246/2064 1452/1247/2063 1453/1240/2054 
s 1514
f 1416/1243/2057 1449/1233/2065 1414/1237/2066 
s 1515
f 1451/1236/2046 1414/1237/2066 1449/1233/2065 
s 1516
f 1453/1244/2061 1416/1243/1985 1415/1248/1984 
s 1517
f 1455/1286/2067 1456/1285/2068 1457/1284/2069 
s 1518
f 1458/1252/2070 1459/1250/2071 1460/1251/2071 
s 1519
f 1461/1249/2071 1460/1251/2071 1459/1250/2071 
s 1520
f 1425/1206/2052 1423/1205/2072 1462/1254/2073 
s 1521
f 1463/1253/2074 1462/1254/2073 1423/1205/2072 
s 1522
f 1464/1256/2075 1454/1242/2055 1462/1255/2076 
s 1523
f 1425/1245/2077 1462/1255/2076 1454/1242/2055 
s 1524
f 1446/1227/2035 1454/1242/2055 1465/1257/2078 
s 1525
f 1464/1256/2075 1465/1257/2078 1454/1242/2055 
s 1526
f 1423/1229/2079 1446/1227/2079 1463/1258/2080 
s 1527
f 1465/1257/2078 1463/1258/2080 1446/1227/2081 
s 1528
f 1462/1254/2073 1463/1253/2074 1458/1260/2082 
s 1529
f 1459/1259/2083 1458/1260/2082 1463/1253/2074 
s 1530
f 1460/1251/2084 1464/1256/2075 1458/1261/2085 
s 1531
f 1462/1255/2076 1458/1261/2085 1464/1256/2075 
s 1532
f 1465/1257/2078 1464/1256/2075 1461/1249/2086 
s 1533
f 1460/1251/2084 1461/1249/2087 1464/1256/2075 
s 1534
f 1463/1258/2080 1465/1257/2078 1459/1262/2088 
s 1535
f 1461/1249/2089 1459/1262/2088 1465/1257/2078 
s 1536
f 1422/1182/2090 1429/1183/2091 1466/1263/2090 
s 1537
f 1179/1026/2092 1466/1263/2093 1429/1183/2091 
s 1538
f 1467/1268/2094 1445/1228/2033 1466/1267/2095 
s 1539
f 1422/1231/2037 1466/1267/2096 1445/1228/2033 
s 1540
f 1445/1228/2033 1467/1268/2097 1441/1220/2039 
s 1541
f 1468/1269/2098 1441/1220/2039 1467/1268/2099 
s 1542
f 1179/1270/2100 1429/1219/2100 1468/1269/2098 
s 1543
f 1441/1220/2039 1468/1269/2098 1429/1219/2101 
s 1544
f 1466/1263/2102 1179/1026/2092 1178/1025/2102 
s 1545
f 1427/1215/2103 1450/1218/2104 1436/1217/2022 
s 1546
f 1467/1268/2094 1466/1267/2095 1443/1225/2105 
s 1547
f 1178/1271/2106 1443/1225/2106 1466/1267/2106 
s 1548
f 1468/1269/2107 1467/1268/2099 1444/1223/2108 
s 1549
f 1443/1225/2109 1444/1223/2108 1467/1268/2099 
s 1550
f 1179/1270/2110 1468/1269/2098 1177/1272/2110 
s 1551
f 1444/1223/2111 1177/1272/2111 1468/1269/2111 
s 1552
f 1446/1227/2112 1433/1212/2019 1454/1242/2055 
s 1553
f 1450/1218/2104 1454/1242/2055 1432/1213/2018 
s 1554
f 1454/1242/2113 1433/1212/2019 1432/1213/2018 
s 1555
f 1445/1228/2114 1435/1214/2021 1433/1212/2019 
s 1556
f 1434/1211/2020 1436/1217/2022 1432/1213/2018 
s 1557
f 1450/1218/2104 1432/1213/2018 1436/1217/2022 
s 1558
f 1434/1211/2020 1469/1273/2115 1436/1217/2022 
s 1559
f 1470/1275/2116 1471/1274/2117 1431/1210/2015 
s 1560
f 1430/1181/2014 1431/1210/2015 1471/1274/2117 
s 1561
f 1470/1276/2118 1431/1216/2119 1436/1217/2022 
s 1562
f 1436/1217/2022 1469/1277/2120 1470/1276/2118 
s 1563
f 1469/1273/2115 1434/1211/2020 1472/1278/2121 
s 1564
f 1442/1222/2027 1472/1278/2121 1434/1211/2020 
s 1565
f 1440/1163/2122 1471/1162/2123 1447/1161/2124 
s 1566
f 1471/1274/2117 1440/1230/2036 1430/1181/2014 
s 1567
f 1447/1232/2040 1442/1222/2027 1435/1214/2021 
s 1568
f 1470/1280/2125 1473/1279/2126 1471/1162/2123 
s 1569
f 1470/1280/2125 1469/1281/2127 1473/1279/2126 
s 1570
f 1469/1281/2127 1472/1282/2128 1473/1279/2126 
s 1571
f 1472/1282/2128 1442/1283/2129 1473/1279/2126 
s 1572
f 1471/1162/2123 1473/1279/2126 1447/1161/2124 
s 1573
f 1447/1161/2124 1473/1279/2126 1442/1283/2129 
s 1574
f 1474/1317/2130 1475/1318/2131 1476/1319/2131 
s 1575
f 1455/1286/2067 1457/1284/2069 1477/1287/2132 
s 1576
f 1478/1289/2133 1455/1286/2067 1479/1288/2134 
s 1577
f 1455/1286/2067 1477/1287/2132 1479/1288/2134 
s 1578
f 1480/1290/2135 1478/1289/2133 1479/1288/2134 
s 1579
f 1481/1291/2136 1478/1289/2137 1480/1290/2135 
s 1580
f 1482/1292/2138 1481/1291/2136 1480/1290/2135 
s 1581
f 1482/1292/2139 1480/1290/2135 1483/1293/2140 
s 1582
f 1484/1264/2141 1482/1294/2142 1483/1266/2143 
s 1583
f 1456/1285/2068 1484/1264/2141 1457/1284/2144 
s 1584
f 1457/1284/2145 1484/1264/2145 1485/1295/2145 
s 1585
f 1486/1265/2146 1485/1295/2147 1484/1264/2148 
s 1586
f 1457/1284/2149 1487/1296/2150 1477/1287/2132 
s 1587
f 1457/1284/2149 1485/1295/2147 1487/1296/2150 
s 1588
f 1479/1288/2134 1477/1287/2132 1488/1297/2151 
s 1589
f 1487/1296/2150 1488/1297/2152 1477/1287/2132 
s 1590
f 1480/1290/2135 1479/1288/2134 1489/1298/2153 
s 1591
f 1488/1297/2152 1489/1298/2153 1479/1288/2134 
s 1592
f 1480/1290/2135 1489/1298/2154 1483/1293/2140 
s 1593
f 1490/1299/2155 1483/1293/2140 1489/1298/2154 
s 1594
f 1490/1300/2156 1486/1265/2146 1483/1266/2143 
s 1595
f 1484/1264/2148 1483/1266/2143 1486/1265/2146 
s 1596
f 1485/1303/2157 1486/1302/2157 1489/1301/2157 
s 1597
f 1487/1302/2158 1485/1304/2158 1489/1301/2159 
s 1598
f 1488/1304/2160 1487/1305/2160 1489/1301/2159 
s 1599
f 1486/1306/2161 1490/1303/2161 1489/1301/2159 
s 1600
f 1456/1303/2162 1455/1302/2163 1482/1301/2164 
s 1601
f 1455/1302/2163 1478/1304/2165 1482/1301/2164 
s 1602
f 1343/1202/1818 1339/1193/1819 1337/1191/1821 
s 1603
f 1484/1306/2166 1456/1303/2162 1482/1301/2164 
s 1604
f 1491/1309/2167 1492/1308/2167 1493/1307/2168 
s 1605
f 1491/1309/2169 1493/1307/2168 1494/1308/2169 
s 1606
f 1491/1312/2170 1494/1311/2170 1495/1310/2171 
s 1607
f 1491/1312/2172 1495/1310/2171 1492/1313/2172 
s 1608
f 1277/977/2173 1276/976/2173 1278/978/2173 
s 1609
f 1496/1320/2174 1497/1321/2174 1498/1322/2174 
s 1610
f 1499/1323/2174 1498/1322/2174 1497/1321/2174 
s 1611
f 1500/1317/2175 1501/1318/2175 1502/1319/2175 
s 1612
f 1503/1324/2175 1502/1319/2175 1501/1318/2175 
s 1613
f 1501/1316/2176 1504/1325/2176 1503/1326/2176 
s 1614
f 1505/1327/2176 1503/1326/2176 1504/1325/2176 
s 1615
f 1503/1328/2177 1505/1329/2177 1502/1330/2177 
s 1616
f 1506/1331/2177 1502/1330/2177 1505/1329/2177 
s 1617
f 1502/1330/2178 1506/1331/2178 1500/1314/2178 
s 1618
f 1507/1315/2178 1500/1314/2178 1506/1331/2178 
s 1619
f 1500/1314/2179 1507/1315/2179 1501/1316/2179 
s 1620
f 1504/1325/2179 1501/1316/2179 1507/1315/2179 
s 1621
f 1505/1332/2180 1504/1333/2180 1496/1334/2180 
s 1622
f 1497/1321/2181 1496/1334/2180 1504/1333/2180 
s 1623
f 1506/1335/2182 1505/1336/2182 1498/1337/2183 
s 1624
f 1496/1338/2182 1498/1337/2183 1505/1336/2182 
s 1625
f 1507/1339/2184 1506/1335/2185 1499/1340/2186 
s 1626
f 1498/1337/2183 1499/1340/2186 1506/1335/2185 
s 1627
f 1504/1333/2187 1507/1339/2184 1497/1321/2181 
s 1628
f 1499/1340/2186 1497/1321/2181 1507/1339/2184 
s 1629
f 1508/1320/2188 1509/1321/2188 1510/1322/2188 
s 1630
f 1511/1323/2188 1510/1322/2188 1509/1321/2188 
s 1631
f 1512/1340/2189 1513/1321/2190 1514/1339/2191 
s 1632
f 1515/1324/2131 1476/1319/2131 1475/1318/2131 
s 1633
f 1475/1316/2192 1516/1325/2192 1515/1326/2192 
s 1634
f 1517/1327/2192 1515/1326/2192 1516/1325/2192 
s 1635
f 1515/1328/2193 1517/1329/2193 1476/1330/2193 
s 1636
f 1518/1331/2193 1476/1330/2193 1517/1329/2193 
s 1637
f 1476/1330/2194 1518/1331/2194 1474/1314/2194 
s 1638
f 1519/1315/2194 1474/1314/2194 1518/1331/2194 
s 1639
f 1474/1314/2195 1519/1315/2195 1475/1316/2195 
s 1640
f 1516/1325/2195 1475/1316/2195 1519/1315/2195 
s 1641
f 1517/1332/2196 1516/1333/2196 1508/1334/2196 
s 1642
f 1509/1321/2197 1508/1334/2196 1516/1333/2196 
s 1643
f 1518/1335/2198 1517/1336/2198 1510/1337/2199 
s 1644
f 1508/1338/2198 1510/1337/2199 1517/1336/2198 
s 1645
f 1519/1339/2200 1518/1335/2201 1511/1340/2202 
s 1646
f 1510/1337/2199 1511/1340/2202 1518/1335/2201 
s 1647
f 1516/1333/2203 1519/1339/2200 1509/1321/2197 
s 1648
f 1511/1340/2202 1509/1321/2197 1519/1339/2200 
s 1649
f 1520/1320/2204 1521/1321/2204 1522/1322/2204 
s 1650
f 1523/1323/2204 1522/1322/2204 1521/1321/2204 
s 1651
f 1437/1317/2205 1439/1318/2205 1524/1319/2205 
s 1652
f 1525/1324/2205 1524/1319/2205 1439/1318/2205 
s 1653
f 1439/1316/2206 1526/1325/2206 1525/1326/2206 
s 1654
f 1527/1327/2206 1525/1326/2206 1526/1325/2206 
s 1655
f 1525/1328/2207 1527/1329/2207 1524/1330/2207 
s 1656
f 1528/1331/2207 1524/1330/2207 1527/1329/2207 
s 1657
f 1524/1330/2208 1528/1331/2208 1437/1314/2208 
s 1658
f 1438/1315/2208 1437/1314/2208 1528/1331/2208 
s 1659
f 1478/1304/2165 1481/1305/2209 1482/1301/2164 
s 1660
f 1526/1325/2024 1439/1316/2024 1438/1315/2024 
s 1661
f 1527/1332/2210 1526/1333/2210 1520/1334/2210 
s 1662
f 1521/1321/2211 1520/1334/2210 1526/1333/2210 
s 1663
f 1528/1335/2212 1527/1336/2212 1522/1337/2213 
s 1664
f 1520/1338/2212 1522/1337/2213 1527/1336/2212 
s 1665
f 1438/1339/2214 1528/1335/2215 1523/1340/2216 
s 1666
f 1522/1337/2213 1523/1340/2216 1528/1335/2215 
s 1667
f 1526/1333/2217 1438/1339/2214 1521/1321/2211 
s 1668
f 1523/1340/2216 1521/1321/2211 1438/1339/2214 
s 1669
f 1529/1320/2218 1513/1321/2218 1530/1322/2218 
s 1670
f 1512/1323/2219 1530/1322/2218 1513/1321/2218 
s 1671
f 1531/1317/2220 1532/1318/2220 1533/1319/2220 
s 1672
f 1534/1324/2220 1533/1319/2220 1532/1318/2220 
s 1673
f 1532/1316/2221 1535/1325/2221 1534/1326/2221 
s 1674
f 1536/1327/2221 1534/1326/2221 1535/1325/2221 
s 1675
f 1534/1328/2222 1536/1329/2222 1533/1330/2222 
s 1676
f 1537/1331/2222 1533/1330/2222 1536/1329/2222 
s 1677
f 1533/1330/2223 1537/1331/2223 1531/1314/2223 
s 1678
f 1514/1315/2223 1531/1314/2223 1537/1331/2223 
s 1679
f 1531/1314/2224 1514/1315/2224 1532/1316/2224 
s 1680
f 1535/1325/2224 1532/1316/2224 1514/1315/2224 
s 1681
f 1536/1332/2225 1535/1333/2225 1529/1334/2225 
s 1682
f 1513/1321/2190 1529/1334/2225 1535/1333/2225 
s 1683
f 1537/1335/2226 1536/1336/2226 1530/1337/2227 
s 1684
f 1529/1338/2226 1530/1337/2227 1536/1336/2226 
s 1685
f 1514/1339/2191 1537/1335/2228 1512/1340/2189 
s 1686
f 1530/1337/2227 1512/1340/2189 1537/1335/2228 
s 1687
f 1535/1333/2229 1514/1339/2191 1513/1321/2190 
s 1688
f 1538/1320/2230 1539/1321/2230 1540/1322/2230 
s 1689
f 1541/1323/2230 1540/1322/2230 1539/1321/2230 
s 1690
f 1542/1317/2231 1543/1318/2231 1544/1319/2231 
s 1691
f 1545/1324/2231 1544/1319/2231 1543/1318/2231 
s 1692
f 1543/1316/2232 1546/1325/2232 1545/1326/2232 
s 1693
f 1547/1327/2232 1545/1326/2232 1546/1325/2232 
s 1694
f 1545/1328/2233 1547/1329/2233 1544/1330/2233 
s 1695
f 1548/1331/2233 1544/1330/2233 1547/1329/2233 
s 1696
f 1544/1330/2234 1548/1331/2234 1542/1314/2234 
s 1697
f 1549/1315/2234 1542/1314/2234 1548/1331/2234 
s 1698
f 1542/1314/2235 1549/1315/2235 1543/1316/2235 
s 1699
f 1546/1325/2235 1543/1316/2235 1549/1315/2235 
s 1700
f 1547/1332/2236 1546/1333/2236 1538/1334/2236 
s 1701
f 1539/1321/2237 1538/1334/2236 1546/1333/2236 
s 1702
f 1548/1335/2238 1547/1336/2238 1540/1337/2239 
s 1703
f 1538/1338/2238 1540/1337/2239 1547/1336/2238 
s 1704
f 1549/1339/2240 1548/1335/2241 1541/1340/2242 
s 1705
f 1540/1337/2239 1541/1340/2242 1548/1335/2241 
s 1706
f 1546/1333/2243 1549/1339/2240 1539/1321/2237 
s 1707
f 1541/1340/2242 1539/1321/2237 1549/1339/2240 
s 1708
f 1550/1320/2244 1551/1321/2244 1552/1322/2244 
s 1709
f 1553/1323/2244 1552/1322/2244 1551/1321/2244 
s 1710
f 1554/1317/2245 1555/1318/2245 1556/1319/2245 
s 1711
f 1557/1324/2245 1556/1319/2245 1555/1318/2245 
s 1712
f 1555/1316/2246 1558/1325/2247 1557/1326/2246 
s 1713
f 1559/1327/2246 1557/1326/2246 1558/1325/2247 
s 1714
f 1557/1328/2248 1559/1329/2248 1556/1330/2248 
s 1715
f 1560/1331/2248 1556/1330/2248 1559/1329/2248 
s 1716
f 1556/1330/2249 1560/1331/2249 1554/1314/2249 
s 1717
f 1561/1315/2249 1554/1314/2249 1560/1331/2249 
s 1718
f 1554/1314/2250 1561/1315/2250 1555/1316/2250 
s 1719
f 1558/1325/2247 1555/1316/2250 1561/1315/2250 
s 1720
f 1559/1332/2251 1558/1333/2252 1550/1334/2251 
s 1721
f 1551/1321/2253 1550/1334/2251 1558/1333/2252 
s 1722
f 1560/1335/2254 1559/1336/2254 1552/1337/2255 
s 1723
f 1550/1338/2254 1552/1337/2255 1559/1336/2254 
s 1724
f 1561/1339/2256 1560/1335/2257 1553/1340/2258 
s 1725
f 1552/1337/2255 1553/1340/2258 1560/1335/2257 
s 1726
f 1558/1333/2252 1561/1339/2256 1551/1321/2253 
s 1727
f 1553/1340/2258 1551/1321/2253 1561/1339/2256 
s 1728
f 1562/1320/2259 1563/1321/2259 1564/1322/2259 
s 1729
f 1565/1323/2260 1564/1322/2259 1563/1321/2259 
s 1730
f 1566/1317/2261 1567/1318/2261 1568/1319/2261 
s 1731
f 1569/1324/2261 1568/1319/2261 1567/1318/2261 
s 1732
f 1567/1316/2262 1570/1325/2263 1569/1326/2262 
s 1733
f 1571/1327/2263 1569/1326/2262 1570/1325/2263 
s 1734
f 1569/1328/2264 1571/1329/2264 1568/1330/2264 
s 1735
f 1572/1331/2264 1568/1330/2264 1571/1329/2264 
s 1736
f 1568/1330/2265 1572/1331/2265 1566/1314/2265 
s 1737
f 1573/1315/2265 1566/1314/2265 1572/1331/2265 
s 1738
f 1566/1314/2266 1573/1315/2266 1567/1316/2266 
s 1739
f 1570/1325/2266 1567/1316/2266 1573/1315/2266 
s 1740
f 1571/1332/2267 1570/1333/2267 1562/1334/2267 
s 1741
f 1563/1321/2268 1562/1334/2267 1570/1333/2267 
s 1742
f 1572/1335/2269 1571/1336/2269 1564/1337/2270 
s 1743
f 1562/1338/2269 1564/1337/2270 1571/1336/2269 
s 1744
f 1573/1339/2271 1572/1335/2272 1565/1340/2273 
s 1745
f 1564/1337/2270 1565/1340/2273 1572/1335/2272 
s 1746
f 1570/1333/2274 1573/1339/2271 1563/1321/2268 
s 1747
f 1565/1340/2273 1563/1321/2268 1573/1339/2271 
s 1748
f 1574/1320/2275 1575/1321/2275 1576/1322/2275 
s 1749
f 1577/1323/2275 1576/1322/2275 1575/1321/2275 
s 1750
f 1578/1317/2276 1579/1318/2276 1580/1319/2276 
s 1751
f 1581/1324/2276 1580/1319/2276 1579/1318/2276 
s 1752
f 1579/1316/2277 1582/1325/2277 1581/1326/2277 
s 1753
f 1583/1327/2277 1581/1326/2277 1582/1325/2277 
s 1754
f 1581/1328/2278 1583/1329/2278 1580/1330/2278 
s 1755
f 1584/1331/2278 1580/1330/2278 1583/1329/2278 
s 1756
f 1580/1330/2279 1584/1331/2279 1578/1314/2279 
s 1757
f 1585/1315/2279 1578/1314/2279 1584/1331/2279 
s 1758
f 1578/1314/2280 1585/1315/2280 1579/1316/2280 
s 1759
f 1582/1325/2280 1579/1316/2280 1585/1315/2280 
s 1760
f 1583/1332/2281 1582/1333/2281 1574/1334/2281 
s 1761
f 1575/1321/2282 1574/1334/2281 1582/1333/2281 
s 1762
f 1584/1335/2283 1583/1336/2283 1576/1337/2284 
s 1763
f 1574/1338/2283 1576/1337/2284 1583/1336/2283 
s 1764
f 1585/1339/2285 1584/1335/2286 1577/1340/2287 
s 1765
f 1576/1337/2284 1577/1340/2287 1584/1335/2286 
s 1766
f 1582/1333/2288 1585/1339/2285 1575/1321/2282 
s 1767
f 1577/1340/2287 1575/1321/2282 1585/1339/2285 
s 1768
f 1586/1320/2289 1587/1321/2289 1588/1322/2289 
s 1769
f 1589/1323/2289 1588/1322/2289 1587/1321/2289 
s 1770
f 1590/1317/2290 1591/1318/2290 1592/1319/2290 
s 1771
f 1593/1324/2290 1592/1319/2290 1591/1318/2290 
s 1772
f 1591/1316/2291 1594/1325/2292 1593/1326/2291 
s 1773
f 1595/1327/2291 1593/1326/2291 1594/1325/2291 
s 1774
f 1593/1328/2293 1595/1329/2293 1592/1330/2294 
s 1775
f 1596/1331/2293 1592/1330/2294 1595/1329/2293 
s 1776
f 1592/1330/2294 1596/1331/2295 1590/1314/2295 
s 1777
f 1597/1315/2295 1590/1314/2295 1596/1331/2295 
s 1778
f 1590/1314/2296 1597/1315/2296 1591/1316/2296 
s 1779
f 1594/1325/2292 1591/1316/2296 1597/1315/2296 
s 1780
f 1595/1332/2297 1594/1333/2297 1586/1334/2297 
s 1781
f 1587/1321/2298 1586/1334/2297 1594/1333/2297 
s 1782
f 1596/1335/2299 1595/1336/2299 1588/1337/2300 
s 1783
f 1586/1338/2299 1588/1337/2300 1595/1336/2299 
s 1784
f 1597/1339/2301 1596/1335/2302 1589/1340/2303 
s 1785
f 1588/1337/2300 1589/1340/2303 1596/1335/2302 
s 1786
f 1594/1333/2304 1597/1339/2301 1587/1321/2298 
s 1787
f 1589/1340/2303 1587/1321/2298 1597/1339/2301 
s 1788
f 1598/1320/2305 1599/1321/2305 1600/1322/2305 
s 1789
f 1601/1323/2305 1600/1322/2305 1599/1321/2305 
s 1790
f 1602/1317/2306 1603/1318/2306 1604/1319/2306 
s 1791
f 1605/1324/2306 1604/1319/2306 1603/1318/2306 
s 1792
f 1603/1316/2307 1606/1325/2307 1605/1326/2307 
s 1793
f 1607/1327/2307 1605/1326/2307 1606/1325/2307 
s 1794
f 1605/1328/2308 1607/1329/2308 1604/1330/2308 
s 1795
f 1608/1331/2308 1604/1330/2308 1607/1329/2308 
s 1796
f 1604/1330/2309 1608/1331/2309 1602/1314/2309 
s 1797
f 1609/1315/2309 1602/1314/2309 1608/1331/2309 
s 1798
f 1602/1314/2310 1609/1315/2310 1603/1316/2310 
s 1799
f 1606/1325/2310 1603/1316/2310 1609/1315/2310 
s 1800
f 1607/1332/2311 1606/1333/2311 1598/1334/2311 
s 1801
f 1599/1321/2312 1598/1334/2311 1606/1333/2311 
s 1802
f 1608/1335/2313 1607/1336/2313 1600/1337/2314 
s 1803
f 1598/1338/2313 1600/1337/2314 1607/1336/2313 
s 1804
f 1609/1339/2315 1608/1335/2316 1601/1340/2317 
s 1805
f 1600/1337/2314 1601/1340/2317 1608/1335/2316 
s 1806
f 1606/1333/2318 1609/1339/2315 1599/1321/2312 
s 1807
f 1601/1340/2317 1599/1321/2312 1609/1339/2315 
s 1808
f 1610/1320/2319 1611/1321/2319 1612/1322/2319 
s 1809
f 1613/1323/2319 1612/1322/2319 1611/1321/2319 
s 1810
f 1614/1317/2320 1615/1318/2320 1616/1319/2320 
s 1811
f 1617/1324/2320 1616/1319/2320 1615/1318/2320 
s 1812
f 1615/1316/2321 1618/1325/2321 1617/1326/2321 
s 1813
f 1619/1327/2322 1617/1326/2321 1618/1325/2321 
s 1814
f 1617/1328/2323 1619/1329/2324 1616/1330/2323 
s 1815
f 1620/1331/2324 1616/1330/2323 1619/1329/2324 
s 1816
f 1616/1330/2325 1620/1331/2325 1614/1314/2325 
s 1817
f 1621/1315/2325 1614/1314/2325 1620/1331/2325 
s 1818
f 1614/1314/2326 1621/1315/2327 1615/1316/2326 
s 1819
f 1618/1325/2327 1615/1316/2326 1621/1315/2327 
s 1820
f 1619/1332/2328 1618/1333/2328 1610/1334/2328 
s 1821
f 1611/1321/2329 1610/1334/2328 1618/1333/2328 
s 1822
f 1620/1335/2330 1619/1336/2330 1612/1337/2331 
s 1823
f 1610/1338/2330 1612/1337/2331 1619/1336/2330 
s 1824
f 1621/1339/2332 1620/1335/2333 1613/1340/2334 
s 1825
f 1612/1337/2331 1613/1340/2334 1620/1335/2333 
s 1826
f 1618/1333/2335 1621/1339/2332 1611/1321/2329 
s 1827
f 1613/1340/2334 1611/1321/2329 1621/1339/2332 
s 1828
f 1622/1320/2336 1623/1321/2336 1624/1322/2336 
s 1829
f 1625/1323/2336 1624/1322/2336 1623/1321/2336 
s 1830
f 1626/1317/2337 1627/1318/2337 1628/1319/2337 
s 1831
f 1629/1324/2337 1628/1319/2337 1627/1318/2337 
s 1832
f 1627/1316/2338 1630/1325/2338 1629/1326/2338 
s 1833
f 1631/1327/2338 1629/1326/2338 1630/1325/2338 
s 1834
f 1629/1328/2339 1631/1329/2339 1628/1330/2339 
s 1835
f 1632/1331/2339 1628/1330/2339 1631/1329/2339 
s 1836
f 1628/1330/2340 1632/1331/2340 1626/1314/2340 
s 1837
f 1633/1315/2340 1626/1314/2340 1632/1331/2340 
s 1838
f 1626/1314/2341 1633/1315/2341 1627/1316/2341 
s 1839
f 1630/1325/2341 1627/1316/2341 1633/1315/2341 
s 1840
f 1631/1332/2342 1630/1333/2342 1622/1334/2342 
s 1841
f 1623/1321/2343 1622/1334/2342 1630/1333/2342 
s 1842
f 1632/1335/2344 1631/1336/2344 1624/1337/2345 
s 1843
f 1622/1338/2344 1624/1337/2345 1631/1336/2344 
s 1844
f 1633/1339/2346 1632/1335/2347 1625/1340/2348 
s 1845
f 1624/1337/2345 1625/1340/2348 1632/1335/2347 
s 1846
f 1630/1333/2349 1633/1339/2346 1623/1321/2343 
s 1847
f 1625/1340/2348 1623/1321/2343 1633/1339/2346 
s 1848
f 1146/978/2350 1144/976/2350 1145/977/2350 
s 1849
f 1634/1341/2351 1635/1342/2352 1636/1343/2353 
s 1850
f 1637/1344/2354 1635/1342/2352 1634/1341/2351 
s 1851
f 1638/1345/2355 1639/1346/2356 1640/1347/2357 
s 1852
f 1636/1343/2353 1640/1347/2357 1639/1346/2356 
s 1853
f 1641/1348/2358 1638/1345/2355 1642/1349/2359 
s 1854
f 1640/1347/2357 1643/1350/2360 1638/1345/2355 
s 1855
f 1641/1348/2358 1642/1349/2359 1644/1351/2361 
s 1856
f 1643/1350/2360 1645/1352/2362 1642/1349/2359 
s 1857
f 1646/1353/2363 1647/1354/2364 1648/1355/2365 
s 1858
f 1647/1354/2366 1646/1353/2363 1649/1356/2367 
s 1859
f 1650/1357/2368 1648/1355/2365 1651/1358/2369 
s 1860
f 1648/1355/2365 1650/1357/2368 1646/1353/2363 
s 1861
f 1637/1344/2354 1651/1358/2369 1635/1342/2352 
s 1862
f 1651/1358/2369 1637/1344/2354 1650/1357/2368 
s 1863
f 1652/1359/2370 1634/1341/2351 1653/1360/2371 
s 1864
f 1634/1341/2351 1652/1359/2370 1637/1344/2354 
s 1865
f 1654/1361/2372 1639/1346/2356 1638/1345/2355 
s 1866
f 1639/1346/2356 1654/1361/2372 1653/1360/2371 
s 1867
f 1638/1345/2355 1643/1350/2360 1642/1349/2359 
s 1868
f 1638/1345/2355 1641/1348/2358 1654/1361/2372 
s 1869
f 1645/1352/2362 1644/1351/2361 1642/1349/2359 
s 1870
f 1655/1362/2373 1649/1356/2367 1646/1353/2363 
s 1871
f 1656/1363/2374 1646/1353/2363 1650/1357/2368 
s 1872
f 1650/1357/2368 1657/1364/2375 1656/1363/2374 
s 1873
f 1652/1359/2370 1650/1357/2368 1637/1344/2354 
s 1874
f 1650/1357/2368 1652/1359/2370 1657/1364/2375 
s 1875
f 1644/1351/2361 1645/1352/2362 1655/1365/2376 
s 1876
f 1649/1366/2377 1655/1365/2376 1645/1352/2362 
s 1877
f 1646/1353/2363 1656/1363/2374 1655/1362/2373 
s 1878
f 1645/1352/2362 1647/1367/2378 1649/1366/2377 
s 1879
f 1653/1360/2371 1634/1341/2351 1639/1346/2356 
s 1880
f 1639/1346/2356 1634/1341/2351 1636/1343/2353 
s 1881
f 1635/1342/2352 1658/1368/2379 1659/1369/2380 
s 1882
f 1636/1343/2353 1659/1369/2380 1660/1370/2381 
s 1883
f 1660/1370/2381 1659/1369/2380 1661/1371/2382 
s 1884
f 1659/1369/2380 1662/1372/2383 1661/1371/2382 
s 1885
f 1661/1371/2382 1662/1372/2383 1663/1373/2384 
s 1886
f 1664/1374/2385 1658/1368/2379 1651/1358/2369 
s 1887
f 1665/1375/2386 1658/1368/2379 1664/1374/2385 
s 1888
f 1666/1376/2387 1667/1377/2388 1643/1350/2360 
s 1889
f 1663/1373/2384 1666/1376/2387 1643/1350/2360 
s 1890
f 1661/1371/2382 1640/1347/2357 1660/1370/2381 
s 1891
f 1661/1371/2382 1643/1350/2360 1640/1347/2357 
s 1892
f 1660/1370/2381 1640/1347/2357 1636/1343/2353 
s 1893
f 1636/1343/2353 1635/1342/2352 1659/1369/2380 
s 1894
f 1645/1352/2362 1667/1377/2389 1668/1378/2389 
s 1895
f 1647/1354/2390 1668/1379/2391 1669/1380/2392 
s 1896
f 1648/1355/2365 1647/1354/2366 1670/1381/2393 
s 1897
f 1651/1358/2369 1648/1355/2365 1664/1374/2385 
s 1898
f 1648/1355/2365 1670/1381/2393 1664/1374/2385 
s 1899
f 1664/1374/2385 1671/1382/2394 1665/1375/2386 
s 1900
f 1635/1342/2352 1651/1358/2369 1658/1368/2379 
s 1901
f 1669/1380/2392 1671/1382/2394 1670/1381/2393 
s 1902
f 1652/1359/2370 1672/1383/2395 1657/1364/2375 
s 1903
f 1673/1384/2396 1657/1364/2375 1672/1383/2395 
s 1904
f 1672/1383/2395 1674/1385/2397 1673/1384/2396 
s 1905
f 1675/1386/2398 1673/1384/2396 1674/1385/2397 
s 1906
f 1653/1360/2371 1676/1387/2399 1652/1359/2370 
s 1907
f 1672/1383/2395 1652/1359/2370 1676/1387/2399 
s 1908
f 1672/1383/2395 1676/1387/2399 1674/1385/2397 
s 1909
f 1677/1388/2400 1674/1385/2397 1676/1387/2399 
s 1910
f 1654/1361/2372 1678/1389/2401 1653/1360/2371 
s 1911
f 1676/1387/2399 1653/1360/2371 1678/1389/2401 
s 1912
f 1678/1389/2401 1679/1390/2402 1676/1387/2399 
s 1913
f 1677/1388/2403 1676/1387/2399 1679/1390/2402 
s 1914
f 1641/1348/2358 1680/1391/2404 1654/1361/2372 
s 1915
f 1678/1389/2401 1654/1361/2372 1680/1391/2405 
s 1916
f 1680/1391/2406 1681/1392/2407 1678/1389/2401 
s 1917
f 1679/1390/2402 1678/1389/2401 1681/1392/2407 
s 1918
f 1682/1393/2408 1683/1394/2409 1680/1391/2406 
s 1919
f 1681/1392/2407 1680/1391/2406 1683/1394/2409 
s 1920
f 1644/1351/2361 1682/1393/2410 1641/1348/2358 
s 1921
f 1680/1391/2404 1641/1348/2358 1682/1393/2410 
s 1922
f 1655/1365/2376 1684/1395/2411 1644/1351/2361 
s 1923
f 1682/1393/2412 1644/1351/2361 1684/1395/2411 
s 1924
f 1682/1393/2413 1684/1395/2411 1683/1394/2409 
s 1925
f 1685/1396/2414 1683/1394/2414 1684/1395/2411 
s 1926
f 1656/1363/2374 1686/1397/2415 1655/1362/2373 
s 1927
f 1684/1398/2416 1655/1362/2373 1686/1397/2415 
s 1928
f 1686/1397/2415 1687/1399/2417 1684/1398/2416 
s 1929
f 1685/1400/2418 1684/1398/2416 1687/1399/2417 
s 1930
f 1657/1364/2375 1673/1384/2396 1656/1363/2374 
s 1931
f 1686/1397/2415 1656/1363/2374 1673/1384/2396 
s 1932
f 1673/1384/2396 1675/1386/2398 1686/1397/2415 
s 1933
f 1687/1399/2417 1686/1397/2415 1675/1386/2398 
s 1934
f 1643/1350/2360 1667/1377/2388 1645/1352/2362 
s 1935
f 1661/1371/2382 1663/1373/2384 1643/1350/2360 
s 1936
f 1647/1367/2378 1645/1352/2362 1668/1378/2419 
s 1937
f 1670/1381/2393 1647/1354/2390 1669/1380/2392 
s 1938
f 1664/1374/2385 1670/1381/2393 1671/1382/2394 
s 1939
f 1688/1401/2420 1689/1402/2421 1690/1403/2422 
s 1940
f 1688/1401/2420 1691/1404/2423 1689/1402/2421 
s 1941
f 1692/1405/2424 1693/1406/2425 1694/1407/2426 
s 1942
f 1694/1407/2426 1690/1403/2422 1692/1405/2424 
s 1943
f 1693/1406/2425 1695/1408/2427 1696/1409/2428 
s 1944
f 1697/1410/2429 1694/1407/2426 1693/1406/2425 
s 1945
f 1696/1409/2428 1698/1411/2430 1699/1412/2431 
s 1946
f 1699/1412/2431 1697/1410/2429 1696/1409/2428 
s 1947
f 1700/1413/2432 1701/1414/2433 1702/1415/2434 
s 1948
f 1701/1414/2433 1700/1413/2435 1703/1416/2436 
s 1949
f 1702/1415/2434 1704/1417/2437 1705/1418/2438 
s 1950
f 1704/1417/2437 1702/1415/2434 1701/1414/2433 
s 1951
f 1705/1418/2438 1691/1404/2423 1688/1401/2420 
s 1952
f 1691/1404/2423 1705/1418/2438 1704/1417/2437 
s 1953
f 1689/1402/2421 1706/1419/2439 1707/1420/2440 
s 1954
f 1706/1419/2439 1689/1402/2421 1691/1404/2423 
s 1955
f 1692/1405/2424 1708/1421/2441 1693/1406/2425 
s 1956
f 1708/1421/2441 1692/1405/2424 1707/1420/2440 
s 1957
f 1697/1410/2429 1693/1406/2425 1696/1409/2428 
s 1958
f 1695/1408/2427 1693/1406/2425 1708/1421/2441 
s 1959
f 1698/1411/2430 1696/1409/2428 1695/1408/2427 
s 1960
f 1703/1416/2436 1709/1422/2442 1701/1414/2433 
s 1961
f 1701/1414/2433 1710/1423/2443 1704/1417/2437 
s 1962
f 1711/1424/2444 1704/1417/2437 1710/1423/2443 
s 1963
f 1704/1417/2437 1706/1419/2439 1691/1404/2423 
s 1964
f 1706/1419/2439 1704/1417/2437 1711/1424/2444 
s 1965
f 1699/1412/2431 1698/1411/2430 1709/1425/2445 
s 1966
f 1709/1425/2445 1703/1426/2446 1699/1412/2431 
s 1967
f 1710/1423/2443 1701/1414/2433 1709/1422/2442 
s 1968
f 1700/1427/2447 1699/1412/2431 1703/1426/2446 
s 1969
f 1689/1402/2421 1707/1420/2440 1692/1405/2424 
s 1970
f 1689/1402/2421 1692/1405/2424 1690/1403/2422 
s 1971
f 1712/1428/2448 1688/1401/2420 1713/1429/2449 
s 1972
f 1713/1429/2449 1690/1403/2422 1714/1430/2450 
s 1973
f 1713/1429/2449 1715/1431/2451 1662/1432/2452 
s 1974
f 1713/1429/2449 1714/1430/2450 1715/1431/2451 
s 1975
f 1662/1432/2452 1715/1431/2451 1663/1433/2453 
s 1976
f 1665/1434/2454 1716/1435/2455 1712/1428/2448 
s 1977
f 1712/1428/2448 1716/1435/2455 1705/1418/2438 
s 1978
f 1667/1436/2456 1666/1437/2457 1697/1410/2429 
s 1979
f 1666/1437/2457 1663/1433/2453 1697/1410/2429 
s 1980
f 1694/1407/2426 1715/1431/2451 1714/1430/2450 
s 1981
f 1697/1410/2429 1715/1431/2451 1694/1407/2426 
s 1982
f 1694/1407/2426 1714/1430/2450 1690/1403/2422 
s 1983
f 1688/1401/2420 1690/1403/2422 1713/1429/2449 
s 1984
f 1667/1436/2458 1699/1412/2431 1668/1438/2458 
s 1985
f 1668/1439/2459 1700/1413/2459 1669/1440/2460 
s 1986
f 1700/1413/2435 1702/1415/2434 1717/1441/2461 
s 1987
f 1702/1415/2434 1705/1418/2438 1716/1435/2455 
s 1988
f 1717/1441/2461 1702/1415/2434 1716/1435/2455 
s 1989
f 1671/1442/2462 1716/1435/2455 1665/1434/2454 
s 1990
f 1705/1418/2438 1688/1401/2420 1712/1428/2448 
s 1991
f 1671/1442/2462 1669/1440/2460 1717/1441/2461 
s 1992
f 1706/1419/2439 1711/1424/2444 1718/1443/2463 
s 1993
f 1719/1444/2464 1718/1443/2463 1711/1424/2444 
s 1994
f 1718/1443/2463 1719/1444/2464 1720/1445/2465 
s 1995
f 1721/1446/2466 1720/1445/2465 1719/1444/2464 
s 1996
f 1707/1420/2440 1706/1419/2439 1722/1447/2467 
s 1997
f 1718/1443/2463 1722/1447/2467 1706/1419/2439 
s 1998
f 1723/1448/2468 1722/1447/2467 1720/1445/2465 
s 1999
f 1718/1443/2463 1720/1445/2465 1722/1447/2467 
s 2000
f 1708/1421/2441 1707/1420/2440 1724/1449/2469 
s 2001
f 1722/1447/2467 1724/1449/2469 1707/1420/2440 
s 2002
f 1724/1449/2469 1722/1447/2467 1725/1450/2470 
s 2003
f 1723/1448/2471 1725/1450/2470 1722/1447/2467 
s 2004
f 1695/1408/2427 1708/1421/2441 1726/1451/2472 
s 2005
f 1724/1449/2469 1726/1451/2473 1708/1421/2441 
s 2006
f 1726/1451/2474 1724/1449/2469 1727/1452/2475 
s 2007
f 1725/1450/2470 1727/1452/2475 1724/1449/2469 
s 2008
f 1728/1453/2476 1726/1451/2474 1729/1454/2477 
s 2009
f 1727/1452/2475 1729/1454/2477 1726/1451/2474 
s 2010
f 1698/1411/2430 1695/1408/2427 1728/1453/2478 
s 2011
f 1726/1451/2472 1728/1453/2478 1695/1408/2427 
s 2012
f 1709/1425/2445 1698/1411/2430 1730/1455/2479 
s 2013
f 1728/1453/2480 1730/1455/2479 1698/1411/2430 
s 2014
f 1731/1456/2481 1730/1455/2479 1729/1454/2481 
s 2015
f 1728/1453/2482 1729/1454/2477 1730/1455/2479 
s 2016
f 1710/1423/2443 1709/1422/2442 1732/1457/2483 
s 2017
f 1730/1458/2484 1732/1457/2483 1709/1422/2442 
s 2018
f 1732/1457/2483 1730/1458/2484 1733/1459/2485 
s 2019
f 1731/1460/2486 1733/1459/2485 1730/1458/2484 
s 2020
f 1711/1424/2444 1710/1423/2443 1719/1444/2464 
s 2021
f 1732/1457/2483 1719/1444/2464 1710/1423/2443 
s 2022
f 1719/1444/2464 1732/1457/2483 1721/1446/2466 
s 2023
f 1733/1459/2485 1721/1446/2466 1732/1457/2483 
s 2024
f 1667/1436/2456 1697/1410/2429 1699/1412/2431 
s 2025
f 1663/1433/2453 1715/1431/2451 1697/1410/2429 
s 2026
f 1699/1412/2431 1700/1427/2487 1668/1438/2487 
s 2027
f 1700/1413/2488 1717/1441/2461 1669/1440/2460 
s 2028
f 1717/1441/2461 1716/1435/2455 1671/1442/2462 
s 2029
f 1734/1461/2489 1735/1462/2490 1736/1463/2491 
s 2030
f 1737/1464/2492 1736/1463/2491 1735/1462/2490 
s 2031
f 1734/1465/2493 1736/1463/2491 1738/1466/2494 
s 2032
f 1739/1467/2495 1738/1466/2494 1736/1463/2491 
s 2033
f 1735/1468/2496 1740/1469/2497 1737/1464/2492 
s 2034
f 1741/1470/2498 1737/1464/2492 1740/1469/2497 
s 2035
f 1740/1469/2497 1742/1471/2499 1741/1470/2499 
s 2036
f 1743/1472/2500 1741/1470/2498 1742/1471/2501 
s 2037
f 1742/1473/2502 1744/1474/2503 1743/1472/2500 
s 2038
f 1745/1475/2504 1743/1472/2500 1744/1474/2503 
s 2039
f 1744/1476/2505 1746/1477/2506 1745/1475/2504 
s 2040
f 1747/1478/2507 1745/1475/2507 1746/1477/2506 
s 2041
f 1746/1477/2506 1748/1479/2508 1747/1478/2509 
s 2042
f 1749/1480/2510 1747/1478/2511 1748/1479/2508 
s 2043
f 1748/1481/2512 1750/1482/2513 1749/1480/2510 
s 2044
f 1751/1483/2514 1749/1480/2510 1750/1482/2513 
s 2045
f 1750/1484/2515 1752/1485/2516 1751/1483/2514 
s 2046
f 1753/1486/2517 1751/1483/2517 1752/1485/2516 
s 2047
f 1752/1485/2516 1754/1487/2518 1753/1486/2519 
s 2048
f 1755/1488/2520 1753/1486/2520 1754/1487/2518 
s 2049
f 1756/1489/2521 1755/1488/2522 1754/1487/2518 
s 2050
f 1757/1490/2523 1756/1489/2524 1758/1491/2525 
s 2051
f 1759/1492/2526 1757/1490/2523 1758/1491/2525 
s 2052
f 1760/1493/2527 1759/1492/2527 1761/1494/2527 
s 2053
f 1762/1495/2528 1760/1493/2529 1761/1494/2528 
s 2054
f 1763/1496/2530 1764/1497/2530 1765/1498/2530 
s 2055
f 1739/1467/2531 1763/1496/2532 1738/1466/2494 
s 2056
f 1763/1496/2532 1739/1467/2531 1764/1497/2533 
s 2057
f 1755/1488/2522 1747/1478/2509 1753/1486/2534 
s 2058
f 1736/1463/2491 1741/1470/2498 1739/1467/2531 
s 2059
f 1737/1464/2492 1741/1470/2498 1736/1463/2491 
s 2060
f 1741/1470/2498 1747/1478/2535 1739/1467/2531 
s 2061
f 1755/1488/2522 1739/1467/2536 1747/1478/2535 
s 2062
f 1762/1495/2537 1764/1497/2533 1760/1493/2529 
s 2063
f 1757/1490/2538 1759/1492/2538 1755/1488/2538 
s 2064
f 1760/1493/2529 1755/1488/2522 1759/1492/2526 
s 2065
f 1756/1489/2539 1757/1490/2523 1755/1488/2522 
s 2066
f 1760/1493/2529 1764/1497/2533 1755/1488/2522 
s 2067
f 1739/1467/2536 1755/1488/2540 1764/1497/2533 
s 2068
f 1743/1472/2500 1745/1475/2541 1741/1470/2542 
s 2069
f 1747/1478/2543 1741/1470/2542 1745/1475/2541 
s 2070
f 1749/1480/2510 1751/1483/2544 1747/1478/2509 
s 2071
f 1753/1486/2545 1747/1478/2509 1751/1483/2544 
s 2072
f 1762/1495/2546 1765/1498/2546 1764/1497/2533 
s 2073
f 1766/1499/2547 1767/1500/2548 1768/1501/2549 
s 2074
f 1766/1499/2547 1768/1501/2549 1769/1502/2550 
s 2075
f 1769/1502/2550 1770/1503/2551 1766/1499/2547 
s 2076
f 1771/1504/2552 1769/1505/2553 1772/1506/2554 
s 2077
f 1769/1505/2553 1771/1504/2555 1770/1507/2555 
s 2078
f 1772/1506/2554 1773/1508/2556 1771/1504/2552 
s 2079
f 1774/1509/2557 1767/1500/2548 1766/1499/2547 
s 2080
f 1766/1510/2558 1775/1511/2559 1774/1512/2559 
s 2081
f 1775/1511/2559 1766/1510/2558 1771/1513/2559 
s 2082
f 1770/1514/2560 1771/1513/2559 1766/1510/2558 
s 2083
f 1771/1504/2552 1773/1508/2556 1775/1515/2561 
s 2084
f 1776/1516/2562 1767/1500/2548 1774/1509/2557 
s 2085
f 1767/1500/2548 1776/1516/2562 1777/1517/2563 
s 2086
f 1767/1518/2564 1777/1519/2565 1778/1520/2566 
s 2087
f 1779/1521/2558 1776/1522/2559 1775/1511/2559 
s 2088
f 1774/1512/2559 1775/1511/2559 1776/1522/2559 
s 2089
f 1780/1523/2567 1779/1524/2568 1773/1508/2556 
s 2090
f 1775/1515/2561 1773/1508/2556 1779/1524/2568 
s 2091
f 1781/1525/2569 1780/1526/2570 1782/1527/2571 
s 2092
f 1773/1528/2572 1783/1529/2573 1780/1530/2574 
s 2093
f 1784/1531/2575 1785/1532/2576 1780/1530/2574 
s 2094
f 1778/1520/2566 1777/1519/2577 1786/1533/2578 
s 2095
f 1777/1534/2579 1787/1535/2580 1782/1527/2571 
s 2096
f 1788/1536/2581 1787/1535/2582 1776/1516/2562 
s 2097
f 1777/1517/2583 1776/1516/2562 1787/1535/2582 
s 2098
f 1789/1537/2558 1788/1538/2559 1776/1522/2559 
s 2099
f 1790/1539/2584 1789/1537/2558 1779/1521/2558 
s 2100
f 1776/1522/2559 1779/1521/2558 1789/1537/2558 
s 2101
f 1781/1540/2585 1779/1524/2568 1780/1523/2567 
s 2102
f 1779/1524/2568 1781/1540/2585 1790/1541/2586 
s 2103
f 1780/1526/2570 1785/1542/2587 1782/1527/2571 
s 2104
f 1782/1527/2571 1791/1543/2588 1781/1525/2569 
s 2105
f 1782/1527/2571 1785/1542/2587 1777/1534/2579 
s 2106
f 1782/1527/2571 1787/1535/2580 1791/1543/2588 
s 2107
f 1781/1540/2585 1789/1544/2589 1790/1541/2586 
s 2108
f 1781/1540/2585 1791/1545/2590 1789/1544/2589 
s 2109
f 1789/1546/2591 1791/1543/2588 1787/1535/2580 
s 2110
f 1789/1546/2591 1787/1535/2580 1788/1536/2592 
s 2111
f 1768/1547/2593 1767/1518/2564 1792/1548/2594 
s 2112
f 1778/1520/2566 1792/1548/2594 1767/1518/2564 
s 2113
f 1792/1548/2594 1793/1549/2595 1768/1547/2593 
s 2114
f 1769/1550/2596 1768/1547/2593 1793/1549/2596 
s 2115
f 1794/1551/2597 1772/1552/2598 1793/1553/2599 
s 2116
f 1769/1554/2600 1793/1553/2600 1772/1552/2598 
s 2117
f 1773/1528/2572 1772/1552/2598 1783/1529/2573 
s 2118
f 1794/1551/2597 1783/1529/2573 1772/1552/2598 
s 2119
f 1687/1555/2601 1783/1529/2573 1685/1556/2602 
s 2120
f 1795/1557/2603 1792/1548/2594 1677/1558/2604 
s 2121
f 1778/1520/2566 1677/1558/2604 1792/1548/2594 
s 2122
f 1793/1549/2605 1792/1548/2594 1796/1559/2605 
s 2123
f 1795/1557/2606 1796/1559/2606 1792/1548/2594 
s 2124
f 1683/1560/2607 1794/1551/2597 1796/1561/2607 
s 2125
f 1793/1553/2608 1796/1561/2608 1794/1551/2597 
s 2126
f 1685/1556/2602 1783/1529/2573 1683/1560/2609 
s 2127
f 1794/1551/2597 1683/1560/2609 1783/1529/2573 
s 2128
f 1674/1562/2610 1677/1558/2604 1778/1520/2566 
s 2129
f 1687/1555/2601 1675/1563/2611 1784/1531/2575 
s 2130
f 1785/1532/2612 1784/1531/2575 1675/1563/2611 
s 2131
f 1778/1520/2566 1786/1533/2578 1674/1562/2610 
s 2132
f 1795/1564/2613 1677/1565/2614 1679/1566/2615 
s 2133
f 1679/1566/2615 1681/1567/2616 1795/1564/2613 
s 2134
f 1796/1568/2617 1795/1564/2618 1681/1567/2616 
s 2135
f 1681/1567/2616 1683/1569/2619 1796/1568/2617 
s 2136
f 1675/1570/2620 1674/1562/2610 1785/1571/2621 
s 2137
f 1786/1533/2578 1785/1571/2621 1674/1562/2610 
s 2138
f 1783/1529/2573 1687/1555/2601 1784/1531/2575 
s 2139
f 1785/1571/2622 1786/1533/2578 1777/1519/2622 
s 2140
f 1783/1529/2573 1784/1531/2575 1780/1530/2574 
s 2141
f 1797/1572/2623 1798/1573/2623 1799/1574/2623 
s 2142
f 1800/1575/2624 1798/1576/2624 1801/1577/2624 
s 2143
f 1800/1578/2625 1799/1579/2625 1798/1573/2625 
s 2144
f 1802/1516/2626 1803/1535/2627 1804/1536/2628 
s 2145
f 1797/1580/2629 1801/1581/2629 1798/1582/2629 
s 2146
f 1805/1578/2630 1806/1583/2630 1807/1577/2630 
s 2147
f 1808/1584/2631 1806/1576/2631 1809/1579/2631 
s 2148
f 1806/1573/2632 1805/1578/2632 1809/1579/2632 
s 2149
f 1806/1585/2633 1808/1586/2633 1807/1587/2633 
s 2150
f 1810/1584/2634 1811/1588/2634 1812/1574/2634 
s 2151
f 1813/1589/2635 1811/1590/2635 1814/1577/2635 
s 2152
f 1813/1578/2636 1812/1579/2636 1811/1573/2636 
s 2153
f 1810/1591/2637 1814/1592/2637 1811/1593/2637 
s 2154
f 1815/1584/2638 1816/1594/2638 1817/1579/2638 
s 2155
f 1818/1575/2639 1816/1588/2639 1819/1577/2639 
s 2156
f 1818/1578/2640 1817/1579/2640 1816/1573/2640 
s 2157
f 1815/1595/2641 1819/1596/2641 1816/1597/2641 
s 2158
f 1820/1584/2642 1821/1590/2642 1822/1574/2642 
s 2159
f 1823/1578/2643 1821/1573/2643 1824/1577/2643 
s 2160
f 1823/1578/2644 1822/1579/2644 1821/1573/2644 
s 2161
f 1820/1598/2645 1824/1599/2645 1821/1600/2645 
s 2162
f 1825/1572/2646 1826/1601/2646 1827/1574/2646 
s 2163
f 1828/1575/2647 1826/1590/2647 1829/1577/2647 
s 2164
f 1828/1578/2648 1827/1579/2648 1826/1573/2648 
s 2165
f 1825/1602/2649 1829/1603/2649 1826/1604/2649 
s 2166
f 1800/1605/2650 1801/1606/2651 1799/1607/2652 
s 2167
f 1797/1608/2653 1799/1607/2652 1801/1606/2651 
s 2168
f 1805/1579/2654 1807/1609/2655 1809/1607/2656 
s 2169
f 1808/1608/2657 1809/1607/2656 1807/1609/2655 
s 2170
f 1812/1607/2658 1813/1579/2659 1810/1608/2660 
s 2171
f 1814/1609/2661 1810/1608/2660 1813/1579/2659 
s 2172
f 1830/1610/2662 1831/1611/2663 1832/1612/2664 
s 2173
f 1819/1613/2665 1815/1608/2666 1818/1579/2667 
s 2174
f 1822/1607/2668 1823/1579/2669 1820/1608/2670 
s 2175
f 1824/1609/2671 1820/1608/2670 1823/1579/2669 
s 2176
f 1827/1607/2672 1828/1605/2673 1825/1614/2674 
s 2177
f 1829/1606/2675 1825/1614/2674 1828/1605/2673 
s 2178
f 1833/1501/2676 1834/1500/2677 1835/1499/2678 
s 2179
f 1836/1502/2679 1833/1501/2676 1835/1499/2678 
s 2180
f 1835/1499/2678 1837/1503/2680 1836/1502/2679 
s 2181
f 1838/1506/2681 1836/1505/2682 1839/1504/2683 
s 2182
f 1837/1507/2684 1839/1504/2684 1836/1505/2682 
s 2183
f 1839/1504/2683 1840/1508/2685 1838/1506/2681 
s 2184
f 1835/1499/2678 1834/1500/2677 1841/1509/2686 
s 2185
f 1841/1512/2687 1842/1511/2687 1835/1510/2687 
s 2186
f 1839/1513/2687 1835/1510/2687 1842/1511/2687 
s 2187
f 1835/1510/2687 1839/1513/2687 1837/1514/2688 
s 2188
f 1842/1515/2689 1840/1508/2685 1839/1504/2683 
s 2189
f 1841/1509/2686 1834/1500/2677 1802/1516/2626 
s 2190
f 1843/1517/2690 1802/1516/2626 1834/1500/2677 
s 2191
f 1844/1520/2691 1843/1519/2692 1834/1518/2693 
s 2192
f 1842/1511/2687 1802/1522/2687 1845/1521/2687 
s 2193
f 1802/1522/2687 1842/1511/2687 1841/1512/2687 
s 2194
f 1840/1508/2685 1845/1524/2694 1846/1523/2695 
s 2195
f 1845/1524/2694 1840/1508/2685 1842/1515/2689 
s 2196
f 1847/1527/2696 1846/1526/2697 1848/1525/2698 
s 2197
f 1846/1530/2699 1849/1529/2700 1840/1528/2701 
s 2198
f 1846/1530/2699 1850/1532/2702 1851/1531/2703 
s 2199
f 1852/1533/2704 1843/1519/2705 1844/1520/2691 
s 2200
f 1847/1527/2696 1803/1535/2706 1843/1534/2707 
s 2201
f 1853/1615/2708 1854/1601/2708 1855/1616/2708 
s 2202
f 1803/1535/2627 1802/1516/2626 1843/1517/2709 
s 2203
f 1802/1522/2687 1804/1538/2710 1856/1537/2687 
s 2204
f 1845/1521/2687 1856/1537/2687 1857/1539/2711 
s 2205
f 1856/1537/2687 1845/1521/2687 1802/1522/2687 
s 2206
f 1846/1523/2695 1845/1524/2694 1848/1540/2712 
s 2207
f 1857/1541/2713 1848/1540/2712 1845/1524/2694 
s 2208
f 1847/1527/2696 1850/1542/2714 1846/1526/2697 
s 2209
f 1848/1525/2698 1858/1543/2715 1847/1527/2696 
s 2210
f 1843/1534/2707 1850/1542/2714 1847/1527/2696 
s 2211
f 1858/1543/2715 1803/1535/2706 1847/1527/2696 
s 2212
f 1857/1541/2713 1856/1544/2716 1848/1540/2712 
s 2213
f 1856/1544/2716 1858/1545/2717 1848/1540/2712 
s 2214
f 1803/1535/2706 1858/1543/2715 1856/1546/2718 
s 2215
f 1804/1536/2719 1803/1535/2706 1856/1546/2718 
s 2216
f 1844/1520/2691 1834/1518/2693 1859/1548/2720 
s 2217
f 1833/1547/2721 1859/1548/2720 1834/1518/2693 
s 2218
f 1836/1550/2722 1860/1549/2723 1833/1547/2721 
s 2219
f 1859/1548/2720 1833/1547/2721 1860/1549/2724 
s 2220
f 1836/1554/2725 1838/1552/2726 1860/1553/2727 
s 2221
f 1861/1551/2728 1860/1553/2727 1838/1552/2726 
s 2222
f 1861/1551/2728 1838/1552/2726 1849/1529/2700 
s 2223
f 1840/1528/2701 1849/1529/2700 1838/1552/2726 
s 2224
f 1731/1556/2729 1849/1529/2700 1733/1555/2730 
s 2225
f 1844/1520/2691 1859/1548/2720 1723/1558/2731 
s 2226
f 1862/1557/2732 1723/1558/2731 1859/1548/2720 
s 2227
f 1862/1557/2732 1859/1548/2720 1863/1559/2733 
s 2228
f 1860/1549/2723 1863/1559/2734 1859/1548/2720 
s 2229
f 1817/1607/2735 1818/1579/2667 1815/1608/2666 
s 2230
f 1729/1560/2736 1863/1561/2737 1861/1551/2728 
s 2231
f 1861/1551/2728 1849/1529/2700 1729/1560/2736 
s 2232
f 1731/1556/2729 1729/1560/2736 1849/1529/2700 
s 2233
f 1844/1520/2691 1723/1558/2731 1720/1562/2738 
s 2234
f 1850/1532/2702 1721/1563/2739 1851/1531/2703 
s 2235
f 1733/1555/2730 1851/1531/2703 1721/1563/2739 
s 2236
f 1720/1562/2738 1852/1533/2704 1844/1520/2691 
s 2237
f 1725/1617/2740 1723/1618/2741 1862/1619/2742 
s 2238
f 1863/1620/2743 1727/1621/2744 1862/1619/2742 
s 2239
f 1725/1617/2740 1862/1619/2742 1727/1621/2744 
s 2240
f 1863/1620/2743 1729/1622/2745 1727/1621/2744 
s 2241
f 1852/1533/2704 1720/1562/2738 1850/1571/2746 
s 2242
f 1721/1570/2747 1850/1571/2746 1720/1562/2738 
s 2243
f 1851/1531/2703 1733/1555/2730 1849/1529/2700 
s 2244
f 1843/1519/2748 1852/1533/2704 1850/1571/2746 
s 2245
f 1846/1530/2699 1851/1531/2703 1849/1529/2700 
s 2246
f 1864/1579/2749 1865/1623/2749 1866/1584/2749 
s 2247
f 1867/1624/2750 1865/1573/2750 1868/1625/2750 
s 2248
f 1865/1623/2751 1864/1615/2751 1868/1625/2751 
s 2249
f 1865/1626/2752 1867/1627/2752 1866/1628/2752 
s 2250
f 1869/1629/2753 1870/1576/2753 1871/1630/2753 
s 2251
f 1872/1615/2754 1870/1588/2754 1873/1616/2754 
s 2252
f 1872/1615/2755 1871/1625/2755 1870/1588/2755 
s 2253
f 1869/1631/2756 1873/1632/2756 1870/1633/2756 
s 2254
f 1874/1579/2757 1875/1590/2757 1876/1634/2757 
s 2255
f 1877/1624/2758 1875/1594/2758 1878/1578/2758 
s 2256
f 1875/1588/2759 1874/1615/2759 1878/1625/2759 
s 2257
f 1875/1635/2760 1877/1636/2760 1876/1637/2760 
s 2258
f 1832/1612/2664 1879/1638/2761 1880/1639/2762 
s 2259
f 1881/1624/2763 1854/1590/2763 1882/1640/2763 
s 2260
f 1854/1588/2764 1853/1615/2764 1882/1625/2764 
s 2261
f 1854/1641/2765 1881/1642/2765 1855/1643/2765 
s 2262
f 1883/1579/2766 1884/1594/2766 1885/1616/2766 
s 2263
f 1886/1624/2767 1884/1588/2767 1887/1625/2767 
s 2264
f 1884/1588/2768 1883/1615/2768 1887/1625/2768 
s 2265
f 1884/1644/2769 1886/1645/2769 1885/1646/2769 
s 2266
f 1888/1647/2770 1889/1648/2770 1890/1616/2770 
s 2267
f 1891/1624/2771 1889/1594/2771 1892/1625/2771 
s 2268
f 1889/1588/2772 1888/1615/2772 1892/1625/2772 
s 2269
f 1889/1649/2773 1891/1650/2773 1890/1651/2773 
s 2270
f 1866/1652/2774 1867/1653/2775 1864/1654/2776 
s 2271
f 1868/1615/2777 1864/1654/2776 1867/1653/2775 
s 2272
f 1873/1655/2778 1869/1656/2779 1872/1654/2780 
s 2273
f 1871/1615/2781 1872/1654/2780 1869/1656/2779 
s 2274
f 1877/1656/2782 1878/1615/2783 1876/1652/2784 
s 2275
f 1874/1654/2785 1876/1652/2784 1878/1615/2783 
s 2276
f 1881/1657/2786 1882/1615/2787 1855/1652/2788 
s 2277
f 1853/1654/2789 1855/1652/2788 1882/1615/2787 
s 2278
f 1886/1657/2790 1887/1615/2791 1885/1652/2792 
s 2279
f 1883/1654/2793 1885/1652/2792 1887/1615/2791 
s 2280
f 1891/1656/2794 1892/1615/2795 1890/1652/2796 
s 2281
f 1888/1654/2797 1890/1652/2796 1892/1615/2795 
s 2282
f 1893/1320/2798 1894/1321/2798 1895/1322/2798 
s 2283
f 1896/1323/2798 1895/1322/2798 1894/1321/2798 
s 2284
f 1897/1317/2799 1898/1318/2799 1899/1319/2799 
s 2285
f 1900/1324/2799 1899/1319/2799 1898/1318/2799 
s 2286
f 1253/948/1615 1251/945/1613 1249/939/1611 
s 2287
f 1901/1327/2800 1900/1326/2800 1902/1325/2800 
s 2288
f 1900/1328/2801 1901/1329/2802 1899/1330/2803 
s 2289
f 1903/1331/2802 1899/1330/2803 1901/1329/2802 
s 2290
f 1899/1330/2803 1903/1331/2804 1897/1314/2804 
s 2291
f 1904/1315/2804 1897/1314/2804 1903/1331/2804 
s 2292
f 1897/1314/2805 1904/1315/2805 1898/1316/2805 
s 2293
f 1902/1325/2806 1898/1316/2805 1904/1315/2805 
s 2294
f 1901/1332/2807 1902/1333/2807 1893/1334/2807 
s 2295
f 1894/1321/2808 1893/1334/2807 1902/1333/2807 
s 2296
f 1903/1335/2809 1901/1336/2809 1895/1337/2810 
s 2297
f 1893/1338/2809 1895/1337/2810 1901/1336/2809 
s 2298
f 1904/1339/2811 1903/1335/2812 1896/1340/2813 
s 2299
f 1895/1337/2810 1896/1340/2813 1903/1335/2812 
s 2300
f 1902/1333/2814 1904/1339/2811 1894/1321/2808 
s 2301
f 1896/1340/2813 1894/1321/2808 1904/1339/2811 
s 2302
f 1905/1658/2815 1906/1659/2816 1907/1660/2817 
s 2303
f 1908/1661/2818 1907/1660/2817 1906/1659/2816 
s 2304
f 1909/1662/2819 1910/1663/2820 1911/1664/2821 
s 2305
f 1912/1665/2822 1911/1664/2823 1910/1663/2820 
s 2306
f 1913/1666/2824 1914/1667/2825 1915/1668/2826 
s 2307
f 1916/1669/2825 1915/1668/2826 1914/1667/2825 
s 2308
f 1917/1670/2827 1915/1671/2828 1918/1672/2829 
s 2309
f 1916/1673/2830 1918/1672/2829 1915/1671/2828 
s 2310
f 1919/1674/2831 1920/1675/2832 1913/1676/2833 
s 2311
f 1914/1677/2834 1913/1676/2833 1920/1675/2832 
s 2312
f 1921/1678/2835 1919/1674/2831 1913/1676/2833 
s 2313
f 1922/1679/2836 1832/1680/2837 1923/1681/2838 
s 2314
f 1880/1682/2838 1923/1681/2838 1832/1680/2837 
s 2315
f 1924/1683/2839 1925/1684/2840 1926/1685/2841 
s 2316
f 1927/1686/2842 1880/1639/2762 1879/1638/2761 
s 2317
f 1928/1687/2843 1929/1688/2843 1930/1689/2844 
s 2318
f 1931/1690/2845 1930/1689/2844 1929/1688/2846 
s 2319
f 1879/1638/2847 1916/1669/2847 1927/1686/2847 
s 2320
f 1914/1667/2847 1927/1686/2847 1916/1669/2847 
s 2321
f 1923/1681/2848 1932/1691/2849 1922/1679/2836 
s 2322
f 1933/1692/2850 1922/1679/2836 1932/1691/2849 
s 2323
f 1912/1665/2822 1831/1611/2663 1911/1664/2823 
s 2324
f 1830/1610/2662 1911/1664/2823 1831/1611/2663 
s 2325
f 1906/1659/2816 1880/1639/2762 1908/1661/2818 
s 2326
f 1927/1686/2842 1908/1661/2818 1880/1639/2762 
s 2327
f 1923/1681/2851 1880/1682/2852 1905/1658/2853 
s 2328
f 1906/1659/2852 1905/1658/2853 1880/1682/2852 
s 2329
f 1932/1691/2849 1923/1681/2854 1931/1690/2845 
s 2330
f 1930/1689/2855 1931/1690/2845 1923/1681/2851 
s 2331
f 1920/1693/2856 1932/1694/2856 1929/1688/2846 
s 2332
f 1931/1690/2845 1929/1688/2846 1932/1694/2856 
s 2333
f 1928/1695/2857 1934/1696/2858 1929/1697/2857 
s 2334
f 1934/1696/2858 1914/1677/2859 1929/1697/2860 
s 2335
f 1914/1677/2859 1920/1675/2832 1929/1697/2861 
s 2336
f 1910/1698/2862 1935/1699/2863 1912/1665/2864 
s 2337
f 1933/1700/2865 1918/1701/2865 1936/1702/2866 
s 2338
f 1937/1703/2867 1936/1702/2866 1918/1701/2865 
s 2339
f 1911/1664/2823 1922/1679/2836 1909/1662/2868 
s 2340
f 1832/1680/2837 1922/1704/2869 1830/1610/2662 
s 2341
f 1911/1664/2869 1830/1610/2662 1922/1704/2869 
s 2342
f 1879/1638/2870 1832/1612/2664 1831/1611/2870 
s 2343
f 1898/1316/2800 1902/1325/2806 1900/1326/2800 
s 2344
f 1912/1665/2864 1935/1699/2863 1831/1611/2871 
s 2345
f 1879/1705/2872 1831/1611/2871 1935/1699/2863 
s 2346
f 1936/1702/2866 1937/1703/2867 1909/1662/2819 
s 2347
f 1910/1663/2820 1909/1662/2868 1937/1703/2867 
s 2348
f 1907/1660/2817 1934/1696/2858 1928/1695/2873 
s 2349
f 1905/1658/2815 1907/1660/2817 1930/1689/2874 
s 2350
f 1928/1687/2875 1930/1689/2844 1907/1660/2817 
s 2351
f 1905/1658/2853 1930/1689/2855 1923/1681/2851 
s 2352
f 1933/1692/2876 1936/1702/2876 1922/1679/2836 
s 2353
f 1909/1662/2877 1922/1679/2836 1936/1702/2876 
s 2354
f 1920/1706/2878 1919/1707/2879 1932/1708/2880 
s 2355
f 1918/1709/2881 1933/1710/2882 1917/1711/2883 
s 2356
f 1917/1711/2883 1933/1710/2884 1919/1707/2879 
s 2357
f 1932/1708/2880 1919/1707/2879 1933/1710/2882 
s 2358
f 1916/1673/2830 1879/1705/2872 1935/1699/2863 
s 2359
f 1908/1661/2818 1927/1712/2885 1907/1660/2817 
s 2360
f 1934/1696/2858 1907/1660/2817 1927/1712/2885 
s 2361
f 1927/1712/2834 1914/1677/2834 1934/1696/2858 
s 2362
f 1937/1713/2886 1918/1672/2829 1910/1698/2887 
s 2363
f 1910/1698/2887 1918/1672/2829 1935/1699/2863 
s 2364
f 1918/1672/2829 1916/1673/2830 1935/1699/2863 
s 2365
f 1915/1671/2828 1917/1670/2827 1938/1714/2888 
s 2366
f 1913/1666/2824 1915/1668/2826 1921/1715/2889 
s 2367
f 1938/1716/2889 1921/1715/2889 1915/1668/2826 
s 2368
f 1917/1717/2890 1919/1718/2891 1938/1719/2892 
s 2369
f 1921/1720/2893 1938/1719/2892 1919/1718/2891 
s 2370
f 1925/1684/2894 1939/1721/2894 1940/1722/2894 
s 2371
f 1941/1723/2894 1940/1722/2894 1939/1721/2894 
s 2372
f 1940/1722/2840 1926/1685/2841 1925/1684/2840 
s 2373
f 1942/1724/2895 1924/1683/2839 1943/1725/2895 
s 2374
f 1926/1685/2841 1943/1725/2895 1924/1683/2839 
s 2375
f 1942/1726/2896 1943/1727/2896 1939/1721/2896 
s 2376
f 1941/1723/2896 1939/1721/2896 1943/1727/2896 
s 2377
f 1926/1728/2897 1940/1729/2898 1943/1730/2898 
s 2378
f 1941/1731/2899 1943/1730/2898 1940/1729/2898 
s 2379
f 1944/1732/2900 1945/1733/2900 1946/1734/2901 
s 2380
f 1947/1735/2901 1946/1734/2901 1945/1733/2900 
s 2381
f 1947/1736/2902 1948/1737/2902 1946/1738/2902 
s 2382
f 1947/1739/2903 1945/1740/2904 1948/1741/2905 
s 2383
f 1949/1742/2906 1948/1741/2905 1945/1740/2904 
s 2384
f 1944/1743/2907 1946/1744/2908 1949/1745/2909 
s 2385
f 1948/1746/2910 1949/1745/2909 1946/1744/2908 
s 2386
f 1950/1747/2911 1951/1748/2911 1952/1749/2911 
s 2387
f 1953/1750/2911 1952/1749/2911 1951/1748/2911 
s 2388
f 1954/1751/2912 1950/1752/2913 1955/1753/2914 
s 2389
f 1952/1754/2915 1955/1753/2914 1950/1752/2913 
s 2390
f 1951/1748/2916 1954/1755/2917 1953/1750/2918 
s 2391
f 1955/1753/2919 1953/1750/2918 1954/1755/2917 
s 2392
f 1956/1756/2920 1957/1757/2921 1958/1758/2922 
s 2393
f 1959/1759/2923 1958/1758/2922 1957/1757/2921 
s 2394
f 1960/1760/2924 1956/1761/2924 1961/1762/2924 
s 2395
f 1958/1763/2924 1961/1762/2924 1956/1761/2924 
s 2396
f 1957/1764/2925 1960/1760/2926 1959/1759/2927 
s 2397
f 1961/1762/2928 1959/1759/2927 1960/1760/2926 
s 2398
f 1962/1765/2929 1963/1766/2930 1964/1767/2929 
s 2399
f 1965/1768/2930 1964/1767/2929 1963/1766/2930 
s 2400
f 1966/1769/2931 1962/1765/2929 1967/1770/2931 
s 2401
f 1964/1767/2929 1967/1770/2931 1962/1765/2929 
s 2402
f 1968/1765/2932 1966/1769/2933 1969/1767/2932 
s 2403
f 1967/1770/2933 1969/1767/2932 1966/1769/2933 
s 2404
f 1963/1766/2934 1968/1765/2932 1965/1768/2934 
s 2405
f 1969/1767/2932 1965/1768/2934 1968/1765/2932 
s 2406
f 1962/1771/2935 1966/1772/2935 1963/1773/2935 
s 2407
f 1968/1774/2935 1963/1773/2935 1966/1772/2935 
s 2408
f 1967/1775/2936 1964/1776/2936 1969/1777/2936 
s 2409
f 1965/1778/2936 1969/1777/2936 1964/1776/2936 
s 2410
f 1970/1779/2937 1971/1780/2938 1972/1781/2939 
s 2411
f 1973/1782/2939 1972/1781/2939 1971/1780/2938 
s 2412
f 1974/1783/2940 1970/1779/2937 1975/1784/2941 
s 2413
f 1972/1785/2941 1975/1784/2941 1970/1779/2937 
s 2414
f 1976/1786/2942 1974/1783/2940 1977/1787/2943 
s 2415
f 1975/1788/2944 1977/1787/2943 1974/1783/2940 
s 2416
f 1978/1789/2945 1976/1786/2942 1979/1790/2946 
s 2417
f 1977/1791/2946 1979/1790/2946 1976/1786/2942 
s 2418
f 1980/1792/2947 1978/1789/2945 1981/1793/2948 
s 2419
f 1979/1794/2948 1981/1793/2948 1978/1789/2945 
s 2420
f 1982/1795/2949 1980/1792/2950 1983/1796/2950 
s 2421
f 1981/1797/2950 1983/1796/2950 1980/1792/2947 
s 2422
f 1984/1798/2951 1982/1795/2952 1985/1799/2952 
s 2423
f 1983/1800/2952 1985/1799/2952 1982/1795/2949 
s 2424
f 1971/1780/2938 1984/1798/2951 1973/1801/2953 
s 2425
f 1985/1802/2953 1973/1801/2953 1984/1798/2951 
s 2426
f 1986/1803/2954 1987/1804/2955 1988/1805/2956 
s 2427
f 1989/1806/2957 1988/1805/2956 1987/1804/2955 
s 2428
f 1979/1807/2958 1977/1808/2958 1981/1809/2958 
s 2429
f 1971/1780/2938 1970/1779/2937 1990/1810/2959 
s 2430
f 1991/1811/2960 1990/1810/2959 1970/1779/2937 
s 2431
f 1984/1798/2951 1971/1780/2938 1992/1812/2961 
s 2432
f 1990/1810/2959 1992/1812/2961 1971/1780/2938 
s 2433
f 1982/1795/2962 1984/1798/2951 1993/1813/2963 
s 2434
f 1992/1812/2961 1993/1813/2963 1984/1798/2951 
s 2435
f 1980/1792/2962 1982/1795/2962 1994/1814/2964 
s 2436
f 1993/1813/2963 1994/1814/2964 1982/1795/2962 
s 2437
f 1978/1789/2945 1980/1792/2962 1995/1815/2965 
s 2438
f 1994/1814/2964 1995/1815/2965 1980/1792/2962 
s 2439
f 1976/1786/2942 1978/1789/2945 1996/1816/2966 
s 2440
f 1995/1815/2965 1996/1816/2966 1978/1789/2945 
s 2441
f 1974/1783/2940 1976/1786/2942 1997/1817/2967 
s 2442
f 1996/1816/2966 1997/1817/2967 1976/1786/2942 
s 2443
f 1970/1779/2937 1974/1783/2940 1991/1811/2960 
s 2444
f 1997/1817/2967 1991/1811/2960 1974/1783/2940 
s 2445
f 1990/1810/2959 1991/1811/2960 1988/1805/2956 
s 2446
f 1998/1818/2968 1988/1805/2956 1991/1811/2960 
s 2447
f 1992/1812/2961 1990/1810/2959 1989/1806/2957 
s 2448
f 1988/1805/2956 1989/1806/2957 1990/1810/2959 
s 2449
f 1993/1813/2963 1992/1812/2961 1999/1819/2969 
s 2450
f 1989/1806/2957 1999/1819/2969 1992/1812/2961 
s 2451
f 1994/1814/2964 1993/1813/2963 2000/1820/2970 
s 2452
f 1999/1819/2969 2000/1820/2970 1993/1813/2963 
s 2453
f 1995/1815/2965 1994/1814/2964 2001/1821/2971 
s 2454
f 2000/1820/2970 2001/1821/2971 1994/1814/2964 
s 2455
f 1996/1816/2966 1995/1815/2965 1987/1804/2955 
s 2456
f 2001/1821/2971 1987/1804/2955 1995/1815/2965 
s 2457
f 1997/1817/2967 1996/1816/2966 1986/1803/2954 
s 2458
f 1987/1804/2955 1986/1803/2954 1996/1816/2966 
s 2459
f 1991/1811/2960 1997/1817/2967 1998/1818/2968 
s 2460
f 1986/1803/2954 1998/1818/2968 1997/1817/2967 
s 2461
f 2001/1821/2971 1999/1819/2969 1987/1804/2955 
s 2462
f 1989/1806/2957 1987/1804/2955 1999/1819/2969 
s 2463
f 2000/1820/2970 1999/1819/2969 2001/1821/2971 
s 2464
f 1998/1818/2968 1986/1803/2954 1988/1805/2956 
s 2465
f 1972/1822/2958 1973/1823/2958 1977/1808/2958 
s 2466
f 1975/1824/2958 1972/1822/2958 1977/1808/2958 
s 2467
f 1973/1823/2958 1985/1825/2958 1977/1808/2958 
s 2468
f 1985/1825/2958 1983/1826/2958 1977/1808/2958 
s 2469
f 1983/1826/2958 1981/1809/2958 1977/1808/2958 
s 2470
f 2002/1827/2834 2003/1828/2834 2004/1829/2834 
s 2471
f 2004/1830/2972 2005/1831/2972 2002/1832/2972 
s 2472
f 2006/1833/2972 2002/1832/2972 2005/1831/2972 
s 2473
f 2002/1832/2973 2006/1833/2973 2003/1834/2973 
s 2474
f 2007/1835/2974 2003/1834/2973 2006/1833/2973 
s 2475
f 2006/1836/2830 2005/1837/2830 2007/1838/2830 
s 2476
f 2008/1827/2834 2009/1828/2834 2010/1829/2834 
s 2477
f 2010/1830/2975 2011/1831/2975 2008/1832/2976 
s 2478
f 2012/1833/2975 2008/1832/2975 2011/1831/2975 
s 2479
f 2008/1832/2976 2012/1833/2977 2009/1834/2977 
s 2480
f 2013/1835/2977 2009/1834/2977 2012/1833/2977 
s 2481
f 2012/1836/2830 2011/1837/2830 2013/1838/2830 
s 2482
f 2014/1827/2834 2015/1828/2834 2016/1829/2834 
s 2483
f 2016/1830/2978 2017/1831/2978 2014/1832/2978 
s 2484
f 2018/1833/2978 2014/1832/2978 2017/1831/2978 
s 2485
f 2014/1832/2979 2018/1833/2979 2015/1834/2979 
s 2486
f 2019/1839/2830 2020/1840/2830 2021/1841/2830 
s 2487
f 2022/1835/2979 2015/1834/2979 2018/1833/2979 
s 2488
f 2018/1836/2830 2017/1837/2830 2022/1838/2830 
s 2489
f 2023/1827/2834 2024/1828/2834 2025/1829/2834 
s 2490
f 2025/1830/2978 2026/1831/2978 2023/1832/2980 
s 2491
f 2027/1833/2980 2023/1832/2980 2026/1831/2978 
s 2492
f 2023/1832/2980 2027/1833/2980 2024/1834/2979 
s 2493
f 2028/1835/2979 2024/1834/2979 2027/1833/2980 
s 2494
f 2027/1836/2830 2026/1837/2830 2028/1838/2830 
s 2495
f 2029/1827/2834 2030/1828/2834 2031/1829/2834 
s 2496
f 2031/1830/2978 2032/1831/2978 2029/1832/2980 
s 2497
f 2033/1833/2978 2029/1832/2980 2032/1831/2978 
s 2498
f 2029/1832/2980 2033/1833/2979 2030/1834/2979 
s 2499
f 2034/1835/2979 2030/1834/2979 2033/1833/2979 
s 2500
f 2033/1836/2830 2032/1837/2830 2034/1838/2830 
s 2501
f 2035/1827/2834 2036/1828/2834 2037/1829/2834 
s 2502
f 2037/1830/2978 2038/1831/2978 2035/1832/2980 
s 2503
f 2039/1833/2978 2035/1832/2980 2038/1831/2978 
s 2504
f 2035/1832/2980 2039/1833/2979 2036/1834/2979 
s 2505
f 2040/1835/2979 2036/1834/2979 2039/1833/2979 
s 2506
f 2039/1836/2830 2038/1837/2830 2040/1838/2830 
s 2507
f 2041/1827/2834 2042/1828/2834 2043/1829/2834 
s 2508
f 2043/1830/2981 2044/1831/2981 2041/1832/2982 
s 2509
f 2045/1833/2982 2041/1832/2982 2044/1831/2981 
s 2510
f 2041/1832/2982 2045/1833/2982 2042/1834/2983 
s 2511
f 2046/1835/2983 2042/1834/2983 2045/1833/2982 
s 2512
f 2045/1836/2830 2044/1837/2830 2046/1838/2830 
s 2513
f 2047/1827/2834 2048/1828/2834 2049/1829/2834 
s 2514
f 1860/1553/2984 1861/1551/2728 1863/1561/2737 
s 2515
f 2050/1833/2985 2047/1832/2985 2051/1831/2985 
s 2516
f 2047/1832/2986 2050/1833/2986 2048/1834/2986 
s 2517
f 2052/1835/2986 2048/1834/2986 2050/1833/2986 
s 2518
f 2050/1836/2830 2051/1837/2830 2052/1838/2830 
s 2519
f 2053/1827/2834 2054/1828/2834 2055/1829/2834 
s 2520
f 2055/1830/2985 2056/1831/2985 2053/1832/2987 
s 2521
f 2057/1833/2988 2053/1832/2985 2056/1831/2985 
s 2522
f 2053/1832/2987 2057/1833/2988 2054/1834/2986 
s 2523
f 2058/1835/2986 2054/1834/2986 2057/1833/2988 
s 2524
f 2057/1836/2830 2056/1837/2830 2058/1838/2830 
s 2525
f 2059/1827/2834 2060/1828/2834 2061/1829/2834 
s 2526
f 2061/1830/2985 2062/1831/2985 2059/1832/2985 
s 2527
f 2063/1833/2988 2059/1832/2985 2062/1831/2985 
s 2528
f 2059/1832/2986 2063/1833/2988 2060/1834/2986 
s 2529
f 2064/1835/2986 2060/1834/2986 2063/1833/2988 
s 2530
f 2063/1836/2830 2062/1837/2830 2064/1838/2830 
s 2531
f 2065/1839/2830 2066/1840/2830 2067/1841/2830 
s 2532
f 2068/1833/2989 2069/1831/2972 2067/1832/2972 
s 2533
f 2065/1830/2972 2067/1832/2972 2069/1831/2972 
s 2534
f 2070/1835/2973 2068/1833/2989 2066/1834/2973 
s 2535
f 2067/1832/2973 2066/1834/2973 2068/1833/2989 
s 2536
f 2070/1842/2834 2069/1843/2834 2068/1844/2834 
s 2537
f 2071/1839/2830 2072/1840/2830 2073/1841/2830 
s 2538
f 2074/1833/2975 2075/1831/2975 2073/1832/2975 
s 2539
f 2071/1830/2975 2073/1832/2975 2075/1831/2975 
s 2540
f 2076/1835/2977 2074/1833/2977 2072/1834/2977 
s 2541
f 2073/1832/2977 2072/1834/2977 2074/1833/2977 
s 2542
f 2076/1842/2834 2075/1843/2834 2074/1844/2834 
s 2543
f 2077/1845/2834 2078/1846/2834 2079/1847/2834 
s 2544
f 2080/1833/2978 2081/1831/2978 2021/1832/2990 
s 2545
f 2019/1830/2978 2021/1832/2978 2081/1831/2978 
s 2546
f 2082/1835/2979 2080/1833/2979 2020/1834/2979 
s 2547
f 2021/1832/2990 2020/1834/2979 2080/1833/2979 
s 2548
f 2082/1842/2834 2081/1843/2834 2080/1844/2834 
s 2549
f 2083/1839/2830 2084/1840/2830 2085/1841/2830 
s 2550
f 2086/1833/2978 2087/1831/2978 2085/1832/2978 
s 2551
f 2083/1830/2978 2085/1832/2978 2087/1831/2978 
s 2552
f 2088/1835/2979 2086/1833/2979 2084/1834/2979 
s 2553
f 2085/1832/2979 2084/1834/2979 2086/1833/2979 
s 2554
f 2088/1842/2834 2087/1843/2834 2086/1844/2834 
s 2555
f 2089/1839/2830 2090/1840/2830 2091/1841/2830 
s 2556
f 2092/1833/2978 2093/1831/2978 2091/1832/2980 
s 2557
f 2089/1830/2978 2091/1832/2980 2093/1831/2978 
s 2558
f 2094/1835/2979 2092/1833/2979 2090/1834/2979 
s 2559
f 2091/1832/2980 2090/1834/2979 2092/1833/2979 
s 2560
f 2094/1842/2834 2093/1843/2834 2092/1844/2834 
s 2561
f 2095/1839/2830 2096/1840/2830 2097/1841/2830 
s 2562
f 2098/1833/2978 2099/1831/2978 2097/1832/2980 
s 2563
f 2095/1830/2978 2097/1832/2980 2099/1831/2978 
s 2564
f 2100/1835/2979 2098/1833/2979 2096/1834/2979 
s 2565
f 2097/1832/2980 2096/1834/2979 2098/1833/2979 
s 2566
f 2100/1842/2834 2099/1843/2834 2098/1844/2834 
s 2567
f 2101/1839/2830 2102/1840/2830 2103/1841/2830 
s 2568
f 2104/1833/2982 2105/1831/2981 2103/1832/2982 
s 2569
f 2101/1830/2981 2103/1832/2982 2105/1831/2981 
s 2570
f 2106/1835/2983 2104/1833/2982 2102/1834/2983 
s 2571
f 2103/1832/2982 2102/1834/2983 2104/1833/2982 
s 2572
f 2049/1830/2985 2051/1831/2985 2047/1832/2985 
s 2573
f 2106/1842/2834 2105/1843/2834 2104/1844/2834 
s 2574
f 2107/1839/2830 2108/1840/2830 2109/1841/2830 
s 2575
f 2110/1833/2991 2111/1831/2985 2109/1832/2988 
s 2576
f 2107/1830/2985 2109/1832/2988 2111/1831/2985 
s 2577
f 2112/1835/2986 2110/1833/2991 2108/1834/2986 
s 2578
f 2109/1832/2988 2108/1834/2986 2110/1833/2991 
s 2579
f 2112/1842/2834 2111/1843/2834 2110/1844/2834 
s 2580
f 2113/1839/2830 2114/1840/2830 2115/1841/2830 
s 2581
f 2116/1833/2985 2117/1831/2985 2115/1832/2985 
s 2582
f 2113/1830/2985 2115/1832/2985 2117/1831/2985 
s 2583
f 2118/1835/2986 2116/1833/2986 2114/1834/2986 
s 2584
f 2115/1832/2986 2114/1834/2986 2116/1833/2986 
s 2585
f 2118/1842/2834 2117/1843/2834 2116/1844/2834 
s 2586
f 2119/1839/2830 2120/1840/2830 2121/1841/2830 
s 2587
f 2122/1833/2988 2123/1831/2985 2121/1832/2988 
s 2588
f 2119/1830/2985 2121/1832/2988 2123/1831/2985 
s 2589
f 2124/1835/2986 2122/1833/2988 2120/1834/2986 
s 2590
f 2121/1832/2988 2120/1834/2986 2122/1833/2988 
s 2591
f 2124/1842/2834 2123/1843/2834 2122/1844/2834 
s 2592
f 2125/1848/2992 2078/1846/2993 2126/1849/2994 
s 2593
f 2127/1850/2995 2126/1849/2994 2078/1846/2993 
s 2594
f 2127/1850/2995 2078/1846/2993 2128/1851/2996 
s 2595
f 2077/1852/2996 2128/1851/2996 2078/1846/2996 
s 2596
f 2126/1853/2830 2127/1854/2830 2129/1855/2830 
s 2597
f 2128/1856/2830 2129/1855/2830 2127/1854/2830 
s 2598
f 2125/1848/2997 2126/1849/2998 2079/1857/2999 
s 2599
f 2129/1858/3000 2079/1857/2999 2126/1849/2998 
s 2600
f 2125/1848/2992 2079/1847/2834 2078/1846/2834 
s 2601
f 2130/1859/3001 2131/1860/3002 2132/1861/3001 
s 2602
f 2133/1862/3001 2132/1861/3001 2131/1860/3002 
s 2603
f 2134/1863/3003 2130/1864/3004 2135/1865/3004 
s 2604
f 2132/1866/3004 2135/1865/3004 2130/1864/3004 
s 2605
f 2131/1860/3005 2134/1863/3005 2133/1862/3005 
s 2606
f 2135/1865/3005 2133/1862/3005 2134/1863/3005 
s 2607
f 2130/1867/3006 2134/1863/3003 2131/1860/3002 
s 2608
f 2136/1868/3007 2137/1869/3007 2138/1870/3007 
s 2609
f 2139/1871/3007 2138/1870/3007 2137/1869/3007 
s 2610
f 2140/1872/3008 2141/1873/3008 2142/1874/3008 
s 2611
f 2143/1875/3008 2142/1874/3008 2141/1873/3008 
s 2612
f 2141/1876/3009 2137/1877/3009 2143/1878/3009 
s 2613
f 2136/1868/3010 2143/1878/3009 2137/1877/3009 
s 2614
f 2143/1878/3011 2136/1868/3010 2142/1879/3011 
s 2615
f 2138/1870/3011 2142/1879/3011 2136/1868/3010 
s 2616
f 2142/1879/3012 2138/1870/3012 2140/1880/3012 
s 2617
f 2139/1881/3012 2140/1880/3012 2138/1870/3012 
s 2618
f 2140/1880/3013 2139/1881/3013 2141/1882/3013 
s 2619
f 2137/1883/3013 2141/1882/3013 2139/1881/3013 
s 1
f 2144/1884/3014 2145/1885/3015 2146/1886/3014 
s 2
f 2147/1887/3016 2148/1888/3016 2149/1889/3016 
s 3
f 2150/1890/3017 2149/1889/3017 2148/1888/3017 
s 4
f 2151/1891/3018 2152/1892/3018 2153/1893/3018 
s 5
f 2154/1894/3018 2151/1891/3018 2153/1893/3018 
s 6
f 2155/1895/3018 2151/1891/3018 2154/1894/3018 
s 7
f 2156/1886/3019 2147/1896/3020 2157/1897/3020 
s 8
f 2149/1898/3021 2157/1897/3021 2147/1896/3021 
s 9
f 2158/1884/3022 2148/1885/3023 2156/1886/3019 
s 10
f 2147/1896/3024 2156/1886/3019 2148/1885/3023 
s 11
f 2151/1899/3025 2156/1900/3026 2152/1901/3027 
s 12
f 2157/1902/3028 2152/1901/3027 2156/1900/3026 
s 13
f 2152/1901/3027 2157/1902/3029 2153/1903/3030 
s 14
f 2159/1904/3031 2153/1903/3030 2157/1902/3029 
s 15
f 2153/1905/3032 2159/1906/3032 2154/1907/3033 
s 16
f 2160/1908/3034 2154/1907/3033 2159/1906/3034 
s 17
f 2154/1907/3033 2160/1908/3035 2155/1909/3036 
s 18
f 2158/1910/3037 2155/1909/3036 2160/1908/3035 
s 19
f 2155/1909/3036 2158/1910/3038 2151/1899/3025 
s 20
f 2156/1900/3026 2151/1899/3025 2158/1910/3038 
s 21
f 2161/1911/3039 2162/1912/3039 2148/1913/3039 
s 22
f 2150/1890/3040 2148/1913/3040 2162/1912/3040 
s 23
f 2144/1910/3041 2163/1908/3042 2164/1909/3043 
s 24
f 2165/1907/3044 2164/1909/3043 2163/1908/3042 
s 25
f 2166/1914/3045 2149/1915/3045 2167/1889/3045 
s 26
f 2168/1891/3046 2169/1892/3046 2170/1893/3046 
s 27
f 2171/1894/3046 2168/1891/3046 2170/1893/3046 
s 28
f 2172/1895/3046 2168/1891/3046 2171/1894/3046 
s 29
f 2173/1886/3047 2161/1896/3048 2158/1897/3049 
s 30
f 2148/1898/3050 2158/1897/3049 2161/1896/3048 
s 31
f 2174/1884/3051 2162/1885/3051 2173/1886/3047 
s 32
f 2161/1896/3052 2173/1886/3052 2162/1885/3052 
s 33
f 2168/1899/3053 2173/1900/3054 2169/1901/3055 
s 34
f 2158/1902/3056 2169/1901/3055 2173/1900/3054 
s 35
f 2169/1901/3055 2158/1902/3057 2170/1903/3058 
s 36
f 2160/1904/3059 2170/1903/3058 2158/1902/3057 
s 37
f 2170/1905/3060 2160/1906/3061 2171/1907/3062 
s 38
f 2175/1908/3063 2171/1907/3062 2160/1906/3061 
s 39
f 2171/1907/3062 2175/1908/3064 2172/1909/3065 
s 40
f 2174/1910/3066 2172/1909/3065 2175/1908/3064 
s 41
f 2172/1909/3065 2174/1910/3067 2168/1899/3053 
s 42
f 2173/1900/3054 2168/1899/3053 2174/1910/3067 
s 43
f 2176/1887/3068 2145/1912/3069 2162/1889/3069 
s 44
f 2150/1890/3070 2162/1889/3069 2145/1912/3069 
s 45
f 2177/1891/3071 2178/1892/3071 2179/1893/3071 
s 46
f 2180/1894/3071 2177/1891/3071 2179/1893/3071 
s 47
f 2181/1895/3071 2177/1891/3071 2180/1894/3071 
s 48
f 2146/1886/3072 2176/1896/3073 2174/1897/3074 
s 49
f 2162/1898/3075 2174/1897/3074 2176/1896/3073 
s 50
f 2174/1902/3076 2178/1901/3077 2146/1900/3078 
s 51
f 2178/1901/3077 2174/1902/3079 2179/1903/3080 
s 52
f 2175/1904/3081 2179/1903/3080 2174/1902/3079 
s 53
f 2179/1905/3082 2175/1906/3083 2180/1907/3084 
s 54
f 2163/1908/3085 2180/1907/3084 2175/1906/3083 
s 55
f 2180/1907/3084 2163/1908/3086 2181/1909/3087 
s 56
f 2144/1910/3088 2181/1909/3087 2163/1908/3086 
s 57
f 2181/1909/3087 2144/1910/3089 2177/1899/3090 
s 58
f 2146/1900/3078 2177/1899/3090 2144/1910/3089 
s 59
f 2182/1916/3091 2183/1912/3092 2145/1889/3092 
s 60
f 2150/1890/3093 2145/1889/3092 2183/1912/3092 
s 61
f 2184/1893/3094 2185/1892/3094 2186/1891/3094 
s 62
f 2165/1894/3094 2184/1893/3094 2186/1891/3094 
s 63
f 2164/1895/3095 2165/1894/3094 2186/1891/3094 
s 64
f 2183/1898/3096 2182/1896/3097 2187/1897/3098 
s 65
f 2188/1886/3099 2187/1897/3098 2182/1896/3097 
s 66
f 2182/1896/3097 2145/1885/3015 2188/1886/3099 
s 67
f 2144/1884/3100 2188/1886/3099 2145/1885/3015 
s 68
f 2187/1902/3101 2188/1900/3102 2185/1901/3103 
s 69
f 2186/1899/3104 2185/1901/3103 2188/1900/3102 
s 70
f 2189/1904/3105 2187/1902/3106 2184/1903/3107 
s 71
f 2185/1901/3103 2184/1903/3107 2187/1902/3106 
s 72
f 2163/1908/3108 2189/1906/3108 2165/1907/3044 
s 73
f 2184/1905/3109 2165/1907/3044 2189/1906/3108 
s 74
f 2190/1917/3110 2189/1918/3111 2191/1919/3110 
s 75
f 2188/1900/3102 2144/1910/3089 2186/1899/3104 
s 76
f 2164/1909/3043 2186/1899/3104 2144/1910/3089 
s 77
f 2192/1914/3112 2193/1889/3112 2183/1912/3112 
s 78
f 2150/1890/3113 2183/1912/3113 2193/1889/3113 
s 79
f 2194/1893/3114 2195/1892/3114 2196/1891/3115 
s 80
f 2197/1894/3115 2194/1893/3114 2196/1891/3115 
s 81
f 2198/1895/3115 2197/1894/3115 2196/1891/3115 
s 82
f 2193/1898/3116 2192/1896/3116 2199/1897/3117 
s 83
f 2200/1886/3118 2199/1897/3117 2192/1896/3119 
s 84
f 2192/1896/3119 2183/1885/3120 2200/1886/3118 
s 85
f 2187/1884/3121 2200/1886/3118 2183/1885/3120 
s 86
f 2199/1902/3122 2200/1900/3123 2195/1901/3124 
s 87
f 2196/1899/3125 2195/1901/3124 2200/1900/3123 
s 88
f 2190/1904/3126 2199/1902/3127 2194/1903/3128 
s 89
f 2195/1901/3124 2194/1903/3128 2199/1902/3127 
s 90
f 2189/1908/3129 2190/1906/3130 2197/1907/3131 
s 91
f 2194/1905/3132 2197/1907/3131 2190/1906/3130 
s 92
f 2187/1910/3133 2189/1908/3134 2198/1909/3135 
s 93
f 2197/1907/3131 2198/1909/3135 2189/1908/3134 
s 94
f 2200/1900/3123 2187/1910/3136 2196/1899/3125 
s 95
f 2198/1909/3135 2196/1899/3125 2187/1910/3136 
s 96
f 2201/1887/3137 2202/1889/3137 2193/1912/3137 
s 97
f 2150/1890/3138 2193/1912/3138 2202/1889/3138 
s 98
f 2176/1896/3073 2146/1886/3072 2145/1885/3015 
s 99
f 2177/1899/3090 2146/1900/3078 2178/1901/3077 
s 100
f 2203/1893/3139 2204/1892/3139 2205/1891/3139 
s 101
f 2206/1894/3139 2203/1893/3139 2205/1891/3139 
s 102
f 2207/1895/3139 2206/1894/3139 2205/1891/3139 
s 103
f 2202/1898/3140 2201/1896/3141 2208/1897/3142 
s 104
f 2209/1886/3143 2208/1897/3142 2201/1896/3141 
s 105
f 2201/1896/3144 2193/1885/3145 2209/1886/3143 
s 106
f 2199/1884/3146 2209/1886/3143 2193/1885/3145 
s 107
f 2208/1902/3147 2209/1900/3148 2204/1901/3149 
s 108
f 2205/1899/3150 2204/1901/3149 2209/1900/3148 
s 109
f 2191/1904/3151 2208/1902/3152 2203/1903/3153 
s 110
f 2204/1901/3149 2203/1903/3153 2208/1902/3152 
s 111
f 2190/1908/3154 2191/1906/3155 2206/1907/3156 
s 112
f 2203/1905/3157 2206/1907/3156 2191/1906/3155 
s 113
f 2199/1910/3158 2190/1908/3159 2207/1909/3160 
s 114
f 2206/1907/3156 2207/1909/3160 2190/1908/3159 
s 115
f 2209/1900/3148 2199/1910/3161 2205/1899/3150 
s 116
f 2207/1909/3160 2205/1899/3150 2199/1910/3161 
s 117
f 2210/1911/3162 2211/1913/3162 2202/1912/3162 
s 118
f 2150/1890/3163 2202/1912/3163 2211/1913/3163 
s 119
f 2212/1893/3164 2213/1892/3164 2214/1891/3164 
s 120
f 2215/1894/3164 2212/1893/3164 2214/1891/3164 
s 121
f 2216/1895/3164 2215/1894/3164 2214/1891/3164 
s 122
f 2211/1898/3165 2210/1896/3166 2217/1897/3167 
s 123
f 2218/1886/3168 2217/1897/3167 2210/1896/3166 
s 124
f 2208/1884/3169 2218/1886/3168 2202/1885/3170 
s 125
f 2217/1902/3171 2218/1900/3172 2213/1901/3173 
s 126
f 2214/1899/3174 2213/1901/3173 2218/1900/3172 
s 127
f 2219/1904/3175 2217/1902/3175 2212/1903/3175 
s 128
f 2213/1901/3176 2212/1903/3176 2217/1902/3176 
s 129
f 2191/1908/3177 2219/1906/3178 2215/1907/3179 
s 130
f 2212/1905/3180 2215/1907/3179 2219/1906/3178 
s 131
f 2208/1910/3181 2191/1908/3182 2216/1909/3183 
s 132
f 2215/1907/3179 2216/1909/3183 2191/1908/3182 
s 133
f 2218/1900/3172 2208/1910/3184 2214/1899/3174 
s 134
f 2216/1909/3183 2214/1899/3174 2208/1910/3184 
s 135
f 2220/1887/3185 2221/1889/3185 2211/1888/3185 
s 136
f 2150/1890/3186 2211/1888/3186 2221/1889/3186 
s 137
f 2222/1893/3187 2223/1892/3187 2224/1891/3187 
s 138
f 2225/1894/3187 2222/1893/3187 2224/1891/3187 
s 139
f 2226/1895/3187 2225/1894/3187 2224/1891/3187 
s 140
f 2221/1898/3188 2220/1896/3189 2227/1897/3190 
s 141
f 2228/1886/3191 2227/1897/3190 2220/1896/3189 
s 142
f 2220/1896/3192 2211/1885/3193 2228/1886/3191 
s 143
f 2217/1884/3194 2228/1886/3191 2211/1885/3193 
s 144
f 2227/1902/3195 2228/1900/3196 2223/1901/3197 
s 145
f 2224/1899/3198 2223/1901/3197 2228/1900/3196 
s 146
f 2229/1904/3199 2227/1902/3200 2222/1903/3201 
s 147
f 2223/1901/3197 2222/1903/3201 2227/1902/3200 
s 148
f 2219/1908/3202 2229/1906/3203 2225/1907/3204 
s 149
f 2219/1920/3110 2191/1919/3110 2229/1921/3205 
s 150
f 2222/1905/3206 2225/1907/3204 2229/1906/3203 
s 151
f 2217/1910/3207 2219/1908/3208 2226/1909/3209 
s 152
f 2225/1907/3204 2226/1909/3209 2219/1908/3208 
s 153
f 2228/1900/3196 2217/1910/3207 2224/1899/3198 
s 154
f 2226/1909/3209 2224/1899/3198 2217/1910/3207 
s 155
f 2230/1914/3210 2167/1889/3210 2221/1915/3210 
s 156
f 2150/1890/3211 2221/1915/3211 2167/1889/3211 
s 157
f 2231/1893/3212 2232/1892/3212 2233/1891/3212 
s 158
f 2234/1894/3212 2231/1893/3212 2233/1891/3212 
s 159
f 2235/1895/3212 2234/1894/3212 2233/1891/3212 
s 160
f 2167/1898/3213 2230/1896/3214 2236/1897/3215 
s 161
f 2237/1886/3216 2236/1897/3215 2230/1896/3214 
s 162
f 2230/1896/3214 2221/1885/3217 2237/1886/3216 
s 163
f 2227/1884/3218 2237/1886/3216 2221/1885/3217 
s 164
f 2236/1902/3219 2237/1900/3220 2232/1901/3221 
s 165
f 2233/1899/3222 2232/1901/3221 2237/1900/3220 
s 166
f 2238/1904/3223 2236/1902/3224 2231/1903/3225 
s 167
f 2232/1901/3221 2231/1903/3225 2236/1902/3224 
s 168
f 2229/1908/3226 2238/1906/3227 2234/1907/3228 
s 169
f 2231/1905/3229 2234/1907/3228 2238/1906/3227 
s 170
f 2227/1910/3230 2229/1908/3231 2235/1909/3232 
s 171
f 2234/1907/3228 2235/1909/3232 2229/1908/3231 
s 172
f 2237/1900/3220 2227/1910/3233 2233/1899/3222 
s 173
f 2235/1909/3232 2233/1899/3222 2227/1910/3233 
s 174
f 2210/1896/3234 2202/1885/3170 2218/1886/3168 
s 175
f 2150/1890/3235 2167/1889/3235 2149/1915/3235 
s 176
f 2239/1891/3236 2240/1892/3236 2241/1893/3236 
s 177
f 2242/1894/3236 2239/1891/3236 2241/1893/3236 
s 178
f 2243/1895/3236 2239/1891/3236 2242/1894/3236 
s 179
f 2244/1886/3237 2166/1896/3238 2236/1897/3239 
s 180
f 2167/1898/3213 2236/1897/3239 2166/1896/3238 
s 181
f 2157/1884/3240 2149/1885/3241 2244/1886/3237 
s 182
f 2166/1896/3242 2244/1886/3237 2149/1885/3241 
s 183
f 2239/1899/3243 2244/1900/3244 2240/1901/3245 
s 184
f 2236/1902/3246 2240/1901/3245 2244/1900/3244 
s 185
f 2240/1901/3245 2236/1902/3247 2241/1903/3248 
s 186
f 2238/1904/3249 2241/1903/3248 2236/1902/3247 
s 187
f 2241/1905/3250 2238/1906/3251 2242/1907/3252 
s 188
f 2159/1908/3253 2242/1907/3252 2238/1906/3251 
s 189
f 2242/1907/3252 2159/1908/3254 2243/1909/3255 
s 190
f 2157/1910/3256 2243/1909/3255 2159/1908/3254 
s 191
f 2243/1909/3255 2157/1910/3257 2239/1899/3243 
s 192
f 2244/1900/3244 2239/1899/3243 2157/1910/3257 
s 193
f 2189/1918/3111 2163/1922/3258 2175/1923/3111 
s 194
f 2191/1919/3110 2189/1918/3111 2175/1923/3111 
s 195
f 2229/1921/3205 2191/1919/3110 2175/1923/3111 
s 196
f 2159/1924/3205 2229/1921/3205 2175/1923/3111 
s 197
f 2160/1925/3110 2159/1924/3205 2175/1923/3111 
s 198
f 2238/1926/3259 2229/1921/3205 2159/1924/3205 
s 1
f 2245/1927/3260 2246/1928/3261 2247/1929/3261 
s 2
f 2248/1930/3262 2249/1931/3263 2250/1932/3262 
s 3
f 2246/1928/3264 2250/1932/3262 2249/1931/3263 
s 4
f 2251/1933/3265 2252/1934/3266 2253/1935/3267 
s 5
f 2254/1936/3268 2255/1937/3269 2249/1938/3268 
s 6
f 2247/1939/3269 2249/1938/3268 2255/1937/3269 
s 7
f 2256/1940/3270 2257/1941/3271 2258/1942/3272 
s 8
f 2259/1943/3273 2258/1942/3274 2257/1941/3271 
s 9
f 2260/1944/3275 2261/1945/3276 2262/1946/3277 
s 10
f 2249/1931/3263 2247/1929/3278 2246/1928/3264 
s 11
f 2263/1947/3279 2245/1927/3260 2258/1948/3279 
s 12
f 2247/1929/3278 2258/1948/3279 2245/1927/3280 
s 13
f 2264/1949/3281 2263/1947/3279 2259/1950/3281 
s 14
f 2258/1948/3279 2259/1950/3281 2263/1947/3279 
s 15
f 2265/1951/3282 2264/1949/3283 2262/1952/3284 
s 16
f 2259/1950/3283 2262/1952/3284 2264/1949/3283 
s 17
f 2266/1953/3285 2265/1951/3286 2267/1954/3285 
s 18
f 2262/1952/3284 2267/1954/3285 2265/1951/3282 
s 19
f 2268/1955/3287 2266/1953/3285 2269/1956/3287 
s 20
f 2270/1957/3288 2253/1935/3267 2252/1934/3266 
s 21
f 2264/1958/3289 2265/1959/3289 2257/1960/3289 
s 22
f 2260/1961/3289 2257/1960/3289 2265/1959/3289 
s 23
f 2263/1962/3289 2264/1958/3290 2256/1963/3289 
s 24
f 2257/1960/3289 2256/1963/3289 2264/1958/3289 
s 25
f 2245/1964/3289 2263/1962/3289 2255/1965/3289 
s 26
f 2256/1963/3289 2255/1965/3289 2263/1962/3289 
s 27
f 2246/1966/3289 2245/1964/3289 2254/1967/3289 
s 28
f 2255/1965/3289 2254/1967/3289 2245/1964/3289 
s 29
f 2261/1945/3276 2271/1968/3291 2267/1969/3276 
s 30
f 2269/1970/3291 2267/1969/3276 2271/1968/3291 
s 31
f 2257/1941/3271 2260/1944/3275 2259/1943/3273 
s 32
f 2262/1946/3277 2259/1943/3292 2260/1944/3292 
s 33
f 2255/1937/3269 2256/1940/3270 2247/1939/3269 
s 34
f 2258/1942/3272 2247/1939/3269 2256/1940/3270 
s 35
f 2272/1971/3293 2254/1936/3268 2248/1972/3293 
s 36
f 2249/1938/3268 2248/1972/3293 2254/1936/3268 
s 37
f 2248/1972/3293 2269/1970/3291 2272/1971/3293 
s 38
f 2271/1968/3291 2272/1971/3293 2269/1970/3291 
s 39
f 2267/1969/3276 2262/1946/3277 2261/1945/3276 
s 40
f 2273/1973/3294 2274/1974/3295 2275/1975/3296 
s 41
f 2252/1976/3297 2276/1977/3297 2270/1978/3297 
s 42
f 2277/1979/3298 2278/1980/3298 2279/1981/3298 
s 43
f 2276/1982/3298 2279/1981/3298 2278/1980/3298 
s 44
f 2278/1983/3299 2277/1984/3299 2280/1985/3299 
s 45
f 2275/1975/3296 2280/1985/3299 2277/1984/3299 
s 46
f 2273/1973/3294 2253/1935/3300 2274/1974/3300 
s 47
f 2270/1957/3288 2274/1974/3300 2253/1935/3300 
s 48
f 2251/1986/3301 2253/1987/3301 2279/1988/3301 
s 49
f 2277/1989/3301 2279/1988/3301 2273/1990/3301 
s 50
f 2253/1987/3301 2273/1990/3301 2279/1988/3301 
s 51
f 2275/1991/3302 2277/1989/3301 2273/1990/3301 
s 52
f 2280/1992/3303 2274/1993/3297 2278/1994/3297 
s 53
f 2278/1994/3297 2274/1993/3297 2276/1977/3297 
s 54
f 2270/1978/3297 2276/1977/3297 2274/1993/3297 
s 55
f 2281/1995/3304 2282/1996/3304 2283/1997/3304 
s 56
f 2284/1998/3304 2283/1997/3304 2282/1996/3304 
s 57
f 2285/1998/3305 2286/1996/3305 2287/1997/3305 
s 58
f 2288/1995/3305 2287/1997/3305 2286/1996/3305 
s 59
f 2267/1954/3285 2269/1956/3287 2266/1953/3285 
s 60
f 2250/1999/3306 2268/1955/3287 2248/2000/3306 
s 61
f 2269/1956/3287 2248/2000/3306 2268/1955/3287 
s 62
f 2250/2001/3289 2246/1966/3289 2272/2002/3289 
s 63
f 2254/1967/3289 2272/2002/3289 2246/1966/3290 
s 64
f 2268/2003/3289 2250/2001/3289 2271/2004/3289 
s 65
f 2272/2002/3289 2271/2004/3289 2250/2001/3289 
s 66
f 2266/2005/3289 2268/2003/3289 2261/2006/3289 
s 67
f 2271/2004/3289 2261/2006/3289 2268/2003/3289 
s 68
f 2265/1959/3289 2266/2005/3289 2260/1961/3289 
s 69
f 2261/2006/3289 2260/1961/3289 2266/2005/3289 
s 70
f 2289/2007/3307 2290/2008/3307 2291/2009/3307 
s 71
f 2292/2010/3307 2291/2009/3307 2290/2008/3307 
s 72
f 2293/2011/3308 2289/2012/3309 2294/2013/3309 
s 73
f 2291/2014/3309 2294/2013/3309 2289/2012/3309 
s 74
f 2290/2008/3310 2293/2011/3310 2292/2010/3310 
s 75
f 2294/2013/3310 2292/2010/3310 2293/2011/3310 
s 76
f 2252/1934/3266 2251/1933/3265 2276/2015/3311 
s 77
f 2279/2016/3311 2276/2015/3311 2251/1933/3265 
s 78
f 2280/1985/3295 2275/1975/3296 2274/1974/3295 
# 0 polygons - 3959 triangles

