# Blender v2.75 (sub 0) OBJ File: ''
# www.blender.org
mtllib glaive.mtl
o World_Expansion03_doodads_generic_nightelfglaivethrowburned.m2_
v 0.035983 0.024325 -0.682910
v -0.018319 -0.007643 -0.906397
v 0.077540 -0.007653 -0.905393
v 0.793200 0.425535 0.667526
v 0.762129 0.471175 0.672171
v 0.666771 0.461369 0.770930
v 0.666771 0.461369 0.770930
v 0.670789 0.410809 0.789805
v 0.793200 0.425535 0.667526
v 0.234141 0.512445 0.504966
v 0.231088 0.457473 0.520966
v 0.410356 0.458512 0.660160
v 0.410356 0.458512 0.660160
v 0.419085 0.510426 0.645704
v 0.234141 0.512445 0.504966
v 0.670789 0.410809 0.789805
v 0.419085 0.510426 0.645704
v 0.410356 0.458512 0.660160
v 0.419085 0.510426 0.645704
v 0.670789 0.410809 0.789805
v 0.666771 0.461369 0.770930
v -0.158396 0.152075 0.017492
v -0.651752 0.868621 0.371092
v -0.658555 0.875356 0.347952
v -0.658555 0.875356 0.347952
v -0.165198 0.158810 -0.005648
v -0.158396 0.152075 0.017492
v -0.138203 0.166793 0.015840
v -0.158396 0.152075 0.017492
v -0.165198 0.158810 -0.005648
v -0.165198 0.158810 -0.005648
v -0.145006 0.173529 -0.007300
v -0.138203 0.166793 0.015840
v -0.651752 0.868621 0.371092
v -0.631559 0.883339 0.369440
v -0.638362 0.890074 0.346300
v -0.638362 0.890074 0.346300
v -0.658555 0.875356 0.347952
v -0.651752 0.868621 0.371092
v -0.658555 0.875356 0.347952
v -0.638362 0.890074 0.346300
v -0.145006 0.173529 -0.007300
v -0.145006 0.173529 -0.007300
v -0.165198 0.158810 -0.005648
v -0.658555 0.875356 0.347952
v -0.651752 0.868621 0.371092
v -0.158396 0.152075 0.017492
v -0.138203 0.166793 0.015840
v -0.138203 0.166793 0.015840
v -0.631559 0.883339 0.369440
v -0.651752 0.868621 0.371092
v -0.631559 0.883339 0.369440
v -0.138203 0.166793 0.015840
v -0.145006 0.173529 -0.007300
v -0.145006 0.173529 -0.007300
v -0.638362 0.890074 0.346300
v -0.631559 0.883339 0.369440
v -0.078260 0.075113 0.220014
v 0.133981 0.791658 0.788685
v 0.109867 0.798394 0.789198
v 0.109867 0.798394 0.789198
v -0.102374 0.081848 0.220527
v -0.078260 0.075113 0.220014
v -0.074573 0.089831 0.200092
v -0.078260 0.075113 0.220014
v -0.102374 0.081848 0.220527
v -0.102374 0.081848 0.220527
v -0.098687 0.096567 0.200605
v -0.074573 0.089831 0.200092
v 0.133981 0.791658 0.788685
v 0.137668 0.806377 0.768763
v 0.113555 0.813112 0.769276
v 0.113555 0.813112 0.769276
v 0.109867 0.798394 0.789198
v 0.133981 0.791658 0.788685
v 0.109867 0.798394 0.789198
v 0.113555 0.813112 0.769276
v -0.098687 0.096567 0.200605
v -0.098687 0.096567 0.200605
v -0.102374 0.081848 0.220527
v 0.109867 0.798394 0.789198
v 0.133981 0.791658 0.788685
v -0.078260 0.075113 0.220014
v -0.074573 0.089831 0.200092
v -0.074573 0.089831 0.200092
v 0.137668 0.806377 0.768763
v 0.133981 0.791658 0.788685
v 0.137668 0.806377 0.768763
v -0.074573 0.089831 0.200092
v -0.098687 0.096567 0.200605
v -0.098687 0.096567 0.200605
v 0.113555 0.813112 0.769276
v 0.137668 0.806377 0.768763
v 1.343858 0.054174 0.348771
v 1.573198 0.032484 0.096022
v 1.422575 0.014449 -0.037686
v 1.422575 0.014449 -0.037686
v 1.208286 0.035350 0.230613
v 1.343858 0.054174 0.348771
v 1.319095 -0.020983 0.343964
v 1.343858 0.054174 0.348771
v 1.208286 0.035350 0.230613
v 1.343858 0.054174 0.348771
v 1.319095 -0.020983 0.343964
v 1.559729 -0.014655 0.094035
v 1.208286 0.035350 0.230613
v 1.227263 -0.028111 0.262612
v 1.319095 -0.020983 0.343964
v 1.435849 -0.030018 -0.015243
v 1.227263 -0.028111 0.262612
v 1.208286 0.035350 0.230613
v 1.208286 0.035350 0.230613
v 1.422575 0.014449 -0.037686
v 1.435849 -0.030018 -0.015243
v 1.559729 -0.014655 0.094035
v 1.435849 -0.030018 -0.015243
v 1.422575 0.014449 -0.037686
v 1.422575 0.014449 -0.037686
v 1.573198 0.032484 0.096022
v 1.559729 -0.014655 0.094035
v 1.559729 -0.014655 0.094035
v 1.573198 0.032484 0.096022
v 1.343858 0.054174 0.348771
v 1.402968 0.330932 0.492837
v 1.206166 0.334216 0.613818
v 1.203370 0.262901 0.604465
v 1.203370 0.262901 0.604465
v 1.394534 0.262901 0.487039
v 1.402968 0.330932 0.492837
v 1.394534 0.262901 0.487039
v 1.203370 0.262901 0.604465
v 1.192756 -0.007840 0.568955
v 1.192756 -0.007840 0.568955
v 1.360796 -0.009248 0.463847
v 1.394534 0.262901 0.487039
v 1.206166 0.334216 0.613818
v 1.003903 0.338926 0.635424
v 1.002314 0.262901 0.624507
v 1.002314 0.262901 0.624507
v 1.203370 0.262901 0.604465
v 1.206166 0.334216 0.613818
v 1.203370 0.262901 0.604465
v 1.002314 0.262901 0.624507
v 0.996734 -0.004074 0.586172
v 0.996734 -0.004074 0.586172
v 1.192756 -0.007840 0.568955
v 1.203370 0.262901 0.604465
v 0.552271 0.087593 0.393707
v -0.441608 0.088201 0.387771
v -0.440806 0.027194 0.317964
v 0.553933 0.096395 0.262896
v 0.553131 0.157402 0.332702
v 0.552271 0.087593 0.393707
v 0.552271 0.087593 0.393707
v 0.553073 0.026586 0.323900
v 0.553933 0.096395 0.262896
v -0.440806 0.027194 0.317964
v 0.553073 0.026586 0.323900
v 0.552271 0.087593 0.393707
v -0.441608 0.088201 0.387771
v 0.552271 0.087593 0.393707
v 0.553131 0.157402 0.332702
v 0.553131 0.157402 0.332702
v -0.440748 0.158010 0.326766
v -0.441608 0.088201 0.387771
v -0.440748 0.158010 0.326766
v 0.553131 0.157402 0.332702
v 0.553933 0.096395 0.262896
v 0.553933 0.096395 0.262896
v -0.439946 0.097003 0.256959
v -0.440748 0.158010 0.326766
v -0.439946 0.097003 0.256959
v 0.553933 0.096395 0.262896
v 0.553073 0.026586 0.323900
v 0.553073 0.026586 0.323900
v -0.440806 0.027194 0.317964
v -0.439946 0.097003 0.256959
v 0.016361 0.041538 0.075353
v 0.101919 -0.034989 0.390001
v -0.049114 -0.034842 0.388563
v 0.017000 0.162598 0.013156
v 0.016361 0.041538 0.075353
v -0.049114 -0.034842 0.388563
v -0.049114 -0.034842 0.388563
v -0.129111 0.146536 0.456284
v 0.017000 0.162598 0.013156
v -0.441608 0.077846 -0.802444
v 0.552271 0.077468 -0.798755
v 0.553131 0.120841 -0.836658
v 0.553131 0.120841 -0.836658
v -0.440748 0.121219 -0.840346
v -0.441608 0.077846 -0.802444
v -0.440806 0.039942 -0.845815
v -0.441608 0.077846 -0.802444
v -0.440748 0.121219 -0.840346
v 0.552271 0.077468 -0.798755
v -0.441608 0.077846 -0.802444
v -0.440806 0.039942 -0.845815
v -0.439946 0.083315 -0.883718
v 0.553933 0.082937 -0.880030
v 0.553073 0.039564 -0.842127
v -0.440748 0.121219 -0.840346
v 0.553131 0.120841 -0.836658
v 0.553933 0.082937 -0.880030
v 0.553933 0.082937 -0.880030
v -0.439946 0.083315 -0.883718
v -0.440748 0.121219 -0.840346
v -0.440748 0.121219 -0.840346
v -0.439946 0.083315 -0.883718
v -0.440806 0.039942 -0.845815
v 0.553073 0.039564 -0.842127
v -0.440806 0.039942 -0.845815
v -0.439946 0.083315 -0.883718
v -0.440806 0.039942 -0.845815
v 0.553073 0.039564 -0.842127
v 0.552271 0.077468 -0.798755
v 0.077540 -0.007653 -0.905393
v -0.018319 -0.007643 -0.906397
v -0.049038 0.137934 -0.938224
v -0.049038 0.137934 -0.938224
v 0.128314 0.137845 -0.936534
v 0.077540 -0.007653 -0.905393
v 0.035578 0.112231 -0.629653
v -0.049038 0.137934 -0.938224
v -0.018319 -0.007643 -0.906397
v -0.018319 -0.007643 -0.906397
v 0.035983 0.024325 -0.682910
v 0.035578 0.112231 -0.629653
v 0.035578 0.112231 -0.629653
v 0.035983 0.024325 -0.682910
v 0.077540 -0.007653 -0.905393
v 0.077540 -0.007653 -0.905393
v 0.128314 0.137845 -0.936534
v 0.035578 0.112231 -0.629653
v -0.140370 0.114895 0.464805
v 0.170350 0.114577 0.467975
v 0.320530 0.277697 0.513965
v 0.320530 0.277697 0.513965
v -0.290419 0.278050 0.508680
v -0.140370 0.114895 0.464805
v -0.087239 0.127001 -1.051818
v 0.164944 0.126770 -1.049519
v 0.114167 0.086419 -0.999770
v 0.114167 0.086419 -0.999770
v -0.037362 0.086557 -1.001151
v -0.087239 0.127001 -1.051818
v -0.037362 0.086557 -1.001151
v 0.114167 0.086419 -0.999770
v 0.170350 0.114577 0.467975
v 0.170350 0.114577 0.467975
v -0.140370 0.114895 0.464805
v -0.037362 0.086557 -1.001151
v 0.164944 0.126770 -1.049519
v 0.320530 0.277697 0.513965
v 0.170350 0.114577 0.467975
v 0.170350 0.114577 0.467975
v 0.114167 0.086419 -0.999770
v 0.164944 0.126770 -1.049519
v -0.087239 0.127001 -1.051818
v -0.037362 0.086557 -1.001151
v -0.140370 0.114895 0.464805
v -0.140370 0.114895 0.464805
v -0.290419 0.278050 0.508680
v -0.087239 0.127001 -1.051818
v 0.510896 0.335581 0.997008
v 0.441216 0.340520 0.996957
v 0.508967 0.351024 1.021375
v 0.507038 0.308311 1.041579
v 0.441216 0.340520 0.996957
v 0.510896 0.335581 0.997008
v 0.507038 0.308311 1.041579
v 0.510896 0.335581 0.997008
v 0.568603 0.345299 0.974158
v 0.773122 0.352121 0.928190
v 0.507038 0.308311 1.041579
v 0.568603 0.345299 0.974158
v 0.773122 0.352121 0.928190
v 0.568603 0.345299 0.974158
v 0.597145 0.371416 0.924423
v 0.508967 0.351024 1.021375
v 0.441216 0.340520 0.996957
v 0.507038 0.308311 1.041579
v 0.588506 0.338445 1.031824
v 0.508967 0.351024 1.021375
v 0.507038 0.308311 1.041579
v 0.510896 0.335581 0.997008
v 0.508967 0.351024 1.021375
v 0.588506 0.338445 1.031824
v 0.568603 0.345299 0.974158
v 0.510896 0.335581 0.997008
v 0.588506 0.338445 1.031824
v 0.588506 0.338445 1.031824
v 0.649328 0.355145 0.995187
v 0.568603 0.345299 0.974158
v 0.597145 0.371416 0.924423
v 0.568603 0.345299 0.974158
v 0.649328 0.355145 0.995187
v 0.588506 0.338445 1.031824
v 0.563393 0.298862 1.047155
v 0.629292 0.297329 1.038741
v 0.649328 0.355145 0.995187
v 0.588506 0.338445 1.031824
v 0.629292 0.297329 1.038741
v 0.588506 0.338445 1.031824
v 0.507038 0.308311 1.041579
v 0.563393 0.298862 1.047155
v 0.629292 0.297329 1.038741
v 0.563393 0.298862 1.047155
v 0.507038 0.308311 1.041579
v 0.773122 0.352121 0.928190
v 0.629292 0.297329 1.038741
v 0.507038 0.308311 1.041579
v 0.773122 0.352121 0.928190
v 0.713768 0.313633 1.000670
v 0.629292 0.297329 1.038741
v 0.713768 0.313633 1.000670
v 0.773122 0.352121 0.928190
v 0.699934 0.387483 0.934019
v 0.632333 0.507622 0.686241
v 0.590001 0.520549 0.726730
v 0.648375 0.496928 0.757941
v 0.564054 0.473975 0.758724
v 0.648375 0.496928 0.757941
v 0.590001 0.520549 0.726730
v 0.648375 0.496928 0.757941
v 0.564054 0.473975 0.758724
v 0.597145 0.442279 0.805783
v 0.773122 0.352121 0.928190
v 0.597145 0.442279 0.805783
v 0.564054 0.473975 0.758724
v 0.773122 0.352121 0.928190
v 0.622111 0.405322 0.864191
v 0.597145 0.442279 0.805783
v 0.773122 0.352121 0.928190
v 0.597145 0.371416 0.924423
v 0.622111 0.405322 0.864191
v 0.622111 0.405322 0.864191
v 0.597145 0.371416 0.924423
v 0.699934 0.387483 0.934019
v 0.649328 0.355145 0.995187
v 0.699934 0.387483 0.934019
v 0.597145 0.371416 0.924423
v 0.699934 0.387483 0.934019
v 0.649328 0.355145 0.995187
v 0.713768 0.313633 1.000670
v 0.629292 0.297329 1.038741
v 0.713768 0.313633 1.000670
v 0.649328 0.355145 0.995187
v 0.773122 0.352121 0.928190
v 0.788116 0.393217 0.856961
v 0.721146 0.421618 0.873925
v 0.721146 0.421618 0.873925
v 0.699934 0.387483 0.934019
v 0.773122 0.352121 0.928190
v 0.699934 0.387483 0.934019
v 0.721146 0.421618 0.873925
v 0.622111 0.405322 0.864191
v 0.770298 0.436648 0.787128
v 0.788116 0.393217 0.856961
v 0.773122 0.352121 0.928190
v 0.721146 0.421618 0.873925
v 0.788116 0.393217 0.856961
v 0.770298 0.436648 0.787128
v 0.770298 0.436648 0.787128
v 0.698290 0.458446 0.815439
v 0.721146 0.421618 0.873925
v 0.622111 0.405322 0.864191
v 0.721146 0.421618 0.873925
v 0.698290 0.458446 0.815439
v 0.698290 0.458446 0.815439
v 0.597145 0.442279 0.805783
v 0.622111 0.405322 0.864191
v 0.632333 0.507622 0.686241
v 0.773122 0.352121 0.928190
v 0.564054 0.473975 0.758724
v 0.632333 0.507622 0.686241
v 0.770298 0.436648 0.787128
v 0.773122 0.352121 0.928190
v 0.632333 0.507622 0.686241
v 0.711861 0.482133 0.718827
v 0.770298 0.436648 0.787128
v 0.698290 0.458446 0.815439
v 0.770298 0.436648 0.787128
v 0.711861 0.482133 0.718827
v 0.711861 0.482133 0.718827
v 0.648375 0.496928 0.757941
v 0.698290 0.458446 0.815439
v 0.597145 0.442279 0.805783
v 0.698290 0.458446 0.815439
v 0.648375 0.496928 0.757941
v 0.648375 0.496928 0.757941
v 0.711861 0.482133 0.718827
v 0.632333 0.507622 0.686241
v 0.512945 0.524423 0.730398
v 0.441558 0.498927 0.731960
v 0.509376 0.492003 0.735122
v 0.632333 0.507622 0.686241
v 0.564054 0.473975 0.758724
v 0.509376 0.492003 0.735122
v 0.632333 0.507622 0.686241
v 0.509376 0.492003 0.735122
v 0.441558 0.498927 0.731960
v 0.590001 0.520549 0.726730
v 0.632333 0.507622 0.686241
v 0.514746 0.518249 0.689357
v 0.514746 0.518249 0.689357
v 0.632333 0.507622 0.686241
v 0.441558 0.498927 0.731960
v 0.441558 0.498927 0.731960
v 0.512945 0.524423 0.730398
v 0.514746 0.518249 0.689357
v 0.514746 0.518249 0.689357
v 0.512945 0.524423 0.730398
v 0.590001 0.520549 0.726730
v 0.590001 0.520549 0.726730
v 0.512945 0.524423 0.730398
v 0.509376 0.492003 0.735122
v 0.590001 0.520549 0.726730
v 0.509376 0.492003 0.735122
v 0.564054 0.473975 0.758724
v -0.250044 -0.022636 -1.312858
v -0.228140 0.190292 -1.291471
v -0.074957 0.185824 -1.280928
v -0.074957 0.185824 -1.280928
v -0.072888 -0.021222 -1.301030
v -0.250044 -0.022636 -1.312858
v -0.404241 0.202543 0.779943
v -0.426464 0.001231 0.766671
v -0.216011 0.001285 0.767712
v -0.216011 0.001285 0.767712
v -0.215472 0.220514 0.781836
v -0.404241 0.202543 0.779943
v 0.239689 0.237709 -0.355626
v 0.409197 0.240419 -0.363931
v 0.354301 0.210881 -0.751245
v 0.354301 0.210881 -0.751245
v 0.192955 0.207292 -0.741822
v 0.239689 0.237709 -0.355626
v 0.239687 0.052422 -0.372733
v 0.239689 0.237709 -0.355626
v 0.192955 0.207292 -0.741822
v 0.192955 0.207292 -0.741822
v 0.191920 -0.013970 -0.761895
v 0.239687 0.052422 -0.372733
v 0.409197 0.240419 -0.363931
v 0.464093 0.268340 0.051025
v 0.486028 0.079421 0.031241
v 0.486028 0.079421 0.031241
v 0.431122 0.053775 -0.383648
v 0.409197 0.240419 -0.363931
v 0.431122 0.053775 -0.383648
v 0.486028 0.079421 0.031241
v 0.287454 0.076685 0.041700
v 0.287454 0.076685 0.041700
v 0.239687 0.052422 -0.372733
v 0.431122 0.053775 -0.383648
v 0.239687 0.052422 -0.372733
v 0.191920 -0.013970 -0.761895
v 0.376216 -0.014000 -0.773266
v 0.376216 -0.014000 -0.773266
v 0.431122 0.053775 -0.383648
v 0.239687 0.052422 -0.372733
v 0.431122 0.053775 -0.383648
v 0.376216 -0.014000 -0.773266
v 0.354301 0.210881 -0.751245
v 0.354301 0.210881 -0.751245
v 0.409197 0.240419 -0.363931
v 0.431122 0.053775 -0.383648
v 0.286422 0.266508 0.058212
v 0.464093 0.268340 0.051025
v 0.409197 0.240419 -0.363931
v 0.409197 0.240419 -0.363931
v 0.239689 0.237709 -0.355626
v 0.286422 0.266508 0.058212
v 0.287454 0.076685 0.041700
v 0.286422 0.266508 0.058212
v 0.239689 0.237709 -0.355626
v 0.239689 0.237709 -0.355626
v 0.239687 0.052422 -0.372733
v 0.287454 0.076685 0.041700
v 0.335606 -0.032315 -1.313424
v 0.158450 -0.030901 -1.301596
v 0.160519 0.185824 -1.280928
v 0.160519 0.185824 -1.280928
v 0.313702 0.190292 -1.291471
v 0.335606 -0.032315 -1.313424
v 0.458396 0.202543 0.779943
v 0.269627 0.220514 0.781836
v 0.270166 0.001285 0.767712
v 0.270166 0.001285 0.767712
v 0.480619 0.001231 0.766671
v 0.458396 0.202543 0.779943
v 0.335606 -0.032315 -1.313424
v 0.376216 -0.014000 -0.773266
v 0.191920 -0.013970 -0.761895
v 0.376216 -0.014000 -0.773266
v 0.335606 -0.032315 -1.313424
v 0.313702 0.190292 -1.291471
v 0.313702 0.190292 -1.291471
v 0.354301 0.210881 -0.751245
v 0.376216 -0.014000 -0.773266
v 0.192955 0.207292 -0.741822
v 0.354301 0.210881 -0.751245
v 0.313702 0.190292 -1.291471
v 0.313702 0.190292 -1.291471
v 0.160519 0.185824 -1.280928
v 0.192955 0.207292 -0.741822
v 0.191920 -0.013970 -0.761895
v 0.192955 0.207292 -0.741822
v 0.160519 0.185824 -1.280928
v 0.160519 0.185824 -1.280928
v 0.158450 -0.030901 -1.301596
v 0.191920 -0.013970 -0.761895
v 0.191920 -0.013970 -0.761895
v 0.158450 -0.030901 -1.301596
v 0.335606 -0.032315 -1.313424
v 0.464093 0.268340 0.051025
v 0.478456 0.294355 0.498524
v 0.500401 0.103163 0.478672
v 0.500401 0.103163 0.478672
v 0.486028 0.079421 0.031241
v 0.464093 0.268340 0.051025
v 0.486028 0.079421 0.031241
v 0.500401 0.103163 0.478672
v 0.294688 0.099043 0.488676
v 0.294688 0.099043 0.488676
v 0.287454 0.076685 0.041700
v 0.486028 0.079421 0.031241
v 0.478456 0.294355 0.498524
v 0.458396 0.202543 0.779943
v 0.480619 0.001231 0.766671
v 0.480619 0.001231 0.766671
v 0.500401 0.103163 0.478672
v 0.478456 0.294355 0.498524
v 0.500401 0.103163 0.478672
v 0.480619 0.001231 0.766671
v 0.270166 0.001285 0.767712
v 0.270166 0.001285 0.767712
v 0.294688 0.099043 0.488676
v 0.500401 0.103163 0.478672
v 0.286422 0.266508 0.058212
v 0.287454 0.076685 0.041700
v 0.294688 0.099043 0.488676
v 0.294688 0.099043 0.488676
v 0.270166 0.001285 0.767712
v 0.269627 0.220514 0.781836
v 0.269627 0.220514 0.781836
v 0.292623 0.293402 0.504592
v 0.294688 0.099043 0.488676
v 0.294688 0.099043 0.488676
v 0.292623 0.293402 0.504592
v 0.286422 0.266508 0.058212
v 0.464093 0.268340 0.051025
v 0.286422 0.266508 0.058212
v 0.292623 0.293402 0.504592
v 0.292623 0.293402 0.504592
v 0.478456 0.294355 0.498524
v 0.464093 0.268340 0.051025
v 0.478456 0.294355 0.498524
v 0.292623 0.293402 0.504592
v 0.269627 0.220514 0.781836
v 0.269627 0.220514 0.781836
v 0.458396 0.202543 0.779943
v 0.478456 0.294355 0.498524
v -0.766897 0.036022 -0.920464
v -0.494876 0.059745 -0.714574
v -0.373167 0.039134 -0.874739
v -0.373167 0.039134 -0.874739
v -0.659267 0.014705 -1.064189
v -0.766897 0.036022 -0.920464
v -0.756820 -0.040461 -0.938729
v -0.766897 0.036022 -0.920464
v -0.659267 0.014705 -1.064189
v -0.766897 0.036022 -0.920464
v -0.756820 -0.040461 -0.938729
v -0.489401 0.011884 -0.723889
v -0.659267 0.014705 -1.064189
v -0.683163 -0.049210 -1.036709
v -0.756820 -0.040461 -0.938729
v -0.389935 -0.005655 -0.855505
v -0.683163 -0.049210 -1.036709
v -0.659267 0.014705 -1.064189
v -0.659267 0.014705 -1.064189
v -0.373167 0.039134 -0.874739
v -0.389935 -0.005655 -0.855505
v -0.489401 0.011884 -0.723889
v -0.389935 -0.005655 -0.855505
v -0.373167 0.039134 -0.874739
v -0.373167 0.039134 -0.874739
v -0.494876 0.059745 -0.714574
v -0.489401 0.011884 -0.723889
v -0.489401 0.011884 -0.723889
v -0.494876 0.059745 -0.714574
v -0.766897 0.036022 -0.920464
v 0.075975 0.036022 1.074528
v -0.173779 0.059745 0.842130
v -0.311093 0.039133 0.989135
v -0.311093 0.039133 0.989135
v -0.045667 0.014705 1.206605
v 0.075975 0.036022 1.074528
v 0.064099 -0.040461 1.091677
v 0.075975 0.036022 1.074528
v -0.045667 0.014705 1.206605
v 0.075975 0.036022 1.074528
v 0.064099 -0.040461 1.091677
v -0.180169 0.011884 0.850842
v -0.045667 0.014705 1.206605
v -0.019108 -0.049210 1.181689
v 0.064099 -0.040461 1.091677
v -0.292462 -0.005655 0.971699
v -0.019108 -0.049210 1.181689
v -0.045667 0.014705 1.206605
v -0.045667 0.014705 1.206605
v -0.311093 0.039133 0.989135
v -0.292462 -0.005655 0.971699
v -0.180169 0.011884 0.850842
v -0.292462 -0.005655 0.971699
v -0.311093 0.039133 0.989135
v -0.311093 0.039133 0.989135
v -0.173779 0.059745 0.842130
v -0.180169 0.011884 0.850842
v -0.180169 0.011884 0.850842
v -0.173779 0.059745 0.842130
v 0.075975 0.036022 1.074528
v 0.987549 0.089783 1.179420
v 1.009843 -0.009825 1.242812
v 0.902264 -0.011604 0.575825
v 0.902264 -0.011604 0.575825
v 0.882906 0.065330 0.644227
v 0.987549 0.089783 1.179420
v 0.015920 0.061728 1.273488
v -0.413395 0.101330 1.631292
v 0.131882 0.081319 1.463846
v 0.015920 0.061728 1.273488
v 0.131882 0.081319 1.463846
v 0.615851 0.069018 1.291016
v 0.615851 0.069018 1.291016
v 0.411993 0.056048 0.960956
v 0.015920 0.061728 1.273488
v 0.411993 0.056048 0.960956
v 0.615851 0.069018 1.291016
v 0.987549 0.089783 1.179420
v 0.987549 0.089783 1.179420
v 0.882906 0.065330 0.644227
v 0.411993 0.056048 0.960956
v 0.601282 -0.002659 1.372095
v 1.009843 -0.009825 1.242812
v 0.987549 0.089783 1.179420
v 0.987549 0.089783 1.179420
v 0.615851 0.069018 1.291016
v 0.601282 -0.002659 1.372095
v 0.126618 0.025601 1.525314
v 0.601282 -0.002659 1.372095
v 0.615851 0.069018 1.291016
v 0.615851 0.069018 1.291016
v 0.131882 0.081319 1.463846
v 0.126618 0.025601 1.525314
v 0.126618 0.025601 1.525314
v 0.131882 0.081319 1.463846
v -0.413395 0.101330 1.631292
v 0.882906 0.065330 0.644227
v 0.902264 -0.011604 0.575825
v 0.418547 0.002035 0.925326
v 0.418547 0.002035 0.925326
v 0.411993 0.056048 0.960956
v 0.882906 0.065330 0.644227
v 0.411993 0.056048 0.960956
v 0.418547 0.002035 0.925326
v 0.019964 0.025139 1.248373
v 0.019964 0.025139 1.248373
v 0.015920 0.061728 1.273488
v 0.411993 0.056048 0.960956
v 0.015920 0.061728 1.273488
v 0.019964 0.025139 1.248373
v -0.413395 0.101330 1.631292
v -0.413395 0.101330 1.631292
v 0.019964 0.025139 1.248373
v 0.126618 0.025601 1.525314
v 0.418547 0.002035 0.925326
v 0.601282 -0.002659 1.372095
v 0.126618 0.025601 1.525314
v 0.126618 0.025601 1.525314
v 0.019964 0.025139 1.248373
v 0.418547 0.002035 0.925326
v 1.009843 -0.009825 1.242812
v 0.601282 -0.002659 1.372095
v 0.418547 0.002035 0.925326
v 0.418547 0.002035 0.925326
v 0.902264 -0.011604 0.575825
v 1.009843 -0.009825 1.242812
v 0.260962 0.466016 -0.194057
v 0.860970 0.290914 0.062418
v 0.838035 0.399690 0.016819
v 0.838035 0.399690 0.016819
v 0.340544 0.528609 -0.167198
v 0.260962 0.466016 -0.194057
v 0.503452 0.475595 -1.032843
v 0.599731 0.395293 -0.787051
v 0.629893 0.457890 -0.973049
v 0.292910 0.415882 -0.857395
v 0.503452 0.475595 -1.032843
v 0.333278 0.465702 -1.022067
v 0.292910 0.415882 -0.857395
v 0.599731 0.395293 -0.787051
v 0.503452 0.475595 -1.032843
v 0.599731 0.395293 -0.787051
v 0.292910 0.415882 -0.857395
v 0.304696 0.367907 -0.709789
v 0.304696 0.367907 -0.709789
v 0.544532 0.347689 -0.638823
v 0.599731 0.395293 -0.787051
v 0.636553 0.294443 -0.845362
v 0.499640 0.385299 -1.131282
v 0.679294 0.359048 -1.047628
v 0.636553 0.294443 -0.845362
v 0.568775 0.244831 -0.680864
v 0.193146 0.305387 -0.796306
v 0.193146 0.305387 -0.796306
v 0.208545 0.332205 -0.963288
v 0.636553 0.294443 -0.845362
v 0.636553 0.294443 -0.845362
v 0.208545 0.332205 -0.963288
v 0.499640 0.385299 -1.131282
v 0.208545 0.332205 -0.963288
v 0.276253 0.383951 -1.144367
v 0.499640 0.385299 -1.131282
v 0.260962 0.466016 -0.194057
v 0.340544 0.528609 -0.167198
v 0.304696 0.367907 -0.709789
v 0.304696 0.367907 -0.709789
v 0.193146 0.305387 -0.796306
v 0.260962 0.466016 -0.194057
v 0.193146 0.305387 -0.796306
v 0.304696 0.367907 -0.709789
v 0.292910 0.415882 -0.857395
v 0.292910 0.415882 -0.857395
v 0.208545 0.332205 -0.963288
v 0.193146 0.305387 -0.796306
v 0.208545 0.332205 -0.963288
v 0.292910 0.415882 -0.857395
v 0.333278 0.465702 -1.022067
v 0.499640 0.385299 -1.131282
v 0.503452 0.475595 -1.032843
v 0.629893 0.457890 -0.973049
v 0.333278 0.465702 -1.022067
v 0.503452 0.475595 -1.032843
v 0.499640 0.385299 -1.131282
v 0.499640 0.385299 -1.131282
v 0.276253 0.383951 -1.144367
v 0.333278 0.465702 -1.022067
v 0.333278 0.465702 -1.022067
v 0.276253 0.383951 -1.144367
v 0.208545 0.332205 -0.963288
v 0.629893 0.457890 -0.973049
v 0.679294 0.359048 -1.047628
v 0.499640 0.385299 -1.131282
v 0.636553 0.294443 -0.845362
v 0.679294 0.359048 -1.047628
v 0.629893 0.457890 -0.973049
v 0.629893 0.457890 -0.973049
v 0.599731 0.395293 -0.787051
v 0.636553 0.294443 -0.845362
v 0.568775 0.244831 -0.680864
v 0.636553 0.294443 -0.845362
v 0.599731 0.395293 -0.787051
v 0.599731 0.395293 -0.787051
v 0.544532 0.347689 -0.638823
v 0.568775 0.244831 -0.680864
v 0.836874 0.310916 -0.347730
v 0.340544 0.528609 -0.167198
v 0.838035 0.399690 0.016819
v 0.340544 0.528609 -0.167198
v 0.544532 0.347689 -0.638823
v 0.304696 0.367907 -0.709789
v 0.544532 0.347689 -0.638823
v 0.340544 0.528609 -0.167198
v 0.662434 0.284228 -0.569415
v 0.662434 0.284228 -0.569415
v 0.340544 0.528609 -0.167198
v 0.836874 0.310916 -0.347730
v 0.860970 0.290914 0.062418
v 0.692155 0.161183 -0.588687
v 0.860680 0.167747 -0.344126
v 0.193146 0.305387 -0.796306
v 0.568775 0.244831 -0.680864
v 0.692155 0.161183 -0.588687
v 0.860970 0.290914 0.062418
v 0.193146 0.305387 -0.796306
v 0.692155 0.161183 -0.588687
v 0.860970 0.290914 0.062418
v 0.260962 0.466016 -0.194057
v 0.193146 0.305387 -0.796306
v -0.317170 0.305957 0.415006
v -0.627847 -0.022115 0.862421
v -0.672099 0.118869 0.885744
v -0.672099 0.118869 0.885744
v -0.370703 0.453495 0.462523
v -0.317170 0.305957 0.415006
v -0.357988 0.329266 0.816614
v -0.213838 0.385357 0.629807
v -0.252700 0.450213 0.655992
v -0.357988 0.329266 0.816614
v -0.151809 0.296349 0.601689
v -0.213838 0.385357 0.629807
v -0.357988 0.329266 0.816614
v -0.251103 0.205049 0.797109
v -0.151809 0.296349 0.601689
v -0.251103 0.205049 0.797109
v -0.357988 0.329266 0.816614
v -0.518320 0.131608 0.965388
v -0.518320 0.131608 0.965388
v -0.377949 -0.000382 1.001370
v -0.251103 0.205049 0.797109
v -0.518320 0.131608 0.965388
v -0.672099 0.118869 0.885744
v -0.627847 -0.022115 0.862421
v -0.627847 -0.022115 0.862421
v -0.377949 -0.000382 1.001370
v -0.518320 0.131608 0.965388
v -0.672099 0.118869 0.885744
v -0.518320 0.131608 0.965388
v -0.540262 0.181023 0.967700
v -0.540262 0.181023 0.967700
v -0.660675 0.170637 0.901855
v -0.672099 0.118869 0.885744
v -0.149699 0.578934 0.389889
v -0.150138 0.579098 0.389489
v -0.281339 0.499229 0.664026
v -0.281339 0.499229 0.664026
v -0.252700 0.450213 0.655992
v -0.149699 0.578934 0.389889
v -0.357988 0.329266 0.816614
v -0.252700 0.450213 0.655992
v -0.281339 0.499229 0.664026
v -0.281339 0.499229 0.664026
v -0.389825 0.372620 0.825942
v -0.357988 0.329266 0.816614
v -0.357988 0.329266 0.816614
v -0.389825 0.372620 0.825942
v -0.540262 0.181023 0.967700
v -0.540262 0.181023 0.967700
v -0.518320 0.131608 0.965388
v -0.357988 0.329266 0.816614
v -0.627847 -0.022115 0.862421
v -0.251103 0.205049 0.797109
v -0.377949 -0.000382 1.001370
v -0.627847 -0.022115 0.862421
v -0.151809 0.296349 0.601689
v -0.251103 0.205049 0.797109
v -0.627847 -0.022115 0.862421
v -0.317170 0.305957 0.415006
v -0.151809 0.296349 0.601689
v -0.389825 0.372620 0.825942
v -0.281339 0.499229 0.664026
v -0.149699 0.578934 0.389889
v -0.660675 0.170637 0.901855
v -0.540262 0.181023 0.967700
v -0.389825 0.372620 0.825942
v -0.389825 0.372620 0.825942
v -0.350955 0.498056 0.464972
v -0.660675 0.170637 0.901855
v -0.149699 0.578934 0.389889
v -0.350955 0.498056 0.464972
v -0.389825 0.372620 0.825942
v -0.770580 0.167728 0.300635
v -0.772027 0.211359 0.380332
v -0.955129 0.263743 0.307205
v -0.753437 0.250983 0.275223
v -0.770580 0.167728 0.300635
v -0.955129 0.263743 0.307205
v -0.754884 0.294614 0.354920
v -0.753437 0.250983 0.275223
v -0.955129 0.263743 0.307205
v -0.772027 0.211359 0.380332
v -0.754884 0.294614 0.354920
v -0.955129 0.263743 0.307205
v -0.510578 -0.037867 0.443743
v -0.854904 -0.013572 0.437115
v -0.830880 -0.016801 0.207353
v -0.830880 -0.016801 0.207353
v -0.491190 -0.033358 0.259098
v -0.510578 -0.037867 0.443743
v -0.825238 0.029786 0.228658
v -0.844106 0.032980 0.414073
v -0.791916 0.055258 0.406310
v -0.791916 0.055258 0.406310
v -0.775598 0.052752 0.247295
v -0.825238 0.029786 0.228658
v -0.786758 0.151191 0.510804
v -0.791916 0.055258 0.406310
v -0.844106 0.032980 0.414073
v -0.786758 0.151191 0.510804
v -0.754170 0.230446 0.328540
v -0.791916 0.055258 0.406310
v -0.791916 0.055258 0.406310
v -0.754170 0.230446 0.328540
v -0.775598 0.052752 0.247295
v -0.844106 0.032980 0.414073
v -0.837978 0.145616 0.536519
v -0.786758 0.151191 0.510804
v -0.760107 0.310225 0.512357
v -0.786758 0.151191 0.510804
v -0.837978 0.145616 0.536519
v -0.760107 0.310225 0.512357
v -0.754170 0.230446 0.328540
v -0.786758 0.151191 0.510804
v -0.731962 0.414594 0.412737
v -0.754170 0.230446 0.328540
v -0.760107 0.310225 0.512357
v -0.731962 0.414594 0.412737
v -0.760107 0.310225 0.512357
v -0.806897 0.331293 0.538146
v -0.837978 0.145616 0.536519
v -0.806897 0.331293 0.538146
v -0.760107 0.310225 0.512357
v -0.854904 -0.013572 0.437115
v -0.844106 0.032980 0.414073
v -0.825238 0.029786 0.228658
v -0.844106 0.032980 0.414073
v -0.854904 -0.013572 0.437115
v -0.847720 0.123728 0.587103
v -0.847720 0.123728 0.587103
v -0.837978 0.145616 0.536519
v -0.844106 0.032980 0.414073
v -0.837978 0.145616 0.536519
v -0.847720 0.123728 0.587103
v -0.809109 0.353284 0.589702
v -0.809109 0.353284 0.589702
v -0.806897 0.331293 0.538146
v -0.837978 0.145616 0.536519
v -0.774195 0.453143 0.422224
v -0.806897 0.331293 0.538146
v -0.809109 0.353284 0.589702
v -0.806897 0.331293 0.538146
v -0.774195 0.453143 0.422224
v -0.731962 0.414594 0.412737
v -0.716662 0.409898 0.259679
v -0.731962 0.414594 0.412737
v -0.774195 0.453143 0.422224
v -0.716662 0.409898 0.259679
v -0.754170 0.230446 0.328540
v -0.731962 0.414594 0.412737
v -0.793495 0.149634 0.118418
v -0.791668 0.129723 0.073624
v -0.830880 -0.016801 0.207353
v -0.791668 0.129723 0.073624
v -0.793495 0.149634 0.118418
v -0.763328 0.328042 0.117089
v -0.763328 0.328042 0.117089
v -0.754484 0.347834 0.071441
v -0.791668 0.129723 0.073624
v -0.754484 0.347834 0.071441
v -0.763328 0.328042 0.117089
v -0.756286 0.447947 0.242492
v -0.756286 0.447947 0.242492
v -0.745874 0.496578 0.226211
v -0.754484 0.347834 0.071441
v -0.768057 0.503828 0.445403
v -0.745874 0.496578 0.226211
v -0.756286 0.447947 0.242492
v -0.756286 0.447947 0.242492
v -0.763328 0.328042 0.117089
v -0.722684 0.307066 0.152345
v -0.748471 0.154931 0.153633
v -0.722684 0.307066 0.152345
v -0.763328 0.328042 0.117089
v -0.763328 0.328042 0.117089
v -0.793495 0.149634 0.118418
v -0.748471 0.154931 0.153633
v -0.809109 0.353284 0.589702
v -0.768057 0.503828 0.445403
v -0.774195 0.453143 0.422224
v -0.756286 0.447947 0.242492
v -0.774195 0.453143 0.422224
v -0.768057 0.503828 0.445403
v -0.774195 0.453143 0.422224
v -0.756286 0.447947 0.242492
v -0.716662 0.409898 0.259679
v -0.722684 0.307066 0.152345
v -0.716662 0.409898 0.259679
v -0.756286 0.447947 0.242492
v -0.722684 0.307066 0.152345
v -0.754170 0.230446 0.328540
v -0.716662 0.409898 0.259679
v -0.748471 0.154931 0.153633
v -0.754170 0.230446 0.328540
v -0.722684 0.307066 0.152345
v -0.775598 0.052752 0.247295
v -0.754170 0.230446 0.328540
v -0.748471 0.154931 0.153633
v -0.775598 0.052752 0.247295
v -0.748471 0.154931 0.153633
v -0.793495 0.149634 0.118418
v -0.793495 0.149634 0.118418
v -0.825238 0.029786 0.228658
v -0.775598 0.052752 0.247295
v -0.830880 -0.016801 0.207353
v -0.825238 0.029786 0.228658
v -0.793495 0.149634 0.118418
v -0.825238 0.029786 0.228658
v -0.830880 -0.016801 0.207353
v -0.854904 -0.013572 0.437115
v -0.503260 0.086737 0.576855
v -0.510578 -0.037867 0.443743
v -0.465218 0.182345 0.357717
v -0.473717 0.268269 0.583707
v -0.503260 0.086737 0.576855
v -0.465218 0.182345 0.357717
v -0.439061 0.399584 0.457038
v -0.473717 0.268269 0.583707
v -0.465218 0.182345 0.357717
v -0.465218 0.182345 0.357717
v -0.510578 -0.037867 0.443743
v -0.491190 -0.033358 0.259098
v -0.420506 0.402001 0.277190
v -0.439061 0.399584 0.457038
v -0.465218 0.182345 0.357717
v -0.491190 -0.033358 0.259098
v -0.457366 0.095865 0.137226
v -0.465218 0.182345 0.357717
v -0.457366 0.095865 0.137226
v -0.428008 0.275862 0.143375
v -0.465218 0.182345 0.357717
v -0.465218 0.182345 0.357717
v -0.428008 0.275862 0.143375
v -0.420506 0.402001 0.277190
v -0.847720 0.123728 0.587103
v -0.854904 -0.013572 0.437115
v -0.510578 -0.037867 0.443743
v -0.510578 -0.037867 0.443743
v -0.503260 0.086737 0.576855
v -0.847720 0.123728 0.587103
v 0.444245 -0.000588 -0.838103
v 0.422073 -0.042889 -0.956345
v 0.682638 -0.025395 -1.023598
v 0.682638 -0.025395 -1.023598
v 0.709757 0.032936 -0.878578
v 0.444245 -0.000588 -0.838103
v 0.605592 0.278425 -1.106092
v 0.594758 0.305302 -1.127343
v 0.619876 0.363596 -0.989931
v 0.602188 0.172912 -1.191991
v 0.594758 0.305302 -1.127343
v 0.605592 0.278425 -1.106092
v 0.605592 0.278425 -1.106092
v 0.611635 0.171557 -1.158627
v 0.602188 0.172912 -1.191991
v 0.640736 0.034910 -1.141445
v 0.602188 0.172912 -1.191991
v 0.611635 0.171557 -1.158627
v 0.611635 0.171557 -1.158627
v 0.642956 0.058553 -1.117554
v 0.640736 0.034910 -1.141445
v 0.682638 -0.025395 -1.023598
v 0.640736 0.034910 -1.141445
v 0.642956 0.058553 -1.117554
v 0.642956 0.058553 -1.117554
v 0.677006 0.009413 -1.020581
v 0.682638 -0.025395 -1.023598
v 0.709757 0.032936 -0.878578
v 0.682638 -0.025395 -1.023598
v 0.677006 0.009413 -1.020581
v 0.677006 0.009413 -1.020581
v 0.698463 0.056834 -0.903648
v 0.709757 0.032936 -0.878578
v 0.626003 0.325726 -0.993214
v 0.619876 0.363596 -0.989931
v 0.663779 0.303328 -0.864475
v 0.619876 0.363596 -0.989931
v 0.626003 0.325726 -0.993214
v 0.605592 0.278425 -1.106092
v 0.577215 0.255763 -1.082388
v 0.605592 0.278425 -1.106092
v 0.626003 0.325726 -0.993214
v 0.605592 0.278425 -1.106092
v 0.577215 0.255763 -1.082388
v 0.582393 0.164161 -1.127304
v 0.582393 0.164161 -1.127304
v 0.611635 0.171557 -1.158627
v 0.605592 0.278425 -1.106092
v 0.609156 0.067838 -1.092186
v 0.642956 0.058553 -1.117554
v 0.611635 0.171557 -1.158627
v 0.611635 0.171557 -1.158627
v 0.582393 0.164161 -1.127304
v 0.609156 0.067838 -1.092186
v 0.638223 0.025869 -1.009724
v 0.677006 0.009413 -1.020581
v 0.642956 0.058553 -1.117554
v 0.642956 0.058553 -1.117554
v 0.609156 0.067838 -1.092186
v 0.638223 0.025869 -1.009724
v 0.638223 0.025869 -1.009724
v 0.609156 0.067838 -1.092186
v 0.616812 0.158634 -0.998237
v 0.656741 0.066396 -0.909396
v 0.698463 0.056834 -0.903648
v 0.677006 0.009413 -1.020581
v 0.677006 0.009413 -1.020581
v 0.638223 0.025869 -1.009724
v 0.656741 0.066396 -0.909396
v 0.656741 0.066396 -0.909396
v 0.638223 0.025869 -1.009724
v 0.616812 0.158634 -0.998237
v 0.652431 0.152921 -0.864727
v 0.693338 0.158362 -0.851351
v 0.698463 0.056834 -0.903648
v 0.698463 0.056834 -0.903648
v 0.656741 0.066396 -0.909396
v 0.652431 0.152921 -0.864727
v 0.652431 0.152921 -0.864727
v 0.656741 0.066396 -0.909396
v 0.616812 0.158634 -0.998237
v 0.624800 0.254321 -0.899598
v 0.661098 0.276707 -0.892185
v 0.693338 0.158362 -0.851351
v 0.693338 0.158362 -0.851351
v 0.652431 0.152921 -0.864727
v 0.624800 0.254321 -0.899598
v 0.624800 0.254321 -0.899598
v 0.652431 0.152921 -0.864727
v 0.616812 0.158634 -0.998237
v 0.661098 0.276707 -0.892185
v 0.624800 0.254321 -0.899598
v 0.594623 0.296221 -0.986331
v 0.594623 0.296221 -0.986331
v 0.624800 0.254321 -0.899598
v 0.616812 0.158634 -0.998237
v 0.703760 0.156885 -0.814384
v 0.709757 0.032936 -0.878578
v 0.698463 0.056834 -0.903648
v 0.698463 0.056834 -0.903648
v 0.693338 0.158362 -0.851351
v 0.703760 0.156885 -0.814384
v 0.663779 0.303328 -0.864475
v 0.703760 0.156885 -0.814384
v 0.693338 0.158362 -0.851351
v 0.693338 0.158362 -0.851351
v 0.661098 0.276707 -0.892185
v 0.663779 0.303328 -0.864475
v 0.663779 0.303328 -0.864475
v 0.661098 0.276707 -0.892185
v 0.626003 0.325726 -0.993214
v 0.594623 0.296221 -0.986331
v 0.626003 0.325726 -0.993214
v 0.661098 0.276707 -0.892185
v 0.626003 0.325726 -0.993214
v 0.594623 0.296221 -0.986331
v 0.577215 0.255763 -1.082388
v 0.577215 0.255763 -1.082388
v 0.594623 0.296221 -0.986331
v 0.616812 0.158634 -0.998237
v 0.582393 0.164161 -1.127304
v 0.577215 0.255763 -1.082388
v 0.616812 0.158634 -0.998237
v 0.609156 0.067838 -1.092186
v 0.582393 0.164161 -1.127304
v 0.616812 0.158634 -0.998237
v 0.438070 0.111136 -0.781709
v 0.396114 0.118276 -0.942407
v 0.444245 -0.000588 -0.838103
v 0.407402 0.228144 -0.818321
v 0.396114 0.118276 -0.942407
v 0.438070 0.111136 -0.781709
v 0.369969 0.280588 -0.928370
v 0.396114 0.118276 -0.942407
v 0.407402 0.228144 -0.818321
v 0.396114 0.118276 -0.942407
v 0.422073 -0.042889 -0.956345
v 0.444245 -0.000588 -0.838103
v 0.348716 0.238131 -1.043095
v 0.396114 0.118276 -0.942407
v 0.369969 0.280588 -0.928370
v 0.396114 0.118276 -0.942407
v 0.348716 0.238131 -1.043095
v 0.355075 0.125260 -1.099588
v 0.385559 0.009399 -1.062877
v 0.396114 0.118276 -0.942407
v 0.355075 0.125260 -1.099588
v 0.422073 -0.042889 -0.956345
v 0.396114 0.118276 -0.942407
v 0.385559 0.009399 -1.062877
v 0.703760 0.156885 -0.814384
v 0.438070 0.111136 -0.781709
v 0.444245 -0.000588 -0.838103
v 0.444245 -0.000588 -0.838103
v 0.709757 0.032936 -0.878578
v 0.703760 0.156885 -0.814384
v 0.385559 0.009399 -1.062877
v 0.640736 0.034910 -1.141445
v 0.682638 -0.025395 -1.023598
v 0.682638 -0.025395 -1.023598
v 0.422073 -0.042889 -0.956345
v 0.385559 0.009399 -1.062877
v 0.602188 0.172912 -1.191991
v 0.640736 0.034910 -1.141445
v 0.385559 0.009399 -1.062877
v 0.385559 0.009399 -1.062877
v 0.355075 0.125260 -1.099588
v 0.602188 0.172912 -1.191991
v 0.355075 0.125260 -1.099588
v 0.348716 0.238131 -1.043095
v 0.594758 0.305302 -1.127343
v 0.594758 0.305302 -1.127343
v 0.602188 0.172912 -1.191991
v 0.355075 0.125260 -1.099588
v 0.619876 0.363596 -0.989931
v 0.594758 0.305302 -1.127343
v 0.348716 0.238131 -1.043095
v 0.348716 0.238131 -1.043095
v 0.369969 0.280588 -0.928370
v 0.619876 0.363596 -0.989931
v 0.619876 0.363596 -0.989931
v 0.369969 0.280588 -0.928370
v 0.407402 0.228144 -0.818321
v 0.407402 0.228144 -0.818321
v 0.663779 0.303328 -0.864475
v 0.619876 0.363596 -0.989931
v 0.663779 0.303328 -0.864475
v 0.407402 0.228144 -0.818321
v 0.438070 0.111136 -0.781709
v 0.438070 0.111136 -0.781709
v 0.703760 0.156885 -0.814384
v 0.663779 0.303328 -0.864475
v 0.700555 0.165128 -0.926923
v 0.624662 0.107685 -0.995807
v 0.686304 0.120054 -1.010262
v 0.624662 0.107685 -0.995807
v 0.655702 0.168175 -1.090496
v 0.686304 0.120054 -1.010262
v 0.655702 0.168175 -1.090496
v 0.624662 0.107685 -0.995807
v 0.605707 0.156871 -1.028563
v 0.608382 0.201945 -0.990985
v 0.655702 0.168175 -1.090496
v 0.605707 0.156871 -1.028563
v 0.608382 0.201945 -0.990985
v 0.669951 0.213249 -1.007157
v 0.655702 0.168175 -1.090496
v 0.608382 0.201945 -0.990985
v 0.700555 0.165128 -0.926923
v 0.669951 0.213249 -1.007157
v 0.700555 0.165128 -0.926923
v 0.608382 0.201945 -0.990985
v 0.627272 0.153824 -0.957054
v 0.624662 0.107685 -0.995807
v 0.700555 0.165128 -0.926923
v 0.627272 0.153824 -0.957054
v 0.655702 0.168175 -1.090496
v 1.062216 0.237088 -1.107793
v 0.686304 0.120054 -1.010262
v 0.669951 0.213249 -1.007157
v 1.062216 0.237088 -1.107793
v 0.655702 0.168175 -1.090496
v 0.700555 0.165128 -0.926923
v 1.062216 0.237088 -1.107793
v 0.669951 0.213249 -1.007157
v 0.686304 0.120054 -1.010262
v 1.062216 0.237088 -1.107793
v 0.700555 0.165128 -0.926923
v 0.826559 0.054174 -0.202066
v 1.012131 0.032483 0.084363
v 1.179961 0.014448 -0.026986
v 1.179961 0.014448 -0.026986
v 0.975502 0.035350 -0.302849
v 0.826559 0.054174 -0.202066
v 0.837550 -0.020983 -0.224771
v 0.826559 0.054174 -0.202066
v 0.975502 0.035350 -0.302849
v 0.826559 0.054174 -0.202066
v 0.837550 -0.020983 -0.224771
v 1.017503 -0.014655 0.071853
v 0.975502 0.035350 -0.302849
v 0.939710 -0.028111 -0.292702
v 0.837550 -0.020983 -0.224771
v 1.154866 -0.030018 -0.019903
v 0.939710 -0.028111 -0.292702
v 0.975502 0.035350 -0.302849
v 0.975502 0.035350 -0.302849
v 1.179961 0.014448 -0.026986
v 1.154866 -0.030018 -0.019903
v 1.017503 -0.014655 0.071853
v 1.154866 -0.030018 -0.019903
v 1.179961 0.014448 -0.026986
v 1.179961 0.014448 -0.026986
v 1.012131 0.032483 0.084363
v 1.017503 -0.014655 0.071853
v 1.017503 -0.014655 0.071853
v 1.012131 0.032483 0.084363
v 0.826559 0.054174 -0.202066
v 1.146994 0.286838 0.216458
v 1.132527 -0.006058 0.211690
v 1.169140 -0.007461 0.179074
v 1.169140 -0.007461 0.179074
v 1.201021 0.262901 0.165012
v 1.146994 0.286838 0.216458
v 1.172521 0.333115 0.194049
v 1.146994 0.286838 0.216458
v 1.201021 0.262901 0.165012
v 1.201021 0.262901 0.165012
v 1.209135 0.331712 0.161433
v 1.172521 0.333115 0.194049
v 1.009286 0.336631 0.116054
v 1.172521 0.333115 0.194049
v 1.209135 0.331712 0.161433
v 1.209135 0.331712 0.161433
v 1.009771 0.335765 0.065529
v 1.009286 0.336631 0.116054
v 0.847707 0.340499 0.179533
v 1.009286 0.336631 0.116054
v 1.009771 0.335765 0.065529
v 1.394534 0.262901 0.487039
v 1.331388 0.286044 0.444352
v 1.360290 0.332076 0.463967
v 1.331388 0.286044 0.444352
v 1.394534 0.262901 0.487039
v 1.360796 -0.009248 0.463847
v 1.360796 -0.009248 0.463847
v 1.318119 -0.008104 0.434976
v 1.331388 0.286044 0.444352
v 0.792069 0.343261 0.538982
v 1.003903 0.338926 0.635424
v 1.004487 0.338015 0.579463
v 1.193593 0.334326 0.562870
v 1.004487 0.338015 0.579463
v 1.003903 0.338926 0.635424
v 1.003903 0.338926 0.635424
v 1.206166 0.334216 0.613818
v 1.193593 0.334326 0.562870
v 1.360290 0.332076 0.463967
v 1.193593 0.334326 0.562870
v 1.206166 0.334216 0.613818
v 1.206166 0.334216 0.613818
v 1.402968 0.330932 0.492837
v 1.360290 0.332076 0.463967
v 1.360290 0.332076 0.463967
v 1.402968 0.330932 0.492837
v 1.394534 0.262901 0.487039
v 1.360290 0.332076 0.463967
v 1.331388 0.286044 0.444352
v 1.182782 0.288065 0.531266
v 1.182782 0.288065 0.531266
v 1.193593 0.334326 0.562870
v 1.360290 0.332076 0.463967
v 1.193593 0.334326 0.562870
v 1.182782 0.288065 0.531266
v 1.003760 0.291248 0.545875
v 1.003760 0.291248 0.545875
v 1.004487 0.338015 0.579463
v 1.193593 0.334326 0.562870
v 0.989004 -0.002900 0.540942
v 1.118500 -0.006083 0.490771
v 1.134740 0.288065 0.491260
v 1.134740 0.288065 0.491260
v 1.003760 0.291248 0.545875
v 0.989004 -0.002900 0.540942
v 1.169513 -0.006083 0.521890
v 0.989004 -0.002900 0.540942
v 1.003760 0.291248 0.545875
v 1.003760 0.291248 0.545875
v 1.182782 0.288065 0.531266
v 1.169513 -0.006083 0.521890
v 1.318119 -0.008104 0.434976
v 1.169513 -0.006083 0.521890
v 1.182782 0.288065 0.531266
v 1.182782 0.288065 0.531266
v 1.331388 0.286044 0.444352
v 1.318119 -0.008104 0.434976
v 1.118500 -0.006083 0.490771
v 1.186100 -0.008104 0.345911
v 1.202340 0.286044 0.346400
v 1.202340 0.286044 0.346400
v 1.134740 0.288065 0.491260
v 1.118500 -0.006083 0.490771
v 1.134740 0.288065 0.491260
v 1.202340 0.286044 0.346400
v 1.005843 0.290498 0.344484
v 1.186100 -0.008104 0.345911
v 1.132527 -0.006058 0.211690
v 1.146994 0.286838 0.216458
v 1.146994 0.286838 0.216458
v 1.202340 0.286044 0.346400
v 1.186100 -0.008104 0.345911
v 1.146994 0.286838 0.216458
v 1.007855 0.289790 0.149798
v 1.005843 0.290498 0.344484
v 1.202340 0.286044 0.346400
v 1.146994 0.286838 0.216458
v 1.005843 0.290498 0.344484
v 0.833365 0.341711 0.501052
v 0.857121 0.294370 0.478853
v 0.802207 0.295112 0.342498
v 0.802207 0.295112 0.342498
v 0.769111 0.342696 0.342228
v 0.833365 0.341711 0.501052
v 0.769111 0.342696 0.342228
v 0.802207 0.295112 0.342498
v 0.869375 0.293143 0.204051
v 0.869375 0.293143 0.204051
v 0.847707 0.340499 0.179533
v 0.769111 0.342696 0.342228
v 0.847707 0.340499 0.179533
v 0.869375 0.293143 0.204051
v 1.007855 0.289790 0.149798
v 1.007855 0.289790 0.149798
v 1.009286 0.336631 0.116054
v 0.847707 0.340499 0.179533
v 1.009286 0.336631 0.116054
v 1.007855 0.289790 0.149798
v 1.146994 0.286838 0.216458
v 1.146994 0.286838 0.216458
v 1.172521 0.333115 0.194049
v 1.009286 0.336631 0.116054
v 1.007855 0.289790 0.149798
v 0.869375 0.293143 0.204051
v 1.005843 0.290498 0.344484
v 0.869375 0.293143 0.204051
v 0.802207 0.295112 0.342498
v 1.005843 0.290498 0.344484
v 0.802207 0.295112 0.342498
v 0.857121 0.294370 0.478853
v 1.005843 0.290498 0.344484
v 1.003760 0.291248 0.545875
v 1.134740 0.288065 0.491260
v 1.005843 0.290498 0.344484
v 0.857121 0.294370 0.478853
v 1.003760 0.291248 0.545875
v 1.005843 0.290498 0.344484
v 1.004487 0.338015 0.579463
v 1.003760 0.291248 0.545875
v 0.857121 0.294370 0.478853
v 0.857121 0.294370 0.478853
v 0.833365 0.341711 0.501052
v 1.004487 0.338015 0.579463
v 1.004487 0.338015 0.579463
v 0.833365 0.341711 0.501052
v 0.792069 0.343261 0.538982
v 0.792069 0.343261 0.538982
v 0.833365 0.341711 0.501052
v 0.769111 0.342696 0.342228
v 0.769111 0.342696 0.342228
v 0.713057 0.343941 0.341681
v 0.792069 0.343261 0.538982
v 0.713057 0.343941 0.341681
v 0.769111 0.342696 0.342228
v 0.847707 0.340499 0.179533
v 0.847707 0.340499 0.179533
v 0.809683 0.340758 0.143582
v 0.713057 0.343941 0.341681
v 1.009771 0.335765 0.065529
v 0.809683 0.340758 0.143582
v 0.847707 0.340499 0.179533
v 1.169140 -0.007461 0.179074
v 1.001414 -0.003537 0.107305
v 1.007976 0.262901 0.074500
v 1.007976 0.262901 0.074500
v 1.201021 0.262901 0.165012
v 1.169140 -0.007461 0.179074
v 1.201021 0.262901 0.165012
v 1.007976 0.262901 0.074500
v 1.009771 0.335765 0.065529
v 1.009771 0.335765 0.065529
v 1.209135 0.331712 0.161433
v 1.201021 0.262901 0.165012
v 0.809683 0.340758 0.143582
v 1.009771 0.335765 0.065529
v 1.007976 0.262901 0.074500
v 1.007976 0.262901 0.074500
v 0.814470 0.262901 0.150943
v 0.809683 0.340758 0.143582
v 0.814470 0.262901 0.150943
v 1.007976 0.262901 0.074500
v 1.001414 -0.003537 0.107305
v 1.001414 -0.003537 0.107305
v 0.830618 0.000268 0.175775
v 0.814470 0.262901 0.150943
v 0.827309 -0.000111 0.514386
v 0.996734 -0.004074 0.586172
v 1.002314 0.262901 0.624507
v 0.758879 0.001682 0.341748
v 0.827309 -0.000111 0.514386
v 0.800316 0.262901 0.533226
v 1.002314 0.262901 0.624507
v 0.800316 0.262901 0.533226
v 0.827309 -0.000111 0.514386
v 0.800316 0.262901 0.533226
v 1.002314 0.262901 0.624507
v 1.003903 0.338926 0.635424
v 0.809683 0.340758 0.143582
v 0.814470 0.262901 0.150943
v 0.723907 0.262901 0.341697
v 0.723907 0.262901 0.341697
v 0.713057 0.343941 0.341681
v 0.809683 0.340758 0.143582
v 0.792069 0.343261 0.538982
v 0.713057 0.343941 0.341681
v 0.723907 0.262901 0.341697
v 1.003903 0.338926 0.635424
v 0.792069 0.343261 0.538982
v 0.800316 0.262901 0.533226
v 0.723907 0.262901 0.341697
v 0.800316 0.262901 0.533226
v 0.792069 0.343261 0.538982
v 0.800316 0.262901 0.533226
v 0.723907 0.262901 0.341697
v 0.758879 0.001682 0.341748
v 0.758879 0.001682 0.341748
v 0.723907 0.262901 0.341697
v 0.814470 0.262901 0.150943
v 0.814470 0.262901 0.150943
v 0.830618 0.000268 0.175775
v 0.758879 0.001682 0.341748
v -0.795347 0.119827 -0.755028
v -0.838358 0.125158 -0.802134
v -0.787091 0.201818 -0.836551
v -0.910812 0.136662 -0.740504
v -0.838358 0.125158 -0.802134
v -0.795347 0.119827 -0.755028
v -0.834646 0.148977 -0.719217
v -0.910812 0.136662 -0.740504
v -0.795347 0.119827 -0.755028
v -0.910812 0.136662 -0.740504
v -0.834646 0.148977 -0.719217
v -0.817950 0.208164 -0.725693
v -0.817950 0.208164 -0.725693
v -0.859544 0.213322 -0.774922
v -0.910812 0.136662 -0.740504
v -0.817950 0.208164 -0.725693
v -0.787091 0.201818 -0.836551
v -0.859544 0.213322 -0.774922
v -0.817950 0.208164 -0.725693
v -0.779662 0.179391 -0.759709
v -0.787091 0.201818 -0.836551
v -0.787091 0.201818 -0.836551
v -0.779662 0.179391 -0.759709
v -0.795347 0.119827 -0.755028
v -0.838358 0.125158 -0.802134
v -0.910812 0.136662 -0.740504
v -1.109403 0.200744 -1.094264
v -0.787091 0.201818 -0.836551
v -0.838358 0.125158 -0.802134
v -1.109403 0.200744 -1.094264
v -0.859544 0.213322 -0.774922
v -0.787091 0.201818 -0.836551
v -1.109403 0.200744 -1.094264
v -0.910812 0.136662 -0.740504
v -0.859544 0.213322 -0.774922
v -1.109403 0.200744 -1.094264
v -0.710915 -0.001706 -0.539963
v -0.901317 -0.003322 -0.732326
v -0.780352 -0.004309 -0.834966
v -0.780352 -0.004309 -0.834966
v -0.614039 0.002374 -0.622791
v -0.710915 -0.001706 -0.539963
v -0.775719 0.084093 -0.475622
v -0.710915 -0.001706 -0.539963
v -0.657190 0.151579 -0.570657
v -0.772158 0.210054 -0.465971
v -0.775719 0.084093 -0.475622
v -0.657190 0.151579 -0.570657
v -0.700648 0.301847 -0.518152
v -0.772158 0.210054 -0.465971
v -0.657190 0.151579 -0.570657
v -0.657190 0.151579 -0.570657
v -0.710915 -0.001706 -0.539963
v -0.614039 0.002374 -0.622791
v -0.606366 0.304449 -0.598900
v -0.700648 0.301847 -0.518152
v -0.657190 0.151579 -0.570657
v -0.614039 0.002374 -0.622791
v -0.545124 0.092690 -0.672891
v -0.657190 0.151579 -0.570657
v -0.545124 0.092690 -0.672891
v -0.541255 0.217588 -0.663612
v -0.657190 0.151579 -0.570657
v -0.657190 0.151579 -0.570657
v -0.541255 0.217588 -0.663612
v -0.606366 0.304449 -0.598900
v -0.974763 0.091173 -0.660237
v -0.901317 -0.003322 -0.732326
v -0.710915 -0.001706 -0.539963
v -0.710915 -0.001706 -0.539963
v -0.775719 0.084093 -0.475622
v -0.974763 0.091173 -0.660237
v -1.163108 0.252568 -0.052641
v -1.071787 0.322587 0.028808
v -0.889355 0.284565 -0.039721
v -0.889355 0.284565 -0.039721
v -0.752475 0.237685 -0.119413
v -0.882693 0.100987 -0.284709
v -0.882693 0.100987 -0.284709
v -1.035657 0.108735 -0.256955
v -0.889355 0.284565 -0.039721
v -1.035657 0.108735 -0.256955
v -1.163108 0.252568 -0.052641
v -0.889355 0.284565 -0.039721
v -1.035657 0.108735 -0.256955
v -1.191773 0.146025 -0.183026
v -1.163108 0.252568 -0.052641
v -0.896108 0.217239 0.062005
v -1.090790 0.261706 0.145875
v -1.219768 0.163292 0.029076
v -1.219768 0.163292 0.029076
v -1.286091 0.028354 -0.136659
v -1.121268 -0.024005 -0.237373
v -0.896108 0.217239 0.062005
v -1.219768 0.163292 0.029076
v -1.121268 -0.024005 -0.237373
v -0.896108 0.217239 0.062005
v -1.121268 -0.024005 -0.237373
v -0.965264 -0.027984 -0.304353
v -0.965264 -0.027984 -0.304353
v -0.746978 0.163913 -0.033027
v -0.896108 0.217239 0.062005
v -0.896108 0.217239 0.062005
v -0.889355 0.284565 -0.039721
v -1.071787 0.322587 0.028808
v -0.889355 0.284565 -0.039721
v -0.896108 0.217239 0.062005
v -0.746978 0.163913 -0.033027
v -0.746978 0.163913 -0.033027
v -0.752475 0.237685 -0.119413
v -0.889355 0.284565 -0.039721
v -1.071787 0.322587 0.028808
v -1.090790 0.261706 0.145875
v -0.896108 0.217239 0.062005
v -1.219768 0.163292 0.029076
v -1.090790 0.261706 0.145875
v -1.071787 0.322587 0.028808
v -1.071787 0.322587 0.028808
v -1.163108 0.252568 -0.052641
v -1.219768 0.163292 0.029076
v -1.219768 0.163292 0.029076
v -1.163108 0.252568 -0.052641
v -1.191773 0.146025 -0.183026
v -0.638023 0.267953 -0.025977
v -0.407758 0.418618 -0.007302
v -0.444500 0.334978 -0.558115
v -0.407758 0.418618 -0.007302
v -0.113423 0.542023 -0.206249
v -0.444500 0.334978 -0.558115
v 0.008937 0.583768 -0.791911
v -0.444500 0.334978 -0.558115
v -0.113423 0.542023 -0.206249
v -0.113423 0.542023 -0.206249
v 0.152751 0.681592 -0.444905
v 0.008937 0.583768 -0.791911
v 0.417636 0.824252 -0.964291
v 0.008937 0.583768 -0.791911
v 0.152751 0.681592 -0.444905
v 0.152751 0.681592 -0.444905
v 0.495294 0.891599 -0.765543
v 0.417636 0.824252 -0.964291
v 0.417636 0.824252 -0.964291
v 0.495294 0.891599 -0.765543
v 0.858053 1.122000 -1.141160
v -0.752475 0.237685 -0.119413
v -0.638023 0.267953 -0.025977
v -0.444500 0.334978 -0.558115
v -0.444500 0.334978 -0.558115
v -0.882693 0.100987 -0.284709
v -0.752475 0.237685 -0.119413
v 0.417636 0.824252 -0.964291
v 0.858053 1.122000 -1.141160
v 0.415454 0.780819 -0.974024
v 0.008937 0.583768 -0.791911
v 0.417636 0.824252 -0.964291
v 0.415454 0.780819 -0.974024
v 0.415454 0.780819 -0.974024
v 0.006514 0.520111 -0.805021
v 0.008937 0.583768 -0.791911
v -0.444500 0.334978 -0.558115
v 0.008937 0.583768 -0.791911
v 0.006514 0.520111 -0.805021
v 0.006514 0.520111 -0.805021
v -0.465550 0.234222 -0.577553
v -0.444500 0.334978 -0.558115
v -0.882693 0.100987 -0.284709
v -0.444500 0.334978 -0.558115
v -0.465550 0.234222 -0.577553
v -0.465550 0.234222 -0.577553
v -0.965264 -0.027984 -0.304353
v -0.882693 0.100987 -0.284709
v -1.035657 0.108735 -0.256955
v -0.882693 0.100987 -0.284709
v -0.965264 -0.027984 -0.304353
v -0.965264 -0.027984 -0.304353
v -1.121268 -0.024005 -0.237373
v -1.035657 0.108735 -0.256955
v -1.191773 0.146025 -0.183026
v -1.035657 0.108735 -0.256955
v -1.121268 -0.024005 -0.237373
v -1.121268 -0.024005 -0.237373
v -1.286091 0.028354 -0.136659
v -1.191773 0.146025 -0.183026
v -1.191773 0.146025 -0.183026
v -1.286091 0.028354 -0.136659
v -1.219768 0.163292 0.029076
v -0.752475 0.237685 -0.119413
v -0.746978 0.163913 -0.033027
v -0.603390 0.185020 0.065225
v -0.603390 0.185020 0.065225
v -0.638023 0.267953 -0.025977
v -0.752475 0.237685 -0.119413
v -0.407758 0.418618 -0.007302
v -0.638023 0.267953 -0.025977
v -0.603390 0.185020 0.065225
v -0.603390 0.185020 0.065225
v -0.344444 0.328232 0.091508
v -0.407758 0.418618 -0.007302
v -0.407758 0.418618 -0.007302
v -0.344444 0.328232 0.091508
v -0.023671 0.490062 -0.135129
v -0.023671 0.490062 -0.135129
v -0.113423 0.542023 -0.206249
v -0.407758 0.418618 -0.007302
v -0.113423 0.542023 -0.206249
v -0.023671 0.490062 -0.135129
v 0.254843 0.657520 -0.414549
v 0.254843 0.657520 -0.414549
v 0.152751 0.681592 -0.444905
v -0.113423 0.542023 -0.206249
v 0.152751 0.681592 -0.444905
v 0.254843 0.657520 -0.414549
v 0.570736 0.870647 -0.737612
v 0.570736 0.870647 -0.737612
v 0.495294 0.891599 -0.765543
v 0.152751 0.681592 -0.444905
v 0.570736 0.870647 -0.737612
v 0.858053 1.122000 -1.141160
v 0.495294 0.891599 -0.765543
v -0.023671 0.490062 -0.135129
v -0.344444 0.328232 0.091508
v -0.603390 0.185020 0.065225
v -0.023671 0.490062 -0.135129
v -0.465550 0.234222 -0.577553
v 0.006514 0.520111 -0.805021
v -0.023671 0.490062 -0.135129
v -0.965264 -0.027984 -0.304353
v -0.465550 0.234222 -0.577553
v -0.023671 0.490062 -0.135129
v -0.603390 0.185020 0.065225
v -0.965264 -0.027984 -0.304353
v -0.603390 0.185020 0.065225
v -0.746978 0.163913 -0.033027
v -0.965264 -0.027984 -0.304353
v 0.006514 0.520111 -0.805021
v 0.254843 0.657520 -0.414549
v -0.023671 0.490062 -0.135129
v 0.570736 0.870647 -0.737612
v 0.254843 0.657520 -0.414549
v 0.006514 0.520111 -0.805021
v 0.006514 0.520111 -0.805021
v 0.415454 0.780819 -0.974024
v 0.570736 0.870647 -0.737612
v 0.858053 1.122000 -1.141160
v 0.570736 0.870647 -0.737612
v 0.415454 0.780819 -0.974024
v -0.196765 0.458396 0.302221
v -0.234284 0.427308 0.304964
v 0.026167 0.366662 0.300473
v 0.026167 0.366662 0.300473
v 0.029221 0.421634 0.284473
v -0.196765 0.458396 0.302221
v 0.029221 0.421634 0.284473
v 0.026167 0.366662 0.300473
v 0.231088 0.457473 0.520966
v 0.231088 0.457473 0.520966
v 0.234141 0.512445 0.504966
v 0.029221 0.421634 0.284473
v 0.255206 0.458396 0.302221
v 0.419085 0.510426 0.645704
v 0.762129 0.471175 0.672171
v 0.666771 0.461369 0.770930
v 0.762129 0.471175 0.672171
v 0.419085 0.510426 0.645704
v 0.168030 0.313492 -0.960558
v 0.144310 0.251411 -1.158613
v 0.029221 0.245922 -1.190680
v 0.029221 0.245922 -1.190680
v 0.029221 0.284999 -0.962141
v 0.168030 0.313492 -0.960558
v 0.255206 0.458396 0.302221
v 0.168030 0.313492 -0.960558
v 0.029221 0.284999 -0.962141
v 0.029221 0.284999 -0.962141
v 0.029221 0.421634 0.284473
v 0.255206 0.458396 0.302221
v 0.419085 0.510426 0.645704
v 0.255206 0.458396 0.302221
v 0.029221 0.421634 0.284473
v 0.029221 0.421634 0.284473
v 0.234141 0.512445 0.504966
v 0.419085 0.510426 0.645704
v -0.196765 0.458396 0.302221
v 0.029221 0.421634 0.284473
v 0.029221 0.284999 -0.962141
v 0.029221 0.284999 -0.962141
v -0.109589 0.313491 -0.960557
v -0.196765 0.458396 0.302221
v -0.109589 0.313491 -0.960557
v 0.029221 0.284999 -0.962141
v 0.029221 0.245922 -1.190680
v 0.029221 0.245922 -1.190680
v -0.085869 0.251411 -1.158613
v -0.109589 0.313491 -0.960557
v 0.306995 0.264701 0.320672
v 0.292725 0.427308 0.304964
v 0.793200 0.425535 0.667526
v 0.793200 0.425535 0.667526
v 0.817127 0.281459 0.699902
v 0.306995 0.264701 0.320672
v 0.029221 0.204732 -1.209732
v -0.088309 0.217995 -1.173165
v -0.085869 0.251411 -1.158613
v -0.085869 0.251411 -1.158613
v -0.088309 0.217995 -1.173165
v -0.116823 0.271790 -0.963359
v -0.116823 0.271790 -0.963359
v -0.109589 0.313491 -0.960557
v -0.085869 0.251411 -1.158613
v -0.234284 0.427308 0.304964
v -0.109589 0.313491 -0.960557
v -0.116823 0.271790 -0.963359
v -0.109589 0.313491 -0.960557
v -0.234284 0.427308 0.304964
v -0.196765 0.458396 0.302221
v 0.175264 0.271791 -0.963358
v 0.146751 0.217995 -1.173165
v 0.144310 0.251411 -1.158613
v 0.144310 0.251411 -1.158613
v 0.146751 0.217995 -1.173165
v 0.029221 0.204732 -1.209732
v 0.029221 0.204732 -1.209732
v 0.029221 0.245922 -1.190680
v 0.144310 0.251411 -1.158613
v -0.085869 0.251411 -1.158613
v 0.029221 0.245922 -1.190680
v 0.029221 0.204732 -1.209732
v 0.144310 0.251411 -1.158613
v 0.168030 0.313492 -0.960558
v 0.175264 0.271791 -0.963358
v 0.175264 0.271791 -0.963358
v 0.168030 0.313492 -0.960558
v 0.255206 0.458396 0.302221
v 0.255206 0.458396 0.302221
v 0.292725 0.427308 0.304964
v 0.175264 0.271791 -0.963358
v 0.292725 0.427308 0.304964
v 0.255206 0.458396 0.302221
v 0.762129 0.471175 0.672171
v 0.762129 0.471175 0.672171
v 0.793200 0.425535 0.667526
v 0.292725 0.427308 0.304964
v -0.049114 -0.034842 0.388563
v 0.101919 -0.034989 0.390001
v 0.150318 0.146382 0.458716
v 0.150318 0.146382 0.458716
v -0.129111 0.146536 0.456284
v -0.049114 -0.034842 0.388563
v 0.101919 -0.034989 0.390001
v 0.016361 0.041538 0.075353
v 0.017000 0.162598 0.013156
v 0.017000 0.162598 0.013156
v 0.150318 0.146382 0.458716
v 0.101919 -0.034989 0.390001
v -0.107305 0.347107 0.632770
v -0.096722 0.402580 0.642666
v 0.147920 0.352339 0.451749
v -0.058795 0.212187 0.786132
v -0.037944 0.296994 0.742589
v -0.098917 0.244512 0.728889
v -0.037944 0.296994 0.742589
v -0.058795 0.212187 0.786132
v -0.002436 0.127066 0.846685
v -0.002436 0.127066 0.846685
v 0.032856 0.211939 0.796589
v -0.037944 0.296994 0.742589
v -0.107305 0.347107 0.632770
v -0.098917 0.244512 0.728889
v -0.037944 0.296994 0.742589
v -0.037944 0.296994 0.742589
v -0.096722 0.402580 0.642666
v -0.107305 0.347107 0.632770
v -0.122027 0.163695 0.578499
v -0.114576 0.272161 0.605703
v 0.147920 0.352339 0.451749
v -0.083741 0.192679 0.721295
v -0.114576 0.272161 0.605703
v -0.122027 0.163695 0.578499
v -0.122027 0.163695 0.578499
v -0.140002 0.133846 0.701880
v -0.083741 0.192679 0.721295
v -0.050603 0.151722 0.798610
v -0.083741 0.192679 0.721295
v -0.140002 0.133846 0.701880
v -0.140002 0.133846 0.701880
v -0.075271 0.062585 0.838085
v -0.050603 0.151722 0.798610
v -0.114576 0.272161 0.605703
v -0.107305 0.347107 0.632770
v 0.147920 0.352339 0.451749
v -0.107305 0.347107 0.632770
v -0.114576 0.272161 0.605703
v -0.098917 0.244512 0.728889
v -0.083741 0.192679 0.721295
v -0.098917 0.244512 0.728889
v -0.114576 0.272161 0.605703
v -0.058795 0.212187 0.786132
v -0.098917 0.244512 0.728889
v -0.083741 0.192679 0.721295
v -0.058795 0.212187 0.786132
v -0.083741 0.192679 0.721295
v -0.050603 0.151722 0.798610
v -0.050603 0.151722 0.798610
v -0.002436 0.127066 0.846685
v -0.058795 0.212187 0.786132
v -0.002436 0.127066 0.846685
v -0.050603 0.151722 0.798610
v -0.075271 0.062585 0.838085
v 0.038447 0.078131 0.592950
v -0.122027 0.163695 0.578499
v 0.147920 0.352339 0.451749
v -0.011605 0.001562 0.722211
v -0.122027 0.163695 0.578499
v 0.038447 0.078131 0.592950
v 0.211190 0.067749 0.650692
v 0.038447 0.078131 0.592950
v 0.147920 0.352339 0.451749
v -0.011605 0.001562 0.722211
v 0.038447 0.078131 0.592950
v 0.211190 0.067749 0.650692
v 0.032410 -0.024346 0.848269
v -0.011605 0.001562 0.722211
v 0.211190 0.067749 0.650692
v 0.211190 0.067749 0.650692
v 0.162501 0.046744 0.767420
v 0.032410 -0.024346 0.848269
v 0.032410 -0.024346 0.848269
v 0.024091 0.033975 0.859612
v -0.030486 0.054661 0.879930
v -0.030486 0.054661 0.879930
v -0.078300 -0.127516 0.858503
v 0.032410 -0.024346 0.848269
v -0.078300 -0.127516 0.858503
v -0.011605 0.001562 0.722211
v 0.032410 -0.024346 0.848269
v -0.078300 -0.127516 0.858503
v -0.107053 0.015811 0.818053
v -0.011605 0.001562 0.722211
v -0.122027 0.163695 0.578499
v -0.011605 0.001562 0.722211
v -0.107053 0.015811 0.818053
v -0.107053 0.015811 0.818053
v -0.140002 0.133846 0.701880
v -0.122027 0.163695 0.578499
v -0.107053 0.015811 0.818053
v -0.078300 -0.127516 0.858503
v -0.030486 0.054661 0.879930
v -0.140002 0.133846 0.701880
v -0.107053 0.015811 0.818053
v -0.075271 0.062585 0.838085
v -0.030486 0.054661 0.879930
v -0.075271 0.062585 0.838085
v -0.107053 0.015811 0.818053
v -0.075271 0.062585 0.838085
v -0.030486 0.054661 0.879930
v -0.002436 0.127066 0.846685
v 0.272522 0.237741 0.715062
v 0.176907 0.165092 0.788648
v 0.250303 0.167099 0.684757
v 0.151444 0.242462 0.783621
v 0.176907 0.165092 0.788648
v 0.272522 0.237741 0.715062
v 0.107578 0.164282 0.822178
v 0.176907 0.165092 0.788648
v 0.151444 0.242462 0.783621
v 0.141713 0.127763 0.770141
v 0.250303 0.167099 0.684757
v 0.176907 0.165092 0.788648
v 0.107578 0.164282 0.822178
v 0.141713 0.127763 0.770141
v 0.176907 0.165092 0.788648
v 0.151444 0.242462 0.783621
v 0.032856 0.211939 0.796589
v -0.002436 0.127066 0.846685
v -0.002436 0.127066 0.846685
v 0.107578 0.164282 0.822178
v 0.151444 0.242462 0.783621
v 0.107578 0.164282 0.822178
v -0.002436 0.127066 0.846685
v 0.065665 0.118244 0.823800
v 0.065665 0.118244 0.823800
v 0.141713 0.127763 0.770141
v 0.107578 0.164282 0.822178
v 0.162501 0.046744 0.767420
v 0.024091 0.033975 0.859612
v 0.032410 -0.024346 0.848269
v -0.002436 0.127066 0.846685
v -0.030486 0.054661 0.879930
v 0.024091 0.033975 0.859612
v 0.024091 0.033975 0.859612
v 0.065665 0.118244 0.823800
v -0.002436 0.127066 0.846685
v 0.065665 0.118244 0.823800
v 0.024091 0.033975 0.859612
v 0.162501 0.046744 0.767420
v 0.162501 0.046744 0.767420
v 0.141713 0.127763 0.770141
v 0.065665 0.118244 0.823800
v 0.141713 0.127763 0.770141
v 0.162501 0.046744 0.767420
v 0.211190 0.067749 0.650692
v 0.211190 0.067749 0.650692
v 0.250303 0.167099 0.684757
v 0.141713 0.127763 0.770141
v 0.250303 0.167099 0.684757
v 0.211190 0.067749 0.650692
v 0.147920 0.352339 0.451749
v 0.272522 0.237741 0.715062
v 0.250303 0.167099 0.684757
v 0.147920 0.352339 0.451749
v 0.288851 0.291560 0.726203
v 0.272522 0.237741 0.715062
v 0.147920 0.352339 0.451749
v 0.272522 0.237741 0.715062
v 0.288851 0.291560 0.726203
v 0.151444 0.242462 0.783621
v -0.037944 0.296994 0.742589
v 0.147920 0.352339 0.451749
v -0.096722 0.402580 0.642666
v -0.037944 0.296994 0.742589
v 0.032856 0.211939 0.796589
v 0.147920 0.352339 0.451749
v 0.151444 0.242462 0.783621
v 0.147920 0.352339 0.451749
v 0.032856 0.211939 0.796589
v 0.151444 0.242462 0.783621
v 0.288851 0.291560 0.726203
v 0.147920 0.352339 0.451749
v -0.150138 0.579098 0.389489
v -0.149699 0.578934 0.389889
v -0.151809 0.296349 0.601689
v -0.151809 0.296349 0.601689
v -0.317170 0.305957 0.415006
v -0.150138 0.579098 0.389489
v -0.317170 0.305957 0.415006
v -0.370703 0.453495 0.462523
v -0.150138 0.579098 0.389489
v -0.213838 0.385357 0.629807
v -0.151809 0.296349 0.601689
v -0.149699 0.578934 0.389889
v -0.252700 0.450213 0.655992
v -0.213838 0.385357 0.629807
v -0.149699 0.578934 0.389889
v -0.754484 0.347834 0.071441
v -0.428008 0.275862 0.143375
v -0.457366 0.095865 0.137226
v -0.457366 0.095865 0.137226
v -0.791668 0.129723 0.073624
v -0.754484 0.347834 0.071441
v -0.830880 -0.016801 0.207353
v -0.791668 0.129723 0.073624
v -0.457366 0.095865 0.137226
v -0.457366 0.095865 0.137226
v -0.491190 -0.033358 0.259098
v -0.830880 -0.016801 0.207353
v -0.428008 0.275862 0.143375
v -0.754484 0.347834 0.071441
v -0.745874 0.496578 0.226211
v -0.745874 0.496578 0.226211
v -0.420506 0.402001 0.277190
v -0.428008 0.275862 0.143375
v -0.693725 0.249574 -0.881793
v -0.541255 0.217588 -0.663612
v -0.545124 0.092690 -0.672891
v -0.545124 0.092690 -0.672891
v -0.703815 0.098145 -0.889055
v -0.693725 0.249574 -0.881793
v -0.780352 -0.004309 -0.834966
v -0.703815 0.098145 -0.889055
v -0.545124 0.092690 -0.672891
v -0.545124 0.092690 -0.672891
v -0.614039 0.002374 -0.622791
v -0.780352 -0.004309 -0.834966
v -0.541255 0.217588 -0.663612
v -0.693725 0.249574 -0.881793
v -0.769223 0.351987 -0.807140
v -0.769223 0.351987 -0.807140
v -0.606366 0.304449 -0.598900
v -0.541255 0.217588 -0.663612
v 0.029221 0.086231 -1.194838
v -0.106754 0.117275 -1.190676
v -0.088309 0.217995 -1.173165
v -0.088309 0.217995 -1.173165
v -0.106754 0.117275 -1.190676
v -0.156429 0.140716 -0.968734
v -0.156429 0.140716 -0.968734
v -0.116823 0.271790 -0.963359
v -0.088309 0.217995 -1.173165
v -0.248554 0.264701 0.320672
v -0.116823 0.271790 -0.963359
v -0.156429 0.140716 -0.968734
v -0.116823 0.271790 -0.963359
v -0.248554 0.264701 0.320672
v -0.234284 0.427308 0.304964
v 0.029221 0.086231 -1.194838
v 0.029221 0.204732 -1.209732
v 0.146751 0.217995 -1.173165
v -0.088309 0.217995 -1.173165
v 0.029221 0.204732 -1.209732
v 0.029221 0.086231 -1.194838
v 0.292725 0.427308 0.304964
v 0.306995 0.264701 0.320672
v 0.214870 0.140716 -0.968734
v 0.214870 0.140716 -0.968734
v 0.175264 0.271791 -0.963358
v 0.292725 0.427308 0.304964
v 0.146751 0.217995 -1.173165
v 0.175264 0.271791 -0.963358
v 0.214870 0.140716 -0.968734
v 0.214870 0.140716 -0.968734
v 0.165195 0.117275 -1.190676
v 0.146751 0.217995 -1.173165
v 0.146751 0.217995 -1.173165
v 0.165195 0.117275 -1.190676
v 0.029221 0.086231 -1.194838
v -0.156429 0.140716 -0.968734
v 0.029221 0.109188 -0.968784
v 0.029220 0.256456 0.322000
v 0.029220 0.256456 0.322000
v -0.248554 0.264701 0.320672
v -0.156429 0.140716 -0.968734
v 0.214870 0.140716 -0.968734
v 0.029221 0.086231 -1.194838
v 0.165195 0.117275 -1.190676
v 0.817127 0.281459 0.699902
v 0.619597 0.262168 0.906875
v 0.373309 0.306826 0.713580
v 0.817127 0.281459 0.699902
v 0.373309 0.306826 0.713580
v 0.206316 0.269315 0.548990
v 0.817127 0.281459 0.699902
v 0.206316 0.269315 0.548990
v 0.306995 0.264701 0.320672
v 0.029220 0.256456 0.322000
v 0.306995 0.264701 0.320672
v 0.206316 0.269315 0.548990
v 0.214870 0.140716 -0.968734
v 0.306995 0.264701 0.320672
v 0.029220 0.256456 0.322000
v 0.029220 0.256456 0.322000
v 0.029221 0.109188 -0.968784
v 0.214870 0.140716 -0.968734
v 0.029221 0.109188 -0.968784
v 0.029221 0.086231 -1.194838
v 0.214870 0.140716 -0.968734
v 0.029221 0.109188 -0.968784
v -0.156429 0.140716 -0.968734
v 0.029221 0.086231 -1.194838
v -0.156429 0.140716 -0.968734
v -0.106754 0.117275 -1.190676
v 0.029221 0.086231 -1.194838
v -0.234284 0.427308 0.304964
v -0.248554 0.264701 0.320672
v 0.029220 0.256456 0.322000
v 0.029220 0.256456 0.322000
v 0.026167 0.366662 0.300473
v -0.234284 0.427308 0.304964
v 0.026167 0.366662 0.300473
v 0.029220 0.256456 0.322000
v 0.206316 0.269315 0.548990
v 0.206316 0.269315 0.548990
v 0.231088 0.457473 0.520966
v 0.026167 0.366662 0.300473
v 0.373309 0.306826 0.713580
v 0.231088 0.457473 0.520966
v 0.206316 0.269315 0.548990
v 0.410356 0.458512 0.660160
v 0.231088 0.457473 0.520966
v 0.373309 0.306826 0.713580
v 0.619597 0.262168 0.906875
v 0.410356 0.458512 0.660160
v 0.373309 0.306826 0.713580
v 0.410356 0.458512 0.660160
v 0.619597 0.262168 0.906875
v 0.670789 0.410809 0.789805
v 0.670789 0.410809 0.789805
v 0.619597 0.262168 0.906875
v 0.817127 0.281459 0.699902
v 0.817127 0.281459 0.699902
v 0.793200 0.425535 0.667526
v 0.670789 0.410809 0.789805
v -0.370703 0.453495 0.462523
v -0.672099 0.118869 0.885744
v -0.660675 0.170637 0.901855
v -0.149699 0.578934 0.389889
v -0.150138 0.579098 0.389489
v -0.370703 0.453495 0.462523
v -0.370703 0.453495 0.462523
v -0.350955 0.498056 0.464972
v -0.149699 0.578934 0.389889
v -0.660675 0.170637 0.901855
v -0.350955 0.498056 0.464972
v -0.370703 0.453495 0.462523
v -0.420506 0.402001 0.277190
v -0.745874 0.496578 0.226211
v -0.768057 0.503828 0.445403
v -0.809109 0.353284 0.589702
v -0.847720 0.123728 0.587103
v -0.503260 0.086737 0.576855
v -0.503260 0.086737 0.576855
v -0.473717 0.268269 0.583707
v -0.809109 0.353284 0.589702
v -0.768057 0.503828 0.445403
v -0.809109 0.353284 0.589702
v -0.473717 0.268269 0.583707
v -0.473717 0.268269 0.583707
v -0.439061 0.399584 0.457038
v -0.768057 0.503828 0.445403
v -0.768057 0.503828 0.445403
v -0.439061 0.399584 0.457038
v -0.420506 0.402001 0.277190
v 1.009659 0.284941 0.288025
v 1.010808 0.481782 0.343862
v 1.080356 0.287302 0.348824
v 0.936929 0.287185 0.342456
v 1.010808 0.481782 0.343862
v 1.009659 0.284941 0.288025
v 1.002981 0.286298 0.401678
v 1.010808 0.481782 0.343862
v 0.936929 0.287185 0.342456
v 1.080356 0.287302 0.348824
v 1.010808 0.481782 0.343862
v 1.002981 0.286298 0.401678
v 0.692155 0.161183 -0.588687
v 0.568775 0.244831 -0.680864
v 0.544532 0.347689 -0.638823
v 0.836874 0.310916 -0.347730
v 0.838035 0.399690 0.016819
v 0.860970 0.290914 0.062418
v 0.544532 0.347689 -0.638823
v 0.662434 0.284228 -0.569415
v 0.692155 0.161183 -0.588687
v 0.692155 0.161183 -0.588687
v 0.662434 0.284228 -0.569415
v 0.836874 0.310916 -0.347730
v 0.836874 0.310916 -0.347730
v 0.860680 0.167747 -0.344126
v 0.692155 0.161183 -0.588687
v 0.860970 0.290914 0.062418
v 0.860680 0.167747 -0.344126
v 0.836874 0.310916 -0.347730
v -0.391340 0.079421 0.031240
v -0.192766 0.076685 0.041700
v -0.240533 0.099043 0.488675
v -0.392828 0.268339 0.051025
v -0.391340 0.079421 0.031240
v -0.446246 0.103163 0.478672
v -0.240533 0.099043 0.488675
v -0.446246 0.103163 0.478672
v -0.391340 0.079421 0.031240
v -0.446246 0.103163 0.478672
v -0.240533 0.099043 0.488675
v -0.216011 0.001285 0.767712
v -0.216011 0.001285 0.767712
v -0.426464 0.001231 0.766671
v -0.446246 0.103163 0.478672
v -0.424301 0.294355 0.498523
v -0.446246 0.103163 0.478672
v -0.426464 0.001231 0.766671
v -0.446246 0.103163 0.478672
v -0.424301 0.294355 0.498523
v -0.392828 0.268339 0.051025
v -0.426464 0.001231 0.766671
v -0.404241 0.202543 0.779943
v -0.424301 0.294355 0.498523
v -0.215472 0.220514 0.781836
v -0.216011 0.001285 0.767712
v -0.240533 0.099043 0.488675
v -0.240533 0.099043 0.488675
v -0.192766 0.076685 0.041700
v -0.215158 0.266507 0.058212
v -0.215158 0.266507 0.058212
v -0.238468 0.293402 0.504592
v -0.240533 0.099043 0.488675
v -0.240533 0.099043 0.488675
v -0.238468 0.293402 0.504592
v -0.215472 0.220514 0.781836
v -0.238468 0.293402 0.504592
v -0.215158 0.266507 0.058212
v -0.392828 0.268339 0.051025
v -0.392828 0.268339 0.051025
v -0.424301 0.294355 0.498523
v -0.238468 0.293402 0.504592
v -0.215472 0.220514 0.781836
v -0.238468 0.293402 0.504592
v -0.424301 0.294355 0.498523
v -0.424301 0.294355 0.498523
v -0.404241 0.202543 0.779943
v -0.215472 0.220514 0.781836
v -0.121691 0.207292 -0.741822
v -0.074957 0.185824 -1.280928
v -0.228140 0.190292 -1.291471
v -0.074957 0.185824 -1.280928
v -0.121691 0.207292 -0.741822
v -0.120655 -0.004291 -0.761328
v -0.228140 0.190292 -1.291471
v -0.283036 0.210881 -0.751245
v -0.121691 0.207292 -0.741822
v -0.304951 -0.004322 -0.772700
v -0.283036 0.210881 -0.751245
v -0.228140 0.190292 -1.291471
v -0.228140 0.190292 -1.291471
v -0.250044 -0.022636 -1.312858
v -0.304951 -0.004322 -0.772700
v -0.120655 -0.004291 -0.761328
v -0.304951 -0.004322 -0.772700
v -0.250044 -0.022636 -1.312858
v -0.250044 -0.022636 -1.312858
v -0.072888 -0.021222 -1.301030
v -0.120655 -0.004291 -0.761328
v -0.120655 -0.004291 -0.761328
v -0.072888 -0.021222 -1.301030
v -0.074957 0.185824 -1.280928
v -0.168422 0.052422 -0.372733
v -0.120655 -0.004291 -0.761328
v -0.121691 0.207292 -0.741822
v -0.121691 0.207292 -0.741822
v -0.168424 0.237709 -0.355626
v -0.168422 0.052422 -0.372733
v -0.168424 0.237709 -0.355626
v -0.121691 0.207292 -0.741822
v -0.283036 0.210881 -0.751245
v -0.283036 0.210881 -0.751245
v -0.337932 0.240419 -0.363931
v -0.168424 0.237709 -0.355626
v -0.359857 0.053775 -0.383648
v -0.168422 0.052422 -0.372733
v -0.192766 0.076685 0.041700
v -0.192766 0.076685 0.041700
v -0.391340 0.079421 0.031240
v -0.359857 0.053775 -0.383648
v -0.337932 0.240419 -0.363931
v -0.359857 0.053775 -0.383648
v -0.391340 0.079421 0.031240
v -0.391340 0.079421 0.031240
v -0.392828 0.268339 0.051025
v -0.337932 0.240419 -0.363931
v -0.359857 0.053775 -0.383648
v -0.337932 0.240419 -0.363931
v -0.283036 0.210881 -0.751245
v -0.283036 0.210881 -0.751245
v -0.304951 -0.004322 -0.772700
v -0.359857 0.053775 -0.383648
v -0.168422 0.052422 -0.372733
v -0.359857 0.053775 -0.383648
v -0.304951 -0.004322 -0.772700
v -0.304951 -0.004322 -0.772700
v -0.120655 -0.004291 -0.761328
v -0.168422 0.052422 -0.372733
v -0.192766 0.076685 0.041700
v -0.168422 0.052422 -0.372733
v -0.168424 0.237709 -0.355626
v -0.168424 0.237709 -0.355626
v -0.215158 0.266507 0.058212
v -0.192766 0.076685 0.041700
v -0.215158 0.266507 0.058212
v -0.168424 0.237709 -0.355626
v -0.337932 0.240419 -0.363931
v -0.337932 0.240419 -0.363931
v -0.392828 0.268339 0.051025
v -0.215158 0.266507 0.058212
v -0.606366 0.304449 -0.598900
v -0.769223 0.351987 -0.807140
v -0.884437 0.355825 -0.709048
v -0.966726 0.250520 -0.650411
v -0.974763 0.091173 -0.660237
v -0.775719 0.084093 -0.475622
v -0.775719 0.084093 -0.475622
v -0.772158 0.210054 -0.465971
v -0.966726 0.250520 -0.650411
v -0.884437 0.355825 -0.709048
v -0.966726 0.250520 -0.650411
v -0.772158 0.210054 -0.465971
v -0.772158 0.210054 -0.465971
v -0.700648 0.301847 -0.518152
v -0.884437 0.355825 -0.709048
v -0.884437 0.355825 -0.709048
v -0.700648 0.301847 -0.518152
v -0.606366 0.304449 -0.598900
v 0.602658 0.144311 -1.104877
v 0.583447 0.161746 -1.108186
v 0.593613 0.141814 -1.087284
v 0.611463 0.120890 -1.092874
v 0.593613 0.141814 -1.087284
v 0.606931 0.120608 -1.055040
v 0.611463 0.120890 -1.092874
v 0.602658 0.144311 -1.104877
v 0.593613 0.141814 -1.087284
v 0.588889 0.138684 -1.109274
v 0.602658 0.144311 -1.104877
v 0.611463 0.120890 -1.092874
v 0.583447 0.161746 -1.108186
v 0.602658 0.144311 -1.104877
v 0.588889 0.138684 -1.109274
v 0.611463 0.120890 -1.092874
v 0.604944 0.090812 -1.092509
v 0.588889 0.138684 -1.109274
v 0.604944 0.090812 -1.092509
v 0.611463 0.120890 -1.092874
v 0.625882 0.094730 -1.061138
v 0.606931 0.120608 -1.055040
v 0.625882 0.094730 -1.061138
v 0.611463 0.120890 -1.092874
v 0.625882 0.094730 -1.061138
v 0.606931 0.120608 -1.055040
v 0.624662 0.107685 -0.995807
v 0.644031 0.077602 -1.005533
v 0.638837 0.041560 -1.005778
v 0.620463 0.059697 -1.061280
v 0.650468 0.053773 -0.947167
v 0.638837 0.041560 -1.005778
v 0.644031 0.077602 -1.005533
v 0.644031 0.077602 -1.005533
v 0.655792 0.089231 -0.946981
v 0.650468 0.053773 -0.947167
v 0.652439 0.083641 -0.909692
v 0.650468 0.053773 -0.947167
v 0.655792 0.089231 -0.946981
v 0.655792 0.089231 -0.946981
v 0.659064 0.113245 -0.910106
v 0.652439 0.083641 -0.909692
v 0.649265 0.130598 -0.883376
v 0.652439 0.083641 -0.909692
v 0.659064 0.113245 -0.910106
v 0.659064 0.113245 -0.910106
v 0.658325 0.136879 -0.897163
v 0.649265 0.130598 -0.883376
v 0.658325 0.136879 -0.897163
v 0.645176 0.151380 -0.879137
v 0.649265 0.130598 -0.883376
v 0.643015 0.134006 -0.904993
v 0.645176 0.151380 -0.879137
v 0.658325 0.136879 -0.897163
v 0.643015 0.134006 -0.904993
v 0.658325 0.136879 -0.897163
v 0.659064 0.113245 -0.910106
v 0.636747 0.115534 -0.940841
v 0.643015 0.134006 -0.904993
v 0.659064 0.113245 -0.910106
v 0.659064 0.113245 -0.910106
v 0.655792 0.089231 -0.946981
v 0.636747 0.115534 -0.940841
v 0.624662 0.107685 -0.995807
v 0.636747 0.115534 -0.940841
v 0.655792 0.089231 -0.946981
v 0.655792 0.089231 -0.946981
v 0.644031 0.077602 -1.005533
v 0.624662 0.107685 -0.995807
v 0.624662 0.107685 -0.995807
v 0.644031 0.077602 -1.005533
v 0.625882 0.094730 -1.061138
v 0.620463 0.059697 -1.061280
v 0.625882 0.094730 -1.061138
v 0.644031 0.077602 -1.005533
v 0.625882 0.094730 -1.061138
v 0.620463 0.059697 -1.061280
v 0.604944 0.090812 -1.092509
v -0.757297 0.305378 0.170268
v -0.763242 0.272785 0.157195
v -0.780556 0.276099 0.168055
v -0.780556 0.276099 0.168055
v -0.767508 0.265199 0.190180
v -0.757297 0.305378 0.170268
v -0.789638 0.235793 0.173508
v -0.767508 0.265199 0.190180
v -0.780556 0.276099 0.168055
v -0.780696 0.216952 0.225661
v -0.767508 0.265199 0.190180
v -0.789638 0.235793 0.173508
v -0.789638 0.235793 0.173508
v -0.804039 0.180694 0.205790
v -0.780696 0.216952 0.225661
v -0.797966 0.163127 0.297215
v -0.780696 0.216952 0.225661
v -0.804039 0.180694 0.205790
v -0.804039 0.180694 0.205790
v -0.789638 0.235793 0.173508
v -0.780000 0.194670 0.157240
v -0.763242 0.272785 0.157195
v -0.780000 0.194670 0.157240
v -0.789638 0.235793 0.173508
v -0.789638 0.235793 0.173508
v -0.780556 0.276099 0.168055
v -0.763242 0.272785 0.157195
v -0.814327 0.153421 0.446996
v -0.834143 0.124303 0.430852
v -0.833179 0.150883 0.461388
v -0.834143 0.124303 0.430852
v -0.814327 0.153421 0.446996
v -0.808584 0.146862 0.386311
v -0.808584 0.146862 0.386311
v -0.832032 0.110016 0.366165
v -0.834143 0.124303 0.430852
v -0.832032 0.110016 0.366165
v -0.808584 0.146862 0.386311
v -0.797966 0.163127 0.297215
v -0.797966 0.163127 0.297215
v -0.821557 0.125472 0.276691
v -0.832032 0.110016 0.366165
v -0.804039 0.180694 0.205790
v -0.821557 0.125472 0.276691
v -0.797966 0.163127 0.297215
v -0.821557 0.125472 0.276691
v -0.804039 0.180694 0.205790
v -0.795615 0.132721 0.186322
v -0.780000 0.194670 0.157240
v -0.795615 0.132721 0.186322
v -0.804039 0.180694 0.205790
v -0.814327 0.153421 0.446996
v -0.833179 0.150883 0.461388
v -0.815664 0.164209 0.492620
v -0.833179 0.150883 0.461388
v -0.820264 0.136630 0.476183
v -0.815664 0.164209 0.492620
v -0.820264 0.136630 0.476183
v -0.833179 0.150883 0.461388
v -0.834143 0.124303 0.430852
v -0.834143 0.124303 0.430852
v -0.824390 0.083835 0.414890
v -0.820264 0.136630 0.476183
v -0.824390 0.083835 0.414890
v -0.834143 0.124303 0.430852
v -0.832032 0.110016 0.366165
v -0.832032 0.110016 0.366165
v -0.823712 0.061455 0.346422
v -0.824390 0.083835 0.414890
v -0.823712 0.061455 0.346422
v -0.832032 0.110016 0.366165
v -0.821557 0.125472 0.276691
v -0.821557 0.125472 0.276691
v -0.813380 0.076102 0.256571
v -0.823712 0.061455 0.346422
v -0.795615 0.132721 0.186322
v -0.813380 0.076102 0.256571
v -0.821557 0.125472 0.276691
v 1.006108 0.288503 0.172140
v 1.036301 0.306064 0.185671
v 1.041634 0.289492 0.174461
v 1.036301 0.306064 0.185671
v 1.006108 0.288503 0.172140
v 1.034990 0.289278 0.207921
v 1.071288 0.307020 0.208295
v 1.036301 0.306064 0.185671
v 1.034990 0.289278 0.207921
v 1.071288 0.307020 0.208295
v 1.034990 0.289278 0.207921
v 1.064883 0.290066 0.261460
v 1.064883 0.290066 0.261460
v 1.108836 0.308022 0.261909
v 1.071288 0.307020 0.208295
v 1.108836 0.308022 0.261909
v 1.064883 0.290066 0.261460
v 1.080356 0.287302 0.348824
v 1.113794 0.291475 0.208693
v 1.071288 0.307020 0.208295
v 1.108836 0.308022 0.261909
v 1.071288 0.307020 0.208295
v 1.113794 0.291475 0.208693
v 1.041634 0.289492 0.174461
v 1.041634 0.289492 0.174461
v 1.036301 0.306064 0.185671
v 1.071288 0.307020 0.208295
v 1.130513 0.308551 0.350865
v 1.182234 0.293263 0.351354
v 1.158997 0.292690 0.262382
v 1.158576 0.292528 0.439865
v 1.182234 0.293263 0.351354
v 1.130513 0.308551 0.350865
v 1.130513 0.308551 0.350865
v 1.107759 0.307841 0.439386
v 1.158576 0.292528 0.439865
v 1.109556 0.291116 0.492631
v 1.158576 0.292528 0.439865
v 1.107759 0.307841 0.439386
v 1.107759 0.307841 0.439386
v 1.067781 0.306681 0.492240
v 1.109556 0.291116 0.492631
v 1.035700 0.291265 0.525893
v 1.109556 0.291116 0.492631
v 1.067781 0.306681 0.492240
v 1.067781 0.306681 0.492240
v 1.030879 0.307875 0.508873
v 1.035700 0.291265 0.525893
v 1.108836 0.308022 0.261909
v 1.158997 0.292690 0.262382
v 1.113794 0.291475 0.208693
v 1.158997 0.292690 0.262382
v 1.108836 0.308022 0.261909
v 1.130513 0.308551 0.350865
v 1.080356 0.287302 0.348824
v 1.130513 0.308551 0.350865
v 1.108836 0.308022 0.261909
v 1.107759 0.307841 0.439386
v 1.130513 0.308551 0.350865
v 1.080356 0.287302 0.348824
v 1.080356 0.287302 0.348824
v 1.063149 0.289868 0.438930
v 1.107759 0.307841 0.439386
v 1.067781 0.306681 0.492240
v 1.107759 0.307841 0.439386
v 1.063149 0.289868 0.438930
v 1.063149 0.289868 0.438930
v 1.032267 0.291198 0.491875
v 1.067781 0.306681 0.492240
v 1.032267 0.291198 0.491875
v 1.030879 0.307875 0.508873
v 1.067781 0.306681 0.492240
v 1.032267 0.291198 0.491875
v 1.003413 0.290362 0.528841
v 1.030879 0.307875 0.508873
v 1.030879 0.307875 0.508873
v 1.003413 0.290362 0.528841
v 1.035700 0.291265 0.525893
v -0.839603 0.081724 -0.742321
v -0.837558 0.107362 -0.721565
v -0.795347 0.119827 -0.755028
v -0.837558 0.107362 -0.721565
v -0.839603 0.081724 -0.742321
v -0.870753 0.091114 -0.712509
v -0.870753 0.091114 -0.712509
v -0.868515 0.111438 -0.695285
v -0.837558 0.107362 -0.721565
v -0.868515 0.111438 -0.695285
v -0.870753 0.091114 -0.712509
v -0.885454 0.108827 -0.698482
v -0.868515 0.111438 -0.695285
v -0.885454 0.108827 -0.698482
v -0.890438 0.118541 -0.674215
v -0.885454 0.108827 -0.698482
v -0.884082 0.099986 -0.683265
v -0.890438 0.118541 -0.674215
v -0.884082 0.099986 -0.683265
v -0.885454 0.108827 -0.698482
v -0.870753 0.091114 -0.712509
v -0.870753 0.091114 -0.712509
v -0.855835 0.064696 -0.712663
v -0.884082 0.099986 -0.683265
v -0.855835 0.064696 -0.712663
v -0.870753 0.091114 -0.712509
v -0.839603 0.081724 -0.742321
v -0.794225 0.092514 -0.781387
v -0.777825 0.060102 -0.783949
v -0.823337 0.049856 -0.744664
v -0.739300 0.098607 -0.811882
v -0.777825 0.060102 -0.783949
v -0.794225 0.092514 -0.781387
v -0.794225 0.092514 -0.781387
v -0.755468 0.130079 -0.809698
v -0.739300 0.098607 -0.811882
v -0.720844 0.140548 -0.821075
v -0.739300 0.098607 -0.811882
v -0.755468 0.130079 -0.809698
v -0.755468 0.130079 -0.809698
v -0.735871 0.167407 -0.820744
v -0.720844 0.140548 -0.821075
v -0.715736 0.193289 -0.816285
v -0.720844 0.140548 -0.821075
v -0.735871 0.167407 -0.820744
v -0.735871 0.167407 -0.820744
v -0.730543 0.194643 -0.820701
v -0.715736 0.193289 -0.816285
v -0.839603 0.081724 -0.742321
v -0.823337 0.049856 -0.744664
v -0.855835 0.064696 -0.712663
v -0.823337 0.049856 -0.744664
v -0.839603 0.081724 -0.742321
v -0.794225 0.092514 -0.781387
v -0.795347 0.119827 -0.755028
v -0.794225 0.092514 -0.781387
v -0.839603 0.081724 -0.742321
v -0.755468 0.130079 -0.809698
v -0.794225 0.092514 -0.781387
v -0.795347 0.119827 -0.755028
v -0.795347 0.119827 -0.755028
v -0.753325 0.155321 -0.789101
v -0.755468 0.130079 -0.809698
v -0.735871 0.167407 -0.820744
v -0.755468 0.130079 -0.809698
v -0.753325 0.155321 -0.789101
v -0.753325 0.155321 -0.789101
v -0.732588 0.188036 -0.802000
v -0.735871 0.167407 -0.820744
v -0.735871 0.167407 -0.820744
v -0.732588 0.188036 -0.802000
v -0.730543 0.194643 -0.820701
v -0.730543 0.194643 -0.820701
v -0.732588 0.188036 -0.802000
v -0.720097 0.215242 -0.808432
v -0.720097 0.215242 -0.808432
v -0.715736 0.193289 -0.816285
v -0.730543 0.194643 -0.820701
v -0.396359 -0.048321 -1.279025
v -0.488980 -0.058655 -1.355127
v -0.370628 -0.022699 -1.414647
v -0.275758 -0.009506 -1.343360
v -0.305931 -0.038232 -1.204726
v -0.396359 -0.048321 -1.279025
v -0.396359 -0.048321 -1.279025
v -0.287031 -0.049347 -1.414886
v -0.275758 -0.009506 -1.343360
v -0.370628 -0.022699 -1.414647
v -0.287031 -0.049347 -1.414886
v -0.396359 -0.048321 -1.279025
v -0.339722 0.086348 -1.071493
v -0.401933 -0.005166 -0.991542
v -0.305931 -0.038232 -1.204726
v -0.305931 -0.038232 -1.204726
v -0.363961 0.127156 -1.156896
v -0.339722 0.086348 -1.071493
v -0.363961 0.127156 -1.156896
v -0.435786 0.143583 -1.039150
v -0.339722 0.086348 -1.071493
v -0.435786 0.143583 -1.039150
v -0.363961 0.127156 -1.156896
v -0.412545 0.218293 -1.150339
v -0.435786 0.143583 -1.039150
v -0.412545 0.218293 -1.150339
v -0.587873 0.202264 -1.082219
v -0.396359 -0.048321 -1.279025
v -0.305931 -0.038232 -1.204726
v -0.401933 -0.005166 -0.991542
v -0.401933 -0.005166 -0.991542
v -0.339722 0.086348 -1.071493
v -0.435786 0.143583 -1.039150
v -0.435786 0.143583 -1.039150
v -0.572716 -0.073172 -1.063263
v -0.401933 -0.005166 -0.991542
v -0.401933 -0.005166 -0.991542
v -0.572716 -0.073172 -1.063263
v -0.396359 -0.048321 -1.279025
v -0.650888 0.119669 -1.215413
v -0.601493 0.068562 -1.047486
v -0.587873 0.202264 -1.082219
v -0.601493 0.068562 -1.047486
v -0.435786 0.143583 -1.039150
v -0.587873 0.202264 -1.082219
v -0.572716 -0.073172 -1.063263
v -0.435786 0.143583 -1.039150
v -0.601493 0.068562 -1.047486
v -0.650888 0.119669 -1.215413
v -0.628936 0.054079 -1.309123
v -0.683170 -0.036545 -1.222618
v -0.572716 -0.073172 -1.063263
v -0.650888 0.119669 -1.215413
v -0.683170 -0.036545 -1.222618
v -0.572716 -0.073172 -1.063263
v -0.601493 0.068562 -1.047486
v -0.650888 0.119669 -1.215413
v -0.396359 -0.048321 -1.279025
v -0.572716 -0.073172 -1.063263
v -0.683170 -0.036545 -1.222618
v -0.683170 -0.036545 -1.222618
v -0.488980 -0.058655 -1.355127
v -0.396359 -0.048321 -1.279025
v -0.683170 -0.036545 -1.222618
v -0.628936 0.054079 -1.309123
v -0.488980 -0.058655 -1.355127
v -0.628936 0.054079 -1.309123
v -0.546680 0.106769 -1.307026
v -0.488980 -0.058655 -1.355127
v -0.650888 0.119669 -1.215413
v -0.546680 0.106769 -1.307026
v -0.628936 0.054079 -1.309123
v -0.546680 0.106769 -1.307026
v -0.650888 0.119669 -1.215413
v -0.556122 0.202273 -1.268308
v -0.556122 0.202273 -1.268308
v -0.650888 0.119669 -1.215413
v -0.587873 0.202264 -1.082219
v -0.587873 0.202264 -1.082219
v -0.473430 0.237409 -1.226277
v -0.556122 0.202273 -1.268308
v -0.587873 0.202264 -1.082219
v -0.412545 0.218293 -1.150339
v -0.473430 0.237409 -1.226277
v -0.473430 0.237409 -1.226277
v -0.412545 0.218293 -1.150339
v -0.363961 0.127156 -1.156896
v -0.546680 0.106769 -1.307026
v -0.458694 0.141027 -1.283774
v -0.422618 0.095560 -1.357493
v -0.488980 -0.058655 -1.355127
v -0.546680 0.106769 -1.307026
v -0.422618 0.095560 -1.357493
v -0.473430 0.237409 -1.226277
v -0.458694 0.141027 -1.283774
v -0.546680 0.106769 -1.307026
v -0.546680 0.106769 -1.307026
v -0.556122 0.202273 -1.268308
v -0.473430 0.237409 -1.226277
v -0.339646 0.110731 -1.372470
v -0.287031 -0.049347 -1.414886
v -0.370628 -0.022699 -1.414647
v -0.275758 -0.009506 -1.343360
v -0.287031 -0.049347 -1.414886
v -0.339646 0.110731 -1.372470
v -0.339646 0.110731 -1.372470
v -0.336913 0.105164 -1.287774
v -0.275758 -0.009506 -1.343360
v -0.408103 0.147156 -1.242516
v -0.336913 0.105164 -1.287774
v -0.339646 0.110731 -1.372470
v -0.339646 0.110731 -1.372470
v -0.414084 0.167165 -1.288967
v -0.408103 0.147156 -1.242516
v -0.305931 -0.038232 -1.204726
v -0.275758 -0.009506 -1.343360
v -0.336913 0.105164 -1.287774
v -0.336913 0.105164 -1.287774
v -0.363961 0.127156 -1.156896
v -0.305931 -0.038232 -1.204726
v -0.408103 0.147156 -1.242516
v -0.363961 0.127156 -1.156896
v -0.336913 0.105164 -1.287774
v -0.363961 0.127156 -1.156896
v -0.408103 0.147156 -1.242516
v -0.473430 0.237409 -1.226277
v -0.408103 0.147156 -1.242516
v -0.414084 0.167165 -1.288967
v -0.473430 0.237409 -1.226277
v -0.473430 0.237409 -1.226277
v -0.414084 0.167165 -1.288967
v -0.458694 0.141027 -1.283774
v -0.458694 0.141027 -1.283774
v -0.414084 0.167165 -1.288967
v -0.339646 0.110731 -1.372470
v -0.339646 0.110731 -1.372470
v -0.422618 0.095560 -1.357493
v -0.458694 0.141027 -1.283774
v -0.370628 -0.022699 -1.414647
v -0.422618 0.095560 -1.357493
v -0.339646 0.110731 -1.372470
v -0.422618 0.095560 -1.357493
v -0.370628 -0.022699 -1.414647
v -0.488980 -0.058655 -1.355127
v -0.505218 0.028398 1.354597
v -0.480347 0.001978 1.374824
v -0.446591 0.033422 1.304559
v -0.446591 0.033422 1.304559
v -0.519314 0.003096 1.338873
v -0.505218 0.028398 1.354597
v -0.601737 0.012163 1.112591
v -0.526819 0.044322 1.047255
v -0.610528 0.042374 1.028893
v -0.526819 0.044322 1.047255
v -0.601737 0.012163 1.112591
v -0.537288 0.012525 1.147902
v -0.537288 0.012525 1.147902
v -0.465189 0.044452 1.085048
v -0.526819 0.044322 1.047255
v -0.436663 0.041855 1.151971
v -0.465189 0.044452 1.085048
v -0.537288 0.012525 1.147902
v -0.610528 0.042374 1.028893
v -0.576825 0.018820 0.963969
v -0.667382 0.013812 0.988982
v -0.576825 0.018820 0.963969
v -0.610528 0.042374 1.028893
v -0.526819 0.044322 1.047255
v -0.526819 0.044322 1.047255
v -0.478045 0.021189 0.986207
v -0.576825 0.018820 0.963969
v -0.478045 0.021189 0.986207
v -0.526819 0.044322 1.047255
v -0.465189 0.044452 1.085048
v -0.719917 0.008520 1.109127
v -0.732221 0.034010 1.103223
v -0.770489 0.003424 1.157045
v -0.719917 0.008520 1.109127
v -0.770489 0.003424 1.157045
v -0.757295 0.008352 1.072413
v -0.732221 0.034010 1.103223
v -0.757295 0.008352 1.072413
v -0.770489 0.003424 1.157045
v -0.682691 0.039415 1.039102
v -0.757295 0.008352 1.072413
v -0.732221 0.034010 1.103223
v -0.719917 0.008520 1.109127
v -0.682691 0.039415 1.039102
v -0.732221 0.034010 1.103223
v -0.682691 0.039415 1.039102
v -0.719917 0.008520 1.109127
v -0.660365 0.012397 1.089502
v -0.660365 0.012397 1.089502
v -0.719917 0.008520 1.109127
v -0.757295 0.008352 1.072413
v -0.660365 0.012397 1.089502
v -0.757295 0.008352 1.072413
v -0.478045 0.021189 0.986207
v -0.757295 0.008352 1.072413
v -0.667382 0.013812 0.988982
v -0.478045 0.021189 0.986207
v -0.667382 0.013812 0.988982
v -0.576825 0.018820 0.963969
v -0.478045 0.021189 0.986207
v -0.682691 0.039415 1.039102
v -0.721224 0.010775 1.027812
v -0.757295 0.008352 1.072413
v -0.537288 0.012525 1.147902
v -0.510347 0.009797 1.216221
v -0.436663 0.041855 1.151971
v -0.510347 0.009797 1.216221
v -0.537288 0.012525 1.147902
v -0.478045 0.021189 0.986207
v -0.537288 0.012525 1.147902
v -0.601737 0.012163 1.112591
v -0.478045 0.021189 0.986207
v -0.601737 0.012163 1.112591
v -0.660365 0.012397 1.089502
v -0.478045 0.021189 0.986207
v -0.610528 0.042374 1.028893
v -0.660365 0.012397 1.089502
v -0.601737 0.012163 1.112591
v -0.660365 0.012397 1.089502
v -0.610528 0.042374 1.028893
v -0.682691 0.039415 1.039102
v -0.667382 0.013812 0.988982
v -0.682691 0.039415 1.039102
v -0.610528 0.042374 1.028893
v -0.682691 0.039415 1.039102
v -0.667382 0.013812 0.988982
v -0.721224 0.010775 1.027812
v -0.757295 0.008352 1.072413
v -0.721224 0.010775 1.027812
v -0.667382 0.013812 0.988982
v -0.478045 0.021189 0.986207
v -0.412388 0.020536 1.037937
v -0.371415 0.018232 1.111397
v -0.465189 0.044452 1.085048
v -0.412388 0.020536 1.037937
v -0.478045 0.021189 0.986207
v -0.371415 0.018232 1.111397
v -0.412388 0.020536 1.037937
v -0.465189 0.044452 1.085048
v -0.371415 0.018232 1.111397
v -0.361094 0.013079 1.211475
v -0.393646 0.006972 1.294778
v -0.478045 0.021189 0.986207
v -0.371415 0.018232 1.111397
v -0.393646 0.006972 1.294778
v -0.497800 0.007498 1.280653
v -0.478045 0.021189 0.986207
v -0.393646 0.006972 1.294778
v -0.497800 0.007498 1.280653
v -0.510347 0.009797 1.216221
v -0.478045 0.021189 0.986207
v -0.510347 0.009797 1.216221
v -0.497800 0.007498 1.280653
v -0.428462 0.037583 1.236782
v -0.428462 0.037583 1.236782
v -0.436663 0.041855 1.151971
v -0.510347 0.009797 1.216221
v -0.566069 -0.001708 1.388351
v -0.393646 0.006972 1.294778
v -0.438761 0.003993 1.341699
v -0.566069 -0.001708 1.388351
v -0.519314 0.003096 1.338873
v -0.393646 0.006972 1.294778
v -0.519314 0.003096 1.338873
v -0.497800 0.007498 1.280653
v -0.393646 0.006972 1.294778
v -0.497800 0.007498 1.280653
v -0.519314 0.003096 1.338873
v -0.446591 0.033422 1.304559
v -0.446591 0.033422 1.304559
v -0.428462 0.037583 1.236782
v -0.497800 0.007498 1.280653
v -0.465189 0.044452 1.085048
v -0.436663 0.041855 1.151971
v -0.371415 0.018232 1.111397
v -0.361094 0.013079 1.211475
v -0.371415 0.018232 1.111397
v -0.436663 0.041855 1.151971
v -0.436663 0.041855 1.151971
v -0.428462 0.037583 1.236782
v -0.361094 0.013079 1.211475
v -0.393646 0.006972 1.294778
v -0.361094 0.013079 1.211475
v -0.428462 0.037583 1.236782
v -0.428462 0.037583 1.236782
v -0.446591 0.033422 1.304559
v -0.393646 0.006972 1.294778
v -0.438761 0.003993 1.341699
v -0.393646 0.006972 1.294778
v -0.446591 0.033422 1.304559
v -0.480347 0.001978 1.374824
v -0.438761 0.003993 1.341699
v -0.446591 0.033422 1.304559
v -0.566069 -0.001708 1.388351
v -0.438761 0.003993 1.341699
v -0.480347 0.001978 1.374824
v -0.566069 -0.001708 1.388351
v -0.480347 0.001978 1.374824
v -0.505218 0.028398 1.354597
v -0.505218 0.028398 1.354597
v -0.519314 0.003096 1.338873
v -0.566069 -0.001708 1.388351
v -0.884437 0.355825 -0.709048
v -0.769223 0.351987 -0.807140
v -0.780038 0.318115 -0.801948
v -0.780038 0.318115 -0.801948
v -0.769223 0.351987 -0.807140
v -0.693725 0.249574 -0.881793
v -0.693725 0.249574 -0.881793
v -0.718936 0.235553 -0.862504
v -0.780038 0.318115 -0.801948
v -0.718936 0.235553 -0.862504
v -0.693725 0.249574 -0.881793
v -0.703815 0.098145 -0.889055
v -0.703815 0.098145 -0.889055
v -0.726837 0.111701 -0.868539
v -0.718936 0.235553 -0.862504
v -0.726837 0.111701 -0.868539
v -0.703815 0.098145 -0.889055
v -0.780352 -0.004309 -0.834966
v -0.780352 -0.004309 -0.834966
v -0.789656 0.027918 -0.823686
v -0.726837 0.111701 -0.868539
v -0.789656 0.027918 -0.823686
v -0.780352 -0.004309 -0.834966
v -0.901317 -0.003322 -0.732326
v -0.901317 -0.003322 -0.732326
v -0.887015 0.029144 -0.740605
v -0.789656 0.027918 -0.823686
v -0.780038 0.318115 -0.801948
v -0.718936 0.235553 -0.862504
v -0.711603 0.223343 -0.821418
v -0.718447 0.117727 -0.826520
v -0.711603 0.223343 -0.821418
v -0.718936 0.235553 -0.862504
v -0.718936 0.235553 -0.862504
v -0.726837 0.111701 -0.868539
v -0.718447 0.117727 -0.826520
v -0.771889 0.046292 -0.788478
v -0.718447 0.117727 -0.826520
v -0.726837 0.111701 -0.868539
v -0.771889 0.046292 -0.788478
v -0.807420 0.169207 -0.745511
v -0.718447 0.117727 -0.826520
v -0.726837 0.111701 -0.868539
v -0.789656 0.027918 -0.823686
v -0.771889 0.046292 -0.788478
v -0.855449 0.047176 -0.717289
v -0.771889 0.046292 -0.788478
v -0.789656 0.027918 -0.823686
v -0.855449 0.047176 -0.717289
v -0.807420 0.169207 -0.745511
v -0.771889 0.046292 -0.788478
v -0.789656 0.027918 -0.823686
v -0.887015 0.029144 -0.740605
v -0.855449 0.047176 -0.717289
v -0.906547 0.113209 -0.666998
v -0.855449 0.047176 -0.717289
v -0.887015 0.029144 -0.740605
v -0.906547 0.113209 -0.666998
v -0.807420 0.169207 -0.745511
v -0.855449 0.047176 -0.717289
v -0.887015 0.029144 -0.740605
v -0.946856 0.106677 -0.681641
v -0.906547 0.113209 -0.666998
v -0.900918 0.223598 -0.660369
v -0.906547 0.113209 -0.666998
v -0.946856 0.106677 -0.681641
v -0.900918 0.223598 -0.660369
v -0.807420 0.169207 -0.745511
v -0.906547 0.113209 -0.666998
v -0.844241 0.296587 -0.700981
v -0.807420 0.169207 -0.745511
v -0.900918 0.223598 -0.660369
v -0.844241 0.296587 -0.700981
v -0.900918 0.223598 -0.660369
v -0.940217 0.235558 -0.674014
v -0.946856 0.106677 -0.681641
v -0.940217 0.235558 -0.674014
v -0.900918 0.223598 -0.660369
v -0.966726 0.250520 -0.650411
v -0.884437 0.355825 -0.709048
v -0.874314 0.320764 -0.721321
v -0.780038 0.318115 -0.801948
v -0.874314 0.320764 -0.721321
v -0.884437 0.355825 -0.709048
v -0.874314 0.320764 -0.721321
v -0.780038 0.318115 -0.801948
v -0.763915 0.294148 -0.769601
v -0.711603 0.223343 -0.821418
v -0.763915 0.294148 -0.769601
v -0.780038 0.318115 -0.801948
v -0.887015 0.029144 -0.740605
v -0.901317 -0.003322 -0.732326
v -0.974763 0.091173 -0.660237
v -0.974763 0.091173 -0.660237
v -0.946856 0.106677 -0.681641
v -0.887015 0.029144 -0.740605
v -0.946856 0.106677 -0.681641
v -0.974763 0.091173 -0.660237
v -0.966726 0.250520 -0.650411
v -0.966726 0.250520 -0.650411
v -0.940217 0.235558 -0.674014
v -0.946856 0.106677 -0.681641
v -0.874314 0.320764 -0.721321
v -0.940217 0.235558 -0.674014
v -0.966726 0.250520 -0.650411
v -0.940217 0.235558 -0.674014
v -0.874314 0.320764 -0.721321
v -0.844241 0.296587 -0.700981
v -0.763915 0.294148 -0.769601
v -0.844241 0.296587 -0.700981
v -0.874314 0.320764 -0.721321
v -0.763915 0.294148 -0.769601
v -0.807420 0.169207 -0.745511
v -0.844241 0.296587 -0.700981
v -0.711603 0.223343 -0.821418
v -0.807420 0.169207 -0.745511
v -0.763915 0.294148 -0.769601
v -0.718447 0.117727 -0.826520
v -0.807420 0.169207 -0.745511
v -0.711603 0.223343 -0.821418
vt 0.646499 0.393009
vt 0.625793 0.437177
vt 0.656235 0.443608
vt 0.459148 1.000575
vt 0.455904 0.957287
vt 0.330343 0.957255
vt 0.339139 1.000165
vt 0.326062 0.959442
vt 0.326168 1.000000
vt 0.486201 1.000000
vt 0.486201 0.959442
vt 0.775216 1.000000
vt 0.772361 0.959442
vt 0.325121 0.976675
vt 0.977939 0.976675
vt 0.977939 0.995875
vt 0.325121 0.995875
vt 0.607306 0.976675
vt 0.626506 0.976675
vt 0.626506 0.995875
vt 0.607306 0.995875
vt 0.325121 0.957518
vt 0.977939 0.957518
vt 0.505635 0.002498
vt 0.505635 0.207140
vt 0.647682 0.207140
vt 0.647682 0.002498
vt 0.245523 0.116352
vt 0.203858 0.070502
vt 0.152511 0.212027
vt 0.228211 0.096663
vt 0.206740 0.210649
vt 0.188558 0.208518
vt 0.157650 0.208505
vt 0.206367 0.072471
vt 0.647692 0.206857
vt 0.505614 0.206857
vt 0.505614 0.164099
vt 0.647690 0.165843
vt 0.505613 0.001771
vt 0.647680 0.001772
vt 0.647696 0.206801
vt 0.505612 0.206801
vt 0.505612 0.161422
vt 0.647696 0.164116
vt 0.505612 0.002066
vt 0.647696 0.002066
vt 0.082808 0.555225
vt 0.113347 0.713977
vt 0.144049 0.711291
vt 0.144212 0.549853
vt 0.113510 0.552539
vt 0.174751 0.708605
vt 0.632219 0.578282
vt 0.660855 0.482780
vt 0.618994 0.466765
vt 0.591498 0.562052
vt 0.453073 0.864343
vt 0.073526 0.838955
vt 0.073526 0.808136
vt 0.453073 0.833523
vt 0.453073 0.802704
vt 0.073526 0.777316
vt 0.660396 0.482081
vt 0.619688 0.465924
vt 0.591488 0.561300
vt 0.631235 0.578422
vt 0.590829 0.561256
vt 0.632053 0.577443
vt 0.659468 0.482835
vt 0.621080 0.465477
vt 0.717833 0.393720
vt 0.814239 0.393720
vt 0.814239 0.620978
vt 0.717833 0.620978
vt 0.715309 0.620853
vt 0.715309 0.393845
vt 0.816763 0.393845
vt 0.816763 0.620853
vt 0.718345 0.392705
vt 0.813727 0.392705
vt 0.813727 0.621992
vt 0.718345 0.621992
vt 0.747212 0.661357
vt 0.789185 0.633375
vt 0.753385 0.645304
vt 0.763225 0.632367
vt 0.720207 0.687731
vt 0.646584 0.695447
vt 0.697714 0.722434
vt 0.730946 0.653464
vt 0.702445 0.673409
vt 0.747316 0.637198
vt 0.727916 0.643324
vt 0.690994 0.657839
vt 0.670017 0.713957
vt 0.636036 0.892974
vt 0.652625 0.885080
vt 0.644097 0.852497
vt 0.668799 0.855937
vt 0.669394 0.819094
vt 0.676330 0.768605
vt 0.617419 0.747247
vt 0.650297 0.759626
vt 0.610551 0.806960
vt 0.642342 0.806594
vt 0.619565 0.858121
vt 0.664939 0.906211
vt 0.703974 0.946168
vt 0.680979 0.897914
vt 0.665195 0.925424
vt 0.365707 0.643316
vt 0.366150 0.745666
vt 0.254593 0.745103
vt 0.233627 0.643741
vt 0.254129 0.746118
vt 0.229825 0.642149
vt 0.366180 0.642231
vt 0.366455 0.746328
vt 0.373051 0.234630
vt 0.514964 0.234630
vt 0.514964 0.632068
vt 0.373051 0.632068
vt 0.515005 0.234351
vt 0.515005 0.625692
vt 0.373716 0.625692
vt 0.373716 0.234351
vt 0.515023 0.236184
vt 0.515023 0.631878
vt 0.373716 0.631878
vt 0.373716 0.236184
vt 0.373051 0.631443
vt 0.514964 0.631443
vt 0.373051 0.235904
vt 0.367296 0.641199
vt 0.232060 0.640851
vt 0.254816 0.745723
vt 0.364691 0.746786
vt 0.228788 0.638061
vt 0.228788 0.214776
vt 0.370095 0.214776
vt 0.370078 0.638061
vt 0.228124 0.215449
vt 0.228124 0.638447
vt 0.370078 0.212969
vt 0.370078 0.410443
vt 0.228788 0.410443
vt 0.228788 0.212969
vt 0.370078 0.637593
vt 0.228788 0.637582
vt 0.228124 0.214433
vt 0.370047 0.214433
vt 0.370053 0.412977
vt 0.228124 0.637582
vt 0.228124 0.412977
vt 0.370037 0.412977
vt 0.520183 0.958509
vt 0.495965 0.996692
vt 0.753147 0.994550
vt 0.728575 0.963404
vt 0.989838 0.768489
vt 0.999754 0.998548
vt 0.933157 0.777879
vt 0.866560 0.557211
vt 0.987039 0.537251
vt 0.830373 0.378752
vt 0.988943 0.289935
vt 0.786348 1.000000
vt 0.550687 1.000000
vt 0.546029 0.958505
vt 0.777708 0.958537
vt 0.939137 1.000000
vt 0.934817 0.958478
vt 0.977024 0.998548
vt 0.723254 0.957778
vt 0.759565 0.995778
vt 0.503566 0.995778
vt 0.424959 0.957778
vt 0.405287 0.995778
vt 0.326215 0.957778
vt 0.326990 0.995778
vt 0.529101 0.870164
vt 0.528933 0.676200
vt 0.619410 0.653858
vt 0.528808 0.564744
vt 0.658631 0.564635
vt 0.697299 0.439830
vt 0.528812 0.430126
vt 0.368965 0.992229
vt 0.835923 0.997641
vt 0.776854 0.959100
vt 0.402323 0.964924
vt 0.736963 0.000722
vt 0.824676 0.093078
vt 0.830818 0.024408
vt 0.661355 0.089341
vt 0.662292 0.025556
vt 0.668120 0.171127
vt 0.806482 0.171784
vt 0.823910 0.095415
vt 0.737979 0.002670
vt 0.837387 0.021374
vt 0.802516 0.171057
vt 0.665180 0.168201
vt 0.659400 0.096188
vt 0.650439 0.016190
vt 0.965375 0.957778
vt 0.972457 0.995778
vt 0.885846 0.958088
vt 0.889272 0.996983
vt 0.768616 0.958399
vt 0.663858 0.998641
vt 0.663862 0.958415
vt 0.557682 0.962186
vt 0.768385 0.998188
vt 0.558436 0.996591
vt 0.440714 0.999094
vt 0.440491 0.958431
vt 0.321632 0.999370
vt 0.321410 0.961210
vt 0.794186 0.200293
vt 0.888277 0.116135
vt 0.988806 0.031828
vt 0.835638 0.158644
vt 0.666427 0.303354
vt 0.719640 0.345900
vt 0.528944 0.216814
vt 0.605242 0.269816
vt 0.222958 0.980936
vt 0.376596 0.942350
vt 0.344318 0.855420
vt 0.194011 0.899579
vt 0.212929 0.935038
vt 0.130597 0.890950
vt 0.128030 0.873914
vt 0.139963 0.936020
vt 0.214838 0.984421
vt 0.321933 0.867640
vt 0.357638 0.943333
vt 0.383200 0.832563
vt 0.458865 0.913588
vt 0.330343 0.957131
vt 0.455904 0.957995
vt 0.443774 0.912762
vt 0.222934 0.897545
vt 0.305286 0.955513
vt 0.152400 0.829283
vt 0.249538 0.749509
vt 0.218037 0.973234
vt 0.147507 0.929254
vt 0.125543 0.778854
vt 0.410115 0.789626
vt 0.435233 0.883150
vt 0.196412 0.794351
vt 0.851564 0.001000
vt 0.829878 0.140288
vt 0.999500 0.000000
vt 0.829878 0.141287
vt 0.242884 0.113011
vt 0.208870 0.208133
vt 0.326760 0.066548
vt 0.326750 0.208184
vt 0.326757 0.041786
vt 0.409119 0.105232
vt 0.448913 0.208237
vt 0.423405 0.088044
vt 0.206296 0.072529
vt 0.326762 0.002532
vt 0.446438 0.062363
vt 0.469408 0.208640
vt 0.409129 0.105259
vt 0.326737 0.041622
vt 0.423385 0.088074
vt 0.503034 0.208654
vt 0.326746 0.066385
vt 0.242846 0.112995
vt 0.327263 -0.000297
vt 0.328403 0.207558
vt 0.445676 0.062477
vt 0.507458 0.210854
vt 0.445676 0.062446
vt 0.325911 0.000782
vt 0.325911 0.205674
vt 0.204926 0.071954
vt 0.445981 0.062534
vt 0.505715 0.206348
vt 0.155285 0.205674
vt 0.445981 0.062984
vt 0.325910 0.001231
vt 0.204926 0.072403
vt 0.647696 0.207236
vt 0.505640 0.207236
vt 0.505640 0.001345
vt 0.647696 0.001345
vt 0.821387 0.145500
vt 0.921516 0.001210
vt 0.854616 0.001191
vt 0.821387 0.145442
vt 0.917391 0.068625
vt 0.917300 0.068461
vt 0.647696 0.162835
vt 0.505612 0.165265
vt 0.505612 0.162835
vt 0.647696 0.159986
vt 0.647696 0.161422
vt 0.505612 0.158887
vt 0.505640 0.160156
vt 0.647696 0.158485
vt 0.393264 0.958431
vt 0.393487 0.999094
vt 0.429984 0.999547
vt 0.429535 0.958447
vt 0.465806 0.958463
vt 0.466482 1.000000
vt 0.700595 0.439830
vt 0.725811 0.344357
vt 0.526366 0.430126
vt 0.526365 0.564744
vt 0.526393 0.216814
vt 0.605242 0.265187
vt 0.665368 0.564635
vt 0.630967 0.653858
vt 0.526391 0.676200
vt 0.526426 0.870164
vt 0.726534 0.961497
vt 0.723548 0.994213
vt 0.557180 0.994997
vt 0.563629 0.961664
vt 0.380871 0.995461
vt 0.387320 0.962128
vt 0.191304 0.749226
vt 0.212929 0.928109
vt 0.419481 0.801546
vt 0.499089 0.842282
vt 0.096319 0.210509
vt 0.142271 0.047947
vt 0.002078 0.116128
vt 0.002078 0.210500
vt 0.002088 0.763529
vt 0.127924 0.867952
vt 0.978358 1.000000
vt 0.891515 1.000000
vt 0.891183 0.957235
vt 0.818670 1.000000
vt 0.818943 0.957235
vt 0.593716 1.000000
vt 0.593648 0.957235
vt 0.975927 0.957235
vt 0.329990 0.957235
vt 0.339146 1.000000
vt 0.803579 0.947317
vt 0.790553 0.950161
vt 0.797066 0.948739
vt 0.756051 0.804616
vt 0.705460 0.862821
vt 0.767316 0.849030
vt 0.739656 0.739976
vt 0.693789 0.794758
vt 0.909240 0.924247
vt 0.837463 0.939919
vt 0.873352 0.932083
vt 0.803809 0.841802
vt 0.890076 0.824717
vt 0.771733 0.790889
vt 0.830047 0.746193
vt 0.911019 0.923818
vt 0.902651 0.775012
vt 0.906835 0.849415
vt 0.915554 0.771477
vt 0.958062 0.905810
vt 0.934541 0.914814
vt 0.895356 0.768203
vt 0.890713 0.827253
vt 0.770019 0.667670
vt 0.898285 0.721180
vt 0.835209 0.940411
vt 0.129403 0.943459
vt 0.002078 0.998432
vt 0.510922 0.463101
vt 0.510651 0.463130
vt 0.423298 0.297410
vt 0.516909 0.258671
vt 0.430502 0.299745
vt 0.395032 0.347811
vt 0.423268 0.297864
vt 0.509803 0.462534
vt 0.372207 0.382788
vt 0.002078 0.085024
vt 0.178736 0.005437
vt 0.146532 0.042980
vt 0.146923 0.213969
vt 0.104134 0.211043
vt 0.245456 0.738104
vt 0.199544 0.747534
vt 0.002078 0.109314
vt 0.147449 0.204268
vt 0.058548 0.201046
vt 0.081459 0.734682
vt 0.052027 0.075135
vt 0.180391 0.000499
vt 0.516373 0.446283
vt 0.375014 0.438131
vt 0.374402 0.611212
vt 0.517729 0.607711
vt 0.373332 0.439235
vt 0.517220 0.445561
vt 0.375946 0.278406
vt 0.517330 0.281414
vt 0.373457 0.440267
vt 0.516257 0.448126
vt 0.228124 0.638300
vt 0.683971 0.926180
vt 0.704692 0.945633
vt 0.691159 0.907264
vt 0.662528 0.899859
vt 0.677548 0.854098
vt 0.677294 0.941276
vt 0.627879 0.893234
vt 0.645928 0.845921
vt 0.684887 0.773253
vt 0.649028 0.763980
vt 0.608159 0.754468
vt 0.604485 0.836137
vt 0.643075 0.679230
vt 0.685548 0.690682
vt 0.695935 0.643874
vt 0.726669 0.656398
vt 0.760029 0.631567
vt 0.757540 0.642039
vt 0.785190 0.632075
vt 0.755342 0.659086
vt 0.720431 0.699703
vt 0.891189 0.742045
vt 0.889422 0.760430
vt 0.877550 0.750495
vt 0.878306 0.732177
vt 0.892914 0.724095
vt 0.864674 0.739718
vt 0.819467 0.856720
vt 0.885974 0.886561
vt 0.894856 0.722887
vt 0.796664 0.850774
vt 0.802552 0.910196
vt 0.718613 0.847801
vt 0.721595 0.928870
vt 0.893874 0.723498
vt 0.919069 0.922907
vt 0.812613 0.950630
vt 0.695234 0.796218
vt 0.764946 0.780714
vt 0.794918 0.766771
vt 0.766862 0.674936
vt 0.840834 0.621885
vt 0.868941 0.674435
vt 0.866911 0.670639
vt 0.794828 0.766177
vt 0.764526 0.779852
vt 0.742651 0.734908
vt 0.648355 0.909404
vn 0.721500 -0.691400 -0.036200
vn -0.408600 -0.704200 0.580700
vn -0.412700 -0.736300 -0.536200
vn -0.138300 0.320900 -0.937000
vn -0.018200 0.773700 -0.633300
vn 0.738300 0.660100 -0.138800
vn 0.738300 0.660000 -0.138800
vn 0.848500 0.453700 -0.272400
vn -0.138200 0.320900 -0.937000
vn 0.021400 0.975600 0.218500
vn 0.681600 0.238800 0.691700
vn 0.787500 0.373900 0.490000
vn 0.787500 0.374000 0.490000
vn 0.442900 0.859900 0.253900
vn 0.021400 0.975600 0.218400
vn 0.442900 0.859900 0.254000
vn 0.442900 0.859800 0.254000
vn 0.848500 0.453600 -0.272400
vn 0.738300 0.660100 -0.138700
vn 0.354200 -0.935100 0.005500
vn 0.789000 -0.054000 0.612100
vn -0.278000 0.256500 0.925700
vn -0.278100 0.256600 0.925700
vn -0.712800 -0.624600 0.319100
vn 0.354200 -0.935100 0.005400
vn 0.278000 -0.256500 -0.925700
vn 0.354200 -0.935200 0.005400
vn -0.712800 -0.624500 0.319100
vn -0.789000 0.054000 -0.612000
vn 0.789000 -0.054000 0.612000
vn 0.712800 0.624600 -0.319000
vn -0.354200 0.935200 -0.005400
vn -0.278000 0.256600 0.925700
vn -0.789000 0.054000 -0.612100
vn -0.789000 0.054100 -0.612000
vn -0.712800 -0.624600 0.319000
vn 0.789000 -0.054100 0.612100
vn 0.278000 -0.256600 -0.925700
vn 0.789000 -0.054100 0.612000
vn 0.712800 0.624600 -0.319100
vn -0.354200 0.935100 -0.005400
vn 0.097900 -0.935200 -0.340400
vn 0.797100 -0.054000 -0.601400
vn 0.820800 0.256500 0.510500
vn 0.820700 0.256600 0.510500
vn 0.121500 -0.624600 0.771400
vn 0.097900 -0.935100 -0.340500
vn -0.820800 -0.256500 -0.510400
vn -0.797100 0.054000 0.601400
vn -0.121500 0.624600 -0.771400
vn -0.097900 0.935200 0.340500
vn -0.097800 0.935200 0.340400
vn -0.797100 0.054100 0.601400
vn 0.121500 -0.624600 0.771500
vn 0.097900 -0.935200 -0.340500
vn -0.820700 -0.256600 -0.510500
vn -0.121500 0.624600 -0.771500
vn 0.797100 -0.054100 -0.601400
vn -0.820800 -0.256500 -0.510500
vn -0.797100 0.054100 0.601500
vn -0.097900 0.935100 0.340500
vn 0.797800 0.585400 -0.144400
vn -0.045200 0.482000 -0.875000
vn -0.931500 0.328900 0.155400
vn -0.931500 0.328900 0.155300
vn -0.094100 0.438900 0.893600
vn 0.797800 0.585400 -0.144300
vn 0.991500 -0.021200 0.128000
vn -0.094100 0.438800 0.893600
vn -0.083900 -0.275100 -0.957700
vn 0.305700 -0.128000 0.943500
vn -0.895700 -0.443800 -0.027900
vn 0.305700 -0.127900 0.943500
vn -0.931500 0.329000 0.155300
vn -0.895700 -0.443700 -0.027900
vn -0.083800 -0.275100 -0.957800
vn -0.045300 0.482000 -0.875000
vn -0.083800 -0.275000 -0.957800
vn -0.045300 0.482100 -0.875000
vn 0.053500 0.500600 -0.864000
vn 0.750500 0.605900 -0.263800
vn 0.939200 -0.137400 -0.314800
vn 0.939200 -0.137300 -0.314800
vn 0.014100 -0.122800 -0.992300
vn 0.053400 0.500700 -0.864000
vn 0.014000 -0.122800 -0.992300
vn 0.939500 -0.137300 -0.314000
vn -0.023400 -0.121100 -0.992400
vn 0.014100 -0.122900 -0.992300
vn 0.750500 0.606000 -0.263700
vn 0.786700 0.607300 0.110600
vn 0.978200 -0.134400 0.158100
vn 0.978200 -0.134300 0.158200
vn 0.750500 0.606000 -0.263800
vn 0.978200 -0.134400 0.158200
vn 0.978400 -0.133900 0.157700
vn 0.978300 -0.134000 0.157700
vn 0.939500 -0.137200 -0.314000
vn 0.939100 -0.137400 -0.314900
vn 0.820200 -0.055400 -0.569400
vn 0.997700 -0.067300 0.006000
vn -0.064200 -0.997900 0.000200
vn -0.809100 0.054300 -0.585200
vn 0.059700 0.814100 -0.577600
vn 0.820200 -0.055300 -0.569400
vn -0.050000 -0.815100 -0.577100
vn -0.050000 -0.815200 -0.577000
vn 0.820100 -0.055300 -0.569500
vn 0.059600 0.814100 -0.577600
vn 0.070100 0.997500 -0.000200
vn -0.809100 0.054300 -0.585100
vn -0.809100 0.054200 -0.585200
vn -0.997700 0.067000 -0.006000
vn -0.997700 0.067000 -0.005900
vn -0.050000 -0.815200 -0.577100
vn -0.064100 -0.997900 0.000200
vn -0.774500 -0.631200 0.040200
vn 0.310800 -0.757000 -0.574700
vn 0.313700 -0.795100 0.519100
vn -0.855000 -0.518700 0.005300
vn -0.774500 -0.631300 0.040300
vn 0.313600 -0.795100 0.519100
vn 0.497000 -0.498700 0.710100
vn -0.854900 -0.518700 0.005300
vn 0.807200 -0.054200 0.587800
vn 0.997800 -0.066800 0.003700
vn 0.059700 0.998200 -0.000200
vn 0.049200 0.815300 0.576900
vn 0.807200 -0.054100 0.587700
vn -0.060400 -0.814000 0.577700
vn 0.807200 -0.054100 0.587800
vn 0.049200 0.815300 0.577000
vn 0.997800 -0.066900 0.003700
vn -0.822000 0.055500 0.566800
vn -0.997700 0.067500 -0.003700
vn -0.074600 -0.997200 0.000100
vn 0.049300 0.815300 0.576900
vn 0.059600 0.998200 -0.000100
vn -0.997700 0.067400 -0.003700
vn -0.822000 0.055400 0.566800
vn -0.060400 -0.814100 0.577600
vn -0.074700 -0.997200 0.000100
vn -0.060500 -0.814000 0.577700
vn 0.997800 -0.066800 0.003800
vn -0.631500 -0.290100 0.719000
vn -0.578500 -0.376300 -0.723700
vn -0.412600 -0.736300 -0.536200
vn 0.816500 -0.577300 -0.004700
vn -0.408600 -0.704100 0.580700
vn 0.721600 -0.691400 -0.036100
vn 0.721500 -0.691400 -0.036100
vn -0.412600 -0.736300 -0.536300
vn -0.578500 -0.376400 -0.723700
vn 0.816500 -0.577300 -0.004600
vn 0.516100 -0.793100 0.323500
vn 0.526400 -0.792300 -0.308500
vn 0.502200 -0.658400 -0.560600
vn 0.489900 -0.657900 0.572100
vn 0.516200 -0.793000 0.323500
vn -0.337500 -0.863300 0.375200
vn -0.328200 -0.864100 -0.381700
vn -0.255300 -0.934100 -0.249600
vn -0.262400 -0.934000 0.242400
vn -0.337400 -0.863400 0.375200
vn 0.526500 -0.792300 -0.308500
vn -0.328100 -0.864000 -0.381800
vn 0.489900 -0.657900 0.572000
vn -0.999800 0.014200 -0.010000
vn -0.302500 0.108700 0.946900
vn 0.294000 0.953400 0.067300
vn 0.631600 -0.668600 0.392400
vn -0.302500 0.108600 0.946900
vn -0.999900 0.014200 -0.009900
vn 0.631600 -0.668600 0.392500
vn -0.759300 0.256800 0.597900
vn 0.218000 -0.400100 -0.890200
vn 0.631700 -0.668500 0.392400
vn 0.218100 -0.400100 -0.890200
vn -0.759400 0.256700 0.597800
vn -0.422000 0.146400 0.894700
vn 0.294100 0.953400 0.067400
vn -0.302400 0.108600 0.947000
vn 0.631700 -0.668600 0.392400
vn 0.673200 0.737100 -0.058400
vn 0.597000 0.794900 -0.108000
vn -0.759300 0.256700 0.597900
vn 0.646900 -0.756600 0.095500
vn 0.613700 -0.717400 -0.329800
vn 0.613600 -0.717400 -0.329800
vn 0.673100 0.737200 -0.058400
vn 0.646900 -0.756600 0.095600
vn 0.500800 -0.558000 -0.661700
vn 0.613700 -0.717300 -0.329800
vn 0.500800 -0.557900 -0.661800
vn 0.218100 -0.400000 -0.890200
vn 0.546200 0.826600 -0.135700
vn -0.924200 0.217100 -0.314200
vn 0.325600 0.944100 -0.052600
vn 0.421000 0.900200 -0.111100
vn 0.579600 -0.532200 0.617100
vn 0.325500 0.944100 -0.052600
vn 0.421000 0.900200 -0.111000
vn 0.579600 -0.532200 0.617200
vn 0.337200 -0.315700 0.886900
vn 0.337200 -0.315600 0.886900
vn -0.031800 -0.081700 0.996200
vn -0.031800 -0.081600 0.996200
vn 0.546300 0.826500 -0.135700
vn 0.546200 0.826600 -0.135800
vn 0.597100 0.794900 -0.108000
vn 0.500900 -0.558000 -0.661700
vn 0.218100 -0.400100 -0.890100
vn -0.140100 -0.205900 -0.968500
vn 0.502000 0.845400 -0.182600
vn 0.546300 0.826600 -0.135700
vn 0.501900 0.845400 -0.182600
vn -0.457000 0.006700 -0.889500
vn 0.502000 0.845400 -0.182500
vn -0.457000 0.006700 -0.889400
vn 0.469200 0.872800 -0.134100
vn 0.469300 0.872800 -0.134100
vn -0.924200 0.217200 -0.314200
vn 0.579500 -0.532200 0.617200
vn -0.924200 0.217200 -0.314100
vn -0.722800 0.170500 -0.669700
vn -0.456900 0.006700 -0.889500
vn -0.722800 0.170400 -0.669700
vn 0.560900 0.821500 0.102500
vn 0.167400 -0.154800 0.973700
vn 0.584900 -0.801300 0.125700
vn -0.924200 0.217200 -0.314300
vn 0.584900 -0.801300 0.125600
vn 0.585000 -0.801300 0.125600
vn 0.167500 -0.154900 0.973600
vn -0.935900 0.242300 0.255700
vn -0.935900 0.242300 0.255800
vn 0.167500 -0.154800 0.973600
vn 0.167400 -0.154900 0.973600
vn 0.325600 0.944000 -0.052600
vn 0.585000 -0.801200 0.125600
vn -0.638700 -0.539400 0.548700
vn -0.605700 0.628300 0.488200
vn -0.511200 0.580200 -0.634100
vn -0.511200 0.580100 -0.634100
vn -0.554400 -0.556700 -0.618700
vn -0.638800 -0.539300 0.548700
vn 0.699700 0.453000 0.552400
vn 0.465600 -0.671000 0.577000
vn 0.439000 -0.681200 -0.585900
vn 0.636600 0.485300 -0.599300
vn 0.699700 0.453100 0.552400
vn 0.032700 0.698900 0.714500
vn -0.142100 0.752700 -0.642900
vn -0.119100 0.753600 -0.646400
vn -0.119100 0.753700 -0.646400
vn 0.028700 0.685800 0.727200
vn 0.032700 0.698800 0.714500
vn 0.164600 -0.693900 0.701000
vn 0.028800 0.685700 0.727300
vn 0.028800 0.685800 0.727200
vn 0.131900 -0.711500 0.690200
vn 0.164500 -0.693900 0.701000
vn -0.097900 0.740900 -0.664400
vn -0.030400 -0.643200 -0.765100
vn -0.030500 -0.643200 -0.765100
vn -0.030000 -0.640300 -0.767500
vn -0.030100 -0.640300 -0.767500
vn -0.030400 -0.643100 -0.765100
vn 0.087500 -0.724400 0.683800
vn 0.087500 -0.724300 0.683900
vn 0.131800 -0.711500 0.690200
vn -0.002900 -0.690200 -0.723600
vn -0.030000 -0.640300 -0.767600
vn -0.002900 -0.690100 -0.723700
vn -0.119100 0.753600 -0.646500
vn -0.142100 0.752600 -0.642900
vn -0.003600 0.710400 0.703800
vn -0.097900 0.741000 -0.664300
vn -0.142200 0.752700 -0.642900
vn -0.003500 0.710400 0.703800
vn 0.087400 -0.724300 0.683900
vn 0.032800 0.698900 0.714500
vn 0.164600 -0.693800 0.701100
vn -0.632400 -0.539400 -0.556000
vn -0.560900 -0.558400 0.611200
vn -0.519900 0.581300 0.626000
vn -0.519900 0.581200 0.626000
vn -0.600000 0.625400 -0.498900
vn -0.632300 -0.539400 -0.556100
vn 0.699700 0.453100 -0.552400
vn 0.636600 0.485300 0.599300
vn 0.439000 -0.681200 0.585900
vn 0.439000 -0.681100 0.585900
vn 0.465600 -0.671000 -0.577000
vn 0.699800 0.453100 -0.552300
vn -0.599900 0.625400 -0.499000
vn -0.003000 -0.690100 -0.723700
vn -0.599900 0.625400 -0.498900
vn -0.519900 0.581200 0.626100
vn 0.131700 -0.711500 0.690200
vn 0.028800 0.685800 0.727300
vn 0.093400 0.757900 -0.645700
vn -0.063700 -0.587400 -0.806800
vn -0.063700 -0.587500 -0.806700
vn -0.129200 -0.667200 0.733600
vn -0.129100 -0.667200 0.733600
vn 0.087400 -0.724400 0.683800
vn 0.093500 0.757900 -0.645700
vn 0.699700 0.453000 -0.552400
vn 0.465600 -0.671100 -0.576900
vn -0.063600 -0.587500 -0.806700
vn -0.129100 -0.667100 0.733700
vn 0.087400 -0.724400 0.683900
vn -0.129200 -0.667100 0.733700
vn 0.636600 0.485300 0.599400
vn 0.636500 0.485300 0.599400
vn 0.057100 0.743500 0.666300
vn -0.129200 -0.667100 0.733600
vn 0.057000 0.743500 0.666300
vn -0.097900 0.741000 -0.664400
vn 0.164800 0.522600 0.836500
vn 0.820300 0.567600 -0.071000
vn -0.270000 0.394600 -0.878300
vn -0.934200 0.355800 0.024900
vn -0.033000 -0.122800 0.991900
vn 0.966600 -0.171200 -0.190600
vn -0.895700 -0.246900 0.369700
vn -0.015700 -0.356500 -0.934100
vn -0.934300 0.355700 0.024800
vn -0.934200 0.355800 0.024800
vn -0.015700 -0.356500 -0.934200
vn -0.015800 -0.356500 -0.934200
vn -0.269900 0.394600 -0.878300
vn 0.820200 0.567600 -0.071000
vn 0.966600 -0.171300 -0.190600
vn 0.820300 0.567500 -0.071000
vn 0.164700 0.522600 0.836500
vn -0.079200 0.522600 -0.848900
vn -0.823200 0.567600 -0.012500
vn 0.179600 0.394600 0.901100
vn 0.931900 0.355800 0.070000
vn -0.079100 0.522600 -0.848900
vn 0.133400 -0.122800 -0.983400
vn 0.931900 0.355800 0.069900
vn 0.133300 -0.122800 -0.983400
vn -0.981000 -0.171200 0.091600
vn 0.928600 -0.246900 -0.277000
vn -0.079000 -0.356500 0.930900
vn 0.932000 0.355700 0.070000
vn -0.981000 -0.171200 0.091700
vn -0.079000 -0.356500 0.931000
vn 0.179500 0.394600 0.901100
vn -0.981000 -0.171300 0.091700
vn -0.823200 0.567600 -0.012600
vn -0.079200 0.522500 -0.848900
vn 0.215600 0.752800 -0.621900
vn 0.570500 -0.398100 -0.718400
vn -0.896400 -0.300400 -0.325800
vn -0.517700 0.819800 -0.244800
vn 0.215600 0.752800 -0.622000
vn -0.468500 0.820000 0.328700
vn 0.437500 0.097000 0.893900
vn 0.316400 0.939000 -0.134900
vn 0.348300 0.933400 -0.086100
vn 0.348300 0.933400 -0.086200
vn -0.453200 0.823000 0.342600
vn -0.468500 0.820100 0.328700
vn -0.453100 0.823000 0.342600
vn -0.517700 0.819800 -0.244700
vn -0.453200 0.823000 0.342500
vn 0.881600 -0.402100 -0.247100
vn 0.570600 -0.398100 -0.718300
vn 0.215500 0.752800 -0.622000
vn 0.348400 0.933400 -0.086200
vn 0.881600 -0.402100 -0.247200
vn 0.902400 -0.381700 -0.200000
vn 0.316300 0.939000 -0.134900
vn 0.902400 -0.381800 -0.199900
vn 0.902400 -0.381600 -0.200000
vn 0.316400 0.939000 -0.134800
vn 0.437500 0.097100 0.894000
vn -0.896500 -0.300400 -0.325800
vn -0.673000 -0.527000 0.519000
vn -0.672900 -0.527100 0.518900
vn -0.672900 -0.527100 0.519000
vn -0.619200 -0.533300 0.576300
vn 0.437600 0.097000 0.893900
vn 0.902400 -0.381700 -0.199900
vn -0.673000 -0.527100 0.519000
vn 0.411900 0.007400 0.911200
vn 0.800800 -0.378600 -0.464000
vn 0.509100 0.708000 -0.489500
vn 0.455600 0.852000 0.258000
vn 0.411900 0.007300 0.911200
vn -0.275000 0.955600 -0.105800
vn 0.405200 0.678000 -0.613300
vn -0.002900 0.812700 -0.582700
vn 0.217400 0.883000 0.415900
vn -0.274900 0.955600 -0.105900
vn -0.141300 0.935700 0.323200
vn -0.274900 0.955600 -0.105800
vn 0.011100 0.974800 0.222700
vn 0.011100 0.974800 0.222800
vn -0.060200 0.831200 -0.552600
vn 0.027800 -0.635300 -0.771700
vn -0.971500 -0.162800 -0.172000
vn -0.535500 -0.253700 -0.805500
vn 0.027800 -0.635300 -0.771800
vn -0.601100 -0.464800 -0.650100
vn 0.018000 -0.332700 0.942900
vn 0.018000 -0.332700 0.942800
vn -0.272100 -0.352300 0.895500
vn 0.027900 -0.635300 -0.771700
vn -0.272200 -0.352300 0.895400
vn -0.852300 -0.078500 0.517100
vn -0.971600 -0.162900 -0.171900
vn 0.411800 0.007300 0.911200
vn 0.017900 -0.332800 0.942800
vn 0.217300 0.883000 0.415900
vn -0.272100 -0.352400 0.895400
vn -0.141300 0.935700 0.323300
vn -0.971500 -0.162900 -0.172000
vn -0.971600 -0.162800 -0.171900
vn -0.971600 -0.162800 -0.172000
vn -0.852300 -0.078500 0.517000
vn -0.141400 0.935700 0.323200
vn -0.535500 -0.253600 -0.805600
vn -0.535400 -0.253700 -0.805600
vn -0.003000 0.812700 -0.582600
vn 0.027900 -0.635300 -0.771800
vn -0.601200 -0.464800 -0.650100
vn -0.060200 0.831200 -0.552700
vn -0.341300 0.562400 -0.753100
vn 0.455600 0.851900 0.258000
vn 0.509100 0.707900 -0.489500
vn -0.060300 0.831200 -0.552600
vn -0.554000 0.570700 -0.606100
vn -0.554000 0.570700 -0.606200
vn -0.341300 0.562400 -0.753200
vn -0.511100 -0.754800 -0.411100
vn -0.092900 -0.749700 -0.655200
vn 0.800800 -0.378600 -0.464100
vn 0.017900 -0.332700 0.942800
vn 0.017900 -0.332700 0.942900
vn -0.874000 -0.478200 0.086300
vn -0.004500 -0.836100 0.548600
vn 0.188200 -0.135800 0.972700
vn -0.663200 0.214300 0.717100
vn 0.750000 0.295600 -0.591700
vn 0.567000 0.302400 -0.766200
vn 0.574100 0.292800 -0.764700
vn 0.050100 -0.343900 -0.937700
vn 0.567000 0.302300 -0.766300
vn 0.750000 0.295500 -0.591700
vn 0.436500 -0.282900 -0.854100
vn 0.050100 -0.343800 -0.937700
vn 0.998000 0.028500 0.056400
vn 0.641100 -0.580800 -0.501700
vn 0.188100 -0.135700 0.972700
vn -0.004600 -0.836100 0.548600
vn 0.641100 -0.580800 -0.501600
vn 0.188100 -0.135800 0.972700
vn 0.998000 0.028500 0.056500
vn 0.950800 0.291600 0.104200
vn 0.950800 0.291600 0.104300
vn 0.415200 0.355900 0.837200
vn 0.056200 0.923100 -0.380400
vn -0.068800 0.981800 -0.176800
vn 0.363800 0.916800 0.164800
vn 0.363700 0.916800 0.164900
vn 0.056200 0.923100 -0.380300
vn 0.574100 0.292900 -0.764600
vn 0.363800 0.916800 0.164900
vn 0.687300 0.724200 -0.055800
vn 0.687300 0.724200 -0.055900
vn 0.950900 0.291500 0.104200
vn 0.950900 0.291600 0.104200
vn 0.750000 0.295500 -0.591800
vn 0.436500 -0.282900 -0.854000
vn 0.641200 -0.580800 -0.501600
vn 0.050000 -0.343900 -0.937700
vn -0.874000 -0.478200 0.086200
vn -0.352900 0.735700 0.578200
vn -0.352900 0.735700 0.578100
vn -0.399500 -0.807300 0.434300
vn 0.853100 -0.300300 0.426600
vn -0.105100 0.166100 0.980500
vn -0.911700 0.393100 0.119700
vn -0.399500 -0.807400 0.434200
vn -0.105200 0.166100 0.980500
vn 0.322600 0.920900 0.218800
vn -0.105100 0.166200 0.980500
vn 0.322600 0.920900 0.218900
vn 0.317200 -0.789100 -0.526100
vn 0.233200 -0.636900 0.734800
vn -0.394600 -0.640100 0.659200
vn -0.394600 -0.640100 0.659300
vn -0.240800 -0.774300 -0.585200
vn 0.044700 0.472100 0.880400
vn -0.229800 0.492900 0.839200
vn -0.277200 0.629700 0.725700
vn -0.277200 0.629600 0.725700
vn 0.132400 0.629300 0.765800
vn 0.044800 0.472100 0.880400
vn -0.576600 0.347400 0.739500
vn -0.229900 0.492800 0.839200
vn -0.576600 0.347300 0.739500
vn -0.103400 0.165400 0.980800
vn -0.103400 0.165500 0.980800
vn -0.421600 0.293700 0.857900
vn -0.585000 -0.057600 0.809000
vn -0.576500 0.347400 0.739500
vn -0.421600 0.293800 0.857800
vn -0.585000 -0.057700 0.809000
vn -0.294700 -0.353400 0.887900
vn -0.294700 -0.353300 0.887900
vn -0.584900 -0.057600 0.809000
vn -0.435800 0.015700 0.899900
vn -0.421600 0.293800 0.857900
vn -0.435800 0.015800 0.899900
vn 0.233300 -0.636900 0.734800
vn -0.229800 0.493000 0.839100
vn -0.229900 0.492900 0.839200
vn 0.233200 -0.637000 0.734700
vn 0.682000 -0.221200 0.697100
vn 0.682100 -0.221200 0.697000
vn 0.695100 0.402100 0.596000
vn 0.695000 0.402200 0.596000
vn -0.234700 -0.161800 0.958500
vn -0.234600 -0.161700 0.958500
vn 0.114000 -0.346700 0.931000
vn -0.234600 -0.161800 0.958500
vn 0.114000 -0.346600 0.931100
vn 0.241100 0.290900 0.925900
vn -0.806000 -0.205100 0.555300
vn -0.394600 -0.640000 0.659300
vn 0.241200 0.290900 0.925800
vn 0.218800 0.026700 0.975400
vn -0.803300 0.401400 0.439900
vn -0.806000 -0.205000 0.555300
vn -0.803400 0.401400 0.439900
vn 0.036900 -0.172100 0.984400
vn 0.036900 -0.172000 0.984400
vn -0.365300 0.832400 0.416800
vn 0.266500 0.843300 0.466800
vn 0.037000 -0.172000 0.984400
vn 0.218800 0.026600 0.975400
vn 0.409700 -0.058900 0.910300
vn 0.410500 0.336600 0.847400
vn 0.409700 -0.058800 0.910300
vn 0.410500 0.336600 0.847500
vn 0.266500 0.843200 0.466900
vn 0.037000 -0.172100 0.984400
vn -0.234700 -0.161700 0.958500
vn 0.113900 -0.346600 0.931100
vn 0.132300 0.629300 0.765800
vn 0.044800 0.472200 0.880400
vn 0.233300 -0.637000 0.734800
vn 0.731600 -0.398500 -0.553100
vn 0.099100 -0.163500 -0.981600
vn 0.752400 0.146500 -0.642300
vn 0.364400 0.545400 -0.754800
vn 0.752400 0.146600 -0.642200
vn 0.099100 -0.163400 -0.981600
vn 0.317100 -0.789100 -0.526100
vn -0.240900 -0.774300 -0.585200
vn -0.194400 0.558400 -0.806400
vn -0.240900 -0.774200 -0.585200
vn -0.622700 -0.373900 -0.687300
vn -0.600400 0.177800 -0.779700
vn -0.600400 0.177900 -0.779700
vn -0.194500 0.558400 -0.806500
vn 0.233200 -0.637000 0.734800
vn 0.731700 -0.398400 -0.553100
vn 0.619800 -0.659200 0.425900
vn 0.095000 -0.846100 0.524500
vn -0.211600 -0.693600 -0.688600
vn -0.211500 -0.693600 -0.688600
vn 0.362600 -0.467700 -0.806100
vn 0.619800 -0.659200 0.425800
vn 0.017400 -0.109400 -0.993800
vn -0.666100 0.672200 -0.323100
vn -0.088400 0.905000 -0.416200
vn -0.928000 0.119300 -0.352900
vn -0.666100 0.672200 -0.323200
vn 0.017400 -0.109300 -0.993900
vn 0.126500 0.156000 -0.979600
vn -0.733900 -0.438600 -0.518700
vn -0.928000 0.119200 -0.352900
vn 0.126500 0.156100 -0.979600
vn 0.056500 0.424000 -0.903900
vn -0.733900 -0.438500 -0.518700
vn -0.211600 -0.693500 -0.688600
vn 0.056500 0.424100 -0.903900
vn -0.200600 0.529200 -0.824400
vn 0.362600 -0.467800 -0.806000
vn -0.211500 -0.693500 -0.688700
vn -0.200600 0.529200 -0.824500
vn -0.477000 0.444300 -0.758300
vn -0.254000 -0.202900 -0.945700
vn -0.088400 0.904900 -0.416400
vn 0.449000 0.651400 -0.611600
vn 0.160300 -0.253800 -0.953900
vn 0.160400 -0.253800 -0.953900
vn 0.348900 0.137100 -0.927100
vn 0.349000 0.137100 -0.927000
vn 0.126500 0.155900 -0.979600
vn 0.212500 0.523300 -0.825200
vn 0.212400 0.523300 -0.825200
vn -0.158800 0.703600 -0.692700
vn 0.056600 0.424100 -0.903900
vn 0.056500 0.424100 -0.903800
vn 0.212400 0.523300 -0.825300
vn -0.158800 0.703600 -0.692600
vn 0.212400 0.523200 -0.825300
vn -0.246700 0.175000 -0.953200
vn -0.557800 0.550100 -0.621500
vn -0.477100 0.444200 -0.758300
vn -0.200600 0.529300 -0.824400
vn -0.200500 0.529200 -0.824400
vn -0.557900 0.550100 -0.621400
vn -0.158800 0.703500 -0.692700
vn -0.246700 0.174900 -0.953200
vn -0.751000 0.163100 -0.639800
vn -0.597400 0.175500 -0.782500
vn -0.477100 0.444300 -0.758300
vn -0.751100 0.163100 -0.639800
vn -0.751100 0.163000 -0.639800
vn -0.557900 0.550100 -0.621500
vn -0.246800 0.175000 -0.953100
vn -0.619300 -0.234700 -0.749300
vn -0.513400 -0.104200 -0.851800
vn -0.619300 -0.234800 -0.749200
vn -0.235000 -0.413900 -0.879400
vn -0.235100 -0.413900 -0.879400
vn -0.246700 0.175000 -0.953100
vn 0.640400 0.073700 -0.764500
vn -0.597300 0.175500 -0.782500
vn 0.640400 0.073800 -0.764500
vn 0.449000 0.651300 -0.611700
vn -0.597400 0.175400 -0.782500
vn -0.513300 -0.104200 -0.851800
vn -0.253900 -0.202800 -0.945700
vn -0.235100 -0.414000 -0.879400
vn -0.235000 -0.414000 -0.879400
vn 0.349000 0.137100 -0.927100
vn -0.246800 0.175000 -0.953200
vn 0.349000 0.137000 -0.927100
vn 0.876800 -0.147500 0.457600
vn 0.241500 -0.174600 0.954600
vn 0.715200 0.369200 0.593500
vn 0.241500 -0.174700 0.954600
vn 0.222700 0.601900 0.766900
vn -0.302400 0.412800 0.859100
vn 0.222700 0.601800 0.767000
vn -0.302400 0.412800 0.859200
vn -0.554800 -0.087700 0.827300
vn -0.392600 -0.609700 0.688600
vn 0.095000 -0.846100 0.524400
vn 0.876900 -0.147500 0.457600
vn 0.619800 -0.659100 0.425900
vn -0.392600 -0.609600 0.688600
vn -0.211500 -0.693600 -0.688700
vn -0.392500 -0.609700 0.688700
vn -0.392500 -0.609700 0.688600
vn -0.554700 -0.087700 0.827400
vn -0.302500 0.412800 0.859100
vn -0.666200 0.672100 -0.323100
vn -0.554800 -0.087800 0.827400
vn -0.088400 0.904900 -0.416300
vn -0.666200 0.672200 -0.323100
vn 0.222600 0.601800 0.767000
vn 0.715100 0.369200 0.593500
vn 0.449000 0.651400 -0.611700
vn 0.448900 0.651300 -0.611700
vn 0.715100 0.369300 0.593500
vn 0.876900 -0.147600 0.457500
vn 0.640500 0.073800 -0.764400
vn 0.984500 -0.026700 -0.173200
vn -0.253300 -0.192500 -0.948000
vn -0.069000 -0.970900 -0.229500
vn -0.944200 0.000300 0.329400
vn -0.944200 0.000400 0.329400
vn -0.253400 -0.192500 -0.948000
vn -0.634600 -0.074000 0.769300
vn 0.114800 0.900400 0.419600
vn -0.944100 0.000400 0.329500
vn 0.040300 0.993000 0.111400
vn 0.984500 -0.026700 -0.173300
vn 0.040300 0.992900 0.111500
vn 0.984500 -0.026800 -0.173300
vn 0.924500 -0.121800 0.361300
vn -0.246200 0.174900 -0.953300
vn 0.040300 0.993000 0.111500
vn -0.246300 0.174800 -0.953300
vn -0.944200 0.000300 0.329500
vn 0.984500 -0.026700 -0.173400
vn -0.069100 -0.970900 -0.229500
vn -0.246300 0.174900 -0.953300
vn -0.064800 0.585400 0.808100
vn 0.857400 0.482000 0.180400
vn 0.088400 0.328900 -0.940200
vn 0.088500 0.328900 -0.940200
vn -0.839700 0.438900 -0.319900
vn -0.377700 -0.021200 0.925700
vn -0.839700 0.438800 -0.319900
vn 0.947200 -0.275200 0.164300
vn -0.990300 -0.128000 0.053800
vn 0.256400 -0.443800 -0.858700
vn -0.990300 -0.127900 0.053800
vn -0.839700 0.438800 -0.319800
vn -0.839700 0.438900 -0.319800
vn 0.088500 0.329000 -0.940200
vn 0.256400 -0.443700 -0.858700
vn 0.947300 -0.275100 0.164300
vn 0.857400 0.482000 0.180300
vn 0.947300 -0.275000 0.164300
vn -0.064800 0.585400 0.808200
vn 0.524600 0.662400 -0.534900
vn 0.234400 -0.051800 -0.970800
vn -0.137400 -0.142100 -0.980300
vn -0.137500 -0.142100 -0.980300
vn -0.146500 -0.121800 -0.981700
vn 0.524500 0.662400 -0.534900
vn 0.673500 0.687200 -0.272200
vn 0.524600 0.662300 -0.534900
vn -0.135900 0.499800 -0.855400
vn 0.673500 0.687300 -0.272200
vn 0.342000 0.939700 -0.009700
vn -0.135800 0.499900 -0.855400
vn -0.817200 0.574900 -0.041200
vn 0.342000 0.939700 -0.009800
vn 0.259800 0.928300 -0.266200
vn -0.817200 0.574900 -0.041100
vn -0.973700 0.226900 0.022200
vn -0.693500 0.696600 -0.184000
vn -0.973700 0.226800 0.022200
vn -0.023300 -0.121000 -0.992400
vn -0.999200 0.030800 -0.024600
vn 0.555700 0.596100 0.579500
vn 0.786800 0.607300 0.110700
vn -0.399100 0.913200 -0.082100
vn -0.385400 0.916500 0.106900
vn 0.786700 0.607300 0.110700
vn 0.786800 0.607200 0.110600
vn -0.693400 0.696600 -0.184100
vn 0.053500 0.500700 -0.864000
vn -0.897600 0.340300 0.280100
vn -0.897700 0.340300 0.280100
vn -0.693500 0.696600 -0.184100
vn -0.543900 0.813300 -0.206600
vn -0.399200 0.913200 -0.082100
vn -0.385500 0.916500 0.106800
vn -0.209000 -0.013100 -0.977800
vn 0.733600 -0.038700 -0.678500
vn 0.562000 0.612200 -0.556200
vn 0.562000 0.612100 -0.556300
vn -0.544000 0.813300 -0.206600
vn -0.208900 -0.013100 -0.977800
vn -0.951600 0.039200 0.304800
vn -0.543900 0.813300 -0.206500
vn -0.897600 0.340400 0.280000
vn -0.951600 0.039300 0.304900
vn -0.999200 0.030700 -0.024600
vn 0.025300 -0.051000 -0.998400
vn 0.012300 0.595700 -0.803100
vn 0.012300 0.595600 -0.803200
vn 0.733600 -0.038600 -0.678500
vn 0.562100 0.612100 -0.556300
vn -0.003400 0.999700 -0.022800
vn 0.234300 -0.051700 -0.970800
vn 0.524600 0.662400 -0.534800
vn 0.538100 0.842900 0.003000
vn 0.524600 0.662300 -0.534800
vn -0.003500 0.999700 -0.022800
vn -0.255500 0.923100 -0.287500
vn -0.374700 0.834100 -0.404800
vn 0.018600 0.830500 -0.556800
vn 0.018700 0.830500 -0.556800
vn 0.006800 0.929500 -0.368800
vn 0.006700 0.929500 -0.368800
vn 0.018600 0.830400 -0.556800
vn 0.391000 0.836900 -0.383000
vn 0.259800 0.928300 -0.266100
vn 0.391000 0.836900 -0.383100
vn 0.538100 0.842800 0.003000
vn 0.341900 0.939700 -0.009800
vn 0.524700 0.662300 -0.534900
vn 0.538100 0.842900 0.003100
vn 0.018700 0.830400 -0.556800
vn -0.374800 0.834100 -0.404800
vn -0.399100 0.913200 -0.082000
vn 0.555800 0.596100 0.579500
vn -0.030500 0.585000 0.810500
vn -0.597700 0.593300 0.539300
vn -0.030600 0.585000 0.810500
vn -0.597800 0.593200 0.539200
vn -0.992200 -0.124200 -0.010200
vn -0.992500 -0.119100 -0.027600
vn -0.992500 -0.119100 -0.027700
vn -0.137500 -0.142000 -0.980300
vn -0.597700 0.593300 0.539200
vn -0.722800 -0.113400 0.681700
vn -0.722900 -0.113400 0.681600
vn -0.992200 -0.124100 -0.010100
vn -0.992200 -0.124200 -0.010100
vn -0.709800 -0.109800 0.695800
vn 0.694700 -0.127900 0.707800
vn 0.978300 -0.133900 0.157800
vn -0.022900 -0.123000 0.992100
vn 0.694700 -0.127800 0.707800
vn 0.685000 -0.123900 0.717900
vn 0.685000 -0.124000 0.717900
vn 0.978200 -0.134300 0.158100
vn -0.033400 -0.131000 0.990800
vn -0.033300 -0.131000 0.990800
vn -0.597700 0.593200 0.539300
vn -0.030600 0.585000 0.810400
vn -0.033300 -0.130900 0.990800
vn 0.555700 0.596100 0.579600
vn -0.022900 -0.122900 0.992200
vn -0.022900 -0.122900 0.992100
vn -0.722900 -0.113300 0.681600
vn -0.709800 -0.109900 0.695800
vn -0.825100 -0.247800 0.507700
vn -0.347900 -0.917000 -0.195200
vn -0.512900 0.372700 -0.773300
vn 0.638000 -0.383600 0.667700
vn 0.911100 -0.362600 0.196000
vn 0.491900 0.869000 0.053300
vn 0.256000 0.926000 0.277300
vn -0.513000 0.372700 -0.773300
vn -0.011400 0.279200 -0.960200
vn -0.011300 0.279200 -0.960200
vn -0.825200 -0.247800 0.507700
vn -0.759100 0.078300 0.646300
vn -0.759100 0.078300 0.646200
vn 0.256000 0.926000 0.277400
vn -0.513000 0.372700 -0.773200
vn 0.638000 -0.383700 0.667700
vn -0.759100 0.078400 0.646200
vn 0.636800 -0.743300 -0.204600
vn -0.302900 -0.694500 0.652600
vn -0.702200 -0.691900 0.167900
vn 0.269500 -0.724500 -0.634400
vn 0.636800 -0.743400 -0.204600
vn 0.932700 -0.349400 0.089000
vn 0.756200 -0.076400 -0.649800
vn 0.975600 0.207000 0.072800
vn 0.756200 -0.076300 -0.649800
vn 0.745500 0.616800 -0.252400
vn 0.756300 -0.076300 -0.649800
vn 0.636900 -0.743300 -0.204600
vn 0.269500 -0.724400 -0.634500
vn 0.373600 0.632700 -0.678300
vn 0.756300 -0.076400 -0.649800
vn 0.269500 -0.724500 -0.634500
vn 0.037800 -0.314200 -0.948600
vn 0.037800 -0.314300 -0.948600
vn 0.083000 0.247500 -0.965300
vn 0.019600 -0.278100 0.960300
vn -0.303000 -0.694500 0.652600
vn 0.636900 -0.743400 -0.204500
vn -0.275700 0.775800 0.567600
vn 0.049800 0.986900 0.153800
vn -0.027500 0.962600 -0.269400
vn -0.027400 0.962600 -0.269400
vn 0.041100 0.974800 0.219400
vn -0.654800 0.642200 0.398500
vn -0.842700 0.488100 0.227400
vn -0.027400 0.962600 -0.269500
vn -0.842600 0.488100 0.227500
vn -0.275800 0.775700 0.567600
vn -0.842600 0.488100 0.227400
vn -0.650500 0.527900 0.546000
vn 0.894200 -0.043300 -0.445600
vn 0.963100 0.190000 0.190700
vn 0.609800 -0.180700 0.771700
vn -0.010300 -0.501800 0.864900
vn -0.404000 -0.850200 0.337500
vn 0.894200 -0.043300 -0.445700
vn 0.609800 -0.180800 0.771700
vn -0.568700 -0.816900 0.095600
vn 0.974200 -0.079300 0.211500
vn 0.049800 0.986900 0.153700
vn 0.974200 -0.079400 0.211500
vn 0.609700 -0.180700 0.771700
vn 0.049800 0.986800 0.153800
vn -0.275700 0.775700 0.567600
vn 0.609700 -0.180800 0.771800
vn -0.650500 0.527900 0.546100
vn 0.419300 0.728700 0.541500
vn 0.400100 0.851700 0.338400
vn -0.495500 0.633900 0.593900
vn 0.400000 0.851700 0.338400
vn 0.278500 0.933300 0.226500
vn -0.495500 0.633800 0.593900
vn -0.527400 0.612200 0.589100
vn 0.278500 0.933300 0.226600
vn 0.279700 0.925000 0.257000
vn -0.527500 0.612200 0.589100
vn -0.526900 0.598900 0.603000
vn 0.280100 0.913500 0.295100
vn -0.527000 0.598900 0.603000
vn 0.280000 0.913500 0.295200
vn -0.530100 0.502400 -0.683000
vn 0.041000 0.974800 0.219400
vn 0.419300 0.728600 0.541600
vn -0.815300 -0.574600 -0.071800
vn -0.526900 0.599000 0.603000
vn -0.794800 -0.606900 -0.002900
vn -0.495400 0.633900 0.593900
vn -0.777400 -0.620800 0.101000
vn -0.654900 0.642200 0.398500
vn -0.568800 -0.816900 0.095600
vn -0.654800 0.642200 0.398600
vn -0.842700 0.488100 0.227500
vn -0.650400 0.527900 0.546100
vn -0.842700 0.488000 0.227400
vn -0.404000 -0.850300 0.337400
vn -0.403900 -0.850200 0.337500
vn -0.010300 -0.501700 0.865000
vn 0.974200 -0.079300 0.211400
vn 0.903400 -0.422500 0.073200
vn 0.903400 -0.422600 0.073200
vn 0.419200 0.728700 0.541600
vn 0.903300 -0.422600 0.073200
vn 0.923200 -0.183800 -0.337400
vn 0.726200 -0.057000 -0.685200
vn 0.726100 -0.057000 -0.685200
vn 0.690700 -0.044100 -0.721800
vn 0.690700 -0.044200 -0.721800
vn 0.645300 -0.001300 -0.763900
vn 0.280000 0.913500 0.295100
vn -0.530200 0.502400 -0.683000
vn 0.923200 -0.183700 -0.337500
vn 0.726100 -0.057000 -0.685300
vn -0.568700 -0.817000 0.095500
vn -0.777400 -0.620800 0.101100
vn 0.903400 -0.422600 0.073300
vn -0.568700 -0.817000 0.095600
vn -0.794800 -0.606900 -0.002800
vn -0.794800 -0.606900 -0.003000
vn -0.815300 -0.574600 -0.071700
vn 0.557000 0.804000 0.208000
vn 0.565900 0.422800 0.707800
vn 0.897700 0.220000 0.381800
vn 0.897700 0.219900 0.381800
vn 0.391500 0.896800 0.206000
vn 0.557100 0.804000 0.208000
vn 0.681600 0.238700 0.691700
vn 0.391500 0.896800 0.206100
vn -0.216100 0.961500 -0.169500
vn -0.018200 0.773700 -0.633200
vn -0.018200 0.773800 -0.633200
vn 0.442800 0.859900 0.253900
vn -0.189200 0.812100 -0.552000
vn -0.513000 0.626000 -0.587300
vn -0.686100 0.727500 -0.000000
vn -0.135800 0.990700 -0.000000
vn -0.135700 0.990700 -0.000000
vn -0.198300 0.813500 0.546800
vn -0.513000 0.626000 0.587200
vn -0.257600 -0.802200 -0.538600
vn -0.519300 0.411800 -0.748800
vn 0.025800 -0.500900 -0.865100
vn -0.991700 0.128300 -0.000000
vn -0.713800 0.262500 0.649300
vn -0.513000 0.626100 0.587300
vn -0.145000 0.228400 0.962700
vn -0.145000 0.228300 0.962700
vn -0.513000 0.626000 0.587300
vn 0.565900 0.422900 0.707800
vn -0.147400 0.236100 -0.960500
vn -0.713800 0.262500 -0.649300
vn -0.513100 0.626000 -0.587300
vn -0.513000 0.626100 -0.587200
vn -0.991700 0.128400 0.000100
vn -0.686200 0.727500 0.000000
vn -0.991700 0.128400 0.000000
vn -0.147400 0.236200 -0.960500
vn -0.216100 0.961600 -0.169500
vn -0.519300 0.411900 -0.748800
vn 0.310800 -0.757000 -0.574800
vn 0.569900 -0.406800 -0.714000
vn 0.497000 -0.498800 0.710100
vn 0.313700 -0.795000 0.519100
vn -0.855000 -0.518600 0.005300
vn -0.180100 0.276700 0.943900
vn 0.095600 0.856300 0.507600
vn -0.775300 0.542200 -0.323900
vn 0.734200 0.249900 0.631300
vn 0.708200 0.705000 0.037200
vn 0.442800 0.095600 0.891500
vn 0.708100 0.705100 0.037100
vn 0.924700 0.369000 0.094100
vn 0.747600 0.663500 -0.029100
vn 0.708100 0.705100 0.037200
vn 0.095600 0.856200 0.507700
vn -0.581300 -0.226000 0.781700
vn -0.378500 0.163200 0.911100
vn 0.350100 0.128400 0.927900
vn 0.104000 0.138700 0.984800
vn 0.644300 0.263400 0.718000
vn 0.104000 0.138800 0.984800
vn 0.104000 0.138700 0.984900
vn 0.666600 0.328700 0.669100
vn 0.644300 0.263500 0.717900
vn -0.180200 0.276700 0.943900
vn 0.442800 0.095700 0.891500
vn -0.378400 0.163200 0.911100
vn 0.734200 0.249900 0.631200
vn 0.924700 0.368900 0.094100
vn 0.644300 0.263400 0.717900
vn 0.666600 0.328600 0.669100
vn -0.727500 -0.685000 0.039600
vn -0.775200 0.542300 -0.324000
vn -0.495000 -0.857600 0.139700
vn -0.727500 -0.684900 0.039600
vn -0.258200 -0.655400 -0.709800
vn -0.775300 0.542200 -0.324000
vn -0.494900 -0.857600 0.139800
vn 0.526400 -0.617500 -0.584400
vn 0.488400 -0.372200 -0.789300
vn 0.526500 -0.617500 -0.584400
vn 0.904100 0.012900 -0.427200
vn 0.966900 0.206200 0.150100
vn 0.966900 0.206100 0.150100
vn 0.280400 -0.904500 0.321200
vn 0.280400 -0.904600 0.321200
vn 0.280500 -0.904500 0.321200
vn 0.190400 -0.170900 0.966700
vn -0.494900 -0.857600 0.139700
vn 0.190500 -0.170900 0.966700
vn -0.581300 -0.225900 0.781700
vn 0.190400 -0.170800 0.966700
vn 0.280300 -0.904600 0.321200
vn 0.966900 0.206100 0.150200
vn 0.967000 0.206100 0.150100
vn 0.924700 0.369000 0.094000
vn 0.227200 -0.264700 -0.937200
vn 0.758500 -0.323900 -0.565500
vn 0.020200 -0.366900 -0.930000
vn 0.741500 0.660800 -0.116400
vn 0.227300 -0.264900 -0.937100
vn 0.942900 -0.027500 -0.332000
vn 0.758400 -0.324000 -0.565500
vn 0.741400 0.660900 -0.116400
vn 0.691100 -0.324600 -0.645800
vn 0.020400 -0.366900 -0.930000
vn 0.691000 -0.324700 -0.645800
vn 0.895200 -0.070000 -0.440100
vn 0.904100 0.013000 -0.427200
vn 0.895300 -0.070000 -0.440000
vn 0.924600 0.369000 0.094100
vn 0.488400 -0.372100 -0.789300
vn 0.020300 -0.366900 -0.930000
vn -0.775300 0.542300 -0.323900
vn 0.227300 -0.264800 -0.937100
vn -0.775200 0.542300 -0.323900
vn 0.376800 0.482300 -0.790800
vn 0.227200 -0.264900 -0.937100
vn 0.376700 0.482300 -0.790800
vn 0.708200 0.705100 0.037200
vn 0.741400 0.660800 -0.116400
vn -0.068700 0.981900 -0.176600
vn -0.068800 0.981900 -0.176700
vn -0.663200 0.214200 0.717200
vn -0.068800 0.981900 -0.176600
vn 0.056300 0.923100 -0.380400
vn 0.566900 0.302400 -0.766200
vn -0.803400 0.401400 0.439800
vn -0.600300 0.177800 -0.779700
vn -0.622700 -0.374000 -0.687300
vn -0.622700 -0.373900 -0.687400
vn -0.394700 -0.640100 0.659200
vn -0.600300 0.177900 -0.779700
vn -0.365300 0.832400 0.416700
vn -0.194500 0.558400 -0.806400
vn -0.910400 0.358600 -0.206400
vn 0.083000 0.247600 -0.965300
vn 0.037900 -0.314300 -0.948600
vn -0.953800 -0.252000 -0.163700
vn -0.910400 0.358500 -0.206300
vn -0.702200 -0.691900 0.167800
vn 0.037900 -0.314200 -0.948600
vn 0.082900 0.247600 -0.965300
vn -0.910400 0.358500 -0.206400
vn -0.605600 0.788700 0.105400
vn -0.605600 0.788700 0.105500
vn -0.640200 -0.768200 0.000000
vn -0.658900 -0.445800 0.605800
vn -0.659000 -0.445900 0.605800
vn -0.048400 -0.515700 0.855400
vn -0.048500 -0.515800 0.855400
vn 0.596900 -0.483200 0.640500
vn 0.565800 0.422800 0.707900
vn -0.640300 -0.768100 -0.000000
vn -0.713800 0.262400 -0.649300
vn -0.257600 -0.802200 -0.538700
vn -0.057000 -0.519700 -0.852500
vn -0.056900 -0.519800 -0.852400
vn -0.519200 0.411800 -0.748800
vn -0.659000 -0.445800 -0.605800
vn -0.659000 -0.445900 -0.605800
vn -0.048400 -0.515800 0.855400
vn 0.107100 -0.994200 -0.000000
vn 0.596900 -0.758700 0.261000
vn 0.596900 -0.483100 0.640500
vn -0.056900 -0.519700 -0.852400
vn -0.640200 -0.768200 0.000100
vn 0.897000 -0.441600 -0.020100
vn 0.740100 -0.426200 0.520200
vn 0.549200 -0.623200 0.556800
vn 0.025900 -0.500900 -0.865100
vn -0.048500 -0.515700 0.855400
vn -0.658900 -0.445900 0.605800
vn 0.596800 -0.758700 0.261000
vn 0.549200 -0.623300 0.556700
vn 0.549200 -0.623100 0.556800
vn 0.681500 0.238700 0.691800
vn 0.740100 -0.426300 0.520200
vn 0.549200 -0.623200 0.556700
vn 0.681500 0.238700 0.691700
vn 0.787500 0.374000 0.489900
vn 0.897000 -0.441600 -0.020200
vn 0.848500 0.453700 -0.272500
vn 0.025700 -0.500900 -0.865100
vn 0.848500 0.453800 -0.272500
vn 0.415300 0.355900 0.837200
vn 0.056300 0.923100 -0.380300
vn -0.663200 0.214200 0.717100
vn -0.352900 0.735600 0.578200
vn 0.415200 0.356000 0.837200
vn -0.365200 0.832400 0.416700
vn 0.266500 0.843200 0.466800
vn 0.695000 0.401900 0.596300
vn 0.752400 0.146500 -0.642200
vn -0.194500 0.558500 -0.806400
vn -0.961700 0.272700 -0.027500
vn -0.006900 0.999900 -0.013900
vn 0.021100 0.997900 -0.062000
vn -0.046000 0.354900 0.933800
vn -0.006900 0.999900 -0.013800
vn -0.961700 0.272700 -0.027600
vn 0.955800 0.285500 0.069500
vn 0.021200 0.997900 -0.062000
vn 0.955900 0.285500 0.069600
vn -0.511200 -0.754800 -0.411100
vn -0.601200 -0.464800 -0.650000
vn -0.341200 0.562400 -0.753200
vn 0.509100 0.707900 -0.489600
vn -0.511100 -0.754800 -0.411200
vn -0.093000 -0.749700 -0.655200
vn -0.046300 -0.698300 0.714300
vn 0.112300 -0.669800 -0.734000
vn -0.110600 -0.674500 -0.729900
vn -0.128200 0.708900 0.693600
vn -0.085300 -0.581200 0.809300
vn -0.110700 -0.674600 -0.729900
vn -0.085300 -0.581100 0.809300
vn 0.439000 -0.681100 -0.585900
vn -0.085200 -0.581100 0.809300
vn 0.082100 0.755400 0.650100
vn 0.082100 0.755400 0.650200
vn 0.636600 0.485300 -0.599400
vn -0.110600 -0.674600 -0.729900
vn 0.112400 -0.669800 -0.734000
vn 0.020900 0.741900 -0.670100
vn 0.020900 0.742000 -0.670100
vn 0.069100 0.746500 -0.661800
vn 0.069100 0.746600 -0.661700
vn 0.636600 0.485400 -0.599300
vn -0.128200 0.709000 0.693500
vn -0.128200 0.708900 0.693500
vn 0.082100 0.755300 0.650200
vn 0.636500 0.485300 -0.599400
vn 0.037200 0.688600 -0.724200
vn -0.511100 0.580200 -0.634100
vn -0.605800 0.628300 0.488200
vn 0.037300 0.688600 -0.724200
vn 0.133400 -0.712700 -0.688700
vn -0.126400 0.752200 0.646800
vn -0.023500 -0.683400 0.729700
vn -0.126400 0.752200 0.646700
vn -0.605800 0.628300 0.488100
vn -0.605800 0.628200 0.488200
vn -0.023500 -0.683500 0.729600
vn 0.133400 -0.712700 -0.688600
vn -0.023400 -0.683500 0.729600
vn -0.638700 -0.539300 0.548800
vn 0.138500 -0.704500 -0.696100
vn 0.037300 0.688500 -0.724300
vn 0.015600 0.705400 -0.708600
vn 0.138500 -0.704400 -0.696100
vn -0.126500 0.752200 0.646700
vn -0.127700 0.746800 0.652700
vn -0.019100 -0.637300 0.770400
vn 0.112400 -0.669700 -0.734000
vn -0.127700 0.746800 0.652600
vn -0.019200 -0.637300 0.770400
vn -0.046200 -0.698400 0.714200
vn -0.046200 -0.698300 0.714300
vn -0.127800 0.746800 0.652700
vn -0.126400 0.752100 0.646800
vn 0.133500 -0.712700 -0.688600
vn 0.138600 -0.704400 -0.696100
vn 0.112400 -0.669700 -0.734100
vn -0.128100 0.709000 0.693500
vn 0.373700 0.632700 -0.678200
vn -0.605700 0.788700 0.105400
vn -0.187300 0.795600 0.576200
vn 0.060000 0.347500 0.935800
vn 0.019600 -0.278100 0.960400
vn 0.932800 -0.349400 0.088900
vn 0.975600 0.207000 0.072700
vn -0.187300 0.795600 0.576100
vn 0.745500 0.616800 -0.252500
vn 0.373600 0.632700 -0.678200
vn -0.425400 0.386200 -0.818500
vn -0.370600 0.655200 -0.658400
vn 0.321500 0.623200 -0.712900
vn -0.429700 0.222300 -0.875200
vn 0.321500 0.623300 -0.712900
vn 0.016100 0.600500 -0.799400
vn -0.429700 0.222400 -0.875200
vn -0.928400 -0.072600 -0.364500
vn -0.370700 0.655100 -0.658400
vn -0.928300 -0.072500 -0.364600
vn -0.611800 -0.157100 -0.775300
vn -0.611800 -0.157000 -0.775200
vn -0.299000 0.199800 -0.933100
vn 0.016100 0.600500 -0.799500
vn 0.016100 0.600600 -0.799400
vn -0.253400 -0.192600 -0.948000
vn -0.240500 0.177400 -0.954300
vn -0.258100 -0.136100 -0.956500
vn -0.414400 -0.135300 -0.900000
vn -0.089600 -0.146100 -0.985200
vn -0.258000 -0.136100 -0.956500
vn -0.240400 0.177500 -0.954300
vn -0.175800 0.192500 -0.965400
vn 0.142100 -0.193900 -0.970700
vn -0.175700 0.192500 -0.965400
vn -0.054600 0.176800 -0.982700
vn 0.514700 -0.083200 -0.853300
vn 0.142000 -0.193800 -0.970700
vn -0.054600 0.176700 -0.982800
vn -0.054700 0.176700 -0.982700
vn -0.178900 0.461500 -0.868900
vn 0.514700 -0.083100 -0.853300
vn 0.087900 0.607000 -0.789800
vn -0.645300 0.650300 -0.401000
vn 0.087800 0.607000 -0.789800
vn -0.178900 0.461600 -0.868900
vn -0.645300 0.650300 -0.400900
vn -0.365300 0.605100 -0.707400
vn -0.365400 0.605100 -0.707400
vn -0.175800 0.192600 -0.965400
vn -0.175700 0.192600 -0.965400
vn -0.240500 0.177500 -0.954300
vn -0.240400 0.177400 -0.954300
vn -0.298900 0.199800 -0.933100
vn -0.414400 -0.135200 -0.900000
vn -0.299000 0.199900 -0.933100
vn -0.611900 -0.157100 -0.775200
vn -0.077500 0.623800 0.777800
vn -0.827500 0.219700 0.516800
vn -0.204800 0.405800 0.890700
vn 0.506700 0.387300 0.770200
vn -0.077400 0.623800 0.777800
vn -0.251200 0.263000 0.931500
vn 0.506800 0.387300 0.770200
vn 0.239700 0.442500 0.864100
vn 0.506800 0.387200 0.770200
vn -0.251200 0.263100 0.931500
vn -0.132200 0.203400 0.970100
vn 0.239700 0.442500 0.864200
vn 0.071500 0.503700 0.860900
vn 0.239600 0.442400 0.864200
vn -0.132200 0.203300 0.970200
vn -0.132200 0.203300 0.970100
vn -0.513600 0.019400 0.857800
vn -0.827500 0.219700 0.516700
vn -0.513600 0.019500 0.857800
vn -0.827500 0.219600 0.516800
vn -0.343300 0.749700 0.565800
vn 0.059200 0.100100 0.993200
vn 0.028100 0.409500 0.911900
vn 0.059200 0.100200 0.993200
vn -0.343200 0.749700 0.565800
vn -0.091800 0.574800 0.813200
vn -0.091800 0.574700 0.813200
vn -0.042700 0.161400 0.986000
vn -0.042800 0.161400 0.986000
vn 0.071500 0.503800 0.860900
vn -0.093500 0.177600 0.979600
vn -0.093600 0.177600 0.979600
vn -0.093600 0.177500 0.979700
vn -0.333600 -0.027900 0.942300
vn -0.333600 -0.028000 0.942300
vn 0.292900 0.433600 0.852200
vn 0.028200 0.409400 0.911900
vn 0.455000 -0.282700 0.844400
vn 0.454900 -0.282700 0.844500
vn 0.028200 0.409500 0.911900
vn 0.098500 -0.251000 0.963000
vn 0.455000 -0.282800 0.844400
vn 0.098500 -0.250900 0.963000
vn -0.073300 -0.138200 0.987700
vn -0.073400 -0.138200 0.987700
vn -0.042800 0.161300 0.986000
vn -0.205400 -0.077900 0.975600
vn -0.073400 -0.138100 0.987700
vn -0.205500 -0.077900 0.975600
vn -0.197300 0.883300 0.425300
vn -0.206100 0.965100 0.161300
vn -0.751700 0.621200 -0.221200
vn -0.197400 0.883300 0.425200
vn 0.423200 0.779300 0.462200
vn -0.183900 0.982900 0.008300
vn -0.206200 0.965100 0.161300
vn 0.179900 0.904900 0.385700
vn -0.042500 0.999100 0.002700
vn -0.042600 0.999100 0.002700
vn 0.179900 0.904900 0.385600
vn 0.021200 0.997900 -0.061900
vn -0.333800 0.889600 -0.311700
vn -0.042600 0.999100 0.002600
vn -0.183800 0.982900 0.008300
vn -0.333800 0.889600 -0.311800
vn -0.751700 0.621300 -0.221200
vn -0.000400 1.000000 0.002600
vn 0.002000 0.959000 -0.283400
vn -0.139000 0.947300 -0.288800
vn 0.147200 0.947800 -0.283000
vn -0.000300 1.000000 0.002600
vn 0.050500 0.998700 0.000400
vn 0.343600 0.887200 -0.307900
vn 0.171300 0.985100 -0.013900
vn 0.658600 0.733000 -0.169900
vn 0.171400 0.985100 -0.013900
vn 0.005600 0.965400 0.260700
vn 0.658700 0.733000 -0.169900
vn -0.042500 0.999100 0.002600
vn -0.000400 1.000000 0.002700
vn -0.188200 0.909600 0.370300
vn -0.188200 0.909700 0.370300
vn -0.521500 0.723200 0.452900
vn -0.521500 0.723100 0.452900
vn 0.224800 0.887400 0.402400
vn 0.224900 0.887400 0.402300
vn -0.712800 0.075200 0.697300
vn -0.632900 0.562600 0.531800
vn -0.712800 0.075100 0.697400
vn -0.631200 0.011100 0.775500
vn -0.631300 0.011000 0.775500
vn -0.642000 0.747900 0.168500
vn -0.609900 0.336200 0.717600
vn -0.334200 0.395800 0.855300
vn -0.609900 0.336200 0.717700
vn -0.156600 -0.397000 0.904400
vn -0.334200 0.395800 0.855400
vn -0.156500 -0.397000 0.904400
vn -0.631200 0.011000 0.775500
vn -0.531600 -0.395800 0.748800
vn -0.531700 -0.395700 0.748800
vn -0.749300 0.092000 0.655800
vn -0.818700 -0.206400 0.535800
vn -0.709900 -0.276800 0.647600
vn -0.902300 -0.143600 0.406600
vn -0.749300 0.092000 0.655900
vn -0.779300 0.123100 0.614400
vn -0.977800 -0.076500 0.194900
vn -0.779300 0.123200 0.614500
vn -0.842400 0.197100 0.501400
vn -0.977800 -0.076400 0.194900
vn -0.948000 0.178900 -0.263300
vn -0.842400 0.197100 0.501500
vn -0.777900 0.357300 0.516900
vn -0.948000 0.178800 -0.263200
vn -0.709900 -0.276900 0.647600
vn -0.710000 -0.276800 0.647600
vn -0.712800 0.075100 0.697300
vn -0.825100 -0.247700 0.507700
vn -0.749300 0.091900 0.655800
vn -0.825200 -0.247900 0.507600
vn -0.391100 0.408400 0.824800
vn -0.779300 0.123200 0.614400
vn -0.391100 0.408400 0.824700
vn -0.105200 0.346300 0.932200
vn -0.777900 0.357400 0.516900
vn -0.105200 0.346400 0.932200
vn -0.593500 0.616100 0.517900
vn -0.593500 0.616200 0.517800
vn -0.948000 0.178900 -0.263200
vn -0.003200 -0.993100 -0.117300
vn -0.637200 -0.730800 0.244600
vn -0.904500 -0.363100 0.223700
vn 0.060700 -0.191000 -0.979700
vn 0.182600 -0.617100 -0.765400
vn -0.003100 -0.993100 -0.117300
vn -0.608400 -0.554500 -0.567800
vn 0.060700 -0.190900 -0.979700
vn -0.904500 -0.363200 0.223800
vn 0.410700 0.355600 -0.839500
vn 0.886600 -0.370800 -0.276600
vn 0.182500 -0.617100 -0.765400
vn 0.044700 0.551800 -0.832800
vn 0.410800 0.355600 -0.839500
vn 0.819500 0.522000 -0.236400
vn 0.410700 0.355600 -0.839600
vn 0.044800 0.551800 -0.832800
vn 0.104300 0.789900 -0.604300
vn 0.819500 0.522000 -0.236500
vn 0.104400 0.789900 -0.604300
vn 0.517500 0.693700 0.501000
vn 0.182700 -0.617100 -0.765400
vn 0.886500 -0.370800 -0.276600
vn 0.555900 -0.742500 0.373800
vn 0.886600 -0.370800 -0.276500
vn -0.003100 -0.993100 -0.117400
vn -0.123500 0.393900 0.910800
vn 0.774800 -0.024500 0.631700
vn 0.517500 0.693600 0.501100
vn 0.555800 -0.742500 0.373800
vn -0.775300 0.193500 0.601300
vn -0.052300 -0.500200 0.864400
vn -0.052200 -0.500100 0.864400
vn 0.774800 -0.024600 0.631700
vn -0.123500 0.393800 0.910800
vn -0.637300 -0.730800 0.244600
vn -0.052300 -0.500100 0.864400
vn -0.775200 0.193600 0.601300
vn -0.861900 0.428700 0.270900
vn -0.861900 0.428600 0.271000
vn -0.123500 0.394000 0.910800
vn -0.653500 0.687600 0.316500
vn -0.345100 0.920900 -0.180900
vn 0.517600 0.693600 0.501000
vn -0.345100 0.921000 -0.180900
vn -0.345100 0.920900 -0.181000
vn -0.861900 0.428700 0.271000
vn -0.762000 0.618000 0.193500
vn -0.806700 0.504500 0.307700
vn -0.653500 0.687500 0.316500
vn -0.345200 0.920900 -0.181000
vn -0.592000 0.696000 -0.406400
vn 0.060600 -0.191000 -0.979700
vn -0.592000 0.695900 -0.406400
vn 0.082000 0.624500 -0.776700
vn 0.060600 -0.190900 -0.979700
vn -0.029100 0.714300 -0.699200
vn 0.081900 0.624500 -0.776700
vn -0.592000 0.696000 -0.406300
vn -0.450900 0.846500 -0.283000
vn -0.029000 0.714300 -0.699200
vn 0.044800 0.551700 -0.832800
vn -0.029000 0.714300 -0.699300
vn -0.450900 0.846500 -0.283100
vn -0.345200 0.920900 -0.180900
vn -0.904500 -0.363100 0.223800
vn -0.806700 0.504500 0.307800
vn -0.637200 -0.730900 0.244500
vn 0.121400 0.971500 0.203700
vn 0.844100 -0.315000 -0.433900
vn 0.202300 0.976000 -0.080300
vn -0.641500 -0.385400 0.663300
vn 0.903900 -0.215900 0.369300
vn -0.023300 0.999600 0.016000
vn -0.050100 0.995800 0.076100
vn 0.903900 -0.215900 0.369200
vn 0.631800 -0.217300 0.744100
vn -0.018800 0.998500 -0.051000
vn 0.045200 0.998100 -0.042200
vn 0.631700 -0.217300 0.744100
vn -0.992000 -0.120300 -0.038900
vn -0.916800 -0.239500 0.319500
vn -0.992000 -0.120400 -0.039000
vn -0.050200 0.995800 0.076100
vn -0.899600 -0.105000 -0.424000
vn -0.992000 -0.120400 -0.038900
vn -0.023300 0.999600 0.015900
vn -0.018800 0.998500 -0.051100
vn 0.592400 -0.509500 -0.624000
vn 0.318700 0.947600 -0.020800
vn 0.849500 -0.192100 0.491400
vn 0.592500 -0.509500 -0.624000
vn -0.432300 -0.284700 0.855600
vn 0.318600 0.947700 -0.020800
vn -0.090000 0.980500 0.174900
vn -0.432200 -0.284600 0.855700
vn 0.592400 -0.509500 -0.624100
vn 0.961600 -0.260000 -0.087700
vn -0.432300 -0.284600 0.855600
vn 0.961600 -0.260000 -0.087800
vn -0.899500 -0.105000 -0.424000
vn -0.916800 -0.239400 0.319500
vn -0.916900 -0.239500 0.319400
vn -0.899600 -0.105000 -0.423900
vn -0.676800 -0.311500 0.667000
vn 0.631800 -0.217300 0.744000
vn 0.231700 -0.206900 0.950500
vn 0.045100 0.998100 -0.042200
vn -0.899500 -0.105000 -0.424100
vn -0.050100 0.995800 0.076000
vn -0.916800 -0.239500 0.319600
vn -0.916800 -0.239500 0.319400
vn -0.647200 -0.118400 -0.753100
vn -0.307800 -0.115500 -0.944400
vn -0.899600 -0.104900 -0.424000
vn -0.647200 -0.118400 -0.753000
vn -0.307700 -0.115500 -0.944500
vn 0.070500 -0.145700 -0.986800
vn 0.428000 -0.258700 -0.866000
vn -0.307700 -0.115500 -0.944400
vn 0.428000 -0.258600 -0.866000
vn -0.190300 -0.226800 0.955200
vn 0.231600 -0.206900 0.950600
vn -0.190200 -0.226800 0.955200
vn 0.101700 0.992900 -0.061900
vn 0.231700 -0.207000 0.950500
vn 0.464300 -0.171400 0.868900
vn 0.693700 -0.338300 -0.635900
vn -0.641500 -0.385500 0.663300
vn -0.641500 -0.385400 0.663200
vn -0.190300 -0.226700 0.955200
vn -0.641600 -0.385400 0.663200
vn 0.070500 -0.145800 -0.986800
vn 0.427900 -0.258700 -0.866000
vn 0.070400 -0.145700 -0.986800
vn 0.427900 -0.258600 -0.866000
vn 0.844100 -0.314900 -0.433900
vn 0.464200 -0.171400 0.869000
vn 0.693800 -0.338300 -0.635800
vn 0.121500 0.971500 0.203700
vn -0.187400 0.795600 0.576200
vn -0.628000 -0.280000 0.726100
vn -0.605600 0.788800 0.105400
vn -0.494400 -0.067900 0.866600
vn -0.628100 -0.279900 0.726100
vn -0.494400 -0.068000 0.866600
vn -0.953800 -0.251900 -0.163600
vn -0.458300 0.216900 0.861900
vn -0.458200 0.217000 0.861900
vn -0.587900 0.413900 0.695000
vn -0.702200 -0.692000 0.167800
vn -0.303000 -0.694500 0.652500
vn -0.770400 0.438900 0.462400
vn -0.294700 -0.150600 0.943600
vn -0.274500 0.270500 0.922700
vn -0.294800 -0.150500 0.943600
vn -0.458200 0.216900 0.862000
vn -0.446000 0.584400 0.677900
vn -0.446100 0.584400 0.677900
vn -0.759400 0.078600 0.645900
vn -0.274500 0.270500 0.922800
vn -0.729600 0.587600 0.350000
vn -0.729500 0.587600 0.350100
vn -0.770400 0.438800 0.462500
vn -0.729500 0.587600 0.350000
vn -0.948900 0.290200 0.124400
vn -0.770500 0.438900 0.462400
vn -0.948800 0.290200 0.124400
vn -0.759300 0.078700 0.645900
vn -0.919400 0.225700 0.322100
vn -0.948900 0.290100 0.124400
vn -0.979300 -0.141300 0.144600
vn -0.948800 0.290200 0.124500
vn -0.919400 0.225600 0.322200
vn -0.979400 -0.141300 0.144500
vn -0.759300 0.078600 0.645900
vn -0.796200 -0.458200 0.395000
vn -0.796200 -0.458200 0.395100
vn -0.942600 -0.073600 0.325700
vn -0.919400 0.225800 0.322100
vn 0.059900 0.347500 0.935700
vn -0.187400 0.795600 0.576100
vn -0.819200 -0.267800 0.507100
vn -0.628000 -0.279900 0.726100
vn -0.516600 -0.454500 0.725700
vn -0.294700 -0.150500 0.943600
vn -0.516500 -0.454500 0.725700
vn 0.060000 0.347600 0.935700
vn 0.060100 0.347500 0.935800
vn -0.942600 -0.073500 0.325700
vn -0.819300 -0.267700 0.507100
vn -0.294700 -0.150500 0.943700
usemtl World_Expansion03_doodads_generic_nightelfglaivethrowburned.m2_
s 1
f 1/1/1 2/2/2 3/3/3
f 4/4/4 5/5/5 6/6/6
f 7/6/7 8/7/8 9/4/9
f 10/8/10 11/9/11 12/10/12
f 13/10/13 14/11/14 15/8/15
f 16/12/8 17/11/16 18/10/12
f 19/11/17 20/12/18 21/13/19
f 22/14/20 23/15/21 24/16/22
f 25/16/23 26/17/24 27/14/25
f 28/18/26 29/19/27 30/20/24
f 31/20/28 32/21/29 33/18/26
f 34/18/30 35/19/31 36/20/32
f 37/20/32 38/21/22 39/18/30
f 40/14/33 41/22/32 42/23/34
f 43/23/35 44/15/36 45/14/33
f 46/22/37 47/23/27 48/15/38
f 49/15/38 50/14/31 51/22/39
f 52/14/40 53/15/26 54/16/35
f 55/16/35 56/17/41 57/14/40
f 58/14/42 59/15/43 60/16/44
f 61/16/45 62/17/46 63/14/47
f 64/18/48 65/19/42 66/20/46
f 67/20/46 68/21/49 69/18/48
f 70/18/43 71/19/50 72/20/51
f 73/20/52 74/21/44 75/18/43
f 76/14/45 77/22/51 78/23/53
f 79/23/53 80/15/54 81/14/45
f 82/22/43 83/23/55 84/15/56
f 85/15/56 86/14/57 87/22/58
f 88/14/57 89/15/59 90/16/60
f 91/16/60 92/17/61 93/14/50
f 94/24/62 95/25/63 96/26/64
f 97/26/65 98/27/66 99/24/67
f 100/28/68 101/29/67 102/30/69
f 103/29/62 104/28/68 105/31/70
f 106/30/66 107/32/71 108/28/68
f 109/33/72 110/32/73 111/30/69
f 112/30/66 113/34/74 114/33/75
f 115/31/76 116/33/72 117/34/74
f 118/34/65 119/35/77 120/31/76
f 121/31/78 122/35/79 123/29/62
f 124/36/80 125/37/81 126/38/82
f 127/38/83 128/39/84 129/36/85
f 130/39/86 131/38/83 132/40/87
f 133/40/87 134/41/88 135/39/89
f 136/42/90 137/43/91 138/44/92
f 139/44/93 140/45/83 141/42/94
f 142/45/83 143/44/95 144/46/96
f 145/46/97 146/47/98 147/45/99
f 148/48/100 149/49/101 150/50/102
f 151/51/103 152/52/104 153/48/100
f 154/48/105 155/52/106 156/51/103
f 157/50/102 158/52/107 159/48/100
f 160/49/101 161/48/108 162/52/109
f 163/52/109 164/50/110 165/49/101
f 166/50/110 167/52/109 168/51/111
f 169/51/112 170/53/113 171/50/110
f 172/53/114 173/51/103 174/52/115
f 175/52/115 176/50/116 177/53/114
f 178/1/117 179/2/118 180/3/119
f 181/54/120 182/55/121 183/56/122
f 184/56/119 185/57/123 186/54/124
f 187/58/125 188/59/126 189/60/127
f 190/60/127 191/61/128 192/58/129
f 193/61/130 194/58/131 195/61/132
f 196/59/133 197/58/131 198/61/130
f 199/62/134 200/63/135 201/60/136
f 202/61/137 203/60/138 204/63/139
f 205/63/139 206/62/140 207/61/128
f 208/61/128 209/62/134 210/61/141
f 211/60/142 212/61/143 213/62/134
f 214/61/130 215/60/136 216/59/144
f 217/64/3 218/65/2 219/66/145
f 220/66/145 221/67/146 222/64/147
f 223/68/148 224/69/145 225/70/2
f 226/70/149 227/71/150 228/68/148
f 229/54/148 230/55/151 231/56/152
f 232/56/3 233/57/153 234/54/154
f 235/72/155 236/73/156 237/74/157
f 238/74/157 239/75/158 240/72/159
f 241/72/160 242/73/161 243/74/162
f 244/74/162 245/75/163 246/72/164
f 247/72/163 248/73/162 249/74/165
f 250/74/156 251/75/159 252/72/163
f 253/76/166 254/77/157 255/78/156
f 256/78/156 257/79/162 258/76/161
f 259/80/164 260/81/163 261/82/159
f 262/82/159 263/83/167 264/80/160
f 265/84/168 266/85/169 267/86/170
f 268/87/171 269/85/172 270/84/173
f 271/87/174 272/84/168 273/88/175
f 274/89/176 275/87/177 276/88/175
f 277/89/178 278/88/179 279/90/180
f 280/86/181 281/85/182 282/87/183
f 283/91/184 284/86/170 285/87/183
f 286/84/173 287/86/170 288/91/184
f 289/88/175 290/84/173 291/91/184
f 292/91/184 293/92/185 294/88/175
f 295/90/180 296/88/186 297/92/185
f 298/91/184 299/93/187 300/94/188
f 301/92/185 302/91/184 303/94/189
f 304/91/190 305/87/174 306/93/191
f 307/94/188 308/93/187 309/87/183
f 310/89/178 311/94/188 312/87/174
f 313/89/178 314/95/192 315/94/193
f 316/95/194 317/89/195 318/96/196
f 319/97/197 320/98/198 321/99/199
f 322/100/200 323/99/199 324/98/201
f 325/99/202 326/100/203 327/101/204
f 328/89/176 329/101/205 330/100/200
f 331/89/178 332/102/206 333/101/204
f 334/89/178 335/90/180 336/102/207
f 337/102/207 338/90/180 339/96/208
f 340/92/185 341/96/209 342/90/180
f 343/96/208 344/92/210 345/95/211
f 346/94/188 347/95/192 348/92/185
f 349/89/212 350/103/213 351/104/214
f 352/104/214 353/96/215 354/89/195
f 355/96/208 356/104/216 357/102/207
f 358/105/217 359/103/213 360/89/212
f 361/104/218 362/103/213 363/105/219
f 364/105/219 365/106/220 366/104/214
f 367/102/207 368/104/214 369/106/221
f 370/106/221 371/101/205 372/102/207
f 373/97/222 374/89/178 375/100/223
f 376/97/222 377/105/219 378/89/178
f 379/97/224 380/107/225 381/105/226
f 382/106/221 383/105/226 384/107/225
f 385/107/225 386/99/199 387/106/220
f 388/101/205 389/106/221 390/99/199
f 391/99/199 392/107/227 393/97/224
f 394/108/228 395/109/229 396/110/230
f 397/97/231 398/100/200 399/110/232
f 400/97/222 401/110/233 402/109/234
f 403/98/198 404/97/222 405/111/235
f 406/111/236 407/97/222 408/109/237
f 409/109/238 410/108/228 411/111/235
f 412/111/236 413/108/228 414/98/239
f 415/98/239 416/108/228 417/110/232
f 418/98/239 419/110/240 420/100/223
f 421/112/241 422/113/242 423/114/243
f 424/114/244 425/115/245 426/112/246
f 427/116/247 428/117/248 429/118/249
f 430/118/249 431/119/250 432/116/251
f 433/120/252 434/121/253 435/122/254
f 436/122/255 437/123/256 438/120/257
f 439/121/258 440/120/252 441/123/259
f 442/123/260 443/122/261 444/121/262
f 445/124/253 446/125/263 447/126/264
f 448/126/265 449/127/266 450/124/253
f 451/127/267 452/126/268 453/125/269
f 454/125/270 455/124/258 456/127/267
f 457/128/258 458/129/271 459/130/272
f 460/130/272 461/131/273 462/128/258
f 463/131/273 464/130/274 465/129/275
f 466/129/275 467/128/276 468/131/266
f 469/132/277 470/133/278 471/128/253
f 472/128/279 473/134/257 474/132/280
f 475/133/281 476/132/277 477/134/282
f 478/134/257 479/128/283 480/133/281
f 481/135/284 482/136/285 483/137/286
f 484/137/287 485/138/288 486/135/289
f 487/116/290 488/119/291 489/118/292
f 490/118/293 491/117/294 492/116/295
f 493/139/284 494/140/272 495/141/261
f 496/140/272 497/139/289 498/142/288
f 499/142/296 500/141/255 501/140/297
f 502/143/260 503/141/254 504/142/288
f 505/142/298 506/144/299 507/143/260
f 508/141/300 509/143/301 510/144/287
f 511/144/287 512/142/285 513/141/271
f 514/141/271 515/142/285 516/139/284
f 517/145/278 518/146/302 519/147/303
f 520/147/303 521/148/264 522/145/263
f 523/148/268 524/147/304 525/146/305
f 526/146/306 527/145/307 528/148/265
f 529/146/308 530/149/309 531/150/294
f 532/150/310 533/147/311 534/146/302
f 535/147/303 536/150/294 537/149/293
f 538/149/293 539/146/312 540/147/304
f 541/151/277 542/152/313 543/153/305
f 544/153/314 545/149/292 546/154/315
f 547/154/316 548/155/317 549/153/305
f 550/153/318 551/155/319 552/151/277
f 553/152/320 554/151/277 555/155/319
f 556/155/317 557/156/308 558/152/278
f 559/156/302 560/155/319 561/154/291
f 562/154/315 563/149/309 564/156/308
f 565/24/321 566/25/322 567/26/323
f 568/26/323 569/27/324 570/24/321
f 571/28/325 572/29/321 573/30/324
f 574/29/321 575/28/325 576/31/326
f 577/30/324 578/32/327 579/28/325
f 580/33/328 581/32/327 582/30/329
f 583/30/330 584/34/323 585/33/331
f 586/31/326 587/33/332 588/34/333
f 589/34/333 590/35/334 591/31/326
f 592/31/335 593/35/336 594/29/337
f 595/24/338 596/25/339 597/26/340
f 598/26/340 599/27/341 600/24/342
f 601/28/343 602/29/338 603/30/344
f 604/29/342 605/28/345 606/31/346
f 607/30/344 608/32/347 609/28/343
f 610/33/348 611/32/347 612/30/349
f 613/30/341 614/34/340 615/33/348
f 616/31/350 617/33/351 618/34/352
f 619/34/352 620/35/339 621/31/350
f 622/31/353 623/35/354 624/29/355
f 625/157/356 626/158/357 627/159/358
f 628/159/358 629/160/359 630/157/360
f 631/161/361 632/162/362 633/163/363
f 634/161/361 635/163/363 636/164/364
f 637/164/365 638/165/366 639/161/367
f 640/165/368 641/164/365 642/166/360
f 643/166/356 644/167/369 645/165/370
f 646/168/371 647/169/372 648/170/373
f 649/170/373 650/171/374 651/168/375
f 652/172/376 653/168/375 654/171/365
f 655/171/365 656/173/377 657/172/378
f 658/172/379 659/173/380 660/174/381
f 661/175/359 662/176/382 663/177/383
f 664/177/384 665/178/366 666/175/369
f 667/178/366 668/177/385 669/179/386
f 670/179/386 671/180/367 672/178/366
f 673/180/367 674/179/386 675/181/381
f 676/182/387 677/183/386 678/184/376
f 679/185/385 680/186/375 681/184/388
f 682/184/388 683/183/386 684/185/389
f 685/187/357 686/186/371 687/185/385
f 688/185/385 689/188/358 690/187/357
f 691/189/390 692/190/391 693/191/392
f 694/191/392 695/192/393 696/189/394
f 697/193/395 698/194/396 699/195/397
f 700/196/398 701/193/399 702/197/400
f 703/196/398 704/194/396 705/193/401
f 706/194/396 707/196/398 708/198/402
f 709/198/403 710/199/404 711/194/396
f 712/200/405 713/201/406 714/202/407
f 715/200/408 716/203/409 717/204/410
f 718/204/411 719/205/412 720/200/413
f 721/200/408 722/205/414 723/201/406
f 724/205/414 725/206/415 726/201/416
f 727/176/417 728/175/393 729/207/402
f 730/207/402 731/208/418 732/176/394
f 733/208/410 734/207/402 735/209/419
f 736/209/419 737/210/412 738/208/418
f 739/210/420 740/209/398 741/211/421
f 742/212/422 743/213/401 744/214/397
f 745/211/400 746/213/401 747/212/423
f 748/212/424 749/215/425 750/211/426
f 751/211/400 752/215/415 753/210/420
f 754/214/397 755/216/427 756/212/423
f 757/217/408 758/216/428 759/214/397
f 760/214/429 761/218/396 762/217/430
f 763/219/431 764/217/408 765/218/396
f 766/218/396 767/220/432 768/219/409
f 769/221/433 770/167/434 771/166/435
f 772/167/434 773/222/404 774/223/402
f 775/222/436 776/167/434 777/224/437
f 778/224/438 779/167/434 780/221/439
f 781/187/391 782/225/440 783/226/441
f 784/227/410 785/228/409 786/225/440
f 787/187/442 788/227/443 789/225/440
f 790/187/391 791/188/394 792/227/444
f 793/229/445 794/230/446 795/231/447
f 796/231/447 797/232/448 798/229/445
f 799/233/449 800/234/450 801/235/451
f 802/233/449 803/236/452 804/234/453
f 805/233/454 806/237/455 807/236/456
f 808/237/455 809/233/454 810/238/457
f 811/238/457 812/239/458 813/237/455
f 814/238/457 815/240/459 816/241/446
f 817/241/460 818/239/461 819/238/457
f 820/4/462 821/7/463 822/242/464
f 823/242/465 824/243/466 825/4/462
f 826/9/467 827/8/468 828/8/469
f 829/8/470 830/9/451 831/9/471
f 832/10/454 833/9/472 834/8/470
f 835/8/473 836/11/474 837/10/454
f 838/10/454 839/11/475 840/13/476
f 841/13/477 842/12/457 843/10/478
f 844/244/460 845/245/479 846/246/480
f 847/244/446 848/247/481 849/245/479
f 850/244/460 851/248/482 852/247/452
f 853/249/475 854/250/473 855/251/467
f 856/252/466 857/253/476 858/249/475
f 859/249/474 860/254/483 861/252/466
f 862/251/467 863/254/484 864/249/474
f 865/255/485 866/256/486 867/257/487
f 868/258/488 869/255/489 870/257/490
f 871/255/491 872/258/488 873/257/492
f 874/256/486 875/255/493 876/257/487
f 877/40/494 878/37/495 879/36/496
f 880/36/497 881/41/498 882/40/494
f 883/33/499 884/31/500 885/259/501
f 886/259/502 887/260/503 888/33/504
f 889/261/505 890/259/501 891/31/506
f 892/261/507 893/262/508 894/259/501
f 895/259/501 896/262/509 897/260/503
f 898/31/506 899/263/510 900/261/507
f 901/264/511 902/261/512 903/263/513
f 904/264/514 905/262/508 906/261/507
f 907/265/515 908/262/509 909/264/514
f 910/265/516 911/264/517 912/266/518
f 913/263/519 914/266/520 915/264/514
f 916/267/521 917/31/522 918/33/504
f 919/31/523 920/267/524 921/268/525
f 922/268/526 923/263/519 924/31/500
f 925/263/519 926/268/526 927/269/527
f 928/269/528 929/266/518 930/263/519
f 931/270/529 932/266/518 933/269/528
f 934/266/518 935/270/530 936/265/516
f 937/271/531 938/265/516 939/270/532
f 940/271/533 941/262/509 942/265/516
f 943/31/534 944/35/535 945/34/536
f 946/35/535 947/31/537 948/272/538
f 949/272/538 950/268/539 951/35/540
f 952/268/541 953/272/538 954/273/542
f 955/273/543 956/269/544 957/268/541
f 958/274/545 959/269/544 960/273/546
f 961/273/546 962/272/547 963/275/548
f 964/276/549 965/275/550 966/272/547
f 967/272/538 968/31/534 969/276/551
f 970/269/528 971/274/552 972/270/532
f 973/273/553 974/270/532 975/274/552
f 976/270/554 977/273/546 978/271/555
f 979/275/548 980/271/555 981/273/553
f 982/275/550 983/262/508 984/271/555
f 985/276/551 986/262/509 987/275/548
f 988/260/556 989/262/508 990/276/549
f 991/260/556 992/276/551 993/31/534
f 994/31/534 995/33/504 996/260/503
f 997/34/496 998/33/504 999/31/534
f 1000/33/557 1001/34/536 1002/267/558
f 1003/277/559 1004/29/494 1005/278/560
f 1006/279/561 1007/277/559 1008/278/560
f 1009/280/562 1010/279/563 1011/278/560
f 1012/278/564 1013/29/565 1014/30/566
f 1015/281/567 1016/280/562 1017/278/560
f 1018/30/568 1019/29/569 1020/278/560
f 1021/29/569 1022/277/570 1023/278/560
f 1024/278/560 1025/277/571 1026/281/572
f 1027/43/525 1028/42/573 1029/47/494
f 1030/47/494 1031/46/574 1032/43/526
f 1033/40/575 1034/41/576 1035/36/577
f 1036/36/578 1037/37/579 1038/40/580
f 1039/273/581 1040/269/582 1041/274/583
f 1042/268/584 1043/269/585 1044/273/586
f 1045/273/581 1046/272/587 1047/268/584
f 1048/35/588 1049/268/589 1050/272/587
f 1051/272/590 1052/31/591 1053/35/592
f 1054/34/593 1055/35/588 1056/31/594
f 1057/31/591 1058/33/595 1059/34/578
f 1060/267/596 1061/34/597 1062/33/598
f 1063/33/595 1064/31/599 1065/267/579
f 1066/270/600 1067/274/601 1068/269/602
f 1069/274/601 1070/270/600 1071/273/586
f 1072/271/603 1073/273/581 1074/270/600
f 1075/273/581 1076/271/604 1077/275/605
f 1078/275/606 1079/272/607 1080/273/586
f 1081/276/608 1082/31/591 1083/272/587
f 1084/272/587 1085/275/605 1086/276/609
f 1087/260/610 1088/33/595 1089/31/611
f 1090/31/612 1091/276/613 1092/260/614
f 1093/260/610 1094/276/615 1095/262/616
f 1096/259/617 1097/31/618 1098/33/619
f 1099/33/620 1100/260/610 1101/259/617
f 1102/259/621 1103/260/622 1104/262/623
f 1105/261/624 1106/263/625 1107/31/626
f 1108/31/618 1109/259/617 1110/261/627
f 1111/261/628 1112/259/629 1113/262/630
f 1114/264/631 1115/266/632 1116/263/625
f 1117/263/625 1118/261/624 1119/264/631
f 1120/264/633 1121/261/628 1122/262/630
f 1123/266/632 1124/264/631 1125/265/634
f 1126/265/635 1127/264/631 1128/262/636
f 1129/268/637 1130/267/596 1131/31/626
f 1132/31/626 1133/263/638 1134/268/639
f 1135/269/640 1136/268/639 1137/263/625
f 1138/263/641 1139/266/632 1140/269/640
f 1141/269/640 1142/266/642 1143/270/643
f 1144/265/644 1145/270/643 1146/266/632
f 1147/270/643 1148/265/635 1149/271/604
f 1150/271/604 1151/265/645 1152/262/630
f 1153/275/646 1154/271/604 1155/262/647
f 1156/276/615 1157/275/648 1158/262/630
f 1159/282/649 1160/283/650 1161/284/580
f 1162/285/651 1163/283/652 1164/282/649
f 1165/286/653 1166/283/650 1167/285/651
f 1168/283/650 1169/287/576 1170/284/580
f 1171/288/654 1172/283/650 1173/286/655
f 1174/283/650 1175/288/656 1176/289/657
f 1177/290/658 1178/283/650 1179/289/657
f 1180/287/659 1181/283/652 1182/290/658
f 1183/43/639 1184/46/660 1185/47/661
f 1186/47/575 1187/42/579 1188/43/639
f 1189/24/662 1190/25/588 1191/26/578
f 1192/26/663 1193/27/576 1194/24/664
f 1195/42/584 1196/25/588 1197/24/664
f 1198/24/665 1199/47/666 1200/42/589
f 1201/46/666 1202/47/667 1203/42/582
f 1204/42/668 1205/43/589 1206/46/669
f 1207/291/670 1208/292/671 1209/293/667
f 1210/293/654 1211/294/672 1212/291/670
f 1213/291/670 1214/294/672 1215/46/673
f 1216/46/673 1217/43/674 1218/291/670
f 1219/43/675 1220/46/676 1221/47/660
f 1222/47/677 1223/42/678 1224/43/640
f 1225/295/679 1226/296/680 1227/297/681
f 1228/296/680 1229/298/682 1230/297/681
f 1231/298/683 1232/296/684 1233/299/685
f 1234/296/686 1235/298/687 1236/299/685
f 1237/296/686 1238/297/688 1239/298/682
f 1240/296/686 1241/295/689 1242/297/690
f 1243/295/691 1244/296/686 1245/300/692
f 1246/296/680 1247/295/689 1248/300/692
f 1249/258/687 1250/257/693 1251/255/681
f 1252/255/694 1253/257/695 1254/258/696
f 1255/256/697 1256/257/693 1257/255/688
f 1258/255/698 1259/257/699 1260/256/679
f 1261/24/700 1262/25/701 1263/26/702
f 1264/26/703 1265/27/704 1266/24/700
f 1267/28/705 1268/29/700 1269/30/706
f 1270/29/700 1271/28/705 1272/31/707
f 1273/30/704 1274/32/708 1275/28/705
f 1276/33/709 1277/32/710 1278/30/711
f 1279/30/712 1280/34/713 1281/33/714
f 1282/31/715 1283/33/709 1284/34/713
f 1285/34/703 1286/35/716 1287/31/715
f 1288/31/717 1289/35/701 1290/29/718
f 1291/31/719 1292/31/720 1293/35/721
f 1294/35/722 1295/35/723 1296/31/724
f 1297/31/725 1298/31/726 1299/35/723
f 1300/35/723 1301/35/727 1302/31/728
f 1303/272/729 1304/31/725 1305/35/730
f 1306/35/730 1307/268/731 1308/272/732
f 1309/273/733 1310/272/732 1311/268/734
f 1312/34/84 1313/33/735 1314/33/736
f 1315/33/737 1316/34/89 1317/34/738
f 1318/34/738 1319/33/739 1320/33/735
f 1321/269/740 1322/268/741 1323/263/742
f 1324/31/743 1325/263/742 1326/268/744
f 1327/268/745 1328/267/94 1329/31/743
f 1330/33/746 1331/31/743 1332/267/90
f 1333/267/81 1334/34/747 1335/33/736
f 1336/33/736 1337/34/80 1338/34/84
f 1339/33/736 1340/260/737 1341/259/748
f 1342/259/749 1343/31/743 1344/33/750
f 1345/31/743 1346/259/748 1347/261/751
f 1348/261/751 1349/263/752 1350/31/753
f 1351/261/754 1352/259/755 1353/259/756
f 1354/259/757 1355/261/758 1356/261/759
f 1357/259/760 1358/261/754 1359/261/758
f 1360/261/761 1361/259/762 1362/259/763
f 1363/260/764 1364/259/760 1365/259/749
f 1366/259/748 1367/260/737 1368/260/764
f 1369/259/755 1370/260/765 1371/260/766
f 1372/260/767 1373/259/756 1374/259/768
f 1375/259/769 1376/260/767 1377/262/770
f 1378/260/765 1379/276/771 1380/276/726
f 1381/276/772 1382/260/767 1383/260/765
f 1384/276/726 1385/275/773 1386/262/770
f 1387/260/767 1388/276/774 1389/262/775
f 1390/266/776 1391/264/777 1392/265/778
f 1393/265/779 1394/270/780 1395/266/776
f 1396/270/781 1397/265/782 1398/271/783
f 1399/271/783 1400/273/784 1401/270/780
f 1402/273/733 1403/271/785 1404/275/786
f 1405/275/773 1406/272/732 1407/273/784
f 1408/272/787 1409/275/773 1410/276/788
f 1411/276/719 1412/31/728 1413/272/732
f 1414/275/789 1415/271/783 1416/262/775
f 1417/271/783 1418/265/782 1419/262/770
f 1420/265/790 1421/264/791 1422/262/770
f 1423/261/751 1424/259/757 1425/262/770
f 1426/264/777 1427/261/751 1428/262/775
f 1429/263/792 1430/261/751 1431/264/777
f 1432/264/791 1433/266/776 1434/263/752
f 1435/263/742 1436/266/776 1437/269/793
f 1438/269/793 1439/266/776 1440/270/780
f 1441/270/780 1442/274/794 1443/269/740
f 1444/274/794 1445/270/780 1446/273/784
f 1447/273/784 1448/269/795 1449/274/796
f 1450/268/734 1451/269/797 1452/273/784
f 1453/46/722 1454/47/798 1455/301/799
f 1456/301/800 1457/302/723 1458/46/801
f 1459/302/723 1460/301/799 1461/42/734
f 1462/42/734 1463/43/727 1464/302/723
f 1465/42/802 1466/43/734 1467/303/800
f 1468/303/800 1469/304/803 1470/42/802
f 1471/304/804 1472/303/800 1473/46/805
f 1474/46/806 1475/47/807 1476/304/804
f 1477/40/808 1478/47/809 1479/305/93
f 1480/41/810 1481/40/811 1482/306/812
f 1483/305/92 1484/306/813 1485/40/808
f 1486/306/812 1487/305/814 1488/42/745
f 1489/292/802 1490/307/804 1491/308/815
f 1492/308/816 1493/291/796 1494/292/817
f 1495/43/740 1496/291/818 1497/308/816
f 1498/42/744 1499/43/740 1500/306/812
f 1501/308/819 1502/306/813 1503/43/820
f 1504/306/813 1505/308/816 1506/41/821
f 1507/41/822 1508/308/815 1509/307/804
f 1510/307/823 1511/293/824 1512/41/821
f 1513/296/825 1514/297/826 1515/298/827
f 1516/295/828 1517/297/826 1518/296/825
f 1519/300/829 1520/295/828 1521/296/825
f 1522/295/828 1523/300/829 1524/296/830
f 1525/296/830 1526/297/831 1527/295/828
f 1528/296/830 1529/298/832 1530/297/831
f 1531/296/830 1532/299/833 1533/298/827
f 1534/298/832 1535/299/834 1536/296/835
f 1537/255/826 1538/256/828 1539/257/836
f 1540/258/832 1541/255/826 1542/257/837
f 1543/255/838 1544/258/839 1545/257/836
f 1546/256/840 1547/255/831 1548/257/841
f 1549/40/842 1550/37/843 1551/36/844
f 1552/36/844 1553/41/845 1554/40/846
f 1555/282/847 1556/284/846 1557/283/848
f 1558/285/849 1559/282/847 1560/283/850
f 1561/286/851 1562/285/849 1563/283/850
f 1564/283/852 1565/284/853 1566/287/854
f 1567/288/855 1568/286/851 1569/283/856
f 1570/287/857 1571/290/858 1572/283/852
f 1573/290/859 1574/289/860 1575/283/850
f 1576/283/848 1577/289/860 1578/288/855
f 1579/43/861 1580/42/862 1581/47/863
f 1582/47/846 1583/46/847 1584/43/861
f 1585/193/864 1586/195/865 1587/194/866
f 1588/194/867 1589/199/868 1590/198/869
f 1591/198/869 1592/196/870 1593/194/871
f 1594/196/872 1595/193/873 1596/194/867
f 1597/196/874 1598/197/875 1599/193/864
f 1600/200/876 1601/202/877 1602/201/878
f 1603/201/878 1604/206/879 1605/205/880
f 1606/200/881 1607/201/882 1608/205/880
f 1609/200/876 1610/205/880 1611/204/883
f 1612/204/883 1613/203/884 1614/200/876
f 1615/217/876 1616/218/871 1617/214/885
f 1618/218/867 1619/217/876 1620/219/884
f 1621/219/886 1622/220/868 1623/218/867
f 1624/214/865 1625/216/877 1626/217/876
f 1627/212/887 1628/216/877 1629/214/888
f 1630/214/888 1631/213/889 1632/212/878
f 1633/212/890 1634/213/864 1635/211/891
f 1636/224/892 1637/221/893 1638/167/894
f 1639/221/895 1640/166/896 1641/167/897
f 1642/165/898 1643/167/897 1644/166/899
f 1645/166/896 1646/164/900 1647/165/901
f 1648/161/902 1649/165/898 1650/164/900
f 1651/164/900 1652/163/903 1653/161/904
f 1654/161/904 1655/163/905 1656/162/906
f 1657/222/907 1658/224/908 1659/167/897
f 1660/167/897 1661/223/869 1662/222/907
f 1663/180/902 1664/181/906 1665/179/909
f 1666/178/898 1667/180/910 1668/179/909
f 1669/179/909 1670/177/911 1671/178/898
f 1672/175/912 1673/178/898 1674/177/911
f 1675/177/911 1676/176/913 1677/175/894
f 1678/207/914 1679/175/894 1680/176/913
f 1681/176/913 1682/208/915 1683/207/869
f 1684/209/870 1685/207/916 1686/208/915
f 1687/208/915 1688/210/880 1689/209/917
f 1690/211/918 1691/209/919 1692/210/920
f 1693/210/921 1694/215/879 1695/211/891
f 1696/211/875 1697/215/922 1698/212/878
f 1699/309/907 1700/310/923 1701/311/924
f 1702/311/925 1703/312/908 1704/309/907
f 1705/313/893 1706/312/926 1707/311/927
f 1708/311/927 1709/314/928 1710/313/895
f 1711/313/895 1712/314/928 1713/169/929
f 1714/169/930 1715/170/896 1716/313/893
f 1717/170/896 1718/169/929 1719/168/931
f 1720/168/932 1721/171/900 1722/170/896
f 1723/171/900 1724/168/932 1725/172/933
f 1726/172/933 1727/173/934 1728/171/900
f 1729/172/933 1730/174/935 1731/173/934
f 1732/315/930 1733/316/936 1734/225/925
f 1735/315/937 1736/317/913 1737/318/911
f 1738/315/930 1739/319/938 1740/317/939
f 1741/315/929 1742/225/925 1743/319/938
f 1744/225/940 1745/320/884 1746/319/941
f 1747/318/942 1748/321/932 1749/315/930
f 1750/322/933 1751/321/932 1752/318/943
f 1753/318/943 1754/323/909 1755/322/933
f 1756/324/935 1757/322/933 1758/323/944
f 1759/325/945 1760/326/946 1761/327/947
f 1762/327/948 1763/328/949 1764/325/950
f 1765/328/949 1766/327/948 1767/329/951
f 1768/329/11 1769/330/15 1770/328/952
f 1771/331/953 1772/332/14 1773/333/954
f 1774/334/19 1775/333/955 1776/332/956
f 1777/335/957 1778/336/958 1779/337/959
f 1780/337/959 1781/338/960 1782/335/957
f 1783/331/953 1784/335/957 1785/338/960
f 1786/338/960 1787/339/952 1788/331/953
f 1789/332/14 1790/331/953 1791/339/949
f 1792/339/949 1793/340/15 1794/332/17
f 1795/331/950 1796/339/949 1797/338/960
f 1798/338/961 1799/335/962 1800/331/945
f 1801/335/962 1802/338/960 1803/337/959
f 1804/337/959 1805/336/963 1806/335/962
f 1807/229/964 1808/232/965 1809/231/4
f 1810/231/4 1811/230/966 1812/229/964
f 1813/341/967 1814/342/968 1815/343/969
f 1816/343/969 1817/342/968 1818/344/970
f 1819/344/971 1820/345/962 1821/343/972
f 1822/346/973 1823/345/962 1824/344/970
f 1825/345/962 1826/346/946 1827/347/950
f 1828/344/974 1829/342/975 1830/343/976
f 1831/343/977 1832/342/975 1833/341/978
f 1834/341/967 1835/348/979 1836/343/976
f 1837/343/972 1838/348/959 1839/341/980
f 1840/343/977 1841/345/957 1842/344/974
f 1843/344/974 1844/345/957 1845/347/953
f 1846/347/953 1847/346/965 1848/344/981
f 1849/346/965 1850/347/982 1851/349/5
f 1852/349/955 1853/350/4 1854/346/983
f 1855/64/119 1856/65/984 1857/66/985
f 1858/66/985 1859/67/986 1860/64/987
f 1861/70/984 1862/71/121 1863/68/988
f 1864/68/124 1865/69/985 1866/70/118
f 1867/351/989 1868/352/990 1869/353/991
f 1870/354/992 1871/355/993 1872/356/994
f 1873/355/995 1874/354/992 1875/357/996
f 1876/357/996 1877/358/997 1878/355/995
f 1879/351/989 1880/356/994 1881/355/998
f 1882/355/998 1883/352/999 1884/351/989
f 1885/359/1000 1886/360/1001 1887/361/991
f 1888/362/1002 1889/360/1001 1890/359/1000
f 1891/359/1000 1892/363/1003 1893/362/1002
f 1894/364/1004 1895/362/1002 1896/363/1005
f 1897/363/1006 1898/365/1007 1899/364/1008
f 1900/360/1001 1901/351/989 1902/361/991
f 1903/351/1009 1904/360/1001 1905/356/1010
f 1906/362/1002 1907/356/1010 1908/360/1011
f 1909/354/992 1910/356/994 1911/362/1002
f 1912/354/1012 1913/362/1002 1914/364/1008
f 1915/364/1008 1916/357/1013 1917/354/992
f 1918/357/996 1919/364/1014 1920/365/1015
f 1921/366/1016 1922/367/1000 1923/368/1017
f 1924/369/1018 1925/367/1000 1926/366/1019
f 1927/366/1020 1928/370/1016 1929/371/1021
f 1930/369/1022 1931/370/1016 1932/366/1020
f 1933/372/1023 1934/369/1018 1935/366/1020
f 1936/366/1020 1937/373/1024 1938/372/1025
f 1939/372/1025 1940/365/1026 1941/374/1027
f 1942/374/1028 1943/375/1029 1944/372/1025
f 1945/375/1030 1946/369/1022 1947/372/1025
f 1948/375/1031 1949/372/1032 1950/369/1033
f 1951/366/1000 1952/369/1033 1953/372/1034
f 1954/372/1032 1955/373/1006 1956/366/1035
f 1957/372/1036 1958/375/1037 1959/374/1038
f 1960/363/1006 1961/372/1036 1962/365/1007
f 1963/374/1039 1964/365/1015 1965/372/1036
f 1966/365/1015 1967/374/1027 1968/357/1040
f 1969/351/1041 1970/356/1042 1971/360/1043
f 1972/355/1044 1973/356/1042 1974/351/1045
f 1975/354/1046 1976/356/1047 1977/355/1048
f 1978/362/1049 1979/360/1050 1980/356/1042
f 1981/354/1046 1982/362/1051 1983/356/1042
f 1984/355/1044 1985/358/997 1986/357/1013
f 1987/357/996 1988/354/1046 1989/355/1044
f 1990/354/1046 1991/357/996 1992/364/1052
f 1993/364/1052 1994/362/1051 1995/354/1046
f 1996/363/1024 1997/365/1053 1998/372/1025
f 1999/357/1013 2000/374/1027 2001/365/1053
f 2002/365/1026 2003/364/1054 2004/357/1055
f 2005/364/1052 2006/365/1026 2007/363/1056
f 2008/363/1056 2009/362/1051 2010/364/1052
f 2011/362/1051 2012/363/1056 2013/359/1020
f 2014/359/1020 2015/360/1057 2016/362/1051
f 2017/360/1057 2018/359/1020 2019/376/1058
f 2020/351/1059 2021/360/1057 2022/376/1060
f 2023/352/1061 2024/351/1059 2025/376/1021
f 2026/351/1062 2027/352/1063 2028/355/1044
f 2029/377/1064 2030/339/1058 2031/340/999
f 2032/377/998 2033/378/997 2034/339/1058
f 2035/377/1044 2036/339/1060 2037/378/997
f 2038/377/1065 2039/340/1061 2040/339/991
f 2041/379/1066 2042/380/467 2043/381/481
f 2044/381/452 2045/382/445 2046/379/1067
f 2047/382/445 2048/383/1068 2049/379/1069
f 2050/384/453 2051/385/481 2052/386/1070
f 2053/387/451 2054/384/1071 2055/386/471
f 2056/42/1072 2057/47/1073 2058/24/569
f 2059/24/1074 2060/25/535 2061/42/541
f 2062/26/536 2063/25/540 2064/24/1075
f 2065/24/569 2066/27/566 2067/26/1076
f 2068/46/1077 2069/43/541 2070/42/1078
f 2071/42/1078 2072/47/1079 2073/46/571
f 2074/42/1080 2075/47/1081 2076/24/1082
f 2077/24/1082 2078/25/1083 2079/42/1084
f 2080/26/1085 2081/25/1083 2082/24/1086
f 2083/24/1082 2084/27/845 2085/26/844
f 2086/46/1087 2087/43/1088 2088/42/1089
f 2089/42/1090 2090/47/855 2091/46/1081
f 2092/388/1091 2093/389/1092 2094/390/968
f 2095/390/968 2096/389/1093 2097/391/1094
f 2098/391/1095 2099/392/970 2100/390/968
f 2101/393/1096 2102/392/970 2103/391/1094
f 2104/392/970 2105/393/1096 2106/394/1097
f 2107/388/1098 2108/395/967 2109/390/1099
f 2110/390/968 2111/395/967 2112/388/1091
f 2113/394/983 2114/393/1100 2115/391/1101
f 2116/391/1102 2117/392/981 2118/394/1103
f 2119/390/975 2120/392/981 2121/391/1102
f 2122/391/1102 2123/389/1104 2124/390/975
f 2125/390/1099 2126/389/1105 2127/388/1091
f 2128/396/1106 2129/397/1107 2130/398/1108
f 2131/398/1108 2132/248/1109 2133/396/1094
f 2134/396/1110 2135/399/1111 2136/400/1105
f 2137/244/966 2138/246/1112 2139/245/1113
f 2140/244/966 2141/245/1113 2142/247/1114
f 2143/244/1115 2144/247/1114 2145/248/1100
f 2146/398/1108 2147/248/1100 2148/247/1114
f 2149/396/1110 2150/248/964 2151/398/1108
f 2152/398/1108 2153/397/1107 2154/396/1102
f 2155/397/1107 2156/399/1091 2157/396/1102
f 2158/397/1107 2159/396/1116 2160/399/1091
f 2161/396/1106 2162/400/1117 2163/399/1091
f 2164/401/946 2165/402/1096 2166/403/1108
f 2167/403/1118 2168/404/947 2169/401/946
f 2170/404/948 2171/403/1108 2172/405/1119
f 2173/405/1120 2174/406/1121 2175/404/947
f 2176/407/1122 2177/406/11 2178/405/1123
f 2179/408/12 2180/406/1124 2181/407/1113
f 2182/409/1112 2183/408/12 2184/407/1122
f 2185/408/1125 2186/409/1126 2187/410/1127
f 2188/238/1127 2189/239/1126 2190/241/1115
f 2191/241/1128 2192/240/4 2193/238/1129
f 2194/346/448 2195/350/462 2196/349/1130
f 2197/347/1131 2198/346/1069 2199/346/1132
f 2200/346/1068 2201/347/1133 2202/347/471
f 2203/349/1134 2204/347/484 2205/346/448
f 2206/293/1079 2207/292/1135 2208/291/1136
f 2209/43/528 2210/42/525 2211/47/559
f 2212/47/559 2213/46/563 2214/43/528
f 2215/291/1136 2216/43/1137 2217/46/1138
f 2218/46/563 2219/294/562 2220/291/1136
f 2221/291/545 2222/294/562 2223/293/1139
f 2224/258/1140 2225/257/1141 2226/255/1142
f 2227/255/1143 2228/257/1144 2229/258/1145
f 2230/256/1146 2231/257/1141 2232/255/1143
f 2233/255/1147 2234/257/1144 2235/256/1148
f 2236/311/1149 2237/310/1150 2238/309/432
f 2239/313/1151 2240/170/1152 2241/169/442
f 2242/309/432 2243/312/437 2244/311/1149
f 2245/311/1153 2246/312/438 2247/313/439
f 2248/313/439 2249/314/441 2250/311/1149
f 2251/169/442 2252/314/1154 2253/313/1151
f 2254/148/1155 2255/145/1156 2256/146/1157
f 2257/145/1158 2258/148/1155 2259/147/1159
f 2260/146/1160 2261/147/1161 2262/148/1155
f 2263/147/1161 2264/146/1157 2265/149/1162
f 2266/149/1162 2267/150/248 2268/147/1163
f 2269/146/1164 2270/147/1161 2271/150/248
f 2272/147/1161 2273/146/1165 2274/145/1158
f 2275/150/248 2276/149/247 2277/146/1164
f 2278/154/1166 2279/149/1162 2280/153/1167
f 2281/153/1157 2282/152/1168 2283/151/1169
f 2284/151/1170 2285/155/1171 2286/153/1157
f 2287/153/1160 2288/155/1172 2289/154/1173
f 2290/155/1172 2291/151/1170 2292/152/1174
f 2293/152/1175 2294/156/1164 2295/155/1172
f 2296/154/250 2297/155/1172 2298/156/1164
f 2299/156/1176 2300/149/247 2301/154/1177
f 2302/143/1178 2303/411/1179 2304/142/1180
f 2305/411/244 2306/143/1181 2307/141/1182
f 2308/142/242 2309/141/1183 2310/143/1178
f 2311/140/1184 2312/141/1185 2313/142/1186
f 2314/142/1187 2315/139/246 2316/140/1188
f 2317/141/1189 2318/140/1190 2319/139/246
f 2320/139/1191 2321/142/245 2322/141/1189
f 2323/141/1182 2324/142/245 2325/411/244
f 2326/121/1192 2327/122/1182 2328/123/1193
f 2329/123/1178 2330/120/1194 2331/121/1195
f 2332/120/1194 2333/123/1181 2334/122/1196
f 2335/122/1185 2336/121/1197 2337/120/1194
f 2338/127/1198 2339/124/1195 2340/125/1168
f 2341/125/1199 2342/126/1155 2343/127/1198
f 2344/124/1200 2345/127/1201 2346/126/1202
f 2347/126/1203 2348/125/1175 2349/124/1204
f 2350/131/1198 2351/128/1200 2352/129/1205
f 2353/129/1205 2354/130/1184 2355/131/1201
f 2356/128/1192 2357/131/1201 2358/130/1188
f 2359/130/1188 2360/129/1206 2361/128/1207
f 2362/133/1208 2363/128/1192 2364/134/1194
f 2365/134/1194 2366/132/1170 2367/133/1199
f 2368/132/1170 2369/134/1194 2370/128/1197
f 2371/128/1204 2372/133/1209 2373/132/1170
f 2374/293/1210 2375/292/1211 2376/291/1212
f 2377/43/1213 2378/42/1214 2379/47/1215
f 2380/47/847 2381/46/849 2382/43/1213
f 2383/291/1212 2384/43/1213 2385/46/1216
f 2386/46/849 2387/294/851 2388/291/1217
f 2389/291/1212 2390/294/1218 2391/293/1219
f 2392/412/1220 2393/413/1221 2394/414/1222
f 2395/415/1223 2396/414/1224 2397/416/1225
f 2398/415/1226 2399/412/1220 2400/414/1224
f 2401/417/1227 2402/412/1220 2403/415/1223
f 2404/413/1228 2405/412/1220 2406/417/1229
f 2407/415/1226 2408/418/1230 2409/417/1229
f 2410/418/1231 2411/415/1223 2412/419/1232
f 2413/416/1233 2414/419/1232 2415/415/1226
f 2416/419/1232 2417/416/1234 2418/420/1235
f 2419/421/1236 2420/422/1237 2421/423/1238
f 2422/424/1239 2423/422/1240 2424/421/1241
f 2425/421/1241 2426/425/1242 2427/424/1239
f 2428/426/1243 2429/424/1239 2430/425/1244
f 2431/425/1244 2432/427/1245 2433/426/1243
f 2434/428/1246 2435/426/1247 2436/427/1248
f 2437/427/1249 2438/429/1250 2439/428/1251
f 2440/429/1250 2441/430/1252 2442/428/1246
f 2443/431/1253 2444/430/1254 2445/429/1255
f 2446/431/1256 2447/429/1250 2448/427/1249
f 2449/432/1257 2450/431/1253 2451/427/1249
f 2452/427/1249 2453/425/1244 2454/432/1258
f 2455/420/684 2456/432/1257 2457/425/1259
f 2458/425/1260 2459/421/1261 2460/420/680
f 2461/420/680 2462/421/1262 2463/419/1263
f 2464/423/1264 2465/419/1232 2466/421/1236
f 2467/419/1265 2468/423/1264 2469/418/1266
f 2470/413/1267 2471/417/1268 2472/412/1269
f 2473/412/1269 2474/414/1270 2475/413/1271
f 2476/415/1272 2477/414/1273 2478/412/1269
f 2479/416/1274 2480/414/1275 2481/415/1272
f 2482/415/1276 2483/419/1277 2484/416/1278
f 2485/420/1279 2486/416/1280 2487/419/1281
f 2488/419/1282 2489/415/1272 2490/418/1283
f 2491/417/1284 2492/418/1285 2493/415/1276
f 2494/415/1272 2495/412/1269 2496/417/1286
f 2497/431/1287 2498/427/1288 2499/429/1289
f 2500/427/1290 2501/431/1291 2502/432/1292
f 2503/432/1293 2504/425/1294 2505/427/1290
f 2506/425/1295 2507/432/1293 2508/420/1296
f 2509/420/1279 2510/421/1297 2511/425/1295
f 2512/419/1281 2513/421/1298 2514/420/1279
f 2515/421/1299 2516/419/1281 2517/423/1300
f 2518/418/1285 2519/423/1301 2520/419/1282
f 2521/431/1291 2522/429/1289 2523/430/1302
f 2524/429/1303 2525/428/1304 2526/430/1302
f 2527/428/1305 2528/429/1306 2529/427/1290
f 2530/427/1290 2531/426/1307 2532/428/1308
f 2533/426/1309 2534/427/1290 2535/425/1295
f 2536/425/1295 2537/424/1310 2538/426/1307
f 2539/424/1311 2540/425/1312 2541/421/1298
f 2542/421/1298 2543/422/1313 2544/424/1314
f 2545/423/1301 2546/422/1315 2547/421/1298
f 2548/413/1316 2549/412/1317 2550/417/1318
f 2551/412/1317 2552/413/1319 2553/414/1320
f 2554/415/1321 2555/412/1322 2556/414/1320
f 2557/415/1321 2558/414/1320 2559/416/1323
f 2560/416/1323 2561/419/1324 2562/415/1321
f 2563/419/1325 2564/416/1326 2565/420/1327
f 2566/418/1328 2567/415/1321 2568/419/1329
f 2569/415/1330 2570/418/1331 2571/417/1332
f 2572/417/1332 2573/412/1317 2574/415/1321
f 2575/421/1333 2576/422/1334 2577/423/1335
f 2578/424/1336 2579/422/1334 2580/421/1337
f 2581/421/1337 2582/425/1338 2583/424/1336
f 2584/426/1339 2585/424/1336 2586/425/1338
f 2587/425/1338 2588/427/1340 2589/426/1339
f 2590/428/1341 2591/426/1339 2592/427/1342
f 2593/427/1342 2594/429/1343 2595/428/1344
f 2596/419/1325 2597/423/1335 2598/418/1328
f 2599/423/1335 2600/419/1345 2601/421/1346
f 2602/420/1327 2603/421/1333 2604/419/1324
f 2605/425/1338 2606/421/1337 2607/420/1327
f 2608/420/1327 2609/432/1347 2610/425/1338
f 2611/427/1340 2612/425/1338 2613/432/1348
f 2614/432/1348 2615/431/1349 2616/427/1340
f 2617/431/1350 2618/429/1343 2619/427/1340
f 2620/431/1349 2621/430/1351 2622/429/1343
f 2623/429/1343 2624/430/1352 2625/428/1341
f 2626/425/1353 2627/432/1354 2628/420/825
f 2629/432/1354 2630/425/1355 2631/427/1356
f 2632/427/1357 2633/431/1358 2634/432/1354
f 2635/431/1358 2636/427/1356 2637/429/1359
f 2638/431/1358 2639/429/1359 2640/430/1360
f 2641/429/1361 2642/428/1362 2643/430/1363
f 2644/428/1364 2645/429/1359 2646/427/1365
f 2647/427/1365 2648/426/1366 2649/428/1362
f 2650/426/1367 2651/427/1365 2652/425/1353
f 2653/421/1368 2654/422/1369 2655/424/1370
f 2656/423/1371 2657/422/1369 2658/421/1368
f 2659/421/1372 2660/419/1373 2661/423/1371
f 2662/418/1374 2663/423/1371 2664/419/1373
f 2665/419/1375 2666/415/1376 2667/418/1377
f 2668/417/1378 2669/418/1374 2670/415/1379
f 2671/415/1379 2672/412/1380 2673/417/1381
f 2674/425/1353 2675/424/1382 2676/426/1366
f 2677/424/1383 2678/425/1384 2679/421/1368
f 2680/420/1385 2681/421/1368 2682/425/1353
f 2683/419/1373 2684/421/1386 2685/420/825
f 2686/420/1387 2687/416/1388 2688/419/1389
f 2689/415/1379 2690/419/1375 2691/416/1390
f 2692/416/1388 2693/414/1391 2694/415/1379
f 2695/415/1379 2696/414/1391 2697/412/1392
f 2698/412/1380 2699/414/1393 2700/413/1394
f 2701/413/1395 2702/417/1396 2703/412/1380
f 2704/433/1397 2705/434/1398 2706/435/1399
f 2707/436/1400 2708/437/1401 2709/433/1402
f 2710/433/1402 2711/438/1403 2712/436/1404
f 2713/435/1405 2714/438/1403 2715/433/1402
f 2716/439/1406 2717/440/1407 2718/441/1408
f 2719/441/1401 2720/442/1409 2721/439/1410
f 2722/442/1409 2723/443/1411 2724/439/1412
f 2725/443/1411 2726/442/1413 2727/444/1414
f 2728/443/1415 2729/444/1416 2730/445/1417
f 2731/446/1402 2732/437/1418 2733/440/1419
f 2734/440/1407 2735/439/1410 2736/443/1411
f 2737/443/1411 2738/447/1420 2739/440/1419
f 2740/440/1421 2741/447/1420 2742/446/1422
f 2743/443/1423 2744/448/1424 2745/445/1425
f 2746/448/1424 2747/443/1411 2748/445/1417
f 2749/447/1426 2750/443/1411 2751/448/1424
f 2752/443/1423 2753/439/1427 2754/440/1428
f 2755/447/1420 2756/443/1423 2757/440/1429
f 2758/447/1426 2759/448/1430 2760/443/1431
f 2761/446/1402 2762/447/1420 2763/440/1429
f 2764/440/1429 2765/441/1432 2766/446/1402
f 2767/440/1433 2768/439/1434 2769/441/1432
f 2770/439/1427 2771/442/1435 2772/441/1398
f 2773/443/1423 2774/442/1436 2775/439/1427
f 2776/442/1435 2777/443/1437 2778/444/1438
f 2779/444/1438 2780/443/1423 2781/445/1417
f 2782/445/1425 2783/449/1439 2784/444/1438
f 2785/445/1440 2786/444/1414 2787/449/1441
f 2788/449/1442 2789/444/1414 2790/442/1413
f 2791/442/1443 2792/450/1444 2793/451/1445
f 2794/441/1432 2795/442/1435 2796/451/1445
f 2797/449/1441 2798/450/1444 2799/442/1443
f 2800/442/1435 2801/444/1446 2802/449/1447
f 2803/452/1448 2804/453/1403 2805/454/1405
f 2806/455/1449 2807/453/1403 2808/452/1450
f 2809/452/1448 2810/456/1451 2811/455/1452
f 2812/457/1453 2813/456/1454 2814/452/1455
f 2815/452/1448 2816/458/1456 2817/457/1457
f 2818/441/1401 2819/455/1400 2820/456/1454
f 2821/456/1454 2822/442/1458 2823/441/1401
f 2824/457/1457 2825/442/1413 2826/456/1451
f 2827/442/1413 2828/457/1459 2829/449/1442
f 2830/457/1457 2831/458/1460 2832/449/1441
f 2833/449/1461 2834/458/1456 2835/450/1444
f 2836/450/1444 2837/458/1456 2838/452/1455
f 2839/452/1448 2840/451/1445 2841/450/1444
f 2842/454/1462 2843/451/1463 2844/452/1455
f 2845/451/1445 2846/454/1399 2847/441/1464
f 2848/108/1465 2849/111/1466 2850/98/1467
f 2851/98/1467 2852/110/1468 2853/108/1465
f 2854/90/1469 2855/96/1470 2856/92/1471
f 2857/96/1470 2858/90/1472 2859/102/1473
f 2860/102/1473 2861/104/1474 2862/96/1470
f 2863/106/1475 2864/104/1474 2865/102/1476
f 2866/92/1471 2867/95/1477 2868/94/1478
f 2869/95/1479 2870/92/1480 2871/96/1470
f 2872/96/1470 2873/89/1481 2874/95/1482
f 2875/89/1481 2876/96/1483 2877/104/1484
f 2878/84/1485 2879/86/1486 2880/85/1487
f 2881/84/1488 2882/85/1487 2883/87/1489
f 2884/86/1490 2885/87/1489 2886/85/1487
f 2887/91/1491 2888/87/1492 2889/86/1490
f 2890/84/1493 2891/91/1491 2892/86/1490
f 2893/91/1491 2894/84/1488 2895/88/1494
f 2896/88/1494 2897/84/1485 2898/87/1495
f 2899/88/1496 2900/87/1492 2901/89/1497
f 2902/87/1492 2903/94/1498 2904/89/1481
f 2905/94/1499 2906/95/1477 2907/89/1500
f 2908/91/1491 2909/93/1501 2910/87/1489
f 2911/102/1502 2912/101/1503 2913/106/1504
f 2914/101/1503 2915/102/1473 2916/89/1505
f 2917/102/1476 2918/90/1472 2919/89/1505
f 2920/90/1469 2921/88/1494 2922/89/1497
f 2923/92/1471 2924/88/1494 2925/90/1472
f 2926/88/1494 2927/92/1506 2928/91/1491
f 2929/94/1507 2930/91/1491 2931/92/1480
f 2932/91/1491 2933/94/1498 2934/93/1501
f 2935/87/1489 2936/93/1501 2937/94/1508
f 2938/89/1497 2939/103/1509 2940/105/1510
f 2941/104/1484 2942/103/1509 2943/89/1511
f 2944/105/1510 2945/103/1512 2946/104/1474
f 2947/105/1513 2948/107/1514 2949/97/1515
f 2950/89/1500 2951/105/1516 2952/97/1517
f 2953/100/1518 2954/89/1481 2955/97/1515
f 2956/100/1518 2957/101/1503 2958/89/1505
f 2959/101/1519 2960/100/1520 2961/99/1521
f 2962/99/1521 2963/106/1475 2964/101/1522
f 2965/109/1523 2966/97/1515 2967/459/1524
f 2968/109/1523 2969/110/1525 2970/97/1515
f 2971/110/1526 2972/100/1518 2973/97/1517
f 2974/100/1527 2975/110/1528 2976/98/1467
f 2977/98/1467 2978/99/1521 2979/100/1518
f 2980/104/1474 2981/106/1475 2982/105/1516
f 2983/107/1529 2984/105/1516 2985/106/1504
f 2986/106/1475 2987/99/1521 2988/107/1514
f 2989/97/1530 2990/107/1531 2991/99/1521
f 2992/99/1521 2993/98/1467 2994/97/1532
f 2995/459/1524 2996/97/1515 2997/98/1467
f 2998/111/1533 2999/459/1524 3000/98/1467
f 3001/109/1534 3002/459/1535 3003/111/1533
f 3004/109/1523 3005/111/1533 3006/108/1465
f 3007/108/1536 3008/110/1526 3009/109/1523
f 3010/274/1537 3011/269/1211 3012/273/1538
f 3013/273/1538 3014/269/1539 3015/268/1084
f 3016/268/1088 3017/272/1540 3018/273/1541
f 3019/272/1542 3020/268/1088 3021/35/1543
f 3022/35/1543 3023/31/1544 3024/272/1542
f 3025/31/1545 3026/35/1543 3027/34/844
f 3028/34/844 3029/33/1546 3030/31/1544
f 3031/33/1546 3032/34/1547 3033/267/862
f 3034/267/1548 3035/31/1549 3036/33/1546
f 3037/273/1538 3038/272/1542 3039/275/1550
f 3040/276/1551 3041/275/1552 3042/272/1542
f 3043/272/1542 3044/31/1553 3045/276/1551
f 3046/260/1554 3047/276/1551 3048/31/1553
f 3049/260/1555 3050/262/1556 3051/276/1557
f 3052/31/1553 3053/33/1546 3054/260/1554
f 3055/259/1558 3056/260/1554 3057/33/1546
f 3058/259/1559 3059/262/1556 3060/260/1554
f 3061/33/1546 3062/31/1560 3063/259/1561
f 3064/261/1562 3065/259/1561 3066/31/1563
f 3067/261/1564 3068/262/1565 3069/259/1561
f 3070/31/1549 3071/263/1566 3072/261/1567
f 3073/264/1568 3074/261/1569 3075/263/1570
f 3076/264/1571 3077/262/1572 3078/261/1564
f 3079/265/1573 3080/262/1556 3081/264/1571
f 3082/265/1574 3083/264/1571 3084/266/1575
f 3085/263/1576 3086/266/1575 3087/264/1571
f 3088/269/1577 3089/274/1578 3090/270/1579
f 3091/273/1580 3092/270/1579 3093/274/1217
f 3094/270/1579 3095/273/1538 3096/271/1581
f 3097/275/1582 3098/271/1583 3099/273/1538
f 3100/31/1560 3101/267/843 3102/268/1214
f 3103/268/1214 3104/263/1570 3105/31/1549
f 3106/263/1566 3107/268/1214 3108/269/1584
f 3109/269/1585 3110/266/1575 3111/263/1570
f 3112/270/1579 3113/266/1586 3114/269/1213
f 3115/266/1575 3116/270/1579 3117/265/1574
f 3118/271/1583 3119/265/1574 3120/270/1587
f 3121/271/1583 3122/262/1556 3123/265/1574
f 3124/275/1582 3125/262/1565 3126/271/1581
f 3127/276/1557 3128/262/1565 3129/275/1588
