# This file uses centimeters as units for non-parametric coordinates.

g default
v -4.779504 0.024060 0.998721
v -4.590072 0.024060 0.998721
v -4.779504 3.247337 0.998721
v -4.590072 3.247337 0.998721
v -4.779504 3.598019 0.246953
v -4.590072 3.598019 0.246953
v -4.779504 0.024060 0.246953
v -4.590072 0.024060 0.246953
v -4.524757 2.493958 0.338500
v -2.482369 2.493958 0.338500
v -4.524757 3.380367 0.338500
v -2.482369 3.380367 0.338500
v -4.524757 3.380367 0.107160
v -2.482369 3.380367 0.107160
v -4.524757 2.493958 0.107160
v -2.482369 2.493958 0.107160
v -4.413453 2.631294 0.338502
v -2.593673 2.631294 0.338502
v -2.593673 3.240612 0.338502
v -4.413453 3.240612 0.338502
v -4.413453 3.240612 0.107162
v -2.593673 3.240612 0.107162
v -2.593673 2.631294 0.107162
v -4.413453 2.631294 0.107162
v -4.356246 2.553992 -0.012719
v -2.655470 2.553992 -0.012719
v -4.356246 3.316588 -0.012719
v -2.655470 3.316588 -0.012719
v -4.356246 3.316588 -0.122071
v -2.655470 3.316588 -0.122071
v -4.356246 2.553992 -0.122071
v -2.655470 2.553992 -0.122071
v -4.244942 2.691328 -0.012717
v -2.766774 2.691328 -0.012717
v -2.766774 3.176833 -0.012717
v -4.244942 3.176833 -0.012717
v -4.244942 3.176833 -0.122069
v -2.766774 3.176833 -0.122069
v -2.766774 2.691328 -0.122069
v -4.244942 2.691328 -0.122069
v -4.702298 0.084535 0.032033
v -4.702298 0.084535 -0.087323
v -4.702298 3.456997 0.032033
v -4.702298 3.456997 -0.087323
v -4.915852 3.359025 -0.087323
v -4.915852 0.084535 -0.087323
v -4.626954 1.494593 0.103612
v -2.251247 1.494593 0.103612
v -4.626954 1.494593 0.362370
v -2.251247 1.494593 0.362370
v -4.626954 1.752822 0.362370
v -2.251247 1.752822 0.362370
v -4.626954 1.752822 0.103612
v -2.251247 1.752822 0.103612
v -4.286340 1.726725 0.208162
v -4.392563 1.726725 0.208162
v -4.445674 1.634733 0.208162
v -4.392563 1.542741 0.208162
v -4.286340 1.542741 0.208162
v -4.233228 1.634733 0.208162
v -4.286340 1.726725 0.435909
v -4.392563 1.726725 0.435909
v -4.445674 1.634733 0.435909
v -4.392563 1.542741 0.435909
v -4.286340 1.542741 0.435909
v -4.233228 1.634733 0.435909
v -4.302438 1.698842 0.435909
v -4.376464 1.698842 0.435909
v -4.413477 1.634733 0.435909
v -4.376464 1.570625 0.435909
v -4.302438 1.570625 0.435909
v -4.265425 1.634733 0.435909
v -4.302438 1.698842 0.463492
v -4.376464 1.698842 0.463492
v -4.413477 1.634733 0.463492
v -4.376464 1.570625 0.463492
v -4.302438 1.570625 0.463492
v -4.265425 1.634733 0.463492
v -4.651873 2.856965 0.899907
v -4.709268 2.856965 0.899907
v -4.737965 2.807259 0.899907
v -4.709268 2.757554 0.899907
v -4.651873 2.757554 0.899907
v -4.623175 2.807259 0.899907
v -4.651873 2.856965 1.041321
v -4.709268 2.856965 1.041321
v -4.737965 2.807259 1.041321
v -4.709268 2.757554 1.041321
v -4.651873 2.757554 1.041321
v -4.623175 2.807259 1.041321
v -2.629100 3.996333 0.343847
v -2.629100 3.996333 -0.103266
v -2.768046 2.691327 -0.013019
v -2.592623 2.633398 0.246953
v -2.230857 0.018577 -0.118129
v -2.230895 0.443839 -0.013019
v -2.236896 0.018577 0.310508
v -2.417725 0.426443 0.246953
v -2.768046 3.178185 -0.013019
v -2.592623 3.236115 0.246953
v -2.230886 3.383868 0.343922
v -2.230886 3.598019 0.343924
v -2.230858 3.311232 -0.103364
v -2.230858 3.598019 -0.103249
v -2.674584 3.847251 0.343847
v -2.674584 3.847251 -0.103266
v -1.489195 0.018577 -0.552501
v -1.490181 0.018577 -1.041321
v -2.236896 0.210439 0.310508
v -1.489195 0.212031 -0.552503
v -2.230857 0.443839 -0.118128
v -1.490181 0.443839 -1.041321
v -2.230895 3.383868 0.246951
v -1.489472 2.177028 -0.639968
v -2.230895 3.311232 -0.013019
v -1.489887 2.176830 -0.914484
v -1.489195 2.400182 -0.552501
v -1.489195 2.177028 -0.552503
v -1.490181 2.400182 -0.998820
v -1.490181 2.176830 -0.998821
v -2.230895 0.208846 0.246951
v -1.489472 0.212031 -0.639968
v -1.489887 0.443839 -0.914482
v -2.674584 3.847251 0.246953
v -2.674584 3.847251 -0.013019
v -2.236861 0.018577 0.906733
v -2.417725 0.283119 0.906734
v -2.236861 0.208846 0.906733
v -4.417776 2.633398 0.246953
v -4.242353 2.691327 -0.013019
v -4.779542 0.443839 -0.118128
v -4.779542 0.018577 -0.118129
v -4.763149 0.018577 0.310508
v -4.763184 0.018577 0.906733
v -4.582320 0.283119 0.906734
v -4.779504 0.443839 -0.013019
v -4.582320 0.426443 0.246953
v -4.417776 3.236115 0.246953
v -4.242353 3.178185 -0.013019
v -4.779513 3.598019 0.343924
v -4.381300 3.996333 0.343847
v -4.335815 3.847251 0.343847
v -4.779513 3.383868 0.343922
v -4.779542 3.311232 -0.103364
v -4.335815 3.847251 -0.103266
v -4.381300 3.996333 -0.103266
v -4.779542 3.598019 -0.103249
v -5.520221 0.018577 -1.041321
v -5.521206 0.018577 -0.552501
v -5.521206 0.212031 -0.552503
v -4.763149 0.210439 0.310508
v -5.520221 0.443839 -1.041321
v -5.521206 2.177028 -0.552503
v -5.521206 2.400182 -0.552501
v -5.520221 2.400182 -0.998820
v -5.520221 2.176830 -0.998820
v -4.779504 0.208846 0.246951
v -5.520929 0.212031 -0.639968
v -5.520929 2.177028 -0.639968
v -4.779504 3.383868 0.246951
v -4.779504 3.311232 -0.013019
v -5.520515 2.176830 -0.914482
v -5.520515 0.443839 -0.914482
v -4.335815 3.847251 0.246953
v -4.335815 3.847251 -0.013019
v -4.763184 0.208846 0.906733
v 1.494725 0.018577 -1.041321
v 1.494734 0.018577 -0.552501
v 1.494734 0.212031 -0.552502
v 1.494725 0.443839 -1.041321
v 1.494734 2.177028 -0.552503
v 1.494734 2.400182 -0.552501
v 1.494725 2.400182 -0.998820
v 1.494725 2.176830 -0.998821
v 1.494725 0.212031 -0.639967
v 1.494725 2.177028 -0.639968
v 1.494725 2.176830 -0.914484
v 1.494725 0.443839 -0.914482
v 2.592623 2.633398 0.246953
v 2.768047 2.691327 -0.013019
v 4.242353 2.691327 -0.013019
v 4.417777 2.633398 0.246953
v 2.230858 0.443839 -0.118128
v 2.230858 0.018577 -0.118129
v 4.779543 0.018577 -0.118129
v 4.779543 0.443839 -0.118128
v 2.236897 0.018577 0.310508
v 4.763149 0.018577 0.310508
v 2.236861 0.018577 0.906733
v 2.417726 0.283119 0.906734
v 4.582321 0.283119 0.906734
v 4.763185 0.018577 0.906733
v 2.230896 0.443839 -0.013019
v 4.779505 0.443839 -0.013019
v 2.417726 0.426443 0.246953
v 4.582321 0.426443 0.246953
v 2.592623 3.236115 0.246953
v 2.768047 3.178185 -0.013019
v 2.230887 3.598019 0.343924
v 2.629100 3.996333 0.343847
v 2.674585 3.847251 0.343847
v 2.230887 3.383868 0.343922
v 2.230858 3.311232 -0.103364
v 2.674585 3.847251 -0.103266
v 2.629100 3.996333 -0.103266
v 2.230858 3.598019 -0.103249
v 2.236897 0.210439 0.310508
v 2.230896 0.208846 0.246951
v 2.230896 3.383868 0.246951
v 2.230896 3.311232 -0.013019
v 2.674585 3.847251 0.246953
v 2.674585 3.847251 -0.013019
v 2.236861 0.208846 0.906733
v 4.242353 3.178185 -0.013019
v 4.417777 3.236115 0.246953
v 4.779514 3.598019 0.343924
v 4.779514 3.383868 0.343922
v 4.335815 3.847251 0.343847
v 4.381300 3.996333 0.343847
v 4.779542 3.311232 -0.103364
v 4.779542 3.598019 -0.103249
v 4.381300 3.996333 -0.103266
v 4.335815 3.847251 -0.103266
v 5.521206 0.018577 -0.552501
v 5.520222 0.018577 -1.041321
v 4.763149 0.210439 0.310508
v 5.521206 0.212031 -0.552503
v 5.520222 0.443839 -1.041321
v 5.521206 2.400182 -0.552501
v 5.521206 2.177028 -0.552503
v 5.520222 2.400182 -0.998820
v 5.520222 2.176830 -0.998820
v 4.779505 0.208846 0.246951
v 4.779505 3.383868 0.246951
v 5.520930 2.177028 -0.639968
v 5.520930 0.212031 -0.639968
v 4.779505 3.311232 -0.013019
v 5.520516 0.443839 -0.914482
v 5.520516 2.176830 -0.914482
v 4.335815 3.847251 0.246953
v 4.335815 3.847251 -0.013019
v 4.763185 0.208846 0.906733
v -1.489195 0.212031 -0.567352
v -1.305441 0.212031 -0.567352
v -1.489195 2.352822 -0.567352
v -1.305441 2.352822 -0.567352
v -1.489195 2.352822 -0.998522
v -1.305441 2.352822 -0.998522
v -1.489195 0.212031 -0.998522
v -1.305441 0.212031 -0.998522
v -3.730474 1.726725 0.208162
v -3.836698 1.726725 0.208162
v -3.889809 1.634733 0.208162
v -3.836698 1.542741 0.208162
v -3.730474 1.542741 0.208162
v -3.677363 1.634733 0.208162
v -3.730474 1.726725 0.435909
v -3.836698 1.726725 0.435909
v -3.889809 1.634733 0.435909
v -3.836698 1.542741 0.435909
v -3.730474 1.542741 0.435909
v -3.677363 1.634733 0.435909
v -3.746573 1.698842 0.435909
v -3.820599 1.698842 0.435909
v -3.857612 1.634733 0.435909
v -3.820599 1.570625 0.435909
v -3.746573 1.570625 0.435909
v -3.709560 1.634733 0.435909
v -3.746573 1.698842 0.463492
v -3.820599 1.698842 0.463492
v -3.857612 1.634733 0.463492
v -3.820599 1.570625 0.463492
v -3.746573 1.570625 0.463492
v -3.709560 1.634733 0.463492
v -3.175236 1.726725 0.208162
v -3.281460 1.726725 0.208162
v -3.334571 1.634733 0.208162
v -3.281460 1.542741 0.208162
v -3.175236 1.542741 0.208162
v -3.122125 1.634733 0.208162
v -3.175236 1.726725 0.435909
v -3.281460 1.726725 0.435909
v -3.334571 1.634733 0.435909
v -3.281460 1.542741 0.435909
v -3.175236 1.542741 0.435909
v -3.122125 1.634733 0.435909
v -3.191335 1.698842 0.435909
v -3.265361 1.698842 0.435909
v -3.302374 1.634733 0.435909
v -3.265361 1.570625 0.435909
v -3.191335 1.570625 0.435909
v -3.154322 1.634733 0.435909
v -3.191335 1.698842 0.463492
v -3.265361 1.698842 0.463492
v -3.302374 1.634733 0.463492
v -3.265361 1.570625 0.463492
v -3.191335 1.570625 0.463492
v -3.154322 1.634733 0.463492
v -2.628620 1.726725 0.208162
v -2.734843 1.726725 0.208162
v -2.787955 1.634733 0.208162
v -2.734843 1.542741 0.208162
v -2.628620 1.542741 0.208162
v -2.575508 1.634733 0.208162
v -2.628620 1.726725 0.435909
v -2.734843 1.726725 0.435909
v -2.787955 1.634733 0.435909
v -2.734843 1.542741 0.435909
v -2.628620 1.542741 0.435909
v -2.575508 1.634733 0.435909
v -2.644719 1.698842 0.435909
v -2.718745 1.698842 0.435909
v -2.755758 1.634733 0.435909
v -2.718745 1.570625 0.435909
v -2.644719 1.570625 0.435909
v -2.607706 1.634733 0.435909
v -2.644719 1.698842 0.463492
v -2.718745 1.698842 0.463492
v -2.755758 1.634733 0.463492
v -2.718745 1.570625 0.463492
v -2.644719 1.570625 0.463492
v -2.607706 1.634733 0.463492
v -2.628620 0.248921 0.738610
v -2.734843 0.248921 0.738610
v -2.787955 0.156929 0.738610
v -2.734843 0.064937 0.738610
v -2.628620 0.064937 0.738610
v -2.575508 0.156929 0.738610
v -2.628620 0.248921 0.966356
v -2.734843 0.248921 0.966356
v -2.787955 0.156929 0.966356
v -2.734843 0.064937 0.966356
v -2.628620 0.064937 0.966356
v -2.575508 0.156929 0.966356
v -2.644719 0.221037 0.966356
v -2.718745 0.221037 0.966356
v -2.755758 0.156929 0.966356
v -2.718745 0.092820 0.966356
v -2.644719 0.092820 0.966356
v -2.607706 0.156929 0.966356
v -2.644719 0.221037 0.993939
v -2.718745 0.221037 0.993939
v -2.755758 0.156929 0.993939
v -2.718745 0.092820 0.993939
v -2.644719 0.092820 0.993939
v -2.607706 0.156929 0.993939
v -3.175236 0.248921 0.738610
v -3.281460 0.248921 0.738610
v -3.334571 0.156929 0.738610
v -3.281460 0.064937 0.738610
v -3.175236 0.064937 0.738610
v -3.122125 0.156929 0.738610
v -3.175236 0.248921 0.966356
v -3.281460 0.248921 0.966356
v -3.334571 0.156929 0.966356
v -3.281460 0.064937 0.966356
v -3.175236 0.064937 0.966356
v -3.122125 0.156929 0.966356
v -3.191335 0.221037 0.966356
v -3.265361 0.221037 0.966356
v -3.302374 0.156929 0.966356
v -3.265361 0.092820 0.966356
v -3.191335 0.092820 0.966356
v -3.154322 0.156929 0.966356
v -3.191335 0.221037 0.993939
v -3.265361 0.221037 0.993939
v -3.302374 0.156929 0.993939
v -3.265361 0.092820 0.993939
v -3.191335 0.092820 0.993939
v -3.154322 0.156929 0.993939
v -3.730474 0.248921 0.738610
v -3.836698 0.248921 0.738610
v -3.889809 0.156929 0.738610
v -3.836698 0.064937 0.738610
v -3.730474 0.064937 0.738610
v -3.677363 0.156929 0.738610
v -3.730474 0.248921 0.966356
v -3.836698 0.248921 0.966356
v -3.889809 0.156929 0.966356
v -3.836698 0.064937 0.966356
v -3.730474 0.064937 0.966356
v -3.677363 0.156929 0.966356
v -3.746573 0.221037 0.966356
v -3.820599 0.221037 0.966356
v -3.857612 0.156929 0.966356
v -3.820599 0.092820 0.966356
v -3.746573 0.092820 0.966356
v -3.709560 0.156929 0.966356
v -3.746573 0.221037 0.993939
v -3.820599 0.221037 0.993939
v -3.857612 0.156929 0.993939
v -3.820599 0.092820 0.993939
v -3.746573 0.092820 0.993939
v -3.709560 0.156929 0.993939
v -4.286340 0.248921 0.738610
v -4.392563 0.248921 0.738610
v -4.445674 0.156929 0.738610
v -4.392563 0.064937 0.738610
v -4.286340 0.064937 0.738610
v -4.233228 0.156929 0.738610
v -4.286340 0.248921 0.966356
v -4.392563 0.248921 0.966356
v -4.445674 0.156929 0.966356
v -4.392563 0.064937 0.966356
v -4.286340 0.064937 0.966356
v -4.233228 0.156929 0.966356
v -4.302438 0.221037 0.966356
v -4.376464 0.221037 0.966356
v -4.413477 0.156929 0.966356
v -4.376464 0.092820 0.966356
v -4.302438 0.092820 0.966356
v -4.265425 0.156929 0.966356
v -4.302438 0.221037 0.993939
v -4.376464 0.221037 0.993939
v -4.413477 0.156929 0.993939
v -4.376464 0.092820 0.993939
v -4.302438 0.092820 0.993939
v -4.265425 0.156929 0.993939
v -4.651873 2.290562 0.899907
v -4.709268 2.290562 0.899907
v -4.737965 2.240857 0.899907
v -4.709268 2.191151 0.899907
v -4.651873 2.191151 0.899907
v -4.623175 2.240857 0.899907
v -4.651873 2.290562 1.041321
v -4.709268 2.290562 1.041321
v -4.737965 2.240857 1.041321
v -4.709268 2.191151 1.041321
v -4.651873 2.191151 1.041321
v -4.623175 2.240857 1.041321
v -4.651873 1.724159 0.899907
v -4.709268 1.724159 0.899907
v -4.737965 1.674454 0.899907
v -4.709268 1.624748 0.899907
v -4.651873 1.624748 0.899907
v -4.623175 1.674454 0.899907
v -4.651873 1.724159 1.041321
v -4.709268 1.724159 1.041321
v -4.737965 1.674454 1.041321
v -4.709268 1.624748 1.041321
v -4.651873 1.624748 1.041321
v -4.623175 1.674454 1.041321
v -4.651873 1.157757 0.899907
v -4.709268 1.157757 0.899907
v -4.737965 1.108051 0.899907
v -4.709268 1.058346 0.899907
v -4.651873 1.058346 0.899907
v -4.623175 1.108051 0.899907
v -4.651873 1.157757 1.041321
v -4.709268 1.157757 1.041321
v -4.737965 1.108051 1.041321
v -4.709268 1.058346 1.041321
v -4.651873 1.058346 1.041321
v -4.623175 1.108051 1.041321
v -4.651873 0.573351 0.899907
v -4.709268 0.573351 0.899907
v -4.737965 0.523645 0.899907
v -4.709268 0.473940 0.899907
v -4.651873 0.473940 0.899907
v -4.623175 0.523645 0.899907
v -4.651873 0.573351 1.041321
v -4.709268 0.573351 1.041321
v -4.737965 0.523645 1.041321
v -4.709268 0.473940 1.041321
v -4.651873 0.473940 1.041321
v -4.623175 0.523645 1.041321
v -0.749771 0.205518 -0.697091
v -0.841050 0.205518 -0.697091
v -0.886689 0.126468 -0.697091
v -0.841050 0.047419 -0.697091
v -0.749771 0.047419 -0.697091
v -0.704132 0.126468 -0.697091
v -0.749771 0.205518 -0.501386
v -0.841050 0.205518 -0.501386
v -0.886689 0.126468 -0.501386
v -0.841050 0.047419 -0.501386
v -0.749771 0.047419 -0.501386
v -0.704132 0.126468 -0.501386
v -0.763605 0.181557 -0.501386
v -0.827216 0.181557 -0.501386
v -0.859022 0.126468 -0.501386
v -0.827216 0.071379 -0.501386
v -0.763605 0.071379 -0.501386
v -0.731799 0.126468 -0.501386
v -0.763605 0.181557 -0.477684
v -0.827216 0.181557 -0.477684
v -0.859022 0.126468 -0.477684
v -0.827216 0.071379 -0.477684
v -0.763605 0.071379 -0.477684
v -0.731799 0.126468 -0.477684
v -0.193906 0.205518 -0.697091
v -0.285185 0.205518 -0.697091
v -0.330823 0.126468 -0.697091
v -0.285185 0.047419 -0.697091
v -0.193906 0.047419 -0.697091
v -0.148266 0.126468 -0.697091
v -0.193906 0.205518 -0.501386
v -0.285185 0.205518 -0.501386
v -0.330823 0.126468 -0.501386
v -0.285185 0.047419 -0.501386
v -0.193906 0.047419 -0.501386
v -0.148266 0.126468 -0.501386
v -0.207740 0.181557 -0.501386
v -0.271351 0.181557 -0.501386
v -0.303156 0.126468 -0.501386
v -0.271351 0.071379 -0.501386
v -0.207740 0.071379 -0.501386
v -0.175934 0.126468 -0.501386
v -0.207740 0.181557 -0.477684
v -0.271351 0.181557 -0.477684
v -0.303156 0.126468 -0.477684
v -0.271351 0.071379 -0.477684
v -0.207740 0.071379 -0.477684
v -0.175934 0.126468 -0.477684
v 0.361332 0.205518 -0.697091
v 0.270053 0.205518 -0.697091
v 0.224414 0.126468 -0.697091
v 0.270053 0.047419 -0.697091
v 0.361332 0.047419 -0.697091
v 0.406972 0.126468 -0.697091
v 0.361332 0.205518 -0.501386
v 0.270053 0.205518 -0.501386
v 0.224414 0.126468 -0.501386
v 0.270053 0.047419 -0.501386
v 0.361332 0.047419 -0.501386
v 0.406972 0.126468 -0.501386
v 0.347498 0.181557 -0.501386
v 0.283887 0.181557 -0.501386
v 0.252082 0.126468 -0.501386
v 0.283887 0.071379 -0.501386
v 0.347498 0.071379 -0.501386
v 0.379304 0.126468 -0.501386
v 0.347498 0.181557 -0.477684
v 0.283887 0.181557 -0.477684
v 0.252082 0.126468 -0.477684
v 0.283887 0.071379 -0.477684
v 0.347498 0.071379 -0.477684
v 0.379304 0.126468 -0.477684
v 0.907948 0.205518 -0.697091
v 0.816670 0.205518 -0.697091
v 0.771031 0.126468 -0.697091
v 0.816670 0.047419 -0.697091
v 0.907948 0.047419 -0.697091
v 0.953588 0.126468 -0.697091
v 0.907948 0.205518 -0.501386
v 0.816670 0.205518 -0.501386
v 0.771031 0.126468 -0.501386
v 0.816670 0.047419 -0.501386
v 0.907948 0.047419 -0.501386
v 0.953588 0.126468 -0.501386
v 0.894114 0.181557 -0.501386
v 0.830504 0.181557 -0.501386
v 0.798698 0.126468 -0.501386
v 0.830504 0.071379 -0.501386
v 0.894114 0.071379 -0.501386
v 0.925920 0.126468 -0.501386
v 0.894114 0.181557 -0.477684
v 0.830504 0.181557 -0.477684
v 0.798698 0.126468 -0.477684
v 0.830504 0.071379 -0.477684
v 0.894114 0.071379 -0.477684
v 0.925920 0.126468 -0.477684
v -0.749771 2.364865 -0.697091
v -0.841050 2.364865 -0.697091
v -0.886689 2.285815 -0.697091
v -0.841050 2.206766 -0.697091
v -0.749771 2.206766 -0.697091
v -0.704132 2.285815 -0.697091
v -0.749771 2.364865 -0.501386
v -0.841050 2.364865 -0.501386
v -0.886689 2.285815 -0.501386
v -0.841050 2.206766 -0.501386
v -0.749771 2.206766 -0.501386
v -0.704132 2.285815 -0.501386
v -0.763605 2.340904 -0.501386
v -0.827216 2.340904 -0.501386
v -0.859022 2.285815 -0.501386
v -0.827216 2.230726 -0.501386
v -0.763605 2.230726 -0.501386
v -0.731799 2.285815 -0.501386
v -0.763605 2.340904 -0.477684
v -0.827216 2.340904 -0.477684
v -0.859022 2.285815 -0.477684
v -0.827216 2.230726 -0.477684
v -0.763605 2.230726 -0.477684
v -0.731799 2.285815 -0.477684
v -0.193906 2.364865 -0.697091
v -0.285185 2.364865 -0.697091
v -0.330823 2.285815 -0.697091
v -0.285185 2.206766 -0.697091
v -0.193906 2.206766 -0.697091
v -0.148266 2.285815 -0.697091
v -0.193906 2.364865 -0.501386
v -0.285185 2.364865 -0.501386
v -0.330823 2.285815 -0.501386
v -0.285185 2.206766 -0.501386
v -0.193906 2.206766 -0.501386
v -0.148266 2.285815 -0.501386
v -0.207740 2.340904 -0.501386
v -0.271351 2.340904 -0.501386
v -0.303156 2.285815 -0.501386
v -0.271351 2.230726 -0.501386
v -0.207740 2.230726 -0.501386
v -0.175934 2.285815 -0.501386
v -0.207740 2.340904 -0.477684
v -0.271351 2.340904 -0.477684
v -0.303156 2.285815 -0.477684
v -0.271351 2.230726 -0.477684
v -0.207740 2.230726 -0.477684
v -0.175934 2.285815 -0.477684
v 0.361332 2.364865 -0.697091
v 0.270053 2.364865 -0.697091
v 0.224414 2.285815 -0.697091
v 0.270053 2.206766 -0.697091
v 0.361332 2.206766 -0.697091
v 0.406972 2.285815 -0.697091
v 0.361332 2.364865 -0.501386
v 0.270053 2.364865 -0.501386
v 0.224414 2.285815 -0.501386
v 0.270053 2.206766 -0.501386
v 0.361332 2.206766 -0.501386
v 0.406972 2.285815 -0.501386
v 0.347498 2.340904 -0.501386
v 0.283887 2.340904 -0.501386
v 0.252082 2.285815 -0.501386
v 0.283887 2.230726 -0.501386
v 0.347498 2.230726 -0.501386
v 0.379304 2.285815 -0.501386
v 0.347498 2.340904 -0.477684
v 0.283887 2.340904 -0.477684
v 0.252082 2.285815 -0.477684
v 0.283887 2.230726 -0.477684
v 0.347498 2.230726 -0.477684
v 0.379304 2.285815 -0.477684
v 0.907948 2.364865 -0.697091
v 0.816670 2.364865 -0.697091
v 0.771031 2.285815 -0.697091
v 0.816670 2.206766 -0.697091
v 0.907948 2.206766 -0.697091
v 0.953588 2.285815 -0.697091
v 0.907948 2.364865 -0.501386
v 0.816670 2.364865 -0.501386
v 0.771031 2.285815 -0.501386
v 0.816670 2.206766 -0.501386
v 0.907948 2.206766 -0.501386
v 0.953588 2.285815 -0.501386
v 0.894114 2.340904 -0.501386
v 0.830504 2.340904 -0.501386
v 0.798698 2.285815 -0.501386
v 0.830504 2.230726 -0.501386
v 0.894114 2.230726 -0.501386
v 0.925920 2.285815 -0.501386
v 0.894114 2.340904 -0.477684
v 0.830504 2.340904 -0.477684
v 0.798698 2.285815 -0.477684
v 0.830504 2.230726 -0.477684
v 0.894114 2.230726 -0.477684
v 0.925920 2.285815 -0.477684
v -4.279984 3.975989 0.230067
v -4.337379 3.975989 0.230067
v -4.366076 3.926284 0.230067
v -4.337379 3.876578 0.230067
v -4.279984 3.876578 0.230067
v -4.251286 3.926284 0.230067
v -4.279984 3.975989 0.371480
v -4.337379 3.975989 0.371480
v -4.366076 3.926284 0.371480
v -4.337379 3.876578 0.371480
v -4.279984 3.876578 0.371480
v -4.251286 3.926284 0.371480
v -3.713029 3.975989 0.230067
v -3.770424 3.975989 0.230067
v -3.799121 3.926284 0.230067
v -3.770424 3.876578 0.230067
v -3.713029 3.876578 0.230067
v -3.684331 3.926284 0.230067
v -3.713029 3.975989 0.371480
v -3.770424 3.975989 0.371480
v -3.799121 3.926284 0.371480
v -3.770424 3.876578 0.371480
v -3.713029 3.876578 0.371480
v -3.684331 3.926284 0.371480
v -3.175506 3.975989 0.230067
v -3.232901 3.975989 0.230067
v -3.261598 3.926284 0.230067
v -3.232901 3.876578 0.230067
v -3.175506 3.876578 0.230067
v -3.146808 3.926284 0.230067
v -3.175506 3.975989 0.371480
v -3.232901 3.975989 0.371480
v -3.261598 3.926284 0.371480
v -3.232901 3.876578 0.371480
v -3.175506 3.876578 0.371480
v -3.146808 3.926284 0.371480
v -2.653895 3.975989 0.230067
v -2.711290 3.975989 0.230067
v -2.739987 3.926284 0.230067
v -2.711290 3.876578 0.230067
v -2.653895 3.876578 0.230067
v -2.625197 3.926284 0.230067
v -2.653895 3.975989 0.371480
v -2.711290 3.975989 0.371480
v -2.739987 3.926284 0.371480
v -2.711290 3.876578 0.371480
v -2.653895 3.876578 0.371480
v -2.625197 3.926284 0.371480
v -4.626586 3.661096 0.230067
v -4.683981 3.661096 0.230067
v -4.712679 3.611390 0.230067
v -4.683981 3.561685 0.230067
v -4.626586 3.561685 0.230067
v -4.597889 3.611390 0.230067
v -4.626586 3.661096 0.371480
v -4.683981 3.661096 0.371480
v -4.712679 3.611390 0.371480
v -4.683981 3.561685 0.371480
v -4.626586 3.561685 0.371480
v -4.597889 3.611390 0.371480
v -2.339159 3.661096 0.230067
v -2.396554 3.661096 0.230067
v -2.425252 3.611390 0.230067
v -2.396554 3.561685 0.230067
v -2.339159 3.561685 0.230067
v -2.310462 3.611390 0.230067
v -2.339159 3.661096 0.371480
v -2.396554 3.661096 0.371480
v -2.425252 3.611390 0.371480
v -2.396554 3.561685 0.371480
v -2.339159 3.561685 0.371480
v -2.310462 3.611390 0.371480
v -2.420338 0.018577 0.998721
v -2.230906 0.018577 0.998721
v -2.420338 3.247337 0.998721
v -2.230906 3.247337 0.998721
v -2.420338 3.598019 0.246953
v -2.230906 3.598019 0.246953
v -2.420338 0.018577 0.246953
v -2.230906 0.018577 0.246953
v -2.292874 2.856965 0.899907
v -2.350269 2.856965 0.899907
v -2.378967 2.807259 0.899907
v -2.350269 2.757554 0.899907
v -2.292874 2.757554 0.899907
v -2.264177 2.807259 0.899907
v -2.292874 2.856965 1.041321
v -2.350269 2.856965 1.041321
v -2.378967 2.807259 1.041321
v -2.350269 2.757554 1.041321
v -2.292874 2.757554 1.041321
v -2.264177 2.807259 1.041321
v -2.292874 2.290562 0.899907
v -2.350269 2.290562 0.899907
v -2.378967 2.240857 0.899907
v -2.350269 2.191151 0.899907
v -2.292874 2.191151 0.899907
v -2.264177 2.240857 0.899907
v -2.292874 2.290562 1.041321
v -2.350269 2.290562 1.041321
v -2.378967 2.240857 1.041321
v -2.350269 2.191151 1.041321
v -2.292874 2.191151 1.041321
v -2.264177 2.240857 1.041321
v -2.292874 1.724159 0.899907
v -2.350269 1.724159 0.899907
v -2.378967 1.674454 0.899907
v -2.350269 1.624748 0.899907
v -2.292874 1.624748 0.899907
v -2.264177 1.674454 0.899907
v -2.292874 1.724159 1.041321
v -2.350269 1.724159 1.041321
v -2.378967 1.674454 1.041321
v -2.350269 1.624748 1.041321
v -2.292874 1.624748 1.041321
v -2.264177 1.674454 1.041321
v -2.292874 1.157757 0.899907
v -2.350269 1.157757 0.899907
v -2.378967 1.108051 0.899907
v -2.350269 1.058346 0.899907
v -2.292874 1.058346 0.899907
v -2.264177 1.108051 0.899907
v -2.292874 1.157757 1.041321
v -2.350269 1.157757 1.041321
v -2.378967 1.108051 1.041321
v -2.350269 1.058346 1.041321
v -2.292874 1.058346 1.041321
v -2.264177 1.108051 1.041321
v -2.292874 0.570144 0.899907
v -2.350269 0.570144 0.899907
v -2.378967 0.520438 0.899907
v -2.350269 0.470733 0.899907
v -2.292874 0.470733 0.899907
v -2.264177 0.520438 0.899907
v -2.292874 0.570144 1.041321
v -2.350269 0.570144 1.041321
v -2.378967 0.520438 1.041321
v -2.350269 0.470733 1.041321
v -2.292874 0.470733 1.041321
v -2.264177 0.520438 1.041321
v 4.779505 0.024060 0.998721
v 4.590072 0.024060 0.998721
v 4.590072 3.247337 0.998721
v 4.779505 3.247337 0.998721
v 4.590072 3.598019 0.246953
v 4.779505 3.598019 0.246953
v 4.779505 0.024060 0.246953
v 4.590072 0.024060 0.246953
v 4.524757 3.380367 0.338500
v 2.482370 3.380367 0.338500
v 2.482370 3.380367 0.107160
v 4.524757 3.380367 0.107160
v 4.524757 2.493958 0.107160
v 2.482370 2.493958 0.107160
v 2.482370 2.493958 0.338500
v 4.524757 2.493958 0.338500
v 2.593674 2.631294 0.338502
v 4.413454 2.631294 0.338502
v 2.593674 3.240612 0.338502
v 4.413454 3.240612 0.338502
v 4.413454 3.240612 0.107162
v 2.593674 3.240612 0.107162
v 4.413454 2.631294 0.107162
v 2.593674 2.631294 0.107162
v 4.356246 3.316588 -0.012719
v 2.655470 3.316588 -0.012719
v 2.655470 3.316588 -0.122071
v 4.356246 3.316588 -0.122071
v 4.356246 2.553992 -0.122071
v 2.655470 2.553992 -0.122071
v 2.655470 2.553992 -0.012719
v 4.356246 2.553992 -0.012719
v 2.766774 3.176833 -0.122069
v 4.244943 3.176833 -0.122069
v 2.766774 2.691328 -0.122069
v 4.244943 2.691328 -0.122069
v 2.766774 3.176833 -0.012717
v 4.244943 3.176833 -0.012717
v 4.244943 2.691328 -0.012717
v 2.766774 2.691328 -0.012717
v 4.702299 0.084535 0.032033
v 4.702299 0.084535 -0.087323
v 4.702299 3.456997 -0.087323
v 4.702299 3.456997 0.032033
v 4.915853 0.084535 -0.087323
v 4.915853 3.359025 -0.087323
v 4.626954 1.494593 0.103612
v 2.251248 1.494593 0.103612
v 2.251248 1.494593 0.362370
v 4.626954 1.494593 0.362370
v 2.251248 1.752822 0.362370
v 4.626954 1.752822 0.362370
v 2.251248 1.752822 0.103612
v 4.626954 1.752822 0.103612
v 4.286340 1.726725 0.208162
v 4.392564 1.726725 0.208162
v 4.392564 1.726725 0.435909
v 4.286340 1.726725 0.435909
v 4.445675 1.634733 0.208162
v 4.445675 1.634733 0.435909
v 4.392564 1.542741 0.208162
v 4.392564 1.542741 0.435909
v 4.286340 1.542741 0.208162
v 4.286340 1.542741 0.435909
v 4.233228 1.634733 0.208162
v 4.233228 1.634733 0.435909
v 4.376465 1.698842 0.435909
v 4.302439 1.698842 0.435909
v 4.413478 1.634733 0.435909
v 4.376465 1.570625 0.435909
v 4.302439 1.570625 0.435909
v 4.265426 1.634733 0.435909
v 4.376465 1.698842 0.463492
v 4.302439 1.698842 0.463492
v 4.413478 1.634733 0.463492
v 4.376465 1.570625 0.463492
v 4.302439 1.570625 0.463492
v 4.265426 1.634733 0.463492
v 4.651873 2.856965 0.899907
v 4.709268 2.856965 0.899907
v 4.709268 2.856965 1.041321
v 4.651873 2.856965 1.041321
v 4.737966 2.807259 0.899907
v 4.737966 2.807259 1.041321
v 4.709268 2.757554 0.899907
v 4.709268 2.757554 1.041321
v 4.651873 2.757554 0.899907
v 4.651873 2.757554 1.041321
v 4.623176 2.807259 0.899907
v 4.623176 2.807259 1.041321
v 1.494768 0.212031 -0.567352
v 1.494768 2.352822 -0.567352
v 1.494768 2.352822 -0.998522
v 1.494768 0.212031 -0.998522
v 3.730475 1.726725 0.208162
v 3.836698 1.726725 0.208162
v 3.836698 1.726725 0.435909
v 3.730475 1.726725 0.435909
v 3.889809 1.634733 0.208162
v 3.889809 1.634733 0.435909
v 3.836698 1.542741 0.208162
v 3.836698 1.542741 0.435909
v 3.730475 1.542741 0.208162
v 3.730475 1.542741 0.435909
v 3.677363 1.634733 0.208162
v 3.677363 1.634733 0.435909
v 3.820599 1.698842 0.435909
v 3.746574 1.698842 0.435909
v 3.857612 1.634733 0.435909
v 3.820599 1.570625 0.435909
v 3.746574 1.570625 0.435909
v 3.709561 1.634733 0.435909
v 3.820599 1.698842 0.463492
v 3.746574 1.698842 0.463492
v 3.857612 1.634733 0.463492
v 3.820599 1.570625 0.463492
v 3.746574 1.570625 0.463492
v 3.709561 1.634733 0.463492
v 3.175237 1.726725 0.208162
v 3.281460 1.726725 0.208162
v 3.281460 1.726725 0.435909
v 3.175237 1.726725 0.435909
v 3.334571 1.634733 0.208162
v 3.334571 1.634733 0.435909
v 3.281460 1.542741 0.208162
v 3.281460 1.542741 0.435909
v 3.175237 1.542741 0.208162
v 3.175237 1.542741 0.435909
v 3.122125 1.634733 0.208162
v 3.122125 1.634733 0.435909
v 3.265361 1.698842 0.435909
v 3.191336 1.698842 0.435909
v 3.302374 1.634733 0.435909
v 3.265361 1.570625 0.435909
v 3.191336 1.570625 0.435909
v 3.154323 1.634733 0.435909
v 3.265361 1.698842 0.463492
v 3.191336 1.698842 0.463492
v 3.302374 1.634733 0.463492
v 3.265361 1.570625 0.463492
v 3.191336 1.570625 0.463492
v 3.154323 1.634733 0.463492
v 2.628620 1.726725 0.208162
v 2.734844 1.726725 0.208162
v 2.734844 1.726725 0.435909
v 2.628620 1.726725 0.435909
v 2.787955 1.634733 0.208162
v 2.787955 1.634733 0.435909
v 2.734844 1.542741 0.208162
v 2.734844 1.542741 0.435909
v 2.628620 1.542741 0.208162
v 2.628620 1.542741 0.435909
v 2.575508 1.634733 0.208162
v 2.575508 1.634733 0.435909
v 2.718745 1.698842 0.435909
v 2.644719 1.698842 0.435909
v 2.755759 1.634733 0.435909
v 2.718745 1.570625 0.435909
v 2.644719 1.570625 0.435909
v 2.607706 1.634733 0.435909
v 2.718745 1.698842 0.463492
v 2.644719 1.698842 0.463492
v 2.755759 1.634733 0.463492
v 2.718745 1.570625 0.463492
v 2.644719 1.570625 0.463492
v 2.607706 1.634733 0.463492
v 2.628620 0.248921 0.738610
v 2.734844 0.248921 0.738610
v 2.734844 0.248921 0.966356
v 2.628620 0.248921 0.966356
v 2.787955 0.156929 0.738610
v 2.787955 0.156929 0.966356
v 2.734844 0.064937 0.738610
v 2.734844 0.064937 0.966356
v 2.628620 0.064937 0.738610
v 2.628620 0.064937 0.966356
v 2.575508 0.156929 0.738610
v 2.575508 0.156929 0.966356
v 2.718745 0.221037 0.966356
v 2.644719 0.221037 0.966356
v 2.755759 0.156929 0.966356
v 2.718745 0.092820 0.966356
v 2.644719 0.092820 0.966356
v 2.607706 0.156929 0.966356
v 2.718745 0.221037 0.993939
v 2.644719 0.221037 0.993939
v 2.755759 0.156929 0.993939
v 2.718745 0.092820 0.993939
v 2.644719 0.092820 0.993939
v 2.607706 0.156929 0.993939
v 3.175237 0.248921 0.738610
v 3.281460 0.248921 0.738610
v 3.281460 0.248921 0.966356
v 3.175237 0.248921 0.966356
v 3.334571 0.156929 0.738610
v 3.334571 0.156929 0.966356
v 3.281460 0.064937 0.738610
v 3.281460 0.064937 0.966356
v 3.175237 0.064937 0.738610
v 3.175237 0.064937 0.966356
v 3.122125 0.156929 0.738610
v 3.122125 0.156929 0.966356
v 3.265361 0.221037 0.966356
v 3.191336 0.221037 0.966356
v 3.302374 0.156929 0.966356
v 3.265361 0.092820 0.966356
v 3.191336 0.092820 0.966356
v 3.154323 0.156929 0.966356
v 3.265361 0.221037 0.993939
v 3.191336 0.221037 0.993939
v 3.302374 0.156929 0.993939
v 3.265361 0.092820 0.993939
v 3.191336 0.092820 0.993939
v 3.154323 0.156929 0.993939
v 3.730475 0.248921 0.738610
v 3.836698 0.248921 0.738610
v 3.836698 0.248921 0.966356
v 3.730475 0.248921 0.966356
v 3.889809 0.156929 0.738610
v 3.889809 0.156929 0.966356
v 3.836698 0.064937 0.738610
v 3.836698 0.064937 0.966356
v 3.730475 0.064937 0.738610
v 3.730475 0.064937 0.966356
v 3.677363 0.156929 0.738610
v 3.677363 0.156929 0.966356
v 3.820599 0.221037 0.966356
v 3.746574 0.221037 0.966356
v 3.857612 0.156929 0.966356
v 3.820599 0.092820 0.966356
v 3.746574 0.092820 0.966356
v 3.709561 0.156929 0.966356
v 3.820599 0.221037 0.993939
v 3.746574 0.221037 0.993939
v 3.857612 0.156929 0.993939
v 3.820599 0.092820 0.993939
v 3.746574 0.092820 0.993939
v 3.709561 0.156929 0.993939
v 4.286340 0.248921 0.738610
v 4.392564 0.248921 0.738610
v 4.392564 0.248921 0.966356
v 4.286340 0.248921 0.966356
v 4.445675 0.156929 0.738610
v 4.445675 0.156929 0.966356
v 4.392564 0.064937 0.738610
v 4.392564 0.064937 0.966356
v 4.286340 0.064937 0.738610
v 4.286340 0.064937 0.966356
v 4.233228 0.156929 0.738610
v 4.233228 0.156929 0.966356
v 4.376465 0.221037 0.966356
v 4.302439 0.221037 0.966356
v 4.413478 0.156929 0.966356
v 4.376465 0.092820 0.966356
v 4.302439 0.092820 0.966356
v 4.265426 0.156929 0.966356
v 4.376465 0.221037 0.993939
v 4.302439 0.221037 0.993939
v 4.413478 0.156929 0.993939
v 4.376465 0.092820 0.993939
v 4.302439 0.092820 0.993939
v 4.265426 0.156929 0.993939
v 4.651873 2.290562 0.899907
v 4.709268 2.290562 0.899907
v 4.709268 2.290562 1.041321
v 4.651873 2.290562 1.041321
v 4.737966 2.240857 0.899907
v 4.737966 2.240857 1.041321
v 4.709268 2.191151 0.899907
v 4.709268 2.191151 1.041321
v 4.651873 2.191151 0.899907
v 4.651873 2.191151 1.041321
v 4.623176 2.240857 0.899907
v 4.623176 2.240857 1.041321
v 4.651873 1.724159 0.899907
v 4.709268 1.724159 0.899907
v 4.709268 1.724159 1.041321
v 4.651873 1.724159 1.041321
v 4.737966 1.674454 0.899907
v 4.737966 1.674454 1.041321
v 4.709268 1.624748 0.899907
v 4.709268 1.624748 1.041321
v 4.651873 1.624748 0.899907
v 4.651873 1.624748 1.041321
v 4.623176 1.674454 0.899907
v 4.623176 1.674454 1.041321
v 4.651873 1.157757 0.899907
v 4.709268 1.157757 0.899907
v 4.709268 1.157757 1.041321
v 4.651873 1.157757 1.041321
v 4.737966 1.108051 0.899907
v 4.737966 1.108051 1.041321
v 4.709268 1.058346 0.899907
v 4.709268 1.058346 1.041321
v 4.651873 1.058346 0.899907
v 4.651873 1.058346 1.041321
v 4.623176 1.108051 0.899907
v 4.623176 1.108051 1.041321
v 4.651873 0.573351 0.899907
v 4.709268 0.573351 0.899907
v 4.709268 0.573351 1.041321
v 4.651873 0.573351 1.041321
v 4.737966 0.523645 0.899907
v 4.737966 0.523645 1.041321
v 4.709268 0.473940 0.899907
v 4.709268 0.473940 1.041321
v 4.651873 0.473940 0.899907
v 4.651873 0.473940 1.041321
v 4.623176 0.523645 0.899907
v 4.623176 0.523645 1.041321
v 4.279985 3.975989 0.230067
v 4.337380 3.975989 0.230067
v 4.337380 3.975989 0.371480
v 4.279985 3.975989 0.371480
v 4.366077 3.926284 0.230067
v 4.366077 3.926284 0.371480
v 4.337380 3.876578 0.230067
v 4.337380 3.876578 0.371480
v 4.279985 3.876578 0.230067
v 4.279985 3.876578 0.371480
v 4.251287 3.926284 0.230067
v 4.251287 3.926284 0.371480
v 3.713029 3.975989 0.230067
v 3.770424 3.975989 0.230067
v 3.770424 3.975989 0.371480
v 3.713029 3.975989 0.371480
v 3.799122 3.926284 0.230067
v 3.799122 3.926284 0.371480
v 3.770424 3.876578 0.230067
v 3.770424 3.876578 0.371480
v 3.713029 3.876578 0.230067
v 3.713029 3.876578 0.371480
v 3.684332 3.926284 0.230067
v 3.684332 3.926284 0.371480
v 3.175506 3.975989 0.230067
v 3.232901 3.975989 0.230067
v 3.232901 3.975989 0.371480
v 3.175506 3.975989 0.371480
v 3.261599 3.926284 0.230067
v 3.261599 3.926284 0.371480
v 3.232901 3.876578 0.230067
v 3.232901 3.876578 0.371480
v 3.175506 3.876578 0.230067
v 3.175506 3.876578 0.371480
v 3.146809 3.926284 0.230067
v 3.146809 3.926284 0.371480
v 2.653895 3.975989 0.230067
v 2.711291 3.975989 0.230067
v 2.711291 3.975989 0.371480
v 2.653895 3.975989 0.371480
v 2.739988 3.926284 0.230067
v 2.739988 3.926284 0.371480
v 2.711291 3.876578 0.230067
v 2.711291 3.876578 0.371480
v 2.653895 3.876578 0.230067
v 2.653895 3.876578 0.371480
v 2.625198 3.926284 0.230067
v 2.625198 3.926284 0.371480
v 4.626587 3.661096 0.230067
v 4.683982 3.661096 0.230067
v 4.683982 3.661096 0.371480
v 4.626587 3.661096 0.371480
v 4.712679 3.611390 0.230067
v 4.712679 3.611390 0.371480
v 4.683982 3.561685 0.230067
v 4.683982 3.561685 0.371480
v 4.626587 3.561685 0.230067
v 4.626587 3.561685 0.371480
v 4.597889 3.611390 0.230067
v 4.597889 3.611390 0.371480
v 2.339159 3.661096 0.230067
v 2.396555 3.661096 0.230067
v 2.396555 3.661096 0.371480
v 2.339159 3.661096 0.371480
v 2.425252 3.611390 0.230067
v 2.425252 3.611390 0.371480
v 2.396555 3.561685 0.230067
v 2.396555 3.561685 0.371480
v 2.339159 3.561685 0.230067
v 2.339159 3.561685 0.371480
v 2.310462 3.611390 0.230067
v 2.310462 3.611390 0.371480
v 2.420339 0.018577 0.998721
v 2.230907 0.018577 0.998721
v 2.230907 3.247337 0.998721
v 2.420339 3.247337 0.998721
v 2.230907 3.598019 0.246953
v 2.420339 3.598019 0.246953
v 2.420339 0.018577 0.246953
v 2.230907 0.018577 0.246953
v 2.292875 2.856965 0.899907
v 2.350270 2.856965 0.899907
v 2.350270 2.856965 1.041321
v 2.292875 2.856965 1.041321
v 2.378968 2.807259 0.899907
v 2.378968 2.807259 1.041321
v 2.350270 2.757554 0.899907
v 2.350270 2.757554 1.041321
v 2.292875 2.757554 0.899907
v 2.292875 2.757554 1.041321
v 2.264178 2.807259 0.899907
v 2.264178 2.807259 1.041321
v 2.292875 2.290562 0.899907
v 2.350270 2.290562 0.899907
v 2.350270 2.290562 1.041321
v 2.292875 2.290562 1.041321
v 2.378968 2.240857 0.899907
v 2.378968 2.240857 1.041321
v 2.350270 2.191151 0.899907
v 2.350270 2.191151 1.041321
v 2.292875 2.191151 0.899907
v 2.292875 2.191151 1.041321
v 2.264178 2.240857 0.899907
v 2.264178 2.240857 1.041321
v 2.292875 1.724159 0.899907
v 2.350270 1.724159 0.899907
v 2.350270 1.724159 1.041321
v 2.292875 1.724159 1.041321
v 2.378968 1.674454 0.899907
v 2.378968 1.674454 1.041321
v 2.350270 1.624748 0.899907
v 2.350270 1.624748 1.041321
v 2.292875 1.624748 0.899907
v 2.292875 1.624748 1.041321
v 2.264178 1.674454 0.899907
v 2.264178 1.674454 1.041321
v 2.292875 1.157757 0.899907
v 2.350270 1.157757 0.899907
v 2.350270 1.157757 1.041321
v 2.292875 1.157757 1.041321
v 2.378968 1.108051 0.899907
v 2.378968 1.108051 1.041321
v 2.350270 1.058346 0.899907
v 2.350270 1.058346 1.041321
v 2.292875 1.058346 0.899907
v 2.292875 1.058346 1.041321
v 2.264178 1.108051 0.899907
v 2.264178 1.108051 1.041321
v 2.292875 0.570144 0.899907
v 2.350270 0.570144 0.899907
v 2.350270 0.570144 1.041321
v 2.292875 0.570144 1.041321
v 2.378968 0.520438 0.899907
v 2.378968 0.520438 1.041321
v 2.350270 0.470733 0.899907
v 2.350270 0.470733 1.041321
v 2.292875 0.470733 0.899907
v 2.292875 0.470733 1.041321
v 2.264178 0.520438 0.899907
v 2.264178 0.520438 1.041321
v 1.309616 0.212031 -0.567352
v 1.493371 0.212031 -0.567352
v 1.309616 2.352822 -0.567352
v 1.493371 2.352822 -0.567352
v 1.309616 2.352822 -0.998522
v 1.493371 2.352822 -0.998522
v 1.309616 0.212031 -0.998522
v 1.493371 0.212031 -0.998522
v -2.226673 0.084535 -0.084503
v -2.346029 0.084535 -0.084503
v -2.226673 3.456997 -0.084503
v -2.346029 3.526088 -0.084503
v -2.346029 3.428117 0.129051
v -2.346029 0.084535 0.129051
v 2.323649 0.084535 0.032033
v 2.323649 0.084535 -0.087323
v 2.323649 3.456997 0.032033
v 2.323649 3.456997 -0.087323
v 2.110095 3.359025 -0.087323
v 2.110095 0.084535 -0.087323
vt 0.876495 0.619647
vt 0.876495 0.635908
vt 0.599342 0.635908
vt 0.599342 0.619648
vt 0.808362 0.638298
vt 0.808362 0.654558
vt 0.743831 0.654559
vt 0.743831 0.638298
vt 0.876495 0.637805
vt 0.876495 0.654065
vt 0.811964 0.654065
vt 0.811964 0.637805
vt 0.876495 0.486440
vt 0.876495 0.550970
vt 0.569240 0.550970
vt 0.599342 0.486440
vt 0.876495 0.553071
vt 0.876495 0.617602
vt 0.599342 0.617602
vt 0.569240 0.553071
vt 0.962104 0.573654
vt 0.962104 0.524245
vt 0.967763 0.524245
vt 0.967763 0.573654
vt 0.967763 0.573654
vt 0.967763 0.524245
vt 0.962104 0.524245
vt 0.962104 0.573654
vt 0.961735 0.518386
vt 0.974257 0.518386
vt 0.974257 0.566366
vt 0.961735 0.566366
vt 0.961300 0.518386
vt 0.973822 0.518386
vt 0.973822 0.566366
vt 0.961300 0.566366
vt 0.989762 0.078782
vt 0.989762 0.280886
vt 0.976172 0.269872
vt 0.976172 0.089796
vt 0.902048 0.280886
vt 0.915877 0.269872
vt 0.902048 0.078782
vt 0.915877 0.089796
vt 0.962104 0.526938
vt 0.962104 0.570961
vt 0.967763 0.570961
vt 0.967763 0.526938
vt 0.959384 0.567151
vt 0.959384 0.518878
vt 0.977712 0.518878
vt 0.977712 0.567151
vt 0.962104 0.570961
vt 0.962104 0.526938
vt 0.967763 0.526938
vt 0.967763 0.570961
vt 0.977830 0.518878
vt 0.977830 0.567151
vt 0.959501 0.567151
vt 0.959501 0.518878
vt 0.970695 0.569577
vt 0.970695 0.528433
vt 0.973370 0.528432
vt 0.973370 0.569577
vt 0.973370 0.569577
vt 0.973370 0.528432
vt 0.970695 0.528433
vt 0.970695 0.569577
vt 0.966520 0.518386
vt 0.972439 0.518386
vt 0.972439 0.559664
vt 0.966520 0.559664
vt 0.966685 0.518386
vt 0.972603 0.518386
vt 0.972603 0.559664
vt 0.966685 0.559664
vt 0.908359 0.095456
vt 0.908359 0.263757
vt 0.922188 0.252743
vt 0.922188 0.106471
vt 0.983822 0.263757
vt 0.970232 0.252743
vt 0.983821 0.095456
vt 0.970232 0.106471
vt 0.970695 0.531125
vt 0.970695 0.566885
vt 0.973370 0.566885
vt 0.973370 0.531125
vt 0.968982 0.557342
vt 0.968982 0.518878
vt 0.977645 0.518878
vt 0.977645 0.557342
vt 0.970695 0.566885
vt 0.970695 0.531125
vt 0.973370 0.531125
vt 0.973370 0.566885
vt 0.977331 0.518878
vt 0.977331 0.557342
vt 0.968667 0.557342
vt 0.968667 0.518878
vt 0.898870 0.291935
vt 0.912410 0.291935
vt 0.912410 0.674513
vt 0.898870 0.674513
vt 0.937029 0.300931
vt 0.912803 0.300931
vt 0.912803 0.672395
vt 0.937029 0.683508
vt 0.967850 0.576126
vt 0.967850 0.518654
vt 0.961521 0.518654
vt 0.961521 0.576126
vt 0.457882 0.952890
vt 0.765233 0.952890
vt 0.765233 0.986298
vt 0.457882 0.986298
vt 0.961521 0.576126
vt 0.961521 0.518654
vt 0.967850 0.518654
vt 0.967850 0.576126
vt 0.980370 0.654826
vt 0.980370 0.666959
vt 0.954355 0.666959
vt 0.954355 0.654826
vt 0.980370 0.673026
vt 0.954355 0.673026
vt 0.980370 0.666959
vt 0.954355 0.666959
vt 0.980370 0.654826
vt 0.954355 0.654826
vt 0.980370 0.648759
vt 0.954355 0.648759
vt 0.984686 0.650634
vt 0.984686 0.671151
vt 0.979300 0.668042
vt 0.979300 0.653744
vt 0.966918 0.681409
vt 0.966918 0.675191
vt 0.949149 0.671151
vt 0.954535 0.668042
vt 0.949149 0.650634
vt 0.954535 0.653744
vt 0.966918 0.640376
vt 0.966918 0.646595
vt 0.954355 0.656665
vt 0.954355 0.665121
vt 0.951204 0.665121
vt 0.951204 0.656665
vt 0.954355 0.669348
vt 0.951204 0.669348
vt 0.954355 0.665121
vt 0.951204 0.665121
vt 0.954355 0.656665
vt 0.951204 0.656665
vt 0.954355 0.652437
vt 0.951204 0.652437
vt 0.979300 0.653744
vt 0.979300 0.668042
vt 0.954535 0.653744
vt 0.966918 0.675191
vt 0.954535 0.668042
vt 0.966918 0.646595
vt 0.980988 0.612239
vt 0.980988 0.624760
vt 0.950137 0.624760
vt 0.950137 0.612239
vt 0.980784 0.613035
vt 0.980784 0.623879
vt 0.949933 0.623879
vt 0.949933 0.613035
vt 0.980988 0.613701
vt 0.980988 0.624545
vt 0.950137 0.624545
vt 0.950137 0.613701
vt 0.950137 0.624636
vt 0.950137 0.612115
vt 0.980988 0.612115
vt 0.980988 0.624636
vt 0.950477 0.624386
vt 0.950477 0.613543
vt 0.981328 0.613543
vt 0.981328 0.624387
vt 0.950477 0.624230
vt 0.950477 0.613386
vt 0.981328 0.613386
vt 0.981328 0.624229
vt 0.975961 0.602768
vt 0.985218 0.618800
vt 0.957448 0.602768
vt 0.975961 0.634833
vt 0.957448 0.634833
vt 0.948192 0.618800
vt 0.987517 0.952010
vt 0.967634 0.981478
vt 0.800525 0.981477
vt 0.780641 0.952010
vt 0.813545 0.132977
vt 0.813545 0.092233
vt 0.569354 0.092233
vt 0.569354 0.132977
vt 0.082877 0.152030
vt 0.050899 0.152036
vt 0.050899 0.342170
vt 0.082878 0.342175
vt 0.489399 0.032230
vt 0.464259 0.069002
vt 0.160277 0.069002
vt 0.135137 0.032230
vt 0.407460 0.351735
vt 0.473614 0.074942
vt 0.159736 0.074942
vt 0.225889 0.351735
vt 0.437447 0.500264
vt 0.413148 0.796763
vt 0.167944 0.796763
vt 0.143644 0.500264
vt 0.930327 0.948580
vt 0.837987 0.948581
vt 0.846863 0.988409
vt 0.921451 0.988409
vt 0.461754 0.931102
vt 0.408005 0.984863
vt 0.401867 0.964741
vt 0.461754 0.902197
vt 0.813545 0.407704
vt 0.771031 0.459060
vt 0.775389 0.473344
vt 0.813545 0.435181
vt 0.045994 0.138535
vt 0.045996 0.172170
vt 0.008233 0.172170
vt 0.008227 0.138538
vt 0.151752 0.096773
vt 0.115283 0.096699
vt 0.461747 0.447973
vt 0.561862 0.447973
vt 0.561862 0.474084
vt 0.461747 0.473870
vt 0.884510 0.132977
vt 0.884510 0.092233
vt 0.561862 0.739306
vt 0.561862 0.769426
vt 0.083938 0.075896
vt 0.121633 0.075979
vt 0.884510 0.320416
vt 0.884510 0.299016
vt 0.461752 0.473655
vt 0.561825 0.474084
vt 0.561825 0.739306
vt 0.461752 0.902197
vt 0.813542 0.407704
vt 0.884538 0.299016
vt 0.884538 0.132977
vt 0.813542 0.132977
vt 0.555967 0.892750
vt 0.555863 0.944460
vt 0.872212 0.944460
vt 0.872108 0.892750
vt 0.580419 0.678012
vt 0.580419 0.659876
vt 0.860590 0.659876
vt 0.860590 0.678012
vt 0.595142 0.132694
vt 0.595142 0.160080
vt 0.787716 0.160080
vt 0.787716 0.132694
vt 0.580419 0.883152
vt 0.580419 0.862231
vt 0.860590 0.862231
vt 0.860590 0.883152
vt 0.555863 0.939964
vt 0.555967 0.892750
vt 0.872108 0.892750
vt 0.872212 0.939964
vt 0.580393 0.862231
vt 0.580393 0.678012
vt 0.860617 0.678012
vt 0.860617 0.862231
vt 0.580354 0.699744
vt 0.580354 0.862213
vt 0.860655 0.862213
vt 0.860655 0.699744
vt 0.461745 0.897587
vt 0.413148 0.877737
vt 0.407460 0.411695
vt 0.473614 0.428080
vt 0.964344 0.518161
vt 0.961972 0.518161
vt 0.961974 0.528895
vt 0.964344 0.528895
vt 0.970702 0.528895
vt 0.972910 0.528895
vt 0.972912 0.518161
vt 0.970702 0.518161
vt 0.964874 0.567575
vt 0.969608 0.567560
vt 0.972105 0.526003
vt 0.966856 0.526004
vt 0.973345 0.524303
vt 0.971282 0.524296
vt 0.964874 0.521738
vt 0.969608 0.521753
vt 0.966349 0.520758
vt 0.968007 0.519098
vt 0.964841 0.560992
vt 0.962550 0.563268
vt 0.966268 0.571080
vt 0.966268 0.571080
vt 0.966268 0.571080
vt 0.968939 0.521546
vt 0.972380 0.531845
vt 0.968939 0.531931
vt 0.968724 0.518880
vt 0.977051 0.518878
vt 0.977051 0.557098
vt 0.968724 0.557095
vt 0.786651 0.010932
vt 0.786651 0.083850
vt 0.544960 0.083850
vt 0.544960 0.010932
vt 0.962066 0.518386
vt 0.972452 0.518386
vt 0.972366 0.550659
vt 0.962066 0.550659
vt 0.806636 0.076826
vt 0.806640 0.010932
vt 0.524971 0.010932
vt 0.524975 0.076826
vt 0.806640 0.083850
vt 0.806636 0.076826
vt 0.461745 0.471031
vt 0.489399 0.058677
vt 0.806640 0.010932
vt 0.930327 0.948581
vt 0.921452 0.988410
vt 0.846863 0.988410
vt 0.837988 0.948581
vt 0.117756 0.931102
vt 0.117756 0.902197
vt 0.177644 0.964741
vt 0.171504 0.984863
vt 0.569354 0.407704
vt 0.569354 0.435181
vt 0.607510 0.473344
vt 0.611867 0.459060
vt 0.045994 0.353793
vt 0.008227 0.353790
vt 0.008233 0.320158
vt 0.045996 0.320158
vt 0.115284 0.397507
vt 0.151752 0.397433
vt 0.117761 0.447973
vt 0.117761 0.473870
vt 0.017648 0.474084
vt 0.017648 0.447973
vt 0.498389 0.092233
vt 0.498389 0.132977
vt 0.017648 0.769426
vt 0.017648 0.739306
vt 0.121633 0.416350
vt 0.083938 0.416433
vt 0.498389 0.299016
vt 0.498389 0.320416
vt 0.117757 0.473655
vt 0.117757 0.902197
vt 0.017686 0.739306
vt 0.017686 0.474084
vt 0.569357 0.407704
vt 0.569357 0.132977
vt 0.498361 0.132977
vt 0.498361 0.299016
vt 0.119346 0.897587
vt 0.167944 0.877737
vt 0.159736 0.428080
vt 0.225889 0.411695
vt 0.964344 0.579816
vt 0.964344 0.569083
vt 0.961974 0.569083
vt 0.961972 0.579816
vt 0.970703 0.569083
vt 0.970702 0.579816
vt 0.972912 0.579817
vt 0.972910 0.569083
vt 0.968944 0.520035
vt 0.965146 0.562545
vt 0.962614 0.565076
vt 0.966654 0.522311
vt 0.974613 0.585897
vt 0.976677 0.585890
vt 0.968000 0.520363
vt 0.972164 0.566973
vt 0.969653 0.564477
vt 0.966181 0.518543
vt 0.966268 0.571080
vt 0.967756 0.521546
vt 0.967756 0.531931
vt 0.964315 0.531845
vt 0.961241 0.550659
vt 0.961241 0.518386
vt 0.971540 0.518386
vt 0.971626 0.550659
vt 0.524971 0.083850
vt 0.524975 0.076826
vt 0.119346 0.471031
vt 0.135137 0.058677
vt 0.524971 0.010932
vt 0.402136 0.959841
vt 0.178955 0.959841
vt 0.214379 0.494094
vt 0.418970 0.494094
vt 0.987517 0.952010
vt 0.780641 0.952010
vt 0.800525 0.981477
vt 0.967634 0.981478
vt 0.595142 0.286060
vt 0.787716 0.286060
vt 0.787716 0.271677
vt 0.595142 0.271677
vt 0.966839 0.568003
vt 0.966839 0.518935
vt 0.971404 0.518951
vt 0.971404 0.567987
vt 0.966268 0.571080
vt 0.966268 0.571080
vt 0.883388 0.932576
vt 0.892285 0.909878
vt 0.883388 0.909878
vt 0.920207 0.733593
vt 0.892285 0.710015
vt 0.920206 0.909858
vt 0.928785 0.932576
vt 0.928785 0.909858
vt 0.883388 0.690338
vt 0.883388 0.710015
vt 0.933107 0.690338
vt 0.933107 0.733593
vt 0.987517 0.952010
vt 0.780641 0.952010
vt 0.800525 0.981477
vt 0.967634 0.981478
vt 0.813545 0.132977
vt 0.569354 0.132977
vt 0.569354 0.092233
vt 0.813545 0.092233
vt 0.082877 0.152030
vt 0.082878 0.342175
vt 0.050899 0.342170
vt 0.050899 0.152036
vt 0.489399 0.032230
vt 0.135137 0.032230
vt 0.160277 0.069002
vt 0.464259 0.069002
vt 0.407460 0.351735
vt 0.225889 0.351735
vt 0.159736 0.074942
vt 0.473614 0.074942
vt 0.437447 0.500264
vt 0.143644 0.500264
vt 0.167944 0.796763
vt 0.413148 0.796763
vt 0.930327 0.948580
vt 0.921451 0.988409
vt 0.846863 0.988409
vt 0.837987 0.948581
vt 0.461754 0.931102
vt 0.461754 0.902197
vt 0.401867 0.964741
vt 0.408005 0.984863
vt 0.813545 0.407704
vt 0.813545 0.435181
vt 0.775389 0.473344
vt 0.771031 0.459060
vt 0.045994 0.138535
vt 0.008227 0.138538
vt 0.008233 0.172170
vt 0.045996 0.172170
vt 0.115283 0.096699
vt 0.151752 0.096773
vt 0.461747 0.447973
vt 0.461747 0.473870
vt 0.561862 0.474084
vt 0.561862 0.447973
vt 0.884510 0.092233
vt 0.884510 0.132977
vt 0.561862 0.769426
vt 0.561862 0.739306
vt 0.121633 0.075979
vt 0.083938 0.075896
vt 0.884510 0.299016
vt 0.884510 0.320416
vt 0.461752 0.473655
vt 0.461752 0.902197
vt 0.561825 0.739306
vt 0.561825 0.474084
vt 0.813542 0.407704
vt 0.813542 0.132977
vt 0.884538 0.132977
vt 0.884538 0.299016
vt 0.461745 0.897587
vt 0.413148 0.877737
vt 0.473614 0.428080
vt 0.407460 0.411695
vt 0.964344 0.518161
vt 0.964344 0.528895
vt 0.961974 0.528895
vt 0.961972 0.518161
vt 0.970702 0.528895
vt 0.970702 0.518161
vt 0.972912 0.518161
vt 0.972910 0.528895
vt 0.964874 0.567575
vt 0.966856 0.526004
vt 0.972105 0.526003
vt 0.969608 0.567560
vt 0.971282 0.524296
vt 0.973345 0.524303
vt 0.966349 0.520758
vt 0.962550 0.563268
vt 0.964841 0.560992
vt 0.968007 0.519098
vt 0.966268 0.571080
vt 0.968939 0.521546
vt 0.968939 0.531931
vt 0.972380 0.531845
vt 0.968724 0.518880
vt 0.968724 0.557095
vt 0.977051 0.557098
vt 0.977051 0.518878
vt 0.786651 0.010932
vt 0.544960 0.010932
vt 0.544960 0.083850
vt 0.786651 0.083850
vt 0.962066 0.518386
vt 0.962066 0.550659
vt 0.972366 0.550659
vt 0.972452 0.518386
vt 0.806636 0.076826
vt 0.524975 0.076826
vt 0.524971 0.010932
vt 0.806640 0.010932
vt 0.806640 0.083850
vt 0.806636 0.076826
vt 0.461745 0.471031
vt 0.489399 0.058677
vt 0.806640 0.010932
vt 0.930327 0.948581
vt 0.837988 0.948581
vt 0.846863 0.988410
vt 0.921452 0.988410
vt 0.117756 0.931102
vt 0.171504 0.984863
vt 0.177644 0.964741
vt 0.117756 0.902197
vt 0.569354 0.407704
vt 0.611867 0.459060
vt 0.607510 0.473344
vt 0.569354 0.435181
vt 0.045994 0.353793
vt 0.045996 0.320158
vt 0.008233 0.320158
vt 0.008227 0.353790
vt 0.151752 0.397433
vt 0.115284 0.397507
vt 0.117761 0.447973
vt 0.017648 0.447973
vt 0.017648 0.474084
vt 0.117761 0.473870
vt 0.498389 0.132977
vt 0.498389 0.092233
vt 0.017648 0.739306
vt 0.017648 0.769426
vt 0.083938 0.416433
vt 0.121633 0.416350
vt 0.498389 0.320416
vt 0.498389 0.299016
vt 0.117757 0.473655
vt 0.017686 0.474084
vt 0.017686 0.739306
vt 0.117757 0.902197
vt 0.569357 0.407704
vt 0.498361 0.299016
vt 0.498361 0.132977
vt 0.569357 0.132977
vt 0.119346 0.897587
vt 0.167944 0.877737
vt 0.225889 0.411695
vt 0.159736 0.428080
vt 0.964344 0.579816
vt 0.961972 0.579816
vt 0.961974 0.569083
vt 0.964344 0.569083
vt 0.970703 0.569083
vt 0.972910 0.569083
vt 0.972912 0.579817
vt 0.970702 0.579816
vt 0.968944 0.520035
vt 0.966654 0.522311
vt 0.962614 0.565076
vt 0.965146 0.562545
vt 0.976677 0.585890
vt 0.974613 0.585897
vt 0.968000 0.520363
vt 0.966181 0.518543
vt 0.969653 0.564477
vt 0.972164 0.566973
vt 0.966268 0.571080
vt 0.967756 0.521546
vt 0.964315 0.531845
vt 0.967756 0.531931
vt 0.961241 0.550659
vt 0.971626 0.550659
vt 0.971540 0.518386
vt 0.961241 0.518386
vt 0.524971 0.083850
vt 0.524975 0.076826
vt 0.119346 0.471031
vt 0.135137 0.058677
vt 0.524971 0.010932
vt 0.402136 0.959841
vt 0.178955 0.959841
vt 0.418970 0.494094
vt 0.214379 0.494094
vt 0.987517 0.952010
vt 0.967634 0.981478
vt 0.800525 0.981477
vt 0.780641 0.952010
vt 0.883388 0.932576
vt 0.883388 0.909878
vt 0.892285 0.909878
vt 0.920207 0.733593
vt 0.920206 0.909858
vt 0.892285 0.710015
vt 0.928785 0.909858
vt 0.928785 0.932576
vt 0.883388 0.690338
vt 0.933107 0.690338
vt 0.883388 0.710015
vt 0.933107 0.733593
vt 0.942327 0.692881
vt 0.960814 0.692881
vt 0.960814 0.908256
vt 0.942327 0.908256
vt 0.942652 0.692881
vt 0.961139 0.692881
vt 0.961139 0.908256
vt 0.942652 0.908256
vt 0.942938 0.692881
vt 0.986316 0.692881
vt 0.986316 0.908256
vt 0.942938 0.908256
vt 0.942413 0.692881
vt 0.985791 0.692881
vt 0.985791 0.908256
vt 0.942413 0.908256
vt 0.980370 0.654826
vt 0.980370 0.666959
vt 0.954355 0.666959
vt 0.954355 0.654826
vt 0.980370 0.673026
vt 0.954355 0.673026
vt 0.980370 0.666959
vt 0.954355 0.666959
vt 0.980370 0.654826
vt 0.954355 0.654826
vt 0.980370 0.648759
vt 0.954355 0.648759
vt 0.984686 0.650634
vt 0.984686 0.671151
vt 0.979300 0.668042
vt 0.979300 0.653744
vt 0.966918 0.681409
vt 0.966918 0.675191
vt 0.949149 0.671151
vt 0.954535 0.668042
vt 0.949149 0.650634
vt 0.954535 0.653744
vt 0.966918 0.640376
vt 0.966918 0.646595
vt 0.954355 0.656665
vt 0.954355 0.665121
vt 0.951204 0.665121
vt 0.951204 0.656665
vt 0.954355 0.669348
vt 0.951204 0.669348
vt 0.954355 0.665121
vt 0.951204 0.665121
vt 0.954355 0.656665
vt 0.951204 0.656665
vt 0.954355 0.652437
vt 0.951204 0.652437
vt 0.979300 0.653744
vt 0.979300 0.668042
vt 0.954535 0.653744
vt 0.966918 0.675191
vt 0.954535 0.668042
vt 0.966918 0.646595
vt 0.980370 0.654826
vt 0.980370 0.666959
vt 0.954355 0.666959
vt 0.954355 0.654826
vt 0.980370 0.673026
vt 0.954355 0.673026
vt 0.980370 0.666959
vt 0.954355 0.666959
vt 0.980370 0.654826
vt 0.954355 0.654826
vt 0.980370 0.648759
vt 0.954355 0.648759
vt 0.984686 0.650634
vt 0.984686 0.671151
vt 0.979300 0.668042
vt 0.979300 0.653744
vt 0.966918 0.681409
vt 0.966918 0.675191
vt 0.949149 0.671151
vt 0.954535 0.668042
vt 0.949149 0.650634
vt 0.954535 0.653744
vt 0.966918 0.640376
vt 0.966918 0.646595
vt 0.954355 0.656665
vt 0.954355 0.665121
vt 0.951204 0.665121
vt 0.951204 0.656665
vt 0.954355 0.669348
vt 0.951204 0.669348
vt 0.954355 0.665121
vt 0.951204 0.665121
vt 0.954355 0.656665
vt 0.951204 0.656665
vt 0.954355 0.652437
vt 0.951204 0.652437
vt 0.979300 0.653744
vt 0.979300 0.668042
vt 0.954535 0.653744
vt 0.966918 0.675191
vt 0.954535 0.668042
vt 0.966918 0.646595
vt 0.980370 0.654826
vt 0.980370 0.666959
vt 0.954355 0.666959
vt 0.954355 0.654826
vt 0.980370 0.673026
vt 0.954355 0.673026
vt 0.980370 0.666959
vt 0.954355 0.666959
vt 0.980370 0.654826
vt 0.954355 0.654826
vt 0.980370 0.648759
vt 0.954355 0.648759
vt 0.984686 0.650634
vt 0.984686 0.671151
vt 0.979300 0.668042
vt 0.979300 0.653744
vt 0.966918 0.681409
vt 0.966918 0.675191
vt 0.949149 0.671151
vt 0.954535 0.668042
vt 0.949149 0.650634
vt 0.954535 0.653744
vt 0.966918 0.640376
vt 0.966918 0.646595
vt 0.954355 0.656665
vt 0.954355 0.665121
vt 0.951204 0.665121
vt 0.951204 0.656665
vt 0.954355 0.669348
vt 0.951204 0.669348
vt 0.954355 0.665121
vt 0.951204 0.665121
vt 0.954355 0.656665
vt 0.951204 0.656665
vt 0.954355 0.652437
vt 0.951204 0.652437
vt 0.979300 0.653744
vt 0.979300 0.668042
vt 0.954535 0.653744
vt 0.966918 0.675191
vt 0.954535 0.668042
vt 0.966918 0.646595
vt 0.980370 0.654826
vt 0.980370 0.666959
vt 0.954355 0.666959
vt 0.954355 0.654826
vt 0.980370 0.673026
vt 0.954355 0.673026
vt 0.980370 0.666959
vt 0.954355 0.666959
vt 0.980370 0.654826
vt 0.954355 0.654826
vt 0.980370 0.648759
vt 0.954355 0.648759
vt 0.984686 0.650634
vt 0.984686 0.671151
vt 0.979300 0.668042
vt 0.979300 0.653744
vt 0.966918 0.681409
vt 0.966918 0.675191
vt 0.949149 0.671151
vt 0.954535 0.668042
vt 0.949149 0.650634
vt 0.954535 0.653744
vt 0.966918 0.640376
vt 0.966918 0.646595
vt 0.954355 0.656665
vt 0.954355 0.665121
vt 0.951204 0.665121
vt 0.951204 0.656665
vt 0.954355 0.669348
vt 0.951204 0.669348
vt 0.954355 0.665121
vt 0.951204 0.665121
vt 0.954355 0.656665
vt 0.951204 0.656665
vt 0.954355 0.652437
vt 0.951204 0.652437
vt 0.979300 0.653744
vt 0.979300 0.668042
vt 0.954535 0.653744
vt 0.966918 0.675191
vt 0.954535 0.668042
vt 0.966918 0.646595
vt 0.980370 0.654826
vt 0.980370 0.666959
vt 0.954355 0.666959
vt 0.954355 0.654826
vt 0.980370 0.673026
vt 0.954355 0.673026
vt 0.980370 0.666959
vt 0.954355 0.666959
vt 0.980370 0.654826
vt 0.954355 0.654826
vt 0.980370 0.648759
vt 0.954355 0.648759
vt 0.984686 0.650634
vt 0.984686 0.671151
vt 0.979300 0.668042
vt 0.979300 0.653744
vt 0.966918 0.681409
vt 0.966918 0.675191
vt 0.949149 0.671151
vt 0.954535 0.668042
vt 0.949149 0.650634
vt 0.954535 0.653744
vt 0.966918 0.640376
vt 0.966918 0.646595
vt 0.954355 0.656665
vt 0.954355 0.665121
vt 0.951204 0.665121
vt 0.951204 0.656665
vt 0.954355 0.669348
vt 0.951204 0.669348
vt 0.954355 0.665121
vt 0.951204 0.665121
vt 0.954355 0.656665
vt 0.951204 0.656665
vt 0.954355 0.652437
vt 0.951204 0.652437
vt 0.979300 0.653744
vt 0.979300 0.668042
vt 0.954535 0.653744
vt 0.966918 0.675191
vt 0.954535 0.668042
vt 0.966918 0.646595
vt 0.980370 0.654826
vt 0.980370 0.666959
vt 0.954355 0.666959
vt 0.954355 0.654826
vt 0.980370 0.673026
vt 0.954355 0.673026
vt 0.980370 0.666959
vt 0.954355 0.666959
vt 0.980370 0.654826
vt 0.954355 0.654826
vt 0.980370 0.648759
vt 0.954355 0.648759
vt 0.984686 0.650634
vt 0.984686 0.671151
vt 0.979300 0.668042
vt 0.979300 0.653744
vt 0.966918 0.681409
vt 0.966918 0.675191
vt 0.949149 0.671151
vt 0.954535 0.668042
vt 0.949149 0.650634
vt 0.954535 0.653744
vt 0.966918 0.640376
vt 0.966918 0.646595
vt 0.954355 0.656665
vt 0.954355 0.665121
vt 0.951204 0.665121
vt 0.951204 0.656665
vt 0.954355 0.669348
vt 0.951204 0.669348
vt 0.954355 0.665121
vt 0.951204 0.665121
vt 0.954355 0.656665
vt 0.951204 0.656665
vt 0.954355 0.652437
vt 0.951204 0.652437
vt 0.979300 0.653744
vt 0.979300 0.668042
vt 0.954535 0.653744
vt 0.966918 0.675191
vt 0.954535 0.668042
vt 0.966918 0.646595
vt 0.980370 0.654826
vt 0.980370 0.666959
vt 0.954355 0.666959
vt 0.954355 0.654826
vt 0.980370 0.673026
vt 0.954355 0.673026
vt 0.980370 0.666959
vt 0.954355 0.666959
vt 0.980370 0.654826
vt 0.954355 0.654826
vt 0.980370 0.648759
vt 0.954355 0.648759
vt 0.984686 0.650634
vt 0.984686 0.671151
vt 0.979300 0.668042
vt 0.979300 0.653744
vt 0.966918 0.681409
vt 0.966918 0.675191
vt 0.949149 0.671151
vt 0.954535 0.668042
vt 0.949149 0.650634
vt 0.954535 0.653744
vt 0.966918 0.640376
vt 0.966918 0.646595
vt 0.954355 0.656665
vt 0.954355 0.665121
vt 0.951204 0.665121
vt 0.951204 0.656665
vt 0.954355 0.669348
vt 0.951204 0.669348
vt 0.954355 0.665121
vt 0.951204 0.665121
vt 0.954355 0.656665
vt 0.951204 0.656665
vt 0.954355 0.652437
vt 0.951204 0.652437
vt 0.979300 0.653744
vt 0.979300 0.668042
vt 0.954535 0.653744
vt 0.966918 0.675191
vt 0.954535 0.668042
vt 0.966918 0.646595
vt 0.980988 0.612239
vt 0.980988 0.624760
vt 0.950137 0.624760
vt 0.950137 0.612239
vt 0.980784 0.613035
vt 0.980784 0.623879
vt 0.949933 0.623879
vt 0.949933 0.613035
vt 0.980988 0.613701
vt 0.980988 0.624545
vt 0.950137 0.624545
vt 0.950137 0.613701
vt 0.950137 0.624636
vt 0.950137 0.612115
vt 0.980988 0.612115
vt 0.980988 0.624636
vt 0.950477 0.624386
vt 0.950477 0.613543
vt 0.981328 0.613543
vt 0.981328 0.624387
vt 0.950477 0.624230
vt 0.950477 0.613386
vt 0.981328 0.613386
vt 0.981328 0.624229
vt 0.975961 0.602768
vt 0.985218 0.618800
vt 0.957448 0.602768
vt 0.975961 0.634833
vt 0.957448 0.634833
vt 0.948192 0.618800
vt 0.980988 0.612239
vt 0.980988 0.624760
vt 0.950137 0.624760
vt 0.950137 0.612239
vt 0.980784 0.613035
vt 0.980784 0.623879
vt 0.949933 0.623879
vt 0.949933 0.613035
vt 0.980988 0.613701
vt 0.980988 0.624545
vt 0.950137 0.624545
vt 0.950137 0.613701
vt 0.950137 0.624636
vt 0.950137 0.612115
vt 0.980988 0.612115
vt 0.980988 0.624636
vt 0.950477 0.624386
vt 0.950477 0.613543
vt 0.981328 0.613543
vt 0.981328 0.624387
vt 0.950477 0.624230
vt 0.950477 0.613386
vt 0.981328 0.613386
vt 0.981328 0.624229
vt 0.975961 0.602768
vt 0.985218 0.618800
vt 0.957448 0.602768
vt 0.975961 0.634833
vt 0.957448 0.634833
vt 0.948192 0.618800
vt 0.980988 0.612239
vt 0.980988 0.624760
vt 0.950137 0.624760
vt 0.950137 0.612239
vt 0.980784 0.613035
vt 0.980784 0.623879
vt 0.949933 0.623879
vt 0.949933 0.613035
vt 0.980988 0.613701
vt 0.980988 0.624545
vt 0.950137 0.624545
vt 0.950137 0.613701
vt 0.950137 0.624636
vt 0.950137 0.612115
vt 0.980988 0.612115
vt 0.980988 0.624636
vt 0.950477 0.624386
vt 0.950477 0.613543
vt 0.981328 0.613543
vt 0.981328 0.624387
vt 0.950477 0.624230
vt 0.950477 0.613386
vt 0.981328 0.613386
vt 0.981328 0.624229
vt 0.975961 0.602768
vt 0.985218 0.618800
vt 0.957448 0.602768
vt 0.975961 0.634833
vt 0.957448 0.634833
vt 0.948192 0.618800
vt 0.980988 0.612239
vt 0.980988 0.624760
vt 0.950137 0.624760
vt 0.950137 0.612239
vt 0.980784 0.613035
vt 0.980784 0.623879
vt 0.949933 0.623879
vt 0.949933 0.613035
vt 0.980988 0.613701
vt 0.980988 0.624545
vt 0.950137 0.624545
vt 0.950137 0.613701
vt 0.950137 0.624636
vt 0.950137 0.612115
vt 0.980988 0.612115
vt 0.980988 0.624636
vt 0.950477 0.624386
vt 0.950477 0.613543
vt 0.981328 0.613543
vt 0.981328 0.624387
vt 0.950477 0.624230
vt 0.950477 0.613386
vt 0.981328 0.613386
vt 0.981328 0.624229
vt 0.975961 0.602768
vt 0.985218 0.618800
vt 0.957448 0.602768
vt 0.975961 0.634833
vt 0.957448 0.634833
vt 0.948192 0.618800
vt 0.980370 0.654826
vt 0.980370 0.666959
vt 0.954355 0.666959
vt 0.954355 0.654826
vt 0.980370 0.673026
vt 0.954355 0.673026
vt 0.980370 0.666959
vt 0.954355 0.666959
vt 0.980370 0.654826
vt 0.954355 0.654826
vt 0.980370 0.648759
vt 0.954355 0.648759
vt 0.984686 0.650634
vt 0.984686 0.671151
vt 0.979300 0.668042
vt 0.979300 0.653744
vt 0.966918 0.681409
vt 0.966918 0.675191
vt 0.949149 0.671151
vt 0.954535 0.668042
vt 0.949149 0.650634
vt 0.954535 0.653744
vt 0.966918 0.640376
vt 0.966918 0.646595
vt 0.954355 0.656665
vt 0.954355 0.665121
vt 0.951204 0.665121
vt 0.951204 0.656665
vt 0.954355 0.669348
vt 0.951204 0.669348
vt 0.954355 0.665121
vt 0.951204 0.665121
vt 0.954355 0.656665
vt 0.951204 0.656665
vt 0.954355 0.652437
vt 0.951204 0.652437
vt 0.979300 0.653744
vt 0.979300 0.668042
vt 0.954535 0.653744
vt 0.966918 0.675191
vt 0.954535 0.668042
vt 0.966918 0.646595
vt 0.980370 0.654826
vt 0.980370 0.666959
vt 0.954355 0.666959
vt 0.954355 0.654826
vt 0.980370 0.673026
vt 0.954355 0.673026
vt 0.980370 0.666959
vt 0.954355 0.666959
vt 0.980370 0.654826
vt 0.954355 0.654826
vt 0.980370 0.648759
vt 0.954355 0.648759
vt 0.984686 0.650634
vt 0.984686 0.671151
vt 0.979300 0.668042
vt 0.979300 0.653744
vt 0.966918 0.681409
vt 0.966918 0.675191
vt 0.949149 0.671151
vt 0.954535 0.668042
vt 0.949149 0.650634
vt 0.954535 0.653744
vt 0.966918 0.640376
vt 0.966918 0.646595
vt 0.954355 0.656665
vt 0.954355 0.665121
vt 0.951204 0.665121
vt 0.951204 0.656665
vt 0.954355 0.669348
vt 0.951204 0.669348
vt 0.954355 0.665121
vt 0.951204 0.665121
vt 0.954355 0.656665
vt 0.951204 0.656665
vt 0.954355 0.652437
vt 0.951204 0.652437
vt 0.979300 0.653744
vt 0.979300 0.668042
vt 0.954535 0.653744
vt 0.966918 0.675191
vt 0.954535 0.668042
vt 0.966918 0.646595
vt 0.980370 0.654826
vt 0.980370 0.666959
vt 0.954355 0.666959
vt 0.954355 0.654826
vt 0.980370 0.673026
vt 0.954355 0.673026
vt 0.980370 0.666959
vt 0.954355 0.666959
vt 0.980370 0.654826
vt 0.954355 0.654826
vt 0.980370 0.648759
vt 0.954355 0.648759
vt 0.984686 0.650634
vt 0.984686 0.671151
vt 0.979300 0.668042
vt 0.979300 0.653744
vt 0.966918 0.681409
vt 0.966918 0.675191
vt 0.949149 0.671151
vt 0.954535 0.668042
vt 0.949149 0.650634
vt 0.954535 0.653744
vt 0.966918 0.640376
vt 0.966918 0.646595
vt 0.954355 0.656665
vt 0.954355 0.665121
vt 0.951204 0.665121
vt 0.951204 0.656665
vt 0.954355 0.669348
vt 0.951204 0.669348
vt 0.954355 0.665121
vt 0.951204 0.665121
vt 0.954355 0.656665
vt 0.951204 0.656665
vt 0.954355 0.652437
vt 0.951204 0.652437
vt 0.979300 0.653744
vt 0.979300 0.668042
vt 0.954535 0.653744
vt 0.966918 0.675191
vt 0.954535 0.668042
vt 0.966918 0.646595
vt 0.980370 0.654826
vt 0.980370 0.666959
vt 0.954355 0.666959
vt 0.954355 0.654826
vt 0.980370 0.673026
vt 0.954355 0.673026
vt 0.980370 0.666959
vt 0.954355 0.666959
vt 0.980370 0.654826
vt 0.954355 0.654826
vt 0.980370 0.648759
vt 0.954355 0.648759
vt 0.984686 0.650634
vt 0.984686 0.671151
vt 0.979300 0.668042
vt 0.979300 0.653744
vt 0.966918 0.681409
vt 0.966918 0.675191
vt 0.949149 0.671151
vt 0.954535 0.668042
vt 0.949149 0.650634
vt 0.954535 0.653744
vt 0.966918 0.640376
vt 0.966918 0.646595
vt 0.954355 0.656665
vt 0.954355 0.665121
vt 0.951204 0.665121
vt 0.951204 0.656665
vt 0.954355 0.669348
vt 0.951204 0.669348
vt 0.954355 0.665121
vt 0.951204 0.665121
vt 0.954355 0.656665
vt 0.951204 0.656665
vt 0.954355 0.652437
vt 0.951204 0.652437
vt 0.979300 0.653744
vt 0.979300 0.668042
vt 0.954535 0.653744
vt 0.966918 0.675191
vt 0.954535 0.668042
vt 0.966918 0.646595
vt 0.980370 0.654826
vt 0.980370 0.666959
vt 0.954355 0.666959
vt 0.954355 0.654826
vt 0.980370 0.673026
vt 0.954355 0.673026
vt 0.980370 0.666959
vt 0.954355 0.666959
vt 0.980370 0.654826
vt 0.954355 0.654826
vt 0.980370 0.648759
vt 0.954355 0.648759
vt 0.984686 0.650634
vt 0.984686 0.671151
vt 0.979300 0.668042
vt 0.979300 0.653744
vt 0.966918 0.681409
vt 0.966918 0.675191
vt 0.949149 0.671151
vt 0.954535 0.668042
vt 0.949149 0.650634
vt 0.954535 0.653744
vt 0.966918 0.640376
vt 0.966918 0.646595
vt 0.954355 0.656665
vt 0.954355 0.665121
vt 0.951204 0.665121
vt 0.951204 0.656665
vt 0.954355 0.669348
vt 0.951204 0.669348
vt 0.954355 0.665121
vt 0.951204 0.665121
vt 0.954355 0.656665
vt 0.951204 0.656665
vt 0.954355 0.652437
vt 0.951204 0.652437
vt 0.979300 0.653744
vt 0.979300 0.668042
vt 0.954535 0.653744
vt 0.966918 0.675191
vt 0.954535 0.668042
vt 0.966918 0.646595
vt 0.980370 0.654826
vt 0.980370 0.666959
vt 0.954355 0.666959
vt 0.954355 0.654826
vt 0.980370 0.673026
vt 0.954355 0.673026
vt 0.980370 0.666959
vt 0.954355 0.666959
vt 0.980370 0.654826
vt 0.954355 0.654826
vt 0.980370 0.648759
vt 0.954355 0.648759
vt 0.984686 0.650634
vt 0.984686 0.671151
vt 0.979300 0.668042
vt 0.979300 0.653744
vt 0.966918 0.681409
vt 0.966918 0.675191
vt 0.949149 0.671151
vt 0.954535 0.668042
vt 0.949149 0.650634
vt 0.954535 0.653744
vt 0.966918 0.640376
vt 0.966918 0.646595
vt 0.954355 0.656665
vt 0.954355 0.665121
vt 0.951204 0.665121
vt 0.951204 0.656665
vt 0.954355 0.669348
vt 0.951204 0.669348
vt 0.954355 0.665121
vt 0.951204 0.665121
vt 0.954355 0.656665
vt 0.951204 0.656665
vt 0.954355 0.652437
vt 0.951204 0.652437
vt 0.979300 0.653744
vt 0.979300 0.668042
vt 0.954535 0.653744
vt 0.966918 0.675191
vt 0.954535 0.668042
vt 0.966918 0.646595
vt 0.980370 0.654826
vt 0.980370 0.666959
vt 0.954355 0.666959
vt 0.954355 0.654826
vt 0.980370 0.673026
vt 0.954355 0.673026
vt 0.980370 0.666959
vt 0.954355 0.666959
vt 0.980370 0.654826
vt 0.954355 0.654826
vt 0.980370 0.648759
vt 0.954355 0.648759
vt 0.984686 0.650634
vt 0.984686 0.671151
vt 0.979300 0.668042
vt 0.979300 0.653744
vt 0.966918 0.681409
vt 0.966918 0.675191
vt 0.949149 0.671151
vt 0.954535 0.668042
vt 0.949149 0.650634
vt 0.954535 0.653744
vt 0.966918 0.640376
vt 0.966918 0.646595
vt 0.954355 0.656665
vt 0.954355 0.665121
vt 0.951204 0.665121
vt 0.951204 0.656665
vt 0.954355 0.669348
vt 0.951204 0.669348
vt 0.954355 0.665121
vt 0.951204 0.665121
vt 0.954355 0.656665
vt 0.951204 0.656665
vt 0.954355 0.652437
vt 0.951204 0.652437
vt 0.979300 0.653744
vt 0.979300 0.668042
vt 0.954535 0.653744
vt 0.966918 0.675191
vt 0.954535 0.668042
vt 0.966918 0.646595
vt 0.980370 0.654826
vt 0.980370 0.666959
vt 0.954355 0.666959
vt 0.954355 0.654826
vt 0.980370 0.673026
vt 0.954355 0.673026
vt 0.980370 0.666959
vt 0.954355 0.666959
vt 0.980370 0.654826
vt 0.954355 0.654826
vt 0.980370 0.648759
vt 0.954355 0.648759
vt 0.984686 0.650634
vt 0.984686 0.671151
vt 0.979300 0.668042
vt 0.979300 0.653744
vt 0.966918 0.681409
vt 0.966918 0.675191
vt 0.949149 0.671151
vt 0.954535 0.668042
vt 0.949149 0.650634
vt 0.954535 0.653744
vt 0.966918 0.640376
vt 0.966918 0.646595
vt 0.954355 0.656665
vt 0.954355 0.665121
vt 0.951204 0.665121
vt 0.951204 0.656665
vt 0.954355 0.669348
vt 0.951204 0.669348
vt 0.954355 0.665121
vt 0.951204 0.665121
vt 0.954355 0.656665
vt 0.951204 0.656665
vt 0.954355 0.652437
vt 0.951204 0.652437
vt 0.979300 0.653744
vt 0.979300 0.668042
vt 0.954535 0.653744
vt 0.966918 0.675191
vt 0.954535 0.668042
vt 0.966918 0.646595
vt 0.980988 0.612239
vt 0.980988 0.624760
vt 0.950137 0.624760
vt 0.950137 0.612239
vt 0.980784 0.613035
vt 0.980784 0.623879
vt 0.949933 0.623879
vt 0.949933 0.613035
vt 0.980988 0.613701
vt 0.980988 0.624545
vt 0.950137 0.624545
vt 0.950137 0.613701
vt 0.950137 0.624636
vt 0.950137 0.612115
vt 0.980988 0.612115
vt 0.980988 0.624636
vt 0.950477 0.624386
vt 0.950477 0.613543
vt 0.981328 0.613543
vt 0.981328 0.624387
vt 0.950477 0.624230
vt 0.950477 0.613386
vt 0.981328 0.613386
vt 0.981328 0.624229
vt 0.975961 0.602768
vt 0.985218 0.618800
vt 0.957448 0.602768
vt 0.975961 0.634833
vt 0.957448 0.634833
vt 0.948192 0.618800
vt 0.980988 0.612239
vt 0.980988 0.624760
vt 0.950137 0.624760
vt 0.950137 0.612239
vt 0.980784 0.613035
vt 0.980784 0.623879
vt 0.949933 0.623879
vt 0.949933 0.613035
vt 0.980988 0.613701
vt 0.980988 0.624545
vt 0.950137 0.624545
vt 0.950137 0.613701
vt 0.950137 0.624636
vt 0.950137 0.612115
vt 0.980988 0.612115
vt 0.980988 0.624636
vt 0.950477 0.624386
vt 0.950477 0.613543
vt 0.981328 0.613543
vt 0.981328 0.624387
vt 0.950477 0.624230
vt 0.950477 0.613386
vt 0.981328 0.613386
vt 0.981328 0.624229
vt 0.975961 0.602768
vt 0.985218 0.618800
vt 0.957448 0.602768
vt 0.975961 0.634833
vt 0.957448 0.634833
vt 0.948192 0.618800
vt 0.980988 0.612239
vt 0.980988 0.624760
vt 0.950137 0.624760
vt 0.950137 0.612239
vt 0.980784 0.613035
vt 0.980784 0.623879
vt 0.949933 0.623879
vt 0.949933 0.613035
vt 0.980988 0.613701
vt 0.980988 0.624545
vt 0.950137 0.624545
vt 0.950137 0.613701
vt 0.950137 0.624636
vt 0.950137 0.612115
vt 0.980988 0.612115
vt 0.980988 0.624636
vt 0.950477 0.624386
vt 0.950477 0.613543
vt 0.981328 0.613543
vt 0.981328 0.624387
vt 0.950477 0.624230
vt 0.950477 0.613386
vt 0.981328 0.613386
vt 0.981328 0.624229
vt 0.975961 0.602768
vt 0.985218 0.618800
vt 0.957448 0.602768
vt 0.975961 0.634833
vt 0.957448 0.634833
vt 0.948192 0.618800
vt 0.980988 0.612239
vt 0.980988 0.624760
vt 0.950137 0.624760
vt 0.950137 0.612239
vt 0.980784 0.613035
vt 0.980784 0.623879
vt 0.949933 0.623879
vt 0.949933 0.613035
vt 0.980988 0.613701
vt 0.980988 0.624545
vt 0.950137 0.624545
vt 0.950137 0.613701
vt 0.950137 0.624636
vt 0.950137 0.612115
vt 0.980988 0.612115
vt 0.980988 0.624636
vt 0.950477 0.624386
vt 0.950477 0.613543
vt 0.981328 0.613543
vt 0.981328 0.624387
vt 0.950477 0.624230
vt 0.950477 0.613386
vt 0.981328 0.613386
vt 0.981328 0.624229
vt 0.975961 0.602768
vt 0.985218 0.618800
vt 0.957448 0.602768
vt 0.975961 0.634833
vt 0.957448 0.634833
vt 0.948192 0.618800
vt 0.980988 0.612239
vt 0.980988 0.624760
vt 0.950137 0.624760
vt 0.950137 0.612239
vt 0.980784 0.613035
vt 0.980784 0.623879
vt 0.949933 0.623879
vt 0.949933 0.613035
vt 0.980988 0.613701
vt 0.980988 0.624545
vt 0.950137 0.624545
vt 0.950137 0.613701
vt 0.950137 0.624636
vt 0.950137 0.612115
vt 0.980988 0.612115
vt 0.980988 0.624636
vt 0.950477 0.624386
vt 0.950477 0.613543
vt 0.981328 0.613543
vt 0.981328 0.624387
vt 0.950477 0.624230
vt 0.950477 0.613386
vt 0.981328 0.613386
vt 0.981328 0.624229
vt 0.975961 0.602768
vt 0.985218 0.618800
vt 0.957448 0.602768
vt 0.975961 0.634833
vt 0.957448 0.634833
vt 0.948192 0.618800
vt 0.980988 0.612239
vt 0.980988 0.624760
vt 0.950137 0.624760
vt 0.950137 0.612239
vt 0.980784 0.613035
vt 0.980784 0.623879
vt 0.949933 0.623879
vt 0.949933 0.613035
vt 0.980988 0.613701
vt 0.980988 0.624545
vt 0.950137 0.624545
vt 0.950137 0.613701
vt 0.950137 0.624636
vt 0.950137 0.612115
vt 0.980988 0.612115
vt 0.980988 0.624636
vt 0.950477 0.624386
vt 0.950477 0.613543
vt 0.981328 0.613543
vt 0.981328 0.624387
vt 0.950477 0.624230
vt 0.950477 0.613386
vt 0.981328 0.613386
vt 0.981328 0.624229
vt 0.975961 0.602768
vt 0.985218 0.618800
vt 0.957448 0.602768
vt 0.975961 0.634833
vt 0.957448 0.634833
vt 0.948192 0.618800
vt 0.876495 0.619647
vt 0.876495 0.635908
vt 0.599342 0.635908
vt 0.599342 0.619648
vt 0.808362 0.638298
vt 0.808362 0.654558
vt 0.743831 0.654559
vt 0.743831 0.638298
vt 0.876495 0.637805
vt 0.876495 0.654065
vt 0.811964 0.654065
vt 0.811964 0.637805
vt 0.876495 0.486440
vt 0.876495 0.550970
vt 0.569240 0.550970
vt 0.599342 0.486440
vt 0.876495 0.553071
vt 0.876495 0.617602
vt 0.599342 0.617602
vt 0.569240 0.553071
vt 0.980988 0.612239
vt 0.980988 0.624760
vt 0.950137 0.624760
vt 0.950137 0.612239
vt 0.980784 0.613035
vt 0.980784 0.623879
vt 0.949933 0.623879
vt 0.949933 0.613035
vt 0.980988 0.613701
vt 0.980988 0.624545
vt 0.950137 0.624545
vt 0.950137 0.613701
vt 0.950137 0.624636
vt 0.950137 0.612115
vt 0.980988 0.612115
vt 0.980988 0.624636
vt 0.950477 0.624386
vt 0.950477 0.613543
vt 0.981328 0.613543
vt 0.981328 0.624387
vt 0.950477 0.624230
vt 0.950477 0.613386
vt 0.981328 0.613386
vt 0.981328 0.624229
vt 0.975961 0.602768
vt 0.985218 0.618800
vt 0.957448 0.602768
vt 0.975961 0.634833
vt 0.957448 0.634833
vt 0.948192 0.618800
vt 0.980988 0.612239
vt 0.980988 0.624760
vt 0.950137 0.624760
vt 0.950137 0.612239
vt 0.980784 0.613035
vt 0.980784 0.623879
vt 0.949933 0.623879
vt 0.949933 0.613035
vt 0.980988 0.613701
vt 0.980988 0.624545
vt 0.950137 0.624545
vt 0.950137 0.613701
vt 0.950137 0.624636
vt 0.950137 0.612115
vt 0.980988 0.612115
vt 0.980988 0.624636
vt 0.950477 0.624386
vt 0.950477 0.613543
vt 0.981328 0.613543
vt 0.981328 0.624387
vt 0.950477 0.624230
vt 0.950477 0.613386
vt 0.981328 0.613386
vt 0.981328 0.624229
vt 0.975961 0.602768
vt 0.985218 0.618800
vt 0.957448 0.602768
vt 0.975961 0.634833
vt 0.957448 0.634833
vt 0.948192 0.618800
vt 0.980988 0.612239
vt 0.980988 0.624760
vt 0.950137 0.624760
vt 0.950137 0.612239
vt 0.980784 0.613035
vt 0.980784 0.623879
vt 0.949933 0.623879
vt 0.949933 0.613035
vt 0.980988 0.613701
vt 0.980988 0.624545
vt 0.950137 0.624545
vt 0.950137 0.613701
vt 0.950137 0.624636
vt 0.950137 0.612115
vt 0.980988 0.612115
vt 0.980988 0.624636
vt 0.950477 0.624386
vt 0.950477 0.613543
vt 0.981328 0.613543
vt 0.981328 0.624387
vt 0.950477 0.624230
vt 0.950477 0.613386
vt 0.981328 0.613386
vt 0.981328 0.624229
vt 0.975961 0.602768
vt 0.985218 0.618800
vt 0.957448 0.602768
vt 0.975961 0.634833
vt 0.957448 0.634833
vt 0.948192 0.618800
vt 0.980988 0.612239
vt 0.980988 0.624760
vt 0.950137 0.624760
vt 0.950137 0.612239
vt 0.980784 0.613035
vt 0.980784 0.623879
vt 0.949933 0.623879
vt 0.949933 0.613035
vt 0.980988 0.613701
vt 0.980988 0.624545
vt 0.950137 0.624545
vt 0.950137 0.613701
vt 0.950137 0.624636
vt 0.950137 0.612115
vt 0.980988 0.612115
vt 0.980988 0.624636
vt 0.950477 0.624386
vt 0.950477 0.613543
vt 0.981328 0.613543
vt 0.981328 0.624387
vt 0.950477 0.624230
vt 0.950477 0.613386
vt 0.981328 0.613386
vt 0.981328 0.624229
vt 0.975961 0.602768
vt 0.985218 0.618800
vt 0.957448 0.602768
vt 0.975961 0.634833
vt 0.957448 0.634833
vt 0.948192 0.618800
vt 0.980988 0.612239
vt 0.980988 0.624760
vt 0.950137 0.624760
vt 0.950137 0.612239
vt 0.980784 0.613035
vt 0.980784 0.623879
vt 0.949933 0.623879
vt 0.949933 0.613035
vt 0.980988 0.613701
vt 0.980988 0.624545
vt 0.950137 0.624545
vt 0.950137 0.613701
vt 0.950137 0.624636
vt 0.950137 0.612115
vt 0.980988 0.612115
vt 0.980988 0.624636
vt 0.950477 0.624386
vt 0.950477 0.613543
vt 0.981328 0.613543
vt 0.981328 0.624387
vt 0.950477 0.624230
vt 0.950477 0.613386
vt 0.981328 0.613386
vt 0.981328 0.624229
vt 0.975961 0.602768
vt 0.985218 0.618800
vt 0.957448 0.602768
vt 0.975961 0.634833
vt 0.957448 0.634833
vt 0.948192 0.618800
vt 0.876495 0.619647
vt 0.599342 0.619648
vt 0.599342 0.635908
vt 0.876495 0.635908
vt 0.808362 0.638298
vt 0.743831 0.638298
vt 0.743831 0.654559
vt 0.808362 0.654558
vt 0.876495 0.637805
vt 0.811964 0.637805
vt 0.811964 0.654065
vt 0.876495 0.654065
vt 0.876495 0.486440
vt 0.599342 0.486440
vt 0.569240 0.550970
vt 0.876495 0.550970
vt 0.876495 0.553071
vt 0.569240 0.553071
vt 0.599342 0.617602
vt 0.876495 0.617602
vt 0.962104 0.573654
vt 0.967763 0.573654
vt 0.967763 0.524245
vt 0.962104 0.524245
vt 0.967763 0.573654
vt 0.962104 0.573654
vt 0.962104 0.524245
vt 0.967763 0.524245
vt 0.961735 0.518386
vt 0.961735 0.566366
vt 0.974257 0.566366
vt 0.974257 0.518386
vt 0.961300 0.518386
vt 0.961300 0.566366
vt 0.973822 0.566366
vt 0.973822 0.518386
vt 0.989762 0.078782
vt 0.976172 0.089796
vt 0.976172 0.269872
vt 0.989762 0.280886
vt 0.915877 0.269872
vt 0.902048 0.280886
vt 0.915877 0.089796
vt 0.902048 0.078782
vt 0.962104 0.526938
vt 0.967763 0.526938
vt 0.967763 0.570961
vt 0.962104 0.570961
vt 0.959384 0.567151
vt 0.977712 0.567151
vt 0.977712 0.518878
vt 0.959384 0.518878
vt 0.962104 0.570961
vt 0.967763 0.570961
vt 0.967763 0.526938
vt 0.962104 0.526938
vt 0.977830 0.518878
vt 0.959501 0.518878
vt 0.959501 0.567151
vt 0.977830 0.567151
vt 0.970695 0.569577
vt 0.973370 0.569577
vt 0.973370 0.528432
vt 0.970695 0.528433
vt 0.973370 0.569577
vt 0.970695 0.569577
vt 0.970695 0.528433
vt 0.973370 0.528432
vt 0.966520 0.518386
vt 0.966520 0.559664
vt 0.972439 0.559664
vt 0.972439 0.518386
vt 0.966685 0.518386
vt 0.966685 0.559664
vt 0.972603 0.559664
vt 0.972603 0.518386
vt 0.908359 0.095456
vt 0.922188 0.106471
vt 0.922188 0.252743
vt 0.908359 0.263757
vt 0.970232 0.252743
vt 0.983822 0.263757
vt 0.970232 0.106471
vt 0.983821 0.095456
vt 0.970695 0.531125
vt 0.973370 0.531125
vt 0.973370 0.566885
vt 0.970695 0.566885
vt 0.968982 0.557342
vt 0.977645 0.557342
vt 0.977645 0.518878
vt 0.968982 0.518878
vt 0.970695 0.566885
vt 0.973370 0.566885
vt 0.973370 0.531125
vt 0.970695 0.531125
vt 0.977331 0.518878
vt 0.968667 0.518878
vt 0.968667 0.557342
vt 0.977331 0.557342
vt 0.898870 0.291935
vt 0.898870 0.674513
vt 0.912410 0.674513
vt 0.912410 0.291935
vt 0.937029 0.300931
vt 0.937029 0.683508
vt 0.912803 0.672395
vt 0.912803 0.300931
vt 0.967850 0.576126
vt 0.961521 0.576126
vt 0.961521 0.518654
vt 0.967850 0.518654
vt 0.457882 0.952890
vt 0.457882 0.986298
vt 0.765233 0.986298
vt 0.765233 0.952890
vt 0.961521 0.576126
vt 0.967850 0.576126
vt 0.967850 0.518654
vt 0.961521 0.518654
vt 0.980370 0.654826
vt 0.954355 0.654826
vt 0.954355 0.666959
vt 0.980370 0.666959
vt 0.954355 0.673026
vt 0.980370 0.673026
vt 0.954355 0.666959
vt 0.980370 0.666959
vt 0.954355 0.654826
vt 0.980370 0.654826
vt 0.954355 0.648759
vt 0.980370 0.648759
vt 0.984686 0.650634
vt 0.979300 0.653744
vt 0.979300 0.668042
vt 0.984686 0.671151
vt 0.966918 0.675191
vt 0.966918 0.681409
vt 0.954535 0.668042
vt 0.949149 0.671151
vt 0.954535 0.653744
vt 0.949149 0.650634
vt 0.966918 0.646595
vt 0.966918 0.640376
vt 0.954355 0.656665
vt 0.951204 0.656665
vt 0.951204 0.665121
vt 0.954355 0.665121
vt 0.951204 0.669348
vt 0.954355 0.669348
vt 0.951204 0.665121
vt 0.954355 0.665121
vt 0.951204 0.656665
vt 0.954355 0.656665
vt 0.951204 0.652437
vt 0.954355 0.652437
vt 0.979300 0.653744
vt 0.954535 0.653744
vt 0.979300 0.668042
vt 0.966918 0.675191
vt 0.954535 0.668042
vt 0.966918 0.646595
vt 0.980988 0.612239
vt 0.950137 0.612239
vt 0.950137 0.624760
vt 0.980988 0.624760
vt 0.980784 0.613035
vt 0.949933 0.613035
vt 0.949933 0.623879
vt 0.980784 0.623879
vt 0.980988 0.613701
vt 0.950137 0.613701
vt 0.950137 0.624545
vt 0.980988 0.624545
vt 0.950137 0.624636
vt 0.980988 0.624636
vt 0.980988 0.612115
vt 0.950137 0.612115
vt 0.950477 0.624386
vt 0.981328 0.624387
vt 0.981328 0.613543
vt 0.950477 0.613543
vt 0.950477 0.624230
vt 0.981328 0.624229
vt 0.981328 0.613386
vt 0.950477 0.613386
vt 0.975961 0.602768
vt 0.957448 0.602768
vt 0.985218 0.618800
vt 0.975961 0.634833
vt 0.957448 0.634833
vt 0.948192 0.618800
vt 0.942413 0.692881
vt 0.942413 0.908256
vt 0.985791 0.908256
vt 0.985791 0.692881
vt 0.980370 0.654826
vt 0.954355 0.654826
vt 0.954355 0.666959
vt 0.980370 0.666959
vt 0.954355 0.673026
vt 0.980370 0.673026
vt 0.954355 0.666959
vt 0.980370 0.666959
vt 0.954355 0.654826
vt 0.980370 0.654826
vt 0.954355 0.648759
vt 0.980370 0.648759
vt 0.984686 0.650634
vt 0.979300 0.653744
vt 0.979300 0.668042
vt 0.984686 0.671151
vt 0.966918 0.675191
vt 0.966918 0.681409
vt 0.954535 0.668042
vt 0.949149 0.671151
vt 0.954535 0.653744
vt 0.949149 0.650634
vt 0.966918 0.646595
vt 0.966918 0.640376
vt 0.954355 0.656665
vt 0.951204 0.656665
vt 0.951204 0.665121
vt 0.954355 0.665121
vt 0.951204 0.669348
vt 0.954355 0.669348
vt 0.951204 0.665121
vt 0.954355 0.665121
vt 0.951204 0.656665
vt 0.954355 0.656665
vt 0.951204 0.652437
vt 0.954355 0.652437
vt 0.979300 0.653744
vt 0.954535 0.653744
vt 0.979300 0.668042
vt 0.966918 0.675191
vt 0.954535 0.668042
vt 0.966918 0.646595
vt 0.980370 0.654826
vt 0.954355 0.654826
vt 0.954355 0.666959
vt 0.980370 0.666959
vt 0.954355 0.673026
vt 0.980370 0.673026
vt 0.954355 0.666959
vt 0.980370 0.666959
vt 0.954355 0.654826
vt 0.980370 0.654826
vt 0.954355 0.648759
vt 0.980370 0.648759
vt 0.984686 0.650634
vt 0.979300 0.653744
vt 0.979300 0.668042
vt 0.984686 0.671151
vt 0.966918 0.675191
vt 0.966918 0.681409
vt 0.954535 0.668042
vt 0.949149 0.671151
vt 0.954535 0.653744
vt 0.949149 0.650634
vt 0.966918 0.646595
vt 0.966918 0.640376
vt 0.954355 0.656665
vt 0.951204 0.656665
vt 0.951204 0.665121
vt 0.954355 0.665121
vt 0.951204 0.669348
vt 0.954355 0.669348
vt 0.951204 0.665121
vt 0.954355 0.665121
vt 0.951204 0.656665
vt 0.954355 0.656665
vt 0.951204 0.652437
vt 0.954355 0.652437
vt 0.979300 0.653744
vt 0.954535 0.653744
vt 0.979300 0.668042
vt 0.966918 0.675191
vt 0.954535 0.668042
vt 0.966918 0.646595
vt 0.980370 0.654826
vt 0.954355 0.654826
vt 0.954355 0.666959
vt 0.980370 0.666959
vt 0.954355 0.673026
vt 0.980370 0.673026
vt 0.954355 0.666959
vt 0.980370 0.666959
vt 0.954355 0.654826
vt 0.980370 0.654826
vt 0.954355 0.648759
vt 0.980370 0.648759
vt 0.984686 0.650634
vt 0.979300 0.653744
vt 0.979300 0.668042
vt 0.984686 0.671151
vt 0.966918 0.675191
vt 0.966918 0.681409
vt 0.954535 0.668042
vt 0.949149 0.671151
vt 0.954535 0.653744
vt 0.949149 0.650634
vt 0.966918 0.646595
vt 0.966918 0.640376
vt 0.954355 0.656665
vt 0.951204 0.656665
vt 0.951204 0.665121
vt 0.954355 0.665121
vt 0.951204 0.669348
vt 0.954355 0.669348
vt 0.951204 0.665121
vt 0.954355 0.665121
vt 0.951204 0.656665
vt 0.954355 0.656665
vt 0.951204 0.652437
vt 0.954355 0.652437
vt 0.979300 0.653744
vt 0.954535 0.653744
vt 0.979300 0.668042
vt 0.966918 0.675191
vt 0.954535 0.668042
vt 0.966918 0.646595
vt 0.980370 0.654826
vt 0.954355 0.654826
vt 0.954355 0.666959
vt 0.980370 0.666959
vt 0.954355 0.673026
vt 0.980370 0.673026
vt 0.954355 0.666959
vt 0.980370 0.666959
vt 0.954355 0.654826
vt 0.980370 0.654826
vt 0.954355 0.648759
vt 0.980370 0.648759
vt 0.984686 0.650634
vt 0.979300 0.653744
vt 0.979300 0.668042
vt 0.984686 0.671151
vt 0.966918 0.675191
vt 0.966918 0.681409
vt 0.954535 0.668042
vt 0.949149 0.671151
vt 0.954535 0.653744
vt 0.949149 0.650634
vt 0.966918 0.646595
vt 0.966918 0.640376
vt 0.954355 0.656665
vt 0.951204 0.656665
vt 0.951204 0.665121
vt 0.954355 0.665121
vt 0.951204 0.669348
vt 0.954355 0.669348
vt 0.951204 0.665121
vt 0.954355 0.665121
vt 0.951204 0.656665
vt 0.954355 0.656665
vt 0.951204 0.652437
vt 0.954355 0.652437
vt 0.979300 0.653744
vt 0.954535 0.653744
vt 0.979300 0.668042
vt 0.966918 0.675191
vt 0.954535 0.668042
vt 0.966918 0.646595
vt 0.980370 0.654826
vt 0.954355 0.654826
vt 0.954355 0.666959
vt 0.980370 0.666959
vt 0.954355 0.673026
vt 0.980370 0.673026
vt 0.954355 0.666959
vt 0.980370 0.666959
vt 0.954355 0.654826
vt 0.980370 0.654826
vt 0.954355 0.648759
vt 0.980370 0.648759
vt 0.984686 0.650634
vt 0.979300 0.653744
vt 0.979300 0.668042
vt 0.984686 0.671151
vt 0.966918 0.675191
vt 0.966918 0.681409
vt 0.954535 0.668042
vt 0.949149 0.671151
vt 0.954535 0.653744
vt 0.949149 0.650634
vt 0.966918 0.646595
vt 0.966918 0.640376
vt 0.954355 0.656665
vt 0.951204 0.656665
vt 0.951204 0.665121
vt 0.954355 0.665121
vt 0.951204 0.669348
vt 0.954355 0.669348
vt 0.951204 0.665121
vt 0.954355 0.665121
vt 0.951204 0.656665
vt 0.954355 0.656665
vt 0.951204 0.652437
vt 0.954355 0.652437
vt 0.979300 0.653744
vt 0.954535 0.653744
vt 0.979300 0.668042
vt 0.966918 0.675191
vt 0.954535 0.668042
vt 0.966918 0.646595
vt 0.980370 0.654826
vt 0.954355 0.654826
vt 0.954355 0.666959
vt 0.980370 0.666959
vt 0.954355 0.673026
vt 0.980370 0.673026
vt 0.954355 0.666959
vt 0.980370 0.666959
vt 0.954355 0.654826
vt 0.980370 0.654826
vt 0.954355 0.648759
vt 0.980370 0.648759
vt 0.984686 0.650634
vt 0.979300 0.653744
vt 0.979300 0.668042
vt 0.984686 0.671151
vt 0.966918 0.675191
vt 0.966918 0.681409
vt 0.954535 0.668042
vt 0.949149 0.671151
vt 0.954535 0.653744
vt 0.949149 0.650634
vt 0.966918 0.646595
vt 0.966918 0.640376
vt 0.954355 0.656665
vt 0.951204 0.656665
vt 0.951204 0.665121
vt 0.954355 0.665121
vt 0.951204 0.669348
vt 0.954355 0.669348
vt 0.951204 0.665121
vt 0.954355 0.665121
vt 0.951204 0.656665
vt 0.954355 0.656665
vt 0.951204 0.652437
vt 0.954355 0.652437
vt 0.979300 0.653744
vt 0.954535 0.653744
vt 0.979300 0.668042
vt 0.966918 0.675191
vt 0.954535 0.668042
vt 0.966918 0.646595
vt 0.980370 0.654826
vt 0.954355 0.654826
vt 0.954355 0.666959
vt 0.980370 0.666959
vt 0.954355 0.673026
vt 0.980370 0.673026
vt 0.954355 0.666959
vt 0.980370 0.666959
vt 0.954355 0.654826
vt 0.980370 0.654826
vt 0.954355 0.648759
vt 0.980370 0.648759
vt 0.984686 0.650634
vt 0.979300 0.653744
vt 0.979300 0.668042
vt 0.984686 0.671151
vt 0.966918 0.675191
vt 0.966918 0.681409
vt 0.954535 0.668042
vt 0.949149 0.671151
vt 0.954535 0.653744
vt 0.949149 0.650634
vt 0.966918 0.646595
vt 0.966918 0.640376
vt 0.954355 0.656665
vt 0.951204 0.656665
vt 0.951204 0.665121
vt 0.954355 0.665121
vt 0.951204 0.669348
vt 0.954355 0.669348
vt 0.951204 0.665121
vt 0.954355 0.665121
vt 0.951204 0.656665
vt 0.954355 0.656665
vt 0.951204 0.652437
vt 0.954355 0.652437
vt 0.979300 0.653744
vt 0.954535 0.653744
vt 0.979300 0.668042
vt 0.966918 0.675191
vt 0.954535 0.668042
vt 0.966918 0.646595
vt 0.980988 0.612239
vt 0.950137 0.612239
vt 0.950137 0.624760
vt 0.980988 0.624760
vt 0.980784 0.613035
vt 0.949933 0.613035
vt 0.949933 0.623879
vt 0.980784 0.623879
vt 0.980988 0.613701
vt 0.950137 0.613701
vt 0.950137 0.624545
vt 0.980988 0.624545
vt 0.950137 0.624636
vt 0.980988 0.624636
vt 0.980988 0.612115
vt 0.950137 0.612115
vt 0.950477 0.624386
vt 0.981328 0.624387
vt 0.981328 0.613543
vt 0.950477 0.613543
vt 0.950477 0.624230
vt 0.981328 0.624229
vt 0.981328 0.613386
vt 0.950477 0.613386
vt 0.975961 0.602768
vt 0.957448 0.602768
vt 0.985218 0.618800
vt 0.975961 0.634833
vt 0.957448 0.634833
vt 0.948192 0.618800
vt 0.980988 0.612239
vt 0.950137 0.612239
vt 0.950137 0.624760
vt 0.980988 0.624760
vt 0.980784 0.613035
vt 0.949933 0.613035
vt 0.949933 0.623879
vt 0.980784 0.623879
vt 0.980988 0.613701
vt 0.950137 0.613701
vt 0.950137 0.624545
vt 0.980988 0.624545
vt 0.950137 0.624636
vt 0.980988 0.624636
vt 0.980988 0.612115
vt 0.950137 0.612115
vt 0.950477 0.624386
vt 0.981328 0.624387
vt 0.981328 0.613543
vt 0.950477 0.613543
vt 0.950477 0.624230
vt 0.981328 0.624229
vt 0.981328 0.613386
vt 0.950477 0.613386
vt 0.975961 0.602768
vt 0.957448 0.602768
vt 0.985218 0.618800
vt 0.975961 0.634833
vt 0.957448 0.634833
vt 0.948192 0.618800
vt 0.980988 0.612239
vt 0.950137 0.612239
vt 0.950137 0.624760
vt 0.980988 0.624760
vt 0.980784 0.613035
vt 0.949933 0.613035
vt 0.949933 0.623879
vt 0.980784 0.623879
vt 0.980988 0.613701
vt 0.950137 0.613701
vt 0.950137 0.624545
vt 0.980988 0.624545
vt 0.950137 0.624636
vt 0.980988 0.624636
vt 0.980988 0.612115
vt 0.950137 0.612115
vt 0.950477 0.624386
vt 0.981328 0.624387
vt 0.981328 0.613543
vt 0.950477 0.613543
vt 0.950477 0.624230
vt 0.981328 0.624229
vt 0.981328 0.613386
vt 0.950477 0.613386
vt 0.975961 0.602768
vt 0.957448 0.602768
vt 0.985218 0.618800
vt 0.975961 0.634833
vt 0.957448 0.634833
vt 0.948192 0.618800
vt 0.980988 0.612239
vt 0.950137 0.612239
vt 0.950137 0.624760
vt 0.980988 0.624760
vt 0.980784 0.613035
vt 0.949933 0.613035
vt 0.949933 0.623879
vt 0.980784 0.623879
vt 0.980988 0.613701
vt 0.950137 0.613701
vt 0.950137 0.624545
vt 0.980988 0.624545
vt 0.950137 0.624636
vt 0.980988 0.624636
vt 0.980988 0.612115
vt 0.950137 0.612115
vt 0.950477 0.624386
vt 0.981328 0.624387
vt 0.981328 0.613543
vt 0.950477 0.613543
vt 0.950477 0.624230
vt 0.981328 0.624229
vt 0.981328 0.613386
vt 0.950477 0.613386
vt 0.975961 0.602768
vt 0.957448 0.602768
vt 0.985218 0.618800
vt 0.975961 0.634833
vt 0.957448 0.634833
vt 0.948192 0.618800
vt 0.980988 0.612239
vt 0.950137 0.612239
vt 0.950137 0.624760
vt 0.980988 0.624760
vt 0.980784 0.613035
vt 0.949933 0.613035
vt 0.949933 0.623879
vt 0.980784 0.623879
vt 0.980988 0.613701
vt 0.950137 0.613701
vt 0.950137 0.624545
vt 0.980988 0.624545
vt 0.950137 0.624636
vt 0.980988 0.624636
vt 0.980988 0.612115
vt 0.950137 0.612115
vt 0.950477 0.624386
vt 0.981328 0.624387
vt 0.981328 0.613543
vt 0.950477 0.613543
vt 0.950477 0.624230
vt 0.981328 0.624229
vt 0.981328 0.613386
vt 0.950477 0.613386
vt 0.975961 0.602768
vt 0.957448 0.602768
vt 0.985218 0.618800
vt 0.975961 0.634833
vt 0.957448 0.634833
vt 0.948192 0.618800
vt 0.980988 0.612239
vt 0.950137 0.612239
vt 0.950137 0.624760
vt 0.980988 0.624760
vt 0.980784 0.613035
vt 0.949933 0.613035
vt 0.949933 0.623879
vt 0.980784 0.623879
vt 0.980988 0.613701
vt 0.950137 0.613701
vt 0.950137 0.624545
vt 0.980988 0.624545
vt 0.950137 0.624636
vt 0.980988 0.624636
vt 0.980988 0.612115
vt 0.950137 0.612115
vt 0.950477 0.624386
vt 0.981328 0.624387
vt 0.981328 0.613543
vt 0.950477 0.613543
vt 0.950477 0.624230
vt 0.981328 0.624229
vt 0.981328 0.613386
vt 0.950477 0.613386
vt 0.975961 0.602768
vt 0.957448 0.602768
vt 0.985218 0.618800
vt 0.975961 0.634833
vt 0.957448 0.634833
vt 0.948192 0.618800
vt 0.980988 0.612239
vt 0.950137 0.612239
vt 0.950137 0.624760
vt 0.980988 0.624760
vt 0.980784 0.613035
vt 0.949933 0.613035
vt 0.949933 0.623879
vt 0.980784 0.623879
vt 0.980988 0.613701
vt 0.950137 0.613701
vt 0.950137 0.624545
vt 0.980988 0.624545
vt 0.950137 0.624636
vt 0.980988 0.624636
vt 0.980988 0.612115
vt 0.950137 0.612115
vt 0.950477 0.624386
vt 0.981328 0.624387
vt 0.981328 0.613543
vt 0.950477 0.613543
vt 0.950477 0.624230
vt 0.981328 0.624229
vt 0.981328 0.613386
vt 0.950477 0.613386
vt 0.975961 0.602768
vt 0.957448 0.602768
vt 0.985218 0.618800
vt 0.975961 0.634833
vt 0.957448 0.634833
vt 0.948192 0.618800
vt 0.980988 0.612239
vt 0.950137 0.612239
vt 0.950137 0.624760
vt 0.980988 0.624760
vt 0.980784 0.613035
vt 0.949933 0.613035
vt 0.949933 0.623879
vt 0.980784 0.623879
vt 0.980988 0.613701
vt 0.950137 0.613701
vt 0.950137 0.624545
vt 0.980988 0.624545
vt 0.950137 0.624636
vt 0.980988 0.624636
vt 0.980988 0.612115
vt 0.950137 0.612115
vt 0.950477 0.624386
vt 0.981328 0.624387
vt 0.981328 0.613543
vt 0.950477 0.613543
vt 0.950477 0.624230
vt 0.981328 0.624229
vt 0.981328 0.613386
vt 0.950477 0.613386
vt 0.975961 0.602768
vt 0.957448 0.602768
vt 0.985218 0.618800
vt 0.975961 0.634833
vt 0.957448 0.634833
vt 0.948192 0.618800
vt 0.980988 0.612239
vt 0.950137 0.612239
vt 0.950137 0.624760
vt 0.980988 0.624760
vt 0.980784 0.613035
vt 0.949933 0.613035
vt 0.949933 0.623879
vt 0.980784 0.623879
vt 0.980988 0.613701
vt 0.950137 0.613701
vt 0.950137 0.624545
vt 0.980988 0.624545
vt 0.950137 0.624636
vt 0.980988 0.624636
vt 0.980988 0.612115
vt 0.950137 0.612115
vt 0.950477 0.624386
vt 0.981328 0.624387
vt 0.981328 0.613543
vt 0.950477 0.613543
vt 0.950477 0.624230
vt 0.981328 0.624229
vt 0.981328 0.613386
vt 0.950477 0.613386
vt 0.975961 0.602768
vt 0.957448 0.602768
vt 0.985218 0.618800
vt 0.975961 0.634833
vt 0.957448 0.634833
vt 0.948192 0.618800
vt 0.980988 0.612239
vt 0.950137 0.612239
vt 0.950137 0.624760
vt 0.980988 0.624760
vt 0.980784 0.613035
vt 0.949933 0.613035
vt 0.949933 0.623879
vt 0.980784 0.623879
vt 0.980988 0.613701
vt 0.950137 0.613701
vt 0.950137 0.624545
vt 0.980988 0.624545
vt 0.950137 0.624636
vt 0.980988 0.624636
vt 0.980988 0.612115
vt 0.950137 0.612115
vt 0.950477 0.624386
vt 0.981328 0.624387
vt 0.981328 0.613543
vt 0.950477 0.613543
vt 0.950477 0.624230
vt 0.981328 0.624229
vt 0.981328 0.613386
vt 0.950477 0.613386
vt 0.975961 0.602768
vt 0.957448 0.602768
vt 0.985218 0.618800
vt 0.975961 0.634833
vt 0.957448 0.634833
vt 0.948192 0.618800
vt 0.876495 0.619647
vt 0.599342 0.619648
vt 0.599342 0.635908
vt 0.876495 0.635908
vt 0.808362 0.638298
vt 0.743831 0.638298
vt 0.743831 0.654559
vt 0.808362 0.654558
vt 0.876495 0.637805
vt 0.811964 0.637805
vt 0.811964 0.654065
vt 0.876495 0.654065
vt 0.876495 0.486440
vt 0.599342 0.486440
vt 0.569240 0.550970
vt 0.876495 0.550970
vt 0.876495 0.553071
vt 0.569240 0.553071
vt 0.599342 0.617602
vt 0.876495 0.617602
vt 0.980988 0.612239
vt 0.950137 0.612239
vt 0.950137 0.624760
vt 0.980988 0.624760
vt 0.980784 0.613035
vt 0.949933 0.613035
vt 0.949933 0.623879
vt 0.980784 0.623879
vt 0.980988 0.613701
vt 0.950137 0.613701
vt 0.950137 0.624545
vt 0.980988 0.624545
vt 0.950137 0.624636
vt 0.980988 0.624636
vt 0.980988 0.612115
vt 0.950137 0.612115
vt 0.950477 0.624386
vt 0.981328 0.624387
vt 0.981328 0.613543
vt 0.950477 0.613543
vt 0.950477 0.624230
vt 0.981328 0.624229
vt 0.981328 0.613386
vt 0.950477 0.613386
vt 0.975961 0.602768
vt 0.957448 0.602768
vt 0.985218 0.618800
vt 0.975961 0.634833
vt 0.957448 0.634833
vt 0.948192 0.618800
vt 0.980988 0.612239
vt 0.950137 0.612239
vt 0.950137 0.624760
vt 0.980988 0.624760
vt 0.980784 0.613035
vt 0.949933 0.613035
vt 0.949933 0.623879
vt 0.980784 0.623879
vt 0.980988 0.613701
vt 0.950137 0.613701
vt 0.950137 0.624545
vt 0.980988 0.624545
vt 0.950137 0.624636
vt 0.980988 0.624636
vt 0.980988 0.612115
vt 0.950137 0.612115
vt 0.950477 0.624386
vt 0.981328 0.624387
vt 0.981328 0.613543
vt 0.950477 0.613543
vt 0.950477 0.624230
vt 0.981328 0.624229
vt 0.981328 0.613386
vt 0.950477 0.613386
vt 0.975961 0.602768
vt 0.957448 0.602768
vt 0.985218 0.618800
vt 0.975961 0.634833
vt 0.957448 0.634833
vt 0.948192 0.618800
vt 0.980988 0.612239
vt 0.950137 0.612239
vt 0.950137 0.624760
vt 0.980988 0.624760
vt 0.980784 0.613035
vt 0.949933 0.613035
vt 0.949933 0.623879
vt 0.980784 0.623879
vt 0.980988 0.613701
vt 0.950137 0.613701
vt 0.950137 0.624545
vt 0.980988 0.624545
vt 0.950137 0.624636
vt 0.980988 0.624636
vt 0.980988 0.612115
vt 0.950137 0.612115
vt 0.950477 0.624386
vt 0.981328 0.624387
vt 0.981328 0.613543
vt 0.950477 0.613543
vt 0.950477 0.624230
vt 0.981328 0.624229
vt 0.981328 0.613386
vt 0.950477 0.613386
vt 0.975961 0.602768
vt 0.957448 0.602768
vt 0.985218 0.618800
vt 0.975961 0.634833
vt 0.957448 0.634833
vt 0.948192 0.618800
vt 0.980988 0.612239
vt 0.950137 0.612239
vt 0.950137 0.624760
vt 0.980988 0.624760
vt 0.980784 0.613035
vt 0.949933 0.613035
vt 0.949933 0.623879
vt 0.980784 0.623879
vt 0.980988 0.613701
vt 0.950137 0.613701
vt 0.950137 0.624545
vt 0.980988 0.624545
vt 0.950137 0.624636
vt 0.980988 0.624636
vt 0.980988 0.612115
vt 0.950137 0.612115
vt 0.950477 0.624386
vt 0.981328 0.624387
vt 0.981328 0.613543
vt 0.950477 0.613543
vt 0.950477 0.624230
vt 0.981328 0.624229
vt 0.981328 0.613386
vt 0.950477 0.613386
vt 0.975961 0.602768
vt 0.957448 0.602768
vt 0.985218 0.618800
vt 0.975961 0.634833
vt 0.957448 0.634833
vt 0.948192 0.618800
vt 0.980988 0.612239
vt 0.950137 0.612239
vt 0.950137 0.624760
vt 0.980988 0.624760
vt 0.980784 0.613035
vt 0.949933 0.613035
vt 0.949933 0.623879
vt 0.980784 0.623879
vt 0.980988 0.613701
vt 0.950137 0.613701
vt 0.950137 0.624545
vt 0.980988 0.624545
vt 0.950137 0.624636
vt 0.980988 0.624636
vt 0.980988 0.612115
vt 0.950137 0.612115
vt 0.950477 0.624386
vt 0.981328 0.624387
vt 0.981328 0.613543
vt 0.950477 0.613543
vt 0.950477 0.624230
vt 0.981328 0.624229
vt 0.981328 0.613386
vt 0.950477 0.613386
vt 0.975961 0.602768
vt 0.957448 0.602768
vt 0.985218 0.618800
vt 0.975961 0.634833
vt 0.957448 0.634833
vt 0.948192 0.618800
vt 0.942327 0.692881
vt 0.960814 0.692881
vt 0.960814 0.908256
vt 0.942327 0.908256
vt 0.942652 0.692881
vt 0.961139 0.692881
vt 0.961139 0.908256
vt 0.942652 0.908256
vt 0.942938 0.692881
vt 0.986316 0.692881
vt 0.986316 0.908256
vt 0.942938 0.908256
vt 0.942413 0.692881
vt 0.985791 0.692881
vt 0.985791 0.908256
vt 0.942413 0.908256
vt 0.898870 0.291935
vt 0.912410 0.291935
vt 0.912410 0.674513
vt 0.898870 0.674513
vt 0.937029 0.300931
vt 0.912803 0.300931
vt 0.912803 0.672395
vt 0.937029 0.683508
vt 0.898870 0.291935
vt 0.912410 0.291935
vt 0.912410 0.674513
vt 0.898870 0.674513
vt 0.937029 0.300931
vt 0.912803 0.300931
vt 0.912803 0.672395
vt 0.937029 0.683508
vn 0.000000 0.000000 1.000000
vn 0.000000 0.000000 1.000000
vn 0.000000 0.000000 1.000000
vn 0.000000 0.000000 1.000000
vn 0.000000 0.906249 0.422744
vn 0.000000 0.906249 0.422744
vn 0.000000 0.906249 0.422744
vn 0.000000 0.906249 0.422744
vn 0.000000 -1.000000 0.000000
vn 0.000000 -1.000000 0.000000
vn 0.000000 -1.000000 0.000000
vn 0.000000 -1.000000 0.000000
vn 1.000000 0.000000 0.000000
vn 1.000000 0.000000 0.000000
vn 1.000000 0.000000 0.000000
vn 1.000000 0.000000 0.000000
vn -1.000000 0.000000 0.000000
vn -1.000000 0.000000 0.000000
vn -1.000000 0.000000 0.000000
vn -1.000000 0.000000 0.000000
vn 0.000000 1.000000 0.000000
vn 0.000000 1.000000 0.000000
vn 0.000000 1.000000 0.000000
vn 0.000000 1.000000 0.000000
vn 0.000000 -1.000000 0.000000
vn 0.000000 -1.000000 0.000000
vn 0.000000 -1.000000 0.000000
vn 0.000000 -1.000000 0.000000
vn 1.000000 0.000000 0.000000
vn 1.000000 0.000000 0.000000
vn 1.000000 0.000000 0.000000
vn 1.000000 0.000000 0.000000
vn -1.000000 0.000000 0.000000
vn -1.000000 0.000000 0.000000
vn -1.000000 0.000000 0.000000
vn -1.000000 0.000000 0.000000
vn -0.000003 -0.000011 1.000000
vn 0.000003 -0.000011 1.000000
vn 0.000004 -0.000010 1.000000
vn -0.000004 -0.000010 1.000000
vn 0.000003 0.000011 1.000000
vn 0.000004 0.000010 1.000000
vn -0.000003 0.000011 1.000000
vn -0.000004 0.000010 1.000000
vn 0.000000 -1.000000 0.000000
vn 0.000000 -1.000000 0.000000
vn 0.000000 -1.000000 0.000000
vn 0.000000 -1.000000 0.000000
vn 1.000000 0.000000 0.000000
vn 1.000000 0.000000 0.000000
vn 1.000000 0.000000 0.000000
vn 1.000000 0.000000 0.000000
vn 0.000000 1.000000 0.000000
vn 0.000000 1.000000 0.000000
vn 0.000000 1.000000 0.000000
vn 0.000000 1.000000 0.000000
vn -1.000000 0.000000 0.000000
vn -1.000000 0.000000 0.000000
vn -1.000000 0.000000 0.000000
vn -1.000000 0.000000 0.000000
vn 0.000000 1.000000 0.000000
vn 0.000000 1.000000 0.000000
vn 0.000000 1.000000 0.000000
vn 0.000000 1.000000 0.000000
vn 0.000000 -1.000000 0.000000
vn 0.000000 -1.000000 0.000000
vn 0.000000 -1.000000 0.000000
vn 0.000000 -1.000000 0.000000
vn 1.000000 0.000000 0.000000
vn 1.000000 0.000000 0.000000
vn 1.000000 0.000000 0.000000
vn 1.000000 0.000000 0.000000
vn -1.000000 0.000000 0.000000
vn -1.000000 0.000000 0.000000
vn -1.000000 0.000000 0.000000
vn -1.000000 0.000000 0.000000
vn 0.000003 -0.000011 -1.000000
vn -0.000003 -0.000011 -1.000000
vn -0.000004 -0.000010 -1.000000
vn 0.000004 -0.000010 -1.000000
vn -0.000003 0.000011 -1.000000
vn -0.000004 0.000010 -1.000000
vn 0.000003 0.000011 -1.000000
vn 0.000004 0.000010 -1.000000
vn 0.000000 -1.000000 0.000000
vn 0.000000 -1.000000 0.000000
vn 0.000000 -1.000000 0.000000
vn 0.000000 -1.000000 0.000000
vn 1.000000 0.000000 0.000000
vn 1.000000 0.000000 0.000000
vn 1.000000 0.000000 0.000000
vn 1.000000 0.000000 0.000000
vn 0.000000 1.000000 0.000000
vn 0.000000 1.000000 0.000000
vn 0.000000 1.000000 0.000000
vn 0.000000 1.000000 0.000000
vn -1.000000 0.000000 0.000000
vn -1.000000 0.000000 0.000000
vn -1.000000 0.000000 0.000000
vn -1.000000 0.000000 0.000000
vn 1.000000 0.000000 0.000000
vn 1.000000 0.000000 0.000000
vn 1.000000 0.000000 0.000000
vn 1.000000 0.000000 0.000000
vn 0.000000 0.000000 -1.000000
vn 0.000000 0.000000 -1.000000
vn 0.000000 0.000000 -1.000000
vn 0.000000 0.000000 -1.000000
vn 0.000000 -1.000000 0.000000
vn 0.000000 -1.000000 0.000000
vn 0.000000 -1.000000 0.000000
vn 0.000000 -1.000000 0.000000
vn 0.000000 0.000000 1.000000
vn 0.000000 0.000000 1.000000
vn 0.000000 0.000000 1.000000
vn 0.000000 0.000000 1.000000
vn 0.000000 1.000000 0.000000
vn 0.000000 1.000000 0.000000
vn 0.000000 1.000000 0.000000
vn 0.000000 1.000000 0.000000
vn 0.000000 1.000000 0.000000
vn 0.000000 1.000000 0.000000
vn 0.000000 1.000000 0.000000
vn 0.000000 1.000000 0.000000
vn -0.866028 0.499995 0.000000
vn -0.866028 0.499995 0.000000
vn -0.866028 0.499995 0.000000
vn -0.866028 0.499995 0.000000
vn -0.866028 -0.499995 0.000000
vn -0.866028 -0.499995 0.000000
vn -0.866028 -0.499995 0.000000
vn -0.866028 -0.499995 0.000000
vn 0.000000 -1.000000 0.000000
vn 0.000000 -1.000000 0.000000
vn 0.000000 -1.000000 0.000000
vn 0.000000 -1.000000 0.000000
vn 0.866025 -0.500000 0.000000
vn 0.866025 -0.500000 0.000000
vn 0.866025 -0.500000 0.000000
vn 0.866025 -0.500000 0.000000
vn 0.866025 0.500000 0.000000
vn 0.866025 0.500000 0.000000
vn 0.866025 0.500000 0.000000
vn 0.866025 0.500000 0.000000
vn 0.000000 0.000000 1.000000
vn 0.000000 0.000000 1.000000
vn 0.000000 0.000000 1.000000
vn 0.000000 0.000000 1.000000
vn 0.000000 0.000000 1.000000
vn 0.000000 0.000000 1.000000
vn 0.000000 0.000000 1.000000
vn 0.000000 0.000000 1.000000
vn 0.000001 0.000000 1.000000
vn 0.000001 0.000000 1.000000
vn 0.000001 0.000000 1.000000
vn 0.000001 0.000000 1.000000
vn 0.000000 0.000000 1.000000
vn 0.000000 0.000000 1.000000
vn 0.000000 0.000000 1.000000
vn 0.000000 0.000000 1.000000
vn -0.000000 0.000000 1.000000
vn -0.000000 0.000000 1.000000
vn -0.000000 0.000000 1.000000
vn -0.000000 0.000000 1.000000
vn -0.000001 0.000000 1.000000
vn -0.000001 0.000000 1.000000
vn -0.000001 0.000000 1.000000
vn -0.000001 0.000000 1.000000
vn 0.000000 1.000000 0.000000
vn 0.000000 1.000000 0.000000
vn 0.000000 1.000000 0.000000
vn 0.000000 1.000000 0.000000
vn -0.866025 0.500001 0.000000
vn -0.866025 0.500001 0.000000
vn -0.866025 0.500001 0.000000
vn -0.866025 0.500001 0.000000
vn -0.866025 -0.500001 0.000000
vn -0.866025 -0.500001 0.000000
vn -0.866025 -0.500001 0.000000
vn -0.866025 -0.500001 0.000000
vn 0.000000 -1.000000 0.000000
vn 0.000000 -1.000000 0.000000
vn 0.000000 -1.000000 0.000000
vn 0.000000 -1.000000 0.000000
vn 0.866025 -0.500001 0.000000
vn 0.866025 -0.500001 0.000000
vn 0.866025 -0.500001 0.000000
vn 0.866025 -0.500001 0.000000
vn 0.866025 0.500001 0.000000
vn 0.866025 0.500001 0.000000
vn 0.866025 0.500001 0.000000
vn 0.866025 0.500001 0.000000
vn 0.000000 0.000000 1.000000
vn 0.000000 0.000000 1.000000
vn 0.000000 0.000000 1.000000
vn 0.000000 0.000000 1.000000
vn 0.000000 0.000000 1.000000
vn 0.000000 0.000000 1.000000
vn 0.000000 0.000000 1.000000
vn 0.000000 0.000000 1.000000
vn 0.000000 0.000000 1.000000
vn 0.000000 0.000000 1.000000
vn 0.000000 0.000000 1.000000
vn 0.000000 0.000000 1.000000
vn 0.500000 0.866026 0.000000
vn -0.500001 0.866025 0.000000
vn -0.500001 0.866025 0.000000
vn 0.500000 0.866026 0.000000
vn -1.000000 0.000000 0.000000
vn -1.000000 0.000000 0.000000
vn -0.500001 -0.866025 0.000000
vn -0.500001 -0.866025 0.000000
vn 0.500000 -0.866026 0.000000
vn 0.500000 -0.866026 0.000000
vn 1.000000 0.000000 0.000000
vn 1.000000 0.000000 0.000000
vn 0.000000 0.000000 1.000000
vn 0.000000 0.000000 1.000000
vn 0.000000 0.000000 1.000000
vn 0.000000 0.000000 1.000000
vn 0.000000 0.000000 1.000000
vn 0.000000 0.000000 1.000000
vn 0.000000 0.976061 0.217496
vn 0.000000 0.976061 0.217496
vn 0.000000 0.976061 0.217496
vn 0.000000 0.976061 0.217496
vn 0.000000 0.000001 -1.000000
vn 0.000000 0.000001 -1.000000
vn 0.000000 0.000001 -1.000000
vn 0.000000 0.000001 -1.000000
vn 0.000000 -1.000000 0.000000
vn 0.000000 -1.000000 0.000000
vn -0.000000 -1.000000 0.000000
vn -0.000000 -1.000000 0.000000
vn 0.000000 -0.000006 1.000000
vn 0.000000 -0.000006 1.000000
vn -0.000000 -0.000006 1.000000
vn -0.000000 -0.000006 1.000000
vn 0.000000 -0.000000 -1.000000
vn 0.000000 -0.000000 -1.000000
vn -0.000000 -0.000000 -1.000000
vn -0.000000 -0.000000 -1.000000
vn 0.000001 0.000000 1.000000
vn 0.000001 0.000000 1.000000
vn -0.000001 0.000000 1.000000
vn -0.000001 0.000000 1.000000
vn -0.828933 0.000000 0.559347
vn -0.828933 0.000000 0.559347
vn -0.828933 0.000000 0.559347
vn -0.828933 0.000000 0.559347
vn -0.000165 0.000016 1.000000
vn -0.000037 0.000004 1.000000
vn -0.000045 0.000004 1.000000
vn -0.000165 0.000016 1.000000
vn 0.000176 0.000246 -1.000000
vn 0.000056 0.000078 -1.000000
vn 0.000045 0.000063 -1.000000
vn 0.000176 0.000246 -1.000000
vn 0.821427 0.570314 -0.000702
vn 0.707183 0.707031 0.000022
vn 0.707183 0.707031 0.000022
vn 0.800097 0.599871 -0.000555
vn 0.000000 -1.000000 0.000000
vn 0.000000 -1.000000 0.000000
vn 0.755794 0.000003 0.654810
vn 0.755794 0.000003 0.654810
vn 0.755794 0.000003 0.654810
vn 0.755794 0.000003 0.654810
vn -0.779993 0.000000 -0.625788
vn -0.779993 0.000000 -0.625788
vn -0.779993 0.000000 -0.625788
vn -0.779993 0.000000 -0.625788
vn 0.770466 -0.000005 0.637480
vn 0.770466 -0.000005 0.637481
vn 0.770467 -0.000005 0.637481
vn 0.770466 -0.000005 0.637481
vn 0.850066 0.526675 -0.000911
vn 0.850066 0.526675 -0.000911
vn -0.770486 0.000146 -0.637457
vn -0.770486 0.000146 -0.637457
vn -0.770486 0.000146 -0.637457
vn -0.770486 0.000146 -0.637457
vn 0.767232 0.000000 0.641370
vn 0.767232 0.000000 0.641370
vn 0.767232 0.000000 0.641370
vn 0.767232 0.000000 0.641370
vn -0.772508 -0.000000 -0.635005
vn -0.772508 -0.000000 -0.635005
vn -0.772508 -0.000000 -0.635005
vn -0.772508 -0.000000 -0.635005
vn 0.000000 -1.000000 0.000000
vn 0.000000 -1.000000 0.000000
vn -0.000000 0.000006 1.000000
vn -0.000000 0.000006 1.000000
vn -0.000000 0.000006 1.000000
vn -0.000000 0.000006 1.000000
vn 0.000000 -0.000001 -1.000000
vn 0.000000 -0.000001 -1.000000
vn 0.000000 -0.000001 -1.000000
vn 0.000000 -0.000001 -1.000000
vn 0.000000 -0.000007 1.000000
vn 0.000000 -0.000007 1.000000
vn 0.000000 -0.000007 1.000000
vn 0.000000 -0.000007 1.000000
vn 0.000000 1.000000 -0.000000
vn 0.000000 1.000000 -0.000000
vn 0.000000 1.000000 -0.000000
vn 0.000000 1.000000 -0.000000
vn -0.000000 0.000000 1.000000
vn -0.000000 0.000000 1.000000
vn -0.000000 0.000000 1.000000
vn -0.000000 0.000000 1.000000
vn 0.000000 -0.000001 -1.000000
vn 0.000000 -0.000001 -1.000000
vn 0.000000 -0.000001 -1.000000
vn 0.000000 -0.000001 -1.000000
vn 0.000001 -0.000001 1.000000
vn 0.000001 0.000009 1.000000
vn 0.000000 0.000000 -1.000000
vn 0.000000 -0.000000 -1.000000
vn -0.821531 -0.570164 0.000991
vn -0.800877 -0.598829 0.000778
vn -0.722285 -0.691595 0.000036
vn -0.722285 -0.691595 0.000036
vn -0.770320 -0.637658 -0.000159
vn -0.770320 -0.637658 -0.000159
vn -0.819312 -0.573347 0.000841
vn -0.807572 -0.589769 0.000592
vn -0.851573 -0.524235 0.001321
vn -0.851573 -0.524235 0.001321
vn -0.836822 -0.547473 0.001226
vn -0.836822 -0.547473 0.001226
vn 0.000000 -1.000000 0.000002
vn 0.000000 -1.000000 0.000002
vn 0.000000 -1.000000 0.000002
vn 0.000000 -1.000000 0.000002
vn -0.016323 0.999804 -0.011161
vn -0.016323 0.999804 -0.011161
vn -0.003930 0.999989 -0.002687
vn -0.001373 0.999999 -0.000939
vn -0.000000 1.000000 -0.000000
vn -0.000000 1.000000 -0.000000
vn -0.000000 1.000000 -0.000000
vn -0.000000 1.000000 -0.000000
vn 0.000000 1.000000 -0.000000
vn 0.000000 1.000000 -0.000000
vn 0.995572 0.000000 0.094001
vn 0.995572 0.000000 0.094001
vn 0.995572 0.000000 0.094001
vn 0.000000 1.000000 -0.000000
vn 0.000000 1.000000 -0.000000
vn 0.000000 0.977209 0.212279
vn 0.000000 0.977209 0.212279
vn 0.000000 0.977209 0.212279
vn 0.000000 0.977209 0.212279
vn 1.000000 0.000000 -0.000059
vn 1.000000 0.000000 -0.000059
vn 1.000000 0.000000 -0.000059
vn 1.000000 0.000000 -0.000059
vn 0.000000 -1.000000 -0.000000
vn 0.000000 -1.000000 -0.000000
vn 0.757550 0.650437 0.055231
vn 0.615441 0.783017 0.090096
vn 0.621063 0.778704 0.088882
vn 0.000009 0.000000 1.000000
vn 0.000009 0.000000 1.000000
vn 0.613621 0.784399 0.090486
vn 0.613621 0.784399 0.090486
vn 0.828933 0.000000 0.559347
vn 0.828933 0.000000 0.559347
vn 0.828933 0.000000 0.559347
vn 0.828933 0.000000 0.559347
vn 0.000165 0.000016 1.000000
vn 0.000165 0.000016 1.000000
vn 0.000045 0.000004 1.000000
vn 0.000037 0.000004 1.000000
vn -0.000176 0.000246 -1.000000
vn -0.000176 0.000246 -1.000000
vn -0.000045 0.000063 -1.000000
vn -0.000056 0.000078 -1.000000
vn -0.821426 0.570314 -0.000701
vn -0.800097 0.599871 -0.000555
vn -0.707183 0.707030 0.000023
vn -0.707183 0.707030 0.000023
vn -0.000000 -1.000000 0.000000
vn -0.000000 -1.000000 0.000000
vn -0.751314 0.000002 0.659945
vn -0.751314 0.000002 0.659945
vn -0.751314 0.000002 0.659945
vn -0.751314 0.000002 0.659945
vn 0.779992 0.000000 -0.625789
vn 0.779992 0.000000 -0.625789
vn 0.779992 0.000000 -0.625789
vn 0.779992 0.000000 -0.625789
vn -0.770466 -0.000004 0.637482
vn -0.770466 -0.000004 0.637482
vn -0.770465 -0.000004 0.637482
vn -0.770466 -0.000004 0.637482
vn -0.850065 0.526677 -0.000910
vn -0.850065 0.526677 -0.000910
vn 0.770486 0.000143 -0.637457
vn 0.770486 0.000143 -0.637457
vn 0.770486 0.000143 -0.637457
vn 0.770486 0.000143 -0.637457
vn -0.767231 0.000000 0.641371
vn -0.767231 0.000000 0.641371
vn -0.767231 0.000000 0.641371
vn -0.767231 0.000000 0.641371
vn 0.772506 0.000000 -0.635007
vn 0.772506 0.000000 -0.635007
vn 0.772506 0.000000 -0.635007
vn 0.772506 0.000000 -0.635007
vn -0.000001 -0.000001 1.000000
vn -0.000001 0.000009 1.000000
vn -0.000000 -0.000000 -1.000000
vn 0.000000 0.000000 -1.000000
vn 0.821532 -0.570162 0.000991
vn 0.722286 -0.691595 0.000035
vn 0.722286 -0.691595 0.000035
vn 0.800878 -0.598828 0.000777
vn 0.770320 -0.637658 -0.000159
vn 0.807571 -0.589770 0.000591
vn 0.819311 -0.573348 0.000841
vn 0.770320 -0.637658 -0.000159
vn 0.851574 -0.524233 0.001321
vn 0.851574 -0.524233 0.001321
vn 0.836821 -0.547476 0.001226
vn 0.836821 -0.547476 0.001226
vn 0.017685 0.999766 -0.012425
vn 0.017685 0.999766 -0.012425
vn 0.017685 0.999766 -0.012425
vn 0.017685 0.999766 -0.012425
vn 0.000000 1.000000 -0.000001
vn 0.000000 1.000000 -0.000001
vn -0.968450 0.000000 0.249210
vn -0.968450 0.000000 0.249210
vn -0.968450 0.000000 0.249210
vn -1.000000 0.000000 -0.000059
vn -1.000000 0.000000 -0.000059
vn -1.000000 0.000000 -0.000059
vn -1.000000 0.000000 -0.000059
vn -0.730058 0.661570 0.171290
vn -0.620326 0.778588 0.094843
vn -0.615181 0.783059 0.091496
vn -0.000008 0.000000 1.000000
vn -0.000009 0.000000 1.000000
vn -0.613622 0.784398 0.090486
vn -0.613622 0.784398 0.090486
vn 0.000000 -0.000003 1.000000
vn 0.000000 -0.000003 1.000000
vn 0.000000 -1.000000 0.000000
vn 0.000000 -1.000000 0.000000
vn 0.000000 -1.000000 0.000000
vn 0.000000 -1.000000 0.000000
vn 0.000000 1.000000 0.000000
vn 0.000000 1.000000 0.000000
vn 0.000000 1.000000 0.000000
vn 0.000000 1.000000 0.000000
vn 0.000000 -1.000000 0.000000
vn 0.000000 -1.000000 0.000000
vn 0.000000 -1.000000 0.000000
vn 0.000000 -1.000000 0.000000
vn 0.000000 0.000000 -1.000000
vn 0.000000 0.000000 -1.000000
vn 0.000000 -0.976061 0.217498
vn 0.000000 -0.976061 0.217498
vn 0.000000 -0.976061 0.217498
vn 0.000000 -0.976061 0.217498
vn 0.000000 0.000007 -1.000000
vn 0.000000 0.000007 -1.000000
vn 0.000000 0.000007 -1.000000
vn 0.000000 0.000007 -1.000000
vn 0.000000 -1.000000 -0.000001
vn 0.000000 -1.000000 -0.000001
vn 0.000000 -1.000000 -0.000001
vn 0.000000 -1.000000 -0.000001
vn 0.000000 1.000000 -0.000000
vn 0.000000 1.000000 -0.000000
vn -0.999998 0.000048 -0.001986
vn -0.999999 0.000008 -0.001600
vn -0.999995 0.000001 -0.003167
vn -0.999999 -0.000025 -0.001568
vn -0.999999 0.000071 -0.001709
vn -0.999999 0.000008 -0.001602
vn -0.999998 0.000048 -0.001994
vn -0.999994 0.000000 -0.003483
vn -0.999998 0.000441 -0.002190
vn -0.999998 0.000441 -0.002190
vn -0.999998 -0.000034 -0.001908
vn -0.999998 -0.000140 -0.001845
vn 0.000000 0.976061 0.217496
vn 0.000000 0.976061 0.217496
vn 0.000000 0.976061 0.217496
vn 0.000000 0.976061 0.217496
vn 0.000000 0.000001 -1.000000
vn 0.000000 0.000001 -1.000000
vn 0.000000 0.000001 -1.000000
vn 0.000000 0.000001 -1.000000
vn -0.000000 -1.000000 0.000000
vn 0.000000 -1.000000 0.000000
vn 0.000000 -1.000000 0.000000
vn -0.000000 -1.000000 0.000000
vn -0.000000 -0.000006 1.000000
vn 0.000000 -0.000006 1.000000
vn 0.000000 -0.000006 1.000000
vn -0.000000 -0.000006 1.000000
vn -0.000000 -0.000000 -1.000000
vn 0.000000 -0.000000 -1.000000
vn 0.000000 -0.000000 -1.000000
vn -0.000000 -0.000000 -1.000000
vn -0.000001 0.000000 1.000000
vn 0.000001 0.000000 1.000000
vn 0.000001 0.000000 1.000000
vn -0.000001 0.000000 1.000000
vn 0.828933 0.000000 0.559347
vn 0.828933 0.000000 0.559347
vn 0.828933 0.000000 0.559347
vn 0.828933 0.000000 0.559347
vn 0.000165 0.000016 1.000000
vn 0.000165 0.000016 1.000000
vn 0.000045 0.000004 1.000000
vn 0.000037 0.000004 1.000000
vn -0.000176 0.000246 -1.000000
vn -0.000176 0.000246 -1.000000
vn -0.000045 0.000063 -1.000000
vn -0.000056 0.000078 -1.000000
vn -0.822994 0.568050 0.000033
vn -0.801339 0.598210 0.000031
vn -0.707183 0.707030 0.000023
vn -0.707183 0.707030 0.000023
vn -0.000000 -1.000000 0.000000
vn -0.000000 -1.000000 0.000000
vn -0.758196 0.000001 0.652026
vn -0.758196 0.000001 0.652026
vn -0.758196 0.000001 0.652026
vn -0.758196 0.000001 0.652026
vn 0.781868 0.000000 -0.623444
vn 0.781868 0.000000 -0.623444
vn 0.781868 0.000000 -0.623444
vn 0.781868 0.000000 -0.623444
vn -0.772806 -0.000005 0.634642
vn -0.772806 -0.000005 0.634642
vn -0.772806 -0.000005 0.634642
vn -0.772806 -0.000005 0.634642
vn -0.851984 0.523568 0.000036
vn -0.851984 0.523568 0.000036
vn 0.772408 0.000146 -0.635127
vn 0.772408 0.000146 -0.635127
vn 0.772408 0.000146 -0.635127
vn 0.772408 0.000146 -0.635127
vn -0.769469 0.000000 0.638684
vn -0.769469 0.000000 0.638684
vn -0.769469 0.000000 0.638684
vn -0.769469 0.000000 0.638684
vn 0.774542 -0.000000 -0.632522
vn 0.774543 -0.000000 -0.632522
vn 0.774543 -0.000000 -0.632522
vn 0.774543 -0.000000 -0.632522
vn -0.000001 -0.000001 1.000000
vn -0.000001 0.000009 1.000000
vn -0.000000 -0.000000 -1.000000
vn 0.000000 0.000000 -1.000000
vn 0.823205 -0.567744 0.000011
vn 0.722286 -0.691595 0.000036
vn 0.722286 -0.691595 0.000036
vn 0.802171 -0.597094 0.000016
vn 0.770320 -0.637658 -0.000163
vn 0.808738 -0.588169 -0.000174
vn 0.820870 -0.571115 -0.000178
vn 0.770320 -0.637657 -0.000163
vn 0.853706 -0.520755 0.000002
vn 0.853706 -0.520755 0.000002
vn 0.838918 -0.544257 -0.000184
vn 0.838919 -0.544257 -0.000184
vn 0.016486 0.999801 -0.011198
vn 0.016486 0.999801 -0.011198
vn 0.016486 0.999801 -0.011198
vn 0.016486 0.999801 -0.011198
vn 0.000000 1.000000 -0.000000
vn 0.000000 1.000000 -0.000000
vn 0.000000 1.000000 -0.000000
vn 0.000000 1.000000 -0.000000
vn -0.995573 0.000000 0.093994
vn -0.995573 0.000000 0.093994
vn -0.995573 0.000000 0.093994
vn -0.000000 1.000000 -0.000000
vn -0.000000 1.000000 -0.000000
vn 0.000000 0.977209 0.212279
vn 0.000000 0.977209 0.212279
vn 0.000000 0.977209 0.212279
vn 0.000000 0.977209 0.212279
vn -1.000000 0.000000 -0.000059
vn -1.000000 0.000000 -0.000059
vn -1.000000 0.000000 -0.000059
vn -1.000000 0.000000 -0.000059
vn 0.000000 -1.000000 -0.000000
vn 0.000000 -1.000000 -0.000000
vn -0.757551 0.650436 0.055226
vn -0.621063 0.778705 0.088882
vn -0.615440 0.783018 0.090096
vn -0.000009 0.000000 1.000000
vn -0.000009 0.000000 1.000000
vn -0.613620 0.784400 0.090486
vn -0.613620 0.784400 0.090486
vn -0.828933 0.000000 0.559347
vn -0.828933 0.000000 0.559347
vn -0.828933 0.000000 0.559347
vn -0.828933 0.000000 0.559347
vn -0.000165 0.000016 1.000000
vn -0.000037 0.000004 1.000000
vn -0.000045 0.000004 1.000000
vn -0.000165 0.000016 1.000000
vn 0.000176 0.000246 -1.000000
vn 0.000056 0.000078 -1.000000
vn 0.000045 0.000063 -1.000000
vn 0.000176 0.000246 -1.000000
vn 0.821427 0.570314 -0.000701
vn 0.707183 0.707030 0.000023
vn 0.707183 0.707030 0.000023
vn 0.800097 0.599871 -0.000554
vn 0.000000 -1.000000 0.000000
vn 0.000000 -1.000000 0.000000
vn 0.751315 0.000002 0.659944
vn 0.751315 0.000002 0.659944
vn 0.751315 0.000002 0.659944
vn 0.751315 0.000002 0.659944
vn -0.779992 -0.000000 -0.625789
vn -0.779992 -0.000000 -0.625789
vn -0.779992 -0.000000 -0.625789
vn -0.779992 -0.000000 -0.625789
vn 0.770466 -0.000004 0.637482
vn 0.770466 -0.000004 0.637482
vn 0.770466 -0.000004 0.637482
vn 0.770465 -0.000004 0.637482
vn 0.850066 0.526676 -0.000909
vn 0.850066 0.526676 -0.000909
vn -0.770486 0.000145 -0.637457
vn -0.770486 0.000145 -0.637457
vn -0.770486 0.000145 -0.637457
vn -0.770486 0.000145 -0.637457
vn 0.767231 0.000000 0.641371
vn 0.767231 0.000000 0.641371
vn 0.767231 0.000000 0.641371
vn 0.767231 0.000000 0.641371
vn -0.772506 -0.000000 -0.635007
vn -0.772506 -0.000000 -0.635007
vn -0.772506 -0.000000 -0.635007
vn -0.772506 -0.000000 -0.635007
vn 0.000001 -0.000001 1.000000
vn 0.000001 0.000009 1.000000
vn 0.000000 0.000000 -1.000000
vn 0.000000 -0.000000 -1.000000
vn -0.821530 -0.570164 0.000988
vn -0.800876 -0.598829 0.000775
vn -0.722286 -0.691595 0.000035
vn -0.722286 -0.691595 0.000035
vn -0.770320 -0.637658 -0.000159
vn -0.770320 -0.637658 -0.000159
vn -0.819310 -0.573350 0.000841
vn -0.807570 -0.589771 0.000592
vn -0.851572 -0.524236 0.001317
vn -0.851572 -0.524236 0.001317
vn -0.836819 -0.547479 0.001226
vn -0.836819 -0.547479 0.001226
vn -0.017685 0.999766 -0.012425
vn -0.017685 0.999766 -0.012425
vn -0.017685 0.999766 -0.012425
vn -0.017685 0.999766 -0.012425
vn -0.000000 1.000000 -0.000001
vn -0.000000 1.000000 -0.000001
vn 0.968450 0.000000 0.249210
vn 0.968450 0.000000 0.249210
vn 0.968450 0.000000 0.249210
vn 1.000000 0.000000 -0.000059
vn 1.000000 0.000000 -0.000059
vn 1.000000 0.000000 -0.000059
vn 1.000000 0.000000 -0.000059
vn 0.730059 0.661569 0.171290
vn 0.615180 0.783059 0.091496
vn 0.620326 0.778589 0.094843
vn 0.000008 0.000000 1.000000
vn 0.000009 0.000000 1.000000
vn 0.613622 0.784398 0.090486
vn 0.613622 0.784398 0.090486
vn 0.000000 -0.000003 1.000000
vn 0.000000 -0.000003 1.000000
vn 0.000000 -1.000000 0.000000
vn 0.000000 -1.000000 0.000000
vn 0.000000 -1.000000 0.000000
vn 0.000000 -1.000000 0.000000
vn 0.000000 1.000000 0.000000
vn 0.000000 1.000000 0.000000
vn 0.000000 1.000000 0.000000
vn 0.000000 1.000000 0.000000
vn 0.000000 -1.000000 0.000000
vn 0.000000 -1.000000 0.000000
vn 0.000000 -1.000000 0.000000
vn 0.000000 -1.000000 0.000000
vn 0.000000 0.000000 -1.000000
vn 0.000000 0.000000 -1.000000
vn 0.000000 -0.976061 0.217497
vn 0.000000 -0.976061 0.217497
vn 0.000000 -0.976061 0.217497
vn 0.000000 -0.976061 0.217497
vn 0.999998 0.000049 -0.001984
vn 0.999995 0.000003 -0.003162
vn 0.999999 0.000008 -0.001598
vn 0.999999 -0.000024 -0.001567
vn 0.999999 0.000008 -0.001601
vn 0.999999 0.000071 -0.001707
vn 0.999994 0.000000 -0.003483
vn 0.999998 0.000049 -0.001992
vn 0.999998 0.000440 -0.002188
vn 0.999998 -0.000035 -0.001907
vn 0.999998 0.000440 -0.002188
vn 0.999998 -0.000141 -0.001844
vn 0.000000 0.000000 1.000000
vn 0.000000 0.000000 1.000000
vn 0.000000 0.000000 1.000000
vn 0.000000 0.000000 1.000000
vn 0.000000 0.000000 -1.000000
vn 0.000000 0.000000 -1.000000
vn 0.000000 0.000000 -1.000000
vn 0.000000 0.000000 -1.000000
vn 1.000000 0.000000 0.000000
vn 1.000000 0.000000 0.000000
vn 1.000000 0.000000 0.000000
vn 1.000000 0.000000 0.000000
vn -1.000000 0.000000 0.000000
vn -1.000000 0.000000 0.000000
vn -1.000000 0.000000 0.000000
vn -1.000000 0.000000 0.000000
vn 0.000000 1.000000 0.000000
vn 0.000000 1.000000 0.000000
vn 0.000000 1.000000 0.000000
vn 0.000000 1.000000 0.000000
vn -0.866027 0.499996 0.000000
vn -0.866027 0.499996 0.000000
vn -0.866027 0.499996 0.000000
vn -0.866027 0.499996 0.000000
vn -0.866027 -0.499996 0.000000
vn -0.866027 -0.499996 0.000000
vn -0.866027 -0.499996 0.000000
vn -0.866027 -0.499996 0.000000
vn 0.000000 -1.000000 0.000000
vn 0.000000 -1.000000 0.000000
vn 0.000000 -1.000000 0.000000
vn 0.000000 -1.000000 0.000000
vn 0.866025 -0.500000 0.000000
vn 0.866025 -0.500000 0.000000
vn 0.866025 -0.500000 0.000000
vn 0.866025 -0.500000 0.000000
vn 0.866025 0.500000 0.000000
vn 0.866025 0.500000 0.000000
vn 0.866025 0.500000 0.000000
vn 0.866025 0.500000 0.000000
vn 0.000000 0.000000 1.000000
vn 0.000000 0.000000 1.000000
vn 0.000000 0.000000 1.000000
vn 0.000000 0.000000 1.000000
vn 0.000000 0.000000 1.000000
vn 0.000000 0.000000 1.000000
vn 0.000000 0.000000 1.000000
vn 0.000000 0.000000 1.000000
vn 0.000001 0.000000 1.000000
vn 0.000001 0.000000 1.000000
vn 0.000001 0.000000 1.000000
vn 0.000001 0.000000 1.000000
vn 0.000000 0.000000 1.000000
vn 0.000000 0.000000 1.000000
vn 0.000000 0.000000 1.000000
vn 0.000000 0.000000 1.000000
vn -0.000000 0.000000 1.000000
vn -0.000000 0.000000 1.000000
vn -0.000000 0.000000 1.000000
vn -0.000000 0.000000 1.000000
vn -0.000001 0.000000 1.000000
vn -0.000001 0.000000 1.000000
vn -0.000001 0.000000 1.000000
vn -0.000001 0.000000 1.000000
vn 0.000000 1.000000 0.000000
vn 0.000000 1.000000 0.000000
vn 0.000000 1.000000 0.000000
vn 0.000000 1.000000 0.000000
vn -0.866025 0.500001 0.000000
vn -0.866025 0.500001 0.000000
vn -0.866025 0.500001 0.000000
vn -0.866025 0.500001 0.000000
vn -0.866025 -0.500001 0.000000
vn -0.866025 -0.500001 0.000000
vn -0.866025 -0.500001 0.000000
vn -0.866025 -0.500001 0.000000
vn 0.000000 -1.000000 0.000000
vn 0.000000 -1.000000 0.000000
vn 0.000000 -1.000000 0.000000
vn 0.000000 -1.000000 0.000000
vn 0.866025 -0.500001 0.000000
vn 0.866025 -0.500001 0.000000
vn 0.866025 -0.500001 0.000000
vn 0.866025 -0.500001 0.000000
vn 0.866025 0.500001 0.000000
vn 0.866025 0.500001 0.000000
vn 0.866025 0.500001 0.000000
vn 0.866025 0.500001 0.000000
vn 0.000000 0.000000 1.000000
vn 0.000000 0.000000 1.000000
vn 0.000000 0.000000 1.000000
vn 0.000000 0.000000 1.000000
vn 0.000000 0.000000 1.000000
vn 0.000000 0.000000 1.000000
vn 0.000000 0.000000 1.000000
vn 0.000000 0.000000 1.000000
vn 0.000000 0.000000 1.000000
vn 0.000000 0.000000 1.000000
vn 0.000000 0.000000 1.000000
vn 0.000000 0.000000 1.000000
vn 0.000000 1.000000 0.000000
vn 0.000000 1.000000 0.000000
vn 0.000000 1.000000 0.000000
vn 0.000000 1.000000 0.000000
vn -0.866027 0.499996 0.000000
vn -0.866027 0.499996 0.000000
vn -0.866027 0.499996 0.000000
vn -0.866027 0.499996 0.000000
vn -0.866027 -0.499996 0.000000
vn -0.866027 -0.499996 0.000000
vn -0.866027 -0.499996 0.000000
vn -0.866027 -0.499996 0.000000
vn 0.000000 -1.000000 0.000000
vn 0.000000 -1.000000 0.000000
vn 0.000000 -1.000000 0.000000
vn 0.000000 -1.000000 0.000000
vn 0.866025 -0.500000 0.000000
vn 0.866025 -0.500000 0.000000
vn 0.866025 -0.500000 0.000000
vn 0.866025 -0.500000 0.000000
vn 0.866025 0.500000 0.000000
vn 0.866025 0.500000 0.000000
vn 0.866025 0.500000 0.000000
vn 0.866025 0.500000 0.000000
vn 0.000000 0.000000 1.000000
vn 0.000000 0.000000 1.000000
vn 0.000000 0.000000 1.000000
vn 0.000000 0.000000 1.000000
vn 0.000000 0.000000 1.000000
vn 0.000000 0.000000 1.000000
vn 0.000000 0.000000 1.000000
vn 0.000000 0.000000 1.000000
vn 0.000001 0.000000 1.000000
vn 0.000001 0.000000 1.000000
vn 0.000001 0.000000 1.000000
vn 0.000001 0.000000 1.000000
vn 0.000000 0.000000 1.000000
vn 0.000000 0.000000 1.000000
vn 0.000000 0.000000 1.000000
vn 0.000000 0.000000 1.000000
vn -0.000000 0.000000 1.000000
vn -0.000000 0.000000 1.000000
vn -0.000000 0.000000 1.000000
vn -0.000000 0.000000 1.000000
vn -0.000001 0.000000 1.000000
vn -0.000001 0.000000 1.000000
vn -0.000001 0.000000 1.000000
vn -0.000001 0.000000 1.000000
vn 0.000000 1.000000 0.000000
vn 0.000000 1.000000 0.000000
vn 0.000000 1.000000 0.000000
vn 0.000000 1.000000 0.000000
vn -0.866025 0.500001 0.000000
vn -0.866025 0.500001 0.000000
vn -0.866025 0.500001 0.000000
vn -0.866025 0.500001 0.000000
vn -0.866025 -0.500001 0.000000
vn -0.866025 -0.500001 0.000000
vn -0.866025 -0.500001 0.000000
vn -0.866025 -0.500001 0.000000
vn 0.000000 -1.000000 0.000000
vn 0.000000 -1.000000 0.000000
vn 0.000000 -1.000000 0.000000
vn 0.000000 -1.000000 0.000000
vn 0.866025 -0.500001 0.000000
vn 0.866025 -0.500001 0.000000
vn 0.866025 -0.500001 0.000000
vn 0.866025 -0.500001 0.000000
vn 0.866025 0.500001 0.000000
vn 0.866025 0.500001 0.000000
vn 0.866025 0.500001 0.000000
vn 0.866025 0.500001 0.000000
vn 0.000000 0.000000 1.000000
vn 0.000000 0.000000 1.000000
vn 0.000000 0.000000 1.000000
vn 0.000000 0.000000 1.000000
vn 0.000000 0.000000 1.000000
vn 0.000000 0.000000 1.000000
vn 0.000000 0.000000 1.000000
vn 0.000000 0.000000 1.000000
vn 0.000000 0.000000 1.000000
vn 0.000000 0.000000 1.000000
vn 0.000000 0.000000 1.000000
vn 0.000000 0.000000 1.000000
vn 0.000000 1.000000 0.000000
vn 0.000000 1.000000 0.000000
vn 0.000000 1.000000 0.000000
vn 0.000000 1.000000 0.000000
vn -0.866027 0.499996 0.000000
vn -0.866027 0.499996 0.000000
vn -0.866027 0.499996 0.000000
vn -0.866027 0.499996 0.000000
vn -0.866027 -0.499996 0.000000
vn -0.866027 -0.499996 0.000000
vn -0.866027 -0.499996 0.000000
vn -0.866027 -0.499996 0.000000
vn 0.000000 -1.000000 0.000000
vn 0.000000 -1.000000 0.000000
vn 0.000000 -1.000000 0.000000
vn 0.000000 -1.000000 0.000000
vn 0.866025 -0.500000 0.000000
vn 0.866025 -0.500000 0.000000
vn 0.866025 -0.500000 0.000000
vn 0.866025 -0.500000 0.000000
vn 0.866025 0.500000 0.000000
vn 0.866025 0.500000 0.000000
vn 0.866025 0.500000 0.000000
vn 0.866025 0.500000 0.000000
vn 0.000000 0.000000 1.000000
vn 0.000000 0.000000 1.000000
vn 0.000000 0.000000 1.000000
vn 0.000000 0.000000 1.000000
vn 0.000000 0.000000 1.000000
vn 0.000000 0.000000 1.000000
vn 0.000000 0.000000 1.000000
vn 0.000000 0.000000 1.000000
vn 0.000001 0.000000 1.000000
vn 0.000001 0.000000 1.000000
vn 0.000001 0.000000 1.000000
vn 0.000001 0.000000 1.000000
vn 0.000000 0.000000 1.000000
vn 0.000000 0.000000 1.000000
vn 0.000000 0.000000 1.000000
vn 0.000000 0.000000 1.000000
vn -0.000000 0.000000 1.000000
vn -0.000000 0.000000 1.000000
vn -0.000000 0.000000 1.000000
vn -0.000000 0.000000 1.000000
vn -0.000001 0.000000 1.000000
vn -0.000001 0.000000 1.000000
vn -0.000001 0.000000 1.000000
vn -0.000001 0.000000 1.000000
vn 0.000000 1.000000 0.000000
vn 0.000000 1.000000 0.000000
vn 0.000000 1.000000 0.000000
vn 0.000000 1.000000 0.000000
vn -0.866025 0.500001 0.000000
vn -0.866025 0.500001 0.000000
vn -0.866025 0.500001 0.000000
vn -0.866025 0.500001 0.000000
vn -0.866025 -0.500001 0.000000
vn -0.866025 -0.500001 0.000000
vn -0.866025 -0.500001 0.000000
vn -0.866025 -0.500001 0.000000
vn 0.000000 -1.000000 0.000000
vn 0.000000 -1.000000 0.000000
vn 0.000000 -1.000000 0.000000
vn 0.000000 -1.000000 0.000000
vn 0.866025 -0.500001 0.000000
vn 0.866025 -0.500001 0.000000
vn 0.866025 -0.500001 0.000000
vn 0.866025 -0.500001 0.000000
vn 0.866025 0.500001 0.000000
vn 0.866025 0.500001 0.000000
vn 0.866025 0.500001 0.000000
vn 0.866025 0.500001 0.000000
vn 0.000000 0.000000 1.000000
vn 0.000000 0.000000 1.000000
vn 0.000000 0.000000 1.000000
vn 0.000000 0.000000 1.000000
vn 0.000000 0.000000 1.000000
vn 0.000000 0.000000 1.000000
vn 0.000000 0.000000 1.000000
vn 0.000000 0.000000 1.000000
vn 0.000000 0.000000 1.000000
vn 0.000000 0.000000 1.000000
vn 0.000000 0.000000 1.000000
vn 0.000000 0.000000 1.000000
vn 0.000000 1.000000 0.000000
vn 0.000000 1.000000 0.000000
vn 0.000000 1.000000 0.000000
vn 0.000000 1.000000 0.000000
vn -0.866027 0.499997 0.000000
vn -0.866027 0.499997 0.000000
vn -0.866027 0.499997 0.000000
vn -0.866027 0.499997 0.000000
vn -0.866027 -0.499997 0.000000
vn -0.866027 -0.499997 0.000000
vn -0.866027 -0.499997 0.000000
vn -0.866027 -0.499997 0.000000
vn 0.000000 -1.000000 0.000000
vn 0.000000 -1.000000 0.000000
vn 0.000000 -1.000000 0.000000
vn 0.000000 -1.000000 0.000000
vn 0.866025 -0.500000 0.000000
vn 0.866025 -0.500000 0.000000
vn 0.866025 -0.500000 0.000000
vn 0.866025 -0.500000 0.000000
vn 0.866025 0.500000 0.000000
vn 0.866025 0.500000 0.000000
vn 0.866025 0.500000 0.000000
vn 0.866025 0.500000 0.000000
vn 0.000000 0.000000 1.000000
vn 0.000000 0.000000 1.000000
vn 0.000000 0.000000 1.000000
vn 0.000000 0.000000 1.000000
vn 0.000001 0.000000 1.000000
vn 0.000001 0.000000 1.000000
vn 0.000001 0.000000 1.000000
vn 0.000001 0.000000 1.000000
vn 0.000000 0.000000 1.000000
vn 0.000000 0.000000 1.000000
vn 0.000000 0.000000 1.000000
vn 0.000000 0.000000 1.000000
vn 0.000000 0.000000 1.000000
vn 0.000000 0.000000 1.000000
vn 0.000000 0.000000 1.000000
vn 0.000000 0.000000 1.000000
vn -0.000001 0.000000 1.000000
vn -0.000001 0.000000 1.000000
vn -0.000001 0.000000 1.000000
vn -0.000001 0.000000 1.000000
vn 0.000000 0.000000 1.000000
vn 0.000000 0.000000 1.000000
vn 0.000000 0.000000 1.000000
vn 0.000000 0.000000 1.000000
vn 0.000000 1.000000 0.000000
vn 0.000000 1.000000 0.000000
vn 0.000000 1.000000 0.000000
vn 0.000000 1.000000 0.000000
vn -0.866026 0.500000 0.000000
vn -0.866026 0.500000 0.000000
vn -0.866026 0.500000 0.000000
vn -0.866026 0.500000 0.000000
vn -0.866026 -0.500000 0.000000
vn -0.866026 -0.500000 0.000000
vn -0.866026 -0.500000 0.000000
vn -0.866026 -0.500000 0.000000
vn 0.000000 -1.000000 0.000000
vn 0.000000 -1.000000 0.000000
vn 0.000000 -1.000000 0.000000
vn 0.000000 -1.000000 0.000000
vn 0.866026 -0.500000 0.000000
vn 0.866026 -0.500000 0.000000
vn 0.866026 -0.500000 0.000000
vn 0.866026 -0.500000 0.000000
vn 0.866026 0.500000 0.000000
vn 0.866026 0.500000 0.000000
vn 0.866026 0.500000 0.000000
vn 0.866026 0.500000 0.000000
vn 0.000000 0.000000 1.000000
vn 0.000000 0.000000 1.000000
vn 0.000000 0.000000 1.000000
vn 0.000000 0.000000 1.000000
vn 0.000000 0.000000 1.000000
vn 0.000000 0.000000 1.000000
vn 0.000000 0.000000 1.000000
vn 0.000000 0.000000 1.000000
vn 0.000000 0.000000 1.000000
vn 0.000000 0.000000 1.000000
vn 0.000000 0.000000 1.000000
vn 0.000000 0.000000 1.000000
vn 0.000000 1.000000 0.000000
vn 0.000000 1.000000 0.000000
vn 0.000000 1.000000 0.000000
vn 0.000000 1.000000 0.000000
vn -0.866028 0.499995 0.000000
vn -0.866028 0.499995 0.000000
vn -0.866028 0.499995 0.000000
vn -0.866028 0.499995 0.000000
vn -0.866028 -0.499995 0.000000
vn -0.866028 -0.499995 0.000000
vn -0.866028 -0.499995 0.000000
vn -0.866028 -0.499995 0.000000
vn 0.000000 -1.000000 0.000000
vn 0.000000 -1.000000 0.000000
vn 0.000000 -1.000000 0.000000
vn 0.000000 -1.000000 0.000000
vn 0.866025 -0.500000 0.000000
vn 0.866025 -0.500000 0.000000
vn 0.866025 -0.500000 0.000000
vn 0.866025 -0.500000 0.000000
vn 0.866025 0.500000 0.000000
vn 0.866025 0.500000 0.000000
vn 0.866025 0.500000 0.000000
vn 0.866025 0.500000 0.000000
vn 0.000000 0.000000 1.000000
vn 0.000000 0.000000 1.000000
vn 0.000000 0.000000 1.000000
vn 0.000000 0.000000 1.000000
vn 0.000001 0.000000 1.000000
vn 0.000001 0.000000 1.000000
vn 0.000001 0.000000 1.000000
vn 0.000001 0.000000 1.000000
vn 0.000000 0.000000 1.000000
vn 0.000000 0.000000 1.000000
vn 0.000000 0.000000 1.000000
vn 0.000000 0.000000 1.000000
vn 0.000000 0.000000 1.000000
vn 0.000000 0.000000 1.000000
vn 0.000000 0.000000 1.000000
vn 0.000000 0.000000 1.000000
vn -0.000001 0.000000 1.000000
vn -0.000001 0.000000 1.000000
vn -0.000001 0.000000 1.000000
vn -0.000001 0.000000 1.000000
vn 0.000000 0.000000 1.000000
vn 0.000000 0.000000 1.000000
vn 0.000000 0.000000 1.000000
vn 0.000000 0.000000 1.000000
vn 0.000000 1.000000 0.000000
vn 0.000000 1.000000 0.000000
vn 0.000000 1.000000 0.000000
vn 0.000000 1.000000 0.000000
vn -0.866026 0.500000 0.000000
vn -0.866026 0.500000 0.000000
vn -0.866026 0.500000 0.000000
vn -0.866026 0.500000 0.000000
vn -0.866026 -0.500000 0.000000
vn -0.866026 -0.500000 0.000000
vn -0.866026 -0.500000 0.000000
vn -0.866026 -0.500000 0.000000
vn 0.000000 -1.000000 0.000000
vn 0.000000 -1.000000 0.000000
vn 0.000000 -1.000000 0.000000
vn 0.000000 -1.000000 0.000000
vn 0.866026 -0.500000 0.000000
vn 0.866026 -0.500000 0.000000
vn 0.866026 -0.500000 0.000000
vn 0.866026 -0.500000 0.000000
vn 0.866026 0.500000 0.000000
vn 0.866026 0.500000 0.000000
vn 0.866026 0.500000 0.000000
vn 0.866026 0.500000 0.000000
vn 0.000000 0.000000 1.000000
vn 0.000000 0.000000 1.000000
vn 0.000000 0.000000 1.000000
vn 0.000000 0.000000 1.000000
vn 0.000000 0.000000 1.000000
vn 0.000000 0.000000 1.000000
vn 0.000000 0.000000 1.000000
vn 0.000000 0.000000 1.000000
vn 0.000000 0.000000 1.000000
vn 0.000000 0.000000 1.000000
vn 0.000000 0.000000 1.000000
vn 0.000000 0.000000 1.000000
vn 0.000000 1.000000 0.000000
vn 0.000000 1.000000 0.000000
vn 0.000000 1.000000 0.000000
vn 0.000000 1.000000 0.000000
vn -0.866027 0.499997 0.000000
vn -0.866027 0.499997 0.000000
vn -0.866027 0.499997 0.000000
vn -0.866027 0.499997 0.000000
vn -0.866027 -0.499997 0.000000
vn -0.866027 -0.499997 0.000000
vn -0.866027 -0.499997 0.000000
vn -0.866027 -0.499997 0.000000
vn 0.000000 -1.000000 0.000000
vn 0.000000 -1.000000 0.000000
vn 0.000000 -1.000000 0.000000
vn 0.000000 -1.000000 0.000000
vn 0.866026 -0.499999 0.000000
vn 0.866026 -0.499999 0.000000
vn 0.866026 -0.499999 0.000000
vn 0.866026 -0.499999 0.000000
vn 0.866026 0.499999 0.000000
vn 0.866026 0.499999 0.000000
vn 0.866026 0.499999 0.000000
vn 0.866026 0.499999 0.000000
vn 0.000000 0.000000 1.000000
vn 0.000000 0.000000 1.000000
vn 0.000000 0.000000 1.000000
vn 0.000000 0.000000 1.000000
vn 0.000001 0.000000 1.000000
vn 0.000001 0.000000 1.000000
vn 0.000001 0.000000 1.000000
vn 0.000001 0.000000 1.000000
vn 0.000000 0.000000 1.000000
vn 0.000000 0.000000 1.000000
vn 0.000000 0.000000 1.000000
vn 0.000000 0.000000 1.000000
vn 0.000000 0.000000 1.000000
vn 0.000000 0.000000 1.000000
vn 0.000000 0.000000 1.000000
vn 0.000000 0.000000 1.000000
vn -0.000001 0.000000 1.000000
vn -0.000001 0.000000 1.000000
vn -0.000001 0.000000 1.000000
vn -0.000001 0.000000 1.000000
vn 0.000000 0.000000 1.000000
vn 0.000000 0.000000 1.000000
vn 0.000000 0.000000 1.000000
vn 0.000000 0.000000 1.000000
vn 0.000000 1.000000 0.000000
vn 0.000000 1.000000 0.000000
vn 0.000000 1.000000 0.000000
vn 0.000000 1.000000 0.000000
vn -0.866026 0.500000 0.000000
vn -0.866026 0.500000 0.000000
vn -0.866026 0.500000 0.000000
vn -0.866026 0.500000 0.000000
vn -0.866026 -0.500000 0.000000
vn -0.866026 -0.500000 0.000000
vn -0.866026 -0.500000 0.000000
vn -0.866026 -0.500000 0.000000
vn 0.000000 -1.000000 0.000000
vn 0.000000 -1.000000 0.000000
vn 0.000000 -1.000000 0.000000
vn 0.000000 -1.000000 0.000000
vn 0.866026 -0.500000 0.000000
vn 0.866026 -0.500000 0.000000
vn 0.866026 -0.500000 0.000000
vn 0.866026 -0.500000 0.000000
vn 0.866026 0.500000 0.000000
vn 0.866026 0.500000 0.000000
vn 0.866026 0.500000 0.000000
vn 0.866026 0.500000 0.000000
vn 0.000000 0.000000 1.000000
vn 0.000000 0.000000 1.000000
vn 0.000000 0.000000 1.000000
vn 0.000000 0.000000 1.000000
vn 0.000000 0.000000 1.000000
vn 0.000000 0.000000 1.000000
vn 0.000000 0.000000 1.000000
vn 0.000000 0.000000 1.000000
vn 0.000000 0.000000 1.000000
vn 0.000000 0.000000 1.000000
vn 0.000000 0.000000 1.000000
vn 0.000000 0.000000 1.000000
vn 0.000000 1.000000 0.000000
vn 0.000000 1.000000 0.000000
vn 0.000000 1.000000 0.000000
vn 0.000000 1.000000 0.000000
vn -0.866028 0.499995 0.000000
vn -0.866028 0.499995 0.000000
vn -0.866028 0.499995 0.000000
vn -0.866028 0.499995 0.000000
vn -0.866028 -0.499995 0.000000
vn -0.866028 -0.499995 0.000000
vn -0.866028 -0.499995 0.000000
vn -0.866028 -0.499995 0.000000
vn 0.000000 -1.000000 0.000000
vn 0.000000 -1.000000 0.000000
vn 0.000000 -1.000000 0.000000
vn 0.000000 -1.000000 0.000000
vn 0.866025 -0.500000 0.000000
vn 0.866025 -0.500000 0.000000
vn 0.866025 -0.500000 0.000000
vn 0.866025 -0.500000 0.000000
vn 0.866025 0.500000 0.000000
vn 0.866025 0.500000 0.000000
vn 0.866025 0.500000 0.000000
vn 0.866025 0.500000 0.000000
vn 0.000000 0.000000 1.000000
vn 0.000000 0.000000 1.000000
vn 0.000000 0.000000 1.000000
vn 0.000000 0.000000 1.000000
vn 0.000001 0.000000 1.000000
vn 0.000001 0.000000 1.000000
vn 0.000001 0.000000 1.000000
vn 0.000001 0.000000 1.000000
vn 0.000000 0.000000 1.000000
vn 0.000000 0.000000 1.000000
vn 0.000000 0.000000 1.000000
vn 0.000000 0.000000 1.000000
vn 0.000000 0.000000 1.000000
vn 0.000000 0.000000 1.000000
vn 0.000000 0.000000 1.000000
vn 0.000000 0.000000 1.000000
vn -0.000001 0.000000 1.000000
vn -0.000001 0.000000 1.000000
vn -0.000001 0.000000 1.000000
vn -0.000001 0.000000 1.000000
vn 0.000000 0.000000 1.000000
vn 0.000000 0.000000 1.000000
vn 0.000000 0.000000 1.000000
vn 0.000000 0.000000 1.000000
vn 0.000000 1.000000 0.000000
vn 0.000000 1.000000 0.000000
vn 0.000000 1.000000 0.000000
vn 0.000000 1.000000 0.000000
vn -0.866026 0.500000 0.000000
vn -0.866026 0.500000 0.000000
vn -0.866026 0.500000 0.000000
vn -0.866026 0.500000 0.000000
vn -0.866026 -0.500000 0.000000
vn -0.866026 -0.500000 0.000000
vn -0.866026 -0.500000 0.000000
vn -0.866026 -0.500000 0.000000
vn 0.000000 -1.000000 0.000000
vn 0.000000 -1.000000 0.000000
vn 0.000000 -1.000000 0.000000
vn 0.000000 -1.000000 0.000000
vn 0.866026 -0.500000 0.000000
vn 0.866026 -0.500000 0.000000
vn 0.866026 -0.500000 0.000000
vn 0.866026 -0.500000 0.000000
vn 0.866026 0.500000 0.000000
vn 0.866026 0.500000 0.000000
vn 0.866026 0.500000 0.000000
vn 0.866026 0.500000 0.000000
vn 0.000000 0.000000 1.000000
vn 0.000000 0.000000 1.000000
vn 0.000000 0.000000 1.000000
vn 0.000000 0.000000 1.000000
vn 0.000000 0.000000 1.000000
vn 0.000000 0.000000 1.000000
vn 0.000000 0.000000 1.000000
vn 0.000000 0.000000 1.000000
vn 0.000000 0.000000 1.000000
vn 0.000000 0.000000 1.000000
vn 0.000000 0.000000 1.000000
vn 0.000000 0.000000 1.000000
vn 0.500000 0.866026 0.000000
vn -0.500001 0.866025 0.000000
vn -0.500001 0.866025 0.000000
vn 0.500000 0.866026 0.000000
vn -1.000000 0.000000 0.000000
vn -1.000000 0.000000 0.000000
vn -0.500001 -0.866025 0.000000
vn -0.500001 -0.866025 0.000000
vn 0.500000 -0.866026 0.000000
vn 0.500000 -0.866026 0.000000
vn 1.000000 0.000000 0.000000
vn 1.000000 0.000000 0.000000
vn 0.000000 0.000000 1.000000
vn 0.000000 0.000000 1.000000
vn 0.000000 0.000000 1.000000
vn 0.000000 0.000000 1.000000
vn 0.000000 0.000000 1.000000
vn 0.000000 0.000000 1.000000
vn 0.500000 0.866026 0.000000
vn -0.500001 0.866025 0.000000
vn -0.500001 0.866025 0.000000
vn 0.500000 0.866026 0.000000
vn -1.000000 0.000000 0.000000
vn -1.000000 0.000000 0.000000
vn -0.500001 -0.866025 0.000000
vn -0.500001 -0.866025 0.000000
vn 0.500000 -0.866026 0.000000
vn 0.500000 -0.866026 0.000000
vn 1.000000 0.000000 0.000000
vn 1.000000 0.000000 0.000000
vn 0.000000 0.000000 1.000000
vn 0.000000 0.000000 1.000000
vn 0.000000 0.000000 1.000000
vn 0.000000 0.000000 1.000000
vn 0.000000 0.000000 1.000000
vn 0.000000 0.000000 1.000000
vn 0.500000 0.866026 0.000000
vn -0.500001 0.866025 0.000000
vn -0.500001 0.866025 0.000000
vn 0.500000 0.866026 0.000000
vn -1.000000 0.000000 0.000000
vn -1.000000 0.000000 0.000000
vn -0.500001 -0.866025 0.000000
vn -0.500001 -0.866025 0.000000
vn 0.500000 -0.866026 0.000000
vn 0.500000 -0.866026 0.000000
vn 1.000000 0.000000 0.000000
vn 1.000000 0.000000 0.000000
vn 0.000000 0.000000 1.000000
vn 0.000000 0.000000 1.000000
vn 0.000000 0.000000 1.000000
vn 0.000000 0.000000 1.000000
vn 0.000000 0.000000 1.000000
vn 0.000000 0.000000 1.000000
vn 0.500000 0.866026 0.000000
vn -0.500001 0.866025 0.000000
vn -0.500001 0.866025 0.000000
vn 0.500000 0.866026 0.000000
vn -1.000000 0.000000 0.000000
vn -1.000000 0.000000 0.000000
vn -0.500001 -0.866025 0.000000
vn -0.500001 -0.866025 0.000000
vn 0.500000 -0.866026 0.000000
vn 0.500000 -0.866026 0.000000
vn 1.000000 0.000000 0.000000
vn 1.000000 0.000000 0.000000
vn 0.000000 0.000000 1.000000
vn 0.000000 0.000000 1.000000
vn 0.000000 0.000000 1.000000
vn 0.000000 0.000000 1.000000
vn 0.000000 0.000000 1.000000
vn 0.000000 0.000000 1.000000
vn 0.000000 1.000000 0.000000
vn 0.000000 1.000000 0.000000
vn 0.000000 1.000000 0.000000
vn 0.000000 1.000000 0.000000
vn -0.866028 0.499996 0.000000
vn -0.866028 0.499996 0.000000
vn -0.866028 0.499996 0.000000
vn -0.866028 0.499996 0.000000
vn -0.866028 -0.499996 0.000000
vn -0.866028 -0.499996 0.000000
vn -0.866028 -0.499996 0.000000
vn -0.866028 -0.499996 0.000000
vn 0.000000 -1.000000 0.000000
vn 0.000000 -1.000000 0.000000
vn 0.000000 -1.000000 0.000000
vn 0.000000 -1.000000 0.000000
vn 0.866025 -0.500000 0.000000
vn 0.866025 -0.500000 0.000000
vn 0.866025 -0.500000 0.000000
vn 0.866025 -0.500000 0.000000
vn 0.866025 0.500000 0.000000
vn 0.866025 0.500000 0.000000
vn 0.866025 0.500000 0.000000
vn 0.866025 0.500000 0.000000
vn 0.000000 0.000000 1.000000
vn 0.000000 0.000000 1.000000
vn 0.000000 0.000000 1.000000
vn 0.000000 0.000000 1.000000
vn 0.000000 0.000000 1.000000
vn 0.000000 0.000000 1.000000
vn 0.000000 0.000000 1.000000
vn 0.000000 0.000000 1.000000
vn 0.000001 0.000000 1.000000
vn 0.000001 0.000000 1.000000
vn 0.000001 0.000000 1.000000
vn 0.000001 0.000000 1.000000
vn 0.000000 0.000000 1.000000
vn 0.000000 0.000000 1.000000
vn 0.000000 0.000000 1.000000
vn 0.000000 0.000000 1.000000
vn -0.000001 0.000000 1.000000
vn -0.000001 0.000000 1.000000
vn -0.000001 0.000000 1.000000
vn -0.000001 0.000000 1.000000
vn 0.000000 0.000000 1.000000
vn 0.000000 0.000000 1.000000
vn 0.000000 0.000000 1.000000
vn 0.000000 0.000000 1.000000
vn 0.000000 1.000000 0.000000
vn 0.000000 1.000000 0.000000
vn 0.000000 1.000000 0.000000
vn 0.000000 1.000000 0.000000
vn -0.866024 0.500002 0.000000
vn -0.866024 0.500002 0.000000
vn -0.866024 0.500002 0.000000
vn -0.866024 0.500002 0.000000
vn -0.866025 -0.500000 0.000000
vn -0.866025 -0.500000 0.000000
vn -0.866025 -0.500000 0.000000
vn -0.866025 -0.500000 0.000000
vn 0.000000 -1.000000 0.000000
vn 0.000000 -1.000000 0.000000
vn 0.000000 -1.000000 0.000000
vn 0.000000 -1.000000 0.000000
vn 0.866025 -0.500001 0.000000
vn 0.866025 -0.500001 0.000000
vn 0.866025 -0.500001 0.000000
vn 0.866025 -0.500001 0.000000
vn 0.866024 0.500003 0.000000
vn 0.866024 0.500003 0.000000
vn 0.866024 0.500003 0.000000
vn 0.866024 0.500003 0.000000
vn 0.000000 0.000000 1.000000
vn 0.000000 0.000000 1.000000
vn 0.000000 0.000000 1.000000
vn 0.000000 0.000000 1.000000
vn 0.000000 0.000000 1.000000
vn 0.000000 0.000000 1.000000
vn 0.000000 0.000000 1.000000
vn 0.000000 0.000000 1.000000
vn 0.000000 0.000000 1.000000
vn 0.000000 0.000000 1.000000
vn 0.000000 0.000000 1.000000
vn 0.000000 0.000000 1.000000
vn 0.000000 1.000000 0.000000
vn 0.000000 1.000000 0.000000
vn 0.000000 1.000000 0.000000
vn 0.000000 1.000000 0.000000
vn -0.866027 0.499996 0.000000
vn -0.866027 0.499996 0.000000
vn -0.866027 0.499996 0.000000
vn -0.866027 0.499996 0.000000
vn -0.866027 -0.499996 0.000000
vn -0.866027 -0.499996 0.000000
vn -0.866027 -0.499996 0.000000
vn -0.866027 -0.499996 0.000000
vn 0.000000 -1.000000 0.000000
vn 0.000000 -1.000000 0.000000
vn 0.000000 -1.000000 0.000000
vn 0.000000 -1.000000 0.000000
vn 0.866026 -0.500000 0.000000
vn 0.866026 -0.500000 0.000000
vn 0.866026 -0.500000 0.000000
vn 0.866026 -0.500000 0.000000
vn 0.866026 0.500000 0.000000
vn 0.866026 0.500000 0.000000
vn 0.866026 0.500000 0.000000
vn 0.866026 0.500000 0.000000
vn 0.000000 0.000000 1.000000
vn 0.000000 0.000000 1.000000
vn 0.000000 0.000000 1.000000
vn 0.000000 0.000000 1.000000
vn 0.000000 0.000000 1.000000
vn 0.000000 0.000000 1.000000
vn 0.000000 0.000000 1.000000
vn 0.000000 0.000000 1.000000
vn 0.000001 0.000000 1.000000
vn 0.000001 0.000000 1.000000
vn 0.000001 0.000000 1.000000
vn 0.000001 0.000000 1.000000
vn 0.000000 0.000000 1.000000
vn 0.000000 0.000000 1.000000
vn 0.000000 0.000000 1.000000
vn 0.000000 0.000000 1.000000
vn -0.000001 0.000000 1.000000
vn -0.000001 0.000000 1.000000
vn -0.000001 0.000000 1.000000
vn -0.000001 0.000000 1.000000
vn 0.000000 0.000000 1.000000
vn 0.000000 0.000000 1.000000
vn 0.000000 0.000000 1.000000
vn 0.000000 0.000000 1.000000
vn 0.000000 1.000000 0.000000
vn 0.000000 1.000000 0.000000
vn 0.000000 1.000000 0.000000
vn 0.000000 1.000000 0.000000
vn -0.866024 0.500002 0.000000
vn -0.866024 0.500002 0.000000
vn -0.866024 0.500002 0.000000
vn -0.866024 0.500002 0.000000
vn -0.866025 -0.500000 0.000000
vn -0.866025 -0.500000 0.000000
vn -0.866025 -0.500000 0.000000
vn -0.866025 -0.500000 0.000000
vn 0.000000 -1.000000 0.000000
vn 0.000000 -1.000000 0.000000
vn 0.000000 -1.000000 0.000000
vn 0.000000 -1.000000 0.000000
vn 0.866025 -0.500000 0.000000
vn 0.866025 -0.500000 0.000000
vn 0.866025 -0.500000 0.000000
vn 0.866025 -0.500000 0.000000
vn 0.866024 0.500002 0.000000
vn 0.866024 0.500002 0.000000
vn 0.866024 0.500002 0.000000
vn 0.866024 0.500002 0.000000
vn 0.000000 0.000000 1.000000
vn 0.000000 0.000000 1.000000
vn 0.000000 0.000000 1.000000
vn 0.000000 0.000000 1.000000
vn 0.000000 0.000000 1.000000
vn 0.000000 0.000000 1.000000
vn 0.000000 0.000000 1.000000
vn 0.000000 0.000000 1.000000
vn 0.000000 0.000000 1.000000
vn 0.000000 0.000000 1.000000
vn 0.000000 0.000000 1.000000
vn 0.000000 0.000000 1.000000
vn 0.000000 1.000000 0.000000
vn 0.000000 1.000000 0.000000
vn 0.000000 1.000000 0.000000
vn 0.000000 1.000000 0.000000
vn -0.866028 0.499996 0.000000
vn -0.866028 0.499996 0.000000
vn -0.866028 0.499996 0.000000
vn -0.866028 0.499996 0.000000
vn -0.866028 -0.499996 0.000000
vn -0.866028 -0.499996 0.000000
vn -0.866028 -0.499996 0.000000
vn -0.866028 -0.499996 0.000000
vn 0.000000 -1.000000 0.000000
vn 0.000000 -1.000000 0.000000
vn 0.000000 -1.000000 0.000000
vn 0.000000 -1.000000 0.000000
vn 0.866026 -0.500000 0.000000
vn 0.866026 -0.500000 0.000000
vn 0.866026 -0.500000 0.000000
vn 0.866026 -0.500000 0.000000
vn 0.866026 0.500000 0.000000
vn 0.866026 0.500000 0.000000
vn 0.866026 0.500000 0.000000
vn 0.866026 0.500000 0.000000
vn 0.000000 0.000000 1.000000
vn 0.000000 0.000000 1.000000
vn 0.000000 0.000000 1.000000
vn 0.000000 0.000000 1.000000
vn 0.000000 0.000000 1.000000
vn 0.000000 0.000000 1.000000
vn 0.000000 0.000000 1.000000
vn 0.000000 0.000000 1.000000
vn 0.000001 0.000000 1.000000
vn 0.000001 0.000000 1.000000
vn 0.000001 0.000000 1.000000
vn 0.000001 0.000000 1.000000
vn 0.000000 0.000000 1.000000
vn 0.000000 0.000000 1.000000
vn 0.000000 0.000000 1.000000
vn 0.000000 0.000000 1.000000
vn -0.000001 0.000000 1.000000
vn -0.000001 0.000000 1.000000
vn -0.000001 0.000000 1.000000
vn -0.000001 0.000000 1.000000
vn 0.000000 0.000000 1.000000
vn 0.000000 0.000000 1.000000
vn 0.000000 0.000000 1.000000
vn 0.000000 0.000000 1.000000
vn 0.000000 1.000000 0.000000
vn 0.000000 1.000000 0.000000
vn 0.000000 1.000000 0.000000
vn 0.000000 1.000000 0.000000
vn -0.866024 0.500002 0.000000
vn -0.866024 0.500002 0.000000
vn -0.866024 0.500002 0.000000
vn -0.866024 0.500002 0.000000
vn -0.866025 -0.500000 0.000000
vn -0.866025 -0.500000 0.000000
vn -0.866025 -0.500000 0.000000
vn -0.866025 -0.500000 0.000000
vn 0.000000 -1.000000 0.000000
vn 0.000000 -1.000000 0.000000
vn 0.000000 -1.000000 0.000000
vn 0.000000 -1.000000 0.000000
vn 0.866025 -0.500000 0.000000
vn 0.866025 -0.500000 0.000000
vn 0.866025 -0.500000 0.000000
vn 0.866025 -0.500000 0.000000
vn 0.866024 0.500002 0.000000
vn 0.866024 0.500002 0.000000
vn 0.866024 0.500002 0.000000
vn 0.866024 0.500002 0.000000
vn 0.000000 0.000000 1.000000
vn 0.000000 0.000000 1.000000
vn 0.000000 0.000000 1.000000
vn 0.000000 0.000000 1.000000
vn 0.000000 0.000000 1.000000
vn 0.000000 0.000000 1.000000
vn 0.000000 0.000000 1.000000
vn 0.000000 0.000000 1.000000
vn 0.000000 0.000000 1.000000
vn 0.000000 0.000000 1.000000
vn 0.000000 0.000000 1.000000
vn 0.000000 0.000000 1.000000
vn 0.000000 1.000000 0.000000
vn 0.000000 1.000000 0.000000
vn 0.000000 1.000000 0.000000
vn 0.000000 1.000000 0.000000
vn -0.866027 0.499997 0.000000
vn -0.866027 0.499997 0.000000
vn -0.866027 0.499997 0.000000
vn -0.866027 0.499997 0.000000
vn -0.866027 -0.499997 0.000000
vn -0.866027 -0.499997 0.000000
vn -0.866027 -0.499997 0.000000
vn -0.866027 -0.499997 0.000000
vn 0.000000 -1.000000 0.000000
vn 0.000000 -1.000000 0.000000
vn 0.000000 -1.000000 0.000000
vn 0.000000 -1.000000 0.000000
vn 0.866026 -0.500000 0.000000
vn 0.866026 -0.500000 0.000000
vn 0.866026 -0.500000 0.000000
vn 0.866026 -0.500000 0.000000
vn 0.866026 0.500000 0.000000
vn 0.866026 0.500000 0.000000
vn 0.866026 0.500000 0.000000
vn 0.866026 0.500000 0.000000
vn 0.000000 0.000000 1.000000
vn 0.000000 0.000000 1.000000
vn 0.000000 0.000000 1.000000
vn 0.000000 0.000000 1.000000
vn 0.000000 0.000000 1.000000
vn 0.000000 0.000000 1.000000
vn 0.000000 0.000000 1.000000
vn 0.000000 0.000000 1.000000
vn 0.000001 0.000000 1.000000
vn 0.000001 0.000000 1.000000
vn 0.000001 0.000000 1.000000
vn 0.000001 0.000000 1.000000
vn 0.000000 0.000000 1.000000
vn 0.000000 0.000000 1.000000
vn 0.000000 0.000000 1.000000
vn 0.000000 0.000000 1.000000
vn -0.000001 0.000000 1.000000
vn -0.000001 0.000000 1.000000
vn -0.000001 0.000000 1.000000
vn -0.000001 0.000000 1.000000
vn 0.000000 0.000000 1.000000
vn 0.000000 0.000000 1.000000
vn 0.000000 0.000000 1.000000
vn 0.000000 0.000000 1.000000
vn 0.000000 1.000000 0.000000
vn 0.000000 1.000000 0.000000
vn 0.000000 1.000000 0.000000
vn 0.000000 1.000000 0.000000
vn -0.866024 0.500002 0.000000
vn -0.866024 0.500002 0.000000
vn -0.866024 0.500002 0.000000
vn -0.866024 0.500002 0.000000
vn -0.866025 -0.500000 0.000000
vn -0.866025 -0.500000 0.000000
vn -0.866025 -0.500000 0.000000
vn -0.866025 -0.500000 0.000000
vn 0.000000 -1.000000 0.000000
vn 0.000000 -1.000000 0.000000
vn 0.000000 -1.000000 0.000000
vn 0.000000 -1.000000 0.000000
vn 0.866025 -0.500000 0.000000
vn 0.866025 -0.500000 0.000000
vn 0.866025 -0.500000 0.000000
vn 0.866025 -0.500000 0.000000
vn 0.866024 0.500002 0.000000
vn 0.866024 0.500002 0.000000
vn 0.866024 0.500002 0.000000
vn 0.866024 0.500002 0.000000
vn 0.000000 0.000000 1.000000
vn 0.000000 0.000000 1.000000
vn 0.000000 0.000000 1.000000
vn 0.000000 0.000000 1.000000
vn 0.000000 0.000000 1.000000
vn 0.000000 0.000000 1.000000
vn 0.000000 0.000000 1.000000
vn 0.000000 0.000000 1.000000
vn 0.000000 0.000000 1.000000
vn 0.000000 0.000000 1.000000
vn 0.000000 0.000000 1.000000
vn 0.000000 0.000000 1.000000
vn 0.000000 1.000000 0.000000
vn 0.000000 1.000000 0.000000
vn 0.000000 1.000000 0.000000
vn 0.000000 1.000000 0.000000
vn -0.866028 0.499996 0.000000
vn -0.866028 0.499996 0.000000
vn -0.866028 0.499996 0.000000
vn -0.866028 0.499996 0.000000
vn -0.866028 -0.499996 0.000000
vn -0.866028 -0.499996 0.000000
vn -0.866028 -0.499996 0.000000
vn -0.866028 -0.499996 0.000000
vn 0.000000 -1.000000 0.000000
vn 0.000000 -1.000000 0.000000
vn 0.000000 -1.000000 0.000000
vn 0.000000 -1.000000 0.000000
vn 0.866025 -0.500000 0.000000
vn 0.866025 -0.500000 0.000000
vn 0.866025 -0.500000 0.000000
vn 0.866025 -0.500000 0.000000
vn 0.866025 0.500000 0.000000
vn 0.866025 0.500000 0.000000
vn 0.866025 0.500000 0.000000
vn 0.866025 0.500000 0.000000
vn 0.000000 0.000000 1.000000
vn 0.000000 0.000000 1.000000
vn 0.000000 0.000000 1.000000
vn 0.000000 0.000000 1.000000
vn 0.000001 0.000000 1.000000
vn 0.000001 0.000000 1.000000
vn 0.000001 0.000000 1.000000
vn 0.000001 0.000000 1.000000
vn 0.000001 0.000000 1.000000
vn 0.000001 0.000000 1.000000
vn 0.000001 0.000000 1.000000
vn 0.000001 0.000000 1.000000
vn 0.000000 0.000000 1.000000
vn 0.000000 0.000000 1.000000
vn 0.000000 0.000000 1.000000
vn 0.000000 0.000000 1.000000
vn -0.000001 0.000000 1.000000
vn -0.000001 0.000000 1.000000
vn -0.000001 0.000000 1.000000
vn -0.000001 0.000000 1.000000
vn -0.000001 0.000000 1.000000
vn -0.000001 0.000000 1.000000
vn -0.000001 0.000000 1.000000
vn -0.000001 0.000000 1.000000
vn 0.000000 1.000000 0.000000
vn 0.000000 1.000000 0.000000
vn 0.000000 1.000000 0.000000
vn 0.000000 1.000000 0.000000
vn -0.866025 0.500000 0.000000
vn -0.866025 0.500000 0.000000
vn -0.866025 0.500000 0.000000
vn -0.866025 0.500000 0.000000
vn -0.866025 -0.500000 0.000000
vn -0.866025 -0.500000 0.000000
vn -0.866025 -0.500000 0.000000
vn -0.866025 -0.500000 0.000000
vn 0.000000 -1.000000 0.000000
vn 0.000000 -1.000000 0.000000
vn 0.000000 -1.000000 0.000000
vn 0.000000 -1.000000 0.000000
vn 0.866025 -0.500001 0.000000
vn 0.866025 -0.500001 0.000000
vn 0.866025 -0.500001 0.000000
vn 0.866025 -0.500001 0.000000
vn 0.866025 0.500001 0.000000
vn 0.866025 0.500001 0.000000
vn 0.866025 0.500001 0.000000
vn 0.866025 0.500001 0.000000
vn 0.000000 0.000000 1.000000
vn 0.000000 0.000000 1.000000
vn 0.000000 0.000000 1.000000
vn 0.000000 0.000000 1.000000
vn 0.000000 0.000000 1.000000
vn 0.000000 0.000000 1.000000
vn 0.000000 0.000000 1.000000
vn 0.000000 0.000000 1.000000
vn 0.000000 0.000000 1.000000
vn 0.000000 0.000000 1.000000
vn 0.000000 0.000000 1.000000
vn 0.000000 0.000000 1.000000
vn 0.000000 1.000000 0.000000
vn 0.000000 1.000000 0.000000
vn 0.000000 1.000000 0.000000
vn 0.000000 1.000000 0.000000
vn -0.866027 0.499996 0.000000
vn -0.866027 0.499996 0.000000
vn -0.866027 0.499996 0.000000
vn -0.866027 0.499996 0.000000
vn -0.866027 -0.499996 0.000000
vn -0.866027 -0.499996 0.000000
vn -0.866027 -0.499996 0.000000
vn -0.866027 -0.499996 0.000000
vn 0.000000 -1.000000 0.000000
vn 0.000000 -1.000000 0.000000
vn 0.000000 -1.000000 0.000000
vn 0.000000 -1.000000 0.000000
vn 0.866026 -0.500000 0.000000
vn 0.866026 -0.500000 0.000000
vn 0.866026 -0.500000 0.000000
vn 0.866026 -0.500000 0.000000
vn 0.866026 0.500000 0.000000
vn 0.866026 0.500000 0.000000
vn 0.866026 0.500000 0.000000
vn 0.866026 0.500000 0.000000
vn 0.000000 0.000000 1.000000
vn 0.000000 0.000000 1.000000
vn 0.000000 0.000000 1.000000
vn 0.000000 0.000000 1.000000
vn 0.000001 0.000000 1.000000
vn 0.000001 0.000000 1.000000
vn 0.000001 0.000000 1.000000
vn 0.000001 0.000000 1.000000
vn 0.000001 0.000000 1.000000
vn 0.000001 0.000000 1.000000
vn 0.000001 0.000000 1.000000
vn 0.000001 0.000000 1.000000
vn 0.000000 0.000000 1.000000
vn 0.000000 0.000000 1.000000
vn 0.000000 0.000000 1.000000
vn 0.000000 0.000000 1.000000
vn -0.000001 0.000000 1.000000
vn -0.000001 0.000000 1.000000
vn -0.000001 0.000000 1.000000
vn -0.000001 0.000000 1.000000
vn -0.000001 0.000000 1.000000
vn -0.000001 0.000000 1.000000
vn -0.000001 0.000000 1.000000
vn -0.000001 0.000000 1.000000
vn 0.000000 1.000000 0.000000
vn 0.000000 1.000000 0.000000
vn 0.000000 1.000000 0.000000
vn 0.000000 1.000000 0.000000
vn -0.866025 0.500000 0.000000
vn -0.866025 0.500000 0.000000
vn -0.866025 0.500000 0.000000
vn -0.866025 0.500000 0.000000
vn -0.866025 -0.500000 0.000000
vn -0.866025 -0.500000 0.000000
vn -0.866025 -0.500000 0.000000
vn -0.866025 -0.500000 0.000000
vn 0.000000 -1.000000 0.000000
vn 0.000000 -1.000000 0.000000
vn 0.000000 -1.000000 0.000000
vn 0.000000 -1.000000 0.000000
vn 0.866025 -0.500000 0.000000
vn 0.866025 -0.500000 0.000000
vn 0.866025 -0.500000 0.000000
vn 0.866025 -0.500000 0.000000
vn 0.866025 0.500000 0.000000
vn 0.866025 0.500000 0.000000
vn 0.866025 0.500000 0.000000
vn 0.866025 0.500000 0.000000
vn 0.000000 0.000000 1.000000
vn 0.000000 0.000000 1.000000
vn 0.000000 0.000000 1.000000
vn 0.000000 0.000000 1.000000
vn 0.000000 0.000000 1.000000
vn 0.000000 0.000000 1.000000
vn 0.000000 0.000000 1.000000
vn 0.000000 0.000000 1.000000
vn 0.000000 0.000000 1.000000
vn 0.000000 0.000000 1.000000
vn 0.000000 0.000000 1.000000
vn 0.000000 0.000000 1.000000
vn 0.000000 1.000000 0.000000
vn 0.000000 1.000000 0.000000
vn 0.000000 1.000000 0.000000
vn 0.000000 1.000000 0.000000
vn -0.866028 0.499996 0.000000
vn -0.866028 0.499996 0.000000
vn -0.866028 0.499996 0.000000
vn -0.866028 0.499996 0.000000
vn -0.866028 -0.499996 0.000000
vn -0.866028 -0.499996 0.000000
vn -0.866028 -0.499996 0.000000
vn -0.866028 -0.499996 0.000000
vn 0.000000 -1.000000 0.000000
vn 0.000000 -1.000000 0.000000
vn 0.000000 -1.000000 0.000000
vn 0.000000 -1.000000 0.000000
vn 0.866026 -0.500000 0.000000
vn 0.866026 -0.500000 0.000000
vn 0.866026 -0.500000 0.000000
vn 0.866026 -0.500000 0.000000
vn 0.866026 0.500000 0.000000
vn 0.866026 0.500000 0.000000
vn 0.866026 0.500000 0.000000
vn 0.866026 0.500000 0.000000
vn 0.000000 0.000000 1.000000
vn 0.000000 0.000000 1.000000
vn 0.000000 0.000000 1.000000
vn 0.000000 0.000000 1.000000
vn 0.000001 0.000000 1.000000
vn 0.000001 0.000000 1.000000
vn 0.000001 0.000000 1.000000
vn 0.000001 0.000000 1.000000
vn 0.000001 0.000000 1.000000
vn 0.000001 0.000000 1.000000
vn 0.000001 0.000000 1.000000
vn 0.000001 0.000000 1.000000
vn 0.000000 0.000000 1.000000
vn 0.000000 0.000000 1.000000
vn 0.000000 0.000000 1.000000
vn 0.000000 0.000000 1.000000
vn -0.000001 0.000000 1.000000
vn -0.000001 0.000000 1.000000
vn -0.000001 0.000000 1.000000
vn -0.000001 0.000000 1.000000
vn -0.000001 0.000000 1.000000
vn -0.000001 0.000000 1.000000
vn -0.000001 0.000000 1.000000
vn -0.000001 0.000000 1.000000
vn 0.000000 1.000000 0.000000
vn 0.000000 1.000000 0.000000
vn 0.000000 1.000000 0.000000
vn 0.000000 1.000000 0.000000
vn -0.866025 0.500000 0.000000
vn -0.866025 0.500000 0.000000
vn -0.866025 0.500000 0.000000
vn -0.866025 0.500000 0.000000
vn -0.866025 -0.500000 0.000000
vn -0.866025 -0.500000 0.000000
vn -0.866025 -0.500000 0.000000
vn -0.866025 -0.500000 0.000000
vn 0.000000 -1.000000 0.000000
vn 0.000000 -1.000000 0.000000
vn 0.000000 -1.000000 0.000000
vn 0.000000 -1.000000 0.000000
vn 0.866025 -0.500000 0.000000
vn 0.866025 -0.500000 0.000000
vn 0.866025 -0.500000 0.000000
vn 0.866025 -0.500000 0.000000
vn 0.866025 0.500000 0.000000
vn 0.866025 0.500000 0.000000
vn 0.866025 0.500000 0.000000
vn 0.866025 0.500000 0.000000
vn 0.000000 0.000000 1.000000
vn 0.000000 0.000000 1.000000
vn 0.000000 0.000000 1.000000
vn 0.000000 0.000000 1.000000
vn 0.000000 0.000000 1.000000
vn 0.000000 0.000000 1.000000
vn 0.000000 0.000000 1.000000
vn 0.000000 0.000000 1.000000
vn 0.000000 0.000000 1.000000
vn 0.000000 0.000000 1.000000
vn 0.000000 0.000000 1.000000
vn 0.000000 0.000000 1.000000
vn 0.000000 1.000000 0.000000
vn 0.000000 1.000000 0.000000
vn 0.000000 1.000000 0.000000
vn 0.000000 1.000000 0.000000
vn -0.866027 0.499997 0.000000
vn -0.866027 0.499997 0.000000
vn -0.866027 0.499997 0.000000
vn -0.866027 0.499997 0.000000
vn -0.866027 -0.499997 0.000000
vn -0.866027 -0.499997 0.000000
vn -0.866027 -0.499997 0.000000
vn -0.866027 -0.499997 0.000000
vn 0.000000 -1.000000 0.000000
vn 0.000000 -1.000000 0.000000
vn 0.000000 -1.000000 0.000000
vn 0.000000 -1.000000 0.000000
vn 0.866026 -0.500000 0.000000
vn 0.866026 -0.500000 0.000000
vn 0.866026 -0.500000 0.000000
vn 0.866026 -0.500000 0.000000
vn 0.866026 0.500000 0.000000
vn 0.866026 0.500000 0.000000
vn 0.866026 0.500000 0.000000
vn 0.866026 0.500000 0.000000
vn 0.000000 0.000000 1.000000
vn 0.000000 0.000000 1.000000
vn 0.000000 0.000000 1.000000
vn 0.000000 0.000000 1.000000
vn 0.000001 0.000000 1.000000
vn 0.000001 0.000000 1.000000
vn 0.000001 0.000000 1.000000
vn 0.000001 0.000000 1.000000
vn 0.000001 0.000000 1.000000
vn 0.000001 0.000000 1.000000
vn 0.000001 0.000000 1.000000
vn 0.000001 0.000000 1.000000
vn 0.000000 0.000000 1.000000
vn 0.000000 0.000000 1.000000
vn 0.000000 0.000000 1.000000
vn 0.000000 0.000000 1.000000
vn -0.000001 0.000000 1.000000
vn -0.000001 0.000000 1.000000
vn -0.000001 0.000000 1.000000
vn -0.000001 0.000000 1.000000
vn -0.000001 0.000000 1.000000
vn -0.000001 0.000000 1.000000
vn -0.000001 0.000000 1.000000
vn -0.000001 0.000000 1.000000
vn 0.000000 1.000000 0.000000
vn 0.000000 1.000000 0.000000
vn 0.000000 1.000000 0.000000
vn 0.000000 1.000000 0.000000
vn -0.866025 0.500000 0.000000
vn -0.866025 0.500000 0.000000
vn -0.866025 0.500000 0.000000
vn -0.866025 0.500000 0.000000
vn -0.866025 -0.500000 0.000000
vn -0.866025 -0.500000 0.000000
vn -0.866025 -0.500000 0.000000
vn -0.866025 -0.500000 0.000000
vn 0.000000 -1.000000 0.000000
vn 0.000000 -1.000000 0.000000
vn 0.000000 -1.000000 0.000000
vn 0.000000 -1.000000 0.000000
vn 0.866025 -0.500000 0.000000
vn 0.866025 -0.500000 0.000000
vn 0.866025 -0.500000 0.000000
vn 0.866025 -0.500000 0.000000
vn 0.866025 0.500000 0.000000
vn 0.866025 0.500000 0.000000
vn 0.866025 0.500000 0.000000
vn 0.866025 0.500000 0.000000
vn 0.000000 0.000000 1.000000
vn 0.000000 0.000000 1.000000
vn 0.000000 0.000000 1.000000
vn 0.000000 0.000000 1.000000
vn 0.000000 0.000000 1.000000
vn 0.000000 0.000000 1.000000
vn 0.000000 0.000000 1.000000
vn 0.000000 0.000000 1.000000
vn 0.000000 0.000000 1.000000
vn 0.000000 0.000000 1.000000
vn 0.000000 0.000000 1.000000
vn 0.000000 0.000000 1.000000
vn 0.499997 0.866027 0.000000
vn -0.500001 0.866025 0.000000
vn -0.500001 0.866025 0.000000
vn 0.499997 0.866027 0.000000
vn -1.000000 0.000000 0.000000
vn -1.000000 0.000000 0.000000
vn -0.500001 -0.866025 0.000000
vn -0.500001 -0.866025 0.000000
vn 0.499997 -0.866027 0.000000
vn 0.499997 -0.866027 0.000000
vn 1.000000 0.000000 0.000000
vn 1.000000 0.000000 0.000000
vn 0.000000 0.000000 1.000000
vn 0.000000 0.000000 1.000000
vn 0.000000 0.000000 1.000000
vn 0.000000 0.000000 1.000000
vn 0.000000 0.000000 1.000000
vn 0.000000 0.000000 1.000000
vn 0.500001 0.866025 0.000000
vn -0.499999 0.866026 0.000000
vn -0.499999 0.866026 0.000000
vn 0.500001 0.866025 0.000000
vn -1.000000 0.000000 0.000000
vn -1.000000 0.000000 0.000000
vn -0.499999 -0.866026 0.000000
vn -0.499999 -0.866026 0.000000
vn 0.500001 -0.866025 0.000000
vn 0.500001 -0.866025 0.000000
vn 1.000000 0.000000 0.000000
vn 1.000000 0.000000 0.000000
vn 0.000000 0.000000 1.000000
vn 0.000000 0.000000 1.000000
vn 0.000000 0.000000 1.000000
vn 0.000000 0.000000 1.000000
vn 0.000000 0.000000 1.000000
vn 0.000000 0.000000 1.000000
vn 0.499999 0.866026 0.000000
vn -0.499999 0.866026 0.000000
vn -0.499999 0.866026 0.000000
vn 0.499999 0.866026 0.000000
vn -1.000000 0.000000 0.000000
vn -1.000000 0.000000 0.000000
vn -0.499999 -0.866026 0.000000
vn -0.499999 -0.866026 0.000000
vn 0.499999 -0.866026 0.000000
vn 0.499999 -0.866026 0.000000
vn 1.000000 0.000000 0.000000
vn 1.000000 0.000000 0.000000
vn 0.000000 0.000000 1.000000
vn 0.000000 0.000000 1.000000
vn 0.000000 0.000000 1.000000
vn 0.000000 0.000000 1.000000
vn 0.000000 0.000000 1.000000
vn 0.000000 0.000000 1.000000
vn 0.500000 0.866025 0.000000
vn -0.499999 0.866026 0.000000
vn -0.499999 0.866026 0.000000
vn 0.500000 0.866025 0.000000
vn -1.000000 0.000000 0.000000
vn -1.000000 0.000000 0.000000
vn -0.499999 -0.866026 0.000000
vn -0.499999 -0.866026 0.000000
vn 0.500000 -0.866025 0.000000
vn 0.500000 -0.866025 0.000000
vn 1.000000 0.000000 0.000000
vn 1.000000 0.000000 0.000000
vn 0.000000 0.000000 1.000000
vn 0.000000 0.000000 1.000000
vn 0.000000 0.000000 1.000000
vn 0.000000 0.000000 1.000000
vn 0.000000 0.000000 1.000000
vn 0.000000 0.000000 1.000000
vn 0.499999 0.866026 0.000000
vn -0.500001 0.866025 0.000000
vn -0.500001 0.866025 0.000000
vn 0.499999 0.866026 0.000000
vn -1.000000 0.000000 0.000000
vn -1.000000 0.000000 0.000000
vn -0.500001 -0.866025 0.000000
vn -0.500001 -0.866025 0.000000
vn 0.499999 -0.866026 0.000000
vn 0.499999 -0.866026 0.000000
vn 1.000000 0.000000 0.000000
vn 1.000000 0.000000 0.000000
vn 0.000000 0.000000 1.000000
vn 0.000000 0.000000 1.000000
vn 0.000000 0.000000 1.000000
vn 0.000000 0.000000 1.000000
vn 0.000000 0.000000 1.000000
vn 0.000000 0.000000 1.000000
vn 0.499999 0.866026 0.000000
vn -0.499999 0.866026 0.000000
vn -0.499999 0.866026 0.000000
vn 0.499999 0.866026 0.000000
vn -1.000000 0.000000 0.000000
vn -1.000000 0.000000 0.000000
vn -0.499999 -0.866026 0.000000
vn -0.499999 -0.866026 0.000000
vn 0.499999 -0.866026 0.000000
vn 0.499999 -0.866026 0.000000
vn 1.000000 0.000000 0.000000
vn 1.000000 0.000000 0.000000
vn 0.000000 0.000000 1.000000
vn 0.000000 0.000000 1.000000
vn 0.000000 0.000000 1.000000
vn 0.000000 0.000000 1.000000
vn 0.000000 0.000000 1.000000
vn 0.000000 0.000000 1.000000
vn 0.000000 0.000000 1.000000
vn 0.000000 0.000000 1.000000
vn 0.000000 0.000000 1.000000
vn 0.000000 0.000000 1.000000
vn 0.000000 0.906249 0.422744
vn 0.000000 0.906249 0.422744
vn 0.000000 0.906249 0.422744
vn 0.000000 0.906249 0.422744
vn 0.000000 -1.000000 0.000000
vn 0.000000 -1.000000 0.000000
vn 0.000000 -1.000000 0.000000
vn 0.000000 -1.000000 0.000000
vn 1.000000 0.000000 0.000000
vn 1.000000 0.000000 0.000000
vn 1.000000 0.000000 0.000000
vn 1.000000 0.000000 0.000000
vn -1.000000 0.000000 0.000000
vn -1.000000 0.000000 0.000000
vn -1.000000 0.000000 0.000000
vn -1.000000 0.000000 0.000000
vn 0.500000 0.866026 0.000000
vn -0.500000 0.866025 0.000000
vn -0.500000 0.866025 0.000000
vn 0.500000 0.866026 0.000000
vn -1.000000 0.000000 0.000000
vn -1.000000 0.000000 0.000000
vn -0.500000 -0.866025 0.000000
vn -0.500000 -0.866025 0.000000
vn 0.500000 -0.866026 0.000000
vn 0.500000 -0.866026 0.000000
vn 1.000000 0.000000 0.000000
vn 1.000000 0.000000 0.000000
vn 0.000000 0.000000 1.000000
vn 0.000000 0.000000 1.000000
vn 0.000000 0.000000 1.000000
vn 0.000000 0.000000 1.000000
vn 0.000000 0.000000 1.000000
vn 0.000000 0.000000 1.000000
vn 0.500000 0.866026 0.000000
vn -0.500000 0.866025 0.000000
vn -0.500000 0.866025 0.000000
vn 0.500000 0.866026 0.000000
vn -1.000000 0.000000 0.000000
vn -1.000000 0.000000 0.000000
vn -0.500000 -0.866025 0.000000
vn -0.500000 -0.866025 0.000000
vn 0.500000 -0.866026 0.000000
vn 0.500000 -0.866026 0.000000
vn 1.000000 0.000000 0.000000
vn 1.000000 0.000000 0.000000
vn 0.000000 0.000000 1.000000
vn 0.000000 0.000000 1.000000
vn 0.000000 0.000000 1.000000
vn 0.000000 0.000000 1.000000
vn 0.000000 0.000000 1.000000
vn 0.000000 0.000000 1.000000
vn 0.500000 0.866026 0.000000
vn -0.500000 0.866025 0.000000
vn -0.500000 0.866025 0.000000
vn 0.500000 0.866026 0.000000
vn -1.000000 0.000000 0.000000
vn -1.000000 0.000000 0.000000
vn -0.500000 -0.866025 0.000000
vn -0.500000 -0.866025 0.000000
vn 0.500000 -0.866026 0.000000
vn 0.500000 -0.866026 0.000000
vn 1.000000 0.000000 0.000000
vn 1.000000 0.000000 0.000000
vn 0.000000 0.000000 1.000000
vn 0.000000 0.000000 1.000000
vn 0.000000 0.000000 1.000000
vn 0.000000 0.000000 1.000000
vn 0.000000 0.000000 1.000000
vn 0.000000 0.000000 1.000000
vn 0.500000 0.866026 0.000000
vn -0.500000 0.866025 0.000000
vn -0.500000 0.866025 0.000000
vn 0.500000 0.866026 0.000000
vn -1.000000 0.000000 0.000000
vn -1.000000 0.000000 0.000000
vn -0.500000 -0.866025 0.000000
vn -0.500000 -0.866025 0.000000
vn 0.500000 -0.866026 0.000000
vn 0.500000 -0.866026 0.000000
vn 1.000000 0.000000 0.000000
vn 1.000000 0.000000 0.000000
vn 0.000000 0.000000 1.000000
vn 0.000000 0.000000 1.000000
vn 0.000000 0.000000 1.000000
vn 0.000000 0.000000 1.000000
vn 0.000000 0.000000 1.000000
vn 0.000000 0.000000 1.000000
vn 0.500000 0.866026 0.000000
vn -0.500000 0.866025 0.000000
vn -0.500000 0.866025 0.000000
vn 0.500000 0.866026 0.000000
vn -1.000000 0.000000 0.000000
vn -1.000000 0.000000 0.000000
vn -0.500000 -0.866025 0.000000
vn -0.500000 -0.866025 0.000000
vn 0.500000 -0.866026 0.000000
vn 0.500000 -0.866026 0.000000
vn 1.000000 0.000000 0.000000
vn 1.000000 0.000000 0.000000
vn 0.000000 0.000000 1.000000
vn 0.000000 0.000000 1.000000
vn 0.000000 0.000000 1.000000
vn 0.000000 0.000000 1.000000
vn 0.000000 0.000000 1.000000
vn 0.000000 0.000000 1.000000
vn 0.000000 0.000000 1.000000
vn 0.000000 0.000000 1.000000
vn 0.000000 0.000000 1.000000
vn 0.000000 0.000000 1.000000
vn 0.000000 0.906249 0.422744
vn 0.000000 0.906249 0.422744
vn 0.000000 0.906249 0.422744
vn 0.000000 0.906249 0.422744
vn 0.000000 -1.000000 0.000000
vn 0.000000 -1.000000 0.000000
vn 0.000000 -1.000000 0.000000
vn 0.000000 -1.000000 0.000000
vn -1.000000 0.000000 0.000000
vn -1.000000 0.000000 0.000000
vn -1.000000 0.000000 0.000000
vn -1.000000 0.000000 0.000000
vn 1.000000 0.000000 0.000000
vn 1.000000 0.000000 0.000000
vn 1.000000 0.000000 0.000000
vn 1.000000 0.000000 0.000000
vn 0.000000 1.000000 0.000000
vn 0.000000 1.000000 0.000000
vn 0.000000 1.000000 0.000000
vn 0.000000 1.000000 0.000000
vn 0.000000 -1.000000 0.000000
vn 0.000000 -1.000000 0.000000
vn 0.000000 -1.000000 0.000000
vn 0.000000 -1.000000 0.000000
vn -1.000000 0.000000 0.000000
vn -1.000000 0.000000 0.000000
vn -1.000000 0.000000 0.000000
vn -1.000000 0.000000 0.000000
vn 1.000000 0.000000 0.000000
vn 1.000000 0.000000 0.000000
vn 1.000000 0.000000 0.000000
vn 1.000000 0.000000 0.000000
vn 0.000003 -0.000011 1.000000
vn 0.000004 -0.000010 1.000000
vn -0.000004 -0.000010 1.000000
vn -0.000003 -0.000011 1.000000
vn -0.000004 0.000010 1.000000
vn -0.000003 0.000011 1.000000
vn 0.000004 0.000010 1.000000
vn 0.000003 0.000011 1.000000
vn 0.000000 -1.000000 0.000000
vn 0.000000 -1.000000 0.000000
vn 0.000000 -1.000000 0.000000
vn 0.000000 -1.000000 0.000000
vn -1.000000 0.000000 0.000000
vn -1.000000 0.000000 0.000000
vn -1.000000 0.000000 0.000000
vn -1.000000 0.000000 0.000000
vn 0.000000 1.000000 0.000000
vn 0.000000 1.000000 0.000000
vn 0.000000 1.000000 0.000000
vn 0.000000 1.000000 0.000000
vn 1.000000 0.000000 0.000000
vn 1.000000 0.000000 0.000000
vn 1.000000 0.000000 0.000000
vn 1.000000 0.000000 0.000000
vn 0.000000 1.000000 0.000000
vn 0.000000 1.000000 0.000000
vn 0.000000 1.000000 0.000000
vn 0.000000 1.000000 0.000000
vn 0.000000 -1.000000 0.000000
vn 0.000000 -1.000000 0.000000
vn 0.000000 -1.000000 0.000000
vn 0.000000 -1.000000 0.000000
vn -1.000000 0.000000 0.000000
vn -1.000000 0.000000 0.000000
vn -1.000000 0.000000 0.000000
vn -1.000000 0.000000 0.000000
vn 1.000000 0.000000 0.000000
vn 1.000000 0.000000 0.000000
vn 1.000000 0.000000 0.000000
vn 1.000000 0.000000 0.000000
vn -0.000003 -0.000011 -1.000000
vn -0.000004 -0.000010 -1.000000
vn 0.000004 -0.000010 -1.000000
vn 0.000003 -0.000011 -1.000000
vn 0.000004 0.000010 -1.000000
vn 0.000003 0.000011 -1.000000
vn -0.000004 0.000010 -1.000000
vn -0.000003 0.000011 -1.000000
vn 0.000000 -1.000000 0.000000
vn 0.000000 -1.000000 0.000000
vn 0.000000 -1.000000 0.000000
vn 0.000000 -1.000000 0.000000
vn -1.000000 0.000000 0.000000
vn -1.000000 0.000000 0.000000
vn -1.000000 0.000000 0.000000
vn -1.000000 0.000000 0.000000
vn 0.000000 1.000000 0.000000
vn 0.000000 1.000000 0.000000
vn 0.000000 1.000000 0.000000
vn 0.000000 1.000000 0.000000
vn 1.000000 0.000000 0.000000
vn 1.000000 0.000000 0.000000
vn 1.000000 0.000000 0.000000
vn 1.000000 0.000000 0.000000
vn -1.000000 0.000000 0.000000
vn -1.000000 0.000000 0.000000
vn -1.000000 0.000000 0.000000
vn -1.000000 0.000000 0.000000
vn 0.000000 0.000000 -1.000000
vn 0.000000 0.000000 -1.000000
vn 0.000000 0.000000 -1.000000
vn 0.000000 0.000000 -1.000000
vn 0.000000 -1.000000 0.000000
vn 0.000000 -1.000000 0.000000
vn 0.000000 -1.000000 0.000000
vn 0.000000 -1.000000 0.000000
vn 0.000000 0.000000 1.000000
vn 0.000000 0.000000 1.000000
vn 0.000000 0.000000 1.000000
vn 0.000000 0.000000 1.000000
vn 0.000000 1.000000 0.000000
vn 0.000000 1.000000 0.000000
vn 0.000000 1.000000 0.000000
vn 0.000000 1.000000 0.000000
vn 0.000000 1.000000 0.000000
vn 0.000000 1.000000 0.000000
vn 0.000000 1.000000 0.000000
vn 0.000000 1.000000 0.000000
vn 0.866026 0.499998 0.000000
vn 0.866026 0.499998 0.000000
vn 0.866026 0.499998 0.000000
vn 0.866026 0.499998 0.000000
vn 0.866026 -0.499998 0.000000
vn 0.866026 -0.499998 0.000000
vn 0.866026 -0.499998 0.000000
vn 0.866026 -0.499998 0.000000
vn 0.000000 -1.000000 0.000000
vn 0.000000 -1.000000 0.000000
vn 0.000000 -1.000000 0.000000
vn 0.000000 -1.000000 0.000000
vn -0.866026 -0.499998 0.000000
vn -0.866026 -0.499998 0.000000
vn -0.866026 -0.499998 0.000000
vn -0.866026 -0.499998 0.000000
vn -0.866026 0.499998 0.000000
vn -0.866026 0.499998 0.000000
vn -0.866026 0.499998 0.000000
vn -0.866026 0.499998 0.000000
vn 0.000000 0.000000 1.000000
vn 0.000000 0.000000 1.000000
vn 0.000000 0.000000 1.000000
vn 0.000000 0.000000 1.000000
vn 0.000000 0.000000 1.000000
vn 0.000000 0.000000 1.000000
vn 0.000000 0.000000 1.000000
vn 0.000000 0.000000 1.000000
vn 0.000000 0.000000 1.000000
vn 0.000000 0.000000 1.000000
vn 0.000000 0.000000 1.000000
vn 0.000000 0.000000 1.000000
vn 0.000000 0.000000 1.000000
vn 0.000000 0.000000 1.000000
vn 0.000000 0.000000 1.000000
vn 0.000000 0.000000 1.000000
vn 0.000000 0.000000 1.000000
vn 0.000000 0.000000 1.000000
vn 0.000000 0.000000 1.000000
vn 0.000000 0.000000 1.000000
vn 0.000000 0.000000 1.000000
vn 0.000000 0.000000 1.000000
vn 0.000000 0.000000 1.000000
vn 0.000000 0.000000 1.000000
vn 0.000000 1.000000 0.000000
vn 0.000000 1.000000 0.000000
vn 0.000000 1.000000 0.000000
vn 0.000000 1.000000 0.000000
vn 0.866025 0.500001 0.000000
vn 0.866025 0.500001 0.000000
vn 0.866025 0.500001 0.000000
vn 0.866025 0.500001 0.000000
vn 0.866025 -0.500001 0.000000
vn 0.866025 -0.500001 0.000000
vn 0.866025 -0.500001 0.000000
vn 0.866025 -0.500001 0.000000
vn 0.000000 -1.000000 0.000000
vn 0.000000 -1.000000 0.000000
vn 0.000000 -1.000000 0.000000
vn 0.000000 -1.000000 0.000000
vn -0.866025 -0.500001 0.000000
vn -0.866025 -0.500001 0.000000
vn -0.866025 -0.500001 0.000000
vn -0.866025 -0.500001 0.000000
vn -0.866025 0.500001 0.000000
vn -0.866025 0.500001 0.000000
vn -0.866025 0.500001 0.000000
vn -0.866025 0.500001 0.000000
vn 0.000000 0.000000 1.000000
vn 0.000000 0.000000 1.000000
vn 0.000000 0.000000 1.000000
vn 0.000000 0.000000 1.000000
vn 0.000000 0.000000 1.000000
vn 0.000000 0.000000 1.000000
vn 0.000000 0.000000 1.000000
vn 0.000000 0.000000 1.000000
vn 0.000000 0.000000 1.000000
vn 0.000000 0.000000 1.000000
vn 0.000000 0.000000 1.000000
vn 0.000000 0.000000 1.000000
vn -0.500000 0.866026 0.000000
vn -0.500000 0.866026 0.000000
vn 0.500001 0.866025 0.000000
vn 0.500001 0.866025 0.000000
vn 1.000000 0.000000 0.000000
vn 1.000000 0.000000 0.000000
vn 0.500001 -0.866025 0.000000
vn 0.500001 -0.866025 0.000000
vn -0.500000 -0.866026 0.000000
vn -0.500000 -0.866026 0.000000
vn -1.000000 0.000000 0.000000
vn -1.000000 0.000000 0.000000
vn 0.000000 0.000000 1.000000
vn 0.000000 0.000000 1.000000
vn 0.000000 0.000000 1.000000
vn 0.000000 0.000000 1.000000
vn 0.000000 0.000000 1.000000
vn 0.000000 0.000000 1.000000
vn 1.000000 0.000000 0.000000
vn 1.000000 0.000000 0.000000
vn 1.000000 0.000000 0.000000
vn 1.000000 0.000000 0.000000
vn 0.000000 1.000000 0.000000
vn 0.000000 1.000000 0.000000
vn 0.000000 1.000000 0.000000
vn 0.000000 1.000000 0.000000
vn 0.866027 0.499996 0.000000
vn 0.866027 0.499996 0.000000
vn 0.866027 0.499996 0.000000
vn 0.866027 0.499996 0.000000
vn 0.866027 -0.499996 0.000000
vn 0.866027 -0.499996 0.000000
vn 0.866027 -0.499996 0.000000
vn 0.866027 -0.499996 0.000000
vn 0.000000 -1.000000 0.000000
vn 0.000000 -1.000000 0.000000
vn 0.000000 -1.000000 0.000000
vn 0.000000 -1.000000 0.000000
vn -0.866026 -0.499998 0.000000
vn -0.866026 -0.499998 0.000000
vn -0.866026 -0.499998 0.000000
vn -0.866026 -0.499998 0.000000
vn -0.866026 0.499998 0.000000
vn -0.866026 0.499998 0.000000
vn -0.866026 0.499998 0.000000
vn -0.866026 0.499998 0.000000
vn 0.000000 0.000000 1.000000
vn 0.000000 0.000000 1.000000
vn 0.000000 0.000000 1.000000
vn 0.000000 0.000000 1.000000
vn 0.000000 0.000000 1.000000
vn 0.000000 0.000000 1.000000
vn 0.000000 0.000000 1.000000
vn 0.000000 0.000000 1.000000
vn 0.000000 0.000000 1.000000
vn 0.000000 0.000000 1.000000
vn 0.000000 0.000000 1.000000
vn 0.000000 0.000000 1.000000
vn 0.000000 0.000000 1.000000
vn 0.000000 0.000000 1.000000
vn 0.000000 0.000000 1.000000
vn 0.000000 0.000000 1.000000
vn 0.000000 0.000000 1.000000
vn 0.000000 0.000000 1.000000
vn 0.000000 0.000000 1.000000
vn 0.000000 0.000000 1.000000
vn 0.000000 0.000000 1.000000
vn 0.000000 0.000000 1.000000
vn 0.000000 0.000000 1.000000
vn 0.000000 0.000000 1.000000
vn 0.000000 1.000000 0.000000
vn 0.000000 1.000000 0.000000
vn 0.000000 1.000000 0.000000
vn 0.000000 1.000000 0.000000
vn 0.866025 0.500001 0.000000
vn 0.866025 0.500001 0.000000
vn 0.866025 0.500001 0.000000
vn 0.866025 0.500001 0.000000
vn 0.866025 -0.500001 0.000000
vn 0.866025 -0.500001 0.000000
vn 0.866025 -0.500001 0.000000
vn 0.866025 -0.500001 0.000000
vn 0.000000 -1.000000 0.000000
vn 0.000000 -1.000000 0.000000
vn 0.000000 -1.000000 0.000000
vn 0.000000 -1.000000 0.000000
vn -0.866025 -0.500001 0.000000
vn -0.866025 -0.500001 0.000000
vn -0.866025 -0.500001 0.000000
vn -0.866025 -0.500001 0.000000
vn -0.866025 0.500001 0.000000
vn -0.866025 0.500001 0.000000
vn -0.866025 0.500001 0.000000
vn -0.866025 0.500001 0.000000
vn 0.000000 0.000000 1.000000
vn 0.000000 0.000000 1.000000
vn 0.000000 0.000000 1.000000
vn 0.000000 0.000000 1.000000
vn 0.000000 0.000000 1.000000
vn 0.000000 0.000000 1.000000
vn 0.000000 0.000000 1.000000
vn 0.000000 0.000000 1.000000
vn 0.000000 0.000000 1.000000
vn 0.000000 0.000000 1.000000
vn 0.000000 0.000000 1.000000
vn 0.000000 0.000000 1.000000
vn 0.000000 1.000000 0.000000
vn 0.000000 1.000000 0.000000
vn 0.000000 1.000000 0.000000
vn 0.000000 1.000000 0.000000
vn 0.866027 0.499996 0.000000
vn 0.866027 0.499996 0.000000
vn 0.866027 0.499996 0.000000
vn 0.866027 0.499996 0.000000
vn 0.866027 -0.499996 0.000000
vn 0.866027 -0.499996 0.000000
vn 0.866027 -0.499996 0.000000
vn 0.866027 -0.499996 0.000000
vn 0.000000 -1.000000 0.000000
vn 0.000000 -1.000000 0.000000
vn 0.000000 -1.000000 0.000000
vn 0.000000 -1.000000 0.000000
vn -0.866024 -0.500002 0.000000
vn -0.866024 -0.500002 0.000000
vn -0.866024 -0.500002 0.000000
vn -0.866024 -0.500002 0.000000
vn -0.866024 0.500002 0.000000
vn -0.866024 0.500002 0.000000
vn -0.866024 0.500002 0.000000
vn -0.866024 0.500002 0.000000
vn 0.000000 0.000000 1.000000
vn 0.000000 0.000000 1.000000
vn 0.000000 0.000000 1.000000
vn 0.000000 0.000000 1.000000
vn 0.000000 0.000000 1.000000
vn 0.000000 0.000000 1.000000
vn 0.000000 0.000000 1.000000
vn 0.000000 0.000000 1.000000
vn 0.000000 0.000000 1.000000
vn 0.000000 0.000000 1.000000
vn 0.000000 0.000000 1.000000
vn 0.000000 0.000000 1.000000
vn 0.000000 0.000000 1.000000
vn 0.000000 0.000000 1.000000
vn 0.000000 0.000000 1.000000
vn 0.000000 0.000000 1.000000
vn 0.000000 0.000000 1.000000
vn 0.000000 0.000000 1.000000
vn 0.000000 0.000000 1.000000
vn 0.000000 0.000000 1.000000
vn 0.000000 0.000000 1.000000
vn 0.000000 0.000000 1.000000
vn 0.000000 0.000000 1.000000
vn 0.000000 0.000000 1.000000
vn 0.000000 1.000000 0.000000
vn 0.000000 1.000000 0.000000
vn 0.000000 1.000000 0.000000
vn 0.000000 1.000000 0.000000
vn 0.866025 0.500001 0.000000
vn 0.866025 0.500001 0.000000
vn 0.866025 0.500001 0.000000
vn 0.866025 0.500001 0.000000
vn 0.866025 -0.500001 0.000000
vn 0.866025 -0.500001 0.000000
vn 0.866025 -0.500001 0.000000
vn 0.866025 -0.500001 0.000000
vn 0.000000 -1.000000 0.000000
vn 0.000000 -1.000000 0.000000
vn 0.000000 -1.000000 0.000000
vn 0.000000 -1.000000 0.000000
vn -0.866025 -0.500001 0.000000
vn -0.866025 -0.500001 0.000000
vn -0.866025 -0.500001 0.000000
vn -0.866025 -0.500001 0.000000
vn -0.866025 0.500001 0.000000
vn -0.866025 0.500001 0.000000
vn -0.866025 0.500001 0.000000
vn -0.866025 0.500001 0.000000
vn 0.000000 0.000000 1.000000
vn 0.000000 0.000000 1.000000
vn 0.000000 0.000000 1.000000
vn 0.000000 0.000000 1.000000
vn 0.000000 0.000000 1.000000
vn 0.000000 0.000000 1.000000
vn 0.000000 0.000000 1.000000
vn 0.000000 0.000000 1.000000
vn 0.000000 0.000000 1.000000
vn 0.000000 0.000000 1.000000
vn 0.000000 0.000000 1.000000
vn 0.000000 0.000000 1.000000
vn 0.000000 1.000000 0.000000
vn 0.000000 1.000000 0.000000
vn 0.000000 1.000000 0.000000
vn 0.000000 1.000000 0.000000
vn 0.866032 0.499989 0.000000
vn 0.866032 0.499989 0.000000
vn 0.866032 0.499989 0.000000
vn 0.866032 0.499989 0.000000
vn 0.866032 -0.499989 0.000000
vn 0.866032 -0.499989 0.000000
vn 0.866032 -0.499989 0.000000
vn 0.866032 -0.499989 0.000000
vn 0.000000 -1.000000 0.000000
vn 0.000000 -1.000000 0.000000
vn 0.000000 -1.000000 0.000000
vn 0.000000 -1.000000 0.000000
vn -0.866024 -0.500002 0.000000
vn -0.866024 -0.500002 0.000000
vn -0.866024 -0.500002 0.000000
vn -0.866024 -0.500002 0.000000
vn -0.866024 0.500002 0.000000
vn -0.866024 0.500002 0.000000
vn -0.866024 0.500002 0.000000
vn -0.866024 0.500002 0.000000
vn 0.000000 0.000000 1.000000
vn 0.000000 0.000000 1.000000
vn 0.000000 0.000000 1.000000
vn 0.000000 0.000000 1.000000
vn 0.000000 0.000000 1.000000
vn 0.000000 0.000000 1.000000
vn 0.000000 0.000000 1.000000
vn 0.000000 0.000000 1.000000
vn 0.000000 0.000000 1.000000
vn 0.000000 0.000000 1.000000
vn 0.000000 0.000000 1.000000
vn 0.000000 0.000000 1.000000
vn 0.000000 0.000000 1.000000
vn 0.000000 0.000000 1.000000
vn 0.000000 0.000000 1.000000
vn 0.000000 0.000000 1.000000
vn 0.000000 0.000000 1.000000
vn 0.000000 0.000000 1.000000
vn 0.000000 0.000000 1.000000
vn 0.000000 0.000000 1.000000
vn 0.000000 0.000000 1.000000
vn 0.000000 0.000000 1.000000
vn 0.000000 0.000000 1.000000
vn 0.000000 0.000000 1.000000
vn 0.000000 1.000000 0.000000
vn 0.000000 1.000000 0.000000
vn 0.000000 1.000000 0.000000
vn 0.000000 1.000000 0.000000
vn 0.866020 0.500009 0.000000
vn 0.866020 0.500009 0.000000
vn 0.866020 0.500009 0.000000
vn 0.866020 0.500009 0.000000
vn 0.866020 -0.500009 0.000000
vn 0.866020 -0.500009 0.000000
vn 0.866020 -0.500009 0.000000
vn 0.866020 -0.500009 0.000000
vn 0.000000 -1.000000 0.000000
vn 0.000000 -1.000000 0.000000
vn 0.000000 -1.000000 0.000000
vn 0.000000 -1.000000 0.000000
vn -0.866025 -0.500001 0.000000
vn -0.866025 -0.500001 0.000000
vn -0.866025 -0.500001 0.000000
vn -0.866025 -0.500001 0.000000
vn -0.866025 0.500001 0.000000
vn -0.866025 0.500001 0.000000
vn -0.866025 0.500001 0.000000
vn -0.866025 0.500001 0.000000
vn 0.000000 0.000000 1.000000
vn 0.000000 0.000000 1.000000
vn 0.000000 0.000000 1.000000
vn 0.000000 0.000000 1.000000
vn 0.000000 0.000000 1.000000
vn 0.000000 0.000000 1.000000
vn 0.000000 0.000000 1.000000
vn 0.000000 0.000000 1.000000
vn 0.000000 0.000000 1.000000
vn 0.000000 0.000000 1.000000
vn 0.000000 0.000000 1.000000
vn 0.000000 0.000000 1.000000
vn 0.000000 1.000000 0.000000
vn 0.000000 1.000000 0.000000
vn 0.000000 1.000000 0.000000
vn 0.000000 1.000000 0.000000
vn 0.866032 0.499989 0.000000
vn 0.866032 0.499989 0.000000
vn 0.866032 0.499989 0.000000
vn 0.866032 0.499989 0.000000
vn 0.866032 -0.499989 0.000000
vn 0.866032 -0.499989 0.000000
vn 0.866032 -0.499989 0.000000
vn 0.866032 -0.499989 0.000000
vn 0.000000 -1.000000 0.000000
vn 0.000000 -1.000000 0.000000
vn 0.000000 -1.000000 0.000000
vn 0.000000 -1.000000 0.000000
vn -0.866024 -0.500002 0.000000
vn -0.866024 -0.500002 0.000000
vn -0.866024 -0.500002 0.000000
vn -0.866024 -0.500002 0.000000
vn -0.866024 0.500002 0.000000
vn -0.866024 0.500002 0.000000
vn -0.866024 0.500002 0.000000
vn -0.866024 0.500002 0.000000
vn 0.000000 0.000000 1.000000
vn 0.000000 0.000000 1.000000
vn 0.000000 0.000000 1.000000
vn 0.000000 0.000000 1.000000
vn 0.000000 0.000000 1.000000
vn 0.000000 0.000000 1.000000
vn 0.000000 0.000000 1.000000
vn 0.000000 0.000000 1.000000
vn 0.000000 0.000000 1.000000
vn 0.000000 0.000000 1.000000
vn 0.000000 0.000000 1.000000
vn 0.000000 0.000000 1.000000
vn 0.000000 0.000000 1.000000
vn 0.000000 0.000000 1.000000
vn 0.000000 0.000000 1.000000
vn 0.000000 0.000000 1.000000
vn 0.000000 0.000000 1.000000
vn 0.000000 0.000000 1.000000
vn 0.000000 0.000000 1.000000
vn 0.000000 0.000000 1.000000
vn 0.000000 0.000000 1.000000
vn 0.000000 0.000000 1.000000
vn 0.000000 0.000000 1.000000
vn 0.000000 0.000000 1.000000
vn 0.000000 1.000000 0.000000
vn 0.000000 1.000000 0.000000
vn 0.000000 1.000000 0.000000
vn 0.000000 1.000000 0.000000
vn 0.866021 0.500008 0.000000
vn 0.866021 0.500008 0.000000
vn 0.866021 0.500008 0.000000
vn 0.866021 0.500008 0.000000
vn 0.866021 -0.500008 0.000000
vn 0.866021 -0.500008 0.000000
vn 0.866021 -0.500008 0.000000
vn 0.866021 -0.500008 0.000000
vn 0.000000 -1.000000 0.000000
vn 0.000000 -1.000000 0.000000
vn 0.000000 -1.000000 0.000000
vn 0.000000 -1.000000 0.000000
vn -0.866026 -0.500000 0.000000
vn -0.866026 -0.500000 0.000000
vn -0.866026 -0.500000 0.000000
vn -0.866026 -0.500000 0.000000
vn -0.866026 0.500000 0.000000
vn -0.866026 0.500000 0.000000
vn -0.866026 0.500000 0.000000
vn -0.866026 0.500000 0.000000
vn 0.000000 0.000000 1.000000
vn 0.000000 0.000000 1.000000
vn 0.000000 0.000000 1.000000
vn 0.000000 0.000000 1.000000
vn 0.000000 0.000000 1.000000
vn 0.000000 0.000000 1.000000
vn 0.000000 0.000000 1.000000
vn 0.000000 0.000000 1.000000
vn 0.000000 0.000000 1.000000
vn 0.000000 0.000000 1.000000
vn 0.000000 0.000000 1.000000
vn 0.000000 0.000000 1.000000
vn 0.000000 1.000000 0.000000
vn 0.000000 1.000000 0.000000
vn 0.000000 1.000000 0.000000
vn 0.000000 1.000000 0.000000
vn 0.866027 0.499997 0.000000
vn 0.866027 0.499997 0.000000
vn 0.866027 0.499997 0.000000
vn 0.866027 0.499997 0.000000
vn 0.866027 -0.499997 0.000000
vn 0.866027 -0.499997 0.000000
vn 0.866027 -0.499997 0.000000
vn 0.866027 -0.499997 0.000000
vn 0.000000 -1.000000 0.000000
vn 0.000000 -1.000000 0.000000
vn 0.000000 -1.000000 0.000000
vn 0.000000 -1.000000 0.000000
vn -0.866023 -0.500004 0.000000
vn -0.866023 -0.500004 0.000000
vn -0.866023 -0.500004 0.000000
vn -0.866023 -0.500004 0.000000
vn -0.866023 0.500004 0.000000
vn -0.866023 0.500004 0.000000
vn -0.866023 0.500004 0.000000
vn -0.866023 0.500004 0.000000
vn 0.000000 0.000000 1.000000
vn 0.000000 0.000000 1.000000
vn 0.000000 0.000000 1.000000
vn 0.000000 0.000000 1.000000
vn 0.000000 0.000000 1.000000
vn 0.000000 0.000000 1.000000
vn 0.000000 0.000000 1.000000
vn 0.000000 0.000000 1.000000
vn 0.000000 0.000000 1.000000
vn 0.000000 0.000000 1.000000
vn 0.000000 0.000000 1.000000
vn 0.000000 0.000000 1.000000
vn 0.000000 0.000000 1.000000
vn 0.000000 0.000000 1.000000
vn 0.000000 0.000000 1.000000
vn 0.000000 0.000000 1.000000
vn 0.000000 0.000000 1.000000
vn 0.000000 0.000000 1.000000
vn 0.000000 0.000000 1.000000
vn 0.000000 0.000000 1.000000
vn 0.000000 0.000000 1.000000
vn 0.000000 0.000000 1.000000
vn 0.000000 0.000000 1.000000
vn 0.000000 0.000000 1.000000
vn 0.000000 1.000000 0.000000
vn 0.000000 1.000000 0.000000
vn 0.000000 1.000000 0.000000
vn 0.000000 1.000000 0.000000
vn 0.866026 0.500000 0.000000
vn 0.866026 0.500000 0.000000
vn 0.866026 0.500000 0.000000
vn 0.866026 0.500000 0.000000
vn 0.866026 -0.500000 0.000000
vn 0.866026 -0.500000 0.000000
vn 0.866026 -0.500000 0.000000
vn 0.866026 -0.500000 0.000000
vn 0.000000 -1.000000 0.000000
vn 0.000000 -1.000000 0.000000
vn 0.000000 -1.000000 0.000000
vn 0.000000 -1.000000 0.000000
vn -0.866026 -0.500000 0.000000
vn -0.866026 -0.500000 0.000000
vn -0.866026 -0.500000 0.000000
vn -0.866026 -0.500000 0.000000
vn -0.866026 0.500000 0.000000
vn -0.866026 0.500000 0.000000
vn -0.866026 0.500000 0.000000
vn -0.866026 0.500000 0.000000
vn 0.000000 0.000000 1.000000
vn 0.000000 0.000000 1.000000
vn 0.000000 0.000000 1.000000
vn 0.000000 0.000000 1.000000
vn 0.000000 0.000000 1.000000
vn 0.000000 0.000000 1.000000
vn 0.000000 0.000000 1.000000
vn 0.000000 0.000000 1.000000
vn 0.000000 0.000000 1.000000
vn 0.000000 0.000000 1.000000
vn 0.000000 0.000000 1.000000
vn 0.000000 0.000000 1.000000
vn 0.000000 1.000000 0.000000
vn 0.000000 1.000000 0.000000
vn 0.000000 1.000000 0.000000
vn 0.000000 1.000000 0.000000
vn 0.866028 0.499995 0.000000
vn 0.866028 0.499995 0.000000
vn 0.866028 0.499995 0.000000
vn 0.866028 0.499995 0.000000
vn 0.866028 -0.499995 0.000000
vn 0.866028 -0.499995 0.000000
vn 0.866028 -0.499995 0.000000
vn 0.866028 -0.499995 0.000000
vn 0.000000 -1.000000 0.000000
vn 0.000000 -1.000000 0.000000
vn 0.000000 -1.000000 0.000000
vn 0.000000 -1.000000 0.000000
vn -0.866025 -0.500000 0.000000
vn -0.866025 -0.500000 0.000000
vn -0.866025 -0.500000 0.000000
vn -0.866025 -0.500000 0.000000
vn -0.866025 0.500000 0.000000
vn -0.866025 0.500000 0.000000
vn -0.866025 0.500000 0.000000
vn -0.866025 0.500000 0.000000
vn 0.000000 0.000000 1.000000
vn 0.000000 0.000000 1.000000
vn 0.000000 0.000000 1.000000
vn 0.000000 0.000000 1.000000
vn 0.000000 0.000000 1.000000
vn 0.000000 0.000000 1.000000
vn 0.000000 0.000000 1.000000
vn 0.000000 0.000000 1.000000
vn 0.000000 0.000000 1.000000
vn 0.000000 0.000000 1.000000
vn 0.000000 0.000000 1.000000
vn 0.000000 0.000000 1.000000
vn 0.000000 0.000000 1.000000
vn 0.000000 0.000000 1.000000
vn 0.000000 0.000000 1.000000
vn 0.000000 0.000000 1.000000
vn 0.000000 0.000000 1.000000
vn 0.000000 0.000000 1.000000
vn 0.000000 0.000000 1.000000
vn 0.000000 0.000000 1.000000
vn 0.000000 0.000000 1.000000
vn 0.000000 0.000000 1.000000
vn 0.000000 0.000000 1.000000
vn 0.000000 0.000000 1.000000
vn 0.000000 1.000000 0.000000
vn 0.000000 1.000000 0.000000
vn 0.000000 1.000000 0.000000
vn 0.000000 1.000000 0.000000
vn 0.866026 0.500000 0.000000
vn 0.866026 0.500000 0.000000
vn 0.866026 0.500000 0.000000
vn 0.866026 0.500000 0.000000
vn 0.866026 -0.500000 0.000000
vn 0.866026 -0.500000 0.000000
vn 0.866026 -0.500000 0.000000
vn 0.866026 -0.500000 0.000000
vn 0.000000 -1.000000 0.000000
vn 0.000000 -1.000000 0.000000
vn 0.000000 -1.000000 0.000000
vn 0.000000 -1.000000 0.000000
vn -0.866026 -0.500000 0.000000
vn -0.866026 -0.500000 0.000000
vn -0.866026 -0.500000 0.000000
vn -0.866026 -0.500000 0.000000
vn -0.866026 0.500000 0.000000
vn -0.866026 0.500000 0.000000
vn -0.866026 0.500000 0.000000
vn -0.866026 0.500000 0.000000
vn 0.000000 0.000000 1.000000
vn 0.000000 0.000000 1.000000
vn 0.000000 0.000000 1.000000
vn 0.000000 0.000000 1.000000
vn 0.000000 0.000000 1.000000
vn 0.000000 0.000000 1.000000
vn 0.000000 0.000000 1.000000
vn 0.000000 0.000000 1.000000
vn 0.000000 0.000000 1.000000
vn 0.000000 0.000000 1.000000
vn 0.000000 0.000000 1.000000
vn 0.000000 0.000000 1.000000
vn 0.000000 1.000000 0.000000
vn 0.000000 1.000000 0.000000
vn 0.000000 1.000000 0.000000
vn 0.000000 1.000000 0.000000
vn 0.866028 0.499995 0.000000
vn 0.866028 0.499995 0.000000
vn 0.866028 0.499995 0.000000
vn 0.866028 0.499995 0.000000
vn 0.866028 -0.499995 0.000000
vn 0.866028 -0.499995 0.000000
vn 0.866028 -0.499995 0.000000
vn 0.866028 -0.499995 0.000000
vn 0.000000 -1.000000 0.000000
vn 0.000000 -1.000000 0.000000
vn 0.000000 -1.000000 0.000000
vn 0.000000 -1.000000 0.000000
vn -0.866026 -0.499999 0.000000
vn -0.866026 -0.499999 0.000000
vn -0.866026 -0.499999 0.000000
vn -0.866026 -0.499999 0.000000
vn -0.866026 0.499999 0.000000
vn -0.866026 0.499999 0.000000
vn -0.866026 0.499999 0.000000
vn -0.866026 0.499999 0.000000
vn 0.000000 0.000000 1.000000
vn 0.000000 0.000000 1.000000
vn 0.000000 0.000000 1.000000
vn 0.000000 0.000000 1.000000
vn 0.000000 0.000000 1.000000
vn 0.000000 0.000000 1.000000
vn 0.000000 0.000000 1.000000
vn 0.000000 0.000000 1.000000
vn 0.000000 0.000000 1.000000
vn 0.000000 0.000000 1.000000
vn 0.000000 0.000000 1.000000
vn 0.000000 0.000000 1.000000
vn 0.000000 0.000000 1.000000
vn 0.000000 0.000000 1.000000
vn 0.000000 0.000000 1.000000
vn 0.000000 0.000000 1.000000
vn 0.000000 0.000000 1.000000
vn 0.000000 0.000000 1.000000
vn 0.000000 0.000000 1.000000
vn 0.000000 0.000000 1.000000
vn 0.000000 0.000000 1.000000
vn 0.000000 0.000000 1.000000
vn 0.000000 0.000000 1.000000
vn 0.000000 0.000000 1.000000
vn 0.000000 1.000000 0.000000
vn 0.000000 1.000000 0.000000
vn 0.000000 1.000000 0.000000
vn 0.000000 1.000000 0.000000
vn 0.866026 0.500000 0.000000
vn 0.866026 0.500000 0.000000
vn 0.866026 0.500000 0.000000
vn 0.866026 0.500000 0.000000
vn 0.866026 -0.500000 0.000000
vn 0.866026 -0.500000 0.000000
vn 0.866026 -0.500000 0.000000
vn 0.866026 -0.500000 0.000000
vn 0.000000 -1.000000 0.000000
vn 0.000000 -1.000000 0.000000
vn 0.000000 -1.000000 0.000000
vn 0.000000 -1.000000 0.000000
vn -0.866026 -0.500000 0.000000
vn -0.866026 -0.500000 0.000000
vn -0.866026 -0.500000 0.000000
vn -0.866026 -0.500000 0.000000
vn -0.866026 0.500000 0.000000
vn -0.866026 0.500000 0.000000
vn -0.866026 0.500000 0.000000
vn -0.866026 0.500000 0.000000
vn 0.000000 0.000000 1.000000
vn 0.000000 0.000000 1.000000
vn 0.000000 0.000000 1.000000
vn 0.000000 0.000000 1.000000
vn 0.000000 0.000000 1.000000
vn 0.000000 0.000000 1.000000
vn 0.000000 0.000000 1.000000
vn 0.000000 0.000000 1.000000
vn 0.000000 0.000000 1.000000
vn 0.000000 0.000000 1.000000
vn 0.000000 0.000000 1.000000
vn 0.000000 0.000000 1.000000
vn -0.500000 0.866026 0.000000
vn -0.500000 0.866026 0.000000
vn 0.500001 0.866025 0.000000
vn 0.500001 0.866025 0.000000
vn 1.000000 0.000000 0.000000
vn 1.000000 0.000000 0.000000
vn 0.500001 -0.866025 0.000000
vn 0.500001 -0.866025 0.000000
vn -0.500000 -0.866026 0.000000
vn -0.500000 -0.866026 0.000000
vn -1.000000 0.000000 0.000000
vn -1.000000 0.000000 0.000000
vn 0.000000 0.000000 1.000000
vn 0.000000 0.000000 1.000000
vn 0.000000 0.000000 1.000000
vn 0.000000 0.000000 1.000000
vn 0.000000 0.000000 1.000000
vn 0.000000 0.000000 1.000000
vn -0.500000 0.866026 0.000000
vn -0.500000 0.866026 0.000000
vn 0.500001 0.866025 0.000000
vn 0.500001 0.866025 0.000000
vn 1.000000 0.000000 0.000000
vn 1.000000 0.000000 0.000000
vn 0.500001 -0.866025 0.000000
vn 0.500001 -0.866025 0.000000
vn -0.500000 -0.866026 0.000000
vn -0.500000 -0.866026 0.000000
vn -1.000000 0.000000 0.000000
vn -1.000000 0.000000 0.000000
vn 0.000000 0.000000 1.000000
vn 0.000000 0.000000 1.000000
vn 0.000000 0.000000 1.000000
vn 0.000000 0.000000 1.000000
vn 0.000000 0.000000 1.000000
vn 0.000000 0.000000 1.000000
vn -0.500000 0.866026 0.000000
vn -0.500000 0.866026 0.000000
vn 0.500001 0.866025 0.000000
vn 0.500001 0.866025 0.000000
vn 1.000000 0.000000 0.000000
vn 1.000000 0.000000 0.000000
vn 0.500001 -0.866025 0.000000
vn 0.500001 -0.866025 0.000000
vn -0.500000 -0.866026 0.000000
vn -0.500000 -0.866026 0.000000
vn -1.000000 0.000000 0.000000
vn -1.000000 0.000000 0.000000
vn 0.000000 0.000000 1.000000
vn 0.000000 0.000000 1.000000
vn 0.000000 0.000000 1.000000
vn 0.000000 0.000000 1.000000
vn 0.000000 0.000000 1.000000
vn 0.000000 0.000000 1.000000
vn -0.500000 0.866026 0.000000
vn -0.500000 0.866026 0.000000
vn 0.500001 0.866025 0.000000
vn 0.500001 0.866025 0.000000
vn 1.000000 0.000000 0.000000
vn 1.000000 0.000000 0.000000
vn 0.500001 -0.866025 0.000000
vn 0.500001 -0.866025 0.000000
vn -0.500000 -0.866026 0.000000
vn -0.500000 -0.866026 0.000000
vn -1.000000 0.000000 0.000000
vn -1.000000 0.000000 0.000000
vn 0.000000 0.000000 1.000000
vn 0.000000 0.000000 1.000000
vn 0.000000 0.000000 1.000000
vn 0.000000 0.000000 1.000000
vn 0.000000 0.000000 1.000000
vn 0.000000 0.000000 1.000000
vn -0.499997 0.866027 0.000000
vn -0.499997 0.866027 0.000000
vn 0.500001 0.866025 0.000000
vn 0.500001 0.866025 0.000000
vn 1.000000 0.000000 0.000000
vn 1.000000 0.000000 0.000000
vn 0.500001 -0.866025 0.000000
vn 0.500001 -0.866025 0.000000
vn -0.499997 -0.866027 0.000000
vn -0.499997 -0.866027 0.000000
vn -1.000000 0.000000 0.000000
vn -1.000000 0.000000 0.000000
vn 0.000000 0.000000 1.000000
vn 0.000000 0.000000 1.000000
vn 0.000000 0.000000 1.000000
vn 0.000000 0.000000 1.000000
vn 0.000000 0.000000 1.000000
vn 0.000000 0.000000 1.000000
vn -0.500001 0.866025 0.000000
vn -0.500001 0.866025 0.000000
vn 0.499999 0.866026 0.000000
vn 0.499999 0.866026 0.000000
vn 1.000000 0.000000 0.000000
vn 1.000000 0.000000 0.000000
vn 0.499999 -0.866026 0.000000
vn 0.499999 -0.866026 0.000000
vn -0.500001 -0.866025 0.000000
vn -0.500001 -0.866025 0.000000
vn -1.000000 0.000000 0.000000
vn -1.000000 0.000000 0.000000
vn 0.000000 0.000000 1.000000
vn 0.000000 0.000000 1.000000
vn 0.000000 0.000000 1.000000
vn 0.000000 0.000000 1.000000
vn 0.000000 0.000000 1.000000
vn 0.000000 0.000000 1.000000
vn -0.500002 0.866024 0.000000
vn -0.500002 0.866024 0.000000
vn 0.499997 0.866027 0.000000
vn 0.499997 0.866027 0.000000
vn 1.000000 0.000000 0.000000
vn 1.000000 0.000000 0.000000
vn 0.499997 -0.866027 0.000000
vn 0.499997 -0.866027 0.000000
vn -0.500002 -0.866024 0.000000
vn -0.500002 -0.866024 0.000000
vn -1.000000 0.000000 0.000000
vn -1.000000 0.000000 0.000000
vn 0.000000 0.000000 1.000000
vn 0.000000 0.000000 1.000000
vn 0.000000 0.000000 1.000000
vn 0.000000 0.000000 1.000000
vn 0.000000 0.000000 1.000000
vn 0.000000 0.000000 1.000000
vn -0.499997 0.866027 0.000000
vn -0.499997 0.866027 0.000000
vn 0.499997 0.866027 0.000000
vn 0.499997 0.866027 0.000000
vn 1.000000 0.000000 0.000000
vn 1.000000 0.000000 0.000000
vn 0.499997 -0.866027 0.000000
vn 0.499997 -0.866027 0.000000
vn -0.499997 -0.866027 0.000000
vn -0.499997 -0.866027 0.000000
vn -1.000000 0.000000 0.000000
vn -1.000000 0.000000 0.000000
vn 0.000000 0.000000 1.000000
vn 0.000000 0.000000 1.000000
vn 0.000000 0.000000 1.000000
vn 0.000000 0.000000 1.000000
vn 0.000000 0.000000 1.000000
vn 0.000000 0.000000 1.000000
vn -0.499999 0.866026 0.000000
vn -0.499999 0.866026 0.000000
vn 0.500001 0.866025 0.000000
vn 0.500001 0.866025 0.000000
vn 1.000000 0.000000 0.000000
vn 1.000000 0.000000 0.000000
vn 0.500001 -0.866025 0.000000
vn 0.500001 -0.866025 0.000000
vn -0.499999 -0.866026 0.000000
vn -0.499999 -0.866026 0.000000
vn -1.000000 0.000000 0.000000
vn -1.000000 0.000000 0.000000
vn 0.000000 0.000000 1.000000
vn 0.000000 0.000000 1.000000
vn 0.000000 0.000000 1.000000
vn 0.000000 0.000000 1.000000
vn 0.000000 0.000000 1.000000
vn 0.000000 0.000000 1.000000
vn -0.499997 0.866027 0.000000
vn -0.499997 0.866027 0.000000
vn 0.499997 0.866027 0.000000
vn 0.499997 0.866027 0.000000
vn 1.000000 0.000000 0.000000
vn 1.000000 0.000000 0.000000
vn 0.499997 -0.866027 0.000000
vn 0.499997 -0.866027 0.000000
vn -0.499997 -0.866027 0.000000
vn -0.499997 -0.866027 0.000000
vn -1.000000 0.000000 0.000000
vn -1.000000 0.000000 0.000000
vn 0.000000 0.000000 1.000000
vn 0.000000 0.000000 1.000000
vn 0.000000 0.000000 1.000000
vn 0.000000 0.000000 1.000000
vn 0.000000 0.000000 1.000000
vn 0.000000 0.000000 1.000000
vn 0.000000 0.000000 1.000000
vn 0.000000 0.000000 1.000000
vn 0.000000 0.000000 1.000000
vn 0.000000 0.000000 1.000000
vn 0.000000 0.906249 0.422744
vn 0.000000 0.906249 0.422744
vn 0.000000 0.906249 0.422744
vn 0.000000 0.906249 0.422744
vn 0.000000 -1.000000 0.000000
vn 0.000000 -1.000000 0.000000
vn 0.000000 -1.000000 0.000000
vn 0.000000 -1.000000 0.000000
vn -1.000000 0.000000 0.000000
vn -1.000000 0.000000 0.000000
vn -1.000000 0.000000 0.000000
vn -1.000000 0.000000 0.000000
vn 1.000000 0.000000 0.000000
vn 1.000000 0.000000 0.000000
vn 1.000000 0.000000 0.000000
vn 1.000000 0.000000 0.000000
vn -0.500002 0.866024 0.000000
vn -0.500002 0.866024 0.000000
vn 0.499999 0.866026 0.000000
vn 0.499999 0.866026 0.000000
vn 1.000000 0.000000 0.000000
vn 1.000000 0.000000 0.000000
vn 0.499999 -0.866026 0.000000
vn 0.499999 -0.866026 0.000000
vn -0.500002 -0.866024 0.000000
vn -0.500002 -0.866024 0.000000
vn -1.000000 0.000000 0.000000
vn -1.000000 0.000000 0.000000
vn 0.000000 0.000000 1.000000
vn 0.000000 0.000000 1.000000
vn 0.000000 0.000000 1.000000
vn 0.000000 0.000000 1.000000
vn 0.000000 0.000000 1.000000
vn 0.000000 0.000000 1.000000
vn -0.500002 0.866024 0.000000
vn -0.500002 0.866024 0.000000
vn 0.499999 0.866026 0.000000
vn 0.499999 0.866026 0.000000
vn 1.000000 0.000000 0.000000
vn 1.000000 0.000000 0.000000
vn 0.499999 -0.866026 0.000000
vn 0.499999 -0.866026 0.000000
vn -0.500002 -0.866024 0.000000
vn -0.500002 -0.866024 0.000000
vn -1.000000 0.000000 0.000000
vn -1.000000 0.000000 0.000000
vn 0.000000 0.000000 1.000000
vn 0.000000 0.000000 1.000000
vn 0.000000 0.000000 1.000000
vn 0.000000 0.000000 1.000000
vn 0.000000 0.000000 1.000000
vn 0.000000 0.000000 1.000000
vn -0.500002 0.866024 0.000000
vn -0.500002 0.866024 0.000000
vn 0.499999 0.866026 0.000000
vn 0.499999 0.866026 0.000000
vn 1.000000 0.000000 0.000000
vn 1.000000 0.000000 0.000000
vn 0.499999 -0.866026 0.000000
vn 0.499999 -0.866026 0.000000
vn -0.500002 -0.866024 0.000000
vn -0.500002 -0.866024 0.000000
vn -1.000000 0.000000 0.000000
vn -1.000000 0.000000 0.000000
vn 0.000000 0.000000 1.000000
vn 0.000000 0.000000 1.000000
vn 0.000000 0.000000 1.000000
vn 0.000000 0.000000 1.000000
vn 0.000000 0.000000 1.000000
vn 0.000000 0.000000 1.000000
vn -0.500002 0.866024 0.000000
vn -0.500002 0.866024 0.000000
vn 0.499999 0.866026 0.000000
vn 0.499999 0.866026 0.000000
vn 1.000000 0.000000 0.000000
vn 1.000000 0.000000 0.000000
vn 0.499999 -0.866026 0.000000
vn 0.499999 -0.866026 0.000000
vn -0.500002 -0.866024 0.000000
vn -0.500002 -0.866024 0.000000
vn -1.000000 0.000000 0.000000
vn -1.000000 0.000000 0.000000
vn 0.000000 0.000000 1.000000
vn 0.000000 0.000000 1.000000
vn 0.000000 0.000000 1.000000
vn 0.000000 0.000000 1.000000
vn 0.000000 0.000000 1.000000
vn 0.000000 0.000000 1.000000
vn -0.500002 0.866024 0.000000
vn -0.500002 0.866024 0.000000
vn 0.499999 0.866026 0.000000
vn 0.499999 0.866026 0.000000
vn 1.000000 0.000000 0.000000
vn 1.000000 0.000000 0.000000
vn 0.499999 -0.866026 0.000000
vn 0.499999 -0.866026 0.000000
vn -0.500002 -0.866024 0.000000
vn -0.500002 -0.866024 0.000000
vn -1.000000 0.000000 0.000000
vn -1.000000 0.000000 0.000000
vn 0.000000 0.000000 1.000000
vn 0.000000 0.000000 1.000000
vn 0.000000 0.000000 1.000000
vn 0.000000 0.000000 1.000000
vn 0.000000 0.000000 1.000000
vn 0.000000 0.000000 1.000000
vn 0.000000 0.000000 1.000000
vn 0.000000 0.000000 1.000000
vn 0.000000 0.000000 1.000000
vn 0.000000 0.000000 1.000000
vn 0.000000 0.000000 -1.000000
vn 0.000000 0.000000 -1.000000
vn 0.000000 0.000000 -1.000000
vn 0.000000 0.000000 -1.000000
vn 1.000000 0.000000 0.000000
vn 1.000000 0.000000 0.000000
vn 1.000000 0.000000 0.000000
vn 1.000000 0.000000 0.000000
vn -1.000000 0.000000 0.000000
vn -1.000000 0.000000 0.000000
vn -1.000000 0.000000 0.000000
vn -1.000000 0.000000 0.000000
vn 0.000000 0.000000 -1.000000
vn 0.000000 0.000000 -1.000000
vn 0.000000 0.000000 -1.000000
vn 0.000000 0.000000 -1.000000
vn -1.000000 0.000000 0.000000
vn -1.000000 0.000000 0.000000
vn -1.000000 0.000000 0.000000
vn -1.000000 0.000000 0.000000
vn 1.000000 0.000000 0.000000
vn 1.000000 0.000000 0.000000
vn 1.000000 0.000000 0.000000
vn 1.000000 0.000000 0.000000
vn 0.000000 0.000000 -1.000000
vn 0.000000 0.000000 -1.000000
vn 0.000000 0.000000 -1.000000
vn 0.000000 0.000000 -1.000000
s off
g polySurface3
f 1/1/1 2/2/2 4/3/3 3/4/4
f 3/5/5 4/6/6 6/7/7 5/8/8
f 7/9/9 8/10/10 2/11/11 1/12/12
f 2/13/13 8/14/14 6/15/15 4/16/16
f 7/17/17 1/18/18 3/19/19 5/20/20
f 11/21/21 12/22/22 14/23/23 13/24/24
f 15/25/25 16/26/26 10/27/27 9/28/28
f 10/29/29 16/30/30 14/31/31 12/32/32
f 15/33/33 9/34/34 11/35/35 13/36/36
s 1
f 9/37/37 10/38/38 18/39/39 17/40/40
f 10/38/38 12/41/41 19/42/42 18/39/39
f 12/41/41 11/43/43 20/44/44 19/42/42
f 11/43/43 9/37/37 17/40/40 20/44/44
s off
f 19/45/45 20/46/46 21/47/47 22/48/48
f 20/49/49 17/50/50 24/51/51 21/52/52
f 17/53/53 18/54/54 23/55/55 24/56/56
f 18/57/57 19/58/58 22/59/59 23/60/60
f 27/61/61 28/62/62 30/63/63 29/64/64
f 31/65/65 32/66/66 26/67/67 25/68/68
f 26/69/69 32/70/70 30/71/71 28/72/72
f 31/73/73 25/74/74 27/75/75 29/76/76
s 2
f 29/77/77 30/78/78 38/79/79 37/80/80
f 30/78/78 32/81/81 39/82/82 38/79/79
f 32/81/81 31/83/83 40/84/84 39/82/82
f 31/83/83 29/77/77 37/80/80 40/84/84
s off
f 35/85/85 36/86/86 37/87/87 38/88/88
f 36/89/89 33/90/90 40/91/91 37/92/92
f 33/93/93 34/94/94 39/95/95 40/96/96
f 34/97/97 35/98/98 38/99/99 39/100/100
f 41/101/101 42/102/102 44/103/103 43/104/104
f 42/105/105 46/106/106 45/107/107 44/108/108
f 47/109/109 48/110/110 50/111/111 49/112/112
f 49/113/113 50/114/114 52/115/115 51/116/116
f 51/117/117 52/118/118 54/119/119 53/120/120
f 55/121/121 56/122/122 62/123/123 61/124/124
f 56/122/125 57/125/126 63/126/127 62/123/128
f 57/125/129 58/127/130 64/128/131 63/126/132
f 58/127/133 59/129/134 65/130/135 64/128/136
f 59/129/137 60/131/138 66/132/139 65/130/140
f 60/131/141 55/121/142 61/124/143 66/132/144
f 61/133/145 62/134/146 68/135/147 67/136/148
f 62/134/149 63/137/150 69/138/151 68/135/152
f 63/137/153 64/139/154 70/140/155 69/138/156
f 64/139/157 65/141/158 71/142/159 70/140/160
f 65/141/161 66/143/162 72/144/163 71/142/164
f 66/143/165 61/133/166 67/136/167 72/144/168
f 67/145/169 68/146/170 74/147/171 73/148/172
f 68/146/173 69/149/174 75/150/175 74/147/176
f 69/149/177 70/151/178 76/152/179 75/150/180
f 70/151/181 71/153/182 77/154/183 76/152/184
f 71/153/185 72/155/186 78/156/187 77/154/188
f 72/155/189 67/145/190 73/148/191 78/156/192
f 73/157/193 74/158/194 77/159/195
f 74/158/196 75/160/197 77/159/198
f 75/160/199 76/161/200 77/159/201
f 78/162/202 73/157/203 77/159/204
s 3
f 79/163/205 80/164/206 86/165/207 85/166/208
f 80/167/206 81/168/209 87/169/210 86/170/207
f 81/171/209 82/172/211 88/173/212 87/174/210
f 82/175/211 83/176/213 89/177/214 88/178/212
f 83/179/213 84/180/215 90/181/216 89/182/214
f 84/183/215 79/184/205 85/185/208 90/186/216
s 4
f 86/187/217 87/188/218 85/189/219
f 87/188/218 88/190/220 85/189/219
f 88/190/220 89/191/221 85/189/219
f 89/191/221 90/192/222 85/189/219
s off
f 94/193/223 93/194/224 130/195/225 129/196/226
f 111/197/227 95/198/228 132/199/229 131/200/230
s 5
f 95/201/231 97/202/232 133/203/233 132/204/234
s 6
f 126/205/235 127/206/236 135/207/237 134/208/238
s 7
f 93/209/239 96/210/240 136/211/241 130/212/242
s 8
f 98/213/243 94/214/244 129/215/245 137/216/246
s off
f 94/217/247 100/218/248 99/219/249 93/220/250
s 9
f 102/221/251 91/222/252 105/223/253 101/224/254
s 10
f 103/225/255 106/226/256 92/227/257 104/228/258
s 11
f 104/229/259 92/230/260 91/231/261 102/232/262
s 5
f 95/201/231 108/233/263 107/234/264 97/202/232
s off
f 97/235/265 107/236/266 110/237/267 109/238/268
f 111/197/269 112/239/270 108/240/271 95/198/272
f 101/224/273 118/241/274 117/242/275 102/221/276
s 11
f 102/232/262 117/243/277 119/244/278 104/229/259
s off
f 104/228/279 119/245/280 120/246/281 103/225/282
f 121/247/283 122/248/284 114/249/285 113/250/286
f 115/251/287 116/252/288 123/253/289 96/254/290
s 5
f 107/255/264 108/256/263 167/257/291 168/258/292
s off
f 110/259/293 107/260/294 168/261/295 169/262/296
f 108/263/297 112/264/298 170/265/299 167/266/300
f 117/267/301 118/268/302 171/269/303 172/270/304
f 119/271/305 117/272/306 172/273/307 173/274/308
f 114/275/309 122/276/310 175/277/311 176/278/312
f 123/279/313 116/280/314 177/281/315 178/282/316
s 8
f 113/283/317 100/284/318 94/214/244
s 7
f 93/209/239 99/285/319 115/286/320
f 96/210/240 93/209/239 115/286/320
s 8
f 113/283/317 94/214/244 98/213/243
s 14
f 113/287/321 101/288/322 105/289/323 124/290/324
s 15
f 125/291/325 106/292/326 103/293/327 115/294/328
s 14
f 114/295/329 118/296/330 101/297/322 113/298/321
s 15
f 115/294/328 103/293/327 120/299/331 116/300/332
s off
f 118/296/333 114/295/334 176/301/335 171/302/336
s 16
f 121/303/337 109/304/338 110/305/339 122/306/340
s 17
f 123/307/341 112/307/342 111/307/343 96/307/344
f 112/308/342 123/308/341 178/309/345 170/309/346
s off
f 97/310/347 121/311/348 109/312/349
s 17
f 96/313/344 111/314/343 131/315/350 136/316/351
s off
f 127/317/352 98/318/353 137/319/354 135/320/355
f 97/321/356 109/322/357 128/323/358 126/324/359
s 5
f 97/325/232 126/326/360 134/327/361 133/328/233
s 18
f 121/329/362 98/318/363 109/330/364
s 8
f 113/283/317 98/213/243 121/331/365
s 6
f 128/332/366 127/206/236 126/205/235
s 18
f 109/330/364 98/318/363 127/317/367 128/333/368
s off
f 129/334/369 130/335/370 139/336/371 138/337/372
s 9
f 140/338/373 143/339/374 142/340/375 141/341/376
s 10
f 144/342/377 147/343/378 146/344/379 145/345/380
s 19
f 147/346/381 140/347/382 141/348/383 146/349/384
s 5
f 132/204/234 133/203/233 149/350/385 148/351/386
s off
f 133/352/387 151/353/388 150/354/389 149/355/390
f 131/200/391 132/199/392 148/356/393 152/357/394
f 143/339/395 140/338/396 154/358/397 153/359/398
s 19
f 140/347/382 147/346/381 155/360/399 154/361/400
s off
f 147/343/401 144/342/402 156/362/403 155/363/404
f 157/364/405 160/365/406 159/366/407 158/367/408
f 161/368/409 136/369/410 163/370/411 162/371/412
s 8
f 160/372/413 129/215/245 138/373/414
s 7
f 130/212/242 161/374/415 139/375/416
f 136/211/241 161/374/415 130/212/242
s 8
f 160/372/413 137/216/246 129/215/245
s 20
f 160/376/417 164/377/418 142/378/419 143/379/420
s 21
f 165/380/421 161/381/422 144/382/423 145/383/424
s 20
f 159/384/425 160/385/417 143/386/420 153/387/426
s 21
f 161/381/422 162/388/427 156/389/428 144/382/423
s off
f 157/390/429 158/391/430 150/392/431 151/393/432
s 17
f 163/394/433 136/394/351 131/394/350 152/394/434
s off
f 133/395/435 151/396/436 157/397/437
f 133/398/438 134/399/439 166/400/440 151/401/441
s 22
f 157/402/442 151/403/443 137/319/444
s 8
f 160/372/413 157/404/445 137/216/246
s 6
f 166/405/446 134/208/238 135/207/237
s 22
f 151/403/443 166/406/447 135/320/448 137/319/444
s 8
f 124/407/449 164/408/450 160/372/413 113/283/317
s off
f 105/289/451 142/378/452 164/377/453 124/290/454
s 9
f 91/222/252 141/341/376 142/340/375 105/223/253
s off
f 92/230/455 146/349/456 141/348/457 91/231/458
s 10
f 106/226/256 145/345/380 146/344/379 92/227/257
s off
f 125/291/459 165/380/460 145/383/461 106/292/462
s 7
f 115/286/320 161/374/415 165/409/463 125/410/464
f 99/285/319 139/375/416 161/374/415 115/286/320
s off
f 100/411/465 138/412/466 139/413/467 99/414/468
s 8
f 113/283/317 160/372/413 138/373/414 100/284/318
s off
f 119/415/469 173/416/470 174/417/471 120/418/472
f 120/419/473 174/420/474 177/421/475 116/422/476
s 16
f 110/423/339 169/424/477 175/424/478 122/423/340
s 23
f 154/425/479 159/426/480 153/427/481
f 163/428/482 158/429/483 159/426/480 162/430/484
f 162/430/484 155/431/485 156/432/486
f 162/430/484 159/426/480 154/425/479 155/431/485
f 149/433/487 150/434/488 158/429/483 148/435/489
f 148/435/489 158/429/483 163/428/482 152/436/490
s off
f 179/437/491 182/438/492 181/439/493 180/440/494
f 183/441/495 186/442/496 185/443/497 184/444/498
s 25
f 184/445/499 185/446/500 188/447/501 187/448/502
s 26
f 189/449/503 192/450/504 191/451/505 190/452/506
s 27
f 180/453/507 181/454/508 194/455/509 193/456/510
s 28
f 195/457/511 196/458/512 182/459/513 179/460/514
s off
f 179/461/515 180/462/516 198/463/517 197/464/518
s 29
f 199/465/519 202/466/520 201/467/521 200/468/522
s 30
f 203/469/523 206/470/524 205/471/525 204/472/526
s 31
f 206/473/527 199/474/528 200/475/529 205/476/530
s 25
f 184/445/499 187/448/502 168/477/531 167/478/532
s off
f 187/479/533 207/480/534 169/481/535 168/482/536
f 183/441/537 184/444/538 167/483/539 170/484/540
f 202/466/541 199/465/542 172/485/543 171/486/544
s 31
f 199/474/528 206/473/527 173/487/545 172/488/546
s off
f 206/470/547 203/469/548 174/489/549 173/490/550
f 208/491/551 209/492/552 176/493/553 175/494/554
f 210/495/555 193/496/556 178/497/557 177/498/558
s 28
f 209/499/559 179/460/514 197/500/560
s 27
f 180/453/507 210/501/561 198/502/562
f 193/456/510 210/501/561 180/453/507
s 28
f 209/499/559 195/457/511 179/460/514
s 32
f 209/503/563 211/504/564 201/505/565 202/506/566
s 33
f 212/507/567 210/508/568 203/509/569 204/510/570
s 32
f 176/511/571 209/512/563 202/513/566 171/514/572
s 33
f 210/508/568 177/515/573 174/516/574 203/509/569
s off
f 208/517/575 175/518/576 169/519/577 207/520/578
s 34
f 178/521/579 193/521/580 183/521/581 170/521/582
s off
f 187/522/583 207/523/584 208/524/585
s 34
f 193/525/580 194/526/586 186/527/587 183/528/581
s off
f 190/529/588 191/530/589 196/531/590 195/532/591
f 187/533/592 189/534/593 213/535/594 207/536/595
s 25
f 187/537/502 188/538/501 192/539/596 189/540/597
s 35
f 208/541/598 207/542/599 195/532/600
s 28
f 209/499/559 208/543/601 195/457/511
s 26
f 213/544/602 189/449/503 190/452/506
s 35
f 207/542/599 213/545/603 190/529/604 195/532/600
s off
f 182/546/605 215/547/606 214/548/607 181/549/608
s 29
f 216/550/609 219/551/610 218/552/611 217/553/612
s 30
f 220/554/613 223/555/614 222/556/615 221/557/616
s 36
f 221/558/617 222/559/618 219/560/619 216/561/620
s 25
f 185/446/500 225/562/621 224/563/622 188/447/501
s off
f 188/564/623 224/565/624 227/566/625 226/567/626
f 186/442/627 228/568/628 225/569/629 185/443/630
f 217/553/631 230/570/632 229/571/633 216/550/634
s 36
f 216/561/620 229/572/635 231/573/636 221/558/617
s off
f 221/557/637 231/574/638 232/575/639 220/554/640
f 233/576/641 236/577/642 235/578/643 234/579/644
f 237/580/645 239/581/646 238/582/647 194/583/648
s 28
f 234/584/649 215/585/650 182/459/513
s 27
f 181/454/508 214/586/651 237/587/652
f 194/455/509 181/454/508 237/587/652
s 28
f 234/584/649 182/459/513 196/458/512
s 37
f 234/588/653 217/589/654 218/590/655 240/591/656
s 38
f 241/592/657 223/593/658 220/594/659 237/595/660
s 37
f 235/596/661 230/597/662 217/598/654 234/599/653
s 38
f 237/595/660 220/594/659 232/600/663 239/601/664
s off
f 233/602/665 226/603/666 227/604/667 236/605/668
s 34
f 238/606/669 228/606/670 186/606/587 194/606/586
s off
f 188/607/671 233/608/672 226/609/673
f 188/610/674 226/611/675 242/612/676 192/613/677
s 39
f 233/614/678 196/531/679 226/615/680
s 28
f 234/584/649 196/458/512 233/616/681
s 26
f 242/617/682 191/451/505 192/450/504
s 39
f 226/615/680 196/531/679 191/530/683 242/618/684
s 28
f 211/619/685 209/499/559 234/584/649 240/620/686
s off
f 201/505/687 211/504/688 240/591/689 218/590/690
s 29
f 200/468/522 201/467/521 218/552/611 219/551/610
s off
f 205/476/691 200/475/692 219/560/693 222/559/694
s 30
f 204/472/526 205/471/525 222/556/615 223/555/614
s off
f 212/507/695 204/510/696 223/593/697 241/592/698
s 27
f 210/501/561 212/621/699 241/622/700 237/587/652
f 198/502/562 210/501/561 237/587/652 214/586/651
s off
f 197/623/701 198/624/702 214/625/703 215/626/704
s 28
f 209/499/559 197/500/560 215/585/650 234/584/649
s 40
f 229/627/705 230/628/706 235/629/707
f 238/630/708 239/631/709 235/629/707 236/632/710
f 239/631/709 232/633/711 231/634/712
f 239/631/709 231/634/712 229/627/705 235/629/707
f 224/635/713 225/636/714 236/632/710 227/637/715
f 225/636/714 228/638/716 238/630/708 236/632/710
s off
f 243/639/717 244/640/718 246/641/719 245/642/720
f 247/643/721 248/644/722 250/645/723 249/646/724
f 244/647/725 250/648/726 248/649/727 246/650/728
f 249/651/729 243/652/730 245/653/731 247/654/732
f 251/655/733 252/656/734 258/657/735 257/658/736
f 252/656/737 253/659/738 259/660/739 258/657/740
f 253/659/741 254/661/742 260/662/743 259/660/744
f 254/661/745 255/663/746 261/664/747 260/662/748
f 255/663/749 256/665/750 262/666/751 261/664/752
f 256/665/753 251/655/754 257/658/755 262/666/756
f 257/667/757 258/668/758 264/669/759 263/670/760
f 258/668/761 259/671/762 265/672/763 264/669/764
f 259/671/765 260/673/766 266/674/767 265/672/768
f 260/673/769 261/675/770 267/676/771 266/674/772
f 261/675/773 262/677/774 268/678/775 267/676/776
f 262/677/777 257/667/778 263/670/779 268/678/780
f 263/679/781 264/680/782 270/681/783 269/682/784
f 264/680/785 265/683/786 271/684/787 270/681/788
f 265/683/789 266/685/790 272/686/791 271/684/792
f 266/685/793 267/687/794 273/688/795 272/686/796
f 267/687/797 268/689/798 274/690/799 273/688/800
f 268/689/801 263/679/802 269/682/803 274/690/804
f 269/691/805 270/692/806 273/693/807
f 270/692/808 271/694/809 273/693/810
f 271/694/811 272/695/812 273/693/813
f 274/696/814 269/691/815 273/693/816
f 275/697/817 276/698/818 282/699/819 281/700/820
f 276/698/821 277/701/822 283/702/823 282/699/824
f 277/701/825 278/703/826 284/704/827 283/702/828
f 278/703/829 279/705/830 285/706/831 284/704/832
f 279/705/833 280/707/834 286/708/835 285/706/836
f 280/707/837 275/697/838 281/700/839 286/708/840
f 281/709/841 282/710/842 288/711/843 287/712/844
f 282/710/845 283/713/846 289/714/847 288/711/848
f 283/713/849 284/715/850 290/716/851 289/714/852
f 284/715/853 285/717/854 291/718/855 290/716/856
f 285/717/857 286/719/858 292/720/859 291/718/860
f 286/719/861 281/709/862 287/712/863 292/720/864
f 287/721/865 288/722/866 294/723/867 293/724/868
f 288/722/869 289/725/870 295/726/871 294/723/872
f 289/725/873 290/727/874 296/728/875 295/726/876
f 290/727/877 291/729/878 297/730/879 296/728/880
f 291/729/881 292/731/882 298/732/883 297/730/884
f 292/731/885 287/721/886 293/724/887 298/732/888
f 293/733/889 294/734/890 297/735/891
f 294/734/892 295/736/893 297/735/894
f 295/736/895 296/737/896 297/735/897
f 298/738/898 293/733/899 297/735/900
f 299/739/901 300/740/902 306/741/903 305/742/904
f 300/740/905 301/743/906 307/744/907 306/741/908
f 301/743/909 302/745/910 308/746/911 307/744/912
f 302/745/913 303/747/914 309/748/915 308/746/916
f 303/747/917 304/749/918 310/750/919 309/748/920
f 304/749/921 299/739/922 305/742/923 310/750/924
f 305/751/925 306/752/926 312/753/927 311/754/928
f 306/752/929 307/755/930 313/756/931 312/753/932
f 307/755/933 308/757/934 314/758/935 313/756/936
f 308/757/937 309/759/938 315/760/939 314/758/940
f 309/759/941 310/761/942 316/762/943 315/760/944
f 310/761/945 305/751/946 311/754/947 316/762/948
f 311/763/949 312/764/950 318/765/951 317/766/952
f 312/764/953 313/767/954 319/768/955 318/765/956
f 313/767/957 314/769/958 320/770/959 319/768/960
f 314/769/961 315/771/962 321/772/963 320/770/964
f 315/771/965 316/773/966 322/774/967 321/772/968
f 316/773/969 311/763/970 317/766/971 322/774/972
f 317/775/973 318/776/974 321/777/975
f 318/776/976 319/778/977 321/777/978
f 319/778/979 320/779/980 321/777/981
f 322/780/982 317/775/983 321/777/984
f 323/781/985 324/782/986 330/783/987 329/784/988
f 324/782/989 325/785/990 331/786/991 330/783/992
f 325/785/993 326/787/994 332/788/995 331/786/996
f 326/787/997 327/789/998 333/790/999 332/788/1000
f 327/789/1001 328/791/1002 334/792/1003 333/790/1004
f 328/791/1005 323/781/1006 329/784/1007 334/792/1008
f 329/793/1009 330/794/1010 336/795/1011 335/796/1012
f 330/794/1013 331/797/1014 337/798/1015 336/795/1016
f 331/797/1017 332/799/1018 338/800/1019 337/798/1020
f 332/799/1021 333/801/1022 339/802/1023 338/800/1024
f 333/801/1025 334/803/1026 340/804/1027 339/802/1028
f 334/803/1029 329/793/1030 335/796/1031 340/804/1032
f 335/805/1033 336/806/1034 342/807/1035 341/808/1036
f 336/806/1037 337/809/1038 343/810/1039 342/807/1040
f 337/809/1041 338/811/1042 344/812/1043 343/810/1044
f 338/811/1045 339/813/1046 345/814/1047 344/812/1048
f 339/813/1049 340/815/1050 346/816/1051 345/814/1052
f 340/815/1053 335/805/1054 341/808/1055 346/816/1056
f 341/817/1057 342/818/1058 345/819/1059
f 342/818/1060 343/820/1061 345/819/1062
f 343/820/1063 344/821/1064 345/819/1065
f 346/822/1066 341/817/1067 345/819/1068
f 347/823/1069 348/824/1070 354/825/1071 353/826/1072
f 348/824/1073 349/827/1074 355/828/1075 354/825/1076
f 349/827/1077 350/829/1078 356/830/1079 355/828/1080
f 350/829/1081 351/831/1082 357/832/1083 356/830/1084
f 351/831/1085 352/833/1086 358/834/1087 357/832/1088
f 352/833/1089 347/823/1090 353/826/1091 358/834/1092
f 353/835/1093 354/836/1094 360/837/1095 359/838/1096
f 354/836/1097 355/839/1098 361/840/1099 360/837/1100
f 355/839/1101 356/841/1102 362/842/1103 361/840/1104
f 356/841/1105 357/843/1106 363/844/1107 362/842/1108
f 357/843/1109 358/845/1110 364/846/1111 363/844/1112
f 358/845/1113 353/835/1114 359/838/1115 364/846/1116
f 359/847/1117 360/848/1118 366/849/1119 365/850/1120
f 360/848/1121 361/851/1122 367/852/1123 366/849/1124
f 361/851/1125 362/853/1126 368/854/1127 367/852/1128
f 362/853/1129 363/855/1130 369/856/1131 368/854/1132
f 363/855/1133 364/857/1134 370/858/1135 369/856/1136
f 364/857/1137 359/847/1138 365/850/1139 370/858/1140
f 365/859/1141 366/860/1142 369/861/1143
f 366/860/1144 367/862/1145 369/861/1146
f 367/862/1147 368/863/1148 369/861/1149
f 370/864/1150 365/859/1151 369/861/1152
f 371/865/1153 372/866/1154 378/867/1155 377/868/1156
f 372/866/1157 373/869/1158 379/870/1159 378/867/1160
f 373/869/1161 374/871/1162 380/872/1163 379/870/1164
f 374/871/1165 375/873/1166 381/874/1167 380/872/1168
f 375/873/1169 376/875/1170 382/876/1171 381/874/1172
f 376/875/1173 371/865/1174 377/868/1175 382/876/1176
f 377/877/1177 378/878/1178 384/879/1179 383/880/1180
f 378/878/1181 379/881/1182 385/882/1183 384/879/1184
f 379/881/1185 380/883/1186 386/884/1187 385/882/1188
f 380/883/1189 381/885/1190 387/886/1191 386/884/1192
f 381/885/1193 382/887/1194 388/888/1195 387/886/1196
f 382/887/1197 377/877/1198 383/880/1199 388/888/1200
f 383/889/1201 384/890/1202 390/891/1203 389/892/1204
f 384/890/1205 385/893/1206 391/894/1207 390/891/1208
f 385/893/1209 386/895/1210 392/896/1211 391/894/1212
f 386/895/1213 387/897/1214 393/898/1215 392/896/1216
f 387/897/1217 388/899/1218 394/900/1219 393/898/1220
f 388/899/1221 383/889/1222 389/892/1223 394/900/1224
f 389/901/1225 390/902/1226 393/903/1227
f 390/902/1228 391/904/1229 393/903/1230
f 391/904/1231 392/905/1232 393/903/1233
f 394/906/1234 389/901/1235 393/903/1236
f 395/907/1237 396/908/1238 402/909/1239 401/910/1240
f 396/908/1241 397/911/1242 403/912/1243 402/909/1244
f 397/911/1245 398/913/1246 404/914/1247 403/912/1248
f 398/913/1249 399/915/1250 405/916/1251 404/914/1252
f 399/915/1253 400/917/1254 406/918/1255 405/916/1256
f 400/917/1257 395/907/1258 401/910/1259 406/918/1260
f 401/919/1261 402/920/1262 408/921/1263 407/922/1264
f 402/920/1265 403/923/1266 409/924/1267 408/921/1268
f 403/923/1269 404/925/1270 410/926/1271 409/924/1272
f 404/925/1273 405/927/1274 411/928/1275 410/926/1276
f 405/927/1277 406/929/1278 412/930/1279 411/928/1280
f 406/929/1281 401/919/1282 407/922/1283 412/930/1284
f 407/931/1285 408/932/1286 414/933/1287 413/934/1288
f 408/932/1289 409/935/1290 415/936/1291 414/933/1292
f 409/935/1293 410/937/1294 416/938/1295 415/936/1296
f 410/937/1297 411/939/1298 417/940/1299 416/938/1300
f 411/939/1301 412/941/1302 418/942/1303 417/940/1304
f 412/941/1305 407/931/1306 413/934/1307 418/942/1308
f 413/943/1309 414/944/1310 417/945/1311
f 414/944/1312 415/946/1313 417/945/1314
f 415/946/1315 416/947/1316 417/945/1317
f 418/948/1318 413/943/1319 417/945/1320
s 41
f 419/949/1321 420/950/1322 426/951/1323 425/952/1324
f 420/953/1322 421/954/1325 427/955/1326 426/956/1323
f 421/957/1325 422/958/1327 428/959/1328 427/960/1326
f 422/961/1327 423/962/1329 429/963/1330 428/964/1328
f 423/965/1329 424/966/1331 430/967/1332 429/968/1330
f 424/969/1331 419/970/1321 425/971/1324 430/972/1332
s 42
f 426/973/1333 427/974/1334 425/975/1335
f 427/974/1334 428/976/1336 425/975/1335
f 428/976/1336 429/977/1337 425/975/1335
f 429/977/1337 430/978/1338 425/975/1335
s 43
f 431/979/1339 432/980/1340 438/981/1341 437/982/1342
f 432/983/1340 433/984/1343 439/985/1344 438/986/1341
f 433/987/1343 434/988/1345 440/989/1346 439/990/1344
f 434/991/1345 435/992/1347 441/993/1348 440/994/1346
f 435/995/1347 436/996/1349 442/997/1350 441/998/1348
f 436/999/1349 431/1000/1339 437/1001/1342 442/1002/1350
s 44
f 438/1003/1351 439/1004/1352 437/1005/1353
f 439/1004/1352 440/1006/1354 437/1005/1353
f 440/1006/1354 441/1007/1355 437/1005/1353
f 441/1007/1355 442/1008/1356 437/1005/1353
s 45
f 443/1009/1357 444/1010/1358 450/1011/1359 449/1012/1360
f 444/1013/1358 445/1014/1361 451/1015/1362 450/1016/1359
f 445/1017/1361 446/1018/1363 452/1019/1364 451/1020/1362
f 446/1021/1363 447/1022/1365 453/1023/1366 452/1024/1364
f 447/1025/1365 448/1026/1367 454/1027/1368 453/1028/1366
f 448/1029/1367 443/1030/1357 449/1031/1360 454/1032/1368
s 46
f 450/1033/1369 451/1034/1370 449/1035/1371
f 451/1034/1370 452/1036/1372 449/1035/1371
f 452/1036/1372 453/1037/1373 449/1035/1371
f 453/1037/1373 454/1038/1374 449/1035/1371
s 47
f 455/1039/1375 456/1040/1376 462/1041/1377 461/1042/1378
f 456/1043/1376 457/1044/1379 463/1045/1380 462/1046/1377
f 457/1047/1379 458/1048/1381 464/1049/1382 463/1050/1380
f 458/1051/1381 459/1052/1383 465/1053/1384 464/1054/1382
f 459/1055/1383 460/1056/1385 466/1057/1386 465/1058/1384
f 460/1059/1385 455/1060/1375 461/1061/1378 466/1062/1386
s 48
f 462/1063/1387 463/1064/1388 461/1065/1389
f 463/1064/1388 464/1066/1390 461/1065/1389
f 464/1066/1390 465/1067/1391 461/1065/1389
f 465/1067/1391 466/1068/1392 461/1065/1389
s off
f 467/1069/1393 468/1070/1394 474/1071/1395 473/1072/1396
f 468/1070/1397 469/1073/1398 475/1074/1399 474/1071/1400
f 469/1073/1401 470/1075/1402 476/1076/1403 475/1074/1404
f 470/1075/1405 471/1077/1406 477/1078/1407 476/1076/1408
f 471/1077/1409 472/1079/1410 478/1080/1411 477/1078/1412
f 472/1079/1413 467/1069/1414 473/1072/1415 478/1080/1416
f 473/1081/1417 474/1082/1418 480/1083/1419 479/1084/1420
f 474/1082/1421 475/1085/1422 481/1086/1423 480/1083/1424
f 475/1085/1425 476/1087/1426 482/1088/1427 481/1086/1428
f 476/1087/1429 477/1089/1430 483/1090/1431 482/1088/1432
f 477/1089/1433 478/1091/1434 484/1092/1435 483/1090/1436
f 478/1091/1437 473/1081/1438 479/1084/1439 484/1092/1440
f 479/1093/1441 480/1094/1442 486/1095/1443 485/1096/1444
f 480/1094/1445 481/1097/1446 487/1098/1447 486/1095/1448
f 481/1097/1449 482/1099/1450 488/1100/1451 487/1098/1452
f 482/1099/1453 483/1101/1454 489/1102/1455 488/1100/1456
f 483/1101/1457 484/1103/1458 490/1104/1459 489/1102/1460
f 484/1103/1461 479/1093/1462 485/1096/1463 490/1104/1464
f 485/1105/1465 486/1106/1466 489/1107/1467
f 486/1106/1468 487/1108/1469 489/1107/1470
f 487/1108/1471 488/1109/1472 489/1107/1473
f 490/1110/1474 485/1105/1475 489/1107/1476
f 491/1111/1477 492/1112/1478 498/1113/1479 497/1114/1480
f 492/1112/1481 493/1115/1482 499/1116/1483 498/1113/1484
f 493/1115/1485 494/1117/1486 500/1118/1487 499/1116/1488
f 494/1117/1489 495/1119/1490 501/1120/1491 500/1118/1492
f 495/1119/1493 496/1121/1494 502/1122/1495 501/1120/1496
f 496/1121/1497 491/1111/1498 497/1114/1499 502/1122/1500
f 497/1123/1501 498/1124/1502 504/1125/1503 503/1126/1504
f 498/1124/1505 499/1127/1506 505/1128/1507 504/1125/1508
f 499/1127/1509 500/1129/1510 506/1130/1511 505/1128/1512
f 500/1129/1513 501/1131/1514 507/1132/1515 506/1130/1516
f 501/1131/1517 502/1133/1518 508/1134/1519 507/1132/1520
f 502/1133/1521 497/1123/1522 503/1126/1523 508/1134/1524
f 503/1135/1525 504/1136/1526 510/1137/1527 509/1138/1528
f 504/1136/1529 505/1139/1530 511/1140/1531 510/1137/1532
f 505/1139/1533 506/1141/1534 512/1142/1535 511/1140/1536
f 506/1141/1537 507/1143/1538 513/1144/1539 512/1142/1540
f 507/1143/1541 508/1145/1542 514/1146/1543 513/1144/1544
f 508/1145/1545 503/1135/1546 509/1138/1547 514/1146/1548
f 509/1147/1549 510/1148/1550 513/1149/1551
f 510/1148/1552 511/1150/1553 513/1149/1554
f 511/1150/1555 512/1151/1556 513/1149/1557
f 514/1152/1558 509/1147/1559 513/1149/1560
f 515/1153/1561 516/1154/1562 522/1155/1563 521/1156/1564
f 516/1154/1565 517/1157/1566 523/1158/1567 522/1155/1568
f 517/1157/1569 518/1159/1570 524/1160/1571 523/1158/1572
f 518/1159/1573 519/1161/1574 525/1162/1575 524/1160/1576
f 519/1161/1577 520/1163/1578 526/1164/1579 525/1162/1580
f 520/1163/1581 515/1153/1582 521/1156/1583 526/1164/1584
f 521/1165/1585 522/1166/1586 528/1167/1587 527/1168/1588
f 522/1166/1589 523/1169/1590 529/1170/1591 528/1167/1592
f 523/1169/1593 524/1171/1594 530/1172/1595 529/1170/1596
f 524/1171/1597 525/1173/1598 531/1174/1599 530/1172/1600
f 525/1173/1601 526/1175/1602 532/1176/1603 531/1174/1604
f 526/1175/1605 521/1165/1606 527/1168/1607 532/1176/1608
f 527/1177/1609 528/1178/1610 534/1179/1611 533/1180/1612
f 528/1178/1613 529/1181/1614 535/1182/1615 534/1179/1616
f 529/1181/1617 530/1183/1618 536/1184/1619 535/1182/1620
f 530/1183/1621 531/1185/1622 537/1186/1623 536/1184/1624
f 531/1185/1625 532/1187/1626 538/1188/1627 537/1186/1628
f 532/1187/1629 527/1177/1630 533/1180/1631 538/1188/1632
f 533/1189/1633 534/1190/1634 537/1191/1635
f 534/1190/1636 535/1192/1637 537/1191/1638
f 535/1192/1639 536/1193/1640 537/1191/1641
f 538/1194/1642 533/1189/1643 537/1191/1644
f 539/1195/1645 540/1196/1646 546/1197/1647 545/1198/1648
f 540/1196/1649 541/1199/1650 547/1200/1651 546/1197/1652
f 541/1199/1653 542/1201/1654 548/1202/1655 547/1200/1656
f 542/1201/1657 543/1203/1658 549/1204/1659 548/1202/1660
f 543/1203/1661 544/1205/1662 550/1206/1663 549/1204/1664
f 544/1205/1665 539/1195/1666 545/1198/1667 550/1206/1668
f 545/1207/1669 546/1208/1670 552/1209/1671 551/1210/1672
f 546/1208/1673 547/1211/1674 553/1212/1675 552/1209/1676
f 547/1211/1677 548/1213/1678 554/1214/1679 553/1212/1680
f 548/1213/1681 549/1215/1682 555/1216/1683 554/1214/1684
f 549/1215/1685 550/1217/1686 556/1218/1687 555/1216/1688
f 550/1217/1689 545/1207/1690 551/1210/1691 556/1218/1692
f 551/1219/1693 552/1220/1694 558/1221/1695 557/1222/1696
f 552/1220/1697 553/1223/1698 559/1224/1699 558/1221/1700
f 553/1223/1701 554/1225/1702 560/1226/1703 559/1224/1704
f 554/1225/1705 555/1227/1706 561/1228/1707 560/1226/1708
f 555/1227/1709 556/1229/1710 562/1230/1711 561/1228/1712
f 556/1229/1713 551/1219/1714 557/1222/1715 562/1230/1716
f 557/1231/1717 558/1232/1718 561/1233/1719
f 558/1232/1720 559/1234/1721 561/1233/1722
f 559/1234/1723 560/1235/1724 561/1233/1725
f 562/1236/1726 557/1231/1727 561/1233/1728
f 563/1237/1729 564/1238/1730 570/1239/1731 569/1240/1732
f 564/1238/1733 565/1241/1734 571/1242/1735 570/1239/1736
f 565/1241/1737 566/1243/1738 572/1244/1739 571/1242/1740
f 566/1243/1741 567/1245/1742 573/1246/1743 572/1244/1744
f 567/1245/1745 568/1247/1746 574/1248/1747 573/1246/1748
f 568/1247/1749 563/1237/1750 569/1240/1751 574/1248/1752
f 569/1249/1753 570/1250/1754 576/1251/1755 575/1252/1756
f 570/1250/1757 571/1253/1758 577/1254/1759 576/1251/1760
f 571/1253/1761 572/1255/1762 578/1256/1763 577/1254/1764
f 572/1255/1765 573/1257/1766 579/1258/1767 578/1256/1768
f 573/1257/1769 574/1259/1770 580/1260/1771 579/1258/1772
f 574/1259/1773 569/1249/1774 575/1252/1775 580/1260/1776
f 575/1261/1777 576/1262/1778 582/1263/1779 581/1264/1780
f 576/1262/1781 577/1265/1782 583/1266/1783 582/1263/1784
f 577/1265/1785 578/1267/1786 584/1268/1787 583/1266/1788
f 578/1267/1789 579/1269/1790 585/1270/1791 584/1268/1792
f 579/1269/1793 580/1271/1794 586/1272/1795 585/1270/1796
f 580/1271/1797 575/1261/1798 581/1264/1799 586/1272/1800
f 581/1273/1801 582/1274/1802 585/1275/1803
f 582/1274/1804 583/1276/1805 585/1275/1806
f 583/1276/1807 584/1277/1808 585/1275/1809
f 586/1278/1810 581/1273/1811 585/1275/1812
f 587/1279/1813 588/1280/1814 594/1281/1815 593/1282/1816
f 588/1280/1817 589/1283/1818 595/1284/1819 594/1281/1820
f 589/1283/1821 590/1285/1822 596/1286/1823 595/1284/1824
f 590/1285/1825 591/1287/1826 597/1288/1827 596/1286/1828
f 591/1287/1829 592/1289/1830 598/1290/1831 597/1288/1832
f 592/1289/1833 587/1279/1834 593/1282/1835 598/1290/1836
f 593/1291/1837 594/1292/1838 600/1293/1839 599/1294/1840
f 594/1292/1841 595/1295/1842 601/1296/1843 600/1293/1844
f 595/1295/1845 596/1297/1846 602/1298/1847 601/1296/1848
f 596/1297/1849 597/1299/1850 603/1300/1851 602/1298/1852
f 597/1299/1853 598/1301/1854 604/1302/1855 603/1300/1856
f 598/1301/1857 593/1291/1858 599/1294/1859 604/1302/1860
f 599/1303/1861 600/1304/1862 606/1305/1863 605/1306/1864
f 600/1304/1865 601/1307/1866 607/1308/1867 606/1305/1868
f 601/1307/1869 602/1309/1870 608/1310/1871 607/1308/1872
f 602/1309/1873 603/1311/1874 609/1312/1875 608/1310/1876
f 603/1311/1877 604/1313/1878 610/1314/1879 609/1312/1880
f 604/1313/1881 599/1303/1882 605/1306/1883 610/1314/1884
f 605/1315/1885 606/1316/1886 609/1317/1887
f 606/1316/1888 607/1318/1889 609/1317/1890
f 607/1318/1891 608/1319/1892 609/1317/1893
f 610/1320/1894 605/1315/1895 609/1317/1896
f 611/1321/1897 612/1322/1898 618/1323/1899 617/1324/1900
f 612/1322/1901 613/1325/1902 619/1326/1903 618/1323/1904
f 613/1325/1905 614/1327/1906 620/1328/1907 619/1326/1908
f 614/1327/1909 615/1329/1910 621/1330/1911 620/1328/1912
f 615/1329/1913 616/1331/1914 622/1332/1915 621/1330/1916
f 616/1331/1917 611/1321/1918 617/1324/1919 622/1332/1920
f 617/1333/1921 618/1334/1922 624/1335/1923 623/1336/1924
f 618/1334/1925 619/1337/1926 625/1338/1927 624/1335/1928
f 619/1337/1929 620/1339/1930 626/1340/1931 625/1338/1932
f 620/1339/1933 621/1341/1934 627/1342/1935 626/1340/1936
f 621/1341/1937 622/1343/1938 628/1344/1939 627/1342/1940
f 622/1343/1941 617/1333/1942 623/1336/1943 628/1344/1944
f 623/1345/1945 624/1346/1946 630/1347/1947 629/1348/1948
f 624/1346/1949 625/1349/1950 631/1350/1951 630/1347/1952
f 625/1349/1953 626/1351/1954 632/1352/1955 631/1350/1956
f 626/1351/1957 627/1353/1958 633/1354/1959 632/1352/1960
f 627/1353/1961 628/1355/1962 634/1356/1963 633/1354/1964
f 628/1355/1965 623/1345/1966 629/1348/1967 634/1356/1968
f 629/1357/1969 630/1358/1970 633/1359/1971
f 630/1358/1972 631/1360/1973 633/1359/1974
f 631/1360/1975 632/1361/1976 633/1359/1977
f 634/1362/1978 629/1357/1979 633/1359/1980
f 635/1363/1981 636/1364/1982 642/1365/1983 641/1366/1984
f 636/1364/1985 637/1367/1986 643/1368/1987 642/1365/1988
f 637/1367/1989 638/1369/1990 644/1370/1991 643/1368/1992
f 638/1369/1993 639/1371/1994 645/1372/1995 644/1370/1996
f 639/1371/1997 640/1373/1998 646/1374/1999 645/1372/2000
f 640/1373/2001 635/1363/2002 641/1366/2003 646/1374/2004
f 641/1375/2005 642/1376/2006 648/1377/2007 647/1378/2008
f 642/1376/2009 643/1379/2010 649/1380/2011 648/1377/2012
f 643/1379/2013 644/1381/2014 650/1382/2015 649/1380/2016
f 644/1381/2017 645/1383/2018 651/1384/2019 650/1382/2020
f 645/1383/2021 646/1385/2022 652/1386/2023 651/1384/2024
f 646/1385/2025 641/1375/2026 647/1378/2027 652/1386/2028
f 647/1387/2029 648/1388/2030 654/1389/2031 653/1390/2032
f 648/1388/2033 649/1391/2034 655/1392/2035 654/1389/2036
f 649/1391/2037 650/1393/2038 656/1394/2039 655/1392/2040
f 650/1393/2041 651/1395/2042 657/1396/2043 656/1394/2044
f 651/1395/2045 652/1397/2046 658/1398/2047 657/1396/2048
f 652/1397/2049 647/1387/2050 653/1390/2051 658/1398/2052
f 653/1399/2053 654/1400/2054 657/1401/2055
f 654/1400/2056 655/1402/2057 657/1401/2058
f 655/1402/2059 656/1403/2060 657/1401/2061
f 658/1404/2062 653/1399/2063 657/1401/2064
s 49
f 659/1405/2065 660/1406/2066 666/1407/2067 665/1408/2068
f 660/1409/2066 661/1410/2069 667/1411/2070 666/1412/2067
f 661/1413/2069 662/1414/2071 668/1415/2072 667/1416/2070
f 662/1417/2071 663/1418/2073 669/1419/2074 668/1420/2072
f 663/1421/2073 664/1422/2075 670/1423/2076 669/1424/2074
f 664/1425/2075 659/1426/2065 665/1427/2068 670/1428/2076
s 50
f 666/1429/2077 667/1430/2078 665/1431/2079
f 667/1430/2078 668/1432/2080 665/1431/2079
f 668/1432/2080 669/1433/2081 665/1431/2079
f 669/1433/2081 670/1434/2082 665/1431/2079
s 51
f 671/1435/2083 672/1436/2084 678/1437/2085 677/1438/2086
f 672/1439/2084 673/1440/2087 679/1441/2088 678/1442/2085
f 673/1443/2087 674/1444/2089 680/1445/2090 679/1446/2088
f 674/1447/2089 675/1448/2091 681/1449/2092 680/1450/2090
f 675/1451/2091 676/1452/2093 682/1453/2094 681/1454/2092
f 676/1455/2093 671/1456/2083 677/1457/2086 682/1458/2094
s 52
f 678/1459/2095 679/1460/2096 677/1461/2097
f 679/1460/2096 680/1462/2098 677/1461/2097
f 680/1462/2098 681/1463/2099 677/1461/2097
f 681/1463/2099 682/1464/2100 677/1461/2097
s 53
f 683/1465/2101 684/1466/2102 690/1467/2103 689/1468/2104
f 684/1469/2102 685/1470/2105 691/1471/2106 690/1472/2103
f 685/1473/2105 686/1474/2107 692/1475/2108 691/1476/2106
f 686/1477/2107 687/1478/2109 693/1479/2110 692/1480/2108
f 687/1481/2109 688/1482/2111 694/1483/2112 693/1484/2110
f 688/1485/2111 683/1486/2101 689/1487/2104 694/1488/2112
s 54
f 690/1489/2113 691/1490/2114 689/1491/2115
f 691/1490/2114 692/1492/2116 689/1491/2115
f 692/1492/2116 693/1493/2117 689/1491/2115
f 693/1493/2117 694/1494/2118 689/1491/2115
s 55
f 695/1495/2119 696/1496/2120 702/1497/2121 701/1498/2122
f 696/1499/2120 697/1500/2123 703/1501/2124 702/1502/2121
f 697/1503/2123 698/1504/2125 704/1505/2126 703/1506/2124
f 698/1507/2125 699/1508/2127 705/1509/2128 704/1510/2126
f 699/1511/2127 700/1512/2129 706/1513/2130 705/1514/2128
f 700/1515/2129 695/1516/2119 701/1517/2122 706/1518/2130
s 56
f 702/1519/2131 703/1520/2132 701/1521/2133
f 703/1520/2132 704/1522/2134 701/1521/2133
f 704/1522/2134 705/1523/2135 701/1521/2133
f 705/1523/2135 706/1524/2136 701/1521/2133
s 57
f 707/1525/2137 708/1526/2138 714/1527/2139 713/1528/2140
f 708/1529/2138 709/1530/2141 715/1531/2142 714/1532/2139
f 709/1533/2141 710/1534/2143 716/1535/2144 715/1536/2142
f 710/1537/2143 711/1538/2145 717/1539/2146 716/1540/2144
f 711/1541/2145 712/1542/2147 718/1543/2148 717/1544/2146
f 712/1545/2147 707/1546/2137 713/1547/2140 718/1548/2148
s 58
f 714/1549/2149 715/1550/2150 713/1551/2151
f 715/1550/2150 716/1552/2152 713/1551/2151
f 716/1552/2152 717/1553/2153 713/1551/2151
f 717/1553/2153 718/1554/2154 713/1551/2151
s 59
f 719/1555/2155 720/1556/2156 726/1557/2157 725/1558/2158
f 720/1559/2156 721/1560/2159 727/1561/2160 726/1562/2157
f 721/1563/2159 722/1564/2161 728/1565/2162 727/1566/2160
f 722/1567/2161 723/1568/2163 729/1569/2164 728/1570/2162
f 723/1571/2163 724/1572/2165 730/1573/2166 729/1574/2164
f 724/1575/2165 719/1576/2155 725/1577/2158 730/1578/2166
s 60
f 726/1579/2167 727/1580/2168 725/1581/2169
f 727/1580/2168 728/1582/2170 725/1581/2169
f 728/1582/2170 729/1583/2171 725/1581/2169
f 729/1583/2171 730/1584/2172 725/1581/2169
s off
f 731/1585/2173 732/1586/2174 734/1587/2175 733/1588/2176
f 733/1589/2177 734/1590/2178 736/1591/2179 735/1592/2180
f 737/1593/2181 738/1594/2182 732/1595/2183 731/1596/2184
f 732/1597/2185 738/1598/2186 736/1599/2187 734/1600/2188
f 737/1601/2189 731/1602/2190 733/1603/2191 735/1604/2192
s 61
f 739/1605/2193 740/1606/2194 746/1607/2195 745/1608/2196
f 740/1609/2194 741/1610/2197 747/1611/2198 746/1612/2195
f 741/1613/2197 742/1614/2199 748/1615/2200 747/1616/2198
f 742/1617/2199 743/1618/2201 749/1619/2202 748/1620/2200
f 743/1621/2201 744/1622/2203 750/1623/2204 749/1624/2202
f 744/1625/2203 739/1626/2193 745/1627/2196 750/1628/2204
s 62
f 746/1629/2205 747/1630/2206 745/1631/2207
f 747/1630/2206 748/1632/2208 745/1631/2207
f 748/1632/2208 749/1633/2209 745/1631/2207
f 749/1633/2209 750/1634/2210 745/1631/2207
s 63
f 751/1635/2211 752/1636/2212 758/1637/2213 757/1638/2214
f 752/1639/2212 753/1640/2215 759/1641/2216 758/1642/2213
f 753/1643/2215 754/1644/2217 760/1645/2218 759/1646/2216
f 754/1647/2217 755/1648/2219 761/1649/2220 760/1650/2218
f 755/1651/2219 756/1652/2221 762/1653/2222 761/1654/2220
f 756/1655/2221 751/1656/2211 757/1657/2214 762/1658/2222
s 64
f 758/1659/2223 759/1660/2224 757/1661/2225
f 759/1660/2224 760/1662/2226 757/1661/2225
f 760/1662/2226 761/1663/2227 757/1661/2225
f 761/1663/2227 762/1664/2228 757/1661/2225
s 65
f 763/1665/2229 764/1666/2230 770/1667/2231 769/1668/2232
f 764/1669/2230 765/1670/2233 771/1671/2234 770/1672/2231
f 765/1673/2233 766/1674/2235 772/1675/2236 771/1676/2234
f 766/1677/2235 767/1678/2237 773/1679/2238 772/1680/2236
f 767/1681/2237 768/1682/2239 774/1683/2240 773/1684/2238
f 768/1685/2239 763/1686/2229 769/1687/2232 774/1688/2240
s 66
f 770/1689/2241 771/1690/2242 769/1691/2243
f 771/1690/2242 772/1692/2244 769/1691/2243
f 772/1692/2244 773/1693/2245 769/1691/2243
f 773/1693/2245 774/1694/2246 769/1691/2243
s 67
f 775/1695/2247 776/1696/2248 782/1697/2249 781/1698/2250
f 776/1699/2248 777/1700/2251 783/1701/2252 782/1702/2249
f 777/1703/2251 778/1704/2253 784/1705/2254 783/1706/2252
f 778/1707/2253 779/1708/2255 785/1709/2256 784/1710/2254
f 779/1711/2255 780/1712/2257 786/1713/2258 785/1714/2256
f 780/1715/2257 775/1716/2247 781/1717/2250 786/1718/2258
s 68
f 782/1719/2259 783/1720/2260 781/1721/2261
f 783/1720/2260 784/1722/2262 781/1721/2261
f 784/1722/2262 785/1723/2263 781/1721/2261
f 785/1723/2263 786/1724/2264 781/1721/2261
s 69
f 787/1725/2265 788/1726/2266 794/1727/2267 793/1728/2268
f 788/1729/2266 789/1730/2269 795/1731/2270 794/1732/2267
f 789/1733/2269 790/1734/2271 796/1735/2272 795/1736/2270
f 790/1737/2271 791/1738/2273 797/1739/2274 796/1740/2272
f 791/1741/2273 792/1742/2275 798/1743/2276 797/1744/2274
f 792/1745/2275 787/1746/2265 793/1747/2268 798/1748/2276
s 70
f 794/1749/2277 795/1750/2278 793/1751/2279
f 795/1750/2278 796/1752/2280 793/1751/2279
f 796/1752/2280 797/1753/2281 793/1751/2279
f 797/1753/2281 798/1754/2282 793/1751/2279
s off
f 799/1755/2283 802/1756/2284 801/1757/2285 800/1758/2286
f 802/1759/2287 804/1760/2288 803/1761/2289 801/1762/2290
f 805/1763/2291 799/1764/2292 800/1765/2293 806/1766/2294
f 800/1767/2295 801/1768/2296 803/1769/2297 806/1770/2298
f 805/1771/2299 804/1772/2300 802/1773/2301 799/1774/2302
f 807/1775/2303 810/1776/2304 809/1777/2305 808/1778/2306
f 811/1779/2307 814/1780/2308 813/1781/2309 812/1782/2310
f 813/1783/2311 808/1784/2312 809/1785/2313 812/1786/2314
f 811/1787/2315 810/1788/2316 807/1789/2317 814/1790/2318
s 71
f 814/1791/2319 816/1792/2320 815/1793/2321 813/1794/2322
f 813/1794/2322 815/1793/2321 817/1795/2323 808/1796/2324
f 808/1796/2324 817/1795/2323 818/1797/2325 807/1798/2326
f 807/1798/2326 818/1797/2325 816/1792/2320 814/1791/2319
s off
f 817/1799/2327 820/1800/2328 819/1801/2329 818/1802/2330
f 818/1803/2331 819/1804/2332 821/1805/2333 816/1806/2334
f 816/1807/2335 821/1808/2336 822/1809/2337 815/1810/2338
f 815/1811/2339 822/1812/2340 820/1813/2341 817/1814/2342
f 823/1815/2343 826/1816/2344 825/1817/2345 824/1818/2346
f 827/1819/2347 830/1820/2348 829/1821/2349 828/1822/2350
f 829/1823/2351 824/1824/2352 825/1825/2353 828/1826/2354
f 827/1827/2355 826/1828/2356 823/1829/2357 830/1830/2358
s 72
f 826/1831/2359 832/1832/2360 831/1833/2361 825/1834/2362
f 825/1834/2362 831/1833/2361 833/1835/2363 828/1836/2364
f 828/1836/2364 833/1835/2363 834/1837/2365 827/1838/2366
f 827/1838/2366 834/1837/2365 832/1832/2360 826/1831/2359
s off
f 835/1839/2367 831/1840/2368 832/1841/2369 836/1842/2370
f 836/1843/2371 832/1844/2372 834/1845/2373 837/1846/2374
f 837/1847/2375 834/1848/2376 833/1849/2377 838/1850/2378
f 838/1851/2379 833/1852/2380 831/1853/2381 835/1854/2382
f 839/1855/2383 842/1856/2384 841/1857/2385 840/1858/2386
f 840/1859/2387 841/1860/2388 844/1861/2389 843/1862/2390
f 845/1863/2391 848/1864/2392 847/1865/2393 846/1866/2394
f 848/1867/2395 850/1868/2396 849/1869/2397 847/1870/2398
f 850/1871/2399 852/1872/2400 851/1873/2401 849/1874/2402
f 853/1875/2403 856/1876/2404 855/1877/2405 854/1878/2406
f 854/1878/2407 855/1877/2408 858/1879/2409 857/1880/2410
f 857/1880/2411 858/1879/2412 860/1881/2413 859/1882/2414
f 859/1882/2415 860/1881/2416 862/1883/2417 861/1884/2418
f 861/1884/2419 862/1883/2420 864/1885/2421 863/1886/2422
f 863/1886/2423 864/1885/2424 856/1876/2425 853/1875/2426
f 856/1887/2427 866/1888/2428 865/1889/2429 855/1890/2430
f 855/1890/2431 865/1889/2432 867/1891/2433 858/1892/2434
f 858/1892/2435 867/1891/2436 868/1893/2437 860/1894/2438
f 860/1894/2439 868/1893/2440 869/1895/2441 862/1896/2442
f 862/1896/2443 869/1895/2444 870/1897/2445 864/1898/2446
f 864/1898/2447 870/1897/2448 866/1888/2449 856/1887/2450
f 866/1899/2451 872/1900/2452 871/1901/2453 865/1902/2454
f 865/1902/2455 871/1901/2456 873/1903/2457 867/1904/2458
f 867/1904/2459 873/1903/2460 874/1905/2461 868/1906/2462
f 868/1906/2463 874/1905/2464 875/1907/2465 869/1908/2466
f 869/1908/2467 875/1907/2468 876/1909/2469 870/1910/2470
f 870/1910/2471 876/1909/2472 872/1900/2473 866/1899/2474
f 872/1911/2475 875/1912/2476 871/1913/2477
f 871/1913/2478 875/1912/2479 873/1914/2480
f 873/1914/2481 875/1912/2482 874/1915/2483
f 876/1916/2484 875/1912/2485 872/1911/2486
s 73
f 877/1917/2487 880/1918/2488 879/1919/2489 878/1920/2490
f 878/1921/2490 879/1922/2489 882/1923/2491 881/1924/2492
f 881/1925/2492 882/1926/2491 884/1927/2493 883/1928/2494
f 883/1929/2494 884/1930/2493 886/1931/2495 885/1932/2496
f 885/1933/2496 886/1934/2495 888/1935/2497 887/1936/2498
f 887/1937/2498 888/1938/2497 880/1939/2488 877/1940/2487
s 74
f 879/1941/2499 880/1942/2500 882/1943/2501
f 882/1943/2501 880/1942/2500 884/1944/2502
f 884/1944/2502 880/1942/2500 886/1945/2503
f 886/1945/2503 880/1942/2500 888/1946/2504
s off
f 892/1947/2505 891/1948/2506 890/1949/2507 889/1950/2508
f 893/1951/2509 896/1952/2510 895/1953/2511 894/1954/2512
f 894/1954/2513 895/1953/2514 898/1955/2515 897/1956/2516
f 897/1956/2517 898/1955/2518 900/1957/2519 899/1958/2520
f 899/1958/2521 900/1957/2522 902/1959/2523 901/1960/2524
f 901/1960/2525 902/1959/2526 904/1961/2527 903/1962/2528
f 903/1962/2529 904/1961/2530 896/1952/2531 893/1951/2532
f 896/1963/2533 906/1964/2534 905/1965/2535 895/1966/2536
f 895/1966/2537 905/1965/2538 907/1967/2539 898/1968/2540
f 898/1968/2541 907/1967/2542 908/1969/2543 900/1970/2544
f 900/1970/2545 908/1969/2546 909/1971/2547 902/1972/2548
f 902/1972/2549 909/1971/2550 910/1973/2551 904/1974/2552
f 904/1974/2553 910/1973/2554 906/1964/2555 896/1963/2556
f 906/1975/2557 912/1976/2558 911/1977/2559 905/1978/2560
f 905/1978/2561 911/1977/2562 913/1979/2563 907/1980/2564
f 907/1980/2565 913/1979/2566 914/1981/2567 908/1982/2568
f 908/1982/2569 914/1981/2570 915/1983/2571 909/1984/2572
f 909/1984/2573 915/1983/2574 916/1985/2575 910/1986/2576
f 910/1986/2577 916/1985/2578 912/1976/2579 906/1975/2580
f 912/1987/2581 915/1988/2582 911/1989/2583
f 911/1989/2584 915/1988/2585 913/1990/2586
f 913/1990/2587 915/1988/2588 914/1991/2589
f 916/1992/2590 915/1988/2591 912/1987/2592
f 917/1993/2593 920/1994/2594 919/1995/2595 918/1996/2596
f 918/1996/2597 919/1995/2598 922/1997/2599 921/1998/2600
f 921/1998/2601 922/1997/2602 924/1999/2603 923/2000/2604
f 923/2000/2605 924/1999/2606 926/2001/2607 925/2002/2608
f 925/2002/2609 926/2001/2610 928/2003/2611 927/2004/2612
f 927/2004/2613 928/2003/2614 920/1994/2615 917/1993/2616
f 920/2005/2617 930/2006/2618 929/2007/2619 919/2008/2620
f 919/2008/2621 929/2007/2622 931/2009/2623 922/2010/2624
f 922/2010/2625 931/2009/2626 932/2011/2627 924/2012/2628
f 924/2012/2629 932/2011/2630 933/2013/2631 926/2014/2632
f 926/2014/2633 933/2013/2634 934/2015/2635 928/2016/2636
f 928/2016/2637 934/2015/2638 930/2006/2639 920/2005/2640
f 930/2017/2641 936/2018/2642 935/2019/2643 929/2020/2644
f 929/2020/2645 935/2019/2646 937/2021/2647 931/2022/2648
f 931/2022/2649 937/2021/2650 938/2023/2651 932/2024/2652
f 932/2024/2653 938/2023/2654 939/2025/2655 933/2026/2656
f 933/2026/2657 939/2025/2658 940/2027/2659 934/2028/2660
f 934/2028/2661 940/2027/2662 936/2018/2663 930/2017/2664
f 936/2029/2665 939/2030/2666 935/2031/2667
f 935/2031/2668 939/2030/2669 937/2032/2670
f 937/2032/2671 939/2030/2672 938/2033/2673
f 940/2034/2674 939/2030/2675 936/2029/2676
f 941/2035/2677 944/2036/2678 943/2037/2679 942/2038/2680
f 942/2038/2681 943/2037/2682 946/2039/2683 945/2040/2684
f 945/2040/2685 946/2039/2686 948/2041/2687 947/2042/2688
f 947/2042/2689 948/2041/2690 950/2043/2691 949/2044/2692
f 949/2044/2693 950/2043/2694 952/2045/2695 951/2046/2696
f 951/2046/2697 952/2045/2698 944/2036/2699 941/2035/2700
f 944/2047/2701 954/2048/2702 953/2049/2703 943/2050/2704
f 943/2050/2705 953/2049/2706 955/2051/2707 946/2052/2708
f 946/2052/2709 955/2051/2710 956/2053/2711 948/2054/2712
f 948/2054/2713 956/2053/2714 957/2055/2715 950/2056/2716
f 950/2056/2717 957/2055/2718 958/2057/2719 952/2058/2720
f 952/2058/2721 958/2057/2722 954/2048/2723 944/2047/2724
f 954/2059/2725 960/2060/2726 959/2061/2727 953/2062/2728
f 953/2062/2729 959/2061/2730 961/2063/2731 955/2064/2732
f 955/2064/2733 961/2063/2734 962/2065/2735 956/2066/2736
f 956/2066/2737 962/2065/2738 963/2067/2739 957/2068/2740
f 957/2068/2741 963/2067/2742 964/2069/2743 958/2070/2744
f 958/2070/2745 964/2069/2746 960/2060/2747 954/2059/2748
f 960/2071/2749 963/2072/2750 959/2073/2751
f 959/2073/2752 963/2072/2753 961/2074/2754
f 961/2074/2755 963/2072/2756 962/2075/2757
f 964/2076/2758 963/2072/2759 960/2071/2760
f 965/2077/2761 968/2078/2762 967/2079/2763 966/2080/2764
f 966/2080/2765 967/2079/2766 970/2081/2767 969/2082/2768
f 969/2082/2769 970/2081/2770 972/2083/2771 971/2084/2772
f 971/2084/2773 972/2083/2774 974/2085/2775 973/2086/2776
f 973/2086/2777 974/2085/2778 976/2087/2779 975/2088/2780
f 975/2088/2781 976/2087/2782 968/2078/2783 965/2077/2784
f 968/2089/2785 978/2090/2786 977/2091/2787 967/2092/2788
f 967/2092/2789 977/2091/2790 979/2093/2791 970/2094/2792
f 970/2094/2793 979/2093/2794 980/2095/2795 972/2096/2796
f 972/2096/2797 980/2095/2798 981/2097/2799 974/2098/2800
f 974/2098/2801 981/2097/2802 982/2099/2803 976/2100/2804
f 976/2100/2805 982/2099/2806 978/2090/2807 968/2089/2808
f 978/2101/2809 984/2102/2810 983/2103/2811 977/2104/2812
f 977/2104/2813 983/2103/2814 985/2105/2815 979/2106/2816
f 979/2106/2817 985/2105/2818 986/2107/2819 980/2108/2820
f 980/2108/2821 986/2107/2822 987/2109/2823 981/2110/2824
f 981/2110/2825 987/2109/2826 988/2111/2827 982/2112/2828
f 982/2112/2829 988/2111/2830 984/2102/2831 978/2101/2832
f 984/2113/2833 987/2114/2834 983/2115/2835
f 983/2115/2836 987/2114/2837 985/2116/2838
f 985/2116/2839 987/2114/2840 986/2117/2841
f 988/2118/2842 987/2114/2843 984/2113/2844
f 989/2119/2845 992/2120/2846 991/2121/2847 990/2122/2848
f 990/2122/2849 991/2121/2850 994/2123/2851 993/2124/2852
f 993/2124/2853 994/2123/2854 996/2125/2855 995/2126/2856
f 995/2126/2857 996/2125/2858 998/2127/2859 997/2128/2860
f 997/2128/2861 998/2127/2862 1000/2129/2863 999/2130/2864
f 999/2130/2865 1000/2129/2866 992/2120/2867 989/2119/2868
f 992/2131/2869 1002/2132/2870 1001/2133/2871 991/2134/2872
f 991/2134/2873 1001/2133/2874 1003/2135/2875 994/2136/2876
f 994/2136/2877 1003/2135/2878 1004/2137/2879 996/2138/2880
f 996/2138/2881 1004/2137/2882 1005/2139/2883 998/2140/2884
f 998/2140/2885 1005/2139/2886 1006/2141/2887 1000/2142/2888
f 1000/2142/2889 1006/2141/2890 1002/2132/2891 992/2131/2892
f 1002/2143/2893 1008/2144/2894 1007/2145/2895 1001/2146/2896
f 1001/2146/2897 1007/2145/2898 1009/2147/2899 1003/2148/2900
f 1003/2148/2901 1009/2147/2902 1010/2149/2903 1004/2150/2904
f 1004/2150/2905 1010/2149/2906 1011/2151/2907 1005/2152/2908
f 1005/2152/2909 1011/2151/2910 1012/2153/2911 1006/2154/2912
f 1006/2154/2913 1012/2153/2914 1008/2144/2915 1002/2143/2916
f 1008/2155/2917 1011/2156/2918 1007/2157/2919
f 1007/2157/2920 1011/2156/2921 1009/2158/2922
f 1009/2158/2923 1011/2156/2924 1010/2159/2925
f 1012/2160/2926 1011/2156/2927 1008/2155/2928
f 1013/2161/2929 1016/2162/2930 1015/2163/2931 1014/2164/2932
f 1014/2164/2933 1015/2163/2934 1018/2165/2935 1017/2166/2936
f 1017/2166/2937 1018/2165/2938 1020/2167/2939 1019/2168/2940
f 1019/2168/2941 1020/2167/2942 1022/2169/2943 1021/2170/2944
f 1021/2170/2945 1022/2169/2946 1024/2171/2947 1023/2172/2948
f 1023/2172/2949 1024/2171/2950 1016/2162/2951 1013/2161/2952
f 1016/2173/2953 1026/2174/2954 1025/2175/2955 1015/2176/2956
f 1015/2176/2957 1025/2175/2958 1027/2177/2959 1018/2178/2960
f 1018/2178/2961 1027/2177/2962 1028/2179/2963 1020/2180/2964
f 1020/2180/2965 1028/2179/2966 1029/2181/2967 1022/2182/2968
f 1022/2182/2969 1029/2181/2970 1030/2183/2971 1024/2184/2972
f 1024/2184/2973 1030/2183/2974 1026/2174/2975 1016/2173/2976
f 1026/2185/2977 1032/2186/2978 1031/2187/2979 1025/2188/2980
f 1025/2188/2981 1031/2187/2982 1033/2189/2983 1027/2190/2984
f 1027/2190/2985 1033/2189/2986 1034/2191/2987 1028/2192/2988
f 1028/2192/2989 1034/2191/2990 1035/2193/2991 1029/2194/2992
f 1029/2194/2993 1035/2193/2994 1036/2195/2995 1030/2196/2996
f 1030/2196/2997 1036/2195/2998 1032/2186/2999 1026/2185/3000
f 1032/2197/3001 1035/2198/3002 1031/2199/3003
f 1031/2199/3004 1035/2198/3005 1033/2200/3006
f 1033/2200/3007 1035/2198/3008 1034/2201/3009
f 1036/2202/3010 1035/2198/3011 1032/2197/3012
f 1037/2203/3013 1040/2204/3014 1039/2205/3015 1038/2206/3016
f 1038/2206/3017 1039/2205/3018 1042/2207/3019 1041/2208/3020
f 1041/2208/3021 1042/2207/3022 1044/2209/3023 1043/2210/3024
f 1043/2210/3025 1044/2209/3026 1046/2211/3027 1045/2212/3028
f 1045/2212/3029 1046/2211/3030 1048/2213/3031 1047/2214/3032
f 1047/2214/3033 1048/2213/3034 1040/2204/3035 1037/2203/3036
f 1040/2215/3037 1050/2216/3038 1049/2217/3039 1039/2218/3040
f 1039/2218/3041 1049/2217/3042 1051/2219/3043 1042/2220/3044
f 1042/2220/3045 1051/2219/3046 1052/2221/3047 1044/2222/3048
f 1044/2222/3049 1052/2221/3050 1053/2223/3051 1046/2224/3052
f 1046/2224/3053 1053/2223/3054 1054/2225/3055 1048/2226/3056
f 1048/2226/3057 1054/2225/3058 1050/2216/3059 1040/2215/3060
f 1050/2227/3061 1056/2228/3062 1055/2229/3063 1049/2230/3064
f 1049/2230/3065 1055/2229/3066 1057/2231/3067 1051/2232/3068
f 1051/2232/3069 1057/2231/3070 1058/2233/3071 1052/2234/3072
f 1052/2234/3073 1058/2233/3074 1059/2235/3075 1053/2236/3076
f 1053/2236/3077 1059/2235/3078 1060/2237/3079 1054/2238/3080
f 1054/2238/3081 1060/2237/3082 1056/2228/3083 1050/2227/3084
f 1056/2239/3085 1059/2240/3086 1055/2241/3087
f 1055/2241/3088 1059/2240/3089 1057/2242/3090
f 1057/2242/3091 1059/2240/3092 1058/2243/3093
f 1060/2244/3094 1059/2240/3095 1056/2239/3096
s 75
f 1061/2245/3097 1064/2246/3098 1063/2247/3099 1062/2248/3100
f 1062/2249/3100 1063/2250/3099 1066/2251/3101 1065/2252/3102
f 1065/2253/3102 1066/2254/3101 1068/2255/3103 1067/2256/3104
f 1067/2257/3104 1068/2258/3103 1070/2259/3105 1069/2260/3106
f 1069/2261/3106 1070/2262/3105 1072/2263/3107 1071/2264/3108
f 1071/2265/3108 1072/2266/3107 1064/2267/3098 1061/2268/3097
s 76
f 1063/2269/3109 1064/2270/3110 1066/2271/3111
f 1066/2271/3111 1064/2270/3110 1068/2272/3112
f 1068/2272/3112 1064/2270/3110 1070/2273/3113
f 1070/2273/3113 1064/2270/3110 1072/2274/3114
s 77
f 1073/2275/3115 1076/2276/3116 1075/2277/3117 1074/2278/3118
f 1074/2279/3118 1075/2280/3117 1078/2281/3119 1077/2282/3120
f 1077/2283/3120 1078/2284/3119 1080/2285/3121 1079/2286/3122
f 1079/2287/3122 1080/2288/3121 1082/2289/3123 1081/2290/3124
f 1081/2291/3124 1082/2292/3123 1084/2293/3125 1083/2294/3126
f 1083/2295/3126 1084/2296/3125 1076/2297/3116 1073/2298/3115
s 78
f 1075/2299/3127 1076/2300/3128 1078/2301/3129
f 1078/2301/3129 1076/2300/3128 1080/2302/3130
f 1080/2302/3130 1076/2300/3128 1082/2303/3131
f 1082/2303/3131 1076/2300/3128 1084/2304/3132
s 79
f 1085/2305/3133 1088/2306/3134 1087/2307/3135 1086/2308/3136
f 1086/2309/3136 1087/2310/3135 1090/2311/3137 1089/2312/3138
f 1089/2313/3138 1090/2314/3137 1092/2315/3139 1091/2316/3140
f 1091/2317/3140 1092/2318/3139 1094/2319/3141 1093/2320/3142
f 1093/2321/3142 1094/2322/3141 1096/2323/3143 1095/2324/3144
f 1095/2325/3144 1096/2326/3143 1088/2327/3134 1085/2328/3133
s 80
f 1087/2329/3145 1088/2330/3146 1090/2331/3147
f 1090/2331/3147 1088/2330/3146 1092/2332/3148
f 1092/2332/3148 1088/2330/3146 1094/2333/3149
f 1094/2333/3149 1088/2330/3146 1096/2334/3150
s 81
f 1097/2335/3151 1100/2336/3152 1099/2337/3153 1098/2338/3154
f 1098/2339/3154 1099/2340/3153 1102/2341/3155 1101/2342/3156
f 1101/2343/3156 1102/2344/3155 1104/2345/3157 1103/2346/3158
f 1103/2347/3158 1104/2348/3157 1106/2349/3159 1105/2350/3160
f 1105/2351/3160 1106/2352/3159 1108/2353/3161 1107/2354/3162
f 1107/2355/3162 1108/2356/3161 1100/2357/3152 1097/2358/3151
s 82
f 1099/2359/3163 1100/2360/3164 1102/2361/3165
f 1102/2361/3165 1100/2360/3164 1104/2362/3166
f 1104/2362/3166 1100/2360/3164 1106/2363/3167
f 1106/2363/3167 1100/2360/3164 1108/2364/3168
s 83
f 1109/2365/3169 1112/2366/3170 1111/2367/3171 1110/2368/3172
f 1110/2369/3172 1111/2370/3171 1114/2371/3173 1113/2372/3174
f 1113/2373/3174 1114/2374/3173 1116/2375/3175 1115/2376/3176
f 1115/2377/3176 1116/2378/3175 1118/2379/3177 1117/2380/3178
f 1117/2381/3178 1118/2382/3177 1120/2383/3179 1119/2384/3180
f 1119/2385/3180 1120/2386/3179 1112/2387/3170 1109/2388/3169
s 84
f 1111/2389/3181 1112/2390/3182 1114/2391/3183
f 1114/2391/3183 1112/2390/3182 1116/2392/3184
f 1116/2392/3184 1112/2390/3182 1118/2393/3185
f 1118/2393/3185 1112/2390/3182 1120/2394/3186
s 85
f 1121/2395/3187 1124/2396/3188 1123/2397/3189 1122/2398/3190
f 1122/2399/3190 1123/2400/3189 1126/2401/3191 1125/2402/3192
f 1125/2403/3192 1126/2404/3191 1128/2405/3193 1127/2406/3194
f 1127/2407/3194 1128/2408/3193 1130/2409/3195 1129/2410/3196
f 1129/2411/3196 1130/2412/3195 1132/2413/3197 1131/2414/3198
f 1131/2415/3198 1132/2416/3197 1124/2417/3188 1121/2418/3187
s 86
f 1123/2419/3199 1124/2420/3200 1126/2421/3201
f 1126/2421/3201 1124/2420/3200 1128/2422/3202
f 1128/2422/3202 1124/2420/3200 1130/2423/3203
f 1130/2423/3203 1124/2420/3200 1132/2424/3204
s 87
f 1133/2425/3205 1136/2426/3206 1135/2427/3207 1134/2428/3208
f 1134/2429/3208 1135/2430/3207 1138/2431/3209 1137/2432/3210
f 1137/2433/3210 1138/2434/3209 1140/2435/3211 1139/2436/3212
f 1139/2437/3212 1140/2438/3211 1142/2439/3213 1141/2440/3214
f 1141/2441/3214 1142/2442/3213 1144/2443/3215 1143/2444/3216
f 1143/2445/3216 1144/2446/3215 1136/2447/3206 1133/2448/3205
s 88
f 1135/2449/3217 1136/2450/3218 1138/2451/3219
f 1138/2451/3219 1136/2450/3218 1140/2452/3220
f 1140/2452/3220 1136/2450/3218 1142/2453/3221
f 1142/2453/3221 1136/2450/3218 1144/2454/3222
s 89
f 1145/2455/3223 1148/2456/3224 1147/2457/3225 1146/2458/3226
f 1146/2459/3226 1147/2460/3225 1150/2461/3227 1149/2462/3228
f 1149/2463/3228 1150/2464/3227 1152/2465/3229 1151/2466/3230
f 1151/2467/3230 1152/2468/3229 1154/2469/3231 1153/2470/3232
f 1153/2471/3232 1154/2472/3231 1156/2473/3233 1155/2474/3234
f 1155/2475/3234 1156/2476/3233 1148/2477/3224 1145/2478/3223
s 90
f 1147/2479/3235 1148/2480/3236 1150/2481/3237
f 1150/2481/3237 1148/2480/3236 1152/2482/3238
f 1152/2482/3238 1148/2480/3236 1154/2483/3239
f 1154/2483/3239 1148/2480/3236 1156/2484/3240
s 91
f 1157/2485/3241 1160/2486/3242 1159/2487/3243 1158/2488/3244
f 1158/2489/3244 1159/2490/3243 1162/2491/3245 1161/2492/3246
f 1161/2493/3246 1162/2494/3245 1164/2495/3247 1163/2496/3248
f 1163/2497/3248 1164/2498/3247 1166/2499/3249 1165/2500/3250
f 1165/2501/3250 1166/2502/3249 1168/2503/3251 1167/2504/3252
f 1167/2505/3252 1168/2506/3251 1160/2507/3242 1157/2508/3241
s 92
f 1159/2509/3253 1160/2510/3254 1162/2511/3255
f 1162/2511/3255 1160/2510/3254 1164/2512/3256
f 1164/2512/3256 1160/2510/3254 1166/2513/3257
f 1166/2513/3257 1160/2510/3254 1168/2514/3258
s 93
f 1169/2515/3259 1172/2516/3260 1171/2517/3261 1170/2518/3262
f 1170/2519/3262 1171/2520/3261 1174/2521/3263 1173/2522/3264
f 1173/2523/3264 1174/2524/3263 1176/2525/3265 1175/2526/3266
f 1175/2527/3266 1176/2528/3265 1178/2529/3267 1177/2530/3268
f 1177/2531/3268 1178/2532/3267 1180/2533/3269 1179/2534/3270
f 1179/2535/3270 1180/2536/3269 1172/2537/3260 1169/2538/3259
s 94
f 1171/2539/3271 1172/2540/3272 1174/2541/3273
f 1174/2541/3273 1172/2540/3272 1176/2542/3274
f 1176/2542/3274 1172/2540/3272 1178/2543/3275
f 1178/2543/3275 1172/2540/3272 1180/2544/3276
s off
f 1181/2545/3277 1184/2546/3278 1183/2547/3279 1182/2548/3280
f 1184/2549/3281 1186/2550/3282 1185/2551/3283 1183/2552/3284
f 1187/2553/3285 1181/2554/3286 1182/2555/3287 1188/2556/3288
f 1182/2557/3289 1183/2558/3290 1185/2559/3291 1188/2560/3292
f 1187/2561/3293 1186/2562/3294 1184/2563/3295 1181/2564/3296
s 95
f 1189/2565/3297 1192/2566/3298 1191/2567/3299 1190/2568/3300
f 1190/2569/3300 1191/2570/3299 1194/2571/3301 1193/2572/3302
f 1193/2573/3302 1194/2574/3301 1196/2575/3303 1195/2576/3304
f 1195/2577/3304 1196/2578/3303 1198/2579/3305 1197/2580/3306
f 1197/2581/3306 1198/2582/3305 1200/2583/3307 1199/2584/3308
f 1199/2585/3308 1200/2586/3307 1192/2587/3298 1189/2588/3297
s 96
f 1191/2589/3309 1192/2590/3310 1194/2591/3311
f 1194/2591/3311 1192/2590/3310 1196/2592/3312
f 1196/2592/3312 1192/2590/3310 1198/2593/3313
f 1198/2593/3313 1192/2590/3310 1200/2594/3314
s 97
f 1201/2595/3315 1204/2596/3316 1203/2597/3317 1202/2598/3318
f 1202/2599/3318 1203/2600/3317 1206/2601/3319 1205/2602/3320
f 1205/2603/3320 1206/2604/3319 1208/2605/3321 1207/2606/3322
f 1207/2607/3322 1208/2608/3321 1210/2609/3323 1209/2610/3324
f 1209/2611/3324 1210/2612/3323 1212/2613/3325 1211/2614/3326
f 1211/2615/3326 1212/2616/3325 1204/2617/3316 1201/2618/3315
s 98
f 1203/2619/3327 1204/2620/3328 1206/2621/3329
f 1206/2621/3329 1204/2620/3328 1208/2622/3330
f 1208/2622/3330 1204/2620/3328 1210/2623/3331
f 1210/2623/3331 1204/2620/3328 1212/2624/3332
s 99
f 1213/2625/3333 1216/2626/3334 1215/2627/3335 1214/2628/3336
f 1214/2629/3336 1215/2630/3335 1218/2631/3337 1217/2632/3338
f 1217/2633/3338 1218/2634/3337 1220/2635/3339 1219/2636/3340
f 1219/2637/3340 1220/2638/3339 1222/2639/3341 1221/2640/3342
f 1221/2641/3342 1222/2642/3341 1224/2643/3343 1223/2644/3344
f 1223/2645/3344 1224/2646/3343 1216/2647/3334 1213/2648/3333
s 100
f 1215/2649/3345 1216/2650/3346 1218/2651/3347
f 1218/2651/3347 1216/2650/3346 1220/2652/3348
f 1220/2652/3348 1216/2650/3346 1222/2653/3349
f 1222/2653/3349 1216/2650/3346 1224/2654/3350
s 101
f 1225/2655/3351 1228/2656/3352 1227/2657/3353 1226/2658/3354
f 1226/2659/3354 1227/2660/3353 1230/2661/3355 1229/2662/3356
f 1229/2663/3356 1230/2664/3355 1232/2665/3357 1231/2666/3358
f 1231/2667/3358 1232/2668/3357 1234/2669/3359 1233/2670/3360
f 1233/2671/3360 1234/2672/3359 1236/2673/3361 1235/2674/3362
f 1235/2675/3362 1236/2676/3361 1228/2677/3352 1225/2678/3351
s 102
f 1227/2679/3363 1228/2680/3364 1230/2681/3365
f 1230/2681/3365 1228/2680/3364 1232/2682/3366
f 1232/2682/3366 1228/2680/3364 1234/2683/3367
f 1234/2683/3367 1228/2680/3364 1236/2684/3368
s 103
f 1237/2685/3369 1240/2686/3370 1239/2687/3371 1238/2688/3372
f 1238/2689/3372 1239/2690/3371 1242/2691/3373 1241/2692/3374
f 1241/2693/3374 1242/2694/3373 1244/2695/3375 1243/2696/3376
f 1243/2697/3376 1244/2698/3375 1246/2699/3377 1245/2700/3378
f 1245/2701/3378 1246/2702/3377 1248/2703/3379 1247/2704/3380
f 1247/2705/3380 1248/2706/3379 1240/2707/3370 1237/2708/3369
s 104
f 1239/2709/3381 1240/2710/3382 1242/2711/3383
f 1242/2711/3383 1240/2710/3382 1244/2712/3384
f 1244/2712/3384 1240/2710/3382 1246/2713/3385
f 1246/2713/3385 1240/2710/3382 1248/2714/3386
s off
f 1249/2715/3387 1250/2716/3388 1252/2717/3389 1251/2718/3390
f 1253/2719/3391 1254/2720/3392 1256/2721/3393 1255/2722/3394
f 1250/2723/3395 1256/2724/3396 1254/2725/3397 1252/2726/3398
f 1255/2727/3399 1249/2728/3400 1251/2729/3401 1253/2730/3402
f 1257/2731/3403 1258/2732/3404 1260/2733/3405 1259/2734/3406
f 1258/2735/3407 1262/2736/3408 1261/2737/3409 1260/2738/3410
f 1263/2739/3411 1264/2740/3412 1266/2741/3413 1265/2742/3414
f 1264/2743/3415 1268/2744/3416 1267/2745/3417 1266/2746/3418
