# 3ds Max Wavefront OBJ Exporter v0.97b - (c)2007 guruware
# File Created: 27.04.2017 22:48:49

mtllib trader1.mtl

#
# object Mesh_1631
#

v  1.8698 2.0362 -0.0977
v  1.8535 2.0302 0.0978
v  1.8846 2.0328 0.0679
v  1.8342 2.0367 -0.1175
v  1.8100 1.9762 -0.7676
v  1.7662 1.9814 -0.8763
v  1.8565 1.9806 -0.8393
v  1.8524 1.9829 -0.8841
v  1.7878 1.9601 -0.6376
v  1.8183 2.0709 -0.6616
v  1.7870 2.0684 -0.6319
v  1.8191 1.9621 -0.6673
v  1.8565 2.0754 -0.8343
v  1.8093 2.0709 -0.7627
v  1.7657 2.0762 -0.8713
v  1.8524 2.0777 -0.8791
v  1.8706 1.9414 -0.1027
v  1.8853 1.9238 0.0623
v  1.8350 1.9420 -0.1225
v  1.8541 1.9220 0.0919
v  1.7583 2.1112 -0.8720
v  1.8583 1.8927 0.1493
v  1.7587 1.9459 -0.8805
v  1.5949 1.9202 -0.4168
v  1.3770 2.0826 -0.3872
v  1.5953 2.0857 -0.4082
v  1.3766 1.9172 -0.3956
v  1.5519 2.1086 -0.8522
v  1.5516 1.9432 -0.8607
v  1.2936 2.0224 0.0134
v  1.5516 1.9398 0.0280
v  1.2938 1.9367 0.0089
v  1.3334 1.9245 0.1229
v  1.5574 2.0249 0.0949
v  1.3331 2.0226 0.1279
v  1.5578 1.9268 0.0898
v  1.5514 2.0189 0.0322
v  1.3833 2.0852 -0.8366
v  1.4259 1.9401 -0.3993
v  1.4264 2.0625 -0.3930
v  1.3828 1.9629 -0.8429
v  1.4640 1.9063 -0.4047
v  1.4209 1.9291 -0.8485
v  1.4215 2.1194 -0.8387
v  1.8584 2.0595 0.1588
v  1.5333 2.0712 -0.1426
v  1.4021 2.0693 -0.1300
v  1.5338 1.9059 -0.1512
v  1.7376 1.8868 0.2426
v  1.5744 1.8847 0.2586
v  1.4015 1.9039 -0.1385
v  1.7380 2.0521 0.2511
v  1.5739 2.0501 0.2673
v  1.3804 1.9278 -0.3742
v  1.2781 1.9165 -0.1737
v  1.2978 1.9284 -0.3887
v  1.2973 2.0741 -0.3807
v  1.2119 2.0759 -0.4177
v  1.1321 2.0653 -0.2294
v  1.3800 2.0735 -0.3661
v  1.2778 2.0621 -0.1657
v  1.4022 2.0617 -0.1514
v  1.4026 1.9161 -0.1594
v  1.2123 1.9303 -0.4257
v  1.1326 1.9196 -0.2374
v  1.4649 2.0965 -0.3949
v  1.4054 2.0800 -0.9495
v  1.4165 1.9749 -0.8454
v  1.4163 2.0744 -0.8403
v  1.4056 1.9805 -0.9547
v  1.5875 2.1076 -1.0025
v  1.6019 2.1001 -0.8552
v  1.6423 2.0398 -1.0114
v  1.6567 2.0322 -0.8641
v  1.5879 1.9711 -1.0097
v  1.6023 1.9636 -0.8624
v  1.4993 1.9966 -0.9996
v  1.5137 1.9889 -0.8524
v  1.4991 2.0809 -0.9954
v  1.5134 2.0733 -0.8481
v  1.0904 2.0780 -0.2254
v  1.1868 1.9183 -0.4612
v  1.0901 1.9059 -0.2345
v  1.2222 1.9178 -0.4462
v  1.1873 2.0903 -0.4520
v  1.2226 2.0898 -0.4369
v  1.7171 2.0717 -0.9339
v  1.7240 2.0680 -0.8631
v  1.7434 2.0392 -0.9381
v  1.7504 2.0354 -0.8673
v  1.7173 2.0061 -0.9372
v  1.7242 2.0026 -0.8665
v  1.6748 2.0185 -0.9325
v  1.6817 2.0147 -0.8617
v  1.6746 2.0589 -0.9305
v  1.6817 2.0552 -0.8596
v  1.4458 2.0803 -0.9534
v  1.4461 1.9808 -0.9585
v  1.4558 2.0747 -0.8442
v  1.4561 1.9752 -0.8492
v  1.1228 1.9053 -0.2174
v  1.1232 2.0774 -0.2081
v  1.7653 1.9272 -0.4915
v  1.7722 1.8355 -0.4272
v  1.7686 1.8375 -0.4656
v  1.7720 1.9237 -0.4226
v  1.6477 1.9263 -0.4800
v  1.6547 1.8346 -0.4160
v  1.6546 1.9227 -0.4113
v  1.6510 1.8365 -0.4541
# 110 vertices

vn -0.0060 0.9995 0.0297
vn -0.0474 0.9985 0.0263
vn -0.0584 0.9980 0.0254
vn -0.0015 0.9995 0.0301
vn 0.2143 -0.9677 -0.1330
vn 0.0336 -0.9973 -0.0660
vn 0.0127 -0.9985 -0.0527
vn 0.0123 -0.9986 -0.0519
vn 0.6901 -0.0330 0.7229
vn 0.6914 -0.0337 0.7217
vn 0.8358 -0.0228 0.5485
vn 0.8390 -0.0279 0.5432
vn -0.0902 0.0524 -0.9945
vn -0.0904 0.0522 -0.9945
vn 0.9961 0.0052 -0.0879
vn 0.9958 0.0038 -0.0912
vn -0.0129 0.9985 0.0527
vn -0.0011 0.9988 0.0482
vn 0.0259 0.9991 0.0330
vn -0.0124 0.9986 0.0518
vn 0.9960 0.0120 -0.0883
vn 0.9960 0.0115 -0.0880
vn -0.0238 -0.9955 -0.0915
vn 0.0325 -0.9938 -0.1066
vn 0.0462 -0.9928 -0.1103
vn -0.0297 -0.9955 -0.0898
vn 0.4862 0.0496 -0.8724
vn 0.6902 -0.0331 0.7228
vn 0.6937 -0.0348 0.7194
vn -0.0389 0.9992 0.0128
vn -0.0747 0.9972 0.0067
vn 0.9960 0.0120 -0.0882
vn 0.9960 0.0118 -0.0881
vn 0.0007 -0.9957 -0.0924
vn -0.0213 -0.9960 -0.0869
vn 0.9953 0.0071 -0.0959
vn -0.0967 0.0513 -0.9940
vn -0.0962 0.0508 -0.9941
vn -0.0958 0.0513 -0.9940
vn -0.6605 0.5726 -0.4858
vn 0.0404 -0.6521 -0.7570
vn -0.6575 -0.5221 -0.5433
vn -0.4132 -0.6487 0.6391
vn 0.0917 0.7350 0.6719
vn -0.4170 0.5758 0.7033
vn 0.0950 -0.8026 0.5889
vn 0.0374 0.7304 -0.6820
vn -0.9953 -0.0013 0.0968
vn 0.1009 -0.9930 -0.0610
vn -0.3069 -0.9515 -0.0192
vn -0.3057 -0.9519 -0.0193
vn 0.1006 -0.9930 -0.0611
vn -0.0981 0.0513 -0.9938
vn 0.9952 0.0024 -0.0969
vn -0.0118 0.9986 0.0515
vn -0.0076 0.9986 0.0524
vn -0.0095 0.9986 0.0524
vn 0.0078 -0.9986 -0.0523
vn 0.0082 -0.9986 -0.0525
vn 0.0080 -0.9986 -0.0523
vn 0.0091 -0.9986 -0.0520
vn 0.0083 -0.9986 -0.0524
vn 0.0084 -0.9986 -0.0524
vn 0.0098 -0.9986 -0.0525
vn 0.0982 -0.0516 0.9938
vn 0.0978 -0.0512 0.9939
vn -0.9951 -0.0075 0.0982
vn -0.9951 -0.0084 0.0985
vn 0.6098 -0.0421 0.7915
vn 0.6125 -0.0451 0.7891
vn 0.9953 0.0046 -0.0964
vn 0.0029 -0.9985 -0.0551
vn 0.0028 -0.9985 -0.0551
vn 0.0025 -0.9985 -0.0552
vn -0.0025 0.9985 0.0552
vn -0.0024 0.9985 0.0553
vn -0.0032 0.9985 0.0548
vn 0.9946 0.0081 -0.1027
vn 0.9947 0.0090 -0.1020
vn 0.1713 0.0539 -0.9838
vn 0.1732 0.0549 -0.9833
vn 0.3992 0.0517 -0.9154
vn 0.3981 0.0509 -0.9160
vn -0.9211 0.0183 -0.3888
vn -0.9208 0.0194 -0.3894
vn -0.4012 -0.0516 0.9145
vn -0.4010 -0.0519 0.9145
vn -0.1144 -0.0552 0.9919
vn -0.1143 -0.0552 0.9919
vn -0.3093 0.9477 0.0789
vn 0.0867 0.9953 0.0429
vn -0.3108 0.9472 0.0792
vn 0.0869 0.9953 0.0429
vn -0.6624 -0.7487 0.0258
vn -0.6618 -0.7493 0.0259
vn -0.1002 0.0511 -0.9936
vn -0.1008 0.0513 -0.9936
vn -0.6585 0.7456 0.1027
vn -0.6557 0.7481 0.1021
vn 0.0032 -0.9985 -0.0548
vn 0.0023 -0.9985 -0.0552
vn 0.0022 -0.9985 -0.0553
vn -0.9951 -0.0078 0.0985
vn -0.9951 -0.0082 0.0981
vn 0.2954 0.9552 0.0199
vn 0.2957 0.9551 0.0198
vn 0.9952 0.0074 -0.0970
vn 0.9952 0.0080 -0.0969
vn 0.3005 -0.9506 -0.0780
vn 0.3013 -0.9503 -0.0784
vn -0.7954 -0.6044 0.0467
vn -0.7946 -0.6054 0.0462
vn -0.7986 0.5920 0.1084
vn -0.7982 0.5925 0.1084
vn -0.0970 0.0516 -0.9939
vn -0.0965 0.0512 -0.9940
vn -0.0966 0.0513 -0.9940
vn -0.0970 0.0515 -0.9939
vn -0.0957 0.0506 -0.9941
vn -0.9199 0.0226 -0.3914
vn 0.3926 0.0485 -0.9184
vn 0.0969 -0.0520 0.9939
vn 0.0967 -0.0516 0.9940
vn 0.2972 0.9546 0.0215
vn 0.2959 0.9550 0.0208
vn 0.9952 0.0084 -0.0973
vn 0.9952 0.0078 -0.0975
vn 0.2984 -0.9513 -0.0776
vn 0.3007 -0.9505 -0.0786
vn -0.2797 -0.9599 -0.0212
vn -0.2768 -0.9606 -0.0236
vn -0.9953 -0.0103 0.0958
vn -0.5355 0.8390 0.0970
vn -0.9951 -0.0067 0.0981
vn -0.7977 0.5931 0.1097
vn -0.0972 0.0506 -0.9940
vn -0.0967 0.0503 -0.9941
vn -0.0969 0.0507 -0.9940
vn -0.0969 0.0498 -0.9940
vn -0.0960 0.0500 -0.9941
vn -0.0974 0.0517 -0.9939
vn -0.0956 0.0510 -0.9942
vn -0.0983 0.0521 -0.9938
vn -0.0947 0.0507 -0.9942
vn -0.0018 0.9987 0.0515
vn -0.0028 0.9987 0.0512
vn 0.9959 0.0074 -0.0909
vn 0.0018 -0.9987 -0.0514
vn 0.0021 -0.9987 -0.0515
vn 0.0079 -0.9986 -0.0515
vn 0.0087 -0.9987 -0.0510
vn -0.9198 0.0234 -0.3919
vn -0.9952 -0.0025 0.0971
vn -0.9954 -0.0015 0.0965
vn 0.0963 -0.0516 0.9940
vn 0.0966 -0.0518 0.9940
vn -0.0070 0.9986 0.0522
vn -0.0174 0.9982 0.0575
vn -0.0109 0.9986 0.0511
vn -0.0091 0.9986 0.0522
vn 0.3891 0.0478 -0.9200
vn 0.9176 -0.0239 0.3968
vn -0.4668 -0.0460 0.8831
vn -0.4645 -0.0466 0.8843
vn 0.9176 -0.0239 0.3969
vn -0.0070 0.9987 0.0512
vn -0.0076 0.9987 0.0508
vn 0.9954 0.0081 -0.0955
vn 0.9952 0.0071 -0.0969
vn -0.9952 -0.0071 0.0975
vn -0.9953 -0.0078 0.0966
vn 0.0963 -0.0519 0.9940
vn -0.0912 -0.2792 -0.9559
vn 0.0027 -0.9986 -0.0523
vn 0.0030 -0.9987 -0.0517
# 175 vertex normals

vt 0.2068 0.4347 0.0000
vt 0.2852 0.4520 0.0000
vt 0.2706 0.4379 0.0000
vt 0.1922 0.4520 0.0000
vt 0.1236 0.4374 0.0000
vt 0.0783 0.4487 0.0000
vt 0.0907 0.4179 0.0000
vt 0.0783 0.4179 0.0000
vt 0.1814 0.4374 0.0000
vt 0.1658 0.3769 0.0000
vt 0.1814 0.3769 0.0000
vt 0.1658 0.4374 0.0000
vt 0.4948 0.2640 0.0000
vt 0.4494 0.3023 0.0000
vt 0.4494 0.2640 0.0000
vt 0.4948 0.3023 0.0000
vt 0.2706 0.3769 0.0000
vt 0.2068 0.3801 0.0000
vt 0.1912 0.3801 0.0000
vt 0.1912 0.4347 0.0000
vt 0.2862 0.4379 0.0000
vt 0.2862 0.3769 0.0000
vt 0.1771 0.4487 0.0000
vt 0.1236 0.3769 0.0000
vt 0.1777 0.4487 0.0000
vt 0.0102 0.0095 0.0000
vt 0.4645 0.0819 0.0000
vt 0.0102 0.0819 0.0000
vt 0.3927 0.2045 0.0000
vt 0.3219 0.2488 0.0000
vt 0.3219 0.2045 0.0000
vt 0.3927 0.2488 0.0000
vt 0.4942 0.3104 0.0000
vt 0.4256 0.3769 0.0000
vt 0.4256 0.3104 0.0000
vt 0.4942 0.3769 0.0000
vt 0.4013 0.2775 0.0000
vt 0.3975 0.1921 0.0000
vt 0.4013 0.2780 0.0000
vt 0.4591 0.2678 0.0000
vt 0.4343 0.1916 0.0000
vt 0.4586 0.2672 0.0000
vt 0.4343 0.1921 0.0000
vt 0.3975 0.1916 0.0000
vt 0.2020 0.2807 0.0000
vt 0.0102 0.2316 0.0000
vt 0.0102 0.2807 0.0000
vt 0.2020 0.2316 0.0000
vt 0.0102 0.1608 0.0000
vt 0.2020 0.2132 0.0000
vt 0.0107 0.2137 0.0000
vt 0.2020 0.1602 0.0000
vt 0.5088 0.3769 0.0000
vt 0.4110 0.4347 0.0000
vt 0.4110 0.3769 0.0000
vt 0.5088 0.4347 0.0000
vt 0.0102 0.1602 0.0000
vt 0.2014 0.1597 0.0000
vt 0.3149 0.1910 0.0000
vt 0.3149 0.2488 0.0000
vt 0.2020 0.2488 0.0000
vt 0.3149 0.1921 0.0000
vt 0.5023 0.1311 0.0000
vt 0.5029 0.1921 0.0000
vt 0.5104 0.0095 0.0000
vt 0.4645 0.0095 0.0000
vt 0.5104 0.0819 0.0000
vt 0.5023 0.1905 0.0000
vt 0.6247 0.3587 0.0000
vt 0.6973 0.4030 0.0000
vt 0.6160 0.3883 0.0000
vt 0.5988 0.4185 0.0000
vt 0.6677 0.4537 0.0000
vt 0.7072 0.3578 0.0000
vt 0.3009 0.2653 0.0000
vt 0.3295 0.2655 0.0000
vt 0.3299 0.3020 0.0000
vt 0.3013 0.3018 0.0000
vt 0.3584 0.2660 0.0000
vt 0.3588 0.3024 0.0000
vt 0.3584 0.3019 0.0000
vt 0.3275 0.3027 0.0000
vt 0.3277 0.2650 0.0000
vt 0.3586 0.2641 0.0000
vt 0.3003 0.3028 0.0000
vt 0.3005 0.2651 0.0000
vt 0.2014 0.2116 0.0000
vt 0.0102 0.2116 0.0000
vt 0.4894 0.4525 0.0000
vt 0.4305 0.4525 0.0000
vt 0.0269 0.3909 0.0000
vt 0.0739 0.4293 0.0000
vt 0.0739 0.3909 0.0000
vt 0.0269 0.4293 0.0000
vt 0.2949 0.3963 0.0000
vt 0.4056 0.3958 0.0000
vt 0.2949 0.3547 0.0000
vt 0.4056 0.3547 0.0000
vt 0.2954 0.3974 0.0000
vt 0.4056 0.3974 0.0000
vt 0.2954 0.4493 0.0000
vt 0.4056 0.4487 0.0000
vt 0.2954 0.4482 0.0000
vt 0.4056 0.4482 0.0000
vt 0.0518 0.2845 0.0000
vt 0.0745 0.3515 0.0000
vt 0.0118 0.3066 0.0000
vt 0.0918 0.3066 0.0000
vt 0.0286 0.3515 0.0000
vt 0.2709 0.4337 0.0000
vt 0.2020 0.3769 0.0000
vt 0.2711 0.3768 0.0000
vt 0.3873 0.3310 0.0000
vt 0.3241 0.3466 0.0000
vt 0.3235 0.3310 0.0000
vt 0.0988 0.3353 0.0000
vt 0.1744 0.3347 0.0000
vt 0.0988 0.3142 0.0000
vt 0.1744 0.3142 0.0000
vt 0.0988 0.3358 0.0000
vt 0.1744 0.3358 0.0000
vt 0.0988 0.3704 0.0000
vt 0.1744 0.3699 0.0000
vt 0.0988 0.3699 0.0000
vt 0.1744 0.3693 0.0000
vt 0.2511 0.3293 0.0000
vt 0.2663 0.3709 0.0000
vt 0.2241 0.3428 0.0000
vt 0.2781 0.3428 0.0000
vt 0.2355 0.3709 0.0000
vt 0.0097 0.3909 0.0000
vt 0.0097 0.4293 0.0000
vt 0.0269 0.3753 0.0000
vt 0.0739 0.3753 0.0000
vt 0.0739 0.4444 0.0000
vt 0.0269 0.4444 0.0000
vt 0.1901 0.2985 0.0000
vt 0.2960 0.3320 0.0000
vt 0.1858 0.3099 0.0000
vt 0.2998 0.3207 0.0000
vt 0.2023 0.4337 0.0000
vt 0.5023 0.1295 0.0000
vt 0.3873 0.3466 0.0000
vt 0.5067 0.1997 0.0000
vt 0.4645 0.2607 0.0000
vt 0.4645 0.1997 0.0000
vt 0.5067 0.2607 0.0000
vt 0.2954 0.3310 0.0000
vt 0.1895 0.2975 0.0000
vt 0.1858 0.3088 0.0000
vt 0.2998 0.3196 0.0000
vt 0.2068 0.1905 0.0000
vt 0.2414 0.2461 0.0000
vt 0.2225 0.2461 0.0000
vt 0.2414 0.1905 0.0000
vt 0.3127 0.1905 0.0000
vt 0.3127 0.2461 0.0000
vt 0.2792 0.2262 0.0000
vt 0.2079 0.2424 0.0000
vt 0.2079 0.2262 0.0000
vt 0.2792 0.2424 0.0000
# 161 texture coords

g Mesh_1631
usemtl Material__5129
s 1
f 1/1/1 2/2/2 3/3/3 
f 2/2/2 1/1/1 4/4/4 
f 5/5/5 6/6/6 7/7/7 
f 7/7/7 6/6/6 8/8/8 
f 9/9/9 10/10/9 11/11/9 
f 10/10/10 9/9/10 12/12/10 
f 5/5/11 13/7/11 14/5/11 
f 13/7/12 5/5/12 7/7/12 
f 8/13/13 15/14/13 16/15/13 
f 15/14/14 8/13/14 6/16/14 
f 7/7/15 16/8/15 13/7/15 
f 16/8/16 7/7/16 8/8/16 
f 13/7/17 15/6/18 14/5/19 
f 15/6/18 13/7/17 16/8/20 
f 3/17/21 17/1/21 1/18/21 
f 17/1/22 3/17/22 18/3/22 
f 18/3/23 19/4/24 17/1/25 
f 19/4/24 18/3/23 20/2/26 
f 4/19/27 17/1/27 19/20/27 
f 17/1/27 4/19/27 1/18/27 
f 3/17/28 20/21/28 18/3/28 
f 20/21/29 3/17/29 2/22/29 
f 11/23/30 14/5/19 15/6/18 
f 14/5/19 11/23/30 10/12/31 
f 10/10/32 5/5/32 14/24/32 
f 5/5/33 10/10/33 12/12/33 
f 12/12/34 6/6/6 5/5/5 
f 6/6/6 12/12/34 9/25/35 
f 21/26/36 22/27/36 23/28/36 
f 24/29/37 25/30/37 26/31/37 
f 25/30/37 24/29/37 27/32/37 
f 23/33/38 28/34/38 21/35/38 
f 28/34/39 23/33/39 29/36/39 
f 30/37/40 31/38/41 32/39/42 
f 33/40/43 34/41/44 35/42/45 
f 34/41/44 33/40/43 36/43/46 
f 30/37/40 35/42/45 37/44/47 
f 34/41/44 37/44/47 35/42/45 
f 38/45/48 39/46/48 40/47/48 
f 39/46/48 38/45/48 41/48/48 
f 29/49/49 42/50/50 43/51/51 
f 42/50/50 29/49/49 24/52/52 
f 29/53/53 44/54/53 28/55/53 
f 44/54/53 29/53/53 43/56/53 
f 24/52/54 28/57/54 26/58/54 
f 45/27/55 26/58/55 46/59/55 
f 28/49/56 26/58/56 21/28/56 
f 47/60/57 46/59/57 25/61/57 
f 48/62/58 49/63/58 50/64/58 
f 49/63/59 48/62/59 22/27/59 
f 24/52/60 22/27/60 48/62/60 
f 24/52/61 48/62/61 27/61/61 
f 23/28/62 22/27/62 24/52/62 
f 29/49/63 23/28/63 24/52/63 
f 51/60/64 27/61/64 48/62/64 
f 50/27/65 52/65/65 53/66/65 
f 52/65/66 50/27/66 49/67/66 
f 48/62/67 53/68/67 46/59/67 
f 53/68/68 48/62/68 50/64/68 
f 49/67/69 45/66/69 52/65/69 
f 45/66/70 49/67/70 22/27/70 
f 22/27/71 21/26/71 45/66/71 
f 54/69/72 55/70/73 56/71/74 
f 57/71/75 58/72/75 59/73/75 
f 60/69/76 57/71/76 59/73/76 
f 60/69/76 59/73/76 61/70/76 
f 60/69/77 61/70/77 62/74/77 
f 63/74/78 54/69/78 60/69/78 
f 60/69/79 62/74/79 63/74/79 
f 54/75/80 56/76/80 57/77/80 
f 57/77/81 60/78/81 54/75/81 
f 56/76/82 64/79/82 58/80/82 
f 58/80/83 57/77/83 56/76/83 
f 64/72/84 65/73/84 59/73/84 
f 59/73/85 58/72/85 64/72/85 
f 65/81/86 55/82/86 61/83/86 
f 61/83/87 59/84/87 65/81/87 
f 55/82/88 63/85/88 62/86/88 
f 62/86/89 61/83/89 55/82/89 
f 28/57/54 24/52/54 29/49/54 
f 66/87/90 28/57/91 44/88/92 
f 28/57/91 66/87/90 26/58/93 
f 43/51/51 39/48/94 41/46/95 
f 39/48/94 43/51/51 42/50/50 
f 44/54/96 41/89/96 38/90/96 
f 41/89/97 44/54/97 43/56/97 
f 66/87/90 38/46/98 40/48/99 
f 38/46/98 66/87/90 44/88/92 
f 31/38/41 33/40/43 32/39/42 
f 33/40/43 31/38/41 36/43/46 
f 32/39/42 35/42/45 30/37/40 
f 35/42/45 32/39/42 33/40/43 
f 31/38/41 30/37/40 37/44/47 
f 54/69/72 63/74/100 55/70/73 
f 65/73/101 64/72/102 56/71/74 
f 55/70/73 65/73/101 56/71/74 
f 67/91/103 68/92/103 69/93/103 
f 68/92/104 67/91/104 70/94/104 
f 71/95/105 72/96/106 73/97/107 
f 73/97/107 72/96/106 74/98/108 
f 73/97/107 74/98/108 75/99/109 
f 75/99/109 74/98/108 76/100/110 
f 75/99/109 76/100/110 77/101/111 
f 77/101/111 76/100/110 78/102/112 
f 77/101/111 78/102/112 79/103/113 
f 79/103/113 78/102/112 80/104/114 
f 79/103/113 80/104/114 71/95/105 
f 71/95/105 80/104/114 72/96/106 
f 73/105/115 77/106/116 71/107/117 
f 75/108/118 77/106/116 73/105/115 
f 71/107/117 77/106/116 79/109/119 
f 81/110/120 82/111/120 83/112/120 
f 84/113/121 85/114/121 86/115/121 
f 40/48/122 26/58/122 66/87/122 
f 42/50/123 24/52/123 39/48/123 
f 87/116/124 88/117/125 89/118/126 
f 89/118/126 88/117/125 90/119/127 
f 89/118/126 90/119/127 91/120/128 
f 91/120/128 90/119/127 92/121/129 
f 91/120/128 92/121/129 93/122/130 
f 93/122/130 92/121/129 94/123/131 
f 93/101/132 94/102/132 95/103/132 
f 95/124/133 94/123/134 96/125/135 
f 95/124/133 96/125/135 87/116/124 
f 87/116/124 96/125/135 88/117/125 
f 89/126/136 93/127/137 87/128/138 
f 91/129/139 93/127/137 89/126/136 
f 87/128/138 93/127/137 95/130/140 
f 97/131/141 70/94/142 67/91/143 
f 70/94/142 97/131/141 98/132/144 
f 97/133/145 69/93/145 99/134/145 
f 69/93/146 97/133/146 67/91/146 
f 98/92/147 99/91/147 100/94/147 
f 99/91/147 98/92/147 97/93/147 
f 70/94/148 100/135/148 68/92/148 
f 100/135/149 70/94/149 98/136/149 
f 84/137/150 83/138/150 82/139/150 
f 83/138/151 84/137/151 101/140/151 
f 82/111/152 81/110/152 85/141/152 
f 27/61/153 47/60/153 25/61/153 
f 47/60/154 27/61/154 51/60/154 
f 51/32/155 46/31/155 47/30/155 
f 46/31/156 51/32/156 48/29/156 
f 46/59/157 53/68/157 52/142/157 
f 52/142/158 45/27/158 46/59/158 
f 21/28/159 26/58/159 45/27/159 
f 26/58/160 25/61/160 46/59/160 
f 85/114/161 84/113/161 82/143/161 
f 101/144/162 86/145/162 102/146/162 
f 83/143/163 102/115/163 81/114/163 
f 102/115/164 83/143/164 101/113/164 
f 84/147/165 86/145/165 101/144/165 
f 81/148/166 86/149/166 85/150/166 
f 86/149/167 81/148/167 102/151/167 
f 103/152/168 104/153/168 105/154/168 
f 104/153/169 103/152/169 106/155/169 
f 107/152/170 108/153/170 109/155/170 
f 108/153/171 107/152/171 110/154/171 
f 109/156/172 104/153/172 106/155/172 
f 104/153/172 109/156/172 108/157/172 
f 110/157/173 103/155/173 105/153/173 
f 103/155/173 110/157/173 107/156/173 
f 108/158/174 105/159/174 104/160/174 
f 105/159/175 108/158/175 110/161/175 
# 0 polygons - 164 triangles

#
# object Mesh_1632
#

v  3.1692 2.0362 -0.0600
v  3.1871 2.0302 0.1354
v  3.2126 2.0328 0.1006
v  3.1308 2.0367 -0.0733
v  2.9940 1.9762 -0.7093
v  2.9320 1.9814 -0.8088
v  3.0274 1.9806 -0.7879
v  3.0155 1.9829 -0.8314
v  2.9948 1.9601 -0.5774
v  3.0206 2.0709 -0.6063
v  2.9950 2.0684 -0.5717
v  3.0204 1.9621 -0.6121
v  3.0282 2.0754 -0.7831
v  2.9942 2.0709 -0.7043
v  2.9324 2.0762 -0.8037
v  3.0165 2.0777 -0.8264
v  3.1691 1.9414 -0.0650
v  3.2123 1.9238 0.0949
v  3.1307 1.9420 -0.0783
v  3.1867 1.9220 0.1295
v  2.9250 2.1112 -0.8032
v  3.2008 1.8927 0.1853
v  2.9239 1.9459 -0.8116
v  2.8431 1.9202 -0.3264
v  2.6337 2.0826 -0.2594
v  2.8450 2.0857 -0.3180
v  2.6318 1.9172 -0.2677
v  2.7252 2.1086 -0.7478
v  2.7234 1.9432 -0.7561
v  2.6211 2.0224 0.1496
v  2.8777 1.9398 0.1191
v  2.6205 1.9367 0.1451
v  2.6793 1.9245 0.2504
v  2.8950 2.0249 0.1839
v  2.6799 2.0226 0.2554
v  2.8945 1.9268 0.1789
v  2.8783 2.0189 0.1233
v  2.5618 2.0852 -0.7031
v  2.6797 1.9401 -0.2799
v  2.6813 2.0625 -0.2737
v  2.5602 1.9629 -0.7093
v  2.7163 1.9063 -0.2918
v  2.5967 1.9291 -0.7214
v  2.5991 2.1194 -0.7119
v  3.2026 2.0595 0.1946
v  2.8301 2.0712 -0.0458
v  2.7031 2.0693 -0.0105
v  2.8290 1.9059 -0.0543
v  3.0981 1.8868 0.2982
v  2.9402 1.8847 0.3422
v  2.7009 1.9039 -0.0188
v  3.1000 2.0521 0.3064
v  2.9412 2.0501 0.3509
v  2.6393 1.9278 -0.2473
v  2.5734 1.9165 -0.0321
v  2.5554 1.9284 -0.2472
v  2.5563 2.0741 -0.2392
v  2.4658 2.0759 -0.2608
v  2.4199 2.0653 -0.0616
v  2.6403 2.0735 -0.2393
v  2.5745 2.0621 -0.0241
v  2.6995 2.0617 -0.0316
v  2.6985 1.9161 -0.0396
v  2.4648 1.9303 -0.2688
v  2.4190 1.9196 -0.0695
v  2.7188 2.0965 -0.2824
v  2.5640 2.0800 -0.8181
v  2.5930 1.9749 -0.7176
v  2.5936 2.0744 -0.7125
v  2.5633 1.9805 -0.8233
v  2.7341 2.1076 -0.9020
v  2.7738 2.1001 -0.7594
v  2.7865 2.0398 -0.9203
v  2.8263 2.0322 -0.7777
v  2.7333 1.9711 -0.9092
v  2.7730 1.9636 -0.7666
v  2.6477 1.9966 -0.8838
v  2.6875 1.9889 -0.7414
v  2.6482 2.0809 -0.8796
v  2.6880 2.0733 -0.7371
v  2.3795 2.0780 -0.0503
v  2.4335 1.9183 -0.2993
v  2.3776 1.9059 -0.0592
v  2.4709 1.9178 -0.2907
v  2.4356 2.0903 -0.2903
v  2.4729 2.0898 -0.2816
v  2.8737 2.0717 -0.8569
v  2.8928 2.0680 -0.7884
v  2.8988 2.0392 -0.8656
v  2.9180 2.0354 -0.7971
v  2.8732 2.0061 -0.8602
v  2.8924 2.0026 -0.7918
v  2.8322 2.0185 -0.8482
v  2.8513 2.0147 -0.7797
v  2.8324 2.0589 -0.8462
v  2.8517 2.0552 -0.7776
v  2.6031 2.0803 -0.8290
v  2.6025 1.9808 -0.8341
v  2.6319 2.0747 -0.7232
v  2.6314 1.9752 -0.7282
v  2.4128 1.9053 -0.0481
v  2.4149 2.0774 -0.0390
v  2.9979 1.9272 -0.4296
v  3.0159 1.8355 -0.3675
v  3.0056 1.8375 -0.4047
v  3.0165 1.9237 -0.3629
v  2.8842 1.9263 -0.3979
v  2.9022 1.8346 -0.3360
v  2.9028 1.9227 -0.3314
v  2.8919 1.8365 -0.3729
# 110 vertices

vn -0.0008 0.9995 0.0303
vn -0.0421 0.9985 0.0342
vn -0.0531 0.9980 0.0351
vn 0.0038 0.9995 0.0299
vn 0.1880 -0.9677 -0.1682
vn 0.0216 -0.9973 -0.0708
vn 0.0033 -0.9985 -0.0541
vn 0.0031 -0.9986 -0.0532
vn 0.8052 -0.0330 0.5921
vn 0.8062 -0.0337 0.5907
vn 0.9183 -0.0228 0.3951
vn 0.9206 -0.0279 0.3893
vn -0.2615 0.0524 -0.9637
vn -0.2617 0.0522 -0.9637
vn 0.9657 0.0052 -0.2595
vn 0.9649 0.0038 -0.2628
vn -0.0035 0.9985 0.0542
vn 0.0073 0.9988 0.0476
vn 0.0312 0.9991 0.0280
vn -0.0033 0.9986 0.0532
vn 0.9655 0.0120 -0.2600
vn 0.9656 0.0115 -0.2597
vn -0.0393 -0.9955 -0.0860
vn 0.0135 -0.9938 -0.1107
vn 0.0263 -0.9928 -0.1167
vn -0.0449 -0.9955 -0.0833
vn 0.3273 0.0496 -0.9436
vn 0.8052 -0.0331 0.5920
vn 0.8081 -0.0348 0.5880
vn -0.0361 0.9992 0.0194
vn -0.0724 0.9972 0.0196
vn 0.9655 0.0120 -0.2599
vn 0.9656 0.0118 -0.2598
vn -0.0153 -0.9957 -0.0911
vn -0.0360 -0.9960 -0.0819
vn 0.9636 0.0071 -0.2673
vn -0.2678 0.0513 -0.9621
vn -0.2674 0.0508 -0.9623
vn -0.2670 0.0513 -0.9623
vn -0.7348 0.5726 -0.3637
vn -0.0917 -0.6521 -0.7525
vn -0.7418 -0.5221 -0.4208
vn -0.2959 -0.6487 0.7012
vn 0.2070 0.7350 0.6457
vn -0.2885 0.5758 0.7650
vn 0.1958 -0.8026 0.5634
vn -0.0816 0.7304 -0.6781
vn -0.9634 -0.0013 0.2682
vn 0.0887 -0.9930 -0.0776
vn -0.3056 -0.9515 0.0344
vn -0.3045 -0.9519 0.0341
vn 0.0884 -0.9930 -0.0776
vn -0.2692 0.0513 -0.9617
vn 0.9633 0.0024 -0.2683
vn -0.0026 0.9986 0.0528
vn 0.0016 0.9986 0.0529
vn -0.0002 0.9986 0.0533
vn -0.0014 -0.9986 -0.0528
vn -0.0011 -0.9986 -0.0531
vn -0.0012 -0.9986 -0.0529
vn -0.0001 -0.9986 -0.0528
vn -0.0010 -0.9986 -0.0531
vn -0.0009 -0.9986 -0.0531
vn 0.0005 -0.9986 -0.0533
vn 0.2693 -0.0516 0.9617
vn 0.2689 -0.0512 0.9618
vn -0.9630 -0.0075 0.2695
vn -0.9629 -0.0084 0.2698
vn 0.7380 -0.0421 0.6735
vn 0.7402 -0.0451 0.6708
vn 0.9634 0.0046 -0.2678
vn -0.0067 -0.9985 -0.0547
vn -0.0068 -0.9985 -0.0547
vn -0.0071 -0.9985 -0.0548
vn 0.0071 0.9985 0.0548
vn 0.0073 0.9985 0.0549
vn 0.0063 0.9985 0.0545
vn 0.9617 0.0081 -0.2738
vn 0.9619 0.0090 -0.2732
vn -0.0021 0.0539 -0.9986
vn -0.0002 0.0549 -0.9985
vn 0.2342 0.0517 -0.9708
vn 0.2330 0.0509 -0.9712
vn -0.9746 0.0183 -0.2229
vn -0.9745 0.0194 -0.2236
vn -0.2363 -0.0516 0.9703
vn -0.2361 -0.0519 0.9703
vn 0.0596 -0.0552 0.9967
vn 0.0597 -0.0552 0.9967
vn -0.2909 0.9477 0.1314
vn 0.0928 0.9953 0.0272
vn -0.2923 0.9472 0.1320
vn 0.0930 0.9953 0.0272
vn -0.6478 -0.7487 0.1405
vn -0.6472 -0.7493 0.1404
vn -0.2712 0.0511 -0.9612
vn -0.2718 0.0513 -0.9610
vn -0.6306 0.7456 0.2155
vn -0.6280 0.7481 0.2144
vn -0.0063 -0.9985 -0.0545
vn -0.0073 -0.9985 -0.0548
vn -0.0074 -0.9985 -0.0548
vn -0.9629 -0.0078 0.2698
vn -0.9630 -0.0082 0.2694
vn 0.2943 0.9552 -0.0317
vn 0.2946 0.9551 -0.0318
vn 0.9633 0.0074 -0.2684
vn 0.9633 0.0080 -0.2683
vn 0.2824 -0.9506 -0.1290
vn 0.2831 -0.9503 -0.1295
vn -0.7752 -0.6044 0.1841
vn -0.7745 -0.6054 0.1835
vn -0.7676 0.5920 0.2454
vn -0.7672 0.5925 0.2453
vn -0.2681 0.0516 -0.9620
vn -0.2676 0.0512 -0.9621
vn -0.2677 0.0513 -0.9621
vn -0.2681 0.0515 -0.9620
vn -0.2669 0.0506 -0.9624
vn -0.9739 0.0226 -0.2257
vn 0.2272 0.0485 -0.9726
vn 0.2680 -0.0520 0.9620
vn 0.2678 -0.0516 0.9621
vn 0.2964 0.9546 -0.0305
vn 0.2951 0.9550 -0.0309
vn 0.9632 0.0084 -0.2686
vn 0.9631 0.0078 -0.2688
vn 0.2804 -0.9513 -0.1282
vn 0.2825 -0.9505 -0.1296
vn -0.2791 -0.9599 0.0277
vn -0.2767 -0.9606 0.0249
vn -0.9636 -0.0103 0.2672
vn -0.5105 0.8390 0.1886
vn -0.9630 -0.0067 0.2694
vn -0.7665 0.5931 0.2466
vn -0.2683 0.0506 -0.9620
vn -0.2679 0.0503 -0.9622
vn -0.2680 0.0507 -0.9621
vn -0.2680 0.0498 -0.9621
vn -0.2672 0.0500 -0.9623
vn -0.2685 0.0517 -0.9619
vn -0.2668 0.0510 -0.9624
vn -0.2694 0.0521 -0.9616
vn -0.2659 0.0507 -0.9627
vn 0.0071 0.9987 0.0510
vn 0.0061 0.9987 0.0510
vn 0.9649 0.0074 -0.2625
vn -0.0071 -0.9987 -0.0509
vn -0.0069 -0.9987 -0.0511
vn -0.0011 -0.9986 -0.0521
vn -0.0003 -0.9987 -0.0517
vn -0.9738 0.0234 -0.2263
vn -0.9632 -0.0025 0.2685
vn -0.9635 -0.0015 0.2679
vn 0.2674 -0.0516 0.9622
vn 0.2677 -0.0518 0.9621
vn 0.0022 0.9986 0.0526
vn -0.0071 0.9982 0.0597
vn -0.0018 0.9986 0.0523
vn 0.0001 0.9986 0.0530
vn 0.2234 0.0478 -0.9736
vn 0.9725 -0.0239 0.2315
vn -0.3064 -0.0460 0.9508
vn -0.3039 -0.0466 0.9516
vn 0.9726 -0.0239 0.2316
vn 0.0020 0.9987 0.0516
vn 0.0013 0.9987 0.0513
vn 0.9637 0.0081 -0.2669
vn 0.9633 0.0071 -0.2683
vn -0.9631 -0.0071 0.2688
vn -0.9634 -0.0078 0.2680
vn 0.2674 -0.0519 0.9622
vn -0.2558 -0.2792 -0.9255
vn -0.0064 -0.9986 -0.0520
vn -0.0060 -0.9987 -0.0514
# 175 vertex normals

vt 0.2068 0.4347 0.0000
vt 0.2852 0.4520 0.0000
vt 0.2706 0.4379 0.0000
vt 0.1922 0.4520 0.0000
vt 0.1236 0.4374 0.0000
vt 0.0783 0.4487 0.0000
vt 0.0907 0.4179 0.0000
vt 0.0783 0.4179 0.0000
vt 0.1814 0.4374 0.0000
vt 0.1658 0.3769 0.0000
vt 0.1814 0.3769 0.0000
vt 0.1658 0.4374 0.0000
vt 0.4948 0.2640 0.0000
vt 0.4494 0.3023 0.0000
vt 0.4494 0.2640 0.0000
vt 0.4948 0.3023 0.0000
vt 0.2706 0.3769 0.0000
vt 0.2068 0.3801 0.0000
vt 0.1912 0.3801 0.0000
vt 0.1912 0.4347 0.0000
vt 0.2862 0.4379 0.0000
vt 0.2862 0.3769 0.0000
vt 0.1771 0.4487 0.0000
vt 0.1236 0.3769 0.0000
vt 0.1777 0.4487 0.0000
vt 0.0102 0.0095 0.0000
vt 0.4645 0.0819 0.0000
vt 0.0102 0.0819 0.0000
vt 0.3927 0.2045 0.0000
vt 0.3219 0.2488 0.0000
vt 0.3219 0.2045 0.0000
vt 0.3927 0.2488 0.0000
vt 0.4942 0.3104 0.0000
vt 0.4256 0.3769 0.0000
vt 0.4256 0.3104 0.0000
vt 0.4942 0.3769 0.0000
vt 0.4013 0.2775 0.0000
vt 0.3975 0.1921 0.0000
vt 0.4013 0.2780 0.0000
vt 0.4591 0.2678 0.0000
vt 0.4343 0.1916 0.0000
vt 0.4586 0.2672 0.0000
vt 0.4343 0.1921 0.0000
vt 0.3975 0.1916 0.0000
vt 0.2020 0.2807 0.0000
vt 0.0102 0.2316 0.0000
vt 0.0102 0.2807 0.0000
vt 0.2020 0.2316 0.0000
vt 0.0102 0.1608 0.0000
vt 0.2020 0.2132 0.0000
vt 0.0107 0.2137 0.0000
vt 0.2020 0.1602 0.0000
vt 0.5088 0.3769 0.0000
vt 0.4110 0.4347 0.0000
vt 0.4110 0.3769 0.0000
vt 0.5088 0.4347 0.0000
vt 0.0102 0.1602 0.0000
vt 0.2014 0.1597 0.0000
vt 0.3149 0.1910 0.0000
vt 0.3149 0.2488 0.0000
vt 0.2020 0.2488 0.0000
vt 0.3149 0.1921 0.0000
vt 0.5023 0.1311 0.0000
vt 0.5029 0.1921 0.0000
vt 0.5104 0.0095 0.0000
vt 0.4645 0.0095 0.0000
vt 0.5104 0.0819 0.0000
vt 0.5023 0.1905 0.0000
vt 0.6247 0.3587 0.0000
vt 0.6973 0.4030 0.0000
vt 0.6160 0.3883 0.0000
vt 0.5988 0.4185 0.0000
vt 0.6677 0.4537 0.0000
vt 0.7072 0.3578 0.0000
vt 0.3009 0.2653 0.0000
vt 0.3295 0.2655 0.0000
vt 0.3299 0.3020 0.0000
vt 0.3013 0.3018 0.0000
vt 0.3584 0.2660 0.0000
vt 0.3588 0.3024 0.0000
vt 0.3584 0.3019 0.0000
vt 0.3275 0.3027 0.0000
vt 0.3277 0.2650 0.0000
vt 0.3586 0.2641 0.0000
vt 0.3003 0.3028 0.0000
vt 0.3005 0.2651 0.0000
vt 0.2014 0.2116 0.0000
vt 0.0102 0.2116 0.0000
vt 0.4894 0.4525 0.0000
vt 0.4305 0.4525 0.0000
vt 0.0269 0.3909 0.0000
vt 0.0739 0.4293 0.0000
vt 0.0739 0.3909 0.0000
vt 0.0269 0.4293 0.0000
vt 0.2949 0.3963 0.0000
vt 0.4056 0.3958 0.0000
vt 0.2949 0.3547 0.0000
vt 0.4056 0.3547 0.0000
vt 0.2954 0.3974 0.0000
vt 0.4056 0.3974 0.0000
vt 0.2954 0.4493 0.0000
vt 0.4056 0.4487 0.0000
vt 0.2954 0.4482 0.0000
vt 0.4056 0.4482 0.0000
vt 0.0518 0.2845 0.0000
vt 0.0745 0.3515 0.0000
vt 0.0118 0.3066 0.0000
vt 0.0918 0.3066 0.0000
vt 0.0286 0.3515 0.0000
vt 0.2709 0.4337 0.0000
vt 0.2020 0.3769 0.0000
vt 0.2711 0.3768 0.0000
vt 0.3873 0.3310 0.0000
vt 0.3241 0.3466 0.0000
vt 0.3235 0.3310 0.0000
vt 0.0988 0.3353 0.0000
vt 0.1744 0.3347 0.0000
vt 0.0988 0.3142 0.0000
vt 0.1744 0.3142 0.0000
vt 0.0988 0.3358 0.0000
vt 0.1744 0.3358 0.0000
vt 0.0988 0.3704 0.0000
vt 0.1744 0.3699 0.0000
vt 0.0988 0.3699 0.0000
vt 0.1744 0.3693 0.0000
vt 0.2511 0.3293 0.0000
vt 0.2663 0.3709 0.0000
vt 0.2241 0.3428 0.0000
vt 0.2781 0.3428 0.0000
vt 0.2355 0.3709 0.0000
vt 0.0097 0.3909 0.0000
vt 0.0097 0.4293 0.0000
vt 0.0269 0.3753 0.0000
vt 0.0739 0.3753 0.0000
vt 0.0739 0.4444 0.0000
vt 0.0269 0.4444 0.0000
vt 0.1901 0.2985 0.0000
vt 0.2960 0.3320 0.0000
vt 0.1858 0.3099 0.0000
vt 0.2998 0.3207 0.0000
vt 0.2023 0.4337 0.0000
vt 0.5023 0.1295 0.0000
vt 0.3873 0.3466 0.0000
vt 0.5067 0.1997 0.0000
vt 0.4645 0.2607 0.0000
vt 0.4645 0.1997 0.0000
vt 0.5067 0.2607 0.0000
vt 0.2954 0.3310 0.0000
vt 0.1895 0.2975 0.0000
vt 0.1858 0.3088 0.0000
vt 0.2998 0.3196 0.0000
vt 0.2068 0.1905 0.0000
vt 0.2414 0.2461 0.0000
vt 0.2225 0.2461 0.0000
vt 0.2414 0.1905 0.0000
vt 0.3127 0.1905 0.0000
vt 0.3127 0.2461 0.0000
vt 0.2792 0.2262 0.0000
vt 0.2079 0.2424 0.0000
vt 0.2079 0.2262 0.0000
vt 0.2792 0.2424 0.0000
# 161 texture coords

g Mesh_1632
usemtl Material__5129
s 1
f 111/162/176 112/163/177 113/164/178 
f 112/163/177 111/162/176 114/165/179 
f 115/166/180 116/167/181 117/168/182 
f 117/168/182 116/167/181 118/169/183 
f 119/170/184 120/171/184 121/172/184 
f 120/171/185 119/170/185 122/173/185 
f 115/166/186 123/168/186 124/166/186 
f 123/168/187 115/166/187 117/168/187 
f 118/174/188 125/175/188 126/176/188 
f 125/175/189 118/174/189 116/177/189 
f 117/168/190 126/169/190 123/168/190 
f 126/169/191 117/168/191 118/169/191 
f 123/168/192 125/167/193 124/166/194 
f 125/167/193 123/168/192 126/169/195 
f 113/178/196 127/162/196 111/179/196 
f 127/162/197 113/178/197 128/164/197 
f 128/164/198 129/165/199 127/162/200 
f 129/165/199 128/164/198 130/163/201 
f 114/180/202 127/162/202 129/181/202 
f 127/162/202 114/180/202 111/179/202 
f 113/178/203 130/182/203 128/164/203 
f 130/182/204 113/178/204 112/183/204 
f 121/184/205 124/166/194 125/167/193 
f 124/166/194 121/184/205 120/173/206 
f 120/171/207 115/166/207 124/185/207 
f 115/166/208 120/171/208 122/173/208 
f 122/173/209 116/167/181 115/166/180 
f 116/167/181 122/173/209 119/186/210 
f 131/187/211 132/188/211 133/189/211 
f 134/190/212 135/191/212 136/192/212 
f 135/191/212 134/190/212 137/193/212 
f 133/194/213 138/195/213 131/196/213 
f 138/195/214 133/194/214 139/197/214 
f 140/198/215 141/199/216 142/200/217 
f 143/201/218 144/202/219 145/203/220 
f 144/202/219 143/201/218 146/204/221 
f 140/198/215 145/203/220 147/205/222 
f 144/202/219 147/205/222 145/203/220 
f 148/206/223 149/207/223 150/208/223 
f 149/207/223 148/206/223 151/209/223 
f 139/210/224 152/211/225 153/212/226 
f 152/211/225 139/210/224 134/213/227 
f 139/214/228 154/215/228 138/216/228 
f 154/215/228 139/214/228 153/217/228 
f 134/213/229 138/218/229 136/219/229 
f 155/188/230 136/219/230 156/220/230 
f 138/210/231 136/219/231 131/189/231 
f 157/221/232 156/220/232 135/222/232 
f 158/223/233 159/224/233 160/225/233 
f 159/224/234 158/223/234 132/188/234 
f 134/213/235 132/188/235 158/223/235 
f 134/213/236 158/223/236 137/222/236 
f 133/189/237 132/188/237 134/213/237 
f 139/210/238 133/189/238 134/213/238 
f 161/221/239 137/222/239 158/223/239 
f 160/188/240 162/226/240 163/227/240 
f 162/226/241 160/188/241 159/228/241 
f 158/223/242 163/229/242 156/220/242 
f 163/229/243 158/223/243 160/225/243 
f 159/228/244 155/227/244 162/226/244 
f 155/227/245 159/228/245 132/188/245 
f 132/188/246 131/187/246 155/227/246 
f 164/230/247 165/231/248 166/232/249 
f 167/232/250 168/233/250 169/234/250 
f 170/230/251 167/232/251 169/234/251 
f 170/230/251 169/234/251 171/231/251 
f 170/230/252 171/231/252 172/235/252 
f 173/235/253 164/230/253 170/230/253 
f 170/230/254 172/235/254 173/235/254 
f 164/236/255 166/237/255 167/238/255 
f 167/238/256 170/239/256 164/236/256 
f 166/237/257 174/240/257 168/241/257 
f 168/241/258 167/238/258 166/237/258 
f 174/233/259 175/234/259 169/234/259 
f 169/234/260 168/233/260 174/233/260 
f 175/242/261 165/243/261 171/244/261 
f 171/244/262 169/245/262 175/242/262 
f 165/243/263 173/246/263 172/247/263 
f 172/247/264 171/244/264 165/243/264 
f 138/218/229 134/213/229 139/210/229 
f 176/248/265 138/218/266 154/249/267 
f 138/218/266 176/248/265 136/219/268 
f 153/212/226 149/209/269 151/207/270 
f 149/209/269 153/212/226 152/211/225 
f 154/215/271 151/250/271 148/251/271 
f 151/250/272 154/215/272 153/217/272 
f 176/248/265 148/207/273 150/209/274 
f 148/207/273 176/248/265 154/249/267 
f 141/199/216 143/201/218 142/200/217 
f 143/201/218 141/199/216 146/204/221 
f 142/200/217 145/203/220 140/198/215 
f 145/203/220 142/200/217 143/201/218 
f 141/199/216 140/198/215 147/205/222 
f 164/230/247 173/235/275 165/231/248 
f 175/234/276 174/233/277 166/232/249 
f 165/231/248 175/234/276 166/232/249 
f 177/252/278 178/253/278 179/254/278 
f 178/253/279 177/252/279 180/255/279 
f 181/256/280 182/257/281 183/258/282 
f 183/258/282 182/257/281 184/259/283 
f 183/258/282 184/259/283 185/260/284 
f 185/260/284 184/259/283 186/261/285 
f 185/260/284 186/261/285 187/262/286 
f 187/262/286 186/261/285 188/263/287 
f 187/262/286 188/263/287 189/264/288 
f 189/264/288 188/263/287 190/265/289 
f 189/264/288 190/265/289 181/256/280 
f 181/256/280 190/265/289 182/257/281 
f 183/266/290 187/267/291 181/268/292 
f 185/269/293 187/267/291 183/266/290 
f 181/268/292 187/267/291 189/270/294 
f 191/271/295 192/272/295 193/273/295 
f 194/274/296 195/275/296 196/276/296 
f 150/209/297 136/219/297 176/248/297 
f 152/211/298 134/213/298 149/209/298 
f 197/277/299 198/278/300 199/279/301 
f 199/279/301 198/278/300 200/280/302 
f 199/279/301 200/280/302 201/281/303 
f 201/281/303 200/280/302 202/282/304 
f 201/281/303 202/282/304 203/283/305 
f 203/283/305 202/282/304 204/284/306 
f 203/262/307 204/263/307 205/264/307 
f 205/285/308 204/284/309 206/286/310 
f 205/285/308 206/286/310 197/277/299 
f 197/277/299 206/286/310 198/278/300 
f 199/287/311 203/288/312 197/289/313 
f 201/290/314 203/288/312 199/287/311 
f 197/289/313 203/288/312 205/291/315 
f 207/292/316 180/255/317 177/252/318 
f 180/255/317 207/292/316 208/293/319 
f 207/294/320 179/254/320 209/295/320 
f 179/254/321 207/294/321 177/252/321 
f 208/253/322 209/252/322 210/255/322 
f 209/252/322 208/253/322 207/254/322 
f 180/255/323 210/296/323 178/253/323 
f 210/296/324 180/255/324 208/297/324 
f 194/298/325 193/299/325 192/300/325 
f 193/299/326 194/298/326 211/301/326 
f 192/272/327 191/271/327 195/302/327 
f 137/222/328 157/221/328 135/222/328 
f 157/221/329 137/222/329 161/221/329 
f 161/193/330 156/192/330 157/191/330 
f 156/192/331 161/193/331 158/190/331 
f 156/220/332 163/229/332 162/303/332 
f 162/303/333 155/188/333 156/220/333 
f 131/189/334 136/219/334 155/188/334 
f 136/219/335 135/222/335 156/220/335 
f 195/275/336 194/274/336 192/304/336 
f 211/305/337 196/306/337 212/307/337 
f 193/304/338 212/276/338 191/275/338 
f 212/276/339 193/304/339 211/274/339 
f 194/308/340 196/306/340 211/305/340 
f 191/309/341 196/310/341 195/311/341 
f 196/310/342 191/309/342 212/312/342 
f 213/313/343 214/314/343 215/315/343 
f 214/314/344 213/313/344 216/316/344 
f 217/313/345 218/314/345 219/316/345 
f 218/314/346 217/313/346 220/315/346 
f 219/317/347 214/314/347 216/316/347 
f 214/314/347 219/317/347 218/318/347 
f 220/318/348 213/316/348 215/314/348 
f 213/316/348 220/318/348 217/317/348 
f 218/319/349 215/320/349 214/321/349 
f 215/320/350 218/319/350 220/322/350 
# 0 polygons - 164 triangles

#
# object Mesh_1633
#

v  4.0920 2.0362 0.1248
v  4.0098 2.0302 0.3029
v  4.0492 2.0328 0.2855
v  4.0653 2.0367 0.0941
v  4.2649 1.9762 -0.5252
v  4.2610 1.9814 -0.6423
v  4.3331 1.9806 -0.5766
v  4.3446 1.9829 -0.6201
v  4.1996 1.9601 -0.4106
v  4.2364 2.0709 -0.4227
v  4.1969 2.0684 -0.4055
v  4.2391 1.9621 -0.4278
v  4.3314 2.0754 -0.5720
v  4.2626 2.0709 -0.5207
v  4.2587 2.0762 -0.6377
v  4.3429 2.0777 -0.6154
v  4.0944 1.9414 0.1204
v  4.0518 1.9238 0.2804
v  4.0678 1.9420 0.0897
v  4.0123 1.9220 0.2976
v  4.2520 2.1112 -0.6410
v  3.9967 1.8927 0.3530
v  4.2553 1.9459 -0.6488
v  3.9427 1.9202 -0.2690
v  3.7279 2.0826 -0.3157
v  3.9402 2.0857 -0.2608
v  3.7304 1.9172 -0.3239
v  4.0513 2.1086 -0.6929
v  4.0539 1.9432 -0.7010
v  3.5125 2.0224 0.0322
v  3.7499 1.9398 0.1341
v  3.5143 1.9367 0.0280
v  3.5125 1.9245 0.1486
v  3.7326 2.0249 0.1989
v  3.5105 2.0226 0.1533
v  3.7346 1.9268 0.1943
v  3.7484 2.0189 0.1380
v  3.8875 2.0852 -0.7359
v  3.7780 1.9401 -0.3104
v  3.7763 2.0625 -0.3043
v  3.8892 1.9629 -0.7420
v  3.8157 1.9063 -0.3025
v  3.9269 1.9291 -0.7343
v  3.9242 2.1194 -0.7249
v  3.9936 2.0595 0.3619
v  3.7911 2.0712 -0.0325
v  3.6635 2.0693 -0.0655
v  3.7945 1.9059 -0.0404
v  3.8513 1.8868 0.3994
v  3.6926 1.8847 0.3586
v  3.6658 1.9039 -0.0737
v  3.8488 2.0521 0.4075
v  3.6891 2.0501 0.3666
v  3.7267 1.9278 -0.3024
v  3.5620 1.9165 -0.1490
v  3.6540 1.9284 -0.3442
v  3.6507 2.0741 -0.3369
v  3.5832 2.0759 -0.4009
v  3.4438 2.0653 -0.2512
v  3.7236 2.0735 -0.2949
v  3.5589 2.0621 -0.1415
v  3.6710 2.0617 -0.0855
v  3.6741 1.9161 -0.0930
v  3.5863 1.9303 -0.4083
v  3.4470 1.9196 -0.2586
v  3.8131 2.0965 -0.2930
v  3.9469 2.0800 -0.8344
v  3.9218 1.9749 -0.7329
v  3.9198 2.0744 -0.7281
v  3.9489 1.9805 -0.8393
v  4.1361 2.1076 -0.8220
v  4.0993 2.1001 -0.6787
v  4.1907 2.0398 -0.8116
v  4.1539 2.0322 -0.6683
v  4.1390 1.9711 -0.8286
v  4.1022 1.9636 -0.6852
v  4.0523 1.9966 -0.8495
v  4.0155 1.9889 -0.7062
v  4.0506 2.0809 -0.8456
v  4.0138 2.0733 -0.7022
v  3.4033 2.0780 -0.2617
v  3.5745 1.9183 -0.4503
v  3.4061 1.9059 -0.2704
v  3.6026 1.9178 -0.4242
v  3.5718 2.0903 -0.4415
v  3.5998 2.0898 -0.4153
v  4.2345 2.0717 -0.7131
v  4.2168 2.0680 -0.6443
v  4.2606 2.0392 -0.7081
v  4.2430 2.0354 -0.6392
v  4.2358 2.0061 -0.7162
v  4.2182 2.0026 -0.6474
v  4.1943 2.0185 -0.7263
v  4.1765 2.0147 -0.6575
v  4.1933 2.0589 -0.7245
v  4.1758 2.0552 -0.6555
v  3.9862 2.0803 -0.8243
v  3.9882 1.9808 -0.8290
v  3.9582 2.0747 -0.7182
v  3.9603 1.9752 -0.7229
v  3.4310 1.9053 -0.2431
v  3.4282 2.0774 -0.2342
v  4.1284 1.9272 -0.2810
v  4.1130 1.8355 -0.2182
v  4.1227 1.8375 -0.2555
v  4.1112 1.9237 -0.2139
v  4.0141 1.9263 -0.3104
v  3.9987 1.8346 -0.2478
v  3.9970 1.9227 -0.2435
v  4.0083 1.8365 -0.2849
# 110 vertices

vn -0.0158 0.9995 0.0259
vn -0.0535 0.9985 0.0085
vn -0.0636 0.9980 0.0039
vn -0.0117 0.9995 0.0278
vn 0.2469 -0.9677 -0.0517
vn 0.0541 -0.9973 -0.0505
vn 0.0299 -0.9985 -0.0452
vn 0.0293 -0.9986 -0.0445
vn 0.4013 -0.0330 0.9153
vn 0.4029 -0.0337 0.9146
vn 0.5978 -0.0228 0.8013
vn 0.6026 -0.0279 0.7974
vn 0.2554 0.0524 -0.9654
vn 0.2552 0.0522 -0.9655
vn 0.9661 0.0052 0.2581
vn 0.9670 0.0038 0.2549
vn -0.0301 0.9985 0.0451
vn -0.0175 0.9988 0.0449
vn 0.0130 0.9991 0.0398
vn -0.0294 0.9986 0.0444
vn 0.9661 0.0120 0.2576
vn 0.9661 0.0115 0.2579
vn 0.0090 -0.9955 -0.0941
vn 0.0670 -0.9938 -0.0891
vn 0.0811 -0.9928 -0.0879
vn 0.0028 -0.9955 -0.0946
vn 0.7553 0.0496 -0.6535
vn 0.4014 -0.0331 0.9153
vn 0.4059 -0.0348 0.9133
vn -0.0410 0.9992 -0.0012
vn -0.0725 0.9972 -0.0192
vn 0.9661 0.0120 0.2577
vn 0.9661 0.0118 0.2578
vn 0.0323 -0.9957 -0.0866
vn 0.0097 -0.9960 -0.0889
vn 0.9681 0.0071 0.2503
vn 0.2491 0.0513 -0.9671
vn 0.2496 0.0508 -0.9671
vn 0.2500 0.0513 -0.9669
vn -0.4545 0.5726 -0.6824
vn 0.2969 -0.6521 -0.6975
vn -0.4320 -0.5221 -0.7354
vn -0.6068 -0.6487 0.4593
vn -0.1436 0.7350 0.6627
vn -0.6324 0.5758 0.5183
vn -0.1121 -0.8026 0.5858
vn 0.2684 0.7304 -0.6280
vn -0.9684 -0.0013 -0.2494
vn 0.1157 -0.9930 -0.0228
vn -0.2819 -0.9515 -0.1230
vn -0.2807 -0.9519 -0.1227
vn 0.1154 -0.9930 -0.0230
vn 0.2477 0.0513 -0.9674
vn 0.9684 0.0024 0.2493
vn -0.0287 0.9986 0.0444
vn -0.0250 0.9986 0.0466
vn -0.0268 0.9986 0.0460
vn 0.0252 -0.9986 -0.0465
vn 0.0256 -0.9986 -0.0466
vn 0.0254 -0.9986 -0.0464
vn 0.0263 -0.9986 -0.0457
vn 0.0257 -0.9986 -0.0464
vn 0.0258 -0.9986 -0.0464
vn 0.0271 -0.9986 -0.0459
vn -0.2476 -0.0516 0.9675
vn -0.2480 -0.0512 0.9674
vn -0.9687 -0.0075 -0.2481
vn -0.9688 -0.0084 -0.2478
vn 0.3023 -0.0421 0.9523
vn 0.3057 -0.0451 0.9510
vn 0.9682 0.0046 0.2498
vn 0.0216 -0.9985 -0.0507
vn 0.0215 -0.9985 -0.0508
vn 0.0212 -0.9985 -0.0510
vn -0.0212 0.9985 0.0510
vn -0.0212 0.9985 0.0512
vn -0.0218 0.9985 0.0504
vn 0.9698 0.0081 0.2437
vn 0.9696 0.0090 0.2444
vn 0.4974 0.0539 -0.8659
vn 0.4990 0.0549 -0.8648
vn 0.6882 0.0517 -0.7236
vn 0.6874 0.0509 -0.7246
vn -0.7326 0.0183 -0.6804
vn -0.7321 0.0194 -0.6809
vn -0.6898 -0.0516 0.7222
vn -0.6896 -0.0519 0.7222
vn -0.4467 -0.0552 0.8930
vn -0.3176 0.9477 -0.0317
vn 0.0668 0.9953 0.0700
vn -0.3191 0.9472 -0.0319
vn 0.0670 0.9953 0.0700
vn -0.6313 -0.7487 -0.2023
vn -0.6307 -0.7493 -0.2020
vn 0.2457 0.0511 -0.9680
vn 0.2451 0.0513 -0.9681
vn -0.6539 0.7456 -0.1287
vn -0.6511 0.7481 -0.1283
vn 0.0218 -0.9985 -0.0504
vn 0.0210 -0.9985 -0.0511
vn 0.0210 -0.9985 -0.0512
vn -0.9688 -0.0078 -0.2478
vn -0.9687 -0.0082 -0.2482
vn 0.2707 0.9552 0.1198
vn 0.2710 0.9551 0.1197
vn 0.9684 0.0074 0.2492
vn 0.9684 0.0080 0.2493
vn 0.3091 -0.9506 0.0295
vn 0.3099 -0.9503 0.0294
vn -0.7634 -0.6044 -0.2281
vn -0.7625 -0.6054 -0.2283
vn -0.7875 0.5920 -0.1713
vn -0.7871 0.5925 -0.1712
vn 0.2488 0.0516 -0.9672
vn 0.2493 0.0512 -0.9670
vn 0.2492 0.0513 -0.9671
vn 0.2488 0.0515 -0.9672
vn 0.2501 0.0506 -0.9669
vn -0.7306 0.0226 -0.6824
vn 0.6831 0.0485 -0.7287
vn -0.2489 -0.0520 0.9671
vn -0.2491 -0.0516 0.9671
vn 0.2719 0.9546 0.1218
vn 0.2710 0.9550 0.1207
vn 0.9685 0.0084 0.2489
vn 0.9685 0.0078 0.2487
vn 0.3069 -0.9513 0.0291
vn 0.3094 -0.9505 0.0290
vn -0.2556 -0.9599 -0.1156
vn -0.2521 -0.9606 -0.1168
vn -0.9681 -0.0103 -0.2504
vn -0.5364 0.8390 -0.0920
vn -0.9687 -0.0067 -0.2482
vn -0.7871 0.5931 -0.1697
vn 0.2486 0.0506 -0.9673
vn 0.2491 0.0503 -0.9672
vn 0.2489 0.0507 -0.9672
vn 0.2489 0.0498 -0.9672
vn 0.2498 0.0500 -0.9670
vn 0.2484 0.0517 -0.9673
vn 0.2502 0.0510 -0.9669
vn 0.2475 0.0521 -0.9675
vn 0.2510 0.0507 -0.9667
vn -0.0193 0.9987 0.0477
vn -0.0202 0.9987 0.0472
vn 0.9669 0.0074 0.2551
vn 0.0193 -0.9987 -0.0476
vn 0.0196 -0.9987 -0.0477
vn 0.0251 -0.9986 -0.0457
vn 0.0256 -0.9987 -0.0449
vn -0.7302 0.0234 -0.6829
vn -0.9684 -0.0025 -0.2491
vn -0.9684 -0.0015 -0.2497
vn -0.2495 -0.0516 0.9670
vn -0.2492 -0.0518 0.9671
vn -0.0244 0.9986 0.0467
vn -0.0360 0.9982 0.0481
vn -0.0277 0.9986 0.0443
vn -0.0264 0.9986 0.0459
vn 0.6803 0.0478 -0.7315
vn 0.7265 -0.0239 0.6867
vn -0.7407 -0.0460 0.6702
vn -0.7389 -0.0466 0.6722
vn 0.7265 -0.0239 0.6868
vn -0.0241 0.9987 0.0457
vn -0.0245 0.9987 0.0451
vn 0.9680 0.0081 0.2507
vn 0.9684 0.0071 0.2493
vn -0.9685 -0.0071 -0.2487
vn -0.9683 -0.0078 -0.2496
vn -0.2495 -0.0519 0.9670
vn 0.2413 -0.2792 -0.9294
vn 0.0205 -0.9986 -0.0482
vn 0.0205 -0.9987 -0.0475
# 174 vertex normals

vt 0.2068 0.4347 0.0000
vt 0.2852 0.4520 0.0000
vt 0.2706 0.4379 0.0000
vt 0.1922 0.4520 0.0000
vt 0.1236 0.4374 0.0000
vt 0.0783 0.4487 0.0000
vt 0.0907 0.4179 0.0000
vt 0.0783 0.4179 0.0000
vt 0.1814 0.4374 0.0000
vt 0.1658 0.3769 0.0000
vt 0.1814 0.3769 0.0000
vt 0.1658 0.4374 0.0000
vt 0.4948 0.2640 0.0000
vt 0.4494 0.3023 0.0000
vt 0.4494 0.2640 0.0000
vt 0.4948 0.3023 0.0000
vt 0.2706 0.3769 0.0000
vt 0.2068 0.3801 0.0000
vt 0.1912 0.3801 0.0000
vt 0.1912 0.4347 0.0000
vt 0.2862 0.4379 0.0000
vt 0.2862 0.3769 0.0000
vt 0.1771 0.4487 0.0000
vt 0.1236 0.3769 0.0000
vt 0.1777 0.4487 0.0000
vt 0.0102 0.0095 0.0000
vt 0.4645 0.0819 0.0000
vt 0.0102 0.0819 0.0000
vt 0.3927 0.2045 0.0000
vt 0.3219 0.2488 0.0000
vt 0.3219 0.2045 0.0000
vt 0.3927 0.2488 0.0000
vt 0.4942 0.3104 0.0000
vt 0.4256 0.3769 0.0000
vt 0.4256 0.3104 0.0000
vt 0.4942 0.3769 0.0000
vt 0.4013 0.2775 0.0000
vt 0.3975 0.1921 0.0000
vt 0.4013 0.2780 0.0000
vt 0.4591 0.2678 0.0000
vt 0.4343 0.1916 0.0000
vt 0.4586 0.2672 0.0000
vt 0.4343 0.1921 0.0000
vt 0.3975 0.1916 0.0000
vt 0.2020 0.2807 0.0000
vt 0.0102 0.2316 0.0000
vt 0.0102 0.2807 0.0000
vt 0.2020 0.2316 0.0000
vt 0.0102 0.1608 0.0000
vt 0.2020 0.2132 0.0000
vt 0.0107 0.2137 0.0000
vt 0.2020 0.1602 0.0000
vt 0.5088 0.3769 0.0000
vt 0.4110 0.4347 0.0000
vt 0.4110 0.3769 0.0000
vt 0.5088 0.4347 0.0000
vt 0.0102 0.1602 0.0000
vt 0.2014 0.1597 0.0000
vt 0.3149 0.1910 0.0000
vt 0.3149 0.2488 0.0000
vt 0.2020 0.2488 0.0000
vt 0.3149 0.1921 0.0000
vt 0.5023 0.1311 0.0000
vt 0.5029 0.1921 0.0000
vt 0.5104 0.0095 0.0000
vt 0.4645 0.0095 0.0000
vt 0.5104 0.0819 0.0000
vt 0.5023 0.1905 0.0000
vt 0.6247 0.3587 0.0000
vt 0.6973 0.4030 0.0000
vt 0.6160 0.3883 0.0000
vt 0.5988 0.4185 0.0000
vt 0.6677 0.4537 0.0000
vt 0.7072 0.3578 0.0000
vt 0.3009 0.2653 0.0000
vt 0.3295 0.2655 0.0000
vt 0.3299 0.3020 0.0000
vt 0.3013 0.3018 0.0000
vt 0.3584 0.2660 0.0000
vt 0.3588 0.3024 0.0000
vt 0.3584 0.3019 0.0000
vt 0.3275 0.3027 0.0000
vt 0.3277 0.2650 0.0000
vt 0.3586 0.2641 0.0000
vt 0.3003 0.3028 0.0000
vt 0.3005 0.2651 0.0000
vt 0.2014 0.2116 0.0000
vt 0.0102 0.2116 0.0000
vt 0.4894 0.4525 0.0000
vt 0.4305 0.4525 0.0000
vt 0.0269 0.3909 0.0000
vt 0.0739 0.4293 0.0000
vt 0.0739 0.3909 0.0000
vt 0.0269 0.4293 0.0000
vt 0.2949 0.3963 0.0000
vt 0.4056 0.3958 0.0000
vt 0.2949 0.3547 0.0000
vt 0.4056 0.3547 0.0000
vt 0.2954 0.3974 0.0000
vt 0.4056 0.3974 0.0000
vt 0.2954 0.4493 0.0000
vt 0.4056 0.4487 0.0000
vt 0.2954 0.4482 0.0000
vt 0.4056 0.4482 0.0000
vt 0.0518 0.2845 0.0000
vt 0.0745 0.3515 0.0000
vt 0.0118 0.3066 0.0000
vt 0.0918 0.3066 0.0000
vt 0.0286 0.3515 0.0000
vt 0.2709 0.4337 0.0000
vt 0.2020 0.3769 0.0000
vt 0.2711 0.3768 0.0000
vt 0.3873 0.3310 0.0000
vt 0.3241 0.3466 0.0000
vt 0.3235 0.3310 0.0000
vt 0.0988 0.3353 0.0000
vt 0.1744 0.3347 0.0000
vt 0.0988 0.3142 0.0000
vt 0.1744 0.3142 0.0000
vt 0.0988 0.3358 0.0000
vt 0.1744 0.3358 0.0000
vt 0.0988 0.3704 0.0000
vt 0.1744 0.3699 0.0000
vt 0.0988 0.3699 0.0000
vt 0.1744 0.3693 0.0000
vt 0.2511 0.3293 0.0000
vt 0.2663 0.3709 0.0000
vt 0.2241 0.3428 0.0000
vt 0.2781 0.3428 0.0000
vt 0.2355 0.3709 0.0000
vt 0.0097 0.3909 0.0000
vt 0.0097 0.4293 0.0000
vt 0.0269 0.3753 0.0000
vt 0.0739 0.3753 0.0000
vt 0.0739 0.4444 0.0000
vt 0.0269 0.4444 0.0000
vt 0.1901 0.2985 0.0000
vt 0.2960 0.3320 0.0000
vt 0.1858 0.3099 0.0000
vt 0.2998 0.3207 0.0000
vt 0.2023 0.4337 0.0000
vt 0.5023 0.1295 0.0000
vt 0.3873 0.3466 0.0000
vt 0.5067 0.1997 0.0000
vt 0.4645 0.2607 0.0000
vt 0.4645 0.1997 0.0000
vt 0.5067 0.2607 0.0000
vt 0.2954 0.3310 0.0000
vt 0.1895 0.2975 0.0000
vt 0.1858 0.3088 0.0000
vt 0.2998 0.3196 0.0000
vt 0.2068 0.1905 0.0000
vt 0.2414 0.2461 0.0000
vt 0.2225 0.2461 0.0000
vt 0.2414 0.1905 0.0000
vt 0.3127 0.1905 0.0000
vt 0.3127 0.2461 0.0000
vt 0.2792 0.2262 0.0000
vt 0.2079 0.2424 0.0000
vt 0.2079 0.2262 0.0000
vt 0.2792 0.2424 0.0000
# 161 texture coords

g Mesh_1633
usemtl Material__5129
s 1
f 221/323/351 222/324/352 223/325/353 
f 222/324/352 221/323/351 224/326/354 
f 225/327/355 226/328/356 227/329/357 
f 227/329/357 226/328/356 228/330/358 
f 229/331/359 230/332/359 231/333/359 
f 230/332/360 229/331/360 232/334/360 
f 225/327/361 233/329/361 234/327/361 
f 233/329/362 225/327/362 227/329/362 
f 228/335/363 235/336/363 236/337/363 
f 235/336/364 228/335/364 226/338/364 
f 227/329/365 236/330/365 233/329/365 
f 236/330/366 227/329/366 228/330/366 
f 233/329/367 235/328/368 234/327/369 
f 235/328/368 233/329/367 236/330/370 
f 223/339/371 237/323/371 221/340/371 
f 237/323/372 223/339/372 238/325/372 
f 238/325/373 239/326/374 237/323/375 
f 239/326/374 238/325/373 240/324/376 
f 224/341/377 237/323/377 239/342/377 
f 237/323/377 224/341/377 221/340/377 
f 223/339/378 240/343/378 238/325/378 
f 240/343/379 223/339/379 222/344/379 
f 231/345/380 234/327/369 235/328/368 
f 234/327/369 231/345/380 230/334/381 
f 230/332/382 225/327/382 234/346/382 
f 225/327/383 230/332/383 232/334/383 
f 232/334/384 226/328/356 225/327/355 
f 226/328/356 232/334/384 229/347/385 
f 241/348/386 242/349/386 243/350/386 
f 244/351/387 245/352/387 246/353/387 
f 245/352/387 244/351/387 247/354/387 
f 243/355/388 248/356/388 241/357/388 
f 248/356/389 243/355/389 249/358/389 
f 250/359/390 251/360/391 252/361/392 
f 253/362/393 254/363/394 255/364/395 
f 254/363/394 253/362/393 256/365/396 
f 250/359/390 255/364/395 257/366/397 
f 254/363/394 257/366/397 255/364/395 
f 258/367/398 259/368/398 260/369/398 
f 259/368/398 258/367/398 261/370/398 
f 249/371/399 262/372/400 263/373/401 
f 262/372/400 249/371/399 244/374/402 
f 249/375/403 264/376/403 248/377/403 
f 264/376/403 249/375/403 263/378/403 
f 244/374/404 248/379/404 246/380/404 
f 265/349/405 246/380/405 266/381/405 
f 248/371/406 246/380/406 241/350/406 
f 267/382/407 266/381/407 245/383/407 
f 268/384/408 269/385/408 270/386/408 
f 269/385/409 268/384/409 242/349/409 
f 244/374/410 242/349/410 268/384/410 
f 244/374/411 268/384/411 247/383/411 
f 243/350/412 242/349/412 244/374/412 
f 249/371/413 243/350/413 244/374/413 
f 271/382/414 247/383/414 268/384/414 
f 270/349/415 272/387/415 273/388/415 
f 272/387/416 270/349/416 269/389/416 
f 268/384/417 273/390/417 266/381/417 
f 273/390/418 268/384/418 270/386/418 
f 269/389/419 265/388/419 272/387/419 
f 265/388/420 269/389/420 242/349/420 
f 242/349/421 241/348/421 265/388/421 
f 274/391/422 275/392/423 276/393/424 
f 277/393/425 278/394/425 279/395/425 
f 280/391/426 277/393/426 279/395/426 
f 280/391/426 279/395/426 281/392/426 
f 280/391/427 281/392/427 282/396/427 
f 283/396/428 274/391/428 280/391/428 
f 280/391/429 282/396/429 283/396/429 
f 274/397/430 276/398/430 277/399/430 
f 277/399/431 280/400/431 274/397/431 
f 276/398/432 284/401/432 278/402/432 
f 278/402/433 277/399/433 276/398/433 
f 284/394/434 285/395/434 279/395/434 
f 279/395/435 278/394/435 284/394/435 
f 285/403/436 275/404/436 281/405/436 
f 281/405/437 279/406/437 285/403/437 
f 275/404/438 283/407/438 282/408/438 
f 282/408/438 281/405/438 275/404/438 
f 248/379/404 244/374/404 249/371/404 
f 286/409/439 248/379/440 264/410/441 
f 248/379/440 286/409/439 246/380/442 
f 263/373/401 259/370/443 261/368/444 
f 259/370/443 263/373/401 262/372/400 
f 264/376/445 261/411/445 258/412/445 
f 261/411/446 264/376/446 263/378/446 
f 286/409/439 258/368/447 260/370/448 
f 258/368/447 286/409/439 264/410/441 
f 251/360/391 253/362/393 252/361/392 
f 253/362/393 251/360/391 256/365/396 
f 252/361/392 255/364/395 250/359/390 
f 255/364/395 252/361/392 253/362/393 
f 251/360/391 250/359/390 257/366/397 
f 274/391/422 283/396/449 275/392/423 
f 285/395/450 284/394/451 276/393/424 
f 275/392/423 285/395/450 276/393/424 
f 287/413/452 288/414/452 289/415/452 
f 288/414/453 287/413/453 290/416/453 
f 291/417/454 292/418/455 293/419/456 
f 293/419/456 292/418/455 294/420/457 
f 293/419/456 294/420/457 295/421/458 
f 295/421/458 294/420/457 296/422/459 
f 295/421/458 296/422/459 297/423/460 
f 297/423/460 296/422/459 298/424/461 
f 297/423/460 298/424/461 299/425/462 
f 299/425/462 298/424/461 300/426/463 
f 299/425/462 300/426/463 291/417/454 
f 291/417/454 300/426/463 292/418/455 
f 293/427/464 297/428/465 291/429/466 
f 295/430/467 297/428/465 293/427/464 
f 291/429/466 297/428/465 299/431/468 
f 301/432/469 302/433/469 303/434/469 
f 304/435/470 305/436/470 306/437/470 
f 260/370/471 246/380/471 286/409/471 
f 262/372/472 244/374/472 259/370/472 
f 307/438/473 308/439/474 309/440/475 
f 309/440/475 308/439/474 310/441/476 
f 309/440/475 310/441/476 311/442/477 
f 311/442/477 310/441/476 312/443/478 
f 311/442/477 312/443/478 313/444/479 
f 313/444/479 312/443/478 314/445/480 
f 313/423/481 314/424/481 315/425/481 
f 315/446/482 314/445/483 316/447/484 
f 315/446/482 316/447/484 307/438/473 
f 307/438/473 316/447/484 308/439/474 
f 309/448/485 313/449/486 307/450/487 
f 311/451/488 313/449/486 309/448/485 
f 307/450/487 313/449/486 315/452/489 
f 317/453/490 290/416/491 287/413/492 
f 290/416/491 317/453/490 318/454/493 
f 317/455/494 289/415/494 319/456/494 
f 289/415/495 317/455/495 287/413/495 
f 318/414/496 319/413/496 320/416/496 
f 319/413/496 318/414/496 317/415/496 
f 290/416/497 320/457/497 288/414/497 
f 320/457/498 290/416/498 318/458/498 
f 304/459/499 303/460/499 302/461/499 
f 303/460/500 304/459/500 321/462/500 
f 302/433/501 301/432/501 305/463/501 
f 247/383/502 267/382/502 245/383/502 
f 267/382/503 247/383/503 271/382/503 
f 271/354/504 266/353/504 267/352/504 
f 266/353/505 271/354/505 268/351/505 
f 266/381/506 273/390/506 272/464/506 
f 272/464/507 265/349/507 266/381/507 
f 241/350/508 246/380/508 265/349/508 
f 246/380/509 245/383/509 266/381/509 
f 305/436/510 304/435/510 302/465/510 
f 321/466/511 306/467/511 322/468/511 
f 303/465/512 322/437/512 301/436/512 
f 322/437/513 303/465/513 321/435/513 
f 304/469/514 306/467/514 321/466/514 
f 301/470/515 306/471/515 305/472/515 
f 306/471/516 301/470/516 322/473/516 
f 323/474/517 324/475/517 325/476/517 
f 324/475/518 323/474/518 326/477/518 
f 327/474/519 328/475/519 329/477/519 
f 328/475/520 327/474/520 330/476/520 
f 329/478/521 324/475/521 326/477/521 
f 324/475/521 329/478/521 328/479/521 
f 330/479/522 323/477/522 325/475/522 
f 323/477/522 330/479/522 327/478/522 
f 328/480/523 325/481/523 324/482/523 
f 325/481/524 328/480/524 330/483/524 
# 0 polygons - 164 triangles

#
# object Mesh_1634
#

v  0.6688 0.0000 0.5475
v  0.6171 0.0000 0.5429
v  0.6267 0.0000 0.4322
v  0.6785 0.0000 0.4367
v  0.7778 1.8455 0.3903
v  0.6315 1.8455 0.3775
v  0.7634 1.8455 0.5557
v  0.6171 1.8455 0.5429
v  4.5463 0.0000 -1.0065
v  4.5980 0.0000 -1.0020
v  4.5893 0.0000 -0.9022
v  4.5375 0.0000 -0.9068
v  4.4373 1.8455 -0.8493
v  4.5836 1.8455 -0.8365
v  4.4518 1.8455 -1.0148
v  4.5980 1.8455 -1.0020
v  4.3819 0.0000 0.8723
v  4.3916 0.0000 0.7616
v  4.4433 0.0000 0.7661
v  4.4337 0.0000 0.8769
v  4.3018 1.8455 0.6986
v  4.4481 1.8455 0.7114
v  4.2874 1.8455 0.8641
v  4.4337 1.8455 0.8769
v  0.8332 0.0000 -1.3314
v  0.8245 0.0000 -1.2316
v  0.7727 0.0000 -1.2361
v  0.7814 0.0000 -1.3359
v  0.9133 1.8455 -1.1577
v  0.7670 1.8455 -1.1704
v  0.9277 1.8455 -1.3231
v  0.7814 1.8455 -1.3359
v  0.5696 1.9140 0.5863
v  4.4779 1.9140 0.9282
v  4.6516 1.9140 -1.0575
v  0.7433 1.9140 -1.3994
v  0.5696 1.8480 0.5863
v  0.7433 1.8480 -1.3994
v  4.6516 1.8480 -1.0575
v  4.4779 1.8480 0.9282
v  0.8308 1.8480 -1.2771
v  4.5558 1.8480 -0.9512
v  4.5558 1.7160 -0.9512
v  0.8308 1.7160 -1.2771
v  0.6766 1.8480 0.4851
v  0.6766 1.7160 0.4851
v  4.4016 1.8480 0.8110
v  4.4016 1.7160 0.8110
v  4.3563 1.7160 0.7330
v  4.4976 1.7160 -0.8823
v  0.8762 1.7160 -1.1992
v  0.7348 1.7160 0.4162
v  4.3563 1.8480 0.7330
v  4.4976 1.8480 -0.8823
v  0.7348 1.8480 0.4162
v  0.8762 1.8480 -1.1992
# 56 vertices

vn 0.0000 -1.0000 0.0000
vn 0.0871 -0.0298 -0.9958
vn 0.9941 -0.0652 0.0870
vn -0.0872 0.0000 0.9962
vn -0.9962 -0.0000 -0.0872
vn -0.0871 -0.0357 0.9956
vn -0.9941 -0.0652 -0.0870
vn 0.0872 0.0000 -0.9962
vn 0.9962 0.0000 0.0872
vn 0.0000 1.0000 0.0000
vn -0.0000 -1.0000 -0.0000
vn -0.0000 -1.0000 0.0000
# 12 vertex normals

vt 0.4550 0.2883 0.0000
vt 0.4354 0.2883 0.0000
vt 0.0133 0.5154 0.0000
vt 0.6276 0.4780 0.0000
vt 0.6276 0.4576 0.0000
vt 0.0133 0.4576 0.0000
vt 0.6228 0.5854 0.0000
vt 0.0084 0.5854 0.0000
vt 0.0084 0.5650 0.0000
vt 0.6228 0.5393 0.0000
vt 0.0100 0.6622 0.0000
vt 0.9927 0.6622 0.0000
vt 0.9927 0.9983 0.0000
vt 0.0100 0.9983 0.0000
vt 0.9863 0.9962 0.0000
vt 0.9863 0.6746 0.0000
vt 0.0149 0.6746 0.0000
vt 0.0149 0.9962 0.0000
vt 0.9290 0.5501 0.0000
vt 0.9290 0.6011 0.0000
vt 0.0166 0.6011 0.0000
vt 0.0166 0.5501 0.0000
vt 0.0145 0.6146 0.0000
vt 0.0145 0.6522 0.0000
vt 0.9262 0.6522 0.0000
vt 0.9262 0.6146 0.0000
vt 0.9817 0.9498 0.0000
vt 0.0099 0.9498 0.0000
vt 0.0099 0.9049 0.0000
vt 0.9817 0.9049 0.0000
vt 0.0021 0.9131 0.0000
vt 0.9023 0.9131 0.0000
vt 0.9023 0.8084 0.0000
vt 0.0021 0.8084 0.0000
vt 0.0099 0.7861 0.0000
vt 0.9817 0.7861 0.0000
vt 0.9817 0.7298 0.0000
vt 0.0099 0.7298 0.0000
vt 0.0069 0.9982 0.0000
vt 0.0069 0.6750 0.0000
vt 0.9895 0.6750 0.0000
vt 0.9895 0.9982 0.0000
vt 0.1534 0.5728 0.0000
vt 0.6543 0.5728 0.0000
vt 0.6543 0.5204 0.0000
vt 0.1534 0.5204 0.0000
vt 0.9919 0.9598 0.0000
vt 0.0045 0.9598 0.0000
vt 0.0045 0.9190 0.0000
vt 0.9919 0.9190 0.0000
# 50 texture coords

g Mesh_1634
usemtl Material__5129
s 1
f 331/484/525 332/485/525 333/485/525 
s 2
f 333/485/525 334/484/525 331/484/525 
s 3
f 335/486/526 334/487/526 333/488/526 
s 4
f 333/488/526 336/489/526 335/486/526 
s 5
f 337/490/527 331/491/527 334/492/527 
s 6
f 334/492/527 335/493/527 337/490/527 
s 7
f 338/489/528 332/488/528 331/487/528 
s 8
f 331/487/528 337/486/528 338/489/528 
s 9
f 336/493/529 333/492/529 332/491/529 
s 10
f 332/491/529 338/490/529 336/493/529 
s 11
f 339/484/525 340/485/525 341/485/525 
s 12
f 341/485/525 342/484/525 339/484/525 
s 13
f 343/486/530 342/487/530 341/488/530 
s 14
f 341/488/530 344/489/530 343/486/530 
s 15
f 345/490/531 339/491/531 342/492/531 
s 16
f 342/492/531 343/493/531 345/490/531 
s 17
f 346/489/532 340/488/532 339/487/532 
s 18
f 339/487/532 345/486/532 346/489/532 
s 19
f 344/493/533 341/492/533 340/491/533 
s 20
f 340/491/533 346/490/533 344/493/533 
s 21
f 347/484/525 348/484/525 349/485/525 
s 22
f 349/485/525 350/485/525 347/484/525 
s 23
f 351/486/526 352/489/526 349/488/526 
s 24
f 349/488/526 348/487/526 351/486/526 
s 25
f 353/490/531 351/493/531 348/492/531 
s 26
f 348/492/531 347/491/531 353/490/531 
s 27
f 354/489/528 353/486/528 347/487/528 
s 28
f 347/487/528 350/488/528 354/489/528 
s 29
f 352/493/533 354/490/533 350/491/533 
s 30
f 350/491/533 349/492/533 352/493/533 
s 31
f 355/484/525 356/484/525 357/485/525 
s 32
f 357/485/525 358/485/525 355/484/525 
s 33
f 359/486/530 360/489/530 357/488/530 
s 34
f 357/488/530 356/487/530 359/486/530 
s 35
f 361/490/527 359/493/527 356/492/527 
s 36
f 356/492/527 355/491/527 361/490/527 
s 37
f 362/489/532 361/486/532 355/487/532 
s 38
f 355/487/532 358/488/532 362/489/532 
s 39
f 360/493/529 362/490/529 358/491/529 
s 40
f 358/491/529 357/492/529 360/493/529 
s 1
f 363/494/534 364/495/534 365/496/534 
s 2
f 365/496/534 366/497/534 363/494/534 
s 3
f 367/498/525 368/499/525 369/500/525 
s 4
f 369/500/525 370/501/525 367/498/525 
s 5
f 368/502/532 366/503/532 365/504/532 
s 6
f 365/504/532 369/505/532 368/502/532 
s 7
f 367/506/529 363/507/529 366/508/529 
s 8
f 366/508/529 368/509/529 367/506/529 
s 9
f 370/505/528 364/504/528 363/503/528 
s 10
f 363/503/528 367/502/528 370/505/528 
s 11
f 369/509/533 365/508/533 364/507/533 
s 12
f 364/507/533 370/506/533 369/509/533 
s 13
f 371/510/532 372/511/532 373/512/532 
s 14
f 373/512/532 374/513/532 371/510/532 
s 15
f 375/514/529 371/515/529 374/516/529 
s 16
f 374/516/529 376/517/529 375/514/529 
s 17
f 377/518/528 375/519/528 376/520/528 
s 18
f 376/520/528 378/521/528 377/518/528 
s 19
f 372/515/533 377/514/533 378/517/533 
s 20
f 378/517/533 373/516/533 372/515/533 
s 21
f 379/522/525 380/523/525 373/516/525 
s 22
f 373/516/525 378/517/525 379/522/525 
s 23
f 380/523/535 381/524/536 374/513/536 
s 24
f 374/513/536 373/512/535 380/523/535 
s 25
f 381/524/525 382/525/525 376/517/525 
s 26
f 376/517/525 374/516/525 381/524/525 
s 27
f 382/525/535 379/522/536 378/521/536 
s 28
f 378/521/536 376/520/535 382/525/535 
s 29
f 383/526/529 384/527/529 380/528/529 
s 30
f 380/528/529 379/529/529 383/526/529 
s 31
f 385/530/532 383/531/532 379/532/532 
s 32
f 379/532/532 382/533/532 385/530/532 
s 33
f 386/527/533 385/526/533 382/529/533 
s 34
f 382/529/533 381/528/533 386/527/533 
s 35
f 384/531/528 386/530/528 381/533/528 
s 36
f 381/533/528 380/532/528 384/531/528 
# 0 polygons - 76 triangles

#
# object Object088
#

v  -0.9371 2.0794 -1.1251
v  -0.7385 1.8924 -0.1903
v  -0.9344 1.9253 -1.1311
v  -0.9022 1.8884 -0.1566
v  -1.0980 1.9213 -1.0973
v  -1.1006 2.0751 -1.0912
v  -0.9048 2.0424 -0.1504
v  -0.7412 2.0464 -0.1845
v  -1.0589 1.9355 -0.0445
v  -1.1141 1.9836 -0.1305
v  -1.1133 1.9379 -0.1323
v  -1.0598 1.9812 -0.0428
v  -0.9070 1.9848 -0.1745
v  -0.9196 1.9872 -0.2377
v  -0.9190 1.9495 -0.2391
v  -0.9063 1.9474 -0.1760
v  -1.1038 2.0535 -0.5340
v  -1.0577 1.8923 -0.3316
v  -1.0605 2.0464 -0.3258
v  -1.1011 1.8996 -0.5399
v  -0.9461 2.0493 -0.3493
v  -0.9896 2.0565 -0.5578
v  -0.9870 1.9026 -0.5636
v  -0.9435 1.8953 -0.3554
v  -1.2000 2.0285 -0.4975
v  -1.1616 1.9122 -0.3266
v  -1.1634 2.0225 -0.3225
v  -1.1980 1.9185 -0.5017
v  -1.0617 2.0250 -0.3435
v  -1.0982 2.0313 -0.5186
v  -1.0962 1.9210 -0.5229
v  -1.0599 1.9150 -0.3478
v  -1.0382 1.9363 -0.5517
v  -1.1508 2.0387 -1.0821
v  -1.1493 1.9550 -1.0854
v  -1.0397 2.0201 -0.5487
v  -1.0117 1.9553 -1.2038
v  -0.9597 2.0009 -1.1250
v  -0.9942 1.9523 -1.1195
v  -0.9773 2.0038 -1.2092
v  -1.0691 1.9719 -1.1911
v  -1.0514 1.9690 -1.1070
v  -1.0700 2.0309 -1.1890
v  -1.0525 2.0279 -1.1047
v  -1.0133 2.0506 -1.1999
v  -0.9958 2.0476 -1.1158
v  -1.0566 1.9456 -1.4582
v  -0.9536 2.0044 -1.2135
v  -1.0039 1.9368 -1.2055
v  -1.0158 2.0148 -1.5121
v  -1.1293 1.9669 -1.3871
v  -1.0878 1.9600 -1.1873
v  -1.1307 2.0489 -1.3838
v  -1.0892 2.0419 -1.1841
v  -1.0589 2.0784 -1.4532
v  -1.0062 2.0694 -1.2004
v  -0.7127 1.9286 -0.3210
v  -0.7425 2.0262 -0.4520
v  -0.7142 2.0215 -0.3173
v  -0.7407 1.9331 -0.4555
v  -0.7691 1.9177 -0.4638
v  -0.7564 1.8953 -0.2757
v  -0.7946 1.9019 -0.4592
v  -0.8181 2.0593 -0.5535
v  -0.7901 1.9213 -0.5646
v  -0.8155 1.9055 -0.5601
v  -0.7922 2.0449 -0.5598
v  -0.7712 2.0414 -0.4589
v  -0.7971 2.0557 -0.4526
v  -0.7589 2.0494 -0.2692
v  -0.8105 1.9449 -0.7902
v  -0.8349 2.0419 -0.8971
v  -0.8121 2.0380 -0.7867
v  -0.8336 1.9488 -0.9007
v  -0.8544 1.9118 -0.7447
v  -0.8848 1.9169 -0.8911
v  -0.8875 2.0710 -0.8852
v  -0.8571 2.0659 -0.7388
v  -0.7119 1.9479 -0.2578
v  -0.8233 2.0153 -0.7849
v  -0.7128 1.9968 -0.2558
v  -0.8224 1.9663 -0.7868
v  -0.7527 1.9467 -0.2492
v  -0.8632 1.9653 -0.7783
v  -0.8640 2.0144 -0.7763
v  -0.7534 1.9958 -0.2474
v  -0.8754 2.0103 -0.1586
v  -0.8495 1.9167 -0.0454
v  -0.8510 2.0061 -0.0421
v  -0.8737 1.9208 -0.1621
v  -0.6899 2.0003 0.1832
v  -0.7308 1.9179 -0.0244
v  -0.7324 2.0073 -0.0212
v  -0.6882 1.9108 0.1797
v  -0.7855 2.0054 -0.1774
v  -0.7573 1.9257 -0.0521
v  -0.7842 1.9301 -0.1803
v  -0.7587 2.0010 -0.0492
v  -0.8799 1.9954 0.2225
v  -0.8783 1.9060 0.2192
# 100 vertices

vn 0.4373 0.6113 -0.6597
vn 0.6925 -0.5824 0.4256
vn 0.4576 -0.5430 -0.7042
vn -0.4385 -0.6110 0.6591
vn -0.3381 -0.7116 -0.6159
vn -0.3637 0.7452 -0.5589
vn -0.4571 0.5429 0.7045
vn 0.6731 0.5713 0.4697
vn -0.1103 -0.6071 0.7869
vn -0.7968 0.5746 -0.1870
vn -0.7767 -0.5857 -0.2315
vn -0.1326 0.5423 0.8296
vn 0.3956 0.7799 0.4850
vn -0.3781 0.6447 -0.6643
vn -0.3546 -0.6036 -0.7141
vn 0.4269 -0.7989 0.4236
vn -0.6932 0.5817 -0.4255
vn -0.4369 -0.6111 0.6601
vn -0.4580 0.5429 0.7038
vn -0.6726 -0.5719 -0.4695
vn -0.4594 0.5415 0.7041
vn -0.3648 0.8554 -0.3678
vn -0.3343 -0.8369 -0.4334
vn -0.4366 -0.6113 0.6601
vn -0.6934 0.5816 -0.4255
vn -0.4371 -0.6107 0.6603
vn -0.4566 0.5440 0.7040
vn -0.6729 -0.5712 -0.4702
vn 0.1310 0.6818 0.7197
vn -0.1579 0.7314 -0.6635
vn -0.1323 -0.6820 -0.7193
vn 0.1579 -0.7299 0.6651
vn -0.8565 -0.4903 0.1612
vn -0.8134 0.3730 -0.4462
vn -0.8005 -0.3654 -0.4750
vn -0.8733 0.4455 0.1974
vn 0.3174 -0.9431 -0.0996
vn 0.9787 0.0255 -0.2034
vn 0.3158 -0.9437 -0.0985
vn 0.9789 0.0240 -0.2034
vn -0.7785 -0.6114 0.1418
vn -0.7782 -0.6120 0.1415
vn -0.7989 0.5715 0.1872
vn -0.7999 0.5705 0.1865
vn 0.2820 0.9591 -0.0248
vn 0.2823 0.9590 -0.0251
vn -0.0807 -0.7736 -0.6285
vn 0.9100 -0.0000 0.4146
vn 0.3713 -0.7765 0.5091
vn 0.3216 0.0415 -0.9459
vn -0.8299 -0.5073 -0.2322
vn -0.5025 -0.5170 0.6930
vn -0.8479 0.4941 -0.1925
vn -0.5194 0.4435 0.7304
vn -0.1085 0.8163 -0.5673
vn 0.3445 0.7476 0.5678
vn 0.9022 -0.3953 0.1728
vn 0.7003 0.4319 -0.5683
vn 0.8881 0.4128 0.2026
vn 0.7150 -0.3655 -0.5960
vn 0.6985 -0.6278 -0.3433
vn 0.7736 -0.5174 0.3659
vn 0.5042 -0.8529 -0.1354
vn 0.2757 0.7537 -0.5966
vn 0.5555 -0.3559 -0.7515
vn 0.3092 -0.6878 -0.6568
vn 0.5345 0.4353 -0.7244
vn 0.6745 0.6785 -0.2911
vn 0.4707 0.8798 -0.0667
vn 0.7572 0.5108 0.4072
vn 0.9009 -0.3975 0.1741
vn 0.5412 0.4344 -0.7200
vn 0.8866 0.4143 0.2059
vn 0.5530 -0.3582 -0.7523
vn 0.7729 -0.5164 0.3689
vn 0.3078 -0.6909 -0.6542
vn 0.2798 0.7497 -0.5997
vn 0.7540 0.5138 0.4092
vn 0.6950 -0.5804 0.4245
vn 0.6813 0.7226 -0.1171
vn 0.6721 0.5713 0.4710
vn 0.7044 -0.6887 -0.1714
vn 0.1596 -0.7319 0.6625
vn 0.0165 -0.9991 -0.0385
vn -0.0142 0.9992 0.0379
vn 0.1325 0.6817 0.7195
vn -0.6782 0.7158 0.1663
vn -0.6376 -0.7701 -0.0193
vn -0.6641 0.7465 0.0404
vn -0.6518 -0.7506 0.1089
vn 0.6720 0.5718 0.4705
vn 0.6671 -0.6307 -0.3967
vn 0.6449 0.6805 -0.3481
vn 0.6934 -0.5818 0.4250
vn 0.7064 0.6968 -0.1239
vn 0.5998 -0.6604 -0.4518
vn 0.7294 -0.6610 -0.1758
vn 0.5728 0.7171 -0.3971
vn -0.5659 0.5288 0.6326
vn -0.5453 -0.5952 0.5904
# 100 vertex normals

vt 0.9929 0.3745 0.0000
vt 0.9210 0.0471 0.0000
vt 0.9210 0.3745 0.0000
vt 0.8913 0.0137 0.0000
vt 0.8225 0.3410 0.0000
vt 0.8225 0.0137 0.0000
vt 0.8913 0.3410 0.0000
vt 0.9210 0.4327 0.0000
vt 0.9929 0.4327 0.0000
vt 0.9929 0.0106 0.0000
vt 0.9929 0.0471 0.0000
vt 0.9210 0.0106 0.0000
vt 0.7053 0.2393 0.0000
vt 0.6669 0.2275 0.0000
vt 0.7208 0.1742 0.0000
vt 0.7010 0.1606 0.0000
vt 0.9210 0.1160 0.0000
vt 0.9929 0.1160 0.0000
vt 0.7747 0.1990 0.0000
vt 0.8225 0.2716 0.0000
vt 0.8225 0.1990 0.0000
vt 0.7747 0.2716 0.0000
vt 0.7741 0.2753 0.0000
vt 0.8194 0.3348 0.0000
vt 0.8194 0.2753 0.0000
vt 0.7741 0.3348 0.0000
vt 0.8305 0.3819 0.0000
vt 0.8733 0.4427 0.0000
vt 0.8305 0.4427 0.0000
vt 0.8733 0.3819 0.0000
vt 0.9167 0.4427 0.0000
vt 0.9167 0.3819 0.0000
vt 0.8739 0.3441 0.0000
vt 0.9167 0.3441 0.0000
vt 0.8739 0.3819 0.0000
vt 0.8733 0.3441 0.0000
vt 0.7574 0.1990 0.0000
vt 0.7964 0.0137 0.0000
vt 0.7574 0.0137 0.0000
vt 0.7964 0.1990 0.0000
vt 0.9372 0.4507 0.0000
vt 0.9768 0.4507 0.0000
vt 0.8460 0.3447 0.0000
vt 0.8714 0.3745 0.0000
vt 0.8460 0.3745 0.0000
vt 0.8714 0.3447 0.0000
vt 0.8212 0.3447 0.0000
vt 0.8212 0.3745 0.0000
vt 0.6991 0.3156 0.0000
vt 0.6675 0.2418 0.0000
vt 0.6991 0.2418 0.0000
vt 0.6675 0.3249 0.0000
vt 0.7307 0.3137 0.0000
vt 0.7307 0.2418 0.0000
vt 0.8987 0.4451 0.0000
vt 0.8752 0.4737 0.0000
vt 0.8987 0.5015 0.0000
vt 0.9229 0.5332 0.0000
vt 0.9626 0.4873 0.0000
vt 0.9626 0.5437 0.0000
vt 0.9229 0.4978 0.0000
vt 0.9867 0.5152 0.0000
vt 0.9378 0.4910 0.0000
vt 0.9378 0.4557 0.0000
vt 0.8204 0.4737 0.0000
vt 0.7702 0.5170 0.0000
vt 0.8204 0.5170 0.0000
vt 0.7702 0.4737 0.0000
vt 0.9043 0.2474 0.0000
vt 0.8913 0.3112 0.0000
vt 0.8913 0.2474 0.0000
vt 0.9173 0.2517 0.0000
vt 0.9173 0.2988 0.0000
vt 0.7194 0.5313 0.0000
vt 0.7274 0.4662 0.0000
vt 0.7187 0.4594 0.0000
vt 0.7274 0.5245 0.0000
vt 0.8415 0.5313 0.0000
vt 0.8415 0.4594 0.0000
vt 0.7603 0.4662 0.0000
vt 0.7603 0.5245 0.0000
vt 0.9043 0.2120 0.0000
vt 0.8913 0.2120 0.0000
vt 0.9353 0.1110 0.0000
vt 0.9787 0.1457 0.0000
vt 0.9787 0.1110 0.0000
vt 0.9353 0.1457 0.0000
vt 0.8913 0.1482 0.0000
vt 0.9173 0.0967 0.0000
vt 0.9173 0.1352 0.0000
vt 0.8913 0.0967 0.0000
vt 0.9210 0.1624 0.0000
vt 0.9929 0.1624 0.0000
vt 0.9929 0.0905 0.0000
vt 0.9210 0.0905 0.0000
vt 0.7357 0.2021 0.0000
vt 0.7561 0.3081 0.0000
vt 0.7561 0.2021 0.0000
vt 0.7357 0.3081 0.0000
vt 0.7716 0.2021 0.0000
vt 0.7555 0.3081 0.0000
vt 0.7555 0.2021 0.0000
vt 0.7716 0.3081 0.0000
vt 0.7543 0.1321 0.0000
vt 0.7196 0.0936 0.0000
vt 0.7543 0.0936 0.0000
vt 0.7196 0.1321 0.0000
vt 0.7543 0.0788 0.0000
vt 0.7196 0.1445 0.0000
vt 0.7543 0.1445 0.0000
vt 0.7196 0.0788 0.0000
vt 0.7518 0.1984 0.0000
vt 0.7220 0.1569 0.0000
vt 0.7220 0.1984 0.0000
vt 0.7518 0.1569 0.0000
vt 0.7778 0.3633 0.0000
vt 0.7344 0.3490 0.0000
vt 0.7698 0.3528 0.0000
vt 0.7698 0.3106 0.0000
vt 0.7344 0.3106 0.0000
vt 0.7778 0.4309 0.0000
vt 0.7022 0.4309 0.0000
vt 0.7543 0.0124 0.0000
vt 0.7196 0.0124 0.0000
vt 0.7357 0.2158 0.0000
vt 0.7561 0.2015 0.0000
vt 0.7357 0.2015 0.0000
vt 0.7561 0.2158 0.0000
# 128 texture coords

g Object088
usemtl Material__5129
s 1
f 387/534/537 388/535/538 389/536/539 
f 389/537/539 390/538/540 391/539/541 
f 390/538/540 389/537/539 388/540/538 
f 391/541/541 387/534/537 389/536/539 
f 387/534/537 391/541/541 392/542/542 
f 393/538/543 387/537/537 392/539/542 
f 387/537/537 393/538/543 394/540/544 
f 393/543/543 388/535/538 394/544/544 
f 388/535/538 393/543/543 390/545/540 
f 395/546/545 396/547/546 397/547/547 
f 396/547/546 395/546/545 398/546/548 
f 399/548/549 396/547/546 398/546/548 
f 396/547/546 399/548/549 400/549/550 
f 400/549/550 397/547/547 396/547/546 
f 397/547/547 400/549/550 401/549/551 
f 401/549/551 395/546/545 397/547/547 
f 395/546/545 401/549/551 402/548/552 
f 402/548/552 398/546/548 395/546/545 
f 398/546/548 402/548/552 399/548/549 
f 403/544/553 404/550/554 405/535/555 
f 404/550/554 403/544/553 406/551/556 
f 403/552/553 407/553/557 408/554/558 
f 407/553/557 403/552/553 405/555/555 
f 406/556/556 408/557/558 409/558/559 
f 408/557/558 406/556/556 403/559/553 
f 404/555/554 409/554/559 410/553/560 
f 409/554/559 404/555/554 406/552/556 
f 405/559/555 410/558/560 407/557/557 
f 410/558/560 405/559/555 404/556/554 
f 411/560/561 412/561/562 413/562/563 
f 412/561/562 411/560/561 414/563/564 
f 411/563/561 415/564/565 416/565/566 
f 415/564/565 411/563/561 413/561/563 
f 414/566/564 416/565/566 417/567/567 
f 416/565/566 414/566/564 411/568/561 
f 412/561/562 417/565/567 418/564/568 
f 417/565/567 412/561/562 414/563/564 
f 413/563/563 418/567/568 415/565/565 
f 418/567/568 413/563/563 412/569/562 
f 419/570/569 420/571/570 421/572/571 
f 420/571/570 419/570/569 422/573/572 
f 421/574/571 392/542/542 391/541/541 
f 392/542/542 421/574/571 420/575/570 
f 419/573/569 391/539/541 409/554/559 
f 388/535/538 387/534/537 394/544/544 
f 391/539/541 419/573/569 421/571/571 
f 420/571/570 408/554/558 392/539/542 
f 408/554/558 420/571/570 422/573/572 
f 423/576/573 424/577/574 425/578/575 
f 424/577/574 423/576/573 426/579/576 
f 427/580/577 425/578/575 428/581/578 
f 425/578/575 427/580/577 423/576/573 
f 429/580/579 428/581/578 430/581/580 
f 428/581/578 429/580/579 427/580/577 
f 431/576/581 430/581/580 432/578/582 
f 430/581/580 431/576/581 429/580/579 
f 426/579/576 432/578/582 424/577/574 
f 432/578/582 426/579/576 431/576/581 
f 433/582/583 434/583/584 435/584/585 
f 434/583/584 433/582/583 436/585/586 
f 437/586/587 435/584/585 438/587/588 
f 435/584/585 437/586/587 433/582/583 
f 439/586/589 438/587/588 440/587/590 
f 438/587/588 439/586/589 437/586/587 
f 441/582/591 440/587/590 442/584/592 
f 440/587/590 441/582/591 439/586/589 
f 436/585/586 442/584/592 434/583/584 
f 442/584/592 436/585/586 441/582/591 
f 441/588/591 436/589/586 433/590/583 
f 440/591/590 435/592/585 442/593/592 
f 435/592/585 440/591/590 438/594/588 
f 442/593/592 435/592/585 434/595/584 
f 441/588/591 437/596/587 439/597/589 
f 437/596/587 441/588/591 433/590/583 
f 443/598/593 444/599/594 445/600/595 
f 444/599/594 443/598/593 446/601/596 
f 447/602/597 448/603/598 449/604/599 
f 446/605/596 448/603/598 447/602/597 
f 443/606/593 448/603/598 446/605/596 
f 450/607/600 451/608/601 452/609/602 
f 451/608/601 450/607/600 453/610/603 
f 454/602/604 445/606/595 444/605/594 
f 455/604/605 445/606/595 454/602/604 
f 456/603/606 445/606/595 455/604/605 
f 456/611/606 443/598/593 445/600/595 
f 443/598/593 456/611/606 448/612/598 
f 444/599/594 447/613/597 454/614/604 
f 447/613/597 444/599/594 446/601/596 
f 455/604/605 453/615/603 450/616/600 
f 453/615/603 455/604/605 454/602/604 
f 454/614/604 451/608/601 453/610/603 
f 447/602/597 452/616/602 451/615/601 
f 452/616/602 447/602/597 449/604/599 
f 457/617/607 458/618/608 459/619/609 
f 458/618/608 457/617/607 460/620/610 
f 461/621/611 460/622/610 457/623/607 
f 460/622/610 461/621/611 462/624/612 
f 462/625/612 458/618/608 460/620/610 
f 458/618/608 462/625/612 463/626/613 
f 463/624/613 459/623/609 458/622/608 
f 459/623/609 463/624/613 464/621/614 
f 464/627/614 457/617/607 459/619/609 
f 457/617/607 464/627/614 461/628/611 
f 465/629/615 466/630/616 467/631/617 
f 466/630/616 465/629/615 468/632/618 
f 469/633/619 468/634/618 465/635/615 
f 468/634/618 469/633/619 470/636/620 
f 471/636/621 467/631/617 466/630/616 
f 467/631/617 471/636/621 472/633/622 
f 473/637/623 474/638/624 475/639/625 
f 474/638/624 473/637/623 476/640/626 
f 477/641/627 478/642/628 479/643/629 
f 478/642/628 477/641/627 480/644/630 
f 481/645/631 482/646/632 483/647/633 
f 482/646/632 481/645/631 484/648/634 
f 478/649/628 474/650/624 482/651/632 
f 483/652/633 474/650/624 476/653/626 
f 474/650/624 483/652/633 482/651/632 
f 484/651/634 473/653/623 475/650/625 
f 473/653/623 484/651/634 481/652/631 
f 477/654/627 475/650/625 485/655/635 
f 475/650/625 477/654/627 479/649/629 
f 480/644/630 485/656/635 486/657/636 
f 485/656/635 480/644/630 477/641/627 
f 486/657/636 475/639/625 474/638/624 
f 475/639/625 486/657/636 485/656/635 
f 479/643/629 482/646/632 484/648/634 
f 482/646/632 479/643/629 478/642/628 
f 486/655/636 478/649/628 480/654/630 
f 478/649/628 486/655/636 474/650/624 
f 475/650/625 479/649/629 484/651/634 
f 390/535/540 407/551/557 410/550/560 
f 407/551/557 390/535/540 393/544/543 
f 472/658/622 465/659/615 467/660/617 
f 465/659/615 472/658/622 469/661/619 
f 451/608/601 454/614/604 447/613/597 
# 0 polygons - 136 triangles

#
# object Object089
#

v  -1.5088 2.0794 -1.0399
v  -1.2294 1.8924 -0.1259
v  -1.5066 1.9253 -1.0460
v  -1.3896 1.8884 -0.0780
v  -1.6666 1.9213 -0.9981
v  -1.6687 2.0751 -0.9918
v  -1.3916 2.0424 -0.0717
v  -1.2316 2.0464 -0.1199
v  -1.5359 1.9355 0.0473
v  -1.5984 1.9836 -0.0336
v  -1.5977 1.9379 -0.0354
v  -1.5367 1.9812 0.0491
v  -1.3959 1.9848 -0.0955
v  -1.4140 1.9872 -0.1573
v  -1.4135 1.9495 -0.1588
v  -1.3954 1.9474 -0.0970
v  -1.6233 2.0535 -0.4365
v  -1.5598 1.8923 -0.2389
v  -1.5620 2.0464 -0.2328
v  -1.6211 1.8996 -0.4425
v  -1.4501 2.0493 -0.2662
v  -1.5116 2.0565 -0.4701
v  -1.5095 1.9026 -0.4762
v  -1.4481 1.8953 -0.2725
v  -1.7160 2.0285 -0.3918
v  -1.6629 1.9122 -0.2248
v  -1.6642 2.0225 -0.2206
v  -1.7144 1.9185 -0.3961
v  -1.5648 2.0250 -0.2504
v  -1.6164 2.0313 -0.4216
v  -1.6148 1.9210 -0.4261
v  -1.5633 1.9150 -0.2548
v  -1.5595 1.9363 -0.4598
v  -1.7179 2.0387 -0.9784
v  -1.7167 1.9550 -0.9818
v  -1.5607 2.0201 -0.4567
v  -1.5899 1.9553 -1.1117
v  -1.5313 2.0009 -1.0378
v  -1.5652 1.9523 -1.0293
v  -1.5562 2.0038 -1.1201
v  -1.6460 1.9719 -1.0941
v  -1.6211 1.9690 -1.0119
v  -1.6468 2.0309 -1.0919
v  -1.6220 2.0279 -1.0094
v  -1.5913 2.0506 -1.1077
v  -1.5664 2.0476 -1.0255
v  -1.6568 1.9456 -1.3613
v  -1.5329 2.0044 -1.1265
v  -1.5823 1.9368 -1.1141
v  -1.6209 2.0148 -1.4185
v  -1.7231 1.9669 -1.2841
v  -1.6643 1.9600 -1.0887
v  -1.7242 2.0489 -1.2807
v  -1.6655 2.0419 -1.0854
v  -1.6587 2.0784 -1.3560
v  -1.5842 2.0694 -1.1088
v  -1.2152 1.9286 -0.2583
v  -1.2562 2.0262 -0.3863
v  -1.2163 2.0215 -0.2545
v  -1.2548 1.9331 -0.3899
v  -1.2838 1.9177 -0.3957
v  -1.2547 1.8953 -0.2094
v  -1.3088 1.9019 -0.3889
v  -1.3404 2.0593 -0.4808
v  -1.3135 1.9213 -0.4943
v  -1.3384 1.9055 -0.4875
v  -1.3152 2.0449 -0.4893
v  -1.2854 2.0414 -0.3907
v  -1.3107 2.0557 -0.3821
v  -1.2566 2.0494 -0.2027
v  -1.3535 1.9449 -0.7173
v  -1.3871 2.0419 -0.8216
v  -1.3548 2.0380 -0.7136
v  -1.3861 1.9488 -0.8253
v  -1.3932 1.9118 -0.6681
v  -1.4362 1.9169 -0.8113
v  -1.4384 2.0710 -0.8052
v  -1.3954 2.0659 -0.6620
v  -1.2088 1.9479 -0.1954
v  -1.3658 2.0153 -0.7109
v  -1.2096 1.9968 -0.1934
v  -1.3650 1.9663 -0.7128
v  -1.2487 1.9467 -0.1834
v  -1.4050 1.9653 -0.7008
v  -1.4056 2.0144 -0.6988
v  -1.2493 1.9958 -0.1815
v  -1.3631 2.0103 -0.0823
v  -1.3274 1.9167 0.0281
v  -1.3286 2.0061 0.0315
v  -1.3617 1.9208 -0.0860
v  -1.1485 2.0003 0.2420
v  -1.2074 1.9179 0.0387
v  -1.2086 2.0073 0.0420
v  -1.1471 1.9108 0.2383
v  -1.2752 2.0054 -0.1090
v  -1.2362 1.9257 0.0134
v  -1.2741 1.9301 -0.1120
v  -1.2373 2.0010 0.0165
v  -1.3344 1.9954 0.2977
v  -1.3330 1.9060 0.2942
# 100 vertices

vn 0.3781 0.6113 -0.6953
vn 0.7270 -0.5824 0.3636
vn 0.3945 -0.5430 -0.7414
vn -0.3794 -0.6110 0.6948
vn -0.3905 -0.7116 -0.5841
vn -0.4110 0.7452 -0.5251
vn -0.3940 0.5429 0.7416
vn 0.7115 0.5713 0.4092
vn -0.0413 -0.6071 0.7935
vn -0.8100 0.5746 -0.1168
vn -0.7939 -0.5857 -0.1630
vn -0.0597 0.5423 0.8380
vn 0.4364 0.7799 0.4486
vn -0.4346 0.6447 -0.6289
vn -0.4155 -0.6036 -0.6805
vn 0.4622 -0.7989 0.3848
vn -0.7277 0.5817 -0.3635
vn -0.3777 -0.6111 0.6957
vn -0.3950 0.5429 0.7411
vn -0.7109 -0.5719 -0.4091
vn -0.3963 0.5415 0.7414
vn -0.3955 0.8554 -0.3346
vn -0.3708 -0.8369 -0.4026
vn -0.3774 -0.6113 0.6957
vn -0.7279 0.5816 -0.3634
vn -0.3779 -0.6107 0.6959
vn -0.3935 0.5440 0.7411
vn -0.7113 -0.5712 -0.4098
vn 0.1932 0.6818 0.7055
vn -0.2151 0.7314 -0.6472
vn -0.1945 -0.6820 -0.7050
vn 0.2153 -0.7299 0.6488
vn -0.8392 -0.4903 0.2352
vn -0.8492 0.3730 -0.3736
vn -0.8389 -0.3654 -0.4034
vn -0.8528 0.4455 0.2728
vn 0.3075 -0.9431 -0.1269
vn 0.9573 0.0255 -0.2880
vn 0.3060 -0.9437 -0.1257
vn 0.9574 0.0240 -0.2879
vn -0.7632 -0.6114 0.2092
vn -0.7629 -0.6120 0.2088
vn -0.7796 0.5715 0.2561
vn -0.7806 0.5705 0.2555
vn 0.2787 0.9591 -0.0493
vn 0.2791 0.9590 -0.0496
vn -0.1351 -0.7736 -0.6191
vn 0.9427 -0.0000 0.3337
vn 0.4143 -0.7765 0.4748
vn 0.2380 0.0415 -0.9704
vn -0.8470 -0.5073 -0.1590
vn -0.4402 -0.5170 0.7341
vn -0.8615 0.4941 -0.1179
vn -0.4537 0.4435 0.7729
vn -0.1575 0.8163 -0.5557
vn 0.3927 0.7476 0.5356
vn 0.9138 -0.3953 0.0935
vn 0.6481 0.4319 -0.6272
vn 0.9023 0.4128 0.1244
vn 0.6603 -0.3655 -0.6561
vn 0.6659 -0.6278 -0.4029
vn 0.8025 -0.5174 0.2971
vn 0.4905 -0.8529 -0.1789
vn 0.2226 0.7537 -0.6184
vn 0.4879 -0.3559 -0.7970
vn 0.2508 -0.6878 -0.6812
vn 0.4694 0.4353 -0.7683
vn 0.6465 0.6785 -0.3488
vn 0.4631 0.8798 -0.1075
vn 0.7898 0.5108 0.3397
vn 0.9127 -0.3975 0.0949
vn 0.4764 0.4344 -0.7644
vn 0.9012 0.4143 0.1278
vn 0.4853 -0.3582 -0.7976
vn 0.8021 -0.5164 0.3001
vn 0.2496 -0.6909 -0.6785
vn 0.2265 0.7497 -0.6218
vn 0.7868 0.5138 0.3419
vn 0.7293 -0.5804 0.3623
vn 0.6685 0.7226 -0.1760
vn 0.7106 0.5713 0.4107
vn 0.6868 -0.6887 -0.2322
vn 0.2167 -0.7319 0.6460
vn 0.0130 -0.9991 -0.0398
vn -0.0109 0.9992 0.0390
vn 0.1947 0.6817 0.7052
vn -0.6612 0.7158 0.2248
vn -0.6369 -0.7701 0.0364
vn -0.6580 0.7465 0.0982
vn -0.6398 -0.7506 0.1653
vn 0.7104 0.5718 0.4101
vn 0.6299 -0.6307 -0.4533
vn 0.6121 0.6805 -0.4029
vn 0.7278 -0.5818 0.3630
vn 0.6929 0.6968 -0.1850
vn 0.5581 -0.6604 -0.5024
vn 0.7113 -0.6610 -0.2387
vn 0.5361 0.7171 -0.4455
vn -0.5086 0.5288 0.6795
vn -0.4917 -0.5952 0.6356
# 100 vertex normals

vt 0.9929 0.3745 0.0000
vt 0.9210 0.0471 0.0000
vt 0.9210 0.3745 0.0000
vt 0.8913 0.0137 0.0000
vt 0.8225 0.3410 0.0000
vt 0.8225 0.0137 0.0000
vt 0.8913 0.3410 0.0000
vt 0.9210 0.4327 0.0000
vt 0.9929 0.4327 0.0000
vt 0.9929 0.0106 0.0000
vt 0.9929 0.0471 0.0000
vt 0.9210 0.0106 0.0000
vt 0.7053 0.2393 0.0000
vt 0.6669 0.2275 0.0000
vt 0.7208 0.1742 0.0000
vt 0.7010 0.1606 0.0000
vt 0.9210 0.1160 0.0000
vt 0.9929 0.1160 0.0000
vt 0.7747 0.1990 0.0000
vt 0.8225 0.2716 0.0000
vt 0.8225 0.1990 0.0000
vt 0.7747 0.2716 0.0000
vt 0.7741 0.2753 0.0000
vt 0.8194 0.3348 0.0000
vt 0.8194 0.2753 0.0000
vt 0.7741 0.3348 0.0000
vt 0.8305 0.3819 0.0000
vt 0.8733 0.4427 0.0000
vt 0.8305 0.4427 0.0000
vt 0.8733 0.3819 0.0000
vt 0.9167 0.4427 0.0000
vt 0.9167 0.3819 0.0000
vt 0.8739 0.3441 0.0000
vt 0.9167 0.3441 0.0000
vt 0.8739 0.3819 0.0000
vt 0.8733 0.3441 0.0000
vt 0.7574 0.1990 0.0000
vt 0.7964 0.0137 0.0000
vt 0.7574 0.0137 0.0000
vt 0.7964 0.1990 0.0000
vt 0.9372 0.4507 0.0000
vt 0.9768 0.4507 0.0000
vt 0.8460 0.3447 0.0000
vt 0.8714 0.3745 0.0000
vt 0.8460 0.3745 0.0000
vt 0.8714 0.3447 0.0000
vt 0.8212 0.3447 0.0000
vt 0.8212 0.3745 0.0000
vt 0.6991 0.3156 0.0000
vt 0.6675 0.2418 0.0000
vt 0.6991 0.2418 0.0000
vt 0.6675 0.3249 0.0000
vt 0.7307 0.3137 0.0000
vt 0.7307 0.2418 0.0000
vt 0.8987 0.4451 0.0000
vt 0.8752 0.4737 0.0000
vt 0.8987 0.5015 0.0000
vt 0.9229 0.5332 0.0000
vt 0.9626 0.4873 0.0000
vt 0.9626 0.5437 0.0000
vt 0.9229 0.4978 0.0000
vt 0.9867 0.5152 0.0000
vt 0.9378 0.4910 0.0000
vt 0.9378 0.4557 0.0000
vt 0.8204 0.4737 0.0000
vt 0.7702 0.5170 0.0000
vt 0.8204 0.5170 0.0000
vt 0.7702 0.4737 0.0000
vt 0.9043 0.2474 0.0000
vt 0.8913 0.3112 0.0000
vt 0.8913 0.2474 0.0000
vt 0.9173 0.2517 0.0000
vt 0.9173 0.2988 0.0000
vt 0.7194 0.5313 0.0000
vt 0.7274 0.4662 0.0000
vt 0.7187 0.4594 0.0000
vt 0.7274 0.5245 0.0000
vt 0.8415 0.5313 0.0000
vt 0.8415 0.4594 0.0000
vt 0.7603 0.4662 0.0000
vt 0.7603 0.5245 0.0000
vt 0.9043 0.2120 0.0000
vt 0.8913 0.2120 0.0000
vt 0.9353 0.1110 0.0000
vt 0.9787 0.1457 0.0000
vt 0.9787 0.1110 0.0000
vt 0.9353 0.1457 0.0000
vt 0.8913 0.1482 0.0000
vt 0.9173 0.0967 0.0000
vt 0.9173 0.1352 0.0000
vt 0.8913 0.0967 0.0000
vt 0.9210 0.1624 0.0000
vt 0.9929 0.1624 0.0000
vt 0.9929 0.0905 0.0000
vt 0.9210 0.0905 0.0000
vt 0.7357 0.2021 0.0000
vt 0.7561 0.3081 0.0000
vt 0.7561 0.2021 0.0000
vt 0.7357 0.3081 0.0000
vt 0.7716 0.2021 0.0000
vt 0.7555 0.3081 0.0000
vt 0.7555 0.2021 0.0000
vt 0.7716 0.3081 0.0000
vt 0.7543 0.1321 0.0000
vt 0.7196 0.0936 0.0000
vt 0.7543 0.0936 0.0000
vt 0.7196 0.1321 0.0000
vt 0.7543 0.0788 0.0000
vt 0.7196 0.1445 0.0000
vt 0.7543 0.1445 0.0000
vt 0.7196 0.0788 0.0000
vt 0.7518 0.1984 0.0000
vt 0.7220 0.1569 0.0000
vt 0.7220 0.1984 0.0000
vt 0.7518 0.1569 0.0000
vt 0.7778 0.3633 0.0000
vt 0.7344 0.3490 0.0000
vt 0.7698 0.3528 0.0000
vt 0.7698 0.3106 0.0000
vt 0.7344 0.3106 0.0000
vt 0.7778 0.4309 0.0000
vt 0.7022 0.4309 0.0000
vt 0.7543 0.0124 0.0000
vt 0.7196 0.0124 0.0000
vt 0.7357 0.2158 0.0000
vt 0.7561 0.2015 0.0000
vt 0.7357 0.2015 0.0000
vt 0.7561 0.2158 0.0000
# 128 texture coords

g Object089
usemtl Material__5129
s 1
f 487/662/637 488/663/638 489/664/639 
f 489/665/639 490/666/640 491/667/641 
f 490/666/640 489/665/639 488/668/638 
f 491/669/641 487/662/637 489/664/639 
f 487/662/637 491/669/641 492/670/642 
f 493/666/643 487/665/637 492/667/642 
f 487/665/637 493/666/643 494/668/644 
f 493/671/643 488/663/638 494/672/644 
f 488/663/638 493/671/643 490/673/640 
f 495/674/645 496/675/646 497/675/647 
f 496/675/646 495/674/645 498/674/648 
f 499/676/649 496/675/646 498/674/648 
f 496/675/646 499/676/649 500/677/650 
f 500/677/650 497/675/647 496/675/646 
f 497/675/647 500/677/650 501/677/651 
f 501/677/651 495/674/645 497/675/647 
f 495/674/645 501/677/651 502/676/652 
f 502/676/652 498/674/648 495/674/645 
f 498/674/648 502/676/652 499/676/649 
f 503/672/653 504/678/654 505/663/655 
f 504/678/654 503/672/653 506/679/656 
f 503/680/653 507/681/657 508/682/658 
f 507/681/657 503/680/653 505/683/655 
f 506/684/656 508/685/658 509/686/659 
f 508/685/658 506/684/656 503/687/653 
f 504/683/654 509/682/659 510/681/660 
f 509/682/659 504/683/654 506/680/656 
f 505/687/655 510/686/660 507/685/657 
f 510/686/660 505/687/655 504/684/654 
f 511/688/661 512/689/662 513/690/663 
f 512/689/662 511/688/661 514/691/664 
f 511/691/661 515/692/665 516/693/666 
f 515/692/665 511/691/661 513/689/663 
f 514/694/664 516/693/666 517/695/667 
f 516/693/666 514/694/664 511/696/661 
f 512/689/662 517/693/667 518/692/668 
f 517/693/667 512/689/662 514/691/664 
f 513/691/663 518/695/668 515/693/665 
f 518/695/668 513/691/663 512/697/662 
f 519/698/669 520/699/670 521/700/671 
f 520/699/670 519/698/669 522/701/672 
f 521/702/671 492/670/642 491/669/641 
f 492/670/642 521/702/671 520/703/670 
f 519/701/669 491/667/641 509/682/659 
f 488/663/638 487/662/637 494/672/644 
f 491/667/641 519/701/669 521/699/671 
f 520/699/670 508/682/658 492/667/642 
f 508/682/658 520/699/670 522/701/672 
f 523/704/673 524/705/674 525/706/675 
f 524/705/674 523/704/673 526/707/676 
f 527/708/677 525/706/675 528/709/678 
f 525/706/675 527/708/677 523/704/673 
f 529/708/679 528/709/678 530/709/680 
f 528/709/678 529/708/679 527/708/677 
f 531/704/681 530/709/680 532/706/682 
f 530/709/680 531/704/681 529/708/679 
f 526/707/676 532/706/682 524/705/674 
f 532/706/682 526/707/676 531/704/681 
f 533/710/683 534/711/684 535/712/685 
f 534/711/684 533/710/683 536/713/686 
f 537/714/687 535/712/685 538/715/688 
f 535/712/685 537/714/687 533/710/683 
f 539/714/689 538/715/688 540/715/690 
f 538/715/688 539/714/689 537/714/687 
f 541/710/691 540/715/690 542/712/692 
f 540/715/690 541/710/691 539/714/689 
f 536/713/686 542/712/692 534/711/684 
f 542/712/692 536/713/686 541/710/691 
f 541/716/691 536/717/686 533/718/683 
f 540/719/690 535/720/685 542/721/692 
f 535/720/685 540/719/690 538/722/688 
f 542/721/692 535/720/685 534/723/684 
f 541/716/691 537/724/687 539/725/689 
f 537/724/687 541/716/691 533/718/683 
f 543/726/693 544/727/694 545/728/695 
f 544/727/694 543/726/693 546/729/696 
f 547/730/697 548/731/698 549/732/699 
f 546/733/696 548/731/698 547/730/697 
f 543/734/693 548/731/698 546/733/696 
f 550/735/700 551/736/701 552/737/702 
f 551/736/701 550/735/700 553/738/703 
f 554/730/704 545/734/695 544/733/694 
f 555/732/705 545/734/695 554/730/704 
f 556/731/706 545/734/695 555/732/705 
f 556/739/706 543/726/693 545/728/695 
f 543/726/693 556/739/706 548/740/698 
f 544/727/694 547/741/697 554/742/704 
f 547/741/697 544/727/694 546/729/696 
f 555/732/705 553/743/703 550/744/700 
f 553/743/703 555/732/705 554/730/704 
f 554/742/704 551/736/701 553/738/703 
f 547/730/697 552/744/702 551/743/701 
f 552/744/702 547/730/697 549/732/699 
f 557/745/707 558/746/708 559/747/709 
f 558/746/708 557/745/707 560/748/710 
f 561/749/711 560/750/710 557/751/707 
f 560/750/710 561/749/711 562/752/712 
f 562/753/712 558/746/708 560/748/710 
f 558/746/708 562/753/712 563/754/713 
f 563/752/713 559/751/709 558/750/708 
f 559/751/709 563/752/713 564/749/714 
f 564/755/714 557/745/707 559/747/709 
f 557/745/707 564/755/714 561/756/711 
f 565/757/715 566/758/716 567/759/717 
f 566/758/716 565/757/715 568/760/718 
f 569/761/719 568/762/718 565/763/715 
f 568/762/718 569/761/719 570/764/720 
f 571/764/721 567/759/717 566/758/716 
f 567/759/717 571/764/721 572/761/722 
f 573/765/723 574/766/724 575/767/725 
f 574/766/724 573/765/723 576/768/726 
f 577/769/727 578/770/728 579/771/729 
f 578/770/728 577/769/727 580/772/730 
f 581/773/731 582/774/732 583/775/733 
f 582/774/732 581/773/731 584/776/734 
f 578/777/728 574/778/724 582/779/732 
f 583/780/733 574/778/724 576/781/726 
f 574/778/724 583/780/733 582/779/732 
f 584/779/734 573/781/723 575/778/725 
f 573/781/723 584/779/734 581/780/731 
f 577/782/727 575/778/725 585/783/735 
f 575/778/725 577/782/727 579/777/729 
f 580/772/730 585/784/735 586/785/736 
f 585/784/735 580/772/730 577/769/727 
f 586/785/736 575/767/725 574/766/724 
f 575/767/725 586/785/736 585/784/735 
f 579/771/729 582/774/732 584/776/734 
f 582/774/732 579/771/729 578/770/728 
f 586/783/736 578/777/728 580/782/730 
f 578/777/728 586/783/736 574/778/724 
f 575/778/725 579/777/729 584/779/734 
f 490/663/640 507/679/657 510/678/660 
f 507/679/657 490/663/640 493/672/643 
f 572/786/722 565/787/715 567/788/717 
f 565/787/715 572/786/722 569/789/719 
f 551/736/701 554/742/704 547/741/697 
# 0 polygons - 136 triangles

#
# object Object090
#

v  -2.0644 2.0794 -0.8469
v  -1.7064 1.8924 0.0392
v  -2.0627 1.9253 -0.8532
v  -1.8618 1.8884 0.1009
v  -2.2180 1.9213 -0.7915
v  -2.2195 2.0751 -0.7851
v  -1.8633 2.0424 0.1074
v  -1.7081 2.0464 0.0455
v  -1.9967 1.9355 0.2385
v  -2.0659 1.9836 0.1634
v  -2.0654 1.9379 0.1615
v  -1.9973 1.9812 0.2403
v  -1.8696 1.9848 0.0841
v  -1.8931 1.9872 0.0241
v  -1.8927 1.9495 0.0225
v  -1.8692 1.9474 0.0825
v  -2.1259 2.0535 -0.2358
v  -2.0454 1.8923 -0.0445
v  -2.0471 2.0464 -0.0382
v  -2.1242 1.8996 -0.2420
v  -1.9385 2.0493 -0.0812
v  -2.0175 2.0565 -0.2790
v  -2.0160 1.9026 -0.2853
v  -1.9371 1.8953 -0.0877
v  -2.2143 2.0285 -0.1832
v  -2.1468 1.9122 -0.0215
v  -2.1478 2.0225 -0.0172
v  -2.2131 1.9185 -0.1877
v  -2.0513 2.0250 -0.0555
v  -2.1177 2.0313 -0.2216
v  -2.1165 1.9210 -0.2262
v  -2.0503 1.9150 -0.0600
v  -2.0643 1.9363 -0.2646
v  -2.2673 2.0387 -0.7674
v  -2.2665 1.9550 -0.7709
v  -2.0653 2.0201 -0.2614
v  -2.1515 1.9553 -0.9114
v  -2.0866 2.0009 -0.8428
v  -2.1196 1.9523 -0.8314
v  -2.1186 2.0038 -0.9227
v  -2.2058 1.9719 -0.8889
v  -2.1738 1.9690 -0.8092
v  -2.2064 2.0309 -0.8867
v  -2.1745 2.0279 -0.8067
v  -2.1524 2.0506 -0.9073
v  -2.1205 2.0476 -0.8275
v  -2.2399 1.9456 -1.1542
v  -2.0960 2.0044 -0.9310
v  -2.1441 1.9368 -0.9144
v  -2.2091 2.0148 -1.2143
v  -2.2992 1.9669 -1.0715
v  -2.2236 1.9600 -0.8819
v  -2.2999 2.0489 -1.0680
v  -2.2245 2.0419 -0.8785
v  -2.2413 2.0784 -1.1488
v  -2.1455 2.0694 -0.9090
v  -1.7038 1.9286 -0.0939
v  -1.7558 2.0262 -0.2178
v  -1.7046 2.0215 -0.0900
v  -1.7547 1.9331 -0.2215
v  -1.7841 1.9177 -0.2247
v  -1.7389 1.8953 -0.0417
v  -1.8084 1.9019 -0.2158
v  -1.8479 2.0593 -0.3046
v  -1.8223 1.9213 -0.3204
v  -1.8465 1.9055 -0.3115
v  -1.8235 2.0449 -0.3153
v  -1.7853 2.0414 -0.2196
v  -1.8097 2.0557 -0.2089
v  -1.7402 2.0494 -0.0349
v  -1.8816 1.9449 -0.5390
v  -1.9242 2.0419 -0.6400
v  -1.8825 2.0380 -0.5353
v  -1.9234 1.9488 -0.6438
v  -1.9169 1.9118 -0.4866
v  -1.9722 1.9169 -0.6255
v  -1.9738 2.0710 -0.6192
v  -1.9185 2.0659 -0.4804
v  -1.6919 1.9479 -0.0318
v  -1.8932 2.0153 -0.5316
v  -1.6925 1.9968 -0.0297
v  -1.8927 1.9663 -0.5336
v  -1.7307 1.9467 -0.0163
v  -1.9314 1.9653 -0.5181
v  -1.9318 2.0144 -0.5161
v  -1.7310 1.9958 -0.0144
v  -1.8358 2.0103 0.0943
v  -1.7906 1.9167 0.2012
v  -1.7915 2.0061 0.2047
v  -1.8347 1.9208 0.0905
v  -1.5938 2.0003 0.3987
v  -1.6701 1.9179 0.2013
v  -1.6711 2.0073 0.2047
v  -1.5927 1.9108 0.3949
v  -1.7505 2.0054 0.0601
v  -1.7010 1.9257 0.1786
v  -1.7497 1.9301 0.0570
v  -1.7019 2.0010 0.1818
v  -1.7740 1.9954 0.4704
v  -1.7730 1.9060 0.4668
# 100 vertices

vn 0.3161 0.6113 -0.7256
vn 0.7559 -0.5824 0.2989
vn 0.3283 -0.5430 -0.7729
vn -0.3174 -0.6110 0.7252
vn -0.4399 -0.7116 -0.5479
vn -0.4552 0.7452 -0.4873
vn -0.3278 0.5429 0.7732
vn 0.7444 0.5713 0.3456
vn 0.0280 -0.6071 0.7941
vn -0.8171 0.5746 -0.0458
vn -0.8051 -0.5857 -0.0932
vn 0.0135 0.5423 0.8400
vn 0.4738 0.7799 0.4089
vn -0.4877 0.6447 -0.5886
vn -0.4732 -0.6036 -0.6417
vn 0.4940 -0.7989 0.3430
vn -0.7566 0.5817 -0.2986
vn -0.3157 -0.6111 0.7259
vn -0.3289 0.5429 0.7727
vn -0.7439 -0.5719 -0.3456
vn -0.3302 0.5415 0.7732
vn -0.4231 0.8554 -0.2989
vn -0.4045 -0.8369 -0.3688
vn -0.3153 -0.6113 0.7259
vn -0.7568 0.5816 -0.2986
vn -0.3158 -0.6107 0.7262
vn -0.3274 0.5440 0.7726
vn -0.7443 -0.5712 -0.3462
vn 0.2539 0.6818 0.6860
vn -0.2707 0.7314 -0.6260
vn -0.2552 -0.6820 -0.6854
vn 0.2710 -0.7299 0.6276
vn -0.8155 -0.4903 0.3075
vn -0.8786 0.3730 -0.2982
vn -0.8709 -0.3654 -0.3288
vn -0.8257 0.4455 0.3461
vn 0.2953 -0.9431 -0.1532
vn 0.9285 0.0255 -0.3703
vn 0.2939 -0.9437 -0.1519
vn 0.9287 0.0240 -0.3703
vn -0.7420 -0.6114 0.2749
vn -0.7418 -0.6120 0.2745
vn -0.7543 0.5715 0.3231
vn -0.7553 0.5705 0.3226
vn 0.2734 0.9591 -0.0734
vn 0.2737 0.9590 -0.0738
vn -0.1886 -0.7736 -0.6050
vn 0.9682 -0.0000 0.2503
vn 0.4541 -0.7765 0.4368
vn 0.1525 0.0415 -0.9874
vn -0.8576 -0.5073 -0.0846
vn -0.3745 -0.5170 0.7697
vn -0.8685 0.4941 -0.0423
vn -0.3846 0.4435 0.8095
vn -0.2053 0.8163 -0.5398
vn 0.4379 0.7476 0.4993
vn 0.9185 -0.3953 0.0135
vn 0.5910 0.4319 -0.6813
vn 0.9098 0.4128 0.0453
vn 0.6006 -0.3655 -0.7111
vn 0.6283 -0.6278 -0.4594
vn 0.8254 -0.5174 0.2260
vn 0.4731 -0.8529 -0.2209
vn 0.1679 0.7537 -0.6354
vn 0.4166 -0.3559 -0.8365
vn 0.1905 -0.6878 -0.7005
vn 0.4006 0.4353 -0.8062
vn 0.6137 0.6785 -0.4038
vn 0.4519 0.8798 -0.1475
vn 0.8164 0.5108 0.2695
vn 0.9175 -0.3975 0.0150
vn 0.4079 0.4344 -0.8031
vn 0.9089 0.4143 0.0488
vn 0.4139 -0.3582 -0.8368
vn 0.8252 -0.5164 0.2291
vn 0.1895 -0.6909 -0.6977
vn 0.1714 0.7497 -0.6392
vn 0.8136 0.5138 0.2720
vn 0.7581 -0.5804 0.2973
vn 0.6506 0.7226 -0.2336
vn 0.7437 0.5713 0.3472
vn 0.6640 -0.6887 -0.2911
vn 0.2722 -0.7319 0.6247
vn 0.0095 -0.9991 -0.0408
vn -0.0074 0.9992 0.0398
vn 0.2554 0.6817 0.6856
vn -0.6390 0.7158 0.2815
vn -0.6313 -0.7701 0.0917
vn -0.6470 0.7465 0.1551
vn -0.6230 -0.7506 0.2205
vn 0.7435 0.5718 0.3466
vn 0.5880 -0.6307 -0.5065
vn 0.5746 0.6805 -0.4548
vn 0.7567 -0.5818 0.2982
vn 0.6742 0.6968 -0.2447
vn 0.5122 -0.6604 -0.5491
vn 0.6878 -0.6610 -0.2998
vn 0.4952 0.7171 -0.4905
vn -0.4474 0.5288 0.7212
vn -0.4345 -0.5952 0.6761
# 100 vertex normals

vt 0.9929 0.3745 0.0000
vt 0.9210 0.0471 0.0000
vt 0.9210 0.3745 0.0000
vt 0.8913 0.0137 0.0000
vt 0.8225 0.3410 0.0000
vt 0.8225 0.0137 0.0000
vt 0.8913 0.3410 0.0000
vt 0.9210 0.4327 0.0000
vt 0.9929 0.4327 0.0000
vt 0.9929 0.0106 0.0000
vt 0.9929 0.0471 0.0000
vt 0.9210 0.0106 0.0000
vt 0.7053 0.2393 0.0000
vt 0.6669 0.2275 0.0000
vt 0.7208 0.1742 0.0000
vt 0.7010 0.1606 0.0000
vt 0.9210 0.1160 0.0000
vt 0.9929 0.1160 0.0000
vt 0.7747 0.1990 0.0000
vt 0.8225 0.2716 0.0000
vt 0.8225 0.1990 0.0000
vt 0.7747 0.2716 0.0000
vt 0.7741 0.2753 0.0000
vt 0.8194 0.3348 0.0000
vt 0.8194 0.2753 0.0000
vt 0.7741 0.3348 0.0000
vt 0.8305 0.3819 0.0000
vt 0.8733 0.4427 0.0000
vt 0.8305 0.4427 0.0000
vt 0.8733 0.3819 0.0000
vt 0.9167 0.4427 0.0000
vt 0.9167 0.3819 0.0000
vt 0.8739 0.3441 0.0000
vt 0.9167 0.3441 0.0000
vt 0.8739 0.3819 0.0000
vt 0.8733 0.3441 0.0000
vt 0.7574 0.1990 0.0000
vt 0.7964 0.0137 0.0000
vt 0.7574 0.0137 0.0000
vt 0.7964 0.1990 0.0000
vt 0.9372 0.4507 0.0000
vt 0.9768 0.4507 0.0000
vt 0.8460 0.3447 0.0000
vt 0.8714 0.3745 0.0000
vt 0.8460 0.3745 0.0000
vt 0.8714 0.3447 0.0000
vt 0.8212 0.3447 0.0000
vt 0.8212 0.3745 0.0000
vt 0.6991 0.3156 0.0000
vt 0.6675 0.2418 0.0000
vt 0.6991 0.2418 0.0000
vt 0.6675 0.3249 0.0000
vt 0.7307 0.3137 0.0000
vt 0.7307 0.2418 0.0000
vt 0.8987 0.4451 0.0000
vt 0.8752 0.4737 0.0000
vt 0.8987 0.5015 0.0000
vt 0.9229 0.5332 0.0000
vt 0.9626 0.4873 0.0000
vt 0.9626 0.5437 0.0000
vt 0.9229 0.4978 0.0000
vt 0.9867 0.5152 0.0000
vt 0.9378 0.4910 0.0000
vt 0.9378 0.4557 0.0000
vt 0.8204 0.4737 0.0000
vt 0.7702 0.5170 0.0000
vt 0.8204 0.5170 0.0000
vt 0.7702 0.4737 0.0000
vt 0.9043 0.2474 0.0000
vt 0.8913 0.3112 0.0000
vt 0.8913 0.2474 0.0000
vt 0.9173 0.2517 0.0000
vt 0.9173 0.2988 0.0000
vt 0.7194 0.5313 0.0000
vt 0.7274 0.4662 0.0000
vt 0.7187 0.4594 0.0000
vt 0.7274 0.5245 0.0000
vt 0.8415 0.5313 0.0000
vt 0.8415 0.4594 0.0000
vt 0.7603 0.4662 0.0000
vt 0.7603 0.5245 0.0000
vt 0.9043 0.2120 0.0000
vt 0.8913 0.2120 0.0000
vt 0.9353 0.1110 0.0000
vt 0.9787 0.1457 0.0000
vt 0.9787 0.1110 0.0000
vt 0.9353 0.1457 0.0000
vt 0.8913 0.1482 0.0000
vt 0.9173 0.0967 0.0000
vt 0.9173 0.1352 0.0000
vt 0.8913 0.0967 0.0000
vt 0.9210 0.1624 0.0000
vt 0.9929 0.1624 0.0000
vt 0.9929 0.0905 0.0000
vt 0.9210 0.0905 0.0000
vt 0.7357 0.2021 0.0000
vt 0.7561 0.3081 0.0000
vt 0.7561 0.2021 0.0000
vt 0.7357 0.3081 0.0000
vt 0.7716 0.2021 0.0000
vt 0.7555 0.3081 0.0000
vt 0.7555 0.2021 0.0000
vt 0.7716 0.3081 0.0000
vt 0.7543 0.1321 0.0000
vt 0.7196 0.0936 0.0000
vt 0.7543 0.0936 0.0000
vt 0.7196 0.1321 0.0000
vt 0.7543 0.0788 0.0000
vt 0.7196 0.1445 0.0000
vt 0.7543 0.1445 0.0000
vt 0.7196 0.0788 0.0000
vt 0.7518 0.1984 0.0000
vt 0.7220 0.1569 0.0000
vt 0.7220 0.1984 0.0000
vt 0.7518 0.1569 0.0000
vt 0.7778 0.3633 0.0000
vt 0.7344 0.3490 0.0000
vt 0.7698 0.3528 0.0000
vt 0.7698 0.3106 0.0000
vt 0.7344 0.3106 0.0000
vt 0.7778 0.4309 0.0000
vt 0.7022 0.4309 0.0000
vt 0.7543 0.0124 0.0000
vt 0.7196 0.0124 0.0000
vt 0.7357 0.2158 0.0000
vt 0.7561 0.2015 0.0000
vt 0.7357 0.2015 0.0000
vt 0.7561 0.2158 0.0000
# 128 texture coords

g Object090
usemtl Material__5129
s 1
f 587/790/737 588/791/738 589/792/739 
f 589/793/739 590/794/740 591/795/741 
f 590/794/740 589/793/739 588/796/738 
f 591/797/741 587/790/737 589/792/739 
f 587/790/737 591/797/741 592/798/742 
f 593/794/743 587/793/737 592/795/742 
f 587/793/737 593/794/743 594/796/744 
f 593/799/743 588/791/738 594/800/744 
f 588/791/738 593/799/743 590/801/740 
f 595/802/745 596/803/746 597/803/747 
f 596/803/746 595/802/745 598/802/748 
f 599/804/749 596/803/746 598/802/748 
f 596/803/746 599/804/749 600/805/750 
f 600/805/750 597/803/747 596/803/746 
f 597/803/747 600/805/750 601/805/751 
f 601/805/751 595/802/745 597/803/747 
f 595/802/745 601/805/751 602/804/752 
f 602/804/752 598/802/748 595/802/745 
f 598/802/748 602/804/752 599/804/749 
f 603/800/753 604/806/754 605/791/755 
f 604/806/754 603/800/753 606/807/756 
f 603/808/753 607/809/757 608/810/758 
f 607/809/757 603/808/753 605/811/755 
f 606/812/756 608/813/758 609/814/759 
f 608/813/758 606/812/756 603/815/753 
f 604/811/754 609/810/759 610/809/760 
f 609/810/759 604/811/754 606/808/756 
f 605/815/755 610/814/760 607/813/757 
f 610/814/760 605/815/755 604/812/754 
f 611/816/761 612/817/762 613/818/763 
f 612/817/762 611/816/761 614/819/764 
f 611/819/761 615/820/765 616/821/766 
f 615/820/765 611/819/761 613/817/763 
f 614/822/764 616/821/766 617/823/767 
f 616/821/766 614/822/764 611/824/761 
f 612/817/762 617/821/767 618/820/768 
f 617/821/767 612/817/762 614/819/764 
f 613/819/763 618/823/768 615/821/765 
f 618/823/768 613/819/763 612/825/762 
f 619/826/769 620/827/770 621/828/771 
f 620/827/770 619/826/769 622/829/772 
f 621/830/771 592/798/742 591/797/741 
f 592/798/742 621/830/771 620/831/770 
f 619/829/769 591/795/741 609/810/759 
f 588/791/738 587/790/737 594/800/744 
f 591/795/741 619/829/769 621/827/771 
f 620/827/770 608/810/758 592/795/742 
f 608/810/758 620/827/770 622/829/772 
f 623/832/773 624/833/774 625/834/775 
f 624/833/774 623/832/773 626/835/776 
f 627/836/777 625/834/775 628/837/778 
f 625/834/775 627/836/777 623/832/773 
f 629/836/779 628/837/778 630/837/780 
f 628/837/778 629/836/779 627/836/777 
f 631/832/781 630/837/780 632/834/782 
f 630/837/780 631/832/781 629/836/779 
f 626/835/776 632/834/782 624/833/774 
f 632/834/782 626/835/776 631/832/781 
f 633/838/783 634/839/784 635/840/785 
f 634/839/784 633/838/783 636/841/786 
f 637/842/787 635/840/785 638/843/788 
f 635/840/785 637/842/787 633/838/783 
f 639/842/789 638/843/788 640/843/790 
f 638/843/788 639/842/789 637/842/787 
f 641/838/791 640/843/790 642/840/792 
f 640/843/790 641/838/791 639/842/789 
f 636/841/786 642/840/792 634/839/784 
f 642/840/792 636/841/786 641/838/791 
f 641/844/791 636/845/786 633/846/783 
f 640/847/790 635/848/785 642/849/792 
f 635/848/785 640/847/790 638/850/788 
f 642/849/792 635/848/785 634/851/784 
f 641/844/791 637/852/787 639/853/789 
f 637/852/787 641/844/791 633/846/783 
f 643/854/793 644/855/794 645/856/795 
f 644/855/794 643/854/793 646/857/796 
f 647/858/797 648/859/798 649/860/799 
f 646/861/796 648/859/798 647/858/797 
f 643/862/793 648/859/798 646/861/796 
f 650/863/800 651/864/801 652/865/802 
f 651/864/801 650/863/800 653/866/803 
f 654/858/804 645/862/795 644/861/794 
f 655/860/805 645/862/795 654/858/804 
f 656/859/806 645/862/795 655/860/805 
f 656/867/806 643/854/793 645/856/795 
f 643/854/793 656/867/806 648/868/798 
f 644/855/794 647/869/797 654/870/804 
f 647/869/797 644/855/794 646/857/796 
f 655/860/805 653/871/803 650/872/800 
f 653/871/803 655/860/805 654/858/804 
f 654/870/804 651/864/801 653/866/803 
f 647/858/797 652/872/802 651/871/801 
f 652/872/802 647/858/797 649/860/799 
f 657/873/807 658/874/808 659/875/809 
f 658/874/808 657/873/807 660/876/810 
f 661/877/811 660/878/810 657/879/807 
f 660/878/810 661/877/811 662/880/812 
f 662/881/812 658/874/808 660/876/810 
f 658/874/808 662/881/812 663/882/813 
f 663/880/813 659/879/809 658/878/808 
f 659/879/809 663/880/813 664/877/814 
f 664/883/814 657/873/807 659/875/809 
f 657/873/807 664/883/814 661/884/811 
f 665/885/815 666/886/816 667/887/817 
f 666/886/816 665/885/815 668/888/818 
f 669/889/819 668/890/818 665/891/815 
f 668/890/818 669/889/819 670/892/820 
f 671/892/821 667/887/817 666/886/816 
f 667/887/817 671/892/821 672/889/822 
f 673/893/823 674/894/824 675/895/825 
f 674/894/824 673/893/823 676/896/826 
f 677/897/827 678/898/828 679/899/829 
f 678/898/828 677/897/827 680/900/830 
f 681/901/831 682/902/832 683/903/833 
f 682/902/832 681/901/831 684/904/834 
f 678/905/828 674/906/824 682/907/832 
f 683/908/833 674/906/824 676/909/826 
f 674/906/824 683/908/833 682/907/832 
f 684/907/834 673/909/823 675/906/825 
f 673/909/823 684/907/834 681/908/831 
f 677/910/827 675/906/825 685/911/835 
f 675/906/825 677/910/827 679/905/829 
f 680/900/830 685/912/835 686/913/836 
f 685/912/835 680/900/830 677/897/827 
f 686/913/836 675/895/825 674/894/824 
f 675/895/825 686/913/836 685/912/835 
f 679/899/829 682/902/832 684/904/834 
f 682/902/832 679/899/829 678/898/828 
f 686/911/836 678/905/828 680/910/830 
f 678/905/828 686/911/836 674/906/824 
f 675/906/825 679/905/829 684/907/834 
f 590/791/740 607/807/757 610/806/760 
f 607/807/757 590/791/740 593/800/743 
f 672/914/822 665/915/815 667/916/817 
f 665/915/815 672/914/822 669/917/819 
f 651/864/801 654/870/804 647/869/797 
# 0 polygons - 136 triangles

#
# object Object091
#

v  -2.4790 2.0794 -0.7069
v  -2.2804 1.8924 0.2279
v  -2.4763 1.9253 -0.7129
v  -2.4441 1.8884 0.2616
v  -2.6399 1.9213 -0.6791
v  -2.6425 2.0751 -0.6730
v  -2.4467 2.0424 0.2678
v  -2.2831 2.0464 0.2337
v  -2.6008 1.9355 0.3737
v  -2.6560 1.9836 0.2877
v  -2.6552 1.9379 0.2859
v  -2.6017 1.9812 0.3754
v  -2.4489 1.9848 0.2437
v  -2.4616 1.9872 0.1805
v  -2.4609 1.9495 0.1791
v  -2.4482 1.9474 0.2422
v  -2.6457 2.0535 -0.1158
v  -2.5997 1.8923 0.0866
v  -2.6024 2.0464 0.0924
v  -2.6430 1.8996 -0.1217
v  -2.4880 2.0493 0.0689
v  -2.5315 2.0565 -0.1396
v  -2.5289 1.9026 -0.1454
v  -2.4855 1.8953 0.0628
v  -2.7419 2.0285 -0.0793
v  -2.7036 1.9122 0.0916
v  -2.7053 2.0225 0.0956
v  -2.7399 1.9185 -0.0836
v  -2.6036 2.0250 0.0747
v  -2.6402 2.0313 -0.1004
v  -2.6382 1.9210 -0.1048
v  -2.6018 1.9150 0.0704
v  -2.5801 1.9363 -0.1335
v  -2.6927 2.0387 -0.6639
v  -2.6912 1.9550 -0.6672
v  -2.5816 2.0201 -0.1305
v  -2.5536 1.9553 -0.7856
v  -2.5016 2.0009 -0.7068
v  -2.5361 1.9523 -0.7013
v  -2.5192 2.0038 -0.7910
v  -2.6110 1.9719 -0.7729
v  -2.5933 1.9690 -0.6888
v  -2.6119 2.0309 -0.7708
v  -2.5944 2.0279 -0.6865
v  -2.5553 2.0506 -0.7817
v  -2.5377 2.0476 -0.6976
v  -2.5985 1.9456 -1.0401
v  -2.4955 2.0044 -0.7953
v  -2.5458 1.9368 -0.7873
v  -2.5577 2.0148 -1.0940
v  -2.6712 1.9669 -0.9689
v  -2.6297 1.9600 -0.7691
v  -2.6726 2.0489 -0.9657
v  -2.6312 2.0419 -0.7659
v  -2.6008 2.0784 -1.0350
v  -2.5481 2.0694 -0.7822
v  -2.2547 1.9286 0.0972
v  -2.2844 2.0262 -0.0338
v  -2.2561 2.0215 0.1009
v  -2.2826 1.9331 -0.0373
v  -2.3110 1.9177 -0.0456
v  -2.2983 1.8953 0.1425
v  -2.3365 1.9019 -0.0410
v  -2.3601 2.0593 -0.1353
v  -2.3321 1.9213 -0.1464
v  -2.3574 1.9055 -0.1419
v  -2.3342 2.0449 -0.1416
v  -2.3131 2.0414 -0.0407
v  -2.3390 2.0557 -0.0344
v  -2.3008 2.0494 0.1490
v  -2.3524 1.9449 -0.3720
v  -2.3769 2.0419 -0.4789
v  -2.3541 2.0380 -0.3685
v  -2.3755 1.9488 -0.4825
v  -2.3963 1.9118 -0.3265
v  -2.4267 1.9169 -0.4729
v  -2.4294 2.0710 -0.4670
v  -2.3990 2.0659 -0.3207
v  -2.2538 1.9479 0.1604
v  -2.3652 2.0153 -0.3667
v  -2.2548 1.9968 0.1624
v  -2.3643 1.9663 -0.3686
v  -2.2946 1.9467 0.1689
v  -2.4052 1.9653 -0.3601
v  -2.4059 2.0144 -0.3581
v  -2.2953 1.9958 0.1708
v  -2.4173 2.0103 0.2596
v  -2.3914 1.9167 0.3728
v  -2.3930 2.0061 0.3761
v  -2.4156 1.9208 0.2561
v  -2.2319 2.0003 0.6014
v  -2.2728 1.9179 0.3938
v  -2.2743 2.0073 0.3970
v  -2.2302 1.9108 0.5979
v  -2.3275 2.0054 0.2407
v  -2.2993 1.9257 0.3661
v  -2.3261 1.9301 0.2379
v  -2.3007 2.0010 0.3690
v  -2.4218 1.9954 0.6407
v  -2.4202 1.9060 0.6374
# 100 vertices

vn 0.4373 0.6113 -0.6597
vn 0.6925 -0.5824 0.4256
vn 0.4576 -0.5430 -0.7042
vn -0.4385 -0.6110 0.6591
vn -0.3381 -0.7116 -0.6159
vn -0.3637 0.7452 -0.5589
vn -0.4571 0.5429 0.7045
vn 0.6731 0.5713 0.4697
vn -0.1103 -0.6071 0.7869
vn -0.7968 0.5746 -0.1870
vn -0.7767 -0.5857 -0.2315
vn -0.1326 0.5423 0.8296
vn 0.3956 0.7799 0.4850
vn -0.3781 0.6447 -0.6643
vn -0.3546 -0.6036 -0.7141
vn 0.4269 -0.7989 0.4236
vn -0.6932 0.5817 -0.4255
vn -0.4369 -0.6111 0.6601
vn -0.4580 0.5429 0.7038
vn -0.6726 -0.5719 -0.4695
vn -0.4594 0.5415 0.7041
vn -0.3648 0.8554 -0.3678
vn -0.3343 -0.8369 -0.4334
vn -0.4366 -0.6113 0.6601
vn -0.6934 0.5816 -0.4255
vn -0.4371 -0.6107 0.6603
vn -0.4566 0.5440 0.7040
vn -0.6729 -0.5712 -0.4702
vn 0.1310 0.6818 0.7197
vn -0.1579 0.7314 -0.6635
vn -0.1323 -0.6820 -0.7193
vn 0.1579 -0.7299 0.6651
vn -0.8565 -0.4903 0.1612
vn -0.8134 0.3730 -0.4462
vn -0.8005 -0.3654 -0.4750
vn -0.8733 0.4455 0.1974
vn 0.3174 -0.9431 -0.0996
vn 0.9787 0.0255 -0.2034
vn 0.3158 -0.9437 -0.0985
vn 0.9789 0.0240 -0.2034
vn -0.7785 -0.6114 0.1418
vn -0.7782 -0.6120 0.1415
vn -0.7989 0.5715 0.1872
vn -0.7999 0.5705 0.1865
vn 0.2820 0.9591 -0.0248
vn 0.2823 0.9590 -0.0251
vn -0.0807 -0.7736 -0.6285
vn 0.9100 -0.0000 0.4146
vn 0.3713 -0.7765 0.5091
vn 0.3216 0.0415 -0.9459
vn -0.8299 -0.5073 -0.2322
vn -0.5025 -0.5170 0.6930
vn -0.8479 0.4941 -0.1925
vn -0.5194 0.4435 0.7304
vn -0.1085 0.8163 -0.5673
vn 0.3445 0.7476 0.5678
vn 0.9022 -0.3953 0.1728
vn 0.7003 0.4319 -0.5683
vn 0.8881 0.4128 0.2026
vn 0.7150 -0.3655 -0.5960
vn 0.6985 -0.6278 -0.3433
vn 0.7736 -0.5174 0.3659
vn 0.5042 -0.8529 -0.1354
vn 0.2757 0.7537 -0.5966
vn 0.5555 -0.3559 -0.7515
vn 0.3092 -0.6878 -0.6568
vn 0.5345 0.4353 -0.7244
vn 0.6745 0.6785 -0.2911
vn 0.4707 0.8798 -0.0667
vn 0.7572 0.5108 0.4072
vn 0.9009 -0.3975 0.1741
vn 0.5412 0.4344 -0.7200
vn 0.8866 0.4143 0.2059
vn 0.5530 -0.3582 -0.7523
vn 0.7729 -0.5164 0.3689
vn 0.3078 -0.6909 -0.6542
vn 0.2798 0.7497 -0.5997
vn 0.7540 0.5138 0.4092
vn 0.6950 -0.5804 0.4245
vn 0.6813 0.7226 -0.1171
vn 0.6721 0.5713 0.4710
vn 0.7044 -0.6887 -0.1714
vn 0.1596 -0.7319 0.6625
vn 0.0165 -0.9991 -0.0385
vn -0.0142 0.9992 0.0379
vn 0.1325 0.6817 0.7195
vn -0.6782 0.7158 0.1663
vn -0.6376 -0.7701 -0.0193
vn -0.6641 0.7465 0.0404
vn -0.6518 -0.7506 0.1089
vn 0.6720 0.5718 0.4705
vn 0.6671 -0.6307 -0.3967
vn 0.6449 0.6805 -0.3481
vn 0.6934 -0.5818 0.4250
vn 0.7064 0.6968 -0.1239
vn 0.5998 -0.6604 -0.4518
vn 0.7294 -0.6610 -0.1758
vn 0.5728 0.7171 -0.3971
vn -0.5659 0.5288 0.6326
vn -0.5453 -0.5952 0.5904
# 100 vertex normals

vt 0.9929 0.3745 0.0000
vt 0.9210 0.0471 0.0000
vt 0.9210 0.3745 0.0000
vt 0.8913 0.0137 0.0000
vt 0.8225 0.3410 0.0000
vt 0.8225 0.0137 0.0000
vt 0.8913 0.3410 0.0000
vt 0.9210 0.4327 0.0000
vt 0.9929 0.4327 0.0000
vt 0.9929 0.0106 0.0000
vt 0.9929 0.0471 0.0000
vt 0.9210 0.0106 0.0000
vt 0.7053 0.2393 0.0000
vt 0.6669 0.2275 0.0000
vt 0.7208 0.1742 0.0000
vt 0.7010 0.1606 0.0000
vt 0.9210 0.1160 0.0000
vt 0.9929 0.1160 0.0000
vt 0.7747 0.1990 0.0000
vt 0.8225 0.2716 0.0000
vt 0.8225 0.1990 0.0000
vt 0.7747 0.2716 0.0000
vt 0.7741 0.2753 0.0000
vt 0.8194 0.3348 0.0000
vt 0.8194 0.2753 0.0000
vt 0.7741 0.3348 0.0000
vt 0.8305 0.3819 0.0000
vt 0.8733 0.4427 0.0000
vt 0.8305 0.4427 0.0000
vt 0.8733 0.3819 0.0000
vt 0.9167 0.4427 0.0000
vt 0.9167 0.3819 0.0000
vt 0.8739 0.3441 0.0000
vt 0.9167 0.3441 0.0000
vt 0.8739 0.3819 0.0000
vt 0.8733 0.3441 0.0000
vt 0.7574 0.1990 0.0000
vt 0.7964 0.0137 0.0000
vt 0.7574 0.0137 0.0000
vt 0.7964 0.1990 0.0000
vt 0.9372 0.4507 0.0000
vt 0.9768 0.4507 0.0000
vt 0.8460 0.3447 0.0000
vt 0.8714 0.3745 0.0000
vt 0.8460 0.3745 0.0000
vt 0.8714 0.3447 0.0000
vt 0.8212 0.3447 0.0000
vt 0.8212 0.3745 0.0000
vt 0.6991 0.3156 0.0000
vt 0.6675 0.2418 0.0000
vt 0.6991 0.2418 0.0000
vt 0.6675 0.3249 0.0000
vt 0.7307 0.3137 0.0000
vt 0.7307 0.2418 0.0000
vt 0.8987 0.4451 0.0000
vt 0.8752 0.4737 0.0000
vt 0.8987 0.5015 0.0000
vt 0.9229 0.5332 0.0000
vt 0.9626 0.4873 0.0000
vt 0.9626 0.5437 0.0000
vt 0.9229 0.4978 0.0000
vt 0.9867 0.5152 0.0000
vt 0.9378 0.4910 0.0000
vt 0.9378 0.4557 0.0000
vt 0.8204 0.4737 0.0000
vt 0.7702 0.5170 0.0000
vt 0.8204 0.5170 0.0000
vt 0.7702 0.4737 0.0000
vt 0.9043 0.2474 0.0000
vt 0.8913 0.3112 0.0000
vt 0.8913 0.2474 0.0000
vt 0.9173 0.2517 0.0000
vt 0.9173 0.2988 0.0000
vt 0.7194 0.5313 0.0000
vt 0.7274 0.4662 0.0000
vt 0.7187 0.4594 0.0000
vt 0.7274 0.5245 0.0000
vt 0.8415 0.5313 0.0000
vt 0.8415 0.4594 0.0000
vt 0.7603 0.4662 0.0000
vt 0.7603 0.5245 0.0000
vt 0.9043 0.2120 0.0000
vt 0.8913 0.2120 0.0000
vt 0.9353 0.1110 0.0000
vt 0.9787 0.1457 0.0000
vt 0.9787 0.1110 0.0000
vt 0.9353 0.1457 0.0000
vt 0.8913 0.1482 0.0000
vt 0.9173 0.0967 0.0000
vt 0.9173 0.1352 0.0000
vt 0.8913 0.0967 0.0000
vt 0.9210 0.1624 0.0000
vt 0.9929 0.1624 0.0000
vt 0.9929 0.0905 0.0000
vt 0.9210 0.0905 0.0000
vt 0.7357 0.2021 0.0000
vt 0.7561 0.3081 0.0000
vt 0.7561 0.2021 0.0000
vt 0.7357 0.3081 0.0000
vt 0.7716 0.2021 0.0000
vt 0.7555 0.3081 0.0000
vt 0.7555 0.2021 0.0000
vt 0.7716 0.3081 0.0000
vt 0.7543 0.1321 0.0000
vt 0.7196 0.0936 0.0000
vt 0.7543 0.0936 0.0000
vt 0.7196 0.1321 0.0000
vt 0.7543 0.0788 0.0000
vt 0.7196 0.1445 0.0000
vt 0.7543 0.1445 0.0000
vt 0.7196 0.0788 0.0000
vt 0.7518 0.1984 0.0000
vt 0.7220 0.1569 0.0000
vt 0.7220 0.1984 0.0000
vt 0.7518 0.1569 0.0000
vt 0.7778 0.3633 0.0000
vt 0.7344 0.3490 0.0000
vt 0.7698 0.3528 0.0000
vt 0.7698 0.3106 0.0000
vt 0.7344 0.3106 0.0000
vt 0.7778 0.4309 0.0000
vt 0.7022 0.4309 0.0000
vt 0.7543 0.0124 0.0000
vt 0.7196 0.0124 0.0000
vt 0.7357 0.2158 0.0000
vt 0.7561 0.2015 0.0000
vt 0.7357 0.2015 0.0000
vt 0.7561 0.2158 0.0000
# 128 texture coords

g Object091
usemtl Material__5129
s 1
f 687/918/837 688/919/838 689/920/839 
f 689/921/839 690/922/840 691/923/841 
f 690/922/840 689/921/839 688/924/838 
f 691/925/841 687/918/837 689/920/839 
f 687/918/837 691/925/841 692/926/842 
f 693/922/843 687/921/837 692/923/842 
f 687/921/837 693/922/843 694/924/844 
f 693/927/843 688/919/838 694/928/844 
f 688/919/838 693/927/843 690/929/840 
f 695/930/845 696/931/846 697/931/847 
f 696/931/846 695/930/845 698/930/848 
f 699/932/849 696/931/846 698/930/848 
f 696/931/846 699/932/849 700/933/850 
f 700/933/850 697/931/847 696/931/846 
f 697/931/847 700/933/850 701/933/851 
f 701/933/851 695/930/845 697/931/847 
f 695/930/845 701/933/851 702/932/852 
f 702/932/852 698/930/848 695/930/845 
f 698/930/848 702/932/852 699/932/849 
f 703/928/853 704/934/854 705/919/855 
f 704/934/854 703/928/853 706/935/856 
f 703/936/853 707/937/857 708/938/858 
f 707/937/857 703/936/853 705/939/855 
f 706/940/856 708/941/858 709/942/859 
f 708/941/858 706/940/856 703/943/853 
f 704/939/854 709/938/859 710/937/860 
f 709/938/859 704/939/854 706/936/856 
f 705/943/855 710/942/860 707/941/857 
f 710/942/860 705/943/855 704/940/854 
f 711/944/861 712/945/862 713/946/863 
f 712/945/862 711/944/861 714/947/864 
f 711/947/861 715/948/865 716/949/866 
f 715/948/865 711/947/861 713/945/863 
f 714/950/864 716/949/866 717/951/867 
f 716/949/866 714/950/864 711/952/861 
f 712/945/862 717/949/867 718/948/868 
f 717/949/867 712/945/862 714/947/864 
f 713/947/863 718/951/868 715/949/865 
f 718/951/868 713/947/863 712/953/862 
f 719/954/869 720/955/870 721/956/871 
f 720/955/870 719/954/869 722/957/872 
f 721/958/871 692/926/842 691/925/841 
f 692/926/842 721/958/871 720/959/870 
f 719/957/869 691/923/841 709/938/859 
f 688/919/838 687/918/837 694/928/844 
f 691/923/841 719/957/869 721/955/871 
f 720/955/870 708/938/858 692/923/842 
f 708/938/858 720/955/870 722/957/872 
f 723/960/873 724/961/874 725/962/875 
f 724/961/874 723/960/873 726/963/876 
f 727/964/877 725/962/875 728/965/878 
f 725/962/875 727/964/877 723/960/873 
f 729/964/879 728/965/878 730/965/880 
f 728/965/878 729/964/879 727/964/877 
f 731/960/881 730/965/880 732/962/882 
f 730/965/880 731/960/881 729/964/879 
f 726/963/876 732/962/882 724/961/874 
f 732/962/882 726/963/876 731/960/881 
f 733/966/883 734/967/884 735/968/885 
f 734/967/884 733/966/883 736/969/886 
f 737/970/887 735/968/885 738/971/888 
f 735/968/885 737/970/887 733/966/883 
f 739/970/889 738/971/888 740/971/890 
f 738/971/888 739/970/889 737/970/887 
f 741/966/891 740/971/890 742/968/892 
f 740/971/890 741/966/891 739/970/889 
f 736/969/886 742/968/892 734/967/884 
f 742/968/892 736/969/886 741/966/891 
f 741/972/891 736/973/886 733/974/883 
f 740/975/890 735/976/885 742/977/892 
f 735/976/885 740/975/890 738/978/888 
f 742/977/892 735/976/885 734/979/884 
f 741/972/891 737/980/887 739/981/889 
f 737/980/887 741/972/891 733/974/883 
f 743/982/893 744/983/894 745/984/895 
f 744/983/894 743/982/893 746/985/896 
f 747/986/897 748/987/898 749/988/899 
f 746/989/896 748/987/898 747/986/897 
f 743/990/893 748/987/898 746/989/896 
f 750/991/900 751/992/901 752/993/902 
f 751/992/901 750/991/900 753/994/903 
f 754/986/904 745/990/895 744/989/894 
f 755/988/905 745/990/895 754/986/904 
f 756/987/906 745/990/895 755/988/905 
f 756/995/906 743/982/893 745/984/895 
f 743/982/893 756/995/906 748/996/898 
f 744/983/894 747/997/897 754/998/904 
f 747/997/897 744/983/894 746/985/896 
f 755/988/905 753/999/903 750/1000/900 
f 753/999/903 755/988/905 754/986/904 
f 754/998/904 751/992/901 753/994/903 
f 747/986/897 752/1000/902 751/999/901 
f 752/1000/902 747/986/897 749/988/899 
f 757/1001/907 758/1002/908 759/1003/909 
f 758/1002/908 757/1001/907 760/1004/910 
f 761/1005/911 760/1006/910 757/1007/907 
f 760/1006/910 761/1005/911 762/1008/912 
f 762/1009/912 758/1002/908 760/1004/910 
f 758/1002/908 762/1009/912 763/1010/913 
f 763/1008/913 759/1007/909 758/1006/908 
f 759/1007/909 763/1008/913 764/1005/914 
f 764/1011/914 757/1001/907 759/1003/909 
f 757/1001/907 764/1011/914 761/1012/911 
f 765/1013/915 766/1014/916 767/1015/917 
f 766/1014/916 765/1013/915 768/1016/918 
f 769/1017/919 768/1018/918 765/1019/915 
f 768/1018/918 769/1017/919 770/1020/920 
f 771/1020/921 767/1015/917 766/1014/916 
f 767/1015/917 771/1020/921 772/1017/922 
f 773/1021/923 774/1022/924 775/1023/925 
f 774/1022/924 773/1021/923 776/1024/926 
f 777/1025/927 778/1026/928 779/1027/929 
f 778/1026/928 777/1025/927 780/1028/930 
f 781/1029/931 782/1030/932 783/1031/933 
f 782/1030/932 781/1029/931 784/1032/934 
f 778/1033/928 774/1034/924 782/1035/932 
f 783/1036/933 774/1034/924 776/1037/926 
f 774/1034/924 783/1036/933 782/1035/932 
f 784/1035/934 773/1037/923 775/1034/925 
f 773/1037/923 784/1035/934 781/1036/931 
f 777/1038/927 775/1034/925 785/1039/935 
f 775/1034/925 777/1038/927 779/1033/929 
f 780/1028/930 785/1040/935 786/1041/936 
f 785/1040/935 780/1028/930 777/1025/927 
f 786/1041/936 775/1023/925 774/1022/924 
f 775/1023/925 786/1041/936 785/1040/935 
f 779/1027/929 782/1030/932 784/1032/934 
f 782/1030/932 779/1027/929 778/1026/928 
f 786/1039/936 778/1033/928 780/1038/930 
f 778/1033/928 786/1039/936 774/1034/924 
f 775/1034/925 779/1033/929 784/1035/934 
f 690/919/840 707/935/857 710/934/860 
f 707/935/857 690/919/840 693/928/843 
f 772/1042/922 765/1043/915 767/1044/917 
f 765/1043/915 772/1042/922 769/1045/919 
f 751/992/901 754/998/904 747/997/897 
# 0 polygons - 136 triangles

#
# object Object092
#

v  -3.1885 2.0794 -0.5798
v  -2.7547 1.8924 0.2717
v  -3.1874 1.9253 -0.5863
v  -2.9041 1.8884 0.3467
v  -3.3367 1.9213 -0.5112
v  -3.3376 2.0751 -0.5047
v  -2.9050 2.0424 0.3533
v  -2.7558 2.0464 0.2781
v  -3.0264 1.9355 0.4956
v  -3.1020 1.9836 0.4268
v  -3.1017 1.9379 0.4248
v  -3.0269 1.9812 0.4974
v  -2.9133 1.9848 0.3306
v  -2.9419 1.9872 0.2729
v  -2.9416 1.9495 0.2713
v  -2.9131 1.9474 0.3291
v  -3.1965 2.0535 0.0343
v  -3.0996 1.8923 0.2179
v  -3.1007 2.0464 0.2243
v  -3.1954 1.8996 0.0280
v  -2.9964 2.0493 0.1719
v  -3.0923 2.0565 -0.0182
v  -3.0913 1.9026 -0.0245
v  -2.9955 1.8953 0.1653
v  -3.2800 2.0285 0.0945
v  -3.1987 1.9122 0.2496
v  -3.1993 2.0225 0.2540
v  -3.2792 1.9185 0.0899
v  -3.1065 2.0250 0.2074
v  -3.1871 2.0313 0.0477
v  -3.1863 1.9210 0.0431
v  -3.1059 1.9150 0.2028
v  -3.1377 1.9363 0.0003
v  -3.3837 2.0387 -0.4829
v  -3.3832 1.9550 -0.4865
v  -3.1383 2.0201 0.0036
v  -3.2809 1.9553 -0.6365
v  -3.2103 2.0009 -0.5738
v  -3.2422 1.9523 -0.5596
v  -3.2491 2.0038 -0.6506
v  -3.3330 1.9719 -0.6094
v  -3.2942 1.9690 -0.5327
v  -3.3334 2.0309 -0.6071
v  -3.2947 2.0279 -0.5302
v  -3.2815 2.0506 -0.6323
v  -3.2427 2.0476 -0.5556
v  -3.3901 1.9456 -0.8706
v  -3.2273 2.0044 -0.6609
v  -3.2738 1.9368 -0.6401
v  -3.3647 2.0148 -0.9333
v  -3.4420 1.9669 -0.7831
v  -3.3501 1.9600 -0.6009
v  -3.4424 2.0489 -0.7796
v  -3.3507 2.0419 -0.5974
v  -3.3910 2.0784 -0.8651
v  -3.2747 2.0694 -0.6346
v  -2.7636 1.9286 0.1389
v  -2.8262 2.0262 0.0200
v  -2.7641 2.0215 0.1429
v  -2.8255 1.9331 0.0162
v  -2.8550 1.9177 0.0156
v  -2.7940 1.8953 0.1939
v  -2.8785 1.9019 0.0266
v  -2.9256 2.0593 -0.0584
v  -2.9015 1.9213 -0.0764
v  -2.9248 1.9055 -0.0654
v  -2.9022 2.0449 -0.0712
v  -2.8558 2.0414 0.0208
v  -2.8792 2.0557 0.0336
v  -2.7948 2.0494 0.2009
v  -2.9795 1.9449 -0.2891
v  -3.0308 2.0419 -0.3860
v  -2.9802 2.0380 -0.2852
v  -3.0304 1.9488 -0.3898
v  -3.0101 1.9118 -0.2338
v  -3.0773 1.9169 -0.3673
v  -3.0784 2.0710 -0.3609
v  -3.0112 2.0659 -0.2274
v  -2.7464 1.9479 0.1997
v  -2.9905 2.0153 -0.2806
v  -2.7468 1.9968 0.2019
v  -2.9901 1.9663 -0.2827
v  -2.7837 1.9467 0.2185
v  -3.0274 1.9653 -0.2639
v  -3.0276 2.0144 -0.2618
v  -2.7839 1.9958 0.2205
v  -2.8787 2.0103 0.3379
v  -2.8244 1.9167 0.4404
v  -2.8250 2.0061 0.4440
v  -2.8780 1.9208 0.3340
v  -2.6111 2.0003 0.6200
v  -2.7044 1.9179 0.4300
v  -2.7050 2.0073 0.4335
v  -2.6104 1.9108 0.6161
v  -2.7968 2.0054 0.2964
v  -2.7371 1.9257 0.4101
v  -2.7963 1.9301 0.2932
v  -2.7377 2.0010 0.4134
v  -2.7844 1.9954 0.7071
v  -2.7837 1.9060 0.7035
# 100 vertices

vn 0.2517 0.6113 -0.7503
vn 0.7791 -0.5824 0.2319
vn 0.2597 -0.5430 -0.7986
vn -0.2530 -0.6110 0.7501
vn -0.4860 -0.7116 -0.5074
vn -0.4960 0.7452 -0.4458
vn -0.2593 0.5429 0.7988
vn 0.7717 0.5713 0.2794
vn 0.0971 -0.6071 0.7886
vn -0.8180 0.5746 0.0256
vn -0.8102 -0.5857 -0.0226
vn 0.0867 0.5423 0.8357
vn 0.5077 0.7799 0.3660
vn -0.5372 0.6447 -0.5438
vn -0.5273 -0.6036 -0.5980
vn 0.5220 -0.7989 0.2987
vn -0.7798 0.5817 -0.2316
vn -0.2512 -0.6111 0.7507
vn -0.2602 0.5429 0.7984
vn -0.7712 -0.5719 -0.2795
vn -0.2616 0.5415 0.7990
vn -0.3243 0.7304 -0.6011
vn -0.3137 -0.6820 -0.6607
vn -0.2509 -0.6113 0.7506
vn -0.7799 0.5816 -0.2315
vn -0.2513 -0.6107 0.7510
vn -0.2588 0.5440 0.7982
vn -0.7716 -0.5712 -0.2800
vn 0.3128 0.6818 0.6613
vn -0.3243 0.7314 -0.6000
vn -0.3140 -0.6820 -0.6605
vn 0.3247 -0.7299 0.6016
vn -0.7856 -0.4903 0.3774
vn -0.9013 0.3730 -0.2205
vn -0.8962 -0.3654 -0.2516
vn -0.7924 0.4455 0.4167
vn -0.4952 -0.8412 0.2173
vn -0.5071 0.8127 0.2869
vn 0.2808 -0.9431 -0.1783
vn 0.8927 0.0255 -0.4498
vn 0.2795 -0.9437 -0.1769
vn 0.8928 0.0240 -0.4498
vn -0.7153 -0.6114 0.3385
vn -0.7150 -0.6120 0.3380
vn -0.7233 0.5715 0.3876
vn -0.7243 0.5705 0.3872
vn 0.2659 0.9591 -0.0970
vn 0.2663 0.9590 -0.0973
vn -0.2406 -0.7736 -0.5863
vn 0.9863 0.0000 0.1649
vn 0.4904 -0.7765 0.3957
vn 0.0658 0.0415 -0.9970
vn -0.8617 -0.5073 -0.0095
vn -0.3060 -0.5170 0.7994
vn -0.8688 0.4941 0.0336
vn -0.3126 0.4435 0.8400
vn -0.2516 0.8163 -0.5199
vn 0.4798 0.7476 0.4592
vn 0.9161 -0.3953 -0.0667
vn 0.5294 0.4319 -0.7302
vn 0.9102 0.4128 -0.0342
vn 0.5364 -0.3655 -0.7607
vn 0.5859 -0.6278 -0.5124
vn 0.8419 -0.5174 0.1532
vn 0.4520 -0.8529 -0.2613
vn 0.1119 0.7537 -0.6476
vn 0.3421 -0.3559 -0.8696
vn 0.1287 -0.6878 -0.7144
vn 0.3288 0.4353 -0.8381
vn 0.5762 0.6785 -0.4558
vn 0.4373 0.8798 -0.1863
vn 0.8368 0.5108 0.1973
vn 0.9153 -0.3975 -0.0650
vn 0.3364 0.4344 -0.8355
vn 0.9096 0.4143 -0.0306
vn 0.3395 -0.3582 -0.8698
vn 0.8420 -0.5164 0.1563
vn 0.1279 -0.6909 -0.7115
vn 0.1151 0.7497 -0.6517
vn 0.8343 0.5138 0.2001
vn 0.7811 -0.5804 0.2301
vn 0.6278 0.7226 -0.2894
vn 0.7711 0.5713 0.2811
vn 0.6361 -0.6887 -0.3479
vn 0.3256 -0.7319 0.5986
vn 0.0059 -0.9991 -0.0415
vn -0.0039 0.9992 0.0403
vn 0.3142 0.6817 0.6608
vn -0.6120 0.7158 0.3362
vn -0.6209 -0.7701 0.1464
vn -0.6310 0.7465 0.2110
vn -0.6013 -0.7506 0.2739
vn 0.7709 0.5718 0.2805
vn 0.5416 -0.6307 -0.5558
vn 0.5328 0.6805 -0.5031
vn 0.7798 -0.5818 0.2311
vn 0.6503 0.6968 -0.3026
vn 0.4624 -0.6604 -0.5917
vn 0.6591 -0.6610 -0.3587
vn 0.4505 0.7171 -0.5318
vn -0.3829 0.5288 0.7575
vn -0.3739 -0.5952 0.7113
# 102 vertex normals

vt 0.9929 0.3745 0.0000
vt 0.9210 0.0471 0.0000
vt 0.9210 0.3745 0.0000
vt 0.8913 0.0137 0.0000
vt 0.8225 0.3410 0.0000
vt 0.8225 0.0137 0.0000
vt 0.8913 0.3410 0.0000
vt 0.9210 0.4327 0.0000
vt 0.9929 0.4327 0.0000
vt 0.9929 0.0106 0.0000
vt 0.9929 0.0471 0.0000
vt 0.9210 0.0106 0.0000
vt 0.7053 0.2393 0.0000
vt 0.6669 0.2275 0.0000
vt 0.7208 0.1742 0.0000
vt 0.7010 0.1606 0.0000
vt 0.9210 0.1160 0.0000
vt 0.9929 0.1160 0.0000
vt 0.7747 0.1990 0.0000
vt 0.8225 0.2716 0.0000
vt 0.8225 0.1990 0.0000
vt 0.7747 0.2716 0.0000
vt 0.7741 0.2753 0.0000
vt 0.8194 0.3348 0.0000
vt 0.8194 0.2753 0.0000
vt 0.7741 0.3348 0.0000
vt 0.8305 0.3819 0.0000
vt 0.8733 0.4427 0.0000
vt 0.8305 0.4427 0.0000
vt 0.8733 0.3819 0.0000
vt 0.9167 0.4427 0.0000
vt 0.9167 0.3819 0.0000
vt 0.8739 0.3441 0.0000
vt 0.9167 0.3441 0.0000
vt 0.8739 0.3819 0.0000
vt 0.8733 0.3441 0.0000
vt 0.7574 0.1990 0.0000
vt 0.7964 0.0137 0.0000
vt 0.7574 0.0137 0.0000
vt 0.7964 0.1990 0.0000
vt 0.9372 0.4507 0.0000
vt 0.9768 0.4507 0.0000
vt 0.8460 0.3447 0.0000
vt 0.8714 0.3745 0.0000
vt 0.8460 0.3745 0.0000
vt 0.8714 0.3447 0.0000
vt 0.8212 0.3447 0.0000
vt 0.8212 0.3745 0.0000
vt 0.6991 0.3156 0.0000
vt 0.6675 0.2418 0.0000
vt 0.6991 0.2418 0.0000
vt 0.6675 0.3249 0.0000
vt 0.7307 0.3137 0.0000
vt 0.7307 0.2418 0.0000
vt 0.8987 0.4451 0.0000
vt 0.8752 0.4737 0.0000
vt 0.8987 0.5015 0.0000
vt 0.9229 0.5332 0.0000
vt 0.9626 0.4873 0.0000
vt 0.9626 0.5437 0.0000
vt 0.9229 0.4978 0.0000
vt 0.9867 0.5152 0.0000
vt 0.9378 0.4910 0.0000
vt 0.9378 0.4557 0.0000
vt 0.8204 0.4737 0.0000
vt 0.7702 0.5170 0.0000
vt 0.8204 0.5170 0.0000
vt 0.7702 0.4737 0.0000
vt 0.9043 0.2474 0.0000
vt 0.8913 0.3112 0.0000
vt 0.8913 0.2474 0.0000
vt 0.9173 0.2517 0.0000
vt 0.9173 0.2988 0.0000
vt 0.7194 0.5313 0.0000
vt 0.7274 0.4662 0.0000
vt 0.7187 0.4594 0.0000
vt 0.7274 0.5245 0.0000
vt 0.8415 0.5313 0.0000
vt 0.8415 0.4594 0.0000
vt 0.7603 0.4662 0.0000
vt 0.7603 0.5245 0.0000
vt 0.9043 0.2120 0.0000
vt 0.8913 0.2120 0.0000
vt 0.9353 0.1110 0.0000
vt 0.9787 0.1457 0.0000
vt 0.9787 0.1110 0.0000
vt 0.9353 0.1457 0.0000
vt 0.8913 0.1482 0.0000
vt 0.9173 0.0967 0.0000
vt 0.9173 0.1352 0.0000
vt 0.8913 0.0967 0.0000
vt 0.9210 0.1624 0.0000
vt 0.9929 0.1624 0.0000
vt 0.9929 0.0905 0.0000
vt 0.9210 0.0905 0.0000
vt 0.7357 0.2021 0.0000
vt 0.7561 0.3081 0.0000
vt 0.7561 0.2021 0.0000
vt 0.7357 0.3081 0.0000
vt 0.7716 0.2021 0.0000
vt 0.7555 0.3081 0.0000
vt 0.7555 0.2021 0.0000
vt 0.7716 0.3081 0.0000
vt 0.7543 0.1321 0.0000
vt 0.7196 0.0936 0.0000
vt 0.7543 0.0936 0.0000
vt 0.7196 0.1321 0.0000
vt 0.7543 0.0788 0.0000
vt 0.7196 0.1445 0.0000
vt 0.7543 0.1445 0.0000
vt 0.7196 0.0788 0.0000
vt 0.7518 0.1984 0.0000
vt 0.7220 0.1569 0.0000
vt 0.7220 0.1984 0.0000
vt 0.7518 0.1569 0.0000
vt 0.7778 0.3633 0.0000
vt 0.7344 0.3490 0.0000
vt 0.7698 0.3528 0.0000
vt 0.7698 0.3106 0.0000
vt 0.7344 0.3106 0.0000
vt 0.7778 0.4309 0.0000
vt 0.7022 0.4309 0.0000
vt 0.7543 0.0124 0.0000
vt 0.7196 0.0124 0.0000
vt 0.7357 0.2158 0.0000
vt 0.7561 0.2015 0.0000
vt 0.7357 0.2015 0.0000
vt 0.7561 0.2158 0.0000
# 128 texture coords

g Object092
usemtl Material__5129
s 1
f 787/1046/937 788/1047/938 789/1048/939 
f 789/1049/939 790/1050/940 791/1051/941 
f 790/1050/940 789/1049/939 788/1052/938 
f 791/1053/941 787/1046/937 789/1048/939 
f 787/1046/937 791/1053/941 792/1054/942 
f 793/1050/943 787/1049/937 792/1051/942 
f 787/1049/937 793/1050/943 794/1052/944 
f 793/1055/943 788/1047/938 794/1056/944 
f 788/1047/938 793/1055/943 790/1057/940 
f 795/1058/945 796/1059/946 797/1059/947 
f 796/1059/946 795/1058/945 798/1058/948 
f 799/1060/949 796/1059/946 798/1058/948 
f 796/1059/946 799/1060/949 800/1061/950 
f 800/1061/950 797/1059/947 796/1059/946 
f 797/1059/947 800/1061/950 801/1061/951 
f 801/1061/951 795/1058/945 797/1059/947 
f 795/1058/945 801/1061/951 802/1060/952 
f 802/1060/952 798/1058/948 795/1058/945 
f 798/1058/948 802/1060/952 799/1060/949 
f 803/1056/953 804/1062/954 805/1047/955 
f 804/1062/954 803/1056/953 806/1063/956 
f 803/1064/953 807/1065/957 808/1066/958 
f 807/1065/957 803/1064/953 805/1067/955 
f 806/1068/956 808/1069/958 809/1070/959 
f 808/1069/958 806/1068/956 803/1071/953 
f 804/1067/954 809/1066/959 810/1065/960 
f 809/1066/959 804/1067/954 806/1064/956 
f 805/1071/955 810/1070/960 807/1069/957 
f 810/1070/960 805/1071/955 804/1068/954 
f 811/1072/961 812/1073/962 813/1074/963 
f 812/1073/962 811/1072/961 814/1075/964 
f 811/1075/961 815/1076/965 816/1077/966 
f 815/1076/965 811/1075/961 813/1073/963 
f 814/1078/964 816/1077/966 817/1079/967 
f 816/1077/966 814/1078/964 811/1080/961 
f 812/1073/962 817/1077/967 818/1076/968 
f 817/1077/967 812/1073/962 814/1075/964 
f 813/1075/963 818/1079/968 815/1077/965 
f 818/1079/968 813/1075/963 812/1081/962 
f 819/1082/969 820/1083/970 821/1084/971 
f 820/1083/970 819/1082/969 822/1085/972 
f 821/1086/971 792/1054/942 791/1053/941 
f 792/1054/942 821/1086/971 820/1087/970 
f 819/1085/969 791/1051/941 809/1066/973 
f 788/1047/938 787/1046/937 794/1056/944 
f 791/1051/941 819/1085/969 821/1083/971 
f 820/1083/970 808/1066/974 792/1051/942 
f 808/1066/974 820/1083/970 822/1085/972 
f 823/1088/975 824/1089/976 825/1090/977 
f 824/1089/976 823/1088/975 826/1091/978 
f 827/1092/979 825/1090/977 828/1093/980 
f 825/1090/977 827/1092/979 823/1088/975 
f 829/1092/981 828/1093/980 830/1093/982 
f 828/1093/980 829/1092/981 827/1092/979 
f 831/1088/983 830/1093/982 832/1090/984 
f 830/1093/982 831/1088/983 829/1092/981 
f 826/1091/978 832/1090/984 824/1089/976 
f 832/1090/984 826/1091/978 831/1088/983 
f 833/1094/985 834/1095/986 835/1096/987 
f 834/1095/986 833/1094/985 836/1097/988 
f 837/1098/989 835/1096/987 838/1099/990 
f 835/1096/987 837/1098/989 833/1094/985 
f 839/1098/991 838/1099/990 840/1099/992 
f 838/1099/990 839/1098/991 837/1098/989 
f 841/1094/993 840/1099/992 842/1096/994 
f 840/1099/992 841/1094/993 839/1098/991 
f 836/1097/988 842/1096/994 834/1095/986 
f 842/1096/994 836/1097/988 841/1094/993 
f 841/1100/993 836/1101/988 833/1102/985 
f 840/1103/992 835/1104/987 842/1105/994 
f 835/1104/987 840/1103/992 838/1106/990 
f 842/1105/994 835/1104/987 834/1107/986 
f 841/1100/993 837/1108/989 839/1109/991 
f 837/1108/989 841/1100/993 833/1102/985 
f 843/1110/995 844/1111/996 845/1112/997 
f 844/1111/996 843/1110/995 846/1113/998 
f 847/1114/999 848/1115/1000 849/1116/1001 
f 846/1117/998 848/1115/1000 847/1114/999 
f 843/1118/995 848/1115/1000 846/1117/998 
f 850/1119/1002 851/1120/1003 852/1121/1004 
f 851/1120/1003 850/1119/1002 853/1122/1005 
f 854/1114/1006 845/1118/997 844/1117/996 
f 855/1116/1007 845/1118/997 854/1114/1006 
f 856/1115/1008 845/1118/997 855/1116/1007 
f 856/1123/1008 843/1110/995 845/1112/997 
f 843/1110/995 856/1123/1008 848/1124/1000 
f 844/1111/996 847/1125/999 854/1126/1006 
f 847/1125/999 844/1111/996 846/1113/998 
f 855/1116/1007 853/1127/1005 850/1128/1002 
f 853/1127/1005 855/1116/1007 854/1114/1006 
f 854/1126/1006 851/1120/1003 853/1122/1005 
f 847/1114/999 852/1128/1004 851/1127/1003 
f 852/1128/1004 847/1114/999 849/1116/1001 
f 857/1129/1009 858/1130/1010 859/1131/1011 
f 858/1130/1010 857/1129/1009 860/1132/1012 
f 861/1133/1013 860/1134/1012 857/1135/1009 
f 860/1134/1012 861/1133/1013 862/1136/1014 
f 862/1137/1014 858/1130/1010 860/1132/1012 
f 858/1130/1010 862/1137/1014 863/1138/1015 
f 863/1136/1015 859/1135/1011 858/1134/1010 
f 859/1135/1011 863/1136/1015 864/1133/1016 
f 864/1139/1016 857/1129/1009 859/1131/1011 
f 857/1129/1009 864/1139/1016 861/1140/1013 
f 865/1141/1017 866/1142/1018 867/1143/1019 
f 866/1142/1018 865/1141/1017 868/1144/1020 
f 869/1145/1021 868/1146/1020 865/1147/1017 
f 868/1146/1020 869/1145/1021 870/1148/1022 
f 871/1148/1023 867/1143/1019 866/1142/1018 
f 867/1143/1019 871/1148/1023 872/1145/1024 
f 873/1149/1025 874/1150/1026 875/1151/1027 
f 874/1150/1026 873/1149/1025 876/1152/1028 
f 877/1153/1029 878/1154/1030 879/1155/1031 
f 878/1154/1030 877/1153/1029 880/1156/1032 
f 881/1157/1033 882/1158/1034 883/1159/1035 
f 882/1158/1034 881/1157/1033 884/1160/1036 
f 878/1161/1030 874/1162/1026 882/1163/1034 
f 883/1164/1035 874/1162/1026 876/1165/1028 
f 874/1162/1026 883/1164/1035 882/1163/1034 
f 884/1163/1036 873/1165/1025 875/1162/1027 
f 873/1165/1025 884/1163/1036 881/1164/1033 
f 877/1166/1029 875/1162/1027 885/1167/1037 
f 875/1162/1027 877/1166/1029 879/1161/1031 
f 880/1156/1032 885/1168/1037 886/1169/1038 
f 885/1168/1037 880/1156/1032 877/1153/1029 
f 886/1169/1038 875/1151/1027 874/1150/1026 
f 875/1151/1027 886/1169/1038 885/1168/1037 
f 879/1155/1031 882/1158/1034 884/1160/1036 
f 882/1158/1034 879/1155/1031 878/1154/1030 
f 886/1167/1038 878/1161/1030 880/1166/1032 
f 878/1161/1030 886/1167/1038 874/1162/1026 
f 875/1162/1027 879/1161/1031 884/1163/1036 
f 790/1047/940 807/1063/957 810/1062/960 
f 807/1063/957 790/1047/940 793/1056/943 
f 872/1170/1024 865/1171/1017 867/1172/1019 
f 865/1171/1017 872/1170/1024 869/1173/1021 
f 851/1120/1003 854/1126/1006 847/1125/999 
# 0 polygons - 136 triangles

#
# object Mesh_1635
#

v  -3.5391 2.0283 0.4500
v  -3.7204 2.0084 0.6764
v  -3.7147 1.9596 0.6766
v  -3.5334 1.9795 0.4503
v  -3.5985 1.9062 0.5753
v  -3.5779 1.9064 0.6929
v  -3.5779 1.9556 0.6927
v  -3.5985 1.9553 0.5751
v  -3.6390 1.9061 0.4629
v  -3.6390 1.9552 0.4629
v  -3.6978 1.9062 0.3589
v  -3.6978 1.9553 0.3589
v  -3.7733 1.9064 0.2664
v  -3.7733 1.9556 0.2665
v  -3.3176 1.9554 0.5006
v  -3.2883 1.9557 0.6668
v  -3.2883 1.9066 0.6670
v  -3.3176 1.9062 0.5006
v  -3.3748 1.9552 0.3417
v  -3.3748 1.9061 0.3417
v  -3.4579 1.9554 0.1948
v  -3.4579 1.9062 0.1948
v  -3.5645 1.9557 0.0641
v  -3.5647 1.9066 0.0640
v  -3.8132 1.9479 0.6099
v  -3.8187 1.9967 0.6096
v  -3.9213 1.9353 0.5608
v  -3.9269 1.9841 0.5606
v  -4.0362 1.9222 0.5309
v  -4.0417 1.9710 0.5308
v  -4.1545 1.9089 0.5211
v  -4.1599 1.9578 0.5209
v  -3.6780 2.0118 0.3557
v  -3.6725 1.9630 0.3559
v  -3.8310 1.9940 0.2863
v  -3.8254 1.9452 0.2865
v  -3.9934 1.9755 0.2442
v  -3.9879 1.9267 0.2443
v  -4.1606 1.9568 0.2302
v  -4.1551 1.9079 0.2303
v  -3.8780 2.0283 -0.4099
v  -3.6517 2.0084 -0.2286
v  -3.6515 1.9596 -0.2343
v  -3.8777 1.9795 -0.4155
v  -3.7527 1.9062 -0.3505
v  -3.6351 1.9064 -0.3712
v  -3.6351 1.9556 -0.3712
v  -3.7527 1.9553 -0.3505
v  -3.8652 1.9061 -0.3101
v  -3.8652 1.9552 -0.3101
v  -3.9691 1.9062 -0.2513
v  -3.9691 1.9553 -0.2513
v  -4.0616 1.9064 -0.1757
v  -4.0615 1.9556 -0.1758
v  -3.8273 1.9554 -0.6314
v  -3.6613 1.9557 -0.6607
v  -3.6611 1.9066 -0.6608
v  -3.8273 1.9062 -0.6314
v  -3.9863 1.9552 -0.5743
v  -3.9863 1.9061 -0.5743
v  -4.1332 1.9554 -0.4912
v  -4.1333 1.9062 -0.4912
v  -4.2640 1.9557 -0.3844
v  -4.2640 1.9066 -0.3844
v  -3.7182 1.9479 -0.1359
v  -3.7183 1.9967 -0.1303
v  -3.7673 1.9353 -0.0277
v  -3.7673 1.9841 -0.0222
v  -3.7971 1.9222 0.0872
v  -3.7973 1.9710 0.0927
v  -3.8069 1.9089 0.2054
v  -3.8071 1.9578 0.2109
v  -3.9723 2.0118 -0.2709
v  -3.9721 1.9630 -0.2766
v  -4.0417 1.9940 -0.1180
v  -4.0414 1.9452 -0.1236
v  -4.0839 1.9755 0.0443
v  -4.0837 1.9267 0.0388
v  -4.0978 1.9568 0.2115
v  -4.0977 1.9079 0.2060
# 80 vertices

vn 0.7729 0.0939 0.6275
vn 0.7734 0.0919 0.6272
vn -0.9665 -0.0000 0.2565
vn -0.9850 -0.0004 0.1728
vn -0.9850 -0.0002 0.1727
vn -0.9665 -0.0000 0.2566
vn -0.9089 0.0000 0.4170
vn -0.9139 0.0000 0.4060
vn -0.8254 -0.0007 0.5645
vn -0.8702 -0.0006 0.4926
vn -0.8254 -0.0008 0.5645
vn -0.7746 -0.0013 0.6324
vn -0.7746 -0.0014 0.6325
vn 0.9664 0.0000 -0.2569
vn 0.9848 0.0003 -0.1735
vn 0.9090 -0.0000 -0.4168
vn 0.9125 -0.0000 -0.4092
vn 0.8256 0.0004 -0.5642
vn 0.8704 0.0003 -0.4923
vn 0.8256 0.0002 -0.5642
vn 0.7746 -0.0009 -0.6324
vn 0.7746 -0.0011 -0.6325
vn -0.4841 -0.0507 0.8735
vn -0.5548 -0.0620 0.8297
vn -0.5552 -0.0612 0.8295
vn -0.4843 -0.0505 0.8734
vn -0.3298 -0.0338 0.9434
vn -0.3296 -0.0340 0.9435
vn -0.1661 -0.0156 0.9860
vn -0.0824 -0.0059 0.9966
vn -0.0825 -0.0058 0.9966
vn 0.4839 0.0504 -0.8737
vn 0.5560 0.0596 -0.8291
vn 0.5559 0.0594 -0.8291
vn 0.4838 0.0504 -0.8737
vn 0.3297 0.0338 -0.9435
vn 0.3377 0.0349 -0.9406
vn 0.1661 0.0161 -0.9860
vn 0.2486 0.0256 -0.9683
vn 0.1663 0.0162 -0.9859
vn 0.0826 0.0068 -0.9966
vn 0.0826 0.0069 -0.9966
vn 0.1145 -0.9934 0.0043
vn 0.1151 -0.9933 0.0046
vn 0.1152 -0.9933 0.0046
vn 0.1131 -0.9936 0.0037
vn 0.1117 -0.9937 0.0033
vn 0.1118 -0.9937 0.0033
vn 0.1110 -0.9938 0.0032
vn 0.1111 -0.9938 0.0031
vn -0.6962 0.0030 -0.7178
vn -0.6962 0.0031 -0.7178
vn 0.0894 0.0035 0.9960
vn 0.0892 0.0045 0.9960
vn 0.0892 0.0044 0.9960
vn 0.0894 0.0034 0.9960
vn -0.9938 -0.1111 0.0027
vn -0.9938 -0.1108 0.0027
vn 0.0011 1.0000 0.0019
vn 0.0012 1.0000 0.0019
vn 0.0007 1.0000 0.0013
vn -0.0000 1.0000 0.0000
vn -0.0005 1.0000 -0.0014
vn -0.0007 1.0000 -0.0021
vn 0.0005 -1.0000 0.0014
vn 0.0007 -1.0000 0.0021
vn 0.0007 -1.0000 0.0020
vn -0.0000 -1.0000 0.0000
vn -0.0007 -1.0000 -0.0013
vn -0.0006 -1.0000 -0.0010
vn -0.0011 -1.0000 -0.0019
vn -0.0011 -1.0000 -0.0018
vn -0.1110 0.9938 -0.0032
vn -0.1117 0.9937 -0.0033
vn -0.1131 0.9936 -0.0037
vn -0.1145 0.9934 -0.0043
vn -0.1144 0.9934 -0.0043
vn -0.1151 0.9933 -0.0047
vn 0.6275 0.0932 -0.7730
vn 0.6274 0.0926 -0.7731
vn 0.2566 -0.0000 0.9665
vn 0.1732 -0.0001 0.9849
vn 0.1732 0.0000 0.9849
vn 0.2564 0.0000 0.9666
vn 0.4168 -0.0000 0.9090
vn 0.4058 -0.0000 0.9140
vn 0.5646 -0.0003 0.8253
vn 0.4927 -0.0003 0.8702
vn 0.5647 -0.0004 0.8253
vn 0.6325 -0.0004 0.7746
vn -0.2568 0.0000 -0.9665
vn -0.1738 0.0003 -0.9848
vn -0.2569 0.0000 -0.9664
vn -0.4167 -0.0000 -0.9091
vn -0.4090 0.0000 -0.9125
vn -0.5646 0.0004 -0.8253
vn -0.4923 0.0003 -0.8704
vn -0.5646 0.0004 -0.8254
vn -0.6327 0.0009 -0.7744
vn 0.8738 -0.0534 0.4834
vn 0.8293 -0.0613 0.5555
vn 0.8293 -0.0614 0.5554
vn 0.8737 -0.0535 0.4835
vn 0.9435 -0.0358 0.3294
vn 0.9435 -0.0356 0.3296
vn 0.9859 -0.0155 0.1664
vn 0.9859 -0.0153 0.1666
vn 0.9966 -0.0058 0.0826
vn -0.8735 0.0519 -0.4840
vn -0.8292 0.0604 -0.5557
vn -0.8736 0.0518 -0.4839
vn -0.9435 0.0325 -0.3299
vn -0.9406 0.0333 -0.3378
vn -0.9859 0.0151 -0.1664
vn -0.9682 0.0245 -0.2490
vn -0.9859 0.0152 -0.1664
vn -0.9966 0.0058 -0.0825
vn 0.0043 -0.9934 -0.1146
vn 0.0046 -0.9933 -0.1151
vn 0.0047 -0.9933 -0.1152
vn 0.0043 -0.9934 -0.1145
vn 0.0037 -0.9936 -0.1131
vn 0.0033 -0.9937 -0.1117
vn 0.0033 -0.9937 -0.1118
vn 0.0032 -0.9938 -0.1111
vn 0.0032 -0.9938 -0.1110
vn -0.7179 0.0034 0.6962
vn -0.7177 0.0020 0.6963
vn -0.7177 0.0022 0.6963
vn -0.7179 0.0036 0.6962
vn 0.9960 0.0031 -0.0893
vn 0.9960 0.0011 -0.0896
vn 0.9960 0.0014 -0.0896
vn 0.9960 0.0034 -0.0892
vn 0.0023 -0.1111 0.9938
vn 0.0019 1.0000 -0.0011
vn 0.0019 1.0000 -0.0012
vn 0.0013 1.0000 -0.0007
vn 0.0000 1.0000 0.0000
vn -0.0014 1.0000 0.0005
vn -0.0021 1.0000 0.0007
vn 0.0014 -1.0000 -0.0005
vn 0.0021 -1.0000 -0.0007
vn 0.0020 -1.0000 -0.0007
vn 0.0000 -1.0000 0.0000
vn -0.0013 -1.0000 0.0007
vn -0.0010 -1.0000 0.0006
vn -0.0019 -1.0000 0.0011
vn -0.0018 -1.0000 0.0011
vn -0.0032 0.9938 0.1109
vn -0.0033 0.9937 0.1117
vn -0.0037 0.9936 0.1132
vn -0.0043 0.9934 0.1145
vn -0.0047 0.9933 0.1151
# 154 vertex normals

vt 0.6537 0.2569 0.0000
vt 0.5400 0.2368 0.0000
vt 0.5449 0.2092 0.0000
vt 0.6585 0.2293 0.0000
vt 0.5726 0.1003 0.0000
vt 0.5828 0.0433 0.0000
vt 0.6055 0.0474 0.0000
vt 0.5954 0.1043 0.0000
vt 0.5622 0.1590 0.0000
vt 0.5850 0.1630 0.0000
vt 0.5519 0.2177 0.0000
vt 0.5747 0.2217 0.0000
vt 0.5420 0.2747 0.0000
vt 0.5647 0.2787 0.0000
vt 0.5993 0.0871 0.0000
vt 0.6116 0.0182 0.0000
vt 0.5935 0.0149 0.0000
vt 0.5812 0.0839 0.0000
vt 0.5867 0.1582 0.0000
vt 0.5687 0.1550 0.0000
vt 0.5742 0.2292 0.0000
vt 0.5562 0.2261 0.0000
vt 0.5622 0.2982 0.0000
vt 0.5441 0.2951 0.0000
vt 0.5452 0.0811 0.0000
vt 0.5715 0.0127 0.0000
vt 0.7023 0.0557 0.0000
vt 0.6818 0.1266 0.0000
vt 0.5258 0.1611 0.0000
vt 0.6702 0.1763 0.0000
vt 0.5153 0.2370 0.0000
vt 0.6607 0.2327 0.0000
vt 0.5140 0.3185 0.0000
vt 0.6549 0.3062 0.0000
vt 0.5176 0.2334 0.0000
vt 0.5869 0.2457 0.0000
vt 0.5930 0.2112 0.0000
vt 0.5237 0.1988 0.0000
vt 0.5711 0.0127 0.0000
vt 0.7019 0.0557 0.0000
vt 0.6814 0.1265 0.0000
vt 0.5448 0.0811 0.0000
vt 0.6699 0.1762 0.0000
vt 0.5255 0.1610 0.0000
vt 0.6604 0.2326 0.0000
vt 0.5149 0.2369 0.0000
vt 0.6546 0.3060 0.0000
vt 0.5137 0.3184 0.0000
# 48 texture coords

g Mesh_1635
usemtl Material__5129
s 1
f 887/1174/1039 888/1175/1039 889/1176/1039 
s 2
f 889/1176/1040 890/1177/1040 887/1174/1040 
s 3
f 891/1178/1041 892/1179/1042 893/1180/1042 
s 4
f 893/1180/1043 894/1181/1044 891/1178/1041 
s 5
f 895/1182/1045 891/1178/1041 894/1181/1044 
s 6
f 894/1181/1044 896/1183/1046 895/1182/1045 
s 7
f 897/1184/1047 895/1182/1045 896/1183/1046 
s 8
f 896/1183/1048 898/1185/1049 897/1184/1047 
s 9
f 899/1186/1050 897/1184/1047 898/1185/1049 
s 10
f 898/1185/1049 900/1187/1051 899/1186/1050 
s 11
f 901/1188/1052 902/1189/1053 903/1190/1053 
s 12
f 903/1190/1053 904/1191/1052 901/1188/1052 
s 13
f 905/1192/1054 901/1188/1052 904/1191/1052 
s 14
f 904/1191/1052 906/1193/1055 905/1192/1054 
s 15
f 907/1194/1056 905/1192/1054 906/1193/1055 
s 16
f 906/1193/1057 908/1195/1058 907/1194/1056 
s 17
f 909/1196/1059 907/1194/1056 908/1195/1058 
s 18
f 908/1195/1058 910/1197/1060 909/1196/1059 
s 19
f 911/1178/1061 889/1179/1062 888/1180/1063 
s 20
f 888/1180/1063 912/1181/1064 911/1178/1061 
s 21
f 913/1182/1065 911/1178/1061 912/1181/1064 
s 22
f 912/1181/1064 914/1183/1066 913/1182/1065 
s 23
f 915/1184/1067 913/1182/1065 914/1183/1066 
s 24
f 914/1183/1066 916/1185/1067 915/1184/1067 
s 25
f 917/1186/1068 915/1184/1067 916/1185/1067 
s 26
f 916/1185/1067 918/1187/1069 917/1186/1068 
s 27
f 919/1188/1070 887/1189/1071 890/1190/1072 
s 28
f 890/1190/1072 920/1191/1073 919/1188/1070 
s 29
f 921/1192/1074 919/1188/1070 920/1191/1073 
s 30
f 920/1191/1073 922/1193/1075 921/1192/1074 
s 31
f 923/1194/1076 921/1192/1074 922/1193/1075 
s 32
f 922/1193/1077 924/1195/1078 923/1194/1076 
s 33
f 925/1196/1079 923/1194/1076 924/1195/1078 
s 34
f 924/1195/1078 926/1197/1080 925/1196/1079 
s 35
f 920/1198/1081 890/1199/1082 889/1200/1083 
s 36
f 889/1200/1083 911/1201/1081 920/1198/1081 
s 37
f 922/1202/1084 920/1198/1081 911/1201/1081 
s 38
f 911/1201/1081 913/1203/1084 922/1202/1084 
s 39
f 924/1204/1085 922/1202/1084 913/1203/1084 
s 40
f 913/1203/1084 915/1205/1086 924/1204/1085 
s 41
f 926/1206/1087 924/1204/1085 915/1205/1086 
s 42
f 915/1205/1086 917/1207/1088 926/1206/1087 
s 43
f 900/1208/1089 909/1209/1090 910/1210/1090 
s 44
f 910/1210/1090 899/1211/1089 900/1208/1089 
s 45
f 902/1174/1091 893/1175/1092 892/1176/1093 
s 46
f 892/1176/1093 903/1177/1094 902/1174/1091 
s 47
f 918/1208/1095 925/1209/1096 926/1210/1096 
s 48
f 926/1210/1096 917/1211/1095 918/1208/1095 
s 49
f 909/1212/1097 900/1213/1098 898/1214/1099 
s 50
f 898/1214/1099 907/1215/1099 909/1212/1097 
s 51
f 907/1215/1099 898/1214/1099 896/1216/1100 
s 52
f 896/1216/1100 905/1217/1100 907/1215/1099 
s 53
f 905/1217/1100 896/1216/1100 894/1218/1101 
s 54
f 894/1218/1101 901/1219/1101 905/1217/1100 
s 55
f 901/1219/1101 894/1218/1101 893/1220/1102 
s 56
f 893/1220/1102 902/1221/1102 901/1219/1101 
s 57
f 904/1198/1103 903/1199/1104 892/1200/1105 
s 58
f 892/1200/1105 891/1201/1103 904/1198/1103 
s 59
f 906/1202/1106 904/1198/1103 891/1201/1103 
s 60
f 891/1201/1103 895/1203/1106 906/1202/1106 
s 61
f 908/1204/1107 906/1202/1106 895/1203/1106 
s 62
f 895/1203/1106 897/1205/1108 908/1204/1107 
s 63
f 910/1206/1109 908/1204/1107 897/1205/1108 
s 64
f 897/1205/1110 899/1207/1110 910/1206/1110 
s 65
f 925/1212/1111 918/1213/1111 916/1214/1112 
s 66
f 916/1214/1112 923/1215/1112 925/1212/1111 
s 67
f 923/1215/1112 916/1214/1112 914/1216/1113 
s 68
f 914/1216/1113 921/1217/1113 923/1215/1112 
s 69
f 921/1217/1113 914/1216/1113 912/1218/1114 
s 70
f 912/1218/1114 919/1219/1115 921/1217/1113 
s 71
f 919/1219/1115 912/1218/1114 888/1220/1116 
s 72
f 888/1220/1116 887/1221/1116 919/1219/1115 
s 1
f 927/1174/1117 928/1175/1117 929/1176/1117 
s 2
f 929/1176/1118 930/1177/1118 927/1174/1118 
s 3
f 931/1178/1119 932/1179/1120 933/1180/1120 
s 4
f 933/1180/1121 934/1181/1122 931/1178/1119 
s 5
f 935/1182/1123 931/1178/1119 934/1181/1122 
s 6
f 934/1181/1122 936/1183/1124 935/1182/1123 
s 7
f 937/1184/1125 935/1182/1123 936/1183/1124 
s 8
f 936/1183/1126 938/1185/1127 937/1184/1125 
s 9
f 939/1186/1128 937/1184/1125 938/1185/1127 
s 10
f 938/1185/1127 940/1187/1128 939/1186/1128 
s 11
f 941/1188/1129 942/1189/1130 943/1190/1130 
s 12
f 943/1190/1130 944/1191/1131 941/1188/1129 
s 13
f 945/1192/1132 941/1188/1129 944/1191/1131 
s 14
f 944/1191/1131 946/1193/1133 945/1192/1132 
s 15
f 947/1194/1134 945/1192/1132 946/1193/1133 
s 16
f 946/1193/1135 948/1195/1136 947/1194/1134 
s 17
f 949/1196/1137 947/1194/1134 948/1195/1136 
s 18
f 948/1195/1136 950/1197/1137 949/1196/1137 
s 19
f 951/1178/1138 929/1179/1139 928/1180/1140 
s 20
f 928/1180/1140 952/1181/1141 951/1178/1138 
s 21
f 953/1182/1142 951/1178/1138 952/1181/1141 
s 22
f 952/1181/1141 954/1183/1143 953/1182/1142 
s 23
f 955/1184/1144 953/1182/1142 954/1183/1143 
s 24
f 954/1183/1143 956/1185/1145 955/1184/1144 
s 25
f 957/1186/1146 955/1184/1144 956/1185/1145 
s 26
f 956/1185/1145 958/1187/1146 957/1186/1146 
s 27
f 959/1188/1147 927/1189/1148 930/1190/1148 
s 28
f 930/1190/1148 960/1191/1149 959/1188/1147 
s 29
f 961/1192/1150 959/1188/1147 960/1191/1149 
s 30
f 960/1191/1149 962/1193/1151 961/1192/1150 
s 31
f 963/1194/1152 961/1192/1150 962/1193/1151 
s 32
f 962/1193/1153 964/1195/1154 963/1194/1152 
s 33
f 965/1196/1155 963/1194/1152 964/1195/1154 
s 34
f 964/1195/1154 966/1197/1155 965/1196/1155 
s 35
f 960/1198/1156 930/1199/1157 929/1200/1158 
s 36
f 929/1200/1158 951/1201/1159 960/1198/1156 
s 37
f 962/1202/1160 960/1198/1156 951/1201/1159 
s 38
f 951/1201/1159 953/1203/1160 962/1202/1160 
s 39
f 964/1204/1161 962/1202/1160 953/1203/1160 
s 40
f 953/1203/1160 955/1205/1162 964/1204/1161 
s 41
f 966/1206/1163 964/1204/1161 955/1205/1162 
s 42
f 955/1205/1162 957/1207/1164 966/1206/1163 
s 43
f 940/1208/1165 949/1209/1166 950/1210/1167 
s 44
f 950/1210/1167 939/1211/1168 940/1208/1165 
s 45
f 942/1174/1169 933/1175/1170 932/1176/1171 
s 46
f 932/1176/1171 943/1177/1172 942/1174/1169 
s 47
f 958/1208/1173 965/1209/1173 966/1210/1173 
s 48
f 966/1210/1173 957/1211/1173 958/1208/1173 
s 49
f 949/1212/1174 940/1213/1175 938/1214/1176 
s 50
f 938/1214/1176 947/1215/1176 949/1212/1174 
s 51
f 947/1215/1176 938/1214/1176 936/1216/1177 
s 52
f 936/1216/1177 945/1217/1177 947/1215/1176 
s 53
f 945/1217/1177 936/1216/1177 934/1218/1178 
s 54
f 934/1218/1178 941/1219/1178 945/1217/1177 
s 55
f 941/1219/1178 934/1218/1178 933/1220/1179 
s 56
f 933/1220/1179 942/1221/1179 941/1219/1178 
s 57
f 944/1198/1180 943/1199/1181 932/1200/1182 
s 58
f 932/1200/1182 931/1201/1180 944/1198/1180 
s 59
f 946/1202/1183 944/1198/1180 931/1201/1180 
s 60
f 931/1201/1180 935/1203/1183 946/1202/1183 
s 61
f 948/1204/1184 946/1202/1183 935/1203/1183 
s 62
f 935/1203/1183 937/1205/1185 948/1204/1184 
s 63
f 950/1206/1186 948/1204/1184 937/1205/1185 
s 64
f 937/1205/1187 939/1207/1187 950/1206/1187 
s 65
f 965/1212/1188 958/1213/1188 956/1214/1189 
s 66
f 956/1214/1189 963/1215/1189 965/1212/1188 
s 67
f 963/1215/1189 956/1214/1189 954/1216/1190 
s 68
f 954/1216/1190 961/1217/1190 963/1215/1189 
s 69
f 961/1217/1190 954/1216/1190 952/1218/1191 
s 70
f 952/1218/1191 959/1219/1191 961/1217/1190 
s 71
f 959/1219/1191 952/1218/1191 928/1220/1192 
s 72
f 928/1220/1192 927/1221/1192 959/1219/1191 
# 0 polygons - 144 triangles

#
# object Mesh_1636
#

v  -4.0243 0.0000 1.1034
v  -4.0745 0.0000 1.1169
v  -4.1032 0.0000 1.0095
v  -4.0530 0.0000 0.9961
v  -3.9756 1.8455 0.9184
v  -4.1174 1.8455 0.9564
v  -3.9326 1.8455 1.0789
v  -4.0745 1.8455 1.1169
v  -0.9122 0.0000 -1.6830
v  -0.8619 0.0000 -1.6965
v  -0.8361 0.0000 -1.5997
v  -0.8862 0.0000 -1.5863
v  -0.9608 1.8455 -1.4980
v  -0.8190 1.8455 -1.5360
v  -1.0038 1.8455 -1.6585
v  -0.8619 1.8455 -1.6965
v  -0.4240 0.0000 0.1387
v  -0.4528 0.0000 0.0314
v  -0.4026 0.0000 0.0179
v  -0.3738 0.0000 0.1253
v  -0.5587 1.8455 0.0028
v  -0.4168 1.8455 -0.0351
v  -0.5157 1.8455 0.1633
v  -0.3738 1.8455 0.1253
v  -4.5125 0.0000 -0.7183
v  -4.4865 0.0000 -0.6216
v  -4.5367 0.0000 -0.6081
v  -4.5626 0.0000 -0.7049
v  -4.3778 1.8455 -0.5825
v  -4.5196 1.8455 -0.5445
v  -4.4208 1.8455 -0.7429
v  -4.5626 1.8455 -0.7049
v  -4.1042 1.9140 1.1739
v  -0.3146 1.9140 0.1585
v  -0.8306 1.9140 -1.7669
v  -4.6201 1.9140 -0.7515
v  -4.1042 1.8480 1.1739
v  -4.6201 1.8480 -0.7515
v  -0.8306 1.8480 -1.7669
v  -0.3146 1.8480 0.1585
v  -4.4961 1.8480 -0.6665
v  -0.8843 1.8480 -1.6343
v  -0.8843 1.7160 -1.6343
v  -4.4961 1.7160 -0.6665
v  -4.0383 1.8480 1.0422
v  -4.0383 1.7160 1.0422
v  -0.4265 1.8480 0.0744
v  -0.4265 1.7160 0.0744
v  -0.4957 1.7160 0.0166
v  -0.9155 1.7160 -1.5496
v  -4.4268 1.7160 -0.6088
v  -4.0071 1.7160 0.9575
v  -0.4957 1.8480 0.0166
v  -0.9155 1.8480 -1.5496
v  -4.0071 1.8480 0.9575
v  -4.4268 1.8480 -0.6088
# 56 vertices

vn 0.0000 -1.0000 -0.0000
vn -0.2587 -0.0298 -0.9655
vn 0.9639 -0.0652 -0.2583
vn 0.2588 0.0000 0.9659
vn -0.9659 -0.0000 0.2588
vn 0.2587 -0.0357 0.9653
vn -0.9639 -0.0652 0.2583
vn -0.2588 0.0000 -0.9659
vn 0.9659 0.0000 -0.2588
vn 0.0000 1.0000 -0.0000
vn -0.0000 -1.0000 -0.0000
vn -0.0000 -1.0000 0.0000
# 12 vertex normals

vt 0.4550 0.2883 0.0000
vt 0.4354 0.2883 0.0000
vt 0.0133 0.5154 0.0000
vt 0.6276 0.4780 0.0000
vt 0.6276 0.4576 0.0000
vt 0.0133 0.4576 0.0000
vt 0.6228 0.5854 0.0000
vt 0.0084 0.5854 0.0000
vt 0.0084 0.5650 0.0000
vt 0.6228 0.5393 0.0000
vt 0.0100 0.6622 0.0000
vt 0.9927 0.6622 0.0000
vt 0.9927 0.9983 0.0000
vt 0.0100 0.9983 0.0000
vt 0.9863 0.9962 0.0000
vt 0.9863 0.6746 0.0000
vt 0.0149 0.6746 0.0000
vt 0.0149 0.9962 0.0000
vt 0.9290 0.5501 0.0000
vt 0.9290 0.6011 0.0000
vt 0.0166 0.6011 0.0000
vt 0.0166 0.5501 0.0000
vt 0.0145 0.6146 0.0000
vt 0.0145 0.6522 0.0000
vt 0.9262 0.6522 0.0000
vt 0.9262 0.6146 0.0000
vt 0.9817 0.9498 0.0000
vt 0.0099 0.9498 0.0000
vt 0.0099 0.9049 0.0000
vt 0.9817 0.9049 0.0000
vt 0.0021 0.9131 0.0000
vt 0.9023 0.9131 0.0000
vt 0.9023 0.8084 0.0000
vt 0.0021 0.8084 0.0000
vt 0.0099 0.7861 0.0000
vt 0.9817 0.7861 0.0000
vt 0.9817 0.7298 0.0000
vt 0.0099 0.7298 0.0000
vt 0.0069 0.9982 0.0000
vt 0.0069 0.6750 0.0000
vt 0.9895 0.6750 0.0000
vt 0.9895 0.9982 0.0000
vt 0.1534 0.5728 0.0000
vt 0.6543 0.5728 0.0000
vt 0.6543 0.5204 0.0000
vt 0.1534 0.5204 0.0000
vt 0.9919 0.9598 0.0000
vt 0.0045 0.9598 0.0000
vt 0.0045 0.9190 0.0000
vt 0.9919 0.9190 0.0000
# 50 texture coords

g Mesh_1636
usemtl Material__5129
s 1
f 967/1222/1193 968/1223/1193 969/1223/1193 
s 2
f 969/1223/1193 970/1222/1193 967/1222/1193 
s 3
f 971/1224/1194 970/1225/1194 969/1226/1194 
s 4
f 969/1226/1194 972/1227/1194 971/1224/1194 
s 5
f 973/1228/1195 967/1229/1195 970/1230/1195 
s 6
f 970/1230/1195 971/1231/1195 973/1228/1195 
s 7
f 974/1227/1196 968/1226/1196 967/1225/1196 
s 8
f 967/1225/1196 973/1224/1196 974/1227/1196 
s 9
f 972/1231/1197 969/1230/1197 968/1229/1197 
s 10
f 968/1229/1197 974/1228/1197 972/1231/1197 
s 11
f 975/1222/1193 976/1223/1193 977/1223/1193 
s 12
f 977/1223/1193 978/1222/1193 975/1222/1193 
s 13
f 979/1224/1198 978/1225/1198 977/1226/1198 
s 14
f 977/1226/1198 980/1227/1198 979/1224/1198 
s 15
f 981/1228/1199 975/1229/1199 978/1230/1199 
s 16
f 978/1230/1199 979/1231/1199 981/1228/1199 
s 17
f 982/1227/1200 976/1226/1200 975/1225/1200 
s 18
f 975/1225/1200 981/1224/1200 982/1227/1200 
s 19
f 980/1231/1201 977/1230/1201 976/1229/1201 
s 20
f 976/1229/1201 982/1228/1201 980/1231/1201 
s 21
f 983/1222/1193 984/1222/1193 985/1223/1193 
s 22
f 985/1223/1193 986/1223/1193 983/1222/1193 
s 23
f 987/1224/1194 988/1227/1194 985/1226/1194 
s 24
f 985/1226/1194 984/1225/1194 987/1224/1194 
s 25
f 989/1228/1199 987/1231/1199 984/1230/1199 
s 26
f 984/1230/1199 983/1229/1199 989/1228/1199 
s 27
f 990/1227/1196 989/1224/1196 983/1225/1196 
s 28
f 983/1225/1196 986/1226/1196 990/1227/1196 
s 29
f 988/1231/1201 990/1228/1201 986/1229/1201 
s 30
f 986/1229/1201 985/1230/1201 988/1231/1201 
s 31
f 991/1222/1193 992/1222/1193 993/1223/1193 
s 32
f 993/1223/1193 994/1223/1193 991/1222/1193 
s 33
f 995/1224/1198 996/1227/1198 993/1226/1198 
s 34
f 993/1226/1198 992/1225/1198 995/1224/1198 
s 35
f 997/1228/1195 995/1231/1195 992/1230/1195 
s 36
f 992/1230/1195 991/1229/1195 997/1228/1195 
s 37
f 998/1227/1200 997/1224/1200 991/1225/1200 
s 38
f 991/1225/1200 994/1226/1200 998/1227/1200 
s 39
f 996/1231/1197 998/1228/1197 994/1229/1197 
s 40
f 994/1229/1197 993/1230/1197 996/1231/1197 
s 1
f 999/1232/1202 1000/1233/1202 1001/1234/1202 
s 2
f 1001/1234/1202 1002/1235/1202 999/1232/1202 
s 3
f 1003/1236/1193 1004/1237/1193 1005/1238/1193 
s 4
f 1005/1238/1193 1006/1239/1193 1003/1236/1193 
s 5
f 1004/1240/1200 1002/1241/1200 1001/1242/1200 
s 6
f 1001/1242/1200 1005/1243/1200 1004/1240/1200 
s 7
f 1003/1244/1197 999/1245/1197 1002/1246/1197 
s 8
f 1002/1246/1197 1004/1247/1197 1003/1244/1197 
s 9
f 1006/1243/1196 1000/1242/1196 999/1241/1196 
s 10
f 999/1241/1196 1003/1240/1196 1006/1243/1196 
s 11
f 1005/1247/1201 1001/1246/1201 1000/1245/1201 
s 12
f 1000/1245/1201 1006/1244/1201 1005/1247/1201 
s 13
f 1007/1248/1200 1008/1249/1200 1009/1250/1200 
s 14
f 1009/1250/1200 1010/1251/1200 1007/1248/1200 
s 15
f 1011/1252/1197 1007/1253/1197 1010/1254/1197 
s 16
f 1010/1254/1197 1012/1255/1197 1011/1252/1197 
s 17
f 1013/1256/1196 1011/1257/1196 1012/1258/1196 
s 18
f 1012/1258/1196 1014/1259/1196 1013/1256/1196 
s 19
f 1008/1253/1201 1013/1252/1201 1014/1255/1201 
s 20
f 1014/1255/1201 1009/1254/1201 1008/1253/1201 
s 21
f 1015/1260/1193 1016/1261/1193 1009/1254/1193 
s 22
f 1009/1254/1193 1014/1255/1193 1015/1260/1193 
s 23
f 1016/1261/1203 1017/1262/1204 1010/1251/1204 
s 24
f 1010/1251/1204 1009/1250/1203 1016/1261/1203 
s 25
f 1017/1262/1193 1018/1263/1193 1012/1255/1193 
s 26
f 1012/1255/1193 1010/1254/1193 1017/1262/1193 
s 27
f 1018/1263/1203 1015/1260/1204 1014/1259/1204 
s 28
f 1014/1259/1204 1012/1258/1203 1018/1263/1203 
s 29
f 1019/1264/1197 1020/1265/1197 1016/1266/1197 
s 30
f 1016/1266/1197 1015/1267/1197 1019/1264/1197 
s 31
f 1021/1268/1200 1019/1269/1200 1015/1270/1200 
s 32
f 1015/1270/1200 1018/1271/1200 1021/1268/1200 
s 33
f 1022/1265/1201 1021/1264/1201 1018/1267/1201 
s 34
f 1018/1267/1201 1017/1266/1201 1022/1265/1201 
s 35
f 1020/1269/1196 1022/1268/1196 1017/1271/1196 
s 36
f 1017/1271/1196 1016/1270/1196 1020/1269/1196 
# 0 polygons - 76 triangles