# 3ds Max Wavefront OBJ Exporter v0.97b - (c)2007 guruware
# File Created: 20.06.2015 00:29:11

#
# object Fiche_Space_Hulk
#

v  0.0012 0.0213 0.0134
v  -0.6481 0.0004 -0.2682
v  -0.5869 0.0002 -0.3921
v  -0.6948 0.0002 -0.1381
v  -0.4940 0.0004 -0.4943
v  -0.3902 0.0002 -0.5856
v  -0.2650 0.0004 -0.6445
v  -0.1341 0.0002 -0.6888
v  0.0039 0.0004 -0.6955
v  0.1418 0.0002 -0.6863
v  0.2720 0.0004 -0.6396
v  0.3958 0.0002 -0.5785
v  0.4982 0.0004 -0.4855
v  0.5894 0.0002 -0.3816
v  0.6482 0.0004 -0.2566
v  0.6927 0.0002 -0.1256
v  0.6993 0.0004 0.0122
v  0.6902 0.0002 0.1502
v  0.6435 0.0004 0.2805
v  0.5824 0.0002 0.4043
v  0.4894 0.0004 0.5066
v  0.3854 0.0002 0.5979
v  0.2604 0.0004 0.6567
v  0.1295 0.0002 0.7011
v  -0.0085 0.0004 0.7077
v  -0.1465 0.0002 0.6987
v  -0.2766 0.0004 0.6520
v  -0.4006 0.0002 0.5907
v  -0.5027 0.0004 0.4978
v  -0.5940 0.0002 0.3939
v  -0.6529 0.0004 0.2689
v  -0.6973 0.0002 0.1379
v  -0.7038 0.0004 -0.0002
v  -0.6598 0.0077 -0.2730
v  -0.7025 0.0077 -0.1396
v  -0.5935 0.0077 -0.3965
v  -0.6439 0.0171 -0.2663
v  -0.5784 0.0171 -0.3863
v  -0.6846 0.0171 -0.1359
v  -0.4908 0.0171 -0.4911
v  -0.5029 0.0077 -0.5034
v  -0.3844 0.0171 -0.5768
v  -0.3944 0.0077 -0.5921
v  -0.2633 0.0171 -0.6402
v  -0.2696 0.0077 -0.6561
v  -0.1323 0.0171 -0.6786
v  -0.1356 0.0077 -0.6966
v  0.0039 0.0171 -0.6909
v  0.0041 0.0077 -0.7082
v  0.1398 0.0171 -0.6763
v  0.1435 0.0077 -0.6941
v  0.2701 0.0171 -0.6354
v  0.2769 0.0077 -0.6512
v  0.3902 0.0171 -0.5699
v  0.4004 0.0077 -0.5850
v  0.4950 0.0171 -0.4824
v  0.5073 0.0077 -0.4945
v  0.5807 0.0171 -0.3760
v  0.5958 0.0077 -0.3859
v  0.6440 0.0171 -0.2548
v  0.6600 0.0077 -0.2613
v  0.6825 0.0171 -0.1238
v  0.7003 0.0077 -0.1272
v  0.6946 0.0171 0.0122
v  0.7120 0.0077 0.0124
v  0.6802 0.0171 0.1482
v  0.6980 0.0077 0.1519
v  0.6393 0.0171 0.2786
v  0.6551 0.0077 0.2853
v  0.5738 0.0171 0.3986
v  0.5887 0.0077 0.4088
v  0.4861 0.0171 0.5034
v  0.4983 0.0077 0.5157
v  0.3797 0.0171 0.5891
v  0.3898 0.0077 0.6042
v  0.2587 0.0171 0.6525
v  0.2652 0.0077 0.6684
v  0.1277 0.0171 0.6909
v  0.1311 0.0077 0.7087
v  -0.0084 0.0171 0.7030
v  -0.0085 0.0077 0.7203
v  -0.1444 0.0171 0.6885
v  -0.1481 0.0077 0.7064
v  -0.2747 0.0171 0.6477
v  -0.2814 0.0077 0.6635
v  -0.3947 0.0171 0.5822
v  -0.4049 0.0077 0.5972
v  -0.4995 0.0171 0.4945
v  -0.5118 0.0077 0.5068
v  -0.5852 0.0171 0.3881
v  -0.6005 0.0077 0.3983
v  -0.6486 0.0171 0.2671
v  -0.6646 0.0077 0.2735
v  -0.6871 0.0171 0.1361
v  -0.7050 0.0077 0.1395
v  -0.6993 0.0171 0.0000
v  -0.7166 0.0077 -0.0002
v  -0.6756 0.0282 0.0001
v  -0.6639 0.0282 0.1316
v  -0.6615 0.0282 -0.1310
v  -0.6220 0.0282 -0.2571
v  -0.5589 0.0282 -0.3728
v  -0.5432 0.0400 -0.3622
v  -0.6047 0.0400 -0.2497
v  -0.5366 0.0518 -0.3579
v  -0.5975 0.0518 -0.2467
v  -0.6430 0.0400 -0.1272
v  -0.6353 0.0518 -0.1256
v  -0.5358 0.0627 -0.3572
v  -0.5965 0.0627 -0.2462
v  -0.6342 0.0627 -0.1255
v  -0.4553 0.0518 -0.4551
v  -0.4609 0.0400 -0.4607
v  -0.3567 0.0518 -0.5346
v  -0.3611 0.0400 -0.5413
v  -0.3562 0.0627 -0.5338
v  -0.4546 0.0627 -0.4543
v  -0.2445 0.0518 -0.5935
v  -0.2473 0.0400 -0.6007
v  -0.1228 0.0518 -0.6293
v  -0.1244 0.0400 -0.6370
v  -0.1226 0.0627 -0.6281
v  -0.2440 0.0627 -0.5924
v  0.0036 0.0518 -0.6405
v  0.0036 0.0400 -0.6484
v  0.1295 0.0518 -0.6268
v  0.1311 0.0400 -0.6346
v  0.1293 0.0627 -0.6259
v  0.0034 0.0627 -0.6393
v  0.2506 0.0518 -0.5891
v  0.2536 0.0400 -0.5963
v  0.3617 0.0518 -0.5283
v  0.3661 0.0400 -0.5348
v  0.3611 0.0627 -0.5274
v  0.2501 0.0627 -0.5880
v  0.4590 0.0518 -0.4469
v  0.4646 0.0400 -0.4525
v  0.5385 0.0518 -0.3483
v  0.5450 0.0400 -0.3526
v  0.5377 0.0627 -0.3478
v  0.4582 0.0627 -0.4462
v  0.5973 0.0518 -0.2360
v  0.6045 0.0400 -0.2389
v  0.6330 0.0518 -0.1144
v  0.6407 0.0400 -0.1159
v  0.6319 0.0627 -0.1142
v  0.5961 0.0627 -0.2355
v  0.6442 0.0518 0.0119
v  0.6521 0.0400 0.0119
v  0.6307 0.0518 0.1379
v  0.6385 0.0400 0.1395
v  0.6298 0.0627 0.1376
v  0.6432 0.0627 0.0119
v  0.5928 0.0518 0.2589
v  0.6002 0.0400 0.2619
v  0.5322 0.0518 0.3702
v  0.5387 0.0400 0.3746
v  0.5313 0.0627 0.3695
v  0.5917 0.0627 0.2584
v  0.4508 0.0518 0.4675
v  0.4564 0.0400 0.4729
v  0.3522 0.0518 0.5470
v  0.3565 0.0400 0.5535
v  0.3515 0.0627 0.5461
v  0.4501 0.0627 0.4666
v  0.2397 0.0518 0.6058
v  0.2427 0.0400 0.6130
v  0.1183 0.0518 0.6413
v  0.1196 0.0400 0.6490
v  0.1179 0.0627 0.6404
v  0.2394 0.0627 0.6046
v  -0.0080 0.0518 0.6526
v  -0.0080 0.0400 0.6605
v  -0.1341 0.0518 0.6392
v  -0.1356 0.0400 0.6469
v  -0.1339 0.0627 0.6381
v  -0.0080 0.0627 0.6516
v  -0.2550 0.0518 0.6014
v  -0.2580 0.0400 0.6086
v  -0.3663 0.0518 0.5405
v  -0.3707 0.0400 0.5471
v  -0.3656 0.0627 0.5396
v  -0.2545 0.0627 0.6002
v  -0.4636 0.0518 0.4592
v  -0.4691 0.0400 0.4648
v  -0.5431 0.0518 0.3606
v  -0.5498 0.0400 0.3649
v  -0.5422 0.0627 0.3599
v  -0.4627 0.0627 0.4585
v  -0.6019 0.0518 0.2482
v  -0.6091 0.0400 0.2512
v  -0.6376 0.0518 0.1267
v  -0.6453 0.0400 0.1281
v  -0.6365 0.0627 0.1263
v  -0.6009 0.0627 0.2478
v  -0.6489 0.0518 0.0003
v  -0.6568 0.0400 0.0003
v  -0.6477 0.0627 0.0003
v  -0.6410 0.0721 0.0005
v  -0.6299 0.0721 0.1251
v  -0.6277 0.0721 -0.1240
v  -0.5903 0.0721 -0.2436
v  -0.5303 0.0721 -0.3535
v  0.0024 0.0436 0.0012
v  -0.5946 0.0721 0.2453
v  -0.5365 0.0721 0.3562
v  -0.4580 0.0721 0.4538
v  -0.3619 0.0721 0.5342
v  -0.2520 0.0721 0.5941
v  -0.1324 0.0721 0.6314
v  -0.0078 0.0721 0.6449
v  0.1168 0.0721 0.6337
v  0.2369 0.0721 0.5983
v  0.3478 0.0721 0.5403
v  0.4455 0.0721 0.4617
v  0.5257 0.0721 0.3658
v  0.5856 0.0721 0.2557
v  0.6230 0.0721 0.1363
v  0.6365 0.0721 0.0117
v  0.6254 0.0721 -0.1129
v  0.5900 0.0721 -0.2330
v  0.5320 0.0721 -0.3441
v  0.4534 0.0721 -0.4416
v  0.3574 0.0721 -0.5218
v  0.2473 0.0721 -0.5819
v  0.1279 0.0721 -0.6193
v  0.0034 0.0721 -0.6326
v  -0.1213 0.0721 -0.6215
v  -0.2415 0.0721 -0.5862
v  -0.3525 0.0721 -0.5281
v  -0.4499 0.0721 -0.4495
v  -0.6265 0.0282 0.2582
v  -0.5654 0.0282 0.3751
v  -0.4825 0.0282 0.4780
v  -0.3812 0.0282 0.5626
v  -0.2655 0.0282 0.6258
v  -0.1395 0.0282 0.6653
v  -0.0082 0.0282 0.6793
v  0.1232 0.0282 0.6676
v  0.2499 0.0282 0.6304
v  0.3668 0.0282 0.5693
v  0.4696 0.0282 0.4864
v  0.5541 0.0282 0.3851
v  0.6175 0.0282 0.2694
v  0.6570 0.0282 0.1434
v  0.6709 0.0282 0.0121
v  0.6591 0.0282 -0.1193
v  0.6221 0.0282 -0.2460
v  0.5608 0.0282 -0.3629
v  0.4780 0.0282 -0.4658
v  0.3767 0.0282 -0.5504
v  0.2610 0.0282 -0.6136
v  0.1349 0.0282 -0.6531
v  0.0037 0.0282 -0.6670
v  -0.1277 0.0282 -0.6554
v  -0.2543 0.0282 -0.6182
v  -0.3713 0.0282 -0.5570
v  -0.4741 0.0282 -0.4741
v  -0.2892 0.0144 -1.3087
v  -0.0961 0.4738 -0.8593
v  -0.1128 0.5098 -0.8963
v  -0.2781 -0.0374 -1.2850
v  -0.3038 0.0051 -1.3424
v  -0.3071 -0.0568 -1.3516
v  -0.3363 0.0073 -1.4161
v  -0.3101 0.0184 -1.3565
v  0.0158 0.7177 -0.6586
v  -0.0018 0.6602 -0.6996
v  0.0033 0.6978 -0.6871
v  0.0352 0.7773 -0.6134
v  0.0535 0.8271 -0.5711
v  0.0372 0.8274 -0.6075
v  -0.0673 0.7759 -0.8763
v  -0.0623 0.8005 -0.8645
v  -0.0514 0.7660 -0.8411
v  -0.0445 0.7892 -0.8251
v  -0.0301 0.7724 -0.7935
v  -0.0014 0.7120 -0.7312
v  0.0160 0.6296 -0.6948
v  -0.0149 0.7462 -0.7603
v  0.0091 0.6721 -0.7089
v  -0.0576 0.6495 -0.7015
v  -0.0426 0.6288 -0.6686
v  -0.0494 0.6713 -0.6826
v  -0.0679 0.6880 -0.7233
v  -0.0600 0.7112 -0.7050
v  -0.0818 0.7222 -0.7532
v  -0.0735 0.7454 -0.7341
v  -0.0887 0.7716 -0.7672
v  -0.0966 0.7471 -0.7856
v  -0.1031 0.7884 -0.7989
v  -0.0221 0.9373 -0.6434
v  0.0007 0.9194 -0.5929
v  0.0126 0.9378 -0.6590
v  0.0355 0.9199 -0.6085
v  -0.0240 0.8924 -0.6488
v  0.0108 0.8929 -0.6644
v  -0.0127 0.8929 -0.6236
v  0.0221 0.8934 -0.6392
v  0.0007 0.8734 -0.5943
v  0.0355 0.8739 -0.6099
v  0.0252 0.6903 -0.6385
v  0.0489 0.7664 -0.5832
v  -0.0096 0.6898 -0.6229
v  0.0141 0.7659 -0.5676
v  0.0090 0.6650 -0.6753
v  -0.0257 0.6645 -0.6597
v  -0.0366 0.6597 -0.6840
v  -0.0078 0.6883 -0.7122
v  -0.0426 0.6879 -0.6966
v  -0.0116 0.8905 -0.6230
v  0.0137 0.8754 -0.6025
v  0.0025 0.9051 -0.6219
v  -0.0348 0.7352 -0.7645
v  -0.0119 0.8920 -0.6680
v  0.0248 0.8933 -0.6395
v  -0.0414 0.7517 -0.7814
v  -0.0137 0.8933 -0.6666
v  -0.0713 0.7522 -0.7694
v  -0.0667 0.7342 -0.7501
v  -0.0033 0.8310 -0.6393
v  -0.0188 0.8930 -0.6213
v  -0.0543 0.7151 -0.7326
v  0.0036 0.8294 -0.6400
v  -0.0258 0.7143 -0.7452
v  0.0142 0.8726 -0.5955
v  0.0213 0.8710 -0.5962
v  0.0075 0.8229 -0.6282
v  0.0002 0.8244 -0.6274
v  -0.1100 0.7652 -0.8149
v  -0.1209 0.7997 -0.8383
v  -0.1259 0.7751 -0.8501
v  -0.0515 0.6128 -0.6890
v  -0.0315 0.6973 -0.6715
v  -0.0190 0.7172 -0.6430
v  0.0004 0.7769 -0.5978
v  0.0024 0.8269 -0.5919
v  0.0137 0.8753 -0.6018
v  0.0158 0.8917 -0.6340
v  -0.0093 0.8912 -0.6567
v  -0.0088 0.8910 -0.6578
v  -0.1021 0.6572 -0.7781
v  -0.1177 0.6491 -0.8195
v  -0.0917 0.6273 -0.8085
v  -0.1157 0.6757 -0.7919
v  -0.1035 0.6663 -0.8433
v  -0.1025 0.6344 -0.8378
v  -0.1128 0.6927 -0.8113
v  -0.0951 0.6981 -0.8249
v  -0.1002 0.6937 -0.7770
v  -0.0746 0.6731 -0.7662
v  -0.0772 0.6995 -0.7764
v  -0.0800 0.6480 -0.7779
v  -0.0859 0.7104 -0.8012
v  -0.0715 0.6348 -0.8517
v  -0.0481 0.6501 -0.8507
v  -0.0567 0.6277 -0.8242
v  -0.0277 0.6583 -0.8114
v  -0.0421 0.6485 -0.7948
v  -0.3154 0.0239 -1.3236
v  -0.3336 0.0392 -1.3313
v  -0.3229 0.0289 -1.3442
v  -0.3072 0.0384 -1.3022
v  -0.3227 0.0449 -1.3023
v  -0.3322 0.0579 -1.3120
v  -0.3236 0.0513 -1.3480
v  -0.3302 0.0697 -1.3256
v  -0.3177 0.0735 -1.3351
v  -0.3213 0.0704 -1.3016
v  -0.3034 0.0560 -1.2941
v  -0.3053 0.0745 -1.3012
v  -0.3113 0.0821 -1.3185
v  -0.2598 0.0712 -1.3292
v  -0.2658 0.0565 -1.3109
v  -0.2589 0.0458 -1.3309
v  -0.2601 0.0588 -1.3443
v  -0.2703 0.0750 -1.3169
v  -0.2924 0.0517 -1.3620
v  -0.2873 0.0739 -1.3487
v  -0.2718 0.0705 -1.3517
v  -0.2731 0.0401 -1.3584
v  -0.2895 0.0294 -1.3591
v  -0.2792 0.0244 -1.3399
v  -0.2690 0.0390 -1.3193
v  0.0187 0.8267 -0.5555
v  0.0178 0.8792 -0.5561
v  0.0525 0.8796 -0.5716
v  -0.0294 0.6769 -0.8306
v  -0.0756 0.6667 -0.8558
v  -0.0462 0.6936 -0.8411
v  -0.0682 0.6985 -0.8369
v  -0.0440 0.7000 -0.7913
v  -0.0375 0.6736 -0.7829
v  -0.0290 0.6946 -0.8089
v  -0.0570 0.7108 -0.8142
v  -0.2794 0.0826 -1.3328
v  -0.0380 0.7479 -0.8119
v  -0.1207 0.6510 -0.8668
v  -0.1195 0.7189 -0.8622
v  -0.0813 0.6516 -0.8845
v  -0.0575 0.7219 -0.8291
v  -0.0802 0.7195 -0.8798
v  -0.0969 0.7213 -0.8115
v  -0.0535 0.7604 -0.8189
v  -0.0928 0.7598 -0.8013
v  -0.0327 0.7309 -0.7736
v  -0.0721 0.7304 -0.7560
v  -0.0156 0.6816 -0.7367
v  -0.0549 0.6811 -0.7191
v  -0.0279 0.6612 -0.7649
v  -0.0673 0.6607 -0.7473
v  -0.0251 0.5987 -0.7605
v  -0.0644 0.5982 -0.7429
v  -0.0551 0.5864 -0.8278
v  -0.0944 0.5858 -0.8101
v  -0.0686 0.5489 -0.8592
v  -0.1080 0.5484 -0.8416
v  -0.1625 0.6042 -0.9615
v  -0.1375 0.6048 -0.9056
v  -0.1622 0.5365 -0.9630
v  -0.1342 0.4715 -0.9024
v  -0.3274 0.0810 -1.3454
v  -0.2994 0.0160 -1.2849
v  -0.3236 -0.0099 -1.3399
v  -0.3778 0.0197 -1.4600
v  -0.1017 0.4714 -0.8298
v  0.0010 0.6503 -0.7277
v  0.0071 0.6136 -0.7153
v  -0.0093 0.6888 -0.7495
v  -0.0232 0.7230 -0.7795
v  -0.2600 0.0165 -1.3025
v  -0.2843 -0.0094 -1.3575
v  -0.0948 0.4721 -0.9201
v  -0.0623 0.4720 -0.8474
v  -0.2880 0.0815 -1.3631
v  -0.3385 0.0202 -1.4776
v  -0.1228 0.5371 -0.9806
v  -0.1231 0.6047 -0.9792
v  -0.0981 0.6053 -0.9233
v  0.0703 0.8007 -0.7171
v  0.0318 0.8737 -0.6984
v  -0.0207 0.9416 -0.7481
v  0.2280 1.3346 0.0859
v  0.2289 1.3061 0.1222
v  0.2700 1.2596 0.1343
v  0.2817 1.2893 0.0724
v  0.2445 1.1458 0.0895
v  0.1868 1.1333 0.0950
v  0.1934 1.1512 0.0173
v  0.2411 1.1491 0.1320
v  0.1566 1.3236 0.0686
v  0.1055 1.2873 0.0242
v  0.1180 1.2455 0.0859
v  0.1510 1.3309 -0.0016
v  0.1905 1.3483 0.0091
v  0.1164 1.1660 0.0397
v  0.1151 1.1920 -0.0170
v  0.1134 1.2009 -0.0017
v  0.2519 1.3174 -0.0009
v  0.2161 1.2726 -0.0525
v  0.1695 1.3065 -0.0640
v  0.2709 1.2318 0.0098
v  0.2854 1.2030 0.1108
v  0.1160 1.2778 -0.0330
v  0.1360 1.2450 -0.0682
v  0.1975 1.2075 -0.0520
v  0.2580 1.2181 0.3420
v  0.2893 1.1952 0.3089
v  0.2781 1.1583 0.2674
v  0.2496 1.1946 0.2910
v  0.2110 1.2060 0.3563
v  0.2725 1.1462 0.3010
v  0.2469 1.1139 0.3140
v  0.2312 1.1116 0.2939
v  0.2915 1.1573 0.3353
v  0.2544 1.0658 0.5155
v  0.2601 1.0454 0.3802
v  0.2859 1.0933 0.5247
v  0.1984 1.0658 0.3776
v  0.1841 1.1033 0.5209
v  0.1643 1.1152 0.4383
v  0.2161 1.0807 0.5170
v  0.1875 1.1501 0.5336
v  0.1771 1.1718 0.4722
v  0.2013 1.2081 0.4857
v  0.2469 1.1929 0.5486
v  0.2487 1.2159 0.4810
v  0.2026 1.1848 0.5437
v  0.2867 1.1611 0.5429
v  0.0136 0.9350 -0.7441
v  -0.0387 0.8684 -0.6533
v  -0.0176 0.8311 -0.6787
v  0.0051 0.9336 -0.7106
v  -0.0449 0.8268 -0.6810
v  0.0167 0.8907 -0.6776
v  -0.0064 0.7055 -0.7046
v  0.0653 0.7739 -0.7011
v  0.0434 0.7544 -0.6692
v  0.0081 0.7481 -0.7406
v  0.0356 0.7678 -0.6726
v  0.0498 0.7860 -0.6917
v  -0.0094 0.7247 -0.7053
v  0.0247 0.7313 -0.7552
v  0.0143 0.7798 -0.7717
v  -0.0001 0.7798 -0.7435
v  0.0524 0.8008 -0.6942
v  -0.0747 0.7732 -0.7256
v  -0.0578 0.7115 -0.7194
v  -0.0637 0.7690 -0.6990
v  -0.0671 0.7160 -0.7392
v  -0.0561 0.7825 -0.7358
v  0.2081 1.3560 0.0003
v  0.2353 1.1668 0.0172
v  0.1543 1.3059 -0.0422
v  -0.0697 0.8689 -0.6863
v  -0.0301 0.9303 -0.6409
v  -0.0516 0.8878 -0.7085
v  -0.0412 0.8908 -0.7039
v  -0.0461 0.8503 -0.7318
v  -0.0633 0.8352 -0.6782
v  -0.0114 0.7775 -0.7828
v  0.2598 1.2502 0.3930
v  0.1927 1.2358 0.4053
v  0.3021 1.1086 0.4296
v  0.3238 1.1986 0.3477
v  0.3023 1.1816 0.4517
v  0.3091 1.1112 0.2858
v  0.2511 1.0794 0.2850
v  0.1660 1.1382 0.3625
v  0.1768 1.1754 0.3750
v  0.1789 1.1824 0.3473
v  0.2128 1.2194 0.3913
v  0.2596 1.2257 0.3821
v  0.3120 1.1382 0.3211
v  0.3041 1.1948 0.3581
v  0.2005 1.1856 0.3006
v  0.1647 1.1475 0.2897
v  -0.0548 0.7274 -0.7434
v  -0.0403 0.7770 -0.7130
v  -0.0454 0.7242 -0.7254
v  0.2444 1.1234 0.4605
v  0.2185 1.1730 0.5407
v  0.2705 1.1671 0.5256
v  0.2226 1.1314 0.5300
v  0.2782 1.1350 0.5266
v  0.2737 1.0934 0.5311
v  0.2323 1.0923 0.5356
v  0.2737 1.1834 0.5690
v  0.2266 1.1543 0.5741
v  0.2149 1.1678 0.5580
v  0.3125 1.1745 0.6658
v  0.2905 1.0919 0.5569
v  -0.0727 0.0570 -0.6583
v  0.0009 0.0541 -0.6334
v  -0.1302 0.0585 -0.6091
v  -0.0741 0.0977 -0.6573
v  -0.0043 0.1123 -0.6273
v  -0.0383 0.1429 -0.5388
v  0.0382 0.1868 -0.5204
v  0.0812 0.1496 -0.5758
v  -0.0099 0.7265 -0.7194
v  -0.0143 0.7532 -0.7580
v  -0.0244 0.7244 -0.7300
v  -0.0242 0.7779 -0.7568
v  -0.0004 0.7317 -0.7720
v  0.1478 1.1244 0.3573
v  0.1589 1.1780 0.3842
v  0.1814 1.0871 0.2993
v  0.2735 1.2592 0.1622
v  0.2335 1.2628 0.2285
v  0.2742 1.2256 0.2091
v  0.2305 1.2972 0.1586
v  0.2421 1.1110 0.1659
v  0.2356 1.0945 0.2606
v  0.1771 1.1051 0.1564
v  0.2699 1.1260 0.2618
v  0.1692 1.2977 0.1617
v  0.1193 1.2342 0.1459
v  0.1831 1.3061 0.1095
v  0.1862 1.1160 0.3205
v  0.1822 1.1038 0.2694
v  -0.0758 0.8003 -0.7227
v  -0.0634 0.8018 -0.6905
v  -0.0415 0.7932 -0.7457
v  -0.0304 0.7869 -0.7125
v  -0.0216 0.7057 -0.7306
v  0.0166 0.7349 -0.7604
v  -0.0072 0.7079 -0.7201
v  0.0027 0.7564 -0.7464
v  0.1729 1.2521 0.2318
v  0.1479 1.1953 0.2376
v  0.1096 1.1593 0.1058
v  0.1387 1.1368 0.2049
v  0.2699 1.1905 0.1451
v  0.0153 1.1966 -0.3562
v  -0.0221 1.1776 -0.4638
v  -0.0485 1.2447 -0.3866
v  -0.0437 1.0545 -0.3246
v  -0.0573 1.0712 -0.3065
v  -0.0940 1.0845 -0.3645
v  -0.0980 1.0625 -0.4139
v  0.0012 1.0817 -0.3009
v  -0.0131 1.0987 -0.2706
v  -0.1163 1.1185 -0.4411
v  -0.1127 1.1934 -0.3867
v  -0.0900 1.1785 -0.4494
v  -0.1114 1.1259 -0.3909
v  0.0046 1.1427 -0.2693
v  -0.0155 1.1097 -0.2259
v  0.0067 1.1802 -0.2337
v  -0.0109 1.2245 -0.3086
v  -0.0855 1.2702 -0.3371
v  -0.1492 1.2217 -0.3214
v  -0.0804 1.0911 -0.5221
v  -0.0875 1.0496 -0.4915
v  0.0365 1.1306 -0.3120
v  0.0205 0.9846 -0.5198
v  0.0377 1.0031 -0.5725
v  0.0450 1.0183 -0.5362
v  -0.0380 0.9532 -0.5375
v  -0.0297 0.9719 -0.4968
v  -0.0849 0.9898 -0.5260
v  -0.0878 0.9844 -0.5449
v  0.0085 0.9574 -0.5489
v  -0.0819 1.0274 -0.5590
v  0.0247 1.0504 -0.4827
v  -0.0137 1.0149 -0.4603
v  0.2826 1.1576 0.1863
v  -0.0395 1.0942 -0.5592
v  -0.0286 1.1205 -0.5294
v  0.0161 1.0808 -0.5825
v  -0.0714 1.0244 -0.4679
v  0.0230 1.1009 -0.5115
v  -0.0383 1.0398 -0.3801
v  0.0179 1.0537 -0.3718
v  -0.0803 1.0843 -0.2421
v  -0.0883 1.1377 -0.1778
v  -0.0399 1.1629 -0.1569
v  -0.0861 1.2400 -0.1572
v  -0.1558 1.2376 -0.2337
v  -0.1456 1.1398 -0.2450
v  -0.1258 1.2050 -0.1824
v  -0.1623 1.1830 -0.3033
v  -0.1009 1.2924 -0.2809
v  -0.1394 1.1452 -0.3649
v  -0.1141 1.0854 -0.3304
v  -0.0255 1.2177 -0.1831
v  -0.0132 1.2541 -0.2392
v  -0.0572 1.2765 -0.2069
v  -0.0857 1.2838 -0.2846
v  -0.1084 1.2863 -0.2049
v  0.0430 1.0379 -0.5930
v  -0.0448 1.0779 -0.5790
v  -0.0774 1.0037 -0.4927
v  -0.0301 1.1751 -0.1711
v  0.0165 1.1099 -0.5876
v  -0.0589 1.1322 -0.5754
v  0.0589 1.0534 -0.6004
v  0.0566 0.9973 -0.5767
v  0.0317 0.9394 -0.5457
v  -0.0658 1.2419 -0.1743
v  -0.0720 1.0508 -0.5314
v  0.0460 1.1049 -0.3912
v  0.0277 1.1380 -0.4408
v  0.0411 0.8977 -0.6941
v  0.0473 0.9319 -0.6380
v  0.0311 0.8657 -0.6739
v  0.0287 0.8949 -0.6187
v  -0.0632 0.9258 -0.7303
v  -0.0113 0.8502 -0.6703
v  -0.0547 0.8688 -0.6903
v  -0.0360 0.9550 -0.7458
v  0.0036 0.9502 -0.7359
v  0.0381 0.9377 -0.7217
v  0.2823 1.1519 0.6505
v  0.2369 1.1672 0.6240
v  0.2807 1.1571 0.6705
v  0.2882 1.1800 0.6578
v  0.2792 1.1788 0.6719
v  0.2345 1.1772 0.6802
v  0.2541 1.1886 0.6680
v  0.2460 1.1725 0.6660
v  0.2426 1.1931 0.6822
v  0.2340 1.1700 0.6589
v  0.2719 1.1477 0.6977
v  0.2794 1.1474 0.6731
v  0.2211 1.1743 0.6727
v  0.3099 1.1479 0.6668
v  0.2564 1.0832 0.6527
v  0.2203 1.1039 0.6385
v  0.2320 1.1067 0.6283
v  0.2520 1.0895 0.6361
v  0.2919 1.0734 0.6438
v  -0.0904 1.2786 -0.2179
v  -0.0776 0.9223 -0.6155
v  -0.0178 0.8864 -0.6090
v  -0.0877 0.9855 -0.6569
v  0.0047 1.0677 -0.6575
v  -0.0582 1.0695 -0.6740
v  0.0502 0.9956 -0.6595
v  -0.0345 0.9294 -0.5259
v  -0.1080 0.9869 -0.5351
v  -0.1095 1.0916 -0.5620
v  -0.0272 1.2280 0.0800
v  -0.0278 1.2459 0.0794
v  -0.0299 1.2430 0.0681
v  0.0227 1.2694 0.0767
v  0.0125 1.2503 0.1010
v  0.0248 1.2418 0.0949
v  0.2181 1.2064 0.5864
v  0.2329 1.0829 0.5690
v  0.2665 1.0752 0.5617
v  0.2670 1.0843 0.6304
v  0.2361 1.1308 0.5781
v  0.2790 1.1547 0.6951
v  0.2872 1.1737 0.6974
v  0.0096 1.2202 0.0938
v  0.0008 1.2501 0.0907
v  0.0052 1.2415 0.0805
v  0.0047 1.2352 0.0992
v  -0.0061 1.2689 0.0535
v  -0.0160 1.2432 0.0804
v  -0.0047 1.2359 0.0760
v  -0.0161 1.2692 0.0625
v  0.0141 1.2697 0.0845
v  -0.0244 1.2357 0.0559
v  -0.0214 1.2101 0.0735
v  0.2049 1.1862 0.6696
v  0.2270 1.2018 0.6594
v  0.2140 1.2066 0.6696
v  0.1306 1.2485 -0.0456
v  0.2043 1.1750 0.5815
v  0.2583 1.1952 0.6245
v  0.2197 1.1826 0.6585
v  0.2056 1.2126 0.6137
v  0.1932 1.1862 0.6142
v  0.2289 1.2064 0.6318
v  0.2201 1.1798 0.6182
v  -0.2058 0.5497 -0.2653
v  -0.1684 0.5077 -0.2521
v  -0.1843 0.5598 -0.3082
v  -0.2129 0.5779 -0.2956
v  -0.1422 0.5720 -0.3672
v  -0.1333 0.5636 -0.3494
v  -0.1076 0.5389 -0.3819
v  -0.1907 0.5891 -0.3385
v  -0.0898 0.7524 -0.0724
v  -0.0851 0.6021 -0.1525
v  -0.0141 0.7263 -0.1092
v  0.1031 0.2974 -0.3517
v  0.1341 0.3364 -0.3842
v  0.0814 0.3388 -0.2907
v  0.1103 0.4220 -0.4096
v  0.1020 0.3522 -0.4444
v  0.0471 0.3254 -0.4775
v  0.0936 0.2689 -0.4968
v  0.0045 0.3996 -0.4677
v  -0.0227 0.3097 -0.4851
v  -0.0672 0.3873 -0.4483
v  -0.0257 0.4587 -0.4288
v  -0.0427 0.3188 -0.3553
v  -0.0822 0.3598 -0.3287
v  -0.0835 0.3449 -0.3933
v  -0.0375 0.2781 -0.4389
v  0.1190 0.3964 -0.3428
v  0.0779 0.4496 -0.2910
v  0.1081 0.0496 -0.5704
v  0.1851 0.1324 -0.5304
v  0.2121 0.0453 -0.5165
v  0.0563 0.1126 -0.4654
v  0.1298 0.1169 -0.4399
v  0.1334 0.1422 -0.4463
v  0.2048 0.0469 -0.4354
v  0.2162 0.1428 -0.4228
v  -0.0585 0.1034 -0.4878
v  0.0549 0.1616 -0.4714
v  -0.0545 0.0603 -0.4882
v  0.1113 0.0531 -0.4588
v  0.1028 0.2044 -0.5409
v  0.0619 0.1937 -0.5076
v  0.0780 0.1630 -0.4686
v  0.2351 0.0499 -0.4688
v  -0.1376 0.1001 -0.5592
v  -0.1306 0.0578 -0.5412
v  -0.2247 0.5141 -0.3313
v  -0.1907 0.5490 -0.3714
v  -0.1953 0.4630 -0.3631
v  -0.1593 0.5075 -0.4012
v  -0.1870 0.4454 -0.3039
v  -0.2051 0.4977 -0.2750
v  -0.1492 0.4592 -0.2716
v  0.2371 0.1415 -0.4654
v  0.1729 0.1798 -0.5247
v  0.1952 0.2070 -0.4869
v  0.1692 0.2079 -0.4053
v  0.1889 0.2309 -0.4323
v  -0.0671 0.8896 -0.2300
v  -0.0444 0.9146 -0.2218
v  -0.0275 0.8571 -0.2240
v  -0.0482 0.7569 -0.2916
v  -0.1144 0.4213 -0.3898
v  -0.0746 0.4687 -0.3981
v  -0.1095 0.4117 -0.3311
v  -0.0299 0.4806 -0.3886
v  -0.2063 0.6379 -0.2570
v  -0.1659 0.5980 -0.1984
v  -0.0869 0.3712 -0.3540
v  -0.0700 0.4063 -0.3000
v  0.0601 0.4224 -0.4531
v  0.0530 0.2438 -0.4688
v  0.0118 0.2754 -0.4481
v  0.0289 0.2628 -0.3764
v  0.0820 0.2151 -0.4088
v  0.1408 0.2482 -0.3904
v  0.0104 0.3072 -0.3076
v  -0.0056 0.6837 -0.2640
v  -0.0858 0.6341 -0.3403
v  -0.1405 0.7832 -0.2863
v  -0.1608 0.6418 -0.3363
v  -0.2062 0.7561 -0.2035
v  -0.1305 0.9263 -0.1889
v  -0.1743 0.7097 -0.1397
v  -0.0295 1.0283 0.0007
v  -0.1081 0.9822 -0.0984
v  -0.0350 0.9767 0.0008
v  0.0351 1.3011 0.0789
v  -0.0222 1.1879 0.0886
v  0.0468 1.2268 0.1271
v  -0.0657 1.2788 0.0005
v  -0.0078 1.3121 -0.0146
v  -0.0753 1.2804 -0.0326
v  -0.0975 1.1743 -0.0025
v  -0.0936 1.1868 0.0191
v  0.0464 1.4190 -0.0965
v  0.0558 1.3642 -0.0383
v  0.0706 1.4017 -0.0887
v  0.2101 1.3284 -0.0161
v  0.1800 1.3582 -0.1107
v  0.1498 1.3657 -0.0852
v  0.0678 1.0732 0.0433
v  0.1668 1.0596 -0.0388
v  0.1339 1.1129 0.0346
v  0.0874 1.2404 0.1277
v  0.0557 1.1815 0.1180
v  0.0565 1.0593 0.0217
v  0.0572 1.0280 0.0191
v  0.1360 1.0441 -0.0412
v  0.1840 1.1095 -0.0487
v  0.0288 1.1252 0.0650
v  0.0036 1.0838 0.0524
v  0.1562 1.3525 0.0174
v  0.0529 0.9836 0.0243
v  -0.1091 1.0353 -0.1049
v  -0.0162 1.0910 0.0117
v  0.0350 1.0714 -0.2194
v  0.1175 1.0631 -0.1123
v  0.1164 1.0078 -0.1070
v  -0.1498 1.3407 -0.2168
v  -0.0837 1.2051 -0.2693
v  -0.1907 1.2684 -0.2333
v  -0.0139 1.3510 -0.3070
v  -0.1540 1.1436 -0.1723
v  -0.1939 1.2067 -0.2061
v  -0.0444 1.1360 0.0452
v  0.2056 1.1732 -0.1284
v  0.2269 1.1769 -0.0440
v  0.1515 1.0759 -0.1304
v  0.1633 1.1181 -0.1328
v  0.1805 1.1984 -0.2360
v  0.2372 1.3326 -0.0368
v  0.2479 1.3007 -0.0433
v  0.2361 1.3160 -0.1205
v  0.2153 1.3474 -0.1041
v  0.1806 1.3726 -0.2225
v  -0.1179 1.1764 -0.0290
v  0.1298 1.0053 -0.0404
v  -0.1168 1.1011 -0.1190
v  -0.0540 0.4164 -0.4262
v  -0.0559 0.3988 -0.2715
v  -0.0950 1.1389 -0.0284
v  -0.0457 1.1122 -0.0094
v  -0.0768 1.1295 0.0101
v  -0.1025 1.1179 -0.0832
v  0.1246 0.9499 -0.0294
v  0.0424 0.9259 0.0465
v  -0.0589 0.9290 0.0282
v  0.1155 0.9530 -0.0958
v  -0.1305 0.9324 -0.0734
v  0.0322 1.3627 -0.0444
v  0.0004 1.4485 -0.1374
v  0.2383 0.3319 -0.4029
v  0.1094 0.2863 -0.4774
v  0.2590 0.2946 -0.4248
v  0.1402 0.3087 -0.4798
v  0.1330 0.2465 -0.5001
v  0.1638 0.2689 -0.5024
v  -0.0394 0.3517 -0.2784
v  0.0263 0.4933 -0.4187
v  -0.0063 0.5023 -0.3996
v  -0.1451 0.8873 -0.1038
v  -0.1408 0.8543 -0.0521
v  -0.2016 1.2519 -0.1954
v  -0.1526 1.3201 -0.1648
v  -0.1048 1.2827 -0.0502
v  -0.0728 1.3186 -0.0990
v  -0.1785 1.1645 -0.1540
v  -0.1515 1.0994 -0.1489
v  -0.1531 1.1469 -0.0958
v  0.0679 1.3208 0.0320
v  0.0622 1.0849 -0.2464
v  0.0707 1.1275 -0.2531
v  -0.0057 1.1286 -0.2949
v  0.0924 1.3304 -0.3071
v  0.1971 1.3407 -0.2377
v  0.0814 1.1858 -0.2895
v  0.0875 1.3168 0.0911
v  0.1450 1.1820 0.0275
v  0.0063 1.1459 0.0859
v  0.0716 1.3691 -0.2514
v  0.0735 1.3617 -0.2881
v  0.2291 0.3477 -0.4068
v  0.0802 0.3194 -0.4588
v  0.1099 0.2821 -0.4789
v  0.2029 0.3833 -0.3870
v  0.1054 0.3481 -0.4609
v  0.1350 0.3107 -0.4810
v  0.0215 0.7157 -0.0632
v  0.0551 0.7425 -0.1170
v  -0.1406 0.7916 -0.0663
v  -0.1165 0.9325 -0.1769
v  0.0783 0.8061 -0.1309
v  0.0318 0.7536 -0.1505
v  0.0503 0.8261 -0.1700
v  0.0841 0.8767 -0.1422
v  0.0280 0.9596 -0.2146
v  -0.1281 1.1347 -0.0565
v  -0.0985 1.1363 -0.2672
v  -0.1270 1.0928 -0.2095
v  0.0398 1.3768 -0.2280
v  0.0059 1.1991 -0.3309
v  -0.0583 1.3742 -0.2610
v  0.0200 1.3237 -0.3393
v  -0.0976 1.3375 -0.1827
v  -0.0266 1.0190 -0.2480
v  -0.1038 0.9954 -0.1883
v  -0.0250 1.0621 -0.2574
v  -0.1025 1.0421 -0.1929
v  -0.1101 1.0761 -0.1946
v  0.0337 1.0150 -0.2167
v  0.0133 1.3552 -0.3274
v  -0.1852 1.2043 -0.1231
v  -0.0768 1.1305 -0.0431
v  -0.0073 0.7056 -0.1471
v  -0.0026 0.7552 -0.2152
v  0.0199 0.8358 -0.2088
v  -0.0329 0.9617 -0.2431
v  0.0269 0.8966 -0.2059
v  -0.0234 1.0788 -0.2857
v  0.0255 1.4062 -0.1473
v  -0.1368 1.1912 -0.0370
v  0.1788 0.2060 -0.5420
v  -0.0297 1.3728 -0.1492
v  0.1662 0.2743 -0.4153
v  -0.0789 1.4177 -0.0674
v  -0.0420 1.3620 -0.0272
v  -0.0562 1.4479 -0.1242
v  -0.0171 0.5167 -0.3322
v  0.0134 0.5137 -0.3427
v  0.1348 0.2793 -0.4786
v  -0.0497 0.5453 -0.3357
v  0.1197 0.1382 -0.4228
v  0.0352 0.3874 -0.2500
v  0.0839 0.4883 -0.3516
v  -0.0049 0.4491 -0.2481
v  0.0257 0.4939 -0.2766
v  -0.0286 0.4689 -0.2608
v  -0.1791 0.8669 -0.1131
v  -0.0329 0.6420 -0.1739
v  -0.0645 0.5056 -0.2634
v  -0.1267 0.4848 -0.2584
v  0.0675 0.7710 0.1741
v  0.0033 0.6854 0.2602
v  0.0742 0.6830 0.1619
v  0.0722 0.3254 0.3196
v  -0.0083 0.3173 0.3474
v  -0.0143 0.3608 0.2758
v  0.0940 0.2695 0.3613
v  0.0284 0.2575 0.3824
v  0.0115 0.2975 0.4406
v  -0.0184 0.3391 0.4182
v  -0.0854 0.4547 0.3187
v  -0.0891 0.4312 0.3597
v  -0.0588 0.4698 0.4114
v  0.0315 0.3773 0.4437
v  -0.1017 0.6112 0.3618
v  -0.0450 0.6202 0.3331
v  -0.0664 0.6591 0.3135
v  -0.1559 0.5769 0.3347
v  -0.1186 0.6560 0.3277
v  -0.1696 0.6295 0.2998
v  -0.1112 0.6871 0.2864
v  -0.1437 0.6774 0.2491
v  -0.1623 0.5494 0.2785
v  -0.1672 0.5981 0.2462
v  -0.1264 0.5449 0.2411
v  -0.1338 0.5902 0.2177
v  -0.0149 0.0580 0.6461
v  0.0660 0.0623 0.5517
v  -0.0218 0.1164 0.6475
v  0.0399 0.1659 0.5748
v  -0.1145 0.0755 0.5280
v  0.0327 0.0758 0.4459
v  -0.1184 0.1183 0.5328
v  -0.0171 0.1329 0.4755
v  -0.0826 0.1536 0.5780
v  -0.0160 0.1788 0.4843
v  -0.0487 0.4167 0.2441
v  0.0324 0.4255 0.2126
v  -0.1252 0.7194 0.1984
v  -0.0978 0.8146 0.1147
v  -0.1003 0.7476 0.0623
v  -0.0631 0.7210 0.2657
v  -0.0086 0.8297 0.1756
v  0.0396 0.9234 0.0610
v  0.0103 0.2131 0.4457
v  0.0558 0.1748 0.4244
v  0.1136 0.0745 0.3931
v  0.0442 0.1416 0.4281
v  0.0588 0.3105 0.4664
v  0.0910 0.3835 0.4083
v  0.0732 0.4637 0.4125
v  -0.0601 0.4794 0.2622
v  -0.0853 0.4408 0.2941
v  0.0022 0.5233 0.3866
v  -0.0379 0.4919 0.3873
v  -0.0394 0.3846 0.4530
v  -0.0647 0.3563 0.4094
v  -0.0500 0.4660 0.2342
v  0.0038 0.5429 0.3450
v  0.0620 0.5393 0.3736
v  0.0333 0.5568 0.3543
v  0.0778 0.3168 0.4475
v  0.0605 0.3602 0.4252
v  0.2092 0.3374 0.3698
v  0.1947 0.3780 0.3479
v  0.1106 0.3362 0.4474
v  0.0934 0.3796 0.4250
v  -0.0178 0.2026 0.5359
v  0.0489 0.2492 0.5148
v  0.0057 0.2497 0.4827
v  -0.1577 0.0600 0.6526
v  -0.0912 0.0586 0.6887
v  -0.1722 0.0634 0.5863
v  -0.1770 0.1041 0.6083
v  -0.0944 0.0992 0.6909
v  0.0625 0.3676 0.2561
v  0.1148 0.3547 0.3490
v  0.1195 0.4450 0.3687
v  0.0138 0.4603 0.4292
v  -0.0596 0.3914 0.3231
v  0.0936 0.4737 0.2487
v  0.1177 0.4138 0.3037
v  0.1259 0.1505 0.4968
v  0.1358 0.2195 0.4598
v  0.1074 0.2031 0.4996
v  0.1531 0.0754 0.4150
v  0.1468 0.0659 0.4669
v  0.1203 0.1714 0.3864
v  -0.1522 0.6441 0.2250
v  -0.1166 0.6560 0.1478
v  -0.1207 0.6529 0.2627
v  -0.0642 0.6452 0.2970
v  -0.0532 0.6186 0.0910
v  -0.0505 0.7507 -0.0221
v  -0.0822 0.7961 0.0112
v  0.0398 0.6343 0.0860
v  0.0614 0.6821 0.0016
v  0.1090 0.8753 0.0535
v  0.1208 0.8995 0.0086
v  0.1268 0.8327 0.0389
v  -0.0949 0.5130 0.3511
v  -0.0421 0.5461 0.3558
v  -0.0950 0.4987 0.2932
v  0.1539 0.1670 0.4197
v  0.1089 0.2234 0.3786
v  0.1355 0.2407 0.4038
v  0.1180 0.7302 0.0452
v  -0.0373 0.8829 0.0461
v  -0.0595 0.8748 0.0587
v  -0.0876 0.8554 0.0135
v  0.0051 0.5946 0.2777
v  0.0254 0.5695 0.2862
v  -0.0026 0.5234 0.2184
v  -0.0369 0.5510 0.2189
v  -0.0985 0.5591 0.2216
v  0.1270 0.2879 0.3841
v  0.1217 0.2272 0.5150
v  0.1006 0.3064 0.4471
v  0.1209 0.8050 -0.0936
v  0.0958 0.7286 -0.0659
v  0.1324 0.8837 -0.0701
v  0.1460 0.8090 -0.0298
v  0.0893 0.2772 0.4709
v  0.2217 0.2788 0.3912
v  0.1257 0.2890 0.4714
v  0.2129 0.3192 0.3670
v  0.0785 0.3208 0.4457
v  0.1149 0.3326 0.4462
v  0.1131 0.5124 0.3065
v  0.0134 0.4964 0.2068
v  0.0538 0.5579 0.2966
v  0.0572 0.5311 0.2318
v  0.0408 0.1738 0.4014
v  -0.1817 0.5828 -0.0319
v  -0.2132 0.4148 -0.0731
v  -0.2338 0.4277 -0.1024
v  -0.1472 0.5734 -0.0134
v  -0.2104 0.6012 -0.0585
v  -0.2640 0.4516 -0.1315
v  -0.1219 0.7800 0.0122
v  -0.0738 0.7853 0.0225
v  -0.1692 0.7950 -0.0219
v  -0.0381 0.9815 0.0331
v  0.0116 0.9780 0.0275
v  -0.0704 0.9595 0.0049
v  -0.0605 0.9846 0.0180
v  -0.0909 0.9607 -0.0225
v  -0.3122 0.3271 -0.2276
v  -0.2953 0.3166 -0.2153
v  -0.3415 0.3565 -0.2480
v  -0.2957 0.4922 -0.1712
v  -0.3752 0.3834 -0.2684
v  -0.3584 0.3849 -0.2589
v  -0.3923 0.3939 -0.2719
v  -0.3189 0.5251 -0.1906
v  -0.4045 0.4204 -0.2684
v  -0.2327 0.6287 -0.0924
v  -0.2417 0.6585 -0.1253
v  -0.1877 0.8115 -0.0764
v  -0.1782 0.8352 -0.1181
v  -0.1250 0.9857 -0.0898
v  -0.1031 0.9835 -0.1348
v  -0.1099 0.9614 -0.0511
v  -0.1181 0.9873 -0.0637
v  -0.2835 0.2664 -0.1448
v  -0.2840 0.2723 -0.1862
v  0.1203 0.8966 -0.3516
v  0.1338 0.8659 -0.2437
v  0.0961 1.0604 -0.2920
v  0.0951 0.7472 -0.7290
v  0.1377 0.7515 -0.7265
v  0.0476 0.9195 -0.5737
v  0.0879 0.9322 -0.5682
v  0.1480 0.7728 -0.6485
v  0.1171 0.9313 -0.4679
v  0.2063 0.7216 -0.5338
v  0.2256 0.6800 -0.4277
v  0.2344 0.6748 -0.3652
v  0.0593 0.6124 -0.9502
v  0.1051 0.6015 -0.9568
v  0.1566 0.6111 -0.8986
v  0.2654 0.5381 -0.7463
v  0.2929 0.5175 -0.6916
v  0.3502 0.5029 -0.5452
v  0.0363 0.5890 -1.2550
v  0.0832 0.5758 -1.2304
v  0.3835 0.6353 -0.0655
v  0.4047 0.3688 -0.1577
v  0.3494 0.4752 -0.2395
v  0.3244 0.6423 -0.1478
v  0.4085 0.4495 -0.4244
v  0.2615 0.6495 -0.3075
v  0.3540 0.3186 -0.0409
v  0.3916 0.0407 -0.1558
v  0.4110 0.0829 -0.1813
v  0.3819 0.3288 -0.0787
v  0.4468 0.1686 -0.2568
v  0.4643 0.2327 -0.3922
v  0.5118 0.2676 -0.5775
v  0.4781 0.3504 -0.7771
v  -0.0211 1.0931 -0.4306
v  0.0240 1.0814 -0.4370
v  -0.0159 1.2467 -0.3682
v  0.0216 1.2432 -0.3780
v  0.1115 1.2187 -0.2961
v  0.2997 0.8584 -0.0948
v  0.2238 0.8670 -0.1623
v  0.3497 0.5795 0.0321
v  0.3825 0.5949 0.0075
v  0.1560 0.5581 -1.1533
v  0.2531 0.5027 -1.0571
v  0.3463 0.4193 -0.9895
v  0.3036 1.0466 -0.0385
v  0.2817 1.0637 0.0013
v  0.2564 1.2196 -0.0147
v  0.2752 1.2185 -0.0488
v  0.2015 1.0506 -0.1602
v  0.2173 1.2093 -0.1587
v  0.3489 0.8525 -0.0019
v  0.3262 0.8476 0.0337
v  -0.0967 1.3214 -0.2510
v  -0.0429 1.3649 -0.2579
v  -0.0717 1.3267 -0.2956
v  -0.0957 1.3194 -0.2294
v  -0.0265 1.3614 -0.2363
v  -0.0790 1.3207 -0.2067
v  -0.0018 1.3196 -0.2165
v  0.0160 1.3339 -0.3279
v  -0.0340 1.3129 -0.3301
v  0.0409 1.3278 -0.2982
v  0.0926 1.2993 -0.2819
v  0.1298 1.3001 0.0432
v  0.1797 1.3022 0.0308
v  0.1545 1.3473 -0.0015
v  0.1092 1.3008 0.0366
v  0.1377 1.3481 -0.0231
v  0.0918 1.3066 0.0151
v  0.1202 1.3101 -0.0580
v  0.2213 1.2879 0.0013
v  0.2341 1.3136 -0.0447
v  0.2115 1.3136 -0.0767
v  0.2054 1.2898 -0.1354
v  -0.0474 1.9693 -0.0760
v  -0.0405 1.9722 -0.0606
v  -0.0488 1.9329 -0.0658
v  -0.0470 1.8699 -0.0376
v  -0.0529 1.8912 -0.0598
v  -0.0391 1.9034 -0.0316
v  -0.0557 1.9014 -0.0704
v  -0.0618 1.9230 -0.0928
v  -0.0274 1.8968 -0.0011
v  -0.0247 1.9120 -0.0003
v  -0.0368 1.9171 -0.0311
v  -0.0308 1.9440 -0.0270
v  -0.0424 1.9372 -0.0519
v  -0.0611 1.9715 -0.0702
v  -0.0626 1.9351 -0.0600
v  -0.0542 1.9743 -0.0549
v  -0.0561 1.9393 -0.0462
v  -0.0446 1.9462 -0.0212
v  -0.0505 1.9193 -0.0254
v  -0.0755 1.9251 -0.0871
v  -0.0384 1.9142 0.0055
v  -0.0411 1.8990 0.0047
v  -0.0529 1.9056 -0.0258
v  -0.0607 1.8721 -0.0318
v  -0.0666 1.8934 -0.0540
v  -0.0695 1.9036 -0.0646
v  -0.1021 1.8396 -0.1184
v  -0.0884 1.8374 -0.1241
v  -0.0993 1.8294 -0.1078
v  -0.0855 1.8273 -0.1135
v  -0.0747 1.8934 -0.0732
v  -0.0609 1.8912 -0.0790
v  -0.0719 1.8831 -0.0627
v  -0.0767 1.8736 -0.0706
v  -0.0802 1.8667 -0.0764
v  -0.0851 1.8573 -0.0844
v  -0.0891 1.8493 -0.0910
v  -0.0919 1.8596 -0.1016
v  -0.0878 1.8676 -0.0949
v  -0.0830 1.8770 -0.0869
v  -0.0795 1.8839 -0.0811
v  -0.0582 1.8809 -0.0684
v  -0.0658 1.8817 -0.0869
v  -0.0693 1.8748 -0.0927
v  -0.0741 1.8654 -0.1006
v  -0.0782 1.8575 -0.1073
v  -0.0754 1.8472 -0.0968
v  -0.0713 1.8551 -0.0901
v  -0.0665 1.8646 -0.0822
v  -0.0630 1.8715 -0.0764
v  -0.0719 1.9039 -0.1099
v  -0.0857 1.9060 -0.1041
v  -0.0671 1.9133 -0.1020
v  -0.0808 1.9155 -0.0962
v  -0.0706 1.8515 -0.0476
v  -0.0568 1.8493 -0.0534
v  -0.0657 1.8609 -0.0397
v  -0.0520 1.8588 -0.0454
v  -0.0803 1.8875 -0.1236
v  -0.0940 1.8897 -0.1179
v  -0.0755 1.8970 -0.1157
v  -0.0892 1.8991 -0.1100
v  -0.0789 1.8352 -0.0613
v  -0.0652 1.8330 -0.0671
v  -0.0741 1.8446 -0.0534
v  -0.0603 1.8424 -0.0592
v  -0.0945 1.8596 -0.1472
v  -0.1083 1.8618 -0.1414
v  -0.0843 1.8796 -0.1303
v  -0.0981 1.8818 -0.1246
v  -0.0931 1.8073 -0.0848
v  -0.0794 1.8052 -0.0905
v  -0.0830 1.8272 -0.0680
v  -0.0692 1.8251 -0.0738
v  -0.1825 1.6292 -0.2420
v  -0.2030 1.5884 -0.2765
v  -0.1988 1.6975 -0.3013
v  -0.2209 1.6632 -0.3414
v  -0.0987 1.8688 -0.1283
v  -0.0861 1.8224 -0.0807
v  -0.1285 1.8140 -0.1773
v  -0.1146 1.7600 -0.1260
v  -0.1692 1.7433 -0.2481
v  -0.1538 1.6823 -0.1910
v  -0.1522 1.6190 -0.2040
v  -0.1522 1.5691 -0.2319
v  -0.1695 1.6690 -0.2792
v  -0.1712 1.6238 -0.3142
v  -0.0905 1.8675 -0.1317
v  -0.0779 1.8211 -0.0842
v  -0.1185 1.8083 -0.1752
v  -0.1006 1.7629 -0.1173
v  -0.1521 1.7330 -0.2336
v  -0.1320 1.6814 -0.1690
v  0.2366 1.1951 0.7195
v  0.2746 1.1952 0.7194
v  0.2749 1.0732 0.7346
v  0.2709 1.1171 0.7855
v  0.2588 1.1933 0.7593
v  0.2722 1.0998 0.8297
v  0.2403 1.0997 0.8299
v  0.2369 1.0731 0.7347
v  0.2411 1.1171 0.7856
v  0.2501 1.1935 0.7599
v  0.2916 1.2539 0.6402
v  0.2916 1.2178 0.6052
v  0.2806 1.2379 0.5859
v  0.2286 1.2852 0.7914
v  0.2194 1.2594 0.7908
v  0.2921 1.2596 0.7905
v  0.2829 1.2853 0.7912
v  0.2787 1.2858 0.6756
v  0.2319 1.2858 0.6758
v  0.2921 1.2206 0.7651
v  0.2923 1.2217 0.8109
v  0.2919 1.1929 0.7721
v  0.2832 1.1947 0.6240
v  0.2187 1.2177 0.6055
v  0.2189 1.2538 0.6405
v  0.2294 1.2378 0.5861
v  0.2196 1.2076 0.8106
v  0.2194 1.2205 0.7661
v  0.2198 1.1927 0.7724
v  0.2273 1.1946 0.6242
v  0.2560 1.1922 0.8097
v  0.2816 1.0626 0.6430
v  0.2296 1.0625 0.6432
v  0.2813 1.0808 0.5696
v  0.2407 1.2308 0.6187
v  0.2292 1.0807 0.5698
v  0.2696 1.2309 0.6186
v  0.2699 1.1978 0.6690
v  0.2410 1.1977 0.6691
v  0.2781 1.1956 0.7064
v  0.2760 1.1732 0.7770
v  0.2824 1.1531 0.7235
v  0.2825 1.1442 0.7608
v  0.2358 1.1731 0.7772
v  0.2560 1.1368 0.7902
v  0.2783 1.1947 0.7525
v  0.2558 1.1944 0.7705
v  0.2291 1.1530 0.7237
v  0.2293 1.1441 0.7610
v  0.2330 1.1955 0.7066
v  0.2332 1.1947 0.7526
v  0.2343 1.2795 0.6107
v  0.2757 1.2796 0.6106
v  0.2887 1.2900 0.5816
v  0.2211 1.2899 0.5819
v  0.2844 1.2520 0.6178
v  0.2965 1.2532 0.5865
v  0.2761 1.2749 1.1021
v  0.2873 1.2520 1.1064
v  0.2379 1.2748 1.1023
v  0.2268 1.2519 1.1067
v  0.2259 1.2518 0.6181
v  0.2135 1.2531 0.5868
v  0.2707 1.2994 0.7077
v  0.2401 1.2993 0.7079
v  0.2402 1.2979 0.7470
v  0.2792 1.2836 0.7597
v  0.2787 1.2823 0.6937
v  0.2320 1.2835 0.7599
v  0.2320 1.2822 0.6939
v  0.2708 1.2980 0.7469
v  0.2862 1.2276 0.9616
v  0.3307 1.1946 0.8038
v  0.3038 1.2594 0.9603
v  0.2565 1.2210 0.9629
v  0.2560 1.1608 0.8076
v  0.2939 1.2602 1.0273
v  0.2742 1.2273 1.0370
v  0.2904 1.2351 1.0956
v  0.2570 1.2141 1.0663
v  0.3590 1.2612 0.8049
v  0.2558 1.2614 0.7827
v  0.2559 1.1770 0.7872
v  0.1812 1.1943 0.8044
v  0.2269 1.2275 0.9619
v  0.2091 1.2592 0.9606
v  0.2195 1.2601 1.0275
v  0.2394 1.2272 1.0372
v  0.2237 1.2349 1.0959
v  0.2157 1.2597 1.1245
v  0.2209 1.2590 1.0879
v  0.1526 1.2608 0.8057
v  0.2985 1.2598 1.1242
v  0.2930 1.2592 1.0876
v  0.2384 1.2895 1.0838
v  0.2753 1.2896 1.0836
v  -0.0218 0.9745 -0.2210
v  -0.0133 0.9710 -0.2465
v  -0.0048 0.9943 -0.2342
v  -0.0308 0.9639 -0.2343
v  -0.0151 1.0127 -0.2496
v  -0.0068 0.9919 -0.2529
v  -0.0334 1.0200 -0.2384
v  -0.0236 1.0141 -0.2240
v  -0.0188 0.9953 -0.2168
v  0.0029 0.9312 -0.2983
v  -0.0394 0.9558 -0.2697
v  -0.0178 1.0614 -0.2949
v  0.0059 1.0389 -0.3109
v  -0.0310 0.9231 -0.2754
v  -0.1467 0.8901 -0.1974
v  -0.1535 0.9837 -0.1928
v  -0.0649 0.9476 -0.2526
v  -0.0615 0.9088 -0.2549
v  -0.1912 0.9721 -0.1673
v  -0.2676 0.9187 -0.1158
v  -0.1982 0.8959 -0.1626
v  -0.2493 0.9719 -0.1282
v  -0.0325 1.0378 -0.2744
v  -0.0556 1.0308 -0.2588
v  -0.1408 1.0290 -0.2014
v  -0.1561 1.0621 -0.2017
v  -0.0827 1.0425 -0.2405
v  -0.0798 1.0785 -0.2531
v  -0.1223 1.0290 -0.1739
v  -0.1277 1.0621 -0.1596
v  -0.2491 0.9187 -0.0884
v  -0.1797 0.8959 -0.1352
v  -0.2308 0.9719 -0.1008
v  -0.0401 0.9943 -0.2865
v  -0.0615 0.9953 -0.2801
v  -0.0566 1.0141 -0.2730
v  -0.0297 1.0127 -0.2712
v  -0.0469 1.0200 -0.2585
v  -0.0235 0.9919 -0.2777
v  -0.0318 0.9710 -0.2741
v  -0.0498 0.9639 -0.2624
v  -0.0587 0.9745 -0.2757
v  -0.0715 1.0133 -0.2424
v  -0.0821 0.9947 -0.2574
v  -0.0846 0.9921 -0.2353
v  -0.0742 0.9705 -0.2444
v  -0.0566 0.9705 -0.2184
v  -0.0476 0.9947 -0.2062
v  -0.0690 0.9921 -0.2121
v  -0.0575 1.0133 -0.2216
v  -0.0140 1.0378 -0.2469
v  0.0106 1.0614 -0.2529
v  -0.0371 1.0308 -0.2314
v  -0.0642 1.0425 -0.2131
v  -0.0515 1.0785 -0.2111
v  -0.1350 0.9837 -0.1654
v  -0.1727 0.9721 -0.1399
v  -0.1282 0.8901 -0.1700
v  -0.0430 0.9088 -0.2274
v  -0.0464 0.9476 -0.2251
v  0.0343 1.0389 -0.2689
v  0.0214 0.9312 -0.2708
v  -0.0125 0.9231 -0.2480
v  -0.0209 0.9558 -0.2423
v  -0.2282 1.1720 -0.0922
v  -0.2254 1.1585 -0.0764
v  -0.2215 1.2037 -0.1017
v  -0.2092 1.2350 -0.0992
v  -0.1985 1.2476 -0.0862
v  -0.1957 1.2342 -0.0704
v  -0.2024 1.2025 -0.0609
v  -0.2147 1.1711 -0.0634
v  -0.2110 1.1485 -0.1196
v  -0.2028 1.1288 -0.0879
v  -0.2265 1.1540 -0.1121
v  -0.2183 1.1343 -0.0804
v  -0.2349 1.1629 -0.1363
v  -0.2194 1.1574 -0.1437
v  -0.2382 1.1455 -0.1303
v  -0.2227 1.1400 -0.1377
v  -0.2089 1.2220 -0.1258
v  -0.1934 1.2165 -0.1333
v  -0.2185 1.1997 -0.1294
v  -0.2030 1.1942 -0.1368
v  -0.1640 1.2571 -0.1021
v  -0.1836 1.2392 -0.1296
v  -0.1795 1.2626 -0.0947
v  -0.1991 1.2447 -0.1222
v  -0.1558 1.2374 -0.0704
v  -0.1713 1.2429 -0.0630
v  -0.1627 1.2349 -0.0391
v  -0.1472 1.2294 -0.0466
v  -0.1595 1.2516 -0.0449
v  -0.1441 1.2460 -0.0523
v  -0.1885 1.1759 -0.0491
v  -0.1730 1.1704 -0.0566
v  -0.1793 1.1972 -0.0457
v  -0.1638 1.1917 -0.0531
v  -0.1833 1.1467 -0.0604
v  -0.1987 1.1522 -0.0529
v  -0.2223 1.1782 -0.1213
v  -0.1753 1.2198 -0.0543
v  -0.2052 1.2546 -0.1424
v  -0.1898 1.2491 -0.1498
v  -0.2121 1.2382 -0.1444
v  -0.1966 1.2327 -0.1519
v  -0.1598 1.2143 -0.0617
v  -0.2068 1.1727 -0.1287
v  -0.1925 1.1425 -0.0328
v  -0.1770 1.1370 -0.0402
v  -0.1854 1.1597 -0.0306
v  -0.1699 1.1541 -0.0380
v  -0.2283 1.2416 -0.1730
v  -0.2077 1.2108 -0.1288
v  -0.1991 1.2834 -0.1629
v  -0.1863 1.2503 -0.1130
v  -0.1764 1.2767 -0.1664
v  -0.1766 1.2568 -0.1304
v  -0.2056 1.2350 -0.1765
v  -0.1976 1.2118 -0.1456
v  0.0105 1.3147 -0.2412
v  0.0084 1.2803 -0.2801
v  -0.0637 1.3410 -0.2463
v  -0.0672 1.3136 -0.2903
v  -0.0060 1.2707 -0.2709
v  -0.0039 1.3051 -0.2319
v  -0.0697 1.2972 -0.2799
v  -0.0662 1.3246 -0.2359
v  -0.1388 1.3263 -0.2300
v  -0.1295 1.3108 -0.2223
v  -0.1443 1.3007 -0.2749
v  -0.1907 1.2929 -0.1922
v  -0.1949 1.2673 -0.2372
v  -0.1350 1.2852 -0.2671
v  -0.1834 1.2530 -0.2301
v  -0.1792 1.2786 -0.1851
v  -0.2290 1.1139 -0.1491
v  -0.2210 1.1893 -0.1257
v  -0.2384 1.1599 -0.1713
v  -0.2192 1.1425 -0.1035
v  -0.2159 1.1608 -0.1633
v  -0.2074 1.1361 -0.1178
v  -0.2064 1.1149 -0.1411
v  -0.2092 1.1830 -0.1400
v  -0.0271 1.0637 -0.2599
v  0.0458 1.1303 -0.2429
v  0.0429 1.0807 -0.2276
v  -0.0242 1.1100 -0.2833
v  -0.0297 1.1188 -0.2666
v  0.0264 1.0847 -0.2178
v  0.0293 1.1343 -0.2331
v  -0.0326 1.0725 -0.2433
v  -0.0982 1.0797 -0.2372
v  -0.1048 1.0708 -0.2534
v  -0.1649 1.0818 -0.2147
v  -0.1035 1.1161 -0.2787
v  -0.1624 1.1271 -0.2400
v  -0.1535 1.1353 -0.2245
v  -0.0969 1.1250 -0.2625
v  -0.1560 1.0900 -0.1992
v  -0.1667 1.1491 0.0070
v  -0.1835 1.1894 -0.0539
v  -0.1829 1.1059 -0.0170
v  -0.2034 1.1425 -0.0639
v  -0.1666 1.1059 -0.0280
v  -0.1857 1.1361 -0.0695
v  -0.1504 1.1491 -0.0040
v  -0.1658 1.1830 -0.0595
v  0.1348 0.9556 -0.0290
v  0.1558 1.0022 -0.0200
v  0.1170 0.9567 0.0067
v  0.1380 1.0033 0.0157
v  0.1402 1.0108 -0.0281
v  0.1191 0.9642 -0.0371
v  0.1224 1.0120 0.0076
v  0.1013 0.9654 -0.0014
v  0.0508 0.9735 0.0603
v  0.0383 0.9823 0.0480
v  0.0702 1.0199 0.0735
v  -0.0212 0.9926 0.0825
v  -0.0040 1.0367 0.1038
v  0.0577 1.0286 0.0612
v  -0.0039 1.0452 0.0861
v  -0.0211 1.0011 0.0648
v  -0.0892 1.0268 0.0643
v  -0.0779 1.0311 0.0488
v  -0.0741 1.0708 0.0874
v  -0.1406 1.0665 0.0257
v  -0.1242 1.1100 0.0489
v  -0.0628 1.0750 0.0719
v  -0.1112 1.1127 0.0345
v  -0.1275 1.0692 0.0113
v  0.1489 0.9547 -0.0572
v  0.1333 0.9633 -0.0653
v  0.1699 1.0013 -0.0482
v  0.1543 1.0099 -0.0563
v  0.2320 1.2498 0.0386
v  0.2019 1.3046 0.0317
v  0.2672 1.2269 0.0925
v  0.2755 1.2553 0.1447
v  0.1470 1.3383 0.0404
v  0.0951 1.3517 0.0597
v  0.2686 1.2641 0.1864
v  0.2187 1.2755 0.2482
v  0.0907 1.3238 0.0523
v  0.1347 1.3119 0.0386
v  0.2086 1.2507 0.2320
v  0.1862 1.2800 0.0309
v  0.2111 1.2285 0.0418
v  0.2463 1.2055 0.0957
v  0.2543 1.2342 0.1400
v  0.2504 1.2408 0.1755
v  0.1421 1.2675 0.2705
v  0.0148 1.2466 0.1783
v  0.0457 1.2251 0.2353
v  0.0235 1.3002 0.1466
v  0.0869 1.2543 0.2670
v  0.0564 1.3352 0.0986
v  0.0579 1.2030 0.2189
v  0.0270 1.2245 0.1619
v  0.0924 1.2324 0.2468
v  0.0298 1.2752 0.1332
v  0.0521 1.3074 0.0911
v  0.1318 1.2428 0.2538
v  -0.0293 1.2512 -0.3489
v  -0.0663 1.2295 -0.4021
v  -0.0336 1.3056 -0.3175
v  -0.1113 1.2588 -0.4289
v  -0.0619 1.3388 -0.2694
v  -0.0992 1.3520 -0.2283
v  -0.1524 1.2681 -0.4379
v  -0.2283 1.2800 -0.4146
v  -0.0942 1.3240 -0.2219
v  -0.2173 1.2548 -0.3996
v  -0.0651 1.3123 -0.2577
v  -0.0391 1.2808 -0.3030
v  -0.0403 1.2297 -0.3310
v  -0.0773 1.2080 -0.3842
v  -0.1151 1.2374 -0.4078
v  -0.1494 1.2446 -0.4173
v  -0.2778 1.2716 -0.3521
v  -0.2402 1.2479 -0.1999
v  -0.2071 1.3012 -0.1953
v  -0.2817 1.2276 -0.2502
v  -0.2954 1.2577 -0.2999
v  -0.1499 1.3357 -0.2073
v  -0.2622 1.2054 -0.2557
v  -0.2748 1.2356 -0.2977
v  -0.2207 1.2257 -0.2054
v  -0.1925 1.2759 -0.1965
v  -0.1448 1.3077 -0.2009
v  -0.2664 1.2465 -0.3367
v  -0.0328 0.9887 -0.1987
v  0.1175 0.7883 -0.1690
v  0.0890 0.9340 -0.1498
v  0.0334 0.9291 -0.4225
v  0.1117 0.9002 -0.3721
v  0.0045 1.2638 -0.0927
v  -0.0586 1.4259 -0.2470
v  -0.1457 1.3612 -0.1650
v  0.0322 1.4481 -0.2656
v  0.0258 0.7883 -0.3282
v  0.1395 0.7176 -0.1838
v  0.0701 0.6968 -0.2917
v  -0.3348 1.3279 -0.5086
v  -0.3981 1.2563 -0.5812
v  -0.4338 1.2328 -0.5099
v  -0.3013 1.2665 -0.3696
v  -0.1130 1.2776 -0.2978
v  -0.2098 1.3018 -0.2289
v  -0.1870 1.2589 -0.4475
v  0.2590 1.3460 -0.2644
v  0.0464 1.4367 -0.3746
v  0.1995 1.4263 -0.2243
v  0.0904 1.3296 -0.4337
v  0.1343 1.1483 -0.4745
v  0.2994 1.1683 -0.2916
v  0.0276 1.1937 -0.5428
v  -0.0408 1.0501 -0.2609
v  0.0567 0.9981 -0.4049
v  0.2480 0.8767 -0.2570
v  0.1454 0.9871 -0.4018
v  0.2781 0.9999 -0.2773
v  0.0903 0.7883 -0.3525
v  -0.0627 1.3665 -0.4893
v  -0.1454 1.4155 -0.3158
v  -0.0502 1.2653 -0.5669
v  -0.2031 1.2916 -0.5929
v  0.0219 1.0186 -0.4703
v  -0.0485 1.1114 -0.3229
v  -0.0581 1.0626 -0.5264
v  -0.0170 1.1566 -0.3319
v  -0.1120 1.1808 -0.4324
v  -0.0884 1.1695 -0.4472
v  -0.0437 1.1644 -0.3151
v  -0.0061 1.1914 -0.3393
v  -0.0775 1.1946 -0.4489
v  -0.0374 0.9651 -0.1786
v  0.0406 0.9069 -0.1175
v  0.0683 0.9651 -0.0217
v  0.0887 0.9887 -0.0185
v  -0.2033 1.2375 -0.5986
v  -0.3867 1.2129 -0.5794
v  -0.1607 1.2677 -0.1631
v  -0.1976 1.3472 -0.2374
v  -0.3000 1.3031 -0.3770
v  -0.0583 1.2133 -0.5648
v  -0.0481 1.2109 -0.3323
v  0.1310 1.4329 -0.1781
v  0.2012 0.7416 -0.2254
v  0.1574 1.4456 0.1265
v  0.1985 1.4317 0.1310
v  0.1944 1.4414 0.1013
v  0.1664 1.4441 0.0853
v  0.1356 1.4401 0.0882
v  0.1515 1.4180 0.1586
v  0.1235 1.4207 0.1425
v  0.1169 1.4304 0.1132
v  0.1825 1.4220 0.1553
v  0.1506 1.3828 0.1645
v  0.1912 1.3900 0.1533
v  0.2187 1.4023 0.1236
v  0.1347 1.4125 0.0724
v  0.1093 1.4001 0.1006
v  0.1736 1.4199 0.0596
v  0.1181 1.3885 0.1379
v  0.2060 1.4140 0.0858
v  -0.1352 1.4432 -0.3074
v  -0.0982 1.4390 -0.3323
v  -0.1242 1.4301 -0.3475
v  -0.1081 1.4364 -0.2730
v  -0.0938 1.4408 -0.3004
v  -0.1676 1.4164 -0.3146
v  -0.1632 1.4181 -0.2826
v  -0.1367 1.4270 -0.2674
v  -0.1740 1.3813 -0.3168
v  -0.1529 1.4208 -0.3419
v  -0.1483 1.3889 -0.3500
v  -0.0927 1.4083 -0.2648
v  -0.1595 1.2512 -0.4619
v  -0.1423 1.2136 -0.4176
v  -0.1413 1.2383 -0.4144
v  -0.1243 1.2036 -0.4292
v  -0.1622 1.2317 -0.4676
v  -0.1473 1.2241 -0.4760
v  -0.1094 1.2234 -0.4322
v  -0.1339 1.2435 -0.4699
v  -0.0671 1.2473 -0.3080
v  -0.0300 1.2213 -0.3276
v  -0.0670 1.2163 -0.3080
v  -0.0464 1.1964 -0.3183
v  -0.1392 1.2159 -0.5044
v  -0.1337 1.2380 -0.4955
v  -0.1475 1.2393 -0.5226
v  -0.1250 1.2109 -0.5134
v  -0.1319 1.2337 -0.5316
v  -0.1117 1.2313 -0.5058
v  -0.1094 1.2050 -0.4302
v  -0.0435 1.1953 -0.3149
v  -0.1130 1.4009 -0.3588
v  -0.1283 1.3962 -0.2554
v  -0.0677 1.4160 -0.2981
v  -0.1615 1.3857 -0.2767
v  -0.0799 1.4114 -0.3326
v  -0.1719 1.2491 -0.4888
v  -0.1556 1.2452 -0.4993
v  0.2825 1.1808 0.1525
v  0.3329 1.2380 0.1964
v  0.2814 1.2050 0.1493
v  0.3390 1.2159 0.2048
v  0.3050 1.1695 0.1362
v  0.3527 1.2109 0.1951
v  0.3107 1.1946 0.1267
v  0.3507 1.2313 0.1799
v  0.1989 1.1953 0.0446
v  0.2356 1.1914 0.0191
v  0.1990 1.1644 0.0449
v  0.2247 1.1566 0.0264
v  0.2963 1.2317 0.2124
v  0.3124 1.2491 0.2294
v  0.2921 1.2512 0.2077
v  0.3097 1.2241 0.2017
v  0.3282 1.2452 0.2181
v  0.3091 1.2435 0.1870
v  0.2549 1.2383 0.1730
v  0.2833 1.2234 0.1501
v  0.2308 0.7883 -0.0243
v  0.2136 0.6968 -0.0791
v  0.2574 1.2136 0.1751
v  0.2749 1.2036 0.1627
v  0.1838 1.2473 0.0641
v  0.2158 1.2213 0.0370
v  0.1838 1.2163 0.0639
v  0.2010 1.1964 0.0486
v  0.3528 1.2393 0.2194
v  0.3671 1.2337 0.2083
v  0.3300 0.9897 0.0003
v  0.3036 0.9002 -0.0875
v  0.3385 0.9871 -0.1156
v  0.0152 1.3612 0.0735
v  0.0504 1.3018 0.1569
v  0.0628 1.3471 0.1488
v  0.0078 1.2677 0.0868
v  0.1514 1.4180 0.1243
v  0.1539 1.3031 0.2961
v  0.1465 1.2665 0.2944
v  0.4071 1.1483 -0.0701
v  0.4304 1.1937 0.0544
v  0.3830 1.0626 0.1278
v  0.2616 1.2589 0.2177
v  0.4186 1.2133 0.1423
v  0.3956 1.2375 0.2894
v  0.1505 1.2776 0.0930
v  0.2069 1.2109 0.0457
v  0.3210 0.9291 0.0040
v  0.1236 1.4259 0.0232
v  0.1748 1.4481 -0.0543
v  0.2629 1.3279 0.3776
v  0.2270 1.2328 0.4699
v  0.3065 1.2563 0.4635
v  0.2723 1.4367 -0.0396
v  0.3435 1.3406 -0.0584
v  0.1434 1.0501 0.0122
v  0.3610 1.0186 0.0325
v  0.1980 1.1114 0.0426
v  0.3090 1.2129 0.4522
v  0.2775 0.7883 -0.0750
v  0.3639 1.3784 0.1438
v  0.4236 1.2653 0.1356
v  0.3904 1.2916 0.2871
v  0.0565 1.0252 0.0283
v  0.0648 1.0209 0.0249
v  0.0550 1.0068 0.0238
v  0.0536 0.9972 0.0381
v  0.0486 1.0085 0.0376
v  0.0620 0.9930 0.0347
v  0.0687 0.9981 0.0294
v  0.0699 1.0097 0.0254
v  0.0375 1.0298 0.0787
v  0.0286 1.0153 0.0758
v  0.0395 1.0198 0.0856
v  0.0356 1.0317 0.0691
v  0.0347 1.0243 0.0624
v  0.0356 1.0120 0.0625
v  0.0404 1.0075 0.0857
v  0.0395 1.0001 0.0790
v  0.0376 1.0020 0.0694
v  0.1145 1.0430 0.0702
v  0.1207 1.0364 0.0849
v  0.1188 1.0314 0.0706
v  0.1093 1.0489 0.0764
v  0.1063 1.0458 0.0854
v  0.1072 1.0354 0.0919
v  0.1196 1.0211 0.0771
v  0.1166 1.0179 0.0861
v  0.1114 1.0239 0.0922
v  0.0770 1.0432 0.1032
v  0.0695 1.0320 0.1140
v  0.0828 1.0329 0.1066
v  0.0676 1.0457 0.1010
v  0.0601 1.0391 0.1013
v  0.0590 1.0271 0.1040
v  0.0817 1.0209 0.1092
v  0.0742 1.0142 0.1095
v  0.0649 1.0168 0.1073
v  0.0973 1.0272 0.0281
v  0.1123 1.0188 0.0302
v  0.0975 1.0149 0.0286
v  0.1022 1.0347 0.0327
v  0.1092 1.0330 0.0396
v  0.1143 1.0230 0.0448
v  0.1026 1.0050 0.0338
v  0.1096 1.0033 0.0407
v  0.1145 1.0107 0.0452
v  0.0497 1.0200 0.0335
v  0.0937 0.9708 0.0237
v  0.0615 0.9195 0.0748
v  0.0377 0.9675 0.0551
v  0.1025 0.9220 0.0518
v  0.1384 0.9914 0.0650
v  0.1353 0.9371 0.0821
v  0.1100 1.0007 0.1219
v  0.1145 0.9439 0.1238
v  0.0478 0.9859 0.1157
v  0.0689 0.9331 0.1193
v  0.1039 0.8960 0.0998
v  0.0290 1.0254 0.0412
v  0.0524 1.0558 0.0760
v  0.0475 1.0469 0.0469
v  0.0384 1.0426 0.0977
v  0.0811 1.0285 0.0120
v  0.0744 1.0485 0.0318
v  0.1227 1.0476 0.0505
v  0.0959 1.0584 0.0517
v  0.0963 1.0563 0.1034
v  0.0823 1.0629 0.0790
v  -0.0249 1.0137 0.0354
v  -0.0153 1.0111 0.0361
v  -0.0209 0.9960 0.0299
v  -0.0268 0.9847 0.0416
v  -0.0330 0.9951 0.0393
v  -0.0172 0.9820 0.0422
v  -0.0098 0.9887 0.0409
v  -0.0090 1.0007 0.0384
v  -0.0649 1.0096 0.0715
v  -0.0688 0.9945 0.0641
v  -0.0645 0.9992 0.0780
v  -0.0627 1.0123 0.0621
v  -0.0591 1.0058 0.0555
v  -0.0562 0.9938 0.0555
v  -0.0617 0.9872 0.0780
v  -0.0581 0.9807 0.0714
v  -0.0558 0.9834 0.0620
v  0.0039 1.0341 0.1002
v  0.0040 1.0268 0.1158
v  0.0096 1.0233 0.1020
v  -0.0044 1.0385 0.1035
v  -0.0106 1.0339 0.1099
v  -0.0109 1.0231 0.1157
v  0.0092 1.0125 0.1078
v  0.0031 1.0079 0.1142
v  -0.0053 1.0123 0.1174
v  -0.0438 1.0252 0.1120
v  -0.0533 1.0119 0.1176
v  -0.0383 1.0155 0.1173
v  -0.0515 1.0267 0.1059
v  -0.0570 1.0191 0.1024
v  -0.0570 1.0069 0.1037
v  -0.0384 1.0032 0.1185
v  -0.0439 0.9956 0.1151
v  -0.0516 0.9971 0.1089
v  0.0106 1.0214 0.0543
v  0.0243 1.0149 0.0627
v  0.0128 1.0093 0.0543
v  0.0115 1.0288 0.0609
v  0.0148 1.0273 0.0702
v  0.0187 1.0176 0.0767
v  0.0166 0.9996 0.0608
v  0.0200 0.9980 0.0701
v  0.0208 1.0054 0.0767
v  -0.0322 1.0071 0.0367
v  0.0194 0.9659 0.0463
v  -0.0227 0.9050 0.0743
v  -0.0431 0.9512 0.0479
v  0.0232 0.9158 0.0731
v  0.0363 0.9873 0.1044
v  0.0356 0.9315 0.1157
v  -0.0157 0.9858 0.1420
v  -0.0026 0.9303 0.1433
v  -0.0648 0.9634 0.1071
v  -0.0386 0.9139 0.1177
v  0.0074 0.8846 0.1151
v  -0.0547 1.0086 0.0342
v  -0.0554 1.0375 0.0771
v  -0.0449 1.0316 0.0487
v  -0.0749 1.0200 0.0893
v  0.0034 1.0223 0.0326
v  -0.0149 1.0387 0.0479
v  0.0192 1.0422 0.0868
v  -0.0068 1.0490 0.0759
v  -0.0293 1.0408 0.1218
v  -0.0318 1.0482 0.0939
v  0.1406 1.0232 -0.0361
v  0.1480 1.0173 -0.0392
v  0.1356 1.0054 -0.0406
v  0.1320 0.9965 -0.0262
v  0.1292 1.0084 -0.0269
v  0.1394 0.9906 -0.0293
v  0.1472 0.9942 -0.0344
v  0.1508 1.0053 -0.0385
v  0.1214 1.0320 0.0136
v  0.1099 1.0196 0.0105
v  0.1212 1.0219 0.0206
v  0.1201 1.0342 0.0040
v  0.1181 1.0270 -0.0027
v  0.1164 1.0148 -0.0025
v  0.1195 1.0097 0.0209
v  0.1175 1.0026 0.0142
v  0.1162 1.0047 0.0045
v  0.1996 1.0297 0.0076
v  0.2040 1.0222 0.0225
v  0.2016 1.0175 0.0081
v  0.1956 1.0366 0.0135
v  0.1917 1.0342 0.0224
v  0.1903 1.0240 0.0291
v  0.2002 1.0073 0.0148
v  0.1963 1.0049 0.0237
v  0.1922 1.0118 0.0296
v  0.1619 1.0377 0.0393
v  0.1520 1.0284 0.0500
v  0.1655 1.0265 0.0430
v  0.1533 1.0420 0.0368
v  0.1447 1.0370 0.0369
v  0.1411 1.0255 0.0396
v  0.1620 1.0150 0.0456
v  0.1534 1.0099 0.0457
v  0.1447 1.0143 0.0432
v  0.1810 1.0171 -0.0350
v  0.1939 1.0060 -0.0324
v  0.1788 1.0050 -0.0344
v  0.1871 1.0236 -0.0303
v  0.1934 1.0205 -0.0232
v  0.1963 1.0099 -0.0177
v  0.1816 0.9944 -0.0290
v  0.1879 0.9914 -0.0218
v  0.1940 0.9978 -0.0172
v  0.1328 1.0195 -0.0310
v  0.1664 0.9625 -0.0391
v  0.1232 0.9192 0.0112
v  0.1100 0.9706 -0.0096
v  0.1646 0.9132 -0.0105
v  0.2130 0.9743 0.0035
v  0.1987 0.9219 0.0208
v  0.1853 0.9898 0.0593
v  0.1785 0.9333 0.0617
v  0.1217 0.9875 0.0513
v  0.1318 0.9316 0.0558
v  0.1594 0.8881 0.0377
v  0.1133 1.0289 -0.0241
v  0.1411 1.0546 0.0113
v  0.1355 1.0465 -0.0179
v  0.1242 1.0446 0.0326
v  0.1659 1.0213 -0.0516
v  0.1626 1.0426 -0.0321
v  0.2092 1.0324 -0.0119
v  0.1850 1.0483 -0.0117
v  0.1835 1.0468 0.0401
v  0.1717 1.0557 0.0152
v  -0.0014 1.6385 -0.0470
v  -0.0140 1.6385 -0.0472
v  0.0434 1.6304 -0.0728
v  -0.0582 1.6356 -0.0523
v  -0.0579 1.6304 -0.0743
v  -0.0143 1.6437 -0.0252
v  -0.0018 1.6439 -0.0250
v  -0.0017 1.6437 -0.0250
v  0.0430 1.6356 -0.0507
v  -0.0143 1.6439 -0.0252
v  -0.0150 1.4960 0.0230
v  -0.0148 1.5341 0.0110
v  -0.0147 1.4892 0.0014
v  -0.0145 1.5273 -0.0106
v  -0.0024 1.4960 0.0232
v  -0.0023 1.5341 0.0112
v  -0.0022 1.5505 0.0060
v  -0.0021 1.5636 0.0019
v  -0.0020 1.5801 -0.0033
v  -0.0020 1.5932 -0.0075
v  -0.0019 1.6103 -0.0129
v  -0.0145 1.6103 -0.0131
v  -0.0146 1.5932 -0.0076
v  -0.0146 1.5801 -0.0035
v  0.0015 1.4767 0.0432
v  -0.0201 1.4767 0.0429
v  -0.0012 1.4724 0.0445
v  -0.0004 1.4798 0.0422
v  -0.0027 1.4837 0.0409
v  -0.0039 1.4856 0.0403
v  -0.0069 1.4856 0.0403
v  -0.0114 1.4856 0.0402
v  -0.0183 1.4798 0.0419
v  -0.0159 1.4837 0.0407
v  -0.0147 1.4856 0.0401
v  -0.0175 1.4724 0.0443
v  -0.0040 1.4678 0.0459
v  -0.0148 1.4678 0.0458
v  -0.0407 1.6684 -0.0507
v  -0.0077 1.7167 -0.0429
v  -0.0324 1.6833 -0.0492
v  -0.0077 1.7338 -0.0465
v  0.0286 1.6475 -0.0476
v  -0.0017 1.6523 -0.0275
v  -0.0402 1.6617 -0.0815
v  0.0259 1.6617 -0.0805
v  0.0254 1.6684 -0.0497
v  -0.0259 1.4766 0.0287
v  -0.0214 1.4839 0.0265
v  -0.0339 1.4798 0.0278
v  -0.0272 1.4907 0.0245
v  -0.0294 1.4708 0.0305
v  -0.0391 1.4713 0.0304
v  -0.0245 1.4627 0.0331
v  -0.0319 1.4593 0.0343
v  -0.0193 1.4541 0.0359
v  -0.0242 1.4466 0.0384
v  0.0008 1.4541 0.0362
v  0.0056 1.4466 0.0389
v  -0.0143 1.6523 -0.0277
v  -0.0140 1.6472 -0.0493
v  -0.0439 1.6475 -0.0487
v  -0.0435 1.6389 -0.0762
v  -0.0014 1.6472 -0.0491
v  0.0061 1.4627 0.0336
v  0.0110 1.4708 0.0311
v  0.0134 1.4593 0.0350
v  0.0207 1.4713 0.0313
v  0.0076 1.4766 0.0292
v  0.0156 1.4798 0.0286
v  0.0031 1.4839 0.0268
v  0.0090 1.4907 0.0250
v  0.0010 1.4875 0.0257
v  0.0059 1.4960 0.0233
v  -0.0046 1.4875 0.0256
v  -0.0131 1.4875 0.0255
v  -0.0192 1.4875 0.0254
v  -0.0240 1.4960 0.0229
v  -0.0074 1.7115 -0.0645
v  0.0290 1.6389 -0.0751
v  0.0171 1.6833 -0.0484
v  -0.0017 1.5864 -0.0291
v  0.0479 1.5836 -0.0372
v  0.0480 1.6008 -0.0426
v  0.0483 1.5940 -0.0642
v  -0.0016 1.6035 -0.0345
v  -0.0632 1.5637 -0.0563
v  -0.0636 1.5705 -0.0347
v  -0.0143 1.5733 -0.0251
v  -0.0636 1.5540 -0.0295
v  -0.0633 1.5472 -0.0511
v  -0.0147 1.5636 0.0017
v  -0.0144 1.5568 -0.0199
v  -0.0632 1.5768 -0.0605
v  -0.0635 1.5836 -0.0389
v  -0.0631 1.5940 -0.0659
v  -0.0634 1.6008 -0.0443
v  0.0482 1.5768 -0.0588
v  -0.0142 1.5864 -0.0292
v  -0.0017 1.5733 -0.0249
v  0.0478 1.5540 -0.0279
v  0.0481 1.5472 -0.0495
v  0.0478 1.5705 -0.0331
v  0.0482 1.5637 -0.0547
v  -0.0144 1.5437 -0.0158
v  -0.0148 1.5505 0.0058
v  -0.0019 1.5437 -0.0156
v  -0.0018 1.5568 -0.0197
v  -0.0635 1.5178 -0.0418
v  -0.0638 1.5246 -0.0202
v  -0.0634 1.5342 -0.0470
v  -0.0637 1.5410 -0.0254
v  0.0476 1.5246 -0.0186
v  0.0479 1.5178 -0.0402
v  0.0477 1.5410 -0.0237
v  0.0480 1.5342 -0.0453
v  -0.0021 1.4892 0.0016
v  -0.0019 1.5273 -0.0104
v  0.0062 1.4892 0.0017
v  0.0483 1.4569 -0.0199
v  0.0480 1.4637 0.0017
v  0.0482 1.4449 -0.0161
v  0.0479 1.4517 0.0055
v  0.0094 1.4839 0.0034
v  -0.0237 1.4892 0.0013
v  -0.0387 1.4645 0.0088
v  -0.0336 1.4730 0.0062
v  -0.0239 1.4398 0.0168
v  -0.0316 1.4525 0.0127
v  0.0060 1.4398 0.0173
v  -0.0141 1.6035 -0.0347
v  0.0337 1.9329 -0.2340
v  0.0150 1.8389 -0.1916
v  -0.0473 1.9329 -0.2352
v  -0.0300 1.8389 -0.1922
v  0.0329 1.9545 -0.1813
v  -0.0481 1.9545 -0.1825
v  0.0329 1.9238 -0.1804
v  -0.0481 1.9238 -0.1817
v  0.0323 1.9361 -0.1432
v  -0.0486 1.9361 -0.1444
v  0.0325 1.9625 -0.1558
v  -0.0485 1.9625 -0.1570
v  0.0319 1.9727 -0.1191
v  -0.0490 1.9727 -0.1204
v  0.0320 1.9409 -0.1210
v  -0.0490 1.9409 -0.1222
v  0.0315 1.9482 -0.0889
v  -0.0495 1.9482 -0.0901
v  0.0316 1.9760 -0.0972
v  -0.0493 1.9760 -0.0984
v  0.0311 1.9804 -0.0639
v  -0.0498 1.9804 -0.0651
v  0.0311 1.9491 -0.0661
v  -0.0498 1.9491 -0.0673
v  -0.0116 1.8059 0.0817
v  0.0277 1.9686 0.1626
v  -0.0532 1.9686 0.1614
v  -0.0513 1.9869 0.0321
v  0.0296 1.9869 0.0333
v  -0.0502 1.9842 -0.0408
v  0.0307 1.9842 -0.0396
v  -0.0503 1.9532 -0.0352
v  0.0307 1.9532 -0.0340
v  0.0119 1.8810 0.0200
v  0.0114 1.8415 0.0482
v  -0.0331 1.8810 0.0193
v  -0.0336 1.8415 0.0475
v  0.0131 1.8988 -0.0625
v  -0.0319 1.8988 -0.0632
v  0.0149 1.8601 -0.1792
v  -0.0301 1.8601 -0.1799
v  0.0014 1.8297 -0.1557
v  0.0083 1.8742 -0.1671
v  0.0001 1.8583 -0.0685
v  0.0070 1.9018 -0.0760
v  -0.0166 1.8297 -0.1560
v  -0.0179 1.8583 -0.0688
v  -0.0232 1.8742 -0.1675
v  -0.0245 1.9018 -0.0764
v  -0.0534 1.4978 -0.0106
v  -0.0531 1.4910 -0.0322
v  -0.0601 1.4869 -0.0072
v  0.0366 1.4910 -0.0308
v  0.0362 1.4978 -0.0092
v  0.0431 1.4801 -0.0273
v  0.0428 1.4869 -0.0057
v  -0.0269 1.4839 0.0029
v  -0.0673 1.6789 -0.0738
v  -0.0670 1.6736 -0.0959
v  -0.0590 1.6935 -0.0772
v  -0.0587 1.6883 -0.0993
v  -0.0319 1.6764 -0.0848
v  0.0446 1.6935 -0.0757
v  0.0449 1.6883 -0.0977
v  0.0177 1.6764 -0.0841
v  0.0528 1.6789 -0.0720
v  0.0531 1.6736 -0.0941
v  0.0137 1.4525 0.0134
v  -0.0652 1.4450 -0.0178
v  -0.0655 1.4518 0.0038
v  -0.0651 1.4569 -0.0216
v  -0.0654 1.4637 0.0000
v  -0.0597 1.4801 -0.0288
v  0.0210 1.4645 0.0097
v  0.0159 1.4730 0.0070
v  -0.0073 1.7286 -0.0685
v  0.0299 1.2823 0.0540
v  0.0272 1.3109 0.0457
v  -0.0104 1.2866 0.0672
v  0.0807 1.3409 -0.0512
v  0.0634 1.3781 -0.0003
v  0.0572 1.3198 0.0024
v  0.0883 1.4527 -0.1685
v  0.0994 1.4831 -0.1463
v  0.0905 1.4403 -0.0950
v  0.0953 1.3991 -0.1657
v  0.1033 1.4249 -0.1044
v  0.1020 1.3866 -0.1080
v  0.0689 1.4437 -0.1945
v  0.0996 1.4375 -0.1627
v  0.0312 1.4139 -0.2180
v  0.0566 1.4034 -0.1923
v  0.0618 1.3649 -0.1970
v  -0.0060 1.3722 -0.2242
v  0.0860 1.3654 -0.1047
v  -0.0103 1.3415 0.0603
v  -0.0397 1.3146 0.0343
v  -0.0474 1.3109 0.0446
v  -0.0100 1.3381 0.0411
v  -0.0099 1.3965 0.0308
v  -0.0100 1.4031 0.0422
v  -0.0549 1.4285 0.0043
v  0.0872 1.3290 -0.1156
v  0.0781 1.3898 -0.1656
v  0.0688 1.2861 -0.0069
v  -0.0873 1.2861 -0.0093
v  -0.1025 1.3290 -0.1185
v  0.0902 1.4999 -0.0799
v  0.0915 1.5165 -0.1625
v  0.0792 1.5356 -0.1277
v  0.0667 1.5154 -0.0496
v  0.0630 1.5835 -0.0755
v  0.0316 1.5034 -0.0169
v  0.0941 1.5232 -0.1754
v  0.0958 1.5251 -0.1418
v  0.1073 1.5035 -0.1515
v  0.0771 1.5376 -0.1618
v  0.0810 1.5254 -0.1255
v  0.0769 1.5321 -0.1858
v  0.0849 1.4772 -0.1711
v  0.0998 1.4606 -0.1508
v  0.0860 1.4562 -0.1544
v  0.0964 1.4932 -0.1730
v  0.0486 1.3786 0.0019
v  0.0451 1.3214 0.0028
v  0.0604 1.4017 -0.0419
v  0.0761 1.4043 -0.0408
v  -0.0096 1.5169 0.0129
v  -0.0098 1.4812 0.0268
v  0.0360 1.4285 0.0057
v  0.0722 1.4392 -0.0474
v  -0.0937 1.4043 -0.0434
v  -0.0779 1.4017 -0.0440
v  -0.0895 1.4392 -0.0498
v  -0.0548 1.4222 -0.0054
v  -0.0640 1.3214 0.0011
v  -0.0760 1.3198 0.0003
v  -0.0674 1.3786 0.0002
v  -0.0822 1.3781 -0.0024
v  0.1118 1.4718 -0.1403
v  0.1113 1.4975 -0.1174
v  0.0807 1.5028 -0.1884
v  -0.0993 1.4896 -0.0914
v  -0.0978 1.5095 -0.1082
v  -0.1116 1.5066 -0.1120
v  -0.1147 1.4775 -0.0943
v  -0.1238 1.4975 -0.1209
v  -0.1181 1.4619 -0.1050
v  -0.1003 1.4680 -0.0853
v  -0.1062 1.4339 -0.1095
v  -0.0503 1.2823 0.0528
v  -0.0101 1.2699 0.0441
v  -0.0090 1.6150 -0.0247
v  0.0744 1.6484 -0.1745
v  0.0529 1.6857 -0.1017
v  -0.0086 1.7060 -0.0499
v  0.0286 1.8468 -0.1074
v  -0.0084 1.8195 -0.0674
v  -0.0086 1.8720 -0.0533
v  -0.0053 1.4749 -0.2745
v  0.0399 1.5038 -0.2538
v  0.0749 1.5293 -0.2240
v  0.0214 1.8278 -0.1456
v  -0.0056 1.6420 -0.2504
v  -0.0069 1.8380 -0.1636
v  -0.0746 1.3649 -0.1991
v  -0.0918 1.3856 -0.1681
v  -0.0696 1.4034 -0.1943
v  -0.1016 1.3654 -0.1076
v  0.0362 1.4222 -0.0040
v  0.0232 1.3707 0.0244
v  0.0199 1.3146 0.0352
v  -0.0427 1.3707 0.0234
v  -0.1001 1.4397 -0.1129
v  -0.1145 1.4494 -0.1193
v  -0.0989 1.4420 -0.1366
v  -0.1006 1.4508 -0.0914
v  -0.1075 1.5251 -0.1449
v  -0.1188 1.5035 -0.1549
v  -0.0932 1.5254 -0.1281
v  0.0859 1.4896 -0.0887
v  0.0989 1.5066 -0.1088
v  0.0849 1.5095 -0.1055
v  0.1014 1.4775 -0.0910
v  -0.1112 1.4606 -0.1540
v  -0.0973 1.4562 -0.1572
v  -0.0042 1.4097 -0.2847
v  -0.0041 1.4420 -0.2897
v  0.0808 1.4064 -0.2551
v  0.0858 1.4385 -0.2589
v  -0.0045 1.4625 -0.2686
v  0.0761 1.4574 -0.2388
v  -0.0859 1.4574 -0.2412
v  -0.0900 1.4064 -0.2577
v  -0.0950 1.4385 -0.2616
v  0.1172 1.3641 -0.1610
v  -0.1294 1.3641 -0.1647
v  -0.1455 1.3882 -0.1564
v  -0.1318 1.4093 -0.1456
v  0.1191 1.4093 -0.1418
v  0.1331 1.3882 -0.1522
v  -0.0958 1.4772 -0.1738
v  -0.1073 1.4932 -0.1760
v  -0.1236 1.4718 -0.1438
v  -0.0910 1.5028 -0.1910
v  -0.1049 1.5232 -0.1784
v  0.1051 1.4619 -0.1016
v  0.0868 1.4680 -0.0825
v  0.0873 1.4508 -0.0886
v  0.1019 1.4494 -0.1161
v  0.0869 1.4420 -0.1338
v  0.0874 1.4397 -0.1100
v  -0.0883 1.5376 -0.1643
v  -0.0873 1.5321 -0.1883
v  -0.0979 1.3409 -0.0538
v  -0.1137 1.4831 -0.1495
v  -0.1051 1.4737 -0.1801
v  -0.0434 1.4139 -0.2191
v  -0.0818 1.4437 -0.1968
v  -0.0794 1.5835 -0.0776
v  -0.0444 1.8468 -0.1085
v  -0.0879 1.6484 -0.1770
v  -0.0671 1.6857 -0.1035
v  0.0927 1.3533 -0.0217
v  0.1005 1.3402 -0.0242
v  0.0925 1.3495 -0.0033
v  0.1157 1.3364 -0.0056
v  0.1002 1.3364 -0.0059
v  0.1160 1.3402 -0.0240
v  0.1234 1.3495 -0.0028
v  0.1237 1.3533 -0.0212
v  0.1156 1.3627 -0.0003
v  0.1159 1.3664 -0.0186
v  0.1004 1.3664 -0.0189
v  0.0924 1.3890 -0.0552
v  0.1250 1.3890 -0.0547
v  -0.0510 1.5038 -0.2551
v  -0.0869 1.5293 -0.2264
v  -0.1053 1.5165 -0.1655
v  -0.0359 1.8278 -0.1464
v  -0.1171 1.3627 -0.0038
v  -0.1090 1.3533 -0.0247
v  -0.1168 1.3664 -0.0221
v  -0.1167 1.3402 -0.0275
v  -0.1093 1.3495 -0.0063
v  -0.1170 1.3364 -0.0091
v  -0.1066 1.4999 -0.0828
v  -0.0941 1.5356 -0.1303
v  -0.0840 1.5154 -0.0518
v  -0.0499 1.5034 -0.0181
v  -0.1447 1.3909 -0.0820
v  -0.0990 1.3333 -0.0935
v  -0.0970 1.4051 -0.0785
v  -0.1449 1.3404 -0.0914
v  -0.1641 1.3639 -0.0869
v  -0.1437 1.4152 -0.1596
v  -0.1361 1.3662 -0.1689
v  -0.1486 1.3882 -0.1643
v  -0.0927 1.4298 -0.1539
v  -0.0948 1.3580 -0.1689
v  -0.1402 1.3495 -0.0068
v  -0.1326 1.3627 -0.0040
v  -0.1325 1.3364 -0.0094
v  -0.1323 1.3664 -0.0224
v  -0.1521 1.3665 -0.0902
v  -0.1401 1.3336 -0.0700
v  -0.1565 1.3613 -0.0646
v  -0.1377 1.3423 -0.0949
v  -0.1379 1.3908 -0.0850
v  -0.1403 1.3890 -0.0587
v  0.0823 1.4051 -0.0758
v  0.0848 1.3333 -0.0908
v  0.1302 1.3909 -0.0779
v  0.1496 1.3639 -0.0822
v  0.1306 1.3404 -0.0873
v  0.1365 1.3882 -0.1600
v  0.1241 1.3662 -0.1650
v  0.1315 1.4152 -0.1555
v  0.0803 1.4298 -0.1513
v  0.0828 1.3580 -0.1663
v  -0.1322 1.3402 -0.0277
v  -0.1400 1.3533 -0.0252
v  -0.1077 1.3890 -0.0582
v  -0.0949 1.3665 -0.0893
v  -0.1093 1.3908 -0.0846
v  -0.1092 1.3423 -0.0945
v  -0.0913 1.3613 -0.0636
v  -0.1075 1.3336 -0.0695
v  0.0948 1.3908 -0.0815
v  0.1234 1.3908 -0.0811
v  0.0762 1.3613 -0.0611
v  0.0806 1.3665 -0.0867
v  0.0926 1.3336 -0.0665
v  0.0950 1.3423 -0.0914
v  0.1252 1.3336 -0.0660
v  0.1236 1.3423 -0.0910
v  0.1414 1.3613 -0.0601
v  0.1378 1.3665 -0.0858
v  0.1002 1.3627 -0.0005
v  0.0579 0.9922 0.0853
v  0.0843 0.9627 0.0807
v  0.1663 0.9813 0.0288
v  0.1675 1.0163 0.0369
v  0.1728 0.9602 -0.0472
v  0.1913 1.0060 -0.0626
v  0.1252 0.9214 -0.1055
v  0.1420 0.9742 -0.1402
v  0.0463 0.9008 -0.0862
v  0.0460 0.9405 -0.1367
v  0.0109 0.8922 -0.0463
v  -0.0166 0.9356 -0.0699
v  -0.0008 0.9156 0.0320
v  -0.0239 0.9533 0.0384
v  0.1645 0.9839 0.0286
v  0.1778 0.9258 0.0357
v  0.1254 0.9187 0.0534
v  0.1196 0.9719 0.0475
v  0.1972 0.8551 0.0555
v  0.1402 0.8405 0.0790
v  0.2346 0.7485 0.1011
v  0.1629 0.7089 0.1474
v  0.1819 0.9740 -0.0201
v  0.1949 0.9317 -0.0159
v  0.1753 0.9326 0.0339
v  0.1649 0.9824 0.0273
v  0.2272 0.8555 -0.0109
v  0.2098 0.8504 0.0470
v  0.2917 0.7844 0.0027
v  0.2866 0.7416 0.0882
v  0.1785 1.0399 -0.0644
v  0.1541 1.0389 0.0218
v  0.0551 1.0331 0.0684
v  0.1356 1.0210 -0.1578
v  -0.0248 0.9993 0.0151
v  0.0457 0.9948 -0.1543
v  -0.0150 0.9909 -0.0668
# 2507 vertices

vn -0.0002 -1.0000 -0.0003
vn -0.2481 -0.9623 -0.1111
vn -0.3345 -0.9166 -0.2189
vn -0.3935 -0.9163 -0.0745
vn -0.1861 -0.9626 -0.1968
vn -0.2276 -0.9151 -0.3330
vn -0.0977 -0.9618 -0.2558
vn -0.0815 -0.9175 -0.3893
vn 0.0075 -0.9626 -0.2710
vn 0.0737 -0.9180 -0.3896
vn 0.1112 -0.9621 -0.2489
vn 0.2166 -0.9181 -0.3319
vn 0.1962 -0.9629 -0.1852
vn 0.3335 -0.9149 -0.2276
vn 0.2528 -0.9627 -0.0964
vn 0.3943 -0.9153 -0.0825
vn 0.2706 -0.9626 0.0075
vn 0.3895 -0.9181 0.0734
vn 0.2488 -0.9621 0.1114
vn 0.3374 -0.9153 0.2199
vn 0.1859 -0.9627 0.1968
vn 0.2276 -0.9146 0.3342
vn 0.0966 -0.9625 0.2536
vn 0.0824 -0.9154 0.3941
vn -0.0076 -0.9621 0.2724
vn -0.0744 -0.9166 0.3929
vn -0.1119 -0.9617 0.2502
vn -0.2209 -0.9150 0.3377
vn -0.1959 -0.9630 0.1850
vn -0.3302 -0.9167 0.2252
vn -0.2558 -0.9618 0.0978
vn -0.3914 -0.9166 0.0817
vn -0.2693 -0.9630 -0.0079
vn -0.9166 0.0161 -0.3994
vn -0.9723 0.1351 -0.1908
vn -0.8251 0.1347 -0.5487
vn -0.4392 0.8786 -0.1875
vn -0.3864 0.8842 -0.2623
vn -0.4582 0.8838 -0.0946
vn -0.3336 0.8790 -0.3408
vn -0.6935 0.0154 -0.7203
vn -0.2567 0.8843 -0.3900
vn -0.5516 0.1377 -0.8227
vn -0.1782 0.8782 -0.4439
vn -0.3649 0.0170 -0.9309
vn -0.0880 0.8846 -0.4580
vn -0.1953 0.1337 -0.9716
vn 0.0049 0.8795 -0.4759
vn 0.0191 0.0158 -0.9997
vn 0.0945 0.8841 -0.4576
vn 0.1922 0.1312 -0.9725
vn 0.1879 0.8782 -0.4399
vn 0.3998 0.0163 -0.9165
vn 0.2621 0.8842 -0.3866
vn 0.5492 0.1316 -0.8253
vn 0.3407 0.8790 -0.3336
vn 0.7202 0.0141 -0.6936
vn 0.3913 0.8836 -0.2573
vn 0.8227 0.1363 -0.5519
vn 0.4433 0.8785 -0.1780
vn 0.9309 0.0153 -0.3650
vn 0.4588 0.8842 -0.0878
vn 0.9710 0.1369 -0.1959
vn 0.4762 0.8793 0.0047
vn 0.9997 0.0170 0.0186
vn 0.4577 0.8841 0.0942
vn 0.9726 0.1312 0.1918
vn 0.4396 0.8784 0.1879
vn 0.9163 0.0162 0.4001
vn 0.3871 0.8839 0.2626
vn 0.8245 0.1363 0.5493
vn 0.3337 0.8788 0.3410
vn 0.6936 0.0162 0.7201
vn 0.2573 0.8835 0.3913
vn 0.5527 0.1382 0.8219
vn 0.1782 0.8783 0.4437
vn 0.3651 0.0153 0.9308
vn 0.0878 0.8838 0.4595
vn 0.1958 0.1369 0.9710
vn -0.0049 0.8793 0.4762
vn -0.0180 0.0187 0.9997
vn -0.0943 0.8841 0.4576
vn -0.1915 0.1346 0.9722
vn -0.1879 0.8783 0.4396
vn -0.4002 0.0178 0.9163
vn -0.2625 0.8840 0.3868
vn -0.5483 0.1380 0.8248
vn -0.3405 0.8793 0.3331
vn -0.7200 0.0160 0.6938
vn -0.3894 0.8847 0.2562
vn -0.8224 0.1357 0.5525
vn -0.4427 0.8789 0.1779
vn -0.9307 0.0183 0.3653
vn -0.4590 0.8841 0.0880
vn -0.9713 0.1352 0.1957
vn -0.4762 0.8793 -0.0049
vn -0.9997 0.0154 -0.0189
vn -0.5004 0.8658 -0.0046
vn -0.4917 0.8658 0.0933
vn -0.4896 0.8660 -0.1018
vn -0.4599 0.8662 -0.1954
vn -0.4125 0.8666 -0.2809
vn -0.5884 0.7022 -0.4008
vn -0.6558 0.7017 -0.2786
vn -0.7824 0.3202 -0.5342
vn -0.8711 0.3228 -0.3702
vn -0.6967 0.7026 -0.1449
vn -0.9265 0.3232 -0.1926
vn -0.7814 0.3259 -0.5322
vn -0.8692 0.3298 -0.3685
vn -0.9245 0.3286 -0.1930
vn -0.6635 0.3215 -0.6756
vn -0.4989 0.7026 -0.5074
vn -0.5194 0.3220 -0.7916
vn -0.3894 0.7044 -0.5934
vn -0.5181 0.3265 -0.7905
vn -0.6620 0.3286 -0.6736
vn -0.3547 0.3246 -0.8768
vn -0.2675 0.6996 -0.6626
vn -0.1759 0.3276 -0.9283
vn -0.1333 0.7011 -0.7005
vn -0.1757 0.3343 -0.9259
vn -0.3532 0.3333 -0.8742
vn 0.0094 0.3280 -0.9446
vn 0.0067 0.7009 -0.7133
vn 0.1932 0.3236 -0.9263
vn 0.1444 0.7035 -0.6959
vn 0.1927 0.3253 -0.9258
vn 0.0077 0.3331 -0.9429
vn 0.3696 0.3264 -0.8700
vn 0.2790 0.7009 -0.6565
vn 0.5332 0.3227 -0.7820
vn 0.4007 0.7025 -0.5882
vn 0.5321 0.3271 -0.7809
vn 0.3684 0.3329 -0.8680
vn 0.6756 0.3216 -0.6634
vn 0.5077 0.7025 -0.4987
vn 0.7934 0.3177 -0.5192
vn 0.5955 0.7020 -0.3905
vn 0.7910 0.3264 -0.5175
vn 0.6736 0.3286 -0.6620
vn 0.8755 0.3288 -0.3540
vn 0.6611 0.7012 -0.2671
vn 0.9298 0.3232 -0.1762
vn 0.7008 0.7009 -0.1327
vn 0.9279 0.3283 -0.1765
vn 0.8739 0.3341 -0.3532
vn 0.9473 0.3203 0.0085
vn 0.7116 0.7026 0.0059
vn 0.9262 0.3237 0.1932
vn 0.6955 0.7039 0.1442
vn 0.9239 0.3308 0.1923
vn 0.9455 0.3254 0.0089
vn 0.8685 0.3312 0.3687
vn 0.6536 0.7042 0.2772
vn 0.7815 0.3251 0.5325
vn 0.5896 0.7006 0.4019
vn 0.7809 0.3292 0.5309
vn 0.8680 0.3330 0.3685
vn 0.6627 0.3226 0.6758
vn 0.4999 0.7011 0.5085
vn 0.5183 0.3249 0.7911
vn 0.3905 0.7021 0.5954
vn 0.5161 0.3340 0.7887
vn 0.6612 0.3314 0.6731
vn 0.3533 0.3269 0.8766
vn 0.2667 0.7014 0.6610
vn 0.1769 0.3200 0.9308
vn 0.1321 0.7013 0.7005
vn 0.1752 0.3276 0.9284
vn 0.3536 0.3342 0.8737
vn -0.0083 0.3204 0.9472
vn -0.0058 0.7025 0.7116
vn -0.1926 0.3236 0.9264
vn -0.1445 0.7016 0.6977
vn -0.1920 0.3347 0.9225
vn -0.0090 0.3254 0.9455
vn -0.3690 0.3298 0.8689
vn -0.2789 0.7009 0.6565
vn -0.5328 0.3249 0.7814
vn -0.4013 0.7013 0.5891
vn -0.5319 0.3267 0.7813
vn -0.3688 0.3314 0.8684
vn -0.6750 0.3245 0.6626
vn -0.5079 0.7019 0.4994
vn -0.7898 0.3278 0.5185
vn -0.5952 0.7027 0.3898
vn -0.7891 0.3315 0.5171
vn -0.6739 0.3271 0.6625
vn -0.8781 0.3217 0.3541
vn -0.6613 0.7009 0.2672
vn -0.9279 0.3282 0.1767
vn -0.7002 0.7015 0.1328
vn -0.9269 0.3321 0.1749
vn -0.8759 0.3284 0.3536
vn -0.9446 0.3280 -0.0087
vn -0.7116 0.7026 -0.0064
vn -0.9429 0.3331 -0.0087
vn -0.4740 0.8805 -0.0038
vn -0.4689 0.8788 0.0887
vn -0.4649 0.8801 -0.0961
vn -0.4362 0.8805 -0.1854
vn -0.3930 0.8796 -0.2682
vn -0.0004 1.0000 0.0004
vn -0.4395 0.8805 0.1776
vn -0.3957 0.8809 0.2595
vn -0.3412 0.8784 0.3346
vn -0.2692 0.8781 0.3955
vn -0.1877 0.8775 0.4413
vn -0.0946 0.8834 0.4590
vn -0.0041 0.8804 0.4742
vn 0.0887 0.8804 0.4658
vn 0.1774 0.8807 0.4393
vn 0.2580 0.8824 0.3935
vn 0.3317 0.8809 0.3376
vn 0.3933 0.8796 0.2678
vn 0.4363 0.8806 0.1849
vn 0.4599 0.8828 0.0958
vn 0.4740 0.8805 0.0039
vn 0.4675 0.8795 -0.0886
vn 0.4417 0.8794 -0.1779
vn 0.3934 0.8824 -0.2580
vn 0.3372 0.8811 -0.3316
vn 0.2679 0.8797 -0.3928
vn 0.1850 0.8805 -0.4365
vn 0.0969 0.8796 -0.4657
vn 0.0043 0.8806 -0.4738
vn -0.0882 0.8809 -0.4651
vn -0.1772 0.8807 -0.4393
vn -0.2583 0.8823 -0.3934
vn -0.3317 0.8810 -0.3373
vn -0.4636 0.8660 0.1875
vn -0.4201 0.8647 0.2751
vn -0.3570 0.8656 0.3511
vn -0.2818 0.8657 0.4138
vn -0.1959 0.8657 0.4607
vn -0.1017 0.8659 0.4897
vn -0.0043 0.8658 0.5004
vn 0.0930 0.8662 0.4909
vn 0.1871 0.8662 0.4633
vn 0.2743 0.8657 0.4188
vn 0.3506 0.8660 0.3565
vn 0.4139 0.8656 0.2820
vn 0.4607 0.8656 0.1960
vn 0.4898 0.8659 0.1018
vn 0.5004 0.8658 0.0043
vn 0.4915 0.8659 -0.0930
vn 0.4635 0.8661 -0.1870
vn 0.4176 0.8665 -0.2735
vn 0.3560 0.8666 -0.3497
vn 0.2813 0.8661 -0.4132
vn 0.1960 0.8655 -0.4609
vn 0.1017 0.8659 -0.4898
vn 0.0044 0.8655 -0.5010
vn -0.0931 0.8650 -0.4930
vn -0.1873 0.8661 -0.4635
vn -0.2744 0.8655 -0.4191
vn -0.3499 0.8665 -0.3559
vn -0.9153 -0.0088 0.4028
vn -0.9151 -0.0092 0.4031
vn -0.9154 -0.0096 0.4023
vn -0.9158 -0.0109 0.4015
vn -0.9156 -0.0089 0.4020
vn -0.9156 -0.0079 0.4020
vn -0.9156 -0.0017 0.4022
vn -0.9156 -0.0110 0.4019
vn 0.9151 0.0092 -0.4031
vn 0.9153 0.0088 -0.4028
vn 0.9157 0.0104 -0.4018
vn 0.9156 0.0103 -0.4018
vn 0.9154 0.0096 -0.4023
vn 0.9158 0.0109 -0.4015
vn 0.9156 0.0079 -0.4020
vn 0.9156 0.0089 -0.4020
vn 0.9156 0.0017 -0.4022
vn 0.9156 0.0110 -0.4019
vn 0.9125 0.0116 -0.4088
vn 0.0198 -0.3824 -0.9238
vn 0.9125 0.0116 -0.4089
vn 0.9126 0.0115 -0.4087
vn 0.3825 0.0282 -0.9235
vn -0.9125 -0.0116 0.4088
vn 0.1219 0.9453 0.3027
vn 0.2118 0.8398 0.5000
vn 0.2309 0.8082 0.5417
vn -0.4075 0.1174 -0.9056
vn -0.7745 -0.6124 0.1585
vn -0.6011 -0.7467 0.2847
vn -0.1003 -0.9617 -0.2552
vn 0.0199 -0.9997 0.0118
vn -0.2118 -0.8396 -0.5001
vn 0.2918 -0.7216 0.6278
vn 0.3789 -0.4041 0.8326
vn 0.2917 -0.7218 0.6277
vn 0.3788 -0.4045 0.8324
vn 0.1672 -0.9243 0.3432
vn 0.1672 -0.9243 0.3431
vn 0.0886 -0.9822 0.1658
vn 0.3632 -0.2967 -0.8832
vn -0.3659 -0.4205 -0.8303
vn -0.9300 -0.2838 -0.2335
vn -0.6880 0.5933 0.4178
vn -0.4469 0.3465 0.8248
vn -0.6737 0.5677 0.4731
vn 0.9136 0.0410 -0.4045
vn 0.5955 0.3378 -0.7288
vn 0.6203 0.3128 -0.7193
vn 0.9474 0.0525 -0.3158
vn -0.2832 0.6112 -0.7390
vn -0.1974 0.9455 -0.2591
vn 0.0794 0.8762 -0.4753
vn -0.8498 0.4435 -0.2848
vn -0.8996 -0.0247 0.4361
vn -0.6439 -0.5182 0.5630
vn -0.6467 -0.3365 0.6845
vn -0.3654 -0.4682 0.8045
vn -0.0575 -0.5849 0.8091
vn -0.2096 -0.9101 -0.3576
vn 0.2859 -0.6606 0.6942
vn -0.7454 -0.2983 0.5961
vn 0.1001 0.9634 0.2485
vn 0.2424 0.8408 0.4840
vn 0.1945 0.8555 0.4798
vn 0.0969 0.9638 0.2484
vn 0.9417 -0.0450 -0.3335
vn -0.6235 -0.7090 0.3294
vn -0.7565 -0.2831 0.5896
vn -0.2420 -0.8664 -0.4367
vn -0.1532 0.9378 -0.3115
vn -0.1985 0.8883 -0.4141
vn -0.2408 0.8253 -0.5107
vn -0.2897 0.7267 -0.6229
vn -0.3835 0.3757 -0.8437
vn -0.3314 0.6100 -0.7198
vn -0.3834 0.3762 -0.8435
vn -0.4076 0.1146 -0.9060
vn -0.4075 -0.0571 -0.9114
vn 0.8122 0.4876 0.3202
vn 0.6810 0.7246 -0.1057
vn 0.7052 0.7067 -0.0577
vn 0.4102 0.7807 -0.4715
vn -0.9396 -0.3419 -0.0182
vn 0.2176 -0.9223 0.3193
vn -0.5693 -0.3703 0.7340
vn -0.9463 -0.3138 -0.0773
vn -0.6349 -0.6900 0.3477
vn -0.9276 0.0715 0.3667
vn -0.8432 0.1459 -0.5174
vn -0.8278 -0.4996 -0.2553
vn -0.8250 0.5405 -0.1653
vn -0.5734 0.6790 -0.4584
vn -0.5402 0.4847 0.6880
vn -0.2642 -0.0177 0.9643
vn -0.1888 0.6194 0.7621
vn -0.2556 -0.5585 0.7892
vn -0.4967 0.8528 0.1611
vn 0.3722 -0.4840 -0.7920
vn 0.5789 -0.2936 -0.7607
vn 0.6973 -0.6720 -0.2493
vn 0.9346 -0.3505 0.0599
vn 0.7017 -0.6905 0.1756
vn 0.8619 0.5035 0.0600
vn 0.8957 -0.0033 0.4446
vn 0.8893 0.0950 -0.4474
vn 0.6801 0.6307 0.3738
vn 0.1715 0.1586 -0.9723
vn 0.0229 0.6869 -0.7264
vn 0.4132 0.5571 -0.7204
vn 0.6973 -0.6720 -0.2494
vn 0.7716 -0.5450 0.3281
vn 0.4083 -0.0901 0.9084
vn 0.4083 -0.0899 0.9084
vn 0.3743 0.3757 0.8478
vn 0.4086 0.0161 0.9126
vn 0.2894 0.6852 0.6683
vn 0.1716 0.1586 -0.9723
vn 0.8046 -0.3506 0.4793
vn 0.4308 0.8658 -0.2545
vn -0.2182 -0.8296 -0.5140
vn -0.1500 -0.9189 -0.3648
vn -0.0962 -0.9644 -0.2461
vn -0.1500 -0.9190 -0.3647
vn -0.3731 0.4369 -0.8185
vn 0.1387 0.9302 0.3397
vn 0.0983 0.9630 0.2508
vn 0.1561 0.9125 0.3780
vn 0.1775 0.8875 0.4252
vn 0.2093 0.8436 0.4946
vn 0.2708 0.7295 0.6281
vn 0.2394 0.7931 0.5600
vn 0.2837 0.6995 0.6559
vn 0.2393 0.7931 0.5600
vn 0.3150 0.6147 0.7231
vn 0.3253 0.5825 0.7449
vn 0.3670 0.4148 0.8326
vn 0.3478 0.5009 0.7925
vn 0.3739 0.3779 0.8469
vn 0.3828 0.3247 0.8649
vn -0.4088 0.0646 -0.9103
vn -0.2952 0.7133 -0.6356
vn -0.2662 0.7782 -0.5688
vn -0.0308 0.9989 -0.0363
vn -0.3983 0.2566 -0.8806
vn 0.8096 0.5569 0.1855
vn 0.7356 0.6656 0.1262
vn 0.2081 0.8453 0.4920
vn 0.8639 0.4453 0.2351
vn 0.3165 0.6101 0.7263
vn 0.3521 -0.5344 0.7684
vn 0.2465 -0.8155 0.5236
vn 0.3755 -0.4238 0.8243
vn 0.4067 0.0773 0.9103
vn 0.3308 -0.6118 0.7185
vn 0.1783 -0.9125 0.3682
vn 0.0842 -0.9842 0.1559
vn 0.2140 -0.8672 0.4495
vn 0.3969 -0.2703 0.8771
vn 0.3188 -0.6493 0.6905
vn -0.3658 -0.4206 -0.8302
vn -0.3816 -0.3326 -0.8624
vn -0.3659 -0.4204 -0.8303
vn -0.3229 -0.5901 -0.7400
vn -0.3230 -0.5899 -0.7400
vn -0.2665 -0.7388 -0.6189
vn -0.2538 -0.7654 -0.5914
vn -0.2957 -0.6693 -0.6817
vn 0.2584 -0.7935 0.5510
vn 0.6293 0.7736 0.0745
vn -0.7387 0.6722 -0.0502
vn 0.4017 0.1595 0.9018
vn 0.9525 -0.2944 0.0782
vn 0.9551 -0.2944 -0.0346
vn 0.9547 -0.2948 0.0406
vn 0.9050 -0.0044 -0.4253
vn -0.9055 0.4125 -0.0993
vn 0.9523 -0.2932 -0.0852
vn -0.0294 -0.5209 0.8531
vn -0.0228 -0.5215 0.8529
vn -0.0299 -0.5208 0.8532
vn -0.2646 0.7814 -0.5651
vn -0.2007 0.8854 -0.4192
vn -0.3030 0.6935 -0.6537
vn -0.3868 0.3535 -0.8517
vn -0.3877 0.3468 -0.8541
vn -0.3188 0.6493 -0.6905
vn -0.4090 0.0165 -0.9124
vn -0.2971 0.7086 -0.6400
vn -0.1843 0.9057 -0.3819
vn -0.0166 0.9999 -0.0046
vn -0.1841 0.9058 -0.3816
vn -0.4088 0.0645 -0.9103
vn 0.1819 -0.9084 0.3764
vn 0.0116 -0.9999 -0.0067
vn 0.1820 -0.9083 0.3767
vn 0.2566 -0.7969 0.5469
vn 0.2565 -0.7971 0.5467
vn 0.1825 -0.9078 0.3777
vn 0.0522 -0.9951 0.0841
vn -0.0839 -0.9722 -0.2188
vn 0.9493 0.2838 -0.1353
vn -0.7477 0.0422 -0.6626
vn -0.8555 -0.4725 0.2120
vn 0.2682 0.8799 0.3923
vn 0.6002 0.6190 0.5065
vn 0.9282 0.3451 0.1390
vn 0.9125 0.4030 0.0706
vn 0.5816 -0.8075 -0.0984
vn -0.0248 -0.9465 -0.3219
vn 0.2003 -0.9550 -0.2187
vn 0.7227 -0.6182 -0.3091
vn -0.5355 0.7370 0.4124
vn -0.7758 0.6156 0.1387
vn -0.7735 0.5521 0.3112
vn -0.5260 0.8185 -0.2308
vn -0.3980 0.9174 -0.0051
vn -0.7704 -0.6041 -0.2036
vn -0.8325 -0.3865 -0.3970
vn 0.0119 -0.8776 -0.4792
vn -0.9958 -0.0334 -0.0858
vn -0.9991 0.0077 0.0411
vn -0.9966 -0.0784 -0.0234
vn 0.7693 0.4892 -0.4109
vn 0.5301 0.0836 -0.8438
vn -0.1516 0.5142 -0.8442
vn 0.8763 -0.1694 -0.4510
vn 0.9675 -0.2350 0.0936
vn -0.9450 -0.0903 -0.3144
vn 0.2112 -0.0545 -0.9759
vn 0.2702 -0.4697 -0.8404
vn -0.2007 -0.6144 -0.7631
vn -0.8078 -0.0478 -0.5875
vn 0.2676 0.9192 -0.2889
vn 0.6720 0.6614 -0.3331
vn 0.9990 0.0433 0.0073
vn 0.4396 0.8930 0.0961
vn -0.5051 0.8248 -0.2539
vn 0.7983 -0.5875 -0.1328
vn 0.4490 -0.8585 -0.2478
vn 0.2535 -0.9328 0.2561
vn 0.7517 -0.6291 -0.1978
vn 0.6526 -0.7432 0.1477
vn 0.7730 -0.6337 -0.0296
vn 0.9129 -0.3823 0.1434
vn -0.5375 -0.8427 -0.0306
vn -0.8858 -0.4156 0.2066
vn -0.9451 -0.2832 0.1630
vn -0.4823 -0.8614 0.1593
vn -0.9745 0.0442 0.2202
vn -0.9350 0.2733 0.2260
vn -0.5458 0.7701 0.3303
vn 0.2711 0.8940 0.3568
vn 0.2725 0.8909 0.3634
vn -0.6297 0.6919 0.3532
vn -0.9163 0.2969 0.2688
vn -0.0595 -0.2395 0.9691
vn -0.0667 -0.2419 0.9680
vn -0.0618 -0.2402 0.9688
vn -0.0622 -0.2397 0.9689
vn -0.0607 -0.2392 0.9691
vn 0.7708 -0.1561 0.6176
vn 0.0701 -0.1676 0.9834
vn 0.5936 -0.3419 0.7285
vn 0.8964 -0.3904 0.2098
vn 0.0312 -0.4777 0.8780
vn -0.6354 0.2928 -0.7145
vn -0.1384 0.9854 0.0991
vn 0.7120 -0.7005 0.0492
vn 0.9390 -0.2384 0.2480
vn 0.7129 -0.7005 0.0318
vn -0.8347 0.3651 0.4123
vn -0.7750 0.4097 0.4812
vn -0.7536 0.6492 0.1036
vn -0.7456 0.6592 0.0973
vn 0.8202 -0.4933 -0.2898
vn 0.6739 0.1016 -0.7318
vn -0.1766 -0.5104 0.8416
vn -0.7214 0.1505 0.6760
vn -0.7081 0.1369 0.6927
vn -0.5394 -0.0569 0.8401
vn -0.5283 -0.0809 0.8452
vn -0.5409 -0.0534 0.8394
vn 0.6069 0.1620 0.7781
vn 0.5522 0.3857 0.7392
vn 0.4584 0.4294 0.7781
vn 0.7028 0.3826 0.5997
vn -0.9552 -0.0277 -0.2948
vn -0.9087 -0.1978 0.3677
vn -0.9245 -0.1354 0.3563
vn -0.9655 -0.1650 0.2014
vn -0.1999 -0.3816 -0.9025
vn 0.1310 0.9570 -0.2587
vn 0.5925 -0.6621 -0.4589
vn -0.6024 0.6208 -0.5017
vn -0.7066 0.6224 -0.3367
vn -0.9668 0.2292 0.1128
vn -0.6866 0.6851 -0.2433
vn -0.4502 0.6101 -0.6520
vn 0.6665 -0.2187 0.7127
vn 0.1097 0.7560 -0.6453
vn 0.2599 0.7806 -0.5684
vn -0.7671 -0.4906 -0.4135
vn -0.8171 0.3587 -0.4513
vn 0.8791 -0.1944 0.4353
vn -0.4373 0.4167 -0.7969
vn -0.6296 -0.2533 0.7345
vn 0.1026 0.1300 -0.9862
vn -0.7776 0.2254 0.5870
vn 0.1912 0.9772 0.0925
vn -0.7951 -0.2690 -0.5435
vn -0.8040 -0.1622 -0.5721
vn -0.8038 -0.2803 -0.5247
vn -0.8092 -0.1348 -0.5718
vn -0.7982 -0.3214 -0.5095
vn -0.8629 -0.2468 -0.4410
vn -0.1436 0.9195 0.3660
vn -0.5434 0.8077 -0.2286
vn 0.9446 -0.3137 0.0967
vn 0.9754 0.1430 0.1679
vn 0.9005 0.3471 0.2620
vn 0.8349 -0.5397 -0.1076
vn 0.4766 -0.8050 -0.3533
vn -0.9649 0.2625 -0.0017
vn -0.8576 0.5144 -0.0001
vn -0.7926 0.6085 -0.0373
vn -0.5383 0.8133 -0.2209
vn 0.8207 0.5527 -0.1446
vn 0.7180 -0.6952 0.0326
vn -0.1665 0.9290 -0.3304
vn -0.0816 0.5117 -0.8553
vn -0.3454 0.8744 -0.3408
vn -0.1107 -0.6393 0.7609
vn 0.0825 -0.5116 0.8553
vn -0.2412 0.9179 -0.3152
vn -0.5444 0.7704 0.3319
vn -0.8264 0.5032 0.2527
vn -0.9588 0.2788 0.0542
vn -0.4143 0.1064 -0.9039
vn 0.1690 0.1058 -0.9799
vn 0.8307 0.0872 -0.5498
vn 0.6618 -0.6200 -0.4215
vn 0.8866 0.0218 -0.4620
vn 0.3981 0.6611 -0.6359
vn -0.6705 0.5568 -0.4904
vn 0.5764 0.6680 -0.4707
vn -0.9549 -0.0171 -0.2963
vn -0.9848 -0.1476 -0.0914
vn 0.9196 0.0805 -0.3845
vn 0.8918 -0.1345 -0.4319
vn 0.5240 -0.6398 -0.5623
vn -0.0203 -0.9130 -0.4075
vn -0.1006 -0.9051 -0.4131
vn -0.9327 -0.2495 -0.2605
vn -0.9629 -0.2386 -0.1263
vn 0.5806 0.7386 -0.3426
vn -0.8038 -0.5099 0.3063
vn -0.9828 -0.1507 -0.1064
vn 0.8320 0.5112 0.2155
vn 0.8487 -0.4198 -0.3217
vn -0.0384 -0.9992 -0.0118
vn 0.3538 0.0911 -0.9309
vn -0.2358 0.4991 -0.8338
vn 0.2080 0.5637 -0.7993
vn -0.1667 0.0157 -0.9859
vn -0.4417 0.8960 0.0459
vn -0.4586 0.8887 0.0030
vn 0.2133 0.4269 -0.8788
vn -0.5957 0.3062 0.7425
vn -0.5095 0.6638 0.5475
vn -0.8461 -0.3502 -0.4018
vn -0.8579 -0.3013 -0.4163
vn -0.7903 -0.5328 -0.3026
vn -0.8718 -0.2837 -0.3993
vn -0.8550 -0.2090 -0.4746
vn -0.9739 0.0893 0.2085
vn -0.8411 0.4035 -0.3602
vn -0.1623 -0.9565 -0.2422
vn -0.2231 -0.9356 -0.2735
vn -0.3313 -0.9404 -0.0761
vn -0.7889 -0.6085 0.0861
vn -0.7760 -0.6306 -0.0143
vn 0.7021 0.6455 0.3005
vn 0.9024 0.4209 0.0919
vn 0.3234 0.7480 0.5796
vn 0.9053 0.3336 0.2628
vn 0.3561 0.8792 0.3165
vn 0.5232 -0.7737 -0.3572
vn 0.2983 -0.9384 0.1743
vn -0.2702 -0.9374 -0.2195
vn 0.8309 -0.5480 0.0963
vn -0.4514 0.8395 0.3023
vn -0.8167 0.5111 0.2681
vn -0.4114 0.8288 0.3793
vn -0.8131 -0.5784 -0.0656
vn -0.9027 -0.3794 0.2031
vn -0.0224 -0.9902 0.1378
vn -0.5005 -0.8378 0.2183
vn -0.5060 -0.8254 0.2503
vn 0.7502 -0.6528 0.1049
vn 0.7651 -0.5477 0.3385
vn 0.5714 -0.3069 0.7612
vn 0.5657 -0.2863 0.7733
vn -0.9436 0.0511 -0.3272
vn -0.6190 -0.2031 0.7587
vn -0.5347 -0.7606 -0.3682
vn -0.5582 -0.0042 -0.8297
vn 0.6888 -0.6308 -0.3573
vn 0.3835 -0.8721 -0.3039
vn -0.1568 -0.2320 0.9600
vn -0.8362 -0.1926 -0.5136
vn -0.8557 -0.1010 -0.5076
vn 0.4108 -0.8398 -0.3549
vn 0.4129 -0.8399 -0.3523
vn 0.4475 -0.7108 -0.5427
vn 0.4028 -0.8394 -0.3649
vn 0.7896 -0.6131 0.0266
vn 0.7530 -0.1351 -0.6440
vn 0.8272 0.0905 0.5546
vn 0.8147 0.1514 0.5598
vn 0.8187 0.1586 0.5519
vn 0.8385 0.1330 0.5284
vn -0.5108 0.6631 0.5472
vn -0.5636 0.2423 0.7897
vn -0.0608 -0.2400 0.9689
vn -0.0632 -0.2408 0.9685
vn -0.0601 -0.2402 0.9689
vn -0.4906 0.6192 0.6131
vn -0.7373 0.3740 0.5626
vn 0.1454 0.9281 0.3427
vn -0.8867 -0.4598 -0.0486
vn -0.8833 -0.4309 0.1847
vn -0.9835 0.0347 0.1778
vn 0.9659 -0.2373 -0.1032
vn 0.6809 0.6861 -0.2563
vn 0.3267 0.7365 -0.5922
vn 0.1706 0.8637 -0.4743
vn -0.1735 -0.8881 0.4256
vn -0.2064 -0.9182 0.3380
vn -0.7583 -0.6509 0.0355
vn -0.8191 -0.5466 0.1743
vn 0.5474 -0.6500 0.5271
vn 0.6045 -0.6672 0.4353
vn -0.9807 -0.0009 -0.1953
vn -0.7552 0.4077 -0.5133
vn -0.5703 0.5745 -0.5871
vn -0.9549 -0.2459 -0.1664
vn 0.9414 -0.0745 0.3291
vn 0.6302 -0.6236 0.4626
vn 0.9775 0.0265 0.2092
vn 0.9511 0.2932 0.0969
vn 0.5970 0.7823 -0.1778
vn -0.0676 0.8826 -0.4652
vn -0.8288 0.4084 -0.3824
vn -0.6918 0.3451 0.6343
vn -0.9558 -0.0127 0.2938
vn -0.7694 0.2129 -0.6022
vn -0.9511 -0.2459 -0.1870
vn 0.9300 -0.0085 0.3674
vn 0.9242 0.3668 0.1069
vn 0.7134 -0.5536 0.4297
vn 0.9329 -0.3599 -0.0090
vn 0.9657 -0.1770 0.1898
vn -0.4991 -0.7333 0.4617
vn -0.0233 -0.7810 0.6241
vn -0.8828 -0.3496 0.3138
vn -0.9065 -0.3429 0.2464
vn 0.0579 -0.9123 0.4055
vn 0.4419 -0.7174 0.5387
vn 0.6610 -0.7071 0.2510
vn -0.9480 0.3161 0.0381
vn 0.9454 -0.2304 0.2307
vn 0.3122 -0.7985 0.5146
vn 0.9456 -0.2541 -0.2031
vn -0.4388 0.6695 -0.5994
vn -0.0091 0.7610 -0.6487
vn 0.5855 0.6866 -0.4310
vn -0.6409 -0.6500 0.4083
vn -0.2053 -0.5632 0.8004
vn 0.5708 0.7080 -0.4158
vn -0.1420 -0.9433 0.3002
vn 0.6386 -0.7168 0.2800
vn -0.2013 -0.8831 0.4238
vn -0.3344 -0.5440 0.7696
vn 0.3777 -0.2325 0.8963
vn -0.0667 0.3837 0.9210
vn -0.9222 0.3108 0.2301
vn -0.8493 -0.4322 0.3031
vn -0.7088 -0.0439 0.7041
vn -0.9905 -0.0672 -0.1203
vn -0.1520 0.9775 -0.1464
vn -0.8712 -0.1892 -0.4530
vn -0.6385 -0.7635 -0.0969
vn 0.6686 0.2857 0.6866
vn 0.8879 0.3662 0.2786
vn 0.6012 0.5291 0.5988
vn 0.4908 0.8612 -0.1321
vn 0.2846 0.9586 -0.0086
vn 0.5015 0.8380 -0.2152
vn -0.7084 0.3064 0.6358
vn 0.9951 0.0888 0.0433
vn 0.9528 0.1654 0.2547
vn 0.9725 0.2274 0.0505
vn 0.8124 0.5313 -0.2401
vn -0.6001 0.6784 -0.4238
vn 0.4465 0.8434 -0.2990
vn -0.8047 -0.4334 0.4056
vn 0.4466 -0.1223 -0.8864
vn 0.5809 -0.1612 -0.7978
vn 0.8234 0.1675 0.5422
vn 0.8891 0.0486 0.4551
vn -0.3324 -0.6724 0.6613
vn -0.5185 -0.2311 0.8232
vn -0.5782 -0.1053 0.8091
vn 0.7748 0.0623 0.6292
vn 0.1258 0.0238 0.9918
vn 0.0472 0.1628 0.9855
vn 0.0940 0.0809 0.9923
vn 0.1528 -0.0254 0.9879
vn 0.4523 0.1196 0.8838
vn 0.4011 0.0256 0.9157
vn 0.4156 0.0513 0.9081
vn 0.4627 0.1398 0.8754
vn 0.0563 0.3639 0.9297
vn 0.6071 0.1859 0.7725
vn 0.3272 0.4178 0.8476
vn 0.3000 0.3719 0.8785
vn 0.5951 -0.2631 0.7594
vn 0.1767 0.3619 0.9153
vn 0.1863 0.3724 0.9092
vn 0.0663 0.9692 0.2372
vn 0.4487 0.5316 0.7184
vn -0.9476 0.1607 -0.2760
vn 0.7207 -0.6900 0.0671
vn 0.9981 -0.0623 0.0002
vn 0.9693 0.1722 -0.1757
vn 0.6957 0.6134 -0.3737
vn -0.3405 0.5864 -0.7350
vn -0.4219 0.5636 -0.7101
vn -0.4878 0.4153 -0.7678
vn 0.2924 0.5298 -0.7961
vn -0.6964 0.0604 0.7151
vn 0.3820 -0.6085 0.6956
vn 0.4265 -0.4387 0.7910
vn 0.9880 -0.1514 -0.0306
vn 0.9775 -0.2012 0.0636
vn 0.7216 -0.6070 0.3330
vn 0.6563 -0.6376 0.4035
vn 0.1361 -0.5319 -0.8358
vn 0.1383 -0.5308 -0.8361
vn 0.1428 -0.5284 -0.8369
vn 0.1373 -0.5320 -0.8356
vn 0.1387 -0.5312 -0.8358
vn 0.1372 -0.5312 -0.8361
vn 0.1395 -0.5301 -0.8364
vn 0.1365 -0.5312 -0.8362
vn -0.6763 -0.1884 0.7121
vn -0.5645 -0.7108 0.4197
vn -0.9655 0.2213 -0.1375
vn -0.9383 0.3381 -0.0734
vn -0.8409 -0.0242 -0.5406
vn -0.3288 0.0281 -0.9440
vn -0.6464 0.3829 -0.6600
vn -0.2706 0.2371 -0.9330
vn -0.4490 0.3199 -0.8343
vn -0.6464 0.3828 -0.6600
vn 0.4404 0.8901 0.1172
vn 0.3118 0.9467 0.0811
vn 0.1419 0.9861 0.0869
vn 0.4414 0.8898 0.1160
vn -0.0215 0.9995 -0.0212
vn 0.0273 0.9765 0.2139
vn -0.5516 -0.3549 0.7548
vn -0.3739 -0.8173 0.4385
vn -0.1012 -0.4476 0.8885
vn -0.5207 -0.3488 0.7793
vn 0.0191 0.3689 -0.9293
vn 0.5408 0.2413 -0.8058
vn 0.0454 0.3427 -0.9384
vn 0.4470 0.3576 -0.8199
vn 0.3375 -0.6220 0.7065
vn 0.9031 -0.2489 0.3499
vn -0.2211 0.4420 -0.8694
vn -0.2233 0.3807 -0.8973
vn -0.2605 0.3559 -0.8975
vn -0.4761 0.3343 -0.8133
vn 0.5376 0.8340 0.1244
vn 0.2857 0.9531 0.0997
vn 0.3465 0.7860 0.5119
vn -0.1920 0.6731 0.7142
vn -0.1271 -0.8555 0.5019
vn -0.8323 -0.5392 0.1285
vn -0.8132 -0.5545 0.1766
vn -0.1316 -0.8584 0.4958
vn -0.9531 -0.0033 -0.3026
vn -0.9282 -0.0023 -0.3721
vn 0.2594 0.5116 -0.8191
vn 0.4340 0.6260 -0.6479
vn 0.3823 0.4864 -0.7856
vn 0.2057 0.6755 -0.7081
vn -0.8291 0.2957 -0.4745
vn -0.6917 0.2680 -0.6706
vn 0.9171 0.1959 -0.3472
vn 0.8542 0.2277 -0.4675
vn 0.8524 0.3363 -0.4004
vn 0.2043 0.4459 0.8715
vn 0.1685 0.4282 0.8878
vn 0.4246 0.4380 0.7924
vn 0.4472 0.3436 0.8258
vn 0.4000 0.1983 0.8948
vn 0.3023 0.1062 0.9473
vn 0.7718 0.2025 0.6028
vn -0.6784 0.1139 -0.7258
vn 0.5602 -0.7061 -0.4332
vn 0.5569 -0.7077 -0.4347
vn 0.1835 -0.2507 -0.9505
vn 0.0443 -0.3171 -0.9474
vn 0.2035 0.5681 -0.7974
vn -0.6526 0.0039 0.7577
vn -0.6259 0.3427 0.7006
vn -0.9695 0.1402 -0.2011
vn 0.6142 0.4566 0.6436
vn 0.0122 0.3245 0.9458
vn 0.4797 0.0607 0.8753
vn -0.2444 0.8670 -0.4343
vn -0.2873 -0.9522 -0.1040
vn 0.1230 -0.9606 -0.2492
vn -0.3816 -0.9241 0.0191
vn -0.4764 -0.8704 0.1241
vn 0.9774 -0.2021 -0.0626
vn -0.8574 0.0086 0.5145
vn -0.8964 -0.1167 0.4276
vn -0.9487 -0.0652 0.3092
vn -0.7939 -0.2079 0.5715
vn -0.3046 0.0289 0.9521
vn -0.3105 0.0230 0.9503
vn -0.3132 0.0205 0.9495
vn -0.5000 -0.4770 0.7228
vn -0.4590 -0.8863 -0.0617
vn 0.4759 -0.5251 0.7056
vn -0.3761 -0.9183 -0.1235
vn -0.4129 -0.9022 -0.1244
vn -0.3533 -0.9352 -0.0242
vn 0.1596 0.0703 -0.9847
vn 0.1666 0.0365 -0.9853
vn 0.6631 0.2799 0.6943
vn 0.1644 0.9715 0.1706
vn 0.1268 0.9771 0.1707
vn 0.7797 -0.0501 0.6241
vn 0.2815 -0.2338 0.9306
vn -0.9551 -0.2739 -0.1129
vn -0.9541 0.2878 0.0834
vn -0.9257 -0.0288 -0.3772
vn -0.9608 -0.2705 -0.0607
vn 0.6061 0.4352 0.6657
vn 0.2714 0.2309 0.9344
vn 0.4100 0.0768 0.9088
vn 0.6157 0.4279 0.6617
vn 0.2715 -0.2336 0.9336
vn -0.6448 0.2277 0.7296
vn -0.6771 0.2531 -0.6910
vn -0.6527 0.2001 -0.7307
vn -0.5593 0.5412 0.6280
vn 0.5999 0.4691 0.6482
vn 0.0592 0.5398 0.8397
vn -0.8913 0.4508 0.0479
vn -0.6576 0.1798 -0.7316
vn -0.6917 0.2347 -0.6830
vn -0.9062 0.0114 -0.4226
vn 0.2938 -0.2253 0.9289
vn 0.2596 -0.2221 0.9398
vn -0.9483 -0.2586 -0.1838
vn -0.9608 -0.2514 -0.1172
vn 0.2711 -0.7279 0.6298
vn 0.5439 -0.2258 0.8082
vn 0.5426 -0.2230 0.8099
vn -0.3194 0.5630 -0.7623
vn -0.3101 0.5909 -0.7448
vn -0.9637 0.1644 -0.2105
vn -0.9213 -0.0238 -0.3880
vn -0.7822 0.3315 -0.5274
vn -0.3688 0.1937 -0.9091
vn 0.8949 0.3742 0.2431
vn -0.3642 -0.9195 0.1477
vn -0.3133 -0.9474 0.0650
vn -0.2857 -0.9289 0.2356
vn -0.2361 0.3057 -0.9224
vn -0.9081 0.4179 -0.0267
vn -0.6606 0.3234 -0.6775
vn -0.6393 0.3249 -0.6970
vn -0.6364 0.3251 -0.6996
vn -0.4062 -0.7530 -0.5177
vn -0.4279 -0.8565 -0.2886
vn -0.3784 -0.6794 -0.6287
vn -0.4163 -0.8753 -0.2462
vn -0.7837 0.3919 -0.4819
vn 0.4100 0.9074 -0.0927
vn -0.5775 0.3977 0.7130
vn -0.2743 0.7970 0.5380
vn -0.3361 0.0059 0.9418
vn -0.7148 -0.6974 0.0520
vn 0.1103 0.9283 0.3550
vn 0.1512 -0.8564 0.4938
vn -0.9059 0.3818 0.1830
vn -0.4679 0.8760 -0.1168
vn -0.9084 0.3938 -0.1407
vn -0.9091 0.3757 0.1799
vn 0.2147 0.9735 0.0787
vn 0.3677 0.9287 -0.0474
vn 0.4792 0.8581 0.1842
vn 0.8869 0.4377 0.1479
vn 0.9478 -0.3181 0.0219
vn 0.9533 -0.3018 0.0117
vn 0.9402 -0.3387 0.0351
vn -0.2671 -0.9512 0.1542
vn -0.2585 -0.9570 0.1313
vn -0.8165 0.3759 -0.4383
vn 0.1821 -0.1461 0.9724
vn -0.4880 -0.2489 0.8366
vn -0.2750 -0.9293 0.2465
vn -0.6544 -0.6585 0.3717
vn -0.6101 -0.7226 0.3250
vn 0.6146 0.6352 0.4677
vn 0.6077 0.6429 0.4662
vn 0.5866 0.6466 0.4877
vn 0.6279 0.6119 0.4809
vn 0.5112 0.8426 0.1693
vn 0.4626 0.8628 0.2037
vn 0.7143 0.6998 -0.0042
vn 0.5818 0.6221 0.5238
vn 0.5581 0.6314 0.5384
vn 0.2653 -0.4234 0.8663
vn 0.5564 -0.5241 0.6447
vn 0.5248 -0.7619 0.3796
vn 0.5073 -0.4548 0.7319
vn 0.9745 0.1511 0.1659
vn 0.5416 -0.3999 0.7394
vn 0.8336 0.3789 -0.4020
vn 0.6561 0.3282 -0.6795
vn 0.0571 0.1953 -0.9791
vn -0.1891 0.4131 -0.8908
vn -0.0715 0.3300 -0.9413
vn -0.5290 -0.0207 -0.8484
vn -0.7681 0.2313 -0.5970
vn -0.4953 0.5202 -0.6957
vn -0.5976 -0.7271 0.3381
vn -0.8680 -0.3724 0.3284
vn -0.9406 -0.3281 -0.0879
vn -0.8248 -0.5626 -0.0564
vn 0.9390 0.1474 0.3107
vn 0.7160 0.3054 0.6278
vn 0.4583 0.0580 -0.8869
vn 0.5971 0.1420 -0.7895
vn 0.7136 0.0346 -0.6997
vn -0.2336 0.0196 0.9721
vn -0.2778 0.0343 0.9600
vn -0.2876 0.1005 0.9525
vn 0.2882 -0.1761 0.9412
vn 0.5102 0.0046 0.8601
vn -0.4635 0.3528 0.8128
vn -0.2881 0.5563 0.7795
vn -0.3757 -0.0459 0.9256
vn -0.2527 -0.1508 0.9557
vn -0.0701 -0.9970 0.0337
vn -0.0451 -0.9985 0.0320
vn -0.0666 -0.9972 0.0331
vn -0.0298 -0.9993 0.0239
vn 0.5068 0.1257 -0.8528
vn -0.0041 0.5904 -0.8071
vn -0.4487 0.8207 0.3538
vn -0.1761 0.6036 0.7776
vn -0.0008 -0.9996 0.0291
vn 0.1415 -0.9893 0.0342
vn -0.0529 -0.9985 0.0168
vn 0.4049 0.9135 0.0394
vn 0.3905 0.9187 0.0586
vn 0.3728 0.9243 0.0816
vn 0.4153 0.9093 0.0255
vn -0.5288 -0.1018 0.8426
vn -0.0827 0.5970 -0.7979
vn -0.0758 0.5859 -0.8068
vn -0.1421 0.6085 -0.7807
vn -0.0901 0.6089 -0.7881
vn -0.4013 0.7009 -0.5896
vn -0.2730 0.4914 -0.8270
vn -0.5150 0.5371 -0.6681
vn -0.1492 0.4296 -0.8906
vn -0.3447 0.4217 -0.8387
vn -0.8533 0.5075 0.1198
vn -0.9876 -0.1566 -0.0077
vn -0.9577 -0.1416 0.2507
vn -0.6629 0.1856 0.7254
vn -0.0060 -0.9998 0.0202
vn 0.0439 -0.9990 -0.0111
vn -0.9798 -0.0684 -0.1878
vn -0.5802 0.3404 -0.7399
vn -0.7392 -0.4750 -0.4775
vn -0.2917 0.0881 -0.9525
vn -0.6963 0.4520 -0.5576
vn -0.2342 0.5902 -0.7726
vn -0.9761 0.2056 -0.0710
vn -0.6075 -0.7347 0.3019
vn -0.7439 -0.3175 0.5880
vn -0.3175 -0.6380 0.7015
vn -0.4316 -0.3241 0.8418
vn -0.8874 -0.0506 0.4583
vn 0.9950 -0.0673 -0.0744
vn 0.1683 0.8149 -0.5546
vn 0.1673 0.8147 -0.5552
vn 0.6675 0.5689 -0.4804
vn -0.5925 -0.7273 0.3464
vn -0.9425 -0.3339 0.0103
vn 0.2836 -0.8139 0.5071
vn -0.8727 0.3189 -0.3698
vn -0.6500 0.6261 -0.4307
vn 0.9743 -0.1982 -0.1069
vn 0.2701 0.0793 0.9596
vn 0.2542 0.0004 0.9671
vn 0.7877 -0.1293 0.6024
vn 0.9011 -0.0028 -0.4336
vn 0.8201 0.2229 -0.5269
vn 0.5820 0.2602 -0.7704
vn 0.8428 0.3884 -0.3727
vn 0.3663 0.0138 0.9304
vn 0.8950 0.0969 0.4355
vn 0.7236 0.2735 0.6337
vn 0.8681 0.4803 -0.1252
vn 0.0027 0.4335 -0.9012
vn -0.1256 -0.0315 -0.9916
vn 0.4460 0.2070 -0.8708
vn 0.4534 0.2954 -0.8409
vn -0.3876 -0.5999 -0.6999
vn 0.0398 0.0077 -0.9992
vn 0.1118 0.3589 -0.9267
vn -0.4028 -0.9132 0.0622
vn 0.1298 0.2633 -0.9559
vn 0.3221 0.7027 -0.6344
vn 0.3642 0.4843 -0.7955
vn -0.9968 -0.0516 -0.0603
vn -0.6036 -0.4828 0.6345
vn -0.6759 -0.3525 0.6472
vn -0.9668 -0.2546 0.0237
vn -0.8593 -0.1817 0.4781
vn 0.3504 0.3899 -0.8516
vn -0.8706 -0.2645 -0.4148
vn -0.6889 -0.5465 -0.4762
vn -0.6044 -0.7687 0.2092
vn -0.8337 -0.5078 0.2173
vn 0.0902 -0.6708 0.7362
vn -0.0652 -0.3986 0.9148
vn 0.3845 -0.1841 0.9046
vn 0.1108 -0.6744 0.7300
vn 0.9511 -0.0551 -0.3040
vn 0.2768 0.1917 -0.9416
vn -0.4155 0.4045 -0.8147
vn -0.5052 0.1924 -0.8413
vn -0.9877 0.1329 -0.0826
vn -0.4946 0.7840 -0.3750
vn -0.7317 -0.2905 0.6167
vn -0.7460 0.3372 -0.5742
vn -0.5588 0.0285 0.8288
vn -0.9181 0.2734 0.2870
vn -0.5368 0.3564 0.7647
vn -0.4558 0.6812 0.5728
vn -0.5829 -0.0312 0.8119
vn -0.3057 0.1032 0.9465
vn -0.7101 0.5731 0.4090
vn -0.4797 0.8578 0.1846
vn -0.5994 0.6141 0.5134
vn -0.8774 -0.1093 0.4672
vn -0.8972 0.0047 0.4415
vn -0.0506 0.4507 -0.8912
vn 0.5497 0.8252 0.1299
vn -0.2217 0.6687 0.7098
vn 0.3717 0.7276 0.5766
vn 0.3015 0.9334 0.1948
vn 0.2404 0.9654 0.1008
vn 0.3768 0.9260 0.0231
vn 0.1987 -0.5921 0.7810
vn 0.4027 -0.6849 0.6073
vn 0.3734 -0.2713 0.8871
vn 0.1639 0.0302 0.9860
vn 0.1605 -0.4768 0.8642
vn 0.6141 -0.0490 0.7877
vn 0.6085 -0.0032 0.7936
vn 0.9747 -0.1056 0.1968
vn 0.0951 -0.8417 0.5315
vn 0.3403 -0.7595 0.5544
vn 0.8411 -0.5409 0.0052
vn 0.9026 -0.4133 0.1204
vn 0.7569 -0.2086 0.6193
vn 0.0783 -0.4696 0.8794
vn -0.3443 -0.6613 0.6664
vn 0.4374 0.8829 -0.1707
vn 0.4606 0.8828 0.0923
vn -0.2123 0.2471 0.9454
vn -0.2070 0.0205 0.9781
vn -0.9525 -0.0084 0.3043
vn -0.5811 -0.1148 0.8057
vn 0.6797 -0.0508 -0.7318
vn 0.7874 -0.0700 -0.6124
vn 0.7928 -0.0931 -0.6024
vn -0.3835 0.1549 -0.9104
vn -0.4591 0.1292 -0.8789
vn -0.1434 0.2783 -0.9497
vn -0.5994 0.1407 -0.7880
vn -0.6188 -0.0588 -0.7834
vn -0.8600 -0.3786 -0.3421
vn -0.8256 -0.3806 -0.4166
vn -0.9071 0.1347 -0.3989
vn -0.5896 -0.3711 0.7174
vn 0.8884 -0.3753 -0.2642
vn 0.9183 -0.2903 0.2693
vn 0.6691 -0.6242 -0.4034
vn 0.8063 -0.4402 -0.3950
vn 0.7308 -0.3425 -0.5905
vn 0.6709 0.6109 0.4204
vn 0.9414 0.0284 0.3362
vn 0.9594 0.1962 -0.2027
vn 0.5869 0.8096 0.0055
vn 0.4297 0.8645 -0.2609
vn -0.6864 -0.1262 0.7162
vn -0.2006 -0.0969 0.9749
vn 0.9497 -0.0864 0.3011
vn 0.9746 -0.0783 -0.2099
vn 0.9637 -0.0419 -0.2636
vn -0.9339 -0.1262 0.3345
vn -0.7943 0.3729 -0.4797
vn -0.6329 0.5953 -0.4951
vn -0.8289 -0.1958 0.5241
vn -0.0163 -0.8605 -0.5092
vn 0.0582 -0.6801 -0.7308
vn 0.2245 -0.5780 -0.7845
vn -0.5989 -0.6915 0.4040
vn -0.5367 -0.8407 -0.0720
vn -0.7369 -0.5513 0.3911
vn -0.7313 -0.4324 0.5274
vn 0.9045 0.0145 0.4263
vn 0.6625 0.0794 0.7448
vn 0.6098 0.1142 0.7843
vn 0.6016 0.1770 0.7790
vn -0.5170 0.3618 0.7758
vn -0.1565 0.3349 0.9292
vn 0.9899 -0.0398 -0.1364
vn -0.8855 0.3662 0.2859
vn -0.3056 0.6455 0.6999
vn 0.4063 -0.6511 -0.6411
vn 0.6266 0.7717 -0.1084
vn -0.2444 -0.5610 0.7909
vn -0.2450 -0.5590 0.7922
vn -0.2446 -0.5605 0.7913
vn -0.5264 -0.8479 0.0631
vn -0.4267 -0.9037 0.0354
vn 0.2047 -0.9257 -0.3181
vn 0.2210 -0.9307 -0.2914
vn 0.4754 -0.8462 -0.2408
vn -0.3082 0.3088 -0.8998
vn -0.0301 0.4572 -0.8888
vn -0.5296 0.7238 0.4423
vn 0.5424 -0.7366 -0.4040
vn 0.4523 0.5063 -0.7342
vn -0.6719 -0.3843 -0.6332
vn -0.7607 -0.5647 0.3201
vn -0.1771 0.3884 -0.9043
vn -0.5330 -0.7575 0.3768
vn -0.6567 -0.6017 0.4548
vn 0.1840 0.7347 -0.6530
vn -0.3360 0.8297 -0.4457
vn -0.9747 0.2180 0.0483
vn -0.9138 0.0361 0.4046
vn -0.8619 0.4945 0.1118
vn -0.9834 0.1681 0.0684
vn -0.6160 0.6974 0.3663
vn -0.5314 0.5557 0.6393
vn -0.4162 0.8176 0.3978
vn -0.8588 -0.5121 0.0134
vn -0.7801 -0.6180 0.0970
vn -0.8718 -0.3435 0.3492
vn -0.0870 -0.9826 -0.1642
vn -0.1319 -0.8918 -0.4328
vn -0.4252 0.8183 0.3869
vn -0.3123 0.8851 0.3452
vn -0.2765 0.7778 0.5644
vn -0.2567 0.8568 0.4473
vn -0.2166 0.7938 0.5683
vn 0.5123 -0.6079 -0.6066
vn 0.2647 -0.9352 -0.2354
vn 0.5521 -0.4160 -0.7226
vn 0.0837 -0.3348 -0.9386
vn 0.4588 0.2446 -0.8542
vn 0.7765 0.2519 -0.5776
vn 0.4526 -0.3335 -0.8270
vn -0.3330 0.9261 0.1774
vn 0.6032 0.0324 0.7969
vn 0.4921 -0.3231 0.8083
vn -0.2762 -0.5701 0.7737
vn 0.0423 0.9867 -0.1569
vn 0.2119 0.8487 -0.4846
vn -0.1751 -0.5459 0.8193
vn -0.1759 -0.5440 0.8204
vn -0.1761 -0.5435 0.8208
vn -0.1749 -0.5465 0.8190
vn 0.0182 0.4600 -0.8878
vn 0.3219 0.6025 -0.7303
vn 0.3325 -0.0022 -0.9431
vn 0.3828 0.5207 -0.7631
vn -0.3355 0.2128 -0.9177
vn -0.0319 -0.0416 -0.9986
vn -0.6284 0.5525 0.5475
vn -0.3391 -0.9340 0.1126
vn -0.4753 -0.8228 0.3117
vn -0.3349 -0.9419 0.0271
vn 0.4574 -0.6931 -0.5571
vn 0.1868 -0.9102 -0.3697
vn -0.9973 -0.0182 0.0707
vn -0.9419 0.1729 -0.2880
vn 0.6775 -0.2774 -0.6812
vn 0.6953 -0.5510 -0.4614
vn 0.7287 -0.2126 -0.6510
vn 0.7756 -0.0486 -0.6294
vn 0.8055 0.0268 -0.5920
vn 0.5948 -0.0844 -0.7994
vn -0.6107 -0.5644 0.5555
vn -0.6670 -0.1413 -0.7316
vn -0.7393 -0.5028 -0.4478
vn 0.1496 0.9502 -0.2736
vn -0.0453 -0.1978 -0.9792
vn -0.5236 0.4280 -0.7367
vn -0.6290 0.1186 -0.7683
vn -0.3429 0.8880 0.3063
vn -0.4294 0.8747 0.2247
vn -0.1823 0.9102 0.3719
vn -0.0762 -0.1473 -0.9861
vn -0.8708 0.0290 -0.4908
vn 0.0469 -0.1622 -0.9856
vn -0.8668 -0.1141 -0.4854
vn -0.6303 -0.0543 -0.7744
vn -0.9827 -0.1709 -0.0715
vn 0.6503 -0.0859 -0.7548
vn 0.2449 0.1112 -0.9632
vn 0.0992 0.8636 -0.4943
vn -0.0349 0.9693 -0.2435
vn -0.6083 0.1540 -0.7786
vn -0.9350 0.0029 0.3547
vn -0.2650 -0.8754 0.4043
vn -0.1372 -0.8826 0.4496
vn -0.7313 -0.4326 0.5274
vn -0.7784 -0.2416 0.5795
vn -0.3246 -0.9299 0.1730
vn 0.8699 -0.4731 0.1399
vn 0.9267 -0.1021 -0.3617
vn 0.5788 -0.0760 -0.8119
vn -0.1306 0.6169 -0.7761
vn -0.0433 -0.2771 -0.9599
vn 0.5260 -0.0998 -0.8446
vn -0.0681 -0.5552 -0.8289
vn 0.1011 0.9208 -0.3766
vn 0.3475 0.8926 -0.2873
vn -0.2172 -0.9259 0.3090
vn -0.5397 -0.7767 -0.3248
vn 0.2887 -0.9340 -0.2105
vn 0.2922 -0.8155 -0.4995
vn -0.6559 -0.0190 0.7546
vn -0.0005 -0.5252 -0.8510
vn -0.2963 0.3678 -0.8814
vn 0.8570 0.4430 -0.2632
vn 0.9000 -0.3491 -0.2611
vn 0.6357 0.1765 -0.7515
vn -0.5544 0.8062 0.2067
vn -0.5417 0.8272 0.1493
vn -0.2322 0.8321 0.5036
vn -0.6207 0.0003 -0.7841
vn -0.1856 -0.0497 -0.9814
vn 0.8962 0.3688 0.2464
vn 0.6236 -0.0905 -0.7765
vn 0.7953 -0.1242 -0.5934
vn -0.8176 0.1209 -0.5629
vn -0.9316 -0.1069 -0.3473
vn -0.6119 0.4639 -0.6406
vn -0.6705 -0.1993 0.7146
vn -0.8498 -0.1943 0.4899
vn -0.4835 -0.5212 -0.7033
vn -0.5712 0.2423 -0.7842
vn 0.5505 0.4577 -0.6982
vn 0.0426 0.2357 -0.9709
vn 0.7054 0.5006 -0.5018
vn -0.6041 -0.1648 -0.7797
vn -0.4663 -0.7405 -0.4840
vn 0.0262 0.9837 0.1778
vn 0.2210 0.9753 -0.0035
vn 0.5286 0.6085 -0.5918
vn 0.8260 0.4402 -0.3520
vn 0.2458 0.4475 -0.8599
vn 0.6062 0.5850 -0.5389
vn 0.7544 0.6128 -0.2352
vn -0.9437 0.0635 -0.3247
vn -0.8525 -0.4449 0.2744
vn -0.7765 -0.4342 0.4566
vn -0.0625 -0.2547 0.9650
vn 0.4154 -0.1544 0.8965
vn 0.9055 0.3586 0.2269
vn -0.2445 -0.9189 -0.3097
vn 0.7487 -0.5741 0.3314
vn 0.2383 -0.1690 0.9564
vn -0.1457 -0.3901 0.9092
vn 0.7066 0.7075 0.0092
vn -0.2451 -0.5585 0.7925
vn 0.3975 0.5936 -0.6998
vn 0.3999 0.5915 -0.7002
vn -0.0181 0.1728 0.9848
vn 0.2693 0.7053 0.6558
vn -0.2460 0.4599 0.8532
vn -0.5499 -0.0033 0.8352
vn -0.7365 0.6243 -0.2602
vn -0.8357 0.3845 0.3921
vn -0.4074 -0.4399 0.8003
vn 0.8418 -0.4199 0.3391
vn -0.6222 -0.0828 -0.7785
vn -0.9193 -0.1392 -0.3680
vn -0.5567 0.6348 0.5358
vn -0.5941 0.7579 0.2697
vn -0.6803 -0.2988 0.6693
vn -0.4233 0.2945 0.8568
vn -0.3740 -0.4789 0.7943
vn -0.8425 0.2376 0.4835
vn -0.4333 -0.8072 0.4008
vn -0.3414 -0.7572 0.5569
vn -0.0986 -0.5033 0.8585
vn 0.2107 -0.0148 0.9774
vn 0.6336 -0.0597 0.7713
vn 0.1296 -0.4749 0.8704
vn -0.0601 -0.4760 0.8774
vn 0.5420 0.6395 0.5452
vn 0.6296 0.6070 0.4850
vn -0.1042 -0.4693 0.8769
vn -0.0825 -0.3773 0.9224
vn 0.7115 0.2750 0.6467
vn 0.5509 0.2601 0.7930
vn 0.9072 -0.2840 0.3104
vn 0.3134 -0.6296 -0.7109
vn -0.1591 -0.7106 -0.6854
vn -0.1419 -0.7162 -0.6833
vn 0.2771 -0.3404 -0.8985
vn -0.2217 -0.4163 -0.8818
vn -0.8204 -0.5541 -0.1411
vn -0.9542 -0.2446 -0.1723
vn -0.8956 0.0283 0.4440
vn -0.8058 -0.2795 0.5220
vn -0.9992 0.0393 0.0036
vn -0.9920 -0.0253 0.1234
vn -0.6428 0.4871 0.5913
vn 0.1490 0.2241 0.9631
vn 0.1649 0.0148 -0.9862
vn -0.0368 0.1422 -0.9891
vn 0.6908 -0.0242 0.7227
vn -0.1083 0.2819 0.9533
vn 0.3562 0.4102 0.8396
vn 0.2053 0.6420 0.7387
vn -0.7677 -0.1361 0.6262
vn -0.2897 0.6366 0.7147
vn -0.8978 0.3073 0.3154
vn 0.1259 0.7615 0.6358
vn -0.6234 0.6760 0.3930
vn -0.8299 0.5435 0.1259
vn -0.8477 -0.5192 -0.1087
vn -0.9029 -0.1262 -0.4109
vn -0.6142 -0.5860 -0.5285
vn -0.6623 -0.2925 -0.6898
vn 0.6441 0.0474 0.7634
vn 0.7179 0.0294 0.6956
vn 0.4247 0.4683 0.7748
vn 0.4518 0.4084 0.7932
vn -0.0148 -0.9932 -0.1159
vn -0.0782 -0.9910 -0.1089
vn -0.0420 -0.9938 -0.1033
vn -0.0749 -0.9908 -0.1123
vn -0.6622 0.4298 -0.6138
vn -0.5468 0.0737 -0.8340
vn -0.6059 0.0293 -0.7950
vn -0.5489 -0.0775 -0.8323
vn -0.4243 0.8856 0.1891
vn -0.7609 0.3160 -0.5667
vn -0.2970 -0.3764 -0.8776
vn 0.1427 -0.2889 -0.9467
vn -0.9134 0.3354 0.2307
vn -0.8379 0.5239 0.1532
vn -0.9330 -0.0734 -0.3523
vn -0.1869 0.5322 0.8258
vn -0.0173 0.6996 0.7144
vn 0.0538 0.9047 0.4227
vn -0.8368 -0.0506 -0.5452
vn -0.5654 -0.0124 -0.8248
vn -0.0334 -0.0892 -0.9955
vn -0.5638 0.0047 -0.8259
vn -0.0178 0.5029 0.8641
vn 0.7476 0.1595 0.6447
vn 0.4865 0.3163 0.8144
vn -0.8898 0.0497 -0.4536
vn -0.9507 -0.1121 -0.2891
vn -0.2837 0.6889 0.6670
vn -0.6281 0.6263 0.4617
vn -0.2816 -0.7749 0.5659
vn -0.1483 -0.6156 0.7740
vn -0.4025 -0.7696 0.4956
vn -0.3992 -0.8863 0.2347
vn 0.0456 -0.5669 0.8226
vn -0.8662 0.0237 -0.4991
vn -0.3945 0.7925 0.4650
vn 0.4302 0.6782 0.5958
vn -0.0372 0.9197 0.3909
vn 0.6148 0.0263 0.7882
vn -0.3723 -0.5109 -0.7748
vn -0.3722 -0.5116 -0.7744
vn -0.3721 -0.5134 -0.7733
vn -0.3720 -0.5141 -0.7729
vn 0.3464 -0.0431 0.9371
vn 0.5250 0.5170 0.6761
vn 0.1894 0.4819 0.8555
vn 0.5578 0.4203 0.7157
vn -0.0097 0.0227 0.9997
vn -0.2211 0.3552 0.9083
vn -0.5709 0.7590 0.3130
vn 0.0390 0.6447 0.7634
vn -0.8417 0.5246 0.1275
vn 0.0178 -0.9952 -0.0961
vn -0.0160 -0.9998 -0.0126
vn 0.1362 -0.9871 -0.0838
vn -0.9847 -0.1565 -0.0762
vn -0.8804 0.4663 0.0861
vn -0.7925 0.2031 -0.5751
vn -0.0882 0.4326 0.8972
vn -0.8306 -0.1687 0.5307
vn -0.6467 0.3635 0.6705
vn -0.4767 -0.0808 0.8754
vn 0.3647 -0.5887 -0.7214
vn 0.9700 -0.1508 -0.1907
vn 0.9220 0.1366 0.3622
vn -0.4760 0.1858 0.8596
vn 0.0699 0.3915 0.9175
vn -0.8054 -0.5260 -0.2733
vn -0.9526 -0.2860 0.1035
vn 0.7566 0.0419 -0.6525
vn 0.9308 -0.1538 -0.3316
vn 0.8063 0.0793 0.5861
vn 0.9307 0.1740 0.3217
vn 0.6762 0.2665 0.6868
vn 0.1216 -0.9767 -0.1769
vn -0.0178 -0.9931 -0.1161
vn -0.0112 -0.9918 -0.1272
vn -0.0741 -0.9918 -0.1040
vn 0.7239 -0.0595 0.6873
vn 0.8874 -0.0415 0.4592
vn 0.1640 -0.0533 -0.9850
vn -0.9243 0.1839 -0.3345
vn -0.8966 -0.1890 -0.4005
vn -0.8634 -0.3528 -0.3608
vn 0.6816 0.2810 -0.6756
vn 0.6923 0.3042 -0.6544
vn 0.6958 0.2947 -0.6550
vn 0.6983 0.2673 -0.6640
vn 0.9068 0.3668 -0.2075
vn 0.7254 0.4998 -0.4733
vn 0.6318 0.2992 -0.7151
vn 0.6924 0.2569 -0.6742
vn -0.0772 -0.8215 -0.5650
vn -0.0035 -0.8417 -0.5400
vn -0.6103 -0.4875 -0.6244
vn -0.9608 0.0727 -0.2675
vn -0.8187 -0.2917 -0.4946
vn 0.5275 -0.8030 -0.2773
vn 0.4156 -0.8249 -0.3832
vn 0.7160 0.4483 0.5352
vn 0.5713 0.6981 0.4316
vn 0.8357 0.3567 0.4176
vn 0.9347 0.1007 0.3410
vn -0.4873 -0.4471 0.7501
vn 0.1269 0.0236 0.9916
vn -0.6317 -0.7747 0.0279
vn 0.5333 0.4513 0.7155
vn 0.6509 0.6225 0.4346
vn 0.2404 0.2757 0.9307
vn 0.7050 0.0249 -0.7088
vn 0.5486 -0.0570 -0.8341
vn 0.9595 0.1017 0.2626
vn 0.9931 -0.0139 0.1164
vn 0.9283 0.0962 0.3592
vn 0.3048 -0.0707 -0.9498
vn 0.6866 0.0288 -0.7265
vn 0.9654 0.2432 0.0942
vn 0.9217 -0.3799 0.0780
vn -0.5071 0.7966 -0.3290
vn -0.6945 0.7182 -0.0427
vn -0.4994 0.8640 0.0637
vn -0.5663 0.5150 -0.6435
vn -0.7342 -0.4080 -0.5427
vn -0.7787 -0.1158 0.6166
vn -0.7269 -0.0857 0.6813
vn -0.6814 0.0065 0.7319
vn -0.4555 -0.8213 0.3434
vn -0.5576 -0.7050 0.4382
vn -0.4020 0.1269 0.9068
vn -0.5610 -0.6850 0.4649
vn -0.2899 0.4392 0.8503
vn 0.8972 0.1795 0.4036
vn 0.7888 0.0439 0.6131
vn 0.8710 0.3957 0.2912
vn 0.7308 0.3721 -0.5723
vn 0.1004 -0.0009 -0.9949
vn 0.3036 -0.3835 -0.8722
vn -0.5780 -0.6814 -0.4490
vn -0.3811 -0.5437 -0.7478
vn -0.4069 -0.5526 -0.7274
vn -0.3343 -0.4491 -0.8286
vn 0.9559 0.0723 -0.2847
vn 0.3207 -0.3234 -0.8903
vn 0.9591 0.1789 0.2193
vn 0.9632 0.0619 -0.2615
vn -0.1282 0.4939 0.8600
vn 0.6887 0.0172 0.7249
vn 0.7129 0.4538 0.5346
vn -0.9123 0.2413 0.3308
vn 0.2705 0.3434 0.8994
vn 0.8049 -0.2279 -0.5480
vn 0.6117 -0.6639 -0.4302
vn 0.9635 0.0825 -0.2548
vn 0.9381 0.0980 -0.3323
vn 0.9429 0.2326 0.2385
vn -0.4616 0.0002 0.8871
vn 0.1256 -0.8570 0.4998
vn -0.5560 0.6754 0.4845
vn 0.6053 0.3195 0.7291
vn -0.1742 -0.6942 -0.6983
vn 0.7503 -0.6610 -0.0107
vn -0.4552 0.3252 0.8289
vn 0.4431 0.6961 -0.5649
vn 0.5723 0.5003 0.6497
vn 0.9919 -0.1120 -0.0595
vn -0.0187 0.4749 0.8799
vn -0.9086 -0.3259 -0.2612
vn -0.7378 -0.1213 0.6640
vn 0.2865 -0.8418 0.4574
vn 0.6166 0.3851 0.6866
vn -0.2794 0.8228 -0.4948
vn -0.2553 0.7107 0.6555
vn -0.1637 0.4383 0.8838
vn 0.1553 0.4961 0.8542
vn 0.5930 0.4816 0.6453
vn 0.5914 0.4842 0.6448
vn -0.4410 -0.5031 -0.7433
vn -0.4410 -0.5045 -0.7422
vn -0.4410 -0.5026 -0.7436
vn 0.8888 0.4534 -0.0664
vn -0.8254 -0.4033 -0.3950
vn -0.7442 0.4466 -0.4967
vn -0.5510 0.1106 -0.8272
vn 0.0074 0.1098 -0.9939
vn -0.7568 -0.5758 -0.3095
vn 0.4872 -0.0091 0.8732
vn 0.5248 0.8484 -0.0691
vn 0.4613 0.5440 -0.7009
vn 0.3420 0.9067 -0.2470
vn -0.4950 0.8392 0.2253
vn 0.5958 0.6145 0.5172
vn 0.9121 0.3691 0.1787
vn -0.8868 -0.2105 -0.4114
vn -0.9548 -0.1854 -0.2324
vn -0.8688 0.3617 0.3381
vn -0.4411 -0.5050 -0.7419
vn -0.4354 0.6821 -0.5875
vn -0.1722 -0.2810 -0.9441
vn -0.1078 0.4604 -0.8811
vn -0.5191 -0.7690 0.3731
vn 0.5215 -0.7982 -0.3017
vn -0.1478 -0.4455 0.8830
vn 0.7591 -0.5867 0.2819
vn -0.6579 -0.7029 -0.2705
vn -0.2271 -0.5002 -0.8356
vn 0.6384 0.7400 0.2117
vn 0.6002 0.0597 -0.7976
vn 0.8158 -0.0106 -0.5783
vn 0.7834 0.0140 -0.6214
vn 0.7653 -0.0573 -0.6411
vn 0.4718 0.0779 -0.8783
vn 0.7507 -0.0004 -0.6606
vn 0.7698 0.0724 -0.6342
vn 0.4071 -0.0164 -0.9132
vn 0.1827 0.0448 -0.9822
vn 0.7563 -0.1783 -0.6294
vn 0.5852 0.0039 -0.8109
vn 0.1952 -0.0189 -0.9806
vn -0.1066 0.0683 -0.9919
vn 0.8906 -0.2848 -0.3546
vn 0.6525 -0.1633 -0.7400
vn 0.7614 -0.3381 -0.5532
vn 0.6748 0.2548 -0.6926
vn 0.8466 0.1171 -0.5193
vn 0.7236 0.1714 -0.6686
vn 0.7086 0.2253 -0.6687
vn 0.7447 0.0611 -0.6646
vn 0.4247 0.3912 -0.8164
vn 0.5585 0.2890 -0.7775
vn 0.4540 0.3196 -0.8317
vn 0.7046 0.0531 -0.7076
vn 0.4150 0.2837 -0.8644
vn 0.8417 -0.1172 -0.5271
vn 0.8884 -0.2118 -0.4073
vn 0.9313 -0.2946 -0.2144
vn 0.9373 -0.3306 0.1106
vn 0.9312 -0.3539 0.0875
vn 0.8347 -0.3504 0.4248
vn 0.9481 -0.3171 0.0218
vn 0.7046 -0.2572 -0.6613
vn 0.8483 -0.2835 -0.4472
vn 0.9618 -0.2486 -0.1146
vn 0.9629 -0.1313 -0.2360
vn -0.7906 0.0347 0.6113
vn -0.5996 -0.0573 0.7982
vn -0.7834 -0.0140 0.6214
vn -0.4718 -0.0779 0.8783
vn -0.7507 0.0004 0.6606
vn -0.7698 -0.0724 0.6342
vn -0.4071 0.0164 0.9132
vn -0.1827 -0.0448 0.9822
vn -0.7563 0.1783 0.6294
vn -0.1952 0.0189 0.9806
vn 0.1066 -0.0683 0.9919
vn -0.8906 0.2848 0.3546
vn -0.6525 0.1633 0.7400
vn -0.7614 0.3381 0.5532
vn -0.6920 -0.2400 0.6808
vn -0.8466 -0.1171 0.5193
vn -0.7236 -0.1714 0.6686
vn -0.7447 -0.0611 0.6646
vn -0.4247 -0.3912 0.8164
vn -0.5585 -0.2890 0.7775
vn -0.4540 -0.3196 0.8317
vn -0.7039 -0.0321 0.7096
vn -0.4150 -0.2837 0.8644
vn -0.8417 0.1172 0.5271
vn -0.8884 0.2118 0.4073
vn -0.7050 -0.0766 0.7051
vn -0.9313 0.2946 0.2144
vn -0.9448 0.3228 -0.0570
vn -0.9312 0.3539 -0.0875
vn -0.8347 0.3504 -0.4248
vn -0.7046 0.2572 0.6613
vn -0.8483 0.2835 0.4472
vn -0.9618 0.2486 0.1146
vn -0.9629 0.1313 0.2360
vn -0.9632 -0.2689 -0.0040
vn -0.9490 -0.3135 0.0339
vn -0.9123 -0.2267 0.3410
vn 0.0330 -0.7431 0.6684
vn -0.5523 -0.6502 0.5217
vn 0.0902 -0.6034 0.7923
vn -0.4743 -0.6324 0.6125
vn -0.8650 -0.4395 0.2420
vn -0.9043 -0.4052 0.1342
vn -0.9028 -0.4189 0.0970
vn -0.8725 -0.4861 0.0497
vn -0.8555 -0.5125 0.0747
vn -0.1886 -0.9138 0.3597
vn -0.1834 -0.9330 0.3098
vn -0.5953 -0.7310 0.3334
vn -0.7807 -0.5976 0.1828
vn -0.7503 -0.6383 0.1719
vn -0.7173 -0.6689 0.1950
vn -0.3344 -0.9369 0.1023
vn -0.3261 -0.9397 0.1034
vn 0.9575 0.1870 -0.2197
vn 0.9856 0.1445 0.0880
vn 0.9824 0.1864 0.0100
vn 0.8376 0.3459 -0.4229
vn 0.8897 0.4500 0.0771
vn 0.8018 0.5479 -0.2385
vn 0.7471 0.6517 -0.1310
vn 0.8388 0.5348 -0.1022
vn 0.8183 -0.1297 0.5599
vn 0.8603 -0.0855 0.5026
vn 0.8819 -0.0745 0.4655
vn 0.8942 -0.0819 0.4401
vn 0.9577 0.0327 0.2858
vn 0.9495 0.2300 0.2136
vn 0.9173 0.3751 0.1334
vn 0.7403 0.6663 -0.0898
vn 0.0069 -0.4609 0.8874
vn -0.4964 -0.5293 0.6881
vn 0.1816 -0.3200 0.9298
vn -0.3184 -0.2164 0.9229
vn -0.6592 0.0780 0.7479
vn -0.7823 -0.1801 0.5963
vn -0.6865 -0.2285 0.6903
vn -0.8376 -0.3459 0.4229
vn -0.8018 -0.5479 0.2385
vn -0.6997 -0.2704 0.6613
vn -0.8229 -0.5539 0.1265
vn -0.8942 0.0819 -0.4401
vn -0.8183 0.1297 -0.5599
vn -0.6426 0.1077 -0.7586
vn -0.8725 0.0035 -0.4886
vn -0.9856 -0.1445 -0.0880
vn -0.9575 -0.1870 0.2197
vn -0.9824 -0.1864 -0.0100
vn -0.8897 -0.4500 -0.0771
vn -0.7710 -0.6328 0.0718
vn -0.8819 0.0745 -0.4655
vn -0.8603 0.0855 -0.5026
vn -0.9577 -0.0327 -0.2858
vn -0.9495 -0.2300 -0.2136
vn -0.9173 -0.3751 -0.1334
vn -0.8557 -0.5173 -0.0135
vn -0.3693 -0.9213 0.1218
vn -0.4311 -0.8904 0.1459
vn -0.6756 -0.7240 0.1390
vn -0.7023 -0.7011 0.1234
vn -0.6491 -0.7451 0.1533
vn -0.9690 -0.1992 0.1465
vn -0.8897 -0.2065 -0.4072
vn -0.8713 -0.1626 -0.4631
vn -0.9947 -0.0926 0.0439
vn -0.7676 -0.0604 0.6381
vn -0.8848 0.0784 0.4594
vn -0.9738 -0.2062 -0.0961
vn -0.8097 -0.1687 -0.5620
vn -0.7810 0.0031 0.6245
vn 0.9133 0.1176 -0.3898
vn 0.8528 0.3060 -0.4231
vn 0.9632 0.2689 0.0040
vn -0.0902 0.6034 -0.7923
vn 0.5523 0.6502 -0.5217
vn -0.0330 0.7431 -0.6684
vn 0.4743 0.6324 -0.6125
vn 0.8650 0.4395 -0.2420
vn 0.9043 0.4052 -0.1342
vn 0.9028 0.4189 -0.0970
vn 0.8725 0.4861 -0.0497
vn 0.1834 0.9330 -0.3098
vn 0.1886 0.9138 -0.3597
vn 0.5953 0.7310 -0.3334
vn 0.7807 0.5976 -0.1828
vn 0.7503 0.6383 -0.1719
vn 0.3374 0.9351 -0.1082
vn 0.3344 0.9369 -0.1023
vn -0.6563 0.7537 -0.0349
vn -0.2372 0.9686 -0.0745
vn -0.4550 0.7502 -0.4797
vn -0.5621 0.7899 0.2451
vn 0.1491 0.8716 0.4670
vn -0.3421 0.7742 0.5325
vn 0.4018 0.5470 0.7344
vn 0.2642 0.7306 -0.6297
vn -0.2420 0.6044 -0.7590
vn 0.5931 0.7521 -0.2874
vn 0.5588 0.4890 -0.6698
vn 0.2767 0.3766 -0.8841
vn -0.1857 0.3836 -0.9046
vn 0.7367 0.2040 -0.6447
vn 0.4793 0.5004 -0.7210
vn -0.0069 0.4609 -0.8874
vn 0.8553 0.2422 0.4580
vn 0.8897 0.2065 0.4072
vn 0.9754 0.1781 -0.1301
vn 0.9663 0.2566 -0.0183
vn 0.8560 0.1591 -0.4918
vn 0.7503 0.0319 -0.6603
vn 0.8097 0.1687 0.5620
vn 0.9738 0.2062 0.0961
vn 0.7823 0.1801 -0.5963
vn 0.6865 0.2285 -0.6903
vn 0.6426 -0.1077 0.7586
vn 0.8725 -0.0035 0.4886
vn 0.4311 0.8904 -0.1459
vn 0.6756 0.7240 -0.1390
vn 0.7023 0.7011 -0.1234
vn 0.1664 0.6064 0.7776
vn 0.4154 0.6389 0.6475
vn 0.1048 0.9235 0.3691
vn -0.2993 0.7557 0.5826
vn -0.1943 0.7013 0.6859
vn -0.3255 0.9336 -0.1496
vn -0.5262 0.7972 0.2959
vn -0.5478 0.6680 -0.5037
vn 0.7224 0.4833 0.4946
vn 0.7444 0.6677 -0.0082
vn 0.4970 0.7615 -0.4160
vn 0.8170 0.4660 -0.3396
vn 0.3402 -0.2496 -0.9066
vn 0.9138 -0.1347 -0.3833
vn 0.7886 -0.2647 0.5550
vn 0.8439 -0.2622 0.4680
vn 0.7507 -0.3495 -0.5606
vn 0.8965 -0.1692 0.4094
vn 0.8459 0.4032 0.3492
vn 0.9927 0.1100 -0.0494
vn 0.9608 0.2166 -0.1729
vn -0.5922 0.7985 0.1077
vn -0.9221 -0.0647 -0.3814
vn -0.2604 0.7501 0.6079
vn -0.9138 0.1347 0.3833
vn -0.7915 -0.5194 -0.3222
vn -0.7766 -0.6100 0.1576
vn -0.1330 -0.9878 0.0810
vn -0.1329 -0.9878 0.0813
vn -0.3749 -0.6947 -0.6140
vn -0.0849 0.8373 -0.5401
vn 0.0027 0.9296 -0.3685
vn 0.0026 0.9296 -0.3685
vn -0.4084 -0.2161 -0.8869
vn 0.3026 0.8795 0.3672
vn 0.0704 0.9721 -0.2239
vn 0.4066 0.1872 0.8942
vn 0.0370 0.9543 -0.2964
vn 0.3490 -0.2042 0.9146
vn 0.3930 0.6033 0.6940
vn 0.2034 0.9748 0.0920
vn 0.3693 -0.1053 0.9233
vn -0.2214 -0.9653 -0.1388
vn 0.3436 -0.2275 0.9111
vn -0.3749 -0.6946 -0.6139
vn -0.3749 -0.6945 -0.6142
vn 0.3836 -0.5903 -0.7102
vn -0.3749 -0.6944 -0.6142
vn 0.3837 -0.5903 -0.7102
vn -0.1925 0.6609 -0.7254
vn -0.1924 0.6609 -0.7254
vn 0.1331 0.9878 -0.0808
vn -0.7507 0.3494 0.5607
vn -0.8330 -0.5159 0.2001
vn -0.6487 0.1272 0.7503
vn -0.4351 0.5665 0.6998
vn -0.7207 0.3774 0.5815
vn -0.9137 0.1346 0.3833
vn 0.1924 -0.6609 0.7254
vn 0.6875 -0.4060 -0.6021
vn 0.9138 -0.1346 -0.3833
vn 0.1080 -0.9825 0.1519
vn -0.1921 0.6615 -0.7249
vn -0.7942 0.5615 -0.2324
vn 0.1332 0.9878 -0.0807
vn -0.4231 0.8923 0.1573
vn -0.6252 -0.7275 0.2824
vn 0.1921 -0.6615 0.7249
vn -0.0683 -0.9711 0.2287
vn -0.1921 0.6615 -0.7250
vn -0.1922 0.6615 -0.7249
vn -0.1333 -0.9878 0.0804
vn 0.1925 -0.6609 0.7254
vn -0.5246 -0.3567 0.7731
vn -0.7282 0.6032 -0.3254
vn 0.0899 -0.8307 0.5494
vn -0.3965 0.5845 0.7080
vn -0.3750 -0.6942 -0.6144
vn 0.3750 0.6942 0.6144
vn 0.7926 -0.3060 -0.5273
vn -0.7265 -0.5666 -0.3889
vn -0.1226 0.6748 0.7277
vn 0.9113 -0.1164 -0.3949
vn -0.9113 0.1164 0.3949
vn 0.9116 -0.1388 -0.3870
vn 0.9121 -0.1330 -0.3878
vn 0.9122 -0.1320 -0.3879
vn 0.9127 -0.1267 -0.3886
vn -0.9149 0.1325 0.3814
vn -0.9124 0.1323 0.3873
vn -0.9120 0.1323 0.3882
vn -0.9096 0.1321 0.3939
vn 0.9123 -0.1273 -0.3892
vn 0.9124 -0.1261 -0.3894
vn 0.9124 -0.1256 -0.3895
vn 0.9125 -0.1245 -0.3897
vn -0.9130 0.1261 0.3880
vn -0.9125 0.1259 0.3892
vn -0.9123 0.1258 0.3897
vn -0.9119 0.1256 0.3908
vn 0.9115 -0.1262 -0.3914
vn 0.9129 -0.1182 -0.3908
vn 0.9127 -0.1195 -0.3909
vn 0.9139 -0.1120 -0.3903
vn -0.9157 0.1187 0.3839
vn -0.9126 0.1187 0.3914
vn -0.9131 0.1187 0.3902
vn -0.9099 0.1187 0.3974
vn 0.9825 0.0856 -0.1655
vn -0.9825 -0.0856 0.1655
vn 0.9119 -0.1382 -0.3865
vn 0.9123 -0.1326 -0.3875
vn 0.9123 -0.1322 -0.3876
vn 0.9127 -0.1266 -0.3886
vn -0.9153 0.1318 0.3807
vn -0.9125 0.1324 0.3872
vn -0.9123 0.1324 0.3876
vn -0.9099 0.1329 0.3930
vn 0.9197 -0.1100 -0.3768
vn 0.9197 -0.1089 -0.3771
vn 0.9197 -0.1085 -0.3772
vn 0.9197 -0.1075 -0.3775
vn -0.9203 0.1086 0.3759
vn -0.9198 0.1086 0.3770
vn -0.9197 0.1086 0.3774
vn -0.9193 0.1086 0.3784
vn 0.9474 -0.0287 -0.3187
vn 0.9466 -0.0800 -0.3122
vn 0.9469 -0.0731 -0.3132
vn 0.9439 -0.1241 -0.3060
vn -0.9272 0.0888 0.3638
vn -0.9475 0.0759 0.3107
vn -0.9452 0.0775 0.3173
vn -0.9611 0.0657 0.2683
vn -0.0037 -0.1152 -0.9933
vn 0.8710 0.2758 0.4065
vn 0.9976 0.0102 0.0687
vn 0.9520 0.1628 0.2592
vn 0.5710 0.3179 0.7569
vn 0.3948 0.8512 0.3457
vn 0.9968 0.0799 0.0043
vn -0.0004 0.9221 0.3871
vn 0.0031 -0.9579 0.2870
vn -0.2312 0.3207 0.9185
vn -0.5652 0.3036 0.7671
vn -0.9260 0.2020 0.3189
vn -0.9970 0.0067 0.0766
vn -0.9980 0.0294 0.0556
vn -0.9970 0.0763 0.0122
vn 0.9918 0.1176 -0.0491
vn 0.9820 0.0277 -0.1868
vn 0.9340 0.2407 -0.2641
vn 0.0040 -0.0232 0.9997
vn 0.9794 0.2017 -0.0120
vn 0.9444 0.3281 -0.0190
vn 0.9237 0.3817 -0.0321
vn -0.0020 1.0000 0.0048
vn 0.9917 -0.0803 0.1000
vn 1.0000 0.0018 -0.0039
vn 1.0000 0.0046 -0.0031
vn 0.9987 -0.0493 -0.0095
vn 0.9305 -0.3614 -0.0593
vn -0.0042 0.7189 -0.6952
vn -0.0038 0.8624 -0.5061
vn -0.0001 -0.8790 -0.4769
vn -0.0018 -0.6359 -0.7718
vn -0.9623 0.2537 -0.0982
vn -0.9369 0.2373 -0.2567
vn -0.0016 -0.6677 -0.7444
vn -0.0031 0.9538 -0.3005
vn -0.0038 0.8625 -0.5061
vn -0.9457 0.3247 -0.0115
vn -0.9253 0.3783 -0.0248
vn -0.9891 0.1474 -0.0021
vn -0.7227 -0.6613 -0.2012
vn -1.0000 -0.0048 0.0043
vn -1.0000 0.0011 0.0048
vn -0.9986 -0.0521 -0.0015
vn -0.9519 -0.3035 -0.0421
vn -0.9297 -0.3648 -0.0520
vn 0.0020 -0.9999 -0.0135
vn -0.0001 -0.8790 -0.4768
vn 0.7127 0.1564 0.6838
vn 0.6560 -0.7546 0.0169
vn -0.4030 -0.8749 -0.2687
vn -0.7099 0.1360 0.6911
vn 0.0020 -0.9999 -0.0160
vn 0.0009 -0.9665 -0.2566
vn 0.0010 -0.9665 -0.2566
vn -0.0044 0.2912 -0.9566
vn 0.9976 0.0682 0.0137
vn 0.9974 0.0691 0.0204
vn 0.9963 0.0725 0.0458
vn 0.0042 -0.1762 0.9843
vn -0.9834 0.0357 0.1779
vn 0.9905 0.1187 0.0697
vn 0.7524 0.2439 0.6119
vn 0.9885 0.1378 0.0618
vn 0.9821 0.1832 0.0428
vn 0.0031 0.3019 0.9533
vn 0.0031 0.3189 0.9478
vn 0.9697 0.1265 0.2091
vn 0.9944 -0.1052 -0.0060
vn 0.0022 0.5475 0.8368
vn -0.0011 -0.7539 -0.6570
vn 0.0010 -0.9676 -0.2526
vn -0.0020 -0.5902 -0.8073
vn 0.0042 -0.2630 0.9648
vn 0.7541 -0.1722 0.6337
vn -0.9977 0.0647 0.0216
vn -0.9962 0.0689 0.0537
vn 0.0010 -0.9684 -0.2493
vn -0.0030 -0.3528 -0.9357
vn -0.9903 0.1152 0.0775
vn -0.9885 0.1343 0.0696
vn -0.8754 0.3660 0.3157
vn -0.9824 0.1797 0.0506
vn -0.7485 -0.1749 0.6397
vn -0.9684 0.1231 0.2168
vn -0.9941 -0.1087 0.0019
vn 0.0010 -0.9660 -0.2585
vn -0.5116 0.8020 0.3083
vn 0.5112 0.8031 0.3062
vn 0.5187 0.7166 0.4663
vn -0.5178 0.7146 0.4703
vn 0.9383 0.2891 0.1896
vn 0.9050 0.2247 0.3613
vn 0.4345 0.7217 0.5389
vn 0.9090 0.4168 -0.0056
vn -0.4300 0.7202 0.5445
vn 0.0035 0.1743 0.9847
vn -0.9397 0.2824 0.1927
vn -0.9125 0.4089 0.0104
vn -0.9029 0.2215 0.3684
vn -0.0037 -0.1234 -0.9923
vn -0.0037 0.8824 -0.4706
vn -0.4479 0.8292 -0.3344
vn -0.4202 0.8385 0.3470
vn 0.8888 0.4582 0.0034
vn 0.9112 0.4116 -0.0154
vn 0.9062 0.4227 -0.0110
vn -0.4921 0.6897 0.5312
vn 0.0017 0.6400 0.7684
vn -0.0044 0.6073 -0.7944
vn -0.4984 0.6536 -0.5696
vn 0.8736 0.4865 0.0151
vn 0.0001 0.8744 0.4851
vn 0.6215 -0.7436 0.2466
vn 0.6974 -0.6360 0.3304
vn 0.8708 -0.4284 0.2411
vn 0.0028 -0.9761 0.2175
vn 0.0032 -0.9367 0.3501
vn 0.8977 -0.4395 0.0327
vn 0.7712 -0.6360 -0.0264
vn 0.9318 -0.3518 -0.0890
vn 0.0013 -0.9867 -0.1623
vn 0.8822 -0.3550 0.3094
vn 0.2177 -0.0592 -0.9742
vn -0.0038 -0.0596 -0.9982
vn 0.2092 -0.0684 -0.9755
vn -0.0010 -0.7633 -0.6461
vn -0.0026 -0.4671 -0.8842
vn 0.3187 -0.7226 -0.6134
vn -0.6923 -0.6386 0.3360
vn -0.6166 -0.7460 0.2516
vn -0.8673 -0.4316 0.2480
vn -0.8958 -0.4428 0.0398
vn -0.5315 -0.8438 -0.0745
vn 0.0014 -0.9889 -0.1487
vn -0.9312 -0.3551 -0.0817
vn -0.9794 -0.1489 -0.1365
vn -0.9916 -0.1216 -0.0437
vn -0.8784 -0.3582 0.3164
vn -0.2251 -0.0600 -0.9725
vn -0.3206 -0.7238 -0.6110
vn -0.2166 -0.0692 -0.9738
vn 0.0041 -0.7547 0.6560
vn 0.0042 -0.7339 0.6793
vn 0.0040 -0.7966 0.6045
vn -0.0021 0.9999 -0.0139
vn -0.0018 1.0000 0.0013
vn -0.0023 1.0000 0.0013
vn -0.0020 0.9999 0.0124
vn -0.0034 0.9999 0.0123
vn -0.0005 0.9999 0.0123
vn -0.0021 0.9998 -0.0191
vn -0.0021 0.9998 -0.0190
vn 0.9951 -0.0985 0.0130
vn 0.9788 -0.1454 -0.1442
vn -0.0037 0.8729 -0.4878
vn 0.8773 0.4794 0.0222
vn 0.0037 0.1243 0.9922
vn -0.8798 0.4744 0.0292
vn 0.0687 0.2928 0.9537
vn -0.0003 0.9221 0.3871
vn 0.0019 -0.9991 -0.0423
vn 0.5039 -0.5544 0.6623
vn 0.8252 -0.4497 0.3418
vn 0.9602 0.0729 0.2697
vn 0.3491 -0.8162 0.4604
vn 0.7934 -0.5929 0.1374
vn 0.7628 0.6408 0.0867
vn 0.9937 0.0229 -0.1095
vn 0.4360 0.8953 0.0914
vn 0.4292 0.7261 0.5372
vn 0.5816 0.0892 0.8086
vn -0.5864 -0.0678 -0.8072
vn -0.5828 -0.0240 -0.8123
vn -0.6063 -0.0711 -0.7920
vn -0.5591 0.0000 -0.8291
vn -0.4880 0.6687 -0.5610
vn -0.4365 0.6286 -0.6437
vn -0.5591 -0.0000 -0.8291
vn -0.8325 0.0361 -0.5528
vn -0.5587 -0.0202 -0.8291
vn -0.5392 -0.2394 -0.8075
vn -0.8977 -0.3744 -0.2325
vn 0.1267 0.9835 -0.1294
vn 0.2169 0.3952 -0.8926
vn -0.5064 -0.2331 -0.8302
vn 0.2714 -0.3179 -0.9085
vn -0.1009 -0.1038 0.9895
vn -0.1106 -0.3874 0.9152
vn -0.7819 -0.3325 0.5273
vn 0.5591 0.0000 0.8291
vn 0.5591 -0.0000 0.8291
vn 0.1098 0.0729 -0.9913
vn -0.5317 0.0892 -0.8422
vn -0.3373 0.7261 -0.5992
vn 0.2054 0.6408 -0.7397
vn 0.0786 0.8953 -0.4385
vn 0.4739 0.0229 -0.8803
vn 0.0911 -0.5330 -0.8412
vn -0.2960 -0.8162 -0.4962
vn -0.4252 -0.5544 -0.7154
vn -0.7142 0.6694 -0.2048
vn -0.3652 0.9187 -0.1503
vn -0.9188 0.0965 -0.3827
vn -0.9934 0.0434 -0.1065
vn -0.7803 -0.5224 -0.3438
vn 0.0263 -0.5224 0.8523
vn 0.0105 0.0965 0.9953
vn -0.2735 0.0434 0.9609
vn -0.0778 0.6694 0.7388
vn 0.0025 0.9187 0.3949
vn -0.6041 0.6848 0.4074
vn -0.4412 0.8467 0.2975
vn -0.2165 0.9653 0.1460
vn 0.2969 0.9337 -0.2003
vn 0.9440 -0.3179 0.0888
vn 0.8051 -0.2389 -0.5429
vn 0.0576 0.1594 0.9855
vn -0.7904 0.3019 0.5330
vn -0.2189 0.9645 0.1476
vn -0.0026 1.0000 0.0017
vn -0.7731 0.3613 0.5214
vn -0.1721 -0.9782 0.1160
vn -0.2328 -0.9598 0.1570
vn -0.1483 -0.9839 0.1000
vn 0.0385 -0.9989 -0.0260
vn -0.0822 -0.9951 0.0554
vn 0.1585 -0.9816 -0.1069
vn 0.6649 -0.5974 -0.4484
vn 0.8251 0.0978 -0.5565
vn 0.5725 -0.1020 0.8135
vn 0.4102 -0.1887 0.8922
vn 0.4137 -0.1046 0.9044
vn 0.4143 -0.0616 0.9081
vn 0.5260 -0.0148 0.8504
vn 0.2276 -0.9616 -0.1535
vn -0.4006 -0.8755 0.2702
vn -0.4248 -0.8588 0.2865
vn -0.7959 -0.2802 0.5367
vn -0.1759 -0.9772 0.1186
vn 0.1736 -0.9778 -0.1171
vn 0.7614 0.3959 -0.5135
vn 0.8262 -0.0829 -0.5572
vn 0.5338 0.7652 -0.3600
vn -0.9870 0.1078 0.1190
vn -0.9181 -0.1089 0.3812
vn -0.9566 0.2716 0.1053
vn -0.9266 0.3457 0.1482
vn -0.6606 0.6488 0.3777
vn -0.6190 0.4330 0.6552
vn -0.6800 0.2741 0.6801
vn -0.7277 0.1077 0.6774
vn -0.4860 -0.7801 -0.3941
vn -0.1431 -0.8986 0.4147
vn -0.9741 -0.1865 0.1276
vn -0.6250 -0.7351 0.2626
vn -0.7817 0.4213 -0.4598
vn -0.4824 -0.1898 -0.8551
vn -0.8089 0.2113 -0.5487
vn -0.1354 -0.3138 -0.9398
vn -0.7644 0.1488 -0.6273
vn -0.4262 0.0201 -0.9044
vn 0.1424 0.8982 -0.4159
vn 0.1742 0.9153 -0.3632
vn -0.0881 0.9929 0.0804
vn 0.0282 0.8108 -0.5846
vn 0.7343 0.6220 -0.2719
vn 0.4860 0.7801 0.3941
vn 0.3222 -0.2894 0.9013
vn 0.4824 0.1898 0.8551
vn 0.0587 0.2966 0.9532
vn -0.1086 0.0835 0.9906
vn 0.4930 0.2420 0.8357
vn -0.0003 0.1115 0.9938
vn 0.4222 -0.0325 0.9059
vn -0.2786 -0.9454 0.1693
vn -0.6943 -0.4237 0.5818
vn -0.8705 0.2495 -0.4243
vn -0.9770 0.1251 -0.1727
vn -0.3234 0.9437 0.0700
vn -0.7618 0.6464 -0.0436
vn -0.4400 0.6907 0.5739
vn -0.2055 0.0967 0.9739
vn -0.4140 0.3380 0.8452
vn -0.3437 0.2409 -0.9077
vn 0.0463 0.0995 -0.9940
vn -0.5169 -0.4132 -0.7497
vn 0.1361 -0.3827 -0.9138
vn 0.4885 0.2186 0.8448
vn 0.0224 0.1659 -0.9859
vn -0.5471 -0.5443 0.6359
vn 0.3437 -0.2409 0.9077
vn 0.4914 0.2337 0.8390
vn 0.8638 -0.2868 -0.4144
vn 0.5071 -0.8560 0.1011
vn -0.0707 0.7043 -0.7063
vn -0.8638 0.2868 0.4144
vn -0.0928 -0.8650 0.4931
vn -0.0927 -0.8650 0.4931
vn 0.0666 -0.7093 0.7017
vn 0.0895 0.8626 -0.4979
vn 0.4603 0.8373 0.2950
vn -0.5124 -0.6712 -0.5356
vn -0.4587 -0.8401 -0.2895
vn 0.5132 0.6660 0.5414
vn -0.7288 0.3412 0.5937
vn -0.8066 0.3100 0.5033
vn -0.4165 0.8316 0.3673
vn -0.6363 0.5418 0.5492
vn 0.8381 -0.4946 -0.2300
vn 0.8813 -0.4528 -0.1348
vn 0.8634 -0.3438 -0.3691
vn 0.9096 -0.4124 0.0505
vn 0.8208 -0.5118 0.2538
vn 0.7815 -0.4822 0.3959
vn 0.7664 -0.4714 0.4363
vn -0.3672 -0.7964 -0.4805
vn -0.0093 -0.9247 -0.3806
vn -0.3287 -0.8243 -0.4610
vn -0.5977 -0.6935 -0.4023
vn 0.3060 0.6837 -0.6625
vn 0.3801 0.7220 -0.5781
vn 0.4197 0.7392 -0.5267
vn -0.3848 -0.6604 0.6448
vn -0.1162 -0.0243 0.9929
vn -0.1153 -0.1940 0.9742
vn -0.2216 -0.8360 -0.5020
vn -0.1441 -0.5421 -0.8278
vn -0.1385 -0.5365 -0.8324
vn -0.1080 -0.5058 -0.8559
vn -0.0995 -0.4971 -0.8620
vn -0.0724 0.8952 0.4398
vn 0.5691 -0.1707 0.8043
vn 0.0740 0.4933 0.8667
vn 0.0681 0.5019 0.8623
vn 0.2287 0.5192 0.8235
vn -0.6846 0.6557 -0.3184
vn -0.5520 0.1583 -0.8187
vn -0.8460 0.4877 -0.2157
vn -0.7439 -0.0283 -0.6677
vn 0.6972 -0.6460 0.3110
vn 0.1934 -0.9133 -0.3584
vn 0.9860 -0.0666 0.1531
vn -0.2441 -0.5186 -0.8194
vn 0.0870 -0.9006 -0.4258
vn 0.3325 0.8312 0.4456
vn 0.3327 0.8573 0.3928
vn 0.3943 0.6117 0.6858
vn 0.8121 0.5805 -0.0592
vn -0.8060 0.5646 -0.1779
vn 0.8419 -0.5079 -0.1820
vn -0.3290 -0.8368 -0.4377
vn 0.3137 0.8109 0.4940
vn 0.2255 0.5365 0.8132
vn 0.2203 0.5399 0.8124
vn 0.2496 0.5204 0.8166
vn -0.1364 0.9748 0.1767
vn -0.2817 0.8084 -0.5169
vn -0.2480 0.8393 -0.4838
vn 0.2617 -0.8124 0.5211
vn 0.2948 -0.8304 0.4728
vn -0.0828 -0.4997 -0.8622
vn -0.0822 -0.4585 -0.8849
vn 0.1272 0.4925 0.8609
vn 0.1329 0.5530 0.8225
vn -0.6972 -0.7125 0.0789
vn -0.9638 0.2662 0.0169
vn -0.9308 -0.0141 0.3654
vn -0.9824 0.0443 0.1813
vn 0.9746 0.1667 0.1494
vn 0.9703 0.1724 0.1698
vn 0.9844 0.1445 -0.1000
vn 0.9624 0.1386 0.2336
vn 0.8023 0.2659 0.5344
vn 0.7327 -0.1354 0.6669
vn 0.1808 0.7754 -0.6050
vn 0.1288 0.8736 -0.4692
vn 0.1330 0.8670 -0.4802
vn -0.3478 0.7040 -0.6192
vn 0.5175 -0.3414 -0.7846
vn 0.4606 -0.2687 -0.8459
vn 0.5482 -0.3826 -0.7437
vn -0.5318 0.2609 0.8057
vn -0.2900 -0.4927 0.8205
vn -0.1714 0.9843 -0.0414
vn -0.3013 -0.3273 0.8956
vn 0.0176 0.8798 -0.4750
vn -0.0207 0.8964 -0.4428
vn -0.0275 0.8991 -0.4369
vn 0.0278 0.8750 -0.4833
vn -0.0551 -0.8732 0.4842
vn 0.0553 -0.8706 0.4888
vn -0.1054 -0.9280 -0.3575
vn -0.0594 -0.8782 0.4745
vn -0.7057 -0.3014 -0.6412
vn -0.3687 0.3009 -0.8795
vn -0.5521 -0.3749 -0.7447
vn -0.5621 -0.3589 -0.7452
vn -0.4941 0.3695 -0.7870
vn 0.5666 0.3701 0.7362
vn 0.3650 0.4211 0.8303
vn 0.5584 0.3602 0.7473
vn 0.4897 -0.4304 0.7582
vn -0.1287 0.8771 -0.4628
vn -0.1183 0.8929 -0.4344
vn -0.0938 -0.9169 0.3878
vn -0.1545 -0.8225 0.5474
vn 0.0640 -0.8849 0.4613
vn -0.7093 -0.3988 -0.5813
vn 0.7242 0.4069 0.5567
vn 0.7786 0.3770 0.5016
vn -0.0271 0.8777 -0.4785
vn 0.1593 -0.8353 0.5262
vn -0.2064 -0.7044 0.6791
vn 0.1297 -0.8802 0.4565
vn 0.1076 -0.8916 0.4399
vn -0.1164 -0.4180 -0.9010
vn -0.0913 -0.9235 -0.3725
vn -0.0882 -0.4598 -0.8836
vn 0.0964 0.4199 0.9025
vn 0.1352 0.4564 0.8795
vn 0.1083 0.9895 -0.0961
vn 0.0447 0.8769 -0.4787
vn 0.0527 0.8516 -0.5216
vn 0.0002 -0.8714 0.4906
vn 0.0180 -0.9056 0.4238
vn -0.8562 0.0322 0.5156
vn -0.9246 0.1400 0.3543
vn -0.8442 -0.5293 0.0849
vn -0.8154 0.2162 0.5370
vn -0.6141 0.4634 0.6388
vn 0.8845 -0.0703 -0.4613
vn 0.1575 -0.4030 -0.9015
vn 0.9375 0.1728 -0.3020
vn 0.8716 -0.2631 -0.4136
vn 0.8041 -0.0376 -0.5933
vn -0.1948 0.2659 -0.9441
vn 0.3270 0.8111 0.4849
vn 0.3271 0.8111 0.4850
vn 0.4352 0.8034 0.4063
vn 0.8077 -0.4160 0.4179
vn 0.8510 0.3231 0.4140
vn 0.8045 -0.0024 0.5940
vn -0.8077 0.4160 -0.4179
vn -0.8140 0.0137 -0.5807
vn -0.0900 -0.9769 0.1939
vn -0.4248 -0.8760 -0.2283
vn -0.4262 -0.8744 -0.2319
vn -0.4185 -0.8855 -0.2018
vn -0.4237 -0.8853 -0.1915
vn 0.4279 0.8851 0.1833
vn 0.4199 0.8855 0.1991
vn 0.2841 -0.3369 0.8977
vn 0.5529 0.3831 0.7400
vn 0.2192 -0.4162 0.8825
vn 0.3795 0.1378 0.9149
vn 0.2333 -0.4697 0.8515
vn -0.3873 0.3674 -0.8456
vn -0.3533 0.3978 -0.8467
vn -0.1767 0.3988 -0.8999
vn -0.3105 -0.2100 -0.9271
vn 0.3528 0.8743 0.3335
vn 0.3944 0.8256 0.4036
vn 0.3949 0.8127 0.4285
vn -0.6118 -0.7335 0.2960
vn -0.3177 -0.8215 -0.4735
vn -0.3551 -0.8282 -0.4336
vn -0.3487 -0.8322 -0.4311
vn -0.6681 -0.1437 0.7300
vn -0.7285 -0.6445 0.2323
vn -0.6700 -0.1299 0.7309
vn -0.0515 0.4479 0.8926
vn 0.6787 0.6443 -0.3525
vn 0.5411 0.2218 -0.8112
vn 0.7220 0.6592 -0.2103
vn 0.2515 -0.4690 -0.8466
vn 0.3215 0.8199 0.4738
vn 0.3251 0.8219 0.4677
vn 0.3261 0.8208 0.4691
vn -0.3255 -0.8130 -0.4827
vn -0.3381 -0.8123 -0.4753
vn 0.0413 -0.9976 0.0550
vn -0.4279 -0.8851 -0.1833
vn 0.2756 -0.9461 0.1703
vn -0.7429 -0.0717 0.6656
vn -0.7416 -0.0859 0.6653
vn 0.7362 0.0774 -0.6723
vn 0.7405 0.0794 -0.6674
vn 0.7460 0.0821 -0.6609
vn 0.3355 0.8145 0.4734
vn -0.4394 -0.7752 -0.4538
vn -0.3276 -0.8210 -0.4676
vn -0.3787 -0.2628 0.8874
vn -0.3745 -0.2817 0.8834
vn 0.5011 0.8103 -0.3039
vn 0.3614 0.2712 -0.8921
vn 0.4081 0.2933 -0.8645
vn 0.3344 0.8369 0.4334
vn -0.3765 -0.8689 -0.3213
vn -0.3790 -0.8806 -0.2845
vn 0.5258 -0.3608 0.7703
vn 0.5293 -0.4052 0.7454
vn -0.5330 0.3628 -0.7644
vn -0.4919 0.3983 -0.7742
vn 0.4129 0.8856 0.2129
vn 0.4297 0.8738 0.2278
vn 0.6095 -0.0659 -0.7901
vn 0.2871 0.2360 -0.9284
vn 0.9152 -0.2873 -0.2827
vn 0.8430 0.3954 -0.3647
vn 0.5526 0.8329 0.0290
vn 0.5210 0.8524 -0.0447
vn 0.3582 0.8809 0.3094
vn 0.2132 0.8992 0.3821
vn 0.4444 0.8942 0.0534
vn 0.4600 0.8875 0.0271
vn 0.2075 0.9400 0.2709
vn -0.3272 -0.9259 -0.1889
vn -0.3865 -0.8819 -0.2697
vn -0.1732 -0.9557 -0.2380
vn -0.3498 -0.3302 -0.8767
vn -0.8493 -0.3495 0.3957
vn -0.7485 -0.5541 0.3642
vn -0.5259 -0.8484 0.0607
vn -0.7174 -0.6004 0.3534
vn 0.0220 -0.9798 0.1987
vn 0.4576 -0.5822 0.6720
vn 0.6729 -0.6419 0.3676
vn 0.4375 -0.5936 0.6755
vn 0.6011 -0.6467 0.4696
vn 0.6673 -0.6760 0.3127
vn 0.6766 -0.6795 0.2837
vn 0.6740 -0.6886 0.2675
vn 0.6827 -0.6791 -0.2697
vn 0.3525 -0.4361 -0.8280
vn 0.0268 -0.0123 -0.9996
vn 0.1313 -0.0495 -0.9901
vn -0.1679 0.1322 -0.9769
vn -0.1758 0.1559 -0.9720
vn -0.6488 0.2490 -0.7191
vn -0.2698 0.2711 -0.9240
vn 0.0112 0.9203 0.3911
vn -0.9839 -0.0465 0.1724
vn -0.6868 -0.2643 0.6771
vn -0.8438 0.5270 0.1012
vn -0.7304 0.4047 0.5502
vn -0.1402 0.8698 0.4731
vn -0.8106 0.5758 -0.1064
vn 0.0470 0.8916 0.4505
vn -0.2498 0.8689 0.4274
vn 0.7601 -0.3440 -0.5513
vn 0.6987 -0.5252 -0.4858
vn -0.7225 -0.2946 -0.6255
vn -0.0538 -0.8821 -0.4679
vn 0.6796 -0.5657 -0.4671
vn 0.2752 -0.8715 -0.4059
vn 0.0097 -0.9143 -0.4049
vn 0.1979 -0.9182 0.3431
vn 0.2051 -0.5903 0.7807
vn 0.1080 -0.5583 0.8226
vn 0.0514 -0.6384 0.7680
vn 0.0258 -0.6382 0.7694
vn -0.5755 -0.6532 0.4920
vn -0.9032 -0.4251 -0.0597
vn -0.9153 -0.0386 -0.4009
vn -0.8336 0.2144 -0.5091
vn -0.7414 0.2629 -0.6174
vn -0.7416 0.2623 -0.6174
vn 0.9602 -0.0717 -0.2700
vn 0.6018 -0.2821 -0.7472
vn 0.9705 0.2255 0.0847
vn 0.6586 0.3983 -0.6384
vn 0.1896 0.8392 -0.5097
vn 0.2463 0.8571 -0.4524
vn -0.1429 0.8896 -0.4339
vn -0.2646 0.9075 -0.3263
vn 0.1572 0.8928 -0.4222
vn 0.1271 0.8997 -0.4175
vn -0.1630 0.9465 -0.2785
vn 0.0422 -0.9324 0.3591
vn 0.1452 -0.9613 0.2341
vn 0.0955 -0.8903 0.4453
vn 0.6785 -0.3465 0.6477
vn -0.6891 -0.3520 0.6334
vn -0.6245 -0.5561 0.5485
vn -0.6032 -0.6023 0.5228
vn -0.2630 -0.8528 0.4511
vn -0.1868 -0.9761 -0.1110
vn -0.4575 -0.5673 -0.6848
vn -0.4683 -0.5788 -0.6676
vn -0.0955 -0.6293 -0.7713
vn -0.2171 -0.6332 -0.7429
vn -0.0473 -0.6641 -0.7461
vn -0.0170 -0.6681 -0.7439
vn -0.0030 -0.6774 -0.7356
vn 0.4989 -0.6760 -0.5424
vn 0.8954 -0.4446 -0.0237
vn 0.9366 -0.0265 0.3494
vn 0.9666 -0.0625 0.2484
vn 0.8439 0.1164 0.5236
vn 0.8367 0.1401 0.5295
vn 0.4261 0.2321 0.8744
vn 0.7580 0.2549 0.6004
vn -0.3484 0.9265 -0.1418
vn -0.5290 -0.0540 0.8469
vn -0.4042 0.5199 0.7525
vn -0.8880 -0.2609 0.3787
vn -0.7794 0.4055 0.4777
vn -0.1989 0.5662 0.7999
vn -0.4818 0.8757 -0.0330
vn -0.3904 0.8991 -0.1978
vn -0.4804 0.8728 0.0859
vn 0.7921 -0.3445 -0.5038
vn 0.7064 -0.5253 -0.4744
vn 0.3060 -0.3108 0.8999
vn 0.4042 -0.8900 0.2109
vn 0.4700 -0.8748 -0.1174
vn 0.6814 -0.5657 -0.4644
vn 0.3691 -0.9206 0.1277
vn -0.2539 -0.9103 -0.3269
vn -0.6526 -0.5763 -0.4918
vn -0.7276 -0.5448 -0.4170
vn -0.6990 -0.6261 -0.3456
vn -0.7100 -0.6261 -0.3223
vn -0.6787 -0.6514 0.3392
vn -0.2879 -0.4348 0.8533
vn 0.0282 -0.0533 0.9982
vn 0.1619 0.1988 0.9666
vn 0.2972 0.2466 0.9224
vn 0.2971 0.2460 0.9226
vn -0.6554 -0.3677 0.6597
vn -0.7597 -0.3706 0.5343
vn -0.4426 -0.1886 0.8767
vn -0.4333 -0.8924 0.1262
vn 0.1303 0.6846 0.7172
vn -0.1608 0.8759 0.4548
vn -0.4266 0.5516 0.7167
vn -0.6350 0.6791 0.3682
vn -0.0665 0.9707 0.2309
vn -0.7965 -0.3622 0.4841
vn -0.8202 -0.2761 0.5010
vn -0.8147 -0.1608 0.5571
vn -0.4757 0.8605 -0.1823
vn -0.6074 0.3360 -0.7198
vn -0.7118 0.6934 -0.1119
vn 0.0267 -0.9809 0.1926
vn -0.0498 -0.9560 0.2892
vn -0.3571 -0.9264 0.1195
vn -0.0474 -0.9826 0.1798
vn 0.7417 0.4474 -0.4997
vn 0.2081 0.8659 -0.4549
vn 0.4212 0.8624 -0.2807
vn 0.5540 0.4367 -0.7088
vn 0.6034 -0.0443 -0.7962
vn 0.8274 0.0641 -0.5580
vn 0.4461 -0.0078 -0.8950
vn -0.6988 0.3664 -0.6144
vn -0.9087 -0.2942 -0.2961
vn -0.9358 -0.2955 -0.1925
vn -0.9197 -0.2137 -0.3294
vn 0.7865 -0.3203 -0.5280
vn 0.4343 -0.3865 -0.8136
vn 0.8099 -0.2242 -0.5420
vn 0.5357 -0.4272 -0.7284
vn 0.5730 -0.3822 -0.7250
vn 0.5892 -0.1499 -0.7940
vn 0.1217 0.7784 -0.6159
vn -0.3952 0.9183 0.0244
vn 0.3234 0.2770 -0.9048
vn 0.0191 0.4932 -0.8697
vn -0.7071 -0.6950 0.1307
vn -0.9888 -0.1467 0.0273
vn -0.6066 -0.7627 0.2243
vn -0.3873 -0.9126 0.1310
vn -0.8163 -0.5304 0.2287
vn -0.4663 -0.8844 -0.0182
vn -0.2841 -0.9585 0.0216
vn -0.7132 -0.6256 0.3162
vn 0.7802 -0.3490 -0.5191
vn 0.7042 -0.4017 -0.5855
vn 0.7505 -0.3312 -0.5720
vn 0.7835 -0.3323 -0.5252
vn 0.0029 -0.6476 -0.7620
vn -0.0235 -0.7035 -0.7103
vn -0.0311 -0.7188 -0.6946
vn 0.0128 -0.6258 -0.7799
vn 0.6455 -0.7073 0.2883
vn 0.7065 -0.6487 0.2829
vn 0.6271 -0.7232 0.2894
vn 0.7278 -0.6258 0.2804
vn -0.5120 -0.8589 -0.0149
vn 0.0822 0.0857 -0.9929
vn -0.0950 -0.0633 -0.9935
vn -0.0071 -0.3024 -0.9532
vn 0.2788 -0.1509 -0.9484
vn 0.5479 0.0253 -0.8362
vn -0.7605 0.1264 0.6370
vn -0.7692 -0.5130 0.3810
vn -0.8116 0.2911 0.5065
vn -0.7445 0.5365 0.3972
vn -0.7658 0.4552 0.4542
vn -0.3892 0.0757 0.9181
vn -0.8467 0.1246 0.5173
vn 0.3017 -0.2908 -0.9080
vn -0.0078 -0.9886 0.1502
vn -0.3046 -0.9388 0.1608
vn -0.9179 -0.3662 -0.1527
vn -0.2549 0.9519 0.1702
vn 0.6308 -0.3553 -0.6899
vn 0.6351 -0.6428 -0.4283
vn -0.7598 0.0298 -0.6495
vn -0.3198 0.4241 -0.8473
vn -0.3518 -0.0761 -0.9330
vn -0.3517 0.0808 -0.9326
vn 0.3936 -0.3446 -0.8522
vn 0.2950 -0.5512 -0.7805
vn -0.9594 -0.1534 -0.2367
vn -0.8370 -0.2261 -0.4984
vn 0.1545 -0.9792 0.1313
vn 0.0392 -0.9607 0.2748
vn 0.0290 -0.9501 0.3105
vn 0.2050 -0.0489 -0.9775
vn -0.7377 0.1479 0.6588
vn -0.6827 0.6599 0.3136
vn -0.9990 0.0090 0.0444
vn -0.9990 0.0094 0.0441
vn 0.1888 -0.2273 -0.9554
vn 0.5145 -0.6778 -0.5253
vn -0.3143 -0.4526 -0.8345
vn 0.3844 -0.3374 -0.8593
vn -0.1185 -0.9589 -0.2578
vn 0.2712 -0.9450 -0.1829
vn -0.0885 0.9394 0.3311
vn 0.6341 0.6479 0.4222
vn 0.5585 0.8054 -0.1984
vn 0.1019 0.8892 -0.4459
vn -0.5029 0.7495 -0.4305
vn -0.1956 0.4323 0.8803
vn -0.6884 0.4176 0.5930
vn -0.8123 0.5825 0.0294
vn 0.3829 0.4454 0.8093
vn -0.2111 0.0770 0.9744
vn 0.5109 0.1158 0.8518
vn 0.8398 0.4015 0.3655
vn -0.6022 0.4071 -0.6867
vn -0.9544 0.2722 -0.1226
vn 0.1671 0.6788 -0.7151
vn -0.8315 0.0580 0.5525
vn 0.7368 0.5493 -0.3942
vn -0.3251 0.9456 -0.0094
vn 0.4274 0.7783 -0.4599
vn -0.0994 0.6384 -0.7632
vn 0.1973 0.7427 0.6399
vn 0.4730 0.8762 0.0922
vn -0.8822 0.4504 -0.1371
vn -0.7808 0.4236 0.4593
vn -0.3222 0.5730 0.7536
vn -0.9812 0.0969 -0.1670
vn -0.5998 0.4716 -0.6464
vn -0.5750 0.1273 -0.8082
vn 0.3844 0.4348 0.8143
vn -0.9198 0.0093 0.3922
vn -0.7870 -0.5376 0.3027
vn -0.8839 -0.0176 0.4674
vn 0.0771 -0.9524 -0.2950
vn -0.8695 -0.4906 0.0570
vn -0.5334 -0.8361 -0.1280
vn 0.6644 -0.5072 -0.5489
vn 0.7409 -0.3015 -0.6001
vn 0.7357 -0.2955 -0.6094
vn -0.3130 -0.7879 -0.5303
vn 0.4236 0.8478 -0.3190
vn 0.4231 0.9002 -0.1028
vn 0.3881 0.9190 -0.0691
vn 0.4511 0.8312 -0.3249
vn -0.7453 -0.4084 0.5270
vn -0.8204 -0.0041 0.5717
vn -0.3924 -0.8947 0.2131
vn -0.5556 -0.7280 0.4016
vn 0.6636 -0.5429 -0.5147
vn 0.6507 -0.5741 -0.4969
vn -0.8877 -0.4570 -0.0561
vn -0.9074 0.0555 0.4165
vn -0.8681 -0.4426 -0.2249
vn 0.0951 -0.6994 -0.7083
vn -0.1632 -0.6197 -0.7677
vn 0.7493 -0.2449 -0.6153
vn 0.3803 0.9180 0.1126
vn 0.4338 0.8487 0.3026
vn 0.4221 0.8538 0.3049
vn 0.3579 0.9279 0.1043
vn -0.8982 0.0499 0.4367
vn 0.1284 0.9910 -0.0375
vn 0.0917 0.9954 -0.0282
vn -0.8683 0.0016 0.4961
vn 0.0495 0.3215 -0.9456
vn -0.2536 0.2727 0.9281
vn 0.7327 0.6730 0.1011
vn -0.8056 0.0717 0.5882
vn 0.6867 0.4977 -0.5299
vn -0.7905 -0.5761 -0.2080
vn -0.1198 -0.7332 -0.6694
vn 0.3397 0.9303 0.1383
vn 0.5107 0.8461 0.1525
vn -0.5183 -0.5306 0.6707
vn -0.7264 0.0552 0.6851
vn -0.7416 0.0496 0.6690
vn -0.2808 -0.4576 0.8437
vn 0.8066 -0.4016 -0.4336
vn 0.6920 -0.6999 0.1768
vn -0.1582 -0.8846 0.4386
vn 0.8115 -0.3312 -0.4813
vn 0.8513 -0.2451 -0.4640
vn 0.0378 0.9281 -0.3704
vn 0.0829 0.9910 -0.1048
vn 0.0383 0.9182 -0.3943
vn 0.0606 0.9954 -0.0744
vn -0.5605 -0.6260 0.5422
vn -0.7855 0.0015 0.6189
vn -0.2668 -0.9126 0.3097
vn -0.1267 -0.9586 0.2550
vn 0.7797 -0.3344 -0.5294
vn 0.7806 -0.3322 -0.5295
vn -0.3792 -0.4908 0.7844
vn -0.1037 -0.5766 0.8104
vn -0.7085 0.0091 0.7057
vn 0.3734 -0.7883 0.4891
vn 0.5749 -0.7337 0.3621
vn 0.8154 -0.3177 -0.4839
vn 0.8340 -0.3017 -0.4620
vn -0.0004 0.9304 -0.3666
vn 0.2098 0.9190 -0.3339
vn 0.0506 0.8463 -0.5303
vn -0.7473 -0.3622 0.5570
vn -0.7719 -0.2761 0.5727
vn -0.8218 -0.1608 0.5465
vn -0.5759 -0.5376 0.6159
vn -0.7646 -0.0177 0.6442
vn 0.3021 -0.9525 0.0388
vn -0.0819 -0.8363 0.5421
vn 0.8563 -0.2809 -0.4334
vn 0.7395 -0.5379 -0.4047
vn 0.4003 0.8951 -0.1964
vn 0.4546 0.8477 -0.2734
vn 0.4704 0.8311 -0.2966
vn -0.7678 -0.4086 0.4935
vn -0.8375 -0.0040 0.5464
vn -0.3448 -0.8947 0.2839
vn -0.5806 -0.7279 0.3647
vn 0.7257 -0.5430 -0.4224
vn 0.7045 -0.5741 -0.4172
vn -0.1166 -0.4434 0.8887
vn 0.6502 -0.6203 0.4387
vn -0.1177 0.8492 -0.5149
vn -0.1242 0.8542 -0.5049
vn 0.7640 -0.6412 0.0710
vn 0.9192 -0.3778 -0.1112
vn 0.9208 -0.3457 -0.1806
vn -0.8265 0.5487 0.1260
vn -0.7737 0.2911 0.5627
vn -0.6496 0.5325 0.5427
vn -0.8626 0.1262 0.4899
vn -0.8755 0.1264 0.4663
vn -0.2096 0.9169 0.3396
vn -0.7089 0.4529 0.5407
vn -0.9970 0.0757 0.0168
vn -0.8476 0.1374 0.5126
vn 0.9641 -0.0479 -0.2612
vn 0.9968 -0.0055 -0.0795
vn 0.9490 -0.3149 0.0141
vn -0.1844 -0.9826 -0.0235
vn -0.2632 -0.9388 0.2221
vn -0.2351 -0.9628 0.1328
vn -0.2606 -0.8782 0.4010
vn -0.1211 -0.3574 0.9261
vn -0.7801 -0.3706 0.5041
vn -0.8573 -0.3677 0.3604
vn -0.9786 -0.1886 0.0818
vn -0.2794 -0.8924 0.3545
vn -0.1567 -0.5539 0.8177
vn -0.4920 0.8700 -0.0333
vn -0.2380 0.9711 -0.0192
vn -0.0178 0.8482 0.5293
vn -0.1629 0.6934 0.7018
vn 0.4397 0.3360 0.8329
vn -0.1108 -0.9920 -0.0609
vn -0.1920 -0.9750 -0.1116
vn -0.2868 -0.9560 -0.0622
vn 0.4656 0.8820 -0.0725
vn 0.8509 0.4468 -0.2763
vn -0.0912 -0.3037 0.9484
vn -0.1722 -0.2955 0.9397
vn -0.0528 -0.3260 0.9439
vn -0.1682 -0.6256 0.7618
vn 0.9800 -0.1441 -0.1372
vn -0.4711 -0.3514 0.8090
vn -0.3958 -0.1467 0.9065
vn -0.4152 0.0094 0.9097
vn 0.9788 -0.1003 0.1788
vn 0.8912 0.0748 0.4474
vn 0.8855 -0.0633 0.4604
vn 0.6798 -0.6778 -0.2801
vn 0.8843 -0.3747 -0.2787
vn 0.6559 -0.4526 0.6041
vn 0.6123 -0.0420 0.7895
vn 0.7328 0.0808 0.6756
vn 0.6685 -0.7407 0.0664
vn 0.9357 -0.3489 -0.0523
vn 0.9340 -0.2322 -0.2717
vn 0.6278 0.7693 0.1186
vn 0.9754 0.2189 0.0273
vn 0.8311 0.4371 0.3439
vn -0.6013 -0.1689 -0.7810
vn -0.3861 -0.6950 0.6066
vn 0.6657 0.4241 0.6140
vn 0.3175 0.0298 0.9478
vn -0.1401 -0.1534 0.9782
vn 0.1484 -0.2261 0.9627
vn -0.2126 -0.9641 -0.1592
vn -0.0639 -0.9792 -0.1925
vn -0.1559 -0.9792 -0.1298
vn -0.2771 -0.9501 -0.1432
vn 0.9860 0.0942 0.1376
vn -0.5466 0.6599 0.5155
vn 0.0474 -0.8978 0.4379
vn 0.0645 -0.9807 0.1843
vn 0.0728 -0.9971 0.0219
vn -0.7762 -0.1116 0.6205
vn -0.6582 -0.3304 0.6765
vn -0.7497 0.6325 -0.1949
vn -0.6864 0.6772 -0.2651
vn -0.7910 0.2981 0.5343
vn -0.6687 0.6876 -0.2830
vn -0.0961 0.6323 0.7688
vn -0.0054 0.6774 0.7356
vn 0.0182 0.6879 0.7255
vn -0.7825 -0.1935 0.5918
vn -0.5424 -0.8379 -0.0600
vn -0.4932 0.2311 -0.8386
vn -0.2517 0.2353 -0.9388
vn -0.4717 -0.2404 -0.8483
vn -0.6975 -0.5509 -0.4583
vn -0.8968 -0.2144 -0.3870
vn -0.3445 -0.6573 -0.6703
vn 0.0074 -0.5111 -0.8595
vn 0.1658 -0.3205 -0.9326
vn -0.8149 0.3885 0.4301
vn -0.9799 -0.0615 0.1895
vn -0.6936 0.1317 0.7082
vn -0.9250 0.3787 0.0309
vn -0.9355 0.1506 -0.3196
vn -0.8861 -0.2272 -0.4039
vn -0.7235 -0.2513 0.6429
vn -0.8172 -0.4873 0.3078
vn -0.8633 -0.4932 -0.1071
vn 0.8471 0.5194 -0.1126
vn 0.8572 0.3175 0.4054
vn 0.9697 0.1527 -0.1906
vn 0.6660 0.7114 0.2244
vn 0.4688 0.6491 0.5990
vn 0.4102 0.3384 0.8469
vn 0.9883 -0.1143 0.1013
vn 0.8582 -0.1499 0.4910
vn 0.6136 0.0050 0.7896
vn 0.1828 0.5961 0.7818
vn -0.1594 0.2179 0.9629
vn 0.4488 0.3021 0.8410
vn -0.2377 0.6272 0.7417
vn -0.5996 0.4124 0.6859
vn -0.7025 0.0353 0.7108
vn 0.3206 -0.0540 0.9457
vn -0.0504 -0.2420 0.9690
vn -0.4490 -0.2273 0.8641
vn 0.2397 0.1807 -0.9539
vn 0.6988 -0.0168 -0.7151
vn 0.1594 -0.2005 -0.9666
vn 0.5175 0.4168 -0.7473
vn 0.7907 0.4307 -0.4350
vn 0.9669 0.1744 -0.1864
vn 0.4059 -0.4594 -0.7900
vn 0.7254 -0.4465 -0.5239
vn 0.9439 -0.2082 -0.2563
vn -0.8014 0.1110 -0.5878
vn 0.1050 0.0058 -0.9945
vn 0.1654 -0.2985 -0.9400
vn -0.3393 -0.6494 -0.6806
vn -0.4360 -0.3688 -0.8209
vn 0.2260 -0.6304 -0.7426
vn 0.7033 -0.1091 -0.7025
vn 0.7209 -0.3979 -0.5675
vn 0.4665 0.2189 0.8570
vn 0.8815 -0.1111 0.4590
vn 0.8902 0.2026 0.4081
vn 0.4897 -0.1559 0.8578
vn -0.1338 0.1438 0.9805
vn -0.0554 -0.1654 0.9847
vn -0.8213 -0.4878 0.2957
vn -0.8162 -0.4954 0.2973
vn -0.6189 -0.7106 0.3347
vn -0.2169 -0.8473 -0.4848
vn 0.6701 -0.6334 -0.3871
vn 0.7987 -0.3816 0.4653
vn 0.0190 -0.4265 0.9043
vn -0.9742 0.2047 0.0952
vn -0.5322 0.8270 -0.1813
vn -0.7686 0.6348 -0.0793
vn -0.9711 0.2216 0.0892
vn 0.0463 0.2134 -0.9759
vn -0.4400 0.5303 -0.7247
vn -0.0876 0.6603 -0.7459
vn 0.5589 0.3095 -0.7693
vn 0.2705 0.6971 -0.6641
vn 0.3159 0.7003 0.6401
vn 0.3960 0.9175 0.0360
vn 0.0722 0.9687 0.2374
vn 0.7499 0.6051 0.2674
vn -0.2191 0.5457 0.8088
vn -0.2631 0.8762 0.4039
vn -0.2122 0.9389 -0.2710
vn -0.9531 -0.2029 0.2247
vn -0.9515 -0.2086 0.2262
vn -0.4600 -0.2545 -0.8507
vn -0.0943 0.2595 -0.9611
vn 0.3156 0.2420 -0.9175
vn 0.0120 -0.2002 -0.9797
vn -0.3010 -0.5807 -0.7564
vn -0.5713 -0.2856 -0.7695
vn 0.1199 -0.6136 -0.7805
vn 0.4870 -0.4013 -0.7758
vn 0.5877 -0.0244 -0.8087
vn -0.9734 0.2280 0.0202
vn -0.9331 -0.2126 -0.2900
vn -0.9495 -0.0392 0.3113
vn -0.8896 0.2485 -0.3832
vn -0.7035 0.0651 -0.7077
vn -0.5527 -0.2899 -0.7813
vn -0.8818 -0.4151 0.2239
vn -0.7704 -0.6245 -0.1281
vn -0.6185 -0.5876 -0.5217
vn 0.7001 0.6381 0.3203
vn 0.5115 0.3792 0.7711
vn 0.9096 0.2991 0.2886
vn 0.3523 0.7635 0.5412
vn 0.0176 0.6294 0.7769
vn -0.0849 0.2867 0.9542
vn 0.8403 0.0025 0.5421
vn 0.5547 -0.0926 0.8269
vn 0.1813 -0.0053 0.9834
vn -0.3025 0.5183 0.7999
vn -0.6119 0.0810 0.7868
vn -0.0431 0.2619 0.9641
vn -0.6517 0.4987 0.5714
vn -0.9046 0.2494 0.3457
vn -0.9424 -0.1359 0.3058
vn -0.1335 -0.1171 0.9841
vn -0.4380 -0.3559 0.8255
vn -0.7443 -0.3803 0.5490
vn 0.6072 0.3159 -0.7290
vn 0.9375 0.1595 -0.3092
vn 0.6110 -0.0690 -0.7886
vn 0.7173 0.5658 -0.4066
vn 0.8149 0.5796 0.0023
vn 0.9021 0.3168 0.2931
vn 0.7912 -0.3083 -0.5282
vn 0.9471 -0.2849 -0.1476
vn 0.9783 -0.0554 0.1998
vn -0.4587 0.0719 -0.8857
vn 0.6214 -0.1645 -0.7660
vn 0.0875 -0.4397 -0.8939
vn 0.0577 -0.3270 -0.9433
vn 0.6435 -0.5016 -0.5782
vn 0.9516 0.0622 -0.3009
vn 0.9647 -0.0604 -0.2565
vn -0.0169 0.1782 0.9838
vn 0.5860 -0.0443 0.8091
vn 0.5583 0.2698 0.7846
vn 0.0706 -0.1884 0.9796
vn -0.5840 0.0127 0.8117
vn -0.4608 -0.2830 0.8412
vn -0.7664 -0.6263 -0.1425
vn -0.7633 -0.6305 -0.1404
vn -0.5642 -0.8253 -0.0242
vn 0.1879 -0.8024 -0.5665
vn 0.8708 -0.4878 -0.0610
vn 0.5608 -0.3242 0.7618
vn -0.3110 -0.5219 0.7943
vn -0.9318 0.0669 -0.3568
vn -0.5365 0.7606 -0.3655
vn -0.5397 0.7581 -0.3661
vn -0.9300 0.0794 -0.3589
vn 0.4418 0.3319 -0.8335
vn -0.1602 0.5472 -0.8215
vn 0.1365 0.7274 -0.6725
vn -0.0493 0.0905 -0.9947
vn 0.7833 0.4664 -0.4110
vn 0.4075 0.8033 -0.4344
vn -0.1365 0.6550 0.7432
vn 0.1571 0.9529 0.2595
vn -0.2217 0.9318 0.2875
vn 0.4219 0.6676 0.6134
vn -0.6530 0.4096 0.6370
vn -0.5717 0.7736 0.2735
vn -0.2417 0.9249 -0.2937
vn -0.2417 0.9248 -0.2937
vn -0.9018 -0.3501 -0.2534
vn -0.9007 -0.3537 -0.2522
vn -0.4143 0.3091 -0.8561
vn -0.0502 0.1548 -0.9867
vn -0.4846 -0.1559 -0.8607
vn -0.7786 -0.4131 -0.4724
vn -0.9093 -0.0473 -0.4133
vn -0.4496 -0.5856 -0.6745
vn -0.0753 -0.5128 -0.8552
vn 0.1307 -0.1934 -0.9724
vn -0.7367 0.5413 0.4054
vn -0.9788 0.1287 0.1592
vn -0.6760 0.2645 0.6878
vn -0.8366 0.5477 -0.0024
vn -0.8802 0.3172 -0.3531
vn -0.9010 -0.0649 -0.4290
vn -0.7791 -0.1062 0.6179
vn -0.9043 -0.3204 0.2821
vn -0.9376 -0.3227 -0.1297
vn 0.9332 0.3487 -0.0874
vn 0.8901 0.1524 0.4294
vn 0.9866 -0.0314 -0.1598
vn 0.7851 0.5708 0.2403
vn 0.5741 0.5527 0.6041
vn 0.4464 0.2676 0.8539
vn 0.9463 -0.2943 0.1341
vn 0.7993 -0.3014 0.5199
vn 0.5783 -0.0984 0.8099
vn 0.2804 0.5582 0.7809
vn -0.1417 0.2557 0.9563
vn 0.4766 0.2196 0.8513
vn -0.1277 0.6696 0.7316
vn -0.5243 0.5274 0.6686
vn -0.7040 0.1750 0.6883
vn 0.2735 -0.1016 0.9565
vn -0.1250 -0.2163 0.9683
vn -0.5121 -0.1304 0.8490
vn 0.3028 0.1231 -0.9451
vn 0.7033 -0.1583 -0.6930
vn 0.1433 -0.2347 -0.9615
vn 0.6122 0.3022 -0.7306
vn 0.8713 0.2700 -0.4099
vn 0.9878 -0.0101 -0.1557
vn 0.3267 -0.5375 -0.7774
vn 0.6409 -0.5825 -0.4999
vn 0.8951 -0.3841 -0.2263
vn -0.7468 0.2503 -0.6161
vn 0.1307 -0.3348 -0.9332
vn -0.4469 -0.5763 -0.6843
vn -0.4785 -0.2877 -0.8296
vn 0.1175 -0.6709 -0.7322
vn 0.6898 -0.2471 -0.6806
vn 0.6444 -0.5367 -0.5446
vn 0.4750 0.1377 0.8691
vn 0.8291 -0.2689 0.4902
vn 0.8999 0.0379 0.4344
vn 0.4236 -0.2354 0.8747
vn -0.1306 0.1793 0.9751
vn -0.1194 -0.1370 0.9834
vn -0.9082 -0.3202 0.2696
vn -0.9046 -0.3287 0.2714
vn -0.7575 -0.5716 0.3153
vn -0.3747 -0.7914 -0.4829
vn 0.5407 -0.7577 -0.3654
vn 0.6939 -0.5204 0.4977
vn -0.0990 -0.4107 0.9064
vn -0.9200 0.3871 0.0618
vn -0.3479 0.9149 -0.2049
vn -0.3500 0.9142 -0.2043
vn -0.9145 0.4006 0.0567
vn 0.1169 0.1881 -0.9752
vn -0.2985 0.5955 -0.7458
vn 0.0711 0.6542 -0.7530
vn -0.4404 0.1485 -0.8854
vn 0.6347 0.1870 -0.7498
vn 0.4297 0.6215 -0.6551
vn 0.4294 0.6319 0.6452
vn 0.5744 0.8175 0.0422
vn 0.2629 0.9359 0.2345
vn 0.8463 0.4496 0.2858
vn -0.1240 0.5915 0.7967
vn -0.0852 0.9164 0.3912
vn -0.0011 0.9587 -0.2846
vn -0.9807 -0.0206 0.1945
vn -0.9802 -0.0260 0.1961
vn -0.0047 -0.9500 0.3122
vn 0.0150 -0.9590 0.2831
vn 0.0388 -0.9681 0.2474
vn 0.0233 -0.9624 0.2707
vn 0.2512 0.2628 0.9316
vn 0.3118 0.2732 0.9100
vn 0.7908 -0.3821 0.4783
vn -0.3259 0.1715 0.9297
vn -0.2282 0.1120 0.9671
vn -0.0142 0.3195 0.9475
vn -0.5206 -0.0272 0.8534
vn -0.0462 -0.9681 0.2461
vn -0.9999 0.0000 -0.0150
vn -0.6946 0.6784 -0.2396
vn -0.6042 -0.7576 0.2468
vn -0.0134 0.3145 0.9491
vn -0.1112 0.2812 0.9532
vn -0.1329 0.2805 0.9506
vn -0.0142 0.3204 0.9472
vn 0.0547 0.3072 0.9501
vn -0.0125 0.2655 0.9640
vn -0.2037 0.0632 0.9770
vn -0.0144 0.2825 0.9592
vn 0.5548 0.2668 0.7881
vn -0.5775 0.2669 0.7715
vn 0.3925 0.0392 0.9189
vn 0.4455 0.4790 0.7563
vn 0.2906 0.7350 0.6126
vn -0.0098 0.7583 0.6519
vn -0.4674 0.4788 0.7431
vn -0.4675 0.4789 0.7431
vn -0.3083 0.7350 0.6039
vn -0.4195 0.0395 0.9069
vn 0.2684 -0.1693 0.9483
vn -0.0144 0.2826 0.9591
vn -0.6100 0.1771 0.7724
vn -0.8713 0.4754 0.1220
vn -0.0033 0.1912 0.9815
vn -0.6904 0.2773 0.6681
vn -0.4683 0.1712 0.8668
vn 0.5144 0.4015 0.7578
vn 0.2908 0.2535 0.9226
vn 0.3459 0.1382 0.9281
vn -0.8867 0.4461 -0.1211
vn -0.8860 0.4471 -0.1233
vn -0.8880 0.4446 -0.1176
vn 0.8911 0.4427 -0.0994
vn 0.6769 0.1214 0.7260
vn 0.8887 0.4492 -0.0920
vn -0.4573 0.4755 0.7516
vn 0.0096 0.2699 0.9628
vn -0.3304 0.2564 0.9084
vn -0.4082 0.0473 0.9116
vn 0.0110 0.2956 0.9552
vn -0.1444 0.0511 0.9882
vn -0.0018 0.3027 0.9531
vn 0.1146 0.0509 0.9921
vn -0.0268 0.3028 0.9527
vn -0.2390 0.8098 0.5359
vn 0.0056 0.9652 -0.2615
vn 0.0062 0.9548 -0.2971
vn 0.0058 0.9480 -0.3183
vn -0.5440 0.3847 0.7457
vn 0.0211 0.9689 -0.2467
vn 0.0442 0.9682 -0.2462
vn 0.3811 0.0469 0.9233
vn 0.3034 0.2563 0.9177
vn -0.4239 -0.4136 0.8057
vn -0.0398 0.2957 0.9545
vn -0.0392 0.2822 0.9586
vn 0.4350 0.4756 0.7645
vn -0.0386 0.2699 0.9621
vn 0.4350 0.4757 0.7645
vn 0.1954 0.3832 0.9028
vn 0.1659 0.5438 0.8226
vn -0.0258 0.2636 0.9643
vn -0.0099 0.7499 0.6615
vn -0.0145 0.2580 0.9660
vn -0.0145 0.2747 0.9614
vn -0.1905 0.5435 0.8175
vn -0.0032 0.2637 0.9646
vn -0.8963 -0.4328 0.0969
vn -0.8882 -0.4413 0.1282
vn -0.8942 -0.4351 0.1055
vn -0.8861 -0.4432 0.1355
vn 0.8862 -0.4350 0.1594
vn 0.8873 -0.4418 0.1322
vn 0.8865 -0.4362 0.1547
vn 0.8875 -0.4432 0.1263
vn -0.0514 0.9465 -0.3186
vn -0.0090 0.9557 -0.2941
vn 0.8917 0.4055 0.2009
vn 0.6490 0.2737 0.7099
vn -0.2937 0.0682 0.9535
vn 0.8362 -0.5156 0.1867
vn 0.5965 -0.7576 0.2649
vn 0.6851 -0.4705 0.5561
vn 0.0037 0.9474 -0.3200
vn 0.8668 0.1373 0.4794
vn 0.5328 0.2369 0.8124
vn 0.0059 0.9474 -0.3199
vn -0.7015 -0.4705 0.5353
vn -0.8415 -0.5156 0.1615
vn -0.4740 0.0619 0.8783
vn -0.8808 0.1373 0.4531
vn -0.5570 0.2369 0.7960
vn 0.9999 0.0000 0.0150
vn -0.9999 -0.0000 -0.0150
vn 0.8363 -0.5156 0.1867
vn -0.4963 0.2473 0.8322
vn 0.9999 -0.0000 0.0150
vn -0.5120 0.2447 0.8234
vn -0.2108 0.0545 0.9760
vn -0.0144 0.2825 0.9591
vn 0.0048 0.9474 -0.3199
vn 0.0048 0.9474 -0.3200
vn 0.5210 0.8110 -0.2661
vn 0.5098 0.8174 -0.2684
vn 0.9999 0.0008 0.0148
vn 0.7227 -0.4822 0.4951
vn 0.8811 0.4519 -0.1394
vn -0.5127 0.8110 -0.2817
vn -0.5015 0.8174 -0.2836
vn -0.3465 0.8871 -0.3048
vn -0.8765 0.4519 -0.1658
vn -0.9224 -0.3699 0.1111
vn -0.9992 0.0308 -0.0254
vn -0.5098 -0.8174 0.2684
vn -0.5210 -0.8110 0.2661
vn -0.4529 -0.8467 0.2792
vn -0.6697 -0.7065 0.2286
vn -0.0048 -0.9474 0.3199
vn 0.5015 -0.8174 0.2836
vn 0.0037 0.9474 -0.3199
vn 0.0138 -0.3902 -0.9206
vn 0.0060 0.9158 -0.4015
vn 0.0060 0.9159 -0.4015
vn -0.0150 0.0250 0.9996
vn 0.0050 0.9427 -0.3336
vn 0.0137 -0.4073 -0.9132
vn 0.0043 0.9581 -0.2862
vn -0.0150 -0.0531 0.9985
vn 0.0035 0.9720 -0.2349
vn 0.0145 -0.2697 -0.9628
vn 0.0021 0.9903 -0.1393
vn -0.0150 -0.0641 0.9978
vn -0.0137 -0.4184 0.9082
vn -0.0008 0.9985 0.0554
vn -0.0022 0.9887 0.1496
vn 0.0006 0.9992 -0.0392
vn 0.0148 -0.1683 -0.9856
vn 0.0020 0.9907 -0.1362
vn 0.0085 -0.8228 -0.5682
vn 0.0120 -0.6031 -0.7976
vn -0.0009 -0.9984 0.0569
vn -0.0098 -0.7604 0.6493
vn -0.0132 -0.4776 0.8785
vn -0.9806 -0.1897 -0.0493
vn -0.9260 -0.2358 0.2949
vn -0.9630 -0.2507 0.0992
vn -0.8898 -0.2235 0.3979
vn -0.9630 -0.2612 0.0662
vn -0.9797 -0.2000 0.0167
vn -0.9591 -0.2830 0.0041
vn -0.9847 -0.1737 -0.0151
vn -0.0090 -0.8005 0.5992
vn -0.9630 -0.2557 0.0847
vn -0.9721 -0.2163 0.0904
vn 0.9882 -0.1329 0.0757
vn 0.9867 -0.1588 0.0351
vn 0.9899 -0.1402 -0.0210
vn 0.9453 -0.3186 0.0695
vn 0.9675 -0.2523 -0.0182
vn 0.9957 -0.0582 -0.0722
vn 0.9690 -0.2163 0.1196
vn 0.9769 -0.2033 0.0658
vn -0.9975 -0.0322 -0.0632
vn -0.9852 -0.1626 -0.0546
vn 0.9894 -0.1405 0.0367
vn 0.9928 -0.1195 -0.0068
vn 0.9816 -0.1897 -0.0198
vn 0.8774 -0.2235 0.4245
vn 0.9867 -0.1484 0.0666
vn 0.9168 -0.2427 0.3171
vn 0.9897 -0.1300 0.0605
vn 0.9894 -0.1320 0.0602
vn 0.9891 -0.1348 0.0597
vn 0.9888 -0.1368 0.0593
vn -0.9910 -0.1300 0.0308
vn -0.9904 -0.1348 0.0299
vn -0.9908 -0.1320 0.0304
vn -0.9902 -0.1368 0.0296
vn -0.0148 0.1589 0.9872
vn 0.0146 -0.2340 -0.9721
vn -0.8182 0.5299 0.2231
vn -0.9452 -0.0624 0.3204
vn 0.8111 0.5299 0.2476
vn 0.9995 0.0308 0.0046
vn 0.9352 -0.0624 0.3487
vn -0.9202 -0.1108 0.3755
vn -0.5230 -0.8278 0.2032
vn -0.5037 -0.8427 0.1901
vn -0.5561 0.4447 0.7021
vn 0.5088 0.8360 -0.2055
vn 0.5166 0.8371 -0.1801
vn 0.5209 0.8374 -0.1656
vn -0.5401 0.8135 -0.2155
vn -0.5151 0.8337 -0.1992
vn -0.5091 0.8382 -0.1953
vn -0.4912 0.8515 -0.1838
vn 0.8970 -0.1056 0.4292
vn 0.8003 0.4675 0.3756
vn 0.9823 -0.1774 0.0600
vn 0.5024 -0.8360 0.2207
vn 0.5081 -0.8368 0.2039
vn -0.8878 0.4427 -0.1262
vn 0.6621 -0.7070 0.2487
vn 0.4430 -0.8473 0.2929
vn 0.8765 -0.4519 0.1658
vn -0.8871 -0.4413 0.1357
vn -0.7432 -0.5036 0.4405
vn -0.9999 0.0002 -0.0151
vn -0.9992 0.0309 -0.0254
vn 0.3552 0.8872 -0.2943
vn 0.9187 -0.3699 0.1387
vn 0.6078 0.5222 0.5983
vn -0.5600 0.7823 -0.2727
vn 0.5680 0.7823 -0.2557
vn -0.6255 0.5222 0.5797
vn 0.0112 -0.6646 -0.7471
vn -0.8999 0.4241 -0.1014
vn -0.9006 0.4193 -0.1144
vn -0.9009 0.4172 -0.1199
vn 0.9042 0.4199 -0.0782
vn 0.8986 0.4283 -0.0957
vn -0.7666 0.1847 0.6150
vn -0.6736 -0.0847 0.7342
vn -0.6480 -0.1364 0.7494
vn 0.0737 0.9452 -0.3181
vn -0.0646 0.9451 -0.3202
vn 0.7479 0.1761 0.6401
vn 0.6780 0.1331 0.7229
vn 0.6970 -0.1047 0.7094
vn 0.0495 -0.9460 0.3203
vn 0.3266 0.2738 0.9046
vn 0.6099 0.5202 0.5978
vn -0.0144 -0.2947 0.9555
vn 0.9632 -0.0013 0.2689
vn 0.9244 -0.0775 0.3734
vn 0.6965 0.2241 0.6817
vn 0.9208 0.0891 -0.3796
vn 0.9918 -0.0009 -0.1282
vn 0.9553 0.0744 0.2862
vn 0.6736 -0.4597 -0.5787
vn 0.8574 0.1841 0.4807
vn 0.8630 -0.3191 0.3918
vn 0.7144 -0.1868 -0.6743
vn 0.8602 0.3531 -0.3679
vn 0.6731 -0.1951 -0.7134
vn 0.6884 -0.0592 -0.7229
vn 0.7646 -0.0158 -0.6443
vn 0.3508 -0.1636 -0.9220
vn 0.9949 -0.0987 -0.0211
vn -0.2463 0.8080 0.5352
vn -0.3949 0.9170 0.0565
vn -0.6276 0.5202 0.5792
vn -0.6169 0.7713 -0.1566
vn -0.0080 -0.8475 0.5308
vn -0.2139 -0.4323 0.8760
vn -0.7587 -0.1878 0.6238
vn 0.9995 0.0303 0.0078
vn 0.7269 -0.4390 -0.5281
vn 0.9232 -0.1437 -0.3566
vn 0.0757 -0.8924 -0.4449
vn 0.0063 -0.9084 -0.4180
vn 0.9866 -0.1084 0.1219
vn 0.0059 -0.9202 -0.3915
vn 0.0056 -0.9291 -0.3697
vn 0.9155 0.2360 0.3258
vn 0.9876 0.1259 -0.0934
vn 0.9502 0.2454 0.1921
vn 0.7732 0.2487 0.5834
vn 0.8588 0.1950 0.4737
vn 0.6199 0.2574 0.7413
vn 0.7763 0.4289 -0.4620
vn 0.6683 0.7291 0.1477
vn 0.9487 0.2150 -0.2317
vn 0.5620 0.8262 -0.0403
vn 0.4140 0.8138 0.4078
vn 0.6321 0.5450 -0.5508
vn 0.4850 -0.4402 -0.7556
vn 0.6330 -0.5544 -0.5404
vn 0.3782 -0.5408 -0.7513
vn 0.7282 -0.1930 -0.6576
vn 0.3720 -0.1322 0.9188
vn 0.9917 -0.0952 -0.0863
vn 0.1377 0.4394 0.8877
vn 0.1179 0.6653 0.7372
vn 0.1426 0.5177 0.8436
vn -0.1359 0.6360 0.7596
vn -0.1867 0.8338 0.5196
vn 0.9584 0.0203 0.2846
vn 0.9509 0.0161 0.3091
vn -0.0141 0.3389 0.9407
vn -0.0144 0.2864 0.9580
vn 0.7396 -0.1878 0.6463
vn 0.8519 0.0619 0.5201
vn 0.8415 0.1555 0.5174
vn 0.0694 0.1622 0.9843
vn 0.1130 0.6360 0.7633
vn -0.8850 0.0477 0.4631
vn -0.7312 -0.5620 0.3865
vn -0.1401 0.6653 0.7333
vn -0.7167 0.2241 0.6604
vn -0.1643 0.4394 0.8831
vn -0.1679 0.5177 0.8389
vn 0.9458 -0.2375 -0.2215
vn 0.9226 0.2927 0.2511
vn 0.6252 -0.0696 -0.7774
vn -0.4745 0.4971 0.7264
vn -0.3330 0.6831 0.6501
vn -0.5656 0.6152 0.5492
vn -0.7991 0.0408 0.5998
vn -0.9298 0.2927 0.2233
vn -0.8702 -0.3193 0.3751
vn -0.3754 0.2545 0.8912
vn -0.9560 0.1492 0.2526
vn -0.9948 -0.0565 0.0847
vn -0.8567 0.1555 0.4918
vn -0.5907 -0.4297 0.6829
vn -0.0066 -0.8997 0.4365
vn -0.2912 -0.9502 0.1113
vn -0.4641 0.1041 0.8796
vn -0.0144 0.2918 0.9564
vn 0.9279 0.2298 -0.2936
vn 0.8686 0.1646 0.4673
vn 0.6579 0.1554 0.7369
vn 0.7973 0.5983 0.0795
vn 0.7229 0.0182 0.6907
vn 0.7781 -0.1505 0.6099
vn 0.4966 -0.1521 -0.8546
vn 0.5729 -0.0522 -0.8179
vn 0.7919 0.0715 -0.6065
vn 0.2877 -0.9502 0.1200
vn 0.5703 -0.6841 0.4548
vn 0.7228 0.4422 -0.5311
vn 0.4305 0.1900 -0.8824
vn 0.5399 0.5678 -0.6213
vn 0.2317 0.9249 -0.3013
vn -0.7435 -0.0138 -0.6686
vn -0.9076 -0.0993 -0.4079
vn -0.7070 -0.0420 -0.7060
vn -0.9992 0.0314 -0.0261
vn -0.9990 -0.0265 -0.0357
vn 0.8871 0.0265 0.4609
vn 0.7060 0.1471 0.6927
vn 0.9575 -0.2674 0.1079
vn 0.6149 0.2808 0.7369
vn 0.4875 0.1885 0.8525
vn -0.0144 0.2775 0.9606
vn -0.0148 0.1605 0.9869
vn 0.5752 0.0748 0.8146
vn 0.7925 -0.0360 0.6088
vn -0.5129 0.1885 0.8375
vn -0.5994 0.0748 0.7970
vn -0.7265 0.1471 0.6712
vn -0.6368 0.2808 0.7181
vn -0.9005 0.0265 0.4340
vn -0.9603 -0.2674 0.0791
vn -0.6422 -0.7471 0.1713
vn -0.7749 -0.6296 0.0566
vn -0.5928 -0.7463 -0.3027
vn -0.7193 -0.4488 0.5303
vn -0.6724 0.7291 0.1275
vn -0.9413 0.2150 -0.2601
vn -0.4260 0.8138 0.3952
vn 0.4248 0.4267 0.7985
vn 0.5489 0.6152 0.5660
vn 0.3133 0.6831 0.6598
vn 0.7006 0.0926 0.7075
vn -0.6164 -0.5544 -0.5592
vn -0.3693 -0.6431 -0.6709
vn 0.0114 -0.6490 -0.7607
vn 0.0144 0.2900 -0.9569
vn 0.6645 -0.2631 -0.6995
vn 0.6799 0.2987 -0.6697
vn 0.0106 0.7060 -0.7082
vn 0.6135 0.6861 -0.3911
vn -0.0028 0.9821 0.1885
vn 0.0019 -0.9920 -0.1261
vn -0.6594 0.2988 -0.6899
vn -0.6014 0.6861 -0.4094
vn 0.8121 -0.2974 -0.5021
vn -0.7974 -0.2957 -0.5259
vn -0.6618 -0.1767 -0.7285
vn -0.9187 0.1058 -0.3805
vn -0.8298 0.5483 -0.1036
vn 0.0065 -0.9001 -0.4355
vn -0.0071 0.8820 0.4712
vn 0.8326 0.5483 -0.0786
vn 0.9297 0.1049 -0.3531
vn -0.8105 -0.0360 0.5847
vn -0.4621 -0.4402 -0.7699
vn -0.7081 -0.1930 -0.6792
vn -0.9387 -0.2375 -0.2498
vn -0.6015 -0.0696 -0.7958
vn -0.7620 0.4289 -0.4851
vn 0.8586 -0.3193 0.4011
vn 0.5766 -0.0924 0.8118
vn 0.7030 -0.4488 0.5516
vn 0.7728 -0.6296 0.0798
vn 0.6016 -0.7463 -0.2847
vn 0.3930 -0.7310 -0.5578
vn 0.6368 -0.7471 0.1905
vn -0.6727 -0.2584 0.6933
vn 0.2996 0.1957 0.9338
vn 0.7193 -0.5620 0.4083
vn 0.3930 0.9170 0.0684
vn 0.6206 0.7717 -0.1393
vn 0.6213 0.7713 -0.1380
vn 0.6787 -0.6202 0.3933
vn -0.5605 0.8262 -0.0572
vn -0.6153 0.5450 -0.5696
vn -0.9352 -0.0775 0.3454
vn -0.9809 -0.0338 0.1917
vn -0.9958 -0.0030 -0.0915
vn -0.9104 -0.1214 -0.3956
vn -0.4119 -0.2449 -0.8777
vn -0.6972 -0.2365 -0.6768
vn -0.1295 0.0053 -0.9916
vn 0.0149 0.1262 -0.9919
vn 0.4542 -0.7959 -0.4004
vn -0.6470 0.1933 0.7376
vn -0.8743 0.1998 0.4423
vn -0.9339 0.3294 0.1393
vn -0.8227 0.2552 -0.5079
vn -0.8803 0.1640 0.4451
vn -0.9800 -0.0406 0.1948
vn -0.5047 -0.8626 0.0341
vn -0.8780 -0.4647 -0.1149
vn 0.5108 -0.8414 -0.1764
vn -0.5053 -0.8414 -0.1917
vn 0.5035 -0.8626 0.0492
vn 0.8811 -0.4647 -0.0884
vn 0.9737 -0.0406 0.2242
vn 0.5130 0.8369 0.1908
vn 0.8780 0.4647 0.1149
vn 0.4937 0.7695 0.4051
vn -0.5056 0.7695 0.3900
vn -0.5094 0.8107 0.2887
vn 0.5005 0.8107 0.3039
vn -0.5481 -0.0522 -0.8348
vn -0.7682 0.0784 -0.6353
vn -0.9817 0.1618 -0.1005
vn -0.4036 0.1901 -0.8950
vn -0.3619 -0.2975 -0.8835
vn -0.7054 0.4418 -0.5543
vn -0.7095 0.2388 -0.6630
vn -0.5201 0.5681 -0.6378
vn -0.2213 0.9252 -0.3082
vn 0.9999 -0.0079 0.0133
vn 0.5109 -0.8414 -0.1764
vn -0.9832 -0.1352 -0.1225
vn -0.0623 -0.8924 -0.4470
vn -0.9898 -0.1084 0.0921
vn 0.0048 -0.9487 -0.3162
vn -0.9273 0.2280 0.2968
vn -0.9551 0.2470 0.1637
vn -0.7903 0.2487 0.5599
vn -0.6419 0.2574 0.7223
vn -0.9704 0.1292 0.2039
vn -0.6973 0.1472 0.7015
vn 0.0006 -0.1822 0.9833
vn 0.0039 -0.1812 0.9834
vn -0.0106 -0.1916 0.9814
vn 0.0139 -0.1724 0.9849
vn 0.0080 -0.1724 0.9850
vn -0.0499 0.1680 -0.9845
vn 0.0309 0.1849 -0.9823
vn -0.7027 0.1111 0.7027
vn -0.7943 -0.1510 0.5884
vn 0.0114 -0.6510 -0.7590
vn 0.0479 0.1860 -0.9814
vn 0.0535 0.1825 -0.9817
vn 0.0404 0.1907 -0.9808
vn 0.9984 -0.0350 0.0443
vn -0.5931 -0.7371 -0.3240
vn -0.1761 -0.9223 -0.3439
vn -0.5254 -0.7714 -0.3590
vn -0.1940 -0.9220 -0.3350
vn -0.9714 -0.1154 -0.2074
vn -0.7770 -0.5331 -0.3348
vn -0.4270 0.8589 0.2828
vn -0.8834 0.4580 0.0992
vn -0.6200 0.7461 0.2426
vn -0.9737 0.1853 -0.1322
vn -0.3101 0.9024 0.2991
vn -0.3096 0.9025 0.2995
vn -0.0148 -0.1874 0.9822
vn -0.5185 0.8369 0.1753
vn -0.9862 0.0367 -0.1616
vn -0.5052 -0.8602 -0.0690
vn -0.9948 -0.0228 0.0990
vn -0.5046 -0.7924 -0.3427
vn -0.5056 0.8626 0.0182
vn -0.0189 -0.1916 0.9813
vn -0.0334 -0.1812 0.9829
vn -0.0302 -0.1822 0.9828
vn -0.0376 -0.1724 0.9843
vn -0.0435 -0.1724 0.9841
vn 0.0795 0.1680 -0.9826
vn -0.0014 0.1849 -0.9828
vn -0.0084 0.1805 -0.9835
vn -0.0183 0.1860 -0.9824
vn -0.0109 0.1907 -0.9816
vn -0.9993 -0.0350 0.0143
vn 0.5359 -0.7714 -0.3431
vn 0.1863 -0.9223 -0.3385
vn 0.6025 -0.7371 -0.3061
vn 0.2039 -0.9220 -0.3290
vn 0.8551 -0.4308 -0.2885
vn 0.9772 -0.1154 -0.1781
vn 0.6125 0.7461 0.2611
vn 0.8273 0.5281 0.1914
vn 0.4183 0.8589 0.2955
vn -0.9998 -0.0079 -0.0168
vn 0.1710 0.8338 0.5250
vn -0.9598 0.0161 0.2804
vn -0.9727 0.0245 0.2309
vn -0.5833 0.1495 0.7983
vn 0.7292 0.2388 -0.6412
vn 0.9906 0.0367 -0.1318
vn 0.5048 0.8626 0.0334
vn 0.5147 -0.7924 -0.3273
vn 0.9914 -0.0228 0.1289
vn 0.5071 -0.8602 -0.0538
vn 0.9773 0.1853 -0.1029
vn 0.3004 0.9025 0.3087
vn 0.3010 0.9024 0.3083
vn -0.8811 0.4647 0.0884
vn -0.1258 0.1007 0.9869
vn 0.3052 -0.4422 0.8434
vn 0.7130 -0.4792 0.5119
vn 0.5614 0.3756 0.7374
vn 0.7543 -0.6539 0.0590
vn 0.9846 0.0180 -0.1736
vn 0.9670 -0.0833 0.2407
vn 0.8203 -0.4559 -0.3452
vn 0.8848 -0.2129 -0.4145
vn 0.2829 -0.9217 -0.2652
vn -0.0240 -0.9612 -0.2747
vn -0.3297 -0.4781 -0.8141
vn 0.1077 -0.4021 -0.9092
vn -0.5173 -0.6112 -0.5990
vn -0.6705 -0.3154 -0.6715
vn -0.9697 -0.2431 -0.0228
vn -0.8666 -0.4982 0.0289
vn -0.8663 -0.4987 0.0288
vn -0.8333 -0.1622 0.5285
vn 0.0684 -0.7477 0.6605
vn -0.2925 -0.1705 -0.9409
vn -0.3528 -0.1315 -0.9264
vn -0.2639 -0.3071 -0.9144
vn -0.2824 -0.3263 -0.9021
vn -0.2419 -0.4271 -0.8712
vn -0.2773 -0.4554 -0.8460
vn -0.8923 -0.2898 -0.3462
vn -0.8848 -0.3332 -0.3258
vn -0.9314 -0.2178 -0.2917
vn -0.8689 -0.3637 -0.3357
vn -0.8726 -0.3857 -0.2996
vn -0.7089 -0.6492 -0.2756
vn -0.7133 -0.5990 -0.3639
vn 0.3528 0.1315 0.9264
vn 0.2925 0.1705 0.9409
vn 0.2824 0.3263 0.9021
vn 0.2814 0.3680 0.8862
vn 0.2639 0.3071 0.9144
vn 0.2773 0.4554 0.8460
vn 0.2419 0.4271 0.8712
vn 0.9314 0.2178 0.2917
vn 0.8923 0.2898 0.3462
vn 0.8726 0.3857 0.2996
vn 0.8689 0.3637 0.3357
vn 0.7133 0.5990 0.3639
vn 0.7089 0.6492 0.2756
vn 0.9397 0.3288 -0.0938
vn 0.3327 0.8952 0.2967
vn -0.1827 0.7996 0.5721
vn 0.9107 -0.0273 -0.4122
vn -0.8277 0.5355 0.1680
vn 0.0704 -0.2988 -0.9517
vn 0.0637 -0.3234 -0.9441
vn -0.5558 0.7239 -0.4087
vn -0.8048 -0.1751 -0.5672
vn -0.9965 0.0022 -0.0832
vn -0.3002 0.9398 -0.1632
vn -0.2721 0.9573 -0.0977
vn -0.2934 0.9533 -0.0714
vn 0.5656 -0.7574 0.3263
# 3755 vertex normals

vt 0.9107 0.1333 0.7948
vt 0.9105 0.1334 0.5041
vt 0.9105 0.1334 0.5014
vt 0.9105 0.1333 0.5014
vt 0.9106 0.1335 0.5014
vt 0.9106 0.1335 0.5041
vt 0.9107 0.1335 0.5041
vt 0.9107 0.1335 0.5014
vt 0.9108 0.1335 0.5041
vt 0.9108 0.1334 0.5014
vt 0.9108 0.1334 0.5041
vt 0.9109 0.1334 0.5014
vt 0.9109 0.1333 0.5041
vt 0.9109 0.1333 0.5014
vt 0.9109 0.1332 0.5014
vt 0.9109 0.1332 0.5041
vt 0.9109 0.1331 0.5014
vt 0.9108 0.1331 0.5041
vt 0.9108 0.1331 0.5014
vt 0.9107 0.1330 0.5014
vt 0.9107 0.1330 0.5041
vt 0.9106 0.1330 0.5014
vt 0.9106 0.1331 0.5041
vt 0.9106 0.1331 0.5014
vt 0.9105 0.1331 0.5041
vt 0.9105 0.1331 0.5014
vt 0.9105 0.1332 0.5041
vt 0.9105 0.1332 0.5014
vt 0.9105 0.1333 0.5041
vt 0.9105 0.1334 0.6061
vt 0.9105 0.1333 0.6061
vt 0.9105 0.1334 0.7369
vt 0.9105 0.1333 0.7369
vt 0.9106 0.1334 0.7369
vt 0.9106 0.1335 0.6061
vt 0.9106 0.1335 0.7369
vt 0.9107 0.1335 0.7369
vt 0.9107 0.1335 0.6061
vt 0.9108 0.1335 0.7369
vt 0.9108 0.1335 0.6061
vt 0.9108 0.1334 0.7369
vt 0.9108 0.1334 0.6061
vt 0.9109 0.1334 0.7369
vt 0.9109 0.1334 0.6061
vt 0.9109 0.1333 0.7369
vt 0.9109 0.1333 0.6061
vt 0.9109 0.1332 0.7369
vt 0.9109 0.1332 0.6061
vt 0.9109 0.1331 0.7369
vt 0.9109 0.1331 0.6061
vt 0.9108 0.1331 0.7369
vt 0.9108 0.1331 0.6061
vt 0.9107 0.1330 0.7369
vt 0.9107 0.1330 0.6061
vt 0.9106 0.1330 0.7369
vt 0.9106 0.1330 0.6061
vt 0.9106 0.1331 0.7369
vt 0.9106 0.1331 0.6061
vt 0.9105 0.1331 0.7369
vt 0.9105 0.1331 0.6061
vt 0.9105 0.1332 0.7369
vt 0.9105 0.1332 0.6061
vt 0.9105 0.1333 0.8912
vt 0.9105 0.1332 0.8912
vt 0.9105 0.1334 0.8912
vt 0.9105 0.1334 1.0551
vt 0.9105 0.1333 1.0551
vt 0.9105 0.1334 1.2190
vt 0.9105 0.1333 1.2190
vt 0.9105 0.1334 1.3705
vt 0.9105 0.1333 1.3705
vt 0.9106 0.1334 1.2190
vt 0.9106 0.1334 1.0551
vt 0.9106 0.1334 1.3705
vt 0.9106 0.1335 1.2190
vt 0.9106 0.1335 1.0551
vt 0.9106 0.1335 1.3705
vt 0.9107 0.1335 1.2190
vt 0.9107 0.1335 1.0551
vt 0.9107 0.1335 1.3705
vt 0.9108 0.1335 1.2190
vt 0.9108 0.1335 1.0551
vt 0.9108 0.1334 1.2190
vt 0.9108 0.1334 1.0551
vt 0.9108 0.1334 1.3705
vt 0.9108 0.1335 1.3705
vt 0.9109 0.1334 1.2190
vt 0.9109 0.1334 1.0551
vt 0.9109 0.1334 1.3705
vt 0.9109 0.1333 1.2190
vt 0.9109 0.1333 1.0551
vt 0.9109 0.1333 1.3705
vt 0.9109 0.1332 1.2190
vt 0.9109 0.1332 1.0551
vt 0.9109 0.1332 1.3705
vt 0.9109 0.1331 1.2190
vt 0.9109 0.1331 1.0551
vt 0.9109 0.1331 1.3705
vt 0.9108 0.1331 1.2190
vt 0.9108 0.1331 1.0551
vt 0.9108 0.1331 1.3705
vt 0.9107 0.1331 1.2190
vt 0.9107 0.1331 1.0551
vt 0.9107 0.1331 1.3705
vt 0.9106 0.1331 1.2190
vt 0.9106 0.1331 1.0551
vt 0.9106 0.1331 1.3705
vt 0.9105 0.1331 1.2190
vt 0.9105 0.1331 1.0551
vt 0.9105 0.1332 1.2190
vt 0.9105 0.1332 1.3705
vt 0.9105 0.1331 1.3705
vt 0.9105 0.1332 1.0551
vt 0.9105 0.1333 1.5014
vt 0.9105 0.1332 1.5014
vt 0.9105 0.1334 1.5014
vt 0.9107 0.1333 1.1047
vt 0.9105 0.1331 1.5014
vt 0.9106 0.1331 1.5014
vt 0.9107 0.1331 1.5014
vt 0.9108 0.1331 1.5014
vt 0.9109 0.1331 1.5014
vt 0.9109 0.1332 1.5014
vt 0.9109 0.1333 1.5014
vt 0.9109 0.1334 1.5014
vt 0.9108 0.1334 1.5014
vt 0.9108 0.1335 1.5014
vt 0.9107 0.1335 1.5014
vt 0.9106 0.1335 1.5014
vt 0.9106 0.1334 1.5014
vt 0.9105 0.1331 0.8912
vt 0.9106 0.1331 0.8912
vt 0.9107 0.1330 0.8912
vt 0.9107 0.1331 0.8912
vt 0.9108 0.1331 0.8912
vt 0.9109 0.1331 0.8912
vt 0.9109 0.1332 0.8912
vt 0.9109 0.1333 0.8912
vt 0.9109 0.1334 0.8912
vt 0.9108 0.1334 0.8912
vt 0.9108 0.1335 0.8912
vt 0.9107 0.1335 0.8912
vt 0.9106 0.1335 0.8912
vt 0.9106 0.1334 0.8912
vt 0.3486 0.5660 0.0000
vt 0.3592 0.7551 0.0000
vt 0.3483 0.7543 0.0000
vt 0.3595 0.5638 0.0000
vt 0.3500 0.5359 0.0000
vt 0.3607 0.5557 0.0000
vt 0.3498 0.5546 0.0000
vt 0.3608 0.5336 0.0000
vt 0.3608 0.5126 0.0000
vt 0.3500 0.5290 0.0000
vt 0.3499 0.5157 0.0000
vt 0.3608 0.5370 0.0000
vt 0.1144 0.4311 0.0000
vt 0.1143 0.4092 0.0000
vt 0.1111 0.4200 0.0000
vt 0.1156 0.4551 0.0000
vt 0.1178 0.4796 0.0000
vt 0.1090 0.4715 0.0000
vt 0.0255 0.3766 0.0000
vt 0.0228 0.3873 0.0000
vt 0.0387 0.3841 0.0000
vt 0.0376 0.3957 0.0000
vt 0.0516 0.4001 0.0000
vt 0.0859 0.4008 0.0000
vt 0.1181 0.3873 0.0000
vt 0.0683 0.4022 0.0000
vt 0.1029 0.3957 0.0000
vt 0.1028 0.3837 0.0000
vt 0.0863 0.3885 0.0000
vt 0.0684 0.3897 0.0000
vt 0.0522 0.3875 0.0000
vt 0.1384 0.4957 0.0000
vt 0.1384 0.4893 0.0000
vt 0.1285 0.4957 0.0000
vt 0.1285 0.4893 0.0000
vt 0.0724 0.4528 0.0000
vt 0.0724 0.4657 0.0000
vt 0.0597 0.4528 0.0000
vt 0.0597 0.4657 0.0000
vt 0.0831 0.4745 0.0000
vt 0.0774 0.4688 0.0000
vt 0.0936 0.4767 0.0000
vt 0.1285 0.4278 0.0000
vt 0.1285 0.4549 0.0000
vt 0.1384 0.4278 0.0000
vt 0.1384 0.4549 0.0000
vt 0.1285 0.4150 0.0000
vt 0.1384 0.4150 0.0000
vt 0.1285 0.4090 0.0000
vt 0.1384 0.4090 0.0000
vt 0.1060 0.4126 0.0000
vt 0.0412 0.4268 0.0000
vt 0.0344 0.4268 0.0000
vt 0.0378 0.4296 0.0000
vt 0.0376 0.4387 0.0000
vt 0.0296 0.4905 0.0000
vt 0.0366 0.4945 0.0000
vt 0.0296 0.4387 0.0000
vt 0.0240 0.4426 0.0000
vt 0.0291 0.4894 0.0000
vt 0.0240 0.4944 0.0000
vt 0.0291 0.4376 0.0000
vt 0.0363 0.4376 0.0000
vt 0.0432 0.4854 0.0000
vt 0.0361 0.4934 0.0000
vt 0.0432 0.4376 0.0000
vt 0.0503 0.4854 0.0000
vt 0.0503 0.4376 0.0000
vt 0.0351 0.4994 0.0000
vt 0.0462 0.4944 0.0000
vt 0.0493 0.5004 0.0000
vt 0.0498 0.4875 0.0000
vt 0.0457 0.4865 0.0000
vt 0.0477 0.4955 0.0000
vt 0.0493 0.4884 0.0000
vt 0.0564 0.4874 0.0000
vt 0.1159 0.3766 0.0000
vt 0.0344 0.4296 0.0000
vt 0.0344 0.4325 0.0000
vt 0.0413 0.4325 0.0000
vt 0.0413 0.4297 0.0000
vt 0.1569 0.3954 0.0000
vt 0.1489 0.4029 0.0000
vt 0.1566 0.4077 0.0000
vt 0.1489 0.3957 0.0000
vt 0.1413 0.4077 0.0000
vt 0.1489 0.4120 0.0000
vt 0.1409 0.3951 0.0000
vt 0.1376 0.3951 0.0000
vt 0.1489 0.3878 0.0000
vt 0.1576 0.3871 0.0000
vt 0.1489 0.3825 0.0000
vt 0.1602 0.3951 0.0000
vt 0.1403 0.3871 0.0000
vt 0.1384 0.4699 0.0000
vt 0.1285 0.4699 0.0000
vt 0.1384 0.4790 0.0000
vt 0.1285 0.4790 0.0000
vt 0.1476 0.3400 0.0000
vt 0.1476 0.3518 0.0000
vt 0.1642 0.3400 0.0000
vt 0.1642 0.3632 0.0000
vt 0.1642 0.3518 0.0000
vt 0.1476 0.3632 0.0000
vt 0.1642 0.3709 0.0000
vt 0.1642 0.3634 0.0000
vt 0.1476 0.3709 0.0000
vt 0.1476 0.3634 0.0000
vt 0.1642 0.3481 0.0000
vt 0.1642 0.3633 0.0000
vt 0.1476 0.3481 0.0000
vt 0.1476 0.3633 0.0000
vt 0.1642 0.3379 0.0000
vt 0.1476 0.3379 0.0000
vt 0.1642 0.3256 0.0000
vt 0.1476 0.3256 0.0000
vt 0.1642 0.3128 0.0000
vt 0.1476 0.3128 0.0000
vt 0.1642 0.3004 0.0000
vt 0.1476 0.3004 0.0000
vt 0.1642 0.2848 0.0000
vt 0.1476 0.2848 0.0000
vt 0.0369 0.3273 0.0000
vt 0.0369 0.3428 0.0000
vt 0.0142 0.3274 0.0000
vt 0.0139 0.3543 0.0000
vt 0.0139 0.3429 0.0000
vt 0.0370 0.3542 0.0000
vt 0.0140 0.3648 0.0000
vt 0.0370 0.3647 0.0000
vt 0.0694 0.3680 0.0000
vt 0.0506 0.3645 0.0000
vt 0.0904 0.3654 0.0000
vt 0.1128 0.3546 0.0000
vt 0.1128 0.3664 0.0000
vt 0.1353 0.3546 0.0000
vt 0.1353 0.3664 0.0000
vt 0.1128 0.3438 0.0000
vt 0.1353 0.3438 0.0000
vt 0.1128 0.3258 0.0000
vt 0.1353 0.3258 0.0000
vt 0.1128 0.3098 0.0000
vt 0.1353 0.3098 0.0000
vt 0.0426 0.2966 0.0000
vt 0.0874 0.3105 0.0000
vt 0.0575 0.3088 0.0000
vt 0.0575 0.2818 0.0000
vt 0.0884 0.2809 0.0000
vt 0.0575 0.1017 0.0000
vt 0.0884 0.1009 0.0000
vt 0.0795 0.0834 0.0000
vt 0.0406 0.0639 0.0000
vt 0.1080 0.2966 0.0000
vt 0.1027 0.3425 0.0000
vt 0.0874 0.3549 0.0000
vt 0.0874 0.3253 0.0000
vt 0.1642 0.2961 0.0000
vt 0.1642 0.2847 0.0000
vt 0.1476 0.2961 0.0000
vt 0.1476 0.2847 0.0000
vt 0.1642 0.3105 0.0000
vt 0.1476 0.3105 0.0000
vt 0.1642 0.3259 0.0000
vt 0.1476 0.3259 0.0000
vt 0.1642 0.2775 0.0000
vt 0.1476 0.2775 0.0000
vt 0.0565 0.3541 0.0000
vt 0.0575 0.3271 0.0000
vt 0.0434 0.3426 0.0000
vt 0.1034 0.4878 0.0000
vt 0.1250 0.4594 0.0000
vt 0.1246 0.4295 0.0000
vt 0.1190 0.4153 0.0000
vt 0.0699 0.4799 0.0000
vt 0.0850 0.4873 0.0000
vt 0.1128 0.2968 0.0000
vt 0.1353 0.2968 0.0000
vt 0.0467 0.4387 0.0000
vt 0.0140 0.1024 0.0000
vt 0.0139 0.0646 0.0000
vt 0.0369 0.1023 0.0000
vt 0.0367 0.0645 0.0000
vt 0.0140 0.2819 0.0000
vt 0.0371 0.2818 0.0000
vt 0.0141 0.2967 0.0000
vt 0.0368 0.2969 0.0000
vt 0.0141 0.3091 0.0000
vt 0.0368 0.3091 0.0000
vt 0.1128 0.2820 0.0000
vt 0.1353 0.2820 0.0000
vt 0.1128 0.0999 0.0000
vt 0.1353 0.0999 0.0000
vt 0.1128 0.0832 0.0000
vt 0.1353 0.0832 0.0000
vt 0.1128 0.0596 0.0000
vt 0.1353 0.0596 0.0000
vt 0.8628 0.8368 0.0000
vt 0.8562 0.8176 0.0000
vt 0.8601 0.8151 0.0000
vt 0.5814 0.8997 0.0000
vt 0.5772 0.9136 0.0000
vt 0.5870 0.9185 0.0000
vt 0.5916 0.9017 0.0000
vt 0.6126 0.9185 0.0000
vt 0.6233 0.9210 0.0000
vt 0.6205 0.9030 0.0000
vt 0.6165 0.9301 0.0000
vt 0.5680 0.8935 0.0000
vt 0.5559 0.8872 0.0000
vt 0.5559 0.9048 0.0000
vt 0.5727 0.8771 0.0000
vt 0.5786 0.8848 0.0000
vt 0.6309 0.9025 0.0000
vt 0.6261 0.8852 0.0000
vt 0.6367 0.8845 0.0000
vt 0.6523 0.9048 0.0000
vt 0.6523 0.8872 0.0000
vt 0.5921 0.8899 0.0000
vt 0.6030 0.8816 0.0000
vt 0.5970 0.8735 0.0000
vt 0.6017 0.8964 0.0000
vt 0.5987 0.9172 0.0000
vt 0.6462 0.8684 0.0000
vt 0.6125 0.8684 0.0000
vt 0.6135 0.8839 0.0000
vt 0.5887 0.9812 0.0000
vt 0.6003 0.9756 0.0000
vt 0.5974 0.9634 0.0000
vt 0.5822 0.9593 0.0000
vt 0.5754 0.9845 0.0000
vt 0.6146 0.9751 0.0000
vt 0.6246 0.9899 0.0000
vt 0.6251 0.9782 0.0000
vt 0.6127 0.9893 0.0000
vt 0.9903 0.9951 0.0000
vt 0.9904 0.9547 0.0000
vt 0.9626 0.9951 0.0000
vt 0.8404 0.9557 0.0000
vt 0.8632 0.9951 0.0000
vt 0.8656 0.9655 0.0000
vt 0.8443 0.9951 0.0000
vt 0.8836 0.9951 0.0000
vt 0.8865 0.9701 0.0000
vt 0.8991 0.9709 0.0000
vt 0.9113 0.9951 0.0000
vt 0.9126 0.9711 0.0000
vt 0.8963 0.9951 0.0000
vt 0.8688 0.9146 0.0000
vt 0.8717 0.9273 0.0000
vt 0.8824 0.9342 0.0000
vt 0.8849 0.9071 0.0000
vt 0.8737 0.9074 0.0000
vt 0.8046 0.8081 0.0000
vt 0.8213 0.8040 0.0000
vt 0.8147 0.8149 0.0000
vt 0.8111 0.8012 0.0000
vt 0.8200 0.8158 0.0000
vt 0.8558 0.8100 0.0000
vt 0.8502 0.8650 0.0000
vt 0.8642 0.8450 0.0000
vt 0.8680 0.8563 0.0000
vt 0.8079 0.8441 0.0000
vt 0.7914 0.8465 0.0000
vt 0.7940 0.8358 0.0000
vt 0.8045 0.8548 0.0000
vt 0.8481 0.8514 0.0000
vt 0.8446 0.8410 0.0000
vt 0.8110 0.8382 0.0000
vt 0.7957 0.8315 0.0000
vt 0.7901 0.8519 0.0000
vt 0.8011 0.8585 0.0000
vt 0.8665 0.8424 0.0000
vt 0.8701 0.8524 0.0000
vt 0.8661 0.8356 0.0000
vt 0.8283 0.8399 0.0000
vt 0.8238 0.8457 0.0000
vt 0.8249 0.8379 0.0000
vt 0.8270 0.8469 0.0000
vt 0.8310 0.8407 0.0000
vt 0.5850 0.8878 0.0000
vt 0.6105 0.9037 0.0000
vt 0.5921 0.8637 0.0000
vt 0.5625 0.8607 0.0000
vt 0.8316 0.8076 0.0000
vt 0.8399 0.8044 0.0000
vt 0.8379 0.8097 0.0000
vt 0.8235 0.7994 0.0000
vt 0.8473 0.8120 0.0000
vt 0.8524 0.8041 0.0000
vt 0.8601 0.8044 0.0000
vt 0.8377 0.8213 0.0000
vt 0.8237 0.8134 0.0000
vt 0.8372 0.8417 0.0000
vt 0.8641 0.8135 0.0000
vt 0.8460 0.8615 0.0000
vt 0.8448 0.8469 0.0000
vt 0.9155 0.9509 0.0000
vt 0.9000 0.9523 0.0000
vt 0.9633 0.9665 0.0000
vt 0.9349 0.9439 0.0000
vt 0.9327 0.9684 0.0000
vt 0.9657 0.9259 0.0000
vt 0.9911 0.9056 0.0000
vt 0.5559 0.9868 0.0000
vt 0.5665 0.9924 0.0000
vt 0.5660 0.9826 0.0000
vt 0.5758 0.9944 0.0000
vt 0.5878 0.9995 0.0000
vt 0.5984 0.9837 0.0000
vt 0.5996 0.9985 0.0000
vt 0.5674 0.9610 0.0000
vt 0.5559 0.9687 0.0000
vt 0.8303 0.8469 0.0000
vt 0.8323 0.8407 0.0000
vt 0.8316 0.8469 0.0000
vt 0.8076 0.8927 0.0000
vt 0.8224 0.8947 0.0000
vt 0.8013 0.8815 0.0000
vt 0.8815 0.7962 0.0000
vt 0.8947 0.7811 0.0000
vt 0.8904 0.7986 0.0000
vt 0.8899 0.7713 0.0000
vt 0.9062 0.7991 0.0000
vt 0.9046 0.8112 0.0000
vt 0.8973 0.8140 0.0000
vt 0.8075 0.8569 0.0000
vt 0.8136 0.8459 0.0000
vt 0.8107 0.8576 0.0000
vt 0.8343 0.8463 0.0000
vt 0.8349 0.8415 0.0000
vt 0.8378 0.8502 0.0000
vt 0.8664 0.9433 0.0000
vt 0.8834 0.9499 0.0000
vt 0.8430 0.9276 0.0000
vt 0.8208 0.9082 0.0000
vt 0.8185 0.9567 0.0000
vt 0.5853 0.9302 0.0000
vt 0.5749 0.9381 0.0000
vt 0.5848 0.9430 0.0000
vt 0.5761 0.9232 0.0000
vt 0.6197 0.9412 0.0000
vt 0.6221 0.9606 0.0000
vt 0.6263 0.9411 0.0000
vt 0.6111 0.9643 0.0000
vt 0.5678 0.9220 0.0000
vt 0.5559 0.9238 0.0000
vt 0.5699 0.9076 0.0000
vt 0.6523 0.9868 0.0000
vt 0.6523 0.9687 0.0000
vt 0.6340 0.9830 0.0000
vt 0.6340 0.9650 0.0000
vt 0.8205 0.8415 0.0000
vt 0.8218 0.8353 0.0000
vt 0.8312 0.8310 0.0000
vt 0.8257 0.8281 0.0000
vt 0.8342 0.8361 0.0000
vt 0.8345 0.8585 0.0000
vt 0.8379 0.8638 0.0000
vt 0.8426 0.8506 0.0000
vt 0.8421 0.8643 0.0000
vt 0.8988 0.9238 0.0000
vt 0.8947 0.9149 0.0000
vt 0.8955 0.9343 0.0000
vt 0.5646 0.9393 0.0000
vt 0.5559 0.9493 0.0000
vt 0.6360 0.9163 0.0000
vt 0.6392 0.9474 0.0000
vt 0.6523 0.9238 0.0000
vt 0.5999 0.9314 0.0000
vt 0.6004 0.9425 0.0000
vt 0.6523 0.9493 0.0000
vt 0.8166 0.8390 0.0000
vt 0.8077 0.8608 0.0000
vt 0.8107 0.8615 0.0000
vt 0.8627 0.9058 0.0000
vt 0.8564 0.9197 0.0000
vt 0.8715 0.9321 0.0000
vt 0.8832 0.9391 0.0000
vt 0.9031 0.9432 0.0000
vt 0.9164 0.9414 0.0000
vt 0.9487 0.9219 0.0000
vt 0.8189 0.8340 0.0000
vt 0.9318 0.9367 0.0000
vt 0.6336 0.8656 0.0000
vt 0.6143 0.8562 0.0000
vt 0.5970 0.8490 0.0000
vt 0.9326 0.9951 0.0000
vt 0.8201 0.9951 0.0000
vt 0.8192 0.8469 0.0000
vt 0.8218 0.8477 0.0000
vt 0.7197 0.7328 0.0000
vt 0.7096 0.7328 0.0000
vt 0.7103 0.7234 0.0000
vt 0.6933 0.7425 0.0000
vt 0.7099 0.7422 0.0000
vt 0.7073 0.7481 0.0000
vt 0.7210 0.7442 0.0000
vt 0.7210 0.7214 0.0000
vt 0.7073 0.7175 0.0000
vt 0.7003 0.7328 0.0000
vt 0.6933 0.7231 0.0000
vt 0.9625 0.9041 0.0000
vt 0.6441 0.7756 0.0000
vt 0.6438 0.7611 0.0000
vt 0.6570 0.7755 0.0000
vt 0.6512 0.7834 0.0000
vt 0.6753 0.7733 0.0000
vt 0.6736 0.7660 0.0000
vt 0.6913 0.7651 0.0000
vt 0.6638 0.7838 0.0000
vt 0.7739 0.7971 0.0000
vt 0.7767 0.8168 0.0000
vt 0.7657 0.7919 0.0000
vt 0.7755 0.9550 0.0000
vt 0.7630 0.9524 0.0000
vt 0.7847 0.9413 0.0000
vt 0.7504 0.9357 0.0000
vt 0.7390 0.9539 0.0000
vt 0.7228 0.9542 0.0000
vt 0.7225 0.9706 0.0000
vt 0.7199 0.9352 0.0000
vt 0.7089 0.9504 0.0000
vt 0.7091 0.9308 0.0000
vt 0.7273 0.9186 0.0000
vt 0.6818 0.9363 0.0000
vt 0.6802 0.9230 0.0000
vt 0.6917 0.9333 0.0000
vt 0.6958 0.9505 0.0000
vt 0.7665 0.9371 0.0000
vt 0.7741 0.9203 0.0000
vt 0.8777 0.8187 0.0000
vt 0.8893 0.8316 0.0000
vt 0.8743 0.8356 0.0000
vt 0.9255 0.8185 0.0000
vt 0.9269 0.8312 0.0000
vt 0.9179 0.8369 0.0000
vt 0.9426 0.8469 0.0000
vt 0.9296 0.8516 0.0000
vt 0.9211 0.8022 0.0000
vt 0.9108 0.8124 0.0000
vt 0.9307 0.7995 0.0000
vt 0.9369 0.8236 0.0000
vt 0.8445 0.8729 0.0000
vt 0.8434 0.8925 0.0000
vt 0.8219 0.8687 0.0000
vt 0.8983 0.8231 0.0000
vt 0.9045 0.8231 0.0000
vt 0.9089 0.8225 0.0000
vt 0.8687 0.8751 0.0000
vt 0.8669 0.8883 0.0000
vt 0.8763 0.8809 0.0000
vt 0.9139 0.7813 0.0000
vt 0.9095 0.7639 0.0000
vt 0.9230 0.7742 0.0000
vt 0.8049 0.8710 0.0000
vt 0.5935 0.7609 0.0000
vt 0.6126 0.7556 0.0000
vt 0.6013 0.7734 0.0000
vt 0.6179 0.7677 0.0000
vt 0.6028 0.7449 0.0000
vt 0.6252 0.7506 0.0000
vt 0.5848 0.7458 0.0000
vt 0.5824 0.7752 0.0000
vt 0.5752 0.7647 0.0000
vt 0.5690 0.7777 0.0000
vt 0.5666 0.7662 0.0000
vt 0.5747 0.7518 0.0000
vt 0.9452 0.8557 0.0000
vt 0.8750 0.8459 0.0000
vt 0.8852 0.8498 0.0000
vt 0.8947 0.8292 0.0000
vt 0.8946 0.8416 0.0000
vt 0.9163 0.8464 0.0000
vt 0.9316 0.8584 0.0000
vt 0.9138 0.8537 0.0000
vt 0.8928 0.8520 0.0000
vt 0.7148 0.7818 0.0000
vt 0.7187 0.7721 0.0000
vt 0.7277 0.7862 0.0000
vt 0.7246 0.8161 0.0000
vt 0.6083 0.7922 0.0000
vt 0.6326 0.7814 0.0000
vt 0.6336 0.7619 0.0000
vt 0.5902 0.7939 0.0000
vt 0.7307 0.8840 0.0000
vt 0.7298 0.8655 0.0000
vt 0.7401 0.8818 0.0000
vt 0.6873 0.8491 0.0000
vt 0.6811 0.8763 0.0000
vt 0.6725 0.8563 0.0000
vt 0.6885 0.9230 0.0000
vt 0.6796 0.9125 0.0000
vt 0.7343 0.9362 0.0000
vt 0.7023 0.9689 0.0000
vt 0.6943 0.9566 0.0000
vt 0.6742 0.9550 0.0000
vt 0.6784 0.9708 0.0000
vt 0.7963 0.9550 0.0000
vt 0.7852 0.9708 0.0000
vt 0.7703 0.9698 0.0000
vt 0.8059 0.9387 0.0000
vt 0.7426 0.8223 0.0000
vt 0.7262 0.8443 0.0000
vt 0.7045 0.8175 0.0000
vt 0.7070 0.8467 0.0000
vt 0.6786 0.8208 0.0000
vt 0.6814 0.7823 0.0000
vt 0.6623 0.8293 0.0000
vt 0.7706 0.7225 0.0000
vt 0.8078 0.7357 0.0000
vt 0.7719 0.7357 0.0000
vt 0.7452 0.6478 0.0000
vt 0.7511 0.6777 0.0000
vt 0.7307 0.6672 0.0000
vt 0.7807 0.6571 0.0000
vt 0.7745 0.6419 0.0000
vt 0.7901 0.6555 0.0000
vt 0.7852 0.6823 0.0000
vt 0.7797 0.6792 0.0000
vt 0.8709 0.6118 0.0000
vt 0.8704 0.6192 0.0000
vt 0.8784 0.6178 0.0000
vt 0.9589 0.6428 0.0000
vt 0.9376 0.6402 0.0000
vt 0.9410 0.6311 0.0000
vt 0.7345 0.7036 0.0000
vt 0.7011 0.7103 0.0000
vt 0.7215 0.6987 0.0000
vt 0.7217 0.6618 0.0000
vt 0.7305 0.6784 0.0000
vt 0.8328 0.7151 0.0000
vt 0.8317 0.7212 0.0000
vt 0.8508 0.7208 0.0000
vt 0.7471 0.7117 0.0000
vt 0.7125 0.7151 0.0000
vt 0.9624 0.7104 0.0000
vt 0.9562 0.7009 0.0000
vt 0.9805 0.6993 0.0000
vt 0.7396 0.6918 0.0000
vt 0.7493 0.7013 0.0000
vt 0.9290 0.6211 0.0000
vt 0.9636 0.6263 0.0000
vt 0.7506 0.7319 0.0000
vt 0.7481 0.7212 0.0000
vt 0.8091 0.7225 0.0000
vt 0.7658 0.7088 0.0000
vt 0.8695 0.7184 0.0000
vt 0.8977 0.7184 0.0000
vt 0.8979 0.7280 0.0000
vt 0.9975 0.6601 0.0000
vt 0.9772 0.6841 0.0000
vt 0.9993 0.6772 0.0000
vt 0.9677 0.6535 0.0000
vt 0.8639 0.6840 0.0000
vt 0.8418 0.6928 0.0000
vt 0.8496 0.6774 0.0000
vt 0.8584 0.6618 0.0000
vt 0.7641 0.6900 0.0000
vt 0.9408 0.6883 0.0000
vt 0.9573 0.6877 0.0000
vt 0.9349 0.7085 0.0000
vt 0.9355 0.7003 0.0000
vt 0.9197 0.6872 0.0000
vt 0.9596 0.6532 0.0000
vt 0.9600 0.6597 0.0000
vt 0.9442 0.6611 0.0000
vt 0.9442 0.6551 0.0000
vt 0.9194 0.6571 0.0000
vt 0.7949 0.6823 0.0000
vt 0.7469 0.7151 0.0000
vt 0.8517 0.7281 0.0000
vt 0.8693 0.7280 0.0000
vt 0.8139 0.7088 0.0000
vt 0.7104 0.9234 0.0000
vt 0.7275 0.9040 0.0000
vt 0.6719 0.9127 0.0000
vt 0.7184 0.8749 0.0000
vt 0.7097 0.8841 0.0000
vt 0.7272 0.8878 0.0000
vt 0.7901 0.6906 0.0000
vt 0.7765 0.6996 0.0000
vt 0.7778 0.6920 0.0000
vt 0.8034 0.7031 0.0000
vt 0.8510 0.7383 0.0000
vt 0.8303 0.7460 0.0000
vt 0.8291 0.7319 0.0000
vt 0.7718 0.7497 0.0000
vt 0.7495 0.7460 0.0000
vt 0.8682 0.7374 0.0000
vt 0.8079 0.7497 0.0000
vt 0.8596 0.6205 0.0000
vt 0.8610 0.6126 0.0000
vt 0.8794 0.6128 0.0000
vt 0.9211 0.8609 0.0000
vt 0.9943 0.8608 0.0000
vt 0.9211 0.8788 0.0000
vt 0.7660 0.7046 0.0000
vt 0.9474 0.7166 0.0000
vt 0.9337 0.7142 0.0000
vt 0.9943 0.8803 0.0000
vt 0.9796 0.8803 0.0000
vt 0.9943 0.8983 0.0000
vt 0.9796 0.8983 0.0000
vt 0.9211 0.8804 0.0000
vt 0.9211 0.8983 0.0000
vt 0.6995 0.9141 0.0000
vt 0.6870 0.9113 0.0000
vt 0.7070 0.9044 0.0000
vt 0.6680 0.9386 0.0000
vt 0.6687 0.9233 0.0000
vt 0.7416 0.9168 0.0000
vt 0.7427 0.9071 0.0000
vt 0.8172 0.7593 0.0000
vt 0.8012 0.7665 0.0000
vt 0.8467 0.6400 0.0000
vt 0.8494 0.6672 0.0000
vt 0.8349 0.6478 0.0000
vt 0.7994 0.6571 0.0000
vt 0.8056 0.6419 0.0000
vt 0.8342 0.6870 0.0000
vt 0.8308 0.7013 0.0000
vt 0.8160 0.6900 0.0000
vt 0.7273 0.8584 0.0000
vt 0.7080 0.8701 0.0000
vt 0.7506 0.6347 0.0000
vt 0.7697 0.6197 0.0000
vt 0.7389 0.6129 0.0000
vt 0.7793 0.6060 0.0000
vt 0.9045 0.7085 0.0000
vt 0.9056 0.7142 0.0000
vt 0.9039 0.7003 0.0000
vt 0.8832 0.7009 0.0000
vt 0.8956 0.6611 0.0000
vt 0.9194 0.6630 0.0000
vt 0.8985 0.6883 0.0000
vt 0.7334 0.6400 0.0000
vt 0.7159 0.6841 0.0000
vt 0.7459 0.6870 0.0000
vt 0.9018 0.6402 0.0000
vt 0.8956 0.6551 0.0000
vt 0.9943 0.8788 0.0000
vt 0.7824 0.8166 0.0000
vt 0.7970 0.7935 0.0000
vt 0.7973 0.8166 0.0000
vt 0.7666 0.7830 0.0000
vt 0.7748 0.7867 0.0000
vt 0.8016 0.7789 0.0000
vt 0.7567 0.7700 0.0000
vt 0.7574 0.7890 0.0000
vt 0.7481 0.7748 0.0000
vt 0.7451 0.7567 0.0000
vt 0.7477 0.7401 0.0000
vt 0.7284 0.7542 0.0000
vt 0.8023 0.6920 0.0000
vt 0.8594 0.6993 0.0000
vt 0.8456 0.7036 0.0000
vt 0.8984 0.6311 0.0000
vt 0.8820 0.6877 0.0000
vt 0.9794 0.6491 0.0000
vt 0.8296 0.6347 0.0000
vt 0.8413 0.6129 0.0000
vt 0.8811 0.6597 0.0000
vt 0.8797 0.6533 0.0000
vt 0.8805 0.6428 0.0000
vt 0.8290 0.6777 0.0000
vt 0.8141 0.7053 0.0000
vt 0.8036 0.6996 0.0000
vt 0.7763 0.7031 0.0000
vt 0.7898 0.6988 0.0000
vt 0.7901 0.6953 0.0000
vt 0.7596 0.8018 0.0000
vt 0.7425 0.8016 0.0000
vt 0.7385 0.7823 0.0000
vt 0.6856 0.7730 0.0000
vt 0.7151 0.7617 0.0000
vt 0.7301 0.7655 0.0000
vt 0.8805 0.7104 0.0000
vt 0.8758 0.6263 0.0000
vt 0.9104 0.6212 0.0000
vt 0.8330 0.7117 0.0000
vt 0.8919 0.7166 0.0000
vt 0.8004 0.6792 0.0000
vt 0.7178 0.9961 0.0000
vt 0.7191 0.9868 0.0000
vt 0.7389 0.9963 0.0000
vt 0.7517 0.9885 0.0000
vt 0.7459 0.9974 0.0000
vt 0.8105 0.6197 0.0000
vt 0.8008 0.6060 0.0000
vt 0.7608 0.9686 0.0000
vt 0.8989 0.7374 0.0000
vt 0.8868 0.6128 0.0000
vt 0.8878 0.6178 0.0000
vt 0.8676 0.7151 0.0000
vt 0.7554 0.8963 0.0000
vt 0.7595 0.9072 0.0000
vt 0.7371 0.9713 0.0000
vt 0.7488 0.8555 0.0000
vt 0.7298 0.8566 0.0000
vt 0.7524 0.8700 0.0000
vt 0.7041 0.9825 0.0000
vt 0.6881 0.9854 0.0000
vt 0.6750 0.9886 0.0000
vt 0.7874 0.9887 0.0000
vt 0.7695 0.9806 0.0000
vt 0.7603 0.9797 0.0000
vt 0.6853 0.9923 0.0000
vt 0.7716 0.9937 0.0000
vt 0.7909 0.9258 0.0000
vt 0.8143 0.9233 0.0000
vt 0.7592 0.9203 0.0000
vt 0.7880 0.9078 0.0000
vt 0.7761 0.9076 0.0000
vt 0.7872 0.8985 0.0000
vt 0.8060 0.9129 0.0000
vt 0.6686 0.7980 0.0000
vt 0.6546 0.8542 0.0000
vt 0.7611 0.8163 0.0000
vt 0.7081 0.8648 0.0000
vt 0.6962 0.8667 0.0000
vt 0.6669 0.7918 0.0000
vt 0.6554 0.8136 0.0000
vt 0.6473 0.8202 0.0000
vt 0.8105 0.9018 0.0000
vt 0.6949 0.9016 0.0000
vt 0.6877 0.9041 0.0000
vt 0.6837 0.8876 0.0000
vt 0.7742 0.8627 0.0000
vt 0.7690 0.8461 0.0000
vt 0.7816 0.8414 0.0000
vt 0.7921 0.8641 0.0000
vt 0.6615 0.8821 0.0000
vt 0.5116 0.7647 0.0000
vt 0.4959 0.7589 0.0000
vt 0.5043 0.7476 0.0000
vt 0.5282 0.7704 0.0000
vt 0.5169 0.7526 0.0000
vt 0.5360 0.7579 0.0000
vt 0.5267 0.7419 0.0000
vt 0.5447 0.7428 0.0000
vt 0.5471 0.7722 0.0000
vt 0.5543 0.7617 0.0000
vt 0.5605 0.7747 0.0000
vt 0.5628 0.7632 0.0000
vt 0.5548 0.7488 0.0000
vt 0.5212 0.7892 0.0000
vt 0.4969 0.7784 0.0000
vt 0.5393 0.7909 0.0000
vt 0.7781 0.7789 0.0000
vt 0.7785 0.7665 0.0000
vt 0.7827 0.7935 0.0000
vt 0.7624 0.7593 0.0000
vt 0.8521 0.6087 0.0000
vt 0.8472 0.6150 0.0000
vt 0.5241 0.1654 0.0000
vt 0.5146 0.1925 0.0000
vt 0.5256 0.1939 0.0000
vt 0.5162 0.1638 0.0000
vt 0.5344 0.1660 0.0000
vt 0.5342 0.1948 0.0000
vt 0.5221 0.1345 0.0000
vt 0.5143 0.1316 0.0000
vt 0.5358 0.1350 0.0000
vt 0.5158 0.1066 0.0000
vt 0.5094 0.1052 0.0000
vt 0.5267 0.1107 0.0000
vt 0.5225 0.1067 0.0000
vt 0.5358 0.1107 0.0000
vt 0.5359 0.2243 0.0000
vt 0.5334 0.2230 0.0000
vt 0.5415 0.2234 0.0000
vt 0.5472 0.1942 0.0000
vt 0.5491 0.2241 0.0000
vt 0.5458 0.2231 0.0000
vt 0.5532 0.2226 0.0000
vt 0.5570 0.1925 0.0000
vt 0.5568 0.2185 0.0000
vt 0.5461 0.1654 0.0000
vt 0.5561 0.1638 0.0000
vt 0.5495 0.1345 0.0000
vt 0.5576 0.1313 0.0000
vt 0.5558 0.1066 0.0000
vt 0.5622 0.1052 0.0000
vt 0.5449 0.1107 0.0000
vt 0.5491 0.1067 0.0000
vt 0.5152 0.2199 0.0000
vt 0.5229 0.2231 0.0000
vt 0.5829 0.3555 0.0000
vt 0.5638 0.3555 0.0000
vt 0.5827 0.3202 0.0000
vt 0.6224 0.4000 0.0000
vt 0.6176 0.4000 0.0000
vt 0.6210 0.3554 0.0000
vt 0.6166 0.3555 0.0000
vt 0.6017 0.4000 0.0000
vt 0.5945 0.3555 0.0000
vt 0.5873 0.4001 0.0000
vt 0.5723 0.4001 0.0000
vt 0.5638 0.4001 0.0000
vt 0.6240 0.4494 0.0000
vt 0.6191 0.4493 0.0000
vt 0.6059 0.4493 0.0000
vt 0.5914 0.4494 0.0000
vt 0.5759 0.4494 0.0000
vt 0.5639 0.4495 0.0000
vt 0.6247 0.4994 0.0000
vt 0.6199 0.4992 0.0000
vt 0.6016 0.3994 0.0000
vt 0.6058 0.4490 0.0000
vt 0.5913 0.4490 0.0000
vt 0.5873 0.3995 0.0000
vt 0.5758 0.4490 0.0000
vt 0.5723 0.3994 0.0000
vt 0.5638 0.4490 0.0000
vt 0.5638 0.3994 0.0000
vt 0.6238 0.4491 0.0000
vt 0.6245 0.4994 0.0000
vt 0.6197 0.4991 0.0000
vt 0.6189 0.4490 0.0000
vt 0.6064 0.4992 0.0000
vt 0.5917 0.4992 0.0000
vt 0.5778 0.4992 0.0000
vt 0.5638 0.4992 0.0000
vt 0.6213 0.3167 0.0000
vt 0.6160 0.3201 0.0000
vt 0.6207 0.2885 0.0000
vt 0.6167 0.2888 0.0000
vt 0.5855 0.2913 0.0000
vt 0.5332 0.3552 0.0000
vt 0.5447 0.3552 0.0000
vt 0.5403 0.3998 0.0000
vt 0.5553 0.3998 0.0000
vt 0.5638 0.3553 0.0000
vt 0.5638 0.3998 0.0000
vt 0.5085 0.4490 0.0000
vt 0.5036 0.4491 0.0000
vt 0.5052 0.3997 0.0000
vt 0.5100 0.3997 0.0000
vt 0.5217 0.4491 0.0000
vt 0.5259 0.3998 0.0000
vt 0.5362 0.4491 0.0000
vt 0.5517 0.4491 0.0000
vt 0.5637 0.4492 0.0000
vt 0.5077 0.4989 0.0000
vt 0.5029 0.4991 0.0000
vt 0.5210 0.4989 0.0000
vt 0.5357 0.4990 0.0000
vt 0.5497 0.4990 0.0000
vt 0.5637 0.4990 0.0000
vt 0.6066 0.4992 0.0000
vt 0.5919 0.4992 0.0000
vt 0.5779 0.4993 0.0000
vt 0.5639 0.4993 0.0000
vt 0.5116 0.3199 0.0000
vt 0.5063 0.3164 0.0000
vt 0.5069 0.2882 0.0000
vt 0.5109 0.2885 0.0000
vt 0.5449 0.3199 0.0000
vt 0.5421 0.2910 0.0000
vt 0.5110 0.3552 0.0000
vt 0.5066 0.3551 0.0000
vt 0.5448 0.3192 0.0000
vt 0.5638 0.3546 0.0000
vt 0.5447 0.3547 0.0000
vt 0.5066 0.3547 0.0000
vt 0.5101 0.3995 0.0000
vt 0.5053 0.3995 0.0000
vt 0.5110 0.3547 0.0000
vt 0.5260 0.3994 0.0000
vt 0.5331 0.3547 0.0000
vt 0.5403 0.3995 0.0000
vt 0.5553 0.3994 0.0000
vt 0.5087 0.4490 0.0000
vt 0.5038 0.4491 0.0000
vt 0.5218 0.4490 0.0000
vt 0.5363 0.4490 0.0000
vt 0.5517 0.4490 0.0000
vt 0.5079 0.4991 0.0000
vt 0.5031 0.4994 0.0000
vt 0.5139 0.2561 0.0000
vt 0.5186 0.2576 0.0000
vt 0.5087 0.2661 0.0000
vt 0.5184 0.2532 0.0000
vt 0.5254 0.2573 0.0000
vt 0.5253 0.2521 0.0000
vt 0.5369 0.2647 0.0000
vt 0.5153 0.2702 0.0000
vt 0.5084 0.2748 0.0000
vt 0.5254 0.2699 0.0000
vt 0.5396 0.2752 0.0000
vt 0.5109 0.2876 0.0000
vt 0.5069 0.2874 0.0000
vt 0.5420 0.2901 0.0000
vt 0.5115 0.3192 0.0000
vt 0.5063 0.3157 0.0000
vt 0.6207 0.2874 0.0000
vt 0.6213 0.3157 0.0000
vt 0.6160 0.3192 0.0000
vt 0.6167 0.2876 0.0000
vt 0.5856 0.2901 0.0000
vt 0.5827 0.3192 0.0000
vt 0.6210 0.3547 0.0000
vt 0.6166 0.3547 0.0000
vt 0.5945 0.3547 0.0000
vt 0.5829 0.3547 0.0000
vt 0.6223 0.3995 0.0000
vt 0.6175 0.3995 0.0000
vt 0.5212 0.4992 0.0000
vt 0.5359 0.4992 0.0000
vt 0.5498 0.4992 0.0000
vt 0.6137 0.2548 0.0000
vt 0.6189 0.2661 0.0000
vt 0.6090 0.2576 0.0000
vt 0.6092 0.2517 0.0000
vt 0.6022 0.2573 0.0000
vt 0.6023 0.2504 0.0000
vt 0.5907 0.2647 0.0000
vt 0.6192 0.2748 0.0000
vt 0.6122 0.2702 0.0000
vt 0.6022 0.2699 0.0000
vt 0.5880 0.2752 0.0000
vt 0.7026 0.0125 0.0000
vt 0.7071 0.0062 0.0000
vt 0.7167 0.0220 0.0000
vt 0.7449 0.0346 0.0000
vt 0.7310 0.0347 0.0000
vt 0.7372 0.0206 0.0000
vt 0.7243 0.0348 0.0000
vt 0.7103 0.0349 0.0000
vt 0.7497 0.0123 0.0000
vt 0.7455 0.0066 0.0000
vt 0.7333 0.0155 0.0000
vt 0.7269 0.0045 0.0000
vt 0.7203 0.0156 0.0000
vt 0.7244 0.0763 0.0000
vt 0.7310 0.0762 0.0000
vt 0.7243 0.0414 0.0000
vt 0.7310 0.0414 0.0000
vt 0.7310 0.0476 0.0000
vt 0.7310 0.0520 0.0000
vt 0.7310 0.0582 0.0000
vt 0.7310 0.0633 0.0000
vt 0.7244 0.0633 0.0000
vt 0.7244 0.0582 0.0000
vt 0.7243 0.0520 0.0000
vt 0.7243 0.0476 0.0000
vt 0.7099 0.0477 0.0000
vt 0.7099 0.0415 0.0000
vt 0.7454 0.0474 0.0000
vt 0.7454 0.0413 0.0000
vt 0.7099 0.0583 0.0000
vt 0.7099 0.0522 0.0000
vt 0.7454 0.0580 0.0000
vt 0.7454 0.0519 0.0000
vt 0.7099 0.0764 0.0000
vt 0.7099 0.0635 0.0000
vt 0.7454 0.0761 0.0000
vt 0.7454 0.0632 0.0000
vt 0.7026 0.0841 0.0000
vt 0.7038 0.1009 0.0000
vt 0.6780 0.0841 0.0000
vt 0.6768 0.1009 0.0000
vt 0.6813 0.0056 0.0000
vt 0.6994 0.0056 0.0000
vt 0.6802 0.0293 0.0000
vt 0.7005 0.0293 0.0000
vt 0.6789 0.0612 0.0000
vt 0.7017 0.0612 0.0000
vt 0.6683 0.0841 0.0000
vt 0.6695 0.1009 0.0000
vt 0.6437 0.0841 0.0000
vt 0.6425 0.1009 0.0000
vt 0.6469 0.0056 0.0000
vt 0.6651 0.0056 0.0000
vt 0.6458 0.0293 0.0000
vt 0.6661 0.0293 0.0000
vt 0.6446 0.0612 0.0000
vt 0.6674 0.0612 0.0000
vt 0.4858 0.6279 0.0000
vt 0.4820 0.6271 0.0000
vt 0.4777 0.6609 0.0000
vt 0.4727 0.6382 0.0000
vt 0.4786 0.6135 0.0000
vt 0.4694 0.6531 0.0000
vt 0.4665 0.6494 0.0000
vt 0.4668 0.6902 0.0000
vt 0.4724 0.6678 0.0000
vt 0.4740 0.6879 0.0000
vt 0.4097 0.5768 0.0000
vt 0.3950 0.5962 0.0000
vt 0.3883 0.5893 0.0000
vt 0.4706 0.5447 0.0000
vt 0.4738 0.5419 0.0000
vt 0.4738 0.5640 0.0000
vt 0.4443 0.5738 0.0000
vt 0.4442 0.5624 0.0000
vt 0.4178 0.5637 0.0000
vt 0.4525 0.5458 0.0000
vt 0.4706 0.5612 0.0000
vt 0.4383 0.5935 0.0000
vt 0.4474 0.5950 0.0000
vt 0.4394 0.6048 0.0000
vt 0.4033 0.6036 0.0000
vt 0.4338 0.5459 0.0000
vt 0.4338 0.5601 0.0000
vt 0.4280 0.5640 0.0000
vt 0.4525 0.5602 0.0000
vt 0.4028 0.5611 0.0000
vt 0.4042 0.5425 0.0000
vt 0.4042 0.5636 0.0000
vt 0.4128 0.5451 0.0000
vt 0.4128 0.5604 0.0000
vt 0.4280 0.5419 0.0000
vt 0.4395 0.6048 0.0000
vt 0.3803 0.5635 0.0000
vt 0.4028 0.5449 0.0000
vt 0.4688 0.6677 0.0000
vt 0.4790 0.6622 0.0000
vt 0.3803 0.5426 0.0000
vt 0.4400 0.6048 0.0000
vt 0.3791 0.5614 0.0000
vt 0.3792 0.5530 0.0000
vt 0.3791 0.5447 0.0000
vt 0.4022 0.7478 0.0000
vt 0.4101 0.7478 0.0000
vt 0.4022 0.7352 0.0000
vt 0.3932 0.6046 0.0000
vt 0.3830 0.6363 0.0000
vt 0.3798 0.6291 0.0000
vt 0.3962 0.6122 0.0000
vt 0.3994 0.6127 0.0000
vt 0.3871 0.6620 0.0000
vt 0.3789 0.6505 0.0000
vt 0.4038 0.6297 0.0000
vt 0.4041 0.6299 0.0000
vt 0.3880 0.6633 0.0000
vt 0.3862 0.6606 0.0000
vt 0.4042 0.6300 0.0000
vt 0.4256 0.6105 0.0000
vt 0.4381 0.6188 0.0000
vt 0.4270 0.6282 0.0000
vt 0.4342 0.6321 0.0000
vt 0.4406 0.6311 0.0000
vt 0.4356 0.6079 0.0000
vt 0.4398 0.6095 0.0000
vt 0.4117 0.6546 0.0000
vt 0.4214 0.6546 0.0000
vt 0.4117 0.6287 0.0000
vt 0.4101 0.7352 0.0000
vt 0.4214 0.6287 0.0000
vt 0.4052 0.6500 0.0000
vt 0.4051 0.6321 0.0000
vt 0.4274 0.6417 0.0000
vt 0.3827 0.5150 0.0000
vt 0.3827 0.5282 0.0000
vt 0.3799 0.5314 0.0000
vt 0.3799 0.5119 0.0000
vt 0.3837 0.5356 0.0000
vt 0.3811 0.5413 0.0000
vt 0.4958 0.5266 0.0000
vt 0.4964 0.5336 0.0000
vt 0.4958 0.5166 0.0000
vt 0.4991 0.5119 0.0000
vt 0.4991 0.5313 0.0000
vt 0.3837 0.5076 0.0000
vt 0.4964 0.5097 0.0000
vt 0.3811 0.5019 0.0000
vt 0.3927 0.7273 0.0000
vt 0.3954 0.7433 0.0000
vt 0.3778 0.7433 0.0000
vt 0.3805 0.7273 0.0000
vt 0.4256 0.5766 0.0000
vt 0.4256 0.5725 0.0000
vt 0.4311 0.5724 0.0000
vt 0.4232 0.5779 0.0000
vt 0.4334 0.5782 0.0000
vt 0.4311 0.5766 0.0000
vt 0.4335 0.5710 0.0000
vt 0.4231 0.5710 0.0000
vt 0.4891 0.6988 0.0000
vt 0.4825 0.7499 0.0000
vt 0.4808 0.6910 0.0000
vt 0.5003 0.6989 0.0000
vt 0.5003 0.7499 0.0000
vt 0.4902 0.6141 0.0000
vt 0.4954 0.6137 0.0000
vt 0.4909 0.5480 0.0000
vt 0.5003 0.5685 0.0000
vt 0.4723 0.7418 0.0000
vt 0.4588 0.7430 0.0000
vt 0.4459 0.6974 0.0000
vt 0.4396 0.7499 0.0000
vt 0.4658 0.7105 0.0000
vt 0.4585 0.7252 0.0000
vt 0.5003 0.6137 0.0000
vt 0.4874 0.5344 0.0000
vt 0.4890 0.5753 0.0000
vt 0.4466 0.6381 0.0000
vt 0.4651 0.6381 0.0000
vt 0.4651 0.6547 0.0000
vt 0.4465 0.6547 0.0000
vt 0.4552 0.6157 0.0000
vt 0.3782 0.7173 0.0000
vt 0.4187 0.6626 0.0000
vt 0.4187 0.7370 0.0000
vt 0.3782 0.6808 0.0000
vt 0.4397 0.6503 0.0000
vt 0.4475 0.6971 0.0000
vt 0.4640 0.6971 0.0000
vt 0.3891 0.5788 0.0000
vt 0.3818 0.5889 0.0000
vt 0.3892 0.5889 0.0000
vt 0.3819 0.5788 0.0000
vt 0.3942 0.5782 0.0000
vt 0.3923 0.5655 0.0000
vt 0.3786 0.5655 0.0000
vt 0.4727 0.6383 0.0000
vt 0.5521 0.0220 0.0000
vt 0.5528 0.0136 0.0000
vt 0.5442 0.0143 0.0000
vt 0.5554 0.0217 0.0000
vt 0.5357 0.0136 0.0000
vt 0.5442 0.0090 0.0000
vt 0.5330 0.0217 0.0000
vt 0.5363 0.0217 0.0000
vt 0.5442 0.0223 0.0000
vt 0.6185 0.0628 0.0000
vt 0.6032 0.0533 0.0000
vt 0.6128 0.0127 0.0000
vt 0.6214 0.0214 0.0000
vt 0.6063 0.0659 0.0000
vt 0.5643 0.0786 0.0000
vt 0.5619 0.0426 0.0000
vt 0.5940 0.0565 0.0000
vt 0.5952 0.0714 0.0000
vt 0.5482 0.0470 0.0000
vt 0.5206 0.0676 0.0000
vt 0.5457 0.0764 0.0000
vt 0.5272 0.0471 0.0000
vt 0.6057 0.0218 0.0000
vt 0.5973 0.0245 0.0000
vt 0.5665 0.0252 0.0000
vt 0.5627 0.0124 0.0000
vt 0.5875 0.0200 0.0000
vt 0.5903 0.0062 0.0000
vt 0.5366 0.0343 0.0000
vt 0.5442 0.0295 0.0000
vt 0.5442 0.0387 0.0000
vt 0.5518 0.0343 0.0000
vt 0.5190 0.0673 0.0000
vt 0.5190 0.0463 0.0000
vt 0.5048 0.0673 0.0000
vt 0.5048 0.0463 0.0000
vt 0.5459 0.0825 0.0000
vt 0.5210 0.0825 0.0000
vt 0.5459 0.0971 0.0000
vt 0.5210 0.0971 0.0000
vt 0.5645 0.0825 0.0000
vt 0.5645 0.0971 0.0000
vt 0.5951 0.0825 0.0000
vt 0.5951 0.0971 0.0000
vt 0.6047 0.0825 0.0000
vt 0.6047 0.0971 0.0000
vt 0.6147 0.0825 0.0000
vt 0.6147 0.0971 0.0000
vt 0.6250 0.0825 0.0000
vt 0.6250 0.0971 0.0000
vt 0.6372 0.0825 0.0000
vt 0.6372 0.0971 0.0000
vt 0.6237 0.0203 0.0000
vt 0.6260 0.0637 0.0000
vt 0.6372 0.0203 0.0000
vt 0.6348 0.0636 0.0000
vt 0.6237 0.0113 0.0000
vt 0.6372 0.0113 0.0000
vt 0.9469 0.0813 0.0000
vt 0.9363 0.0901 0.0000
vt 0.9513 0.0600 0.0000
vt 0.9469 0.0388 0.0000
vt 0.9363 0.0300 0.0000
vt 0.9257 0.0388 0.0000
vt 0.9214 0.0600 0.0000
vt 0.9257 0.0813 0.0000
vt 0.9580 0.0906 0.0000
vt 0.9363 0.1033 0.0000
vt 0.9750 0.0851 0.0000
vt 0.9720 0.0968 0.0000
vt 0.9625 0.0449 0.0000
vt 0.9670 0.0600 0.0000
vt 0.9363 0.0167 0.0000
vt 0.9580 0.0294 0.0000
vt 0.9146 0.0294 0.0000
vt 0.8978 0.0343 0.0000
vt 0.9006 0.0232 0.0000
vt 0.9099 0.0745 0.0000
vt 0.9057 0.0600 0.0000
vt 0.9146 0.0906 0.0000
vt 0.9627 0.0745 0.0000
vt 0.9101 0.0449 0.0000
vt 0.9720 0.0232 0.0000
vt 0.9749 0.0343 0.0000
vt 0.9006 0.0968 0.0000
vt 0.8976 0.0851 0.0000
vt 0.8221 0.2350 0.0000
vt 0.7947 0.2350 0.0000
vt 0.8221 0.2090 0.0000
vt 0.7947 0.2090 0.0000
vt 0.9152 0.2090 0.0000
vt 0.9152 0.2350 0.0000
vt 0.8898 0.2090 0.0000
vt 0.8898 0.2350 0.0000
vt 0.8659 0.2090 0.0000
vt 0.8659 0.2350 0.0000
vt 0.8454 0.2090 0.0000
vt 0.8454 0.2350 0.0000
vt 0.9619 0.2090 0.0000
vt 0.9619 0.2350 0.0000
vt 0.9389 0.2090 0.0000
vt 0.9389 0.2350 0.0000
vt 0.9837 0.2090 0.0000
vt 0.9837 0.2350 0.0000
vt 0.9145 0.5166 0.0000
vt 0.9010 0.5232 0.0000
vt 0.9395 0.5166 0.0000
vt 0.9535 0.5234 0.0000
vt 0.8895 0.5394 0.0000
vt 0.8838 0.5568 0.0000
vt 0.9636 0.5325 0.0000
vt 0.9710 0.5568 0.0000
vt 0.8842 0.5564 0.0000
vt 0.8901 0.5399 0.0000
vt 0.9710 0.5564 0.0000
vt 0.9015 0.5225 0.0000
vt 0.9154 0.5172 0.0000
vt 0.9415 0.5172 0.0000
vt 0.9537 0.5236 0.0000
vt 0.9631 0.5319 0.0000
vt 0.9805 0.5563 0.0000
vt 0.9705 0.5282 0.0000
vt 0.9585 0.5185 0.0000
vt 0.9430 0.5113 0.0000
vt 0.9097 0.5112 0.0000
vt 0.8920 0.5173 0.0000
vt 0.8774 0.5373 0.0000
vt 0.8698 0.5563 0.0000
vt 0.9636 0.5814 0.0000
vt 0.9140 0.5997 0.0000
vt 0.9390 0.6015 0.0000
vt 0.9009 0.5916 0.0000
vt 0.9533 0.5958 0.0000
vt 0.8895 0.5741 0.0000
vt 0.9417 0.6011 0.0000
vt 0.9157 0.5991 0.0000
vt 0.9541 0.5958 0.0000
vt 0.9020 0.5921 0.0000
vt 0.8901 0.5764 0.0000
vt 0.9631 0.5848 0.0000
vt 0.9705 0.5890 0.0000
vt 0.9590 0.6016 0.0000
vt 0.9433 0.6077 0.0000
vt 0.9100 0.6053 0.0000
vt 0.8926 0.5973 0.0000
vt 0.8774 0.5793 0.0000
vt 0.8340 0.4330 0.0000
vt 0.8522 0.4770 0.0000
vt 0.8482 0.4537 0.0000
vt 0.8047 0.4650 0.0000
vt 0.8163 0.4766 0.0000
vt 0.8800 0.2678 0.0000
vt 0.8518 0.2861 0.0000
vt 0.8472 0.2624 0.0000
vt 0.8632 0.3049 0.0000
vt 0.8338 0.4740 0.0000
vt 0.8535 0.4898 0.0000
vt 0.8354 0.4897 0.0000
vt 0.7908 0.2842 0.0000
vt 0.7779 0.2851 0.0000
vt 0.7742 0.2700 0.0000
vt 0.7914 0.3730 0.0000
vt 0.8044 0.3927 0.0000
vt 0.8105 0.3716 0.0000
vt 0.7808 0.3945 0.0000
vt 0.8800 0.3498 0.0000
vt 0.8507 0.3258 0.0000
vt 0.8800 0.3244 0.0000
vt 0.8516 0.3507 0.0000
vt 0.8491 0.3837 0.0000
vt 0.8800 0.3853 0.0000
vt 0.8332 0.3685 0.0000
vt 0.8215 0.4289 0.0000
vt 0.8016 0.4592 0.0000
vt 0.8800 0.4372 0.0000
vt 0.8561 0.4159 0.0000
vt 0.8800 0.4136 0.0000
vt 0.8533 0.4336 0.0000
vt 0.8530 0.4571 0.0000
vt 0.8252 0.3191 0.0000
vt 0.8267 0.2864 0.0000
vt 0.8169 0.3503 0.0000
vt 0.7908 0.3163 0.0000
vt 0.7936 0.4559 0.0000
vt 0.8092 0.4244 0.0000
vt 0.7806 0.4425 0.0000
vt 0.7619 0.4921 0.0000
vt 0.7700 0.4611 0.0000
vt 0.7618 0.4611 0.0000
vt 0.7701 0.4921 0.0000
vt 0.7597 0.4921 0.0000
vt 0.7596 0.4612 0.0000
vt 0.8375 0.4341 0.0000
vt 0.8520 0.4481 0.0000
vt 0.8484 0.4532 0.0000
vt 0.8377 0.4335 0.0000
vt 0.8522 0.4475 0.0000
vt 0.8343 0.4324 0.0000
vt 0.7834 0.3199 0.0000
vt 0.7698 0.2860 0.0000
vt 0.8414 0.4173 0.0000
vt 0.8405 0.4282 0.0000
vt 0.8345 0.2553 0.0000
vt 0.8447 0.2519 0.0000
vt 0.8342 0.2649 0.0000
vt 0.8058 0.2705 0.0000
vt 0.8501 0.2553 0.0000
vt 0.8059 0.2611 0.0000
vt 0.8183 0.3979 0.0000
vt 0.7590 0.4049 0.0000
vt 0.7698 0.4272 0.0000
vt 0.8038 0.4120 0.0000
vt 0.8800 0.3058 0.0000
vt 0.8800 0.4670 0.0000
vt 0.8215 0.4839 0.0000
vt 0.8318 0.4095 0.0000
vt 0.7607 0.3809 0.0000
vt 0.7686 0.3670 0.0000
vt 0.8164 0.3678 0.0000
vt 0.8594 0.4764 0.0000
vt 0.8800 0.4747 0.0000
vt 0.7429 0.4758 0.0000
vt 0.7374 0.4857 0.0000
vt 0.7430 0.4906 0.0000
vt 0.7485 0.4857 0.0000
vt 0.7510 0.4762 0.0000
vt 0.7374 0.4666 0.0000
vt 0.7430 0.4617 0.0000
vt 0.7485 0.4666 0.0000
vt 0.7349 0.4762 0.0000
vt 0.7343 0.4602 0.0000
vt 0.7312 0.4769 0.0000
vt 0.7343 0.4937 0.0000
vt 0.7547 0.4769 0.0000
vt 0.7515 0.4602 0.0000
vt 0.7515 0.4937 0.0000
vt 0.7429 0.4534 0.0000
vt 0.7429 0.4986 0.0000
vt 0.7771 0.3168 0.0000
vt 0.7709 0.3274 0.0000
vt 0.7769 0.3275 0.0000
vt 0.7616 0.3274 0.0000
vt 0.7711 0.3168 0.0000
vt 0.7619 0.3167 0.0000
vt 0.7590 0.3273 0.0000
vt 0.7592 0.3167 0.0000
vt 0.7769 0.3631 0.0000
vt 0.7792 0.3276 0.0000
vt 0.7792 0.3632 0.0000
vt 0.7709 0.3630 0.0000
vt 0.7616 0.3630 0.0000
vt 0.7590 0.3629 0.0000
vt 0.7699 0.4463 0.0000
vt 0.7749 0.4463 0.0000
vt 0.7699 0.4374 0.0000
vt 0.7617 0.4463 0.0000
vt 0.7617 0.4374 0.0000
vt 0.7596 0.4463 0.0000
vt 0.7750 0.4611 0.0000
vt 0.7771 0.4463 0.0000
vt 0.7771 0.4611 0.0000
vt 0.7750 0.4921 0.0000
vt 0.7772 0.4921 0.0000
vt 0.7711 0.3112 0.0000
vt 0.7620 0.3112 0.0000
vt 0.7794 0.3169 0.0000
vt 0.8341 0.4734 0.0000
vt 0.8538 0.4893 0.0000
vt 0.8356 0.4892 0.0000
vt 0.9173 0.4176 0.0000
vt 0.9052 0.4338 0.0000
vt 0.9024 0.4159 0.0000
vt 0.9112 0.2625 0.0000
vt 0.9242 0.2554 0.0000
vt 0.9242 0.2649 0.0000
vt 0.9140 0.2521 0.0000
vt 0.9319 0.2863 0.0000
vt 0.9528 0.2702 0.0000
vt 0.9085 0.2551 0.0000
vt 0.9530 0.2610 0.0000
vt 0.9093 0.3836 0.0000
vt 0.9256 0.3686 0.0000
vt 0.9403 0.3978 0.0000
vt 0.7810 0.3939 0.0000
vt 0.7700 0.4266 0.0000
vt 0.7593 0.4043 0.0000
vt 0.8046 0.3921 0.0000
vt 0.8040 0.4114 0.0000
vt 0.8524 0.4765 0.0000
vt 0.8166 0.4761 0.0000
vt 0.8050 0.4645 0.0000
vt 0.9069 0.2861 0.0000
vt 0.8956 0.3050 0.0000
vt 0.9676 0.2841 0.0000
vt 0.9843 0.2701 0.0000
vt 0.9809 0.2852 0.0000
vt 0.7916 0.3724 0.0000
vt 0.8108 0.3710 0.0000
vt 0.9079 0.3257 0.0000
vt 0.9069 0.3506 0.0000
vt 0.8218 0.4284 0.0000
vt 0.8018 0.4586 0.0000
vt 0.7938 0.4553 0.0000
vt 0.9183 0.4284 0.0000
vt 0.7809 0.4419 0.0000
vt 0.8094 0.4238 0.0000
vt 0.9422 0.3678 0.0000
vt 0.9752 0.3200 0.0000
vt 0.9888 0.2862 0.0000
vt 0.8992 0.4764 0.0000
vt 0.9056 0.4571 0.0000
vt 0.8218 0.4833 0.0000
vt 0.9269 0.4098 0.0000
vt 0.9331 0.3191 0.0000
vt 0.9415 0.3509 0.0000
vt 0.9677 0.3166 0.0000
vt 0.7610 0.3803 0.0000
vt 0.7688 0.3665 0.0000
vt 0.6931 0.7344 0.0000
vt 0.6981 0.7439 0.0000
vt 0.7093 0.7344 0.0000
vt 0.7221 0.7250 0.0000
vt 0.7101 0.7211 0.0000
vt 0.7271 0.7344 0.0000
vt 0.7221 0.7438 0.0000
vt 0.7101 0.7478 0.0000
vt 0.6980 0.7250 0.0000
vt 0.6344 0.6691 0.0000
vt 0.6507 0.6430 0.0000
vt 0.6528 0.6685 0.0000
vt 0.6367 0.6432 0.0000
vt 0.6441 0.6291 0.0000
vt 0.6350 0.6976 0.0000
vt 0.6486 0.7092 0.0000
vt 0.6397 0.7094 0.0000
vt 0.6524 0.6970 0.0000
vt 0.6435 0.7055 0.0000
vt 0.6386 0.7077 0.0000
vt 0.6492 0.7074 0.0000
vt 0.6879 0.3872 0.0000
vt 0.6948 0.3872 0.0000
vt 0.6639 0.3872 0.0000
vt 0.7188 0.3872 0.0000
vt 0.6880 0.3872 0.0000
vt 0.6948 0.4657 0.0000
vt 0.6948 0.4473 0.0000
vt 0.6879 0.4657 0.0000
vt 0.6879 0.4473 0.0000
vt 0.6879 0.4394 0.0000
vt 0.6879 0.4331 0.0000
vt 0.6879 0.4251 0.0000
vt 0.6879 0.4188 0.0000
vt 0.6879 0.4105 0.0000
vt 0.6948 0.4105 0.0000
vt 0.6948 0.4188 0.0000
vt 0.6948 0.4251 0.0000
vt 0.6857 0.4770 0.0000
vt 0.6974 0.4770 0.0000
vt 0.6871 0.4791 0.0000
vt 0.6867 0.4755 0.0000
vt 0.6880 0.4736 0.0000
vt 0.6886 0.4726 0.0000
vt 0.6902 0.4726 0.0000
vt 0.6927 0.4726 0.0000
vt 0.6964 0.4755 0.0000
vt 0.6951 0.4736 0.0000
vt 0.6944 0.4726 0.0000
vt 0.6960 0.4791 0.0000
vt 0.6886 0.4813 0.0000
vt 0.6944 0.4813 0.0000
vt 0.7093 0.3724 0.0000
vt 0.6913 0.3527 0.0000
vt 0.7048 0.3654 0.0000
vt 0.6913 0.3446 0.0000
vt 0.6717 0.3831 0.0000
vt 0.6880 0.3831 0.0000
vt 0.6734 0.3724 0.0000
vt 0.7006 0.4751 0.0000
vt 0.6982 0.4715 0.0000
vt 0.7049 0.4735 0.0000
vt 0.7014 0.4683 0.0000
vt 0.7025 0.4778 0.0000
vt 0.7077 0.4776 0.0000
vt 0.6998 0.4817 0.0000
vt 0.7038 0.4834 0.0000
vt 0.6970 0.4859 0.0000
vt 0.6996 0.4896 0.0000
vt 0.6860 0.4859 0.0000
vt 0.6834 0.4896 0.0000
vt 0.6948 0.3831 0.0000
vt 0.7110 0.3831 0.0000
vt 0.6832 0.4817 0.0000
vt 0.6806 0.4778 0.0000
vt 0.6793 0.4834 0.0000
vt 0.6753 0.4776 0.0000
vt 0.6825 0.4751 0.0000
vt 0.6781 0.4735 0.0000
vt 0.6849 0.4715 0.0000
vt 0.6817 0.4683 0.0000
vt 0.6860 0.4698 0.0000
vt 0.6834 0.4657 0.0000
vt 0.6891 0.4698 0.0000
vt 0.6937 0.4698 0.0000
vt 0.6970 0.4698 0.0000
vt 0.6996 0.4657 0.0000
vt 0.6779 0.3654 0.0000
vt 0.6611 0.4188 0.0000
vt 0.6611 0.4105 0.0000
vt 0.7215 0.4251 0.0000
vt 0.7215 0.4331 0.0000
vt 0.6948 0.4331 0.0000
vt 0.7215 0.4188 0.0000
vt 0.7215 0.4105 0.0000
vt 0.6611 0.4331 0.0000
vt 0.6611 0.4251 0.0000
vt 0.6948 0.4394 0.0000
vt 0.7215 0.4473 0.0000
vt 0.7215 0.4394 0.0000
vt 0.6611 0.4473 0.0000
vt 0.6611 0.4394 0.0000
vt 0.6608 0.4776 0.0000
vt 0.6608 0.4834 0.0000
vt 0.5967 0.2128 0.0000
vt 0.5907 0.2444 0.0000
vt 0.5685 0.2128 0.0000
vt 0.5751 0.2444 0.0000
vt 0.5949 0.1110 0.0000
vt 0.5753 0.1110 0.0000
vt 0.5949 0.1382 0.0000
vt 0.5753 0.1382 0.0000
vt 0.5950 0.1110 0.0000
vt 0.5950 0.1382 0.0000
vt 0.6111 0.1110 0.0000
vt 0.6111 0.1382 0.0000
vt 0.6112 0.1110 0.0000
vt 0.6112 0.1382 0.0000
vt 0.6275 0.1110 0.0000
vt 0.6275 0.1382 0.0000
vt 0.6276 0.1110 0.0000
vt 0.6276 0.1382 0.0000
vt 0.6437 0.1110 0.0000
vt 0.6437 0.1382 0.0000
vt 0.6439 0.1110 0.0000
vt 0.6439 0.1382 0.0000
vt 0.6570 0.1110 0.0000
vt 0.6570 0.1382 0.0000
vt 0.7462 0.2072 0.0000
vt 0.7354 0.1439 0.0000
vt 0.7583 0.1439 0.0000
vt 0.7077 0.1382 0.0000
vt 0.7581 0.1382 0.0000
vt 0.7077 0.1110 0.0000
vt 0.7581 0.1110 0.0000
vt 0.6744 0.1382 0.0000
vt 0.6744 0.1110 0.0000
vt 0.7000 0.2129 0.0000
vt 0.7144 0.2129 0.0000
vt 0.7000 0.2275 0.0000
vt 0.7144 0.2275 0.0000
vt 0.6669 0.2129 0.0000
vt 0.6669 0.2275 0.0000
vt 0.6330 0.2129 0.0000
vt 0.6330 0.2275 0.0000
vt 0.6229 0.2129 0.0000
vt 0.6229 0.2275 0.0000
vt 0.6097 0.2182 0.0000
vt 0.6062 0.1876 0.0000
vt 0.5855 0.1889 0.0000
vt 0.6032 0.1770 0.0000
vt 0.6124 0.2097 0.0000
vt 0.6191 0.1803 0.0000
vt 0.6248 0.1656 0.0000
vt 0.6120 0.1721 0.0000
vt 0.6269 0.1768 0.0000
vt 0.6467 0.1695 0.0000
vt 0.6448 0.1584 0.0000
vt 0.6383 0.1716 0.0000
vt 0.6327 0.1626 0.0000
vt 0.6526 0.1867 0.0000
vt 0.6584 0.1654 0.0000
vt 0.7147 0.2072 0.0000
vt 0.7304 0.1439 0.0000
vt 0.6990 0.1976 0.0000
vt 0.6805 0.1481 0.0000
vt 0.6849 0.1861 0.0000
vt 0.6535 0.1550 0.0000
vt 0.6634 0.2550 0.0000
vt 0.6630 0.2383 0.0000
vt 0.6979 0.2539 0.0000
vt 0.6989 0.2379 0.0000
vt 0.7127 0.2545 0.0000
vt 0.7136 0.2385 0.0000
vt 0.6477 0.2386 0.0000
vt 0.6481 0.2553 0.0000
vt 0.7158 0.4612 0.0000
vt 0.7194 0.4664 0.0000
vt 0.6672 0.4612 0.0000
vt 0.6636 0.4664 0.0000
vt 0.7239 0.3656 0.0000
vt 0.7194 0.3586 0.0000
vt 0.6633 0.3586 0.0000
vt 0.6588 0.3656 0.0000
vt 0.7223 0.4834 0.0000
vt 0.7223 0.4776 0.0000
vt 0.7306 0.2202 0.0000
vt 0.5828 0.6923 0.0000
vt 0.5837 0.6814 0.0000
vt 0.5901 0.6927 0.0000
vt 0.5651 0.6491 0.0000
vt 0.5765 0.6458 0.0000
vt 0.5748 0.6703 0.0000
vt 0.5507 0.6005 0.0000
vt 0.5598 0.5936 0.0000
vt 0.5616 0.6142 0.0000
vt 0.5479 0.6185 0.0000
vt 0.5580 0.6157 0.0000
vt 0.5551 0.6285 0.0000
vt 0.5431 0.5981 0.0000
vt 0.5505 0.6054 0.0000
vt 0.5299 0.6012 0.0000
vt 0.5407 0.6119 0.0000
vt 0.5401 0.6253 0.0000
vt 0.5287 0.6204 0.0000
vt 0.5564 0.6353 0.0000
vt 0.5901 0.6740 0.0000
vt 0.5952 0.6750 0.0000
vt 0.5961 0.6814 0.0000
vt 0.5901 0.6678 0.0000
vt 0.5901 0.6437 0.0000
vt 0.5901 0.6356 0.0000
vt 0.5972 0.6219 0.0000
vt 0.5534 0.6538 0.0000
vt 0.5466 0.6218 0.0000
vt 0.5318 0.6467 0.0000
vt 0.5287 0.6714 0.0000
vt 0.5400 0.6490 0.0000
vt 0.5703 0.6828 0.0000
vt 0.5310 0.6959 0.0000
vt 0.5490 0.6959 0.0000
vt 0.5512 0.6714 0.0000
vt 0.5699 0.5933 0.0000
vt 0.5586 0.5727 0.0000
vt 0.5704 0.5660 0.0000
vt 0.5783 0.5933 0.0000
vt 0.5814 0.5656 0.0000
vt 0.5841 0.5930 0.0000
vt 0.5615 0.5721 0.0000
vt 0.5646 0.5801 0.0000
vt 0.5611 0.5825 0.0000
vt 0.5655 0.5727 0.0000
vt 0.5672 0.5844 0.0000
vt 0.5621 0.5673 0.0000
vt 0.5553 0.5832 0.0000
vt 0.5557 0.5920 0.0000
vt 0.5542 0.5922 0.0000
vt 0.5578 0.5794 0.0000
vt 0.5792 0.6441 0.0000
vt 0.5777 0.6685 0.0000
vt 0.5715 0.6301 0.0000
vt 0.5689 0.6294 0.0000
vt 0.5901 0.5926 0.0000
vt 0.5901 0.6140 0.0000
vt 0.5829 0.6219 0.0000
vt 0.5728 0.6161 0.0000
vt 0.6112 0.6294 0.0000
vt 0.6078 0.6301 0.0000
vt 0.6066 0.6158 0.0000
vt 0.5983 0.6282 0.0000
vt 0.6018 0.6685 0.0000
vt 0.6053 0.6703 0.0000
vt 0.6001 0.6441 0.0000
vt 0.6036 0.6458 0.0000
vt 0.5580 0.5921 0.0000
vt 0.5636 0.5928 0.0000
vt 0.5580 0.5730 0.0000
vt 0.6137 0.6022 0.0000
vt 0.6126 0.5935 0.0000
vt 0.6142 0.5932 0.0000
vt 0.6164 0.6040 0.0000
vt 0.6166 0.5928 0.0000
vt 0.6196 0.6077 0.0000
vt 0.6163 0.6083 0.0000
vt 0.6185 0.6142 0.0000
vt 0.6098 0.6828 0.0000
vt 0.5973 0.6923 0.0000
vt 0.5901 0.7008 0.0000
vt 0.6066 0.7108 0.0000
vt 0.5900 0.5714 0.0000
vt 0.5581 0.5524 0.0000
vt 0.5734 0.5414 0.0000
vt 0.5855 0.5507 0.0000
vt 0.5583 0.5255 0.0000
vt 0.5777 0.5270 0.0000
vt 0.5633 0.5053 0.0000
vt 0.5301 0.5763 0.0000
vt 0.5383 0.5696 0.0000
vt 0.5472 0.5677 0.0000
vt 0.5735 0.7108 0.0000
vt 0.5442 0.5436 0.0000
vt 0.5328 0.5550 0.0000
vt 0.5387 0.5284 0.0000
vt 0.5519 0.5053 0.0000
vt 0.6400 0.6253 0.0000
vt 0.6335 0.6218 0.0000
vt 0.6394 0.6119 0.0000
vt 0.6267 0.6538 0.0000
vt 0.6237 0.6353 0.0000
vt 0.6666 0.5019 0.0000
vt 0.6727 0.5350 0.0000
vt 0.6632 0.5209 0.0000
vt 0.6765 0.5114 0.0000
vt 0.6784 0.5407 0.0000
vt 0.6859 0.5246 0.0000
vt 0.6859 0.5587 0.0000
vt 0.6793 0.5672 0.0000
vt 0.6694 0.5587 0.0000
vt 0.6939 0.5407 0.0000
vt 0.6930 0.5672 0.0000
vt 0.6996 0.5350 0.0000
vt 0.6949 0.5114 0.0000
vt 0.7057 0.5019 0.0000
vt 0.7081 0.5209 0.0000
vt 0.6230 0.6076 0.0000
vt 0.6227 0.6032 0.0000
vt 0.6252 0.6010 0.0000
vt 0.6197 0.6103 0.0000
vt 0.6155 0.5801 0.0000
vt 0.6190 0.5825 0.0000
vt 0.6129 0.5844 0.0000
vt 0.5664 0.6022 0.0000
vt 0.5659 0.5932 0.0000
vt 0.5675 0.5935 0.0000
vt 0.5637 0.6040 0.0000
vt 0.6244 0.5920 0.0000
vt 0.6259 0.5922 0.0000
vt 0.5026 0.7258 0.0000
vt 0.5068 0.7259 0.0000
vt 0.5019 0.7099 0.0000
vt 0.5072 0.7099 0.0000
vt 0.5124 0.7259 0.0000
vt 0.5131 0.7099 0.0000
vt 0.5096 0.7217 0.0000
vt 0.5018 0.6873 0.0000
vt 0.5074 0.6873 0.0000
vt 0.5132 0.6873 0.0000
vt 0.5270 0.6722 0.0000
vt 0.5378 0.6722 0.0000
vt 0.5269 0.6900 0.0000
vt 0.5378 0.6900 0.0000
vt 0.5238 0.6873 0.0000
vt 0.5143 0.6873 0.0000
vt 0.5235 0.7098 0.0000
vt 0.5146 0.7099 0.0000
vt 0.7024 0.5587 0.0000
vt 0.6248 0.5832 0.0000
vt 0.6223 0.5794 0.0000
vt 0.6221 0.5921 0.0000
vt 0.6221 0.5730 0.0000
vt 0.6186 0.5721 0.0000
vt 0.5605 0.6077 0.0000
vt 0.5638 0.6083 0.0000
vt 0.5604 0.6103 0.0000
vt 0.5574 0.6032 0.0000
vt 0.5549 0.6010 0.0000
vt 0.5571 0.6076 0.0000
vt 0.5818 0.6282 0.0000
vt 0.5846 0.6753 0.0000
vt 0.6146 0.5727 0.0000
vt 0.6181 0.5673 0.0000
vt 0.6150 0.6491 0.0000
vt 0.6203 0.5936 0.0000
vt 0.6294 0.6005 0.0000
vt 0.6440 0.6046 0.0000
vt 0.6370 0.5981 0.0000
vt 0.6514 0.6204 0.0000
vt 0.6496 0.6021 0.0000
vt 0.5949 0.5507 0.0000
vt 0.5987 0.5656 0.0000
vt 0.6201 0.5255 0.0000
vt 0.6220 0.5524 0.0000
vt 0.6067 0.5414 0.0000
vt 0.7873 0.5724 0.0000
vt 0.7871 0.5814 0.0000
vt 0.8002 0.5726 0.0000
vt 0.8000 0.5817 0.0000
vt 0.8004 0.5635 0.0000
vt 0.7875 0.5633 0.0000
vt 0.7602 0.5527 0.0000
vt 0.6418 0.5696 0.0000
vt 0.6329 0.5677 0.0000
vt 0.6215 0.5727 0.0000
vt 0.6472 0.5550 0.0000
vt 0.6496 0.5763 0.0000
vt 0.6358 0.5436 0.0000
vt 0.6399 0.5284 0.0000
vt 0.6273 0.5053 0.0000
vt 0.5482 0.6467 0.0000
vt 0.5400 0.7057 0.0000
vt 0.6102 0.5933 0.0000
vt 0.6097 0.5660 0.0000
vt 0.6018 0.5933 0.0000
vt 0.5960 0.5930 0.0000
vt 0.7867 0.5370 0.0000
vt 0.7733 0.5096 0.0000
vt 0.7726 0.5432 0.0000
vt 0.7868 0.5158 0.0000
vt 0.7925 0.5267 0.0000
vt 0.7209 0.5156 0.0000
vt 0.7231 0.5383 0.0000
vt 0.7194 0.5281 0.0000
vt 0.6024 0.5270 0.0000
vt 0.6159 0.5053 0.0000
vt 0.7361 0.5089 0.0000
vt 0.7354 0.5421 0.0000
vt 0.7387 0.5424 0.0000
vt 0.7689 0.5087 0.0000
vt 0.7683 0.5424 0.0000
vt 0.7394 0.5087 0.0000
vt 0.7384 0.5387 0.0000
vt 0.7688 0.5389 0.0000
vt 0.7387 0.5284 0.0000
vt 0.7690 0.5279 0.0000
vt 0.7386 0.5158 0.0000
vt 0.7689 0.5154 0.0000
vt 0.8060 0.5733 0.0000
vt 0.8281 0.5612 0.0000
vt 0.8134 0.5612 0.0000
vt 0.8354 0.5733 0.0000
vt 0.8134 0.5853 0.0000
vt 0.8281 0.5853 0.0000
vt 0.7418 0.5715 0.0000
vt 0.7593 0.5910 0.0000
vt 0.7598 0.5719 0.0000
vt 0.7414 0.5883 0.0000
vt 0.7422 0.5548 0.0000
vt 0.3540 0.0966 0.0000
vt 0.3640 0.0962 0.0000
vt 0.3643 0.0634 0.0000
vt 0.3553 0.0639 0.0000
vt 0.3691 0.0325 0.0000
vt 0.3558 0.0327 0.0000
vt 0.3733 0.0014 0.0000
vt 0.3578 0.0039 0.0000
vt 0.3418 0.0724 0.0000
vt 0.3383 0.0372 0.0000
vt 0.3240 0.0369 0.0000
vt 0.3263 0.0749 0.0000
vt 0.3399 0.0057 0.0000
vt 0.3231 0.0021 0.0000
vt 0.3547 0.1534 0.0000
vt 0.3715 0.1565 0.0000
vt 0.3676 0.1289 0.0000
vt 0.3551 0.1246 0.0000
vt 0.3493 0.0649 0.0000
vt 0.3466 0.0848 0.0000
vt 0.3634 0.0849 0.0000
vt 0.3633 0.0659 0.0000
vt 0.3440 0.1125 0.0000
vt 0.3646 0.1135 0.0000
vt 0.3424 0.1594 0.0000
vt 0.3709 0.1621 0.0000
vt 0.3496 0.0648 0.0000
vt 0.3464 0.0852 0.0000
vt 0.3633 0.0850 0.0000
vt 0.3634 0.0657 0.0000
vt 0.3444 0.1123 0.0000
vt 0.3649 0.1136 0.0000
vt 0.3424 0.1590 0.0000
vt 0.3712 0.1623 0.0000
vt 0.3459 0.0348 0.0000
vt 0.3475 0.0625 0.0000
vt 0.3421 0.0940 0.0000
vt 0.3433 0.0018 0.0000
vt 0.3418 0.1258 0.0000
vt 0.3083 0.0390 0.0000
vt 0.3118 0.0728 0.0000
vt 0.3080 0.0082 0.0000
vt 0.3405 0.1586 0.0000
# 2039 texture coords

g Fiche_Space_Hulk
s 1
f 1/1/1 2/2/2 3/3/3 
f 1/1/1 4/4/4 2/2/2 
f 1/1/1 5/2/5 6/5/6 
f 1/1/1 3/3/3 5/2/5 
f 1/1/1 7/6/7 8/5/8 
f 1/1/1 6/5/6 7/6/7 
f 1/1/1 9/7/9 10/8/10 
f 1/1/1 8/5/8 9/7/9 
f 1/1/1 11/9/11 12/10/12 
f 1/1/1 10/8/10 11/9/11 
f 1/1/1 13/11/13 14/12/14 
f 1/1/1 12/10/12 13/11/13 
f 1/1/1 15/13/15 16/14/16 
f 1/1/1 14/12/14 15/13/15 
f 1/1/1 17/13/17 18/15/18 
f 1/1/1 16/14/16 17/13/17 
f 1/1/1 19/16/19 20/17/20 
f 1/1/1 18/15/18 19/16/19 
f 1/1/1 21/18/21 22/19/22 
f 1/1/1 20/17/20 21/18/21 
f 1/1/1 23/18/23 24/20/24 
f 1/1/1 22/19/22 23/18/23 
f 1/1/1 25/21/25 26/22/26 
f 1/1/1 24/20/24 25/21/25 
f 1/1/1 27/23/27 28/24/28 
f 1/1/1 26/22/26 27/23/27 
f 1/1/1 29/25/29 30/26/30 
f 1/1/1 28/24/28 29/25/29 
f 1/1/1 31/27/31 32/28/32 
f 1/1/1 30/26/30 31/27/31 
f 1/1/1 33/29/33 4/4/4 
f 1/1/1 32/28/32 33/29/33 
f 4/4/4 34/30/34 2/2/2 
f 4/4/4 35/31/35 34/30/34 
f 2/2/2 34/30/34 36/30/36 
f 2/2/2 36/30/36 3/3/3 
f 35/31/35 37/32/37 34/30/34 
f 34/30/34 37/32/37 38/32/38 
f 34/30/34 38/32/38 36/30/36 
f 35/31/35 39/33/39 37/32/37 
f 36/30/36 38/32/38 40/32/40 
f 36/30/36 40/32/40 41/30/41 
f 41/30/41 40/32/40 42/34/42 
f 41/30/41 42/34/42 43/35/43 
f 43/35/43 42/34/42 44/36/44 
f 43/35/43 44/36/44 45/35/45 
f 6/5/6 43/35/43 45/35/45 
f 6/5/6 45/35/45 7/6/7 
f 45/35/45 44/36/44 46/36/46 
f 45/35/45 46/36/46 47/35/47 
f 7/6/7 45/35/45 47/35/47 
f 7/6/7 47/35/47 8/5/8 
f 47/35/47 46/36/46 48/37/48 
f 47/35/47 48/37/48 49/38/49 
f 8/5/8 47/35/47 49/38/49 
f 8/5/8 49/38/49 9/7/9 
f 49/38/49 48/37/48 50/37/50 
f 49/38/49 50/37/50 51/38/51 
f 9/7/9 49/38/49 51/38/51 
f 9/7/9 51/38/51 10/8/10 
f 51/38/51 50/37/50 52/39/52 
f 51/38/51 52/39/52 53/40/53 
f 10/8/10 51/38/51 53/40/53 
f 10/8/10 53/40/53 11/9/11 
f 53/40/53 52/39/52 54/41/54 
f 53/40/53 54/41/54 55/40/55 
f 11/9/11 53/40/53 55/40/55 
f 11/9/11 55/40/55 12/10/12 
f 55/40/55 54/41/54 56/41/56 
f 55/40/55 56/41/56 57/42/57 
f 12/10/12 55/40/55 57/42/57 
f 12/10/12 57/42/57 13/11/13 
f 57/42/57 56/41/56 58/43/58 
f 57/42/57 58/43/58 59/44/59 
f 13/11/13 57/42/57 59/44/59 
f 13/11/13 59/44/59 14/12/14 
f 59/44/59 58/43/58 60/45/60 
f 59/44/59 60/45/60 61/46/61 
f 61/46/61 60/45/60 62/45/62 
f 61/46/61 62/45/62 63/46/63 
f 63/46/63 62/45/62 64/45/64 
f 63/46/63 64/45/64 65/46/65 
f 65/46/65 64/45/64 66/47/66 
f 65/46/65 66/47/66 67/48/67 
f 67/48/67 66/47/66 68/47/68 
f 67/48/67 68/47/68 69/48/69 
f 69/48/69 68/47/68 70/49/70 
f 69/48/69 70/49/70 71/50/71 
f 71/50/71 70/49/70 72/51/72 
f 71/50/71 72/51/72 73/52/73 
f 73/52/73 72/51/72 74/51/74 
f 73/52/73 74/51/74 75/52/75 
f 75/52/75 74/51/74 76/51/76 
f 75/52/75 76/51/76 77/52/77 
f 22/19/22 75/52/75 77/52/77 
f 22/19/22 77/52/77 23/18/23 
f 77/52/77 76/51/76 78/53/78 
f 77/52/77 78/53/78 79/54/79 
f 23/18/23 77/52/77 79/54/79 
f 23/18/23 79/54/79 24/20/24 
f 79/54/79 78/53/78 80/53/80 
f 79/54/79 80/53/80 81/54/81 
f 24/20/24 79/54/79 81/54/81 
f 24/20/24 81/54/81 25/21/25 
f 81/54/81 80/53/80 82/55/82 
f 81/54/81 82/55/82 83/56/83 
f 25/21/25 81/54/81 83/56/83 
f 25/21/25 83/56/83 26/22/26 
f 83/56/83 82/55/82 84/57/84 
f 83/56/83 84/57/84 85/58/85 
f 26/22/26 83/56/83 85/58/85 
f 26/22/26 85/58/85 27/23/27 
f 85/58/85 84/57/84 86/57/86 
f 85/58/85 86/57/86 87/58/87 
f 27/23/27 85/58/85 87/58/87 
f 27/23/27 87/58/87 28/24/28 
f 87/58/87 86/57/86 88/59/88 
f 87/58/87 88/59/88 89/60/89 
f 28/24/28 87/58/87 89/60/89 
f 28/24/28 89/60/89 29/25/29 
f 89/60/89 88/59/88 90/59/90 
f 89/60/89 90/59/90 91/60/91 
f 29/25/29 89/60/89 91/60/91 
f 29/25/29 91/60/91 30/26/30 
f 91/60/91 90/59/90 92/61/92 
f 91/60/91 92/61/92 93/62/93 
f 93/62/93 92/61/92 94/61/94 
f 93/62/93 94/61/94 95/62/95 
f 95/62/95 94/61/94 96/33/96 
f 95/62/95 96/33/96 97/31/97 
f 97/31/97 96/33/96 39/33/39 
f 97/31/97 39/33/39 35/31/35 
f 94/61/94 98/63/98 96/33/96 
f 94/61/94 99/64/99 98/63/98 
f 92/61/92 99/64/99 94/61/94 
f 96/33/96 100/63/100 39/33/39 
f 96/33/96 98/63/98 100/63/100 
f 39/33/39 100/63/100 101/63/101 
f 39/33/39 101/63/101 37/32/37 
f 37/32/37 101/63/101 102/65/102 
f 37/32/37 102/65/102 38/32/38 
f 101/63/101 103/66/103 102/65/102 
f 101/63/101 104/67/104 103/66/103 
f 100/63/100 104/67/104 101/63/101 
f 104/67/104 105/68/105 103/66/103 
f 104/67/104 106/69/106 105/68/105 
f 107/67/107 106/69/106 104/67/104 
f 100/63/100 107/67/107 104/67/104 
f 98/63/98 107/67/107 100/63/100 
f 107/67/107 108/69/108 106/69/106 
f 106/69/106 109/70/109 105/68/105 
f 106/69/106 110/71/110 109/70/109 
f 108/69/108 110/71/110 106/69/106 
f 108/69/108 111/71/111 110/71/110 
f 103/66/103 105/68/105 112/68/112 
f 103/66/103 112/68/112 113/66/113 
f 102/65/102 103/66/103 113/66/113 
f 113/66/113 112/68/112 114/72/114 
f 113/66/113 114/72/114 115/73/115 
f 112/68/112 116/74/116 114/72/114 
f 112/68/112 117/70/117 116/74/116 
f 105/68/105 117/70/117 112/68/112 
f 105/68/105 109/70/109 117/70/117 
f 115/73/115 114/72/114 118/75/118 
f 115/73/115 118/75/118 119/76/119 
f 119/76/119 118/75/118 120/75/120 
f 119/76/119 120/75/120 121/76/121 
f 118/75/118 122/77/122 120/75/120 
f 118/75/118 123/77/123 122/77/122 
f 114/72/114 123/77/123 118/75/118 
f 114/72/114 116/74/116 123/77/123 
f 121/76/121 120/75/120 124/78/124 
f 121/76/121 124/78/124 125/79/125 
f 125/79/125 124/78/124 126/78/126 
f 125/79/125 126/78/126 127/79/127 
f 124/78/124 128/80/128 126/78/126 
f 124/78/124 129/80/129 128/80/128 
f 120/75/120 129/80/129 124/78/124 
f 120/75/120 122/77/122 129/80/129 
f 127/79/127 126/78/126 130/81/130 
f 127/79/127 130/81/130 131/82/131 
f 131/82/131 130/81/130 132/83/132 
f 131/82/131 132/83/132 133/84/133 
f 130/81/130 134/85/134 132/83/132 
f 130/81/130 135/86/135 134/85/134 
f 126/78/126 135/86/135 130/81/130 
f 126/78/126 128/80/128 135/86/135 
f 133/84/133 132/83/132 136/83/136 
f 133/84/133 136/83/136 137/84/137 
f 137/84/137 136/83/136 138/87/138 
f 137/84/137 138/87/138 139/88/139 
f 136/83/136 140/89/140 138/87/138 
f 136/83/136 141/85/141 140/89/140 
f 132/83/132 141/85/141 136/83/136 
f 132/83/132 134/85/134 141/85/141 
f 139/88/139 138/87/138 142/90/142 
f 139/88/139 142/90/142 143/91/143 
f 143/91/143 142/90/142 144/90/144 
f 143/91/143 144/90/144 145/91/145 
f 142/90/142 146/92/146 144/90/144 
f 142/90/142 147/92/147 146/92/146 
f 138/87/138 147/92/147 142/90/142 
f 138/87/138 140/89/140 147/92/147 
f 145/91/145 144/90/144 148/90/148 
f 145/91/145 148/90/148 149/91/149 
f 149/91/149 148/90/148 150/93/150 
f 149/91/149 150/93/150 151/94/151 
f 148/90/148 152/95/152 150/93/150 
f 148/90/148 153/92/153 152/95/152 
f 144/90/144 153/92/153 148/90/148 
f 144/90/144 146/92/146 153/92/153 
f 151/94/151 150/93/150 154/93/154 
f 151/94/151 154/93/154 155/94/155 
f 155/94/155 154/93/154 156/96/156 
f 155/94/155 156/96/156 157/97/157 
f 154/93/154 158/98/158 156/96/156 
f 154/93/154 159/95/159 158/98/158 
f 150/93/150 159/95/159 154/93/154 
f 150/93/150 152/95/152 159/95/159 
f 157/97/157 156/96/156 160/99/160 
f 157/97/157 160/99/160 161/100/161 
f 161/100/161 160/99/160 162/99/162 
f 161/100/161 162/99/162 163/100/163 
f 160/99/160 164/101/164 162/99/162 
f 160/99/160 165/101/165 164/101/164 
f 156/96/156 165/101/165 160/99/160 
f 156/96/156 158/98/158 165/101/165 
f 163/100/163 162/99/162 166/99/166 
f 163/100/163 166/99/166 167/100/167 
f 167/100/167 166/99/166 168/102/168 
f 167/100/167 168/102/168 169/103/169 
f 166/99/166 170/104/170 168/102/168 
f 166/99/166 171/101/171 170/104/170 
f 162/99/162 171/101/171 166/99/166 
f 162/99/162 164/101/164 171/101/171 
f 169/103/169 168/102/168 172/102/172 
f 169/103/169 172/102/172 173/103/173 
f 173/103/173 172/102/172 174/105/174 
f 173/103/173 174/105/174 175/106/175 
f 172/102/172 176/107/176 174/105/174 
f 172/102/172 177/104/177 176/107/176 
f 168/102/168 177/104/177 172/102/172 
f 168/102/168 170/104/170 177/104/177 
f 175/106/175 174/105/174 178/105/178 
f 175/106/175 178/105/178 179/106/179 
f 179/106/179 178/105/178 180/105/180 
f 179/106/179 180/105/180 181/106/181 
f 178/105/178 182/107/182 180/105/180 
f 178/105/178 183/107/183 182/107/182 
f 174/105/174 183/107/183 178/105/178 
f 174/105/174 176/107/176 183/107/183 
f 181/106/181 180/105/180 184/108/184 
f 181/106/181 184/108/184 185/109/185 
f 185/109/185 184/108/184 186/110/186 
f 185/109/185 186/110/186 187/109/187 
f 184/108/184 188/111/188 186/110/186 
f 184/108/184 189/112/189 188/111/188 
f 180/105/180 189/112/189 184/108/184 
f 180/105/180 182/107/182 189/112/189 
f 187/109/187 186/110/186 190/110/190 
f 187/109/187 190/110/190 191/113/191 
f 191/113/191 190/110/190 192/110/192 
f 191/113/191 192/110/192 193/113/193 
f 190/110/190 194/111/194 192/110/192 
f 190/110/190 195/111/195 194/111/194 
f 186/110/186 195/111/195 190/110/190 
f 186/110/186 188/111/188 195/111/195 
f 193/113/193 192/110/192 196/69/196 
f 193/113/193 196/69/196 197/67/197 
f 197/67/197 196/69/196 108/69/108 
f 197/67/197 108/69/108 107/67/107 
f 196/69/196 111/71/111 108/69/108 
f 196/69/196 198/71/198 111/71/111 
f 192/110/192 198/71/198 196/69/196 
f 192/110/192 194/111/194 198/71/198 
f 194/111/194 199/114/199 198/71/198 
f 194/111/194 200/115/200 199/114/199 
f 195/111/195 200/115/200 194/111/194 
f 198/71/198 201/114/201 111/71/111 
f 198/71/198 199/114/199 201/114/201 
f 111/71/111 201/114/201 202/114/202 
f 111/71/111 202/114/202 110/71/110 
f 110/71/110 202/114/202 203/116/203 
f 110/71/110 203/116/203 109/70/109 
f 202/114/202 204/117/204 203/116/203 
f 201/114/201 204/117/204 202/114/202 
f 199/114/199 204/117/204 201/114/201 
f 3/3/3 41/30/41 5/2/5 
f 3/3/3 36/30/36 41/30/41 
f 5/2/5 41/30/41 43/35/43 
f 5/2/5 43/35/43 6/5/6 
f 14/12/14 61/46/61 15/13/15 
f 14/12/14 59/44/59 61/46/61 
f 15/13/15 61/46/61 63/46/63 
f 15/13/15 63/46/63 16/14/16 
f 16/14/16 63/46/63 65/46/65 
f 16/14/16 65/46/65 17/13/17 
f 17/13/17 65/46/65 67/48/67 
f 17/13/17 67/48/67 18/15/18 
f 18/15/18 67/48/67 69/48/69 
f 18/15/18 69/48/69 19/16/19 
f 19/16/19 69/48/69 71/50/71 
f 19/16/19 71/50/71 20/17/20 
f 20/17/20 71/50/71 73/52/73 
f 20/17/20 73/52/73 21/18/21 
f 21/18/21 73/52/73 75/52/75 
f 21/18/21 75/52/75 22/19/22 
f 30/26/30 93/62/93 31/27/31 
f 30/26/30 91/60/91 93/62/93 
f 31/27/31 93/62/93 95/62/95 
f 31/27/31 95/62/95 32/28/32 
f 32/28/32 95/62/95 97/31/97 
f 32/28/32 97/31/97 33/29/33 
f 33/29/33 97/31/97 35/31/35 
f 33/29/33 35/31/35 4/4/4 
f 200/115/200 204/117/204 199/114/199 
f 205/115/205 204/117/204 200/115/200 
f 195/111/195 205/115/205 200/115/200 
f 188/111/188 205/115/205 195/111/195 
f 188/111/188 206/115/206 205/115/205 
f 206/115/206 204/117/204 205/115/205 
f 189/112/189 206/115/206 188/111/188 
f 189/112/189 207/118/207 206/115/206 
f 207/118/207 204/117/204 206/115/206 
f 182/107/182 207/118/207 189/112/189 
f 182/107/182 208/119/208 207/118/207 
f 208/119/208 204/117/204 207/118/207 
f 183/107/183 208/119/208 182/107/182 
f 183/107/183 209/119/209 208/119/208 
f 209/119/209 204/117/204 208/119/208 
f 176/107/176 209/119/209 183/107/183 
f 176/107/176 210/119/210 209/119/209 
f 210/119/210 204/117/204 209/119/209 
f 177/104/177 210/119/210 176/107/176 
f 177/104/177 211/120/211 210/119/210 
f 211/120/211 204/117/204 210/119/210 
f 170/104/170 211/120/211 177/104/177 
f 170/104/170 212/120/212 211/120/211 
f 212/120/212 204/117/204 211/120/211 
f 171/101/171 212/120/212 170/104/170 
f 171/101/171 213/121/213 212/120/212 
f 213/121/213 204/117/204 212/120/212 
f 164/101/164 213/121/213 171/101/171 
f 164/101/164 214/121/214 213/121/213 
f 214/121/214 204/117/204 213/121/213 
f 165/101/165 214/121/214 164/101/164 
f 165/101/165 215/121/215 214/121/214 
f 215/121/215 204/117/204 214/121/214 
f 158/98/158 215/121/215 165/101/165 
f 158/98/158 216/122/216 215/121/215 
f 216/122/216 204/117/204 215/121/215 
f 159/95/159 216/122/216 158/98/158 
f 159/95/159 217/123/217 216/122/216 
f 217/123/217 204/117/204 216/122/216 
f 152/95/152 217/123/217 159/95/159 
f 152/95/152 218/123/218 217/123/217 
f 218/123/218 204/117/204 217/123/217 
f 153/92/153 218/123/218 152/95/152 
f 153/92/153 219/124/219 218/123/218 
f 219/124/219 204/117/204 218/123/218 
f 146/92/146 219/124/219 153/92/153 
f 146/92/146 220/124/220 219/124/219 
f 220/124/220 204/117/204 219/124/219 
f 147/92/147 220/124/220 146/92/146 
f 147/92/147 221/124/221 220/124/220 
f 221/124/221 204/117/204 220/124/220 
f 140/89/140 221/124/221 147/92/147 
f 140/89/140 222/125/222 221/124/221 
f 222/125/222 204/117/204 221/124/221 
f 141/85/141 222/125/222 140/89/140 
f 141/85/141 223/126/223 222/125/222 
f 223/126/223 204/117/204 222/125/222 
f 134/85/134 223/126/223 141/85/141 
f 134/85/134 224/126/224 223/126/223 
f 224/126/224 204/117/204 223/126/223 
f 135/86/135 224/126/224 134/85/134 
f 135/86/135 225/127/225 224/126/224 
f 225/127/225 204/117/204 224/126/224 
f 128/80/128 225/127/225 135/86/135 
f 128/80/128 226/128/226 225/127/225 
f 226/128/226 204/117/204 225/127/225 
f 129/80/129 226/128/226 128/80/128 
f 129/80/129 227/128/227 226/128/226 
f 227/128/227 204/117/204 226/128/226 
f 122/77/122 227/128/227 129/80/129 
f 122/77/122 228/129/228 227/128/227 
f 228/129/228 204/117/204 227/128/227 
f 123/77/123 228/129/228 122/77/122 
f 123/77/123 229/129/229 228/129/228 
f 229/129/229 204/117/204 228/129/228 
f 116/74/116 229/129/229 123/77/123 
f 116/74/116 230/130/230 229/129/229 
f 230/130/230 204/117/204 229/129/229 
f 117/70/117 230/130/230 116/74/116 
f 117/70/117 231/116/231 230/130/230 
f 231/116/231 204/117/204 230/130/230 
f 109/70/109 231/116/231 117/70/117 
f 109/70/109 203/116/203 231/116/231 
f 203/116/203 204/117/204 231/116/231 
f 98/63/98 197/67/197 107/67/107 
f 99/64/99 197/67/197 98/63/98 
f 99/64/99 193/113/193 197/67/197 
f 232/64/232 193/113/193 99/64/99 
f 92/61/92 232/64/232 99/64/99 
f 90/59/90 232/64/232 92/61/92 
f 90/59/90 233/131/233 232/64/232 
f 232/64/232 191/113/191 193/113/193 
f 233/131/233 191/113/191 232/64/232 
f 233/131/233 187/109/187 191/113/191 
f 88/59/88 233/131/233 90/59/90 
f 88/59/88 234/131/234 233/131/233 
f 234/131/234 187/109/187 233/131/233 
f 86/57/86 234/131/234 88/59/88 
f 86/57/86 235/132/235 234/131/234 
f 234/131/234 185/109/185 187/109/187 
f 235/132/235 185/109/185 234/131/234 
f 235/132/235 181/106/181 185/109/185 
f 84/57/84 235/132/235 86/57/86 
f 84/57/84 236/132/236 235/132/235 
f 236/132/236 181/106/181 235/132/235 
f 82/55/82 236/132/236 84/57/84 
f 82/55/82 237/132/237 236/132/236 
f 236/132/236 179/106/179 181/106/181 
f 237/132/237 179/106/179 236/132/236 
f 237/132/237 175/106/175 179/106/179 
f 80/53/80 237/132/237 82/55/82 
f 80/53/80 238/133/238 237/132/237 
f 238/133/238 175/106/175 237/132/237 
f 78/53/78 238/133/238 80/53/80 
f 78/53/78 239/134/239 238/133/238 
f 238/133/238 173/103/173 175/106/175 
f 239/134/239 173/103/173 238/133/238 
f 239/134/239 169/103/169 173/103/173 
f 76/51/76 239/134/239 78/53/78 
f 76/51/76 240/135/240 239/134/239 
f 240/135/240 169/103/169 239/134/239 
f 74/51/74 240/135/240 76/51/76 
f 74/51/74 241/135/241 240/135/240 
f 240/135/240 167/100/167 169/103/169 
f 241/135/241 167/100/167 240/135/240 
f 241/135/241 163/100/163 167/100/167 
f 72/51/72 241/135/241 74/51/74 
f 72/51/72 242/135/242 241/135/241 
f 242/135/242 163/100/163 241/135/241 
f 70/49/70 242/135/242 72/51/72 
f 70/49/70 243/136/243 242/135/242 
f 242/135/242 161/100/161 163/100/163 
f 243/136/243 161/100/161 242/135/242 
f 243/136/243 157/97/157 161/100/161 
f 68/47/68 243/136/243 70/49/70 
f 68/47/68 244/137/244 243/136/243 
f 244/137/244 157/97/157 243/136/243 
f 66/47/66 244/137/244 68/47/68 
f 66/47/66 245/137/245 244/137/244 
f 244/137/244 155/94/155 157/97/157 
f 245/137/245 155/94/155 244/137/244 
f 245/137/245 151/94/151 155/94/155 
f 64/45/64 245/137/245 66/47/66 
f 64/45/64 246/138/246 245/137/245 
f 246/138/246 151/94/151 245/137/245 
f 62/45/62 246/138/246 64/45/64 
f 62/45/62 247/138/247 246/138/246 
f 246/138/246 149/91/149 151/94/151 
f 247/138/247 149/91/149 246/138/246 
f 247/138/247 145/91/145 149/91/149 
f 60/45/60 247/138/247 62/45/62 
f 60/45/60 248/138/248 247/138/247 
f 248/138/248 145/91/145 247/138/247 
f 58/43/58 248/138/248 60/45/60 
f 58/43/58 249/139/249 248/138/248 
f 248/138/248 143/91/143 145/91/145 
f 249/139/249 143/91/143 248/138/248 
f 249/139/249 139/88/139 143/91/143 
f 56/41/56 249/139/249 58/43/58 
f 56/41/56 250/140/250 249/139/249 
f 250/140/250 139/88/139 249/139/249 
f 54/41/54 250/140/250 56/41/56 
f 54/41/54 251/140/251 250/140/250 
f 250/140/250 137/84/137 139/88/139 
f 251/140/251 137/84/137 250/140/250 
f 251/140/251 133/84/133 137/84/137 
f 52/39/52 251/140/251 54/41/54 
f 52/39/52 252/141/252 251/140/251 
f 252/141/252 133/84/133 251/140/251 
f 50/37/50 252/141/252 52/39/52 
f 50/37/50 253/142/253 252/141/252 
f 252/141/252 131/82/131 133/84/133 
f 253/142/253 131/82/131 252/141/252 
f 253/142/253 127/79/127 131/82/131 
f 48/37/48 253/142/253 50/37/50 
f 48/37/48 254/142/254 253/142/253 
f 254/142/254 127/79/127 253/142/253 
f 46/36/46 254/142/254 48/37/48 
f 46/36/46 255/143/255 254/142/254 
f 254/142/254 125/79/125 127/79/127 
f 255/143/255 125/79/125 254/142/254 
f 255/143/255 121/76/121 125/79/125 
f 44/36/44 255/143/255 46/36/46 
f 44/36/44 256/143/256 255/143/255 
f 256/143/256 121/76/121 255/143/255 
f 42/34/42 256/143/256 44/36/44 
f 42/34/42 257/144/257 256/143/256 
f 256/143/256 119/76/119 121/76/121 
f 257/144/257 119/76/119 256/143/256 
f 257/144/257 115/73/115 119/76/119 
f 40/32/40 257/144/257 42/34/42 
f 40/32/40 258/65/258 257/144/257 
f 258/65/258 115/73/115 257/144/257 
f 38/32/38 258/65/258 40/32/40 
f 38/32/38 102/65/102 258/65/258 
f 258/65/258 113/66/113 115/73/115 
f 102/65/102 113/66/113 258/65/258 
f 259/145/259 260/146/259 261/147/259 
s 2
f 260/146/260 259/145/260 262/148/260 
s 3
f 263/149/261 262/150/261 259/151/261 
s 4
f 262/150/262 263/149/262 264/152/262 
s 5
f 265/153/263 263/154/264 266/155/265 
s 6
f 263/154/264 265/153/263 264/156/266 
s 7
f 260/146/267 262/148/267 259/145/267 
s 8
f 259/145/268 261/147/268 260/146/268 
s 9
f 262/150/269 263/149/270 259/151/271 
s 10
f 263/149/270 262/150/269 264/152/272 
s 11
f 263/154/273 265/153/274 266/155/275 
s 12
f 265/153/274 263/154/273 264/156/276 
s 1
f 267/157/277 268/158/278 269/159/277 
s 2
f 270/160/279 268/158/280 267/157/280 
s 3
f 271/161/279 268/158/279 270/160/279 
s 4
f 272/162/281 271/161/277 270/160/277 
s 5
f 273/163/277 274/164/277 275/165/277 
s 6
f 276/166/277 277/167/277 274/164/277 
s 7
f 278/168/277 279/169/277 277/167/277 
s 8
f 280/170/277 278/168/277 277/167/277 
s 9
f 281/171/277 279/169/277 278/168/277 
s 10
f 282/172/282 283/169/282 284/171/282 
s 11
f 285/173/282 282/172/282 284/171/282 
s 12
f 286/168/282 285/173/282 284/171/282 
s 13
f 287/174/282 285/173/282 286/168/282 
s 14
f 288/170/282 287/174/282 286/168/282 
s 15
f 289/167/282 287/174/282 288/170/282 
s 16
f 290/175/282 287/174/282 289/167/282 
s 17
f 291/166/282 290/175/282 289/167/282 
s 18
f 292/176/283 293/177/283 294/178/283 
s 19
f 295/179/284 294/178/283 293/177/285 
s 20
f 296/180/286 292/181/286 297/182/286 
s 21
f 294/183/286 297/182/286 292/181/286 
s 22
f 298/184/287 296/185/288 299/184/289 
s 23
f 297/185/290 299/184/289 296/185/288 
s 24
f 300/186/291 298/184/287 301/186/291 
s 25
f 299/184/289 301/186/291 298/184/287 
s 26
f 302/187/292 303/188/293 304/189/294 
s 27
f 305/190/295 304/189/294 303/188/293 
s 28
f 306/191/296 302/187/292 307/192/297 
s 29
f 304/189/294 307/192/297 302/187/292 
s 30
f 268/193/298 306/191/296 308/194/298 
s 31
f 307/192/297 308/194/298 306/191/296 
s 32
f 309/195/299 268/158/300 310/195/300 
s 33
f 308/158/301 310/195/300 268/158/278 
s 34
f 269/159/277 268/158/277 309/195/299 
s 35
f 311/196/302 312/197/303 313/198/304 
s 36
f 314/199/305 315/200/306 316/201/307 
s 37
f 315/200/306 314/199/305 317/202/308 
s 38
f 317/203/309 318/204/310 315/205/311 
s 39
f 318/204/310 317/203/309 319/206/312 
s 40
f 320/207/313 321/208/314 322/209/315 
s 41
f 321/208/314 320/207/313 323/210/316 
s 42
f 323/210/316 324/211/317 321/208/314 
s 43
f 324/211/318 323/210/316 325/212/319 
s 44
f 322/209/320 319/206/312 320/207/313 
s 45
f 316/213/321 326/214/322 327/215/322 
s 46
f 326/214/323 316/213/321 322/209/324 
s 47
f 328/216/325 324/217/325 327/218/325 
s 48
f 329/219/326 326/214/327 321/208/314 
s 49
f 324/211/318 329/219/326 321/208/314 
s 50
f 329/219/326 324/211/318 328/220/328 
s 51
f 322/209/320 321/208/314 326/214/327 
s 52
f 330/165/282 290/175/282 291/166/282 
s 53
f 331/164/282 330/165/282 291/166/282 
s 54
f 332/163/282 330/165/282 331/164/282 
s 55
f 333/221/282 283/169/282 282/172/282 
s 56
f 269/159/329 309/195/329 334/159/330 
s 57
f 310/195/329 334/159/330 309/195/329 
s 58
f 267/157/331 269/159/331 335/157/332 
s 59
f 334/159/330 335/157/332 269/159/331 
s 60
f 270/160/333 267/157/334 336/160/335 
s 61
f 335/157/332 336/160/335 267/157/334 
s 62
f 272/162/281 270/160/333 337/162/336 
s 63
f 336/160/335 337/162/336 270/160/333 
s 64
f 301/186/337 272/162/281 300/186/337 
s 65
f 337/162/337 300/186/337 272/162/281 
s 66
f 338/222/338 339/223/339 313/198/340 
s 67
f 339/223/339 340/224/341 313/198/340 
s 68
f 312/197/342 338/222/342 313/198/304 
s 69
f 341/225/343 313/198/343 340/224/343 
s 70
f 342/226/344 343/227/345 344/228/346 
s 71
f 342/226/344 345/229/347 343/227/345 
s 72
f 343/227/345 346/230/348 347/231/349 
s 73
f 345/229/347 348/232/350 343/227/345 
s 74
f 348/232/350 346/230/348 343/227/345 
s 75
f 348/232/350 349/233/351 346/230/348 
s 76
f 350/234/352 351/235/353 352/236/354 
s 77
f 345/229/347 342/226/344 350/234/352 
s 78
f 342/226/344 351/235/353 350/234/352 
s 79
f 342/226/344 353/237/355 351/235/353 
s 80
f 354/238/356 350/234/352 352/236/354 
s 81
f 349/233/351 348/232/350 354/238/356 
s 82
f 348/232/350 350/234/352 354/238/356 
s 83
f 348/232/350 345/229/347 350/234/352 
s 84
f 355/231/357 356/227/358 357/228/359 
s 85
f 357/228/359 358/226/360 359/237/361 
s 86
f 357/228/359 356/227/358 358/226/360 
s 87
f 360/228/346 361/227/345 362/231/349 
s 88
f 363/237/355 364/226/344 360/228/346 
s 89
f 364/226/344 361/227/345 360/228/346 
s 90
f 364/226/344 365/229/347 361/227/345 
s 91
f 361/227/345 366/230/348 362/231/349 
s 92
f 365/229/347 367/232/350 361/227/345 
s 93
f 367/232/350 366/230/348 361/227/345 
s 94
f 367/232/350 368/233/351 366/230/348 
s 95
f 369/234/352 370/235/353 371/236/354 
s 96
f 365/229/347 364/226/344 369/234/352 
s 97
f 364/226/344 370/235/353 369/234/352 
s 98
f 364/226/344 363/237/355 370/235/353 
s 99
f 372/238/356 369/234/352 371/236/354 
s 100
f 368/233/351 367/232/350 372/238/356 
s 101
f 367/232/350 369/234/352 372/238/356 
s 102
f 367/232/350 365/229/347 369/234/352 
s 103
f 344/228/346 343/227/345 347/231/349 
s 104
f 353/237/355 342/226/344 344/228/346 
s 105
f 373/234/362 374/235/363 375/226/360 
s 106
f 373/234/362 375/226/360 376/229/364 
s 107
f 377/236/365 374/235/363 373/234/362 
s 108
f 378/230/366 379/233/367 380/232/368 
s 109
f 381/227/358 378/230/366 380/232/368 
s 110
f 381/227/358 380/232/368 376/229/364 
s 111
f 382/231/357 378/230/366 381/227/358 
s 112
f 381/227/358 376/229/364 375/226/360 
s 113
f 383/228/369 381/227/358 375/226/360 
s 114
f 383/228/369 375/226/360 384/237/370 
s 115
f 382/231/357 381/227/358 383/228/369 
s 116
f 385/239/371 305/190/295 271/240/372 
s 117
f 303/188/293 271/240/372 305/190/295 
s 118
f 386/241/373 385/239/371 387/242/374 
s 119
f 271/240/372 387/242/374 385/239/371 
s 120
f 293/177/285 386/241/373 295/179/284 
s 121
f 387/242/375 295/179/284 386/241/373 
s 122
f 356/227/358 388/229/364 358/226/360 
s 123
f 355/231/357 389/230/376 356/227/358 
s 124
f 356/227/358 390/232/368 388/229/364 
s 125
f 356/227/358 389/230/376 390/232/368 
s 126
f 389/230/376 391/233/367 390/232/368 
s 127
f 392/236/365 393/235/363 394/234/362 
s 128
f 394/234/362 358/226/360 388/229/364 
s 129
f 394/234/362 393/235/363 358/226/360 
s 130
f 393/235/363 359/237/377 358/226/360 
s 131
f 392/236/365 394/234/362 395/238/378 
s 132
f 395/238/378 390/232/368 391/233/367 
s 133
f 395/238/378 394/234/362 390/232/368 
s 134
f 394/234/362 388/229/364 390/232/368 
s 135
f 373/234/362 376/229/364 380/232/368 
s 136
f 396/238/378 373/234/362 380/232/368 
s 137
f 396/238/378 380/232/368 379/233/367 
s 138
f 377/236/365 373/234/362 396/238/378 
s 139
f 374/235/363 384/237/370 375/226/360 
s 140
f 290/243/379 330/244/380 397/245/379 
s 141
f 273/246/381 275/247/382 332/248/381 
s 142
f 330/244/380 332/248/381 275/247/382 
s 143
f 274/249/383 273/250/383 331/251/383 
s 144
f 332/252/383 331/251/383 273/250/383 
s 145
f 276/253/384 274/254/385 291/255/386 
s 146
f 331/256/385 291/255/385 274/254/385 
s 147
f 277/257/387 276/253/384 289/258/388 
s 148
f 291/255/386 289/258/388 276/253/384 
s 149
f 280/259/389 277/257/390 288/260/391 
s 150
f 289/258/388 288/260/392 277/257/392 
s 151
f 278/261/393 280/259/389 286/262/394 
s 152
f 288/260/391 286/262/394 280/259/389 
s 153
f 281/263/395 278/261/396 284/264/397 
s 154
f 286/262/394 284/264/396 278/261/393 
s 155
f 279/265/398 281/263/395 283/266/398 
s 156
f 284/264/397 283/266/398 281/263/395 
s 157
f 398/267/399 399/268/400 400/269/399 
s 158
f 401/270/401 402/271/402 403/272/402 
s 159
f 399/268/400 403/272/402 402/271/402 
s 160
f 404/273/403 401/270/401 405/274/403 
s 161
f 403/272/403 405/274/403 401/270/401 
s 162
f 406/275/404 404/276/405 407/275/406 
s 163
f 405/276/406 407/275/406 404/276/405 
s 164
f 408/277/407 406/275/404 409/277/408 
s 165
f 407/275/408 409/277/408 406/275/404 
s 166
f 410/278/409 408/279/410 411/280/411 
s 167
f 409/281/410 411/280/411 408/279/410 
s 168
f 412/282/412 410/278/412 413/283/413 
s 169
f 411/280/411 413/283/413 410/278/409 
s 170
f 414/284/414 412/282/415 415/285/416 
s 171
f 413/283/413 415/285/416 412/282/415 
s 172
f 416/286/417 414/284/418 417/287/418 
s 173
f 275/247/382 397/245/379 330/244/380 
s 174
f 418/288/282 417/289/282 419/290/282 
s 175
f 420/291/282 417/289/282 418/288/282 
s 176
f 421/292/282 417/289/282 420/291/282 
s 177
f 422/293/282 421/292/282 420/291/282 
s 178
f 423/294/282 421/292/282 422/293/282 
s 179
f 424/295/282 423/294/282 422/293/282 
s 180
f 425/296/282 424/295/282 422/293/282 
s 181
f 426/297/282 417/289/282 421/292/282 
s 182
f 413/298/282 411/299/282 415/300/282 
s 183
f 427/301/419 428/302/420 282/303/421 
s 184
f 333/304/420 282/303/421 428/302/420 
s 185
f 429/305/422 427/301/419 285/306/423 
s 186
f 282/303/421 285/306/423 427/301/419 
s 187
f 430/307/424 429/305/422 287/308/425 
s 188
f 285/306/423 287/308/426 429/305/422 
s 189
f 397/245/379 430/307/424 290/243/379 
s 190
f 287/308/425 290/243/379 430/307/424 
s 191
f 428/302/427 279/309/427 333/304/427 
s 192
f 283/310/427 333/304/427 279/309/427 
s 193
f 427/172/277 279/169/277 428/221/277 
s 194
f 429/173/277 279/169/277 427/172/277 
s 195
f 430/174/277 279/169/277 429/173/277 
s 196
f 277/167/277 279/169/277 430/174/277 
s 197
f 397/175/277 277/167/277 430/174/277 
s 198
f 275/165/277 277/167/277 397/175/277 
s 199
f 274/164/277 277/167/277 275/165/277 
s 200
f 431/294/277 432/295/277 433/292/277 
s 201
f 407/275/282 411/299/282 409/277/282 
s 202
f 403/311/282 411/299/282 407/275/282 
s 203
f 405/276/282 403/311/282 407/275/282 
s 204
f 398/312/282 411/299/282 403/311/282 
s 205
f 399/313/282 398/312/282 403/311/282 
s 206
f 415/300/282 411/299/282 398/312/282 
s 207
f 417/289/282 415/300/282 398/312/282 
s 208
f 419/290/282 417/289/282 398/312/282 
s 209
f 337/162/282 386/314/282 300/186/282 
s 210
f 385/161/282 386/314/282 337/162/282 
s 211
f 305/315/282 385/161/282 337/162/282 
s 212
f 336/160/282 305/315/282 337/162/282 
s 213
f 304/316/282 305/315/282 336/160/282 
s 214
f 335/157/282 304/316/282 336/160/282 
s 215
f 307/317/282 304/316/282 335/157/282 
s 216
f 334/159/282 307/317/282 335/157/282 
s 217
f 308/158/301 307/317/282 334/159/282 
s 218
f 310/195/282 308/158/301 334/159/282 
s 219
f 292/318/282 296/185/288 293/319/282 
s 220
f 315/205/311 322/209/324 316/213/321 
s 221
f 322/209/428 315/205/311 318/204/310 
s 222
f 311/196/302 313/198/304 341/225/429 
s 223
f 415/285/416 417/287/418 414/284/414 
s 224
f 434/320/430 416/286/417 426/321/430 
s 225
f 417/287/430 426/321/430 416/286/417 
s 226
f 325/322/431 316/201/432 324/217/433 
s 227
f 316/201/307 325/322/434 314/199/305 
s 228
f 319/206/312 322/209/435 318/204/310 
s 229
f 324/217/433 316/201/432 327/218/436 
s 230
f 326/214/437 328/220/438 327/215/439 
s 231
f 328/220/438 326/214/437 329/219/326 
s 232
f 301/186/277 271/161/277 272/162/281 
s 233
f 295/319/277 271/161/277 301/186/277 
s 234
f 299/184/277 295/319/277 301/186/277 
s 235
f 297/185/277 295/319/277 299/184/277 
s 236
f 294/318/277 295/319/277 297/185/277 
s 237
f 387/314/277 271/161/277 295/319/277 
s 238
f 302/316/277 268/158/277 271/161/277 
s 239
f 303/315/277 302/316/277 271/161/277 
s 240
f 306/317/277 268/158/277 302/316/277 
s 241
f 293/319/282 296/185/288 298/184/287 
s 242
f 300/186/282 293/319/282 298/184/287 
s 243
f 386/314/282 293/319/282 300/186/282 
s 244
f 410/299/277 414/300/277 406/275/404 
s 245
f 408/277/407 410/299/277 406/275/404 
s 246
f 412/298/277 414/300/277 410/299/277 
s 247
f 416/289/277 432/295/277 414/300/277 
s 248
f 433/292/277 432/295/277 416/289/277 
s 249
f 434/297/277 433/292/277 416/289/277 
s 250
f 435/323/440 436/324/441 422/325/441 
s 251
f 425/326/441 422/325/442 436/324/441 
s 252
f 437/327/443 435/323/440 420/328/444 
s 253
f 422/325/442 420/328/445 435/323/440 
s 254
f 438/329/446 437/327/443 418/330/447 
s 255
f 420/328/444 418/330/447 437/327/443 
s 256
f 439/331/448 438/329/449 419/332/450 
s 257
f 418/330/447 419/332/450 438/329/449 
s 258
f 400/269/445 439/331/448 398/267/445 
s 259
f 419/332/450 398/267/445 439/331/448 
s 260
f 402/271/451 400/269/451 399/268/400 
s 261
f 433/333/452 434/320/453 421/334/454 
s 262
f 426/321/453 421/334/454 434/320/453 
s 263
f 431/335/455 433/333/452 423/336/456 
s 264
f 421/334/454 423/336/456 433/333/452 
s 265
f 432/337/457 431/335/455 424/338/458 
s 266
f 423/336/456 424/338/458 431/335/455 
s 267
f 436/339/459 432/337/459 425/340/459 
s 268
f 424/338/458 425/340/459 432/337/459 
s 269
f 435/293/277 432/295/277 436/296/277 
s 270
f 437/291/277 432/295/277 435/293/277 
s 271
f 439/290/277 432/295/277 437/291/277 
s 272
f 438/288/277 439/290/277 437/291/277 
s 273
f 400/312/277 432/295/277 439/290/277 
s 274
f 414/300/277 432/295/277 400/312/277 
s 275
f 406/275/404 414/300/277 400/312/277 
s 276
f 401/311/277 406/275/404 400/312/277 
s 277
f 402/313/277 401/311/277 400/312/277 
s 278
f 404/276/405 406/275/404 401/311/277 
s 1
f 440/341/460 441/342/461 442/343/462 
s 2
f 443/344/463 444/345/464 445/346/465 
s 3
f 445/346/465 446/347/466 443/344/463 
s 4
f 447/348/467 448/349/468 449/350/469 
s 5
f 448/349/468 447/348/467 450/351/470 
s 6
f 451/352/471 452/353/472 453/354/473 
s 7
f 452/353/472 451/352/471 454/355/474 
s 8
f 451/352/471 443/344/463 455/356/475 
s 9
f 455/356/475 454/355/474 451/352/471 
s 10
f 456/357/476 457/358/477 449/350/478 
s 11
f 458/359/479 453/360/480 452/361/481 
s 12
f 453/360/480 458/359/479 456/357/476 
s 13
f 459/362/482 460/363/483 461/364/484 
s 14
f 460/363/483 459/362/482 462/365/485 
s 15
f 462/365/485 446/347/466 463/366/486 
s 16
f 446/347/466 462/365/485 459/362/482 
s 17
f 458/359/479 452/361/481 464/367/487 
s 18
f 460/363/483 465/368/488 461/364/484 
s 19
f 460/363/483 466/369/489 465/368/488 
s 20
f 466/369/489 457/358/490 465/368/491 
s 21
f 467/370/492 468/371/493 469/372/494 
s 22
f 470/373/495 471/374/496 467/370/492 
s 23
f 472/375/497 473/376/498 474/377/499 
s 24
f 473/376/500 472/375/497 475/378/500 
s 25
f 476/379/501 477/380/502 478/381/503 
s 26
f 479/382/504 480/383/505 481/384/506 
s 27
f 480/383/505 479/382/504 482/385/507 
s 28
f 481/384/506 483/386/508 484/387/509 
s 29
f 483/386/508 481/384/506 480/383/505 
s 30
f 485/388/510 486/389/511 487/390/512 
s 31
f 486/389/511 485/388/510 488/391/513 
s 32
f 483/386/514 488/391/513 484/387/509 
s 33
f 485/388/510 484/387/509 488/391/513 
s 34
f 478/392/515 489/393/516 486/394/517 
s 35
f 486/394/517 482/395/518 476/396/519 
s 36
f 476/396/519 478/392/515 486/394/517 
s 37
f 490/397/520 491/398/521 492/399/522 
s 38
f 491/398/521 490/397/520 493/400/523 
s 39
f 492/399/522 491/398/521 494/401/524 
s 40
f 495/402/525 442/343/526 441/342/461 
s 41
f 496/403/527 497/404/528 498/405/529 
s 42
f 499/406/530 500/407/531 501/408/532 
s 43
f 500/407/531 499/406/530 502/409/533 
s 44
f 440/341/460 503/410/534 504/411/535 
s 45
f 503/410/534 440/341/460 497/404/528 
s 46
f 505/412/536 501/408/537 506/413/538 
s 47
f 501/408/537 505/412/536 499/406/530 
s 48
f 502/409/539 498/414/540 500/407/531 
s 49
f 498/414/540 502/409/539 496/415/541 
s 50
f 501/416/542 498/405/543 497/404/528 
s 51
f 498/405/543 501/416/544 500/417/544 
s 52
f 506/418/545 501/416/542 497/404/528 
s 53
f 507/419/546 508/420/547 509/421/548 
s 54
f 508/420/547 507/419/546 510/422/549 
s 55
f 511/423/550 510/422/549 507/419/546 
s 56
f 446/347/466 459/362/482 443/344/463 
s 57
f 459/362/482 461/364/484 512/424/551 
s 58
f 512/424/551 443/344/463 459/362/482 
s 59
f 466/369/489 460/363/483 462/365/485 
s 60
f 462/365/485 513/425/552 466/369/489 
s 61
f 454/355/474 455/356/475 514/426/553 
s 62
f 514/426/553 464/427/554 454/355/474 
s 63
f 515/428/555 516/429/556 517/430/557 
s 64
f 491/398/521 516/431/558 515/428/555 
s 65
f 517/430/557 516/429/556 518/432/559 
s 66
f 518/432/559 516/433/560 495/402/525 
s 67
f 495/402/525 516/433/561 493/434/562 
s 68
f 493/400/563 516/431/558 491/398/521 
s 69
f 517/430/557 519/435/564 515/428/555 
s 70
f 520/436/565 494/401/524 491/398/521 
s 71
f 491/398/521 515/428/555 520/436/565 
s 72
f 518/432/559 519/435/564 517/430/557 
s 73
f 518/432/559 521/437/566 519/435/564 
s 74
f 441/342/461 518/432/559 495/402/525 
s 75
f 495/402/525 493/434/567 442/343/567 
s 76
f 490/438/568 442/343/526 493/434/562 
s 77
f 503/410/569 502/439/570 499/440/571 
s 78
f 502/439/570 503/410/569 496/403/572 
s 79
f 499/440/571 504/411/573 503/410/569 
s 80
f 504/411/574 499/440/571 505/411/574 
s 81
f 497/404/528 496/403/527 503/410/534 
s 82
f 522/441/575 523/442/576 487/390/512 
s 83
f 524/443/577 525/444/578 526/445/579 
s 84
f 525/444/578 524/443/577 527/446/580 
s 85
f 527/446/580 524/443/577 477/380/502 
s 86
f 477/380/502 528/447/581 527/446/580 
s 87
f 529/448/582 530/449/583 531/450/584 
s 88
f 530/449/583 532/451/585 471/374/496 
s 89
f 471/374/496 531/450/584 530/449/583 
s 90
f 533/452/586 534/453/587 467/370/492 
s 91
f 534/453/587 533/452/588 535/454/589 
s 92
f 532/451/590 467/370/492 471/374/496 
s 93
f 467/370/492 532/451/585 533/452/588 
s 94
f 475/378/591 534/453/587 535/454/592 
s 95
f 536/455/593 471/374/496 470/373/495 
s 96
f 471/374/496 536/455/594 531/450/584 
s 97
f 531/450/584 536/455/594 537/456/595 
s 98
f 537/456/595 529/448/596 531/450/584 
s 99
f 510/422/597 511/423/550 538/457/598 
s 100
f 539/458/599 538/457/598 511/423/599 
s 101
f 538/457/598 539/458/600 540/459/601 
s 102
f 541/429/602 542/428/603 543/430/604 
s 103
f 541/431/605 544/398/606 542/428/603 
s 104
f 541/429/602 543/430/604 545/432/607 
s 105
f 541/433/608 545/432/607 546/402/609 
s 106
f 541/433/610 546/402/609 547/434/611 
s 107
f 541/431/612 547/400/613 544/398/606 
s 108
f 542/428/603 548/435/614 543/430/604 
s 109
f 544/398/606 549/401/615 550/436/616 
s 110
f 550/436/616 542/428/603 544/398/606 
s 111
f 543/430/604 548/435/614 545/432/607 
s 112
f 548/435/614 551/437/617 545/432/607 
s 113
f 546/402/609 545/432/607 552/342/618 
s 114
f 553/460/619 554/461/619 555/462/619 
s 115
f 554/463/620 556/464/621 557/465/622 
s 116
f 556/464/621 554/463/620 553/466/623 
s 117
f 557/465/622 558/467/624 559/468/625 
s 118
f 559/468/625 560/469/626 557/465/622 
s 119
f 561/470/627 562/471/628 563/472/628 
s 120
f 521/437/629 562/473/630 564/474/631 
s 121
f 562/473/632 521/437/629 565/475/633 
s 122
f 566/476/634 484/387/509 567/477/635 
s 123
f 567/477/635 484/387/509 523/442/576 
s 124
f 485/388/510 523/442/576 484/387/509 
s 125
f 479/382/504 568/478/636 528/479/637 
s 126
f 528/479/637 477/480/638 479/382/504 
s 127
f 479/382/504 481/384/506 566/476/639 
s 128
f 566/476/640 568/478/640 479/382/504 
s 129
f 487/390/512 526/445/579 522/441/641 
s 130
f 525/444/578 522/441/641 526/445/579 
s 131
f 485/388/510 487/390/512 523/442/576 
s 132
f 569/481/642 570/482/643 571/483/644 
s 133
f 570/482/643 569/481/642 572/484/645 
s 134
f 573/485/646 574/486/647 575/487/648 
s 135
f 574/486/647 573/485/646 576/488/649 
s 136
f 577/489/650 453/354/473 578/490/651 
s 137
f 453/354/473 577/489/650 579/491/652 
s 138
f 529/492/653 537/493/654 580/494/653 
s 139
f 580/494/655 474/377/499 473/376/498 
s 140
f 581/495/656 580/494/657 537/493/654 
s 141
f 468/371/493 467/370/492 534/453/587 
s 142
f 508/420/658 540/496/659 539/497/660 
s 143
f 539/497/660 509/421/661 508/420/658 
s 144
f 582/498/662 509/421/548 583/499/663 
s 145
f 509/421/548 582/498/662 507/419/546 
s 146
f 582/498/662 584/500/664 511/423/665 
s 147
f 511/423/550 507/419/546 582/498/662 
s 148
f 584/500/664 539/458/600 511/423/550 
s 149
f 539/458/600 584/500/666 585/458/667 
s 150
f 494/401/524 583/499/663 509/421/668 
s 151
f 509/421/661 539/497/660 494/401/524 
s 152
f 565/475/633 563/501/669 562/473/669 
s 153
f 563/501/670 565/475/633 586/502/670 
s 154
f 587/503/671 586/502/672 565/475/673 
s 155
f 586/502/674 587/503/671 588/504/675 
s 156
f 587/503/676 561/439/677 588/504/675 
s 157
f 561/439/678 587/503/679 589/440/680 
s 158
f 562/471/681 561/470/627 589/406/682 
s 159
f 483/505/683 480/506/684 482/395/518 
s 160
f 482/395/518 486/394/517 483/505/683 
s 161
f 488/507/685 483/505/683 486/394/517 
s 162
f 484/387/509 566/476/634 481/384/506 
s 163
f 581/495/656 574/486/647 474/377/499 
s 164
f 474/377/499 580/494/657 581/495/656 
s 165
f 469/372/494 470/373/495 467/370/492 
s 166
f 470/373/495 469/372/494 571/483/644 
s 167
f 470/373/495 571/483/644 570/482/643 
s 168
f 472/375/497 474/377/499 574/486/647 
s 169
f 574/486/647 576/488/649 472/375/497 
s 170
f 576/488/649 469/372/494 468/371/493 
s 171
f 468/371/493 472/375/497 576/488/649 
s 172
f 577/489/650 570/482/643 572/484/645 
s 173
f 570/482/643 577/489/650 590/508/686 
s 174
f 590/508/686 578/490/651 591/509/687 
s 175
f 578/490/651 590/508/686 577/489/650 
s 176
f 579/491/652 577/489/650 444/345/688 
s 177
f 572/484/645 444/345/688 577/489/650 
s 178
f 592/510/689 448/349/468 575/487/648 
s 179
f 575/487/648 593/511/690 592/510/689 
s 180
f 592/510/689 578/512/691 453/360/480 
s 181
f 578/512/691 592/510/689 593/511/690 
s 182
f 569/481/642 594/513/692 445/346/465 
s 183
f 595/512/693 596/511/694 597/510/695 
s 184
f 598/481/696 599/346/697 600/513/698 
s 185
f 600/513/698 601/514/699 598/481/696 
s 186
f 602/484/700 603/345/701 598/481/696 
s 187
f 599/346/697 598/481/696 603/345/701 
s 188
f 604/485/702 605/349/703 606/487/704 
s 189
f 605/349/703 604/485/702 607/351/705 
s 190
f 608/491/706 609/344/707 603/345/701 
s 191
f 609/344/707 608/491/706 610/352/708 
s 192
f 611/354/709 610/352/708 608/491/706 
s 193
f 611/360/710 597/510/695 612/357/711 
s 194
f 597/510/695 605/349/703 612/357/711 
s 195
f 613/350/712 612/357/711 605/349/703 
s 196
f 472/375/497 468/371/493 534/453/587 
s 197
f 534/453/587 475/378/591 472/375/497 
s 198
f 536/455/594 470/373/495 570/482/643 
s 199
f 570/482/643 590/508/686 536/455/594 
s 200
f 591/509/687 537/456/595 536/455/594 
s 201
f 591/509/687 536/455/713 590/508/686 
s 202
f 591/515/714 593/511/690 537/493/654 
s 203
f 614/486/715 615/488/716 604/485/702 
s 204
f 616/489/717 595/490/718 611/354/709 
s 205
f 611/354/709 608/491/706 616/489/717 
s 206
f 608/491/706 603/345/701 616/489/717 
s 207
f 617/374/719 618/449/720 619/450/721 
s 208
f 620/452/722 621/370/723 622/453/724 
s 209
f 622/453/724 623/454/725 620/452/726 
s 210
f 624/451/727 617/374/719 621/370/723 
s 211
f 621/370/723 620/452/726 624/451/728 
s 212
f 625/378/729 623/454/725 622/453/724 
s 213
f 626/455/730 627/373/731 617/374/719 
s 214
f 617/374/719 619/450/721 626/455/730 
s 215
f 593/511/690 591/515/714 578/512/691 
s 216
f 537/493/654 593/511/690 581/495/656 
s 217
f 581/495/656 575/487/648 574/486/647 
s 218
f 575/487/648 581/495/656 593/511/690 
s 219
f 628/514/732 571/483/644 469/372/494 
s 220
f 571/483/644 628/514/732 569/481/642 
s 221
f 629/377/733 630/495/734 631/494/735 
s 222
f 632/372/736 621/370/723 627/373/737 
s 223
f 594/513/692 569/481/642 628/514/732 
s 224
f 572/484/645 569/481/642 444/345/688 
s 225
f 445/346/465 444/345/688 569/481/642 
s 226
f 573/485/646 575/487/648 448/349/468 
s 227
f 448/349/468 450/351/470 573/485/646 
s 228
f 579/491/652 444/345/688 443/344/463 
s 229
f 443/344/463 451/352/471 579/491/652 
s 230
f 453/354/473 579/491/652 451/352/471 
s 231
f 453/360/480 456/357/476 592/510/689 
s 232
f 592/510/689 456/357/476 448/349/468 
s 233
f 449/350/478 448/349/468 456/357/476 
s 234
f 463/366/486 445/346/465 594/513/692 
s 235
f 445/346/465 463/366/486 446/347/466 
s 236
f 633/493/738 630/495/734 596/511/694 
s 237
f 630/495/734 614/486/715 606/487/704 
s 238
f 606/487/704 596/511/694 630/495/734 
s 239
f 601/514/699 632/372/736 634/483/739 
s 240
f 634/483/739 598/481/696 601/514/699 
s 241
f 598/481/696 634/483/739 635/482/740 
s 242
f 635/482/740 602/484/700 598/481/696 
s 243
f 604/485/702 606/487/704 614/486/715 
s 244
f 636/347/741 609/344/707 637/362/742 
s 245
f 637/362/742 638/424/743 639/364/744 
s 246
f 638/424/743 637/362/742 609/344/707 
s 247
f 640/369/745 641/365/746 642/363/747 
s 248
f 641/365/746 640/369/745 643/425/748 
s 249
f 640/369/745 644/358/749 613/350/712 
s 250
f 613/350/712 643/425/748 640/369/745 
s 251
f 613/350/712 645/348/750 643/425/748 
s 252
f 643/425/748 646/366/751 641/365/746 
s 253
f 646/366/751 643/425/748 645/348/750 
s 254
f 647/355/752 648/353/753 649/427/754 
s 255
f 650/359/755 649/367/756 648/361/757 
s 256
f 642/363/747 639/364/744 651/368/758 
s 257
f 642/363/747 651/368/758 640/369/745 
s 258
f 619/450/721 633/456/759 626/455/760 
s 259
f 633/456/759 619/450/721 652/448/761 
s 260
f 652/492/762 631/494/735 633/493/738 
s 261
f 631/494/735 653/376/763 629/377/733 
s 262
f 630/495/734 633/493/738 631/494/764 
s 263
f 654/371/765 622/453/724 621/370/723 
s 264
f 466/369/489 449/350/478 457/358/477 
s 265
f 449/350/478 466/369/489 513/425/552 
s 266
f 449/350/478 513/425/552 447/348/467 
s 267
f 513/425/552 462/365/485 463/366/486 
s 268
f 463/366/486 447/348/467 513/425/552 
s 269
f 454/355/474 464/427/554 452/353/472 
s 270
f 504/411/766 565/475/673 521/437/566 
s 271
f 565/475/767 504/411/766 587/503/676 
s 272
f 504/411/768 589/440/680 587/503/679 
s 273
f 589/440/680 504/411/769 505/411/769 
s 274
f 564/516/770 589/406/682 505/412/536 
s 275
f 589/406/682 564/516/770 562/471/771 
s 276
f 563/472/772 588/517/772 561/470/627 
s 277
f 588/517/772 563/472/772 586/518/772 
s 278
f 650/359/755 648/361/757 611/360/710 
s 279
f 611/360/710 612/357/711 650/359/755 
s 280
f 637/362/742 639/364/744 642/363/747 
s 281
f 642/363/747 641/365/746 637/362/742 
s 282
f 641/365/746 646/366/751 636/347/741 
s 283
f 636/347/741 637/362/742 641/365/746 
s 284
f 648/353/753 647/355/752 610/352/708 
s 285
f 610/352/708 655/356/773 609/344/707 
s 286
f 607/351/705 600/513/698 645/348/750 
s 287
f 646/366/751 645/348/750 600/513/698 
s 288
f 653/519/774 631/520/775 656/478/776 
s 289
f 656/478/776 657/479/777 653/519/774 
s 290
f 631/520/778 652/521/779 658/476/780 
s 291
f 658/476/780 656/478/781 631/520/778 
s 292
f 652/521/782 659/477/782 658/476/782 
s 293
f 659/477/783 652/521/784 618/522/785 
s 294
f 618/522/785 660/442/786 659/477/783 
s 295
f 660/442/786 618/522/785 624/523/787 
s 296
f 624/523/787 620/524/788 660/442/786 
s 297
f 640/369/745 651/368/789 644/358/749 
s 298
f 647/355/752 661/426/790 655/356/773 
s 299
f 661/426/790 647/355/752 649/427/754 
s 300
f 602/484/700 616/489/717 603/345/701 
s 301
f 597/510/695 606/487/704 605/349/703 
s 302
f 606/487/704 597/510/695 596/511/694 
s 303
f 597/510/695 611/360/710 595/512/693 
s 304
f 621/370/723 632/372/736 654/371/765 
s 305
f 627/373/731 621/370/723 617/374/719 
s 306
f 662/375/791 629/377/733 653/376/763 
s 307
f 653/376/763 625/378/729 662/375/791 
s 308
f 662/375/791 622/453/724 654/371/765 
s 309
f 622/453/724 662/375/791 625/378/729 
s 310
f 626/455/792 635/482/740 627/373/792 
s 311
f 635/482/740 626/455/730 663/508/793 
s 312
f 664/509/794 626/455/730 633/456/759 
s 313
f 664/509/794 663/508/793 626/455/730 
s 314
f 664/515/795 633/493/738 596/511/694 
s 315
f 630/495/734 629/377/733 614/486/715 
s 316
f 655/356/773 610/352/708 647/355/752 
s 317
f 612/357/711 613/350/712 644/358/749 
s 318
f 646/366/751 600/513/698 599/346/697 
s 319
f 599/346/697 636/347/741 646/366/751 
s 320
f 609/344/707 599/346/697 603/345/701 
s 321
f 599/346/697 609/344/707 636/347/741 
s 322
f 645/348/750 613/350/712 605/349/703 
s 323
f 605/349/703 607/351/705 645/348/750 
s 324
f 610/352/708 611/354/709 648/353/753 
s 325
f 527/446/796 475/525/797 525/444/798 
s 326
f 521/437/799 441/342/461 504/411/799 
s 327
f 490/397/520 505/412/800 506/413/538 
s 328
f 505/412/536 490/397/520 492/399/522 
s 329
f 505/412/536 492/399/522 585/526/801 
s 330
f 494/401/524 585/526/801 492/399/522 
s 331
f 585/526/801 494/401/524 539/497/802 
s 332
f 564/516/770 505/412/536 585/526/801 
s 333
f 615/488/716 632/372/736 601/514/699 
s 334
f 601/514/699 604/485/702 615/488/716 
s 335
f 607/351/705 601/514/699 600/513/698 
s 336
f 601/514/699 607/351/705 604/485/702 
s 337
f 665/386/803 666/387/804 667/391/805 
s 338
f 668/388/806 667/391/805 666/387/804 
s 339
f 669/392/807 670/394/808 671/393/809 
s 340
f 670/394/808 672/396/810 673/395/811 
s 341
f 672/396/810 670/394/808 669/392/807 
s 342
f 665/505/812 673/395/811 674/506/813 
s 343
f 673/395/811 665/505/812 670/394/808 
s 344
f 667/507/814 670/394/808 665/505/812 
s 345
f 675/412/815 676/526/816 549/401/615 
s 346
f 677/406/817 678/516/817 675/412/818 
s 347
f 678/516/819 677/406/819 679/471/820 
s 348
f 680/517/821 681/472/822 682/470/823 
s 349
f 681/472/822 680/517/821 683/518/824 
s 350
f 684/439/825 685/410/826 686/440/827 
s 351
f 685/410/826 684/439/825 687/403/828 
s 352
f 685/410/826 688/411/829 686/440/827 
s 353
f 675/411/830 686/440/827 688/411/830 
s 354
f 687/403/831 689/404/832 685/410/833 
s 355
f 689/404/832 687/403/831 690/405/834 
s 356
f 691/407/835 686/406/836 692/408/837 
s 357
f 686/406/838 691/407/835 684/409/838 
s 358
f 685/410/833 693/341/839 688/411/840 
s 359
f 693/341/839 685/410/833 689/404/832 
s 360
f 532/523/841 523/442/576 533/524/842 
s 361
f 522/441/843 533/524/842 523/442/576 
s 362
f 533/524/842 522/441/843 535/527/844 
s 363
f 525/444/798 535/527/844 522/441/843 
s 364
f 535/527/844 525/444/798 475/525/797 
s 365
f 644/358/749 651/368/845 650/359/755 
s 366
f 650/359/755 651/368/789 694/528/846 
s 367
f 661/426/790 694/529/847 651/368/789 
s 368
f 650/359/755 694/528/846 649/367/756 
s 369
f 661/426/790 649/530/848 694/529/847 
s 370
f 655/356/773 638/424/743 609/344/707 
s 371
f 639/364/744 655/356/773 661/426/790 
s 372
f 655/356/773 639/364/744 638/424/743 
s 373
f 639/364/744 661/426/790 651/368/789 
s 374
f 670/389/849 695/445/850 671/531/851 
s 375
f 695/445/850 670/389/849 696/390/852 
s 376
f 695/445/850 697/443/853 669/381/854 
s 377
f 669/381/854 671/531/851 695/445/850 
s 378
f 672/532/855 698/382/856 673/385/857 
s 379
f 698/382/856 672/532/855 699/480/858 
s 380
f 697/443/853 699/380/859 669/381/854 
s 381
f 672/379/860 669/381/854 699/380/859 
s 382
f 698/382/856 700/384/861 674/383/862 
s 383
f 674/383/862 673/385/857 698/382/856 
s 384
f 700/384/861 666/387/804 665/386/803 
s 385
f 666/387/804 700/384/861 658/476/863 
s 386
f 701/441/864 660/442/786 620/524/865 
s 387
f 620/524/865 623/527/866 701/441/864 
s 388
f 702/444/867 701/441/864 623/527/866 
s 389
f 623/527/866 625/525/868 702/444/867 
s 390
f 703/446/869 702/444/867 625/525/868 
s 391
f 497/404/528 440/341/460 506/418/870 
s 392
f 515/428/555 519/435/564 582/498/662 
s 393
f 582/498/662 520/436/565 515/428/555 
s 394
f 582/498/662 519/435/564 584/500/871 
s 395
f 585/458/667 584/500/664 564/474/631 
s 396
f 520/436/565 583/499/663 494/401/524 
s 397
f 521/437/566 584/500/871 519/435/564 
s 398
f 584/500/664 521/437/629 564/474/631 
s 399
f 508/420/658 538/533/872 540/496/659 
s 400
f 538/533/872 508/420/658 510/534/873 
s 401
f 582/498/662 583/499/663 520/436/565 
s 402
f 440/341/460 442/343/874 506/418/545 
s 403
f 490/438/875 506/418/545 442/343/874 
s 404
f 441/342/461 521/437/566 518/432/876 
s 405
f 504/411/535 441/342/461 440/341/460 
s 406
f 704/535/877 705/536/878 706/537/879 
s 407
f 707/538/880 708/539/881 709/540/882 
s 408
f 550/436/616 710/498/883 542/428/603 
s 409
f 711/438/884 712/343/885 693/341/886 
s 410
f 693/341/886 713/418/887 711/438/884 
s 411
f 693/341/888 552/342/618 688/411/888 
s 412
f 552/342/618 545/432/607 551/437/617 
s 413
f 713/413/889 714/399/890 711/397/891 
s 414
f 714/399/890 713/413/889 675/412/815 
s 415
f 675/412/892 549/401/615 714/399/890 
s 416
f 683/502/893 715/503/894 716/475/895 
s 417
f 715/503/894 683/502/893 680/504/896 
s 418
f 682/439/897 715/503/898 680/504/896 
s 419
f 715/503/899 682/439/900 677/440/901 
s 420
f 682/470/823 679/471/820 677/406/902 
s 421
f 679/471/820 682/470/903 681/472/822 
s 422
f 716/475/904 551/437/617 678/474/905 
s 423
f 678/474/905 679/473/906 716/475/904 
s 424
f 716/475/904 688/411/907 551/437/617 
s 425
f 688/411/840 716/475/904 715/503/898 
s 426
f 717/541/908 709/540/882 708/539/881 
s 427
f 717/542/909 718/537/910 719/543/911 
s 428
f 717/542/909 720/535/912 718/537/910 
s 429
f 721/538/913 722/539/914 723/540/915 
s 430
f 721/538/913 724/544/916 722/539/914 
s 431
f 720/535/917 717/541/908 708/539/881 
s 432
f 720/535/918 708/539/881 718/537/910 
s 433
f 707/545/919 719/543/911 718/537/910 
s 434
f 725/544/920 707/545/919 718/537/910 
s 435
f 725/544/921 718/537/910 708/539/881 
s 436
f 707/538/880 725/544/922 708/539/881 
s 437
f 724/544/923 705/536/878 722/539/914 
s 438
f 724/544/924 706/537/879 705/536/878 
s 439
f 724/544/925 721/545/926 706/537/879 
s 440
f 721/545/926 726/543/927 706/537/879 
s 441
f 704/535/877 722/539/914 705/536/878 
s 442
f 704/535/928 727/541/929 722/539/914 
s 443
f 727/541/929 723/540/915 722/539/914 
s 444
f 727/542/930 706/537/879 726/543/927 
s 445
f 727/542/930 704/535/931 706/537/879 
s 446
f 728/420/932 729/533/933 730/534/934 
s 447
f 527/446/796 528/447/935 473/546/936 
s 448
f 473/546/936 475/525/797 527/446/796 
s 449
f 457/358/477 456/357/476 458/359/479 
s 450
f 457/358/477 458/359/479 465/368/937 
s 451
f 458/359/479 731/528/938 465/368/491 
s 452
f 514/426/553 465/368/491 731/529/939 
s 453
f 458/359/479 464/367/487 731/528/938 
s 454
f 514/426/553 731/529/939 464/530/940 
s 455
f 455/356/475 443/344/463 512/424/551 
s 456
f 461/364/484 514/426/553 455/356/475 
s 457
f 455/356/475 512/424/551 461/364/484 
s 458
f 461/364/484 465/368/491 514/426/553 
s 459
f 486/389/511 489/531/941 526/445/579 
s 460
f 526/445/579 487/390/512 486/389/511 
s 461
f 526/445/579 478/381/503 524/443/577 
s 462
f 478/381/503 526/445/579 489/531/941 
s 463
f 476/532/942 482/385/507 479/382/504 
s 464
f 479/382/504 477/480/638 476/532/942 
s 465
f 524/443/577 478/381/503 477/380/502 
s 466
f 677/440/901 688/411/943 715/503/899 
s 467
f 688/411/943 677/440/901 675/411/944 
s 468
f 665/386/803 674/383/862 700/384/861 
s 469
f 668/388/806 696/390/852 670/389/849 
s 470
f 670/389/849 667/391/805 668/388/806 
s 471
f 692/408/837 675/412/945 713/413/945 
s 472
f 675/412/818 692/408/837 686/406/946 
s 473
f 690/414/947 684/409/948 691/407/835 
s 474
f 684/409/948 690/414/947 687/415/949 
s 475
f 690/405/950 692/416/951 689/404/832 
s 476
f 692/416/951 690/405/950 691/417/952 
s 477
f 713/418/887 693/341/886 689/404/832 
s 478
f 689/404/832 692/416/951 713/418/953 
s 479
f 710/498/883 548/435/614 542/428/603 
s 480
f 550/436/616 732/499/954 710/498/883 
s 481
f 733/500/955 548/435/614 710/498/883 
s 482
f 678/474/956 733/500/957 676/458/958 
s 483
f 549/401/615 732/499/959 550/436/616 
s 484
f 548/435/614 733/500/955 551/437/617 
s 485
f 678/474/960 551/437/617 733/500/957 
s 486
f 729/533/933 728/420/932 734/496/961 
s 487
f 552/342/618 712/343/885 546/402/609 
s 488
f 552/342/618 693/341/839 712/343/885 
s 489
f 688/411/840 552/342/618 551/437/617 
s 490
f 728/420/962 735/419/963 736/421/964 
s 491
f 735/419/963 728/420/962 730/422/965 
s 492
f 730/422/966 737/423/966 735/419/963 
s 493
f 737/423/967 730/422/968 729/457/969 
s 494
f 729/457/969 738/458/970 737/423/971 
s 495
f 738/458/970 729/457/969 734/459/972 
s 496
f 728/420/932 736/421/973 738/497/974 
s 497
f 738/497/974 734/496/961 728/420/932 
s 498
f 735/419/963 710/498/883 732/499/975 
s 499
f 732/499/975 736/421/964 735/419/963 
s 500
f 710/498/883 735/419/963 737/423/967 
s 501
f 737/423/967 733/500/957 710/498/883 
s 502
f 676/458/958 733/500/976 737/423/976 
s 503
f 737/423/977 738/458/977 676/458/958 
s 504
f 736/421/973 732/499/978 738/497/974 
s 505
f 676/526/816 738/497/979 732/499/959 
s 506
f 732/499/980 549/401/615 676/526/816 
s 507
f 739/547/981 740/548/982 741/549/983 
s 508
f 742/550/984 739/547/981 741/549/983 
s 509
f 743/551/985 744/552/986 745/553/987 
s 510
f 746/554/988 741/549/983 743/551/989 
s 511
f 742/550/984 741/549/983 746/554/988 
s 512
f 747/555/990 748/556/991 749/557/992 
s 513
f 750/558/993 751/559/994 752/560/995 
s 514
f 753/561/996 751/559/994 754/562/997 
s 515
f 755/563/998 754/562/997 756/564/999 
s 516
f 757/565/1000 758/566/1001 759/567/1002 
s 517
f 757/565/1000 759/567/1002 760/568/1003 
s 518
f 761/569/1004 762/570/1005 763/571/1006 
s 519
f 764/572/1007 761/569/1004 763/571/1006 
s 520
f 752/560/995 765/573/1008 766/574/1009 
s 521
f 767/575/1010 560/469/626 768/576/1011 
s 522
f 768/576/1011 769/577/1012 767/575/1010 
s 523
f 770/578/1013 771/579/1014 772/580/1015 
s 524
f 771/579/1014 773/581/1016 774/582/1017 
s 525
f 774/582/1017 772/580/1015 771/579/1014 
s 526
f 549/401/615 544/398/606 714/399/890 
s 527
f 775/583/1018 776/584/1019 558/467/624 
s 528
f 770/578/1013 777/585/1020 778/586/1021 
s 529
f 777/585/1020 770/578/1013 775/583/1018 
s 530
f 778/587/1022 554/461/1023 767/588/1024 
s 531
f 554/461/1023 778/587/1022 777/589/1025 
s 532
f 767/575/1010 557/465/622 560/469/626 
s 533
f 557/465/622 767/575/1010 554/463/1026 
s 534
f 779/590/1027 559/468/625 780/591/1028 
s 535
f 559/468/625 779/590/1027 560/469/626 
s 536
f 559/468/625 776/584/1019 781/592/1029 
s 537
f 781/592/1029 780/591/1028 559/468/625 
s 538
f 776/584/1019 770/578/1013 772/580/1015 
s 539
f 772/580/1015 781/592/1029 776/584/1019 
s 540
f 771/579/1014 778/586/1021 773/581/1016 
s 541
f 778/586/1021 771/579/1014 770/578/1013 
s 542
f 773/593/1030 769/594/1031 782/595/1031 
s 543
f 767/588/1024 773/593/1030 778/587/1022 
s 544
f 773/593/1030 767/588/1024 769/594/1032 
s 545
f 681/501/1033 716/475/1034 679/473/1035 
s 546
f 716/475/1034 681/501/1033 683/502/1036 
s 547
f 676/526/816 675/412/815 678/516/1037 
s 548
f 576/488/649 628/514/732 469/372/494 
s 549
f 628/514/732 576/488/649 573/485/646 
s 550
f 450/351/470 594/513/692 628/514/732 
s 551
f 628/514/732 573/485/646 450/351/470 
s 552
f 450/351/470 447/348/467 594/513/692 
s 553
f 463/366/486 594/513/692 447/348/467 
s 554
f 473/519/1038 568/478/1039 580/520/1040 
s 555
f 568/478/1039 473/519/1038 528/479/1041 
s 556
f 580/520/1040 566/476/1042 529/521/1042 
s 557
f 566/476/1043 580/520/1044 568/478/1044 
s 558
f 529/521/1045 566/476/1043 567/477/635 
s 559
f 567/477/635 530/522/1046 529/521/1045 
s 560
f 530/522/1046 567/477/635 523/442/576 
s 561
f 523/442/576 532/523/841 530/522/1046 
s 562
f 712/343/885 547/434/611 546/402/609 
s 563
f 547/434/611 712/343/885 711/438/884 
s 564
f 714/399/890 544/398/606 711/397/891 
s 565
f 547/400/613 711/397/891 544/398/606 
s 566
f 559/468/625 558/467/624 776/584/1019 
s 567
f 776/584/1019 775/583/1018 770/578/1013 
s 568
f 783/596/1047 555/597/1048 784/598/1049 
s 569
f 556/464/621 783/596/1047 558/467/624 
s 570
f 558/467/624 557/465/622 556/464/621 
s 571
f 783/596/1047 784/598/1050 775/583/1018 
s 572
f 775/583/1018 558/467/624 783/596/1047 
s 573
f 777/585/1020 775/583/1018 784/598/1049 
s 574
f 777/589/1025 555/462/1051 554/461/1023 
s 575
f 555/462/1051 777/589/1025 784/599/1052 
s 576
f 785/600/1053 786/601/1054 787/602/1055 
s 577
f 786/601/1054 788/603/1056 787/602/1055 
s 578
f 746/604/1057 743/605/1058 786/601/1054 
s 579
f 742/606/1059 746/604/1057 785/600/1053 
s 580
f 746/604/1057 786/601/1054 785/600/1053 
s 581
f 785/600/1053 787/602/1055 789/607/1060 
s 582
f 790/608/1061 785/600/1053 789/607/1060 
s 583
f 790/608/1061 789/607/1060 791/609/1062 
s 584
f 740/610/1063 790/608/1061 791/609/1062 
s 585
f 742/606/1059 785/600/1053 739/611/1064 
s 586
f 739/611/1064 785/600/1053 790/608/1061 
s 587
f 739/611/1064 790/608/1061 740/610/1063 
s 588
f 658/476/863 659/477/1065 666/387/804 
s 589
f 659/477/783 660/442/786 666/387/804 
s 590
f 668/388/806 666/387/804 660/442/786 
s 591
f 698/382/856 657/479/1066 656/478/1067 
s 592
f 657/479/1066 698/382/856 699/480/858 
s 593
f 698/382/856 658/476/863 700/384/861 
s 594
f 658/476/863 698/382/856 656/478/1068 
s 595
f 696/390/852 701/441/1069 695/445/850 
s 596
f 702/444/1070 695/445/850 701/441/1069 
s 597
f 668/388/806 660/442/786 696/390/852 
s 598
f 701/441/1071 696/390/852 660/442/786 
s 599
f 697/443/853 695/445/850 702/444/1070 
s 600
f 702/444/1070 703/446/1072 697/443/853 
s 601
f 703/446/1072 699/380/859 697/443/853 
s 602
f 699/380/859 703/446/1072 657/447/1073 
s 603
f 652/448/1074 619/450/721 618/449/720 
s 604
f 618/449/720 617/374/719 624/451/728 
s 605
f 703/446/869 653/546/1075 657/447/1076 
s 606
f 653/546/1075 703/446/869 625/525/868 
s 607
f 644/358/749 650/359/755 612/357/711 
s 608
f 782/612/1077 774/582/1017 773/581/1016 
s 609
f 782/613/1078 769/577/1012 792/614/1079 
s 610
f 560/469/626 779/590/1027 793/615/1080 
s 611
f 792/614/1079 768/576/1011 794/616/1081 
s 612
f 768/576/1011 792/614/1079 769/577/1012 
s 613
f 772/580/1015 774/582/1017 795/617/1082 
s 614
f 774/582/1017 792/618/1083 796/619/1084 
s 615
f 796/619/1084 795/617/1082 774/582/1017 
s 616
f 796/620/1085 792/614/1079 794/616/1081 
s 617
f 793/615/1080 794/616/1081 768/576/1011 
s 618
f 797/621/1086 798/622/1087 799/623/1088 
s 619
f 797/621/1086 799/623/1088 800/624/1089 
s 620
f 801/625/1090 787/602/1055 788/603/1056 
s 621
f 802/626/1091 801/625/1090 788/603/1056 
s 622
f 802/626/1091 788/603/1056 745/627/1092 
s 623
f 803/628/1093 791/609/1062 789/607/1060 
s 624
f 801/625/1090 803/628/1093 789/607/1060 
s 625
f 801/625/1090 789/607/1060 787/602/1055 
s 626
f 802/629/1094 745/630/1095 804/631/1096 
s 627
f 805/632/1097 740/633/1098 806/634/1099 
s 628
f 560/469/626 793/615/1080 768/576/1011 
s 629
f 807/635/1100 762/570/1005 808/636/1101 
s 630
f 809/637/1102 754/562/997 755/563/998 
s 631
f 810/638/1103 755/563/998 756/564/999 
s 632
f 755/563/998 810/638/1103 811/639/1104 
s 633
f 759/567/1002 763/571/1006 807/635/1100 
s 634
f 810/638/1103 812/640/1105 811/639/1104 
s 635
f 810/638/1103 813/641/1106 812/640/1105 
s 636
f 812/642/1107 813/643/1108 750/558/993 
s 637
f 750/558/993 813/643/1108 814/644/1109 
s 638
f 815/645/1110 812/642/1107 750/558/993 
s 639
f 816/646/1111 817/647/1112 800/624/1089 
s 640
f 800/624/1089 817/647/1112 818/648/1113 
s 641
f 818/648/1113 817/647/1112 819/649/1114 
s 642
f 820/650/1115 818/648/1113 819/649/1114 
s 643
f 820/650/1115 821/651/1116 818/648/1113 
s 644
f 819/649/1114 805/632/1097 820/650/1115 
s 645
f 822/652/1117 820/650/1115 805/632/1097 
s 646
f 556/464/621 553/466/623 555/597/1118 
s 647
f 783/596/1047 556/464/621 555/597/1118 
s 648
f 774/582/1017 782/612/1077 792/618/1083 
s 649
f 823/653/1119 824/654/1120 825/655/1121 
s 650
f 826/656/1122 827/657/1123 828/658/1124 
s 651
f 826/656/1122 829/659/1125 827/657/1123 
s 652
f 830/660/1126 831/661/1127 829/659/1125 
s 653
f 832/662/1128 833/663/1129 829/659/1125 
s 654
f 786/601/1054 743/605/1130 788/603/1056 
s 655
f 743/605/1130 745/627/1092 788/603/1056 
s 656
f 834/664/1131 835/665/1132 836/666/1133 
s 657
f 837/667/1134 838/668/1135 839/669/1136 
s 658
f 840/670/1137 841/671/1138 842/672/1139 
s 659
f 843/673/1140 828/658/1124 844/674/1141 
s 660
f 845/675/1142 846/676/1143 847/677/1144 
s 661
f 840/670/1137 845/678/1145 847/679/1146 
s 662
f 847/679/1146 841/671/1138 840/670/1137 
s 663
f 841/680/1147 848/681/1148 842/682/1149 
s 664
f 849/683/1150 850/684/1151 840/670/1137 
s 665
f 836/685/1152 851/686/1153 839/669/1136 
s 666
f 839/669/1136 851/686/1153 837/667/1134 
s 667
f 823/653/1119 852/687/1154 846/688/1155 
s 668
f 853/689/1156 823/653/1119 854/690/1157 
s 669
f 855/691/1158 856/692/1159 857/693/1160 
s 670
f 858/694/1161 859/695/1162 860/696/1163 
s 671
f 859/695/1162 858/694/1161 861/697/1164 
s 672
f 859/698/1165 862/699/1166 863/700/1167 
s 673
f 863/700/1167 860/701/1168 859/698/1165 
s 674
f 827/657/1123 833/663/1129 864/702/1169 
s 675
f 848/681/1148 865/703/1170 866/704/1171 
s 676
f 848/681/1148 841/680/1147 867/705/1172 
s 677
f 868/706/1173 869/707/1174 865/703/1170 
s 678
f 868/706/1173 865/703/1170 848/681/1148 
s 679
f 870/708/1175 871/709/1176 872/710/1177 
s 680
f 873/711/1178 872/710/1177 874/712/1179 
s 681
f 875/713/1180 832/662/1128 831/661/1127 
s 682
f 852/687/1154 823/653/1119 825/655/1121 
s 683
f 854/690/1157 823/653/1119 845/714/1181 
s 684
f 845/714/1181 823/653/1119 846/688/1155 
s 685
f 876/715/1182 857/716/1183 847/677/1144 
s 686
f 847/677/1144 857/716/1183 856/691/1184 
s 687
f 854/690/1157 877/717/1185 853/689/1156 
s 688
f 853/689/1156 824/654/1120 823/653/1119 
s 689
f 760/568/1003 878/718/1186 804/719/1187 
s 690
f 762/570/1005 807/635/1100 763/571/1006 
s 691
f 808/636/1101 762/570/1005 879/720/1188 
s 692
f 811/721/1189 758/722/1190 755/723/1191 
s 693
f 880/724/1192 881/725/1193 882/726/1194 
s 694
f 842/682/1149 848/681/1148 866/704/1171 
s 695
f 872/710/1177 873/711/1178 870/708/1175 
s 696
f 877/717/1185 854/690/1157 883/727/1195 
s 697
f 884/728/1196 876/715/1182 885/729/1197 
s 698
f 852/730/1198 885/729/1199 876/715/1182 
s 699
f 886/731/1200 852/687/1154 825/655/1121 
s 700
f 852/687/1154 886/731/1200 885/732/1201 
s 701
f 887/733/1202 857/716/1183 884/728/1196 
s 702
f 876/715/1182 884/728/1196 857/716/1183 
s 703
f 886/731/1200 825/655/1121 888/734/1203 
s 704
f 824/654/1120 888/734/1203 825/655/1121 
s 705
f 835/665/1132 834/664/1131 830/735/1204 
s 706
f 889/736/1205 830/735/1205 834/664/1131 
s 707
f 836/666/1133 890/737/1206 834/664/1131 
s 708
f 891/738/1207 892/739/1208 893/740/1209 
s 709
f 854/741/1210 845/678/1211 850/684/1151 
s 710
f 840/670/1137 850/684/1151 845/678/1145 
s 711
f 847/742/1212 856/743/1213 867/705/1172 
s 712
f 867/705/1172 841/680/1147 847/742/1214 
s 713
f 850/684/1151 882/726/1194 854/741/1210 
s 714
f 892/744/1215 894/745/1215 895/746/1215 
s 715
f 896/747/1216 895/746/1215 894/745/1215 
s 716
f 894/745/1217 892/744/1217 891/748/1217 
s 717
f 896/747/1218 893/749/1219 895/746/1218 
s 718
f 801/750/1220 807/635/1100 803/751/1221 
s 719
f 878/718/1186 802/752/1222 804/719/1187 
s 720
f 759/567/1002 807/635/1100 878/718/1186 
s 721
f 757/565/1000 755/563/998 758/566/1001 
s 722
f 755/563/998 757/565/1000 809/637/1102 
s 723
f 812/640/1105 815/753/1223 761/569/1004 
s 724
f 761/569/1004 764/572/1007 812/640/1105 
s 725
f 815/753/1223 897/754/1224 762/570/1005 
s 726
f 762/570/1005 761/569/1004 815/753/1223 
s 727
f 760/568/1003 809/637/1102 757/565/1000 
s 728
f 809/637/1102 760/568/1003 898/755/1225 
s 729
f 899/756/1226 898/755/1225 760/568/1003 
s 730
f 888/734/1203 900/757/1227 901/758/1228 
s 731
f 858/759/1229 860/701/1168 902/760/1230 
s 732
f 903/761/1231 904/762/1232 905/763/1233 
s 733
f 906/764/1234 902/760/1230 863/700/1167 
s 734
f 875/713/1180 831/661/1127 904/762/1232 
s 735
f 862/699/1166 907/765/1235 908/766/1236 
s 736
f 811/721/1189 812/767/1237 764/768/1238 
s 737
f 764/768/1238 758/722/1190 811/721/1189 
s 738
f 878/718/1186 760/568/1003 759/567/1002 
s 739
f 830/660/1239 909/769/1240 835/770/1241 
s 740
f 830/660/1239 826/656/1122 909/769/1240 
s 741
f 851/771/1242 835/770/1241 909/769/1240 
s 742
f 835/770/1241 851/771/1242 836/772/1243 
s 743
f 910/773/1244 867/705/1172 855/774/1245 
s 744
f 867/705/1172 911/775/1246 868/706/1173 
s 745
f 867/705/1172 910/773/1244 911/775/1246 
s 746
f 912/776/1247 911/775/1246 910/773/1244 
s 747
f 913/777/1248 914/778/1249 869/707/1174 
s 748
f 869/707/1174 915/779/1250 913/777/1248 
s 749
f 874/712/1179 914/778/1249 913/777/1248 
s 750
f 916/780/1251 851/771/1242 909/769/1240 
s 751
f 847/677/1144 852/730/1198 876/715/1182 
s 752
f 847/677/1252 846/676/1143 852/730/1198 
s 753
f 917/781/1253 843/673/1140 844/674/1141 
s 754
f 827/657/1123 918/782/1254 828/658/1124 
s 755
f 826/656/1122 916/780/1251 909/769/1240 
s 756
f 919/783/1255 838/668/1135 874/712/1179 
s 757
f 874/712/1179 920/784/1256 919/783/1255 
s 758
f 921/740/1257 922/739/1258 923/785/1259 
s 759
f 921/740/1257 924/738/1260 922/739/1258 
s 760
f 925/745/1261 924/748/1262 926/747/1263 
s 761
f 921/749/1264 926/747/1263 924/748/1262 
s 762
f 922/744/1265 925/745/1261 923/746/1266 
s 763
f 926/747/1263 923/746/1266 925/745/1261 
s 764
f 925/745/1267 922/744/1267 924/748/1267 
s 765
f 926/747/1263 921/749/1264 923/746/1266 
s 766
f 927/786/1268 747/787/1269 749/788/1270 
s 767
f 928/789/1271 927/790/1272 749/557/992 
s 768
f 929/791/1273 901/758/1228 900/757/1227 
s 769
f 930/729/1274 900/757/1227 888/734/1203 
s 770
f 931/792/1275 932/793/1276 933/794/1277 
s 771
f 931/792/1275 933/794/1277 934/795/1278 
s 772
f 928/789/1271 749/557/992 932/793/1276 
s 773
f 928/789/1271 932/793/1276 931/792/1275 
s 774
f 887/796/1279 934/795/1278 935/797/1280 
s 775
f 908/766/1236 907/765/1235 936/798/1281 
s 776
f 937/799/1282 862/699/1166 859/698/1165 
s 777
f 938/800/1283 862/699/1166 937/799/1282 
s 778
f 839/669/1136 838/668/1135 939/801/1284 
s 779
f 940/802/1285 937/799/1282 859/698/1165 
s 780
f 941/803/1286 861/697/1164 858/694/1286 
s 781
f 861/697/1164 942/709/1287 859/695/1162 
s 782
f 943/804/1288 941/805/1289 858/759/1290 
s 783
f 944/715/1291 945/730/1292 946/677/1293 
s 784
f 945/730/1292 947/676/1294 946/677/1295 
s 785
f 853/689/1156 947/676/1294 945/730/1292 
s 786
f 948/675/1296 853/689/1156 877/717/1185 
s 787
f 947/676/1294 853/689/1156 948/675/1296 
s 788
f 946/677/1293 949/716/1297 944/715/1291 
s 789
f 855/691/1158 949/716/1297 946/677/1293 
s 790
f 940/802/1285 942/806/1298 913/777/1248 
s 791
f 915/779/1250 940/802/1285 913/777/1248 
s 792
f 942/806/1298 940/802/1285 859/698/1165 
s 793
f 950/807/1299 919/783/1255 920/784/1256 
s 794
f 919/783/1255 950/807/1299 861/808/1300 
s 795
f 942/709/1287 861/697/1164 950/708/1301 
s 796
f 902/760/1230 906/764/1234 951/809/1302 
s 797
f 943/804/1288 858/759/1290 903/761/1231 
s 798
f 936/798/1281 877/810/1303 883/811/1304 
s 799
f 881/812/1305 952/813/1306 883/727/1195 
s 800
f 880/724/1192 883/811/1304 952/814/1307 
s 801
f 749/557/992 953/815/1308 932/793/1276 
s 802
f 932/793/1276 954/816/1309 955/817/1310 
s 803
f 954/816/1309 932/793/1276 953/815/1308 
s 804
f 955/817/1310 799/623/1088 798/622/1087 
s 805
f 799/623/1088 955/817/1310 954/816/1309 
s 806
f 930/818/1311 956/819/1312 798/622/1087 
s 807
f 955/817/1310 798/622/1087 957/820/1313 
s 808
f 933/794/1277 955/817/1310 957/820/1313 
s 809
f 934/795/1278 933/794/1277 957/820/1313 
s 810
f 932/793/1276 955/817/1310 933/794/1277 
s 811
f 944/715/1291 930/729/1274 945/730/1292 
s 812
f 824/654/1120 945/730/1292 888/734/1203 
s 813
f 935/797/1280 934/795/1278 957/820/1313 
s 814
f 956/819/1312 935/797/1280 957/820/1313 
s 815
f 956/819/1312 957/820/1313 798/622/1087 
s 816
f 937/799/1282 912/776/1247 958/821/1314 
s 817
f 938/800/1283 907/765/1235 862/699/1166 
s 818
f 939/801/1284 941/822/1315 959/823/1316 
s 819
f 838/668/1135 919/783/1255 939/801/1284 
s 820
f 861/808/1300 941/822/1315 939/801/1284 
s 821
f 945/730/1292 824/654/1120 853/689/1156 
s 822
f 857/693/1160 949/716/1297 855/691/1158 
s 823
f 907/765/1235 948/824/1317 877/810/1303 
s 824
f 948/824/1318 907/765/1235 938/800/1283 
s 825
f 910/773/1244 855/774/1245 946/825/1319 
s 826
f 946/825/1320 958/821/1314 910/773/1244 
s 827
f 856/743/1213 855/774/1245 867/705/1172 
s 828
f 877/810/1303 936/798/1281 907/765/1235 
s 829
f 908/766/1236 960/826/1321 951/809/1302 
s 830
f 940/802/1285 915/779/1250 912/776/1247 
s 831
f 793/827/1322 779/828/1323 961/829/1322 
s 832
f 794/830/1324 793/831/1325 961/829/1326 
s 833
f 868/706/1173 911/775/1246 869/707/1174 
s 834
f 912/776/1247 915/779/1250 911/775/1246 
s 835
f 913/777/1248 942/806/1298 950/807/1299 
s 836
f 874/712/1179 913/777/1248 920/784/1256 
s 837
f 962/832/1327 943/804/1288 905/763/1233 
s 838
f 943/804/1288 903/761/1231 905/763/1233 
s 839
f 943/804/1288 962/832/1327 941/805/1289 
s 840
f 959/833/1328 941/805/1289 962/832/1327 
s 841
f 939/801/1284 959/823/1316 839/669/1136 
s 842
f 836/685/1152 839/669/1136 959/823/1316 
s 843
f 902/760/1230 951/809/1302 903/761/1231 
s 844
f 951/809/1302 904/762/1232 903/761/1231 
s 845
f 904/762/1232 831/661/1127 905/763/1329 
s 846
f 904/762/1232 960/826/1321 875/713/1180 
s 847
f 936/798/1281 883/811/1304 880/724/1192 
s 848
f 940/802/1285 912/776/1247 937/799/1282 
s 849
f 950/807/1299 920/784/1256 913/777/1248 
s 850
f 930/729/1330 944/715/1291 956/728/1331 
s 851
f 963/834/1332 751/559/994 814/644/1109 
s 852
f 930/729/1274 888/734/1203 945/730/1292 
s 853
f 956/728/1331 949/716/1297 935/733/1333 
s 854
f 949/716/1297 956/728/1331 944/715/1291 
s 855
f 935/733/1333 857/693/1160 887/835/1334 
s 856
f 857/693/1160 935/733/1333 949/716/1297 
s 857
f 905/735/1335 964/664/1336 962/665/1337 
s 858
f 964/664/1336 905/735/1338 965/736/1339 
s 859
f 964/664/1336 966/737/1340 959/666/1341 
s 860
f 959/666/1341 962/665/1337 964/664/1336 
s 861
f 959/666/1342 890/836/1343 836/837/1344 
s 862
f 890/836/1343 959/666/1342 966/737/1340 
s 863
f 939/801/1284 919/783/1255 861/808/1300 
s 864
f 937/799/1282 958/821/1314 938/800/1283 
s 865
f 863/700/1167 902/760/1230 860/701/1168 
s 866
f 946/677/1293 947/676/1294 948/675/1345 
s 867
f 946/838/1346 948/824/1318 938/800/1283 
s 868
f 938/800/1283 958/821/1314 946/838/1346 
s 869
f 967/839/1347 968/840/1348 899/756/1226 
s 870
f 756/564/999 754/562/997 969/841/1349 
s 871
f 910/773/1244 958/821/1314 912/776/1247 
s 872
f 915/779/1250 869/707/1174 911/775/1246 
s 873
f 804/631/1096 745/630/1095 970/842/1350 
s 874
f 745/630/1095 744/843/1351 970/842/1350 
s 875
f 804/631/1096 970/842/1350 967/844/1352 
s 876
f 758/566/1001 763/571/1006 759/567/1002 
s 877
f 963/834/1332 794/830/1324 969/841/1349 
s 878
f 961/829/1353 969/841/1349 794/830/1324 
s 879
f 756/564/999 779/828/1323 780/845/1354 
s 880
f 780/845/1354 810/638/1103 756/564/999 
s 881
f 810/638/1103 780/845/1354 781/846/1355 
s 882
f 813/641/1106 781/846/1355 971/847/1356 
s 883
f 781/846/1355 813/641/1106 810/638/1103 
s 884
f 814/644/1109 971/848/1357 795/849/1358 
s 885
f 971/848/1357 814/644/1109 813/643/1108 
s 886
f 963/834/1332 795/849/1358 796/850/1359 
s 887
f 795/849/1358 963/834/1332 814/644/1109 
s 888
f 963/834/1332 796/850/1359 794/830/1324 
s 889
f 756/564/999 961/829/1326 779/828/1323 
s 890
f 961/829/1326 756/564/999 969/841/1349 
s 891
f 754/562/997 751/559/994 963/834/1332 
s 892
f 816/646/1111 800/624/1089 799/623/1088 
s 893
f 799/623/1088 954/816/1309 816/646/1111 
s 894
f 818/648/1113 821/651/1116 797/621/1086 
s 895
f 814/644/1109 751/559/994 750/558/993 
s 896
f 754/562/997 963/834/1332 969/841/1349 
s 897
f 781/846/1355 772/851/1360 971/847/1360 
s 898
f 795/849/1358 971/848/1361 772/852/1361 
s 899
f 752/560/995 766/574/1009 972/853/1362 
s 900
f 815/645/1110 752/560/995 972/853/1362 
s 901
f 815/645/1110 972/853/1362 897/854/1363 
s 902
f 751/559/994 765/573/1008 752/560/995 
s 903
f 815/645/1110 750/558/993 752/560/995 
s 904
f 753/561/996 809/637/1102 898/755/1225 
s 905
f 753/561/996 898/755/1225 973/855/1364 
s 906
f 765/573/1008 753/561/996 973/855/1364 
s 907
f 765/573/1008 973/855/1364 766/574/1009 
s 908
f 754/562/997 809/637/1102 753/561/996 
s 909
f 751/559/994 753/561/996 765/573/1008 
s 910
f 899/756/1226 760/568/1003 804/719/1187 
s 911
f 879/720/1188 762/570/1005 897/754/1224 
s 912
f 895/785/1365 893/740/1209 892/739/1208 
s 913
f 894/745/1366 891/748/1366 896/747/1216 
s 914
f 893/749/1219 896/747/1367 891/748/1367 
s 915
f 974/856/1368 972/853/1362 766/574/1009 
s 916
f 975/857/1369 974/856/1368 766/574/1009 
s 917
f 976/858/1370 879/859/1371 974/856/1368 
s 918
f 975/857/1369 976/858/1370 974/856/1368 
s 919
f 975/857/1369 766/574/1009 973/855/1364 
s 920
f 968/840/1348 975/857/1369 973/855/1364 
s 921
f 968/840/1348 898/755/1225 899/756/1226 
s 922
f 968/840/1348 973/855/1364 898/755/1225 
s 923
f 975/857/1369 967/839/1347 976/858/1370 
s 924
f 967/839/1347 975/857/1369 968/840/1348 
s 925
f 899/756/1226 804/719/1187 967/839/1372 
s 926
f 805/632/1097 806/634/1099 822/652/1117 
s 927
f 822/652/1117 977/860/1373 820/650/1115 
s 928
f 748/861/1374 822/652/1117 806/634/1099 
s 929
f 748/556/991 978/862/1375 749/557/992 
s 930
f 978/862/1375 816/646/1111 954/816/1309 
s 931
f 954/816/1309 953/815/1308 978/862/1375 
s 932
f 744/863/1376 741/864/1377 819/649/1114 
s 933
f 741/549/983 744/552/986 743/551/985 
s 934
f 797/621/1086 800/624/1089 818/648/1113 
s 935
f 821/651/1116 977/860/1373 900/865/1378 
s 936
f 900/865/1378 930/818/1379 821/651/1116 
s 937
f 977/860/1373 822/652/1117 929/866/1380 
s 938
f 929/866/1381 900/865/1378 977/860/1373 
s 939
f 822/652/1117 748/861/1374 747/867/1382 
s 940
f 747/867/1382 929/866/1380 822/652/1117 
s 941
f 953/815/1308 749/557/992 978/862/1375 
s 942
f 930/818/1311 797/621/1086 821/651/1116 
s 943
f 930/818/1311 798/622/1087 797/621/1086 
s 944
f 862/699/1166 908/766/1236 906/764/1234 
s 945
f 875/713/1180 960/826/1321 908/766/1236 
s 946
f 908/766/1236 936/798/1281 875/713/1180 
s 947
f 951/809/1302 960/826/1321 904/762/1232 
s 948
f 880/724/1192 875/713/1180 936/798/1281 
s 949
f 908/766/1236 951/809/1302 906/764/1234 
s 950
f 906/764/1234 863/700/1167 862/699/1166 
s 951
f 902/760/1230 903/761/1231 858/759/1229 
s 952
f 808/868/1383 879/859/1371 976/858/1383 
s 953
f 879/859/1371 897/854/1363 972/853/1362 
s 954
f 974/856/1368 879/859/1371 972/853/1362 
s 955
f 758/566/1001 764/572/1007 763/571/1006 
s 956
f 878/718/1186 807/635/1100 801/750/1220 
s 957
f 801/750/1220 802/752/1222 878/718/1186 
s 958
f 803/751/1221 807/635/1100 808/636/1101 
s 959
f 803/869/1384 808/870/1385 791/871/1386 
s 960
f 976/872/1387 979/873/1388 980/874/1389 
s 961
f 980/874/1389 808/875/1390 976/872/1387 
s 962
f 976/872/1391 967/844/1391 970/842/1350 
s 963
f 970/842/1392 979/873/1388 976/872/1387 
s 964
f 980/876/1393 791/871/1386 808/870/1385 
s 965
f 740/633/1098 748/861/1374 806/634/1099 
s 966
f 740/633/1098 980/876/1393 748/861/1374 
s 967
f 980/876/1393 740/633/1394 791/871/1386 
s 968
f 980/874/1389 979/873/1388 748/556/991 
s 969
f 978/862/1375 748/556/991 979/873/1388 
s 970
f 816/646/1111 978/862/1375 970/842/1350 
s 971
f 816/646/1111 970/842/1350 817/647/1112 
s 972
f 970/842/1350 978/862/1375 979/873/1388 
s 973
f 872/710/1177 869/707/1174 914/778/1249 
s 974
f 872/710/1177 914/778/1249 874/712/1179 
s 975
f 981/624/1395 982/647/1396 983/646/1397 
s 976
f 984/558/1398 985/642/1399 986/645/1400 
s 977
f 987/644/1401 988/643/1402 984/558/1398 
s 978
f 984/558/1398 988/643/1402 985/642/1399 
s 979
f 985/640/1403 988/641/1404 989/638/1405 
s 980
f 990/639/1406 985/640/1403 989/638/1405 
s 981
f 991/635/1407 992/571/1408 993/567/1409 
s 982
f 990/639/1406 989/638/1405 994/563/1410 
s 983
f 970/842/1411 744/843/1351 817/647/1112 
s 984
f 819/649/1114 741/864/1377 805/632/1097 
s 985
f 740/633/1098 805/632/1097 741/864/1377 
s 986
f 819/649/1114 817/647/1112 744/863/1412 
s 987
f 977/860/1373 821/651/1116 820/650/1115 
s 988
f 872/710/1177 871/709/1176 866/704/1171 
s 989
f 872/710/1177 866/704/1171 865/703/1170 
s 990
f 917/695/1413 866/704/1171 871/709/1176 
s 991
f 873/711/1178 838/668/1135 870/708/1175 
s 992
f 837/667/1134 870/708/1175 838/668/1135 
s 993
f 995/877/1414 996/878/1415 997/879/1416 
s 994
f 998/880/1417 999/881/1418 1000/882/1419 
s 995
f 998/880/1417 995/877/1414 999/881/1418 
s 996
f 999/881/1418 997/879/1416 1001/883/1420 
s 997
f 1000/882/1419 1001/883/1421 1002/884/1422 
s 998
f 1000/882/1419 999/881/1418 1001/883/1421 
s 999
f 1003/885/1423 998/880/1417 1000/882/1419 
s 1000
f 1003/885/1423 1000/882/1419 1004/886/1424 
s 1001
f 1005/887/1425 1003/885/1423 1004/886/1424 
s 1002
f 1005/887/1425 1004/886/1424 1006/888/1426 
s 1003
f 1007/463/1427 1008/575/1428 1009/465/1429 
s 1004
f 1010/469/1430 1009/465/1429 1008/575/1428 
s 1005
f 1011/589/1431 1012/587/1432 1007/461/1433 
s 1006
f 1008/588/1434 1007/461/1433 1012/587/1432 
s 1007
f 1013/583/1435 1014/578/1436 1011/585/1437 
s 1008
f 1012/586/1438 1011/585/1437 1014/578/1436 
s 1009
f 1015/467/1439 1016/584/1440 1013/583/1435 
s 1010
f 1017/854/1441 1018/853/1442 986/645/1400 
s 1011
f 867/705/1172 868/706/1173 848/681/1148 
s 1012
f 869/707/1174 872/710/1177 865/703/1170 
s 1013
f 1019/632/1443 1020/650/1444 1021/652/1445 
s 1014
f 1020/650/1444 1019/632/1443 1022/649/1446 
s 1015
f 1023/648/1447 1024/651/1448 1020/650/1444 
s 1016
f 1022/649/1446 1023/648/1447 1020/650/1444 
s 1017
f 1022/649/1446 982/647/1396 1023/648/1447 
s 1018
f 1023/648/1447 982/647/1396 981/624/1395 
s 1019
f 1016/584/1440 1025/592/1449 1026/580/1450 
s 1020
f 1027/581/1451 1012/586/1438 1028/579/1452 
s 1021
f 1014/578/1436 1028/579/1452 1012/586/1438 
s 1022
f 1029/564/1453 994/563/1410 989/638/1405 
s 1023
f 994/563/1410 1030/562/1454 1031/637/1455 
s 1024
f 1032/636/1456 1033/570/1457 991/635/1407 
s 1025
f 993/567/1409 1034/568/1458 1035/718/1459 
s 1026
f 990/721/1460 1036/722/1461 1037/768/1462 
s 1027
f 1037/768/1462 985/767/1463 990/721/1460 
s 1028
f 994/723/1464 1036/722/1461 990/721/1460 
s 1029
f 1038/720/1465 1033/570/1457 1032/636/1456 
s 1030
f 992/571/1408 991/635/1407 1033/570/1457 
s 1031
f 1039/719/1466 1035/718/1459 1034/568/1458 
s 1032
f 1034/568/1458 1040/755/1467 1041/756/1468 
s 1033
f 870/708/1175 837/697/1469 871/709/1176 
s 1034
f 874/712/1179 838/668/1135 873/711/1178 
s 1035
f 1042/785/1470 1043/739/1471 1044/740/1472 
s 1036
f 1043/739/1471 1045/738/1473 1044/740/1472 
s 1037
f 1046/747/1474 1045/748/1475 1047/745/1476 
s 1038
f 1045/748/1475 1046/747/1474 1044/749/1477 
s 1039
f 1042/746/1478 1047/745/1476 1043/744/1479 
s 1040
f 1025/592/1449 1016/584/1440 1048/468/1480 
s 1041
f 1010/469/1430 1049/590/1481 1048/468/1480 
s 1042
f 1050/591/1482 1048/468/1480 1049/590/1481 
s 1043
f 1051/462/1483 1007/461/1433 1052/460/1484 
s 1044
f 1053/599/1485 1011/589/1431 1051/462/1483 
s 1045
f 1007/461/1433 1051/462/1483 1011/589/1431 
s 1046
f 1053/598/1486 1013/583/1435 1011/585/1437 
s 1047
f 1054/596/1487 1015/467/1439 1013/583/1435 
s 1048
f 1013/583/1435 1053/598/1488 1054/596/1487 
s 1049
f 1055/464/1489 1009/465/1429 1015/467/1439 
s 1050
f 1015/467/1439 1054/596/1487 1055/464/1489 
s 1051
f 1053/598/1486 1051/597/1490 1054/596/1487 
s 1052
f 1051/597/1491 1055/464/1489 1054/596/1487 
s 1053
f 1051/597/1490 1052/466/1492 1055/464/1489 
s 1054
f 1056/560/1493 1057/559/1494 984/558/1398 
s 1055
f 1030/562/1454 1057/559/1494 1058/561/1495 
s 1056
f 1029/564/1453 1030/562/1454 994/563/1410 
s 1057
f 993/567/1409 1036/566/1496 1059/565/1497 
s 1058
f 1034/568/1458 993/567/1409 1059/565/1497 
s 1059
f 992/571/1408 1033/570/1457 1060/569/1498 
s 1060
f 992/571/1408 1060/569/1498 1037/572/1499 
s 1061
f 1061/574/1500 1062/573/1501 1056/560/1493 
s 1062
f 1018/853/1442 1061/574/1500 1056/560/1493 
s 1063
f 1018/853/1442 1056/560/1493 986/645/1400 
s 1064
f 1063/576/1502 1064/616/1503 1065/615/1504 
s 1065
f 1066/595/1505 1067/594/1506 1027/593/1507 
s 1066
f 1012/587/1432 1027/593/1507 1008/588/1508 
s 1067
f 1067/594/1506 1008/588/1508 1027/593/1507 
s 1068
f 1063/576/1502 1065/615/1504 1010/469/1430 
s 1069
f 1063/576/1502 1010/469/1430 1008/575/1428 
s 1070
f 1008/575/1509 1067/577/1510 1063/576/1502 
s 1071
f 1026/580/1450 1028/579/1452 1014/578/1436 
s 1072
f 1068/582/1511 1027/581/1451 1028/579/1452 
s 1073
f 1028/579/1452 1026/580/1450 1068/582/1511 
s 1074
f 627/373/731 634/483/739 632/372/736 
s 1075
f 627/373/731 635/482/740 634/483/739 
s 1076
f 662/375/791 614/486/715 629/377/733 
s 1077
f 614/486/715 662/375/791 615/488/716 
s 1078
f 615/488/716 654/371/765 632/372/736 
s 1079
f 654/371/765 615/488/716 662/375/791 
s 1080
f 616/489/717 602/484/700 635/482/740 
s 1081
f 635/482/740 663/508/793 616/489/717 
s 1082
f 663/508/793 664/509/794 595/490/718 
s 1083
f 595/490/718 616/489/717 663/508/793 
s 1084
f 596/511/694 595/512/693 664/515/795 
s 1085
f 1026/580/1450 1014/578/1436 1016/584/1440 
s 1086
f 1006/888/1426 1004/886/1424 1069/889/1512 
s 1087
f 1070/634/1513 1006/633/1514 1019/632/1443 
s 1088
f 1071/549/1515 1006/548/1516 1069/547/1517 
s 1089
f 1071/549/1515 1069/547/1517 1002/550/1518 
s 1090
f 996/553/1519 1072/552/1519 997/551/1520 
s 1091
f 997/551/1520 1071/549/1515 1001/554/1521 
s 1092
f 1001/554/1522 1071/549/1515 1002/550/1518 
s 1093
f 927/557/1523 1073/556/1524 1074/555/1525 
s 1094
f 1021/652/1445 1075/866/1526 1074/867/1527 
s 1095
f 1076/862/1528 927/557/1523 1077/815/1529 
s 1096
f 1024/651/1448 1078/621/1530 885/818/1531 
s 1097
f 1078/621/1530 1079/622/1532 885/818/1531 
s 1098
f 918/782/1254 864/702/1169 849/683/1150 
s 1099
f 864/702/1169 833/663/1129 832/662/1128 
s 1100
f 832/662/1128 882/726/1194 864/702/1169 
s 1101
f 829/659/1125 833/663/1129 827/657/1123 
s 1102
f 882/726/1194 832/662/1128 880/724/1192 
s 1103
f 875/713/1180 880/724/1192 832/662/1128 
s 1104
f 1080/623/1533 1079/622/1532 1078/621/1530 
s 1105
f 981/624/1395 1080/623/1533 1078/621/1530 
s 1106
f 995/877/1414 998/880/1417 1081/890/1534 
s 1107
f 995/877/1414 1081/890/1534 1082/891/1535 
s 1108
f 996/878/1415 995/877/1414 1082/891/1535 
s 1109
f 1003/885/1423 1005/887/1425 1083/892/1536 
s 1110
f 1003/885/1423 1083/892/1536 1081/890/1534 
s 1111
f 998/880/1417 1003/885/1423 1081/890/1534 
s 1112
f 1039/631/1537 996/630/1538 1082/629/1539 
s 1113
f 995/877/1414 997/879/1416 999/881/1418 
s 1114
f 1084/618/1540 1066/612/1541 1068/582/1511 
s 1115
f 1027/581/1451 1068/582/1511 1066/612/1541 
s 1116
f 1084/614/1542 1067/577/1510 1066/613/1543 
s 1117
f 1065/615/1504 1049/590/1481 1010/469/1430 
s 1118
f 1064/616/1503 1063/576/1502 1084/614/1542 
s 1119
f 1067/577/1544 1084/614/1542 1063/576/1502 
s 1120
f 1085/617/1545 1068/582/1511 1026/580/1450 
s 1121
f 1086/619/1546 1084/618/1540 1068/582/1511 
s 1122
f 1068/582/1511 1085/617/1545 1086/619/1546 
s 1123
f 1064/616/1503 1084/614/1542 1086/620/1547 
s 1124
f 1048/468/1480 1050/591/1482 1025/592/1449 
s 1125
f 1069/889/1512 1000/882/1419 1002/884/1422 
s 1126
f 1004/886/1424 1000/882/1419 1069/889/1512 
s 1127
f 983/646/1397 1087/816/1548 1080/623/1533 
s 1128
f 1078/621/1530 1024/651/1448 1023/648/1447 
s 1129
f 1023/648/1447 981/624/1395 1078/621/1530 
s 1130
f 1088/865/1549 1089/860/1550 1024/651/1448 
s 1131
f 1024/651/1448 885/818/1551 1088/865/1549 
s 1132
f 1075/866/1526 1021/652/1445 1089/860/1550 
s 1133
f 1089/860/1550 1088/865/1549 1075/866/1552 
s 1134
f 1074/867/1527 1073/861/1553 1021/652/1445 
s 1135
f 929/791/1554 1075/893/1555 1090/894/1556 
s 1136
f 1074/895/1557 929/791/1558 747/787/1269 
s 1137
f 1088/896/1559 1090/894/1556 1075/893/1555 
s 1138
f 1075/893/1560 929/791/1558 1074/895/1557 
s 1139
f 886/731/1200 1088/896/1559 885/732/1201 
s 1140
f 1090/894/1556 1088/896/1559 886/731/1200 
s 1141
f 1090/894/1556 886/731/1200 901/758/1228 
s 1142
f 828/658/1124 843/673/1140 916/780/1561 
s 1143
f 918/782/1254 827/657/1123 864/702/1169 
s 1144
f 849/683/1150 844/674/1141 918/782/1254 
s 1145
f 916/780/1561 826/656/1122 828/658/1124 
s 1146
f 843/696/1562 917/695/1413 916/694/1563 
s 1147
f 837/697/1469 916/694/1563 917/695/1413 
s 1148
f 844/674/1141 849/683/1150 917/781/1253 
s 1149
f 1091/842/1564 1092/844/1565 1093/872/1565 
s 1150
f 1093/872/1566 1094/873/1567 1091/842/1564 
s 1151
f 1032/870/1568 1005/871/1569 1095/876/1570 
s 1152
f 1073/861/1553 1095/876/1570 1006/633/1514 
s 1153
f 1073/861/1553 1006/633/1514 1070/634/1513 
s 1154
f 1005/871/1569 1006/633/1571 1095/876/1570 
s 1155
f 987/644/1401 1096/834/1572 1085/849/1573 
s 1156
f 1064/830/1574 1086/850/1575 1096/834/1572 
s 1157
f 1049/828/1576 1097/829/1577 1029/564/1453 
s 1158
f 1098/841/1578 1029/564/1453 1097/829/1577 
s 1159
f 1096/834/1572 1057/559/1494 1030/562/1454 
s 1160
f 987/644/1401 1057/559/1494 1096/834/1572 
s 1161
f 984/558/1398 1057/559/1494 987/644/1401 
s 1162
f 1098/841/1578 1096/834/1572 1030/562/1454 
s 1163
f 1019/632/1443 1071/864/1579 1022/649/1446 
s 1164
f 1071/864/1579 1019/632/1443 1006/633/1514 
s 1165
f 1072/863/1580 982/647/1396 1022/649/1446 
s 1166
f 1020/650/1444 1024/651/1448 1089/860/1550 
s 1167
f 1021/652/1445 1070/634/1513 1019/632/1443 
s 1168
f 1020/650/1444 1089/860/1550 1021/652/1445 
s 1169
f 1070/634/1513 1021/652/1445 1073/861/1553 
s 1170
f 927/557/1523 1076/862/1528 1073/556/1524 
s 1171
f 1087/816/1548 983/646/1397 1076/862/1528 
s 1172
f 1076/862/1528 1077/815/1529 1087/816/1548 
s 1173
f 1080/623/1533 981/624/1395 983/646/1397 
s 1174
f 929/791/1554 1090/894/1556 901/758/1228 
s 1175
f 1099/794/1581 1100/793/1582 931/792/1275 
s 1176
f 934/795/1278 1099/794/1581 931/792/1275 
s 1177
f 1100/793/1582 927/557/1523 928/789/1271 
s 1178
f 931/792/1275 1100/793/1582 928/789/1271 
s 1179
f 1101/820/1583 934/795/1278 887/797/1584 
s 1180
f 1101/820/1583 887/797/1584 884/819/1585 
s 1181
f 1079/622/1532 1101/820/1583 884/819/1585 
s 1182
f 830/660/1239 829/659/1125 826/656/1122 
s 1183
f 844/674/1141 828/658/1124 918/782/1254 
s 1184
f 829/659/1125 831/661/1127 832/662/1128 
s 1185
f 864/702/1169 850/684/1151 849/683/1150 
s 1186
f 882/726/1194 850/684/1151 864/702/1169 
s 1187
f 917/781/1253 849/683/1150 842/672/1139 
s 1188
f 842/672/1139 849/683/1150 840/670/1137 
s 1189
f 889/897/1586 965/736/1587 905/735/1338 
s 1190
f 905/735/1338 830/898/1588 889/897/1586 
s 1191
f 830/660/1239 905/763/1233 831/661/1127 
s 1192
f 917/695/1413 842/682/1149 866/704/1171 
s 1193
f 916/694/1589 837/697/1469 851/803/1589 
s 1194
f 917/695/1413 871/709/1176 837/697/1469 
s 1195
f 1073/556/1524 1094/873/1567 1095/874/1590 
s 1196
f 1094/873/1567 1073/556/1524 1076/862/1528 
s 1197
f 1091/842/1564 1076/862/1528 983/646/1397 
s 1198
f 982/647/1396 1091/842/1564 983/646/1397 
s 1199
f 1094/873/1567 1076/862/1528 1091/842/1591 
s 1200
f 1022/649/1446 1071/864/1592 1072/863/1592 
s 1201
f 997/551/1520 1072/552/1593 1071/549/1593 
s 1202
f 982/647/1396 1072/843/1594 1091/842/1564 
s 1203
f 881/725/1193 854/741/1210 882/726/1194 
s 1204
f 881/812/1305 883/727/1195 854/690/1157 
s 1205
f 952/814/1307 881/725/1193 880/724/1192 
s 1206
f 1100/793/1582 1077/815/1529 927/557/1523 
s 1207
f 1102/817/1595 1087/816/1548 1100/793/1582 
s 1208
f 1077/815/1529 1100/793/1582 1087/816/1548 
s 1209
f 1079/622/1532 1080/623/1533 1102/817/1595 
s 1210
f 1087/816/1548 1102/817/1595 1080/623/1533 
s 1211
f 1079/622/1532 884/819/1585 885/818/1531 
s 1212
f 1101/820/1583 1079/622/1532 1102/817/1595 
s 1213
f 1101/820/1583 1102/817/1595 1099/794/1581 
s 1214
f 1101/820/1583 1099/794/1581 934/795/1278 
s 1215
f 1099/794/1581 1102/817/1595 1100/793/1582 
s 1216
f 1039/719/1466 1082/752/1596 1035/718/1459 
s 1217
f 1083/751/1597 991/635/1407 1081/750/1598 
s 1218
f 1103/746/1599 1104/749/1600 1105/747/1599 
s 1219
f 1106/748/1601 1107/744/1602 1108/745/1601 
s 1220
f 1108/745/1603 1103/746/1603 1105/747/1604 
s 1221
f 1103/746/1603 1108/745/1603 1107/744/1602 
s 1222
f 1106/748/1605 1105/747/1605 1104/749/1600 
s 1223
f 1105/747/1604 1106/748/1606 1108/745/1606 
s 1224
f 1107/739/1607 1104/740/1608 1103/785/1609 
s 1225
f 927/786/1268 1074/895/1557 747/787/1269 
s 1226
f 886/731/1200 888/734/1203 901/758/1228 
s 1227
f 1109/855/1610 1058/561/1495 1062/573/1501 
s 1228
f 1061/574/1500 1109/855/1610 1062/573/1501 
s 1229
f 1058/561/1495 1031/637/1455 1030/562/1454 
s 1230
f 1062/573/1501 1058/561/1495 1057/559/1494 
s 1231
f 1039/719/1466 1034/568/1458 1041/756/1468 
s 1232
f 1017/754/1611 1033/570/1457 1038/720/1465 
s 1233
f 1093/858/1612 1038/859/1613 1032/868/1612 
s 1234
f 1018/853/1442 1017/854/1441 1038/859/1613 
s 1235
f 1018/853/1442 1038/859/1613 1110/856/1614 
s 1236
f 1040/755/1467 1034/568/1458 1031/637/1455 
s 1237
f 1059/565/1497 1031/637/1455 1034/568/1458 
s 1238
f 986/753/1615 1060/569/1498 1033/570/1457 
s 1239
f 1014/578/1436 1013/583/1435 1016/584/1440 
s 1240
f 1016/584/1440 1015/467/1439 1048/468/1480 
s 1241
f 1009/465/1429 1010/469/1430 1048/468/1480 
s 1242
f 1048/468/1480 1015/467/1439 1009/465/1429 
s 1243
f 1052/466/1616 1007/463/1427 1055/464/1489 
s 1244
f 1009/465/1429 1055/464/1489 1007/463/1427 
s 1245
f 1111/840/1617 1112/857/1618 1092/839/1619 
s 1246
f 1092/839/1620 1039/719/1466 1041/756/1468 
s 1247
f 1041/756/1468 1111/840/1617 1092/839/1619 
s 1248
f 1098/841/1578 1030/562/1454 1029/564/1453 
s 1249
f 1091/842/1564 996/630/1538 1039/631/1537 
s 1250
f 1033/570/1457 1017/754/1611 986/753/1615 
s 1251
f 985/640/1403 1037/572/1499 1060/569/1498 
s 1252
f 1060/569/1498 986/753/1615 985/640/1403 
s 1253
f 1031/637/1455 1059/565/1497 994/563/1410 
s 1254
f 1036/566/1496 994/563/1410 1059/565/1497 
s 1255
f 1035/718/1459 991/635/1407 993/567/1409 
s 1256
f 1092/844/1621 1091/842/1564 1039/631/1537 
s 1257
f 993/567/1409 992/571/1408 1036/566/1496 
s 1258
f 1097/829/1622 1064/830/1574 1098/841/1578 
s 1259
f 1096/834/1572 1098/841/1578 1064/830/1574 
s 1260
f 1113/847/1623 1025/846/1624 988/641/1404 
s 1261
f 1050/845/1625 1049/828/1576 1029/564/1453 
s 1262
f 1029/564/1453 989/638/1405 1050/845/1625 
s 1263
f 1025/846/1624 1050/845/1625 989/638/1405 
s 1264
f 1104/740/1608 1107/739/1607 1106/738/1626 
s 1265
f 1042/746/1478 1044/749/1477 1046/747/1474 
s 1266
f 1045/748/1627 1043/744/1627 1047/745/1627 
s 1267
f 1047/745/1476 1042/746/1478 1046/747/1474 
s 1268
f 1056/560/1493 1062/573/1501 1057/559/1494 
s 1269
f 1056/560/1493 984/558/1398 986/645/1400 
s 1270
f 1040/755/1467 1031/637/1455 1058/561/1495 
s 1271
f 1109/855/1610 1040/755/1467 1058/561/1495 
s 1272
f 989/638/1405 988/641/1404 1025/846/1624 
s 1273
f 1085/849/1573 1113/848/1628 987/644/1401 
s 1274
f 988/643/1402 987/644/1401 1113/848/1628 
s 1275
f 1086/850/1575 1085/849/1573 1096/834/1572 
s 1276
f 1061/574/1500 1018/853/1442 1110/856/1614 
s 1277
f 1061/574/1500 1110/856/1614 1112/857/1618 
s 1278
f 1110/856/1614 1038/859/1613 1093/858/1629 
s 1279
f 1110/856/1614 1093/858/1629 1112/857/1618 
s 1280
f 1109/855/1610 1061/574/1500 1112/857/1618 
s 1281
f 1109/855/1610 1112/857/1618 1111/840/1617 
s 1282
f 1040/755/1467 1109/855/1610 1111/840/1617 
s 1283
f 1040/755/1467 1111/840/1617 1041/756/1468 
s 1284
f 1093/858/1629 1092/839/1619 1112/857/1618 
s 1285
f 1113/847/1630 1026/851/1630 1025/846/1624 
s 1286
f 1026/852/1631 1113/848/1631 1085/849/1573 
s 1287
f 1097/829/1632 1049/828/1576 1065/827/1632 
s 1288
f 1097/829/1577 1065/831/1633 1064/830/1574 
s 1289
f 992/571/1408 1037/572/1499 1036/566/1496 
s 1290
f 1081/750/1598 991/635/1407 1035/718/1459 
s 1291
f 1035/718/1459 1082/752/1596 1081/750/1598 
s 1292
f 1032/636/1456 991/635/1407 1083/751/1597 
s 1293
f 1005/871/1569 1032/870/1568 1083/869/1634 
s 1294
f 1095/874/1590 1094/873/1567 1093/872/1566 
s 1295
f 1093/872/1566 1032/875/1635 1095/874/1590 
s 1296
f 1091/842/1636 1072/843/1594 996/630/1538 
s 1
f 1114/899/1637 1115/900/1638 1116/901/1639 
s 2
f 1115/900/1640 1114/899/1637 1117/902/1641 
s 3
f 1118/903/1642 1116/901/1639 1119/904/1643 
s 4
f 1116/901/1639 1118/903/1642 1114/899/1637 
s 5
f 1120/905/1644 1117/902/1641 1114/899/1637 
s 6
f 1117/902/1641 1120/905/1644 1121/906/1645 
s 7
f 1122/907/1646 1114/899/1637 1118/903/1642 
s 8
f 1114/899/1647 1122/907/1646 1120/905/1644 
s 9
f 1123/908/1648 1121/906/1645 1120/905/1644 
s 10
f 1121/906/1645 1123/908/1648 1124/909/1649 
s 11
f 1125/910/1650 1120/905/1644 1122/907/1646 
s 12
f 1120/905/1644 1125/910/1650 1126/911/1651 
s 13
f 1125/910/1650 1122/907/1646 1127/912/1652 
s 14
f 1123/908/1648 1120/905/1644 1126/911/1651 
s 15
f 1128/913/1653 1119/904/1643 1129/914/1654 
s 16
f 1130/915/1655 1119/904/1643 1128/913/1656 
s 17
f 1119/904/1643 1130/915/1655 1131/916/1657 
s 18
f 1132/917/1658 1131/916/1657 1133/918/1659 
s 19
f 1134/919/1660 1131/916/1657 1132/917/1658 
s 20
f 1131/916/1657 1134/919/1660 1135/920/1661 
s 21
f 1136/921/1662 1135/920/1661 1134/919/1660 
s 22
f 1133/918/1659 1131/916/1657 1130/915/1655 
s 23
f 1137/922/1663 1135/920/1661 1138/923/1664 
s 24
f 1135/920/1661 1137/922/1663 1131/916/1657 
s 25
f 1118/903/1642 1131/916/1657 1137/922/1663 
s 26
f 1131/916/1657 1118/903/1642 1119/904/1643 
s 27
f 1139/924/1665 1138/923/1664 1140/925/1666 
s 28
f 1138/923/1664 1139/924/1665 1137/922/1663 
s 29
f 1122/907/1646 1137/922/1663 1139/924/1665 
s 30
f 1137/922/1663 1122/907/1646 1118/903/1642 
s 31
f 1141/926/1667 1140/925/1666 1142/927/1668 
s 32
f 1140/925/1669 1141/926/1667 1139/924/1665 
s 33
f 1143/928/1670 1139/924/1665 1144/929/1671 
s 34
f 1139/924/1665 1143/928/1670 1122/907/1646 
s 35
f 1127/912/1652 1122/907/1646 1143/928/1670 
s 36
f 1144/929/1671 1139/924/1665 1141/926/1667 
s 37
f 1116/901/1639 1145/930/1672 1146/931/1673 
s 38
f 1145/930/1672 1116/901/1639 1115/900/1640 
s 39
f 1119/904/1643 1146/931/1673 1129/914/1654 
s 40
f 1146/931/1673 1119/904/1643 1116/901/1639 
s 41
f 1115/900/1674 1114/899/1675 1116/901/1676 
s 42
f 1114/899/1675 1115/900/1674 1117/902/1677 
s 43
f 1116/901/1676 1118/903/1678 1119/904/1679 
s 44
f 1118/903/1678 1116/901/1676 1114/899/1675 
s 45
f 1117/902/1677 1120/905/1680 1114/899/1675 
s 46
f 1120/905/1680 1117/902/1677 1121/906/1681 
s 47
f 1114/899/1675 1122/907/1682 1118/903/1678 
s 48
f 1122/907/1682 1114/899/1675 1120/905/1680 
s 49
f 1121/906/1681 1123/908/1683 1120/905/1680 
s 50
f 1123/908/1683 1121/906/1681 1124/909/1684 
s 51
f 1120/905/1680 1125/910/1685 1122/907/1682 
s 52
f 1125/910/1685 1120/905/1680 1126/911/1686 
s 53
f 1122/907/1682 1125/910/1685 1127/912/1687 
s 54
f 1120/905/1680 1123/908/1683 1126/911/1686 
s 55
f 1119/904/1679 1128/913/1688 1129/914/1689 
s 56
f 1119/904/1679 1130/915/1690 1128/913/1688 
s 57
f 1130/915/1690 1119/904/1679 1131/916/1691 
s 58
f 1131/916/1691 1132/917/1692 1133/918/1693 
s 59
f 1131/916/1691 1134/919/1694 1132/917/1692 
s 60
f 1134/919/1694 1131/916/1691 1135/920/1695 
s 61
f 1135/920/1695 1136/921/1696 1134/919/1694 
s 62
f 1131/916/1691 1133/918/1693 1130/915/1690 
s 63
f 1135/920/1695 1137/922/1697 1138/923/1698 
s 64
f 1137/922/1697 1135/920/1699 1131/916/1691 
s 65
f 1131/916/1691 1118/903/1678 1137/922/1697 
s 66
f 1118/903/1678 1131/916/1691 1119/904/1679 
s 67
f 1138/923/1698 1139/924/1700 1140/925/1701 
s 68
f 1139/924/1700 1138/923/1698 1137/922/1697 
s 69
f 1137/922/1697 1122/907/1682 1139/924/1700 
s 70
f 1122/907/1682 1137/922/1697 1118/903/1678 
s 71
f 1140/925/1701 1141/926/1702 1142/927/1703 
s 72
f 1141/926/1702 1140/925/1701 1139/924/1700 
s 73
f 1139/924/1700 1143/928/1704 1144/929/1705 
s 74
f 1143/928/1704 1139/924/1700 1122/907/1682 
s 75
f 1122/907/1682 1127/912/1687 1143/928/1704 
s 76
f 1139/924/1700 1144/929/1705 1141/926/1702 
s 77
f 1145/930/1706 1116/901/1676 1146/931/1707 
s 78
f 1116/901/1676 1145/930/1706 1115/900/1674 
s 79
f 1146/931/1707 1119/904/1679 1129/914/1689 
s 80
f 1119/904/1679 1146/931/1707 1116/901/1676 
s 81
f 1147/932/1708 1148/933/1709 1149/934/1710 
s 82
f 1150/935/1711 1151/936/1712 1152/937/1713 
s 83
f 1153/938/1714 1152/937/1713 1151/936/1712 
s 84
f 1151/936/1712 1154/939/1715 1153/938/1714 
s 85
f 1155/940/1716 1153/938/1714 1154/939/1715 
s 86
f 1154/939/1715 1156/941/1717 1155/940/1716 
s 87
f 1147/932/1708 1155/940/1716 1156/941/1717 
s 88
f 1156/941/1717 1157/942/1718 1147/932/1708 
s 89
f 1148/933/1709 1147/932/1708 1157/942/1718 
s 90
f 1157/942/1718 1158/943/1719 1148/933/1709 
s 91
f 1159/944/1720 1160/945/1721 1150/935/1711 
s 92
f 1151/936/1712 1150/935/1711 1160/945/1721 
s 93
f 1160/945/1721 1161/946/1722 1151/936/1712 
s 94
f 1154/939/1715 1151/936/1712 1161/946/1722 
s 95
f 1161/946/1722 1162/947/1723 1154/939/1715 
s 96
f 1156/941/1717 1154/939/1715 1162/947/1723 
s 97
f 1162/947/1723 1163/948/1724 1156/941/1717 
s 98
f 1157/942/1718 1156/941/1717 1163/948/1724 
s 99
f 1163/948/1724 1164/949/1725 1157/942/1718 
s 100
f 1158/943/1719 1157/942/1718 1164/949/1725 
s 101
f 1165/950/1726 1166/951/1727 1159/944/1720 
s 102
f 1160/945/1721 1159/944/1720 1166/951/1727 
s 103
f 1167/952/1728 1168/953/1729 1169/954/1730 
s 104
f 1169/954/1730 1170/955/1731 1167/952/1728 
s 105
f 1170/955/1731 1169/954/1730 1171/956/1732 
s 106
f 1171/956/1732 1172/957/1733 1170/955/1731 
s 107
f 1172/957/1733 1171/956/1732 1164/958/1734 
s 108
f 1164/958/1734 1158/959/1735 1172/957/1733 
s 109
f 1173/960/1736 1174/961/1737 1175/962/1738 
s 110
f 1175/962/1738 1176/963/1739 1173/960/1736 
s 111
f 1176/963/1739 1175/962/1738 1177/964/1740 
s 112
f 1177/964/1740 1168/953/1729 1176/963/1739 
s 113
f 1168/953/1729 1177/964/1740 1178/965/1741 
s 114
f 1178/965/1741 1169/954/1730 1168/953/1729 
s 115
f 1169/954/1730 1178/965/1741 1179/966/1742 
s 116
f 1179/966/1742 1171/956/1732 1169/954/1730 
s 117
f 1171/956/1732 1179/966/1742 1180/967/1743 
s 118
f 1180/967/1743 1164/958/1734 1171/956/1732 
s 119
f 1181/968/1744 1182/969/1745 1183/970/1746 
s 120
f 1184/971/1747 1183/970/1746 1182/969/1745 
s 121
f 1182/969/1745 1149/934/1710 1184/971/1747 
s 122
f 1185/972/1748 1184/971/1747 1149/934/1710 
s 123
f 1152/937/1713 1153/938/1714 1181/968/1744 
s 124
f 1182/969/1745 1181/968/1744 1153/938/1714 
s 125
f 1153/938/1714 1155/940/1716 1182/969/1745 
s 126
f 1149/934/1710 1182/969/1745 1155/940/1716 
s 127
f 1155/940/1716 1147/932/1708 1149/934/1710 
s 128
f 1186/973/1749 1187/974/1750 1170/975/1751 
s 129
f 1172/976/1752 1170/975/1751 1187/974/1750 
s 130
f 1187/974/1750 1148/977/1753 1172/976/1752 
s 131
f 1158/978/1754 1172/976/1752 1148/977/1753 
s 132
f 1176/979/1755 1173/980/1756 1188/981/1757 
s 133
f 1188/981/1757 1189/982/1758 1176/979/1755 
s 134
f 1168/983/1759 1176/979/1755 1189/982/1758 
s 135
f 1189/982/1758 1167/984/1760 1168/983/1759 
s 136
f 1169/985/1761 1168/983/1759 1167/984/1760 
s 137
f 1167/984/1760 1170/975/1751 1169/985/1761 
s 138
f 1171/986/1762 1169/985/1761 1170/975/1751 
s 139
f 1170/975/1751 1172/976/1752 1171/986/1762 
s 140
f 1164/987/1763 1171/986/1762 1172/976/1752 
s 141
f 1172/976/1752 1158/978/1754 1164/987/1763 
s 142
f 1175/988/1764 1174/989/1765 1173/980/1756 
s 143
f 1173/980/1756 1176/979/1755 1175/988/1764 
s 144
f 1177/990/1766 1175/988/1764 1176/979/1755 
s 145
f 1176/979/1755 1168/983/1759 1177/990/1766 
s 146
f 1178/991/1767 1177/990/1766 1168/983/1759 
s 147
f 1168/983/1759 1169/985/1761 1178/991/1767 
s 148
f 1179/992/1768 1178/991/1767 1169/985/1761 
s 149
f 1169/985/1761 1171/986/1762 1179/992/1768 
s 150
f 1180/993/1769 1179/992/1768 1171/986/1762 
s 151
f 1171/986/1762 1164/987/1763 1180/993/1769 
s 152
f 1166/951/1770 1190/994/1771 1160/945/1721 
s 153
f 1161/946/1722 1160/945/1721 1190/994/1771 
s 154
f 1190/994/1771 1191/995/1772 1161/946/1722 
s 155
f 1162/947/1723 1161/946/1722 1191/995/1772 
s 156
f 1191/995/1772 1192/996/1773 1162/947/1723 
s 157
f 1163/948/1724 1162/947/1723 1192/996/1773 
s 158
f 1192/996/1773 1180/997/1774 1163/948/1724 
s 159
f 1164/949/1725 1163/948/1724 1180/997/1774 
s 160
f 1193/998/1775 1194/999/1776 1195/1000/1777 
s 161
f 1195/1000/1777 1196/1001/1778 1193/998/1775 
s 162
f 1197/1002/1779 1193/998/1775 1196/1001/1778 
s 163
f 1196/1001/1778 1198/1003/1780 1197/1002/1779 
s 164
f 1199/1004/1781 1200/1005/1782 1194/999/1776 
s 165
f 1194/999/1776 1193/998/1775 1199/1004/1781 
s 166
f 1186/973/1749 1199/1004/1781 1193/998/1775 
s 167
f 1193/998/1775 1197/1002/1779 1186/973/1749 
s 168
f 1187/974/1750 1186/973/1749 1197/1002/1779 
s 169
f 1148/977/1753 1187/974/1750 1197/1002/1779 
s 170
f 1197/1002/1779 1149/1002/1783 1148/977/1753 
s 171
f 1189/982/1758 1188/981/1757 1200/1005/1782 
s 172
f 1200/1005/1782 1199/1004/1781 1189/982/1758 
s 173
f 1167/984/1760 1189/982/1758 1199/1004/1781 
s 174
f 1199/1004/1781 1186/973/1749 1167/984/1760 
s 175
f 1170/975/1751 1167/984/1760 1186/973/1749 
s 176
f 1149/1006/1784 1148/1007/1785 1147/1008/1786 
s 177
f 1152/1009/1787 1151/1010/1788 1150/1011/1789 
s 178
f 1151/1010/1788 1152/1009/1787 1153/1012/1790 
s 179
f 1153/1012/1790 1154/1013/1791 1151/1010/1788 
s 180
f 1154/1013/1791 1153/1012/1790 1155/1014/1792 
s 181
f 1155/1014/1792 1156/1015/1793 1154/1013/1791 
s 182
f 1156/1015/1793 1155/1014/1792 1147/1008/1786 
s 183
f 1147/1008/1786 1157/1016/1794 1156/1015/1793 
s 184
f 1157/1016/1794 1147/1008/1786 1148/1007/1785 
s 185
f 1148/1007/1785 1158/959/1735 1157/1016/1794 
s 186
f 1150/1011/1789 1160/1017/1795 1159/1018/1796 
s 187
f 1160/1017/1795 1150/1011/1789 1151/1010/1788 
s 188
f 1151/1010/1788 1161/1019/1797 1160/1017/1795 
s 189
f 1161/1019/1797 1151/1010/1788 1154/1013/1791 
s 190
f 1154/1013/1791 1162/1020/1798 1161/1019/1797 
s 191
f 1162/1020/1798 1154/1013/1791 1156/1015/1793 
s 192
f 1156/1015/1793 1163/1021/1799 1162/1020/1798 
s 193
f 1163/1021/1799 1156/1015/1793 1157/1016/1794 
s 194
f 1157/1016/1794 1164/958/1734 1163/1021/1799 
s 195
f 1164/958/1734 1157/1016/1794 1158/959/1735 
s 196
f 1159/1018/1796 1166/1022/1800 1165/1023/1801 
s 197
f 1166/1022/1800 1159/1018/1796 1160/1017/1795 
s 198
f 1201/1024/1802 1202/1025/1803 1203/1026/1804 
s 199
f 1202/1025/1803 1201/1024/1802 1204/1027/1805 
s 200
f 1204/1027/1805 1205/1028/1806 1202/1025/1803 
s 201
f 1205/1028/1806 1204/1027/1805 1206/1029/1807 
s 202
f 1206/1029/1807 1207/1030/1808 1205/1028/1806 
s 203
f 1203/1026/1804 1208/1031/1809 1209/1032/1810 
s 204
f 1208/1031/1809 1203/1026/1804 1202/1025/1803 
s 205
f 1202/1025/1803 1210/1033/1811 1208/1031/1809 
s 206
f 1210/1033/1811 1202/1025/1803 1205/1028/1806 
s 207
f 1205/1028/1806 1211/1034/1812 1210/1033/1811 
s 208
f 1211/1034/1812 1205/1028/1806 1207/1030/1808 
s 209
f 1209/1032/1810 1184/1035/1813 1183/1036/1814 
s 210
f 1184/1035/1813 1209/1032/1810 1208/1031/1809 
s 211
f 1208/1031/1809 1185/1037/1815 1184/1035/1813 
s 212
f 1185/1037/1815 1208/1031/1809 1210/1033/1811 
s 213
f 1185/1037/1815 1210/1033/1811 1211/1034/1812 
s 214
f 1183/1036/1814 1182/1038/1816 1181/1039/1817 
s 215
f 1182/1038/1816 1183/1036/1814 1184/1035/1813 
s 216
f 1185/1037/1815 1149/1006/1784 1182/1038/1816 
s 217
f 1182/1038/1816 1184/1035/1813 1185/1037/1815 
s 218
f 1181/1039/1817 1153/1012/1790 1152/1009/1787 
s 219
f 1153/1012/1790 1181/1039/1817 1182/1038/1816 
s 220
f 1182/1038/1816 1155/1014/1792 1153/1012/1790 
s 221
f 1155/1014/1792 1182/1038/1816 1149/1006/1784 
s 222
f 1149/1006/1784 1147/1008/1786 1155/1014/1792 
s 223
f 1195/1040/1818 1194/1041/1819 1193/1042/1820 
s 224
f 1193/1042/1820 1196/1043/1821 1195/1040/1818 
s 225
f 1196/1043/1821 1193/1042/1820 1198/1044/1822 
s 226
f 1197/1045/1823 1198/1044/1822 1193/1042/1820 
s 227
f 1194/1041/1819 1200/1046/1824 1199/1047/1825 
s 228
f 1199/1047/1825 1193/1042/1820 1194/1041/1819 
s 229
f 1193/1042/1820 1199/1047/1825 1186/1048/1826 
s 230
f 1186/1048/1826 1197/1045/1823 1193/1042/1820 
s 231
f 1197/1045/1823 1186/1048/1826 1187/1049/1827 
s 232
f 1197/1045/1823 1187/1049/1827 1148/1007/1785 
s 233
f 1148/1007/1785 1149/1006/1784 1197/1045/1823 
s 234
f 1200/1046/1824 1188/1050/1828 1189/1051/1829 
s 235
f 1189/1051/1829 1199/1047/1825 1200/1046/1824 
s 236
f 1199/1047/1825 1189/1051/1829 1167/952/1728 
s 237
f 1167/952/1728 1186/1048/1826 1199/1047/1825 
s 238
f 1186/1048/1826 1167/952/1728 1170/955/1731 
s 239
f 1170/955/1731 1187/1049/1827 1186/1048/1826 
s 240
f 1187/1049/1827 1170/955/1731 1172/957/1733 
s 241
f 1172/957/1733 1148/1007/1785 1187/1049/1827 
s 242
f 1148/1007/1785 1172/957/1733 1158/959/1735 
s 243
f 1188/1050/1828 1173/960/1736 1176/963/1739 
s 244
f 1176/963/1739 1189/1051/1829 1188/1050/1828 
s 245
f 1189/1051/1829 1176/963/1739 1168/953/1729 
s 246
f 1168/953/1729 1167/952/1728 1189/1051/1829 
s 247
f 1160/1017/1795 1190/1052/1830 1166/1022/1800 
s 248
f 1190/1052/1830 1160/1017/1795 1161/1019/1797 
s 249
f 1161/1019/1797 1191/1053/1831 1190/1052/1830 
s 250
f 1191/1053/1831 1161/1019/1797 1162/1020/1798 
s 251
f 1162/1020/1798 1192/1054/1832 1191/1053/1831 
s 252
f 1192/1054/1832 1162/1020/1798 1163/1021/1799 
s 253
f 1163/1021/1799 1180/967/1743 1192/1054/1832 
s 254
f 1180/967/1743 1163/1021/1799 1164/958/1734 
s 255
f 1212/1055/1833 1213/1056/1834 1214/1057/1835 
s 256
f 1214/1057/1835 1215/1058/1836 1212/1055/1837 
s 257
f 1215/1058/1836 1214/1057/1835 1216/1059/1838 
s 258
f 1216/1059/1838 1217/1060/1839 1215/1058/1836 
s 259
f 1217/1060/1839 1216/1059/1838 1218/1061/1840 
s 260
f 1213/1056/1834 1219/1062/1841 1220/1063/1842 
s 261
f 1220/1063/1842 1214/1057/1835 1213/1056/1834 
s 262
f 1214/1057/1835 1220/1063/1842 1221/1064/1843 
s 263
f 1221/1064/1843 1216/1059/1838 1214/1057/1835 
s 264
f 1216/1059/1838 1221/1064/1843 1222/1065/1844 
s 265
f 1222/1065/1844 1218/1061/1840 1216/1059/1838 
s 266
f 1219/1062/1841 1195/1040/1818 1196/1043/1821 
s 267
f 1196/1043/1821 1220/1063/1842 1219/1062/1841 
s 268
f 1220/1063/1842 1196/1043/1821 1198/1044/1822 
s 269
f 1198/1044/1822 1221/1064/1843 1220/1063/1842 
s 270
f 1198/1044/1822 1222/1065/1844 1221/1064/1843 
s 271
f 1223/1066/1845 1224/1067/1846 1225/1068/1846 
s 272
f 1226/1069/1847 1227/1070/1846 1228/1071/1848 
s 273
f 1227/1070/1846 1229/1072/1849 1228/1071/1848 
s 274
f 1229/1072/1849 1230/1073/1846 1228/1071/1846 
s 275
f 1230/1073/1846 1225/1068/1846 1228/1071/1846 
s 276
f 1231/1074/1850 1228/1071/1846 1232/1075/1851 
s 277
f 1232/1075/1851 1228/1071/1846 1233/1076/1852 
s 278
f 1228/1071/1846 1225/1068/1846 1233/1076/1852 
s 279
f 1234/1077/1846 1233/1076/1852 1235/1078/1853 
s 280
f 1233/1076/1852 1225/1068/1846 1235/1078/1853 
s 281
f 1225/1068/1846 1224/1067/1846 1235/1078/1853 
s 282
f 1236/1066/1854 1237/1068/1855 1238/1067/1856 
s 283
f 1238/1067/1856 1237/1068/1855 1239/1078/1857 
s 284
f 1240/1077/1857 1239/1078/1857 1241/1076/1857 
s 285
f 1239/1078/1857 1237/1068/1857 1241/1076/1857 
s 286
f 1237/1068/1857 1242/1073/1858 1241/1076/1857 
s 287
f 1243/1075/1857 1241/1076/1857 1244/1074/1859 
s 288
f 1241/1076/1857 1242/1073/1857 1244/1074/1859 
s 289
f 1244/1074/1859 1242/1073/1858 1245/1071/1857 
s 290
f 1246/1069/1857 1245/1071/1857 1247/1070/1857 
s 291
f 1247/1070/1857 1245/1071/1857 1248/1072/1857 
s 292
f 1245/1071/1857 1242/1073/1858 1248/1072/1857 
s 293
f 1247/1070/1860 1227/1070/1861 1246/1069/1862 
s 294
f 1226/1069/1862 1246/1069/1862 1227/1070/1861 
s 295
f 1225/1068/1863 1230/1073/1864 1237/1068/1865 
s 296
f 1242/1073/1865 1237/1068/1865 1230/1073/1865 
s 297
f 1223/1066/1845 1225/1068/1863 1236/1066/1866 
s 298
f 1237/1068/1855 1236/1066/1866 1225/1068/1866 
s 299
f 1224/1067/1867 1223/1066/1868 1238/1067/1856 
s 300
f 1236/1066/1854 1238/1067/1856 1223/1066/1868 
s 301
f 1235/1078/1853 1224/1067/1869 1239/1078/1869 
s 302
f 1238/1067/1856 1239/1078/1869 1224/1067/1867 
s 303
f 1234/1077/1870 1235/1078/1853 1240/1077/1870 
s 304
f 1239/1078/1870 1240/1077/1870 1235/1078/1853 
s 305
f 1233/1076/1852 1234/1077/1871 1241/1076/1871 
s 306
f 1240/1077/1871 1241/1076/1871 1234/1077/1871 
s 307
f 1232/1075/1851 1233/1076/1852 1243/1075/1872 
s 308
f 1241/1076/1873 1243/1075/1872 1233/1076/1852 
s 309
f 1231/1074/1850 1232/1075/1851 1244/1074/1874 
s 310
f 1243/1075/1872 1244/1074/1874 1232/1075/1851 
s 311
f 1228/1071/1875 1231/1074/1875 1245/1071/1875 
s 312
f 1244/1074/1859 1245/1071/1875 1231/1074/1875 
s 313
f 1226/1069/1847 1228/1071/1848 1246/1069/1876 
s 314
f 1245/1071/1876 1246/1069/1876 1228/1071/1848 
s 315
f 1242/1073/1858 1230/1073/1877 1248/1072/1877 
s 316
f 1229/1072/1849 1248/1072/1862 1230/1073/1877 
s 317
f 1249/1079/1878 1250/1079/1879 1251/1080/1880 
s 318
f 1252/1080/1881 1251/1080/1880 1250/1079/1879 
s 319
f 1253/1081/1882 1248/1072/1883 1254/1081/1884 
s 320
f 1229/1072/1883 1254/1081/1884 1248/1072/1883 
s 321
f 1247/1070/1857 1248/1072/1857 1255/1082/1885 
s 322
f 1255/1082/1885 1248/1072/1857 1256/1083/1886 
s 323
f 1256/1083/1857 1248/1072/1857 1257/1084/1887 
s 324
f 1257/1084/1887 1248/1072/1857 1258/1085/1857 
s 325
f 1258/1085/1857 1248/1072/1857 1259/1086/1888 
s 326
f 1259/1086/1857 1248/1072/1857 1251/1080/1857 
s 327
f 1249/1079/1857 1251/1080/1857 1260/1087/1857 
s 328
f 1260/1087/1857 1251/1080/1857 1261/1088/1857 
s 329
f 1261/1088/1857 1251/1080/1857 1262/1089/1857 
s 330
f 1262/1089/1889 1251/1080/1857 1263/1090/1857 
s 331
f 1263/1090/1890 1251/1080/1857 1253/1081/1857 
s 332
f 1251/1080/1857 1248/1072/1857 1253/1081/1857 
s 333
f 1264/1082/1891 1227/1070/1861 1255/1082/1891 
s 334
f 1247/1070/1860 1255/1082/1891 1227/1070/1861 
s 335
f 1229/1072/1849 1227/1070/1846 1254/1081/1846 
s 336
f 1254/1081/1846 1227/1070/1846 1265/1090/1846 
s 337
f 1265/1090/1846 1227/1070/1846 1266/1089/1846 
s 338
f 1266/1089/1846 1227/1070/1846 1267/1088/1892 
s 339
f 1267/1088/1892 1227/1070/1846 1268/1087/1846 
s 340
f 1268/1087/1893 1227/1070/1846 1250/1079/1879 
s 341
f 1252/1080/1881 1250/1079/1879 1269/1086/1846 
s 342
f 1269/1086/1846 1250/1079/1879 1270/1085/1894 
s 343
f 1270/1085/1893 1250/1079/1879 1271/1084/1846 
s 344
f 1271/1084/1846 1250/1079/1879 1272/1083/1846 
s 345
f 1272/1083/1846 1250/1079/1879 1264/1082/1846 
s 346
f 1250/1079/1879 1227/1070/1846 1264/1082/1846 
s 347
f 1273/1091/1895 1274/1091/1896 1275/1092/1897 
s 348
f 1276/1092/1898 1275/1092/1897 1274/1091/1896 
s 349
f 1277/1093/1899 1278/1093/1900 1279/1094/1900 
s 350
f 1280/1094/1900 1279/1094/1900 1278/1093/1900 
s 351
f 1266/1089/1884 1262/1089/1883 1265/1090/1883 
s 352
f 1263/1090/1883 1265/1090/1883 1262/1089/1883 
s 353
f 1257/1084/1887 1271/1084/1891 1256/1083/1886 
s 354
f 1272/1083/1901 1256/1083/1891 1271/1084/1891 
s 355
f 1281/1095/1902 1282/1095/1902 1283/1096/1897 
s 356
f 1284/1096/1898 1283/1096/1897 1282/1095/1903 
s 357
f 1285/1097/1899 1286/1097/1904 1287/1098/1900 
s 358
f 1288/1098/1900 1287/1098/1900 1286/1097/1904 
s 359
f 1268/1087/1883 1260/1087/1883 1267/1088/1883 
s 360
f 1261/1088/1883 1267/1088/1883 1260/1087/1883 
s 361
f 1259/1086/1905 1269/1086/1905 1258/1085/1906 
s 362
f 1270/1085/1894 1258/1085/1906 1269/1086/1891 
s 363
f 1289/1099/1895 1290/1099/1907 1291/1100/1897 
s 364
f 1292/1100/1898 1291/1100/1897 1290/1099/1895 
s 365
f 1293/1101/1908 1294/1101/1900 1295/1102/1900 
s 366
f 1296/1102/1900 1295/1102/1900 1294/1101/1900 
s 367
f 1254/1081/1846 1265/1090/1846 1275/1092/1846 
s 368
f 1273/1091/1846 1275/1092/1846 1265/1090/1846 
s 369
f 1253/1081/1909 1254/1081/1884 1276/1092/1898 
s 370
f 1275/1092/1897 1276/1092/1898 1254/1081/1884 
s 371
f 1263/1090/1857 1253/1081/1909 1274/1091/1896 
s 372
f 1276/1092/1898 1274/1091/1896 1253/1081/1909 
s 373
f 1265/1090/1910 1263/1090/1910 1273/1091/1910 
s 374
f 1274/1091/1910 1273/1091/1910 1263/1090/1910 
s 375
f 1255/1082/1885 1256/1083/1886 1279/1094/1857 
s 376
f 1277/1093/1899 1279/1094/1857 1256/1083/1886 
s 377
f 1264/1082/1911 1255/1082/1885 1280/1094/1911 
s 378
f 1279/1094/1911 1280/1094/1911 1255/1082/1885 
s 379
f 1272/1083/1846 1264/1082/1846 1278/1093/1846 
s 380
f 1280/1094/1846 1278/1093/1846 1264/1082/1846 
s 381
f 1256/1083/1886 1272/1083/1901 1277/1093/1899 
s 382
f 1278/1093/1910 1277/1093/1899 1272/1083/1910 
s 383
f 1266/1089/1846 1267/1088/1846 1283/1096/1846 
s 384
f 1281/1095/1846 1283/1096/1846 1267/1088/1892 
s 385
f 1262/1089/1889 1266/1089/1884 1284/1096/1898 
s 386
f 1283/1096/1897 1284/1096/1898 1266/1089/1884 
s 387
f 1261/1088/1857 1262/1089/1889 1282/1095/1857 
s 388
f 1284/1096/1898 1282/1095/1857 1262/1089/1857 
s 389
f 1267/1088/1892 1261/1088/1910 1281/1095/1910 
s 390
f 1282/1095/1910 1281/1095/1910 1261/1088/1910 
s 391
f 1257/1084/1887 1258/1085/1906 1287/1098/1857 
s 392
f 1285/1097/1899 1287/1098/1857 1258/1085/1906 
s 393
f 1271/1084/1911 1257/1084/1887 1288/1098/1911 
s 394
f 1287/1098/1911 1288/1098/1911 1257/1084/1887 
s 395
f 1270/1085/1893 1271/1084/1846 1286/1097/1846 
s 396
f 1288/1098/1846 1286/1097/1846 1271/1084/1846 
s 397
f 1258/1085/1910 1270/1085/1894 1285/1097/1899 
s 398
f 1286/1097/1904 1285/1097/1899 1270/1085/1910 
s 399
f 1250/1079/1879 1249/1079/1878 1289/1099/1912 
s 400
f 1290/1099/1913 1289/1099/1910 1249/1079/1910 
s 401
f 1268/1087/1846 1250/1079/1879 1291/1100/1846 
s 402
f 1289/1099/1912 1291/1100/1846 1250/1079/1879 
s 403
f 1260/1087/1909 1268/1087/1911 1292/1100/1898 
s 404
f 1291/1100/1897 1292/1100/1898 1268/1087/1911 
s 405
f 1249/1079/1857 1260/1087/1909 1290/1099/1913 
s 406
f 1292/1100/1898 1290/1099/1907 1260/1087/1909 
s 407
f 1251/1080/1880 1252/1080/1881 1293/1101/1908 
s 408
f 1294/1101/1910 1293/1101/1910 1252/1080/1881 
s 409
f 1259/1086/1888 1251/1080/1857 1295/1102/1857 
s 410
f 1293/1101/1857 1295/1102/1914 1251/1080/1857 
s 411
f 1269/1086/1911 1259/1086/1888 1296/1102/1911 
s 412
f 1295/1102/1914 1296/1102/1911 1259/1086/1888 
s 413
f 1252/1080/1881 1269/1086/1846 1294/1101/1846 
s 414
f 1296/1102/1846 1294/1101/1846 1269/1086/1846 
s 415
f 1297/1103/1915 1298/1104/1915 1299/1105/1915 
s 416
f 1300/1106/1915 1299/1105/1915 1298/1104/1915 
s 417
f 1297/1103/1916 1299/1105/1916 1298/1104/1916 
s 418
f 1300/1106/1916 1298/1104/1916 1299/1105/1916 
s 419
f 1301/1107/1917 1302/1108/1918 1303/1109/1919 
s 420
f 1304/1110/1920 1303/1109/1919 1302/1108/1918 
s 421
f 1302/1108/1921 1301/1107/1922 1304/1110/1923 
s 422
f 1303/1109/1924 1304/1110/1923 1301/1107/1922 
s 423
f 1303/1109/1925 1304/1110/1926 1305/1111/1927 
s 424
f 1306/1112/1928 1305/1111/1927 1304/1110/1926 
s 425
f 1304/1110/1929 1303/1109/1930 1306/1112/1931 
s 426
f 1305/1111/1932 1306/1112/1931 1303/1109/1930 
s 427
f 1305/1111/1933 1306/1112/1934 1299/1105/1935 
s 428
f 1297/1103/1936 1299/1105/1935 1306/1112/1934 
s 429
f 1306/1112/1937 1305/1111/1938 1297/1103/1939 
s 430
f 1299/1105/1940 1297/1103/1939 1305/1111/1938 
s 431
f 1307/1113/1941 1308/1114/1941 1309/1115/1941 
s 432
f 1310/1116/1941 1309/1115/1941 1308/1114/1941 
s 433
f 1307/1113/1942 1309/1115/1942 1308/1114/1942 
s 434
f 1310/1116/1942 1308/1114/1942 1309/1115/1942 
s 435
f 1311/1117/1943 1312/1118/1944 1313/1119/1945 
s 436
f 1314/1120/1946 1313/1119/1945 1312/1118/1944 
s 437
f 1312/1118/1947 1311/1117/1948 1314/1120/1949 
s 438
f 1313/1119/1950 1314/1120/1949 1311/1117/1948 
s 439
f 1313/1119/1951 1314/1120/1952 1315/1121/1953 
s 440
f 1316/1122/1954 1315/1121/1953 1314/1120/1952 
s 441
f 1314/1120/1955 1313/1119/1956 1316/1122/1957 
s 442
f 1315/1121/1958 1316/1122/1957 1313/1119/1956 
s 443
f 1315/1121/1959 1316/1122/1960 1309/1115/1961 
s 444
f 1307/1113/1962 1309/1115/1961 1316/1122/1960 
s 445
f 1316/1122/1963 1315/1121/1964 1307/1113/1965 
s 446
f 1309/1115/1966 1307/1113/1965 1315/1121/1964 
s 1
f 1317/1123/1967 1318/1124/1967 1319/1125/1967 
s 2
f 1320/1126/1968 1319/1125/1969 1318/1124/1970 
s 3
f 1318/1124/1970 1321/1127/1971 1320/1126/1968 
s 4
f 1320/1126/1968 1322/1128/1972 1319/1125/1973 
s 5
f 1320/1126/1968 1323/1129/1974 1322/1128/1972 
s 6
f 1319/1130/1975 1323/1131/1975 1324/1132/1975 
s 7
f 1325/1126/1976 1326/1127/1977 1317/1124/1978 
s 8
f 1317/1124/1979 1324/1125/1980 1325/1126/1979 
s 9
f 1325/1126/1981 1324/1125/1980 1323/1128/1981 
s 10
f 1327/1133/1982 1328/1134/1983 1329/1135/1984 
s 11
f 1330/1136/1985 1331/1137/1985 1332/1138/1985 
s 12
f 1332/1139/1986 1327/1133/1982 1333/1140/1987 
s 13
f 1334/1141/1988 1333/1140/1987 1327/1133/1982 
s 14
f 1335/1142/1989 1330/1136/1989 1333/1143/1989 
s 15
f 1336/1144/1990 1327/1133/1982 1332/1139/1986 
s 16
f 1332/1139/1991 1337/1145/1991 1336/1144/1990 
s 17
f 1327/1133/1982 1336/1144/1990 1328/1134/1992 
s 18
f 1338/1146/1993 1328/1134/1983 1336/1144/1990 
s 19
f 1328/1134/1983 1338/1146/1993 1339/1147/1994 
s 20
f 1335/1148/1995 1334/1149/1995 1327/1150/1996 
s 21
f 1332/1138/1985 1333/1143/1985 1330/1136/1985 
s 22
f 1333/1143/1989 1334/1151/1989 1335/1142/1989 
s 23
f 1339/1152/1997 1340/1153/1998 1328/1154/1998 
s 24
f 1341/1133/1999 1342/1135/2000 1340/1134/2000 
s 25
f 1328/1154/1998 1342/1155/2001 1329/1156/2001 
s 26
f 1329/1156/2002 1341/1157/2003 1327/1150/1996 
s 27
f 1341/1157/2003 1335/1148/1995 1327/1150/1996 
s 28
f 1330/1140/2004 1335/1141/2005 1341/1133/1999 
s 29
f 1341/1133/1999 1331/1139/2006 1330/1140/2004 
s 30
f 1343/1145/2007 1331/1139/2006 1344/1144/2008 
s 31
f 1331/1139/2006 1341/1133/1999 1344/1144/2008 
s 32
f 1341/1133/2009 1340/1134/2009 1344/1144/2008 
s 33
f 1345/1158/2010 1344/1144/2008 1340/1134/2011 
s 34
f 1340/1134/2011 1346/1147/2012 1345/1158/2010 
s 35
f 1338/1159/2013 1346/1160/2014 1339/1152/1997 
s 36
f 1322/1161/1975 1323/1131/1975 1319/1130/1975 
s 37
f 1319/1125/1967 1324/1162/1967 1317/1123/1967 
s 38
f 1340/1153/1998 1339/1152/1997 1346/1160/2014 
s 39
f 1342/1155/2001 1328/1154/1998 1340/1153/1998 
s 40
f 1341/1157/2003 1329/1156/2002 1342/1155/2002 
s 41
f 1346/1160/2014 1338/1159/2013 1345/1163/2013 
s 42
f 1347/1164/2015 1338/1146/2015 1336/1144/1990 
s 43
f 1336/1144/1990 1337/1145/2016 1347/1164/2016 
s 44
f 1347/1164/2017 1343/1145/2007 1344/1144/2017 
s 45
f 1344/1144/2018 1345/1146/2018 1347/1164/2018 
s 46
f 1338/1165/2019 1347/1166/2019 1345/1167/2019 
s 47
f 1348/1168/2020 1349/1169/2021 1350/1170/2021 
s 48
f 1351/1171/2022 1350/1172/2022 1352/1173/2022 
s 49
f 1353/1174/2022 1350/1172/2022 1351/1171/2022 
s 50
f 1353/1175/2023 1348/1176/2024 1350/1177/2023 
s 51
f 1354/1178/2025 1348/1176/2024 1353/1175/2025 
s 52
f 1354/1179/2026 1349/1180/2026 1348/1181/2026 
s 53
f 1355/1178/2026 1349/1176/2027 1354/1182/2026 
s 54
f 1356/1183/2028 1357/1184/2029 1358/1185/2030 
s 55
f 1357/1184/2029 1359/1186/2031 1358/1185/2030 
s 56
f 1360/1184/2032 1361/1187/2033 1357/1184/2033 
s 57
f 1362/1188/2034 1357/1184/2035 1356/1183/2035 
s 58
f 1363/1189/2036 1360/1184/2032 1357/1184/2029 
s 59
f 1358/1190/2037 1359/1191/2038 1364/1192/2039 
s 60
f 1357/1184/2029 1361/1187/2040 1359/1186/2041 
s 61
f 1362/1188/2034 1363/1189/2036 1357/1184/2029 
s 62
f 1352/1193/2021 1350/1170/2021 1349/1169/2021 
s 63
f 1351/1175/2042 1352/1177/2042 1349/1176/2027 
s 64
f 1355/1178/2043 1351/1175/2043 1349/1176/2043 
s 65
f 1364/1192/2044 1359/1191/2038 1365/1194/2044 
s 66
f 1356/1195/2045 1358/1190/2037 1366/1196/2045 
s 67
f 1366/1183/2046 1364/1185/2047 1360/1184/2048 
s 68
f 1360/1184/2048 1364/1185/2047 1365/1186/2049 
s 69
f 1360/1184/2050 1365/1186/2050 1361/1187/2040 
s 70
f 1367/1188/2051 1366/1183/2052 1360/1184/2052 
s 71
f 1359/1191/2038 1361/1197/2053 1365/1194/2053 
s 72
f 1366/1196/2045 1358/1190/2037 1364/1192/2039 
s 73
f 1367/1188/2051 1360/1184/2048 1363/1189/2036 
s 74
f 1368/1198/2054 1369/1199/2055 1370/1200/2056 
s 75
f 1370/1200/2056 1371/1201/2057 1368/1198/2054 
s 76
f 1369/1199/2055 1372/1202/2058 1370/1200/2056 
s 77
f 1373/1203/2059 1370/1200/2056 1372/1202/2058 
s 78
f 1374/1204/2060 1375/1205/2061 1372/1202/2058 
s 79
f 1372/1202/2058 1369/1199/2055 1374/1204/2060 
s 80
f 1376/1206/2062 1377/1207/2063 1375/1208/2063 
s 81
f 1375/1208/2063 1374/1204/2060 1376/1206/2062 
s 82
f 1368/1198/2054 1378/1209/2064 1377/1210/2065 
s 83
f 1377/1210/2065 1376/1206/2062 1368/1198/2054 
s 84
f 1371/1201/2057 1379/1211/2066 1378/1209/2064 
s 85
f 1378/1209/2064 1368/1198/2054 1371/1201/2057 
s 86
f 1370/1212/2067 1373/1213/2067 1379/1214/2067 
s 87
f 1379/1214/2067 1371/1215/2067 1370/1212/2067 
s 88
f 1380/1216/2068 1381/1217/2069 1382/1218/2070 
s 89
f 1383/1219/2071 1384/1220/2072 1380/1221/2073 
s 90
f 1382/1218/2070 1385/1222/2074 1383/1220/2075 
s 91
f 1381/1217/2069 1384/1219/2076 1386/1223/2077 
s 92
f 1387/1216/2078 1383/1219/2071 1380/1221/2073 
s 93
f 1382/1218/2070 1387/1221/2079 1380/1216/2068 
s 94
f 1383/1220/2075 1387/1221/2079 1382/1218/2070 
s 95
f 1381/1217/2069 1380/1216/2068 1384/1219/2076 
s 96
f 1385/1222/2074 1381/1217/2069 1386/1223/2077 
s 97
f 1382/1218/2070 1381/1217/2069 1385/1222/2074 
s 98
f 1388/1224/2080 1389/1225/2081 1390/1226/2082 
s 99
f 1391/1227/2083 1392/1228/2084 1388/1224/2080 
s 100
f 1393/1229/2085 1388/1224/2080 1390/1226/2082 
s 101
f 1394/1230/2086 1388/1224/2080 1393/1229/2085 
s 102
f 1394/1230/2086 1391/1227/2083 1388/1224/2080 
s 103
f 1395/1231/2087 1394/1230/2086 1393/1229/2085 
s 104
f 1396/1232/2088 1394/1230/2086 1395/1231/2087 
s 105
f 1390/1226/2082 1389/1225/2081 1397/1233/2089 
s 106
f 1389/1234/2090 1398/1235/2091 1397/1236/2092 
s 107
f 1388/1224/2080 1392/1228/2084 1389/1225/2081 
s 108
f 1392/1237/2093 1399/1238/2094 1389/1234/2095 
s 109
f 1389/1234/2090 1399/1238/2094 1398/1235/2091 
s 110
f 1400/1225/2096 1401/1224/2097 1402/1226/2098 
s 111
f 1376/1206/2062 1374/1204/2060 1369/1199/2055 
s 112
f 1369/1199/2055 1368/1198/2054 1376/1206/2062 
s 113
f 1392/1228/2084 1391/1227/2083 1401/1224/2097 
s 114
f 1401/1224/2097 1403/1229/2099 1402/1226/2098 
s 115
f 1401/1224/2097 1404/1230/2100 1403/1229/2099 
s 116
f 1391/1227/2083 1404/1230/2100 1401/1224/2097 
s 117
f 1391/1227/2083 1394/1239/2101 1404/1230/2100 
s 118
f 1405/1231/2102 1406/1240/2103 1407/1241/2104 
s 119
f 1403/1229/2099 1405/1231/2102 1407/1241/2104 
s 120
f 1396/1232/2088 1405/1231/2102 1404/1230/2100 
s 121
f 1404/1230/2100 1405/1231/2102 1403/1229/2099 
s 122
f 1394/1239/2101 1396/1232/2088 1404/1230/2100 
s 123
f 1400/1225/2096 1402/1226/2098 1408/1233/2105 
s 124
f 1399/1238/2094 1400/1234/2106 1398/1235/2091 
s 125
f 1392/1228/2084 1401/1224/2097 1400/1225/2096 
s 126
f 1399/1238/2094 1392/1237/2093 1400/1234/2107 
s 127
f 1400/1234/2106 1408/1236/2108 1398/1235/2091 
s 128
f 1405/1242/2109 1395/1243/2109 1409/1244/2110 
s 129
f 1405/1242/2109 1409/1244/2110 1406/1245/2110 
s 130
f 1396/1246/2111 1395/1243/2109 1405/1242/2109 
s 131
f 1403/1247/2112 1390/1248/2113 1402/1249/2114 
s 132
f 1393/1250/2112 1390/1248/2113 1403/1247/2112 
s 133
f 1398/1235/2115 1408/1236/2116 1402/1249/2114 
s 134
f 1398/1235/2115 1402/1249/2114 1390/1248/2113 
s 135
f 1397/1251/2117 1398/1235/2115 1390/1248/2113 
s 136
f 1407/1252/2118 1406/1245/2118 1409/1244/2119 
s 137
f 1409/1244/2119 1410/1253/2119 1407/1252/2118 
s 138
f 1395/1231/2087 1393/1229/2085 1410/1241/2120 
s 139
f 1409/1240/2121 1395/1231/2087 1410/1241/2121 
s 140
f 1411/1254/2122 1393/1255/2122 1403/1256/2122 
s 141
f 1412/1257/2122 1393/1255/2122 1411/1254/2122 
s 142
f 1412/1254/2123 1410/1258/2123 1393/1256/2123 
s 143
f 1411/1254/2124 1407/1259/2124 1410/1260/2124 
s 144
f 1410/1260/2124 1412/1257/2124 1411/1254/2124 
s 145
f 1411/1254/2125 1403/1256/2125 1407/1258/2125 
s 146
f 1325/1126/1976 1320/1126/1968 1321/1127/1971 
s 147
f 1321/1127/1971 1326/1127/1977 1325/1126/2126 
s 148
f 1320/1126/2127 1325/1261/2127 1323/1129/2127 
s 149
f 1379/1211/2128 1373/1203/2128 1372/1202/2128 
s 150
f 1372/1202/2128 1378/1209/2128 1379/1211/2128 
s 1
f 1413/1262/2129 1414/1263/2130 1415/1264/2131 
s 2
f 1413/1262/2129 1416/1265/2132 1414/1263/2133 
s 3
f 1417/1266/2134 1415/1264/2131 1418/1267/2135 
s 4
f 1419/1268/2136 1420/1269/2137 1417/1266/2134 
s 5
f 1420/1269/2137 1415/1264/2131 1417/1266/2134 
s 6
f 1420/1269/2137 1421/1270/2138 1415/1264/2131 
s 7
f 1422/1271/2139 1423/1272/2140 1424/1273/2139 
s 8
f 1425/1274/2141 1422/1271/2141 1424/1273/2141 
s 9
f 1426/1275/2142 1423/1272/2140 1422/1271/2142 
s 10
f 1427/1276/2142 1428/1277/2142 1429/1278/2142 
s 11
f 1430/1279/2142 1427/1276/2142 1429/1278/2142 
s 12
f 1431/1280/2143 1428/1277/2142 1427/1276/2142 
s 13
f 1432/1281/2142 1431/1280/2143 1427/1276/2142 
s 14
f 1433/1282/2142 1432/1281/2142 1427/1276/2142 
s 15
f 1434/1283/2144 1431/1280/2143 1432/1281/2145 
s 16
f 1424/1273/2146 1423/1272/2140 1435/1284/2146 
s 17
f 1423/1272/2140 1429/1278/2142 1435/1284/2142 
s 18
f 1435/1284/2142 1429/1278/2142 1436/1285/2147 
s 19
f 1429/1278/2142 1428/1277/2142 1436/1285/2147 
s 20
f 1428/1277/2142 1437/1286/2142 1436/1285/2147 
s 21
f 1437/1286/2148 1438/1287/2149 1436/1285/2147 
s 22
f 1436/1285/2150 1438/1287/2149 1439/1288/2151 
s 23
f 1439/1288/2152 1438/1287/2149 1440/1289/2153 
s 24
f 1441/1286/2154 1442/1287/2155 1437/1286/2156 
s 25
f 1443/1281/2157 1444/1282/2158 1445/1283/2157 
s 26
f 1446/1264/2159 1447/1270/2160 1448/1269/2161 
s 27
f 1449/1266/2162 1446/1264/2159 1448/1269/2161 
s 28
f 1449/1266/2162 1448/1269/2161 1450/1268/2163 
s 29
f 1451/1267/2164 1446/1264/2159 1449/1266/2162 
s 30
f 1452/1263/2165 1453/1265/2166 1454/1262/2167 
s 31
f 1446/1264/2159 1452/1263/2165 1454/1262/2167 
s 32
f 1446/1264/2159 1454/1262/2167 1447/1270/2160 
s 33
f 1451/1267/2164 1452/1263/2165 1446/1264/2159 
s 34
f 1455/1290/2168 1450/1268/2169 1448/1269/2161 
s 35
f 1456/1291/2170 1455/1290/2168 1448/1269/2161 
s 36
f 1456/1291/2170 1448/1269/2161 1447/1270/2160 
s 37
f 1457/1292/2171 1455/1290/2168 1456/1291/2170 
s 38
f 1456/1291/2170 1447/1270/2160 1454/1262/2167 
s 39
f 1458/1293/2172 1456/1291/2170 1454/1262/2167 
s 40
f 1458/1293/2172 1454/1262/2167 1453/1265/2166 
s 41
f 1457/1292/2171 1456/1291/2170 1458/1293/2172 
s 42
f 1459/1293/2173 1460/1291/2174 1461/1292/2175 
s 43
f 1416/1265/2132 1413/1262/2129 1459/1293/2173 
s 44
f 1413/1262/2129 1460/1291/2174 1459/1293/2173 
s 45
f 1413/1262/2129 1421/1270/2138 1460/1291/2174 
s 46
f 1460/1291/2174 1462/1290/2176 1461/1292/2175 
s 47
f 1421/1270/2138 1420/1269/2137 1460/1291/2174 
s 48
f 1420/1269/2137 1462/1290/2176 1460/1291/2174 
s 49
f 1420/1269/2137 1419/1268/2177 1462/1290/2176 
s 50
f 1415/1264/2131 1414/1263/2133 1418/1267/2135 
s 51
f 1421/1270/2138 1413/1262/2129 1415/1264/2131 
s 52
f 1463/1284/2178 1464/1273/2178 1435/1284/2179 
s 53
f 1424/1273/2178 1435/1284/2179 1464/1273/2178 
s 54
f 1465/1285/2180 1463/1284/2180 1436/1285/2150 
s 55
f 1435/1284/2179 1436/1285/2180 1463/1284/2180 
s 56
f 1466/1288/2181 1465/1285/2181 1439/1288/2181 
s 57
f 1436/1285/2150 1439/1288/2181 1465/1285/2181 
s 58
f 1467/1289/2182 1466/1288/2183 1440/1289/2153 
s 59
f 1439/1288/2151 1440/1289/2153 1466/1288/2183 
s 60
f 1438/1287/2149 1437/1286/2156 1442/1287/2155 
s 61
f 1468/1277/2184 1441/1286/2154 1428/1277/2185 
s 62
f 1437/1286/2185 1428/1277/2185 1441/1286/2154 
s 63
f 1469/1280/2186 1468/1277/2186 1431/1280/2143 
s 64
f 1428/1277/2186 1431/1280/2143 1468/1277/2186 
s 65
f 1445/1283/2187 1469/1280/2187 1434/1283/2144 
s 66
f 1431/1280/2143 1434/1283/2144 1469/1280/2187 
s 67
f 1443/1294/2188 1445/1295/2188 1432/1296/2188 
s 68
f 1434/1297/2188 1432/1296/2188 1445/1295/2188 
s 69
f 1444/1298/2189 1443/1299/2190 1433/1300/2191 
s 70
f 1432/1301/2190 1433/1300/2190 1443/1299/2190 
s 71
f 1470/1302/2192 1444/1298/2193 1427/1303/2193 
s 72
f 1433/1300/2191 1427/1303/2193 1444/1298/2189 
s 73
f 1471/1304/2194 1470/1302/2192 1430/1305/2195 
s 74
f 1427/1303/2194 1430/1305/2195 1470/1302/2192 
s 75
f 1472/1306/2196 1471/1304/2196 1429/1307/2196 
s 76
f 1430/1305/2195 1429/1307/2196 1471/1304/2196 
s 77
f 1445/1283/2157 1444/1282/2158 1469/1280/2158 
s 78
f 1467/1289/2182 1442/1287/2155 1466/1288/2197 
s 79
f 1442/1287/2155 1441/1286/2154 1466/1288/2197 
s 80
f 1464/1273/2198 1463/1284/2198 1473/1274/2199 
s 81
f 1473/1274/2199 1463/1284/2200 1474/1271/2201 
s 82
f 1474/1271/2201 1463/1284/2158 1475/1275/2158 
s 83
f 1475/1275/2158 1463/1284/2158 1476/1272/2158 
s 84
f 1463/1284/2158 1465/1285/2158 1476/1272/2158 
s 85
f 1476/1272/2158 1465/1285/2158 1472/1278/2158 
s 86
f 1465/1285/2158 1466/1288/2197 1472/1278/2158 
s 87
f 1466/1288/2197 1441/1286/2154 1472/1278/2158 
s 88
f 1441/1286/2154 1468/1277/2158 1472/1278/2158 
s 89
f 1472/1278/2158 1468/1277/2184 1471/1279/2158 
s 90
f 1471/1279/2158 1468/1277/2184 1470/1276/2158 
s 91
f 1468/1277/2184 1469/1280/2158 1470/1276/2158 
s 92
f 1469/1280/2158 1444/1282/2158 1470/1276/2158 
s 93
f 1476/1308/2202 1472/1306/2202 1423/1309/2203 
s 94
f 1429/1307/2202 1423/1309/2203 1472/1306/2202 
s 95
f 1475/1310/2204 1476/1308/2205 1426/1311/2205 
s 96
f 1423/1309/2203 1426/1311/2206 1476/1308/2205 
s 97
f 1474/1312/2207 1475/1310/2204 1422/1313/2207 
s 98
f 1426/1311/2206 1422/1313/2207 1475/1310/2204 
s 99
f 1473/1314/2208 1474/1315/2209 1425/1316/2208 
s 100
f 1422/1317/2209 1425/1316/2208 1474/1315/2209 
s 101
f 1464/1318/2210 1473/1314/2208 1424/1319/2210 
s 102
f 1425/1316/2208 1424/1319/2210 1473/1314/2208 
s 1
f 1477/1320/2211 1478/1321/2212 1479/1322/2213 
s 2
f 1480/1323/2214 1479/1322/2213 1481/1324/2215 
s 3
f 1481/1324/2215 1479/1322/2213 1482/1325/2216 
s 4
f 1482/1325/2216 1479/1322/2213 1483/1326/2217 
s 5
f 1483/1326/2217 1479/1322/2213 1484/1327/2218 
s 6
f 1479/1322/2213 1478/1321/2212 1484/1327/2218 
s 7
f 1485/1328/2219 1486/1329/2220 1487/1328/2221 
s 8
f 1488/1329/2222 1487/1328/2219 1486/1329/2219 
s 9
f 1489/1330/2223 1490/1330/2224 1491/1331/2224 
s 10
f 1492/1331/2224 1491/1331/2224 1490/1330/2224 
s 11
f 1493/1332/2225 1494/1332/2226 1495/1333/2227 
s 12
f 1496/1333/2228 1495/1333/2227 1494/1332/2226 
s 13
f 1497/1334/2229 1498/1335/2230 1499/1334/2231 
s 14
f 1500/1335/2232 1499/1334/2231 1498/1335/2230 
s 15
f 1501/1336/2233 1497/1334/2229 1502/1336/2234 
s 16
f 1499/1334/2231 1502/1336/2234 1497/1334/2234 
s 17
f 1503/1337/2235 1504/1337/2236 1505/1338/2237 
s 18
f 1506/1338/2236 1505/1338/2237 1504/1337/2236 
s 19
f 1507/1339/2238 1508/1339/2239 1509/1340/2240 
s 20
f 1510/1340/2241 1509/1340/2240 1508/1339/2239 
s 21
f 1486/1329/2220 1511/1341/2242 1488/1329/2222 
s 22
f 1512/1341/2243 1488/1329/2222 1511/1341/2242 
s 23
f 1487/1328/2221 1488/1329/2222 1477/1320/2211 
s 24
f 1478/1321/2212 1477/1320/2211 1488/1329/2222 
s 25
f 1495/1333/2227 1513/1342/2244 1479/1322/2213 
s 26
f 1513/1342/2244 1487/1328/2245 1479/1322/2213 
s 27
f 1479/1322/2213 1487/1328/2245 1477/1320/2211 
s 28
f 1500/1335/2246 1493/1332/2225 1480/1323/2214 
s 29
f 1493/1332/2225 1495/1333/2227 1480/1323/2214 
s 30
f 1480/1323/2214 1495/1333/2227 1479/1322/2213 
s 31
f 1499/1334/2231 1500/1335/2246 1481/1324/2215 
s 32
f 1480/1323/2247 1481/1324/2215 1500/1335/2247 
s 33
f 1502/1336/2248 1499/1334/2231 1482/1325/2216 
s 34
f 1481/1324/2215 1482/1325/2216 1499/1334/2231 
s 35
f 1509/1340/2240 1514/1343/2249 1483/1326/2217 
s 36
f 1514/1343/2249 1502/1336/2250 1483/1326/2217 
s 37
f 1483/1326/2217 1502/1336/2250 1482/1325/2216 
s 38
f 1512/1341/2243 1507/1339/2238 1484/1327/2218 
s 39
f 1507/1339/2238 1509/1340/2240 1484/1327/2218 
s 40
f 1484/1327/2218 1509/1340/2240 1483/1326/2217 
s 41
f 1488/1329/2222 1512/1341/2243 1478/1321/2212 
s 42
f 1484/1327/2218 1478/1321/2212 1512/1341/2243 
s 43
f 1515/1344/2251 1516/1344/2252 1517/1345/2253 
s 44
f 1518/1345/2254 1517/1345/2251 1516/1344/2252 
s 45
f 1509/1340/2240 1510/1340/2241 1514/1343/2249 
s 46
f 1519/1343/2255 1514/1343/2249 1510/1340/2241 
s 47
f 1495/1333/2227 1496/1333/2228 1513/1342/2244 
s 48
f 1520/1342/2256 1513/1342/2244 1496/1333/2228 
s 49
f 1521/1346/2257 1522/1346/2258 1523/1347/2258 
s 50
f 1524/1347/2259 1523/1347/2258 1522/1346/2258 
s 51
f 1520/1342/2256 1485/1328/2260 1490/1330/2260 
s 52
f 1492/1331/2261 1490/1330/2260 1485/1328/2260 
s 53
f 1513/1342/2244 1520/1342/2256 1489/1330/2223 
s 54
f 1490/1330/2262 1489/1330/2223 1520/1342/2256 
s 55
f 1487/1328/2221 1513/1342/2244 1491/1331/2263 
s 56
f 1489/1330/2223 1491/1331/2263 1513/1342/2244 
s 57
f 1485/1328/2264 1487/1328/2264 1492/1331/2261 
s 58
f 1491/1331/2265 1492/1331/2261 1487/1328/2264 
s 59
f 1519/1343/2260 1501/1336/2233 1504/1337/2260 
s 60
f 1506/1338/2260 1504/1337/2260 1501/1336/2233 
s 61
f 1514/1343/2249 1519/1343/2266 1503/1337/2235 
s 62
f 1504/1337/2266 1503/1337/2235 1519/1343/2266 
s 63
f 1502/1336/2263 1514/1343/2249 1505/1338/2237 
s 64
f 1503/1337/2263 1505/1338/2263 1514/1343/2263 
s 65
f 1501/1336/2233 1502/1336/2267 1506/1338/2267 
s 66
f 1505/1338/2267 1506/1338/2267 1502/1336/2267 
s 67
f 1500/1335/2246 1498/1335/2268 1515/1344/2268 
s 68
f 1516/1344/2268 1515/1344/2268 1498/1335/2230 
s 69
f 1493/1332/2263 1500/1335/2263 1517/1345/2263 
s 70
f 1515/1344/2263 1517/1345/2263 1500/1335/2263 
s 71
f 1494/1332/2226 1493/1332/2225 1518/1345/2254 
s 72
f 1517/1345/2253 1518/1345/2254 1493/1332/2269 
s 73
f 1498/1335/2260 1494/1332/2226 1516/1344/2252 
s 74
f 1518/1345/2254 1516/1344/2260 1494/1332/2226 
s 75
f 1512/1341/2243 1511/1341/2242 1521/1346/2257 
s 76
f 1522/1346/2270 1521/1346/2257 1511/1341/2242 
s 77
f 1507/1339/2263 1512/1341/2243 1523/1347/2263 
s 78
f 1521/1346/2257 1523/1347/2263 1512/1341/2243 
s 79
f 1508/1339/2239 1507/1339/2238 1524/1347/2259 
s 80
f 1523/1347/2271 1524/1347/2259 1507/1339/2271 
s 81
f 1511/1341/2260 1508/1339/2260 1522/1346/2260 
s 82
f 1524/1347/2260 1522/1346/2260 1508/1339/2260 
s 83
f 1525/1348/2272 1526/1349/2273 1527/1350/2274 
s 84
f 1528/1351/2275 1527/1350/2274 1526/1349/2273 
s 85
f 1529/1350/2276 1530/1351/2277 1531/1348/2278 
s 86
f 1532/1349/2279 1531/1348/2278 1530/1351/2277 
s 87
f 1528/1351/2280 1526/1349/2281 1530/1351/2277 
s 88
f 1532/1349/2279 1530/1351/2282 1526/1349/2281 
s 89
f 1525/1348/2283 1531/1348/2284 1526/1349/2285 
s 90
f 1532/1349/2286 1526/1349/2286 1531/1348/2286 
s 91
f 1533/1352/2287 1534/1353/2287 1535/1354/2288 
s 92
f 1536/1355/2289 1535/1354/2288 1534/1353/2289 
s 93
f 1537/1353/2290 1538/1352/2291 1539/1355/2290 
s 94
f 1540/1354/2292 1539/1355/2293 1538/1352/2291 
s 95
f 1534/1353/2294 1537/1353/2295 1536/1355/2296 
s 96
f 1539/1355/2297 1536/1355/2296 1537/1353/2295 
s 97
f 1541/1356/2298 1542/1356/2299 1535/1354/2300 
s 98
f 1540/1354/2301 1535/1354/2300 1542/1356/2302 
s 99
f 1541/1356/2303 1543/1357/2304 1544/1358/2305 
s 100
f 1545/1359/2306 1544/1358/2305 1543/1357/2304 
s 101
f 1546/1357/2307 1542/1356/2299 1547/1359/2308 
s 102
f 1548/1358/2309 1547/1359/2308 1542/1356/2299 
s 103
f 1543/1357/2310 1546/1357/2310 1545/1359/2306 
s 104
f 1547/1359/2308 1545/1359/2306 1546/1357/2311 
s 105
f 1527/1350/2274 1529/1350/2312 1544/1358/2313 
s 106
f 1548/1358/2309 1544/1358/2314 1529/1350/2315 
s 107
f 1544/1358/2305 1545/1359/2306 1527/1350/2274 
s 108
f 1525/1348/2316 1527/1350/2274 1545/1359/2306 
s 109
f 1547/1359/2308 1548/1358/2309 1531/1348/2284 
s 110
f 1529/1350/2276 1531/1348/2284 1548/1358/2317 
s 111
f 1545/1359/2306 1547/1359/2308 1525/1348/2283 
s 112
f 1531/1348/2284 1525/1348/2318 1547/1359/2308 
s 113
f 1528/1351/2275 1530/1351/2319 1527/1350/2274 
s 114
f 1529/1350/2312 1527/1350/2274 1530/1351/2319 
s 115
f 1544/1358/2314 1548/1358/2320 1541/1356/2321 
s 116
f 1542/1356/2302 1541/1356/2322 1548/1358/2320 
s 117
f 1535/1354/2323 1536/1355/2324 1541/1356/2324 
s 118
f 1543/1357/2325 1541/1356/2298 1536/1355/2325 
s 119
f 1539/1355/2326 1540/1354/2326 1546/1357/2311 
s 120
f 1542/1356/2327 1546/1357/2311 1540/1354/2327 
s 121
f 1536/1355/2328 1539/1355/2293 1543/1357/2304 
s 122
f 1546/1357/2311 1543/1357/2304 1539/1355/2329 
s 123
f 1535/1354/2323 1540/1354/2292 1533/1352/2330 
s 124
f 1538/1352/2291 1533/1352/2331 1540/1354/2331 
s 125
f 1549/1350/2332 1550/1349/2333 1551/1348/2334 
s 126
f 1550/1349/2333 1549/1350/2335 1552/1351/2335 
s 127
f 1553/1348/2336 1554/1351/2337 1555/1350/2338 
s 128
f 1554/1351/2337 1553/1348/2336 1556/1349/2339 
s 129
f 1554/1351/2337 1550/1349/2340 1552/1351/2341 
s 130
f 1550/1349/2340 1554/1351/2337 1556/1349/2339 
s 131
f 1550/1349/2342 1553/1348/2343 1551/1348/2344 
s 132
f 1553/1348/2345 1550/1349/2333 1556/1349/2345 
s 133
f 1557/1354/2346 1558/1353/2347 1559/1352/2347 
s 134
f 1558/1353/2348 1557/1354/2346 1560/1355/2348 
s 135
f 1561/1355/2349 1562/1352/2350 1563/1353/2349 
s 136
f 1562/1352/2350 1561/1355/2351 1564/1354/2352 
s 137
f 1560/1355/2353 1563/1353/2354 1558/1353/2355 
s 138
f 1563/1353/2354 1560/1355/2353 1561/1355/2356 
s 139
f 1557/1354/2357 1565/1356/2358 1566/1356/2359 
s 140
f 1565/1356/2360 1557/1354/2357 1564/1354/2360 
s 141
f 1567/1358/2361 1568/1357/2362 1566/1356/2363 
s 142
f 1568/1357/2362 1567/1358/2364 1569/1359/2365 
s 143
f 1570/1359/2366 1565/1356/2367 1571/1357/2366 
s 144
f 1565/1356/2367 1570/1359/2368 1572/1358/2369 
s 145
f 1569/1359/2370 1571/1357/2370 1568/1357/2370 
s 146
f 1571/1357/2371 1569/1359/2365 1570/1359/2371 
s 147
f 1567/1358/2372 1555/1350/2373 1549/1350/2332 
s 148
f 1555/1350/2374 1567/1358/2374 1572/1358/2369 
s 149
f 1549/1350/2332 1569/1359/2365 1567/1358/2361 
s 150
f 1569/1359/2375 1549/1350/2332 1551/1348/2375 
s 151
f 1553/1348/2336 1572/1358/2369 1570/1359/2376 
s 152
f 1572/1358/2369 1553/1348/2336 1555/1350/2377 
s 153
f 1551/1348/2378 1570/1359/2378 1569/1359/2365 
s 154
f 1570/1359/2376 1551/1348/2344 1553/1348/2343 
s 155
f 1549/1350/2379 1554/1351/2379 1552/1351/2341 
s 156
f 1554/1351/2380 1549/1350/2332 1555/1350/2373 
s 157
f 1566/1356/2381 1572/1358/2369 1567/1358/2382 
s 158
f 1572/1358/2369 1566/1356/2381 1565/1356/2358 
s 159
f 1566/1356/2359 1560/1355/2383 1557/1354/2384 
s 160
f 1560/1355/2385 1566/1356/2359 1568/1357/2385 
s 161
f 1571/1357/2386 1564/1354/2386 1561/1355/2386 
s 162
f 1564/1354/2387 1571/1357/2388 1565/1356/2367 
s 163
f 1568/1357/2362 1561/1355/2351 1560/1355/2389 
s 164
f 1561/1355/2390 1568/1357/2362 1571/1357/2388 
s 165
f 1559/1352/2391 1564/1354/2352 1557/1354/2384 
s 166
f 1564/1354/2392 1559/1352/2392 1562/1352/2350 
s 167
f 1573/1348/2393 1574/1349/2394 1575/1350/2395 
s 168
f 1576/1351/2396 1575/1350/2395 1574/1349/2397 
s 169
f 1577/1350/2398 1578/1351/2399 1579/1348/2400 
s 170
f 1580/1349/2401 1579/1348/2402 1578/1351/2399 
s 171
f 1576/1351/2403 1574/1349/2403 1578/1351/2399 
s 172
f 1580/1349/2403 1578/1351/2399 1574/1349/2403 
s 173
f 1573/1348/2404 1579/1348/2405 1574/1349/2397 
s 174
f 1580/1349/2406 1574/1349/2406 1579/1348/2400 
s 175
f 1581/1360/2407 1582/1361/2408 1583/1362/2407 
s 176
f 1584/1363/2409 1583/1362/2407 1582/1361/2408 
s 177
f 1585/1361/2410 1586/1360/2410 1587/1363/2410 
s 178
f 1588/1362/2411 1587/1363/2410 1586/1360/2410 
s 179
f 1589/1352/2412 1590/1352/2413 1583/1362/2414 
s 180
f 1588/1362/2415 1583/1362/2416 1590/1352/2413 
s 181
f 1582/1361/2408 1585/1361/2417 1584/1363/2417 
s 182
f 1587/1363/2418 1584/1363/2417 1585/1361/2417 
s 183
f 1589/1352/2419 1591/1353/2420 1592/1354/2421 
s 184
f 1593/1355/2422 1592/1354/2421 1591/1353/2423 
s 185
f 1594/1353/2424 1590/1352/2425 1595/1355/2426 
s 186
f 1596/1354/2427 1595/1355/2426 1590/1352/2425 
s 187
f 1591/1353/2420 1594/1353/2428 1593/1355/2429 
s 188
f 1595/1355/2430 1593/1355/2429 1594/1353/2428 
s 189
f 1597/1356/2431 1598/1356/2432 1592/1354/2433 
s 190
f 1596/1354/2434 1592/1354/2433 1598/1356/2434 
s 191
f 1597/1356/2431 1599/1357/2435 1600/1358/2436 
s 192
f 1601/1359/2437 1600/1358/2436 1599/1357/2438 
s 193
f 1602/1357/2439 1598/1356/2440 1603/1359/2441 
s 194
f 1604/1358/2442 1603/1359/2441 1598/1356/2440 
s 195
f 1599/1357/2438 1602/1357/2443 1601/1359/2444 
s 196
f 1603/1359/2445 1601/1359/2444 1602/1357/2443 
s 197
f 1575/1350/2395 1577/1350/2446 1600/1358/2436 
s 198
f 1604/1358/2447 1600/1358/2436 1577/1350/2447 
s 199
f 1581/1360/2448 1586/1360/2449 1605/1364/2450 
s 200
f 1606/1364/2449 1605/1364/2450 1586/1360/2449 
s 201
f 1600/1358/2451 1601/1359/2451 1575/1350/2395 
s 202
f 1573/1348/2393 1575/1350/2395 1601/1359/2452 
s 203
f 1603/1359/2453 1604/1358/2454 1579/1348/2402 
s 204
f 1577/1350/2455 1579/1348/2402 1604/1358/2454 
s 205
f 1601/1359/2456 1603/1359/2441 1573/1348/2456 
s 206
f 1579/1348/2405 1573/1348/2404 1603/1359/2445 
s 207
f 1576/1351/2457 1578/1351/2399 1575/1350/2395 
s 208
f 1577/1350/2446 1575/1350/2395 1578/1351/2399 
s 209
f 1600/1358/2458 1604/1358/2442 1597/1356/2431 
s 210
f 1598/1356/2432 1597/1356/2431 1604/1358/2442 
s 211
f 1592/1354/2459 1593/1355/2460 1597/1356/2431 
s 212
f 1599/1357/2438 1597/1356/2431 1593/1355/2460 
s 213
f 1595/1355/2461 1596/1354/2462 1602/1357/2462 
s 214
f 1598/1356/2440 1602/1357/2439 1596/1354/2463 
s 215
f 1593/1355/2422 1595/1355/2461 1599/1357/2464 
s 216
f 1602/1357/2439 1599/1357/2438 1595/1355/2430 
s 217
f 1592/1354/2433 1596/1354/2427 1589/1352/2465 
s 218
f 1590/1352/2466 1589/1352/2465 1596/1354/2466 
s 219
f 1583/1362/2467 1584/1363/2409 1589/1352/2419 
s 220
f 1591/1353/2420 1589/1352/2412 1584/1363/2468 
s 221
f 1587/1363/2469 1588/1362/2411 1594/1353/2424 
s 222
f 1590/1352/2425 1594/1353/2424 1588/1362/2470 
s 223
f 1584/1363/2409 1587/1363/2418 1591/1353/2471 
s 224
f 1594/1353/2472 1591/1353/2420 1587/1363/2472 
s 225
f 1605/1364/2450 1607/1365/2407 1581/1360/2448 
s 226
f 1582/1361/2408 1581/1360/2448 1607/1365/2407 
s 227
f 1608/1365/2410 1606/1364/2410 1585/1361/2410 
s 228
f 1586/1360/2410 1585/1361/2410 1606/1364/2410 
s 229
f 1607/1365/2417 1608/1365/2417 1582/1361/2408 
s 230
f 1585/1361/2417 1582/1361/2408 1608/1365/2417 
s 231
f 1583/1362/2416 1588/1362/2411 1581/1360/2449 
s 232
f 1586/1360/2449 1581/1360/2448 1588/1362/2415 
s 1
f 1609/1366/2473 1610/1367/2474 1611/1368/2475 
s 2
f 1611/1368/2475 1610/1367/2474 1612/1369/2476 
s 3
f 1610/1367/2477 1613/1370/2477 1612/1369/2478 
s 4
f 1613/1370/2479 1614/1371/2480 1612/1369/2478 
s 5
f 1612/1369/2478 1614/1371/2481 1615/1372/2482 
s 6
f 1614/1371/2481 1616/1373/2483 1615/1372/2482 
s 7
f 1617/1374/2484 1618/1375/2485 1619/1376/2486 
s 8
f 1620/1377/2487 1621/1378/2487 1618/1375/2485 
s 9
f 1622/1379/2488 1623/1380/2488 1621/1378/2489 
s 10
f 1621/1378/2489 1623/1380/2490 1618/1375/2491 
s 11
f 1618/1375/2485 1623/1380/2490 1619/1376/2486 
s 12
f 1619/1376/2486 1623/1380/2490 1624/1381/2492 
s 13
f 1619/1382/2493 1624/1383/2494 1616/1373/2495 
s 14
f 1615/1372/2496 1616/1373/2495 1624/1383/2494 
s 15
f 1624/1383/2494 1623/1384/2497 1615/1372/2496 
s 16
f 1612/1369/2498 1615/1372/2499 1623/1384/2497 
s 17
f 1623/1384/2497 1622/1385/2500 1612/1369/2498 
s 18
f 1611/1368/2475 1612/1369/2498 1622/1385/2500 
s 19
f 1622/1385/2500 1621/1386/2501 1611/1368/2475 
s 20
f 1609/1366/2473 1611/1368/2475 1621/1386/2501 
s 21
f 1621/1386/2501 1620/1387/2502 1609/1366/2473 
s 22
f 1610/1367/2503 1609/1366/2473 1620/1387/2502 
s 23
f 1620/1387/2502 1618/1388/2504 1610/1367/2474 
s 24
f 1613/1370/2505 1610/1367/2474 1618/1388/2504 
s 25
f 1618/1388/2504 1617/1389/2506 1613/1370/2505 
s 26
f 1614/1371/2507 1613/1370/2505 1617/1389/2507 
s 27
f 1616/1373/2483 1614/1371/2508 1625/1390/2508 
s 28
f 1626/1391/2509 1627/1392/2510 1628/1393/2511 
s 29
f 1627/1392/2510 1629/1394/2512 1628/1393/2511 
s 30
f 1628/1393/2511 1629/1394/2513 1630/1395/2514 
s 31
f 1630/1395/2515 1629/1394/2513 1614/1371/2480 
s 32
f 1614/1371/2516 1629/1394/2516 1625/1390/2516 
s 33
f 1631/1396/2517 1632/1397/2518 1633/1398/2517 
s 34
f 1634/1399/2519 1635/1400/2520 1632/1397/2519 
s 35
f 1632/1397/2518 1635/1400/2521 1633/1398/2522 
s 36
f 1617/1374/2523 1619/1376/2486 1635/1400/2520 
s 37
f 1635/1400/2520 1619/1376/2486 1633/1398/2522 
s 38
f 1633/1398/2522 1619/1376/2486 1636/1401/2524 
s 39
f 1625/1390/2525 1636/1402/2526 1616/1373/2495 
s 40
f 1619/1382/2493 1616/1373/2495 1636/1402/2526 
s 41
f 1629/1394/2527 1633/1403/2528 1625/1390/2525 
s 42
f 1636/1402/2526 1625/1390/2525 1633/1403/2528 
s 43
f 1627/1392/2510 1631/1404/2529 1629/1394/2527 
s 44
f 1633/1403/2528 1629/1394/2527 1631/1404/2529 
s 45
f 1626/1391/2509 1632/1405/2530 1627/1392/2510 
s 46
f 1631/1404/2529 1627/1392/2510 1632/1405/2530 
s 47
f 1628/1393/2511 1634/1406/2531 1626/1391/2509 
s 48
f 1632/1405/2530 1626/1391/2509 1634/1406/2531 
s 49
f 1630/1395/2514 1635/1407/2532 1628/1393/2511 
s 50
f 1634/1406/2531 1628/1393/2511 1635/1407/2532 
s 51
f 1614/1371/2533 1617/1389/2506 1630/1395/2534 
s 52
f 1635/1407/2532 1630/1395/2534 1617/1389/2506 
s 1
f 1637/1366/2535 1638/1368/2536 1639/1367/2537 
s 2
f 1638/1368/2536 1640/1369/2538 1639/1367/2537 
s 3
f 1639/1367/2539 1640/1369/2540 1641/1370/2539 
s 4
f 1641/1370/2541 1640/1369/2540 1642/1371/2542 
s 5
f 1640/1369/2540 1643/1372/2543 1642/1371/2544 
s 6
f 1642/1371/2544 1643/1372/2543 1644/1373/2545 
s 7
f 1645/1374/2546 1646/1376/2547 1647/1375/2548 
s 8
f 1648/1377/2549 1647/1375/2548 1649/1378/2549 
s 9
f 1650/1379/2550 1649/1378/2551 1651/1380/2550 
s 10
f 1649/1378/2551 1647/1375/2552 1651/1380/2553 
s 11
f 1647/1375/2548 1646/1376/2547 1651/1380/2553 
s 12
f 1646/1376/2547 1652/1381/2554 1651/1380/2553 
s 13
f 1646/1382/2555 1644/1373/2556 1652/1383/2557 
s 14
f 1643/1372/2558 1652/1383/2557 1644/1373/2556 
s 15
f 1652/1383/2557 1643/1372/2558 1651/1384/2559 
s 16
f 1640/1369/2560 1651/1384/2559 1643/1372/2561 
s 17
f 1651/1384/2559 1640/1369/2560 1650/1385/2562 
s 18
f 1638/1368/2536 1650/1385/2562 1640/1369/2560 
s 19
f 1650/1385/2562 1638/1368/2536 1649/1386/2563 
s 20
f 1637/1366/2535 1649/1386/2563 1638/1368/2536 
s 21
f 1649/1386/2563 1637/1366/2535 1648/1387/2564 
s 22
f 1639/1367/2565 1648/1387/2564 1637/1366/2535 
s 23
f 1648/1387/2564 1639/1367/2537 1647/1388/2566 
s 24
f 1641/1370/2567 1647/1388/2566 1639/1367/2537 
s 25
f 1647/1388/2566 1641/1370/2567 1645/1389/2568 
s 26
f 1642/1371/2569 1645/1389/2569 1641/1370/2567 
s 27
f 1644/1373/2545 1653/1390/2570 1642/1371/2570 
s 28
f 1654/1391/2571 1655/1393/2572 1656/1392/2573 
s 29
f 1656/1392/2573 1655/1393/2572 1657/1394/2574 
s 30
f 1655/1393/2572 1658/1395/2575 1657/1394/2576 
s 31
f 1658/1395/2577 1642/1371/2542 1657/1394/2576 
s 32
f 1642/1371/2578 1653/1390/2578 1657/1394/2578 
s 33
f 1659/1396/2579 1660/1398/2579 1661/1397/2580 
s 34
f 1662/1399/2581 1661/1397/2581 1663/1400/2582 
s 35
f 1661/1397/2580 1660/1398/2583 1663/1400/2584 
s 36
f 1645/1374/2585 1663/1400/2582 1646/1376/2547 
s 37
f 1663/1400/2582 1660/1398/2583 1646/1376/2547 
s 38
f 1660/1398/2583 1664/1401/2586 1646/1376/2547 
s 39
f 1653/1390/2587 1644/1373/2556 1664/1402/2588 
s 40
f 1646/1382/2555 1664/1402/2588 1644/1373/2556 
s 41
f 1657/1394/2589 1653/1390/2587 1660/1403/2590 
s 42
f 1664/1402/2588 1660/1403/2590 1653/1390/2587 
s 43
f 1656/1392/2573 1657/1394/2589 1659/1404/2591 
s 44
f 1660/1403/2590 1659/1404/2591 1657/1394/2589 
s 45
f 1654/1391/2571 1656/1392/2573 1661/1405/2592 
s 46
f 1659/1404/2591 1661/1405/2592 1656/1392/2573 
s 47
f 1655/1393/2572 1654/1391/2571 1662/1406/2593 
s 48
f 1661/1405/2592 1662/1406/2593 1654/1391/2571 
s 49
f 1658/1395/2575 1655/1393/2572 1663/1407/2594 
s 50
f 1662/1406/2593 1663/1407/2594 1655/1393/2572 
s 51
f 1642/1371/2595 1658/1395/2596 1645/1389/2568 
s 52
f 1663/1407/2594 1645/1389/2568 1658/1395/2596 
s 1
f 1665/1408/2597 1666/1409/2598 1667/1410/2599 
s 2
f 1665/1408/2600 1668/1411/2600 1669/1412/2600 
s 3
f 1670/1413/2601 1671/1414/2602 1672/1415/2603 
s 4
f 1670/1413/2604 1673/1416/2605 1671/1414/2602 
s 5
f 1674/1417/2606 1675/1418/2607 1666/1409/2598 
s 6
f 1675/1418/2607 1674/1417/2606 1676/1419/2608 
s 7
f 1677/1420/2609 1678/1421/2610 1679/1422/2611 
s 8
f 1680/1423/2612 1681/1424/2613 1682/1425/2613 
s 9
f 1681/1424/2614 1680/1423/2612 1683/1426/2615 
s 10
f 1684/1427/2616 1685/1428/2617 1686/1429/2618 
s 11
f 1685/1428/2617 1684/1427/2616 1687/1430/2619 
s 12
f 1684/1427/2616 1688/1431/2620 1687/1430/2619 
s 13
f 1688/1431/2620 1684/1427/2616 1689/1432/2621 
s 14
f 1690/1433/2622 1687/1430/2619 1688/1431/2620 
s 15
f 1668/1411/2623 1691/1434/2624 1692/1435/2623 
s 16
f 1691/1434/2624 1668/1411/2625 1665/1408/2626 
s 17
f 1693/1436/2627 1694/1437/2628 1695/1438/2629 
s 18
f 1694/1437/2628 1693/1436/2627 1669/1439/2630 
s 19
f 1693/1436/2627 1696/1440/2631 1669/1439/2632 
s 20
f 1685/1428/2617 1697/1441/2633 1698/1442/2634 
s 21
f 1687/1430/2619 1699/1443/2635 1697/1441/2633 
s 22
f 1697/1441/2633 1700/1444/2636 1677/1420/2609 
s 23
f 1671/1414/2602 1673/1416/2605 1698/1442/2634 
s 24
f 1673/1416/2605 1685/1428/2617 1698/1442/2634 
s 25
f 1701/1445/2637 1702/1446/2638 1703/1447/2639 
s 26
f 1702/1446/2638 1701/1445/2637 1691/1434/2624 
s 27
f 1699/1443/2635 1700/1444/2636 1697/1441/2633 
s 28
f 1697/1441/2633 1677/1420/2609 1698/1442/2634 
s 29
f 1704/1448/2640 1705/1449/2641 1706/1450/2642 
s 30
f 1705/1449/2641 1704/1448/2643 1707/1451/2644 
s 31
f 1708/1452/2645 1706/1450/2646 1709/1453/2647 
s 32
f 1706/1450/2648 1708/1452/2648 1704/1448/2648 
s 33
f 1710/1454/2649 1667/1410/2650 1711/1455/2651 
s 34
f 1667/1410/2650 1710/1454/2649 1665/1408/2652 
s 35
f 1667/1456/2653 1712/1457/2654 1711/1458/2655 
s 36
f 1712/1457/2654 1667/1456/2653 1713/1459/2656 
s 37
f 1701/1445/2657 1692/1435/2657 1691/1434/2624 
s 38
f 1678/1421/2610 1714/1460/2658 1715/1461/2659 
s 39
f 1688/1431/2620 1695/1438/2629 1694/1437/2628 
s 40
f 1695/1438/2629 1688/1431/2620 1689/1432/2621 
s 41
f 1669/1439/2660 1692/1462/2661 1694/1437/2628 
s 42
f 1692/1462/2661 1669/1439/2632 1668/1463/2662 
s 43
f 1672/1415/2603 1682/1464/2663 1716/1465/2664 
s 44
f 1682/1464/2665 1672/1415/2603 1717/1466/2666 
s 45
f 1698/1442/2634 1718/1467/2667 1717/1466/2666 
s 46
f 1672/1415/2603 1716/1468/2668 1670/1413/2604 
s 47
f 1718/1467/2667 1682/1464/2665 1717/1466/2666 
s 48
f 1682/1464/2669 1718/1467/2667 1680/1469/2669 
s 49
f 1688/1431/2620 1703/1470/2670 1690/1433/2622 
s 50
f 1683/1426/2615 1714/1471/2671 1719/1472/2672 
s 51
f 1681/1424/2614 1719/1472/2672 1720/1473/2673 
s 52
f 1719/1472/2672 1681/1424/2614 1683/1426/2615 
s 53
f 1666/1409/2598 1665/1408/2597 1674/1417/2606 
s 54
f 1670/1413/2604 1721/1474/2674 1673/1416/2605 
s 55
f 1698/1442/2634 1672/1415/2603 1671/1414/2602 
s 56
f 1672/1415/2603 1698/1442/2634 1717/1466/2666 
s 57
f 1696/1440/2675 1693/1436/2627 1722/1475/2676 
s 58
f 1685/1428/2617 1687/1430/2619 1697/1441/2633 
s 59
f 1696/1476/2677 1665/1408/2626 1669/1412/2677 
s 60
f 1665/1408/2678 1696/1476/2679 1674/1417/2680 
s 61
f 1703/1470/2681 1688/1431/2620 1701/1477/2682 
s 62
f 1679/1422/2683 1678/1421/2610 1715/1461/2684 
s 63
f 1715/1478/2685 1714/1471/2671 1683/1426/2615 
s 64
f 1683/1426/2615 1679/1479/2686 1715/1478/2687 
s 65
f 1679/1479/2686 1683/1426/2615 1680/1423/2612 
s 66
f 1719/1480/2688 1699/1443/2635 1690/1433/2622 
s 67
f 1687/1430/2619 1690/1433/2622 1699/1443/2635 
s 68
f 1700/1444/2636 1719/1480/2688 1714/1460/2658 
s 69
f 1719/1480/2688 1700/1444/2636 1699/1443/2635 
s 70
f 1680/1469/2689 1718/1467/2667 1679/1422/2683 
s 71
f 1677/1420/2609 1700/1444/2636 1678/1421/2610 
s 72
f 1718/1467/2667 1677/1420/2609 1679/1422/2690 
s 73
f 1703/1447/2691 1720/1473/2673 1719/1472/2692 
s 74
f 1720/1473/2673 1703/1447/2691 1702/1446/2638 
s 75
f 1719/1480/2693 1690/1433/2622 1703/1470/2670 
s 76
f 1714/1460/2658 1678/1421/2610 1700/1444/2636 
s 77
f 1676/1481/2694 1696/1440/2631 1722/1475/2676 
s 78
f 1676/1419/2695 1674/1417/2680 1696/1476/2679 
s 79
f 1694/1437/2628 1701/1477/2696 1688/1431/2620 
s 80
f 1701/1477/2682 1694/1437/2628 1692/1462/2697 
s 81
f 1685/1428/2617 1721/1474/2674 1686/1429/2618 
s 82
f 1721/1474/2674 1685/1428/2617 1673/1416/2605 
s 83
f 1677/1420/2609 1718/1467/2667 1698/1442/2634 
s 84
f 1722/1475/2676 1675/1482/2698 1676/1481/2694 
s 85
f 1723/1483/2699 1724/1484/2700 1725/1485/2701 
s 86
f 1723/1483/2699 1726/1486/2702 1727/1487/2703 
s 87
f 1728/1488/2704 1723/1483/2699 1729/1489/2705 
s 88
f 1730/1490/2706 1723/1483/2699 1727/1487/2703 
s 89
f 1731/1491/2707 1732/1492/2708 1733/1493/2709 
s 90
f 1732/1492/2708 1731/1491/2707 1728/1488/2704 
s 91
f 1724/1484/2700 1733/1493/2709 1734/1494/2710 
s 92
f 1733/1493/2709 1724/1484/2700 1731/1491/2707 
s 93
f 1723/1483/2699 1728/1488/2704 1731/1491/2707 
s 94
f 1724/1484/2700 1723/1483/2699 1731/1491/2707 
s 95
f 1723/1483/2699 1725/1485/2701 1726/1486/2702 
s 96
f 1735/1495/2711 1730/1490/2706 1727/1487/2703 
s 97
f 1730/1490/2706 1735/1495/2711 1736/1496/2712 
s 98
f 1727/1487/2703 1737/1497/2713 1735/1495/2711 
s 99
f 1737/1497/2713 1727/1487/2703 1726/1486/2702 
s 100
f 1738/1498/2714 1730/1490/2706 1736/1496/2712 
s 101
f 1730/1490/2706 1738/1498/2714 1729/1489/2705 
s 102
f 1732/1492/2708 1729/1489/2705 1738/1498/2714 
s 103
f 1729/1489/2705 1732/1492/2708 1728/1488/2704 
s 104
f 1739/1499/2715 1726/1486/2702 1725/1485/2701 
s 105
f 1726/1486/2702 1739/1499/2715 1737/1497/2713 
s 106
f 1734/1494/2710 1725/1485/2701 1724/1484/2700 
s 107
f 1725/1485/2701 1734/1494/2710 1739/1499/2715 
s 108
f 1740/1483/2716 1741/1485/2717 1742/1484/2718 
s 109
f 1740/1483/2716 1743/1487/2719 1744/1486/2720 
s 110
f 1745/1488/2721 1746/1489/2722 1740/1483/2716 
s 111
f 1747/1490/2723 1743/1487/2719 1740/1483/2716 
s 112
f 1748/1492/2724 1749/1491/2725 1750/1493/2726 
s 113
f 1747/1490/2723 1751/1495/2727 1743/1487/2719 
s 114
f 1752/1500/2728 1753/1501/2729 1754/1502/2730 
s 115
f 1755/1503/2731 1756/1504/2732 1757/1505/2733 
s 116
f 1756/1504/2732 1755/1503/2731 1753/1501/2729 
s 117
f 1758/1506/2734 1757/1505/2735 1759/1507/2736 
s 118
f 1757/1505/2737 1758/1506/2734 1755/1503/2731 
s 119
f 1760/1508/2738 1758/1509/2739 1754/1502/2740 
s 120
f 1758/1509/2739 1760/1508/2738 1761/1510/2741 
s 121
f 1762/1511/2742 1754/1502/2730 1753/1501/2729 
s 122
f 1754/1502/2730 1762/1511/2742 1760/1508/2743 
s 123
f 1763/1512/2744 1753/1501/2729 1755/1503/2731 
s 124
f 1753/1501/2729 1763/1512/2745 1762/1511/2742 
s 125
f 1761/1513/2746 1755/1503/2731 1758/1506/2734 
s 126
f 1755/1503/2731 1761/1513/2747 1763/1512/2747 
s 127
f 1764/1514/2748 1765/1515/2749 1766/1516/2750 
s 128
f 1767/1517/2751 1766/1516/2750 1768/1518/2752 
s 129
f 1766/1516/2750 1767/1517/2751 1764/1514/2748 
s 130
f 1769/1519/2753 1767/1517/2751 1768/1518/2752 
s 131
f 1770/1520/2754 1769/1521/2755 1765/1515/2756 
s 132
f 1723/1483/2699 1730/1490/2706 1729/1489/2705 
s 133
f 1769/1521/2755 1770/1520/2754 1709/1522/2757 
s 134
f 1705/1449/2641 1765/1515/2749 1764/1514/2748 
s 135
f 1765/1515/2749 1705/1449/2641 1770/1520/2758 
s 136
f 1706/1450/2646 1764/1514/2748 1767/1517/2751 
s 137
f 1764/1514/2748 1706/1450/2642 1705/1449/2641 
s 138
f 1709/1453/2647 1767/1517/2751 1769/1519/2753 
s 139
f 1767/1517/2751 1709/1453/2647 1706/1450/2646 
s 140
f 1771/1523/2759 1709/1522/2757 1770/1520/2754 
s 141
f 1709/1522/2757 1771/1523/2759 1708/1524/2760 
s 142
f 1707/1451/2644 1770/1520/2758 1705/1449/2641 
s 143
f 1770/1520/2758 1707/1451/2644 1771/1523/2761 
s 144
f 1749/1491/2725 1748/1492/2724 1745/1488/2721 
s 145
f 1750/1493/2726 1742/1484/2718 1772/1494/2762 
s 146
f 1742/1484/2718 1750/1493/2726 1749/1491/2725 
s 147
f 1740/1483/2716 1749/1491/2725 1745/1488/2721 
s 148
f 1740/1483/2716 1746/1489/2722 1747/1490/2723 
s 149
f 1742/1484/2718 1749/1491/2725 1740/1483/2716 
s 150
f 1740/1483/2716 1744/1486/2720 1741/1485/2717 
s 151
f 1751/1495/2727 1747/1490/2723 1773/1496/2763 
s 152
f 1774/1497/2764 1743/1487/2719 1751/1495/2727 
s 153
f 1743/1487/2719 1774/1497/2764 1744/1486/2720 
s 154
f 1747/1490/2723 1775/1498/2765 1773/1496/2763 
s 155
f 1775/1498/2765 1747/1490/2723 1746/1489/2722 
s 156
f 1746/1489/2722 1748/1492/2724 1775/1498/2765 
s 157
f 1748/1492/2724 1746/1489/2722 1745/1488/2721 
s 158
f 1744/1486/2720 1776/1499/2766 1741/1485/2717 
s 159
f 1776/1499/2766 1744/1486/2720 1774/1497/2764 
s 160
f 1741/1485/2717 1772/1494/2762 1742/1484/2718 
s 161
f 1772/1494/2762 1741/1485/2717 1776/1499/2766 
s 162
f 1756/1504/2732 1752/1500/2728 1777/1525/2767 
s 163
f 1757/1505/2737 1777/1525/2767 1778/1526/2768 
s 164
f 1777/1525/2767 1757/1505/2737 1756/1504/2732 
s 165
f 1759/1507/2736 1757/1505/2735 1778/1526/2768 
s 166
f 1754/1502/2740 1759/1527/2769 1752/1500/2769 
s 167
f 1759/1527/2770 1754/1502/2740 1758/1509/2739 
s 168
f 1753/1501/2729 1752/1500/2728 1756/1504/2732 
s 169
f 1779/1449/2771 1780/1515/2772 1781/1520/2773 
s 170
f 1782/1514/2774 1783/1450/2775 1784/1517/2776 
s 171
f 1783/1450/2777 1782/1514/2774 1779/1449/2771 
s 172
f 1784/1517/2776 1785/1453/2778 1786/1519/2779 
s 173
f 1785/1453/2778 1784/1517/2776 1783/1450/2775 
s 174
f 1785/1522/2780 1787/1523/2781 1781/1520/2782 
s 175
f 1787/1523/2781 1785/1522/2780 1788/1524/2783 
s 176
f 1781/1520/2773 1789/1451/2784 1779/1449/2771 
s 177
f 1789/1451/2784 1781/1520/2773 1787/1523/2785 
s 178
f 1779/1449/2771 1790/1448/2786 1783/1450/2777 
s 179
f 1790/1448/2787 1779/1449/2771 1789/1451/2784 
s 180
f 1783/1450/2775 1788/1452/2788 1785/1453/2778 
s 181
f 1788/1452/2788 1783/1450/2789 1790/1448/2789 
s 182
f 1791/1504/2790 1792/1525/2791 1793/1500/2792 
s 183
f 1792/1525/2791 1794/1505/2793 1795/1526/2794 
s 184
f 1794/1505/2793 1792/1525/2791 1791/1504/2790 
s 185
f 1796/1507/2795 1795/1526/2794 1794/1505/2796 
s 186
f 1796/1527/2797 1797/1502/2798 1793/1500/2797 
s 187
f 1797/1502/2798 1796/1527/2799 1798/1509/2799 
s 188
f 1799/1528/2800 1675/1529/2801 1800/1530/2802 
s 189
f 1793/1500/2792 1801/1501/2803 1791/1504/2790 
s 190
f 1801/1501/2803 1793/1500/2792 1797/1502/2804 
s 191
f 1791/1504/2790 1802/1503/2805 1794/1505/2806 
s 192
f 1802/1503/2805 1791/1504/2790 1801/1501/2803 
s 193
f 1794/1505/2796 1798/1506/2807 1796/1507/2807 
s 194
f 1798/1506/2808 1794/1505/2793 1802/1503/2805 
s 195
f 1798/1509/2809 1803/1508/2810 1797/1502/2798 
s 196
f 1803/1508/2810 1798/1509/2809 1804/1510/2811 
s 197
f 1797/1502/2804 1805/1511/2812 1801/1501/2803 
s 198
f 1805/1511/2812 1797/1502/2804 1803/1508/2813 
s 199
f 1801/1501/2803 1806/1512/2814 1802/1503/2805 
s 200
f 1806/1512/2815 1801/1501/2803 1805/1511/2812 
s 201
f 1802/1503/2805 1804/1513/2816 1798/1506/2808 
s 202
f 1804/1513/2817 1802/1503/2805 1806/1512/2817 
s 203
f 1782/1514/2774 1807/1516/2818 1780/1515/2772 
s 204
f 1807/1516/2818 1784/1517/2776 1808/1518/2819 
s 205
f 1784/1517/2776 1807/1516/2818 1782/1514/2774 
s 206
f 1786/1519/2779 1808/1518/2819 1784/1517/2776 
s 207
f 1780/1515/2772 1779/1449/2771 1782/1514/2774 
s 208
f 1786/1521/2820 1781/1520/2782 1780/1515/2821 
s 209
f 1781/1520/2782 1786/1521/2820 1785/1522/2780 
s 210
f 1809/1531/2822 1810/1532/2823 1811/1533/2824 
s 211
f 1812/1534/2825 1813/1535/2826 1814/1536/2827 
s 212
f 1813/1535/2828 1812/1534/2825 1815/1537/2829 
s 213
f 1816/1538/2830 1814/1536/2827 1817/1539/2831 
s 214
f 1812/1534/2825 1670/1413/2832 1815/1540/2832 
s 215
f 1817/1539/2831 1813/1535/2828 1818/1541/2833 
s 216
f 1813/1535/2826 1817/1539/2831 1814/1536/2827 
s 217
f 1819/1542/2834 1820/1543/2835 1821/1544/2836 
s 218
f 1822/1545/2837 1823/1546/2838 1824/1547/2839 
s 219
f 1825/1548/2840 1823/1546/2838 1822/1545/2837 
s 220
f 1823/1546/2838 1825/1548/2840 1826/1549/2841 
s 221
f 1666/1550/2842 1713/1459/2843 1667/1456/2844 
s 222
f 1713/1459/2843 1666/1550/2842 1799/1528/2800 
s 223
f 1713/1459/2845 1810/1551/2845 1827/1552/2846 
s 224
f 1670/1413/2604 1812/1534/2825 1828/1553/2847 
s 225
f 1670/1413/2604 1828/1553/2847 1829/1554/2848 
s 226
f 1675/1529/2801 1799/1528/2800 1666/1550/2842 
s 227
f 1830/1555/2849 1831/1556/2850 1832/1557/2851 
s 228
f 1818/1558/2852 1825/1548/2840 1822/1545/2837 
s 229
f 1825/1548/2840 1818/1558/2853 1813/1559/2854 
s 230
f 1684/1427/2616 1833/1560/2855 1834/1561/2856 
s 231
f 1833/1560/2855 1684/1427/2616 1686/1429/2618 
s 232
f 1684/1427/2616 1819/1542/2834 1689/1432/2621 
s 233
f 1819/1542/2834 1684/1427/2616 1834/1561/2856 
s 234
f 1820/1543/2835 1819/1542/2834 1834/1561/2856 
s 235
f 1827/1552/2846 1835/1562/2857 1713/1459/2858 
s 236
f 1835/1562/2857 1827/1552/2846 1809/1563/2859 
s 237
f 1836/1564/2860 1835/1562/2857 1809/1563/2859 
s 238
f 1819/1542/2834 1695/1438/2629 1689/1432/2621 
s 239
f 1695/1438/2629 1819/1542/2834 1811/1533/2824 
s 240
f 1810/1532/2861 1809/1531/2861 1827/1565/2861 
s 241
f 1821/1566/2862 1826/1549/2841 1837/1567/2863 
s 242
f 1826/1549/2841 1821/1566/2862 1823/1546/2864 
s 243
f 1823/1568/2865 1821/1544/2836 1820/1543/2835 
s 244
f 1824/1569/2866 1832/1557/2851 1838/1570/2867 
s 245
f 1800/1571/2868 1722/1475/2676 1839/1572/2869 
s 246
f 1800/1530/2870 1839/1573/2871 1799/1528/2872 
s 247
f 1811/1533/2824 1836/1574/2873 1809/1531/2822 
s 248
f 1836/1574/2874 1811/1533/2824 1819/1542/2834 
s 249
f 1833/1560/2855 1721/1474/2674 1829/1554/2848 
s 250
f 1721/1474/2674 1833/1560/2855 1686/1429/2618 
s 251
f 1830/1555/2849 1816/1538/2830 1817/1539/2831 
s 252
f 1722/1475/2676 1800/1571/2868 1675/1482/2698 
s 253
f 1670/1413/2604 1829/1554/2848 1721/1474/2674 
s 254
f 1693/1436/2627 1811/1533/2824 1810/1532/2823 
s 255
f 1811/1533/2824 1693/1436/2627 1695/1438/2629 
s 256
f 1839/1572/2869 1693/1436/2627 1810/1532/2875 
s 257
f 1693/1436/2627 1839/1572/2869 1722/1475/2676 
s 258
f 1833/1560/2855 1816/1538/2830 1840/1575/2876 
s 259
f 1834/1561/2856 1840/1575/2876 1841/1576/2877 
s 260
f 1840/1575/2876 1830/1555/2849 1842/1577/2878 
s 261
f 1828/1553/2847 1816/1538/2830 1829/1554/2848 
s 262
f 1829/1554/2848 1816/1538/2830 1833/1560/2855 
s 263
f 1720/1473/2673 1682/1425/2879 1681/1424/2879 
s 264
f 1836/1564/2880 1837/1567/2863 1835/1562/2857 
s 265
f 1837/1567/2863 1836/1564/2880 1821/1566/2862 
s 266
f 1841/1576/2877 1840/1575/2876 1842/1577/2878 
s 267
f 1840/1575/2876 1816/1538/2830 1830/1555/2849 
s 268
f 1816/1538/2830 1812/1534/2825 1814/1536/2827 
s 269
f 1812/1534/2825 1816/1538/2830 1828/1553/2847 
s 270
f 1833/1560/2855 1840/1575/2876 1834/1561/2856 
s 271
f 1839/1573/2871 1713/1459/2881 1799/1528/2872 
s 272
f 1713/1459/2882 1839/1573/2871 1810/1551/2882 
s 273
f 1821/1544/2836 1836/1574/2874 1819/1542/2834 
s 274
f 1831/1556/2883 1838/1570/2884 1832/1557/2851 
s 275
f 1838/1578/2885 1822/1545/2837 1824/1547/2886 
s 276
f 1822/1545/2837 1831/1579/2887 1818/1558/2853 
s 277
f 1831/1579/2888 1822/1545/2837 1838/1578/2885 
s 278
f 1823/1568/2865 1820/1543/2835 1841/1576/2877 
s 279
f 1834/1561/2856 1841/1576/2877 1820/1543/2835 
s 280
f 1842/1577/2878 1823/1568/2865 1841/1576/2877 
s 281
f 1823/1568/2865 1842/1577/2878 1824/1569/2889 
s 282
f 1832/1557/2851 1824/1569/2866 1842/1577/2878 
s 283
f 1818/1541/2833 1831/1556/2883 1817/1539/2831 
s 284
f 1830/1555/2849 1832/1557/2851 1842/1577/2878 
s 285
f 1817/1539/2831 1831/1556/2890 1830/1555/2849 
s 286
f 1813/1535/2891 1815/1540/2892 1825/1548/2840 
s 287
f 1815/1540/2892 1670/1413/2893 1825/1548/2840 
s 288
f 1837/1567/2863 1826/1549/2841 1835/1562/2894 
s 289
f 1826/1549/2841 1825/1548/2840 1835/1562/2857 
s 290
f 1825/1548/2840 1670/1413/2895 1835/1562/2894 
s 291
f 1712/1457/2896 1713/1459/2897 1711/1458/2898 
s 292
f 1713/1459/2897 1835/1562/2899 1711/1458/2898 
s 293
f 1710/1454/2900 1711/1458/2898 1665/1408/2901 
s 294
f 1665/1408/2901 1711/1458/2898 1691/1434/2902 
s 295
f 1711/1458/2898 1835/1562/2894 1691/1434/2903 
s 296
f 1835/1562/2894 1670/1413/2895 1691/1434/2903 
s 297
f 1670/1413/2895 1716/1465/2664 1691/1434/2903 
s 298
f 1702/1446/2638 1691/1434/2903 1720/1473/2673 
s 299
f 1691/1434/2624 1716/1465/2664 1720/1473/2673 
s 300
f 1716/1465/2664 1682/1425/2904 1720/1473/2673 
s 1
f 1843/1580/2905 1844/1581/2906 1845/1582/2907 
s 2
f 1846/1583/2908 1847/1584/2909 1845/1582/2907 
s 3
f 1848/1585/2910 1846/1583/2908 1845/1582/2907 
s 4
f 1849/1586/2911 1845/1582/2907 1850/1587/2912 
s 5
f 1848/1585/2910 1845/1582/2907 1849/1586/2911 
s 6
f 1851/1588/2913 1852/1582/2914 1853/1584/2915 
s 7
f 1854/1580/2916 1852/1582/2914 1851/1588/2913 
s 8
f 1855/1581/2917 1856/1587/2918 1852/1582/2914 
s 9
f 1854/1580/2916 1855/1581/2917 1852/1582/2914 
s 10
f 1857/1583/2919 1853/1584/2915 1852/1582/2914 
s 11
f 1858/1585/2920 1857/1583/2919 1852/1582/2914 
s 12
f 1859/1586/2921 1852/1582/2914 1856/1587/2918 
s 13
f 1858/1585/2920 1852/1582/2914 1859/1586/2921 
s 14
f 1860/1588/2922 1861/1582/2923 1862/1584/2924 
s 15
f 1863/1580/2925 1861/1582/2923 1860/1588/2922 
s 16
f 1864/1581/2926 1865/1587/2927 1861/1582/2923 
s 17
f 1863/1580/2925 1864/1581/2926 1861/1582/2923 
s 18
f 1866/1583/2928 1862/1584/2924 1861/1582/2923 
s 19
f 1867/1585/2929 1866/1583/2928 1861/1582/2923 
s 20
f 1868/1586/2930 1861/1582/2923 1865/1587/2927 
s 21
f 1867/1585/2929 1861/1582/2923 1868/1586/2930 
s 22
f 1869/1588/2931 1870/1582/2932 1871/1584/2933 
s 23
f 1872/1580/2934 1870/1582/2932 1869/1588/2931 
s 24
f 1873/1581/2935 1874/1587/2936 1870/1582/2932 
s 25
f 1872/1580/2934 1873/1581/2935 1870/1582/2932 
s 26
f 1875/1583/2937 1871/1584/2933 1870/1582/2932 
s 27
f 1876/1585/2938 1875/1583/2937 1870/1582/2932 
s 28
f 1877/1586/2939 1870/1582/2932 1874/1587/2936 
s 29
f 1876/1585/2938 1870/1582/2932 1877/1586/2939 
s 30
f 1878/1588/2940 1879/1582/2941 1880/1584/2942 
s 31
f 1881/1580/2943 1879/1582/2941 1878/1588/2940 
s 32
f 1882/1581/2944 1883/1587/2945 1879/1582/2941 
s 33
f 1881/1580/2943 1882/1581/2944 1879/1582/2941 
s 34
f 1884/1583/2946 1880/1584/2942 1879/1582/2941 
s 35
f 1885/1585/2947 1884/1583/2946 1879/1582/2941 
s 36
f 1886/1586/2948 1879/1582/2941 1883/1587/2945 
s 37
f 1885/1585/2947 1879/1582/2941 1886/1586/2948 
s 38
f 1887/1588/2949 1845/1582/2907 1847/1584/2909 
s 39
f 1843/1580/2905 1845/1582/2907 1887/1588/2949 
s 40
f 1844/1581/2950 1850/1587/2950 1845/1582/2907 
s 41
f 1888/1589/2951 1889/1590/2952 1890/1591/2953 
s 42
f 1889/1590/2952 1888/1589/2951 1891/1592/2954 
s 43
f 1892/1591/2955 1891/1592/2954 1888/1589/2951 
s 44
f 1891/1592/2954 1892/1591/2955 1893/1590/2956 
s 45
f 1894/1591/2957 1893/1592/2958 1892/1589/2959 
s 46
f 1893/1592/2958 1894/1591/2957 1895/1590/2960 
s 47
f 1896/1589/2961 1895/1590/2960 1894/1591/2957 
s 48
f 1895/1590/2960 1896/1589/2961 1897/1592/2962 
s 49
f 1897/1590/2963 1889/1592/2964 1898/1593/2965 
s 50
f 1889/1590/2952 1891/1592/2954 1898/1593/2966 
s 51
f 1891/1592/2954 1893/1590/2956 1898/1593/2967 
s 52
f 1893/1592/2958 1895/1590/2960 1898/1593/2968 
s 53
f 1895/1590/2960 1897/1592/2962 1898/1593/2969 
s 54
f 1899/1594/2970 1900/1595/2971 1901/1596/2972 
s 55
f 1900/1595/2971 1899/1594/2970 1902/1597/2973 
s 56
f 1903/1594/2974 1901/1595/2975 1904/1596/2976 
s 57
f 1901/1595/2975 1903/1594/2974 1899/1597/2975 
s 58
f 1905/1597/2977 1904/1596/2976 1906/1595/2978 
s 59
f 1907/1597/2979 1906/1596/2980 1908/1595/2981 
s 60
f 1906/1596/2980 1907/1597/2979 1905/1594/2982 
s 61
f 1902/1594/2983 1908/1595/2981 1900/1596/2984 
s 62
f 1908/1595/2981 1902/1594/2983 1907/1597/2979 
s 63
f 1906/1598/2985 1904/1599/2985 1900/1595/2971 
s 64
f 1900/1595/2971 1904/1599/2985 1901/1596/2985 
s 65
f 1906/1598/2985 1900/1595/2971 1908/1600/2985 
s 66
f 1899/1594/2970 1896/1591/2986 1902/1597/2973 
s 67
f 1896/1591/2986 1899/1594/2970 1890/1589/2987 
s 68
f 1903/1594/2974 1890/1591/2953 1899/1597/2988 
s 69
f 1890/1591/2953 1903/1594/2974 1888/1589/2951 
s 70
f 1905/1597/2977 1888/1589/2951 1903/1594/2974 
s 71
f 1888/1589/2951 1905/1597/2977 1892/1591/2955 
s 72
f 1907/1597/2979 1892/1589/2959 1905/1594/2982 
s 73
f 1892/1589/2959 1907/1597/2979 1894/1591/2957 
s 74
f 1902/1594/2983 1894/1591/2957 1907/1597/2979 
s 75
f 1894/1591/2957 1902/1594/2983 1896/1589/2961 
s 76
f 1890/1589/2987 1897/1590/2963 1896/1591/2986 
s 77
f 1897/1590/2963 1890/1589/2987 1889/1592/2964 
s 78
f 1909/1580/2989 1910/1581/2990 1911/1582/2991 
s 79
f 1912/1583/2992 1913/1584/2993 1911/1582/2991 
s 80
f 1914/1585/2994 1912/1583/2992 1911/1582/2991 
s 81
f 1915/1586/2995 1911/1582/2991 1916/1587/2996 
s 82
f 1914/1585/2994 1911/1582/2991 1915/1586/2995 
s 83
f 1917/1588/2997 1918/1582/2998 1919/1584/2999 
s 84
f 1920/1580/3000 1918/1582/2998 1917/1588/2997 
s 85
f 1921/1581/3001 1922/1587/3002 1918/1582/2998 
s 86
f 1920/1580/3000 1921/1581/3001 1918/1582/2998 
s 87
f 1923/1583/3003 1919/1584/2999 1918/1582/2998 
s 88
f 1924/1585/3004 1923/1583/3003 1918/1582/2998 
s 89
f 1925/1586/3005 1918/1582/2998 1922/1587/3002 
s 90
f 1924/1585/3004 1918/1582/2998 1925/1586/3005 
s 91
f 1926/1588/3006 1927/1582/3007 1928/1584/3008 
s 92
f 1929/1580/3009 1927/1582/3007 1926/1588/3006 
s 93
f 1930/1581/3010 1931/1587/3011 1927/1582/3007 
s 94
f 1929/1580/3009 1930/1581/3010 1927/1582/3007 
s 95
f 1932/1583/3012 1928/1584/3008 1927/1582/3007 
s 96
f 1933/1585/3013 1932/1583/3012 1927/1582/3007 
s 97
f 1934/1586/3014 1927/1582/3007 1931/1587/3011 
s 98
f 1933/1585/3013 1927/1582/3007 1934/1586/3014 
s 99
f 1935/1588/3015 1936/1582/3016 1937/1584/3017 
s 100
f 1938/1580/3018 1936/1582/3016 1935/1588/3015 
s 101
f 1939/1581/3019 1940/1587/3020 1936/1582/3016 
s 102
f 1938/1580/3018 1939/1581/3019 1936/1582/3016 
s 103
f 1941/1583/3021 1937/1584/3017 1936/1582/3016 
s 104
f 1942/1585/3022 1941/1583/3021 1936/1582/3016 
s 105
f 1943/1586/3023 1936/1582/3016 1940/1587/3020 
s 106
f 1942/1585/3022 1936/1582/3016 1943/1586/3023 
s 107
f 1944/1588/3024 1945/1582/3025 1946/1584/3026 
s 108
f 1947/1580/3027 1945/1582/3025 1944/1588/3024 
s 109
f 1948/1581/3028 1949/1587/3029 1945/1582/3025 
s 110
f 1947/1580/3027 1948/1581/3028 1945/1582/3025 
s 111
f 1950/1583/3030 1946/1584/3026 1945/1582/3025 
s 112
f 1951/1585/3031 1950/1583/3030 1945/1582/3025 
s 113
f 1952/1586/3032 1945/1582/3025 1949/1587/3029 
s 114
f 1951/1585/3031 1945/1582/3025 1952/1586/3032 
s 115
f 1953/1588/3033 1911/1582/2991 1913/1584/2993 
s 116
f 1909/1580/2989 1911/1582/2991 1953/1588/3033 
s 117
f 1904/1596/2976 1905/1597/2977 1903/1594/2974 
s 118
f 1910/1581/2990 1916/1587/2996 1911/1582/2991 
s 119
f 1954/1589/3034 1955/1590/3035 1956/1591/3036 
s 120
f 1955/1590/3035 1954/1589/3034 1957/1592/3037 
s 121
f 1958/1591/3038 1957/1592/3037 1954/1589/3034 
s 122
f 1957/1592/3037 1958/1591/3038 1959/1590/3039 
s 123
f 1960/1591/3040 1959/1592/3041 1958/1589/3042 
s 124
f 1959/1592/3041 1960/1591/3040 1961/1590/3043 
s 125
f 1962/1589/3044 1961/1590/3043 1960/1591/3040 
s 126
f 1961/1590/3043 1962/1589/3044 1963/1592/3045 
s 127
f 1963/1590/3046 1955/1592/3047 1964/1593/3048 
s 128
f 1955/1590/3049 1957/1592/3037 1964/1593/3049 
s 129
f 1957/1592/3037 1959/1590/3050 1964/1593/3050 
s 130
f 1959/1592/3041 1961/1590/3043 1964/1593/3051 
s 131
f 1961/1590/3043 1963/1592/3045 1964/1593/3052 
s 132
f 1965/1594/3053 1966/1595/3054 1967/1596/3055 
s 133
f 1966/1595/3054 1965/1594/3053 1968/1597/3056 
s 134
f 1969/1594/3057 1967/1595/3058 1970/1596/3059 
s 135
f 1967/1595/3058 1969/1594/3057 1965/1597/3060 
s 136
f 1971/1597/3061 1970/1596/3059 1972/1595/3062 
s 137
f 1970/1596/3059 1971/1597/3061 1969/1594/3057 
s 138
f 1973/1597/3063 1972/1596/3064 1974/1595/3065 
s 139
f 1972/1596/3064 1973/1597/3063 1971/1594/3066 
s 140
f 1968/1594/3067 1974/1595/3065 1966/1596/3068 
s 141
f 1974/1595/3065 1968/1594/3067 1973/1597/3063 
s 142
f 1972/1598/3069 1970/1599/3070 1966/1595/3054 
s 143
f 1966/1595/3054 1970/1599/3070 1967/1596/3055 
s 144
f 1972/1598/3069 1966/1595/3054 1974/1600/3070 
s 145
f 1965/1594/3053 1962/1591/3071 1968/1597/3056 
s 146
f 1962/1591/3071 1965/1594/3053 1956/1589/3072 
s 147
f 1969/1594/3057 1956/1591/3036 1965/1597/3060 
s 148
f 1956/1591/3036 1969/1594/3057 1954/1589/3034 
s 149
f 1971/1597/3061 1954/1589/3034 1969/1594/3057 
s 150
f 1954/1589/3034 1971/1597/3061 1958/1591/3038 
s 151
f 1973/1597/3063 1958/1589/3042 1971/1594/3066 
s 152
f 1958/1589/3042 1973/1597/3063 1960/1591/3040 
s 153
f 1968/1594/3067 1960/1591/3040 1973/1597/3063 
s 154
f 1960/1591/3040 1968/1594/3067 1962/1589/3044 
s 155
f 1956/1589/3072 1963/1590/3046 1962/1591/3071 
s 156
f 1963/1590/3046 1956/1589/3072 1955/1592/3047 
s 157
f 1975/1580/3073 1976/1581/3074 1977/1582/3075 
s 158
f 1978/1583/3076 1979/1584/3077 1977/1582/3075 
s 159
f 1980/1585/3078 1978/1583/3076 1977/1582/3075 
s 160
f 1981/1586/3079 1977/1582/3075 1982/1587/3080 
s 161
f 1980/1585/3078 1977/1582/3075 1981/1586/3079 
s 162
f 1983/1588/3081 1984/1582/3082 1985/1584/3083 
s 163
f 1986/1580/3084 1984/1582/3082 1983/1588/3081 
s 164
f 1987/1581/3085 1988/1587/3086 1984/1582/3082 
s 165
f 1986/1580/3084 1987/1581/3085 1984/1582/3082 
s 166
f 1989/1583/3087 1985/1584/3083 1984/1582/3082 
s 167
f 1990/1585/3088 1989/1583/3087 1984/1582/3082 
s 168
f 1991/1586/3089 1984/1582/3082 1988/1587/3086 
s 169
f 1990/1585/3088 1984/1582/3082 1991/1586/3089 
s 170
f 1992/1588/3090 1993/1582/3091 1994/1584/3092 
s 171
f 1995/1580/3093 1993/1582/3091 1992/1588/3090 
s 172
f 1996/1581/3094 1997/1587/3095 1993/1582/3091 
s 173
f 1995/1580/3093 1996/1581/3094 1993/1582/3091 
s 174
f 1998/1583/3096 1994/1584/3092 1993/1582/3091 
s 175
f 1999/1585/3097 1998/1583/3096 1993/1582/3091 
s 176
f 1999/1585/3097 1993/1582/3091 2000/1586/3098 
s 177
f 2001/1588/3099 2002/1582/3100 2003/1584/3101 
s 178
f 2004/1580/3102 2002/1582/3100 2001/1588/3099 
s 179
f 2005/1581/3103 2006/1587/3104 2002/1582/3100 
s 180
f 2004/1580/3102 2005/1581/3103 2002/1582/3100 
s 181
f 2007/1583/3105 2003/1584/3101 2002/1582/3100 
s 182
f 2008/1585/3106 2007/1583/3105 2002/1582/3100 
s 183
f 2009/1586/3107 2002/1582/3100 2006/1587/3104 
s 184
f 2008/1585/3106 2002/1582/3100 2009/1586/3107 
s 185
f 2010/1588/3108 2011/1582/3109 2012/1584/3110 
s 186
f 2013/1580/3111 2011/1582/3109 2010/1588/3108 
s 187
f 2014/1581/3112 2015/1587/3113 2011/1582/3109 
s 188
f 2013/1580/3111 2014/1581/3112 2011/1582/3109 
s 189
f 2016/1583/3114 2012/1584/3110 2011/1582/3109 
s 190
f 2017/1585/3115 2016/1583/3114 2011/1582/3109 
s 191
f 2018/1586/3116 2011/1582/3109 2015/1587/3113 
s 192
f 2017/1585/3115 2011/1582/3109 2018/1586/3116 
s 193
f 2019/1588/3117 1977/1582/3075 1979/1584/3077 
s 194
f 1975/1580/3073 1977/1582/3075 2019/1588/3117 
s 195
f 1976/1581/3074 1982/1587/3080 1977/1582/3075 
s 196
f 2020/1589/3118 2021/1590/3119 2022/1591/3120 
s 197
f 2021/1590/3119 2020/1589/3118 2023/1592/3121 
s 198
f 2024/1591/3122 2023/1592/3121 2020/1589/3118 
s 199
f 2023/1592/3121 2024/1591/3122 2025/1590/3123 
s 200
f 2026/1591/3124 2025/1592/3125 2024/1589/3126 
s 201
f 2025/1592/3125 2026/1591/3124 2027/1590/3127 
s 202
f 2028/1589/3128 2027/1590/3127 2026/1591/3124 
s 203
f 2027/1590/3127 2028/1589/3128 2029/1592/3129 
s 204
f 2029/1590/3130 2021/1592/3131 2030/1593/3132 
s 205
f 2021/1590/3119 2023/1592/3121 2030/1593/3133 
s 206
f 2023/1592/3121 2025/1590/3123 2030/1593/3134 
s 207
f 2025/1592/3125 2027/1590/3127 2030/1593/3135 
s 208
f 2027/1590/3127 2029/1592/3129 2030/1593/3136 
s 209
f 2031/1594/3137 2032/1595/3138 2033/1596/3139 
s 210
f 2032/1595/3138 2031/1594/3137 2034/1597/3140 
s 211
f 2035/1594/3141 2033/1595/3142 2036/1596/3143 
s 212
f 2033/1595/3142 2035/1594/3141 2031/1597/3144 
s 213
f 2037/1597/3145 2036/1596/3143 2038/1595/3146 
s 214
f 2036/1596/3143 2037/1597/3145 2035/1594/3141 
s 215
f 2039/1597/3147 2038/1596/3148 2040/1595/3149 
s 216
f 2038/1596/3148 2039/1597/3147 2037/1594/3150 
s 217
f 2034/1594/3151 2040/1595/3149 2032/1596/3152 
s 218
f 2040/1595/3149 2034/1594/3151 2039/1597/3147 
s 219
f 2038/1598/3153 2036/1599/3153 2032/1595/3138 
s 220
f 2032/1595/3138 2036/1599/3153 2033/1596/3139 
s 221
f 2038/1598/3153 2032/1595/3138 2040/1600/3153 
s 222
f 2031/1594/3137 2028/1591/3154 2034/1597/3140 
s 223
f 2028/1591/3154 2031/1594/3137 2022/1589/3155 
s 224
f 2035/1594/3141 2022/1591/3120 2031/1597/3144 
s 225
f 2022/1591/3120 2035/1594/3141 2020/1589/3118 
s 226
f 2037/1597/3145 2020/1589/3118 2035/1594/3141 
s 227
f 2020/1589/3118 2037/1597/3145 2024/1591/3122 
s 228
f 2039/1597/3147 2024/1589/3126 2037/1594/3150 
s 229
f 2024/1589/3126 2039/1597/3147 2026/1591/3124 
s 230
f 2034/1594/3151 2026/1591/3124 2039/1597/3147 
s 231
f 2026/1591/3124 2034/1594/3151 2028/1589/3128 
s 232
f 2022/1589/3155 2029/1590/3130 2028/1591/3154 
s 233
f 2029/1590/3130 2022/1589/3155 2021/1592/3131 
s 234
f 2000/1586/3098 1993/1582/3091 1997/1587/3095 
s 1
f 2041/1601/3156 2042/1602/3157 2043/1603/3156 
s 2
f 2044/1604/3158 2045/1604/3159 2046/1602/3158 
s 3
f 2042/1602/3157 2046/1602/3158 2045/1604/3159 
s 4
f 2047/1605/3160 2048/1601/3161 2049/1603/3162 
s 5
f 2050/1602/3163 2048/1601/3161 2047/1605/3160 
s 6
f 2046/1602/3164 2048/1601/3165 2050/1602/3163 
s 7
f 2044/1604/3166 2046/1602/3164 2050/1602/3163 
s 8
f 2043/1603/3167 2049/1603/3162 2041/1601/3167 
s 9
f 2048/1601/3167 2041/1601/3167 2049/1603/3162 
s 10
f 2051/1606/3168 2052/1607/3168 2053/1606/3169 
s 11
f 2054/1607/3170 2053/1606/3169 2052/1607/3168 
s 12
f 2046/1602/3171 2055/1608/3172 2056/1609/3173 
s 13
f 2057/1610/3173 2046/1602/3171 2056/1609/3173 
s 14
f 2058/1611/3173 2046/1602/3171 2057/1610/3173 
s 15
f 2059/1612/3173 2046/1602/3171 2058/1611/3173 
s 16
f 2060/1613/3173 2046/1602/3171 2059/1612/3173 
s 17
f 2061/1614/3173 2046/1602/3171 2060/1613/3173 
s 18
f 2048/1601/3165 2046/1602/3171 2061/1614/3174 
s 19
f 2062/1615/3175 2055/1608/3176 2046/1602/3171 
s 20
f 2063/1616/3177 2055/1608/3172 2062/1615/3175 
s 21
f 2064/1617/3178 2055/1608/3176 2063/1616/3178 
s 22
f 2065/1618/3179 2066/1619/3180 2067/1620/3181 
s 23
f 2068/1621/3182 2066/1619/3180 2065/1618/3179 
s 24
f 2069/1622/3182 2066/1619/3180 2068/1621/3182 
s 25
f 2070/1623/3183 2066/1619/3180 2069/1622/3182 
s 26
f 2071/1624/3184 2066/1619/3180 2070/1623/3183 
s 27
f 2072/1625/3184 2066/1619/3180 2071/1624/3184 
s 28
f 2073/1626/3185 2066/1619/3180 2072/1625/3184 
s 29
f 2074/1627/3186 2073/1626/3185 2072/1625/3184 
s 30
f 2075/1628/3187 2074/1627/3186 2072/1625/3184 
s 31
f 2076/1629/3188 2077/1630/3189 2066/1619/3180 
s 32
f 2078/1631/3190 2077/1630/3189 2076/1629/3188 
s 33
f 2079/1632/3191 2044/1604/3192 2080/1633/3193 
s 34
f 2081/1634/3194 2079/1632/3191 2080/1633/3193 
s 35
f 2082/1635/3195 2081/1634/3194 2080/1633/3193 
s 36
f 2049/1603/3162 2083/1636/3196 2047/1605/3160 
s 37
f 2084/1637/3197 2047/1605/3160 2083/1636/3198 
s 38
f 2044/1604/3192 2079/1632/3199 2045/1604/3200 
s 39
f 2085/1632/3201 2045/1604/3200 2079/1632/3199 
s 40
f 2043/1603/3202 2086/1638/3202 2049/1603/3162 
s 41
f 2087/1638/3203 2049/1603/3162 2086/1638/3204 
s 42
f 2045/1604/3159 2043/1603/3156 2042/1602/3157 
s 43
f 2088/1639/3205 2089/1640/3205 2090/1641/3206 
s 44
f 2091/1642/3206 2090/1641/3206 2089/1640/3205 
s 45
f 2092/1643/3207 2088/1639/3205 2093/1644/3206 
s 46
f 2090/1641/3206 2093/1644/3206 2088/1639/3205 
s 47
f 2094/1645/3208 2092/1643/3207 2095/1646/3209 
s 48
f 2093/1644/3209 2095/1646/3209 2092/1643/3207 
s 49
f 2096/1647/3210 2094/1645/3208 2097/1648/3211 
s 50
f 2095/1646/3209 2097/1648/3211 2094/1645/3208 
s 51
f 2098/1649/3212 2096/1647/3210 2099/1650/3213 
s 52
f 2097/1648/3211 2099/1650/3213 2096/1647/3210 
s 53
f 2100/1651/3214 2101/1651/3215 2102/1652/3216 
s 54
f 2103/1652/3217 2102/1652/3216 2101/1651/3215 
s 55
f 2100/1651/3214 2102/1652/3218 2050/1602/3163 
s 56
f 2044/1604/3192 2050/1602/3163 2102/1652/3218 
s 57
f 2084/1637/3219 2104/1637/3220 2100/1651/3214 
s 58
f 2101/1651/3215 2100/1651/3214 2104/1637/3220 
s 59
f 2047/1605/3160 2084/1637/3197 2050/1602/3163 
s 60
f 2100/1651/3214 2050/1602/3163 2084/1637/3197 
s 61
f 2067/1620/3181 2077/1630/3189 2105/1653/3221 
s 62
f 2098/1649/3212 2105/1653/3221 2077/1630/3189 
s 63
f 2065/1618/3179 2067/1620/3181 2106/1654/3222 
s 64
f 2078/1631/3223 2076/1629/3188 2096/1647/3210 
s 65
f 2094/1645/3208 2096/1647/3210 2076/1629/3188 
s 66
f 2077/1630/3189 2078/1631/3223 2098/1649/3212 
s 67
f 2096/1647/3210 2098/1649/3212 2078/1631/3223 
s 68
f 2105/1653/3221 2098/1649/3212 2107/1655/3224 
s 69
f 2099/1650/3213 2107/1655/3224 2098/1649/3212 
s 70
f 2106/1654/3222 2105/1653/3221 2108/1656/3225 
s 71
f 2107/1655/3224 2108/1656/3225 2105/1653/3221 
s 72
f 2109/1657/3226 2106/1654/3222 2110/1658/3227 
s 73
f 2108/1656/3225 2110/1658/3227 2106/1654/3222 
s 74
f 2111/1659/3228 2109/1657/3226 2112/1660/3229 
s 75
f 2110/1658/3227 2112/1660/3229 2109/1657/3226 
s 76
f 2113/1661/3230 2111/1659/3228 2114/1662/3231 
s 77
f 2112/1660/3229 2114/1662/3231 2111/1659/3228 
s 78
f 2115/1663/3232 2113/1661/3230 2055/1608/3176 
s 79
f 2114/1662/3231 2055/1608/3176 2113/1661/3230 
s 80
f 2116/1664/3232 2115/1663/3232 2051/1606/3233 
s 81
f 2055/1608/3176 2051/1606/3234 2115/1663/3232 
s 82
f 2117/1665/3235 2116/1664/3232 2118/1666/3236 
s 83
f 2051/1606/3233 2118/1666/3236 2116/1664/3232 
s 84
f 2089/1640/3205 2117/1665/3235 2091/1642/3206 
s 85
f 2118/1666/3236 2091/1642/3206 2117/1665/3235 
s 86
f 2119/1633/3237 2120/1636/3238 2080/1633/3239 
s 87
f 2083/1636/3240 2080/1633/3239 2120/1636/3238 
s 88
f 2103/1652/3241 2119/1633/3242 2102/1652/3243 
s 89
f 2080/1633/3244 2102/1652/3243 2119/1633/3242 
s 90
f 2083/1636/3245 2120/1636/3246 2084/1637/3245 
s 91
f 2104/1637/3220 2084/1637/3219 2120/1636/3246 
s 92
f 2083/1636/3198 2082/1635/3247 2080/1633/3193 
s 93
f 2121/1667/3248 2082/1635/3247 2083/1636/3198 
s 94
f 2087/1638/3203 2121/1667/3248 2083/1636/3198 
s 95
f 2049/1603/3162 2087/1638/3203 2083/1636/3198 
s 96
f 2080/1633/3193 2044/1604/3249 2102/1652/3249 
s 97
f 2060/1613/3250 2122/1613/3251 2123/1668/3252 
s 98
f 2124/1669/3253 2125/1669/3253 2061/1614/3253 
s 99
f 2126/1614/3253 2061/1614/3253 2125/1669/3253 
s 100
f 2123/1668/3252 2124/1669/3254 2060/1613/3255 
s 101
f 2061/1614/3255 2060/1613/3255 2124/1669/3254 
s 102
f 2127/1670/3256 2128/1670/3256 2129/1617/3256 
s 103
f 2064/1617/3256 2129/1617/3256 2128/1670/3256 
s 104
f 2130/1671/3257 2131/1671/3258 2132/1672/3259 
s 105
f 2133/1672/3170 2132/1672/3259 2131/1671/3258 
s 106
f 2128/1670/3260 2130/1671/3257 2064/1617/3261 
s 107
f 2041/1601/3262 2048/1601/3262 2126/1614/3262 
s 108
f 2134/1673/3258 2135/1673/3257 2136/1674/3263 
s 109
f 2137/1674/3260 2136/1674/3263 2135/1673/3257 
s 110
f 2123/1668/3252 2138/1668/3264 2124/1669/3254 
s 111
f 2125/1669/3262 2124/1669/3254 2138/1668/3264 
s 112
f 2129/1617/3263 2064/1617/3263 2139/1616/3170 
s 113
f 2063/1616/3168 2139/1616/3170 2064/1617/3263 
s 114
f 2059/1612/3262 2140/1612/3262 2060/1613/3250 
s 115
f 2122/1613/3251 2060/1613/3250 2140/1612/3262 
s 116
f 2131/1671/3258 2130/1671/3257 2127/1670/3263 
s 117
f 2128/1670/3260 2127/1670/3263 2130/1671/3257 
s 118
f 2141/1675/3252 2142/1675/3264 2143/1676/3254 
s 119
f 2144/1676/3262 2143/1676/3254 2142/1675/3264 
s 120
f 2145/1677/3168 2146/1677/3265 2133/1672/3170 
s 121
f 2132/1672/3259 2133/1672/3170 2146/1677/3265 
s 122
f 2057/1610/3262 2147/1610/3262 2058/1611/3264 
s 123
f 2148/1611/3251 2058/1611/3264 2147/1610/3262 
s 124
f 2149/1678/3258 2150/1678/3257 2151/1679/3168 
s 125
f 2152/1679/3260 2151/1679/3168 2150/1678/3257 
s 126
f 2153/1680/3252 2154/1680/3264 2155/1681/3254 
s 127
f 2156/1681/3266 2155/1681/3254 2154/1680/3264 
s 128
f 2132/1672/3259 2055/1608/3178 2064/1617/3267 
s 129
f 2146/1677/3265 2055/1608/3178 2132/1672/3259 
s 130
f 2052/1607/3268 2055/1608/3178 2146/1677/3265 
s 131
f 2051/1606/3234 2055/1608/3176 2052/1607/3269 
s 132
f 2157/1608/3266 2158/1609/3251 2055/1608/3266 
s 133
f 2056/1609/3264 2055/1608/3266 2158/1609/3251 
s 134
f 2157/1608/3270 2055/1608/3271 2159/1662/3272 
s 135
f 2114/1662/3273 2159/1662/3272 2055/1608/3271 
s 136
f 2160/1682/3274 2161/1682/3274 2162/1683/3274 
s 137
f 2163/1683/3275 2162/1683/3274 2161/1682/3274 
s 138
f 2159/1662/3272 2114/1662/3273 2164/1660/3276 
s 139
f 2112/1660/3276 2164/1660/3276 2114/1662/3273 
s 140
f 2165/1666/3277 2118/1666/3278 2053/1606/3169 
s 141
f 2051/1606/3270 2053/1606/3169 2118/1666/3278 
s 142
f 2166/1644/3279 2093/1644/3280 2167/1641/3281 
s 143
f 2090/1641/3282 2167/1641/3281 2093/1644/3280 
s 144
f 2168/1648/3283 2097/1648/3284 2169/1646/3285 
s 145
f 2095/1646/3286 2169/1646/3285 2097/1648/3284 
s 146
f 2099/1650/3287 2097/1648/3284 2170/1650/3288 
s 147
f 2168/1648/3283 2170/1650/3288 2097/1648/3284 
s 148
f 2066/1619/3180 2077/1630/3189 2067/1620/3181 
s 149
f 2132/1672/3259 2064/1617/3267 2130/1671/3257 
s 150
f 2142/1675/3264 2141/1675/3252 2148/1611/3251 
s 151
f 2058/1611/3264 2148/1611/3251 2141/1675/3252 
s 152
f 2143/1676/3253 2144/1676/3253 2059/1612/3253 
s 153
f 2140/1612/3253 2059/1612/3253 2144/1676/3253 
s 154
f 2141/1675/3252 2143/1676/3254 2058/1611/3255 
s 155
f 2059/1612/3255 2058/1611/3255 2143/1676/3254 
s 156
f 2151/1679/3256 2152/1679/3256 2145/1677/3256 
s 157
f 2146/1677/3256 2145/1677/3256 2152/1679/3256 
s 158
f 2150/1678/3257 2149/1678/3258 2052/1607/3268 
s 159
f 2054/1607/3170 2052/1607/3268 2149/1678/3258 
s 160
f 2152/1679/3260 2150/1678/3257 2146/1677/3265 
s 161
f 2052/1607/3268 2146/1677/3265 2150/1678/3257 
s 162
f 2154/1680/3264 2153/1680/3252 2158/1609/3251 
s 163
f 2056/1609/3264 2158/1609/3251 2153/1680/3252 
s 164
f 2155/1681/3289 2156/1681/3289 2057/1610/3253 
s 165
f 2147/1610/3253 2057/1610/3253 2156/1681/3289 
s 166
f 2153/1680/3252 2155/1681/3254 2056/1609/3255 
s 167
f 2057/1610/3255 2056/1609/3255 2155/1681/3254 
s 168
f 2171/1615/3168 2062/1615/3263 2042/1602/3263 
s 169
f 2046/1602/3263 2042/1602/3263 2062/1615/3263 
s 170
f 2061/1614/3262 2126/1614/3262 2048/1601/3262 
s 171
f 2172/1684/3290 2173/1685/3290 2174/1686/3290 
s 172
f 2175/1687/3290 2174/1686/3290 2173/1685/3290 
s 173
f 2176/1688/3291 2172/1689/3291 2177/1690/3292 
s 174
f 2174/1691/3292 2177/1690/3292 2172/1689/3291 
s 175
f 2178/1692/3293 2176/1688/3293 2179/1693/3293 
s 176
f 2177/1690/3293 2179/1693/3293 2176/1688/3293 
s 177
f 2180/1694/3294 2178/1692/3294 2181/1695/3294 
s 178
f 2179/1693/3294 2181/1695/3294 2178/1692/3294 
s 179
f 2182/1696/3295 2180/1694/3295 2183/1697/3295 
s 180
f 2181/1695/3295 2183/1697/3295 2180/1694/3295 
s 181
f 2184/1698/3296 2182/1696/3296 2185/1699/3296 
s 182
f 2183/1697/3296 2185/1699/3296 2182/1696/3296 
s 183
f 2186/1700/3297 2184/1698/3297 2187/1701/3297 
s 184
f 2185/1699/3297 2187/1701/3297 2184/1698/3297 
s 185
f 2188/1702/3298 2186/1700/3298 2189/1703/3298 
s 186
f 2187/1701/3298 2189/1703/3298 2186/1700/3298 
s 187
f 2190/1704/3299 2188/1702/3299 2191/1705/3299 
s 188
f 2189/1703/3299 2191/1705/3299 2188/1702/3299 
s 189
f 2192/1706/3300 2190/1704/3300 2193/1707/3300 
s 190
f 2191/1705/3300 2193/1707/3300 2190/1704/3300 
s 191
f 2194/1706/3301 2192/1706/3301 2195/1707/3301 
s 192
f 2196/1708/3302 2197/1709/3302 2198/1710/3302 
s 193
f 2199/1711/3303 2198/1712/3304 2200/1713/3303 
s 194
f 2197/1714/3304 2200/1713/3303 2198/1712/3304 
s 195
f 2201/1715/3305 2199/1711/3303 2202/1716/3305 
s 196
f 2200/1713/3303 2202/1716/3305 2199/1711/3303 
s 197
f 2203/1715/3306 2201/1715/3306 2204/1716/3306 
s 198
f 2202/1716/3306 2204/1716/3306 2201/1715/3306 
s 199
f 2195/1707/3307 2203/1715/3307 2194/1706/3307 
s 200
f 2204/1716/3307 2194/1706/3307 2203/1715/3307 
s 201
f 2193/1707/3301 2195/1707/3301 2192/1706/3301 
s 202
f 2205/1717/3308 2206/1718/3309 2207/1719/3308 
s 203
f 2208/1720/3309 2207/1719/3308 2206/1718/3309 
s 204
f 2209/1721/3310 2205/1717/3308 2210/1722/3310 
s 205
f 2207/1719/3308 2210/1722/3310 2205/1717/3308 
s 206
f 2211/1723/3311 2209/1721/3310 2212/1724/3311 
s 207
f 2210/1722/3310 2212/1724/3311 2209/1721/3310 
s 208
f 2173/1725/3312 2211/1723/3311 2175/1726/3312 
s 209
f 2212/1724/3311 2175/1726/3312 2211/1723/3311 
s 210
f 2175/1727/3313 2179/1728/3313 2174/1729/3313 
s 211
f 2177/1730/3263 2174/1729/3263 2179/1728/3263 
s 212
f 2212/1731/3314 2179/1728/3315 2175/1727/3316 
s 213
f 2181/1732/3317 2179/1728/3315 2212/1731/3314 
s 214
f 2185/1733/3168 2183/1734/3168 2187/1735/3168 
s 215
f 2181/1732/3263 2187/1735/3168 2183/1734/3168 
s 216
f 2195/1736/3318 2193/1737/3168 2189/1738/3168 
s 217
f 2191/1739/3168 2189/1738/3168 2193/1737/3168 
s 218
f 2189/1738/3263 2187/1735/3263 2195/1736/3318 
s 219
f 2187/1735/3263 2181/1732/3317 2195/1736/3318 
s 220
f 2195/1736/3318 2181/1732/3317 2210/1740/3319 
s 221
f 2210/1740/3319 2181/1732/3317 2212/1731/3314 
s 222
f 2195/1736/3318 2210/1740/3319 2203/1741/3320 
s 223
f 2196/1742/3321 2198/1743/3322 2208/1744/3323 
s 224
f 2204/1741/3324 2200/1745/3325 2205/1746/3326 
s 225
f 2209/1740/3327 2204/1741/3328 2205/1746/3326 
s 226
f 2202/1747/3262 2200/1745/3262 2204/1741/3324 
s 227
f 2205/1746/3326 2197/1743/3329 2206/1744/3330 
s 228
f 2197/1743/3331 2196/1742/3321 2206/1744/3330 
s 229
f 2201/1747/3168 2198/1743/3332 2199/1745/3168 
s 230
f 2203/1741/3320 2198/1743/3332 2201/1747/3263 
s 231
f 2207/1746/3333 2198/1743/3322 2203/1741/3320 
s 232
f 2210/1740/3319 2207/1746/3333 2203/1741/3320 
s 233
f 2208/1744/3323 2198/1743/3332 2207/1746/3333 
s 234
f 2205/1746/3326 2200/1745/3325 2197/1743/3331 
s 235
f 2188/1738/3262 2194/1736/3334 2186/1735/3262 
s 236
f 2180/1732/3266 2186/1735/3262 2178/1728/3262 
s 237
f 2186/1735/3262 2194/1736/3334 2178/1728/3262 
s 238
f 2172/1729/3335 2178/1728/3336 2173/1727/3336 
s 239
f 2173/1727/3337 2178/1728/3338 2211/1731/3339 
s 240
f 2178/1728/3338 2194/1736/3334 2211/1731/3339 
s 241
f 2194/1736/3334 2204/1741/3328 2211/1731/3339 
s 242
f 2204/1741/3324 2209/1740/3327 2211/1731/3339 
s 243
f 2176/1730/3262 2178/1728/3338 2172/1729/3335 
s 244
f 2184/1733/3266 2186/1735/3266 2182/1734/3266 
s 245
f 2180/1732/3266 2182/1734/3266 2186/1735/3262 
s 246
f 2190/1739/3266 2192/1737/3266 2188/1738/3266 
s 247
f 2194/1736/3334 2188/1738/3266 2192/1737/3266 
s 248
f 2213/1748/3340 2214/1749/3341 2215/1750/3342 
s 249
f 2216/1751/3343 2215/1750/3342 2214/1749/3341 
s 250
f 2217/1748/3344 2218/1750/3345 2219/1749/3346 
s 251
f 2220/1751/3347 2219/1749/3346 2218/1750/3345 
s 252
f 2215/1750/3348 2216/1751/3348 2218/1752/3348 
s 253
f 2220/1753/3348 2218/1752/3348 2216/1751/3348 
s 254
f 2214/1749/3349 2213/1748/3349 2219/1754/3349 
s 255
f 2217/1755/3349 2219/1754/3349 2213/1748/3349 
s 256
f 2221/1756/3350 2222/1756/3280 2223/1757/3351 
s 257
f 2224/1758/3276 2225/1758/3352 2226/1759/3353 
s 258
f 2227/1759/3354 2226/1759/3353 2225/1758/3352 
s 259
f 2228/1642/3280 2091/1642/3280 2165/1666/3277 
s 260
f 2118/1666/3278 2165/1666/3277 2091/1642/3280 
s 261
f 2229/1760/3355 2230/1760/3356 2079/1632/3191 
s 262
f 2085/1632/3357 2079/1632/3357 2230/1760/3357 
s 263
f 2231/1761/3358 2229/1760/3355 2081/1634/3358 
s 264
f 2079/1632/3191 2081/1634/3194 2229/1760/3355 
s 265
f 2232/1761/3359 2231/1761/3359 2233/1634/3360 
s 266
f 2081/1634/3361 2233/1634/3360 2231/1761/3361 
s 267
f 2234/1762/3362 2235/1762/3363 2121/1667/3364 
s 268
f 2236/1667/3365 2121/1667/3364 2235/1762/3363 
s 269
f 2237/1763/3366 2234/1762/3367 2087/1638/3203 
s 270
f 2121/1667/3248 2087/1638/3203 2234/1762/3367 
s 271
f 2238/1763/3368 2237/1763/3366 2086/1638/3369 
s 272
f 2087/1638/3203 2086/1638/3370 2237/1763/3366 
s 273
f 2230/1760/3371 2229/1760/3355 2232/1761/3371 
s 274
f 2231/1761/3371 2232/1761/3371 2229/1760/3355 
s 275
f 2237/1763/3366 2238/1763/3368 2234/1762/3367 
s 276
f 2235/1762/3202 2234/1762/3367 2238/1763/3368 
s 277
f 2105/1653/3221 2106/1654/3222 2067/1620/3181 
s 278
f 2068/1621/3182 2065/1618/3179 2109/1657/3226 
s 279
f 2106/1654/3222 2109/1657/3226 2065/1618/3179 
s 280
f 2069/1622/3182 2068/1621/3182 2111/1659/3228 
s 281
f 2109/1657/3226 2111/1659/3228 2068/1621/3182 
s 282
f 2070/1623/3183 2069/1622/3182 2113/1661/3230 
s 283
f 2111/1659/3228 2113/1661/3230 2069/1622/3182 
s 284
f 2071/1624/3184 2070/1623/3183 2115/1663/3232 
s 285
f 2113/1661/3230 2115/1663/3232 2070/1623/3183 
s 286
f 2072/1625/3184 2071/1624/3184 2116/1664/3232 
s 287
f 2115/1663/3232 2116/1664/3232 2071/1624/3184 
s 288
f 2075/1628/3187 2072/1625/3184 2117/1665/3235 
s 289
f 2116/1664/3232 2117/1665/3235 2072/1625/3184 
s 290
f 2074/1627/3186 2075/1628/3187 2089/1640/3205 
s 291
f 2117/1665/3235 2089/1640/3205 2075/1628/3187 
s 292
f 2073/1626/3185 2074/1627/3186 2088/1639/3205 
s 293
f 2089/1640/3205 2088/1639/3205 2074/1627/3186 
s 294
f 2066/1619/3180 2073/1626/3185 2092/1643/3207 
s 295
f 2088/1639/3205 2092/1643/3207 2073/1626/3185 
s 296
f 2076/1629/3188 2066/1619/3180 2094/1645/3208 
s 297
f 2092/1643/3207 2094/1645/3208 2066/1619/3180 
s 298
f 2107/1655/3372 2239/1655/3373 2163/1683/3275 
s 299
f 2239/1655/3373 2107/1655/3372 2170/1650/3288 
s 300
f 2099/1650/3374 2170/1650/3288 2107/1655/3372 
s 301
f 2240/1764/3375 2241/1764/3376 2242/1765/3377 
s 302
f 2243/1765/3377 2242/1765/3377 2241/1764/3376 
s 303
f 2244/1757/3378 2223/1757/3351 2222/1756/3280 
s 304
f 2108/1656/3276 2245/1656/3379 2110/1658/3353 
s 305
f 2246/1658/3380 2110/1658/3353 2245/1656/3379 
s 306
f 2110/1658/3353 2246/1658/3380 2227/1759/3354 
s 307
f 2226/1759/3353 2227/1759/3354 2246/1658/3380 
s 308
f 2112/1660/3229 2110/1658/3381 2225/1758/3352 
s 309
f 2227/1759/3354 2225/1758/3352 2110/1658/3381 
s 310
f 2164/1660/3382 2112/1660/3382 2224/1758/3382 
s 311
f 2225/1758/3382 2224/1758/3382 2112/1660/3382 
s 312
f 2091/1642/3383 2228/1642/3383 2221/1756/3383 
s 313
f 2222/1756/3383 2221/1756/3383 2228/1642/3383 
s 314
f 2090/1641/3384 2091/1642/3384 2223/1757/3351 
s 315
f 2221/1756/3350 2223/1757/3351 2091/1642/3384 
s 316
f 2167/1641/3281 2090/1641/3282 2244/1757/3378 
s 317
f 2223/1757/3351 2244/1757/3378 2090/1641/3282 
s 318
f 2206/1718/3309 2196/1766/3385 2208/1720/3309 
s 319
f 2233/1634/3386 2081/1634/3194 2247/1635/3387 
s 320
f 2082/1635/3388 2247/1635/3387 2081/1634/3194 
s 321
f 2121/1667/3248 2236/1667/3389 2082/1635/3247 
s 322
f 2247/1635/3390 2082/1635/3247 2236/1667/3389 
s 323
f 2136/1674/3256 2137/1674/3256 2171/1615/3256 
s 324
f 2062/1615/3256 2171/1615/3256 2137/1674/3256 
s 325
f 2135/1673/3257 2134/1673/3258 2063/1616/3177 
s 326
f 2139/1616/3170 2063/1616/3177 2134/1673/3258 
s 327
f 2137/1674/3260 2135/1673/3257 2062/1615/3175 
s 328
f 2063/1616/3177 2062/1615/3175 2135/1673/3257 
s 329
f 2138/1668/3264 2123/1668/3252 2122/1613/3251 
s 330
f 2241/1764/3376 2240/1764/3375 2095/1646/3286 
s 331
f 2169/1646/3285 2095/1646/3286 2240/1764/3375 
s 332
f 2243/1765/3391 2241/1764/3376 2093/1644/3392 
s 333
f 2095/1646/3393 2093/1644/3392 2241/1764/3376 
s 334
f 2242/1765/3394 2243/1765/3394 2166/1644/3279 
s 335
f 2093/1644/3394 2166/1644/3279 2243/1765/3394 
s 336
f 2161/1682/3395 2160/1682/3395 2108/1656/3396 
s 337
f 2245/1656/3379 2108/1656/3396 2160/1682/3395 
s 338
f 2163/1683/3275 2161/1682/3397 2107/1655/3398 
s 339
f 2108/1656/3396 2107/1655/3398 2161/1682/3397 
s 340
f 2162/1683/3399 2163/1683/3275 2239/1655/3373 
s 1
f 2248/1767/3400 2249/1768/3401 2250/1769/3402 
s 2
f 2251/1770/3403 2252/1771/3404 2253/1772/3405 
s 3
f 2254/1773/3406 2255/1774/3407 2256/1775/3408 
s 4
f 2257/1776/3409 2258/1777/3410 2259/1778/3411 
s 5
f 2260/1779/3412 2261/1780/3413 2257/1776/3409 
s 6
f 2262/1781/3414 2263/1782/3415 2264/1783/3416 
s 7
f 2262/1781/3414 2260/1779/3412 2263/1782/3415 
s 8
f 2262/1781/3417 2264/1783/3416 2265/1784/3417 
s 9
f 2266/1785/3418 2256/1775/3408 2251/1770/3403 
s 10
f 2267/1786/3419 2268/1787/3420 2269/1788/3421 
s 11
f 2268/1787/3420 2267/1786/3419 2270/1789/3422 
s 12
f 2271/1790/3423 2272/1791/3424 2273/1792/3425 
s 13
f 2266/1785/3418 2251/1770/3403 2274/1793/3426 
s 14
f 2264/1783/3416 2275/1794/3427 2274/1793/3428 
s 15
f 2264/1795/3429 2274/1796/3429 2265/1797/3430 
s 16
f 2274/1793/3431 2251/1770/3431 2276/1798/3431 
s 17
f 2274/1796/3432 2276/1799/3433 2277/1800/3433 
s 18
f 2265/1797/3430 2274/1796/3432 2278/1801/3432 
s 19
f 2279/1802/3434 2255/1774/3407 2280/1803/3435 
s 20
f 2279/1802/3434 2280/1803/3435 2281/1804/3436 
s 21
f 2282/1805/3437 2279/1802/3434 2281/1804/3436 
s 22
f 2282/1805/3437 2281/1804/3436 2283/1806/3438 
s 23
f 2284/1807/3439 2282/1805/3437 2283/1806/3438 
s 24
f 2285/1808/3440 2286/1809/3441 2287/1810/3442 
s 25
f 2288/1811/3443 2286/1809/3441 2285/1808/3440 
s 26
f 2288/1811/3443 2289/1812/3444 2286/1809/3441 
s 27
f 2290/1813/3445 2288/1811/3443 2285/1808/3440 
s 28
f 2291/1814/3446 2292/1815/3447 2293/1816/3448 
s 29
f 2294/1817/3449 2292/1815/3447 2291/1814/3446 
s 30
f 2266/1785/3450 2259/1778/3411 2256/1775/3408 
s 31
f 2254/1773/3406 2261/1780/3413 2260/1779/3412 
s 32
f 2257/1776/3451 2261/1780/3451 2258/1777/3451 
s 33
f 2249/1768/3401 2267/1786/3419 2250/1769/3402 
s 34
f 2295/1818/3452 2296/1819/3453 2253/1772/3405 
s 35
f 2252/1771/3454 2297/1820/3455 2295/1818/3452 
s 36
f 2298/1821/3456 2297/1820/3455 2252/1771/3456 
s 37
f 2298/1821/3457 2252/1771/3458 2251/1770/3403 
s 38
f 2284/1807/3439 2299/1822/3459 2300/1823/3460 
s 39
f 2284/1807/3439 2300/1823/3460 2301/1824/3461 
s 40
f 2282/1805/3437 2284/1807/3439 2301/1824/3461 
s 41
f 2282/1805/3437 2301/1824/3461 2302/1825/3462 
s 42
f 2279/1802/3434 2282/1805/3437 2302/1825/3462 
s 43
f 2279/1802/3434 2302/1825/3462 2256/1775/3408 
s 44
f 2255/1774/3407 2279/1802/3434 2256/1775/3408 
s 45
f 2301/1824/3461 2300/1823/3460 2272/1791/3424 
s 46
f 2251/1770/3403 2253/1772/3405 2276/1798/3463 
s 47
f 2256/1775/3408 2298/1821/3457 2251/1770/3403 
s 48
f 2303/1826/3464 2304/1827/3465 2305/1828/3466 
s 49
f 2306/1829/3467 2271/1790/3423 2273/1792/3425 
s 50
f 2268/1787/3420 2307/1830/3468 2269/1788/3421 
s 51
f 2308/1831/3469 2309/1832/3470 2310/1833/3471 
s 52
f 2306/1829/3467 2273/1792/3425 2305/1828/3466 
s 53
f 2294/1817/3449 2311/1834/3472 2292/1815/3447 
s 54
f 2287/1810/3442 2311/1834/3472 2294/1817/3449 
s 55
f 2287/1810/3442 2312/1835/3473 2311/1834/3472 
s 56
f 2313/1836/3474 2294/1817/3449 2291/1814/3446 
s 57
f 2285/1808/3440 2294/1817/3449 2313/1836/3474 
s 58
f 2285/1808/3440 2287/1810/3442 2294/1817/3449 
s 59
f 2290/1813/3445 2285/1808/3440 2313/1836/3474 
s 60
f 2314/1837/3475 2315/1838/3476 2316/1839/3477 
s 61
f 2317/1840/3478 2314/1837/3475 2316/1839/3477 
s 62
f 2317/1840/3478 2316/1839/3477 2318/1841/3479 
s 63
f 2319/1842/3480 2317/1840/3478 2318/1841/3479 
s 64
f 2320/1843/3481 2314/1837/3481 2317/1840/3481 
s 65
f 2303/1826/3482 2305/1828/3466 2321/1844/3483 
s 66
f 2307/1830/3468 2308/1831/3469 2269/1788/3421 
s 67
f 2269/1788/3421 2277/1845/3484 2322/1846/3485 
s 68
f 2277/1845/3484 2269/1788/3421 2308/1831/3469 
s 69
f 2322/1846/3485 2323/1847/3486 2250/1769/3402 
s 70
f 2323/1847/3486 2322/1846/3485 2277/1848/3487 
s 71
f 2250/1769/3402 2267/1786/3488 2269/1788/3421 
s 72
f 2284/1807/3439 2283/1806/3438 2324/1849/3489 
s 73
f 2299/1822/3459 2284/1807/3439 2324/1849/3489 
s 74
f 2281/1804/3436 2280/1803/3435 2325/1850/3490 
s 75
f 2281/1804/3436 2325/1850/3490 2326/1851/3491 
s 76
f 2283/1806/3438 2281/1804/3436 2326/1851/3491 
s 77
f 2283/1806/3438 2326/1851/3491 2327/1852/3492 
s 78
f 2324/1849/3489 2283/1806/3438 2327/1852/3492 
s 79
f 2326/1851/3491 2325/1850/3490 2328/1853/3493 
s 80
f 2326/1851/3491 2328/1853/3493 2329/1854/3494 
s 81
f 2327/1852/3492 2326/1851/3491 2329/1854/3494 
s 82
f 2329/1854/3494 2328/1853/3493 2330/1855/3495 
s 83
f 2262/1781/3414 2331/1856/3496 2332/1857/3497 
s 84
f 2260/1779/3412 2262/1781/3414 2332/1857/3497 
s 85
f 2260/1779/3412 2332/1857/3497 2333/1858/3498 
s 86
f 2276/1859/3499 2248/1767/3500 2323/1847/3486 
s 87
f 2333/1858/3498 2332/1857/3497 2334/1860/3501 
s 88
f 2333/1858/3498 2334/1860/3501 2325/1850/3490 
s 89
f 2280/1803/3435 2333/1858/3498 2325/1850/3490 
s 90
f 2334/1860/3501 2335/1861/3502 2336/1862/3503 
s 91
f 2334/1860/3501 2336/1862/3503 2328/1853/3493 
s 92
f 2325/1850/3490 2334/1860/3501 2328/1853/3493 
s 93
f 2328/1853/3493 2336/1862/3503 2330/1863/3504 
s 94
f 2337/1864/3505 2338/1865/3506 2339/1866/3507 
s 95
f 2278/1867/3508 2340/1868/3509 2338/1865/3506 
s 96
f 2302/1869/3510 2295/1870/3511 2297/1871/3512 
s 97
f 2302/1869/3510 2341/1872/3513 2295/1870/3511 
s 98
f 2341/1872/3513 2342/1873/3514 2295/1870/3511 
s 99
f 2341/1872/3513 2271/1874/3515 2342/1873/3514 
s 100
f 2342/1873/3514 2271/1874/3515 2270/1875/3516 
s 101
f 2295/1870/3511 2342/1873/3514 2343/1876/3517 
s 102
f 2295/1870/3511 2343/1876/3517 2296/1877/3518 
s 103
f 2343/1876/3517 2342/1873/3514 2270/1875/3516 
s 104
f 2270/1875/3516 2344/1878/3519 2268/1879/3520 
s 105
f 2309/1880/3521 2306/1881/3522 2305/1882/3523 
s 106
f 2309/1880/3521 2305/1882/3523 2304/1883/3524 
s 107
f 2309/1880/3521 2344/1878/3519 2306/1881/3522 
s 108
f 2344/1878/3519 2271/1874/3515 2306/1881/3522 
s 109
f 2270/1875/3516 2271/1874/3515 2344/1878/3519 
s 110
f 2345/1884/3525 2319/1842/3480 2346/1885/3526 
s 111
f 2345/1884/3525 2346/1885/3526 2347/1886/3527 
s 112
f 2348/1887/3528 2319/1842/3480 2345/1884/3525 
s 113
f 2349/1888/3529 2350/1889/3530 2318/1841/3479 
s 114
f 2349/1888/3529 2318/1841/3479 2316/1839/3477 
s 115
f 2351/1890/3531 2349/1888/3529 2316/1839/3477 
s 116
f 2352/1891/3532 2353/1892/3533 2354/1893/3534 
s 117
f 2355/1894/3535 2353/1892/3533 2352/1891/3532 
s 118
f 2347/1886/3527 2356/1895/3536 2357/1896/3537 
s 119
f 2347/1886/3527 2346/1885/3526 2356/1895/3536 
s 120
f 2358/1897/3538 2359/1898/3539 2360/1899/3540 
s 121
f 2361/1900/3541 2360/1899/3540 2359/1898/3539 
s 122
f 2359/1898/3539 2362/1901/3542 2361/1900/3541 
s 123
f 2363/1902/3543 2361/1900/3541 2362/1901/3542 
s 124
f 2362/1897/3544 2364/1903/3544 2363/1899/3544 
s 125
f 2360/1899/3540 2365/1903/3545 2358/1897/3538 
s 126
f 2362/1901/3542 2366/1900/3546 2364/1902/3547 
s 127
f 2360/1899/3540 2361/1900/3541 2367/1904/3548 
s 128
f 2368/1904/3549 2366/1900/3546 2365/1899/3550 
s 129
f 2366/1900/3546 2368/1904/3549 2369/1905/3551 
s 130
f 2369/1905/3551 2364/1902/3547 2366/1900/3546 
s 131
f 2364/1902/3547 2369/1905/3551 2370/1906/3552 
s 132
f 2365/1899/3550 2359/1898/3539 2358/1897/3538 
s 133
f 2359/1898/3539 2365/1899/3550 2366/1900/3546 
s 134
f 2366/1900/3546 2362/1901/3542 2359/1898/3539 
s 135
f 2367/1907/3553 2368/1908/3553 2360/1909/3553 
s 136
f 2365/1910/3553 2360/1909/3553 2368/1908/3553 
s 137
f 2370/1911/3554 2371/1912/3554 2364/1913/3554 
s 138
f 2363/1914/3554 2364/1913/3554 2371/1912/3554 
s 139
f 2371/1906/3555 2372/1905/3556 2363/1902/3543 
s 140
f 2361/1900/3541 2363/1902/3543 2372/1905/3556 
s 141
f 2372/1905/3556 2367/1904/3548 2361/1900/3541 
s 142
f 2268/1879/3520 2309/1880/3521 2307/1915/3557 
s 143
f 2268/1879/3520 2344/1878/3519 2309/1880/3521 
s 144
f 2373/1916/3558 2357/1896/3537 2356/1895/3536 
s 145
f 2374/1917/3559 2373/1916/3558 2356/1895/3536 
s 146
f 2374/1917/3559 2356/1895/3536 2375/1918/3560 
s 147
f 2350/1889/3530 2374/1917/3559 2375/1918/3560 
s 148
f 2350/1889/3530 2375/1918/3560 2318/1841/3479 
s 149
f 2376/1919/3561 2373/1916/3558 2374/1917/3559 
s 150
f 2377/1920/3562 2376/1919/3561 2374/1917/3559 
s 151
f 2355/1894/3535 2312/1835/3473 2353/1892/3533 
s 152
f 2378/1921/3563 2312/1835/3473 2355/1894/3535 
s 153
f 2379/1922/3564 2355/1894/3535 2352/1891/3532 
s 154
f 2378/1921/3563 2355/1894/3535 2379/1922/3564 
s 155
f 2380/1923/3565 2378/1921/3563 2379/1922/3564 
s 156
f 2378/1921/3563 2311/1834/3472 2312/1835/3473 
s 157
f 2381/1924/3566 2311/1834/3472 2378/1921/3563 
s 158
f 2381/1924/3566 2292/1815/3447 2311/1834/3472 
s 159
f 2382/1925/3567 2292/1815/3447 2381/1924/3566 
s 160
f 2382/1925/3567 2293/1816/3568 2292/1815/3447 
s 161
f 2383/1926/3569 2381/1924/3566 2378/1921/3563 
s 162
f 2383/1926/3569 2382/1925/3567 2381/1924/3566 
s 163
f 2380/1923/3565 2383/1926/3569 2378/1921/3563 
s 164
f 2286/1809/3441 2312/1835/3473 2287/1810/3442 
s 165
f 2286/1809/3441 2353/1892/3533 2312/1835/3473 
s 166
f 2289/1812/3444 2353/1892/3533 2286/1809/3441 
s 167
f 2289/1812/3444 2354/1893/3534 2353/1892/3533 
s 168
f 2346/1885/3526 2375/1918/3560 2356/1895/3536 
s 169
f 2346/1885/3526 2319/1842/3480 2375/1918/3560 
s 170
f 2319/1842/3480 2318/1841/3479 2375/1918/3560 
s 171
f 2348/1887/3528 2320/1843/3570 2319/1842/3480 
s 172
f 2319/1842/3480 2320/1843/3570 2317/1840/3478 
s 173
f 2275/1794/3427 2266/1785/3418 2274/1793/3426 
s 174
f 2302/1825/3462 2297/1820/3455 2298/1821/3571 
s 175
f 2301/1824/3461 2271/1790/3423 2341/1927/3572 
s 176
f 2249/1768/3401 2296/1819/3453 2343/1928/3573 
s 177
f 2252/1771/3454 2295/1818/3452 2253/1772/3405 
s 178
f 2302/1825/3462 2301/1824/3461 2341/1927/3572 
s 179
f 2249/1768/3401 2343/1928/3573 2267/1786/3574 
s 180
f 2270/1789/3575 2267/1786/3574 2343/1928/3573 
s 181
f 2301/1824/3461 2272/1791/3576 2271/1790/3423 
s 182
f 2256/1775/3408 2302/1825/3462 2298/1821/3571 
s 183
f 2249/1768/3401 2253/1772/3405 2296/1819/3453 
s 184
f 2248/1767/3500 2276/1798/3463 2249/1768/3401 
s 185
f 2253/1772/3405 2249/1768/3401 2276/1798/3463 
s 186
f 2250/1769/3402 2323/1847/3486 2248/1767/3500 
s 187
f 2351/1890/3531 2316/1839/3477 2315/1838/3476 
s 188
f 2377/1920/3562 2350/1889/3530 2349/1888/3529 
s 189
f 2384/1929/3577 2377/1920/3562 2349/1888/3529 
s 190
f 2384/1929/3577 2349/1888/3529 2351/1890/3531 
s 191
f 2385/1930/3578 2377/1920/3562 2384/1929/3577 
s 192
f 2308/1831/3469 2310/1833/3579 2386/1931/3580 
s 193
f 2321/1844/3483 2387/1932/3581 2388/1933/3582 
s 194
f 2337/1864/3505 2339/1866/3507 2389/1934/3583 
s 195
f 2339/1866/3507 2390/1935/3584 2389/1934/3583 
s 196
f 2265/1936/3585 2337/1864/3505 2389/1934/3583 
s 197
f 2265/1936/3585 2389/1934/3583 2262/1937/3586 
s 198
f 2386/1931/3580 2321/1844/3483 2340/1868/3509 
s 199
f 2377/1920/3562 2374/1917/3559 2350/1889/3530 
s 200
f 2385/1930/3578 2376/1919/3561 2377/1920/3562 
s 201
f 2390/1935/3584 2339/1866/3507 2338/1865/3506 
s 202
f 2388/1933/3582 2390/1935/3584 2338/1865/3506 
s 203
f 2388/1933/3582 2338/1865/3506 2340/1868/3509 
s 204
f 2321/1844/3483 2388/1933/3582 2340/1868/3509 
s 205
f 2263/1782/3415 2275/1794/3427 2264/1783/3416 
s 206
f 2263/1782/3415 2260/1779/3412 2257/1776/3409 
s 207
f 2259/1778/3411 2266/1785/3418 2257/1776/3409 
s 208
f 2275/1794/3427 2257/1776/3409 2266/1785/3587 
s 209
f 2261/1780/3413 2254/1773/3406 2258/1777/3410 
s 210
f 2256/1775/3408 2258/1777/3410 2254/1773/3406 
s 211
f 2257/1776/3409 2275/1794/3427 2263/1782/3415 
s 212
f 2258/1777/3410 2256/1775/3408 2259/1778/3411 
s 213
f 2327/1938/3588 2391/1939/3589 2324/1849/3489 
s 214
f 2392/1940/3590 2393/1941/3591 2394/1942/3592 
s 215
f 2395/1943/3593 2396/1944/3594 2397/1945/3595 
s 216
f 2398/1946/3596 2399/1946/3597 2400/1944/3598 
s 217
f 2396/1944/3594 2400/1944/3598 2399/1946/3597 
s 218
f 2401/1945/3599 2398/1946/3596 2402/1943/3600 
s 219
f 2400/1944/3598 2402/1943/3600 2398/1946/3596 
s 220
f 2403/1947/3601 2401/1945/3602 2404/1948/3603 
s 221
f 2402/1943/3600 2404/1948/3603 2401/1945/3602 
s 222
f 2405/1948/3604 2404/1948/3603 2406/1949/3605 
s 223
f 2407/1949/3606 2406/1949/3605 2404/1948/3603 
s 224
f 2408/1950/3607 2389/1934/3583 2390/1935/3584 
s 225
f 2409/1951/3608 2408/1950/3607 2390/1935/3584 
s 226
f 2409/1951/3608 2390/1935/3584 2388/1933/3582 
s 227
f 2410/1952/3609 2409/1951/3608 2388/1933/3582 
s 228
f 2410/1952/3609 2388/1933/3582 2387/1932/3581 
s 229
f 2335/1953/3610 2331/1954/3611 2408/1950/3607 
s 230
f 2411/1955/3612 2335/1953/3613 2408/1950/3607 
s 231
f 2411/1955/3612 2408/1950/3607 2409/1951/3608 
s 232
f 2393/1941/3591 2411/1955/3612 2409/1951/3608 
s 233
f 2393/1941/3591 2409/1951/3608 2410/1952/3609 
s 234
f 2336/1956/3614 2335/1953/3610 2411/1955/3612 
s 235
f 2392/1940/3590 2336/1956/3614 2411/1955/3612 
s 236
f 2392/1940/3590 2411/1955/3612 2393/1941/3591 
s 237
f 2330/1957/3615 2336/1956/3614 2392/1940/3615 
s 238
f 2250/1769/3402 2269/1788/3421 2322/1846/3485 
s 239
f 2412/1947/3601 2413/1943/3600 2414/1948/3603 
s 240
f 2415/1944/3598 2416/1945/3616 2417/1946/3617 
s 241
f 2416/1945/3616 2415/1944/3598 2413/1943/3600 
s 242
f 2278/1867/3508 2386/1931/3580 2340/1868/3509 
s 243
f 2278/1867/3618 2338/1865/3506 2337/1864/3505 
s 244
f 2265/1797/3430 2278/1801/3619 2337/1958/3619 
s 245
f 2277/1845/3620 2386/1931/3580 2278/1867/3618 
s 246
f 2323/1959/3621 2277/1800/3433 2276/1799/3433 
s 247
f 2277/1800/3433 2278/1801/3432 2274/1796/3432 
s 248
f 2410/1952/3609 2387/1932/3581 2418/1960/3622 
s 249
f 2419/1961/3623 2410/1952/3609 2418/1960/3622 
s 250
f 2419/1961/3623 2418/1960/3622 2420/1962/3624 
s 251
f 2391/1939/3589 2419/1961/3623 2420/1962/3624 
s 252
f 2391/1939/3589 2420/1962/3624 2421/1963/3625 
s 253
f 2324/1849/3489 2391/1939/3589 2421/1963/3625 
s 254
f 2324/1849/3489 2421/1963/3625 2299/1822/3459 
s 255
f 2393/1941/3591 2410/1952/3609 2419/1961/3623 
s 256
f 2394/1942/3592 2393/1941/3626 2419/1961/3623 
s 257
f 2394/1942/3592 2419/1961/3623 2391/1939/3589 
s 258
f 2327/1938/3627 2394/1942/3592 2391/1939/3589 
s 259
f 2422/1964/3628 2423/1965/3629 2424/1966/3630 
s 260
f 2425/1967/3631 2422/1964/3628 2426/1968/3632 
s 261
f 2425/1967/3631 2423/1965/3629 2422/1964/3628 
s 262
f 2427/1969/3633 2428/1970/3634 2429/1971/3633 
s 263
f 2329/1972/3635 2392/1940/3590 2394/1942/3592 
s 264
f 2329/1972/3635 2394/1942/3592 2327/1938/3627 
s 265
f 2330/1973/3636 2392/1940/3636 2329/1972/3636 
s 266
f 2331/1954/3611 2262/1937/3637 2389/1934/3583 
s 267
f 2408/1950/3607 2331/1954/3611 2389/1934/3583 
s 268
f 2430/1974/3638 2428/1970/3634 2427/1969/3639 
s 269
f 2430/1974/3638 2431/1975/3640 2428/1970/3634 
s 270
f 2431/1976/3641 2424/1977/3641 2423/1978/3641 
s 271
f 2424/1977/3641 2431/1976/3641 2430/1979/3641 
s 272
f 2428/1980/3642 2423/1978/3643 2425/1981/3644 
s 273
f 2423/1978/3643 2428/1980/3642 2431/1976/3645 
s 274
f 2429/1982/3646 2425/1981/3644 2426/1983/3647 
s 275
f 2425/1981/3644 2429/1982/3646 2428/1980/3642 
s 276
f 2427/1984/3648 2426/1983/3649 2422/1985/3650 
s 277
f 2426/1983/3649 2427/1984/3651 2429/1982/3646 
s 278
f 2430/1979/3652 2422/1985/3650 2424/1977/3653 
s 279
f 2422/1985/3650 2430/1979/3652 2427/1984/3648 
s 280
f 2432/1986/3654 2412/1987/3654 2433/1988/3654 
s 281
f 2416/1989/3654 2434/1990/3654 2417/1991/3654 
s 282
f 2416/1989/3654 2432/1986/3654 2434/1990/3654 
s 283
f 2416/1989/3654 2412/1987/3654 2432/1986/3654 
s 284
f 2414/1948/3603 2433/1947/3655 2412/1947/3601 
s 285
f 2433/1947/3655 2414/1948/3603 2435/1948/3604 
s 286
f 2413/1943/3600 2412/1947/3601 2416/1945/3616 
s 287
f 2436/1992/3656 2437/1993/3657 2438/1994/3658 
s 288
f 2437/1993/3657 2436/1992/3656 2439/1995/3659 
s 289
f 2440/1996/3660 2438/1994/3658 2441/1949/3605 
s 290
f 2438/1994/3658 2440/1996/3660 2436/1992/3656 
s 291
f 2442/1966/3661 2443/1965/3662 2444/1964/3663 
s 292
f 2445/1968/3664 2444/1964/3663 2446/1967/3665 
s 293
f 2444/1964/3663 2443/1965/3662 2446/1967/3665 
s 294
f 2447/1971/3666 2448/1970/3667 2449/1969/3668 
s 295
f 2449/1969/3668 2448/1970/3667 2450/1974/3669 
s 296
f 2448/1970/3667 2451/1975/3670 2450/1974/3669 
s 297
f 2443/1978/3671 2442/1977/3671 2451/1976/3671 
s 298
f 2450/1979/3671 2451/1976/3671 2442/1977/3671 
s 299
f 2446/1981/3672 2443/1978/3673 2448/1980/3674 
s 300
f 2451/1976/3675 2448/1980/3674 2443/1978/3673 
s 301
f 2445/1983/3676 2446/1981/3672 2447/1982/3677 
s 302
f 2448/1980/3674 2447/1982/3677 2446/1981/3672 
s 303
f 2444/1985/3678 2445/1983/3679 2449/1984/3680 
s 304
f 2452/1944/3594 2417/1946/3617 2434/1946/3597 
s 305
f 2417/1946/3617 2452/1944/3594 2415/1944/3598 
s 306
f 2453/1943/3593 2434/1946/3597 2432/1945/3681 
s 307
f 2434/1946/3597 2453/1943/3593 2452/1944/3594 
s 308
f 2435/1948/3604 2432/1945/3681 2433/1947/3655 
s 309
f 2432/1945/3681 2435/1948/3604 2453/1943/3593 
s 310
f 2454/1949/3606 2435/1948/3604 2414/1948/3603 
s 311
f 2308/1831/3469 2307/1830/3468 2309/1832/3470 
s 312
f 2309/1832/3470 2304/1827/3465 2310/1833/3471 
s 313
f 2310/1833/3682 2304/1827/3465 2303/1826/3682 
s 314
f 2386/1931/3580 2310/1833/3683 2303/1826/3684 
s 315
f 2300/1823/3460 2299/1822/3459 2421/1963/3625 
s 316
f 2273/1792/3425 2300/1823/3460 2421/1963/3625 
s 317
f 2273/1792/3425 2421/1963/3625 2420/1962/3624 
s 318
f 2305/1828/3466 2273/1792/3425 2420/1962/3624 
s 319
f 2305/1828/3466 2420/1962/3624 2418/1960/3622 
s 320
f 2321/1844/3483 2305/1828/3466 2418/1960/3622 
s 321
f 2321/1844/3483 2418/1960/3622 2387/1932/3581 
s 322
f 2272/1791/3685 2300/1823/3460 2273/1792/3425 
s 323
f 2277/1845/3484 2308/1831/3469 2386/1931/3580 
s 324
f 2386/1931/3580 2303/1826/3684 2321/1844/3483 
s 325
f 2254/1773/3406 2260/1779/3412 2333/1858/3498 
s 326
f 2254/1773/3406 2333/1858/3498 2280/1803/3435 
s 327
f 2255/1774/3407 2254/1773/3406 2280/1803/3435 
s 328
f 2332/1857/3497 2331/1856/3496 2335/1861/3502 
s 329
f 2332/1857/3497 2335/1861/3686 2334/1860/3501 
s 330
f 2454/1949/3606 2455/1992/3687 2456/1996/3688 
s 331
f 2457/1995/3689 2458/1994/3690 2459/1993/3691 
s 332
f 2458/1994/3690 2457/1995/3689 2455/1992/3687 
s 333
f 2439/1995/3659 2459/1993/3691 2437/1993/3657 
s 334
f 2459/1993/3691 2439/1995/3659 2457/1995/3689 
s 335
f 2406/1949/3605 2407/1949/3606 2460/1996/3660 
s 336
f 2461/1996/3688 2460/1996/3660 2407/1949/3606 
s 337
f 2462/1994/3658 2406/1949/3605 2463/1992/3656 
s 338
f 2460/1996/3660 2463/1992/3656 2406/1949/3605 
s 339
f 2464/1993/3657 2462/1994/3658 2465/1995/3659 
s 340
f 2463/1992/3656 2465/1995/3659 2462/1994/3658 
s 341
f 2466/1993/3691 2464/1993/3657 2467/1995/3689 
s 342
f 2465/1995/3659 2467/1995/3689 2464/1993/3657 
s 343
f 2468/1994/3690 2466/1993/3691 2469/1992/3687 
s 344
f 2467/1995/3689 2469/1992/3687 2466/1993/3691 
s 345
f 2407/1949/3606 2468/1994/3690 2461/1996/3688 
s 346
f 2469/1992/3687 2461/1996/3688 2468/1994/3690 
s 347
f 2447/1982/3677 2449/1984/3692 2445/1983/3676 
s 348
f 2442/1977/3693 2444/1985/3678 2450/1979/3694 
s 349
f 2449/1984/3680 2450/1979/3694 2444/1985/3678 
s 350
f 2403/1988/3654 2470/1987/3654 2401/1986/3654 
s 351
f 2399/1991/3654 2398/1990/3654 2397/1989/3654 
s 352
f 2398/1990/3654 2401/1986/3654 2397/1989/3654 
s 353
f 2401/1986/3654 2470/1987/3654 2397/1989/3654 
s 354
f 2470/1947/3655 2403/1947/3601 2405/1948/3604 
s 355
f 2404/1948/3603 2405/1948/3604 2403/1947/3601 
s 356
f 2397/1945/3695 2470/1947/3655 2395/1943/3593 
s 357
f 2405/1948/3604 2395/1943/3593 2470/1947/3655 
s 358
f 2399/1946/3597 2397/1945/3595 2396/1944/3594 
s 359
f 2435/1948/3604 2454/1949/3606 2441/1949/3605 
s 360
f 2458/1994/3690 2414/1948/3603 2413/1943/3600 
s 361
f 2414/1948/3603 2458/1994/3690 2454/1949/3606 
s 362
f 2459/1993/3691 2413/1943/3600 2415/1944/3598 
s 363
f 2413/1943/3600 2459/1993/3691 2458/1994/3690 
s 364
f 2437/1993/3657 2415/1944/3598 2452/1944/3594 
s 365
f 2415/1944/3598 2437/1993/3657 2459/1993/3691 
s 366
f 2438/1994/3658 2452/1944/3594 2453/1943/3593 
s 367
f 2452/1944/3594 2438/1994/3658 2437/1993/3657 
s 368
f 2441/1949/3605 2453/1943/3593 2435/1948/3604 
s 369
f 2453/1943/3593 2441/1949/3605 2438/1994/3658 
s 370
f 2456/1996/3688 2441/1949/3605 2454/1949/3606 
s 371
f 2468/1994/3690 2407/1949/3606 2402/1943/3600 
s 372
f 2404/1948/3603 2402/1943/3600 2407/1949/3606 
s 373
f 2466/1993/3691 2468/1994/3690 2400/1944/3598 
s 374
f 2402/1943/3600 2400/1944/3598 2468/1994/3690 
s 375
f 2464/1993/3657 2466/1993/3691 2396/1944/3594 
s 376
f 2400/1944/3598 2396/1944/3594 2466/1993/3691 
s 377
f 2462/1994/3658 2464/1993/3657 2395/1943/3593 
s 378
f 2396/1944/3594 2395/1943/3593 2464/1993/3657 
s 379
f 2406/1949/3605 2462/1994/3658 2405/1948/3604 
s 380
f 2395/1943/3593 2405/1948/3604 2462/1994/3658 
s 381
f 2455/1992/3687 2454/1949/3606 2458/1994/3690 
s 382
f 2441/1949/3605 2456/1996/3688 2440/1996/3660 
s 1
f 2471/1997/3696 2472/1998/3697 2473/1999/3698 
s 2
f 2473/1999/3698 2474/2000/3699 2471/1997/3696 
s 3
f 2473/1999/3698 2475/2001/3700 2476/2002/3701 
s 4
f 2476/2002/3701 2474/2000/3702 2473/1999/3698 
s 5
f 2475/2001/3700 2477/2003/3703 2478/2004/3704 
s 6
f 2478/2004/3704 2476/2002/3701 2475/2001/3700 
s 7
f 2477/2005/3705 2479/2006/3706 2480/2007/3707 
s 8
f 2480/2007/3707 2478/2008/3708 2477/2005/3705 
s 9
f 2479/2006/3706 2481/2009/3709 2482/2010/3710 
s 10
f 2482/2010/3710 2480/2007/3707 2479/2006/3706 
s 11
f 2482/2011/3711 2481/2012/3712 2483/2013/3713 
s 12
f 2483/2013/3713 2484/2014/3714 2482/2011/3711 
s 13
f 2484/2014/3714 2483/2013/3715 2472/1998/3697 
s 14
f 2472/1998/3697 2471/1997/3696 2484/2014/3714 
s 15
f 2485/2015/3716 2486/2016/3716 2487/2017/3716 
s 16
f 2487/2017/3717 2488/2018/3717 2485/2015/3717 
s 17
f 2487/2017/3718 2486/2016/3718 2489/2019/3718 
s 18
f 2489/2019/3719 2490/2020/3719 2487/2017/3719 
s 19
f 2490/2020/3720 2489/2019/3720 2491/2021/3720 
s 20
f 2491/2021/3721 2492/2022/3721 2490/2020/3721 
s 21
f 2493/2023/3722 2494/2024/3722 2495/2025/3723 
s 22
f 2495/2025/3724 2496/2026/3724 2493/2023/3724 
s 23
f 2495/2025/3725 2494/2024/3725 2497/2027/3725 
s 24
f 2497/2027/3726 2498/2028/3726 2495/2025/3723 
s 25
f 2498/2028/3727 2497/2027/3727 2499/2029/3727 
s 26
f 2499/2029/3728 2500/2030/3728 2498/2028/3728 
s 27
f 2485/2015/3729 2488/2018/3729 2487/2017/3729 
s 28
f 2487/2017/3730 2486/2016/3730 2485/2015/3730 
s 29
f 2487/2017/3731 2490/2020/3732 2489/2019/3731 
s 30
f 2489/2019/3733 2486/2016/3733 2487/2017/3733 
s 31
f 2490/2020/3732 2492/2022/3734 2491/2021/3734 
s 32
f 2491/2021/3735 2489/2019/3735 2490/2020/3735 
s 33
f 2493/2023/3736 2496/2026/3736 2495/2025/3736 
s 34
f 2495/2025/3737 2494/2024/3737 2493/2023/3737 
s 35
f 2495/2025/3738 2498/2028/3738 2497/2027/3738 
s 36
f 2497/2027/3739 2494/2024/3739 2495/2025/3739 
s 37
f 2498/2028/3740 2500/2030/3740 2499/2029/3740 
s 38
f 2499/2029/3741 2497/2027/3741 2498/2028/3741 
s 39
f 2476/2002/3701 2501/2031/3742 2502/2032/3743 
s 40
f 2502/2032/3743 2474/2000/3699 2476/2002/3701 
s 41
f 2502/2032/3743 2503/2033/3744 2471/1997/3696 
s 42
f 2471/1997/3696 2474/2000/3699 2502/2032/3743 
s 43
f 2501/2031/3742 2476/2002/3701 2478/2004/3704 
s 44
f 2478/2004/3704 2504/2034/3745 2501/2031/3745 
s 45
f 2471/1997/3696 2503/2033/3744 2505/2035/3746 
s 46
f 2505/2035/3746 2484/2014/3714 2471/1997/3696 
s 47
f 2478/2008/3708 2480/2007/3707 2506/2036/3747 
s 48
f 2506/2036/3747 2504/2037/3748 2478/2008/3708 
s 49
f 2480/2007/3707 2482/2010/3710 2507/2038/3749 
s 50
f 2507/2038/3749 2506/2036/3750 2480/2007/3707 
s 51
f 2507/2039/3751 2482/2011/3711 2484/2014/3714 
s 52
f 2484/2014/3714 2505/2035/3746 2507/2039/3751 
s 53
f 2506/2036/3752 2507/2038/3749 2504/2034/3753 
s 54
f 2505/2035/3746 2503/2033/3744 2507/2038/3749 
s 55
f 2503/2033/3744 2502/2032/3743 2507/2038/3749 
s 56
f 2507/2038/3749 2502/2032/3743 2504/2034/3753 
s 57
f 2504/2034/3753 2502/2032/3743 2501/2031/3754 
s 58
f 2481/2012/3755 2479/2006/3706 2483/2013/3755 
s 59
f 2477/2005/3705 2475/2001/3700 2479/2006/3706 
s 60
f 2475/2001/3700 2473/1999/3698 2479/2006/3706 
s 61
f 2479/2006/3706 2473/1999/3698 2483/2013/3715 
s 62
f 2483/2013/3715 2473/1999/3698 2472/1998/3697 
# 0 polygons - 4450 triangles

