# 3ds Max Wavefront OBJ Exporter v0.97b - (c)2007 guruware
# File Created: 18.06.2015 22:18:07

#
# object Fiche_Space_Hulk
#

v  0.0013 0.0214 0.0050
v  -0.6646 0.0003 -0.2838
v  -0.6019 0.0001 -0.4109
v  -0.7125 0.0001 -0.1504
v  -0.5066 0.0003 -0.5157
v  -0.4001 0.0001 -0.6093
v  -0.2717 0.0003 -0.6697
v  -0.1375 0.0001 -0.7152
v  0.0040 0.0003 -0.7220
v  0.1455 0.0001 -0.7126
v  0.2790 0.0003 -0.6647
v  0.4060 0.0001 -0.6020
v  0.5110 0.0003 -0.5067
v  0.6045 0.0001 -0.4001
v  0.6648 0.0003 -0.2719
v  0.7105 0.0001 -0.1376
v  0.7172 0.0003 0.0038
v  0.7079 0.0001 0.1453
v  0.6600 0.0003 0.2789
v  0.5973 0.0001 0.4059
v  0.5020 0.0003 0.5108
v  0.3953 0.0001 0.6044
v  0.2671 0.0003 0.6647
v  0.1329 0.0001 0.7103
v  -0.0087 0.0003 0.7171
v  -0.1502 0.0001 0.7078
v  -0.2836 0.0003 0.6599
v  -0.4108 0.0001 0.5971
v  -0.5155 0.0003 0.5018
v  -0.6091 0.0001 0.3952
v  -0.6696 0.0003 0.2670
v  -0.7151 0.0001 0.1327
v  -0.7218 0.0003 -0.0089
v  -0.6766 0.0077 -0.2887
v  -0.7204 0.0077 -0.1519
v  -0.6086 0.0077 -0.4154
v  -0.6603 0.0172 -0.2819
v  -0.5931 0.0172 -0.4049
v  -0.7021 0.0172 -0.1481
v  -0.5033 0.0172 -0.5124
v  -0.5157 0.0077 -0.5250
v  -0.3942 0.0172 -0.6003
v  -0.4044 0.0077 -0.6160
v  -0.2700 0.0172 -0.6653
v  -0.2765 0.0077 -0.6816
v  -0.1356 0.0172 -0.7047
v  -0.1390 0.0077 -0.7232
v  0.0040 0.0172 -0.7173
v  0.0042 0.0077 -0.7350
v  0.1434 0.0172 -0.7023
v  0.1472 0.0077 -0.7206
v  0.2771 0.0172 -0.6604
v  0.2840 0.0077 -0.6766
v  0.4002 0.0172 -0.5932
v  0.4107 0.0077 -0.6087
v  0.5077 0.0172 -0.5035
v  0.5203 0.0077 -0.5159
v  0.5956 0.0172 -0.3944
v  0.6111 0.0077 -0.4045
v  0.6605 0.0172 -0.2701
v  0.6769 0.0077 -0.2767
v  0.7000 0.0172 -0.1357
v  0.7183 0.0077 -0.1392
v  0.7124 0.0172 0.0038
v  0.7302 0.0077 0.0040
v  0.6976 0.0172 0.1432
v  0.7159 0.0077 0.1470
v  0.6557 0.0172 0.2770
v  0.6719 0.0077 0.2839
v  0.5885 0.0172 0.4000
v  0.6038 0.0077 0.4105
v  0.4986 0.0172 0.5075
v  0.5111 0.0077 0.5201
v  0.3895 0.0172 0.5954
v  0.3998 0.0077 0.6109
v  0.2654 0.0172 0.6604
v  0.2720 0.0077 0.6767
v  0.1310 0.0172 0.6998
v  0.1345 0.0077 0.7181
v  -0.0086 0.0172 0.7122
v  -0.0087 0.0077 0.7300
v  -0.1480 0.0172 0.6974
v  -0.1518 0.0077 0.7157
v  -0.2817 0.0172 0.6555
v  -0.2886 0.0077 0.6717
v  -0.4047 0.0172 0.5883
v  -0.4152 0.0077 0.6037
v  -0.5122 0.0172 0.4984
v  -0.5248 0.0077 0.5110
v  -0.6001 0.0172 0.3893
v  -0.6158 0.0077 0.3997
v  -0.6651 0.0172 0.2652
v  -0.6815 0.0077 0.2718
v  -0.7046 0.0172 0.1308
v  -0.7230 0.0077 0.1343
v  -0.7171 0.0172 -0.0087
v  -0.7349 0.0077 -0.0089
v  -0.6928 0.0284 -0.0086
v  -0.6808 0.0284 0.1262
v  -0.6784 0.0284 -0.1431
v  -0.6379 0.0284 -0.2724
v  -0.5731 0.0284 -0.3911
v  -0.5570 0.0403 -0.3802
v  -0.6201 0.0403 -0.2648
v  -0.5503 0.0522 -0.3758
v  -0.6127 0.0522 -0.2617
v  -0.6594 0.0403 -0.1392
v  -0.6515 0.0522 -0.1376
v  -0.5495 0.0632 -0.3751
v  -0.6117 0.0632 -0.2612
v  -0.6504 0.0632 -0.1375
v  -0.4669 0.0522 -0.4755
v  -0.4726 0.0403 -0.4812
v  -0.3658 0.0522 -0.5570
v  -0.3703 0.0403 -0.5639
v  -0.3653 0.0632 -0.5562
v  -0.4662 0.0632 -0.4747
v  -0.2507 0.0522 -0.6174
v  -0.2536 0.0403 -0.6248
v  -0.1259 0.0522 -0.6541
v  -0.1275 0.0403 -0.6620
v  -0.1257 0.0632 -0.6529
v  -0.2502 0.0632 -0.6163
v  0.0037 0.0522 -0.6656
v  0.0037 0.0403 -0.6737
v  0.1329 0.0522 -0.6516
v  0.1345 0.0403 -0.6596
v  0.1326 0.0632 -0.6506
v  0.0035 0.0632 -0.6644
v  0.2570 0.0522 -0.6129
v  0.2601 0.0403 -0.6203
v  0.3710 0.0522 -0.5505
v  0.3755 0.0403 -0.5572
v  0.3704 0.0632 -0.5496
v  0.2565 0.0632 -0.6118
v  0.4708 0.0522 -0.4671
v  0.4765 0.0403 -0.4728
v  0.5523 0.0522 -0.3659
v  0.5590 0.0403 -0.3704
v  0.5515 0.0632 -0.3654
v  0.4700 0.0632 -0.4664
v  0.6126 0.0522 -0.2508
v  0.6200 0.0403 -0.2538
v  0.6492 0.0522 -0.1261
v  0.6571 0.0403 -0.1276
v  0.6481 0.0632 -0.1259
v  0.6114 0.0632 -0.2503
v  0.6607 0.0522 0.0035
v  0.6688 0.0403 0.0035
v  0.6469 0.0522 0.1327
v  0.6549 0.0403 0.1343
v  0.6459 0.0632 0.1324
v  0.6597 0.0632 0.0035
v  0.6080 0.0522 0.2568
v  0.6156 0.0403 0.2599
v  0.5458 0.0522 0.3709
v  0.5525 0.0403 0.3754
v  0.5449 0.0632 0.3702
v  0.6069 0.0632 0.2563
v  0.4624 0.0522 0.4707
v  0.4681 0.0403 0.4763
v  0.3612 0.0522 0.5522
v  0.3657 0.0403 0.5589
v  0.3605 0.0632 0.5513
v  0.4617 0.0632 0.4698
v  0.2459 0.0522 0.6125
v  0.2490 0.0403 0.6199
v  0.1214 0.0522 0.6490
v  0.1227 0.0403 0.6569
v  0.1210 0.0632 0.6480
v  0.2456 0.0632 0.6113
v  -0.0082 0.0522 0.6605
v  -0.0082 0.0403 0.6686
v  -0.1375 0.0522 0.6468
v  -0.1390 0.0403 0.6547
v  -0.1373 0.0632 0.6457
v  -0.0082 0.0632 0.6595
v  -0.2615 0.0522 0.6080
v  -0.2646 0.0403 0.6154
v  -0.3756 0.0522 0.5456
v  -0.3801 0.0403 0.5523
v  -0.3749 0.0632 0.5447
v  -0.2610 0.0632 0.6068
v  -0.4754 0.0522 0.4622
v  -0.4811 0.0403 0.4679
v  -0.5569 0.0522 0.3611
v  -0.5638 0.0403 0.3655
v  -0.5560 0.0632 0.3604
v  -0.4745 0.0632 0.4615
v  -0.6172 0.0522 0.2458
v  -0.6246 0.0403 0.2489
v  -0.6539 0.0522 0.1212
v  -0.6618 0.0403 0.1226
v  -0.6527 0.0632 0.1208
v  -0.6162 0.0632 0.2454
v  -0.6654 0.0522 -0.0084
v  -0.6735 0.0403 -0.0084
v  -0.6642 0.0632 -0.0084
v  -0.6573 0.0727 -0.0082
v  -0.6460 0.0727 0.1196
v  -0.6437 0.0727 -0.1359
v  -0.6053 0.0727 -0.2586
v  -0.5438 0.0727 -0.3713
v  0.0025 0.0439 -0.0075
v  -0.6098 0.0727 0.2428
v  -0.5502 0.0727 0.3566
v  -0.4697 0.0727 0.4567
v  -0.3711 0.0727 0.5391
v  -0.2584 0.0727 0.6006
v  -0.1357 0.0727 0.6388
v  -0.0080 0.0727 0.6526
v  0.1198 0.0727 0.6412
v  0.2430 0.0727 0.6049
v  0.3567 0.0727 0.5454
v  0.4569 0.0727 0.4648
v  0.5392 0.0727 0.3664
v  0.6006 0.0727 0.2535
v  0.6390 0.0727 0.1310
v  0.6528 0.0727 0.0033
v  0.6414 0.0727 -0.1245
v  0.6051 0.0727 -0.2477
v  0.5456 0.0727 -0.3616
v  0.4650 0.0727 -0.4616
v  0.3666 0.0727 -0.5439
v  0.2537 0.0727 -0.6055
v  0.1312 0.0727 -0.6439
v  0.0035 0.0727 -0.6575
v  -0.1244 0.0727 -0.6461
v  -0.2476 0.0727 -0.6099
v  -0.3615 0.0727 -0.5503
v  -0.4614 0.0727 -0.4697
v  -0.6425 0.0284 0.2561
v  -0.5798 0.0284 0.3760
v  -0.4948 0.0284 0.4815
v  -0.3909 0.0284 0.5682
v  -0.2722 0.0284 0.6331
v  -0.1430 0.0284 0.6736
v  -0.0084 0.0284 0.6879
v  0.1264 0.0284 0.6759
v  0.2563 0.0284 0.6378
v  0.3762 0.0284 0.5751
v  0.4817 0.0284 0.4901
v  0.5683 0.0284 0.3862
v  0.6333 0.0284 0.2675
v  0.6738 0.0284 0.1383
v  0.6881 0.0284 0.0037
v  0.6760 0.0284 -0.1311
v  0.6380 0.0284 -0.2610
v  0.5752 0.0284 -0.3809
v  0.4903 0.0284 -0.4864
v  0.3864 0.0284 -0.5732
v  0.2677 0.0284 -0.6380
v  0.1384 0.0284 -0.6785
v  0.0038 0.0284 -0.6928
v  -0.1309 0.0284 -0.6809
v  -0.2608 0.0284 -0.6427
v  -0.3808 0.0284 -0.5800
v  -0.4862 0.0284 -0.4950
v  0.5517 0.5697 -0.2033
v  0.6113 0.5831 -0.2118
v  0.6166 0.6275 -0.1370
v  0.5484 0.6122 -0.1272
v  0.5145 0.7367 -0.2179
v  0.5696 0.7489 -0.2258
v  0.5790 0.7642 -0.1839
v  0.5108 0.7489 -0.1741
v  0.5217 0.6429 -0.3835
v  0.5582 0.6511 -0.3888
v  0.5388 0.6808 -0.3411
v  0.5467 0.6946 -0.4010
v  0.5102 0.6864 -0.3958
v  0.5322 0.7057 -0.3481
v  0.4587 0.9070 -0.2824
v  0.4717 0.8724 -0.1186
v  0.4569 0.9687 -0.2086
v  0.4503 0.9438 -0.2928
v  0.5262 0.9848 -0.2181
v  0.5199 0.9596 -0.3028
v  0.5291 0.9228 -0.2926
v  0.5763 0.8959 -0.1337
v  0.4905 0.8831 -0.4920
v  0.5053 0.9422 -0.2966
v  0.5143 0.8638 -0.4880
v  0.4553 0.8752 -0.4870
v  0.4701 0.9342 -0.2915
v  0.4439 0.8479 -0.4778
v  0.5883 0.8444 -0.1190
v  0.4908 0.8225 -0.1050
v  0.4527 0.8963 -0.4629
v  0.5071 0.8245 -0.6056
v  0.4903 0.9048 -0.4683
v  0.4792 0.8607 -0.6144
v  0.5418 0.7586 -0.5883
v  0.5507 0.7937 -0.4720
v  0.5739 0.6638 -0.4364
v  0.5661 0.7585 -0.4029
v  0.5605 0.6282 -0.5503
v  0.4372 0.7350 -0.5732
v  0.4460 0.7701 -0.4570
v  0.4350 0.8083 -0.5952
v  0.4416 0.8523 -0.6090
v  0.4948 0.6458 -0.4260
v  0.4862 0.6114 -0.5396
v  0.4788 0.7885 -0.7335
v  0.5321 0.7198 -0.7168
v  0.5370 0.6411 -0.6934
v  0.5080 0.6015 -0.6792
v  0.4404 0.7799 -0.7280
v  0.4274 0.6962 -0.7017
v  0.4627 0.6244 -0.6827
v  0.4692 0.7367 -0.3889
v  0.4668 0.7432 -0.7444
v  0.4689 0.7518 -0.7159
v  0.5238 0.7268 -0.7125
v  0.4307 0.6977 -0.7279
v  0.4329 0.7063 -0.6994
v  0.4617 0.6503 -0.7160
v  0.4638 0.6589 -0.6875
v  0.5179 0.6630 -0.7241
v  0.5200 0.6716 -0.6955
v  0.5216 0.7182 -0.7410
v  0.5169 0.6302 -0.7117
v  0.4942 0.6405 -0.7131
v  0.5188 0.6379 -0.6860
v  0.4962 0.6483 -0.6874
v  0.4793 0.6217 -0.7062
v  0.4813 0.6295 -0.6806
v  0.4927 0.5997 -0.7006
v  0.4947 0.6075 -0.6749
v  0.5160 0.6050 -0.7040
v  0.5179 0.6127 -0.6783
v  0.4918 0.9383 -0.1100
v  0.4642 0.9648 -0.1358
v  0.4944 0.9001 -0.1521
v  0.4667 0.9265 -0.1778
v  0.4942 0.9915 -0.1583
v  0.4968 0.9532 -0.2003
v  0.5357 0.9816 -0.1468
v  0.5382 0.9433 -0.1888
v  0.5342 0.9488 -0.1169
v  0.5368 0.9105 -0.1590
v  0.5513 0.7614 -0.4096
v  0.5694 0.8334 -0.1711
v  0.5850 0.7648 -0.1698
v  0.5647 0.6842 -0.4367
v  0.4758 0.7444 -0.3988
v  0.4893 0.6672 -0.4259
v  0.5095 0.7478 -0.1589
v  0.4939 0.8164 -0.1603
v  -0.4459 1.1413 0.1157
v  -0.4726 1.0749 0.1150
v  -0.4332 1.1448 0.1246
v  -0.3011 1.1984 -0.0103
v  -0.2685 1.2408 0.2662
v  -0.3455 1.1586 0.2663
v  -0.2286 1.2767 0.0169
v  -0.3031 1.3009 0.2130
v  -0.3839 1.2251 0.2082
v  -0.2766 1.3247 0.0536
v  -0.3547 1.2515 0.0313
v  -0.3183 1.2836 0.1980
v  -0.3553 1.3376 0.1690
v  -0.3427 1.2653 0.1703
v  -0.3117 1.2913 0.1524
v  -0.2208 1.3401 0.0811
v  -0.2202 1.2714 0.2517
v  -0.1920 1.3005 0.0481
v  -0.2396 1.3210 0.2113
v  -0.2889 1.2966 0.0640
v  -0.2566 1.2525 0.0268
v  -0.2879 1.2202 0.2527
v  -0.3097 1.2754 0.2086
v  -0.2783 1.2357 -0.0140
v  -0.4133 1.1448 0.0068
v  -0.3502 1.2825 0.0267
v  -0.3545 1.1361 -0.0325
v  -0.3284 1.1819 0.2823
v  -0.4090 1.0782 0.2771
v  -0.3841 1.2490 0.2156
v  -0.4511 1.1203 0.2043
v  -0.3934 1.2192 0.2061
v  -0.4491 1.2567 0.1707
v  -0.4088 1.1873 0.1757
v  -0.3853 1.2292 0.1552
v  -0.3747 1.2435 0.0913
v  -0.4281 1.2802 0.0514
v  -0.3876 1.2108 0.0606
v  -0.3631 1.2524 0.0412
v  -0.2494 1.3013 0.2065
v  -0.2782 1.3470 0.1857
v  -0.2711 1.2885 0.1849
v  -0.4677 1.0595 0.1237
v  -0.4310 1.1458 0.1116
v  -0.4654 1.0604 0.1107
v  -0.2984 1.2952 0.1138
v  -0.3354 1.3492 0.0848
v  -0.3227 1.2769 0.0860
v  -0.2918 1.3029 0.0682
v  -0.4730 1.0233 0.0321
v  -0.5006 1.0825 0.0225
v  -0.4493 1.0582 0.0135
v  -0.4601 1.0535 0.0582
v  -0.4554 1.1316 0.1845
v  -0.4796 1.0638 0.1849
v  -0.4429 1.1359 0.1932
v  -0.4741 1.0487 0.1937
v  -0.4407 1.1367 0.1802
v  -0.4719 1.0495 0.1807
v  -0.4345 1.1521 0.0459
v  -0.4622 1.0882 0.0379
v  -0.4225 1.1536 0.0558
v  -0.4581 1.0714 0.0455
v  -0.4191 1.1568 0.0430
v  -0.4547 1.0747 0.0327
v  -0.5044 0.9392 -0.0159
v  -0.4911 0.8711 0.2522
v  -0.5354 0.8989 0.2020
v  -0.4506 0.9212 -0.0561
v  -0.4416 1.0981 0.0082
v  -0.4259 1.0440 0.2722
v  -0.3881 1.0921 -0.0383
v  -0.4683 1.0621 0.2151
v  -0.4753 1.0241 0.2045
v  -0.5222 1.0539 0.1812
v  -0.4925 0.9974 0.1778
v  -0.4735 1.0360 0.1586
v  -0.4679 1.0394 0.1305
v  -0.5101 1.0725 0.1004
v  -0.4848 1.0122 0.1038
v  -0.4613 1.0471 0.0849
v  0.4382 0.4818 0.1440
v  0.3614 0.4196 0.1938
v  0.3636 0.4077 0.1867
v  0.4529 0.2984 0.2095
v  0.4987 0.3909 0.0782
v  0.4699 0.4099 0.1520
v  0.3878 0.3566 0.2413
v  0.4479 0.5003 0.0544
v  0.4123 0.2301 0.1137
v  0.4581 0.3484 -0.0196
v  0.3963 0.4826 -0.0352
v  0.0188 0.5606 0.0218
v  0.0350 0.6155 -0.0106
v  0.1009 0.5560 0.0366
v  0.2126 0.6452 0.1536
v  0.1703 0.6068 0.0537
v  0.1500 0.6620 0.0374
v  0.1152 0.6080 0.0167
v  0.0406 0.6598 -0.0234
v  0.1420 0.5578 0.0417
v  0.0843 0.5185 0.0845
v  0.0250 0.5194 0.0705
v  0.0329 0.4563 0.1810
v  0.0052 0.4755 0.1860
v  0.1015 0.6487 0.3241
v  0.1048 0.5673 0.3333
v  0.1849 0.6479 0.2616
v  0.0355 0.6499 0.3199
v  0.0147 0.5414 0.3140
v  -0.0150 0.6369 0.3111
v  0.0048 0.5213 0.2716
v  0.0023 0.7291 0.2851
v  0.1628 0.6985 0.2494
v  0.1330 0.7133 -0.0201
v  0.1414 0.6643 0.0043
v  0.1411 0.6621 -0.0113
v  0.3022 0.2275 0.0468
v  0.3515 0.3184 -0.0600
v  -0.3187 0.5114 -0.2199
v  -0.2859 0.5632 -0.1663
v  -0.1786 0.5288 -0.1792
v  0.2992 0.4351 -0.0693
v  0.2350 0.2762 0.0644
v  0.2723 0.3232 -0.0165
v  0.2342 0.3865 -0.0088
v  0.1958 0.3406 0.1198
v  0.2497 0.3509 0.0716
v  0.2314 0.3531 0.0854
v  0.2874 0.3874 0.1477
v  0.2909 0.3709 0.1585
v  0.2361 0.3890 0.1895
v  0.3011 0.3953 0.2333
v  0.1180 0.4974 0.2949
v  0.0623 0.4571 0.2403
v  0.1673 0.5730 0.3040
v  0.2374 0.6403 0.1606
v  0.2004 0.6278 0.2617
v  -0.0438 0.5883 0.0194
v  -0.0514 0.6323 0.0003
v  -0.0351 0.5468 0.0581
v  -0.0123 0.4530 0.1387
v  -0.0685 0.6291 0.3200
v  -0.0505 0.5049 0.2963
v  -0.2051 0.4780 -0.2272
v  -0.2168 0.3839 -0.2313
v  -0.3438 0.4056 -0.2313
v  -0.1559 0.4291 -0.1657
v  -0.1742 0.3523 -0.1651
v  -0.1322 0.4609 -0.1204
v  -0.1766 0.3184 -0.0779
v  -0.1779 0.3891 -0.0803
v  -0.1567 0.3968 -0.0480
v  -0.2384 0.3891 0.0020
v  -0.2474 0.3830 -0.0193
v  -0.2496 0.3157 -0.0190
v  -0.3334 0.4000 -0.0081
v  -0.3271 0.3276 -0.0131
v  0.0902 0.4825 0.0991
v  0.1581 0.5299 0.0365
v  0.2112 0.5966 0.0692
v  -0.5311 0.0667 -0.2682
v  -0.2515 0.0697 -0.3682
v  -0.2196 0.0689 -0.2024
v  -0.3517 0.1469 -0.0439
v  -0.2676 0.1542 -0.0257
v  -0.2870 0.2327 -0.0748
v  -0.3187 0.2133 -0.0854
v  -0.4138 0.1943 -0.1162
v  -0.3964 0.1392 -0.0962
v  -0.5472 0.1389 -0.3675
v  -0.4422 0.0688 -0.4652
v  -0.5466 0.0672 -0.3680
v  -0.4427 0.1405 -0.4644
v  -0.3041 0.1415 -0.4545
v  -0.3022 0.0699 -0.4554
v  -0.4221 0.1956 -0.4115
v  -0.3769 0.2559 -0.2791
v  -0.5302 0.1384 -0.2682
v  -0.2531 0.1414 -0.3674
v  -0.4670 0.2546 -0.2214
v  -0.2426 0.2545 -0.2830
v  -0.2109 0.1750 -0.2076
v  -0.2171 0.1406 -0.1616
v  -0.4281 0.0666 -0.1273
v  0.0175 0.5946 -0.0317
v  0.0251 0.6034 -0.0474
v  0.0234 0.6033 -0.0357
v  -0.5601 0.0826 -0.3582
v  -0.5665 0.0769 -0.3054
v  -0.5331 0.1871 -0.3187
v  -0.5527 0.0841 -0.3011
v  -0.5460 0.0907 -0.3550
v  -0.4328 0.3938 -0.1452
v  -0.2424 0.3089 -0.0033
v  -0.3317 0.3223 0.0032
v  -0.4005 0.3578 -0.0658
v  -0.3653 0.5495 -0.0992
v  -0.4012 0.4978 -0.1415
v  -0.4109 0.4578 -0.0691
v  -0.2552 0.2023 -0.1195
v  -0.2090 0.1457 -0.0939
v  0.0147 0.7129 -0.0761
v  0.0067 0.6338 -0.0601
v  -0.0113 0.6538 -0.0640
v  0.0870 0.6370 -0.0424
v  0.0662 0.5687 -0.0075
v  0.0564 0.6114 -0.0447
v  0.0888 0.6425 -0.0255
v  0.0538 0.6114 -0.0272
v  0.0360 0.5826 -0.0256
v  -0.3800 0.0663 -0.0269
v  0.0149 0.6061 -0.0496
v  0.0129 0.6045 -0.0369
v  -0.0032 0.5948 -0.0304
v  0.0012 0.6393 -0.0455
v  -0.0110 0.6603 -0.0453
v  -0.0598 0.6800 -0.0447
v  -0.0608 0.6815 -0.0294
v  -0.0464 0.7181 -0.0541
v  -0.0458 0.7210 -0.0400
v  0.0149 0.7195 -0.0582
v  0.0208 0.7380 -0.0732
v  0.0164 0.7442 -0.0610
v  0.0783 0.7353 -0.0657
v  0.0805 0.7398 -0.0536
v  0.0810 0.7162 -0.0685
v  0.0792 0.7225 -0.0518
v  0.1344 0.7093 -0.0348
v  -0.1912 0.0684 -0.0942
v  -0.2780 0.0671 -0.0193
v  -0.1336 0.4530 0.2234
v  -0.0595 0.4334 0.1808
v  -0.1439 0.7309 0.2041
v  -0.1328 0.6318 0.3030
v  -0.1926 0.6457 0.2185
v  -0.0789 0.6862 0.0036
v  -0.1851 0.6605 0.1087
v  -0.2131 0.5887 0.2109
v  -0.1905 0.5216 0.2405
v  -0.3834 0.5007 -0.0236
v  -0.0418 0.5081 0.0564
v  -0.0898 0.5765 -0.0052
v  -0.1570 0.6285 0.0281
v  -0.2159 0.6374 0.1141
v  -0.3211 0.4237 0.0253
v  -0.1428 0.5280 0.2912
v  -0.1154 0.6346 0.0215
v  -0.0792 0.6002 0.0143
v  0.1734 0.2044 0.3028
v  0.1922 0.2351 0.3541
v  0.2231 0.4008 0.1952
v  0.2257 0.2160 0.3521
v  0.2978 0.4077 0.2459
v  0.1538 0.1765 0.2063
v  0.1482 0.1423 0.2525
v  0.1227 0.1472 0.3157
v  0.1615 0.1565 0.3968
v  0.2475 0.1500 0.4010
v  0.3044 0.1428 0.3622
v  0.3258 0.1980 0.3472
v  0.5205 0.1438 0.1394
v  0.5207 0.0721 0.1391
v  0.4451 0.0725 0.0181
v  0.4447 0.1442 0.0187
v  0.3083 0.1438 -0.0077
v  0.3074 0.0721 -0.0089
v  0.4105 0.1992 0.0643
v  0.3633 0.1855 0.1730
v  0.4782 0.1432 0.2309
v  0.2363 0.1432 0.0631
v  0.2358 0.0715 0.0621
v  -0.4441 0.0872 -0.4824
v  -0.3713 0.0893 -0.4867
v  -0.3729 0.1008 -0.4706
v  0.4798 0.0715 0.2314
v  0.4089 0.2048 0.0162
v  0.3802 0.0923 -0.0225
v  0.3774 0.1037 -0.0066
v  0.4862 0.0946 0.0543
v  0.4535 0.1666 0.0378
v  0.4453 0.0869 0.0170
v  0.4527 0.0784 0.0074
v  0.4928 0.0866 0.0441
v  0.4788 0.0999 0.0646
v  0.5183 0.1058 0.1367
v  0.4740 0.2389 0.1103
v  0.5373 0.0966 0.1235
v  0.5001 0.0947 0.0527
v  0.5066 0.0860 0.2070
v  0.4893 0.2017 0.1818
v  0.5151 0.0932 0.1465
v  0.5313 0.0843 0.1472
v  0.5229 0.0780 0.2065
v  0.2455 0.1912 0.1106
v  0.4203 0.2115 0.2612
v  -0.4444 0.0805 -0.4613
v  -0.5004 0.0886 -0.4325
v  -0.5045 0.0794 -0.4456
v  -0.4497 0.0707 -0.4741
v  -0.5091 0.0902 -0.4334
v  -0.4916 0.0956 -0.4164
v  -0.5486 0.1008 -0.3570
v  -0.5634 0.0914 -0.3748
v  -0.2986 0.0987 -0.4427
v  -0.2519 0.1012 -0.3850
v  -0.2848 0.2021 -0.4063
v  -0.2379 0.0898 -0.3933
v  -0.2839 0.0883 -0.4499
v  -0.3732 0.1024 -0.4580
v  -0.3003 0.1098 -0.4565
v  -0.3364 0.2579 -0.4239
v  -0.2997 0.0995 -0.4767
v  -0.3701 0.0966 -0.4852
v  -0.4470 0.0976 -0.4664
v  -0.4103 0.2014 -0.4567
v  -0.4605 0.1707 -0.4409
v  -0.5004 0.2344 -0.3709
v  0.1619 0.0705 0.2139
v  0.3438 0.0705 0.3407
v  0.2746 0.2042 0.0322
v  0.2912 0.1009 0.0063
v  0.2789 0.0903 -0.0044
v  0.1063 0.0698 0.3110
v  0.2712 0.0698 0.4251
v  0.1707 0.0695 0.4059
v  0.2388 0.1029 0.0522
v  0.2275 0.0914 0.0406
v  0.3007 0.1060 -0.0156
v  0.3040 0.0987 -0.0294
v  0.3685 0.0973 -0.0262
v  0.3656 0.1014 -0.0073
v  0.4494 0.0909 0.0005
v  0.4479 0.1014 0.0167
v  0.3334 0.2102 0.0088
v  -0.1305 0.7941 0.1586
v  -0.1453 0.7996 0.0893
v  -0.1192 0.7720 0.0562
v  -0.0604 0.8941 0.2043
v  -0.0876 0.7288 -0.0345
v  -0.1588 0.8015 0.0741
v  -0.1655 0.8585 -0.0015
v  -0.0994 0.7263 -0.0497
v  -0.0806 0.8014 0.2300
v  0.0377 0.7042 -0.0767
v  0.0496 0.7326 -0.0321
v  0.0569 0.9546 -0.1605
v  -0.0994 0.8277 -0.1008
v  -0.1298 0.9297 -0.1105
v  -0.0581 0.7500 -0.0120
v  0.0490 0.8130 -0.1505
v  0.0407 0.7045 -0.0914
v  0.0766 1.2963 0.1238
v  -0.0327 1.3289 0.1991
v  0.0733 1.3059 0.2119
v  -0.0172 1.0923 -0.1267
v  0.0712 1.0884 -0.1233
v  0.0784 1.2800 0.0578
v  -0.0340 1.3044 0.0888
v  -0.0442 1.2797 0.2879
v  -0.0179 1.0915 -0.1121
v  -0.0765 1.1019 -0.0825
v  -0.0679 1.1619 -0.0666
v  0.0704 1.0877 -0.1087
v  -0.0520 1.2458 -0.0116
v  0.0052 1.2689 0.0297
v  -0.1753 1.2367 0.0034
v  -0.1936 1.1328 0.0021
v  -0.2047 1.0464 0.0451
v  -0.2142 1.0615 0.2626
v  -0.1962 1.1719 0.3078
v  -0.1866 1.2664 0.3030
v  -0.1887 1.3214 0.2379
v  -0.1921 1.3477 0.1420
v  -0.1823 1.3094 0.0491
v  -0.2105 1.0309 0.1613
v  -0.1793 1.1229 -0.0147
v  0.3145 1.1302 0.3316
v  0.3119 1.1258 0.3657
v  0.2785 1.0242 0.3158
v  -0.1923 0.9693 0.0224
v  -0.1880 1.0091 0.0037
v  0.0126 0.7967 0.2652
v  -0.0833 0.8052 0.2477
v  0.0099 0.8012 0.2863
v  -0.0304 1.2870 0.3115
v  -0.0685 1.1219 0.3430
v  0.0509 1.1138 0.3567
v  -0.0877 1.0797 -0.0598
v  -0.0624 0.9566 0.2261
v  -0.1949 1.3398 0.0291
v  -0.2069 1.3824 0.1339
v  -0.0323 1.3181 0.0734
v  -0.0614 0.9005 0.2353
v  -0.1782 0.9696 0.0956
v  -0.0775 1.1026 -0.1012
v  -0.1942 1.2611 -0.0388
v  -0.0671 1.1624 -0.0852
v  -0.1865 1.1199 -0.0424
v  -0.2039 1.2933 0.3223
v  -0.1645 1.0024 0.2452
v  -0.1725 1.0610 0.2948
v  -0.0501 1.2593 -0.0311
v  -0.0317 1.3439 0.2026
v  0.1489 0.9394 0.2359
v  0.2486 0.9757 0.2402
v  0.2606 0.9338 0.1157
v  0.2463 0.9371 0.1188
v  0.2548 0.9682 0.2647
v  0.2801 1.0311 0.2915
v  0.3118 1.2257 0.3262
v  0.3322 1.2496 0.3472
v  0.2574 0.9318 0.0580
v  0.2974 0.9293 0.0449
v  0.3012 0.9691 0.0261
v  0.2752 0.9708 0.0456
v  0.3220 1.0784 -0.0191
v  0.3127 1.0829 0.0108
v  0.3343 1.2788 0.2622
v  0.3508 1.3090 0.2693
v  0.3507 1.3035 0.1673
v  0.3686 1.3355 0.1607
v  0.3434 1.2665 0.0736
v  0.3596 1.2946 0.0545
v  0.3276 1.1957 0.0268
v  0.3437 1.2172 -0.0141
v  0.1776 1.2616 0.2982
v  0.1773 1.2701 0.3212
v  0.1835 1.3263 0.2126
v  0.1824 1.3114 0.2091
v  0.0658 1.2556 0.2848
v  0.0653 1.2693 0.3194
v  -0.1707 1.0679 0.2706
v  -0.1640 1.0068 0.0277
v  -0.1983 1.0157 0.1616
v  -0.2021 1.3541 0.2435
v  -0.1974 1.1674 0.3420
v  -0.1539 0.9653 0.0388
v  -0.1549 1.0087 0.2214
v  -0.1477 0.9693 0.1004
v  0.1388 0.8778 0.2136
v  0.1380 0.8843 0.2446
v  -0.1053 1.1719 0.0967
v  -0.0947 1.1640 0.1855
v  -0.1451 1.0890 0.2062
v  -0.1526 1.0874 0.0719
v  0.2418 0.8994 -0.0935
v  0.2350 0.9917 -0.0902
v  0.1780 0.7117 -0.0374
v  0.1932 0.8124 -0.0878
v  0.2554 0.8242 0.0178
v  0.2325 0.7696 0.0920
v  0.1091 0.7849 0.2761
v  0.1107 0.7811 0.2582
v  0.1708 1.1024 0.3542
v  0.1918 1.2998 0.0835
v  0.1590 1.0779 -0.1185
v  0.2175 1.0785 -0.0878
v  0.2155 1.1393 -0.0724
v  0.2094 1.2381 -0.0194
v  0.3124 0.9882 0.1856
v  0.3199 1.0036 0.0695
v  0.3116 1.0186 0.2871
v  0.3270 1.0904 0.0263
v  0.2979 0.9752 0.1847
v  0.1899 1.2862 0.0992
v  0.2073 1.2247 0.0004
v  0.1510 1.2570 0.0365
v  0.1482 0.7283 0.0185
v  0.1608 0.7085 -0.0230
v  0.1764 0.7617 0.2040
v  0.1904 0.7393 0.1020
v  0.2176 0.7700 0.1062
v  0.1581 1.0772 -0.1039
v  0.2145 1.1389 -0.0535
v  0.2147 1.0782 -0.0690
v  0.2303 1.1631 0.1183
v  0.2360 1.0777 0.1537
v  0.2359 1.1383 0.2540
v  0.2459 1.2165 0.1904
v  0.2920 1.1625 0.0531
v  0.3192 1.0664 0.0486
v  0.3208 1.2680 0.1981
v  0.2897 1.2391 0.1106
v  0.3711 1.2175 0.0621
v  -0.1527 0.7984 0.1653
v  -0.1384 0.7741 0.0535
v  -0.1561 0.7043 0.0691
v  -0.1690 0.7275 0.1814
v  0.1531 0.6510 0.0114
v  -0.0999 0.7357 0.2657
v  -0.0767 0.6753 -0.0225
v  -0.0599 0.7461 -0.0332
v  0.0521 0.7282 -0.0527
v  0.0431 0.6562 -0.0428
v  -0.0835 0.8052 0.2476
v  -0.0010 0.7319 0.3092
v  0.0097 0.8012 0.2863
v  0.1031 0.7172 0.3108
v  0.1921 0.6894 0.2348
v  0.2072 0.6659 0.1227
v  0.1550 0.7234 -0.0015
v  0.2094 0.7374 0.1049
v  0.1959 0.7616 0.2168
v  0.1089 0.7849 0.2761
v  -0.1776 1.2995 0.2038
v  -0.1315 1.2287 0.2381
v  -0.1129 1.2518 0.1491
v  -0.1544 1.2474 0.0613
v  -0.1836 1.1599 0.2912
v  -0.0059 1.0880 -0.3266
v  -0.0456 1.1882 -0.3037
v  0.0154 1.0912 -0.3108
v  -0.0604 1.2369 -0.2732
v  -0.0587 1.1804 -0.2785
v  -0.0689 1.1731 -0.3000
v  0.1473 1.1567 -0.2916
v  0.1368 1.0682 -0.2823
v  0.1490 1.0843 -0.2998
v  0.1217 1.0680 -0.2866
v  0.1167 1.0692 -0.3047
v  0.1182 1.0862 -0.3146
v  0.1367 1.0911 -0.3138
v  0.1115 1.2163 -0.2919
v  0.1280 1.1707 -0.2760
v  0.0961 1.2196 -0.2764
v  0.1340 1.1730 -0.2599
v  0.1011 1.2182 -0.2603
v  0.1207 1.2136 -0.2549
v  0.1388 1.1494 -0.2663
v  0.1433 1.1718 -0.2731
v  0.1018 1.0665 -0.3054
v  0.1341 1.1024 -0.3121
v  0.1445 1.1720 -0.3320
v  0.1263 1.1770 -0.3190
v  0.0792 1.0790 -0.3132
v  0.1237 1.1796 -0.3430
v  0.0796 1.0942 -0.3299
v  0.1004 1.1135 -0.3457
v  0.1244 1.1089 -0.3382
v  0.1402 1.2184 -0.3252
v  0.0054 1.0816 -0.2803
v  -0.0204 1.0729 -0.2718
v  -0.0304 1.0735 -0.2979
v  -0.0223 1.0815 -0.3251
v  -0.0417 1.2781 -0.0981
v  -0.0230 1.3446 -0.1300
v  -0.0574 1.1951 -0.1202
v  -0.0561 1.2231 -0.1016
v  -0.0375 1.2189 -0.0971
v  -0.0253 1.2754 -0.0926
v  -0.0347 1.3759 -0.0605
v  -0.0467 1.3631 -0.0760
v  0.0077 1.2860 -0.1266
v  -0.0460 1.1842 -0.1229
v  -0.0205 1.2140 -0.1610
v  -0.0181 1.2104 -0.1211
v  0.0326 1.3340 -0.1394
v  -0.0009 1.3362 -0.1668
v  -0.0043 1.3594 -0.1297
v  0.0348 1.2869 -0.0148
v  0.0903 1.3041 0.0020
v  0.0843 1.2966 -0.0989
v  0.0442 1.2849 -0.0949
v  0.0816 1.3498 -0.1246
v  0.0530 1.3446 -0.1252
v  0.1303 1.2842 -0.3193
v  0.1040 1.2500 -0.3421
v  0.0998 1.2805 -0.3262
v  -0.0122 1.2989 -0.2653
v  -0.0064 1.2854 -0.3087
v  -0.0326 1.2918 -0.2925
v  0.1089 1.2239 -0.3317
v  0.1500 1.2361 -0.3105
v  0.1479 1.2926 -0.2918
v  0.0333 1.2819 -0.3188
v  -0.0181 1.2557 -0.3220
v  0.0009 1.3602 -0.2137
v  0.0072 1.3640 -0.1933
v  0.0319 1.3781 -0.2010
v  0.0286 1.3688 -0.2350
v  0.0187 1.3583 -0.1665
v  0.0421 1.3723 -0.1652
v  -0.0109 1.3307 -0.1925
v  0.0759 1.3798 -0.1674
v  0.0123 1.2508 -0.0965
v  -0.0250 1.3282 -0.1638
v  -0.0309 1.3212 -0.1898
v  -0.0474 1.3132 -0.2180
v  -0.0492 1.2690 -0.1981
v  -0.0244 1.2690 -0.1627
v  0.1054 1.2808 -0.3015
v  0.1115 1.3006 -0.3137
v  0.1150 1.3014 -0.2928
v  -0.0029 1.3267 -0.2844
v  0.0200 1.3258 -0.2882
v  0.0054 1.3177 -0.3030
v  -0.0125 1.3060 -0.2932
v  -0.0090 1.3069 -0.2723
v  0.0111 1.3191 -0.2692
v  0.0280 1.3054 -0.2784
v  0.0245 1.3045 -0.2993
v  0.0045 1.2923 -0.3024
v  -0.0044 1.2856 -0.2834
v  0.0101 1.2937 -0.2686
v  0.0184 1.2847 -0.2871
v  -0.0420 1.1673 -0.2417
v  -0.0270 1.1660 -0.2284
v  -0.0240 1.2042 -0.2197
v  0.1389 1.2098 -0.2726
v  0.1338 1.2112 -0.2914
v  0.0182 1.2455 -0.3336
v  -0.0218 1.2299 -0.3102
v  -0.0526 1.2455 -0.2771
v  -0.0594 1.2810 -0.2342
v  -0.0396 1.3013 -0.2609
v  -0.0364 1.2188 -0.2602
v  0.1758 1.1241 -0.2499
v  0.1735 1.1631 -0.2234
v  0.1903 1.1437 -0.1826
v  0.1523 1.1612 -0.2619
v  0.0841 1.3228 -0.2989
v  0.1069 1.3219 -0.3026
v  0.0924 1.3138 -0.3174
v  0.0745 1.3021 -0.3076
v  0.0780 1.3030 -0.2867
v  0.0980 1.3152 -0.2836
v  0.0914 1.2884 -0.3168
v  0.0825 1.2817 -0.2978
v  0.0971 1.2898 -0.2830
v  -0.0057 1.1809 -0.2701
v  0.0071 1.2257 -0.2718
v  0.0007 1.2227 -0.2488
v  -0.0124 1.1812 -0.2544
v  -0.0086 1.2185 -0.2864
v  -0.0266 1.1776 -0.2657
v  -0.0249 1.2110 -0.2826
v  -0.0325 1.2076 -0.2619
v  -0.0138 1.1573 -0.2599
v  -0.0382 1.2036 -0.2398
v  -0.0037 1.2088 -0.2217
v  -0.0187 1.1662 -0.2452
v  0.0046 1.2132 -0.2441
v  -0.0110 1.2118 -0.2600
v  -0.0285 1.2078 -0.2577
v  -0.0325 1.1439 -0.2371
v  0.0154 1.1199 -0.3512
v  0.0287 1.1238 -0.3634
v  0.0224 1.1573 -0.3583
v  0.0157 1.1553 -0.3508
v  0.0104 1.1575 -0.3582
v  0.0042 1.1240 -0.3619
v  0.0105 1.1274 -0.3720
v  0.0100 1.2184 -0.3171
v  0.0219 1.2162 -0.3388
v  0.0235 1.1705 -0.3474
v  0.0186 1.1691 -0.3308
v  0.0225 1.2192 -0.3015
v  0.0362 1.1682 -0.3325
v  0.0483 1.2180 -0.3058
v  0.0559 1.2165 -0.3235
v  0.0441 1.2154 -0.3398
v  0.0246 1.1471 -0.3387
v  -0.0128 1.2121 -0.3057
v  0.0118 1.2189 -0.3119
v  0.0056 1.1538 -0.3082
v  -0.0110 1.1519 -0.3000
v  -0.0172 1.2060 -0.2867
v  0.0018 1.1501 -0.2891
v  0.0023 1.2067 -0.2748
v  0.0233 1.2126 -0.2805
v  0.0265 1.2179 -0.2971
v  -0.0032 1.1295 -0.3002
v  -0.0182 1.2140 -0.2451
v  0.0937 1.1776 -0.3453
v  0.0827 1.1571 -0.3509
v  0.0917 1.1561 -0.3376
v  0.1032 1.1561 -0.3509
v  0.0679 1.2049 -0.3443
v  0.0854 1.2029 -0.3326
v  0.0776 1.1549 -0.3504
v  0.0590 1.1575 -0.3616
v  0.0461 1.2051 -0.3440
v  0.0534 1.1536 -0.3429
v  0.0442 1.2047 -0.3225
v  0.0609 1.2040 -0.3051
v  0.0788 1.2032 -0.3104
v  0.0627 1.1201 -0.3510
v  -0.0149 1.1240 -0.3494
v  -0.0272 1.1212 -0.3323
v  -0.0221 1.1727 -0.3350
v  -0.0087 1.1747 -0.3521
v  0.0056 1.1246 -0.3567
v  0.0032 1.1724 -0.3363
v  0.0147 1.1178 -0.3383
v  0.0050 1.1120 -0.3170
v  -0.0136 1.1138 -0.3152
v  -0.0055 1.2063 -0.3293
v  0.0214 1.1272 -0.3722
v  0.0162 1.1738 -0.3517
v  0.0394 1.1134 -0.3526
v  0.0560 1.1183 -0.3678
v  0.0481 1.1598 -0.3614
v  0.0398 1.1574 -0.3521
v  0.0332 1.1601 -0.3613
v  0.0256 1.1185 -0.3659
v  0.0333 1.1227 -0.3785
v  0.0468 1.1224 -0.3787
v  0.0404 1.1804 -0.3532
v  0.0988 1.0789 -0.3298
v  0.1110 1.0823 -0.3512
v  0.0770 1.0790 -0.3291
v  0.0685 1.0823 -0.3490
v  0.0793 1.0852 -0.3672
v  0.0982 1.0850 -0.3673
v  -0.0517 1.0905 -0.2797
v  -0.0609 1.1643 -0.2515
v  -0.0378 1.1032 -0.2768
v  -0.0249 1.1019 -0.2618
v  0.1276 1.2029 -0.2910
v  0.1090 1.1997 -0.2732
v  0.1202 1.1524 -0.2920
v  0.1311 1.1572 -0.3065
v  0.1229 1.2026 -0.3068
v  0.1139 1.1590 -0.3101
v  0.1009 1.2092 -0.3058
v  0.0852 1.2062 -0.2903
v  0.0899 1.2079 -0.2769
v  0.1242 1.1341 -0.3069
v  0.0759 1.2134 -0.3252
v  0.1010 1.2101 -0.3283
v  0.1062 1.1518 -0.3294
v  0.0893 1.1492 -0.3269
v  0.0647 1.2090 -0.3081
v  0.0968 1.1464 -0.3140
v  0.0780 1.2012 -0.2890
v  0.1005 1.1994 -0.2956
v  0.1097 1.2033 -0.3107
v  0.1013 1.1274 -0.3266
v  -0.0294 1.0806 -0.2463
v  -0.0422 1.0738 -0.2521
v  -0.0458 1.0740 -0.2707
v  0.1423 1.1296 -0.2893
v  0.1343 1.0975 -0.2799
v  0.1711 1.0829 -0.2032
v  0.1552 1.1321 -0.2594
v  0.0860 1.1351 -0.3489
v  0.0386 1.1334 -0.3576
v  0.1192 1.0748 -0.3029
v  0.0589 1.0816 -0.1900
v  0.1223 1.1831 -0.3228
v  0.0626 1.2166 -0.2016
v  0.0837 1.1825 -0.3521
v  0.1640 1.2020 -0.1511
v  0.1546 1.1891 -0.1280
v  0.1790 1.1335 -0.1473
v  0.1692 1.1859 -0.0623
v  0.1480 1.1388 -0.0720
v  0.1453 1.1162 -0.1299
v  0.0672 1.0553 -0.1286
v  0.0751 1.1009 -0.0719
v  0.1190 1.2814 -0.1073
v  0.1379 1.2803 -0.0209
v  0.1629 1.2368 -0.0422
v  0.1470 1.2445 -0.1187
v  0.1332 1.2500 0.0829
v  0.0726 1.2829 0.1029
v  0.1608 1.2070 0.0590
v  0.1638 1.1690 0.0316
v  0.1431 1.1333 0.0047
v  0.0630 1.0340 -0.1601
v  0.0488 1.0227 -0.2816
v  0.1754 1.0470 -0.2337
v  0.1782 1.0922 -0.1498
v  0.2023 1.0809 -0.1922
v  0.1515 1.0541 -0.1588
v  0.1839 1.0551 -0.1942
v  0.1527 1.2800 -0.1503
v  0.0870 1.1554 -0.3662
v  0.0911 1.1508 -0.3837
v  0.0343 1.1638 -0.3909
v  0.0359 1.1663 -0.3769
v  0.1196 1.1414 -0.3388
v  0.1343 1.1334 -0.3418
v  0.1593 1.1233 -0.2923
v  0.0752 1.3440 -0.2856
v  0.0881 1.3368 -0.3191
v  0.0607 1.3252 -0.3102
v  0.1284 1.3543 -0.2347
v  0.1294 1.3380 -0.2514
v  0.1183 1.3609 -0.2797
v  0.0979 1.3656 -0.2464
v  0.1065 1.3746 -0.2133
v  0.1287 1.3584 -0.2133
v  0.1079 1.3693 -0.1761
v  0.1282 1.3532 -0.1845
v  0.1213 1.3298 -0.1540
v  0.1453 1.3234 -0.2183
v  0.1444 1.3294 -0.1907
v  0.1079 1.3420 -0.1342
v  0.1674 1.3193 -0.1955
v  0.1642 1.3121 -0.2219
v  0.1621 1.2604 -0.1934
v  0.1741 1.2586 -0.2349
v  0.2138 1.3644 -0.1014
v  0.2190 1.3508 -0.1198
v  0.1777 1.3353 -0.1630
v  0.1615 1.3518 -0.1570
v  0.0637 1.1014 -0.0261
v  0.0786 1.3036 -0.3188
v  0.0622 1.3104 -0.3153
v  0.0651 1.2433 -0.3414
v  0.0352 1.1809 -0.3579
v  0.0400 1.2468 -0.3468
v  0.0883 1.1224 -0.3970
v  0.0331 1.1316 -0.4050
v  0.0782 1.0337 -0.3819
v  0.0389 1.0352 -0.3656
v  0.0372 1.0494 -0.3780
v  0.0361 1.0668 -0.3856
v  0.0774 1.0668 -0.4002
v  0.0619 1.3697 -0.2495
v  0.0691 1.3868 -0.2109
v  0.0501 1.3245 -0.3088
v  0.1154 1.3558 -0.3156
v  0.1146 1.3210 -0.3243
v  0.0937 1.3040 -0.3239
v  0.0577 1.3471 -0.2688
v  0.0589 1.2807 -0.3230
v  0.0733 1.3015 -0.3079
v  0.0595 1.3040 -0.3237
v  0.0930 1.3155 -0.2887
v  0.1180 1.2929 -0.2867
v  0.1377 1.2107 -0.2889
v  0.1330 1.3258 -0.3134
v  0.1341 1.3546 -0.3096
v  0.1327 1.3006 -0.3098
v  0.1734 1.2702 -0.2725
v  0.1459 1.3453 -0.2930
v  0.1700 1.3031 -0.2538
v  0.1598 1.2164 -0.2291
v  0.0673 1.2888 -0.3169
v  0.0448 1.2800 -0.3282
v  0.0465 1.3090 -0.3261
v  0.0496 1.3188 -0.3099
v  0.1213 1.3106 -0.2869
v  0.0959 1.2939 -0.2907
v  0.0354 1.1069 -0.3876
v  0.1207 1.0651 -0.3508
v  0.0826 1.1011 -0.3860
v  0.1302 1.0958 -0.3472
v  0.1627 1.1032 -0.2934
v  0.1596 1.0715 -0.2922
v  0.1911 1.0763 -0.2369
v  0.1060 1.0380 -0.3533
v  0.1489 1.0453 -0.2901
v  0.0411 1.0218 -0.3480
v  -0.0183 1.1494 -0.3709
v  -0.0461 1.1312 -0.3206
v  -0.0307 1.1396 -0.3211
v  0.1552 1.3124 -0.2619
v  0.1538 1.2059 -0.1897
v  0.1393 1.1111 -0.3459
v  0.1642 1.1150 -0.2939
v  -0.0415 1.0939 -0.1205
v  -0.0375 1.1393 -0.1150
v  -0.0601 1.1479 -0.1473
v  -0.0815 1.0775 -0.1588
v  -0.0203 1.0520 -0.1386
v  -0.0624 1.0521 -0.1652
v  -0.0057 1.1965 -0.1016
v  -0.0049 1.1202 -0.1075
v  -0.0488 1.1647 -0.2336
v  -0.0533 1.1295 -0.2349
v  -0.0721 1.1211 -0.2208
v  -0.0120 1.1542 -0.3546
v  -0.0466 1.1274 -0.2670
v  -0.0633 1.1206 -0.2661
v  -0.0102 1.1339 -0.3376
v  -0.0266 1.0731 -0.2857
v  -0.0371 1.0955 -0.2597
v  -0.0609 1.0801 -0.1759
v  -0.0067 1.0658 -0.3903
v  -0.0099 1.1000 -0.3751
v  -0.0333 1.0632 -0.3326
v  -0.0463 1.0937 -0.3264
v  -0.0611 1.0688 -0.2662
v  -0.0645 1.1005 -0.2667
v  -0.0812 1.0730 -0.2049
v  -0.0025 1.0327 -0.3724
v  -0.0191 1.0364 -0.3386
v  -0.0474 1.0430 -0.2670
v  -0.0619 1.0441 -0.2058
v  0.0022 1.1481 -0.0635
v  0.0181 1.3064 -0.3089
v  0.0397 1.3261 -0.3067
v  0.0353 1.3117 -0.3109
v  -0.0082 1.1868 -0.3370
v  -0.0184 1.1211 -0.3844
v  0.0363 1.3458 -0.2792
v  -0.0156 1.3270 -0.3029
v  -0.0109 1.3617 -0.2948
v  0.0120 1.3403 -0.3066
v  0.0025 1.3083 -0.3089
v  -0.0017 1.3665 -0.2599
v  -0.0079 1.3443 -0.2288
v  -0.0349 1.1903 -0.2969
v  0.0036 1.2470 -0.0329
v  -0.0159 1.1978 -0.0515
v  0.0090 1.2601 0.0771
v  -0.0222 1.2219 0.0504
v  -0.0348 1.1852 0.0224
v  -0.0147 1.1462 -0.0027
v  -0.0295 1.3333 -0.2866
v  -0.0267 1.3621 -0.2831
v  -0.0376 1.2256 -0.1965
v  0.0140 1.3191 -0.2757
v  -0.0143 1.3168 -0.2646
v  -0.0311 1.3082 -0.2828
v  0.0104 1.2979 -0.2767
v  0.0263 1.3037 -0.3002
v  0.0281 1.2906 -0.3104
v  0.1997 1.2667 -0.1379
v  0.2033 1.2064 -0.1438
v  0.1962 1.1834 -0.1620
v  0.1856 1.2650 -0.1273
v  0.1867 1.1986 -0.1328
v  0.1836 1.1736 -0.1608
v  -0.0352 1.3213 -0.2305
v  -0.0567 1.1673 -0.1908
v  -0.0520 1.1088 -0.3234
v  -0.0694 1.1122 -0.2665
v  0.0345 1.3051 -0.3196
v  -0.0353 1.3537 -0.2632
v  -0.3075 1.3078 0.1533
v  -0.3198 1.1978 0.3242
v  -0.3314 1.2635 0.2920
v  -0.2839 1.2665 0.1073
v  -0.2911 1.2737 0.2698
v  -0.2874 1.3313 0.2818
v  -0.2628 1.2912 0.2574
v  -0.2673 1.2781 0.2925
v  -0.2542 1.3055 0.2145
v  -0.2738 1.3583 0.2007
v  -0.2779 1.2996 0.1920
v  -0.2495 1.3160 0.1789
v  -0.3092 1.3135 0.1587
v  -0.3436 1.3628 0.1853
v  -0.3170 1.2986 0.2023
v  -0.3503 0.5522 -0.1004
v  -0.3781 0.5235 -0.0708
v  -0.3890 0.5435 -0.0737
v  -0.3512 0.5781 -0.1108
v  -0.3217 0.5857 0.1151
v  -0.3326 0.6056 0.1122
v  -0.2738 0.6351 0.0638
v  -0.2747 0.6611 0.0534
v  -0.1175 0.6130 -0.0026
v  -0.1183 0.6389 -0.0130
v  -0.0625 0.5507 0.0041
v  -0.0512 0.5659 -0.0075
v  -0.1634 0.4990 -0.1638
v  -0.1521 0.5142 -0.1754
v  -0.1948 0.5560 -0.1772
v  -0.1940 0.5300 -0.1668
v  0.4210 0.5001 0.1142
v  0.4162 0.5184 0.0683
v  0.4345 0.5186 0.1125
v  0.4257 0.5402 0.0536
v  0.2869 0.6120 0.2196
v  0.3003 0.6305 0.2178
v  0.2788 0.6434 0.1401
v  0.2882 0.6652 0.1254
v  0.1764 0.5994 0.0100
v  0.1859 0.6212 -0.0047
v  0.1180 0.5405 0.0027
v  0.1162 0.5514 -0.0166
v  0.2822 0.4448 -0.0674
v  0.2805 0.4558 -0.0867
v  0.3234 0.4962 -0.0765
v  0.3139 0.4743 -0.0618
v  -0.0490 0.6995 -0.0914
v  -0.0880 0.7088 -0.0566
v  -0.1013 0.7062 -0.0764
v  -0.0490 0.6954 -0.1189
v  -0.1127 0.8685 -0.0987
v  -0.1260 0.8659 -0.1185
v  -0.0453 0.8524 -0.1589
v  -0.0453 0.8482 -0.1864
v  0.1561 0.8474 -0.1562
v  0.1561 0.8432 -0.1837
v  0.2213 0.8598 -0.0962
v  0.2366 0.8569 -0.1139
v  0.1885 0.7014 -0.0591
v  0.2038 0.6985 -0.0768
v  0.1524 0.6904 -0.1162
v  0.1524 0.6946 -0.0887
v  0.1530 1.2860 0.1677
v  0.1018 1.3256 0.1834
v  0.0994 1.2620 0.2325
v  0.0553 1.2751 0.2453
v  0.0538 1.3388 0.1898
v  0.0056 1.3248 0.1843
v  0.0105 1.2613 0.2341
v  -0.0456 1.2844 0.1681
v  -0.0338 1.2325 0.2140
v  -0.0897 1.2173 0.1406
v  -0.0635 1.1910 0.1915
v  0.0504 1.1972 0.1705
v  0.1755 1.1929 0.1892
v  0.1421 1.2340 0.2113
v  0.0145 1.4032 0.0256
v  0.0528 1.4984 0.0487
v  0.0490 1.4263 -0.0264
v  0.0857 1.4012 0.0233
v  -0.0641 1.3071 0.1094
v  -0.1210 1.2182 0.0777
v  -0.0401 1.2453 0.1751
v  -0.0869 1.1810 0.1405
v  0.0512 1.2015 0.1182
v  0.1985 1.1833 0.1393
v  0.1510 1.2468 0.1751
v  0.1043 1.2943 0.1959
v  0.0543 1.3097 0.2038
v  0.0049 1.2935 0.1966
v  0.1995 1.2196 0.1410
v  0.0213 1.3515 0.1113
v  0.0503 1.4372 0.1335
v  0.0532 1.3737 0.0673
v  0.0840 1.3536 0.1130
v  0.0342 1.3300 0.1756
v  0.0538 1.3824 0.1930
v  0.0536 1.3467 0.1485
v  0.0738 1.3304 0.1752
v  0.0378 1.2939 0.2229
v  0.0552 1.3377 0.2418
v  0.0546 1.3114 0.2007
v  0.0723 1.2942 0.2223
v  -0.0242 1.4460 -0.0448
v  -0.0895 1.4091 -0.0350
v  0.0516 1.3863 0.0632
v  -0.1102 1.3324 -0.0187
v  -0.0661 1.3225 0.0582
v  -0.1077 1.2301 0.0415
v  -0.1360 1.2428 -0.0098
v  -0.1279 1.1527 0.0405
v  -0.1820 1.1722 -0.0106
v  0.0517 1.1817 0.0029
v  0.0492 1.4561 -0.0453
v  0.0502 1.1968 0.0611
v  0.2022 1.3228 0.0493
v  0.2564 1.1990 0.0208
v  0.1312 1.3873 0.0544
v  0.0504 1.4106 0.0569
v  -0.0291 1.3858 0.0569
v  0.1227 1.4472 -0.0474
v  0.1698 1.3244 0.0539
v  0.1887 1.4114 -0.0400
v  0.2110 1.3350 -0.0244
v  0.2119 1.2327 0.0357
v  0.2382 1.2459 -0.0165
v  0.2330 1.1556 0.0340
v  0.2850 1.1760 -0.0190
v  -0.0043 1.3247 0.1426
v  -0.0517 1.2620 0.1187
v  -0.1112 1.1615 0.0912
v  0.1718 1.3090 0.1091
v  0.2296 1.2212 0.0762
v  0.1114 1.3570 0.1280
v  0.0524 1.3736 0.1377
v  -0.0059 1.3560 0.1292
v  -0.0967 1.3195 0.0519
v  -0.1501 1.1957 0.0271
v  0.2204 1.1642 0.0880
v  0.1604 1.2636 0.1191
v  0.1110 1.3256 0.1420
v  0.0530 1.3457 0.1509
v  -0.0586 0.8662 -0.1622
v  -0.1146 0.8759 -0.1266
v  -0.1299 0.8737 -0.1465
v  -0.0585 0.8625 -0.1899
v  -0.1638 1.0783 -0.1405
v  -0.1808 1.0762 -0.1604
v  -0.0886 1.0614 -0.2020
v  -0.0884 1.0577 -0.2297
v  0.1954 1.0550 -0.1996
v  0.1955 1.0513 -0.2273
v  0.2665 1.0673 -0.1385
v  0.2863 1.0647 -0.1563
v  0.2070 0.8669 -0.1295
v  0.2249 0.8642 -0.1473
v  0.1547 0.8562 -0.1875
v  0.1545 0.8599 -0.1598
v  0.2479 1.0899 0.3699
v  0.2063 1.0968 0.3348
v  0.2531 1.0911 0.4235
v  0.1655 1.1107 0.4684
v  0.2190 1.0997 0.4643
v  0.1186 1.1164 0.3797
v  0.1239 1.1176 0.4334
v  0.1528 1.1078 0.3389
v  0.1197 0.9053 0.4901
v  0.0701 0.9136 0.4483
v  0.0638 0.9121 0.3842
v  0.2245 0.8819 0.4365
v  0.1837 0.8922 0.4853
v  0.2182 0.8805 0.3724
v  0.1686 0.8887 0.3305
v  0.1046 0.9018 0.3354
v  0.2448 1.4330 0.3552
v  0.2282 1.4387 0.4096
v  0.2598 1.4327 0.4199
v  0.2207 1.4388 0.3773
v  0.2618 1.4481 0.4143
v  0.2821 1.4433 0.3957
v  0.2352 1.4531 0.4056
v  0.2492 1.4484 0.3599
v  0.2289 1.4533 0.3784
v  0.2758 1.4434 0.3685
v  0.1858 1.0720 0.4302
v  0.2061 1.0671 0.4116
v  0.1592 1.0770 0.4215
v  0.1529 1.0772 0.3943
v  0.1732 1.0723 0.3757
v  0.1998 1.0673 0.3844
v  0.2682 1.3860 0.3673
v  0.2756 1.3859 0.3996
v  0.2365 1.3920 0.3570
v  0.2199 1.3976 0.4114
v  0.2124 1.3978 0.3790
v  0.2515 1.3917 0.4217
v  0.2764 1.4271 0.3655
v  0.2839 1.4269 0.3979
v  0.1167 0.8701 0.4309
v  0.1102 0.8702 0.4027
v  0.1312 0.8652 0.3836
v  0.1652 0.8599 0.4206
v  0.1442 0.8649 0.4398
v  0.1587 0.8600 0.3925
v  0.1763 0.8972 0.3820
v  0.1858 0.8970 0.4231
v  0.1361 0.9047 0.3689
v  0.1055 0.9121 0.3969
v  0.1150 0.9119 0.4380
v  0.1552 0.9043 0.4511
v  0.1719 1.1806 0.3679
v  0.1595 1.1848 0.4081
v  0.2128 1.1719 0.3584
v  0.2292 1.1716 0.4292
v  0.2415 1.1674 0.3891
v  0.1882 1.1803 0.4387
v  0.1545 1.0949 0.3715
v  0.1422 1.0991 0.4117
v  0.1955 1.0862 0.3620
v  0.2242 1.0817 0.3927
v  0.2118 1.0859 0.4328
v  0.1709 1.0946 0.4423
v  0.3406 1.1363 0.3618
v  0.2965 1.1222 0.3324
v  0.3489 1.1534 0.4123
v  0.2625 1.1605 0.4631
v  0.3165 1.1634 0.4543
v  0.2102 1.1293 0.3833
v  0.2185 1.1463 0.4337
v  0.2425 1.1193 0.3413
v  0.2362 1.4490 0.2655
v  0.2224 1.4646 0.3187
v  0.2550 1.4703 0.3256
v  0.2130 1.4540 0.2887
v  0.2519 1.4835 0.3162
v  0.2715 1.4793 0.2967
v  0.2245 1.4787 0.3104
v  0.2361 1.4656 0.2657
v  0.2166 1.4698 0.2852
v  0.2636 1.4704 0.2714
v  0.2907 1.1197 0.4329
v  0.3102 1.1155 0.4133
v  0.2633 1.1149 0.4271
v  0.2554 1.1060 0.4019
v  0.2749 1.1018 0.3823
v  0.3023 1.1066 0.3881
v  0.2730 1.4150 0.2851
v  0.2824 1.4256 0.3151
v  0.2404 1.4093 0.2783
v  0.2266 1.4249 0.3315
v  0.2172 1.4143 0.3015
v  0.2592 1.4305 0.3383
v  0.2688 1.4547 0.2724
v  0.2782 1.4653 0.3024
v  0.2414 1.1996 0.3489
v  0.2311 1.2111 0.3882
v  0.2823 1.1998 0.3361
v  0.3028 1.2230 0.4018
v  0.3130 1.2115 0.3625
v  0.2618 1.2228 0.4146
v  0.2502 1.1167 0.3755
v  0.2400 1.1282 0.4148
v  0.2912 1.1169 0.3627
v  0.3219 1.1286 0.3891
v  0.3116 1.1401 0.4284
v  0.2707 1.1399 0.4412
v  0.1998 1.4004 0.0963
v  0.4397 1.3722 0.0999
v  0.2047 1.3237 0.0023
v  0.4198 1.3080 0.0072
v  0.2108 1.2977 0.3401
v  0.4247 1.2671 0.3232
v  0.2019 1.3835 0.2487
v  0.4415 1.3576 0.2317
v  0.2172 1.1937 -0.0888
v  0.3878 1.1751 -0.0744
v  0.4173 1.2837 0.0238
v  0.4339 1.3393 0.1040
v  0.2108 1.2752 0.3143
v  0.4354 1.3262 0.2219
v  0.4217 1.2478 0.2995
v  0.2047 1.2766 -0.0213
v  0.2172 1.1467 -0.1124
v  0.2156 1.1279 -0.0856
v  0.3894 1.1579 -0.0502
v  0.2156 1.1750 -0.0619
v  -0.2335 1.3657 -0.1581
v  -0.1278 1.3608 -0.1443
v  -0.2251 1.3654 -0.2036
v  -0.1259 1.3618 -0.2041
v  -0.2405 1.3225 -0.2191
v  -0.1382 1.3048 -0.2237
v  -0.2584 1.2929 -0.1807
v  -0.1478 1.2686 -0.1759
v  -0.2540 1.3196 -0.1430
v  -0.1414 1.3032 -0.1269
v  -0.3655 1.3847 -0.2152
v  -0.1257 1.3797 -0.1486
v  -0.0455 1.3738 -0.1479
v  -0.1253 1.3728 -0.2131
v  -0.0452 1.3669 -0.2123
v  -0.1380 1.3131 -0.2395
v  -0.0579 1.3072 -0.2388
v  -0.1511 1.2603 -0.2015
v  -0.0709 1.2545 -0.2007
v  -0.1514 1.2673 -0.1370
v  -0.0713 1.2614 -0.1363
v  -0.1387 1.3269 -0.1106
v  -0.0586 1.3211 -0.1098
v  0.2273 1.3608 -0.1443
v  0.3329 1.3657 -0.1581
v  0.3245 1.3654 -0.2036
v  0.2253 1.3618 -0.2041
v  0.3399 1.3225 -0.2191
v  0.2376 1.3048 -0.2237
v  0.3578 1.2929 -0.1807
v  0.2472 1.2686 -0.1759
v  0.3535 1.3196 -0.1430
v  0.2408 1.3032 -0.1269
v  0.4649 1.3847 -0.2152
v  0.1450 1.3738 -0.1479
v  0.2251 1.3797 -0.1486
v  0.2248 1.3728 -0.2131
v  0.1446 1.3669 -0.2123
v  0.2375 1.3131 -0.2395
v  0.1573 1.3072 -0.2388
v  0.2506 1.2603 -0.2015
v  0.1704 1.2545 -0.2007
v  0.2509 1.2673 -0.1370
v  0.1707 1.2614 -0.1363
v  0.2382 1.3269 -0.1106
v  0.1580 1.3211 -0.1098
v  -0.0168 1.4323 -0.2071
v  -0.0044 1.4316 -0.1689
v  -0.0044 1.4330 -0.2452
v  0.0280 1.4311 -0.1453
v  0.0682 1.4311 -0.1453
v  0.1006 1.4316 -0.1689
v  0.1130 1.4323 -0.2071
v  0.1006 1.4330 -0.2452
v  0.0682 1.4335 -0.2688
v  0.0005 1.3317 -0.3556
v  0.0005 1.3766 -0.3547
v  0.0957 1.3317 -0.3556
v  0.0957 1.3766 -0.3547
v  -0.0766 1.3306 -0.2996
v  -0.0766 1.3755 -0.2987
v  -0.1060 1.3288 -0.2091
v  -0.1060 1.3738 -0.2082
v  -0.0886 1.2794 -0.0789
v  -0.0886 1.3712 -0.0771
v  0.0005 1.2786 -0.0365
v  0.0005 1.3704 -0.0347
v  0.0957 1.2786 -0.0365
v  0.0957 1.3704 -0.0347
v  0.1848 1.2794 -0.0789
v  0.1848 1.3712 -0.0771
v  0.2022 1.3288 -0.2091
v  0.2022 1.3738 -0.2082
v  0.1728 1.3306 -0.2996
v  0.1728 1.3755 -0.2987
v  0.0066 1.4124 -0.3352
v  0.0896 1.4124 -0.3352
v  -0.0605 1.4115 -0.2864
v  -0.0862 1.4099 -0.2075
v  -0.0605 1.4084 -0.1286
v  0.0066 1.4075 -0.0798
v  0.0896 1.4075 -0.0798
v  0.1567 1.4084 -0.1286
v  0.1824 1.4099 -0.2075
v  0.1567 1.4115 -0.2864
v  0.0280 1.4335 -0.2688
v  0.2195 1.0134 -0.2178
v  0.2168 1.0434 -0.2444
v  0.2168 1.0650 -0.1516
v  0.2186 0.9739 -0.3325
v  0.2026 1.1308 -0.3284
v  0.2206 1.0023 -0.2322
v  0.1884 1.2510 -0.3305
v  0.1949 1.2295 -0.3060
v  0.1896 1.2116 -0.3456
v  0.1982 1.2430 -0.2575
v  0.1849 1.3289 -0.2593
v  0.2051 1.3294 -0.2110
v  0.1912 1.2937 -0.2438
v  0.1849 1.2800 -0.0799
v  0.2094 1.1196 -0.1170
v  0.1610 1.2483 -0.3256
v  0.1621 1.2089 -0.3407
v  0.1674 1.2268 -0.3010
v  0.1703 1.2404 -0.2575
v  0.1940 0.9711 -0.3193
v  0.1927 0.9997 -0.2322
v  0.1780 1.1279 -0.3153
v  0.1888 1.0408 -0.2445
v  0.1916 1.0108 -0.2179
v  0.1889 1.0624 -0.1517
v  0.1815 1.1170 -0.1171
v  0.1568 1.2800 -0.0799
v  0.1632 1.2922 -0.2439
v  0.1771 1.3294 -0.2110
v  0.1568 1.3289 -0.2593
v  -0.0862 1.2800 -0.0799
v  -0.1064 1.3294 -0.2110
v  -0.1107 1.1196 -0.1170
v  -0.0862 1.3289 -0.2593
v  -0.0925 1.2937 -0.2438
v  -0.0995 1.2430 -0.2575
v  -0.0897 1.2510 -0.3305
v  -0.0909 1.2116 -0.3456
v  -0.0962 1.2295 -0.3060
v  -0.1039 1.1308 -0.3284
v  -0.1199 0.9739 -0.3325
v  -0.1219 1.0023 -0.2322
v  -0.1181 1.0434 -0.2444
v  -0.1181 1.0650 -0.1516
v  -0.1208 1.0134 -0.2178
v  -0.0581 1.3289 -0.2593
v  -0.0784 1.3294 -0.2110
v  -0.0645 1.2922 -0.2439
v  -0.0581 1.2800 -0.0799
v  -0.0828 1.1170 -0.1171
v  -0.0902 1.0624 -0.1517
v  -0.0929 1.0108 -0.2179
v  -0.0901 1.0408 -0.2445
v  -0.0953 0.9711 -0.3193
v  -0.0793 1.1279 -0.3153
v  -0.0940 0.9997 -0.2322
v  -0.0634 1.2089 -0.3407
v  -0.0623 1.2483 -0.3256
v  -0.0687 1.2268 -0.3010
v  -0.0716 1.2404 -0.2575
v  -0.1087 1.3237 0.0023
v  -0.3437 1.3722 0.0999
v  -0.1038 1.4004 0.0963
v  -0.3237 1.3080 0.0072
v  -0.1059 1.3835 0.2487
v  -0.3287 1.2671 0.3232
v  -0.1148 1.2977 0.3401
v  -0.3454 1.3576 0.2317
v  -0.1212 1.1937 -0.0888
v  -0.2918 1.1751 -0.0744
v  -0.3378 1.3393 0.1040
v  -0.3212 1.2837 0.0238
v  -0.1148 1.2752 0.3143
v  -0.3256 1.2478 0.2995
v  -0.3394 1.3262 0.2219
v  -0.1196 1.1750 -0.0619
v  -0.2934 1.1579 -0.0502
v  -0.0750 2.2675 0.3177
v  0.0975 2.3051 0.3184
v  -0.0687 2.2142 0.3166
v  0.2889 2.0605 0.3137
v  0.1352 2.0605 0.3137
v  0.2575 2.1358 0.3151
v  0.2450 2.2361 0.3171
v  0.1540 1.7562 0.3078
v  0.0819 1.8346 0.3093
v  0.1415 1.8315 0.3093
v  0.1571 2.0166 0.3128
v  0.0662 1.8848 0.3103
v  0.0379 1.6998 0.3067
v  -0.0029 1.8127 0.3089
v  0.0505 1.7876 0.3084
v  -0.0374 1.7437 0.3076
v  -0.0530 1.8597 0.3098
v  -0.0405 2.0730 0.3139
v  -0.1095 2.0542 0.3136
v  -0.1503 2.0667 0.3138
v  0.0819 1.8341 0.3359
v  0.1540 1.7557 0.3344
v  0.0662 1.8843 0.3369
v  0.1415 1.8310 0.3359
v  0.1571 2.0160 0.3394
v  0.1352 2.0600 0.3403
v  0.2889 2.0600 0.3403
v  0.2575 2.1352 0.3417
v  0.2450 2.2356 0.3437
v  0.0975 2.3046 0.3450
v  -0.0750 2.2670 0.3443
v  -0.0687 2.2137 0.3433
v  -0.1629 2.1792 0.3426
v  -0.1503 2.0662 0.3404
v  -0.1095 2.0537 0.3402
v  -0.0405 2.0725 0.3405
v  -0.0530 1.8592 0.3364
v  -0.0374 1.7432 0.3342
v  -0.0029 1.8122 0.3355
v  -0.1629 2.1797 0.3160
v  0.0505 1.7871 0.3350
v  0.0379 1.6992 0.3333
v  -0.3040 1.9659 0.3385
v  -0.3009 2.0349 0.3398
v  -0.2193 1.9408 0.3380
v  -0.2381 2.0631 0.3404
v  -0.1817 2.0035 0.3392
v  0.3517 2.0662 0.3404
v  0.4489 2.0035 0.3392
v  0.3109 1.9941 0.3390
v  0.4458 1.9408 0.3380
v  0.3862 1.9063 0.3373
v  0.4238 1.8310 0.3359
v  0.3517 1.7933 0.3351
v  0.2889 1.8874 0.3370
v  -0.1597 1.8906 0.3370
v  -0.2130 1.8059 0.3354
v  -0.2727 1.8592 0.3364
v  0.3517 1.7928 0.3618
v  0.4238 1.8305 0.3626
v  0.2889 1.8869 0.3636
v  0.3862 1.9058 0.3640
v  0.4458 1.9403 0.3647
v  0.4489 2.0030 0.3659
v  0.3517 2.0657 0.3671
v  0.3109 1.9936 0.3657
v  -0.2381 2.0626 0.3670
v  -0.3009 2.0344 0.3665
v  -0.1817 2.0030 0.3659
v  -0.3040 1.9653 0.3652
v  -0.2193 1.9403 0.3647
v  -0.2727 1.8587 0.3631
v  -0.1597 1.8901 0.3637
v  -0.2130 1.8054 0.3621
v  0.0284 2.0124 0.3647
v  0.0107 2.0118 0.3953
v  0.0638 2.0124 0.3647
v  0.0284 2.0112 0.4259
v  0.0638 2.0112 0.4259
v  0.0814 2.0118 0.3953
v  0.0284 1.3008 0.3510
v  0.0638 1.3008 0.3510
v  0.0107 1.3002 0.3816
v  0.0284 1.2996 0.4122
v  0.0638 1.2996 0.4122
v  0.0814 1.3002 0.3816
v  0.0189 1.3044 0.3346
v  -0.0083 1.3035 0.3817
v  0.0733 1.3044 0.3346
v  0.0189 1.3026 0.4288
v  0.0733 1.3026 0.4288
v  0.1005 1.3035 0.3817
v  0.0733 0.9619 0.4222
v  0.0189 0.9619 0.4222
v  0.1005 0.9628 0.3751
v  -0.0083 0.9628 0.3751
v  0.0189 0.9637 0.3280
v  0.0733 0.9637 0.3280
v  0.5928 1.0629 0.1705
v  0.5642 1.1237 0.1459
v  0.5508 1.1294 0.1521
v  0.3723 1.2597 0.2392
v  0.4289 1.1251 -0.0016
v  0.4512 1.1870 0.2736
v  0.3522 1.2039 -0.0088
v  0.4095 1.2991 0.1707
v  0.4926 1.2310 0.1985
v  0.3957 1.2642 0.0117
v  0.4773 1.1922 0.0221
v  0.4642 1.3209 0.1203
v  0.4265 1.2786 0.1639
v  0.4535 1.2531 0.1461
v  0.4234 1.2694 0.1182
v  0.3933 1.2367 0.2352
v  0.4078 1.2423 0.0323
v  0.4172 1.2741 0.1760
v  0.3800 1.1862 0.0109
v  0.3246 1.2806 0.2116
v  0.3374 1.2852 0.0282
v  0.3125 1.2351 0.0095
v  0.3459 1.3138 0.1578
v  0.5406 1.0871 0.0409
v  0.4054 1.1575 -0.0198
v  0.4724 1.2194 0.0066
v  0.4323 1.2135 0.2791
v  0.4856 1.0620 0.0033
v  0.5159 1.1191 0.3163
v  0.4915 1.2560 0.1970
v  0.5627 1.1353 0.2364
v  0.5597 1.2510 0.1568
v  0.5023 1.2253 0.1992
v  0.5211 1.1856 0.1831
v  0.4982 1.2164 0.1476
v  0.5480 1.2301 0.0357
v  0.4925 1.2069 0.0823
v  0.5089 1.1662 0.0660
v  0.4848 1.1970 0.0316
v  0.3857 1.3313 0.1273
v  0.3566 1.2943 0.1609
v  0.3803 1.2760 0.1468
v  0.3560 1.2877 0.1237
v  0.3808 1.3136 0.0428
v  0.3520 1.2784 0.0788
v  0.3754 1.2590 0.0656
v  0.3508 1.2694 0.0425
v  0.5875 1.0511 0.1838
v  0.5864 1.0473 0.1711
v  0.5496 1.1256 0.1395
v  0.4510 1.3012 0.0362
v  0.4132 1.2589 0.0798
v  0.4403 1.2334 0.0621
v  0.4102 1.2497 0.0341
v  0.6281 1.0391 0.0834
v  0.6014 0.9856 0.1114
v  0.5784 1.0104 0.0801
v  0.5856 1.0223 0.1242
v  0.5943 1.0773 0.2401
v  0.5682 1.1392 0.2142
v  0.5550 1.1456 0.2200
v  0.5884 1.0659 0.2533
v  0.5873 1.0620 0.2407
v  0.5538 1.1417 0.2073
v  0.5884 1.0477 0.0931
v  0.5584 1.1087 0.0762
v  0.5456 1.1129 0.0842
v  0.5842 1.0345 0.1059
v  0.5817 1.0329 0.0925
v  0.5432 1.1113 0.0708
v  0.6054 0.9212 0.3717
v  0.6389 0.8919 0.0984
v  0.6530 0.9321 0.3181
v  0.5892 0.8581 0.0636
v  0.5341 1.0864 0.3249
v  0.5700 1.0455 0.0605
v  0.5208 1.0207 0.0157
v  0.5805 1.0856 0.2682
v  0.6372 1.0691 0.2430
v  0.5894 1.0468 0.2722
v  0.6095 1.0133 0.2578
v  0.5911 1.0417 0.2250
v  0.6314 1.0576 0.1603
v  0.5878 1.0348 0.1972
v  0.6076 1.0009 0.1831
v  0.5847 1.0256 0.1514
v  -0.3175 0.8936 0.0023
v  -0.2472 0.9471 0.1011
v  -0.2481 0.8743 0.0990
v  -0.3930 1.0458 0.1353
v  -0.3875 1.0903 0.0166
v  -0.3869 1.0250 0.0422
v  -0.3831 1.1307 0.1355
v  -0.3053 1.0462 0.2310
v  -0.3534 1.0028 0.2162
v  -0.3368 1.2112 0.1053
v  -0.3410 1.1692 -0.0180
v  -0.5061 0.8392 -0.0962
v  -0.5527 0.7813 -0.0790
v  -0.4803 0.8870 -0.0022
v  -0.5661 0.7636 -0.2159
v  -0.5234 0.8076 -0.2227
v  -0.2905 0.8691 0.2294
v  -0.2787 0.8346 0.1047
v  -0.3451 0.7919 0.1929
v  -0.3512 0.8552 0.0106
v  -0.4439 0.9728 0.0211
v  -0.4598 0.8992 0.0239
v  -0.4568 0.9991 0.1391
v  -0.4817 0.9070 0.1383
v  -0.4002 0.8126 0.2035
v  -0.3745 0.9192 0.2526
v  -0.2615 0.9531 0.2138
v  -0.3000 0.9625 0.0218
v  -0.3288 1.0400 -0.0305
v  -0.2095 1.2499 0.1355
v  -0.2669 1.2599 0.0720
v  -0.2532 1.0024 -0.0149
v  -0.1731 0.9928 0.0852
v  -0.2816 1.1196 -0.0618
v  -0.2599 1.2271 -0.0078
v  -0.1808 1.1749 -0.0274
v  -0.2079 1.0815 -0.0507
v  -0.1701 1.0307 0.1963
v  -0.2269 0.9980 0.2125
v  -0.2312 1.0844 0.2473
v  -0.3046 1.1190 0.2279
v  -0.1872 1.1671 0.2174
v  -0.2606 1.2006 0.1958
v  -0.1247 1.1118 0.1649
v  -0.1248 1.0720 0.0546
v  -0.4371 0.6644 -0.1939
v  -0.4429 0.7825 -0.2245
v  -0.1784 1.2388 0.0440
v  -0.1347 1.2009 0.1178
v  -0.3645 0.8430 0.0268
v  -0.4535 0.8685 0.0501
v  -0.4083 0.8325 -0.1112
v  -0.3024 0.7814 0.0356
v  -0.3199 0.7873 0.0927
v  -0.3622 0.7584 -0.1000
v  -0.3994 0.7313 -0.2156
v  -0.3549 0.7316 0.1755
v  -0.3666 0.7128 0.0894
v  -0.4429 0.6690 -0.0603
v  -0.4372 0.7746 0.1524
v  -0.4723 0.7334 0.1008
v  -0.5277 0.7109 -0.0587
v  -0.4986 0.6443 -0.1893
v  -0.4733 0.8302 0.1190
v  -0.5247 0.8150 0.0634
v  -0.5651 0.7013 -0.2028
v  -0.4304 0.7944 0.2096
v  -0.3946 0.6417 0.2732
v  -0.3386 0.7763 0.1948
v  -0.4611 0.7435 0.1544
v  -0.3750 0.7121 0.1280
v  -0.4741 0.8947 0.0178
v  -0.3575 0.8636 0.0170
v  -0.2961 0.7759 0.0232
v  -0.3670 0.6895 0.0556
v  -0.4897 0.7134 0.0689
v  -0.5389 0.8179 0.0521
v  -0.2725 0.8250 0.1071
v  -0.3513 0.8489 0.0072
v  -0.3142 0.8263 0.2304
v  -0.4644 0.8930 0.0186
v  -0.4924 0.8818 0.1405
v  -0.3081 0.7847 0.0872
v  -0.3894 0.8496 0.2470
v  -0.4517 0.8056 -0.3134
v  -0.4346 0.7777 -0.2615
v  -0.4221 0.7496 -0.2664
v  -0.5292 0.6527 -0.4103
v  -0.5188 0.7307 -0.3888
v  -0.5082 0.6823 -0.3698
v  -0.5050 0.7843 -0.3999
v  -0.4952 0.7660 -0.3906
v  -0.4877 0.8297 -0.4011
v  -0.4540 0.7394 -0.2176
v  -0.4635 0.7774 -0.2276
v  -0.5021 0.7935 -0.2117
v  -0.5543 0.7017 -0.1877
v  -0.5518 0.7621 -0.1976
v  -0.5736 0.7437 -0.2494
v  -0.4934 0.6546 -0.1847
v  -0.5460 0.6626 -0.2665
v  -0.4461 0.6745 -0.1927
v  -0.4842 0.6532 -0.2655
v  -0.5853 0.7633 -0.3425
v  -0.5675 0.6625 -0.4013
v  -0.3487 0.7200 0.1833
v  -0.5162 0.7992 -0.2366
v  -0.4825 0.8504 -0.2608
v  -0.5519 0.8165 -0.3294
v  -0.5440 0.8083 -0.4054
v  -0.5229 0.8523 -0.3917
v  -0.3722 0.7582 -0.3768
v  -0.3623 0.7595 -0.2902
v  -0.3999 0.7645 -0.3119
v  -0.3405 0.7500 -0.3727
v  -0.3508 0.8171 -0.2833
v  -0.3324 0.7909 -0.3724
v  -0.4064 0.7913 -0.3121
v  -0.3640 0.7944 -0.3759
v  -0.4380 0.8139 -0.2352
v  -0.4531 0.7602 0.1959
v  -0.4861 0.8344 0.1178
v  -0.4632 0.8789 0.0378
v  -0.4994 0.7304 -0.1817
v  -0.4435 0.7702 -0.4444
v  -0.4945 0.6415 -0.4402
v  -0.5115 0.6480 -0.4060
v  -0.4601 0.7630 -0.4100
v  -0.4358 0.6260 -0.4037
v  -0.3989 0.7441 -0.3882
v  -0.4586 0.6333 -0.3851
v  -0.3900 0.7974 -0.3869
v  -0.4276 0.8163 -0.4439
v  -0.4455 0.8173 -0.4035
v  -0.3590 0.7908 -0.4098
v  -0.4386 0.7784 -0.4433
v  -0.3706 0.7527 -0.4089
v  -0.4017 0.7591 -0.3859
v  -0.4551 0.7791 -0.4036
v  -0.3663 0.7489 -0.4073
v  0.4288 0.8924 0.1373
v  0.3593 0.8925 0.2359
v  0.3584 0.9643 0.2237
v  0.5043 1.0677 0.2379
v  0.4981 1.0292 0.1507
v  0.4988 1.0882 0.1128
v  0.4944 1.1511 0.2214
v  0.4166 1.0869 0.3317
v  0.4647 1.0414 0.3257
v  0.4522 1.1588 0.0634
v  0.4481 1.2242 0.1761
v  0.6173 0.8199 0.0514
v  0.5915 0.8851 0.1342
v  0.6639 0.7664 0.0796
v  0.6774 0.7223 -0.0511
v  0.6346 0.7640 -0.0665
v  0.4017 0.9129 0.3649
v  0.3900 0.8547 0.2493
v  0.4564 0.8301 0.3441
v  0.4625 0.8565 0.1530
v  0.5551 0.9739 0.1402
v  0.5711 0.9022 0.1574
v  0.5680 1.0227 0.2508
v  0.5930 0.9323 0.2681
v  0.5115 0.8525 0.3505
v  0.4858 0.9667 0.3778
v  0.3728 0.9922 0.3331
v  0.4113 0.9638 0.1430
v  0.4401 1.0296 0.0765
v  0.3782 1.2653 0.1339
v  0.2844 1.0060 0.1992
v  0.3644 0.9958 0.0992
v  0.3929 1.1015 0.0301
v  0.2813 1.0650 0.3007
v  0.3382 1.0360 0.3230
v  0.3425 1.1276 0.3402
v  0.4158 1.1577 0.3144
v  0.2985 1.2029 0.2946
v  0.3718 1.2314 0.2669
v  0.5484 0.6293 -0.0102
v  0.5541 0.7390 -0.0633
v  0.4758 0.8477 0.1713
v  0.5648 0.8772 0.1891
v  0.5196 0.8104 0.0380
v  0.4137 0.7890 0.1920
v  0.4312 0.8060 0.2468
v  0.4735 0.7398 0.0635
v  0.5106 0.6906 -0.0446
v  0.4661 0.7675 0.3389
v  0.4778 0.7322 0.2581
v  0.5542 0.6599 0.1199
v  0.5485 0.8052 0.3078
v  0.5836 0.7547 0.2653
v  0.6389 0.7013 0.1133
v  0.6098 0.6105 -0.0018
v  0.5846 0.8532 0.2642
v  0.6359 0.8273 0.2127
v  0.6764 0.6637 -0.0261
v  0.5417 0.8359 0.3600
v  0.4498 0.8152 0.3491
v  0.5059 0.6985 0.4524
v  0.5724 0.7751 0.3159
v  0.4863 0.7391 0.2962
v  0.5854 0.8966 0.1523
v  0.4073 0.7812 0.1809
v  0.4688 0.8659 0.1577
v  0.4783 0.7027 0.2296
v  0.6010 0.7288 0.2379
v  0.6502 0.8280 0.2010
v  0.3837 0.8458 0.2535
v  0.4255 0.8712 0.3742
v  0.4626 0.8496 0.1509
v  0.5756 0.8951 0.1534
v  0.6037 0.9080 0.2751
v  0.4194 0.8023 0.2419
v  0.5006 0.8973 0.3859
v  0.5629 0.7444 -0.1550
v  0.5333 0.6986 -0.0980
v  0.5459 0.7272 -0.0986
v  0.6404 0.5754 -0.2200
v  0.6194 0.6123 -0.1861
v  0.6300 0.6561 -0.2142
v  0.6163 0.7065 -0.2356
v  0.6064 0.6903 -0.2230
v  0.5990 0.7508 -0.2458
v  0.5653 0.6982 -0.0481
v  0.6134 0.7523 -0.0529
v  0.5748 0.7335 -0.0654
v  0.6656 0.6671 -0.0114
v  0.6848 0.6962 -0.0801
v  0.6631 0.7244 -0.0329
v  0.6047 0.6215 0.0007
v  0.5574 0.6394 -0.0110
v  0.6573 0.6133 -0.0810
v  0.5955 0.6043 -0.0782
v  0.6965 0.6971 -0.1753
v  0.6788 0.5868 -0.2132
v  0.4600 0.7577 0.3488
v  0.6275 0.7531 -0.0784
v  0.6632 0.7518 -0.1728
v  0.5938 0.7985 -0.1122
v  0.6553 0.7290 -0.2458
v  0.6341 0.7747 -0.2409
v  0.4834 0.6854 -0.2079
v  0.5112 0.7043 -0.1455
v  0.4736 0.7037 -0.1232
v  0.4518 0.6781 -0.2023
v  0.4621 0.7615 -0.1277
v  0.4437 0.7183 -0.2100
v  0.5177 0.7306 -0.1509
v  0.4753 0.7211 -0.2141
v  0.5493 0.7678 -0.0799
v  0.5644 0.7996 0.3533
v  0.5974 0.8571 0.2622
v  0.5744 0.8850 0.1751
v  0.6107 0.6964 -0.0111
v  0.6058 0.5586 -0.2472
v  0.5547 0.6840 -0.2766
v  0.6227 0.5717 -0.2149
v  0.5713 0.6836 -0.2414
v  0.5470 0.5505 -0.2084
v  0.5699 0.5613 -0.1916
v  0.5102 0.6694 -0.2163
v  0.5013 0.7218 -0.2254
v  0.5568 0.7382 -0.2456
v  0.5389 0.7292 -0.2850
v  0.4703 0.7109 -0.2467
v  0.5499 0.6922 -0.2771
v  0.4819 0.6737 -0.2383
v  0.5129 0.6845 -0.2170
v  0.5664 0.7007 -0.2383
v  0.4775 0.6703 -0.2359
v  0.2805 0.9642 0.5400
v  0.2279 0.9473 0.5049
v  0.2180 0.9269 0.4446
v  0.3837 0.9557 0.4793
v  0.3451 0.9677 0.5294
v  0.3738 0.9353 0.4190
v  0.3212 0.9185 0.3838
v  0.2566 0.9150 0.3945
v  0.2839 0.9147 0.4920
v  0.2758 0.9055 0.4659
v  0.2960 0.9011 0.4457
v  0.3325 0.9153 0.4778
v  0.3123 0.9196 0.4980
v  0.3243 0.9061 0.4517
v  0.3296 0.9423 0.4301
v  0.3415 0.9558 0.4683
v  0.2882 0.9351 0.4215
v  0.2586 0.9414 0.4509
v  0.2706 0.9549 0.4891
v  0.3120 0.9621 0.4977
# 2209 vertices

vn -0.0001 -1.0000 -0.0003
vn -0.2323 -0.9671 -0.1041
vn -0.3184 -0.9248 -0.2084
vn -0.3747 -0.9244 -0.0709
vn -0.1742 -0.9673 -0.1843
vn -0.2169 -0.9232 -0.3172
vn -0.0915 -0.9665 -0.2396
vn -0.0776 -0.9256 -0.3705
vn 0.0071 -0.9672 -0.2537
vn 0.0701 -0.9261 -0.3708
vn 0.1042 -0.9669 -0.2331
vn 0.2060 -0.9262 -0.3159
vn 0.1836 -0.9676 -0.1734
vn 0.3177 -0.9231 -0.2168
vn 0.2367 -0.9674 -0.0903
vn 0.3756 -0.9235 -0.0786
vn 0.2534 -0.9673 0.0070
vn 0.3707 -0.9261 0.0699
vn 0.2330 -0.9669 0.1043
vn 0.3214 -0.9235 0.2094
vn 0.1740 -0.9674 0.1842
vn 0.2169 -0.9228 0.3185
vn 0.0905 -0.9672 0.2375
vn 0.0785 -0.9235 0.3754
vn -0.0072 -0.9669 0.2552
vn -0.0708 -0.9247 0.3741
vn -0.1049 -0.9665 0.2343
vn -0.2104 -0.9232 0.3217
vn -0.1834 -0.9677 0.1732
vn -0.3144 -0.9248 0.2144
vn -0.2396 -0.9665 0.0916
vn -0.3726 -0.9247 0.0778
vn -0.2521 -0.9677 -0.0074
vn -0.9166 0.0154 -0.3994
vn -0.9727 0.1318 -0.1908
vn -0.8256 0.1313 -0.5488
vn -0.4113 0.8944 -0.1756
vn -0.3616 0.8994 -0.2454
vn -0.4287 0.8991 -0.0885
vn -0.3124 0.8947 -0.3192
vn -0.6935 0.0147 -0.7203
vn -0.2402 0.8995 -0.3649
vn -0.5519 0.1343 -0.8230
vn -0.1669 0.8940 -0.4157
vn -0.3648 0.0162 -0.9309
vn -0.0824 0.8998 -0.4286
vn -0.1955 0.1302 -0.9720
vn 0.0046 0.8952 -0.4457
vn 0.0191 0.0150 -0.9997
vn 0.0884 0.8994 -0.4282
vn 0.1922 0.1279 -0.9730
vn 0.1760 0.8940 -0.4120
vn 0.3998 0.0155 -0.9165
vn 0.2453 0.8994 -0.3617
vn 0.5494 0.1282 -0.8257
vn 0.3191 0.8948 -0.3124
vn 0.7203 0.0135 -0.6936
vn 0.3662 0.8989 -0.2408
vn 0.8230 0.1330 -0.5523
vn 0.4152 0.8943 -0.1667
vn 0.9309 0.0146 -0.3650
vn 0.4293 0.8994 -0.0822
vn 0.9715 0.1335 -0.1961
vn 0.4459 0.8951 0.0044
vn 0.9997 0.0162 0.0186
vn 0.4283 0.8993 0.0882
vn 0.9731 0.1279 0.1918
vn 0.4117 0.8942 0.1760
vn 0.9163 0.0154 0.4001
vn 0.3622 0.8991 0.2458
vn 0.8249 0.1330 0.5495
vn 0.3125 0.8946 0.3194
vn 0.6936 0.0154 0.7202
vn 0.2408 0.8988 0.3662
vn 0.5530 0.1349 0.8222
vn 0.1669 0.8941 0.4156
vn 0.3651 0.0146 0.9309
vn 0.0822 0.8991 0.4300
vn 0.1959 0.1336 0.9715
vn -0.0046 0.8951 0.4459
vn -0.0180 0.0178 0.9997
vn -0.0882 0.8994 0.4282
vn -0.1915 0.1312 0.9727
vn -0.1760 0.8942 0.4117
vn -0.4002 0.0170 0.9163
vn -0.2456 0.8993 0.3619
vn -0.5485 0.1346 0.8253
vn -0.3189 0.8950 0.3119
vn -0.7200 0.0153 0.6938
vn -0.3643 0.8999 0.2397
vn -0.8227 0.1322 0.5529
vn -0.4146 0.8946 0.1666
vn -0.9307 0.0175 0.3653
vn -0.4295 0.8993 0.0824
vn -0.9717 0.1318 0.1959
vn -0.4459 0.8951 -0.0046
vn -0.9997 0.0147 -0.0190
vn -0.4696 0.8829 -0.0043
vn -0.4614 0.8829 0.0876
vn -0.4594 0.8831 -0.0955
vn -0.4316 0.8833 -0.1833
vn -0.3871 0.8836 -0.2636
vn -0.5657 0.7290 -0.3854
vn -0.6305 0.7285 -0.2679
vn -0.7759 0.3424 -0.5299
vn -0.8638 0.3451 -0.3672
vn -0.6697 0.7294 -0.1393
vn -0.9188 0.3455 -0.1909
vn -0.7751 0.3473 -0.5279
vn -0.8620 0.3515 -0.3654
vn -0.9169 0.3502 -0.1915
vn -0.6580 0.3437 -0.6700
vn -0.4796 0.7294 -0.4878
vn -0.5151 0.3440 -0.7851
vn -0.3742 0.7313 -0.5702
vn -0.5140 0.3476 -0.7842
vn -0.6566 0.3501 -0.6681
vn -0.3517 0.3472 -0.8693
vn -0.2572 0.7265 -0.6373
vn -0.1743 0.3503 -0.9203
vn -0.1282 0.7280 -0.6735
vn -0.1742 0.3562 -0.9180
vn -0.3502 0.3552 -0.8667
vn 0.0093 0.3507 -0.9365
vn 0.0065 0.7278 -0.6857
vn 0.1916 0.3458 -0.9185
vn 0.1388 0.7303 -0.6688
vn 0.1911 0.3466 -0.9183
vn 0.0076 0.3549 -0.9349
vn 0.3664 0.3491 -0.8625
vn 0.2682 0.7277 -0.6312
vn 0.5287 0.3450 -0.7755
vn 0.3852 0.7293 -0.5654
vn 0.5278 0.3485 -0.7746
vn 0.3653 0.3548 -0.8606
vn 0.6701 0.3438 -0.6579
vn 0.4880 0.7293 -0.4795
vn 0.7871 0.3396 -0.5150
vn 0.5725 0.7289 -0.3755
vn 0.7846 0.3475 -0.5134
vn 0.6681 0.3500 -0.6566
vn 0.8678 0.3517 -0.3509
vn 0.6357 0.7280 -0.2569
vn 0.9220 0.3456 -0.1747
vn 0.6738 0.7278 -0.1276
vn 0.9203 0.3499 -0.1751
vn 0.8663 0.3562 -0.3501
vn 0.9395 0.3424 0.0085
vn 0.6840 0.7294 0.0057
vn 0.9185 0.3459 0.1916
vn 0.6684 0.7308 0.1386
vn 0.9163 0.3522 0.1906
vn 0.9379 0.3467 0.0088
vn 0.8609 0.3540 0.3655
vn 0.6281 0.7311 0.2664
vn 0.7749 0.3475 0.5280
vn 0.5669 0.7276 0.3864
vn 0.7744 0.3508 0.5265
vn 0.8606 0.3548 0.3653
vn 0.6571 0.3450 0.6702
vn 0.4807 0.7279 0.4889
vn 0.5139 0.3474 0.7844
vn 0.3754 0.7290 0.5724
vn 0.5117 0.3557 0.7821
vn 0.6557 0.3530 0.6674
vn 0.3502 0.3496 0.8690
vn 0.2565 0.7282 0.6356
vn 0.1755 0.3422 0.9231
vn 0.1270 0.7281 0.6736
vn 0.1737 0.3491 0.9209
vn 0.3506 0.3561 0.8662
vn -0.0082 0.3425 0.9395
vn -0.0056 0.7294 0.6841
vn -0.1910 0.3460 0.9186
vn -0.1389 0.7285 0.6708
vn -0.1904 0.3564 0.9147
vn -0.0089 0.3466 0.9380
vn -0.3658 0.3527 0.8613
vn -0.2681 0.7277 0.6313
vn -0.5283 0.3473 0.7748
vn -0.3858 0.7282 0.5664
vn -0.5275 0.3483 0.7749
vn -0.3656 0.3534 0.8610
vn -0.6694 0.3469 0.6569
vn -0.4883 0.7287 0.4801
vn -0.7830 0.3503 0.5140
vn -0.5720 0.7297 0.3746
vn -0.7825 0.3532 0.5128
vn -0.6683 0.3487 0.6571
vn -0.8709 0.3439 0.3512
vn -0.6359 0.7278 0.2570
vn -0.9199 0.3509 0.1752
vn -0.6732 0.7284 0.1277
vn -0.9190 0.3541 0.1734
vn -0.8687 0.3498 0.3507
vn -0.9365 0.3507 -0.0086
vn -0.6840 0.7294 -0.0061
vn -0.9349 0.3549 -0.0086
vn -0.4577 0.8891 -0.0036
vn -0.4529 0.8874 0.0857
vn -0.4489 0.8887 -0.0927
vn -0.4211 0.8892 -0.1791
vn -0.3795 0.8882 -0.2591
vn -0.0003 1.0000 0.0003
vn -0.4244 0.8891 0.1714
vn -0.3820 0.8895 0.2505
vn -0.3296 0.8870 0.3233
vn -0.2601 0.8867 0.3821
vn -0.1814 0.8861 0.4264
vn -0.0912 0.8920 0.4428
vn -0.0039 0.8890 0.4579
vn 0.0857 0.8890 0.4498
vn 0.1713 0.8893 0.4241
vn 0.2490 0.8910 0.3797
vn 0.3203 0.8895 0.3259
vn 0.3798 0.8882 0.2587
vn 0.4213 0.8892 0.1785
vn 0.4438 0.8913 0.0925
vn 0.4577 0.8891 0.0038
vn 0.4516 0.8881 -0.0855
vn 0.4266 0.8879 -0.1718
vn 0.3796 0.8910 -0.2490
vn 0.3255 0.8897 -0.3202
vn 0.2588 0.8883 -0.3794
vn 0.1786 0.8891 -0.4215
vn 0.0936 0.8882 -0.4498
vn 0.0041 0.8892 -0.4574
vn -0.0851 0.8895 -0.4490
vn -0.1711 0.8893 -0.4241
vn -0.2493 0.8909 -0.3796
vn -0.3202 0.8896 -0.3256
vn -0.4350 0.8831 0.1760
vn -0.3943 0.8819 0.2582
vn -0.3350 0.8827 0.3295
vn -0.2644 0.8828 0.3883
vn -0.1838 0.8828 0.4323
vn -0.0954 0.8830 0.4595
vn -0.0041 0.8829 0.4696
vn 0.0872 0.8833 0.4606
vn 0.1756 0.8833 0.4348
vn 0.2574 0.8828 0.3930
vn 0.3290 0.8831 0.3345
vn 0.3884 0.8827 0.2646
vn 0.4323 0.8827 0.1839
vn 0.4597 0.8829 0.0955
vn 0.4696 0.8829 0.0040
vn 0.4613 0.8830 -0.0873
vn 0.4350 0.8832 -0.1755
vn 0.3919 0.8835 -0.2566
vn 0.3340 0.8836 -0.3282
vn 0.2640 0.8832 -0.3877
vn 0.1839 0.8827 -0.4325
vn 0.0955 0.8830 -0.4596
vn 0.0041 0.8826 -0.4701
vn -0.0874 0.8822 -0.4627
vn -0.1757 0.8832 -0.4349
vn -0.2575 0.8826 -0.3933
vn -0.3283 0.8835 -0.3340
vn 0.2577 -0.8389 0.4794
vn 0.2039 -0.3133 0.9275
vn 0.2038 -0.3124 0.9278
vn -0.7538 -0.2469 -0.6090
vn 0.5960 0.0585 -0.8008
vn 0.4599 0.0413 -0.8870
vn -0.6537 -0.2092 -0.7273
vn 0.0590 0.3383 0.9392
vn 0.9534 0.2140 -0.2130
vn 0.9470 0.1661 -0.2750
vn -0.4135 -0.5893 0.6941
vn 0.7924 -0.3180 0.5206
vn 0.2572 -0.7696 0.5844
vn -0.0725 -0.2884 -0.9548
vn 0.9338 0.3020 0.1917
vn -0.8849 -0.1072 0.4533
vn -0.9954 -0.0722 0.0635
vn -0.9961 -0.0572 0.0668
vn -0.9905 -0.1168 0.0727
vn -0.9740 -0.1852 0.1303
vn -0.9932 -0.0669 0.0957
vn -0.0565 0.6771 0.7337
vn -0.1420 0.8799 0.4535
vn -0.0493 0.6755 0.7357
vn -0.2491 0.9339 -0.2566
vn -0.0732 -0.2854 -0.9556
vn -0.0732 -0.2853 -0.9556
vn -0.0732 -0.2855 -0.9556
vn 0.9096 0.3587 -0.2094
vn 0.9196 0.3465 -0.1852
vn 0.9243 0.3105 -0.2219
vn 0.9691 0.2072 -0.1341
vn 0.6348 0.7250 -0.2672
vn 0.2155 0.9092 0.3562
vn 0.5073 0.4738 -0.7198
vn 0.5817 0.7703 0.2612
vn -0.2476 0.9325 -0.2629
vn -0.9266 0.3737 -0.0426
vn -0.4792 0.4520 0.7524
vn -0.9265 0.3740 -0.0426
vn 0.0725 0.2884 0.9548
vn 0.2056 -0.3234 0.9236
vn 0.8489 0.4837 -0.2133
vn 0.8459 0.4892 -0.2125
vn 0.7880 0.5685 -0.2361
vn 0.3305 0.8964 -0.2954
vn -0.9736 -0.2201 0.0607
vn 0.9514 0.2671 -0.1530
vn -0.9635 -0.2676 -0.0083
vn 0.9454 0.2804 -0.1662
vn 0.9789 0.1330 -0.1549
vn 0.9779 0.1573 -0.1378
vn 0.9834 0.1221 -0.1344
vn -0.9970 -0.0063 0.0776
vn -0.9780 -0.1672 0.1247
vn -0.9784 -0.1663 0.1229
vn -0.9952 0.0860 0.0461
vn -0.9958 0.0755 0.0522
vn -0.9853 0.1696 0.0190
vn -0.9873 0.1567 0.0278
vn 0.2476 -0.9325 0.2629
vn 0.2416 -0.9512 0.1921
vn 0.2417 -0.9509 0.1932
vn -0.9311 -0.3234 0.1684
vn -0.9314 -0.3243 0.1654
vn 0.7848 0.5291 -0.3227
vn 0.8239 0.4926 -0.2803
vn 0.9405 0.2604 -0.2183
vn 0.8882 0.4169 -0.1933
vn 0.7864 0.5269 -0.3224
vn 0.9497 -0.2568 -0.1792
vn 0.9852 -0.0894 -0.1465
vn 0.9880 0.1100 -0.1082
vn 0.1992 -0.9725 -0.1208
vn -0.9891 0.1308 -0.0677
vn -0.9963 0.0837 -0.0186
vn -0.9896 0.1274 -0.0669
vn -0.9946 -0.1037 0.0081
vn -0.9703 -0.2011 0.1344
vn -0.9780 -0.1671 0.1247
vn -0.7632 -0.6427 0.0671
vn -0.8555 -0.5041 0.1186
vn 0.2326 -0.9669 0.1050
vn -0.2476 0.9327 -0.2624
vn -0.2579 0.8267 -0.5001
vn 0.9734 0.1879 -0.1309
vn 0.9731 0.1894 -0.1311
vn -0.9340 -0.3185 0.1621
vn -0.9353 -0.3127 0.1654
vn -0.3771 0.8941 -0.2415
vn 0.4125 0.8629 -0.2920
vn 0.9816 0.1490 -0.1195
vn -0.7984 0.5905 -0.1178
vn -0.9218 0.3849 -0.0463
vn -0.9456 -0.2846 0.1577
vn -0.8415 -0.4962 0.2137
vn -0.4825 -0.8277 0.2866
vn 0.8428 -0.5295 0.0960
vn 0.7677 -0.6273 0.1312
vn 0.9953 -0.0830 -0.0505
vn 0.8477 0.4865 -0.2113
vn 0.9462 0.2829 -0.1573
vn -0.5032 0.8371 -0.2146
vn 0.0270 0.9564 -0.2909
vn 0.4125 0.8629 -0.2919
vn -0.9960 0.0718 0.0539
vn -0.9596 0.2811 -0.0121
vn -0.3808 -0.8768 0.2937
vn -0.5749 -0.7702 0.2763
vn -0.8573 -0.4712 0.2074
vn 0.7772 -0.6163 0.1271
vn 0.9968 -0.0541 -0.0593
vn -0.3160 -0.7109 0.6284
vn -0.9984 -0.0060 -0.0555
vn -0.7987 -0.4683 0.3778
vn -0.7574 0.4589 -0.4644
vn -0.6863 0.1758 -0.7057
vn 0.3414 0.7051 -0.6215
vn 0.6915 -0.0481 -0.7207
vn 0.9984 0.0060 0.0556
vn 0.7889 -0.4295 0.4395
vn 0.2788 -0.7013 0.6560
vn -0.0451 0.6728 0.7384
vn 0.1995 -0.3171 0.9272
vn 0.2541 -0.7084 0.6584
vn 0.2520 -0.7120 0.6554
vn 0.1954 -0.3223 0.9262
vn -0.0458 0.6746 0.7367
vn -0.2131 0.9746 0.0692
vn -0.2518 0.9326 -0.2584
vn 0.8054 -0.4178 -0.4204
vn 0.0451 -0.6728 -0.7384
vn 0.3959 0.6791 -0.6181
vn 0.4326 0.8534 -0.2906
vn 0.9661 0.2174 -0.1390
vn -0.9661 -0.2174 0.1390
vn 0.2323 -0.4987 0.8351
vn 0.2399 -0.5591 0.7936
vn -0.2529 0.6921 -0.6760
vn -0.2005 0.2936 -0.9347
vn 0.1312 0.0498 0.9901
vn 0.1312 0.0497 0.9901
vn -0.6022 0.2347 0.7631
vn -0.5154 0.7342 0.4419
vn 0.7301 -0.6831 0.0186
vn -0.4509 0.4278 0.7834
vn -0.4520 0.4278 0.7827
vn -0.4469 0.4275 0.7858
vn -0.4563 0.4281 0.7801
vn -0.6836 0.7299 -0.0044
vn -0.5146 0.6993 -0.4962
vn -0.5044 0.6965 -0.5104
vn -0.7093 -0.1122 0.6959
vn -0.4379 -0.0924 -0.8943
vn 0.7478 0.6282 0.2147
vn 0.8602 0.4741 0.1878
vn 0.8528 0.4855 0.1925
vn 0.8619 0.4714 0.1867
vn 0.8483 0.4923 0.1952
vn -0.4476 0.8323 -0.3269
vn -0.1556 0.5677 -0.8084
vn -0.1560 0.5630 -0.8116
vn 0.6031 -0.7971 -0.0303
vn -0.3581 0.4961 0.7910
vn -0.3594 0.4964 0.7902
vn -0.3529 0.4948 0.7941
vn -0.3651 0.4977 0.7868
vn -0.3285 0.2805 -0.9019
vn -0.7118 0.4192 -0.5636
vn 0.7914 -0.6109 0.0234
vn 0.7895 -0.6133 0.0239
vn 0.7887 -0.6143 0.0241
vn 0.7922 -0.6098 0.0231
vn -0.5088 0.3561 0.7838
vn -0.8883 0.4494 -0.0944
vn -0.8962 0.4273 -0.1190
vn -0.8866 0.4537 0.0897
vn -0.6543 -0.3310 0.6799
vn -0.3324 -0.2571 -0.9074
vn 0.4331 0.8690 0.2394
vn -0.6996 -0.3230 0.6374
vn -0.2624 -0.2754 -0.9248
vn 0.4138 0.8753 0.2504
vn -0.7633 -0.6105 -0.2112
vn -0.7558 -0.6186 -0.2147
vn -0.7509 -0.6238 -0.2170
vn -0.7654 -0.6082 -0.2103
vn 0.7638 0.6098 0.2113
vn 0.7555 0.6188 0.2152
vn 0.7662 0.6073 0.2102
vn 0.7500 0.6246 0.2177
vn -0.1923 0.4711 -0.8609
vn -0.1931 0.4769 -0.8575
vn -0.5454 0.8370 0.0440
vn -0.6738 -0.0915 0.7332
vn -0.9478 -0.1455 0.2839
vn -0.3767 0.7563 -0.5349
vn -0.7867 -0.2158 -0.5784
vn -0.3045 0.1327 -0.9432
vn -0.2816 0.9593 0.0205
vn -0.9018 -0.3921 -0.1818
vn -0.7093 -0.1122 0.6960
vn -0.4378 -0.0924 -0.8943
vn -0.2956 -0.2859 -0.9115
vn 0.4478 0.8716 0.1996
vn -0.6086 0.2223 0.7617
vn -0.6087 0.2223 0.7616
vn -0.5460 0.7205 0.4275
vn -0.9416 -0.1779 0.2858
vn -0.4147 0.7307 -0.5423
vn -0.7795 -0.2522 -0.5734
vn -0.3157 0.1078 -0.9427
vn -0.3156 0.1078 -0.9427
vn -0.3279 0.9447 0.0052
vn -0.8867 -0.4277 -0.1757
vn -0.6422 0.1848 0.7439
vn -0.5184 0.6777 0.5215
vn -0.9696 -0.1421 0.1991
vn -0.3412 0.8265 -0.4477
vn -0.7286 -0.1437 -0.6697
vn -0.2483 0.2261 -0.9419
vn -0.2621 0.9494 0.1729
vn -0.8757 -0.3580 -0.3241
vn -0.4977 -0.8439 -0.2001
vn -0.4431 -0.8720 -0.2078
vn -0.7252 0.3242 0.6075
vn -0.2875 -0.9310 -0.2248
vn 0.6197 0.7469 0.2408
vn 0.6162 0.7495 0.2421
vn 0.6209 0.7461 0.2404
vn 0.6137 0.7512 0.2430
vn -0.4390 0.4767 -0.7616
vn -0.3314 -0.9183 -0.2168
vn -0.4414 -0.8747 -0.2003
vn 0.2546 0.9502 0.1797
vn 0.1836 0.9651 0.1869
vn 0.2627 0.9482 0.1788
vn 0.1576 0.9692 0.1893
vn -0.5348 0.2902 -0.7936
vn -0.5159 0.2731 -0.8120
vn -0.5937 0.3447 -0.7271
vn -0.8081 0.3888 -0.4425
vn 0.9341 -0.3516 0.0615
vn 0.9327 -0.3551 0.0629
vn 0.9313 -0.3585 0.0643
vn 0.9355 -0.3482 0.0601
vn -0.6686 0.2181 0.7109
vn -0.8939 0.3237 0.3102
vn -0.8633 0.3218 0.3888
vn -0.7519 0.2113 0.6245
vn -0.9249 0.3750 -0.0626
vn -0.5868 -0.3522 0.7291
vn -0.4709 -0.1956 -0.8602
vn 0.4322 0.8692 0.2402
vn -0.6834 -0.2477 0.6867
vn -0.3972 -0.2172 -0.8917
vn 0.5043 0.8365 0.2143
vn -0.7321 -0.2372 0.6385
vn 0.6971 0.4807 0.5320
vn 0.3915 -0.3513 0.8505
vn 0.1519 0.5081 0.8478
vn 0.9211 -0.1004 0.3761
vn 0.9968 0.0112 -0.0787
vn 0.7645 0.3321 0.5525
vn 0.6148 0.2850 0.7354
vn 0.7376 0.6456 -0.1976
vn 0.7113 -0.6355 -0.3003
vn 0.6176 -0.4722 -0.6290
vn 0.8172 0.3206 -0.4790
vn 0.4236 0.5152 -0.7450
vn 0.1136 -0.6540 -0.7479
vn 0.2312 -0.3926 -0.8902
vn 0.1318 -0.6390 -0.7579
vn 0.4804 0.8574 -0.1843
vn 0.6025 0.1593 -0.7820
vn 0.6937 0.1880 -0.6953
vn 0.4071 -0.1883 -0.8938
vn 0.3605 -0.1871 -0.9138
vn 0.0968 -0.1685 -0.9809
vn -0.3456 -0.5120 -0.7864
vn 0.1427 -0.7467 -0.6496
vn -0.5455 -0.8360 -0.0599
vn -0.5519 -0.8288 0.0924
vn -0.0117 -0.8686 -0.4954
vn 0.2154 0.4579 0.8625
vn 0.1769 -0.1405 0.9742
vn 0.6996 0.4491 0.5557
vn -0.0379 0.3570 0.9333
vn -0.5207 -0.4055 0.7513
vn -0.4433 0.1883 0.8763
vn -0.4061 -0.7853 0.4673
vn 0.1103 0.4381 0.8921
vn 0.6241 0.6030 0.4969
vn 0.9861 0.1625 0.0359
vn 0.9879 0.1498 -0.0390
vn 0.8187 -0.5167 -0.2504
vn 0.0637 -0.7969 -0.6007
vn 0.1053 -0.8602 -0.4990
vn -0.1657 -0.0216 0.9859
vn -0.0964 -0.7617 -0.6408
vn 0.0571 -0.4449 -0.8938
vn -0.3097 0.5028 -0.8070
vn -0.1341 0.8675 -0.4791
vn 0.5532 0.5441 -0.6308
vn -0.1993 0.1467 -0.9689
vn -0.5686 -0.5700 -0.5931
vn -0.4874 -0.4036 -0.7743
vn -0.5863 -0.1670 -0.7927
vn -0.3831 0.8657 -0.3221
vn -0.4504 0.8315 -0.3252
vn -0.9048 -0.2673 -0.3315
vn -0.8721 -0.1233 -0.4735
vn 0.1357 -0.9347 0.3284
vn -0.3258 -0.9423 0.0768
vn -0.7460 -0.6026 -0.2834
vn 0.1714 -0.9747 0.1433
vn 0.7948 -0.2037 -0.5717
vn 0.4732 -0.8743 0.1083
vn -0.2377 0.9355 -0.2614
vn -0.2419 0.9293 -0.2792
vn -0.0254 0.9659 0.2577
vn 0.2551 0.7089 0.6576
vn 0.0693 -0.5774 0.8135
vn -0.3695 -0.8047 0.4648
vn 0.4263 0.0706 0.9018
vn 0.4227 0.9058 -0.0291
vn 0.6195 0.5065 0.5997
vn -0.1284 -0.5357 -0.8346
vn -0.2186 -0.2143 -0.9520
vn -0.1760 -0.3475 -0.9210
vn -0.2780 -0.6853 -0.6731
vn 0.6499 -0.7553 -0.0850
vn -0.1521 -0.6651 -0.7311
vn 0.1915 0.0541 0.9800
vn -0.0994 0.1750 0.9795
vn 0.1850 -0.5635 0.8051
vn 0.2193 -0.9097 0.3527
vn 0.4217 0.2499 -0.8716
vn 0.4701 -0.0542 -0.8809
vn -0.4095 0.1806 -0.8943
vn 0.8076 0.0155 -0.5896
vn 0.7815 -0.1914 -0.5938
vn 0.8482 0.1509 -0.5078
vn 0.9705 -0.2322 -0.0643
vn 0.9317 -0.3606 -0.0433
vn 0.8708 0.0327 0.4905
vn 0.7671 0.0196 0.6413
vn 0.4654 -0.8806 -0.0889
vn 0.5982 -0.7738 -0.2081
vn 0.8302 -0.5098 -0.2257
vn -0.0582 -0.9608 0.2712
vn 0.0265 -0.9640 0.2647
vn 0.1778 -0.9754 0.1303
vn 0.3957 0.0027 0.9184
vn 0.3863 -0.0234 0.9221
vn -0.4825 -0.3412 0.8067
vn -0.2298 -0.0730 0.9705
vn -0.7064 -0.3606 -0.6091
vn -0.7042 -0.3651 -0.6089
vn -0.3894 0.1297 -0.9119
vn 0.2412 0.6998 -0.6724
vn -0.5549 -0.2519 -0.7928
vn 0.0084 -0.9999 -0.0068
vn 0.0084 -0.9999 -0.0067
vn -0.5240 -0.1463 -0.8390
vn -0.5107 0.5867 0.6285
vn -0.2260 0.4763 0.8497
vn 0.0908 -0.5890 0.8030
vn -0.5106 0.1008 0.8539
vn -0.6716 0.0120 0.7408
vn -0.6275 0.2634 0.7328
vn -0.6486 0.6324 -0.4236
vn -0.6803 0.0020 -0.7329
vn -0.6812 -0.0006 -0.7321
vn -0.4530 0.4807 -0.7508
vn 0.0712 0.0117 -0.9974
vn 0.4120 0.0226 -0.9109
vn 0.0707 0.0128 -0.9974
vn 0.5315 0.0257 -0.8467
vn -0.1607 0.8738 -0.4590
vn -0.1402 0.9183 -0.3703
vn -0.5042 0.8628 -0.0359
vn 0.2826 0.8937 -0.3484
vn 0.3676 0.8616 -0.3500
vn 0.9381 0.0311 -0.3451
vn 0.8625 0.0248 -0.5054
vn 0.9386 0.0246 -0.3440
vn 0.0084 -0.9999 -0.0066
vn -0.9174 0.0174 0.3977
vn -0.9147 0.0123 0.4040
vn -0.9872 -0.0002 0.1596
vn -0.9881 -0.0087 0.1535
vn -0.9104 0.3915 0.1340
vn -0.8801 0.4379 -0.1837
vn -0.0169 0.5989 -0.8007
vn 0.5826 0.3024 -0.7544
vn 0.9793 -0.1675 -0.1140
vn 0.9424 -0.3168 -0.1076
vn 0.9103 -0.3816 -0.1603
vn 0.9724 0.1248 -0.1972
vn 0.9739 0.0865 -0.2099
vn 0.8471 -0.5169 0.1230
vn -0.9564 0.2792 -0.0858
vn -0.3909 0.2267 0.8921
vn 0.0069 0.3514 -0.9362
vn 0.9536 0.1186 -0.2768
vn -0.4610 0.5360 -0.7073
vn 0.5400 0.1831 -0.8215
vn -0.5593 0.4495 -0.6965
vn -0.9664 0.2220 -0.1295
vn -0.6741 0.3554 -0.6475
vn 0.2105 0.9292 0.3037
vn 0.1862 0.9300 0.3168
vn 0.1865 0.9305 0.3153
vn 0.1631 0.9311 0.3263
vn 0.1517 0.9259 0.3461
vn 0.1530 0.9255 0.3463
vn 0.1359 0.9295 0.3428
vn -0.0241 0.3088 -0.9508
vn 0.0208 0.3357 -0.9417
vn -0.8044 -0.2323 0.5469
vn -0.6324 0.7693 -0.0905
vn -0.8170 0.4817 -0.3170
vn -0.9146 0.1350 0.3811
vn 0.9367 -0.1141 -0.3311
vn 0.8277 -0.4749 0.2990
vn 0.2117 -0.7317 0.6479
vn 0.8983 0.0648 0.4346
vn 0.6349 -0.6029 0.4832
vn -0.0384 -0.6334 0.7729
vn 0.2360 -0.7347 0.6360
vn -0.7322 -0.4804 0.4828
vn 0.8074 0.5318 0.2553
vn 0.7343 0.5816 0.3501
vn 0.6868 0.5002 0.5274
vn -0.2343 0.1963 -0.9521
vn -0.2965 -0.2720 -0.9155
vn -0.1754 -0.1241 -0.9766
vn 0.7036 -0.3541 -0.6161
vn 0.6884 -0.4849 -0.5394
vn 0.4357 -0.4547 -0.7768
vn 0.6190 -0.7661 0.1730
vn -0.9319 -0.3350 -0.1393
vn -0.2378 -0.5902 -0.7714
vn -0.8196 -0.5592 -0.1244
vn -0.4616 0.3359 0.8211
vn -0.5681 0.2617 0.7803
vn -0.1420 0.1681 0.9755
vn -0.4463 -0.6487 -0.6164
vn -0.7013 -0.5638 -0.4361
vn -0.2247 -0.9625 -0.1519
vn 0.5087 -0.8607 -0.0220
vn -0.9376 -0.0254 -0.3467
vn -0.9143 -0.3842 -0.1284
vn -0.8163 -0.5678 0.1058
vn -0.7397 -0.6723 -0.0279
vn -0.5793 -0.7748 0.2532
vn -0.3526 -0.8825 0.3113
vn -0.3731 -0.9254 0.0669
vn -0.9112 -0.4114 -0.0194
vn -0.5604 0.5804 -0.5908
vn -0.9450 0.3176 -0.0784
vn -0.9370 0.3483 -0.0281
vn -0.0076 0.9732 -0.2299
vn -0.6488 0.6928 -0.3148
vn -0.9666 0.2446 -0.0759
vn -0.9372 0.0153 -0.3483
vn -0.2669 0.5317 -0.8038
vn 0.5378 0.5326 -0.6535
vn 0.0984 0.9055 -0.4128
vn 0.1054 0.9265 -0.3611
vn 0.4751 0.0929 -0.8750
vn 0.9546 0.1725 -0.2430
vn 0.9896 -0.0620 0.1300
vn 0.8242 0.5545 -0.1147
vn 0.7617 0.3612 -0.5379
vn 0.2924 0.9294 -0.2254
vn 0.2719 -0.9234 0.2708
vn 0.3176 -0.9399 0.1253
vn -0.8203 0.2185 0.5286
vn -0.8337 0.1355 0.5353
vn 0.9803 0.1826 0.0754
vn 0.0085 -0.9999 -0.0065
vn 0.9277 0.2126 0.3068
vn 0.6534 -0.0224 0.7567
vn 0.6981 0.0514 0.7141
vn -0.0748 0.0820 0.9938
vn -0.2421 -0.8041 0.5429
vn 0.3039 -0.9027 0.3045
vn 0.8475 -0.5161 0.1237
vn -0.3639 -0.0651 -0.9292
vn 0.1286 0.1431 -0.9813
vn 0.1353 0.1625 -0.9774
vn 0.2187 -0.1768 -0.9596
vn 0.2186 -0.1977 -0.9556
vn -0.5171 -0.4322 -0.7388
vn 0.9519 0.3013 0.0548
vn 0.2298 -0.6444 -0.7293
vn -0.2707 -0.5287 0.8045
vn -0.2802 0.4869 0.8273
vn -0.6754 0.6640 0.3209
vn -0.4869 0.2975 0.8212
vn -0.8672 0.3565 0.3476
vn -0.4712 0.1693 -0.8656
vn -0.6780 0.6720 -0.2980
vn -0.8053 0.2390 0.5426
vn -0.6991 -0.2637 0.6646
vn -0.8695 0.2418 0.4307
vn 0.8993 -0.1379 -0.4150
vn 0.8976 -0.1423 -0.4173
vn 0.6519 0.4364 -0.6202
vn -0.0597 0.9187 -0.3905
vn -0.5936 0.7982 0.1028
vn 0.8066 0.0330 -0.5902
vn -0.5732 -0.5817 0.5771
vn -0.4706 -0.3169 0.8235
vn 0.4703 -0.5676 0.6757
vn -0.4186 0.1916 -0.8877
vn 0.1255 0.0109 -0.9920
vn -0.0797 -0.7990 0.5960
vn -0.5919 -0.0352 0.8053
vn -0.9708 0.1620 -0.1767
vn -0.9359 -0.0861 0.3417
vn -0.1958 -0.6012 -0.7747
vn -0.1900 -0.1945 -0.9623
vn 0.6203 -0.2320 -0.7492
vn -0.2189 -0.7588 -0.6134
vn 0.7393 -0.6629 0.1181
vn 0.8434 -0.5340 -0.0586
vn 0.7823 0.1492 -0.6048
vn -0.8615 0.5075 0.0162
vn -0.9353 0.3198 0.1515
vn 0.3824 0.6011 0.7017
vn 0.2871 0.5709 0.7691
vn -0.1368 0.5189 0.8438
vn -0.5012 0.5559 0.6631
vn 0.4164 0.3564 0.8364
vn -0.9557 -0.0027 -0.2942
vn -0.7000 -0.3302 -0.6332
vn -0.1103 -0.8383 -0.5339
vn -0.8788 -0.3268 -0.3476
vn -0.8513 0.5235 0.0349
vn -0.7557 0.6457 -0.1096
vn -0.8052 0.4934 0.3290
vn 0.3239 0.5926 0.7375
vn 0.3954 0.6272 0.6710
vn -0.0074 0.4794 0.8776
vn 0.4128 0.2705 0.8697
vn 0.3784 0.2551 0.8898
vn 0.7300 0.6388 -0.2427
vn 0.8480 0.0060 -0.5299
vn 0.8473 0.0086 -0.5310
vn 0.6278 0.4848 -0.6090
vn 0.1903 0.0102 -0.9817
vn 0.1909 0.0112 -0.9816
vn -0.2860 0.0176 -0.9581
vn -0.2934 0.0194 -0.9558
vn 0.1662 0.9481 -0.2711
vn -0.0027 0.9923 0.1239
vn 0.2998 0.9345 0.1919
vn -0.1913 0.8904 -0.4130
vn -0.3006 0.9393 -0.1654
vn -0.8164 0.0209 -0.5771
vn 0.0651 -0.8279 0.5571
vn 0.0581 -0.8119 0.5809
vn 0.0594 -0.8150 0.5765
vn -0.8172 0.0144 -0.5762
vn 0.0036 -1.0000 -0.0051
vn 0.0036 -1.0000 -0.0050
vn 0.7823 0.0274 0.6223
vn 0.9118 0.0104 0.4106
vn 0.9076 0.0236 0.4192
vn -0.8451 0.3537 -0.4009
vn -0.6557 -0.1268 0.7443
vn 0.6261 0.2495 -0.7388
vn 0.8693 0.4448 0.2156
vn -0.6391 0.2552 -0.7256
vn -0.8547 -0.1884 0.4837
vn 0.8325 0.3289 -0.4459
vn -0.4177 0.2711 -0.8672
vn 0.6439 0.3489 0.6809
vn -0.9710 -0.1795 -0.1578
vn 0.9430 0.2892 0.1647
vn 0.1433 0.2315 0.9622
vn 0.2332 0.3506 -0.9070
vn -0.3950 0.1514 -0.9061
vn -0.6170 0.6097 -0.4975
vn 0.9044 0.2118 0.3705
vn 0.5148 0.6731 -0.5309
vn 0.7940 -0.6020 -0.0848
vn 0.7536 -0.6424 0.1395
vn 0.8843 -0.1647 0.4368
vn 0.3296 0.6758 -0.6592
vn 0.3454 0.6847 -0.6418
vn 0.3444 0.6857 -0.6413
vn 0.3572 0.7089 -0.6081
vn 0.3579 0.7088 -0.6078
vn 0.3599 0.6926 -0.6251
vn 0.3712 0.7067 -0.6023
vn 0.2134 -0.8835 -0.4170
vn 0.2081 -0.8563 -0.4728
vn -0.9216 0.0326 -0.3869
vn -0.9488 0.2979 0.1052
vn 0.1589 -0.8177 0.5532
vn 0.1530 -0.8343 0.5296
vn 0.1541 -0.8314 0.5339
vn 0.1599 -0.8146 0.5575
vn 0.1423 -0.9677 0.2083
vn 0.1130 -0.9744 0.1941
vn 0.2368 -0.9380 0.2531
vn 0.2674 -0.9258 0.2671
vn 0.5005 -0.8647 -0.0420
vn 0.5068 -0.8610 -0.0429
vn 0.4791 -0.8769 -0.0389
vn 0.4721 -0.8807 -0.0379
vn -0.7688 -0.1183 0.6285
vn 0.7493 0.2416 -0.6166
vn -0.1981 0.3492 -0.9159
vn 0.6727 0.3559 0.6487
vn 0.0006 -0.2147 0.9767
vn 0.0993 0.3351 -0.9369
vn -0.9511 0.2613 -0.1648
vn 0.9607 0.2572 -0.1040
vn 0.0608 -0.1138 0.9916
vn -0.0636 0.2372 -0.9694
vn -0.8617 0.3400 -0.3767
vn 0.4411 -0.1229 0.8890
vn -0.4152 0.2458 -0.8759
vn -0.9001 0.4354 -0.0173
vn 0.8030 0.2641 -0.5343
vn 0.7016 -0.1816 0.6890
vn -0.6914 0.3221 -0.6466
vn 0.6258 0.2783 -0.7286
vn -0.8024 0.3401 0.4904
vn 0.9805 -0.1693 0.0998
vn 0.9143 0.0018 0.4050
vn 0.6402 0.2153 0.7375
vn 0.3945 0.6076 -0.6893
vn -0.8335 -0.3913 -0.3900
vn -0.8889 0.1144 -0.4435
vn -0.8867 0.0761 -0.4561
vn 0.0036 -1.0000 -0.0052
vn 0.4786 0.2855 -0.8303
vn 0.6026 -0.0175 0.7979
vn 0.6025 0.0197 0.7979
vn 0.6525 0.2275 0.7228
vn 0.6646 0.1447 0.7331
vn -0.9680 0.1723 -0.1826
vn 0.0035 -1.0000 -0.0050
vn 0.3431 0.2682 0.9002
vn -0.9777 0.2031 0.0544
vn -0.8273 -0.0287 0.5610
vn -0.8602 0.0446 0.5080
vn -0.1869 0.0835 0.9788
vn -0.1182 0.1704 0.9783
vn 0.2289 0.3414 0.9116
vn -0.4343 -0.8177 0.3777
vn -0.4110 -0.8335 0.3693
vn -0.4153 -0.8307 0.3708
vn -0.4387 -0.8147 0.3792
vn 0.9165 0.3634 -0.1672
vn 0.0087 -0.9161 0.4009
vn 0.0939 -0.9712 0.2188
vn 0.0729 -0.9614 0.2655
vn -0.0185 -0.8903 0.4550
vn 0.0664 -0.8308 0.5527
vn 0.3686 -0.8166 0.4442
vn 0.3736 -0.8129 0.4469
vn 0.3495 -0.8305 0.4337
vn 0.3445 -0.8340 0.4310
vn -0.0530 -0.9108 0.4094
vn -0.0424 -0.8878 0.4584
vn -0.0867 -0.9671 0.2394
vn -0.0943 -0.9757 0.1978
vn -0.1991 -0.8150 0.5441
vn -0.1990 -0.8120 0.5487
vn -0.1994 -0.8281 0.5240
vn -0.1995 -0.8309 0.5194
vn -0.2890 -0.8189 0.4959
vn -0.2912 -0.8158 0.4997
vn -0.2792 -0.8325 0.4785
vn -0.2770 -0.8354 0.4746
vn -0.1819 -0.9689 0.1676
vn -0.3184 -0.9284 0.1918
vn -0.2851 -0.9402 0.1862
vn -0.1499 -0.9754 0.1616
vn -0.4638 -0.8700 -0.1675
vn -0.4373 -0.8857 -0.1561
vn -0.4437 -0.8820 -0.1589
vn -0.4697 -0.8663 -0.1701
vn 0.6546 -0.0836 0.7514
vn -0.6410 0.2127 -0.7375
vn -0.8232 0.3751 0.4262
vn -0.1381 -0.1844 0.9731
vn 0.0540 0.3106 -0.9490
vn 0.9586 0.2711 0.0871
vn -0.8457 0.3581 -0.3956
vn -0.3153 -0.1137 0.9421
vn 0.3110 0.2371 -0.9204
vn 0.9265 0.3488 -0.1411
vn -0.8964 0.3152 0.3116
vn -0.6657 -0.7406 0.0912
vn -0.5607 -0.8074 0.1839
vn -0.4550 0.4542 0.7659
vn -0.8431 0.4914 0.2186
vn 0.0892 -0.8261 0.5564
vn -0.7922 -0.6044 0.0841
vn -0.9268 -0.2519 -0.2786
vn -0.5493 -0.7843 -0.2882
vn -0.5867 0.3319 0.7386
vn -0.0820 -0.8301 0.5515
vn -0.1226 -0.8289 0.5458
vn 0.0053 0.0460 -0.9989
vn -0.5674 -0.2831 -0.7733
vn -0.6257 0.0330 -0.7794
vn 0.1097 -0.7911 0.6018
vn 0.0284 -0.2751 -0.9610
vn -0.0128 -0.8157 -0.5783
vn 0.0887 0.9771 -0.1934
vn 0.1614 0.9748 0.1542
vn 0.1040 0.9287 0.3560
vn -0.3093 0.6347 -0.7081
vn 0.0933 0.8107 -0.5779
vn 0.0935 0.8562 -0.5080
vn 0.1407 0.9649 -0.2216
vn 0.1550 0.8350 0.5280
vn -0.0545 0.5147 -0.8557
vn -0.3907 0.2877 -0.8744
vn 0.0865 0.6126 -0.7856
vn 0.0909 0.6142 -0.7839
vn 0.3979 0.4484 -0.8004
vn 0.2028 0.6077 -0.7678
vn -0.9923 0.0644 -0.1056
vn -0.9333 0.0753 -0.3512
vn -0.9038 -0.2957 -0.3094
vn -0.9556 -0.2508 0.1545
vn -0.9666 0.0545 0.2504
vn -0.9961 0.0742 0.0473
vn -0.9993 0.0060 0.0369
vn -0.9983 0.0407 -0.0411
vn -0.9953 -0.0393 -0.0889
vn -0.9432 -0.3319 -0.0175
vn -0.9856 0.1485 -0.0808
vn -0.7117 0.1342 -0.6895
vn -0.7523 -0.0950 -0.6519
vn 0.9873 -0.1503 0.0519
vn 0.9848 -0.1650 0.0536
vn 0.9420 -0.3345 -0.0272
vn -0.9725 -0.1355 -0.1895
vn -0.9230 0.1340 0.3606
vn 0.1309 0.9730 -0.1903
vn 0.1215 0.9739 -0.1918
vn 0.1215 0.9739 -0.1917
vn -0.0019 0.2011 0.9796
vn -0.0754 -0.2231 0.9719
vn -0.0624 -0.1978 0.9783
vn -0.5184 -0.2870 -0.8055
vn -0.3411 -0.3718 0.8633
vn 0.1770 0.8352 -0.5208
vn 0.2004 0.9765 -0.0798
vn 0.8107 0.5197 -0.2697
vn -0.7754 -0.2081 0.5961
vn -0.3347 -0.4450 0.8306
vn -0.7137 -0.4810 0.5091
vn -0.7396 0.0965 0.6661
vn -0.3950 -0.5396 -0.7435
vn 0.0314 0.5710 -0.8203
vn -0.0727 0.3463 -0.9353
vn -0.8735 -0.1798 -0.4524
vn -0.4750 -0.0034 -0.8800
vn 0.0364 0.8670 -0.4971
vn 0.0373 0.8672 -0.4966
vn 0.0673 0.1722 0.9828
vn -0.5360 -0.8230 0.1881
vn -0.6969 -0.4806 0.5324
vn 0.0519 0.5360 -0.8426
vn 0.3685 0.7817 -0.5031
vn 0.2086 0.9618 0.1772
vn -0.0527 0.4475 0.8927
vn 0.2160 -0.4346 0.8743
vn 0.1535 0.9408 -0.3021
vn 0.8760 0.4762 -0.0759
vn 0.9281 -0.2599 -0.2667
vn 0.9211 -0.2401 -0.3066
vn 0.9490 -0.3054 -0.0784
vn 0.9328 -0.3580 -0.0407
vn 0.8626 -0.1856 -0.4707
vn 0.8107 -0.2149 -0.5446
vn 0.1420 0.9565 0.2548
vn 0.2678 0.6697 0.6927
vn 0.3087 0.3808 0.8716
vn 0.5967 0.1522 0.7879
vn 0.5988 0.0596 0.7987
vn 0.6103 0.4230 0.6698
vn 0.2160 0.9753 -0.0464
vn 0.1771 0.9832 -0.0446
vn 0.5927 0.2094 0.7777
vn 0.9639 -0.2546 0.0775
vn 0.9308 -0.1843 0.3158
vn 0.9238 -0.2095 0.3206
vn 0.8752 -0.4782 -0.0728
vn 0.8809 -0.4718 -0.0386
vn 0.8326 -0.5296 -0.1620
vn 0.8169 -0.5512 -0.1698
vn 0.8766 -0.4765 0.0674
vn 0.8784 -0.4722 0.0735
vn 0.8984 -0.4030 0.1744
vn 0.8893 -0.4469 0.0969
vn 0.9367 -0.2506 0.2446
vn 0.9352 -0.2688 0.2307
vn 0.9092 -0.3554 0.2168
vn -0.9982 0.0527 -0.0294
vn -0.9982 0.0510 -0.0307
vn -0.6397 0.7635 0.0880
vn -0.9951 0.0869 -0.0478
vn 0.0978 0.9257 -0.3655
vn 0.0994 0.9261 -0.3640
vn -0.0012 0.9302 -0.3671
vn -0.0177 -0.7277 0.6857
vn -0.0462 -0.6373 0.7693
vn -0.8668 -0.4623 -0.1869
vn -0.6737 -0.7282 0.1257
vn -0.6276 -0.3388 -0.7009
vn 0.1107 0.8999 0.4219
vn -0.0260 -0.0516 0.9983
vn -0.0267 0.2355 0.9715
vn -0.8830 -0.4495 -0.1350
vn -0.5782 0.0922 -0.8106
vn -0.7022 -0.5563 0.4444
vn -0.5725 -0.8079 0.1398
vn -0.4762 -0.8440 0.2467
vn -0.9726 -0.1364 0.1884
vn 0.0404 0.8207 0.5699
vn -0.1520 -0.6501 0.7445
vn 0.0478 0.1572 0.9864
vn 0.0183 0.8622 -0.5062
vn -0.0044 0.9093 0.4160
vn -0.0413 0.8607 0.5075
vn 0.0032 0.7947 0.6069
vn 0.0623 0.4650 0.8831
vn 0.2051 -0.4862 0.8494
vn 0.3592 -0.9109 0.2028
vn -0.5190 -0.8393 0.1620
vn 0.9749 -0.1075 -0.1950
vn 0.9602 -0.1891 0.2057
vn 0.8452 -0.4567 0.2776
vn 0.8771 -0.4783 -0.0435
vn 0.8759 -0.2230 -0.4279
vn 0.6838 -0.1764 -0.7080
vn 0.6042 0.0168 -0.7966
vn 0.5254 -0.7819 -0.3356
vn 0.5670 -0.3680 -0.7370
vn 0.8930 -0.4021 -0.2022
vn 0.9144 -0.2583 -0.3116
vn 0.6741 -0.7175 0.1755
vn 0.9027 -0.2669 0.3375
vn 0.1403 0.9719 -0.1891
vn 0.0061 0.2170 0.9761
vn -0.0514 -0.2252 0.9729
vn 0.0068 0.8529 -0.5221
vn -0.6879 0.6416 -0.3392
vn -0.0310 0.9956 -0.0882
vn 0.7075 -0.2802 0.6488
vn 0.7477 -0.2183 0.6272
vn 0.7312 -0.0373 0.6811
vn 0.2587 0.6993 -0.6664
vn 0.4750 0.1149 -0.8724
vn 0.5485 -0.0559 -0.8343
vn 0.5494 -0.0032 -0.8355
vn 0.2744 0.2445 -0.9300
vn 0.1395 0.5618 -0.8154
vn -0.1190 0.8246 0.5531
vn -0.1246 0.1826 0.9753
vn 0.1976 -0.9535 0.2276
vn 0.0625 -0.8111 0.5816
vn -0.0602 -0.5426 0.8378
vn -0.5910 0.4891 -0.6415
vn 0.8612 -0.2137 0.4611
vn 0.9876 -0.1445 0.0610
vn 0.9937 -0.1112 -0.0164
vn 0.9737 -0.2272 0.0141
vn 0.8737 -0.4813 0.0700
vn 0.8706 -0.4370 -0.2259
vn 1.0000 -0.0004 -0.0026
vn 0.9880 -0.0987 0.1186
vn 0.1080 0.4756 -0.8730
vn 0.9444 -0.0961 -0.3144
vn 0.7490 -0.2339 -0.6199
vn 0.7363 -0.0011 -0.6767
vn 0.9997 -0.0182 -0.0190
vn 0.1396 -0.4996 0.8549
vn 0.0701 -0.4413 0.8946
vn 0.7918 -0.6014 -0.1061
vn 0.5335 -0.8269 0.1778
vn 0.6465 -0.4149 -0.6402
vn -0.2878 -0.8673 0.4062
vn -0.0001 -0.4412 0.8974
vn 0.8057 -0.5897 -0.0550
vn 0.5135 -0.7223 0.4633
vn 0.4472 -0.8802 0.1589
vn 0.3087 -0.9080 0.2832
vn -0.0659 0.8530 0.5177
vn -0.1077 0.1643 0.9805
vn 0.1494 0.8580 -0.4914
vn 0.1681 0.8500 -0.4993
vn 0.0701 0.7694 -0.6349
vn 0.0006 0.9847 -0.1742
vn 0.0382 0.9733 -0.2263
vn 0.3737 0.2968 0.8788
vn -0.3174 -0.8901 0.3270
vn -0.1700 -0.9138 0.3688
vn 0.8421 0.1120 0.5276
vn 0.6911 -0.7139 0.1123
vn 0.7317 -0.6668 0.1416
vn 0.8837 0.2529 0.3939
vn 0.7797 0.2028 0.5924
vn -0.0520 0.9925 -0.1104
vn -0.0311 0.8734 0.4861
vn 0.2156 0.4926 -0.8431
vn 0.5110 0.2141 -0.8325
vn 0.0823 0.6149 -0.7843
vn -0.2446 0.5008 -0.8303
vn 0.9505 -0.2984 0.0867
vn 0.0227 0.9983 0.0535
vn -0.9073 0.1221 -0.4022
vn -0.9353 -0.1632 -0.3141
vn -0.9964 0.0661 0.0539
vn -0.9308 0.3600 -0.0637
vn -0.6637 0.1818 -0.7256
vn -0.7796 -0.1922 -0.5961
vn -0.0085 0.9376 -0.3476
vn 0.6324 -0.3783 0.6760
vn -0.7419 -0.6600 0.1186
vn 0.2209 -0.9737 0.0555
vn 0.2728 -0.9097 0.3131
vn -0.0630 -0.9976 -0.0284
vn 0.0785 0.9953 0.0566
vn -0.8225 0.5582 -0.1092
vn -0.0171 0.9997 0.0148
vn -0.9983 -0.0184 -0.0544
vn -0.9981 -0.0284 -0.0546
vn -0.9887 0.0342 -0.1460
vn -0.9917 -0.0324 -0.1248
vn -0.9941 -0.0027 -0.1083
vn -0.9973 -0.0484 -0.0551
vn -0.9882 -0.0345 -0.1491
vn -0.9955 0.0504 -0.0797
vn -0.5605 0.8249 -0.0733
vn -0.6073 0.6456 -0.4631
vn -0.3059 0.5652 -0.7661
vn -0.6232 0.7792 0.0664
vn -0.5696 0.6899 -0.4468
vn -0.8987 0.1299 -0.4188
vn -0.1292 -0.9726 0.1932
vn -0.1283 -0.9725 0.1944
vn -0.1260 -0.9720 0.1984
vn -0.1326 -0.9731 0.1882
vn -0.1309 -0.9729 0.1904
vn -0.1296 -0.9750 0.1803
vn -0.2724 0.5753 -0.7713
vn 0.1780 0.4940 -0.8511
vn 0.1294 -0.1479 -0.9805
vn -0.4974 -0.0201 -0.8673
vn 0.1304 0.9726 -0.1927
vn 0.1315 0.9720 -0.1946
vn 0.1321 0.9729 -0.1898
vn 0.1310 0.9730 -0.1901
vn -0.4920 0.5601 0.6665
vn 0.1309 0.9729 -0.1904
vn -0.9314 0.2744 0.2392
vn -0.5755 0.3360 0.7456
vn -0.1715 0.3331 0.9272
vn -0.1428 0.3563 0.9234
vn 0.0664 0.7889 0.6110
vn 0.1311 0.8509 0.5087
vn 0.0597 0.9502 -0.3058
vn 0.0436 0.9786 -0.2013
vn 0.0779 0.9730 -0.2174
vn -0.6941 0.7139 -0.0927
vn -0.9193 0.2491 -0.3048
vn -0.9865 -0.1230 -0.1078
vn -0.9311 0.0514 -0.3612
vn -0.9976 -0.0526 -0.0453
vn -0.1335 -0.9726 0.1906
vn -0.1397 -0.9715 0.1915
vn -0.1311 -0.9718 0.1961
vn -0.1374 -0.9719 0.1911
vn -0.1189 -0.9749 0.1884
vn 0.5933 0.4839 -0.6433
vn 0.7096 -0.1476 -0.6890
vn 0.8019 0.5450 -0.2447
vn 0.1313 0.9721 -0.1946
vn 0.1320 0.9724 -0.1925
vn 0.7241 0.6367 0.2652
vn 0.1296 0.9732 -0.1902
vn 0.1307 0.9730 -0.1902
vn 0.4216 0.5624 0.7113
vn 0.8696 0.1079 0.4818
vn 0.4023 0.3592 0.8421
vn 0.9876 -0.0695 -0.1409
vn -0.8641 -0.1003 -0.4933
vn -0.9969 -0.0661 -0.0428
vn -0.1278 -0.9779 0.1657
vn 0.1342 0.9892 0.0586
vn 0.1819 0.9828 0.0305
vn 0.1780 0.9837 0.0252
vn 0.9904 -0.1267 -0.0557
vn 0.9830 -0.1800 0.0375
vn 0.9816 -0.1878 0.0332
vn 0.9792 -0.1994 0.0368
vn 0.9808 -0.1922 -0.0338
vn 0.9826 -0.1831 -0.0308
vn 0.9794 -0.1934 -0.0585
vn 0.9961 -0.0755 0.0448
vn 0.9937 -0.1112 0.0127
vn 0.9962 -0.0743 0.0462
vn 0.7206 0.6194 0.3115
vn 0.9232 0.3842 0.0117
vn 0.8581 0.0756 0.5079
vn 0.8398 0.3513 -0.4139
vn 0.7528 -0.2067 0.6250
vn -0.8208 -0.1298 -0.5562
vn -0.7065 0.0177 0.7075
vn -0.6977 0.1117 0.7076
vn -0.3157 0.4326 0.8445
vn 0.0917 0.9951 -0.0363
vn 0.1138 0.9931 -0.0267
vn 0.0225 0.9976 -0.0661
vn -0.9659 -0.0335 0.2567
vn -0.9615 -0.0436 0.2713
vn -0.9170 -0.3506 -0.1900
vn -0.8859 -0.3677 -0.2827
vn -0.8906 -0.3581 -0.2803
vn -0.9214 -0.3578 -0.1514
vn -0.9204 -0.3908 -0.0078
vn -0.9212 -0.3891 0.0015
vn -0.9434 -0.2977 0.1465
vn -0.9419 -0.3048 0.1411
vn -0.9321 -0.1282 0.3386
vn -0.9353 -0.1546 0.3183
vn 0.7863 -0.5436 -0.2935
vn 0.1863 0.9016 -0.3904
vn 0.1885 0.9036 -0.3847
vn 0.6112 -0.7703 0.1816
vn -0.7366 -0.2789 0.6161
vn -0.2183 -0.9235 0.3153
vn -0.4407 -0.8522 0.2819
vn 0.9931 -0.0827 0.0835
vn 0.2007 0.2932 -0.9347
vn 0.5124 0.3791 -0.7705
vn 0.8324 0.5341 -0.1477
vn 0.8883 -0.0169 0.4589
vn 0.8282 0.2397 0.5066
vn 0.8262 0.2640 0.4978
vn -0.8925 -0.0674 0.4459
vn -0.8633 -0.2070 0.4604
vn -0.8714 -0.1545 0.4656
vn -0.3875 0.4009 -0.8301
vn -0.3213 0.2896 -0.9016
vn -0.2990 0.2418 -0.9231
vn 0.8362 -0.0420 0.5468
vn 0.0941 0.0933 0.9912
vn 0.9926 0.0095 0.1207
vn -0.2718 0.1329 0.9532
vn -0.7053 0.2416 0.6665
vn -0.9140 0.2759 0.2976
vn -0.9193 0.2811 0.2754
vn -0.9065 0.2691 0.3255
vn -0.0452 0.3263 -0.9442
vn 0.3523 0.2475 -0.9026
vn 0.7685 0.0890 -0.6337
vn -0.6795 -0.4482 -0.5809
vn -0.8152 -0.5623 -0.1389
vn -0.8397 -0.4141 0.3513
vn -0.7228 -0.5221 0.4527
vn -0.8317 -0.4171 0.3664
vn -0.3069 -0.2142 0.9273
vn 0.0572 -0.1028 0.9931
vn 0.8191 0.0107 0.5736
vn 0.8198 0.0506 0.5704
vn 0.7989 0.0706 0.5973
vn 0.1973 -0.3226 -0.9257
vn 0.1591 -0.3512 -0.9227
vn 0.1974 -0.3471 -0.9168
vn -0.8863 -0.2820 0.3673
vn -0.1320 0.1791 0.9749
vn 0.3247 0.2148 0.9211
vn 0.5267 -0.0184 0.8499
vn 0.5727 -0.0465 0.8185
vn -0.2384 0.1710 0.9560
vn -0.4815 0.2994 0.8237
vn -0.9073 0.3905 0.1559
vn -0.7825 0.4675 0.4113
vn -0.7321 0.2841 -0.6191
vn -0.4107 0.2035 -0.8888
vn 0.4516 0.0270 -0.8918
vn 0.6420 -0.1309 -0.7555
vn 0.4691 0.0180 -0.8830
vn 0.8867 -0.2449 -0.3921
vn 0.5681 -0.0676 0.8202
vn -0.9330 0.3324 0.1376
vn -0.9101 0.3897 0.1411
vn 0.5054 0.1723 -0.8455
vn 0.5853 0.3477 0.7324
vn 0.2623 0.1528 0.9528
vn -0.3691 -0.0958 0.9244
vn -0.8825 -0.3344 0.3306
vn -0.8678 -0.3438 -0.3588
vn -0.5813 -0.0889 -0.8088
vn -0.9759 0.1986 -0.0899
vn -0.7747 0.4920 -0.3971
vn -0.9689 0.2156 -0.1212
vn -0.7568 -0.1510 -0.6360
vn -0.9100 0.2585 -0.3242
vn -0.3267 -0.1553 0.9323
vn -0.2346 -0.0002 0.9721
vn 0.1997 -0.3493 0.9155
vn 0.2996 -0.2039 0.9320
vn -0.3459 -0.3150 0.8838
vn -0.6753 -0.2218 0.7034
vn -0.9189 0.3871 0.0759
vn 0.7317 -0.2063 0.6497
vn 0.7157 -0.1625 0.6792
vn 0.7154 -0.1628 0.6795
vn 0.3039 -0.7536 0.5829
vn -0.3084 -0.5183 0.7977
vn -0.3039 -0.5181 0.7995
vn 0.6846 -0.7213 -0.1056
vn 0.7179 -0.5523 0.4237
vn -0.5696 -0.4162 -0.7087
vn 0.8379 0.4736 0.2712
vn 0.4224 0.7847 -0.4537
vn 0.0489 0.9459 -0.3208
vn 0.5779 0.8139 0.0600
vn -0.5412 0.8409 -0.0023
vn 0.1170 0.9869 0.1111
vn 0.1571 0.8396 0.5201
vn -0.5232 0.7479 0.4086
vn 0.1515 0.6550 0.7403
vn -0.3616 0.5865 0.7248
vn 0.0121 0.8527 -0.5223
vn 0.2140 0.0617 -0.9749
vn 0.0447 0.7192 -0.6934
vn 0.1034 0.5074 -0.8555
vn -0.1990 0.7308 -0.6529
vn -0.0954 0.8632 -0.4958
vn 0.5072 -0.1108 -0.8547
vn 0.7541 -0.2913 -0.5886
vn 0.7281 0.1756 -0.6625
vn 0.8109 0.1970 -0.5511
vn -0.3971 0.4719 -0.7871
vn -0.5082 0.0952 -0.8560
vn -0.7128 0.6986 0.0620
vn -0.6586 0.7225 0.2103
vn -0.3398 0.9401 0.0267
vn -0.1627 0.9471 -0.2768
vn -0.5338 0.6359 0.5574
vn -0.3229 0.8302 0.4544
vn -0.5691 0.5177 0.6388
vn -0.6526 0.7533 0.0814
vn -0.7878 0.5285 0.3162
vn -0.4757 0.8219 0.3134
vn 0.1032 0.9255 0.3643
vn -0.5883 0.4796 0.6510
vn -0.8594 0.4600 0.2232
vn -0.6572 0.4152 0.6291
vn -0.7730 0.6327 0.0456
vn -0.7699 0.6079 0.1939
vn -0.8274 0.5540 0.0920
vn -0.9262 -0.0292 0.3759
vn -0.8495 0.0463 0.5256
vn -0.4054 0.8057 -0.4319
vn -0.4087 0.8057 -0.4287
vn -0.8805 0.4454 -0.1620
vn -0.9069 0.0560 -0.4176
vn -0.9103 0.1104 -0.3989
vn 0.4997 -0.8644 -0.0552
vn 0.7441 -0.0482 -0.6664
vn 0.9197 -0.0206 0.3921
vn -0.4997 0.8644 0.0552
vn 0.5585 0.8209 -0.1192
vn -0.1240 0.4760 -0.8706
vn -0.9197 0.0206 -0.3921
vn -0.7441 0.0482 0.6664
vn 0.1594 0.5243 0.8365
vn 0.7441 -0.0483 -0.6664
vn -0.1594 -0.5243 -0.8365
vn -0.5585 -0.8209 0.1192
vn 0.1240 -0.4760 0.8706
vn -0.7018 -0.0846 0.7073
vn -0.6658 -0.1195 0.7365
vn -0.2715 -0.1564 0.9496
vn 0.9560 0.1411 0.2573
vn 0.9606 0.1149 -0.2531
vn 0.3981 -0.2439 -0.8843
vn -0.0582 -0.3466 -0.9362
vn -0.4175 0.2919 -0.8605
vn -0.7623 -0.0542 -0.6449
vn -0.9258 -0.2136 -0.3118
vn -0.9952 0.0944 -0.0246
vn -0.9270 0.2680 -0.2626
vn -0.9776 -0.1680 -0.1270
vn -0.8869 0.2391 -0.3952
vn 0.8595 0.3194 -0.3991
vn 0.9041 0.2357 -0.3563
vn 0.9457 0.2982 0.1290
vn 0.8502 0.1569 -0.5025
vn -0.7440 0.0483 0.6664
vn -0.7222 -0.0726 -0.6879
vn 0.9013 -0.2421 0.3591
vn 0.9390 -0.2585 0.2269
vn 0.7827 -0.2831 0.5543
vn 0.8895 -0.2414 0.3879
vn 0.7166 -0.2294 -0.6586
vn 0.4279 -0.3475 -0.8344
vn -0.1161 -0.3846 -0.9158
vn -0.3365 -0.4129 -0.8463
vn -0.1318 -0.3832 -0.9142
vn -0.9228 -0.1366 -0.3601
vn -0.9463 -0.2171 0.2395
vn -0.5925 -0.1486 0.7918
vn -0.5626 -0.2509 0.7877
vn -0.5994 -0.2233 0.7686
vn 0.9081 -0.1419 0.3939
vn -0.1394 -0.3512 -0.9259
vn -0.9933 0.0996 0.0592
vn 0.1493 -0.2316 0.9613
vn 0.7048 -0.4284 0.5654
vn 0.8219 -0.4363 0.3663
vn 0.8686 -0.4366 0.2343
vn 0.8120 -0.4316 0.3930
vn 0.6879 -0.3262 -0.6483
vn 0.3889 -0.3586 -0.8486
vn -0.1436 -0.2752 -0.9506
vn -0.3368 -0.2468 -0.9087
vn -0.1562 -0.2697 -0.9502
vn -0.8846 0.1156 -0.4518
vn -0.6657 -0.1248 0.7358
vn 0.8364 -0.3685 0.4058
vn -0.1561 -0.2517 -0.9551
vn 0.6734 0.0133 0.7392
vn 0.9693 0.1534 0.1920
vn 0.7308 0.0021 0.6826
vn 0.7425 -0.0027 0.6698
vn 0.7438 -0.0133 0.6683
vn -0.7936 0.0298 0.6077
vn -0.6813 0.0451 0.7306
vn -0.8153 -0.0010 0.5791
vn -0.8120 0.0208 0.5832
vn -0.8615 0.2089 -0.4628
vn -0.4773 0.3666 -0.7986
vn -0.9557 -0.1987 0.2169
vn -0.5695 0.1330 -0.8112
vn -0.9424 -0.0919 -0.3216
vn -0.9509 -0.1135 -0.2878
vn -0.7386 -0.2973 0.6051
vn -0.2718 -0.4615 0.8445
vn 0.0772 -0.4305 0.8993
vn 0.1232 -0.4916 0.8621
vn 0.0678 -0.4276 0.9014
vn 0.8232 -0.4098 0.3929
vn 0.9202 -0.3912 -0.0091
vn 0.7397 -0.2045 -0.6411
vn 0.5553 -0.1151 -0.8236
vn 0.7330 -0.1905 -0.6530
vn -0.0360 0.1834 -0.9824
vn -0.9454 -0.1504 -0.2892
vn 0.0778 -0.3196 0.9444
vn 0.7286 -0.2094 -0.6522
vn -0.6251 -0.0537 -0.7787
vn 0.3315 -0.0840 -0.9397
vn -0.4030 -0.1038 -0.9093
vn -0.4299 -0.1179 -0.8952
vn -0.9693 -0.0519 -0.2403
vn -0.9179 -0.1654 0.3606
vn -0.6281 -0.2374 0.7410
vn -0.5007 -0.2080 0.8402
vn -0.6469 -0.2428 0.7229
vn 0.3152 -0.2350 0.9195
vn 0.8237 -0.3376 0.4556
vn 0.9388 -0.3222 0.1219
vn 0.9137 -0.2414 -0.3271
vn 0.9388 -0.3205 0.1265
vn 0.6992 -0.1056 -0.7071
vn -0.4268 -0.1392 -0.8936
vn -0.6478 -0.2303 0.7262
vn 0.9443 -0.3016 0.1312
vn -0.1069 -0.2634 0.9587
vn 0.2821 -0.2153 0.9349
vn -0.7851 0.2721 0.5564
vn -0.8041 0.2356 0.5459
vn -0.7934 0.2398 0.5595
vn 0.0113 0.2577 -0.9661
vn 0.0091 0.2364 -0.9716
vn 0.0103 0.2361 -0.9717
vn 0.3207 0.2785 -0.9053
vn 0.5624 0.2061 -0.8008
vn 0.5249 0.0328 -0.8505
vn 0.5182 0.0143 -0.8551
vn -0.0125 0.3442 -0.9388
vn -0.7862 0.0733 -0.6136
vn -0.9436 -0.1588 -0.2904
vn -0.8800 -0.3038 0.3650
vn -0.9350 -0.1582 -0.3173
vn -0.6779 -0.3746 0.6326
vn 0.2827 -0.4173 0.8637
vn 0.4966 -0.5615 0.6619
vn 0.2139 -0.6227 0.7527
vn 0.2904 -0.4097 0.8648
vn 0.9260 -0.2549 0.2785
vn 0.4868 -0.1939 -0.8518
vn -0.9300 -0.1800 -0.3204
vn 0.2997 -0.1443 0.9431
vn -0.6297 0.0280 -0.7763
vn -0.8150 0.0514 -0.5771
vn -0.7828 0.2327 -0.5771
vn -0.7767 0.2519 -0.5773
vn -0.3340 -0.0090 -0.9425
vn 0.5232 0.1685 -0.8354
vn 0.7989 0.2851 -0.5296
vn 0.9730 0.1995 0.1162
vn 0.7817 0.2932 -0.5505
vn 0.8798 0.1683 0.4445
vn 0.0611 0.0920 0.9939
vn -0.1962 0.2866 0.9377
vn 0.1044 0.3254 0.9398
vn 0.0536 0.0842 0.9950
vn -0.7532 0.1090 0.6486
vn -0.7294 0.4481 -0.5170
vn 0.7777 0.3146 -0.5443
vn 0.0502 -0.1922 0.9801
vn 0.0030 0.3976 -0.9176
vn 0.4244 0.3684 -0.8271
vn 0.0042 0.3966 -0.9180
vn 0.7875 0.2363 -0.5692
vn 0.7406 0.0112 0.6718
vn -0.8069 0.0506 0.5885
vn 0.0036 0.3711 -0.9286
vn 0.9693 0.1534 0.1919
vn 0.7425 -0.0027 0.6699
vn 0.7438 -0.0132 0.6683
vn 0.4822 0.1132 0.8687
vn 0.9945 0.1047 -0.0043
vn 0.7614 0.1410 0.6328
vn 0.7473 0.1470 0.6480
vn 0.0327 0.1039 0.9941
vn -0.5047 0.1713 0.8461
vn -0.8923 0.1797 0.4142
vn -0.8592 0.1504 -0.4890
vn -0.4949 0.2151 -0.8419
vn 0.4152 0.1757 -0.8926
vn 0.7860 0.0851 -0.6124
vn 0.7454 0.1626 0.6464
vn -0.1181 0.3417 -0.9324
vn 0.2652 0.4531 -0.8511
vn 0.6844 0.4847 -0.5446
vn 0.8592 0.4588 0.2264
vn 0.9487 0.0015 0.3163
vn 0.0644 -0.3561 0.9322
vn 0.7964 -0.1776 0.5781
vn 0.8141 -0.1831 0.5512
vn 0.9435 0.1690 -0.2852
vn 0.5100 0.1381 -0.8490
vn 0.1677 0.0120 -0.9858
vn -0.0244 0.0791 -0.9966
vn 0.2010 -0.0072 -0.9796
vn -0.6879 -0.1165 -0.7164
vn -0.8924 -0.4416 -0.0932
vn -0.8768 -0.4532 0.1607
vn -0.6622 -0.5103 0.5487
vn -0.8700 -0.4759 0.1286
vn -0.3423 -0.4160 0.8425
vn 0.8120 -0.2503 0.5273
vn 0.1973 -0.0422 -0.9794
vn -0.9153 -0.3559 0.1883
vn -0.5480 -0.0905 -0.8315
vn 0.3639 0.0493 -0.9301
vn -0.1369 -0.0383 -0.9898
vn -0.1402 -0.0405 -0.9893
vn -0.8099 -0.1550 -0.5658
vn -0.9313 -0.3463 -0.1126
vn -0.8125 -0.4467 0.3744
vn -0.8081 -0.4495 0.3807
vn -0.8128 -0.4473 0.3732
vn 0.2385 -0.3334 0.9121
vn 0.5814 -0.3052 0.7542
vn 0.8662 -0.1781 0.4669
vn 0.9960 -0.0818 0.0373
vn 0.8672 -0.1723 0.4672
vn 0.9070 0.0876 -0.4119
vn -0.1327 -0.0870 -0.9873
vn -0.8145 -0.4425 0.3752
vn 0.8661 -0.1167 0.4861
vn 0.7120 0.3072 0.6314
vn -0.0393 0.0476 0.9981
vn -0.3767 -0.0840 0.9225
vn -0.7864 -0.1662 0.5949
vn -0.9569 -0.2036 0.2071
vn -0.9623 -0.1997 0.1846
vn -0.9493 -0.2083 0.2354
vn -0.8220 0.3391 0.4576
vn -0.7541 0.6147 0.2312
vn -0.8643 0.2607 0.4302
vn -0.9544 0.0318 0.2969
vn -0.9126 0.1437 0.3828
vn -0.2207 0.5594 0.7990
vn 0.0804 0.5262 0.8465
vn -0.5627 0.8070 0.1793
vn -0.0897 0.7219 -0.6862
vn 0.0096 0.9831 0.1826
vn -0.7167 -0.6966 0.0320
vn -0.9754 -0.0798 0.2053
vn -0.2983 -0.9475 0.1154
vn -0.1076 -0.8131 -0.5721
vn -0.0526 -0.9755 0.2138
vn -0.1155 -0.0826 -0.9899
vn -0.6730 -0.5405 -0.5050
vn 0.9754 0.2162 0.0436
vn 0.9447 -0.0262 0.3269
vn 0.8073 0.0690 0.5862
vn 0.9090 -0.4051 -0.0983
vn 0.7996 -0.5976 0.0596
vn 0.6379 -0.4032 0.6561
vn 0.4337 -0.6353 0.6389
vn 0.4318 -0.8302 0.3526
vn 0.7027 0.6518 0.2852
vn 0.6934 0.7195 0.0388
vn 0.9399 0.3399 -0.0322
vn 0.9380 0.3211 0.1306
vn 0.9861 0.1460 -0.0798
vn 0.9865 0.1479 0.0707
vn 0.6983 0.6777 0.2306
vn 0.0459 0.9760 0.2128
vn 0.9477 0.2973 0.1160
vn 0.9968 0.0652 0.0469
vn 0.8762 -0.4804 -0.0368
vn 0.7340 -0.6786 -0.0281
vn 0.1842 -0.9364 0.2987
vn 0.1990 -0.9800 0.0089
vn 0.5765 -0.8097 -0.1096
vn 0.6494 -0.2695 0.7111
vn 0.9653 -0.2078 0.1579
vn 0.3801 -0.7279 0.5706
vn 0.5991 -0.7617 0.2467
vn 0.8934 0.1244 0.4318
vn 0.9388 0.1001 0.3295
vn 0.1793 -0.8265 0.5336
vn 0.4984 0.5683 -0.6547
vn 0.3697 0.9162 -0.1545
vn 0.4736 0.6635 -0.5792
vn -0.0826 0.7791 -0.6215
vn -0.0288 0.9848 -0.1712
vn 0.4734 0.8729 -0.1182
vn 0.4663 0.8820 -0.0690
vn 0.7090 0.6158 -0.3438
vn 0.3725 0.9280 0.0093
vn 0.6173 0.7427 -0.2595
vn 0.3089 0.9278 -0.2091
vn -0.3322 0.5028 0.7980
vn -0.1245 0.6484 0.7511
vn -0.8995 0.2120 0.3820
vn -0.8222 0.3391 0.4572
vn -0.3209 0.8769 -0.3579
vn -0.3611 0.4937 -0.7911
vn -0.2560 0.5539 -0.7922
vn 0.7592 0.6247 -0.1825
vn 0.8528 0.5221 0.0138
vn 0.9535 0.2427 -0.1790
vn 0.4494 0.8788 0.1606
vn 0.1566 0.9318 -0.3275
vn -0.3335 0.9197 -0.2070
vn 0.4314 0.8969 -0.0969
vn 0.7493 0.6617 -0.0256
vn 0.5295 0.7897 0.3099
vn 0.7449 0.5844 0.3220
vn 0.7777 0.4090 0.4774
vn 0.6885 0.7100 -0.1481
vn 0.5809 0.8107 -0.0737
vn 0.8755 0.4373 0.2056
vn 0.6316 0.5366 0.5596
vn 0.6412 0.4503 0.6214
vn 0.7998 0.5638 -0.2062
vn 0.8429 0.5337 -0.0682
vn 0.9731 -0.0398 0.2269
vn 0.9911 -0.1186 0.0608
vn 0.3164 0.7723 -0.5508
vn 0.2519 0.8093 -0.5306
vn 0.6506 0.4189 -0.6334
vn -0.0641 0.9510 -0.3024
vn 0.8177 0.3686 -0.4422
vn 0.3205 0.7717 -0.5494
vn 0.4257 -0.9038 0.0446
vn 0.0687 0.5832 -0.8094
vn 0.1008 0.5833 -0.8059
vn 0.1424 0.2661 -0.9534
vn 0.3191 0.1719 -0.9320
vn -0.1499 0.2126 -0.9656
vn -0.1399 0.3434 -0.9287
vn 0.3957 -0.0831 -0.9146
vn -0.1171 -0.0430 -0.9922
vn 0.2355 -0.7379 -0.6325
vn -0.0680 -0.7397 -0.6695
vn -0.0910 -0.5305 -0.8428
vn -0.1088 -0.2365 -0.9655
vn 0.2585 -0.1196 -0.9586
vn 0.0859 0.5559 0.8268
vn -0.0081 -0.9745 0.2244
vn -0.0627 0.7934 -0.6054
vn 0.0287 0.9938 -0.1076
vn -0.1113 0.5423 -0.8328
vn -0.0408 0.7518 -0.6581
vn 0.3172 0.1023 -0.9428
vn 0.2192 -0.7498 -0.6243
vn -0.1195 0.1233 -0.9851
vn -0.0458 0.8464 -0.5306
vn 0.8423 0.4520 0.2938
vn 0.1649 0.4456 -0.8799
vn 0.0276 -0.9838 -0.1769
vn 0.2991 0.7092 -0.6385
vn 0.7450 -0.6313 -0.2155
vn 0.2987 -0.9278 0.2236
vn 0.5196 -0.8499 0.0875
vn -0.2954 0.5207 -0.8010
vn 0.7921 0.0798 -0.6052
vn 0.8663 -0.2657 -0.4230
vn 0.6773 0.0049 -0.7357
vn 0.5718 0.6375 -0.5164
vn 0.7379 0.0154 -0.6747
vn 0.9393 0.0050 -0.3430
vn 0.8728 0.4743 -0.1151
vn 0.8595 0.4760 -0.1860
vn 0.9875 -0.0882 -0.1310
vn 0.3953 0.4254 -0.8141
vn 0.4602 -0.0003 -0.8878
vn -0.1380 0.3234 -0.9361
vn -0.1141 0.5275 -0.8419
vn 0.4807 0.8525 0.2054
vn -0.1192 0.4903 -0.8634
vn -0.3319 0.0929 -0.9387
vn -0.3194 0.1139 -0.9408
vn 0.3982 -0.8696 0.2918
vn 0.1298 -0.9419 0.3097
vn -0.4917 -0.4563 -0.7416
vn -0.1520 -0.9590 -0.2394
vn 0.6113 -0.7486 0.2568
vn -0.9354 -0.0940 -0.3408
vn -0.7241 -0.6869 -0.0619
vn 0.6315 0.1575 -0.7592
vn 0.3119 0.5541 -0.7718
vn 0.6355 0.2009 -0.7455
vn 0.0805 0.1047 -0.9912
vn -0.8356 0.3639 -0.4115
vn -0.1103 -0.2514 -0.9616
vn 0.7634 -0.2290 -0.6040
vn 0.3856 -0.1525 -0.9100
vn 0.7439 -0.2716 -0.6106
vn 0.8936 -0.0843 -0.4409
vn 0.8374 -0.2367 -0.4927
vn 0.9366 -0.1569 -0.3134
vn 0.5649 -0.7338 -0.3774
vn 0.5907 -0.7490 -0.3003
vn 0.0840 -0.9732 -0.2140
vn -0.6316 0.6358 -0.4437
vn -0.7700 0.6146 -0.1715
vn -0.4755 0.8779 0.0564
vn 0.7859 0.5931 -0.1750
vn 0.9594 -0.2198 0.1765
vn 0.8194 0.5102 0.2613
vn 0.9528 0.1959 -0.2321
vn 0.7739 0.4981 0.3910
vn 0.8313 -0.0833 -0.5496
vn 0.9089 0.1781 -0.3770
vn -0.4389 -0.2577 0.8608
vn -0.5550 0.1429 0.8195
vn -0.8590 0.3140 0.4044
vn -0.8989 -0.2015 0.3890
vn -0.2193 -0.7324 0.6446
vn -0.4976 -0.7811 0.3773
vn -0.1291 -0.9813 0.1427
vn -0.8189 0.2649 0.5091
vn -0.7015 0.2875 0.6521
vn -0.9267 0.3310 0.1778
vn -0.4489 -0.3589 0.8183
vn -0.2824 -0.5882 0.7578
vn -0.0331 -0.8264 0.5621
vn -0.6252 0.1079 -0.7730
vn -0.6189 0.6163 -0.4869
vn -0.9371 0.3108 -0.1591
vn -0.4903 0.8693 -0.0632
vn -0.6106 0.7919 0.0039
vn -0.3975 0.9117 -0.1042
vn -0.6398 0.7541 -0.1485
vn -0.3710 0.9265 0.0633
vn 0.4520 0.5409 0.7093
vn 0.3033 0.6288 0.7160
vn 0.6102 0.5411 0.5787
vn 0.6370 0.3930 0.6632
vn 0.4371 0.8652 0.2458
vn 0.7695 0.6304 0.1023
vn 0.9241 0.2583 0.2815
vn 0.8828 0.3372 0.3270
vn 0.9342 0.2353 0.2680
vn 0.9768 0.0846 0.1965
vn 0.9935 -0.0181 0.1127
vn -0.4843 -0.1345 -0.8645
vn -0.5927 -0.1833 -0.7843
vn -0.8715 -0.2771 -0.4046
vn -0.8671 -0.2900 -0.4051
vn -0.9094 -0.2744 -0.3126
vn -0.9481 -0.2216 -0.2282
vn -0.9764 -0.2004 -0.0812
vn -0.3814 -0.7426 -0.5505
vn -0.6215 -0.7553 -0.2080
vn -0.6023 -0.7817 -0.1616
vn -0.5444 -0.8386 0.0172
vn -0.1174 -0.9751 -0.1880
vn -0.1740 -0.9834 0.0510
vn -0.8494 -0.5268 0.0310
vn -0.4832 -0.8065 0.3408
vn -0.5420 -0.8279 -0.1443
vn -0.0779 0.2621 -0.9619
vn 0.0391 0.5386 -0.8417
vn -0.3003 0.6018 -0.7400
vn -0.5855 0.2126 -0.7823
vn -0.6101 -0.0883 -0.7874
vn 0.0306 -0.9793 0.2001
vn 0.2352 0.8544 -0.4634
vn -0.4781 0.1459 -0.8661
vn -0.0366 0.7628 -0.6456
vn 0.1267 0.5163 -0.8470
vn -0.1917 0.1266 -0.9732
vn 0.5841 0.7690 -0.2597
vn -0.0782 0.9969 0.0093
vn -0.9102 0.4006 0.1048
vn -0.7442 0.6018 0.2897
vn 0.4560 -0.5452 -0.7034
vn 0.6900 -0.7009 -0.1806
vn 0.2589 -0.9659 0.0017
vn -0.1154 -0.0826 -0.9899
vn 0.9917 -0.1269 0.0213
vn -0.1519 0.1257 0.9804
vn -0.9533 -0.1136 0.2797
vn -0.9582 0.1716 0.2287
vn -0.8348 0.5416 -0.0992
vn -0.9092 0.3878 -0.1514
vn -0.9285 -0.2872 -0.2353
vn -0.5760 0.8149 0.0635
vn -0.8317 0.5484 -0.0869
vn -0.8947 0.4195 -0.1537
vn -0.8307 -0.4947 -0.2555
vn -0.9141 -0.2896 -0.2837
vn 0.0225 0.0764 -0.9968
vn -0.8701 0.0838 -0.4857
vn -0.6347 0.6959 -0.3360
vn -0.9795 0.0065 0.2012
vn -0.9320 0.1624 -0.3241
vn -0.3642 -0.8404 0.4014
vn -0.2965 -0.9033 0.3100
vn -0.1108 -0.9324 0.3440
vn -0.0215 -0.9664 -0.2561
vn 0.4824 -0.5689 -0.6661
vn -0.3869 -0.9084 0.1585
vn -0.6655 -0.2512 -0.7028
vn -0.9187 0.0919 -0.3840
vn 0.6252 -0.7488 -0.2200
vn 0.8070 -0.1675 -0.5663
vn -0.4969 0.5758 -0.6493
vn -0.8356 0.1652 -0.5239
vn -0.8848 -0.3546 -0.3021
vn -0.4153 0.0373 -0.9089
vn 0.7233 0.3038 -0.6201
vn -0.5955 0.4718 -0.6502
vn 0.7266 -0.0196 -0.6867
vn 0.9940 -0.0850 -0.0687
vn 0.9537 -0.1682 0.2495
vn 0.8855 -0.4635 0.0322
vn 0.4902 -0.1339 -0.8613
vn 0.7994 0.0265 -0.6002
vn 0.8197 0.0937 -0.5650
vn 0.8426 -0.2911 0.4530
vn 0.6038 -0.2237 0.7651
vn 0.5896 -0.3559 0.7250
vn -0.0479 -0.1568 0.9865
vn 0.0220 -0.4455 0.8950
vn 0.5632 -0.0467 0.8250
vn -0.5394 -0.1130 0.8344
vn -0.5868 -0.0438 0.8085
vn 0.4599 -0.6351 -0.6206
vn -0.1092 -0.7154 0.6902
vn 0.2897 -0.4747 -0.8311
vn -0.7890 -0.5964 0.1476
vn -0.7173 -0.4279 0.5499
vn -0.4260 -0.2025 0.8818
vn -0.5279 0.1362 0.8383
vn -0.4734 0.8257 -0.3068
vn -0.4530 0.8613 0.2300
vn -0.4356 0.8437 0.3138
vn -0.7586 0.6454 0.0896
vn -0.8700 -0.1336 0.4746
vn -0.9460 0.3217 -0.0402
vn -0.6386 0.5036 0.5818
vn -0.9598 0.2687 0.0811
vn -0.6924 0.5191 0.5011
vn -0.9307 -0.0022 -0.3658
vn -0.9802 0.0932 -0.1747
vn -0.4992 0.7138 -0.4912
vn -0.6556 0.2611 -0.7085
vn -0.1723 -0.9743 -0.1453
vn -0.5303 -0.8114 0.2459
vn -0.9462 0.2876 -0.1483
vn -0.8307 0.5440 0.1183
vn -0.9324 -0.2698 -0.2405
vn -0.9278 -0.2800 -0.2467
vn -0.9249 -0.2861 -0.2504
vn -0.9335 -0.2673 -0.2390
vn -0.4984 0.2066 -0.8420
vn 0.8854 0.3869 0.2577
vn -0.6784 -0.0610 0.7322
vn -0.4884 0.1604 -0.8578
vn 0.8898 0.3922 0.2333
vn 0.8504 0.4324 0.2998
vn -0.4218 -0.3568 -0.8335
vn -0.4678 -0.3735 -0.8011
vn -0.4803 -0.3403 -0.8084
vn -0.5636 0.4467 -0.6948
vn -0.8318 -0.3993 0.3857
vn 0.4682 0.3662 0.8042
vn 0.4990 0.3369 0.7984
vn 0.4937 0.3453 0.7981
vn 0.4621 0.3710 0.8055
vn 0.3568 0.3603 0.8619
vn 0.3797 0.3552 0.8542
vn 0.4077 0.3516 0.8427
vn 0.3420 0.3940 0.8531
vn 0.3392 0.3897 0.8562
vn 0.6998 -0.6827 -0.2103
vn 0.6013 0.5685 -0.5615
vn -0.0161 0.3707 -0.9286
vn 0.6266 0.5498 -0.5524
vn 0.6352 0.5432 -0.5491
vn -0.4201 0.8736 -0.2455
vn -0.0546 0.9013 -0.4298
vn -0.6919 0.7213 -0.0312
vn -0.7033 0.7103 -0.0288
vn -0.3324 -0.3858 -0.8606
vn -0.3337 -0.3604 -0.8711
vn -0.3455 -0.3913 -0.8529
vn 0.7553 -0.5781 -0.3088
vn 0.7348 -0.5726 -0.3635
vn 0.8918 0.2398 -0.3837
vn 0.7741 -0.5482 -0.3167
vn 0.4593 -0.2515 0.8519
vn -0.7854 0.5416 0.2996
vn -0.7582 0.5720 0.3130
vn -0.7796 0.5497 0.3000
vn -0.7530 0.5771 0.3160
vn -0.6934 0.5856 0.4198
vn -0.7097 0.5780 0.4028
vn -0.7282 0.5705 0.3797
vn -0.6719 0.6157 0.4116
vn -0.6717 0.6125 0.4168
vn -0.5796 -0.7303 -0.3617
vn 0.5343 0.0869 -0.8408
vn -0.1514 0.3680 -0.9174
vn -0.1801 0.3521 -0.9185
vn -0.1899 0.3466 -0.9186
vn 0.5982 0.7749 -0.2041
vn 0.3843 0.7397 -0.5524
vn 0.7006 0.6973 0.1516
vn 0.7076 0.6877 0.1623
vn 0.6784 -0.5889 -0.4393
vn 0.6686 -0.6102 -0.4249
vn 0.6752 -0.6129 -0.4104
vn -0.0370 -0.9871 0.1560
vn -0.0741 -0.9814 0.1771
vn -0.5068 -0.7523 -0.4208
vn -0.0826 -0.9853 0.1495
vn -0.2749 -0.8082 -0.5208
vn -0.8307 0.0184 0.5564
vn -0.9670 -0.1963 -0.1624
vn 0.0737 0.9825 -0.1709
vn 0.0980 0.9839 -0.1493
vn 0.0941 0.9834 -0.1555
vn 0.0695 0.9823 -0.1741
vn -0.0110 0.9883 -0.1521
vn 0.0040 0.9887 -0.1501
vn 0.0265 0.9883 -0.1500
vn -0.0214 0.9833 -0.1805
vn -0.0238 0.9841 -0.1761
vn 0.7568 -0.0036 0.6537
vn 0.7600 -0.6470 0.0620
vn 0.9759 -0.2133 -0.0469
vn 0.2325 -0.8265 -0.5126
vn 0.6423 -0.3072 -0.7022
vn -0.3335 -0.3740 -0.8654
vn 0.0023 -0.4039 -0.9148
vn 0.0282 -0.9846 0.1727
vn 0.0277 -0.9883 0.1500
vn 0.6696 0.4024 0.6243
vn 0.4278 0.5637 0.7065
vn 0.5770 0.4854 0.6568
vn 0.0082 0.6207 0.7840
vn 0.4696 0.5135 0.7181
vn 0.2709 0.6359 0.7227
vn -0.2658 0.6296 0.7300
vn -0.4267 0.5562 0.7132
vn -0.4838 0.5121 0.7097
vn -0.5875 0.4645 0.6627
vn -0.7059 0.3667 0.6060
vn -0.7882 0.2959 0.5396
vn -0.7898 0.2851 0.5431
vn -0.7917 0.2711 0.5474
vn -0.0331 -0.8944 -0.4460
vn -0.0107 -0.6592 0.7519
vn -0.1417 -0.5562 0.8189
vn -0.1101 -0.6031 0.7901
vn -0.0302 -0.6790 0.7335
vn 0.0188 -0.6932 0.7205
vn 0.0651 -0.6827 0.7278
vn 0.0997 -0.6695 0.7361
vn 0.1797 -0.5643 0.8058
vn -0.8308 0.4220 -0.3630
vn 0.8241 0.3874 -0.4133
vn 0.0254 -0.2453 0.9691
vn -0.7158 0.3864 0.5816
vn -0.7755 0.2770 0.5673
vn -0.7752 0.2799 0.5663
vn -0.7772 0.2575 0.5741
vn 0.0416 -0.8495 -0.5260
vn 0.0152 -0.5931 0.8050
vn -0.1855 -0.5836 0.7905
vn -0.1956 -0.5704 0.7977
vn -0.1286 -0.5921 0.7955
vn 0.0101 -0.6205 0.7842
vn 0.1462 -0.5978 0.7882
vn 0.2187 -0.5712 0.7912
vn 0.2131 -0.5782 0.7876
vn -0.1723 0.1838 -0.9677
vn -0.1970 0.1975 -0.9603
vn -0.2214 0.2260 -0.9486
vn -0.1290 0.1508 -0.9801
vn -0.0928 0.1369 -0.9862
vn 0.1759 0.1870 -0.9665
vn 0.1190 0.1485 -0.9817
vn 0.0735 0.1332 -0.9884
vn 0.2054 0.2006 -0.9579
vn 0.2347 0.2333 -0.9437
vn 0.0398 -0.8821 -0.4693
vn 0.7651 0.3158 0.5612
vn 0.6979 0.3700 0.6132
vn 0.7640 0.3221 0.5591
vn -0.8287 0.3846 -0.4066
vn 0.8262 0.4244 -0.3705
vn -0.0167 -0.2447 0.9695
vn -0.8385 0.4270 -0.3384
vn 0.8252 0.4388 -0.3556
vn 0.0119 -0.3195 0.9475
vn -0.8450 0.4556 -0.2800
vn 0.8279 0.4664 -0.3115
vn 0.0198 -0.4029 0.9150
vn -0.2372 0.7700 0.5923
vn -0.4938 0.5990 0.6304
vn 0.0057 0.7563 0.6542
vn -0.8081 0.3057 0.5035
vn -0.6536 0.4551 0.6048
vn -0.7594 0.3004 0.5772
vn -0.7724 0.3713 0.5154
vn -0.6465 0.1592 0.7461
vn -0.6903 0.2904 0.6627
vn -0.0168 -0.1296 -0.9914
vn -0.0104 -0.1803 -0.9836
vn -0.0164 -0.1729 -0.9848
vn 0.0608 -0.9093 -0.4117
vn 0.0001 -0.9115 -0.4114
vn 0.2152 -0.0682 0.9742
vn 0.0195 -0.2159 0.9762
vn 0.1877 -0.1555 0.9699
vn 0.1320 -0.2649 0.9552
vn 0.0194 -0.2828 0.9590
vn 0.0460 -0.0648 -0.9968
vn -0.0223 -0.1650 -0.9860
vn -0.0439 -0.1907 -0.9807
vn 0.0584 -0.0267 -0.9979
vn -0.0097 0.0546 -0.9985
vn -0.1911 0.1394 -0.9716
vn -0.0544 -0.0117 -0.9985
vn -0.0753 -0.0027 -0.9972
vn -0.0150 -0.0194 -0.9997
vn 0.0338 -0.0082 -0.9994
vn 0.2460 0.7736 0.5840
vn 0.0029 0.8408 0.5413
vn 0.6684 0.4639 0.5814
vn 0.5070 0.6061 0.6128
vn 0.8219 0.3160 0.4740
vn 0.7757 0.3100 0.5497
vn 0.7856 0.3812 0.4874
vn 0.6709 0.1673 0.7224
vn 0.7099 0.2994 0.6375
vn -0.0220 -0.1804 -0.9833
vn -0.0606 -0.9103 -0.4096
vn -0.1788 -0.0706 0.9814
vn -0.1500 -0.1577 0.9760
vn -0.0932 -0.2662 0.9594
vn -0.0807 -0.0656 -0.9946
vn -0.0104 -0.1650 -0.9862
vn 0.0117 -0.1903 -0.9817
vn -0.0939 -0.0276 -0.9952
vn 0.0141 -0.4550 0.8904
vn 0.1122 -0.4996 0.8590
vn 0.2169 -0.4334 0.8747
vn 0.2507 -0.3904 0.8859
vn 0.0012 0.1583 -0.9874
vn -0.2207 0.1662 -0.9611
vn -0.2452 0.1946 -0.9497
vn -0.1601 0.1233 -0.9794
vn -0.0116 0.1123 -0.9936
vn 0.1536 0.1263 -0.9800
vn 0.2248 0.1651 -0.9603
vn 0.2424 0.1850 -0.9524
vn -0.0303 -0.8503 -0.5255
vn 0.7837 0.2946 0.5468
vn 0.7393 0.3515 0.5743
vn 0.7859 0.2760 0.5534
vn 0.7116 0.4128 0.5685
vn 0.5060 0.5820 0.6366
vn 0.4578 0.6309 0.6264
vn 0.0008 0.7147 0.6995
vn -0.0011 0.7194 0.6946
vn -0.4697 0.6113 0.6369
vn -0.5145 0.5615 0.6480
vn -0.6971 0.3766 0.6100
vn 0.1134 0.0617 -0.9916
vn 0.1652 0.1248 -0.9783
vn -0.0873 -0.8646 -0.4948
vn 0.7693 0.2473 0.5891
vn 0.7284 0.2629 0.6327
vn 0.7728 0.2894 0.5648
vn 0.7001 0.3534 0.6205
vn 0.5044 0.6012 0.6198
vn 0.4289 0.7030 0.5672
vn 0.0007 0.7920 0.6105
vn -0.0006 0.8229 0.5682
vn -0.4378 0.6838 0.5838
vn -0.5095 0.5767 0.6386
vn -0.6894 0.3288 0.6455
vn -0.7134 0.2368 0.6596
vn -0.7428 0.2384 0.6256
vn -0.7480 0.2777 0.6028
vn 0.0915 -0.8547 -0.5110
vn -0.2187 -0.4088 0.8860
vn -0.1975 -0.4365 0.8778
vn -0.1000 -0.4948 0.8632
vn 0.0084 -0.5163 0.8564
vn -0.0378 -0.9897 0.1377
vn -0.0686 -0.9849 0.1588
vn -0.0748 -0.9884 0.1325
vn -0.2183 -0.7678 -0.6024
vn -0.7450 -0.1362 0.6530
vn -0.7738 -0.1522 0.6149
vn 0.0763 0.9837 -0.1628
vn 0.1097 0.9852 -0.1317
vn 0.1031 0.9847 -0.1403
vn 0.0715 0.9834 -0.1668
vn -0.0136 0.9906 -0.1360
vn -0.0003 0.9911 -0.1333
vn 0.0233 0.9908 -0.1331
vn -0.0220 0.9848 -0.1725
vn -0.0250 0.9857 -0.1665
vn 0.6502 -0.1653 0.7416
vn 0.6830 -0.1706 0.7102
vn 0.6804 -0.1702 0.7128
vn 0.6476 -0.1649 0.7439
vn 0.5382 -0.2588 -0.8021
vn 0.1675 -0.7885 -0.5918
vn 0.5942 -0.2359 -0.7689
vn 0.6207 -0.2242 -0.7513
vn -0.3562 -0.2393 -0.9033
vn 0.0038 -0.2007 -0.9796
vn -0.5317 -0.1904 -0.8253
vn -0.5924 -0.2326 -0.7713
vn 0.0242 -0.9867 0.1605
vn 0.0182 -0.9909 0.1333
vn 0.0178 -0.9859 0.1661
vn 0.1978 0.9794 -0.0413
vn -0.1978 -0.9794 0.0413
vn 0.9470 -0.1109 0.3014
vn 0.8752 -0.1296 -0.4661
vn 0.8749 -0.1295 -0.4667
vn 0.3034 -0.0354 -0.9522
vn -0.4034 0.1099 -0.9084
vn -0.0691 0.0331 -0.9971
vn -0.9208 0.2406 -0.3069
vn -0.7346 0.1830 -0.6534
vn -0.8493 0.2578 0.4607
vn -0.8490 0.2577 0.4613
vn -0.6080 0.2163 0.7639
vn 0.0928 0.0844 0.9921
vn 0.4609 0.0112 0.8874
vn 0.4604 0.0113 0.8876
vn 0.6576 -0.1013 0.7465
vn 0.2109 -0.0013 0.9775
vn 0.9360 -0.1761 0.3048
vn 0.9621 -0.2020 -0.1830
vn -0.2912 0.0990 0.9515
vn -0.9539 0.2020 0.2218
vn -0.9360 0.1761 -0.3048
vn -0.6576 0.1013 -0.7466
vn -0.2109 0.0013 -0.9775
vn 0.2912 -0.0990 -0.9515
vn 0.7168 -0.1732 -0.6754
vn 0.9539 -0.2020 -0.2218
vn 0.6062 -0.1553 -0.7800
vn 0.2912 -0.0989 -0.9515
vn -0.0622 -0.0295 -0.9976
vn 0.6576 -0.1013 0.7466
vn 0.8244 -0.4787 0.3021
vn 0.6177 -0.4711 -0.6297
vn 0.6196 -0.4714 -0.6276
vn -0.2606 -0.3058 -0.9157
vn -0.2634 -0.3052 -0.9151
vn -0.9503 -0.1447 -0.2758
vn -0.9714 -0.0778 0.2245
vn -0.3342 -0.1723 0.9266
vn 0.1367 -0.3077 0.9416
vn 0.1395 -0.3083 0.9410
vn -0.9358 0.1761 -0.3053
vn -0.8523 0.1510 -0.5008
vn -0.6683 0.1039 -0.7366
vn -0.9541 0.2020 0.2212
vn -0.2250 0.0043 -0.9743
vn 0.7068 -0.1717 -0.6862
vn 0.9541 -0.2020 -0.2212
vn 0.9358 -0.1761 0.3053
vn 0.6683 -0.1039 0.7366
vn 0.2250 -0.0043 0.9743
vn -0.2774 0.0963 0.9559
vn -0.7068 0.1717 0.6862
vn -0.1009 0.9474 -0.3038
vn -0.1009 0.9474 -0.3039
vn 0.9649 0.1676 0.2020
vn 0.2677 0.3200 0.9088
vn -0.2423 0.2728 0.9311
vn -0.9540 -0.0055 0.2998
vn -0.9649 -0.1676 -0.2020
vn -0.7074 -0.2831 -0.6477
vn -0.2677 -0.3200 -0.9088
vn 0.2423 -0.2728 -0.9311
vn 0.6886 -0.1539 -0.7086
vn 0.1009 -0.9474 0.3038
vn 0.1009 -0.9474 0.3039
vn 0.9540 0.0055 -0.2998
vn -0.9911 -0.1224 -0.0522
vn 0.7074 0.2831 0.6477
vn -0.9648 -0.1677 -0.2025
vn -0.8910 -0.2219 -0.3960
vn -0.7177 -0.2808 -0.6372
vn -0.9541 -0.0056 0.2994
vn -0.8187 0.0945 0.5665
vn -0.2819 -0.3201 -0.9045
vn 0.6779 -0.1580 -0.7179
vn 0.9541 0.0056 -0.2994
vn 0.7808 0.2647 0.5660
vn 0.7177 0.2808 0.6372
vn 0.2819 0.3201 0.9045
vn -0.2280 0.2753 0.9339
vn -0.6779 0.1580 0.7179
vn 0.1164 0.9551 -0.2724
vn 0.1004 0.7731 -0.6263
vn 0.0784 0.6946 -0.7151
vn 0.0723 0.8126 -0.5783
vn 0.1052 0.9816 -0.1594
vn 0.1568 0.7274 0.6680
vn 0.1370 0.9007 0.4122
vn 0.1271 0.8995 0.4180
vn 0.1254 0.6937 0.7093
vn 0.2869 0.4815 -0.8282
vn 0.0604 0.5771 -0.8144
vn 0.1270 0.4964 -0.8588
vn 0.9811 -0.1651 -0.1011
vn 0.9825 -0.1625 -0.0905
vn 0.9816 -0.1813 -0.0601
vn 0.9792 -0.1856 -0.0826
vn -0.7129 -0.5286 0.4609
vn -0.9975 -0.0535 0.0468
vn 0.9827 -0.1848 -0.0124
vn 0.9832 -0.1810 -0.0249
vn 0.9850 -0.1727 0.0079
vn 0.9853 -0.1707 0.0111
vn 0.9831 -0.1798 -0.0329
vn 0.9833 -0.1789 -0.0326
vn -0.9958 -0.0362 -0.0843
vn 0.9799 -0.1260 -0.1548
vn 0.5923 -0.6407 -0.4885
vn 0.9796 -0.1716 -0.1043
vn -0.0418 -0.8185 -0.5730
vn -0.0416 -0.8182 -0.5734
vn -0.0406 -0.8164 -0.5761
vn -0.0554 -0.7694 0.6363
vn -0.0554 -0.7678 0.6383
vn -0.0556 -0.7541 0.6544
vn -0.1990 -0.6181 0.7605
vn -0.1440 -0.4342 0.8892
vn -0.1779 -0.6434 0.7446
vn -0.1066 -0.4863 0.8673
vn -0.2521 -0.9323 0.2593
vn -0.2468 -0.9365 0.2489
vn -0.2605 -0.8302 -0.4929
vn -0.2597 -0.9184 -0.2987
vn -0.1391 -0.6843 -0.7158
vn -0.2007 -0.5655 -0.8000
vn -0.0719 0.8011 0.5941
vn 0.0463 0.9989 0.0020
vn 0.0863 0.8142 -0.5742
vn 0.0352 0.9793 -0.1995
vn -0.0575 0.7372 0.6732
vn -0.1212 -0.2822 -0.9517
vn -0.0784 -0.2469 -0.9659
vn 0.0132 0.3217 -0.9467
vn -0.4363 -0.8994 -0.0258
vn -0.1760 -0.8855 -0.4301
vn -0.3846 -0.2416 0.8909
vn -0.1812 -0.2480 0.9517
vn -0.1980 -0.7884 0.5825
vn 0.1348 0.9907 0.0184
vn 0.1191 0.2977 -0.9472
vn -0.3477 -0.6568 -0.6691
vn -0.6539 -0.5796 0.4863
vn -0.3093 0.4176 0.8544
vn 0.0616 0.8994 0.4327
vn 0.0636 0.9203 0.3860
vn 0.0733 0.9916 -0.1061
vn 0.0375 0.3980 -0.9166
vn 0.0051 -0.0569 -0.9984
vn -0.0347 -0.5789 -0.8147
vn -0.0636 -0.9203 -0.3860
vn -0.0617 -0.8994 -0.4327
vn -0.0733 -0.9916 0.1061
vn -0.0375 -0.3980 0.9166
vn 0.0019 0.1506 0.9886
vn 0.0347 0.5789 0.8147
vn -0.9750 0.2204 -0.0288
vn 0.0414 0.8127 0.5812
vn 0.0719 0.8011 0.5941
vn -0.0863 0.8142 -0.5742
vn -0.0307 0.8362 -0.5475
vn 0.1212 -0.2823 -0.9516
vn 0.0784 -0.2469 -0.9659
vn 0.4363 -0.8994 -0.0258
vn 0.2137 -0.9768 -0.0161
vn 0.3846 -0.2416 0.8909
vn 0.1812 -0.2480 0.9517
vn -0.1348 0.9907 0.0184
vn -0.1191 0.2977 -0.9472
vn 0.3477 -0.6568 -0.6691
vn 0.6539 -0.5796 0.4863
vn 0.3093 0.4176 0.8544
vn -0.0636 0.9203 0.3860
vn -0.0616 0.8994 0.4327
vn -0.0733 0.9916 -0.1061
vn -0.0375 0.3980 -0.9166
vn -0.0051 -0.0569 -0.9984
vn 0.0347 -0.5789 -0.8147
vn 0.0636 -0.9203 -0.3860
vn 0.0616 -0.8994 -0.4327
vn 0.0733 -0.9916 0.1061
vn 0.0375 -0.3980 0.9166
vn -0.0019 0.1506 0.9886
vn -0.0347 0.5789 0.8147
vn 0.9750 0.2204 -0.0288
vn -0.1853 0.9825 0.0189
vn -0.1499 0.9804 0.1279
vn -0.1499 0.9846 -0.0900
vn -0.0573 0.9791 0.1952
vn 0.0573 0.9791 0.1952
vn 0.1499 0.9804 0.1279
vn 0.1853 0.9825 0.0189
vn 0.1499 0.9846 -0.0900
vn 0.0573 0.9859 -0.1573
vn 0.0000 0.0193 -0.9998
vn -0.3002 0.2546 -0.9193
vn 0.3090 0.0183 -0.9509
vn 0.3002 0.2546 -0.9193
vn -0.7767 0.0121 -0.6297
vn -0.7860 0.2478 -0.5664
vn -0.3763 -0.7581 -0.5326
vn -0.9511 0.0060 -0.3090
vn -0.9632 0.2628 -0.0558
vn -0.9913 -0.0025 0.1313
vn -0.7310 0.3970 0.5550
vn -0.2201 -0.0188 0.9753
vn -0.1976 0.3974 0.8961
vn -0.4294 -0.0174 0.9030
vn 0.2201 -0.0188 0.9753
vn 0.2100 0.4090 0.8880
vn 0.7679 -0.0124 0.6405
vn 0.7144 0.4063 0.5697
vn 0.9913 -0.0025 0.1313
vn 0.9672 0.2407 -0.0814
vn 0.8090 0.0113 -0.5877
vn 0.7860 0.2478 -0.5664
vn 0.9511 0.0060 -0.3090
vn -0.2092 0.7482 -0.6296
vn 0.2092 0.7482 -0.6296
vn -0.5478 0.7435 -0.3837
vn -0.6771 0.7358 0.0142
vn -0.4593 0.8535 0.2461
vn -0.1327 0.8677 0.4790
vn 0.1676 0.8561 0.4889
vn 0.3962 0.8727 0.2853
vn 0.6582 0.7523 -0.0277
vn 0.5478 0.7435 -0.3837
vn -0.0573 0.9859 -0.1573
vn 0.6453 -0.7598 -0.0790
vn 0.9953 0.0733 -0.0632
vn 0.9970 0.0751 -0.0179
vn 0.9935 0.1029 -0.0484
vn 0.9916 0.0945 -0.0880
vn 0.9938 0.0933 -0.0611
vn 0.7975 0.2368 -0.5549
vn 0.8032 0.5402 0.2511
vn 0.9772 0.1109 -0.1811
vn 0.9907 0.0983 -0.0945
vn 0.9938 0.1104 -0.0116
vn 0.4439 -0.2863 -0.8491
vn 0.9424 -0.0682 -0.3273
vn 0.8858 -0.0218 -0.4636
vn 0.4858 0.4130 0.7703
vn 0.9955 0.0688 0.0656
vn 0.9760 0.1052 0.1906
vn 0.9912 0.1283 0.0337
vn 0.9939 0.1103 -0.0085
vn 0.9869 0.1572 -0.0370
vn -0.5674 0.5388 0.6227
vn -0.9797 -0.0923 0.1779
vn -0.9799 -0.0961 0.1748
vn -0.6064 0.7878 0.1078
vn -0.9933 -0.0816 0.0820
vn -0.8989 0.0494 -0.4354
vn -0.8185 -0.0690 -0.5704
vn -0.9947 -0.0920 0.0457
vn -0.7874 -0.2129 -0.5785
vn -0.9391 -0.2559 -0.2294
vn -0.9866 -0.0571 0.1531
vn -0.9970 -0.0751 0.0179
vn -0.6163 -0.3737 0.6932
vn -0.2608 0.8947 0.3626
vn -0.7649 -0.4156 0.4921
vn -0.3247 -0.6344 -0.7014
vn -0.9991 0.0005 -0.0434
vn -0.9912 -0.1235 -0.0476
vn -0.5975 0.7765 0.2001
vn -0.9337 0.3578 -0.0096
vn -0.9220 0.0033 0.3872
vn -0.0000 -0.3877 -0.9218
vn 0.0146 -0.3949 -0.9186
vn -0.0538 0.5953 -0.8017
vn -0.0109 0.2536 -0.9672
vn 0.0090 -0.1169 -0.9931
vn -0.1396 0.9563 -0.2569
vn -0.0881 0.9524 -0.2919
vn 0.0422 0.7566 0.6526
vn -0.1800 0.0481 -0.9825
vn -0.1773 0.0179 -0.9840
vn -0.1976 0.3466 -0.9170
vn -0.4538 -0.1425 -0.8797
vn -0.4330 -0.2536 -0.8650
vn -0.4691 -0.0253 -0.8828
vn 0.0887 -0.9590 0.2692
vn 0.1161 -0.9544 0.2751
vn 0.2281 -0.9272 0.2972
vn 0.2687 -0.9139 0.3043
vn -0.0283 0.2828 0.9588
vn 0.0918 -0.9883 0.1220
vn 0.0629 -0.6584 -0.7500
vn 0.0628 -0.6584 -0.7500
vn 0.0719 -0.7853 0.6149
vn 0.0718 -0.7853 0.6149
vn 0.0330 -0.3851 0.9223
vn 0.0476 -0.5298 0.8468
vn 0.0021 -0.2249 0.9744
vn -0.0000 0.9814 0.1922
vn -0.0000 0.9999 -0.0101
vn 0.0000 0.9999 -0.0101
vn -0.4858 0.4130 0.7703
vn -0.9760 0.1052 0.1906
vn -0.9822 0.1113 0.1515
vn -0.4439 -0.2863 -0.8491
vn -0.7308 0.0594 -0.6800
vn -0.9424 -0.0682 -0.3273
vn -0.9955 0.0863 -0.0399
vn -0.9912 0.1283 0.0337
vn -0.9936 0.1128 0.0063
vn -0.9799 0.0961 -0.1748
vn -0.9772 0.1109 -0.1811
vn -0.7907 0.6121 0.0154
vn -0.9916 0.0945 -0.0880
vn -0.2606 0.5812 -0.7709
vn -0.9935 0.1029 -0.0484
vn -0.9938 0.0934 -0.0611
vn -0.9945 0.0684 -0.0792
vn -0.9942 0.1072 -0.0067
vn -0.9869 0.1572 -0.0370
vn -0.6453 -0.7598 -0.0790
vn -0.9970 0.0751 -0.0179
vn 0.9220 0.0033 0.3872
vn 0.5975 0.7765 0.2001
vn 0.9337 0.3578 -0.0096
vn 0.9982 0.0482 -0.0351
vn 0.6163 -0.3737 0.6932
vn 0.5918 -0.5782 0.5616
vn 0.9868 -0.1577 0.0374
vn 0.9970 -0.0751 0.0179
vn 0.9866 -0.0571 0.1531
vn 0.8185 -0.0690 -0.5704
vn 0.7874 -0.2129 -0.5785
vn 0.7199 0.1233 0.6830
vn 0.9933 -0.0816 0.0820
vn 0.9797 -0.0923 0.1779
vn 0.9799 -0.0961 0.1748
vn 0.6979 0.7098 0.0955
vn 0.9955 -0.0766 -0.0552
vn 0.9882 -0.0835 0.1286
vn 0.3247 -0.6345 -0.7014
vn 0.9932 -0.1038 -0.0521
vn 0.9912 -0.1235 -0.0476
vn 0.0000 -0.3877 -0.9218
vn -0.0028 -0.0952 -0.9955
vn -0.0239 -0.3995 -0.9164
vn 0.0186 0.2564 -0.9664
vn 0.0881 0.9524 -0.2919
vn 0.1396 0.9563 -0.2569
vn -0.0422 0.7566 0.6526
vn 0.1976 0.3466 -0.9170
vn 0.1773 0.0179 -0.9840
vn 0.1800 0.0481 -0.9825
vn 0.4538 -0.1425 -0.8797
vn 0.4330 -0.2536 -0.8650
vn 0.4691 -0.0253 -0.8828
vn -0.2687 -0.9139 0.3043
vn -0.1161 -0.9544 0.2751
vn -0.2281 -0.9272 0.2972
vn -0.0887 -0.9590 0.2692
vn 0.0283 0.2828 0.9588
vn -0.0881 -0.9526 0.2911
vn -0.0629 -0.6584 -0.7500
vn -0.0718 -0.7853 0.6149
vn -0.0476 -0.5298 0.8468
vn -0.0330 -0.3851 0.9223
vn -0.0021 -0.2249 0.9744
vn 0.0000 0.9358 0.3525
vn 0.0000 0.9814 0.1922
vn 0.0423 -0.9932 -0.1082
vn -0.0000 -0.9998 -0.0193
vn -0.0000 -0.9832 -0.1827
vn -0.0680 -0.9844 -0.1621
vn -0.1671 -0.9142 -0.3692
vn -0.0379 -0.9529 -0.3008
vn -0.0000 -0.9602 -0.2795
vn 0.0379 -0.9529 -0.3008
vn 0.1671 -0.9142 -0.3692
vn -0.0784 0.6946 -0.7151
vn -0.1004 0.7731 -0.6263
vn -0.1164 0.9551 -0.2724
vn -0.1052 0.9816 -0.1594
vn -0.0723 0.8126 -0.5783
vn -0.1370 0.9007 0.4122
vn -0.1568 0.7274 0.6680
vn -0.1254 0.6937 0.7093
vn -0.1271 0.8995 0.4180
vn -0.0604 0.5771 -0.8144
vn -0.2869 0.4815 -0.8282
vn -0.1270 0.4964 -0.8588
vn -0.9816 -0.1813 -0.0601
vn -0.9825 -0.1625 -0.0905
vn -0.9811 -0.1651 -0.1011
vn -0.9792 -0.1856 -0.0826
vn 0.9975 -0.0535 0.0468
vn 0.7129 -0.5286 0.4609
vn -0.9850 -0.1727 0.0079
vn -0.9832 -0.1810 -0.0249
vn -0.9827 -0.1848 -0.0124
vn -0.9853 -0.1707 0.0111
vn -0.9833 -0.1789 -0.0326
vn -0.9831 -0.1798 -0.0329
vn 0.9958 -0.0362 -0.0843
vn -0.5923 -0.6407 -0.4885
vn -0.9799 -0.1260 -0.1548
vn -0.9796 -0.1716 -0.1042
vn 0.0406 -0.8164 -0.5761
vn 0.0416 -0.8182 -0.5734
vn 0.0418 -0.8185 -0.5730
vn 0.0556 -0.7541 0.6544
vn 0.0554 -0.7678 0.6383
vn 0.0554 -0.7694 0.6363
vn 0.1779 -0.6434 0.7446
vn 0.1440 -0.4342 0.8892
vn 0.1990 -0.6181 0.7605
vn 0.1066 -0.4863 0.8673
vn 0.2468 -0.9365 0.2489
vn 0.2521 -0.9323 0.2593
vn 0.2597 -0.9184 -0.2987
vn 0.2605 -0.8302 -0.4929
vn 0.1391 -0.6843 -0.7158
vn 0.2007 -0.5655 -0.8000
vn -0.0000 0.0193 -0.9998
vn -0.4109 0.2694 -0.8709
vn -0.0000 -0.7888 -0.6146
vn -0.0000 -0.3048 -0.9524
vn -0.6499 -0.3622 -0.6682
vn 0.6762 0.0415 -0.7356
vn 0.1047 -0.1025 -0.9892
vn 0.9453 -0.1293 -0.2995
vn 0.6971 -0.0923 -0.7111
vn -0.9262 -0.1183 -0.3581
vn -0.7270 -0.0142 -0.6864
vn 0.0000 -0.0193 0.9998
vn -0.0000 -0.0193 0.9998
vn 0.6762 0.0131 0.7366
vn 0.7455 0.1305 0.6536
vn 0.2877 0.1256 0.9495
vn 0.6514 0.1587 0.7419
vn -0.6617 0.4605 0.5917
vn -0.2746 0.7372 0.6173
vn -0.0123 -0.7727 0.6347
vn 0.1375 -0.5206 0.8427
vn -0.7270 -0.0407 0.6854
vn -0.8652 -0.1263 0.4852
vn -0.2595 -0.1122 0.9592
vn -0.6858 0.4359 -0.5828
vn 0.6971 -0.1197 0.7070
vn 0.9899 -0.1414 -0.0027
vn -0.9406 -0.3396 -0.0065
vn 0.8944 -0.4471 -0.0086
vn -0.9910 -0.1339 -0.0026
vn -0.9983 0.0587 0.0011
vn 0.2631 -0.9646 -0.0186
vn -0.2941 -0.9556 -0.0184
vn -0.8521 -0.5232 -0.0101
vn -0.9939 -0.1104 -0.0021
vn -0.3443 0.9387 0.0181
vn -0.9932 -0.1168 -0.0023
vn 0.0929 0.9955 0.0192
vn 0.1113 0.9936 0.0192
vn -0.2132 0.9768 0.0188
vn 0.4239 0.9055 0.0175
vn 0.8261 0.5634 0.0109
vn 0.9923 0.1240 0.0024
vn 0.9231 0.3845 0.0074
vn 0.9907 0.1363 0.0026
vn 0.8944 0.4471 0.0086
vn 0.9864 0.1644 0.0032
vn -0.8459 -0.5333 -0.0103
vn -0.7359 -0.6769 -0.0131
vn -0.9545 -0.2982 -0.0058
vn 0.9872 -0.1592 -0.0031
vn -0.6580 0.4586 -0.5973
vn -0.2110 0.1566 -0.9649
vn 0.1553 0.7984 -0.5818
vn 0.2395 0.5579 -0.7946
vn 0.7051 0.3734 -0.6029
vn -0.4237 0.2563 -0.8688
vn 0.3927 -0.6663 -0.6339
vn 0.4229 -0.1094 -0.8996
vn -0.2654 -0.4758 -0.8386
vn -0.4973 -0.5429 -0.6767
vn 0.3905 0.5919 0.7051
vn 0.3833 0.5804 0.7184
vn 0.0124 0.6338 0.7734
vn -0.3296 -0.1390 0.9338
vn -0.3834 0.8450 0.3729
vn -0.4973 -0.5686 0.6553
vn 0.4802 -0.8770 -0.0169
vn 0.8462 -0.5327 -0.0103
vn -0.0070 -0.9998 -0.0193
vn -0.3442 -0.9387 -0.0181
vn -0.2483 -0.9685 -0.0187
vn -0.8321 -0.5546 -0.0107
vn 0.4626 -0.8864 -0.0171
vn 0.9650 0.2622 0.0051
vn 0.8536 -0.5209 -0.0100
vn 0.5010 -0.8653 -0.0167
vn 0.9988 -0.0499 -0.0010
vn 0.5421 0.8401 0.0162
vn -0.4957 0.8683 0.0167
vn -0.8706 0.4920 0.0095
vn 0.0191 0.9996 0.0193
vn 0.1936 0.9809 0.0189
vn 0.7260 0.6876 0.0133
vn -0.8147 -0.5798 -0.0112
vn -0.9990 0.0454 0.0009
vn -0.2841 -0.9586 -0.0185
vn -0.9268 0.3754 0.0072
vn -0.8370 0.5472 0.0105
vn -0.7786 -0.6274 -0.0121
vn -0.6668 -0.7451 -0.0144
vn 0.0000 0.9998 0.0193
vn -0.4920 0.0168 -0.8705
vn 0.5000 0.0167 -0.8659
vn -1.0000 0.0000 0.0000
vn -0.8660 0.0096 -0.4999
vn -0.5000 -0.0167 0.8659
vn -0.8660 -0.0096 0.4999
vn 0.5000 -0.0167 0.8659
vn 1.0000 -0.0002 0.0093
vn 0.8660 -0.0096 0.4999
vn 0.8660 0.0096 -0.4999
vn -0.0000 0.9998 0.0193
vn -0.5000 0.0167 -0.8659
vn -0.5263 -0.0164 0.8502
vn 0.5263 -0.0164 0.8502
vn 1.0000 -0.0000 -0.0000
vn 0.5303 0.5193 0.6701
vn 0.4567 0.8695 0.1882
vn -0.7101 -0.6724 0.2090
vn 0.3738 0.6986 0.6101
vn 0.3726 0.6987 0.6107
vn 0.3684 0.6991 0.6128
vn 0.3782 0.6982 0.6078
vn 0.5344 0.5088 -0.6749
vn 0.6613 0.7186 -0.2153
vn 0.5255 0.5006 -0.6879
vn 0.6521 0.1773 0.7371
vn 0.5127 -0.3751 -0.7723
vn -0.7800 0.6216 -0.0720
vn 0.8790 -0.4742 0.0499
vn 0.8850 -0.4629 0.0506
vn 0.8754 -0.4809 0.0495
vn 0.8864 -0.4601 0.0508
vn -0.8788 0.4746 -0.0495
vn -0.8855 0.4619 -0.0503
vn -0.8871 0.4589 -0.0505
vn -0.8747 0.4822 -0.0490
vn 0.2063 0.2568 -0.9442
vn 0.4501 0.6887 -0.5684
vn 0.2070 0.2513 -0.9455
vn -0.5764 -0.7892 0.2121
vn 0.2791 0.7603 0.5866
vn 0.2777 0.7602 0.5874
vn 0.2722 0.7598 0.5904
vn 0.2849 0.7606 0.5833
vn 0.3941 -0.0350 -0.9184
vn 0.7442 0.2340 -0.6256
vn -0.7716 -0.6085 0.1852
vn -0.7735 -0.6066 0.1838
vn -0.7708 -0.6094 0.1858
vn -0.7744 -0.6057 0.1831
vn 0.4322 0.6350 0.6403
vn 0.8804 0.4360 -0.1865
vn 0.8909 0.4072 -0.2012
vn 0.8634 0.5043 -0.0163
vn 0.6047 -0.0359 0.7957
vn 0.4133 -0.5396 -0.7335
vn -0.4751 0.8727 -0.1126
vn 0.6531 -0.0409 0.7562
vn 0.3455 -0.5665 -0.7481
vn -0.4570 0.8835 -0.1032
vn 0.7877 -0.6121 0.0691
vn 0.7947 -0.6030 0.0700
vn 0.7831 -0.6181 0.0685
vn 0.7966 -0.6004 0.0703
vn -0.7875 0.6125 -0.0687
vn -0.7952 0.6024 -0.0697
vn -0.7973 0.5995 -0.0700
vn -0.7823 0.6191 -0.0681
vn 0.2499 0.1501 -0.9566
vn 0.2502 0.1568 -0.9554
vn 0.5167 0.8281 -0.2173
vn 0.6131 0.2077 0.7622
vn 0.5660 -0.3219 -0.7590
vn -0.8200 0.5654 -0.0893
vn 0.6225 0.2497 0.7417
vn 0.5492 -0.3680 -0.7503
vn -0.8223 0.5576 -0.1133
vn 0.9247 0.0152 0.3805
vn 0.8375 -0.3610 -0.4103
vn 0.3987 0.5409 -0.7405
vn 0.3777 -0.1890 -0.9064
vn 0.2525 0.9198 -0.3003
vn 0.9242 -0.3808 0.0298
vn 0.6521 0.1774 0.7371
vn 0.3777 -0.5700 -0.7297
vn -0.4866 0.8604 -0.1516
vn 0.5372 0.5077 0.6735
vn 0.5372 0.5077 0.6736
vn 0.4888 0.8533 0.1816
vn 0.9193 -0.0148 0.3933
vn 0.8309 -0.3936 -0.3933
vn 0.4379 0.5165 -0.7358
vn 0.3895 -0.2115 -0.8964
vn 0.3894 -0.2115 -0.8964
vn 0.3002 0.9034 -0.3063
vn 0.9096 -0.4128 0.0471
vn 0.5731 0.4682 0.6726
vn 0.4547 0.8446 0.2826
vn 0.9534 -0.0101 0.3016
vn 0.5732 0.4682 0.6725
vn 0.7852 -0.3286 -0.5249
vn 0.3543 0.6351 -0.6864
vn 0.3190 -0.1043 -0.9420
vn 0.2207 0.9628 -0.1560
vn 0.9090 -0.4001 -0.1168
vn 0.4826 -0.8640 0.1438
vn 0.5356 -0.8320 0.1448
vn 0.6633 0.5554 0.5016
vn 0.3306 -0.9336 0.1382
vn -0.6545 0.7518 -0.0803
vn -0.6578 0.7488 -0.0808
vn -0.6589 0.7479 -0.0810
vn -0.6521 0.7539 -0.0799
vn 0.4873 0.2036 -0.8492
vn 0.3733 -0.9164 0.1442
vn 0.4803 -0.8639 0.1517
vn -0.2249 0.9579 -0.1786
vn -0.2946 0.9376 -0.1849
vn -0.3026 0.9349 -0.1856
vn -0.1993 0.9640 -0.1760
vn 0.5736 -0.0002 -0.8192
vn 0.5905 0.0233 -0.8067
vn 0.6421 0.1007 -0.7600
vn 0.8309 0.2532 -0.4954
vn -0.9246 -0.3613 0.1208
vn -0.9260 -0.3586 0.1182
vn -0.9232 -0.3639 0.1234
vn -0.9273 -0.3559 0.1155
vn 0.8559 0.4602 0.2358
vn 0.6013 0.4893 0.6318
vn 0.8190 0.4842 0.3077
vn 0.6915 0.4573 0.5592
vn 0.9163 0.3795 -0.1281
vn 0.5339 -0.0423 0.8445
vn 0.5456 -0.4579 -0.7019
vn -0.4743 0.8732 -0.1118
vn 0.6308 0.0460 0.7746
vn 0.4754 -0.4931 -0.7285
vn -0.5431 0.8296 -0.1294
vn 0.6830 0.0415 0.7292
vn 0.8129 0.0066 -0.5823
vn -0.8244 0.4711 0.3137
vn -0.8992 0.0985 -0.4263
vn -0.7646 0.2010 -0.6124
vn -0.8794 0.3460 0.3271
vn -0.3450 -0.0791 0.9353
vn -0.3404 0.3860 0.8574
vn -0.6856 0.7059 0.1782
vn -0.6557 0.4568 -0.6012
vn -0.4933 0.8226 -0.2827
vn -0.9758 0.1839 0.1181
vn -0.2721 0.9622 0.0140
vn -0.9307 0.3650 0.0245
vn -0.3743 0.9010 -0.2193
vn -0.7204 0.6896 -0.0740
vn -0.9699 0.2064 0.1294
vn 0.8457 -0.4607 0.2692
vn 0.7656 -0.6229 -0.1608
vn 0.9146 -0.3435 -0.2132
vn 0.7262 -0.6466 0.2336
vn 0.0886 -0.5001 -0.8614
vn 0.3973 -0.1771 -0.9004
vn -0.5918 0.3949 -0.7028
vn -0.7094 -0.1738 -0.6831
vn -0.8011 0.5497 0.2369
vn -0.9638 0.0355 0.2643
vn 0.1524 -0.1986 0.9682
vn -0.3938 -0.4432 0.8053
vn -0.0407 -0.5396 0.8409
vn -0.2643 0.0573 0.9627
vn 0.1484 0.1064 0.9832
vn 0.8992 -0.3915 0.1954
vn 0.8441 -0.5024 -0.1871
vn 0.8263 -0.0503 -0.5610
vn 0.1534 -0.3851 -0.9101
vn -0.4231 -0.3484 -0.8364
vn -0.5634 -0.5959 -0.5722
vn 0.0840 0.9009 0.4258
vn -0.2538 0.9665 -0.0371
vn 0.2513 -0.6446 -0.7220
vn 0.6803 -0.7211 -0.1310
vn -0.1724 0.0767 -0.9820
vn -0.2104 0.7488 -0.6285
vn 0.1333 0.3374 -0.9319
vn 0.2893 -0.3136 -0.9044
vn 0.7271 -0.6530 0.2119
vn 0.6500 -0.7299 0.2115
vn 0.5441 -0.1638 0.8229
vn 0.1824 -0.0194 0.9830
vn 0.1566 -0.2607 0.9526
vn -0.4739 0.2882 0.8321
vn 0.4113 0.4019 0.8181
vn -0.2523 0.6697 0.6985
vn 0.7071 0.1427 0.6925
vn 0.7993 -0.5620 -0.2129
vn 0.8864 -0.4357 0.1563
vn -0.0480 -0.2246 -0.9733
vn -0.1008 -0.2542 -0.9619
vn -0.1012 -0.2543 -0.9618
vn 0.1629 0.9638 -0.2113
vn 0.6564 0.5379 0.5290
vn 0.6267 0.3661 -0.6880
vn 0.3124 0.9345 0.1708
vn 0.4808 0.7941 -0.3718
vn 0.9958 0.0255 -0.0874
vn 0.6880 0.7128 0.1364
vn 0.9658 -0.2513 0.0634
vn 0.9143 -0.1432 -0.3788
vn 0.7846 0.4774 -0.3956
vn 0.9404 0.0024 -0.3399
vn 0.7165 0.5305 -0.4530
vn 0.9676 -0.1065 -0.2290
vn -0.1026 -0.2543 -0.9617
vn 0.9078 -0.3728 0.1921
vn 0.7157 -0.6975 -0.0361
vn 0.6815 -0.7137 -0.1619
vn 0.6157 -0.7879 -0.0069
vn 0.9427 -0.2239 0.2472
vn -0.5975 -0.3215 0.7346
vn -0.5752 -0.6392 0.5105
vn -0.1536 -0.9468 0.2828
vn -0.1616 -0.9594 0.2312
vn -0.3972 -0.2948 0.8691
vn -0.3317 -0.8953 0.2973
vn -0.7532 -0.5866 0.2977
vn 0.2200 -0.9516 0.2146
vn 0.3129 -0.9486 0.0462
vn -0.8791 0.0561 0.4733
vn -0.8836 0.2312 0.4073
vn -0.9281 0.3639 -0.0788
vn 0.2814 0.9211 -0.2690
vn 0.0007 0.9146 -0.4044
vn -0.7288 -0.6143 0.3025
vn -0.5809 -0.7704 0.2629
vn -0.9073 -0.3745 0.1912
vn 0.0233 -0.2044 -0.9786
vn 0.0383 -0.1962 -0.9798
vn 0.0062 -0.2007 -0.9796
vn 0.0275 -0.1963 -0.9802
vn -0.3614 -0.2045 0.9097
vn -0.9515 -0.2308 -0.2036
vn -0.3373 -0.6088 -0.7180
vn -0.4386 0.2561 0.8614
vn 0.2238 0.4193 0.8798
vn -0.8734 -0.0020 0.4870
vn 0.3164 -0.8696 -0.3790
vn -0.4238 -0.7913 -0.4408
vn 0.9017 -0.4242 -0.0841
vn -0.1407 -0.2545 -0.9568
vn -0.0309 -0.0915 -0.9953
vn -0.1303 -0.2173 -0.9674
vn -0.1500 -0.2366 -0.9600
vn -0.1528 -0.2291 -0.9613
vn -0.1578 -0.2568 -0.9535
vn 0.2152 0.9746 0.0627
vn 0.2921 0.9559 0.0298
vn 0.2283 0.9632 0.1415
vn 0.3666 0.9298 0.0330
vn 0.9002 0.0304 -0.4343
vn 0.7074 -0.3135 -0.6334
vn 0.2962 0.9551 0.0021
vn 0.9060 0.4167 -0.0738
vn 0.9927 -0.1134 0.0421
vn 0.8844 0.0106 -0.4667
vn 0.9453 -0.2623 -0.1939
vn 0.9510 -0.0436 -0.3060
vn 0.9507 -0.1936 0.2422
vn 0.4230 -0.2154 -0.8802
vn 0.6532 -0.3020 -0.6944
vn 0.8368 -0.1826 -0.5162
vn 0.8936 -0.1725 -0.4145
vn 0.5196 0.3631 0.7734
vn 0.4754 0.3338 0.8140
vn 0.2962 0.4068 0.8642
vn -0.7824 -0.6004 -0.1651
vn -0.8235 0.5101 0.2483
vn -0.9701 0.0956 0.2230
vn -0.5655 -0.7529 -0.3368
vn 0.3260 -0.8977 -0.2965
vn -0.6264 -0.7458 0.2269
vn 0.1679 -0.9834 -0.0687
vn -0.1458 -0.9266 0.3466
vn 0.8690 -0.3794 -0.3177
vn 0.9505 -0.1101 0.2906
vn 0.8916 -0.0629 -0.4485
vn -0.7971 -0.3715 0.4761
vn -0.9817 0.1762 -0.0725
vn -0.9885 -0.1236 -0.0869
vn -0.1587 -0.9550 0.2507
vn 0.3646 -0.9162 0.1664
vn 0.3845 -0.7533 0.5335
vn -0.5039 0.7514 0.4260
vn -0.1023 0.9414 0.3214
vn -0.7592 0.6370 0.1337
vn -0.8215 0.5516 -0.1443
vn -0.7019 0.1858 -0.6876
vn -0.8743 0.4647 -0.1404
vn -0.2263 -0.9732 0.0412
vn 0.4586 -0.7488 0.4785
vn -0.1732 -0.9819 0.0761
vn -0.2561 -0.9656 0.0445
vn 0.9366 -0.2197 0.2730
vn 0.7458 -0.2199 0.6289
vn 0.9488 -0.1902 0.2522
vn -0.2562 0.9117 -0.3211
vn -0.0764 0.8121 -0.5785
vn -0.1302 0.8507 -0.5094
vn 0.2257 0.9153 -0.3335
vn 0.0982 0.9887 0.1131
vn -0.8882 0.1131 -0.4452
vn -0.8437 -0.1367 -0.5192
vn -0.8120 -0.1992 -0.5485
vn -0.8914 0.2104 -0.4015
vn -0.1972 -0.9730 0.1196
vn 0.1760 -0.5683 0.8038
vn 0.3618 0.2788 0.8896
vn 0.2915 0.7617 0.5787
vn 0.1465 0.7497 -0.6453
vn 0.5193 0.7769 -0.3560
vn -0.8848 -0.4515 0.1151
vn -0.4828 -0.6642 0.5707
vn 0.8911 -0.4028 0.2092
vn 0.9207 -0.3625 0.1445
vn 0.1362 -0.5465 0.8263
vn 0.6686 -0.7060 0.2337
vn -0.5772 -0.3908 0.7170
vn -0.0924 -0.5140 0.8528
vn -0.7902 0.2412 0.5634
vn -0.9011 0.1990 0.3853
vn -0.9333 -0.2622 0.2454
vn -0.4626 -0.7271 -0.5073
vn -0.9580 0.2598 0.1216
vn -0.2263 -0.7908 -0.5687
vn -0.1521 -0.5929 0.7908
vn 0.6971 0.6853 0.2107
vn -0.0968 0.7545 0.6491
vn 0.8138 0.5762 0.0751
vn 0.9386 -0.2705 0.2140
vn 0.7794 -0.6254 0.0376
vn -0.7332 -0.5416 0.4112
vn -0.8122 0.3428 0.4721
vn -0.4533 0.6940 0.5594
vn 0.1763 0.2364 0.9555
vn -0.0995 0.3107 0.9453
vn -0.1386 0.0572 0.9887
vn 0.0731 -0.0344 0.9967
vn 0.3344 0.1347 0.9327
vn -0.1979 0.8243 0.5304
vn 0.7520 0.3027 0.5856
vn -0.4333 0.1426 -0.8899
vn 0.0168 -0.0669 -0.9976
vn -0.1511 -0.0370 0.9878
vn 0.1128 -0.0261 0.9933
vn -0.2440 -0.0318 0.9693
vn -0.0566 0.0677 0.9961
vn 0.5553 -0.8311 -0.0308
vn 0.5190 -0.2688 0.8114
vn 0.5533 -0.2761 0.7859
vn -0.2723 -0.9611 0.0466
vn -0.2719 -0.9610 0.0510
vn -0.2798 -0.9596 0.0308
vn -0.2661 -0.9626 0.0513
vn -0.2295 -0.9699 0.0820
vn -0.2247 -0.9691 0.1018
vn 0.5065 -0.1800 0.8432
vn -0.1065 0.4810 0.8702
vn 0.5798 0.8027 -0.1394
vn 0.7413 0.2183 0.6347
vn -0.3865 0.7648 -0.5154
vn 0.5060 0.8505 -0.1437
vn 0.1178 -0.0080 -0.9930
vn 0.1195 -0.0101 -0.9928
vn 0.1111 0.0002 -0.9938
vn 0.1254 -0.0174 -0.9920
vn 0.7079 -0.3705 0.6013
vn -0.2397 -0.9701 0.0385
vn -0.1502 -0.9874 0.0502
vn -0.3515 0.0300 -0.9357
vn 0.9214 -0.2641 -0.2852
vn 0.9728 0.1407 -0.1842
vn 0.8633 0.0341 -0.5036
vn -0.6428 -0.5702 -0.5116
vn -0.8308 -0.2036 -0.5179
vn -0.2679 -0.8825 -0.3865
vn 0.2965 0.9477 0.1185
vn 0.1983 0.9738 -0.1113
vn 0.3066 0.9453 0.1110
vn 0.2922 0.9486 0.1217
vn 0.4017 -0.1293 -0.9066
vn -0.1399 -0.5746 -0.8064
vn 0.0831 -0.0378 -0.9958
vn 0.4028 -0.1441 -0.9039
vn 0.1471 -0.6304 -0.7622
vn -0.2990 -0.9459 -0.1259
vn -0.3074 -0.9364 -0.1695
vn -0.2657 0.0888 0.9600
vn -0.1066 0.0307 0.9938
vn -0.1132 0.0306 0.9931
vn -0.2519 0.1000 0.9626
vn -0.1061 -0.5204 0.8473
vn 0.5145 -0.2678 0.8146
vn 0.4269 0.8890 0.1659
vn -0.3104 0.4167 -0.8544
vn -0.3081 -0.9448 -0.1117
vn -0.1081 -0.3866 -0.9159
vn 0.0642 -0.0076 0.9979
vn 0.5673 -0.1538 0.8090
vn 0.5672 -0.1539 0.8091
vn 0.1064 0.9314 0.3481
vn 0.2712 0.8989 0.3440
vn 0.3460 0.8719 0.3464
vn 0.0800 0.9268 0.3669
vn 0.4062 -0.2128 -0.8886
vn 0.4283 -0.2449 -0.8698
vn -0.3072 0.1759 0.9352
vn -0.3181 0.1751 0.9317
vn -0.2816 0.1777 0.9429
vn 0.4576 0.8105 0.3656
vn 0.4630 0.8245 0.3252
vn -0.8129 -0.1076 -0.5723
vn 0.8244 0.5234 0.2153
vn 0.7646 0.0771 -0.6399
vn 0.8992 0.0131 -0.4373
vn 0.8794 0.4034 0.2530
vn 0.3450 0.1057 0.9326
vn 0.3404 0.5465 0.7652
vn 0.6557 0.3301 -0.6791
vn 0.6856 0.7271 0.0365
vn 0.4933 0.7513 -0.4384
vn 0.2721 0.9463 -0.1748
vn 0.9758 0.2035 0.0798
vn 0.9307 0.3627 -0.0475
vn 0.7204 0.6617 -0.2077
vn 0.3743 0.8406 -0.3916
vn 0.9699 0.2278 0.0864
vn -0.8457 -0.3991 0.3542
vn -0.9146 -0.3787 -0.1418
vn -0.7656 -0.6423 -0.0357
vn -0.7262 -0.5883 0.3558
vn -0.3973 -0.3501 -0.8483
vn -0.0886 -0.6592 -0.7467
vn 0.5918 0.2495 -0.7665
vn 0.7094 -0.3043 -0.6358
vn 0.8011 0.5854 0.1246
vn 0.9638 0.0866 0.2522
vn -0.1524 -0.0050 0.9883
vn 0.0407 -0.3644 0.9304
vn 0.3938 -0.2769 0.8765
vn 0.2643 0.2449 0.9328
vn -0.1484 0.2970 0.9433
vn -0.8992 -0.3456 0.2683
vn -0.8441 -0.5293 -0.0850
vn -0.8263 -0.1592 -0.5403
vn -0.1534 -0.5559 -0.8170
vn 0.5634 -0.6965 -0.4443
vn 0.4231 -0.5055 -0.7520
vn 0.2538 0.9405 -0.2258
vn -0.0840 0.9669 0.2411
vn -0.6803 -0.7328 0.0129
vn -0.2513 -0.7736 -0.5817
vn 0.1724 -0.1172 -0.9780
vn 0.2104 0.6112 -0.7630
vn -0.1333 0.1482 -0.9799
vn -0.2893 -0.4848 -0.8254
vn -0.7271 -0.5988 0.3358
vn -0.6500 -0.6743 0.3505
vn -0.5441 0.0006 0.8390
vn -0.1566 -0.0689 0.9853
vn -0.1824 0.1736 0.9678
vn 0.4739 0.4456 0.7595
vn -0.4113 0.5544 0.7235
vn 0.2523 0.7936 0.5537
vn -0.7071 0.2757 0.6512
vn -0.8864 -0.3967 0.2386
vn -0.7993 -0.5928 -0.0987
vn 0.0480 -0.4109 -0.9104
vn 0.1012 -0.4378 -0.8934
vn 0.1008 -0.4378 -0.8934
vn -0.1629 0.9037 -0.3960
vn -0.6564 0.6311 0.4133
vn -0.6267 0.2242 -0.7463
vn -0.3124 0.9498 -0.0156
vn -0.4808 0.7059 -0.5202
vn -0.9958 0.0079 -0.0907
vn -0.9658 -0.2340 0.1114
vn -0.6880 0.7257 -0.0059
vn -0.9143 -0.2147 -0.3434
vn -0.7846 0.3906 -0.4815
vn -0.7165 0.4315 -0.5482
vn -0.9404 -0.0642 -0.3338
vn -0.9676 -0.1493 -0.2037
vn 0.1026 -0.4378 -0.8932
vn -0.9078 -0.3279 0.2615
vn -0.7157 -0.6911 0.1013
vn -0.6815 -0.7316 -0.0189
vn -0.6157 -0.7740 0.1476
vn -0.9427 -0.1712 0.2862
vn 0.5975 -0.1713 0.7834
vn 0.5752 -0.5267 0.6259
vn 0.1616 -0.8955 0.4147
vn 0.1536 -0.8730 0.4629
vn 0.3972 -0.1188 0.9100
vn 0.3317 -0.8197 0.4669
vn 0.7532 -0.5169 0.4069
vn -0.2200 -0.8911 0.3969
vn -0.3129 -0.9212 0.2312
vn 0.8791 0.1478 0.4531
vn 0.8836 0.3065 0.3541
vn 0.9281 0.3414 -0.1486
vn -0.2814 0.8505 -0.4443
vn -0.0007 0.8176 -0.5757
vn 0.7288 -0.5431 0.4170
vn 0.5809 -0.7039 0.4088
vn 0.9073 -0.3297 0.2608
vn -0.0233 -0.3922 -0.9196
vn -0.0062 -0.3888 -0.9213
vn -0.0382 -0.3844 -0.9224
vn -0.0275 -0.3846 -0.9227
vn 0.3614 -0.0222 0.9322
vn 0.9515 -0.2662 -0.1544
vn 0.3373 -0.7377 -0.5848
vn 0.4386 0.4199 0.7945
vn -0.2238 0.5835 0.7806
vn 0.8734 0.0934 0.4779
vn -0.3164 -0.9270 -0.2012
vn 0.4238 -0.8623 -0.2772
vn -0.9017 -0.4324 0.0007
vn 0.1407 -0.4370 -0.8884
vn 0.1303 -0.4026 -0.9060
vn 0.0309 -0.2848 -0.9581
vn 0.1500 -0.4201 -0.8950
vn 0.1528 -0.4131 -0.8978
vn 0.1578 -0.4387 -0.8847
vn -0.2152 0.9680 -0.1295
vn -0.2921 0.9432 -0.1581
vn -0.2283 0.9723 -0.0500
vn -0.3666 0.9182 -0.1498
vn -0.9002 -0.0553 -0.4319
vn -0.7074 -0.4316 -0.5597
vn -0.2962 0.9370 -0.1851
vn -0.9060 0.3942 -0.1540
vn -0.9927 -0.1030 0.0635
vn -0.8844 -0.0810 -0.4597
vn -0.9510 -0.1027 -0.2916
vn -0.9453 -0.2952 -0.1387
vn -0.9507 -0.1424 0.2754
vn -0.4230 -0.3837 -0.8209
vn -0.6532 -0.4322 -0.6217
vn -0.8368 -0.2802 -0.4705
vn -0.8936 -0.2504 -0.3726
vn -0.5196 0.5076 0.6873
vn -0.2962 0.5682 0.7677
vn -0.4754 0.4868 0.7328
vn 0.7824 -0.6212 -0.0443
vn 0.9701 0.1375 0.2000
vn 0.8235 0.5489 0.1435
vn 0.5655 -0.8043 -0.1828
vn -0.3260 -0.9384 -0.1148
vn -0.1679 -0.9778 0.1253
vn 0.6264 -0.6868 0.3687
vn 0.1458 -0.8407 0.5214
vn -0.8690 -0.4343 -0.2372
vn -0.9505 -0.0510 0.3065
vn -0.8916 -0.1496 -0.4274
vn 0.7971 -0.2710 0.5397
vn 0.9817 0.1585 -0.1056
vn 0.9885 -0.1383 -0.0610
vn 0.1587 -0.8873 0.4330
vn -0.3845 -0.6342 0.6708
vn -0.3646 -0.8658 0.3427
vn 0.5039 0.8203 0.2705
vn 0.7592 0.6508 0.0063
vn 0.1023 0.9861 0.1307
vn 0.8215 0.5126 -0.2496
vn 0.7019 0.0475 -0.7107
vn 0.8743 0.4282 -0.2288
vn 0.2263 -0.9462 0.2311
vn 0.1732 -0.9480 0.2670
vn -0.4586 -0.6406 0.6159
vn 0.2561 -0.9382 0.2329
vn -0.9366 -0.1620 0.3107
vn -0.7458 -0.0924 0.6598
vn -0.9488 -0.1371 0.2846
vn 0.2562 0.8311 -0.4936
vn 0.1302 0.7344 -0.6662
vn 0.0764 0.6830 -0.7264
vn -0.2257 0.8322 -0.5064
vn -0.0982 0.9917 -0.0829
vn 0.8882 0.0236 -0.4588
vn 0.8120 -0.3029 -0.4988
vn 0.8437 -0.2358 -0.4823
vn 0.8914 0.1276 -0.4349
vn 0.1972 -0.9307 0.3079
vn -0.1760 -0.3997 0.8996
vn -0.3618 0.4477 0.8177
vn -0.2915 0.8603 0.4182
vn -0.1465 0.6087 -0.7797
vn -0.5193 0.6921 -0.5013
vn 0.8848 -0.4202 0.2014
vn 0.4828 -0.5395 0.6898
vn -0.8911 -0.3540 0.2840
vn -0.9207 -0.3272 0.2127
vn -0.1362 -0.3740 0.9174
vn -0.6686 -0.6465 0.3675
vn 0.5772 -0.2427 0.7797
vn 0.0924 -0.3370 0.9370
vn 0.7902 0.3469 0.5052
vn 0.9011 0.2706 0.3389
vn 0.9333 -0.2090 0.2920
vn 0.4626 -0.8124 -0.3550
vn 0.9580 0.2786 0.0684
vn 0.2263 -0.8869 -0.4027
vn 0.1521 -0.4264 0.8917
vn -0.6971 0.7133 0.0723
vn 0.0968 0.8671 0.4887
vn -0.8138 0.5798 -0.0393
vn -0.9386 -0.2233 0.2629
vn -0.7794 -0.6059 0.1594
vn 0.7332 -0.4506 0.5093
vn 0.8122 0.4287 0.3957
vn 0.4533 0.7901 0.4126
vn -0.1763 0.4191 0.8907
vn 0.0995 0.4899 0.8661
vn 0.1386 0.2498 0.9583
vn -0.0731 0.1616 0.9841
vn -0.3344 0.3149 0.8883
vn 0.1979 0.9123 0.3586
vn -0.7520 0.4116 0.5149
vn 0.4333 -0.0346 -0.9006
vn -0.0168 -0.2611 -0.9652
vn 0.1511 0.1573 0.9759
vn 0.2440 0.1588 0.9567
vn -0.1128 0.1690 0.9791
vn 0.0566 0.2616 0.9635
vn -0.5553 -0.8210 0.1326
vn -0.5533 -0.1168 0.8248
vn -0.5190 -0.1045 0.8484
vn 0.2719 -0.9323 0.2383
vn 0.2723 -0.9333 0.2340
vn 0.2798 -0.9349 0.2182
vn 0.2661 -0.9339 0.2389
vn 0.2247 -0.9304 0.2897
vn 0.2295 -0.9350 0.2705
vn -0.5065 -0.0113 0.8622
vn 0.1065 0.6422 0.7591
vn -0.5798 0.7599 -0.2940
vn -0.7413 0.3385 0.5796
vn 0.3865 0.6490 -0.6553
vn -0.5060 0.8058 -0.3076
vn -0.1178 -0.2024 -0.9722
vn -0.1111 -0.1946 -0.9746
vn -0.1195 -0.2045 -0.9716
vn -0.1254 -0.2115 -0.9693
vn -0.7079 -0.2455 0.6623
vn 0.2397 -0.9437 0.2279
vn 0.1502 -0.9584 0.2427
vn 0.3515 -0.1539 -0.9235
vn -0.9214 -0.3149 -0.2279
vn -0.9728 0.1019 -0.2082
vn -0.8633 -0.0652 -0.5005
vn 0.6428 -0.6594 -0.3899
vn 0.8308 -0.3011 -0.4680
vn 0.2679 -0.9412 -0.2060
vn -0.2965 0.9525 -0.0695
vn -0.3066 0.9488 -0.0764
vn -0.1983 0.9331 -0.3000
vn -0.2922 0.9541 -0.0666
vn -0.4017 -0.3044 -0.8637
vn -0.0831 -0.2322 -0.9691
vn 0.1399 -0.7214 -0.6782
vn -0.1471 -0.7675 -0.6239
vn -0.4028 -0.3184 -0.8581
vn 0.2990 -0.9523 0.0619
vn 0.3074 -0.9514 0.0173
vn 0.2657 0.2752 0.9239
vn 0.1132 0.2246 0.9678
vn 0.1066 0.2249 0.9685
vn 0.2519 0.2866 0.9243
vn 0.1061 -0.3443 0.9329
vn -0.5145 -0.1030 0.8513
vn -0.4269 0.9042 -0.0115
vn 0.3104 0.2411 -0.9195
vn 0.3081 -0.9483 0.0756
vn 0.1081 -0.5586 -0.8224
vn -0.0642 0.1881 0.9800
vn -0.5673 0.0077 0.8235
vn -0.5672 0.0077 0.8235
vn -0.1064 0.9816 0.1589
vn -0.3460 0.9229 0.1688
vn -0.2712 0.9489 0.1612
vn -0.0800 0.9807 0.1782
vn -0.4062 -0.3828 -0.8297
vn -0.4283 -0.4106 -0.8049
vn 0.3072 0.3558 0.8826
vn 0.3181 0.3543 0.8794
vn 0.2816 0.3590 0.8898
vn -0.4630 0.8723 0.1574
vn -0.4576 0.8664 0.1997
vn 0.9561 0.2300 0.1815
vn 0.8411 -0.0147 -0.5407
vn 0.8408 -0.0149 -0.5412
vn 0.2353 -0.2110 -0.9488
vn -0.5097 -0.2493 -0.8235
vn -0.5091 -0.2494 -0.8238
vn -0.9695 -0.1045 -0.2217
vn -0.8543 0.1387 0.5009
vn -0.8540 0.1389 0.5014
vn -0.5915 0.2465 0.7677
vn 0.1310 0.3720 0.9189
vn 0.4965 0.3733 0.7837
vn 0.4959 0.3734 0.7840
vn 0.9469 -0.1426 0.2882
vn 0.6844 -0.4433 -0.5788
vn 0.6865 -0.4425 -0.5769
vn -0.2210 -0.6006 -0.7684
vn -0.2239 -0.6006 -0.7675
vn -0.8827 -0.4604 -0.0948
vn -0.8885 -0.2683 0.3724
vn -0.2055 0.0036 0.9786
vn 0.2842 0.0072 0.9587
vn 0.2871 0.0072 0.9579
# 3475 vertex normals

vt 0.1715 0.7281 0.7948
vt 0.1713 0.7282 0.5041
vt 0.1713 0.7283 0.5014
vt 0.1713 0.7282 0.5014
vt 0.1714 0.7283 0.5041
vt 0.1714 0.7284 0.5014
vt 0.1714 0.7284 0.5041
vt 0.1715 0.7284 0.5014
vt 0.1715 0.7284 0.5041
vt 0.1716 0.7284 0.5041
vt 0.1716 0.7284 0.5014
vt 0.1716 0.7283 0.5041
vt 0.1717 0.7283 0.5014
vt 0.1717 0.7282 0.5041
vt 0.1717 0.7282 0.5014
vt 0.1717 0.7281 0.5041
vt 0.1717 0.7281 0.5014
vt 0.1717 0.7280 0.5041
vt 0.1717 0.7280 0.5014
vt 0.1716 0.7279 0.5041
vt 0.1716 0.7279 0.5014
vt 0.1715 0.7278 0.5014
vt 0.1715 0.7278 0.5041
vt 0.1714 0.7279 0.5041
vt 0.1714 0.7279 0.5014
vt 0.1713 0.7280 0.5014
vt 0.1713 0.7280 0.5041
vt 0.1713 0.7281 0.5014
vt 0.1713 0.7281 0.5041
vt 0.1713 0.7282 0.6061
vt 0.1713 0.7283 0.6061
vt 0.1713 0.7282 0.7369
vt 0.1714 0.7283 0.7369
vt 0.1714 0.7283 0.6061
vt 0.1714 0.7284 0.7369
vt 0.1714 0.7284 0.6061
vt 0.1715 0.7284 0.7369
vt 0.1715 0.7284 0.6061
vt 0.1716 0.7284 0.7369
vt 0.1716 0.7284 0.6061
vt 0.1716 0.7283 0.7369
vt 0.1716 0.7283 0.6061
vt 0.1717 0.7283 0.7369
vt 0.1717 0.7283 0.6061
vt 0.1717 0.7282 0.7369
vt 0.1717 0.7282 0.6061
vt 0.1717 0.7281 0.7369
vt 0.1717 0.7281 0.6061
vt 0.1717 0.7280 0.7369
vt 0.1717 0.7280 0.6061
vt 0.1716 0.7279 0.7369
vt 0.1716 0.7279 0.6061
vt 0.1716 0.7278 0.6061
vt 0.1715 0.7278 0.7369
vt 0.1715 0.7278 0.6061
vt 0.1714 0.7279 0.7369
vt 0.1714 0.7278 0.6061
vt 0.1714 0.7279 0.6061
vt 0.1713 0.7280 0.7369
vt 0.1713 0.7280 0.6061
vt 0.1713 0.7281 0.7369
vt 0.1713 0.7281 0.6061
vt 0.1713 0.7281 0.8912
vt 0.1713 0.7282 0.8912
vt 0.1714 0.7283 0.8912
vt 0.1714 0.7283 1.0551
vt 0.1713 0.7282 1.0551
vt 0.1714 0.7283 1.2190
vt 0.1713 0.7282 1.2190
vt 0.1714 0.7283 1.3705
vt 0.1713 0.7282 1.3705
vt 0.1714 0.7284 1.2190
vt 0.1714 0.7284 1.0551
vt 0.1714 0.7284 1.3705
vt 0.1715 0.7284 1.2190
vt 0.1715 0.7284 1.0551
vt 0.1715 0.7284 1.3705
vt 0.1716 0.7284 1.2190
vt 0.1716 0.7284 1.0551
vt 0.1716 0.7283 1.3705
vt 0.1716 0.7284 1.3705
vt 0.1716 0.7283 1.2190
vt 0.1716 0.7283 1.0551
vt 0.1717 0.7283 1.2190
vt 0.1717 0.7283 1.0551
vt 0.1717 0.7283 1.3705
vt 0.1717 0.7282 1.2190
vt 0.1717 0.7282 1.0551
vt 0.1717 0.7282 1.3705
vt 0.1717 0.7281 1.2190
vt 0.1717 0.7281 1.0551
vt 0.1717 0.7281 1.3705
vt 0.1717 0.7280 1.2190
vt 0.1717 0.7280 1.0551
vt 0.1717 0.7280 1.3705
vt 0.1716 0.7279 1.2190
vt 0.1716 0.7279 1.0551
vt 0.1716 0.7279 1.3705
vt 0.1715 0.7279 1.2190
vt 0.1715 0.7279 1.0551
vt 0.1715 0.7279 1.3705
vt 0.1715 0.7278 1.0551
vt 0.1714 0.7279 1.2190
vt 0.1714 0.7279 1.0551
vt 0.1714 0.7279 1.3705
vt 0.1714 0.7280 1.2190
vt 0.1714 0.7280 1.0551
vt 0.1714 0.7280 1.3705
vt 0.1713 0.7280 1.2190
vt 0.1713 0.7280 1.0551
vt 0.1713 0.7281 1.2190
vt 0.1713 0.7281 1.0551
vt 0.1713 0.7281 1.3705
vt 0.1713 0.7280 1.3705
vt 0.1713 0.7281 1.5014
vt 0.1713 0.7282 1.5014
vt 0.1714 0.7283 1.5014
vt 0.1715 0.7281 1.1047
vt 0.1713 0.7280 1.5014
vt 0.1714 0.7280 1.5014
vt 0.1714 0.7279 1.5014
vt 0.1715 0.7279 1.5014
vt 0.1716 0.7279 1.5014
vt 0.1717 0.7280 1.5014
vt 0.1717 0.7281 1.5014
vt 0.1717 0.7282 1.5014
vt 0.1717 0.7283 1.5014
vt 0.1716 0.7283 1.5014
vt 0.1716 0.7284 1.5014
vt 0.1715 0.7284 1.5014
vt 0.1714 0.7284 1.5014
vt 0.1713 0.7280 0.8912
vt 0.1714 0.7280 0.8912
vt 0.1714 0.7279 0.8912
vt 0.1715 0.7278 0.8912
vt 0.1716 0.7279 0.8912
vt 0.1717 0.7280 0.8912
vt 0.1717 0.7281 0.8912
vt 0.1717 0.7282 0.8912
vt 0.1717 0.7283 0.8912
vt 0.1716 0.7283 0.8912
vt 0.1716 0.7284 0.8912
vt 0.1715 0.7284 0.8912
vt 0.1714 0.7284 0.8912
vt 0.8455 0.1632 0.0000
vt 0.8422 0.1644 0.0000
vt 0.8443 0.1733 0.0000
vt 0.8443 0.1727 0.0000
vt 0.8425 0.1733 0.0000
vt 0.8639 0.1611 0.0000
vt 0.8694 0.1642 0.0000
vt 0.8639 0.1685 0.0000
vt 0.8694 0.1685 0.0000
vt 0.8626 0.1698 0.0000
vt 0.8410 0.1873 0.0000
vt 0.8497 0.1612 0.0000
vt 0.8626 0.1610 0.0000
vt 0.9084 0.2396 0.0000
vt 0.9084 0.2210 0.0000
vt 0.8935 0.2177 0.0000
vt 0.9208 0.2396 0.0000
vt 0.9208 0.2210 0.0000
vt 0.9208 0.2395 0.0000
vt 0.9208 0.2206 0.0000
vt 0.8496 0.1611 0.0000
vt 0.9167 0.2545 0.0000
vt 0.8853 0.2545 0.0000
vt 0.9168 0.2607 0.0000
vt 0.8853 0.2607 0.0000
vt 0.9167 0.2451 0.0000
vt 0.8853 0.2451 0.0000
vt 0.8878 0.2418 0.0000
vt 0.8935 0.2425 0.0000
vt 0.8878 0.2192 0.0000
vt 0.8526 0.1517 0.0000
vt 0.8505 0.1589 0.0000
vt 0.8598 0.1589 0.0000
vt 0.8941 0.1698 0.0000
vt 0.9225 0.1706 0.0000
vt 0.8890 0.1612 0.0000
vt 0.9225 0.1612 0.0000
vt 0.9225 0.1873 0.0000
vt 0.8943 0.1873 0.0000
vt 0.8948 0.2177 0.0000
vt 0.8851 0.1995 0.0000
vt 0.9225 0.2177 0.0000
vt 0.8888 0.1514 0.0000
vt 0.8753 0.1514 0.0000
vt 0.8753 0.1633 0.0000
vt 0.8627 0.2192 0.0000
vt 0.8410 0.2207 0.0000
vt 0.8627 0.2374 0.0000
vt 0.8410 0.2374 0.0000
vt 0.8410 0.2112 0.0000
vt 0.8627 0.2554 0.0000
vt 0.8410 0.2678 0.0000
vt 0.8627 0.2629 0.0000
vt 0.8605 0.1574 0.0000
vt 0.8796 0.2018 0.0000
vt 0.8862 0.2244 0.0000
vt 0.8702 0.2018 0.0000
vt 0.8671 0.2467 0.0000
vt 0.8636 0.2244 0.0000
vt 0.8827 0.2467 0.0000
vt 0.8749 0.2559 0.0000
vt 0.8576 0.1517 0.0000
vt 0.8890 0.1507 0.0000
vt 0.9225 0.1507 0.0000
vt 0.8626 0.2112 0.0000
vt 0.8410 0.2006 0.0000
vt 0.8410 0.2110 0.0000
vt 0.8626 0.2004 0.0000
vt 0.8410 0.1995 0.0000
vt 0.8822 0.2573 0.0000
vt 0.8784 0.2573 0.0000
vt 0.8784 0.2646 0.0000
vt 0.8822 0.2646 0.0000
vt 0.8822 0.2753 0.0000
vt 0.8784 0.2753 0.0000
vt 0.8753 0.2133 0.0000
vt 0.8831 0.2227 0.0000
vt 0.8704 0.2363 0.0000
vt 0.8675 0.2227 0.0000
vt 0.8801 0.2363 0.0000
vt 0.8670 0.2052 0.0000
vt 0.8670 0.2011 0.0000
vt 0.8635 0.2052 0.0000
vt 0.8635 0.2011 0.0000
vt 0.8670 0.2101 0.0000
vt 0.8635 0.2101 0.0000
vt 0.8869 0.2057 0.0000
vt 0.8904 0.2100 0.0000
vt 0.8847 0.2169 0.0000
vt 0.8833 0.2100 0.0000
vt 0.8891 0.2169 0.0000
vt 0.8420 0.1504 0.0000
vt 0.8474 0.1504 0.0000
vt 0.8420 0.1617 0.0000
vt 0.8474 0.1617 0.0000
vt 0.8635 0.2636 0.0000
vt 0.8667 0.2753 0.0000
vt 0.8772 0.2633 0.0000
vt 0.8705 0.2565 0.0000
vt 0.8749 0.2750 0.0000
vt 0.8888 0.1633 0.0000
vt 0.8612 0.2741 0.0000
vt 0.8599 0.2744 0.0000
vt 0.8599 0.2705 0.0000
vt 0.8613 0.2709 0.0000
vt 0.8526 0.2745 0.0000
vt 0.8526 0.2705 0.0000
vt 0.9164 0.2623 0.0000
vt 0.8837 0.2623 0.0000
vt 0.8859 0.2753 0.0000
vt 0.9224 0.2754 0.0000
vt 0.8623 0.2754 0.0000
vt 0.8623 0.2698 0.0000
vt 0.8498 0.2698 0.0000
vt 0.8498 0.2754 0.0000
vt 0.8453 0.2698 0.0000
vt 0.8453 0.2754 0.0000
vt 0.6513 0.8373 0.0000
vt 0.6364 0.8373 0.0000
vt 0.6537 0.8325 0.0000
vt 0.6384 0.8283 0.0000
vt 0.6536 0.8130 0.0000
vt 0.6535 0.8282 0.0000
vt 0.6384 0.8130 0.0000
vt 0.5867 0.7695 0.0000
vt 0.6001 0.8097 0.0000
vt 0.6002 0.7696 0.0000
vt 0.5866 0.8097 0.0000
vt 0.6406 0.8097 0.0000
vt 0.6406 0.7698 0.0000
vt 0.3534 0.6250 0.0000
vt 0.3642 0.5985 0.0000
vt 0.3763 0.6250 0.0000
vt 0.5929 0.8139 0.0000
vt 0.6349 0.8294 0.0000
vt 0.5836 0.8292 0.0000
vt 0.6260 0.8142 0.0000
vt 0.6539 0.8097 0.0000
vt 0.6540 0.7694 0.0000
vt 0.6261 0.8142 0.0000
vt 0.5834 0.8292 0.0000
vt 0.5932 0.8140 0.0000
vt 0.6351 0.8293 0.0000
vt 0.6341 0.8325 0.0000
vt 0.6538 0.8420 0.0000
vt 0.6340 0.8420 0.0000
vt 0.5226 0.7689 0.0000
vt 0.5046 0.8115 0.0000
vt 0.5045 0.7685 0.0000
vt 0.5226 0.8115 0.0000
vt 0.5820 0.7686 0.0000
vt 0.5632 0.8115 0.0000
vt 0.5631 0.7688 0.0000
vt 0.5821 0.8115 0.0000
vt 0.0534 0.7062 0.0000
vt 0.0614 0.6895 0.0000
vt 0.0641 0.6937 0.0000
vt 0.0515 0.7349 0.0000
vt 0.0496 0.7259 0.0000
vt 0.0557 0.7122 0.0000
vt 0.0603 0.7173 0.0000
vt 0.0449 0.7175 0.0000
vt 0.0386 0.7373 0.0000
vt 0.0381 0.7332 0.0000
vt 0.0351 0.7241 0.0000
vt 0.0098 0.6980 0.0000
vt 0.0110 0.6847 0.0000
vt 0.0133 0.6949 0.0000
vt 0.0339 0.6777 0.0000
vt 0.0243 0.6879 0.0000
vt 0.0317 0.6709 0.0000
vt 0.0170 0.6853 0.0000
vt 0.0117 0.6758 0.0000
vt 0.0157 0.6967 0.0000
vt 0.0085 0.7099 0.0000
vt 0.0070 0.7032 0.0000
vt 0.0734 0.6454 0.0000
vt 0.0730 0.6422 0.0000
vt 0.0791 0.6371 0.0000
vt 0.0431 0.6454 0.0000
vt 0.0492 0.6556 0.0000
vt 0.0391 0.6651 0.0000
vt 0.0508 0.6341 0.0000
vt 0.0623 0.6481 0.0000
vt 0.0565 0.6264 0.0000
vt 0.0671 0.6375 0.0000
vt 0.0426 0.6379 0.0000
vt 0.0358 0.6604 0.0000
vt 0.0729 0.5171 0.0000
vt 0.0716 0.5249 0.0000
vt 0.0733 0.5248 0.0000
vt 0.0786 0.6434 0.0000
vt 0.0258 0.7401 0.0000
vt 0.0252 0.7348 0.0000
vt 0.0381 0.7334 0.0000
vt 0.0352 0.7242 0.0000
vt 0.0245 0.7284 0.0000
vt 0.0245 0.7283 0.0000
vt 0.0222 0.7416 0.0000
vt 0.0199 0.7362 0.0000
vt 0.0166 0.7320 0.0000
vt 0.0828 0.6777 0.0000
vt 0.0820 0.6745 0.0000
vt 0.0883 0.6683 0.0000
vt 0.0897 0.6739 0.0000
vt 0.0804 0.6707 0.0000
vt 0.0858 0.6646 0.0000
vt 0.0736 0.6812 0.0000
vt 0.0721 0.6788 0.0000
vt 0.0755 0.6853 0.0000
vt 0.0677 0.6987 0.0000
vt 0.0572 0.6631 0.0000
vt 0.0668 0.6530 0.0000
vt 0.0498 0.6672 0.0000
vt 0.0332 0.6801 0.0000
vt 0.0418 0.6718 0.0000
vt 0.0134 0.6950 0.0000
vt 0.0171 0.6854 0.0000
vt 0.0110 0.6849 0.0000
vt 0.0086 0.7100 0.0000
vt 0.0099 0.6982 0.0000
vt 0.0734 0.6456 0.0000
vt 0.0786 0.6436 0.0000
vt 0.0792 0.6372 0.0000
vt 0.0565 0.6265 0.0000
vt 0.0508 0.6342 0.0000
vt 0.0623 0.6482 0.0000
vt 0.0731 0.6423 0.0000
vt 0.0253 0.7350 0.0000
vt 0.0259 0.7403 0.0000
vt 0.0386 0.7375 0.0000
vt 0.0199 0.7364 0.0000
vt 0.0223 0.7418 0.0000
vt 0.0167 0.7322 0.0000
vt 0.0828 0.6778 0.0000
vt 0.0897 0.6741 0.0000
vt 0.0884 0.6684 0.0000
vt 0.0820 0.6746 0.0000
vt 0.0805 0.6709 0.0000
vt 0.0858 0.6648 0.0000
vt 0.0722 0.6789 0.0000
vt 0.0737 0.6813 0.0000
vt 0.0755 0.6855 0.0000
vt 0.0642 0.6938 0.0000
vt 0.0678 0.6988 0.0000
vt 0.0793 0.6495 0.0000
vt 0.0171 0.7011 0.0000
vt 0.0250 0.6909 0.0000
vt 0.0111 0.7164 0.0000
vt 0.0169 0.5677 0.0000
vt 0.0015 0.5681 0.0000
vt 0.0030 0.5799 0.0000
vt 0.1741 0.5427 0.0000
vt 0.1784 0.5496 0.0000
vt 0.1814 0.5408 0.0000
vt 0.1793 0.5389 0.0000
vt 0.1775 0.5324 0.0000
vt 0.1736 0.5354 0.0000
vt 0.0065 0.6506 0.0000
vt 0.0020 0.6385 0.0000
vt 0.0019 0.6506 0.0000
vt 0.0064 0.6385 0.0000
vt 0.0065 0.6350 0.0000
vt 0.0065 0.6457 0.0000
vt 0.0021 0.6350 0.0000
vt 0.0021 0.6458 0.0000
vt 0.0112 0.6385 0.0000
vt 0.0196 0.6386 0.0000
vt 0.0116 0.6508 0.0000
vt 0.0065 0.6275 0.0000
vt 0.0114 0.6265 0.0000
vt 0.0021 0.6535 0.0000
vt 0.0065 0.6534 0.0000
vt 0.0090 0.5569 0.0000
vt 0.0023 0.5611 0.0000
vt 0.0158 0.5607 0.0000
vt 0.0020 0.6575 0.0000
vt 0.0065 0.6575 0.0000
vt 0.0020 0.6506 0.0000
vt 0.1711 0.5144 0.0000
vt 0.1792 0.5179 0.0000
vt 0.0244 0.6145 0.0000
vt 0.0258 0.6294 0.0000
vt 0.0315 0.6269 0.0000
vt 0.0301 0.6458 0.0000
vt 0.0343 0.6497 0.0000
vt 0.0065 0.6694 0.0000
vt 0.0020 0.6664 0.0000
vt 0.0145 0.5797 0.0000
vt 0.0841 0.5354 0.0000
vt 0.0835 0.5337 0.0000
vt 0.0835 0.5347 0.0000
vt 0.2043 0.9477 0.0000
vt 0.2207 0.9478 0.0000
vt 0.2114 0.9099 0.0000
vt 0.2216 0.9457 0.0000
vt 0.2033 0.9465 0.0000
vt 0.2043 0.9476 0.0000
vt 0.1810 0.5100 0.0000
vt 0.0215 0.6290 0.0000
vt 0.1865 0.5130 0.0000
vt 0.1866 0.5022 0.0000
vt 0.3069 0.5628 0.0000
vt 0.2986 0.5681 0.0000
vt 0.2991 0.5707 0.0000
vt 0.2898 0.5683 0.0000
vt 0.2905 0.5660 0.0000
vt 0.2837 0.5556 0.0000
vt 0.0185 0.6183 0.0000
vt 0.1900 0.5222 0.0000
vt 0.0450 0.7177 0.0000
vt 0.0497 0.7260 0.0000
vt 0.0558 0.7123 0.0000
vt 0.0205 0.6393 0.0000
vt 0.0182 0.6490 0.0000
vt 0.0167 0.6588 0.0000
vt 0.0281 0.6601 0.0000
vt 0.0302 0.6538 0.0000
vt 0.1941 0.5409 0.0000
vt 0.1925 0.5315 0.0000
vt 0.0349 0.6572 0.0000
vt 0.0312 0.6655 0.0000
vt 0.0862 0.5170 0.0000
vt 0.0856 0.5298 0.0000
vt 0.0875 0.5276 0.0000
vt 0.0781 0.5295 0.0000
vt 0.0789 0.5385 0.0000
vt 0.0807 0.5321 0.0000
vt 0.0773 0.5311 0.0000
vt 0.0807 0.5354 0.0000
vt 0.0822 0.5374 0.0000
vt 0.0065 0.6780 0.0000
vt 0.0019 0.6779 0.0000
vt 0.0064 0.6838 0.0000
vt 0.0848 0.5336 0.0000
vt 0.0849 0.5347 0.0000
vt 0.0860 0.5357 0.0000
vt 0.0869 0.5306 0.0000
vt 0.0891 0.5269 0.0000
vt 0.0924 0.5229 0.0000
vt 0.0935 0.5242 0.0000
vt 0.0914 0.5179 0.0000
vt 0.0935 0.5230 0.0000
vt 0.0923 0.5171 0.0000
vt 0.0917 0.5163 0.0000
vt 0.0868 0.5149 0.0000
vt 0.0856 0.5138 0.0000
vt 0.0864 0.5127 0.0000
vt 0.0803 0.5136 0.0000
vt 0.0858 0.5117 0.0000
vt 0.0801 0.5117 0.0000
vt 0.0798 0.5160 0.0000
vt 0.0795 0.5123 0.0000
vt 0.0791 0.5145 0.0000
vt 0.0745 0.5173 0.0000
vt 0.0739 0.5161 0.0000
vt 0.0721 0.5261 0.0000
vt 0.0065 0.6730 0.0000
vt 0.0020 0.6699 0.0000
vt 0.0020 0.6750 0.0000
vt 0.0036 0.5878 0.0000
vt 0.0092 0.5906 0.0000
vt 0.0140 0.5876 0.0000
vt 0.0064 0.6746 0.0000
vt 0.0064 0.6837 0.0000
vt 0.0020 0.6836 0.0000
vt 0.0020 0.6838 0.0000
vt 0.0573 0.6632 0.0000
vt 0.0669 0.6531 0.0000
vt 0.0430 0.6377 0.0000
vt 0.0358 0.6606 0.0000
vt 0.0432 0.6456 0.0000
vt 0.0392 0.6653 0.0000
vt 0.0318 0.6710 0.0000
vt 0.0339 0.6778 0.0000
vt 0.0418 0.6719 0.0000
vt 0.0499 0.6673 0.0000
vt 0.0535 0.7064 0.0000
vt 0.0794 0.6496 0.0000
vt 0.0172 0.7012 0.0000
vt 0.0250 0.6910 0.0000
vt 0.0332 0.6802 0.0000
vt 0.0111 0.7165 0.0000
vt 0.0615 0.6897 0.0000
vt 0.0493 0.6557 0.0000
vt 0.0672 0.6376 0.0000
vt 0.0244 0.6881 0.0000
vt 0.0157 0.6969 0.0000
vt 0.0604 0.7174 0.0000
vt 0.0515 0.7351 0.0000
vt 0.0118 0.6760 0.0000
vt 0.0071 0.7034 0.0000
vt 0.2208 0.9478 0.0000
vt 0.2203 0.9520 0.0000
vt 0.2114 0.9096 0.0000
vt 0.2042 0.9477 0.0000
vt 0.2033 0.9466 0.0000
vt 0.1718 0.8595 0.0000
vt 0.1665 0.8637 0.0000
vt 0.1739 0.8636 0.0000
vt 0.2114 0.9098 0.0000
vt 0.2207 0.9479 0.0000
vt 0.2114 0.9097 0.0000
vt 0.2216 0.9458 0.0000
vt 0.1773 0.8627 0.0000
vt 0.1753 0.8573 0.0000
vt 0.1661 0.8625 0.0000
vt 0.2216 0.9459 0.0000
vt 0.2207 0.9480 0.0000
vt 0.1734 0.8603 0.0000
vt 0.1663 0.8636 0.0000
vt 0.1735 0.8636 0.0000
vt 0.2839 0.5572 0.0000
vt 0.2907 0.5694 0.0000
vt 0.2914 0.5667 0.0000
vt 0.3001 0.5702 0.0000
vt 0.2996 0.5674 0.0000
vt 0.3076 0.5583 0.0000
vt 0.2045 0.9520 0.0000
vt 0.2046 0.9520 0.0000
vt 0.1683 0.8638 0.0000
vt 0.1673 0.8594 0.0000
vt 0.1758 0.8598 0.0000
vt 0.2215 0.9457 0.0000
vt 0.2042 0.9476 0.0000
vt 0.1757 0.8574 0.0000
vt 0.1768 0.8625 0.0000
vt 0.1646 0.8621 0.0000
vt 0.1695 0.8643 0.0000
vt 0.1677 0.8594 0.0000
vt 0.1763 0.8594 0.0000
vt 0.1720 0.8595 0.0000
vt 0.1741 0.8636 0.0000
vt 0.1667 0.8637 0.0000
vt 0.2207 0.9477 0.0000
vt 0.1663 0.8625 0.0000
vt 0.1754 0.8574 0.0000
vt 0.2114 0.9100 0.0000
vt 0.1735 0.8604 0.0000
vt 0.1736 0.8636 0.0000
vt 0.1665 0.8636 0.0000
vt 0.2044 0.9520 0.0000
vt 0.2204 0.9522 0.0000
vt 0.2044 0.9522 0.0000
vt 0.2043 0.9522 0.0000
vt 0.1681 0.8638 0.0000
vt 0.1757 0.8597 0.0000
vt 0.1671 0.8593 0.0000
vt 0.0452 0.8585 0.0000
vt 0.0421 0.8413 0.0000
vt 0.0419 0.8604 0.0000
vt 0.1693 0.8643 0.0000
vt 0.1762 0.8594 0.0000
vt 0.1675 0.8593 0.0000
vt 0.0571 0.5179 0.0000
vt 0.0507 0.5132 0.0000
vt 0.0465 0.5209 0.0000
vt 0.0621 0.5140 0.0000
vt 0.0412 0.5176 0.0000
vt 0.2604 0.6351 0.0000
vt 0.2570 0.6267 0.0000
vt 0.2466 0.6440 0.0000
vt 0.0607 0.5205 0.0000
vt 0.0337 0.5153 0.0000
vt 0.0317 0.5202 0.0000
vt 0.2300 0.6068 0.0000
vt 0.2455 0.6281 0.0000
vt 0.2487 0.6135 0.0000
vt 0.0406 0.5221 0.0000
vt 0.2300 0.6297 0.0000
vt 0.2300 0.6479 0.0000
vt 0.2986 0.5140 0.0000
vt 0.3065 0.5053 0.0000
vt 0.2988 0.5043 0.0000
vt 0.2393 0.5861 0.0000
vt 0.2300 0.5856 0.0000
vt 0.2984 0.5215 0.0000
vt 0.3065 0.5177 0.0000
vt 0.3065 0.4942 0.0000
vt 0.3042 0.5498 0.0000
vt 0.3088 0.5479 0.0000
vt 0.3082 0.5411 0.0000
vt 0.2979 0.5493 0.0000
vt 0.3077 0.5300 0.0000
vt 0.3036 0.5248 0.0000
vt 0.0746 0.5856 0.0000
vt 0.0735 0.5880 0.0000
vt 0.0736 0.5973 0.0000
vt 0.0810 0.5988 0.0000
vt 0.0823 0.5933 0.0000
vt 0.0836 0.5856 0.0000
vt 0.0809 0.5815 0.0000
vt 0.0784 0.5810 0.0000
vt 0.0759 0.5813 0.0000
vt 0.0768 0.6005 0.0000
vt 0.0727 0.5801 0.0000
vt 0.0723 0.5884 0.0000
vt 0.3294 0.5320 0.0000
vt 0.3256 0.5327 0.0000
vt 0.3241 0.5470 0.0000
vt 0.2571 0.6162 0.0000
vt 0.2577 0.6064 0.0000
vt 0.1083 0.4997 0.0000
vt 0.1017 0.4997 0.0000
vt 0.1018 0.5013 0.0000
vt 0.1083 0.5014 0.0000
vt 0.2863 0.5099 0.0000
vt 0.2852 0.5388 0.0000
vt 0.2990 0.5386 0.0000
vt 0.2480 0.6004 0.0000
vt 0.2873 0.5670 0.0000
vt 0.2574 0.5506 0.0000
vt 0.2593 0.5333 0.0000
vt 0.2429 0.5433 0.0000
vt 0.2821 0.5920 0.0000
vt 0.2875 0.5763 0.0000
vt 0.2785 0.5793 0.0000
vt 0.2456 0.5856 0.0000
vt 0.2565 0.5624 0.0000
vt 0.2449 0.5760 0.0000
vt 0.2561 0.5876 0.0000
vt 0.3035 0.5251 0.0000
vt 0.2705 0.5099 0.0000
vt 0.2751 0.5626 0.0000
vt 0.2743 0.5499 0.0000
vt 0.2437 0.5607 0.0000
vt 0.2430 0.5221 0.0000
vt 0.0672 0.5226 0.0000
vt 0.3115 0.5670 0.0000
vt 0.1928 0.6143 0.0000
vt 0.1967 0.6180 0.0000
vt 0.1966 0.6141 0.0000
vt 0.3220 0.5665 0.0000
vt 0.3262 0.5646 0.0000
vt 0.3224 0.5613 0.0000
vt 0.3279 0.5490 0.0000
vt 0.3300 0.5097 0.0000
vt 0.3276 0.5098 0.0000
vt 0.1984 0.6133 0.0000
vt 0.2015 0.6170 0.0000
vt 0.2027 0.6059 0.0000
vt 0.1998 0.6046 0.0000
vt 0.2032 0.5877 0.0000
vt 0.2012 0.5877 0.0000
vt 0.1987 0.5148 0.0000
vt 0.2012 0.5159 0.0000
vt 0.2014 0.5025 0.0000
vt 0.1992 0.5003 0.0000
vt 0.1986 0.5335 0.0000
vt 0.2007 0.5333 0.0000
vt 0.1999 0.5513 0.0000
vt 0.2026 0.5506 0.0000
vt 0.2009 0.5632 0.0000
vt 0.2035 0.5624 0.0000
vt 0.2188 0.5044 0.0000
vt 0.2159 0.5025 0.0000
vt 0.2170 0.5222 0.0000
vt 0.2202 0.5228 0.0000
vt 0.2991 0.5038 0.0000
vt 0.2990 0.5106 0.0000
vt 0.3130 0.5095 0.0000
vt 0.0815 0.6002 0.0000
vt 0.0728 0.5977 0.0000
vt 0.0769 0.6021 0.0000
vt 0.2588 0.5159 0.0000
vt 0.2724 0.5327 0.0000
vt 0.0712 0.6095 0.0000
vt 0.0803 0.6070 0.0000
vt 0.0768 0.6108 0.0000
vt 0.2636 0.6181 0.0000
vt 0.2985 0.4946 0.0000
vt 0.3075 0.5305 0.0000
vt 0.0622 0.5136 0.0000
vt 0.3106 0.5763 0.0000
vt 0.2884 0.5797 0.0000
vt 0.3102 0.5797 0.0000
vt 0.0186 0.6211 0.0000
vt 0.0175 0.6235 0.0000
vt 0.0195 0.6242 0.0000
vt 0.0208 0.6215 0.0000
vt 0.2121 0.6139 0.0000
vt 0.2131 0.6002 0.0000
vt 0.2134 0.6440 0.0000
vt 0.2145 0.6281 0.0000
vt 0.2050 0.6264 0.0000
vt 0.1999 0.6352 0.0000
vt 0.3129 0.5388 0.0000
vt 0.2174 0.5433 0.0000
vt 0.3204 0.5884 0.0000
vt 0.2207 0.5858 0.0000
vt 0.2151 0.5868 0.0000
vt 0.2151 0.5760 0.0000
vt 0.3238 0.5499 0.0000
vt 0.2163 0.5608 0.0000
vt 0.0827 0.5852 0.0000
vt 0.0740 0.5800 0.0000
vt 0.0832 0.5938 0.0000
vt 0.2904 0.4954 0.0000
vt 0.2905 0.5167 0.0000
vt 0.2889 0.5294 0.0000
vt 0.2931 0.5244 0.0000
vt 0.2911 0.5044 0.0000
vt 0.0620 0.5144 0.0000
vt 0.2989 0.5043 0.0000
vt 0.2911 0.5066 0.0000
vt 0.2916 0.5493 0.0000
vt 0.2880 0.5402 0.0000
vt 0.2871 0.5470 0.0000
vt 0.2888 0.5292 0.0000
vt 0.2207 0.5826 0.0000
vt 0.0178 0.6292 0.0000
vt 0.0157 0.6259 0.0000
vt 0.3124 0.5055 0.0000
vt 0.3177 0.5907 0.0000
vt 0.2129 0.6471 0.0000
vt 0.1978 0.6387 0.0000
vt 0.2298 0.6513 0.0000
vt 0.2298 0.5824 0.0000
vt 0.2160 0.5823 0.0000
vt 0.2173 0.5755 0.0000
vt 0.2184 0.5608 0.0000
vt 0.2195 0.5429 0.0000
vt 0.0142 0.6058 0.0000
vt 0.0146 0.6175 0.0000
vt 0.0129 0.6022 0.0000
vt 0.0184 0.6158 0.0000
vt 0.0944 0.5013 0.0000
vt 0.0854 0.5012 0.0000
vt 0.0854 0.5101 0.0000
vt 0.0943 0.5101 0.0000
vt 0.1014 0.5117 0.0000
vt 0.1016 0.5101 0.0000
vt 0.0764 0.5101 0.0000
vt 0.0775 0.5117 0.0000
vt 0.0766 0.5013 0.0000
vt 0.0693 0.5013 0.0000
vt 0.0692 0.5101 0.0000
vt 0.0944 0.4998 0.0000
vt 0.0854 0.4998 0.0000
vt 0.0766 0.4998 0.0000
vt 0.0693 0.4998 0.0000
vt 0.1083 0.5101 0.0000
vt 0.2584 0.5033 0.0000
vt 0.2441 0.5034 0.0000
vt 0.2696 0.6166 0.0000
vt 0.2653 0.6149 0.0000
vt 0.2718 0.5641 0.0000
vt 0.2706 0.5515 0.0000
vt 0.2695 0.5324 0.0000
vt 0.0763 0.5109 0.0000
vt 0.2680 0.5098 0.0000
vt 0.2394 0.5825 0.0000
vt 0.2433 0.5821 0.0000
vt 0.2422 0.5757 0.0000
vt 0.2407 0.5600 0.0000
vt 0.2397 0.5419 0.0000
vt 0.2403 0.5213 0.0000
vt 0.2615 0.6126 0.0000
vt 0.2605 0.6047 0.0000
vt 0.2592 0.5875 0.0000
vt 0.2611 0.5150 0.0000
vt 0.2613 0.5024 0.0000
vt 0.2615 0.5329 0.0000
vt 0.2598 0.5502 0.0000
vt 0.2594 0.5615 0.0000
vt 0.2413 0.5057 0.0000
vt 0.2857 0.5055 0.0000
vt 0.2837 0.5914 0.0000
vt 0.2469 0.6472 0.0000
vt 0.2616 0.6400 0.0000
vt 0.0086 0.5026 0.0000
vt 0.0101 0.5194 0.0000
vt 0.0120 0.5025 0.0000
vt 0.0113 0.5293 0.0000
vt 0.0130 0.5194 0.0000
vt 0.0173 0.5194 0.0000
vt 0.0058 0.5194 0.0000
vt 0.0096 0.5183 0.0000
vt 0.0149 0.5041 0.0000
vt 0.0114 0.5096 0.0000
vt 0.0179 0.5041 0.0000
vt 0.0196 0.5056 0.0000
vt 0.0020 0.5055 0.0000
vt 0.0045 0.5092 0.0000
vt 0.0081 0.5098 0.0000
vt 0.0034 0.5109 0.0000
vt 0.0063 0.5224 0.0000
vt 0.0057 0.5142 0.0000
vt 0.0102 0.5224 0.0000
vt 0.0089 0.5148 0.0000
vt 0.0119 0.5146 0.0000
vt 0.0114 0.5307 0.0000
vt 0.0129 0.5224 0.0000
vt 0.0168 0.5224 0.0000
vt 0.0161 0.5017 0.0000
vt 0.0120 0.5034 0.0000
vt 0.0098 0.5185 0.0000
vt 0.0132 0.5185 0.0000
vt 0.0196 0.5017 0.0000
vt 0.0183 0.5185 0.0000
vt 0.0216 0.5022 0.0000
vt 0.0009 0.5021 0.0000
vt 0.0047 0.5185 0.0000
vt 0.0038 0.5033 0.0000
vt 0.0081 0.5035 0.0000
vt 0.0113 0.5292 0.0000
vt 0.0155 0.4996 0.0000
vt 0.0184 0.4996 0.0000
vt 0.0201 0.5004 0.0000
vt 0.0025 0.5004 0.0000
vt 0.0050 0.5023 0.0000
vt 0.0727 0.5606 0.0000
vt 0.0657 0.5498 0.0000
vt 0.0741 0.5692 0.0000
vt 0.0731 0.5676 0.0000
vt 0.0755 0.5671 0.0000
vt 0.0745 0.5606 0.0000
vt 0.0720 0.5439 0.0000
vt 0.0710 0.5482 0.0000
vt 0.0780 0.5449 0.0000
vt 0.0752 0.5692 0.0000
vt 0.0689 0.5768 0.0000
vt 0.0771 0.5721 0.0000
vt 0.0728 0.5725 0.0000
vt 0.0696 0.5233 0.0000
vt 0.0625 0.5503 0.0000
vt 0.0646 0.5476 0.0000
vt 0.0534 0.5136 0.0000
vt 0.0478 0.5109 0.0000
vt 0.0478 0.5215 0.0000
vt 0.0527 0.5198 0.0000
vt 0.0479 0.5260 0.0000
vt 0.0520 0.5256 0.0000
vt 0.0398 0.5584 0.0000
vt 0.0407 0.5626 0.0000
vt 0.0421 0.5582 0.0000
vt 0.0544 0.5568 0.0000
vt 0.0533 0.5585 0.0000
vt 0.0564 0.5588 0.0000
vt 0.0399 0.5669 0.0000
vt 0.0363 0.5631 0.0000
vt 0.0383 0.5543 0.0000
vt 0.0502 0.5611 0.0000
vt 0.0536 0.5621 0.0000
vt 0.0586 0.5432 0.0000
vt 0.0586 0.5389 0.0000
vt 0.0530 0.5385 0.0000
vt 0.0527 0.5449 0.0000
vt 0.0585 0.5339 0.0000
vt 0.0537 0.5341 0.0000
vt 0.0587 0.5283 0.0000
vt 0.0613 0.5451 0.0000
vt 0.0618 0.5431 0.0000
vt 0.0478 0.5341 0.0000
vt 0.0625 0.5244 0.0000
vt 0.0608 0.5206 0.0000
vt 0.0604 0.5503 0.0000
vt 0.0587 0.5525 0.0000
vt 0.0612 0.5585 0.0000
vt 0.0643 0.5536 0.0000
vt 0.0668 0.5627 0.0000
vt 0.1782 0.5823 0.0000
vt 0.1744 0.5690 0.0000
vt 0.1739 0.5692 0.0000
vt 0.1918 0.5548 0.0000
vt 0.1776 0.5546 0.0000
vt 0.1850 0.5598 0.0000
vt 0.1963 0.5684 0.0000
vt 0.1958 0.5686 0.0000
vt 0.1843 0.5601 0.0000
vt 0.1728 0.5683 0.0000
vt 0.1733 0.5681 0.0000
vt 0.1849 0.5766 0.0000
vt 0.1915 0.5820 0.0000
vt 0.1841 0.5769 0.0000
vt 0.1773 0.5818 0.0000
vt 0.0102 0.5150 0.0000
vt 0.0129 0.5150 0.0000
vt 0.0151 0.5022 0.0000
vt 0.0151 0.5096 0.0000
vt 0.0178 0.5096 0.0000
vt 0.0193 0.5110 0.0000
vt 0.0507 0.5639 0.0000
vt 0.0552 0.5669 0.0000
vt 0.0589 0.5631 0.0000
vt 0.0589 0.5592 0.0000
vt 0.0571 0.5551 0.0000
vt 0.0590 0.5675 0.0000
vt 0.0330 0.5780 0.0000
vt 0.0329 0.5727 0.0000
vt 0.0274 0.5768 0.0000
vt 0.0354 0.5780 0.0000
vt 0.1918 0.5562 0.0000
vt 0.1784 0.5560 0.0000
vt 0.1855 0.5610 0.0000
vt 0.1961 0.5693 0.0000
vt 0.1956 0.5695 0.0000
vt 0.1847 0.5612 0.0000
vt 0.1853 0.5773 0.0000
vt 0.1916 0.5825 0.0000
vt 0.1846 0.5775 0.0000
vt 0.0168 0.5150 0.0000
vt 0.0193 0.5035 0.0000
vt 0.0178 0.5022 0.0000
vt 0.0034 0.5035 0.0000
vt 0.0063 0.5150 0.0000
vt 0.0057 0.5068 0.0000
vt 0.0089 0.5074 0.0000
vt 0.0119 0.5072 0.0000
vt 0.0114 0.5233 0.0000
vt 0.0168 0.4995 0.0000
vt 0.0118 0.5050 0.0000
vt 0.0099 0.5137 0.0000
vt 0.0129 0.5137 0.0000
vt 0.0171 0.5137 0.0000
vt 0.0199 0.5010 0.0000
vt 0.0024 0.5009 0.0000
vt 0.0056 0.5137 0.0000
vt 0.0048 0.5046 0.0000
vt 0.0156 0.5026 0.0000
vt 0.0124 0.5077 0.0000
vt 0.0107 0.5156 0.0000
vt 0.0134 0.5156 0.0000
vt 0.0184 0.5026 0.0000
vt 0.0173 0.5156 0.0000
vt 0.0199 0.5040 0.0000
vt 0.0038 0.5039 0.0000
vt 0.0068 0.5156 0.0000
vt 0.0061 0.5073 0.0000
vt 0.0094 0.5078 0.0000
vt 0.0119 0.5239 0.0000
vt 0.0152 0.5046 0.0000
vt 0.0120 0.5096 0.0000
vt 0.0103 0.5175 0.0000
vt 0.0130 0.5176 0.0000
vt 0.0180 0.5046 0.0000
vt 0.0169 0.5175 0.0000
vt 0.0195 0.5059 0.0000
vt 0.0034 0.5059 0.0000
vt 0.0064 0.5175 0.0000
vt 0.0057 0.5093 0.0000
vt 0.0090 0.5098 0.0000
vt 0.0115 0.5259 0.0000
vt 0.0114 0.5240 0.0000
vt 0.0174 0.5149 0.0000
vt 0.0131 0.5149 0.0000
vt 0.0102 0.5149 0.0000
vt 0.0058 0.5149 0.0000
vt 0.2289 0.5284 0.0000
vt 0.2315 0.5288 0.0000
vt 0.2307 0.5140 0.0000
vt 0.2280 0.5138 0.0000
vt 0.2263 0.5285 0.0000
vt 0.2258 0.5130 0.0000
vt 0.2239 0.5276 0.0000
vt 0.2222 0.5272 0.0000
vt 0.2299 0.5111 0.0000
vt 0.2332 0.5261 0.0000
vt 0.2323 0.5291 0.0000
vt 0.2286 0.5148 0.0000
vt 0.2336 0.5206 0.0000
vt 0.2271 0.5038 0.0000
vt 0.2272 0.5056 0.0000
vt 0.0084 0.5052 0.0000
vt 0.0112 0.5228 0.0000
vt 0.0155 0.5007 0.0000
vt 0.0120 0.5063 0.0000
vt 0.0185 0.5007 0.0000
vt 0.0202 0.5022 0.0000
vt 0.0026 0.5022 0.0000
vt 0.0051 0.5059 0.0000
vt 0.0087 0.5065 0.0000
vt 0.0149 0.5047 0.0000
vt 0.0118 0.5097 0.0000
vt 0.0101 0.5175 0.0000
vt 0.0127 0.5175 0.0000
vt 0.0176 0.5047 0.0000
vt 0.0166 0.5175 0.0000
vt 0.0191 0.5061 0.0000
vt 0.0032 0.5060 0.0000
vt 0.0062 0.5175 0.0000
vt 0.0055 0.5094 0.0000
vt 0.0087 0.5099 0.0000
vt 0.0112 0.5258 0.0000
vt 0.0108 0.5352 0.0000
vt 0.0107 0.5381 0.0000
vt 0.0087 0.5387 0.0000
vt 0.0067 0.5351 0.0000
vt 0.0150 0.5414 0.0000
vt 0.0154 0.5444 0.0000
vt 0.0130 0.5394 0.0000
vt 0.0083 0.5444 0.0000
vt 0.0052 0.5354 0.0000
vt 0.0033 0.5379 0.0000
vt 0.0066 0.5444 0.0000
vt 0.0024 0.5409 0.0000
vt 0.0181 0.5761 0.0000
vt 0.0202 0.5842 0.0000
vt 0.0240 0.5812 0.0000
vt 0.0173 0.5913 0.0000
vt 0.0228 0.6103 0.0000
vt 0.0235 0.6001 0.0000
vt 0.0288 0.6200 0.0000
vt 0.0288 0.6243 0.0000
vt 0.0428 0.5202 0.0000
vt 0.0421 0.5136 0.0000
vt 0.0340 0.5136 0.0000
vt 0.0347 0.5206 0.0000
vt 0.0288 0.5130 0.0000
vt 0.0288 0.5179 0.0000
vt 0.0390 0.5022 0.0000
vt 0.0478 0.4990 0.0000
vt 0.0337 0.5055 0.0000
vt 0.0284 0.5082 0.0000
vt 0.0168 0.6022 0.0000
vt 0.0196 0.6189 0.0000
vt 0.0335 0.6180 0.0000
vt 0.0399 0.6099 0.0000
vt 0.0333 0.6060 0.0000
vt 0.0256 0.5959 0.0000
vt 0.0273 0.5925 0.0000
vt 0.0316 0.6162 0.0000
vt 0.0326 0.6114 0.0000
vt 0.0259 0.5201 0.0000
vt 0.0330 0.5244 0.0000
vt 0.0326 0.6233 0.0000
vt 0.0321 0.6168 0.0000
vt 0.0350 0.5785 0.0000
vt 0.0432 0.5794 0.0000
vt 0.0425 0.5811 0.0000
vt 0.0478 0.5815 0.0000
vt 0.0478 0.5799 0.0000
vt 0.0389 0.5795 0.0000
vt 0.0383 0.5811 0.0000
vt 0.0352 0.5790 0.0000
vt 0.0348 0.5797 0.0000
vt 0.0137 0.5370 0.0000
vt 0.0158 0.5404 0.0000
vt 0.0449 0.5487 0.0000
vt 0.0432 0.5530 0.0000
vt 0.0449 0.5525 0.0000
vt 0.0365 0.5456 0.0000
vt 0.0386 0.5503 0.0000
vt 0.0407 0.5498 0.0000
vt 0.0428 0.5449 0.0000
vt 0.0421 0.5385 0.0000
vt 0.0362 0.5385 0.0000
vt 0.0418 0.5341 0.0000
vt 0.0354 0.5341 0.0000
vt 0.0351 0.5282 0.0000
vt 0.0339 0.5484 0.0000
vt 0.0333 0.5433 0.0000
vt 0.0432 0.5256 0.0000
vt 0.0326 0.5503 0.0000
vt 0.0351 0.5503 0.0000
vt 0.0309 0.5536 0.0000
vt 0.0343 0.5585 0.0000
vt 0.0235 0.5439 0.0000
vt 0.0245 0.5482 0.0000
vt 0.0298 0.5498 0.0000
vt 0.0309 0.5476 0.0000
vt 0.0252 0.6249 0.0000
vt 0.0449 0.5559 0.0000
vt 0.0464 0.5564 0.0000
vt 0.0440 0.5676 0.0000
vt 0.0434 0.5753 0.0000
vt 0.0480 0.5766 0.0000
vt 0.0478 0.5680 0.0000
vt 0.0421 0.5838 0.0000
vt 0.0478 0.5849 0.0000
vt 0.0397 0.6000 0.0000
vt 0.0478 0.5963 0.0000
vt 0.0478 0.5941 0.0000
vt 0.0478 0.5914 0.0000
vt 0.0428 0.5946 0.0000
vt 0.0157 0.5444 0.0000
vt 0.0021 0.5444 0.0000
vt 0.0478 0.5449 0.0000
vt 0.0478 0.5385 0.0000
vt 0.0478 0.5525 0.0000
vt 0.0411 0.5520 0.0000
vt 0.0411 0.5541 0.0000
vt 0.0432 0.5552 0.0000
vt 0.0478 0.5482 0.0000
vt 0.0454 0.5611 0.0000
vt 0.0449 0.5575 0.0000
vt 0.0460 0.5569 0.0000
vt 0.0442 0.5569 0.0000
vt 0.0411 0.5568 0.0000
vt 0.0391 0.5759 0.0000
vt 0.0367 0.5662 0.0000
vt 0.0404 0.5547 0.0000
vt 0.0404 0.5520 0.0000
vt 0.0404 0.5552 0.0000
vt 0.0368 0.5582 0.0000
vt 0.0386 0.5530 0.0000
vt 0.0371 0.5520 0.0000
vt 0.0329 0.5633 0.0000
vt 0.0447 0.5589 0.0000
vt 0.0477 0.5611 0.0000
vt 0.0478 0.5564 0.0000
vt 0.0130 0.5494 0.0000
vt 0.0478 0.5553 0.0000
vt 0.0411 0.5552 0.0000
vt 0.0432 0.5563 0.0000
vt 0.0435 0.5574 0.0000
vt 0.0478 0.5876 0.0000
vt 0.0386 0.5898 0.0000
vt 0.0418 0.5860 0.0000
vt 0.0379 0.5860 0.0000
vt 0.0344 0.5828 0.0000
vt 0.0337 0.5914 0.0000
vt 0.0305 0.5910 0.0000
vt 0.0376 0.6022 0.0000
vt 0.0354 0.6027 0.0000
vt 0.0431 0.6054 0.0000
vt 0.0530 0.5811 0.0000
vt 0.0573 0.5811 0.0000
vt 0.0566 0.5795 0.0000
vt 0.0371 0.5510 0.0000
vt 0.0287 0.5627 0.0000
vt 0.0185 0.5721 0.0000
vt 0.0379 0.5833 0.0000
vt 0.0344 0.5810 0.0000
vt 0.0699 0.5959 0.0000
vt 0.0712 0.5812 0.0000
vt 0.0679 0.5925 0.0000
vt 0.0636 0.6162 0.0000
vt 0.0629 0.6114 0.0000
vt 0.0601 0.6195 0.0000
vt 0.0692 0.5201 0.0000
vt 0.0668 0.5179 0.0000
vt 0.0724 0.5996 0.0000
vt 0.0668 0.6200 0.0000
vt 0.0066 0.6227 0.0000
vt 0.0068 0.6163 0.0000
vt 0.0038 0.6190 0.0000
vt 0.0595 0.5782 0.0000
vt 0.0604 0.5790 0.0000
vt 0.0630 0.5780 0.0000
vt 0.0523 0.5795 0.0000
vt 0.0607 0.5795 0.0000
vt 0.0612 0.5800 0.0000
vt 0.0150 0.5473 0.0000
vt 0.0158 0.5483 0.0000
vt 0.0137 0.5517 0.0000
vt 0.0107 0.5506 0.0000
vt 0.0108 0.5536 0.0000
vt 0.0087 0.5501 0.0000
vt 0.0068 0.5537 0.0000
vt 0.0527 0.5946 0.0000
vt 0.0537 0.5860 0.0000
vt 0.0566 0.5898 0.0000
vt 0.0576 0.5860 0.0000
vt 0.0618 0.5914 0.0000
vt 0.0617 0.5831 0.0000
vt 0.0650 0.5910 0.0000
vt 0.0555 0.6000 0.0000
vt 0.0580 0.6022 0.0000
vt 0.0601 0.6027 0.0000
vt 0.0622 0.6060 0.0000
vt 0.0524 0.6054 0.0000
vt 0.0556 0.6099 0.0000
vt 0.0727 0.6103 0.0000
vt 0.0668 0.6243 0.0000
vt 0.0703 0.6249 0.0000
vt 0.0506 0.5559 0.0000
vt 0.0506 0.5525 0.0000
vt 0.0492 0.5564 0.0000
vt 0.0532 0.5757 0.0000
vt 0.0534 0.5838 0.0000
vt 0.0024 0.5479 0.0000
vt 0.0506 0.5487 0.0000
vt 0.0541 0.5541 0.0000
vt 0.0541 0.5520 0.0000
vt 0.0523 0.5530 0.0000
vt 0.0523 0.5552 0.0000
vt 0.0548 0.5498 0.0000
vt 0.0569 0.5503 0.0000
vt 0.0052 0.5534 0.0000
vt 0.0034 0.5509 0.0000
vt 0.0774 0.5761 0.0000
vt 0.0795 0.5808 0.0000
vt 0.0615 0.5136 0.0000
vt 0.0668 0.5130 0.0000
vt 0.0822 0.5860 0.0000
vt 0.0566 0.5022 0.0000
vt 0.0618 0.5055 0.0000
vt 0.0671 0.5082 0.0000
vt 0.0759 0.6189 0.0000
vt 0.0832 0.5972 0.0000
vt 0.0551 0.5547 0.0000
vt 0.0548 0.5520 0.0000
vt 0.0622 0.5633 0.0000
vt 0.0569 0.5768 0.0000
vt 0.0509 0.5569 0.0000
vt 0.0523 0.5563 0.0000
vt 0.0544 0.5552 0.0000
vt 0.0551 0.5552 0.0000
vt 0.0520 0.5574 0.0000
vt 0.0506 0.5575 0.0000
vt 0.0509 0.5591 0.0000
vt 0.0228 0.5606 0.0000
vt 0.0221 0.5676 0.0000
vt 0.0214 0.5692 0.0000
vt 0.0210 0.5606 0.0000
vt 0.0200 0.5671 0.0000
vt 0.0172 0.5449 0.0000
vt 0.0200 0.5692 0.0000
vt 0.0227 0.5725 0.0000
vt 0.0259 0.5233 0.0000
vt 0.0583 0.5514 0.0000
vt 0.0627 0.5725 0.0000
vt 0.0576 0.5833 0.0000
vt 0.0614 0.5810 0.0000
vt 0.0494 0.5567 0.0000
vt 0.0569 0.5530 0.0000
vt 0.5616 0.7612 0.0000
vt 0.5793 0.7612 0.0000
vt 0.5793 0.7677 0.0000
vt 0.5615 0.7677 0.0000
vt 0.5830 0.7678 0.0000
vt 0.5831 0.8127 0.0000
vt 0.5794 0.8127 0.0000
vt 0.5794 0.8211 0.0000
vt 0.5614 0.8211 0.0000
vt 0.5615 0.8127 0.0000
vt 0.5223 0.8211 0.0000
vt 0.5223 0.8127 0.0000
vt 0.5056 0.8207 0.0000
vt 0.5056 0.8124 0.0000
vt 0.5020 0.8127 0.0000
vt 0.5020 0.7679 0.0000
vt 0.5056 0.7676 0.0000
vt 0.5223 0.7677 0.0000
vt 0.5056 0.7617 0.0000
vt 0.5223 0.7616 0.0000
vt 0.5461 0.7146 0.0000
vt 0.5290 0.7066 0.0000
vt 0.5257 0.7385 0.0000
vt 0.5136 0.7383 0.0000
vt 0.5126 0.7045 0.0000
vt 0.4966 0.7085 0.0000
vt 0.5017 0.7395 0.0000
vt 0.4803 0.7181 0.0000
vt 0.4874 0.7451 0.0000
vt 0.4595 0.7358 0.0000
vt 0.4677 0.7571 0.0000
vt 0.6343 0.7099 0.0000
vt 0.6467 0.7029 0.0000
vt 0.6358 0.7022 0.0000
vt 0.6462 0.7021 0.0000
vt 0.6622 0.7039 0.0000
vt 0.6566 0.6917 0.0000
vt 0.6520 0.6839 0.0000
vt 0.6468 0.6811 0.0000
vt 0.6415 0.6835 0.0000
vt 0.6369 0.6912 0.0000
vt 0.6309 0.7029 0.0000
vt 0.3537 0.6229 0.0000
vt 0.3639 0.5956 0.0000
vt 0.3756 0.6229 0.0000
vt 0.6465 0.7030 0.0000
vt 0.6582 0.7152 0.0000
vt 0.6624 0.7028 0.0000
vt 0.6529 0.7217 0.0000
vt 0.6468 0.7242 0.0000
vt 0.6408 0.7219 0.0000
vt 0.6355 0.7156 0.0000
vt 0.6311 0.7036 0.0000
vt 0.6461 0.7026 0.0000
vt 0.6582 0.7101 0.0000
vt 0.6575 0.7033 0.0000
vt 0.5680 0.7296 0.0000
vt 0.5403 0.7428 0.0000
vt 0.5608 0.7522 0.0000
vt 0.5009 0.6683 0.0000
vt 0.4895 0.6750 0.0000
vt 0.5135 0.6998 0.0000
vt 0.4822 0.6898 0.0000
vt 0.4924 0.7068 0.0000
vt 0.4778 0.7156 0.0000
vt 0.4738 0.7014 0.0000
vt 0.4676 0.7245 0.0000
vt 0.4616 0.7072 0.0000
vt 0.5150 0.7401 0.0000
vt 0.5276 0.7058 0.0000
vt 0.5153 0.7045 0.0000
vt 0.6636 0.7066 0.0000
vt 0.6467 0.7062 0.0000
vt 0.6594 0.7124 0.0000
vt 0.6586 0.6970 0.0000
vt 0.6588 0.7047 0.0000
vt 0.6582 0.7146 0.0000
vt 0.6518 0.7248 0.0000
vt 0.5467 0.7332 0.0000
vt 0.5422 0.7213 0.0000
vt 0.5387 0.7108 0.0000
vt 0.5545 0.7424 0.0000
vt 0.5254 0.6677 0.0000
vt 0.5132 0.6671 0.0000
vt 0.5348 0.7057 0.0000
vt 0.5370 0.6738 0.0000
vt 0.5446 0.6882 0.0000
vt 0.5511 0.7131 0.0000
vt 0.5546 0.6987 0.0000
vt 0.5615 0.7213 0.0000
vt 0.5670 0.7036 0.0000
vt 0.5030 0.7057 0.0000
vt 0.6298 0.7064 0.0000
vt 0.6339 0.7122 0.0000
vt 0.6373 0.7179 0.0000
vt 0.6424 0.7243 0.0000
vt 0.4838 0.7330 0.0000
vt 0.4883 0.7212 0.0000
vt 0.4919 0.7107 0.0000
vt 0.4758 0.7421 0.0000
vt 0.1976 0.4759 0.0000
vt 0.1905 0.4633 0.0000
vt 0.2075 0.4758 0.0000
vt 0.2142 0.4456 0.0000
vt 0.2144 0.4633 0.0000
vt 0.1972 0.4331 0.0000
vt 0.2071 0.4330 0.0000
vt 0.1903 0.4456 0.0000
vt 0.2144 0.4460 0.0000
vt 0.2071 0.4333 0.0000
vt 0.1970 0.4333 0.0000
vt 0.2075 0.4766 0.0000
vt 0.2146 0.4639 0.0000
vt 0.1956 0.3740 0.0000
vt 0.2043 0.3740 0.0000
vt 0.2043 0.4316 0.0000
vt 0.1956 0.4316 0.0000
vt 0.2133 0.3740 0.0000
vt 0.2133 0.4316 0.0000
vt 0.2222 0.3740 0.0000
vt 0.2222 0.4316 0.0000
vt 0.2309 0.3740 0.0000
vt 0.2309 0.4316 0.0000
vt 0.2396 0.3740 0.0000
vt 0.2396 0.4316 0.0000
vt 0.2486 0.3740 0.0000
vt 0.2486 0.4316 0.0000
vt 0.1780 0.3740 0.0000
vt 0.1869 0.3740 0.0000
vt 0.1869 0.4316 0.0000
vt 0.1780 0.4316 0.0000
vt 0.1778 0.4669 0.0000
vt 0.1873 0.4568 0.0000
vt 0.1906 0.4667 0.0000
vt 0.1808 0.4569 0.0000
vt 0.1817 0.4383 0.0000
vt 0.1797 0.4404 0.0000
vt 0.1817 0.4340 0.0000
vt 0.1776 0.4340 0.0000
vt 0.1797 0.4318 0.0000
vt 0.1776 0.4383 0.0000
vt 0.2262 0.4324 0.0000
vt 0.2206 0.4324 0.0000
vt 0.2206 0.4987 0.0000
vt 0.2262 0.4987 0.0000
vt 0.2161 0.4324 0.0000
vt 0.2161 0.4987 0.0000
vt 0.2484 0.4322 0.0000
vt 0.2429 0.4324 0.0000
vt 0.2429 0.4987 0.0000
vt 0.2484 0.4985 0.0000
vt 0.2374 0.4324 0.0000
vt 0.2374 0.4987 0.0000
vt 0.2317 0.4324 0.0000
vt 0.2317 0.4987 0.0000
vt 0.1812 0.4768 0.0000
vt 0.1876 0.4767 0.0000
vt 0.1853 0.4985 0.0000
vt 0.1890 0.4985 0.0000
vt 0.1890 0.4880 0.0000
vt 0.1853 0.4880 0.0000
vt 0.1929 0.4985 0.0000
vt 0.1929 0.4880 0.0000
vt 0.1966 0.4985 0.0000
vt 0.1966 0.4880 0.0000
vt 0.2003 0.4985 0.0000
vt 0.2003 0.4880 0.0000
vt 0.1778 0.4985 0.0000
vt 0.1816 0.4985 0.0000
vt 0.1816 0.4880 0.0000
vt 0.1778 0.4880 0.0000
vt 0.1931 0.4374 0.0000
vt 0.1915 0.4322 0.0000
vt 0.1881 0.4321 0.0000
vt 0.1880 0.4426 0.0000
vt 0.1913 0.4426 0.0000
vt 0.2053 0.4816 0.0000
vt 0.2076 0.4816 0.0000
vt 0.2076 0.4985 0.0000
vt 0.2053 0.4985 0.0000
vt 0.2099 0.4816 0.0000
vt 0.2099 0.4985 0.0000
vt 0.2122 0.4816 0.0000
vt 0.2122 0.4985 0.0000
vt 0.2144 0.4816 0.0000
vt 0.2144 0.4985 0.0000
vt 0.2007 0.4816 0.0000
vt 0.2030 0.4816 0.0000
vt 0.2030 0.4985 0.0000
vt 0.2007 0.4985 0.0000
vt 0.1974 0.4766 0.0000
vt 0.1901 0.4640 0.0000
vt 0.1899 0.4460 0.0000
vt 0.1906 0.4668 0.0000
vt 0.1875 0.4767 0.0000
vt 0.1873 0.4569 0.0000
vt 0.1778 0.4668 0.0000
vt 0.1809 0.4569 0.0000
vt 0.1811 0.4767 0.0000
vt 0.1853 0.4773 0.0000
vt 0.1816 0.4773 0.0000
vt 0.1816 0.4918 0.0000
vt 0.1853 0.4918 0.0000
vt 0.1778 0.4773 0.0000
vt 0.1778 0.4918 0.0000
vt 0.2003 0.4773 0.0000
vt 0.1966 0.4773 0.0000
vt 0.1966 0.4918 0.0000
vt 0.2003 0.4918 0.0000
vt 0.1929 0.4773 0.0000
vt 0.1929 0.4918 0.0000
vt 0.1890 0.4773 0.0000
vt 0.1890 0.4918 0.0000
vt 0.1863 0.4373 0.0000
vt 0.0703 0.9478 0.0000
vt 0.0711 0.9768 0.0000
vt 0.0834 0.9508 0.0000
vt 0.0842 0.9765 0.0000
vt 0.0442 0.9518 0.0000
vt 0.0446 0.9762 0.0000
vt 0.0563 0.9484 0.0000
vt 0.0562 0.9771 0.0000
vt 0.0984 0.9568 0.0000
vt 0.0981 0.9762 0.0000
vt 0.0834 0.9827 0.0000
vt 0.0710 0.9833 0.0000
vt 0.0441 0.9448 0.0000
vt 0.0559 0.9828 0.0000
vt 0.0446 0.9826 0.0000
vt 0.0988 0.9477 0.0000
vt 0.0977 0.9824 0.0000
vt 0.1021 0.9575 0.0000
vt 0.1025 0.9759 0.0000
vt 0.0431 0.9760 0.0000
vt 0.0429 0.9515 0.0000
vt 0.0832 0.9834 0.0000
vt 0.0975 0.9820 0.0000
vt 0.0833 0.9983 0.0000
vt 0.0965 0.9981 0.0000
vt 0.0711 0.9820 0.0000
vt 0.0718 0.9986 0.0000
vt 0.0581 0.9823 0.0000
vt 0.0578 0.9983 0.0000
vt 0.0474 0.9982 0.0000
vt 0.0458 0.9838 0.0000
vt 0.1986 0.7249 0.0000
vt 0.1974 0.6859 0.0000
vt 0.1948 0.7239 0.0000
vt 0.1933 0.6858 0.0000
vt 0.2035 0.7257 0.0000
vt 0.2041 0.6858 0.0000
vt 0.2088 0.7261 0.0000
vt 0.2108 0.6852 0.0000
vt 0.2035 0.7258 0.0000
vt 0.2024 0.7736 0.0000
vt 0.1749 0.6296 0.0000
vt 0.1867 0.6294 0.0000
vt 0.1746 0.6495 0.0000
vt 0.1866 0.6494 0.0000
vt 0.1753 0.6494 0.0000
vt 0.1868 0.6489 0.0000
vt 0.1864 0.6288 0.0000
vt 0.1753 0.6095 0.0000
vt 0.1865 0.6094 0.0000
vt 0.1755 0.5918 0.0000
vt 0.1873 0.5917 0.0000
vt 0.1757 0.5918 0.0000
vt 0.1870 0.5920 0.0000
vt 0.1756 0.6097 0.0000
vt 0.1869 0.6099 0.0000
vt 0.1374 0.6448 0.0000
vt 0.1437 0.6402 0.0000
vt 0.1311 0.6398 0.0000
vt 0.1312 0.6302 0.0000
vt 0.1375 0.6257 0.0000
vt 0.1438 0.6306 0.0000
vt 0.1984 0.7248 0.0000
vt 0.3105 0.7042 0.0000
vt 0.3086 0.6951 0.0000
vt 0.3086 0.7132 0.0000
vt 0.3036 0.6895 0.0000
vt 0.2975 0.6895 0.0000
vt 0.2926 0.6951 0.0000
vt 0.2907 0.7042 0.0000
vt 0.2926 0.7132 0.0000
vt 0.2975 0.7189 0.0000
vt 0.3092 0.7480 0.0000
vt 0.3078 0.7390 0.0000
vt 0.2916 0.7480 0.0000
vt 0.2933 0.7390 0.0000
vt 0.3234 0.7316 0.0000
vt 0.3196 0.7257 0.0000
vt 0.3288 0.7051 0.0000
vt 0.3241 0.7042 0.0000
vt 0.3256 0.6667 0.0000
vt 0.3215 0.6730 0.0000
vt 0.3092 0.6543 0.0000
vt 0.3078 0.6630 0.0000
vt 0.2916 0.6543 0.0000
vt 0.2933 0.6630 0.0000
vt 0.2751 0.6667 0.0000
vt 0.2797 0.6730 0.0000
vt 0.2719 0.7051 0.0000
vt 0.2770 0.7042 0.0000
vt 0.2774 0.7316 0.0000
vt 0.2815 0.7257 0.0000
vt 0.3069 0.7345 0.0000
vt 0.2942 0.7345 0.0000
vt 0.3172 0.7229 0.0000
vt 0.3211 0.7042 0.0000
vt 0.3172 0.6854 0.0000
vt 0.3069 0.6738 0.0000
vt 0.2942 0.6738 0.0000
vt 0.2840 0.6854 0.0000
vt 0.2801 0.7042 0.0000
vt 0.2840 0.7229 0.0000
vt 0.3036 0.7189 0.0000
vt 0.2443 0.7380 0.0000
vt 0.2492 0.7303 0.0000
vt 0.2324 0.7243 0.0000
vt 0.2649 0.7481 0.0000
vt 0.2649 0.7074 0.0000
vt 0.2469 0.7409 0.0000
vt 0.2656 0.6765 0.0000
vt 0.2611 0.6819 0.0000
vt 0.2682 0.6867 0.0000
vt 0.2523 0.6782 0.0000
vt 0.2529 0.6560 0.0000
vt 0.2442 0.6556 0.0000
vt 0.2500 0.6650 0.0000
vt 0.2202 0.6677 0.0000
vt 0.2264 0.7100 0.0000
vt 0.2682 0.6866 0.0000
vt 0.2524 0.6782 0.0000
vt 0.2325 0.7243 0.0000
vt 0.2500 0.6654 0.0000
vt 0.2690 0.8975 0.0000
vt 0.2495 0.8914 0.0000
vt 0.2683 0.9061 0.0000
vt 0.2278 0.9309 0.0000
vt 0.2452 0.9309 0.0000
vt 0.2314 0.9188 0.0000
vt 0.2328 0.9026 0.0000
vt 0.2431 0.9800 0.0000
vt 0.2513 0.9673 0.0000
vt 0.2445 0.9678 0.0000
vt 0.2428 0.9380 0.0000
vt 0.2531 0.9592 0.0000
vt 0.2563 0.9891 0.0000
vt 0.2609 0.9709 0.0000
vt 0.2548 0.9749 0.0000
vt 0.2648 0.9820 0.0000
vt 0.2666 0.9633 0.0000
vt 0.2651 0.9289 0.0000
vt 0.2729 0.9319 0.0000
vt 0.2776 0.9299 0.0000
vt 0.2790 0.9117 0.0000
vt 0.2871 0.8521 0.0000
vt 0.2807 0.8525 0.0000
vt 0.2893 0.8654 0.0000
vt 0.2779 0.8622 0.0000
vt 0.2834 0.8712 0.0000
vt 0.2766 0.9543 0.0000
vt 0.2823 0.9697 0.0000
vt 0.2835 0.9481 0.0000
vt 0.2882 0.9693 0.0000
vt 0.2916 0.9600 0.0000
vt 0.2985 0.9661 0.0000
vt 0.3022 0.9549 0.0000
vt 0.2935 0.9449 0.0000
vt 0.2939 0.8748 0.0000
vt 0.3020 0.8667 0.0000
vt 0.2971 0.8572 0.0000
vt 0.3115 0.7710 0.0000
vt 0.3144 0.7634 0.0000
vt 0.3057 0.7710 0.0000
vt 0.3115 0.7557 0.0000
vt 0.3057 0.7557 0.0000
vt 0.3028 0.7634 0.0000
vt 0.3249 0.9172 0.0000
vt 0.3249 0.7567 0.0000
vt 0.3191 0.9172 0.0000
vt 0.3191 0.7567 0.0000
vt 0.3278 0.9172 0.0000
vt 0.3278 0.7567 0.0000
vt 0.3162 0.9172 0.0000
vt 0.3162 0.7567 0.0000
vt 0.3099 0.9144 0.0000
vt 0.3142 0.9031 0.0000
vt 0.3012 0.9144 0.0000
vt 0.3099 0.8918 0.0000
vt 0.3012 0.8918 0.0000
vt 0.2969 0.9031 0.0000
vt 0.2988 0.9734 0.0000
vt 0.3074 0.9734 0.0000
vt 0.2945 0.9849 0.0000
vt 0.3117 0.9849 0.0000
vt 0.3074 0.9964 0.0000
vt 0.2988 0.9964 0.0000
vt 0.3265 0.9933 0.0000
vt 0.3265 0.9165 0.0000
vt 0.3176 0.9933 0.0000
vt 0.3176 0.9165 0.0000
vt 0.3309 0.9933 0.0000
vt 0.3309 0.9165 0.0000
vt 0.3131 0.9933 0.0000
vt 0.3131 0.9165 0.0000
vt 0.1056 0.5710 0.0000
vt 0.0938 0.5543 0.0000
vt 0.0965 0.5694 0.0000
vt 0.1191 0.5438 0.0000
vt 0.1080 0.5413 0.0000
vt 0.1113 0.5510 0.0000
vt 0.1165 0.5340 0.0000
vt 0.1269 0.5304 0.0000
vt 0.1296 0.5418 0.0000
vt 0.1125 0.5245 0.0000
vt 0.1058 0.5375 0.0000
vt 0.1225 0.6040 0.0000
vt 0.1362 0.6040 0.0000
vt 0.1205 0.5923 0.0000
vt 0.0121 1.0063 0.0000
vt 0.0070 0.9910 0.0000
vt 0.0065 1.0064 0.0000
vt 0.0125 0.9911 0.0000
vt 0.0848 0.5674 0.0000
vt 0.0982 0.5776 0.0000
vt 0.0861 0.5820 0.0000
vt 0.1085 0.5770 0.0000
vt 0.1170 0.5660 0.0000
vt 0.1200 0.5748 0.0000
vt 0.1244 0.5561 0.0000
vt 0.1284 0.5693 0.0000
vt 0.1429 0.5455 0.0000
vt 0.1391 0.5636 0.0000
vt 0.1462 0.5614 0.0000
vt 0.1344 0.5522 0.0000
vt 0.1381 0.5320 0.0000
vt 0.0847 0.5570 0.0000
vt 0.1046 0.5568 0.0000
vt 0.1014 0.5457 0.0000
vt 0.1149 0.5117 0.0000
vt 0.1085 0.5226 0.0000
vt 0.0986 0.5479 0.0000
vt 0.0930 0.5468 0.0000
vt 0.1004 0.5408 0.0000
vt 0.1034 0.5296 0.0000
vt 0.0963 0.5324 0.0000
vt 0.0968 0.5394 0.0000
vt 0.0846 0.5409 0.0000
vt 0.0844 0.5488 0.0000
vt 0.1325 0.5167 0.0000
vt 0.1291 0.5216 0.0000
vt 0.1352 0.5227 0.0000
vt 0.1226 0.5249 0.0000
vt 0.1229 0.5105 0.0000
vt 0.1166 0.5177 0.0000
vt 0.1274 0.5093 0.0000
vt 0.0927 0.5368 0.0000
vt 0.0852 0.5336 0.0000
vt 0.0083 0.5484 0.0000
vt 0.0094 0.5389 0.0000
vt 0.0063 0.5403 0.0000
vt 0.0994 0.5182 0.0000
vt 0.1191 0.5060 0.0000
vt 0.1093 0.5854 0.0000
vt 0.1213 0.5847 0.0000
vt 0.1123 0.6048 0.0000
vt 0.1014 0.5973 0.0000
vt 0.1002 0.5840 0.0000
vt 0.1069 0.6138 0.0000
vt 0.0364 0.9907 0.0000
vt 0.0313 1.0063 0.0000
vt 0.0358 1.0063 0.0000
vt 0.0317 0.9906 0.0000
vt 0.0062 0.5474 0.0000
vt 0.0892 0.5932 0.0000
vt 0.0924 0.6058 0.0000
vt 0.0936 0.6149 0.0000
vt 0.0271 1.0064 0.0000
vt 0.1407 0.5759 0.0000
vt 0.1400 0.5859 0.0000
vt 0.1518 0.5792 0.0000
vt 0.1506 0.5686 0.0000
vt 0.1517 0.5983 0.0000
vt 0.1430 0.6031 0.0000
vt 0.0227 0.9911 0.0000
vt 0.0227 1.0063 0.0000
vt 0.1309 0.5777 0.0000
vt 0.1342 0.5902 0.0000
vt 0.0016 1.0063 0.0000
vt 0.0016 0.9907 0.0000
vt 0.0180 0.9911 0.0000
vt 0.0175 1.0063 0.0000
vt 0.0127 0.5446 0.0000
vt 0.0118 0.5406 0.0000
vt 0.0113 0.5472 0.0000
vt 0.0027 0.5936 0.0000
vt 0.0117 0.5990 0.0000
vt 0.0031 0.6062 0.0000
vt 0.0116 0.5990 0.0000
vt 0.0044 0.5463 0.0000
vt 0.0079 0.5497 0.0000
vt 0.0079 0.5436 0.0000
vt 0.0115 0.5401 0.0000
vt 0.0079 0.5372 0.0000
vt 0.0045 0.5403 0.0000
vt 0.1610 0.6396 0.0000
vt 0.1557 0.6282 0.0000
vt 0.1559 0.6396 0.0000
vt 0.0907 0.6457 0.0000
vt 0.0931 0.6383 0.0000
vt 0.0951 0.6405 0.0000
vt 0.1004 0.6555 0.0000
vt 0.0964 0.6514 0.0000
vt 0.0992 0.6506 0.0000
vt 0.0926 0.6519 0.0000
vt 0.0940 0.6501 0.0000
vt 0.0901 0.6492 0.0000
vt 0.0462 0.6066 0.0000
vt 0.0489 0.6058 0.0000
vt 0.0507 0.6085 0.0000
vt 0.1414 0.5107 0.0000
vt 0.1455 0.5061 0.0000
vt 0.1435 0.5152 0.0000
vt 0.1378 0.5137 0.0000
vt 0.1397 0.5196 0.0000
vt 0.1353 0.5164 0.0000
vt 0.1368 0.5218 0.0000
vt 0.1026 0.6417 0.0000
vt 0.0988 0.6362 0.0000
vt 0.1025 0.6368 0.0000
vt 0.1476 0.5254 0.0000
vt 0.1434 0.5358 0.0000
vt 0.1687 0.5853 0.0000
vt 0.1687 0.5707 0.0000
vt 0.1622 0.5707 0.0000
vt 0.1488 0.5096 0.0000
vt 0.1538 0.5109 0.0000
vt 0.1518 0.5206 0.0000
vt 0.1542 0.5294 0.0000
vt 0.1574 0.5253 0.0000
vt 0.1650 0.5123 0.0000
vt 0.1603 0.5104 0.0000
vt 0.1607 0.5078 0.0000
vt 0.1643 0.5149 0.0000
vt 0.1583 0.5143 0.0000
vt 0.1623 0.5190 0.0000
vt 0.1577 0.5163 0.0000
vt 0.1614 0.5205 0.0000
vt 0.0866 0.6479 0.0000
vt 0.0879 0.6422 0.0000
vt 0.0894 0.6450 0.0000
vt 0.0853 0.6449 0.0000
vt 0.1540 0.5013 0.0000
vt 0.1536 0.5054 0.0000
vt 0.1568 0.5167 0.0000
vt 0.1623 0.6280 0.0000
vt 0.1621 0.5530 0.0000
vt 0.1557 0.5709 0.0000
vt 0.1557 0.5531 0.0000
vt 0.1621 0.5850 0.0000
vt 0.1557 0.5850 0.0000
vt 0.1622 0.5989 0.0000
vt 0.1557 0.5988 0.0000
vt 0.1557 0.6149 0.0000
vt 0.1622 0.6149 0.0000
vt 0.1646 0.6147 0.0000
vt 0.1641 0.6396 0.0000
vt 0.1687 0.5531 0.0000
vt 0.1680 0.5987 0.0000
vt 0.0478 0.6122 0.0000
vt 0.0511 0.6142 0.0000
vt 0.0486 0.6175 0.0000
vt 0.0444 0.6152 0.0000
vt 0.0436 0.6104 0.0000
vt 0.1476 0.5038 0.0000
vt 0.0957 0.6341 0.0000
vt 0.1555 0.5386 0.0000
vt 0.1467 0.5450 0.0000
vt 0.0995 0.6593 0.0000
vt 0.0918 0.6573 0.0000
vt 0.1490 0.5510 0.0000
vt 0.1582 0.5497 0.0000
vt 0.1501 0.5532 0.0000
vt 0.1451 0.5461 0.0000
vt 0.1474 0.5517 0.0000
vt 0.1416 0.5373 0.0000
vt 0.1504 0.4989 0.0000
vt 0.1599 0.5248 0.0000
vt 0.1656 0.5163 0.0000
vt 0.1638 0.5201 0.0000
vt 0.1657 0.5406 0.0000
vt 0.1604 0.5341 0.0000
vt 0.1622 0.5327 0.0000
vt 0.1642 0.5423 0.0000
vt 0.1576 0.5365 0.0000
vt 0.1613 0.5454 0.0000
vt 0.1596 0.5467 0.0000
vt 0.1567 0.5379 0.0000
vt 0.0901 0.6598 0.0000
vt 0.0892 0.6541 0.0000
vt 0.0911 0.6556 0.0000
vt 0.0889 0.6589 0.0000
vt 0.1577 0.5475 0.0000
vt 0.1557 0.5343 0.0000
vt 0.1649 0.5446 0.0000
vt 0.1622 0.5476 0.0000
vt 0.1566 0.5379 0.0000
vt 0.0980 0.6635 0.0000
vt 0.0910 0.6616 0.0000
# 1872 texture coords

g Fiche_Space_Hulk
s 1
f 1/1/1 2/2/2 3/3/3 
f 1/1/1 4/4/4 2/2/2 
f 1/1/1 5/5/5 6/6/6 
f 1/1/1 3/3/3 5/5/5 
f 1/1/1 7/7/7 8/8/8 
f 1/1/1 6/6/6 7/7/7 
f 1/1/1 9/9/9 10/8/10 
f 1/1/1 8/8/8 9/9/9 
f 1/1/1 11/10/11 12/11/12 
f 1/1/1 10/8/10 11/10/11 
f 1/1/1 13/12/13 14/13/14 
f 1/1/1 12/11/12 13/12/13 
f 1/1/1 15/14/15 16/15/16 
f 1/1/1 14/13/14 15/14/15 
f 1/1/1 17/16/17 18/17/18 
f 1/1/1 16/15/16 17/16/17 
f 1/1/1 19/18/19 20/19/20 
f 1/1/1 18/17/18 19/18/19 
f 1/1/1 21/20/21 22/21/22 
f 1/1/1 20/19/20 21/20/21 
f 1/1/1 23/20/23 24/22/24 
f 1/1/1 22/21/22 23/20/23 
f 1/1/1 25/23/25 26/22/26 
f 1/1/1 24/22/24 25/23/25 
f 1/1/1 27/24/27 28/25/28 
f 1/1/1 26/22/26 27/24/27 
f 1/1/1 29/24/29 30/26/30 
f 1/1/1 28/25/28 29/24/29 
f 1/1/1 31/27/31 32/28/32 
f 1/1/1 30/26/30 31/27/31 
f 1/1/1 33/29/33 4/4/4 
f 1/1/1 32/28/32 33/29/33 
f 4/4/4 34/30/34 2/2/2 
f 4/4/4 35/30/35 34/30/34 
f 2/2/2 34/30/34 36/31/36 
f 2/2/2 36/31/36 3/3/3 
f 35/30/35 37/32/37 34/30/34 
f 34/30/34 37/32/37 38/33/38 
f 34/30/34 38/33/38 36/31/36 
f 35/30/35 39/32/39 37/32/37 
f 36/31/36 38/33/38 40/33/40 
f 36/31/36 40/33/40 41/34/41 
f 41/34/41 40/33/40 42/35/42 
f 41/34/41 42/35/42 43/36/43 
f 43/36/43 42/35/42 44/35/44 
f 43/36/43 44/35/44 45/36/45 
f 6/6/6 43/36/43 45/36/45 
f 6/6/6 45/36/45 7/7/7 
f 45/36/45 44/35/44 46/37/46 
f 45/36/45 46/37/46 47/38/47 
f 7/7/7 45/36/45 47/38/47 
f 7/7/7 47/38/47 8/8/8 
f 47/38/47 46/37/46 48/37/48 
f 47/38/47 48/37/48 49/38/49 
f 8/8/8 47/38/47 49/38/49 
f 8/8/8 49/38/49 9/9/9 
f 49/38/49 48/37/48 50/37/50 
f 49/38/49 50/37/50 51/38/51 
f 9/9/9 49/38/49 51/38/51 
f 9/9/9 51/38/51 10/8/10 
f 51/38/51 50/37/50 52/39/52 
f 51/38/51 52/39/52 53/40/53 
f 10/8/10 51/38/51 53/40/53 
f 10/8/10 53/40/53 11/10/11 
f 53/40/53 52/39/52 54/39/54 
f 53/40/53 54/39/54 55/40/55 
f 11/10/11 53/40/53 55/40/55 
f 11/10/11 55/40/55 12/11/12 
f 55/40/55 54/39/54 56/41/56 
f 55/40/55 56/41/56 57/42/57 
f 12/11/12 55/40/55 57/42/57 
f 12/11/12 57/42/57 13/12/13 
f 57/42/57 56/41/56 58/43/58 
f 57/42/57 58/43/58 59/44/59 
f 13/12/13 57/42/57 59/44/59 
f 13/12/13 59/44/59 14/13/14 
f 59/44/59 58/43/58 60/45/60 
f 59/44/59 60/45/60 61/46/61 
f 61/46/61 60/45/60 62/45/62 
f 61/46/61 62/45/62 63/46/63 
f 63/46/63 62/45/62 64/47/64 
f 63/46/63 64/47/64 65/48/65 
f 65/48/65 64/47/64 66/47/66 
f 65/48/65 66/47/66 67/48/67 
f 67/48/67 66/47/66 68/49/68 
f 67/48/67 68/49/68 69/50/69 
f 69/50/69 68/49/68 70/49/70 
f 69/50/69 70/49/70 71/50/71 
f 71/50/71 70/49/70 72/51/72 
f 71/50/71 72/51/72 73/52/73 
f 73/52/73 72/51/72 74/51/74 
f 73/52/73 74/51/74 75/52/75 
f 75/52/75 74/51/74 76/51/76 
f 75/52/75 76/51/76 77/53/77 
f 22/21/22 75/52/75 77/53/77 
f 22/21/22 77/53/77 23/20/23 
f 77/53/77 76/51/76 78/54/78 
f 77/53/77 78/54/78 79/55/79 
f 23/20/23 77/53/77 79/55/79 
f 23/20/23 79/55/79 24/22/24 
f 79/55/79 78/54/78 80/54/80 
f 79/55/79 80/54/80 81/55/81 
f 24/22/24 79/55/79 81/55/81 
f 24/22/24 81/55/81 25/23/25 
f 81/55/81 80/54/80 82/54/82 
f 81/55/81 82/54/82 83/55/83 
f 25/23/25 81/55/81 83/55/83 
f 25/23/25 83/55/83 26/22/26 
f 83/55/83 82/54/82 84/56/84 
f 83/55/83 84/56/84 85/57/85 
f 26/22/26 83/55/83 85/57/85 
f 26/22/26 85/57/85 27/24/27 
f 85/57/85 84/56/84 86/56/86 
f 85/57/85 86/56/86 87/58/87 
f 27/24/27 85/57/85 87/58/87 
f 27/24/27 87/58/87 28/25/28 
f 87/58/87 86/56/86 88/56/88 
f 87/58/87 88/56/88 89/58/89 
f 28/25/28 87/58/87 89/58/89 
f 28/25/28 89/58/89 29/24/29 
f 89/58/89 88/56/88 90/59/90 
f 89/58/89 90/59/90 91/60/91 
f 29/24/29 89/58/89 91/60/91 
f 29/24/29 91/60/91 30/26/30 
f 91/60/91 90/59/90 92/59/92 
f 91/60/91 92/59/92 93/60/93 
f 93/60/93 92/59/92 94/61/94 
f 93/60/93 94/61/94 95/62/95 
f 95/62/95 94/61/94 96/61/96 
f 95/62/95 96/61/96 97/62/97 
f 97/62/97 96/61/96 39/32/39 
f 97/62/97 39/32/39 35/30/35 
f 94/61/94 98/63/98 96/61/96 
f 94/61/94 99/63/99 98/63/98 
f 92/59/92 99/63/99 94/61/94 
f 96/61/96 100/64/100 39/32/39 
f 96/61/96 98/63/98 100/64/100 
f 39/32/39 100/64/100 101/64/101 
f 39/32/39 101/64/101 37/32/37 
f 37/32/37 101/64/101 102/65/102 
f 37/32/37 102/65/102 38/33/38 
f 101/64/101 103/66/103 102/65/102 
f 101/64/101 104/67/104 103/66/103 
f 100/64/100 104/67/104 101/64/101 
f 104/67/104 105/68/105 103/66/103 
f 104/67/104 106/69/106 105/68/105 
f 107/67/107 106/69/106 104/67/104 
f 100/64/100 107/67/107 104/67/104 
f 98/63/98 107/67/107 100/64/100 
f 107/67/107 108/69/108 106/69/106 
f 106/69/106 109/70/109 105/68/105 
f 106/69/106 110/71/110 109/70/109 
f 108/69/108 110/71/110 106/69/106 
f 108/69/108 111/71/111 110/71/110 
f 103/66/103 105/68/105 112/68/112 
f 103/66/103 112/68/112 113/66/113 
f 102/65/102 103/66/103 113/66/113 
f 113/66/113 112/68/112 114/72/114 
f 113/66/113 114/72/114 115/73/115 
f 112/68/112 116/74/116 114/72/114 
f 112/68/112 117/70/117 116/74/116 
f 105/68/105 117/70/117 112/68/112 
f 105/68/105 109/70/109 117/70/117 
f 115/73/115 114/72/114 118/72/118 
f 115/73/115 118/72/118 119/73/119 
f 119/73/119 118/72/118 120/75/120 
f 119/73/119 120/75/120 121/76/121 
f 118/72/118 122/77/122 120/75/120 
f 118/72/118 123/74/123 122/77/122 
f 114/72/114 123/74/123 118/72/118 
f 114/72/114 116/74/116 123/74/123 
f 121/76/121 120/75/120 124/75/124 
f 121/76/121 124/75/124 125/76/125 
f 125/76/125 124/75/124 126/75/126 
f 125/76/125 126/75/126 127/76/127 
f 124/75/124 128/77/128 126/75/126 
f 124/75/124 129/77/129 128/77/128 
f 120/75/120 129/77/129 124/75/124 
f 120/75/120 122/77/122 129/77/129 
f 127/76/127 126/75/126 130/78/130 
f 127/76/127 130/78/130 131/79/131 
f 131/79/131 130/78/130 132/78/132 
f 131/79/131 132/78/132 133/79/133 
f 130/78/130 134/80/134 132/78/132 
f 130/78/130 135/81/135 134/80/134 
f 126/75/126 135/81/135 130/78/130 
f 126/75/126 128/77/128 135/81/135 
f 133/79/133 132/78/132 136/82/136 
f 133/79/133 136/82/136 137/83/137 
f 137/83/137 136/82/136 138/84/138 
f 137/83/137 138/84/138 139/85/139 
f 136/82/136 140/86/140 138/84/138 
f 136/82/136 141/80/141 140/86/140 
f 132/78/132 141/80/141 136/82/136 
f 132/78/132 134/80/134 141/80/141 
f 139/85/139 138/84/138 142/87/142 
f 139/85/139 142/87/142 143/88/143 
f 143/88/143 142/87/142 144/87/144 
f 143/88/143 144/87/144 145/88/145 
f 142/87/142 146/89/146 144/87/144 
f 142/87/142 147/89/147 146/89/146 
f 138/84/138 147/89/147 142/87/142 
f 138/84/138 140/86/140 147/89/147 
f 145/88/145 144/87/144 148/90/148 
f 145/88/145 148/90/148 149/91/149 
f 149/91/149 148/90/148 150/90/150 
f 149/91/149 150/90/150 151/91/151 
f 148/90/148 152/92/152 150/90/150 
f 148/90/148 153/92/153 152/92/152 
f 144/87/144 153/92/153 148/90/148 
f 144/87/144 146/89/146 153/92/153 
f 151/91/151 150/90/150 154/93/154 
f 151/91/151 154/93/154 155/94/155 
f 155/94/155 154/93/154 156/93/156 
f 155/94/155 156/93/156 157/94/157 
f 154/93/154 158/95/158 156/93/156 
f 154/93/154 159/95/159 158/95/158 
f 150/90/150 159/95/159 154/93/154 
f 150/90/150 152/92/152 159/95/159 
f 157/94/157 156/93/156 160/96/160 
f 157/94/157 160/96/160 161/97/161 
f 161/97/161 160/96/160 162/96/162 
f 161/97/161 162/96/162 163/97/163 
f 160/96/160 164/98/164 162/96/162 
f 160/96/160 165/98/165 164/98/164 
f 156/93/156 165/98/165 160/96/160 
f 156/93/156 158/95/158 165/98/165 
f 163/97/163 162/96/162 166/96/166 
f 163/97/163 166/96/166 167/97/167 
f 167/97/167 166/96/166 168/99/168 
f 167/97/167 168/99/168 169/100/169 
f 166/96/166 170/101/170 168/99/168 
f 166/96/166 171/98/171 170/101/170 
f 162/96/162 171/98/171 166/96/166 
f 162/96/162 164/98/164 171/98/171 
f 169/100/169 168/99/168 172/99/172 
f 169/100/169 172/99/172 173/102/173 
f 173/102/173 172/99/172 174/99/174 
f 173/102/173 174/99/174 175/100/175 
f 172/99/172 176/101/176 174/99/174 
f 172/99/172 177/101/177 176/101/176 
f 168/99/168 177/101/177 172/99/172 
f 168/99/168 170/101/170 177/101/177 
f 175/100/175 174/99/174 178/103/178 
f 175/100/175 178/103/178 179/104/179 
f 179/104/179 178/103/178 180/103/180 
f 179/104/179 180/103/180 181/104/181 
f 178/103/178 182/105/182 180/103/180 
f 178/103/178 183/105/183 182/105/182 
f 174/99/174 183/105/183 178/103/178 
f 174/99/174 176/101/176 183/105/183 
f 181/104/181 180/103/180 184/103/184 
f 181/104/181 184/103/184 185/104/185 
f 185/104/185 184/103/184 186/106/186 
f 185/104/185 186/106/186 187/107/187 
f 184/103/184 188/108/188 186/106/186 
f 184/103/184 189/105/189 188/108/188 
f 180/103/180 189/105/189 184/103/184 
f 180/103/180 182/105/182 189/105/189 
f 187/107/187 186/106/186 190/109/190 
f 187/107/187 190/109/190 191/110/191 
f 191/110/191 190/109/190 192/111/192 
f 191/110/191 192/111/192 193/112/193 
f 190/109/190 194/113/194 192/111/192 
f 190/109/190 195/114/195 194/113/194 
f 186/106/186 195/114/195 190/109/190 
f 186/106/186 188/108/188 195/114/195 
f 193/112/193 192/111/192 196/111/196 
f 193/112/193 196/111/196 197/112/197 
f 197/112/197 196/111/196 108/69/108 
f 197/112/197 108/69/108 107/67/107 
f 196/111/196 111/71/111 108/69/108 
f 196/111/196 198/113/198 111/71/111 
f 192/111/192 198/113/198 196/111/196 
f 192/111/192 194/113/194 198/113/198 
f 194/113/194 199/115/199 198/113/198 
f 194/113/194 200/115/200 199/115/199 
f 195/114/195 200/115/200 194/113/194 
f 198/113/198 201/116/201 111/71/111 
f 198/113/198 199/115/199 201/116/201 
f 111/71/111 201/116/201 202/116/202 
f 111/71/111 202/116/202 110/71/110 
f 110/71/110 202/116/202 203/117/203 
f 110/71/110 203/117/203 109/70/109 
f 202/116/202 204/118/204 203/117/203 
f 201/116/201 204/118/204 202/116/202 
f 199/115/199 204/118/204 201/116/201 
f 3/3/3 41/34/41 5/5/5 
f 3/3/3 36/31/36 41/34/41 
f 5/5/5 41/34/41 43/36/43 
f 5/5/5 43/36/43 6/6/6 
f 14/13/14 61/46/61 15/14/15 
f 14/13/14 59/44/59 61/46/61 
f 15/14/15 61/46/61 63/46/63 
f 15/14/15 63/46/63 16/15/16 
f 16/15/16 63/46/63 65/48/65 
f 16/15/16 65/48/65 17/16/17 
f 17/16/17 65/48/65 67/48/67 
f 17/16/17 67/48/67 18/17/18 
f 18/17/18 67/48/67 69/50/69 
f 18/17/18 69/50/69 19/18/19 
f 19/18/19 69/50/69 71/50/71 
f 19/18/19 71/50/71 20/19/20 
f 20/19/20 71/50/71 73/52/73 
f 20/19/20 73/52/73 21/20/21 
f 21/20/21 73/52/73 75/52/75 
f 21/20/21 75/52/75 22/21/22 
f 30/26/30 93/60/93 31/27/31 
f 30/26/30 91/60/91 93/60/93 
f 31/27/31 93/60/93 95/62/95 
f 31/27/31 95/62/95 32/28/32 
f 32/28/32 95/62/95 97/62/97 
f 32/28/32 97/62/97 33/29/33 
f 33/29/33 97/62/97 35/30/35 
f 33/29/33 35/30/35 4/4/4 
f 200/115/200 204/118/204 199/115/199 
f 205/119/205 204/118/204 200/115/200 
f 195/114/195 205/119/205 200/115/200 
f 188/108/188 205/119/205 195/114/195 
f 188/108/188 206/120/206 205/119/205 
f 206/120/206 204/118/204 205/119/205 
f 189/105/189 206/120/206 188/108/188 
f 189/105/189 207/121/207 206/120/206 
f 207/121/207 204/118/204 206/120/206 
f 182/105/182 207/121/207 189/105/189 
f 182/105/182 208/121/208 207/121/207 
f 208/121/208 204/118/204 207/121/207 
f 183/105/183 208/121/208 182/105/182 
f 183/105/183 209/121/209 208/121/208 
f 209/121/209 204/118/204 208/121/208 
f 176/101/176 209/121/209 183/105/183 
f 176/101/176 210/122/210 209/121/209 
f 210/122/210 204/118/204 209/121/209 
f 177/101/177 210/122/210 176/101/176 
f 177/101/177 211/122/211 210/122/210 
f 211/122/211 204/118/204 210/122/210 
f 170/101/170 211/122/211 177/101/177 
f 170/101/170 212/122/212 211/122/211 
f 212/122/212 204/118/204 211/122/211 
f 171/98/171 212/122/212 170/101/170 
f 171/98/171 213/123/213 212/122/212 
f 213/123/213 204/118/204 212/122/212 
f 164/98/164 213/123/213 171/98/171 
f 164/98/164 214/123/214 213/123/213 
f 214/123/214 204/118/204 213/123/213 
f 165/98/165 214/123/214 164/98/164 
f 165/98/165 215/123/215 214/123/214 
f 215/123/215 204/118/204 214/123/214 
f 158/95/158 215/123/215 165/98/165 
f 158/95/158 216/124/216 215/123/215 
f 216/124/216 204/118/204 215/123/215 
f 159/95/159 216/124/216 158/95/158 
f 159/95/159 217/124/217 216/124/216 
f 217/124/217 204/118/204 216/124/216 
f 152/92/152 217/124/217 159/95/159 
f 152/92/152 218/125/218 217/124/217 
f 218/125/218 204/118/204 217/124/217 
f 153/92/153 218/125/218 152/92/152 
f 153/92/153 219/125/219 218/125/218 
f 219/125/219 204/118/204 218/125/218 
f 146/89/146 219/125/219 153/92/153 
f 146/89/146 220/126/220 219/125/219 
f 220/126/220 204/118/204 219/125/219 
f 147/89/147 220/126/220 146/89/146 
f 147/89/147 221/126/221 220/126/220 
f 221/126/221 204/118/204 220/126/220 
f 140/86/140 221/126/221 147/89/147 
f 140/86/140 222/127/222 221/126/221 
f 222/127/222 204/118/204 221/126/221 
f 141/80/141 222/127/222 140/86/140 
f 141/80/141 223/128/223 222/127/222 
f 223/128/223 204/118/204 222/127/222 
f 134/80/134 223/128/223 141/80/141 
f 134/80/134 224/128/224 223/128/223 
f 224/128/224 204/118/204 223/128/223 
f 135/81/135 224/128/224 134/80/134 
f 135/81/135 225/129/225 224/128/224 
f 225/129/225 204/118/204 224/128/224 
f 128/77/128 225/129/225 135/81/135 
f 128/77/128 226/130/226 225/129/225 
f 226/130/226 204/118/204 225/129/225 
f 129/77/129 226/130/226 128/77/128 
f 129/77/129 227/130/227 226/130/226 
f 227/130/227 204/118/204 226/130/226 
f 122/77/122 227/130/227 129/77/129 
f 122/77/122 228/130/228 227/130/227 
f 228/130/228 204/118/204 227/130/227 
f 123/74/123 228/130/228 122/77/122 
f 123/74/123 229/131/229 228/130/228 
f 229/131/229 204/118/204 228/130/228 
f 116/74/116 229/131/229 123/74/123 
f 116/74/116 230/117/230 229/131/229 
f 230/117/230 204/118/204 229/131/229 
f 117/70/117 230/117/230 116/74/116 
f 117/70/117 231/117/231 230/117/230 
f 231/117/231 204/118/204 230/117/230 
f 109/70/109 231/117/231 117/70/117 
f 109/70/109 203/117/203 231/117/231 
f 203/117/203 204/118/204 231/117/231 
f 98/63/98 197/112/197 107/67/107 
f 99/63/99 197/112/197 98/63/98 
f 99/63/99 193/112/193 197/112/197 
f 232/132/232 193/112/193 99/63/99 
f 92/59/92 232/132/232 99/63/99 
f 90/59/90 232/132/232 92/59/92 
f 90/59/90 233/133/233 232/132/232 
f 232/132/232 191/110/191 193/112/193 
f 233/133/233 191/110/191 232/132/232 
f 233/133/233 187/107/187 191/110/191 
f 88/56/88 233/133/233 90/59/90 
f 88/56/88 234/134/234 233/133/233 
f 234/134/234 187/107/187 233/133/233 
f 86/56/86 234/134/234 88/56/88 
f 86/56/86 235/134/235 234/134/234 
f 234/134/234 185/104/185 187/107/187 
f 235/134/235 185/104/185 234/134/234 
f 235/134/235 181/104/181 185/104/185 
f 84/56/84 235/134/235 86/56/86 
f 84/56/84 236/134/236 235/134/235 
f 236/134/236 181/104/181 235/134/235 
f 82/54/82 236/134/236 84/56/84 
f 82/54/82 237/135/237 236/134/236 
f 236/134/236 179/104/179 181/104/181 
f 237/135/237 179/104/179 236/134/236 
f 237/135/237 175/100/175 179/104/179 
f 80/54/80 237/135/237 82/54/82 
f 80/54/80 238/135/238 237/135/237 
f 238/135/238 175/100/175 237/135/237 
f 78/54/78 238/135/238 80/54/80 
f 78/54/78 239/135/239 238/135/238 
f 238/135/238 173/102/173 175/100/175 
f 239/135/239 173/102/173 238/135/238 
f 239/135/239 169/100/169 173/102/173 
f 76/51/76 239/135/239 78/54/78 
f 76/51/76 240/136/240 239/135/239 
f 240/136/240 169/100/169 239/135/239 
f 74/51/74 240/136/240 76/51/76 
f 74/51/74 241/136/241 240/136/240 
f 240/136/240 167/97/167 169/100/169 
f 241/136/241 167/97/167 240/136/240 
f 241/136/241 163/97/163 167/97/167 
f 72/51/72 241/136/241 74/51/74 
f 72/51/72 242/136/242 241/136/241 
f 242/136/242 163/97/163 241/136/241 
f 70/49/70 242/136/242 72/51/72 
f 70/49/70 243/137/243 242/136/242 
f 242/136/242 161/97/161 163/97/163 
f 243/137/243 161/97/161 242/136/242 
f 243/137/243 157/94/157 161/97/161 
f 68/49/68 243/137/243 70/49/70 
f 68/49/68 244/137/244 243/137/243 
f 244/137/244 157/94/157 243/137/243 
f 66/47/66 244/137/244 68/49/68 
f 66/47/66 245/138/245 244/137/244 
f 244/137/244 155/94/155 157/94/157 
f 245/138/245 155/94/155 244/137/244 
f 245/138/245 151/91/151 155/94/155 
f 64/47/64 245/138/245 66/47/66 
f 64/47/64 246/138/246 245/138/245 
f 246/138/246 151/91/151 245/138/245 
f 62/45/62 246/138/246 64/47/64 
f 62/45/62 247/139/247 246/138/246 
f 246/138/246 149/91/149 151/91/151 
f 247/139/247 149/91/149 246/138/246 
f 247/139/247 145/88/145 149/91/149 
f 60/45/60 247/139/247 62/45/62 
f 60/45/60 248/139/248 247/139/247 
f 248/139/248 145/88/145 247/139/247 
f 58/43/58 248/139/248 60/45/60 
f 58/43/58 249/140/249 248/139/248 
f 248/139/248 143/88/143 145/88/145 
f 249/140/249 143/88/143 248/139/248 
f 249/140/249 139/85/139 143/88/143 
f 56/41/56 249/140/249 58/43/58 
f 56/41/56 250/141/250 249/140/249 
f 250/141/250 139/85/139 249/140/249 
f 54/39/54 250/141/250 56/41/56 
f 54/39/54 251/142/251 250/141/250 
f 250/141/250 137/83/137 139/85/139 
f 251/142/251 137/83/137 250/141/250 
f 251/142/251 133/79/133 137/83/137 
f 52/39/52 251/142/251 54/39/54 
f 52/39/52 252/142/252 251/142/251 
f 252/142/252 133/79/133 251/142/251 
f 50/37/50 252/142/252 52/39/52 
f 50/37/50 253/143/253 252/142/252 
f 252/142/252 131/79/131 133/79/133 
f 253/143/253 131/79/131 252/142/252 
f 253/143/253 127/76/127 131/79/131 
f 48/37/48 253/143/253 50/37/50 
f 48/37/48 254/143/254 253/143/253 
f 254/143/254 127/76/127 253/143/253 
f 46/37/46 254/143/254 48/37/48 
f 46/37/46 255/143/255 254/143/254 
f 254/143/254 125/76/125 127/76/127 
f 255/143/255 125/76/125 254/143/254 
f 255/143/255 121/76/121 125/76/125 
f 44/35/44 255/143/255 46/37/46 
f 44/35/44 256/144/256 255/143/255 
f 256/144/256 121/76/121 255/143/255 
f 42/35/42 256/144/256 44/35/44 
f 42/35/42 257/144/257 256/144/256 
f 256/144/256 119/73/119 121/76/121 
f 257/144/257 119/73/119 256/144/256 
f 257/144/257 115/73/115 119/73/119 
f 40/33/40 257/144/257 42/35/42 
f 40/33/40 258/65/258 257/144/257 
f 258/65/258 115/73/115 257/144/257 
f 38/33/38 258/65/258 40/33/40 
f 38/33/38 102/65/102 258/65/258 
f 258/65/258 113/66/113 115/73/115 
f 102/65/102 113/66/113 258/65/258 
s 14
f 259/145/259 260/145/259 261/146/260 
s 15
f 261/146/260 262/146/261 259/145/259 
s 16
f 263/147/262 264/148/263 260/145/264 
s 17
f 260/145/264 259/145/265 263/147/262 
s 18
f 262/146/261 261/146/260 265/149/266 
s 19
f 265/149/266 266/149/266 262/146/261 
s 20
f 260/145/264 264/148/263 261/146/267 
s 21
f 265/149/268 261/146/267 264/148/263 
s 22
f 267/150/269 268/150/270 269/151/271 
s 23
f 270/152/272 268/150/272 267/150/272 
s 24
f 267/150/272 271/152/272 270/152/272 
s 25
f 272/153/273 269/151/273 268/150/270 
s 26
f 268/150/270 270/152/273 272/153/273 
s 27
f 271/152/274 267/150/269 269/151/274 
s 28
f 269/151/274 272/153/274 271/152/274 
s 29
f 273/154/275 274/155/276 275/156/277 
s 30
f 276/157/278 273/154/279 275/156/277 
s 31
f 277/158/280 275/159/281 274/160/282 
s 32
f 278/161/283 276/162/283 275/159/283 
s 33
f 276/162/284 278/161/285 279/163/284 
s 34
f 279/163/284 273/164/286 276/162/284 
s 35
f 280/155/287 279/154/288 277/165/289 
s 36
f 278/157/290 277/165/290 279/154/288 
s 37
f 281/166/291 282/167/292 283/168/293 
s 38
f 279/169/294 283/168/293 282/167/292 
s 39
f 284/170/295 285/171/295 281/166/295 
s 40
f 282/167/292 281/166/295 285/171/295 
s 41
f 286/168/296 273/169/296 284/166/296 
s 42
f 285/167/297 284/166/298 273/169/298 
s 43
f 287/172/299 280/173/299 274/160/299 
s 44
f 274/160/299 288/174/299 287/172/299 
s 45
f 289/175/300 286/176/300 283/177/300 
s 46
f 283/178/301 290/179/302 291/180/303 
s 47
f 292/181/304 291/180/303 290/179/302 
s 48
f 263/147/262 259/145/265 262/146/305 
s 49
f 290/179/302 283/178/301 293/182/306 
s 50
f 262/146/305 266/149/307 263/147/262 
s 51
f 294/183/308 293/182/306 283/178/301 
s 52
f 295/184/309 294/183/308 296/185/310 
s 53
f 297/186/311 293/182/306 294/183/308 
s 54
f 286/178/312 298/182/313 299/183/314 
s 55
f 298/182/313 286/178/315 300/179/316 
s 56
f 300/179/316 286/178/315 289/180/317 
s 57
f 289/180/317 301/181/318 300/179/316 
s 58
f 302/187/319 303/188/320 297/189/321 
s 59
f 303/186/322 302/184/323 299/183/314 
s 60
f 299/183/314 298/182/313 303/186/322 
s 61
f 304/190/324 290/191/325 305/192/326 
s 62
f 293/193/327 305/192/327 290/191/325 
s 63
f 304/190/324 292/194/328 290/191/325 
s 64
f 306/195/329 305/192/326 297/196/330 
s 65
f 293/193/331 297/196/330 305/192/326 
s 66
f 307/197/332 306/195/329 297/196/330 
s 67
f 308/190/333 300/191/334 301/194/335 
s 68
f 300/191/334 308/190/333 309/192/336 
s 69
f 309/192/337 298/193/338 300/191/334 
s 70
f 310/195/339 303/196/340 309/192/336 
s 71
f 298/193/338 309/192/337 303/196/340 
s 72
f 303/196/340 310/195/339 307/197/332 
s 73
f 307/198/341 297/189/321 303/188/320 
s 74
f 304/199/272 305/200/272 308/201/272 
s 75
f 305/200/272 310/202/272 309/203/272 
s 76
f 309/203/272 308/201/272 305/200/272 
s 77
f 310/202/272 305/200/272 306/204/272 
s 78
f 306/204/272 307/205/272 310/202/272 
s 79
f 291/206/300 289/175/300 283/177/300 
s 80
f 292/181/304 289/207/342 291/180/342 
s 81
f 289/207/342 292/181/304 301/208/342 
s 82
f 304/209/343 301/210/343 292/211/343 
s 83
f 301/210/343 304/209/343 308/212/343 
s 84
f 287/213/344 296/185/310 294/183/308 
s 85
f 294/183/308 280/155/345 287/213/344 
s 86
f 311/185/346 288/213/347 274/155/347 
s 87
f 274/155/347 299/183/314 311/185/346 
s 88
f 312/214/348 313/215/349 314/216/350 
s 89
f 315/217/351 316/216/352 313/215/351 
s 90
f 315/217/353 317/218/354 316/216/354 
s 91
f 317/218/354 318/219/355 316/216/352 
s 92
f 317/218/319 319/218/319 318/219/355 
s 93
f 319/218/356 320/219/357 318/219/319 
s 94
f 319/218/356 321/217/358 320/219/357 
s 95
f 321/217/358 314/216/350 320/219/357 
s 96
f 312/220/272 321/221/272 317/222/272 
s 97
f 315/223/272 312/220/272 317/222/272 
s 98
f 321/221/272 319/224/272 317/222/272 
s 99
f 322/225/359 323/226/349 324/227/360 
s 100
f 323/226/361 325/228/362 324/227/363 
s 101
f 323/226/361 326/225/364 325/228/362 
s 102
f 326/225/364 327/227/365 325/228/351 
s 103
f 326/225/364 328/229/366 327/227/365 
s 104
f 328/229/366 329/230/367 327/227/368 
s 105
f 313/215/299 320/219/299 314/216/299 
s 106
f 328/229/366 330/229/369 329/230/319 
s 107
f 327/227/299 329/230/299 331/230/299 
s 108
f 330/229/369 331/230/319 329/230/367 
s 109
f 330/229/369 322/225/359 331/230/370 
s 110
f 322/225/359 324/227/360 331/230/370 
s 111
f 323/231/272 322/232/272 328/233/272 
s 112
f 326/234/272 323/231/272 328/233/272 
s 113
f 322/232/272 330/235/272 328/233/272 
s 114
f 279/154/288 294/183/308 283/178/301 
s 115
f 299/183/314 273/154/275 286/178/315 
s 116
f 299/183/314 274/155/276 273/154/279 
s 117
f 280/155/287 294/183/308 279/154/288 
s 118
f 332/236/371 333/237/372 334/238/371 
s 119
f 333/237/372 335/239/373 334/238/371 
s 120
f 333/237/372 336/236/374 335/239/374 
s 121
f 336/236/374 337/238/375 335/239/374 
s 122
f 336/236/376 338/237/376 337/238/376 
s 123
f 338/237/376 339/239/377 337/238/376 
s 124
f 338/237/378 340/236/379 339/239/377 
s 125
f 321/217/363 312/214/363 314/216/363 
s 126
f 312/214/348 315/217/353 313/215/351 
s 127
f 332/236/371 334/238/371 341/238/380 
s 128
f 333/240/381 332/241/381 338/242/381 
s 129
f 336/243/381 333/240/381 338/242/381 
s 130
f 332/241/381 340/244/381 338/242/381 
s 131
f 299/183/314 302/184/323 311/185/346 
s 132
f 294/183/308 295/184/309 297/186/311 
s 133
f 297/189/321 295/245/319 302/187/319 
s 134
f 279/169/294 282/167/292 285/167/297 
s 135
f 285/167/297 273/169/299 279/169/294 
s 136
f 283/168/293 286/168/272 284/166/272 
s 137
f 284/166/272 281/166/272 283/168/293 
s 138
f 295/246/382 296/247/383 311/248/384 
s 139
f 311/248/384 302/249/385 295/246/382 
s 140
f 287/250/319 288/251/319 311/248/384 
s 141
f 287/250/319 311/248/384 296/247/383 
s 142
f 316/216/299 318/219/299 320/219/299 
s 143
f 313/215/299 316/216/299 320/219/299 
s 144
f 274/160/282 280/173/386 277/158/387 
s 145
f 275/159/281 277/158/387 278/161/388 
s 146
f 325/228/299 327/227/299 331/230/299 
s 147
f 325/228/299 331/230/299 324/227/299 
s 148
f 337/238/375 339/239/377 341/238/389 
s 149
f 335/239/390 337/238/390 341/238/389 
s 150
f 335/239/390 341/238/390 334/238/390 
s 151
f 342/252/391 343/253/392 344/254/393 
s 152
f 344/254/393 345/255/393 342/252/391 
s 153
f 346/252/394 347/255/394 348/254/394 
s 154
f 348/254/394 349/253/394 346/252/394 
s 155
f 347/256/319 345/257/319 344/258/319 
s 156
f 344/258/395 348/259/396 347/256/319 
s 157
f 346/252/397 342/252/391 345/255/398 
s 158
f 345/255/398 347/255/398 346/252/397 
s 159
f 349/253/295 343/253/392 342/252/391 
s 160
f 342/252/391 346/252/397 349/253/295 
s 161
f 348/259/396 344/258/395 343/260/399 
s 162
f 343/260/399 349/261/400 348/259/396 
s 163
f 340/236/379 341/238/389 339/239/377 
s 164
f 340/236/379 332/236/371 341/238/380 
s 1
f 350/262/401 351/263/401 352/264/402 
s 2
f 353/265/403 354/266/403 355/267/403 
s 3
f 354/266/403 353/265/403 356/268/403 
s 4
f 355/269/404 357/270/405 358/271/406 
s 5
f 357/270/405 355/269/404 354/272/407 
s 6
f 358/271/408 359/273/409 360/274/410 
s 7
f 359/273/409 358/271/408 357/270/408 
s 8
f 361/275/411 362/276/411 363/277/411 
s 9
f 363/275/412 362/276/412 364/277/412 
s 10
f 364/275/413 362/276/413 361/277/413 
s 13
f 365/278/414 366/279/415 367/280/416 
s 14
f 366/279/415 365/278/414 368/281/417 
s 15
f 369/274/418 367/282/419 370/283/419 
s 16
f 367/282/420 369/274/420 365/273/420 
s 17
f 370/265/421 366/266/421 371/267/421 
s 18
f 366/266/421 370/265/421 367/268/421 
s 19
f 371/269/422 368/270/423 372/271/424 
s 20
f 368/270/423 371/269/422 366/272/425 
s 21
f 373/282/426 374/274/426 375/273/427 
s 22
f 376/265/428 377/266/429 378/267/430 
s 23
f 377/266/429 376/265/428 373/268/431 
s 24
f 379/270/432 378/269/432 377/272/432 
s 25
f 380/271/433 375/273/427 374/274/434 
s 26
f 375/273/427 380/271/433 379/270/435 
s 27
f 381/275/436 382/276/436 383/277/436 
s 28
f 383/275/437 382/276/437 384/277/437 
s 29
f 384/275/438 382/276/438 381/277/438 
s 30
f 385/275/439 386/276/439 387/277/439 
s 31
f 387/275/440 386/276/440 388/277/440 
s 32
f 388/275/441 386/276/441 385/277/441 
s 33
f 360/284/442 355/285/443 358/286/444 
s 34
f 355/285/443 360/284/442 353/287/445 
s 35
f 359/278/446 354/279/447 356/280/448 
s 36
f 354/279/447 359/278/446 357/281/449 
s 37
f 360/274/410 356/282/450 353/283/451 
s 38
f 356/282/450 360/274/410 359/273/409 
s 39
f 372/271/452 365/273/452 369/274/418 
s 40
f 365/273/452 372/271/452 368/270/452 
s 41
f 389/275/453 390/276/453 391/277/453 
s 47
f 392/288/454 352/264/402 351/263/401 
s 48
f 393/289/455 394/290/456 350/262/457 
s 49
f 351/263/457 350/262/457 394/290/456 
s 50
f 350/262/458 352/264/402 393/289/455 
s 51
f 351/263/459 394/290/456 392/288/454 
s 52
f 395/275/460 396/276/460 397/277/460 
s 53
f 397/275/461 396/276/461 398/277/461 
s 55
f 399/275/462 400/276/462 401/277/462 
s 56
f 401/275/463 400/276/463 402/277/463 
s 57
f 403/262/464 404/263/465 405/264/466 
s 58
f 406/288/467 405/264/466 404/263/465 
s 59
f 407/289/468 408/290/469 403/262/470 
s 60
f 404/263/471 403/262/470 408/290/469 
s 61
f 403/262/472 405/264/466 407/289/468 
s 62
f 404/263/473 408/290/469 406/288/467 
s 63
f 409/262/474 410/263/474 411/264/475 
s 64
f 412/288/476 411/264/475 410/263/474 
s 65
f 413/289/477 414/290/478 409/262/479 
s 66
f 410/263/479 409/262/479 414/290/478 
s 67
f 409/262/480 411/264/475 413/289/477 
s 68
f 410/263/481 414/290/478 412/288/476 
s 69
f 374/284/482 378/285/483 380/286/482 
s 70
f 378/269/484 379/270/435 380/271/484 
s 71
f 378/285/483 374/284/485 376/287/485 
s 72
f 375/278/486 377/279/487 373/280/488 
s 73
f 377/279/487 375/278/486 379/281/489 
s 74
f 374/274/490 373/282/490 376/283/490 
s 75
f 415/284/491 416/285/491 417/286/491 
s 76
f 416/285/492 415/284/492 418/287/492 
s 77
f 419/278/493 420/279/494 421/280/495 
s 78
f 420/279/494 419/278/493 422/281/496 
s 79
f 415/291/497 421/292/498 418/293/498 
s 80
f 421/292/499 415/291/497 419/294/500 
s 81
f 418/265/501 420/266/502 416/267/503 
s 82
f 420/266/502 418/265/501 421/268/504 
s 83
f 416/295/505 422/296/506 417/297/507 
s 84
f 422/296/506 416/295/508 420/298/508 
s 85
f 417/297/507 419/294/500 415/291/509 
s 86
f 419/294/500 417/297/507 422/296/506 
s 87
f 423/275/510 424/276/510 425/277/510 
s 88
f 425/275/511 424/276/511 426/277/511 
s 89
f 426/275/512 424/276/512 423/277/512 
s 90
f 427/275/513 428/276/513 429/277/513 
s 91
f 429/275/514 428/276/514 430/277/514 
s 92
f 430/275/515 428/276/515 427/277/515 
s 93
f 402/275/516 400/276/516 399/277/516 
s 1
f 431/299/517 432/300/518 433/301/519 
s 2
f 434/302/520 435/303/521 436/304/522 
s 3
f 436/304/522 437/305/523 434/302/520 
s 4
f 436/304/522 435/303/521 438/306/524 
s 5
f 438/306/524 431/299/517 436/304/522 
s 6
f 434/302/520 439/307/525 440/308/526 
s 7
f 440/308/526 435/303/521 434/302/520 
s 8
f 435/303/521 440/308/527 441/309/528 
s 9
f 441/309/528 438/306/524 435/303/521 
s 10
f 442/310/529 443/311/530 444/312/531 
s 11
f 445/313/532 446/314/533 447/315/534 
s 12
f 448/316/535 443/311/530 449/317/536 
s 13
f 450/318/537 444/312/531 448/316/535 
s 14
f 446/314/533 450/318/537 448/316/535 
s 15
f 450/318/537 451/319/538 444/312/531 
s 16
f 451/319/539 452/320/539 442/310/529 
s 17
f 453/321/540 454/322/541 452/323/542 
s 18
f 455/324/543 456/325/544 457/326/545 
s 19
f 458/327/546 459/328/547 456/325/544 
s 20
f 458/327/546 456/325/544 455/324/543 
s 21
f 460/329/548 461/330/549 459/328/547 
s 22
f 461/330/549 454/322/541 459/328/547 
s 23
f 448/316/535 447/315/534 446/314/533 
s 24
f 448/316/535 449/317/536 447/315/534 
s 25
f 458/327/546 462/331/550 460/329/548 
s 26
f 455/324/543 463/332/551 458/327/546 
s 27
f 458/327/546 463/332/551 462/331/550 
s 28
f 464/333/552 465/334/553 466/335/554 
s 29
f 448/316/535 444/312/531 443/311/530 
s 30
f 444/312/531 451/319/555 442/310/529 
s 31
f 451/336/556 453/321/540 452/323/542 
s 32
f 458/327/557 460/329/557 459/328/547 
s 33
f 459/328/547 454/322/541 453/321/540 
s 34
f 439/307/525 467/337/558 468/338/559 
s 35
f 468/338/559 440/308/526 439/307/525 
s 36
f 469/339/560 470/340/561 471/341/562 
s 37
f 440/308/526 468/338/559 472/342/563 
s 38
f 472/342/563 441/309/528 440/308/526 
s 39
f 467/337/558 473/343/564 474/344/565 
s 40
f 474/344/565 468/338/559 467/337/558 
s 41
f 468/338/559 474/344/565 475/345/566 
s 42
f 475/345/566 472/342/563 468/338/559 
s 43
f 476/346/567 477/347/568 474/348/569 
s 44
f 474/348/569 473/349/570 476/346/570 
s 45
f 474/348/569 477/347/571 478/350/572 
s 46
f 478/350/572 475/351/573 474/348/569 
s 47
f 477/347/574 479/352/575 480/353/576 
s 48
f 480/353/576 478/350/572 477/347/574 
s 49
f 476/346/567 481/354/577 479/352/578 
s 50
f 479/352/578 477/347/568 476/346/567 
s 51
f 481/354/577 482/355/579 433/301/519 
s 52
f 433/301/519 479/352/578 481/354/577 
s 53
f 457/326/545 445/313/532 463/332/551 
s 54
f 432/300/518 480/353/576 479/352/575 
s 55
f 482/355/579 437/305/580 436/304/522 
s 56
f 436/304/522 433/301/519 482/355/579 
s 57
f 433/301/519 436/304/522 431/299/517 
s 58
f 480/353/576 483/356/581 484/357/582 
s 59
f 457/326/545 456/325/544 485/358/583 
s 60
f 483/356/581 485/358/583 456/325/544 
s 61
f 486/359/584 445/313/532 487/360/585 
s 62
f 487/360/585 445/313/532 457/326/545 
s 63
f 488/361/586 489/362/587 443/363/588 
s 64
f 490/364/589 488/361/589 442/365/589 
s 65
f 491/366/590 490/367/591 452/368/591 
s 66
f 460/369/592 492/370/593 493/371/594 
s 67
f 454/372/595 493/371/594 491/366/590 
s 68
f 494/373/596 495/374/597 496/375/598 
s 69
f 496/375/598 469/339/560 494/373/596 
s 70
f 471/341/562 494/373/596 469/339/560 
s 71
f 497/376/599 498/377/600 495/374/597 
s 72
f 495/374/597 494/373/596 497/376/599 
s 73
f 499/378/601 497/376/599 494/373/596 
s 74
f 494/373/596 471/341/562 499/378/601 
s 75
f 500/379/602 498/380/602 497/381/603 
s 76
f 497/381/603 501/382/604 500/379/605 
s 77
f 502/383/606 501/382/607 497/381/603 
s 78
f 497/381/603 499/384/608 502/383/606 
s 79
f 503/385/609 504/386/610 501/382/611 
s 80
f 501/382/611 502/383/606 503/385/609 
s 81
f 504/386/612 505/387/613 500/379/605 
s 82
f 500/379/605 501/382/604 504/386/612 
s 83
f 506/388/614 507/389/615 505/387/613 
s 84
f 505/387/613 504/386/612 506/388/614 
s 85
f 457/326/545 463/332/551 455/324/543 
s 86
f 445/313/532 447/315/534 463/332/551 
s 87
f 485/358/583 487/360/585 457/326/545 
s 88
f 453/321/540 451/336/616 508/390/617 
s 89
f 509/391/618 472/342/563 475/345/566 
s 90
f 508/390/617 475/351/573 453/321/540 
s 91
f 478/350/572 453/321/540 475/351/573 
s 92
f 510/392/619 438/306/524 441/309/528 
s 93
f 438/306/524 510/392/619 486/359/584 
s 94
f 510/392/619 441/309/528 472/342/563 
s 95
f 472/342/563 509/391/618 510/392/619 
s 96
f 475/345/566 508/393/620 509/391/618 
s 97
f 484/357/582 478/350/572 480/353/576 
s 98
f 483/356/581 480/353/576 432/300/518 
s 99
f 483/356/581 459/328/547 484/357/582 
s 100
f 485/358/583 432/300/518 431/299/517 
s 101
f 432/300/518 485/358/583 483/356/581 
s 102
f 487/360/585 438/306/524 486/359/584 
s 103
f 438/306/524 487/360/585 431/299/517 
s 104
f 446/314/533 486/359/584 510/392/619 
s 105
f 486/359/584 446/314/533 445/313/532 
s 106
f 511/394/621 512/395/622 513/396/621 
s 107
f 450/318/537 510/392/619 509/391/618 
s 108
f 510/392/619 450/318/537 446/314/533 
s 109
f 451/319/538 509/391/618 508/393/620 
s 110
f 509/391/618 451/319/623 450/318/537 
s 111
f 459/328/547 453/321/540 484/357/582 
s 112
f 478/350/572 484/357/582 453/321/540 
s 113
f 456/325/544 459/328/547 483/356/581 
s 114
f 514/397/624 515/398/625 516/399/625 
s 115
f 516/399/626 517/400/627 514/397/624 
s 116
f 517/400/627 518/401/628 519/402/629 
s 117
f 519/402/629 514/397/624 517/400/627 
s 118
f 520/403/630 521/404/631 522/405/632 
s 119
f 523/406/633 521/404/631 520/403/630 
s 120
f 523/407/634 524/408/635 521/409/636 
s 121
f 521/409/636 524/408/635 525/410/637 
s 122
f 520/403/630 526/411/638 523/406/633 
s 123
f 527/412/639 526/411/638 528/413/640 
s 124
f 431/299/517 487/360/585 485/358/583 
s 125
f 523/406/633 526/411/638 524/414/641 
s 126
f 527/412/639 529/415/642 526/411/638 
s 127
f 524/408/635 512/416/643 525/410/637 
s 128
f 512/416/643 524/408/644 529/417/645 
s 129
f 512/395/622 511/394/621 521/418/622 
s 130
f 521/418/622 525/419/646 512/395/622 
s 131
f 522/420/621 521/418/622 511/394/621 
s 132
f 511/421/647 528/422/648 520/403/649 
s 133
f 520/403/649 522/423/650 511/421/647 
s 134
f 520/403/630 528/413/640 526/411/638 
s 135
f 528/424/651 518/401/628 530/425/652 
s 136
f 527/426/653 531/427/654 529/428/653 
s 137
f 532/429/655 533/430/656 529/428/657 
s 138
f 529/415/642 524/414/641 526/411/638 
s 139
f 533/431/658 513/432/659 512/416/643 
s 140
f 512/416/643 529/417/645 533/431/658 
s 141
f 513/396/621 534/433/621 511/394/621 
s 142
f 535/434/660 536/435/660 537/436/660 
s 143
f 538/437/661 539/438/661 540/439/661 
s 144
f 540/439/662 539/438/662 541/440/662 
s 145
f 540/439/663 542/441/663 538/442/663 
s 146
f 531/427/654 532/429/655 529/428/664 
s 147
f 530/425/652 527/443/665 528/424/651 
s 148
f 495/444/666 532/429/655 531/427/654 
s 149
f 527/443/667 530/425/652 543/445/668 
s 150
f 543/445/668 496/446/669 527/443/667 
s 151
f 500/447/670 505/448/671 544/449/672 
s 152
f 545/450/673 544/449/672 505/448/671 
s 153
f 505/448/671 507/451/674 545/450/675 
s 154
f 546/452/676 545/450/675 507/451/674 
s 155
f 530/425/652 518/401/628 543/445/668 
s 156
f 531/427/654 527/426/677 496/453/678 
s 157
f 496/453/678 495/444/666 531/427/654 
s 158
f 546/454/679 543/445/668 518/401/628 
s 159
f 547/455/680 548/456/681 549/457/682 
s 160
f 532/429/655 498/458/683 500/459/684 
s 161
f 544/460/685 516/461/685 550/462/686 
s 162
f 550/462/686 500/459/684 544/460/687 
s 163
f 544/463/688 545/464/688 517/400/627 
s 164
f 517/400/627 516/399/626 544/463/689 
s 165
f 546/454/679 518/401/628 517/400/627 
s 166
f 517/400/627 545/464/690 546/454/679 
s 167
f 532/429/655 495/444/666 498/458/683 
s 168
f 532/429/655 550/462/686 551/465/691 
s 169
f 551/465/691 533/430/656 532/429/655 
s 170
f 516/461/692 515/466/693 551/465/691 
s 171
f 551/465/691 550/462/686 516/461/692 
s 172
f 552/467/694 553/468/695 554/469/696 
s 173
f 555/470/697 556/471/698 557/472/699 
s 174
f 556/471/698 555/470/697 558/473/700 
s 175
f 557/472/701 556/471/701 559/474/701 
s 176
f 536/435/702 560/475/703 537/436/703 
s 177
f 514/476/704 561/477/705 515/478/706 
s 178
f 562/479/707 535/434/708 563/480/709 
s 179
f 564/481/710 562/479/707 563/480/709 
s 180
f 553/468/695 564/481/711 565/482/712 
s 181
f 554/469/713 553/468/714 565/482/712 
s 182
f 565/482/712 566/483/715 554/469/713 
s 183
f 567/484/716 554/469/716 566/483/715 
s 184
f 566/483/715 568/485/717 567/484/718 
s 185
f 569/486/719 567/484/718 568/487/720 
s 186
f 568/487/720 570/488/721 569/486/719 
s 187
f 552/467/694 569/486/719 570/489/722 
s 188
f 570/489/722 571/490/723 552/467/694 
s 189
f 572/491/724 552/467/694 571/490/723 
s 190
f 571/490/723 573/492/725 572/491/726 
s 191
f 574/493/727 572/491/726 573/494/728 
s 192
f 573/494/728 575/495/729 574/493/727 
s 193
f 576/496/730 574/493/727 575/497/731 
s 194
f 575/497/732 577/498/733 576/496/732 
s 195
f 500/459/684 550/462/686 532/429/655 
s 196
f 578/499/734 576/496/730 577/498/733 
s 197
f 577/498/733 464/500/735 578/499/734 
s 198
f 558/473/700 555/470/736 466/335/554 
s 199
f 466/335/554 465/501/737 558/473/700 
s 200
f 466/335/554 578/499/734 464/333/552 
s 201
f 528/424/651 519/402/629 518/401/628 
s 202
f 511/421/647 519/502/738 528/422/648 
s 203
f 519/502/738 511/421/647 534/503/739 
s 204
f 533/431/658 579/504/740 513/432/659 
s 205
f 579/505/621 580/506/741 561/507/622 
s 206
f 561/507/622 513/396/621 579/505/621 
s 207
f 513/396/621 561/507/622 534/433/621 
s 208
f 519/502/738 534/503/739 561/477/705 
s 209
f 533/431/658 551/508/742 579/504/740 
s 210
f 579/504/743 515/509/744 580/510/743 
s 211
f 515/509/744 579/504/740 551/508/742 
s 212
f 580/511/745 515/478/706 561/477/705 
s 213
f 493/371/594 581/512/746 582/513/747 
s 214
f 519/502/738 561/477/705 514/476/704 
s 215
f 559/474/748 560/475/748 557/472/699 
s 216
f 552/467/694 554/469/696 567/484/749 
s 217
f 567/484/749 569/486/719 552/467/694 
s 218
f 576/496/750 552/467/694 572/491/726 
s 219
f 572/491/751 574/493/727 576/496/750 
s 220
f 553/468/752 555/470/753 557/472/699 
s 221
f 557/472/699 536/435/702 553/468/695 
s 222
f 562/479/707 564/481/754 553/468/695 
s 223
f 553/468/695 536/435/702 535/434/708 
s 224
f 535/434/755 562/479/755 553/468/755 
s 225
f 557/472/699 560/475/756 536/435/702 
s 226
f 555/470/753 553/468/695 552/467/694 
s 227
f 552/467/694 576/496/730 555/470/697 
s 228
f 576/496/730 578/499/734 466/335/554 
s 229
f 576/496/730 466/335/554 555/470/697 
s 230
f 479/352/757 433/301/519 432/300/518 
s 231
f 462/514/758 583/515/759 492/370/593 
s 232
f 583/515/759 584/516/760 492/370/593 
s 233
f 583/515/759 585/517/761 584/516/760 
s 234
f 586/518/762 587/519/763 583/515/759 
s 235
f 588/520/764 589/521/765 585/517/761 
s 236
f 588/520/764 590/522/766 589/521/765 
s 237
f 490/367/767 491/366/590 591/523/768 
s 238
f 471/341/562 592/524/769 499/378/601 
s 239
f 499/384/608 591/523/768 491/366/590 
s 240
f 491/366/590 502/383/606 499/384/608 
s 241
f 547/455/680 593/525/770 470/340/561 
s 242
f 593/525/770 547/455/680 594/526/771 
s 243
f 470/340/561 593/525/770 471/341/562 
s 244
f 592/524/769 471/341/562 593/525/770 
s 245
f 591/527/772 499/378/601 592/524/769 
s 246
f 502/383/606 491/366/590 582/513/747 
s 247
f 503/385/609 581/512/746 595/528/773 
s 248
f 596/529/774 492/370/593 584/516/760 
s 249
f 461/530/775 460/369/592 493/371/594 
s 250
f 595/528/773 589/521/765 590/522/766 
s 251
f 589/521/765 595/528/773 581/512/746 
s 252
f 547/455/680 588/520/764 594/526/771 
s 253
f 588/520/764 547/455/680 590/522/766 
s 254
f 594/526/771 597/531/776 593/525/770 
s 255
f 597/531/776 594/526/771 587/519/763 
s 256
f 593/525/770 598/532/777 592/524/769 
s 257
f 598/532/777 593/525/770 597/531/776 
s 258
f 595/528/773 506/388/614 504/386/778 
s 259
f 504/386/610 503/385/609 595/528/773 
s 260
f 549/457/682 546/533/779 507/389/615 
s 261
f 507/389/615 506/388/614 549/457/682 
s 262
f 590/522/766 549/457/682 506/388/614 
s 263
f 506/388/614 595/528/773 590/522/766 
s 264
f 543/534/780 546/533/781 549/457/682 
s 265
f 549/457/682 548/456/681 543/534/780 
s 266
f 586/518/762 489/362/587 597/531/776 
s 267
f 462/514/758 492/370/593 460/369/592 
s 268
f 549/457/682 590/522/766 547/455/680 
s 269
f 469/339/560 496/375/598 543/534/780 
s 270
f 543/534/780 548/456/681 469/339/560 
s 271
f 470/340/561 469/339/560 548/456/681 
s 272
f 548/456/681 547/455/680 470/340/561 
s 273
f 443/363/588 442/365/782 488/361/586 
s 274
f 597/531/776 587/519/763 586/518/762 
s 275
f 443/363/588 489/362/587 449/535/783 
s 276
f 488/361/586 598/532/777 489/362/587 
s 277
f 598/532/777 597/531/776 489/362/587 
s 278
f 490/364/784 598/532/777 488/361/586 
s 279
f 452/536/785 490/364/785 442/365/782 
s 280
f 454/372/786 491/366/590 452/368/787 
s 281
f 587/519/763 585/517/761 583/515/759 
s 282
f 596/529/774 584/516/760 585/517/761 
s 283
f 493/371/594 492/370/593 596/529/774 
s 284
f 454/372/786 461/530/775 493/371/594 
s 285
f 586/518/762 449/535/783 489/362/587 
s 286
f 592/524/769 490/364/784 591/527/772 
s 287
f 490/364/788 592/524/769 598/532/777 
s 288
f 491/366/590 493/371/594 582/513/747 
s 289
f 582/513/747 503/385/609 502/383/606 
s 290
f 493/371/594 596/529/774 581/512/746 
s 291
f 581/512/746 503/385/609 582/513/747 
s 292
f 596/529/774 585/517/761 589/521/765 
s 293
f 589/521/765 581/512/746 596/529/774 
s 294
f 587/519/763 594/526/771 588/520/764 
s 295
f 587/519/763 588/520/764 585/517/761 
s 297
f 599/462/789 600/461/790 601/460/790 
s 298
f 601/463/791 600/399/791 602/400/792 
s 299
f 602/400/792 603/464/793 601/463/794 
s 300
f 437/454/795 603/464/793 602/400/792 
s 301
f 604/429/796 473/458/797 467/444/798 
s 302
f 604/429/796 605/430/799 606/465/800 
s 303
f 606/465/800 599/462/789 604/429/796 
s 304
f 600/461/801 599/462/789 606/465/800 
s 305
f 606/465/800 607/466/802 600/461/802 
s 306
f 608/397/803 602/400/792 600/399/804 
s 307
f 600/399/805 607/398/805 608/397/803 
s 308
f 602/400/792 608/397/803 609/402/806 
s 309
f 609/402/806 610/401/807 602/400/792 
s 310
f 611/403/808 612/405/809 613/404/810 
s 311
f 614/406/811 611/403/808 613/404/810 
s 312
f 614/407/812 613/409/813 615/408/814 
s 313
f 613/409/813 616/410/815 615/408/814 
s 314
f 611/403/808 614/406/811 617/411/816 
s 315
f 618/412/817 619/413/818 617/411/816 
s 316
f 614/406/811 615/414/819 617/411/816 
s 317
f 618/412/817 617/411/816 620/415/820 
s 318
f 615/408/814 616/410/815 621/416/821 
s 319
f 622/437/822 623/537/823 624/538/824 
s 320
f 621/416/821 620/417/825 615/408/814 
s 321
f 621/395/826 613/418/826 625/394/826 
s 322
f 613/418/826 621/395/826 616/419/827 
s 323
f 612/420/826 625/394/826 613/418/826 
s 324
f 625/421/828 611/403/829 619/422/830 
s 325
f 626/539/831 627/540/831 628/541/831 
s 326
f 629/542/832 630/543/832 631/544/832 
s 327
f 632/540/833 630/545/833 633/546/833 
s 328
f 630/547/834 629/548/834 633/546/834 
s 329
f 630/545/835 632/540/835 631/541/835 
s 330
f 634/549/836 635/550/836 636/551/836 
s 331
f 637/546/837 638/540/837 636/545/837 
s 332
f 636/545/838 638/540/838 634/541/838 
s 333
f 636/439/839 635/552/839 637/553/839 
s 334
f 639/554/840 640/555/840 641/556/840 
s 335
f 642/540/841 640/545/841 643/546/841 
s 336
f 640/545/842 639/548/842 643/546/842 
s 337
f 602/400/792 610/401/807 437/454/795 
s 338
f 640/545/843 642/540/843 641/441/843 
s 339
f 644/427/844 620/428/845 604/429/796 
s 340
f 645/425/846 619/424/847 618/443/847 
s 341
f 467/444/798 644/427/844 604/429/796 
s 342
f 618/443/848 439/446/849 434/445/850 
s 343
f 434/445/850 645/425/846 618/443/848 
s 344
f 476/557/851 601/558/852 481/559/853 
s 345
f 603/560/854 482/561/855 481/559/853 
s 346
f 481/559/853 601/558/852 603/560/856 
s 347
f 437/562/857 482/561/855 603/560/854 
s 348
f 645/425/846 434/445/850 610/401/807 
s 349
f 644/427/844 467/444/798 439/453/858 
s 350
f 439/453/858 618/426/859 644/427/844 
s 351
f 437/454/795 610/401/807 434/445/850 
s 352
f 476/459/860 473/458/797 604/429/796 
s 353
f 604/429/796 599/462/789 476/459/860 
s 354
f 601/460/861 476/459/861 599/462/789 
s 355
f 646/538/862 647/563/863 648/437/864 
s 356
f 648/437/864 649/537/865 646/538/862 
s 357
f 650/537/866 651/538/867 652/564/868 
s 358
f 652/564/868 653/437/869 650/537/866 
s 359
f 538/537/870 542/538/871 541/564/872 
s 360
f 541/564/872 539/437/873 538/537/870 
s 361
f 654/565/874 655/566/874 656/567/874 
s 362
f 657/437/875 658/438/875 656/439/875 
s 363
f 656/545/876 658/438/876 654/568/876 
s 364
f 656/547/877 655/441/877 657/569/877 
s 365
f 659/570/878 660/571/878 661/572/878 
s 366
f 662/437/879 663/438/879 661/439/879 
s 367
f 661/439/880 663/438/880 659/440/880 
s 368
f 661/545/881 660/441/881 662/442/881 
s 369
f 664/573/882 624/574/882 665/575/882 
s 370
f 623/437/883 622/438/883 665/439/883 
s 371
f 665/545/884 622/438/884 664/568/884 
s 372
f 647/576/885 646/577/885 666/578/885 
s 373
f 649/437/886 648/438/886 666/439/886 
s 374
f 666/545/887 648/579/887 647/568/887 
s 375
f 666/545/888 646/441/888 649/442/888 
s 376
f 651/549/889 667/580/889 652/581/889 
s 377
f 653/438/890 667/439/890 650/437/890 
s 378
f 667/439/891 651/441/891 650/437/891 
s 379
f 667/582/892 653/438/892 652/548/892 
s 380
f 541/583/893 542/584/893 540/585/893 
s 381
f 611/403/829 625/421/828 612/423/894 
s 382
f 611/403/808 617/411/816 619/413/818 
s 383
f 619/424/895 645/425/846 610/401/807 
s 384
f 618/426/896 620/428/896 644/427/844 
s 385
f 604/429/796 620/428/897 605/430/799 
s 386
f 620/415/820 617/411/816 615/414/819 
s 387
f 605/431/898 621/416/821 668/432/899 
s 388
f 621/416/821 605/431/898 620/417/825 
s 389
f 668/396/900 625/394/826 669/433/900 
s 390
f 670/547/901 671/548/901 672/546/901 
s 391
f 625/394/826 668/396/900 621/395/826 
s 392
f 619/424/902 610/401/807 609/402/806 
s 393
f 625/421/828 619/422/903 609/502/904 
s 394
f 609/502/904 669/503/905 625/421/828 
s 395
f 605/431/898 668/432/899 673/504/906 
s 396
f 673/505/826 674/507/826 675/506/907 
s 397
f 674/507/826 673/505/826 668/396/900 
s 398
f 668/396/900 669/433/900 674/507/826 
s 399
f 609/502/904 674/477/908 669/503/905 
s 400
f 605/431/898 673/504/906 606/508/909 
s 401
f 673/504/910 675/510/910 607/509/911 
s 402
f 607/509/911 606/508/909 673/504/906 
s 403
f 675/511/912 674/477/908 607/478/913 
s 404
f 608/476/914 607/478/913 674/477/908 
s 405
f 609/502/904 608/476/914 674/477/908 
s 406
f 655/538/915 654/564/916 658/437/917 
s 407
f 658/437/917 657/537/918 655/538/915 
s 408
f 665/547/919 624/441/919 623/437/919 
s 409
f 660/538/920 659/563/921 663/437/922 
s 410
f 663/437/922 662/537/923 660/538/920 
s 411
f 624/538/824 664/586/924 622/437/822 
s 412
f 676/587/925 677/546/926 672/437/927 
s 413
f 672/437/927 671/588/928 676/587/925 
s 414
f 678/587/929 679/546/930 680/540/931 
s 415
f 680/540/931 681/588/932 678/587/929 
s 416
f 628/587/933 627/546/934 682/540/935 
s 417
f 682/540/935 683/589/936 628/587/933 
s 418
f 631/587/937 632/546/938 633/540/939 
s 419
f 633/540/939 629/588/940 631/587/937 
s 420
f 638/546/941 637/540/942 635/588/943 
s 421
f 635/588/943 634/587/944 638/546/941 
s 422
f 642/546/945 643/437/946 639/588/947 
s 423
f 639/588/947 641/587/948 642/546/945 
s 424
f 671/590/949 670/591/949 676/592/949 
s 425
f 677/540/950 670/545/950 672/546/950 
s 426
f 670/539/951 677/540/951 676/441/951 
s 427
f 681/593/952 684/594/952 678/595/952 
s 428
f 679/540/953 684/545/953 680/546/953 
s 429
f 684/545/954 681/548/954 680/546/954 
s 430
f 684/547/955 679/540/955 678/541/955 
s 431
f 683/596/956 626/597/956 628/598/956 
s 432
f 627/540/957 626/545/957 682/546/957 
s 433
f 626/547/958 683/548/958 682/546/958 
s 434
f 685/599/959 686/600/960 687/601/961 
s 435
f 685/599/959 688/602/962 686/600/963 
s 436
f 689/603/964 687/601/961 686/600/960 
s 437
f 690/604/965 691/605/966 692/606/967 
s 438
f 688/602/962 685/599/959 693/607/968 
s 439
f 689/603/964 694/608/969 695/609/970 
s 440
f 696/610/971 697/611/972 698/612/973 
s 441
f 687/601/961 689/603/964 699/613/974 
s 442
f 697/611/972 700/614/975 701/615/976 
s 443
f 702/616/977 703/617/978 704/618/979 
s 444
f 705/619/980 706/620/981 696/610/971 
s 445
f 702/616/977 707/621/982 708/622/983 
s 446
f 709/623/984 704/618/979 703/617/978 
s 447
f 710/624/985 711/625/986 712/626/986 
s 448
f 713/627/987 710/624/985 712/626/988 
s 449
f 712/626/989 714/628/989 715/629/990 
s 450
f 713/627/987 712/626/988 715/629/990 
s 451
f 713/627/987 715/629/990 707/621/982 
s 452
f 716/630/991 717/631/992 718/632/993 
s 453
f 719/633/994 720/634/995 721/635/996 
s 454
f 721/635/996 722/636/997 723/637/998 
s 455
f 723/637/998 724/638/999 716/630/991 
s 456
f 716/630/991 718/632/993 725/639/1000 
s 457
f 719/633/1001 721/635/996 725/639/1000 
s 458
f 721/635/996 723/637/998 725/639/1000 
s 459
f 723/637/998 716/630/991 725/639/1000 
s 460
f 717/631/992 716/640/1002 726/641/1003 
s 461
f 727/642/1004 728/643/1005 729/644/1006 
s 462
f 692/606/967 691/605/966 697/611/972 
s 463
f 691/605/966 730/645/1007 698/612/973 
s 464
f 730/645/1007 731/646/1008 698/612/973 
s 465
f 690/604/965 730/645/1007 691/605/966 
s 466
f 732/647/1009 693/648/1010 733/649/1011 
s 467
f 733/649/1011 734/650/1009 732/647/1009 
s 468
f 735/651/1012 736/652/1013 737/653/1014 
s 469
f 698/612/973 738/654/1015 696/610/971 
s 470
f 737/653/1014 736/652/1013 739/655/1016 
s 471
f 740/656/1017 741/657/1018 742/658/1019 
s 472
f 690/659/1020 743/660/1021 744/661/1022 
s 473
f 743/660/1021 739/655/1016 744/661/1023 
s 474
f 705/619/980 738/654/1015 745/662/1024 
s 475
f 746/663/1025 747/664/1026 745/662/1024 
s 476
f 745/662/1024 748/665/1027 746/663/1028 
s 477
f 748/665/1027 745/662/1024 738/654/1015 
s 478
f 738/654/1015 705/619/980 696/610/971 
s 479
f 715/666/1029 708/622/1030 707/621/982 
s 480
f 735/651/1012 749/667/1031 736/652/1013 
s 481
f 739/655/1016 750/668/1032 744/661/1022 
s 482
f 751/669/1033 739/655/1016 736/652/1013 
s 483
f 746/663/1025 752/670/1034 747/664/1026 
s 484
f 752/670/1034 746/663/1025 740/656/1017 
s 485
f 740/656/1017 742/658/1019 752/670/1035 
s 486
f 742/658/1019 741/657/1018 753/671/1036 
s 487
f 688/602/962 693/607/968 732/672/1037 
s 488
f 701/615/976 692/606/967 697/611/972 
s 489
f 699/613/974 689/603/964 695/609/970 
s 490
f 697/611/972 696/610/971 700/614/975 
s 491
f 697/611/972 691/605/966 698/612/973 
s 492
f 737/653/1014 739/655/1016 754/673/1038 
s 493
f 755/674/1039 756/675/1039 757/676/1039 
s 494
f 756/677/1040 755/678/1040 758/679/1040 
s 495
f 758/679/1041 755/678/1042 759/680/1043 
s 496
f 759/680/1044 729/644/1006 758/679/1041 
s 497
f 729/644/1006 759/680/1043 727/642/1004 
s 498
f 760/681/1045 761/682/1046 728/643/1046 
s 499
f 728/643/1005 727/642/1004 760/681/1045 
s 500
f 762/683/1047 763/684/1048 764/685/1049 
s 501
f 764/685/1050 765/686/1051 762/683/1052 
s 502
f 762/683/1052 757/676/1053 756/675/1054 
s 503
f 756/675/1054 763/684/1048 762/683/1047 
s 504
f 765/686/1051 764/685/1050 766/687/1055 
s 505
f 766/687/1056 767/688/1057 765/686/1058 
s 506
f 768/689/1059 769/690/1060 761/691/1061 
s 507
f 761/691/1061 760/692/1062 768/689/1059 
s 508
f 770/693/1063 771/694/1064 769/690/1060 
s 509
f 769/690/1060 768/689/1059 770/693/1063 
s 510
f 772/695/1065 773/696/1066 771/694/1064 
s 511
f 771/694/1064 770/693/1063 772/695/1065 
s 512
f 774/697/1067 775/698/1068 773/696/1069 
s 513
f 773/696/1069 772/695/1065 774/697/1067 
s 514
f 775/698/1068 774/697/1067 767/688/1057 
s 515
f 776/699/1070 777/700/1071 778/701/1072 
s 516
f 778/701/1072 779/702/1073 776/699/1070 
s 517
f 780/703/1074 781/704/1075 777/705/1076 
s 518
f 720/634/995 719/633/1077 782/706/1078 
s 519
f 783/707/1079 784/708/1080 725/639/1000 
s 520
f 725/639/1000 718/632/993 783/707/1079 
s 521
f 726/641/1003 783/707/1081 718/632/993 
s 522
f 718/632/993 717/631/992 726/641/1003 
s 523
f 784/708/1080 782/706/1078 719/633/1077 
s 524
f 719/633/994 725/639/1000 784/708/1080 
s 525
f 785/709/1082 753/671/1036 741/657/1018 
s 526
f 786/710/1083 751/669/1033 736/652/1013 
s 527
f 781/704/1084 735/651/1012 737/653/1014 
s 528
f 784/708/1080 783/707/1079 787/711/1085 
s 529
f 731/646/1086 748/665/1027 738/654/1015 
s 530
f 782/706/1087 784/708/1080 788/712/1087 
s 531
f 784/708/1080 787/711/1085 789/713/1088 
s 533
f 698/612/973 731/646/1086 738/654/1015 
s 534
f 784/708/1080 789/713/1088 788/712/1089 
s 535
f 690/604/965 744/714/1090 730/645/1007 
s 536
f 704/618/979 709/623/984 780/715/1091 
s 537
f 751/669/1033 750/668/1092 739/655/1016 
s 538
f 736/652/1013 749/667/1093 786/710/1083 
s 539
f 708/622/1030 715/666/1029 714/716/1094 
s 540
f 703/617/978 702/616/977 708/622/983 
s 541
f 769/690/1095 778/701/1072 777/700/1096 
s 542
f 777/700/1096 761/691/1097 769/690/1095 
s 543
f 688/602/962 732/672/1037 790/717/1098 
s 544
f 791/718/1099 743/660/1021 688/719/1100 
s 545
f 688/719/1100 790/720/1101 791/718/1099 
s 546
f 791/718/1099 754/673/1038 739/655/1016 
s 547
f 739/655/1016 743/660/1021 791/718/1099 
s 550
f 767/688/1057 766/687/1056 775/698/1068 
s 563
f 792/721/1102 793/722/1103 794/723/1104 
s 564
f 794/723/1104 795/724/1105 792/721/1102 
s 603
f 764/685/1106 796/725/1107 797/726/1108 
s 636
f 798/727/1109 799/728/1110 800/729/1111 
s 637
f 800/729/1111 796/725/1107 763/684/1112 
s 638
f 801/730/1113 800/729/1111 763/684/1114 
s 639
f 732/647/1009 734/650/1009 802/649/1115 
s 640
f 802/649/1115 803/648/1115 732/647/1009 
s 641
f 777/705/1116 737/653/1014 804/731/1117 
s 642
f 796/725/1107 696/610/971 797/726/1108 
s 643
f 737/653/1014 754/673/1038 804/731/1117 
s 644
f 773/696/1118 805/732/1119 771/694/1120 
s 645
f 801/733/1121 756/677/1122 791/718/1099 
s 646
f 791/718/1099 756/677/1123 754/673/1038 
s 647
f 806/734/1124 807/735/1125 797/726/1108 
s 648
f 775/698/1126 766/687/1127 807/735/1125 
s 649
f 807/735/1125 808/736/1128 775/698/1129 
s 650
f 766/687/1127 797/726/1108 807/735/1125 
s 651
f 797/726/1108 696/610/971 806/734/1124 
s 652
f 777/705/1130 804/731/1117 761/682/1131 
s 653
f 754/673/1038 756/677/1132 758/679/1133 
s 654
f 729/737/1134 804/731/1117 754/673/1038 
s 655
f 809/738/1135 805/732/1119 773/696/1118 
s 673
f 801/730/1113 763/684/1114 756/675/1136 
s 686
f 770/637/1137 774/630/1138 772/638/1139 
s 687
f 774/630/1138 810/639/1140 811/632/1141 
s 688
f 812/633/1142 810/639/1140 760/739/1143 
s 689
f 760/739/1143 810/639/1140 770/637/1137 
s 690
f 770/637/1137 810/639/1140 774/630/1138 
s 691
f 775/698/1129 808/736/1144 809/738/1135 
s 692
f 813/631/1145 767/641/1146 774/740/1147 
s 693
f 727/741/1148 759/706/1149 812/633/1150 
s 694
f 765/707/1151 811/632/1141 810/639/1140 
s 695
f 810/639/1140 814/708/1152 765/707/1151 
s 696
f 767/641/1146 813/631/1145 811/632/1141 
s 697
f 811/632/1141 765/707/1153 767/641/1146 
s 698
f 814/708/1152 810/639/1140 812/633/1150 
s 699
f 812/633/1154 759/706/1154 814/708/1152 
s 700
f 769/690/1095 771/694/1120 778/701/1072 
s 701
f 728/643/1155 804/731/1117 729/737/1134 
s 702
f 781/704/1084 737/653/1014 777/705/1116 
s 703
f 814/708/1152 762/711/1156 765/707/1151 
s 704
f 764/685/1106 797/726/1108 766/687/1056 
s 705
f 759/706/1149 755/712/1157 814/708/1152 
s 706
f 814/708/1152 757/713/1158 762/711/1156 
s 707
f 763/684/1112 796/725/1107 764/685/1106 
s 708
f 814/708/1152 755/712/1159 757/713/1159 
s 710
f 704/618/979 780/715/1091 776/742/1160 
s 711
f 729/737/1134 754/673/1038 758/679/1133 
s 712
f 804/731/1117 728/643/1161 761/682/1131 
s 713
f 815/743/1162 816/744/1163 817/745/1164 
s 714
f 779/746/1165 815/743/1166 702/616/977 
s 715
f 773/696/1118 775/698/1129 809/738/1135 
s 716
f 805/732/1119 778/701/1072 771/694/1120 
s 717
f 790/717/1098 732/672/1037 803/607/1167 
s 718
f 701/615/976 799/728/1110 798/727/1109 
s 719
f 818/613/1168 695/609/970 819/603/1169 
s 720
f 799/728/1110 700/614/975 696/610/971 
s 721
f 799/728/1110 796/725/1107 800/729/1111 
s 722
f 820/599/1170 821/601/1171 822/600/1172 
s 723
f 820/599/1170 822/600/1173 790/747/1174 
s 724
f 819/603/1169 822/600/1172 821/601/1171 
s 725
f 801/730/1113 798/727/1109 800/729/1111 
s 727
f 819/603/1169 695/609/970 694/608/969 
s 728
f 696/610/971 796/725/1107 799/728/1110 
s 729
f 821/601/1171 818/613/1168 819/603/1169 
s 730
f 799/728/1110 701/615/976 700/614/975 
s 731
f 817/745/1164 707/621/982 815/743/1162 
s 732
f 702/616/977 704/748/1175 779/746/1165 
s 733
f 806/734/1124 696/610/971 706/620/981 
s 734
f 702/616/977 815/743/1166 707/621/982 
s 735
f 776/742/1160 779/749/1176 704/618/979 
s 736
f 823/750/1177 824/751/1178 825/752/1178 
s 737
f 713/627/987 824/751/1179 823/750/1177 
s 738
f 824/751/1180 817/745/1164 816/753/1180 
s 739
f 713/627/987 817/745/1164 824/751/1179 
s 740
f 713/627/987 707/621/982 817/745/1164 
s 741
f 774/630/1138 811/632/1141 813/631/1145 
s 742
f 812/633/1142 760/739/1143 727/741/1148 
s 743
f 760/739/1143 770/637/1137 768/636/1181 
s 744
f 823/754/1182 806/734/1124 706/620/981 
s 745
f 826/722/1183 827/723/1184 828/755/1185 
s 746
f 828/755/1185 829/756/1186 826/722/1183 
s 750
f 830/721/1187 831/724/1188 827/723/1184 
s 751
f 827/723/1184 826/722/1183 830/721/1187 
s 762
f 790/747/1174 803/607/1167 820/599/1170 
s 773
f 777/705/1130 776/757/1189 780/703/1074 
s 774
f 822/758/1190 801/733/1121 791/718/1099 
s 775
f 791/718/1099 790/720/1101 822/758/1191 
s 776
f 819/759/1192 798/727/1109 801/730/1113 
s 777
f 801/730/1113 822/760/1193 819/759/1192 
s 778
f 694/761/1194 701/615/976 798/727/1109 
s 779
f 798/727/1109 819/759/1192 694/761/1194 
s 781
f 706/620/981 713/762/1195 823/754/1182 
s 782
f 825/763/1196 807/735/1197 806/734/1124 
s 783
f 806/734/1124 823/754/1182 825/763/1196 
s 784
f 824/764/1198 808/736/1199 807/735/1198 
s 785
f 807/735/1200 825/763/1196 824/764/1200 
s 786
f 816/765/1201 809/738/1135 808/736/1202 
s 787
f 808/736/1199 824/764/1203 816/765/1201 
s 788
f 815/766/1204 805/732/1119 809/738/1135 
s 789
f 809/738/1135 816/765/1201 815/766/1204 
s 790
f 779/702/1073 778/701/1072 805/732/1119 
s 791
f 805/732/1119 815/766/1205 779/702/1073 
s 792
f 832/767/1206 833/768/1207 829/769/1206 
s 794
f 829/756/1186 833/768/1207 826/722/1183 
s 795
f 830/721/1187 833/768/1207 834/770/1208 
s 796
f 826/722/1183 833/768/1207 830/721/1187 
s 886
f 835/771/1209 836/772/1210 837/773/1211 
s 907
f 838/774/1212 839/775/1213 840/776/1214 
s 908
f 837/773/1215 839/775/1213 838/774/1212 
s 909
f 841/777/1216 839/778/1217 837/773/1215 
s 910
f 842/779/1218 843/780/1219 844/781/1220 
s 911
f 844/781/1220 841/777/1221 842/779/1218 
s 912
f 685/782/1222 687/783/1223 836/772/1210 
s 913
f 836/772/1210 835/771/1209 685/782/1222 
s 914
f 687/783/1223 699/784/1224 842/779/1218 
s 915
f 842/779/1218 836/772/1210 687/783/1223 
s 916
f 693/648/1225 685/782/1222 835/771/1209 
s 917
f 835/771/1209 845/649/1226 693/648/1225 
s 918
f 699/784/1224 695/785/1227 843/780/1219 
s 919
f 843/780/1219 842/779/1218 699/784/1224 
s 920
f 845/649/1226 835/771/1209 838/774/1228 
s 921
f 838/774/1228 840/776/1229 845/649/1226 
s 922
f 837/773/1211 838/774/1228 835/771/1209 
s 923
f 840/776/1229 846/786/1230 847/650/1231 
s 924
f 847/650/1231 845/649/1226 840/776/1229 
s 925
f 836/772/1210 842/779/1218 841/777/1221 
s 926
f 841/777/1221 837/773/1211 836/772/1210 
s 927
f 785/709/1082 749/787/1232 735/788/1233 
s 928
f 735/788/1233 753/671/1036 785/709/1082 
s 929
f 788/789/1234 789/790/1235 744/714/1236 
s 930
f 744/661/1237 750/668/1238 788/791/1237 
s 931
f 750/668/1032 751/669/1033 782/792/1239 
s 932
f 782/792/1240 788/791/1240 750/668/1238 
s 933
f 720/793/1241 782/792/1239 751/669/1033 
s 939
f 839/794/1242 848/776/1243 846/786/1244 
s 940
f 839/794/1242 849/774/1245 848/776/1243 
s 941
f 839/794/1242 850/773/1246 849/774/1245 
s 942
f 844/781/1220 843/780/1219 851/779/1247 
s 943
f 851/779/1247 839/794/1248 844/781/1220 
s 944
f 852/772/1249 821/783/1250 820/782/1251 
s 945
f 820/782/1251 853/771/1252 852/772/1249 
s 946
f 851/779/1247 818/784/1253 821/783/1250 
s 947
f 821/783/1250 852/772/1249 851/779/1247 
s 948
f 853/771/1252 820/782/1251 803/648/1254 
s 949
f 803/648/1254 854/649/1255 853/771/1252 
s 950
f 843/780/1219 695/785/1227 818/784/1253 
s 951
f 818/784/1253 851/779/1247 843/780/1219 
s 952
f 849/774/1256 853/771/1252 854/649/1255 
s 953
f 854/649/1255 848/776/1257 849/774/1256 
s 954
f 850/773/1258 852/772/1249 853/771/1252 
s 955
f 853/771/1252 849/774/1256 850/773/1258 
s 956
f 847/650/1231 846/786/1230 848/776/1257 
s 957
f 721/795/1259 720/793/1241 786/710/1260 
s 958
f 848/776/1257 854/649/1255 847/650/1231 
s 959
f 839/794/1248 851/779/1247 852/772/1249 
s 960
f 852/772/1249 850/773/1258 839/794/1248 
s 961
f 840/776/1214 839/775/1213 846/786/1244 
s 962
f 844/781/1261 839/778/1217 841/777/1216 
s 963
f 710/796/1262 713/762/1195 706/620/981 
s 964
f 706/620/981 705/619/980 710/796/1262 
s 965
f 711/797/1263 710/796/1262 705/619/980 
s 966
f 705/619/980 745/662/1264 711/797/1263 
s 967
f 712/798/1265 711/797/1265 745/662/1265 
s 968
f 745/662/1266 747/664/1267 712/798/1268 
s 969
f 714/799/1269 712/798/1268 747/664/1267 
s 970
f 747/664/1267 752/670/1270 714/799/1269 
s 971
f 708/800/1271 714/799/1269 752/670/1270 
s 972
f 752/670/1035 742/658/1019 708/800/1271 
s 973
f 703/801/1272 708/800/1273 742/658/1019 
s 974
f 742/658/1019 753/671/1274 703/801/1272 
s 976
f 855/767/1275 856/769/1275 857/768/1276 
s 978
f 856/756/1277 793/722/1103 857/768/1276 
s 979
f 792/721/1102 858/770/1278 857/768/1276 
s 980
f 793/722/1103 792/721/1102 857/768/1276 
s 987
f 793/722/1103 856/756/1277 859/755/1279 
s 988
f 859/755/1279 794/723/1104 793/722/1103 
s 992
f 751/669/1033 786/710/1260 720/793/1241 
s 993
f 786/710/1280 749/667/1280 721/795/1259 
s 994
f 787/802/1281 783/803/1282 731/646/1008 
s 995
f 731/646/1283 730/645/1283 787/802/1283 
s 996
f 787/802/1284 730/645/1285 744/714/1236 
s 997
f 744/714/1286 789/790/1235 787/802/1284 
s 998
f 783/803/1287 726/804/1288 748/665/1027 
s 999
f 748/665/1027 731/646/1008 783/803/1282 
s 1000
f 722/805/1289 721/806/1290 749/787/1291 
s 1001
f 749/787/1291 785/709/1292 722/805/1289 
s 1002
f 723/807/1293 722/805/1289 785/709/1292 
s 1003
f 785/709/1292 741/657/1294 723/807/1293 
s 1004
f 724/808/1295 723/807/1293 741/657/1294 
s 1005
f 741/657/1294 740/656/1296 724/808/1295 
s 1006
f 716/809/1297 724/808/1295 740/656/1296 
s 1007
f 740/656/1296 746/663/1298 716/809/1297 
s 1008
f 726/804/1288 716/809/1297 746/663/1298 
s 1009
f 746/663/1298 748/665/1027 726/804/1288 
s 1010
f 753/671/1299 735/788/1299 709/810/1299 
s 1011
f 780/703/1074 709/811/1300 735/651/1301 
s 1012
f 735/651/1301 781/704/1075 780/703/1074 
s 1013
f 686/812/1302 688/719/1100 743/660/1021 
s 1014
f 743/660/1021 690/659/1020 686/812/1303 
s 1015
f 689/813/1304 686/814/1305 690/604/965 
s 1016
f 690/604/965 692/606/967 689/813/1304 
s 1017
f 694/761/1194 689/813/1304 692/606/967 
s 1018
f 692/606/967 701/615/976 694/761/1194 
s 1046
f 709/810/1306 703/801/1272 753/671/1274 
s 1135
f 860/815/1307 861/816/1308 862/817/1309 
s 1136
f 863/818/1310 864/819/1311 861/816/1312 
s 1137
f 863/818/1313 865/820/1314 864/819/1315 
s 1138
f 863/818/1316 861/816/1317 865/821/1318 
s 1139
f 866/822/1319 867/823/1320 868/824/1321 
s 1140
f 867/823/1320 866/822/1322 869/825/1323 
s 1141
f 869/825/1323 866/822/1324 870/826/1325 
s 1142
f 870/827/1326 866/822/1324 871/828/1326 
s 1143
f 871/828/1327 866/822/1327 872/829/1328 
s 1144
f 872/829/1328 866/822/1329 868/824/1321 
s 1145
f 873/830/1330 874/831/1330 875/832/1331 
s 1146
f 876/833/1332 877/834/1333 875/832/1331 
s 1147
f 875/832/1331 874/831/1334 876/833/1332 
s 1148
f 877/834/1333 876/833/1335 878/835/1336 
s 1149
f 879/836/1337 880/837/1338 876/833/1339 
s 1150
f 879/836/1340 874/838/1341 880/837/1342 
s 1151
f 879/836/1343 876/833/1332 874/831/1334 
s 1152
f 881/839/1344 882/840/1345 883/841/1346 
s 1153
f 883/841/1346 884/842/1347 881/839/1344 
s 1154
f 881/839/1344 884/842/1348 885/843/1349 
s 1155
f 886/844/1350 887/845/1351 885/843/1349 
s 1156
f 887/846/1352 886/847/1352 888/848/1353 
s 1157
f 883/841/1354 889/849/1355 888/848/1353 
s 1158
f 888/848/1353 886/847/1356 883/841/1354 
s 1159
f 889/849/1355 883/841/1357 882/840/1345 
s 1160
f 890/850/1358 884/842/1347 883/841/1346 
s 1161
f 890/850/1359 886/844/1350 884/842/1360 
s 1162
f 890/850/1361 883/841/1354 886/847/1356 
s 1163
f 891/851/1362 862/817/1309 861/816/1312 
s 1164
f 861/816/1312 864/819/1311 891/851/1362 
s 1165
f 891/851/1362 864/819/1363 892/852/1364 
s 1166
f 865/820/1314 893/853/1365 892/852/1364 
s 1167
f 892/852/1364 864/819/1315 865/820/1314 
s 1168
f 893/854/1366 865/821/1366 894/855/1367 
s 1169
f 861/816/1317 860/815/1307 894/855/1367 
s 1170
f 895/856/1368 896/857/1369 897/858/1370 
s 1171
f 895/856/1368 897/858/1371 898/859/1372 
s 1172
f 895/856/1373 898/859/1374 899/860/1375 
s 1173
f 895/856/1373 899/860/1375 900/861/1376 
s 1174
f 895/856/1373 900/861/1376 901/862/1377 
s 1175
f 895/856/1368 901/862/1378 902/863/1379 
s 1176
f 900/861/1376 899/860/1375 903/864/1380 
s 1177
f 894/855/1367 865/821/1318 861/816/1317 
s 1178
f 903/864/1381 901/862/1382 900/861/1376 
s 1179
f 904/865/1383 899/860/1375 898/859/1384 
s 1180
f 898/859/1384 897/858/1385 904/865/1383 
s 1181
f 905/866/1386 906/867/1387 904/865/1383 
s 1182
f 897/858/1371 905/868/1388 904/865/1388 
s 1183
f 899/860/1375 904/865/1383 906/867/1387 
s 1184
f 901/862/1382 903/864/1381 907/869/1389 
s 1185
f 907/869/1389 908/870/1390 909/871/1391 
s 1186
f 909/871/1391 901/862/1392 907/869/1389 
s 1187
f 906/867/1387 903/864/1380 899/860/1375 
s 1188
f 910/872/1393 911/873/1394 912/874/1395 
s 1189
f 912/874/1395 913/875/1396 910/872/1393 
s 1190
f 912/874/1395 914/876/1397 915/877/1398 
s 1191
f 915/877/1398 913/875/1396 912/874/1395 
s 1192
f 916/878/1399 917/879/1400 918/880/1401 
s 1193
f 919/881/1402 920/882/1403 921/883/1404 
s 1194
f 922/884/1405 917/879/1400 923/885/1406 
s 1195
f 916/878/1407 924/886/1408 923/885/1406 
s 1196
f 925/887/1409 926/888/1410 920/882/1403 
s 1197
f 927/889/1411 928/890/1412 929/891/1413 
s 1198
f 929/891/1413 930/892/1414 927/889/1411 
s 1199
f 928/890/1412 931/893/1415 932/894/1416 
s 1200
f 932/894/1416 929/891/1413 928/890/1412 
s 1201
f 931/893/1415 907/895/1417 932/894/1416 
s 1202
f 933/896/1418 928/890/1412 927/889/1411 
s 1203
f 908/897/1419 931/893/1415 928/890/1412 
s 1204
f 928/890/1412 933/896/1418 908/897/1419 
s 1205
f 931/893/1415 908/897/1420 907/895/1417 
s 1206
f 915/877/1398 914/876/1397 934/898/1421 
s 1207
f 934/898/1421 932/894/1416 915/877/1398 
s 1208
f 907/895/1417 903/899/1422 935/900/1423 
s 1209
f 907/895/1417 935/900/1423 913/875/1396 
s 1210
f 907/895/1424 913/875/1396 915/877/1398 
s 1211
f 936/870/1425 908/897/1420 933/896/1418 
s 1212
f 933/896/1418 937/901/1426 936/870/1425 
s 1213
f 937/901/1426 938/902/1427 939/903/1428 
s 1214
f 940/904/1429 936/870/1425 937/901/1426 
s 1215
f 937/901/1426 939/903/1428 940/904/1429 
s 1216
f 896/857/1369 902/863/1379 901/862/1430 
s 1217
f 901/862/1430 909/871/1391 896/857/1369 
s 1218
f 908/870/1431 936/904/1432 896/857/1369 
s 1219
f 896/857/1369 909/871/1391 908/870/1431 
s 1220
f 895/856/1433 902/863/1379 896/857/1369 
s 1221
f 896/857/1369 936/904/1432 940/905/1434 
s 1222
f 896/857/1369 940/905/1434 897/858/1371 
s 1223
f 941/906/1435 942/907/1436 943/908/1437 
s 1224
f 944/909/1438 945/910/1439 946/911/1440 
s 1225
f 944/909/1438 946/911/1440 947/912/1441 
s 1226
f 944/909/1438 947/912/1441 948/913/1442 
s 1227
f 944/909/1438 948/913/1442 949/914/1443 
s 1228
f 944/909/1438 949/914/1443 945/910/1439 
s 1229
f 945/910/1439 950/915/1437 951/916/1444 
s 1230
f 946/911/1440 951/916/1444 952/917/1445 
s 1231
f 947/912/1441 952/917/1445 953/918/1446 
s 1232
f 948/913/1442 953/918/1446 954/919/1447 
s 1233
f 949/914/1443 954/919/1447 950/915/1437 
s 1234
f 951/916/1444 946/911/1440 945/910/1439 
s 1235
f 952/917/1445 947/912/1441 946/911/1440 
s 1236
f 953/918/1446 948/913/1442 947/912/1441 
s 1237
f 954/919/1447 949/914/1443 948/913/1442 
s 1238
f 950/915/1437 945/910/1439 949/914/1443 
s 1239
f 955/920/1435 952/917/1445 951/916/1444 
s 1240
f 955/920/1435 953/918/1446 952/917/1445 
s 1241
f 955/920/1435 954/919/1447 953/918/1446 
s 1242
f 955/920/1435 950/915/1437 954/919/1447 
s 1243
f 956/921/1448 957/922/1449 958/923/1450 
s 1244
f 955/920/1435 951/916/1444 950/915/1437 
s 1245
f 959/924/1451 878/835/1336 876/833/1339 
s 1246
f 876/833/1339 880/837/1338 959/924/1451 
s 1247
f 959/924/1451 880/837/1452 960/925/1453 
s 1248
f 874/838/1341 873/926/1454 960/925/1453 
s 1249
f 960/925/1453 880/837/1342 874/838/1341 
s 1250
f 926/888/1410 925/887/1409 961/927/1455 
s 1251
f 961/927/1455 962/928/1456 926/888/1410 
s 1252
f 963/929/1457 926/888/1410 962/928/1456 
s 1253
f 964/930/1458 965/931/1459 963/929/1457 
s 1254
f 966/932/1460 963/929/1457 962/928/1456 
s 1255
f 963/929/1457 921/883/1461 926/888/1410 
s 1256
f 967/933/1462 968/934/1463 969/935/1464 
s 1257
f 970/936/1465 968/934/1463 967/933/1462 
s 1258
f 971/937/1438 972/938/1439 973/939/1440 
s 1259
f 971/937/1438 973/939/1440 974/940/1441 
s 1260
f 971/937/1438 974/940/1441 975/941/1466 
s 1261
f 971/937/1438 975/941/1466 976/942/1443 
s 1262
f 971/937/1438 976/942/1443 972/938/1439 
s 1263
f 972/938/1439 943/908/1437 942/907/1436 
s 1264
f 973/939/1440 942/907/1436 977/943/1445 
s 1265
f 940/905/1434 905/866/1467 897/858/1371 
s 1266
f 975/941/1466 978/944/1446 979/945/1447 
s 1267
f 976/942/1443 979/945/1447 943/908/1437 
s 1268
f 942/907/1436 973/939/1440 972/938/1439 
s 1269
f 977/943/1445 974/940/1441 973/939/1440 
s 1270
f 978/944/1446 975/941/1466 974/940/1441 
s 1271
f 979/945/1447 976/942/1443 975/941/1466 
s 1272
f 943/908/1437 972/938/1439 976/942/1443 
s 1273
f 941/906/1435 977/943/1445 942/907/1436 
s 1274
f 941/906/1435 978/944/1446 977/943/1445 
s 1275
f 941/906/1435 979/945/1447 978/944/1446 
s 1276
f 941/906/1435 943/908/1437 979/945/1447 
s 1277
f 980/946/1468 981/947/1469 982/948/1470 
s 1278
f 982/948/1470 983/922/1471 980/946/1468 
s 1279
f 981/949/1472 980/950/1472 984/951/1473 
s 1280
f 985/921/1474 986/952/1475 984/951/1473 
s 1281
f 984/951/1473 980/950/1476 985/921/1474 
s 1282
f 986/952/1475 985/921/1477 987/953/1478 
s 1283
f 988/954/1479 983/922/1480 985/921/1481 
s 1284
f 988/954/1482 980/946/1468 983/922/1471 
s 1285
f 988/954/1483 985/921/1474 980/950/1476 
s 1286
f 958/923/1450 989/953/1484 956/921/1448 
s 1287
f 885/843/1349 884/842/1360 886/844/1350 
s 1288
f 958/923/1450 957/922/1485 990/948/1486 
s 1289
f 991/946/1487 992/947/1488 990/948/1486 
s 1290
f 990/948/1486 957/922/1489 991/946/1487 
s 1291
f 992/949/1490 991/950/1490 993/951/1491 
s 1292
f 956/921/1492 994/952/1493 993/951/1491 
s 1293
f 993/951/1491 991/950/1494 956/921/1492 
s 1294
f 994/952/1493 956/921/1495 989/953/1484 
s 1295
f 995/954/1496 957/922/1449 956/921/1448 
s 1296
f 995/954/1497 991/946/1487 957/922/1489 
s 1297
f 995/954/1498 956/921/1492 991/950/1494 
s 1298
f 996/955/1499 997/956/1500 998/957/1501 
s 1299
f 998/957/1501 999/958/1502 996/955/1503 
s 1300
f 1000/959/1504 1001/960/1505 996/955/1505 
s 1301
f 996/955/1506 999/958/1507 1000/959/1504 
s 1302
f 1001/961/1508 1000/962/1508 1002/963/1509 
s 1303
f 1003/964/1510 1004/965/1511 1005/966/1512 
s 1304
f 1005/966/1512 1006/967/1513 1003/964/1510 
s 1305
f 1003/964/1510 1006/967/1514 1007/968/1515 
s 1306
f 1008/969/1516 1009/970/1517 1007/968/1515 
s 1307
f 1007/968/1515 1006/967/1518 1008/969/1516 
s 1308
f 1009/971/1519 1008/972/1519 1010/973/1520 
s 1309
f 974/940/1441 977/943/1445 978/944/1446 
s 1310
f 1005/966/1521 1011/974/1522 1010/973/1520 
s 1311
f 1010/973/1520 1008/972/1523 1005/966/1521 
s 1312
f 1011/974/1522 1005/966/1524 1004/965/1511 
s 1313
f 1012/975/1525 1006/967/1513 1005/966/1512 
s 1314
f 1012/975/1526 1008/969/1516 1006/967/1518 
s 1315
f 1012/975/1527 1005/966/1521 1008/972/1523 
s 1316
f 1013/976/1528 1014/977/1529 1015/978/1530 
s 1317
f 1015/978/1530 1016/979/1531 1013/976/1528 
s 1318
f 1013/976/1528 1016/979/1532 1017/980/1533 
s 1319
f 1018/981/1534 1019/982/1535 1017/980/1533 
s 1320
f 1017/980/1533 1016/979/1536 1018/981/1534 
s 1321
f 1019/983/1537 1018/984/1537 1020/985/1538 
s 1322
f 1015/978/1539 1021/986/1540 1020/985/1538 
s 1323
f 1020/985/1538 1018/984/1541 1015/978/1539 
s 1324
f 1021/986/1540 1015/978/1542 1014/977/1529 
s 1325
f 1022/987/1543 1016/979/1531 1015/978/1530 
s 1326
f 1022/987/1544 1018/981/1534 1016/979/1536 
s 1327
f 1022/987/1545 1015/978/1539 1018/984/1541 
s 1328
f 1023/923/1546 987/953/1478 985/921/1481 
s 1329
f 985/921/1481 983/922/1480 1023/923/1546 
s 1330
f 1023/923/1546 983/922/1547 982/948/1470 
s 1331
f 1024/988/1548 1025/989/1549 1026/990/1550 
s 1332
f 1024/988/1551 1027/991/1552 1025/992/1553 
s 1333
f 1028/993/1554 1029/994/1555 1030/995/1556 
s 1334
f 1030/995/1556 1031/996/1557 1028/993/1554 
s 1335
f 1028/993/1554 1031/996/1558 1032/997/1559 
s 1336
f 1033/998/1560 1034/999/1561 1032/997/1559 
s 1337
f 1032/997/1559 1031/996/1562 1033/998/1560 
s 1338
f 1034/999/1561 1033/998/1563 1035/1000/1563 
s 1339
f 1030/1001/1564 1036/1002/1565 1035/1003/1566 
s 1340
f 1035/1003/1566 1033/1004/1567 1030/1001/1564 
s 1341
f 1036/1002/1565 1030/1001/1568 1029/1005/1568 
s 1342
f 1037/1006/1569 1031/996/1557 1030/995/1556 
s 1343
f 1037/1006/1570 1033/998/1560 1031/996/1562 
s 1344
f 1037/1007/1571 1030/1001/1564 1033/1004/1567 
s 1345
f 1038/993/1572 1039/994/1573 1040/995/1574 
s 1346
f 1040/995/1574 1041/996/1575 1038/993/1572 
s 1347
f 1038/993/1572 1041/996/1576 1042/997/1577 
s 1348
f 1043/998/1578 1044/999/1579 1042/997/1577 
s 1349
f 1042/997/1577 1041/996/1580 1043/998/1578 
s 1350
f 1044/999/1579 1043/998/1581 1045/1000/1581 
s 1351
f 1040/1001/1582 1046/1002/1583 1045/1003/1584 
s 1352
f 1045/1003/1584 1043/1004/1585 1040/1001/1582 
s 1353
f 1046/1002/1583 1040/1001/1586 1039/1005/1586 
s 1354
f 1047/1006/1587 1041/996/1575 1040/995/1574 
s 1355
f 1047/1006/1588 1043/998/1578 1041/996/1580 
s 1356
f 1047/1007/1589 1040/1001/1582 1043/1004/1585 
s 1357
f 998/957/1590 1048/1008/1591 1002/963/1509 
s 1358
f 1002/963/1509 1000/962/1592 998/957/1590 
s 1359
f 1048/1008/1591 998/957/1593 997/956/1500 
s 1360
f 1049/1009/1594 999/958/1502 998/957/1501 
s 1361
f 1049/1009/1595 1000/959/1504 999/958/1507 
s 1362
f 1049/1009/1596 998/957/1590 1000/962/1592 
s 1363
f 1050/955/1499 1051/956/1597 1052/957/1501 
s 1364
f 1052/957/1501 1053/958/1598 1050/955/1599 
s 1365
f 1054/959/1504 1055/960/1505 1050/955/1505 
s 1366
f 1050/955/1506 1053/958/1507 1054/959/1504 
s 1367
f 1055/961/1508 1054/962/1508 1056/963/1509 
s 1368
f 1052/957/1590 1057/1008/1591 1056/963/1509 
s 1369
f 1056/963/1509 1054/962/1592 1052/957/1590 
s 1370
f 1057/1008/1591 1052/957/1593 1051/956/1597 
s 1371
f 1058/1009/1594 1053/958/1598 1052/957/1501 
s 1372
f 1058/1009/1595 1054/959/1504 1053/958/1507 
s 1373
f 1058/1009/1596 1052/957/1590 1054/962/1592 
s 1374
f 1059/1010/1600 1060/1011/1601 1027/991/1602 
s 1375
f 1027/991/1602 1026/990/1603 1059/1010/1600 
s 1376
f 1059/1010/1600 1026/990/1604 1061/1012/1605 
s 1377
f 1025/989/1549 1062/1013/1606 1061/1012/1605 
s 1378
f 1061/1012/1605 1026/990/1550 1025/989/1549 
s 1379
f 1062/1014/1607 1025/992/1607 1063/1015/1608 
s 1380
f 1027/991/1552 1064/1016/1609 1063/1015/1608 
s 1381
f 1063/1015/1608 1025/992/1553 1027/991/1552 
s 1382
f 1064/1016/1609 1027/991/1610 1060/1011/1601 
s 1383
f 1024/988/1611 1026/990/1603 1027/991/1602 
s 1384
f 1065/828/1612 1066/822/1612 1067/829/1613 
s 1385
f 1067/829/1613 1066/822/1614 1068/824/1615 
s 1386
f 1069/1017/1616 1070/1018/1617 1071/1019/1618 
s 1387
f 1071/1019/1618 1072/1020/1619 1069/1017/1616 
s 1388
f 1069/1017/1616 1072/1020/1620 1073/1021/1621 
s 1389
f 1074/1022/1622 1075/1023/1623 1073/1021/1621 
s 1390
f 1073/1021/1621 1072/1020/1624 1074/1022/1622 
s 1391
f 1075/1024/1625 1074/1025/1625 1076/1026/1626 
s 1392
f 1071/1019/1627 1077/1027/1628 1076/1026/1626 
s 1393
f 1076/1026/1626 1074/1025/1629 1071/1019/1627 
s 1394
f 1077/1027/1628 1071/1019/1630 1070/1018/1617 
s 1395
f 1078/1028/1631 1072/1020/1619 1071/1019/1618 
s 1396
f 1078/1028/1632 1074/1022/1622 1072/1020/1624 
s 1397
f 1078/1028/1633 1071/1019/1627 1074/1025/1629 
s 1398
f 1079/1017/1634 1080/1018/1635 1081/1019/1636 
s 1399
f 1081/1019/1636 1082/1020/1637 1079/1017/1634 
s 1400
f 1079/1017/1634 1082/1020/1638 1083/1021/1639 
s 1401
f 1084/1022/1640 1085/1023/1641 1083/1021/1639 
s 1402
f 1083/1021/1639 1082/1020/1642 1084/1022/1640 
s 1403
f 1085/1024/1643 1084/1025/1643 1086/1026/1644 
s 1404
f 1081/1019/1645 1087/1027/1646 1086/1026/1644 
s 1405
f 1086/1026/1644 1084/1025/1647 1081/1019/1645 
s 1406
f 1087/1027/1646 1081/1019/1648 1080/1018/1635 
s 1407
f 1088/1028/1649 1082/1020/1637 1081/1019/1636 
s 1408
f 1088/1028/1650 1084/1022/1640 1082/1020/1642 
s 1409
f 1088/1028/1651 1081/1019/1645 1084/1025/1647 
s 1410
f 1066/822/1652 1089/823/1653 1068/824/1615 
s 1411
f 1089/823/1653 1066/822/1654 1090/825/1655 
s 1412
f 1090/825/1655 1066/822/1656 1091/826/1657 
s 1413
f 1091/827/1658 1066/822/1656 1065/828/1658 
s 1414
f 1092/1029/1659 1093/1030/1660 1094/1031/1661 
s 1415
f 1094/1031/1661 1095/1032/1662 1092/1029/1663 
s 1416
f 1096/1033/1664 1097/1034/1665 1098/1035/1666 
s 1417
f 1093/1030/1660 1098/1035/1666 1099/1036/1667 
s 1418
f 1094/1031/1668 1093/1030/1660 1099/1036/1667 
s 1419
f 970/1037/1669 1095/1032/1662 1094/1031/1670 
s 1420
f 1100/1038/1671 970/1037/1669 1101/1039/1672 
s 1421
f 1102/1040/1673 1100/1038/1671 1101/1039/1672 
s 1422
f 1099/1036/1667 1101/1039/1672 1094/1031/1674 
s 1423
f 970/1037/1675 1094/1031/1675 1101/1039/1672 
s 1424
f 1103/1041/1676 1104/1042/1677 1105/1043/1678 
s 1425
f 1104/1042/1677 1106/1044/1679 1107/1045/1680 
s 1426
f 1107/1045/1680 1108/1046/1681 1104/1042/1677 
s 1427
f 1109/1047/1682 1108/1046/1681 1107/1045/1680 
s 1428
f 1107/1045/1680 1110/1048/1683 1109/1047/1682 
s 1429
f 1111/1049/1684 1112/1050/1685 1113/1051/1686 
s 1430
f 1113/1051/1686 1114/1052/1687 1111/1049/1684 
s 1431
f 1114/1052/1687 1113/1051/1686 1106/1053/1688 
s 1432
f 1106/1053/1688 1104/1054/1689 1114/1052/1687 
s 1433
f 1115/1055/1690 1112/1050/1685 911/873/1394 
s 1434
f 911/873/1394 1116/1056/1691 1115/1055/1690 
s 1435
f 1112/1050/1685 1115/1055/1690 1117/1057/1692 
s 1436
f 1117/1057/1692 1113/1051/1686 1112/1050/1685 
s 1437
f 1113/1051/1686 1117/1057/1692 1118/1058/1693 
s 1438
f 1118/1058/1693 1106/1053/1688 1113/1051/1686 
s 1439
f 1106/1044/1679 1118/1059/1694 1119/1060/1695 
s 1440
f 1120/1061/1696 1121/1062/1697 1122/1063/1698 
s 1441
f 969/935/1464 1105/1043/1678 1123/1064/1699 
s 1442
f 1123/1064/1699 1124/1065/1700 969/935/1464 
s 1443
f 1124/1065/1700 1123/1064/1699 1125/1066/1701 
s 1444
f 1125/1066/1701 1126/1067/1702 1124/1065/1700 
s 1445
f 1120/1061/1696 1126/1067/1702 1125/1066/1701 
s 1446
f 1104/1054/1689 1103/1068/1703 1127/1069/1704 
s 1447
f 1127/1069/1704 1114/1052/1687 1104/1054/1689 
s 1448
f 1105/1043/1678 1104/1042/1677 1108/1046/1681 
s 1449
f 1108/1046/1681 1123/1064/1699 1105/1043/1678 
s 1450
f 1108/1046/1681 1109/1047/1682 1125/1066/1701 
s 1451
f 1125/1066/1701 1123/1064/1699 1108/1046/1681 
s 1452
f 1109/1070/1705 1120/1061/1696 1125/1071/1705 
s 1453
f 1095/1072/1706 970/936/1465 967/933/1462 
s 1454
f 1128/1073/1707 1129/1074/1708 1130/1075/1709 
s 1455
f 1130/1075/1709 1131/1076/1710 1128/1073/1707 
s 1456
f 1129/1074/1708 1128/1073/1707 1132/1077/1711 
s 1457
f 1132/1077/1712 1133/1078/1713 1129/1074/1708 
s 1458
f 1133/1078/1713 1132/1077/1712 1092/1079/1714 
s 1459
f 1092/1079/1714 1134/1080/1715 1133/1078/1713 
s 1460
f 1134/1080/1715 1092/1079/1716 1095/1072/1706 
s 1461
f 1095/1072/1706 967/933/1462 1134/1080/1715 
s 1462
f 1096/1033/1664 1098/1035/1666 1132/1081/1717 
s 1463
f 1132/1081/1717 1128/1082/1718 1096/1033/1664 
s 1464
f 1132/1081/1719 1098/1035/1719 1093/1030/1660 
s 1465
f 1093/1030/1660 1092/1029/1659 1132/1081/1720 
s 1466
f 1135/1083/1721 1136/1084/1722 1137/1085/1723 
s 1467
f 1138/1086/1724 1139/1087/1725 1140/1088/1726 
s 1468
f 1140/1088/1727 1141/1089/1728 1138/1086/1724 
s 1469
f 1140/1088/1729 1135/1083/1721 1141/1089/1728 
s 1470
f 1142/1090/1730 1143/1091/1731 1138/1086/1724 
s 1471
f 1138/1086/1724 1141/1089/1728 1142/1090/1730 
s 1472
f 1144/1092/1732 1145/1093/1733 1143/1091/1731 
s 1473
f 1143/1091/1731 1142/1090/1730 1144/1092/1732 
s 1474
f 1146/1094/1734 1145/1093/1733 1144/1092/1732 
s 1475
f 1143/1091/1731 1147/1095/1735 1138/1086/1724 
s 1476
f 1143/1091/1731 1145/1093/1733 1148/1096/1736 
s 1477
f 1148/1096/1737 1147/1095/1735 1143/1091/1731 
s 1478
f 1148/1096/1737 1145/1093/1733 1146/1094/1734 
s 1479
f 934/898/1421 914/876/1397 1149/1097/1738 
s 1480
f 1149/1097/1738 1144/1092/1732 934/898/1421 
s 1481
f 1114/1052/1687 1127/1069/1739 1146/1094/1734 
s 1482
f 1146/1094/1734 1149/1097/1738 1111/1049/1684 
s 1483
f 1114/1052/1687 1146/1094/1734 1111/1049/1684 
s 1484
f 1150/1098/1740 1151/1099/1741 1147/1095/1735 
s 1485
f 1147/1095/1735 1148/1096/1736 1150/1098/1740 
s 1486
f 1152/1100/1742 1153/1101/1743 1151/1099/1741 
s 1487
f 1151/1099/1741 1150/1098/1740 1152/1100/1742 
s 1488
f 1154/1102/1744 1155/1103/1745 1156/1104/1746 
s 1489
f 1156/1104/1746 1157/1105/1747 1154/1102/1744 
s 1490
f 1156/1104/1746 1150/1100/1748 1148/1098/1749 
s 1491
f 1119/1060/1695 1107/1045/1680 1106/1044/1679 
s 1492
f 1107/1045/1680 1119/1060/1695 1158/1106/1750 
s 1493
f 1158/1106/1750 1110/1048/1683 1107/1045/1680 
s 1494
f 1137/1085/1723 1159/1107/1751 1160/1108/1752 
s 1495
f 1161/1109/1753 1102/1110/1754 1162/1111/1755 
s 1496
f 1162/1111/1755 1163/1112/1756 1161/1109/1753 
s 1497
f 1129/1074/1708 1164/1113/1757 1165/1114/1758 
s 1498
f 1165/1114/1758 1130/1075/1709 1129/1074/1708 
s 1499
f 1166/1115/1759 1167/1116/1760 1168/1117/1761 
s 1500
f 1168/1117/1761 1169/1118/1762 1170/1119/1763 
s 1501
f 1166/1115/1759 1168/1117/1761 1170/1119/1763 
s 1502
f 1131/1120/1764 1097/1034/1665 1096/1033/1664 
s 1503
f 1096/1033/1664 1128/1082/1718 1131/1120/1764 
s 1504
f 1162/1121/1765 1102/1040/1673 1101/1039/1672 
s 1505
f 1141/1089/1728 1171/1122/1766 1172/1123/1767 
s 1506
f 1172/1123/1767 1142/1090/1730 1141/1089/1728 
s 1507
f 1135/1083/1721 1137/1085/1723 1173/1124/1768 
s 1508
f 1144/1092/1732 1142/1090/1730 1172/1123/1767 
s 1509
f 1172/1123/1767 934/898/1421 1144/1092/1732 
s 1510
f 1136/1084/1722 1174/1125/1769 1175/1126/1770 
s 1511
f 1175/1126/1771 1176/1127/1772 1136/1084/1722 
s 1512
f 1141/1089/1728 1135/1083/1721 1177/1128/1773 
s 1513
f 1177/1128/1773 1171/1122/1766 1141/1089/1728 
s 1514
f 1146/1094/1774 1144/1092/1732 1149/1097/1738 
s 1515
f 1135/1083/1721 1140/1088/1729 1174/1125/1769 
s 1516
f 1135/1083/1721 1174/1125/1769 1136/1084/1722 
s 1517
f 1178/1129/1775 918/880/1401 917/879/1400 
s 1518
f 1159/1107/1776 1179/1130/1776 1180/1131/1776 
s 1519
f 1180/1131/1777 1160/1108/1752 1159/1107/1751 
s 1520
f 1179/1130/1778 1159/1107/1779 1181/1132/1780 
s 1521
f 916/878/1399 918/880/1401 1182/1133/1781 
s 1522
f 1100/1134/1782 922/884/1405 1183/1135/1783 
s 1523
f 1183/1135/1783 970/936/1465 1100/1134/1782 
s 1524
f 1184/1136/1784 1185/1137/1785 924/886/1408 
s 1525
f 1186/1138/1786 1184/1136/1784 924/886/1408 
s 1526
f 924/886/1408 1187/1139/1787 923/885/1406 
s 1527
f 924/886/1408 1185/1137/1785 1188/1140/1788 
s 1528
f 1189/1141/1789 1151/1099/1741 1153/1101/1743 
s 1529
f 1140/1088/1727 1139/1087/1725 1188/1140/1788 
s 1530
f 1140/1088/1727 1188/1140/1788 1185/1137/1785 
s 1531
f 1140/1088/1727 1185/1137/1785 1174/1125/1769 
s 1532
f 922/884/1405 923/885/1406 1183/1135/1783 
s 1533
f 970/936/1465 1183/1135/1783 1190/1142/1790 
s 1534
f 1190/1142/1790 968/934/1463 970/936/1465 
s 1535
f 1187/1139/1787 924/886/1408 1189/1141/1789 
s 1536
f 1189/1141/1789 1153/1101/1743 1187/1139/1787 
s 1537
f 1190/1142/1790 1183/1135/1783 923/885/1406 
s 1538
f 1153/1101/1743 1190/1142/1790 923/885/1406 
s 1539
f 923/885/1406 1187/1139/1787 1153/1101/1743 
s 1540
f 1179/1130/1778 1191/1143/1791 1180/1131/1792 
s 1541
f 1192/1144/1793 1193/1145/1794 1180/1131/1792 
s 1542
f 1192/1144/1793 1180/1131/1792 1191/1143/1791 
s 1543
f 1192/1144/1793 1191/1143/1791 1178/1129/1775 
s 1544
f 1098/1035/1795 1097/1146/1795 1099/1036/1667 
s 1545
f 1194/1147/1796 1173/1124/1768 1137/1085/1723 
s 1546
f 1137/1085/1723 1160/1108/1752 1194/1147/1796 
s 1547
f 1191/1143/1791 918/880/1401 1178/1129/1775 
s 1548
f 1176/1127/1797 1159/1107/1798 1137/1085/1723 
s 1549
f 1137/1085/1723 1136/1084/1722 1176/1127/1797 
s 1550
f 1185/1137/1785 1184/1136/1784 1175/1126/1770 
s 1551
f 1175/1126/1770 1174/1125/1769 1185/1137/1785 
s 1552
f 1161/1109/1753 1178/1129/1775 917/879/1400 
s 1553
f 917/879/1400 922/884/1405 1161/1109/1753 
s 1554
f 917/879/1400 916/878/1407 923/885/1406 
s 1555
f 1102/1110/1754 1161/1109/1753 922/884/1405 
s 1556
f 922/884/1405 1100/1134/1782 1102/1110/1754 
s 1557
f 1159/1107/1779 1176/1127/1799 1181/1132/1800 
s 1558
f 1175/1126/1771 1195/1148/1801 1181/1149/1802 
s 1559
f 1181/1149/1803 1176/1127/1799 1175/1126/1771 
s 1560
f 1186/1138/1804 1195/1148/1805 1175/1126/1805 
s 1561
f 1175/1126/1770 1184/1136/1784 1186/1138/1786 
s 1562
f 1181/1132/1806 1196/1150/1807 1179/1130/1808 
s 1563
f 1195/1148/1801 1182/1133/1781 1196/1150/1807 
s 1564
f 1196/1150/1807 1181/1149/1809 1195/1148/1809 
s 1565
f 924/886/1408 916/878/1407 1186/1138/1786 
s 1566
f 1182/1133/1781 1195/1148/1801 1186/1138/1804 
s 1567
f 1186/1138/1804 916/878/1810 1182/1133/1781 
s 1568
f 1191/1143/1791 1179/1130/1808 1196/1150/1807 
s 1569
f 1196/1150/1807 1182/1133/1781 918/880/1401 
s 1570
f 1191/1143/1791 1196/1150/1807 918/880/1401 
s 1571
f 1178/1129/1775 1161/1109/1753 1163/1112/1756 
s 1572
f 1163/1112/1756 1192/1144/1793 1178/1129/1775 
s 1573
f 1170/1119/1763 1169/1118/1762 1197/1151/1811 
s 1574
f 1198/1152/1812 1170/1119/1763 1199/1153/1813 
s 1575
f 1199/1153/1813 1200/1154/1814 1198/1152/1812 
s 1576
f 1201/1155/1815 1202/1156/1816 1198/1152/1812 
s 1577
f 1198/1152/1812 1200/1154/1814 1201/1155/1815 
s 1578
f 1201/1155/1815 967/933/1462 1203/1157/1817 
s 1579
f 1203/1157/1817 1202/1156/1816 1201/1155/1815 
s 1580
f 969/935/1464 1124/1065/1700 1203/1157/1817 
s 1581
f 1203/1157/1817 967/933/1462 969/935/1464 
s 1582
f 1198/1152/1812 1204/1158/1818 1166/1115/1759 
s 1583
f 1166/1115/1759 1170/1119/1763 1198/1152/1812 
s 1584
f 1202/1156/1816 1205/1159/1819 1204/1158/1818 
s 1585
f 1204/1158/1818 1198/1152/1812 1202/1156/1816 
s 1586
f 1203/1157/1817 1122/1063/1698 1205/1159/1819 
s 1587
f 1205/1159/1819 1202/1156/1816 1203/1157/1817 
s 1588
f 1124/1065/1700 1126/1067/1702 1122/1063/1698 
s 1589
f 1122/1063/1698 1203/1157/1817 1124/1065/1700 
s 1590
f 1167/1116/1760 1166/1115/1759 1206/1160/1820 
s 1591
f 1166/1115/1759 1204/1158/1818 1206/1160/1820 
s 1592
f 1205/1159/1819 1121/1062/1697 1206/1160/1820 
s 1593
f 1206/1160/1820 1204/1158/1818 1205/1159/1819 
s 1594
f 1207/1161/1821 1208/1162/1822 1209/1163/1823 
s 1595
f 1205/1159/1819 1122/1063/1698 1121/1062/1697 
s 1596
f 1122/1063/1698 1126/1067/1702 1120/1061/1696 
s 1597
f 924/886/1408 1188/1140/1788 1210/1164/1824 
s 1598
f 1210/1164/1824 1188/1140/1788 1139/1087/1725 
s 1599
f 1139/1087/1725 1138/1086/1724 1147/1095/1735 
s 1600
f 1147/1095/1735 1210/1164/1824 1139/1087/1725 
s 1601
f 1210/1164/1824 1147/1095/1735 1151/1099/1741 
s 1602
f 1151/1099/1741 1189/1141/1789 1210/1164/1824 
s 1603
f 1189/1141/1789 924/886/1408 1210/1164/1824 
s 1604
f 1211/1165/1825 1190/1142/1790 1153/1101/1743 
s 1605
f 1153/1101/1743 1152/1100/1742 1211/1165/1825 
s 1606
f 969/935/1464 968/934/1463 1190/1142/1790 
s 1607
f 1190/1142/1790 1211/1165/1826 969/935/1464 
s 1608
f 1211/1166/1827 1103/1041/1676 1105/1043/1678 
s 1609
f 1105/1043/1678 969/935/1464 1211/1166/1828 
s 1610
f 1133/1078/1713 1212/1167/1829 1164/1113/1757 
s 1611
f 1164/1113/1757 1129/1074/1708 1133/1078/1713 
s 1612
f 1134/1080/1715 1213/1168/1830 1212/1167/1829 
s 1613
f 1212/1167/1829 1133/1078/1713 1134/1080/1715 
s 1614
f 1197/1151/1811 1165/1114/1758 1164/1113/1757 
s 1615
f 1164/1113/1757 1199/1153/1813 1197/1151/1811 
s 1616
f 1197/1151/1811 1199/1153/1813 1170/1119/1763 
s 1617
f 1200/1154/1814 1199/1153/1813 1164/1113/1757 
s 1618
f 1213/1168/1830 1201/1155/1815 1200/1154/1814 
s 1619
f 1200/1154/1814 1212/1167/1829 1213/1168/1830 
s 1620
f 1213/1168/1830 1134/1080/1715 967/933/1462 
s 1621
f 1201/1155/1815 1213/1168/1830 967/933/1462 
s 1622
f 1160/1108/1752 1180/1131/1777 1193/1145/1794 
s 1623
f 1193/1145/1794 1194/1147/1796 1160/1108/1752 
s 1624
f 1214/1169/1831 1215/1170/1832 1216/866/1833 
s 1625
f 1216/866/1833 1217/1171/1834 1214/1169/1831 
s 1626
f 1218/1172/1835 1214/1169/1831 1217/1171/1834 
s 1627
f 1217/1171/1834 1219/1173/1836 1218/1172/1835 
s 1628
f 1218/1172/1835 1219/1173/1836 1120/1174/1837 
s 1629
f 903/899/1838 906/1175/1839 1220/1176/1840 
s 1630
f 1220/1176/1840 935/900/1423 903/899/1838 
s 1631
f 1221/1177/1841 1214/1169/1831 1218/1172/1835 
s 1632
f 1218/1172/1835 1109/1178/1842 1221/1177/1841 
s 1633
f 1109/1179/1843 1218/1180/1843 1120/1181/1843 
s 1634
f 1222/1182/1844 1223/1183/1845 1224/1184/1846 
s 1635
f 1130/1075/1709 1207/1161/1821 1225/1185/1847 
s 1636
f 1225/1185/1847 1131/1076/1710 1130/1075/1709 
s 1637
f 1209/1163/1848 1225/1185/1847 1207/1161/1821 
s 1638
f 1173/1124/1768 1177/1128/1773 1135/1083/1721 
s 1639
f 1226/1186/1849 1209/1163/1823 1208/1162/1822 
s 1640
f 1208/1162/1822 1227/1187/1850 1226/1186/1851 
s 1641
f 1223/1183/1845 1226/1186/1849 1227/1187/1850 
s 1642
f 1227/1187/1850 1224/1184/1846 1223/1183/1845 
s 1643
f 1228/1188/1852 1225/1189/1853 1209/1190/1854 
s 1644
f 1209/1190/1855 1229/1146/1856 1228/1188/1852 
s 1645
f 1230/1191/1857 1229/1146/1856 1209/1190/1858 
s 1646
f 1209/1190/1858 1226/1192/1859 1230/1191/1857 
s 1647
f 1231/1193/1860 1230/1191/1857 1226/1192/1859 
s 1648
f 1226/1192/1861 1223/1194/1862 1231/1193/1860 
s 1649
f 1097/1034/1665 1228/1188/1852 1229/1146/1856 
s 1650
f 1232/1195/1863 1233/1196/1864 1197/1151/1811 
s 1651
f 1234/1197/1865 1235/1198/1866 1233/1196/1864 
s 1652
f 1233/1196/1864 1232/1195/1863 1234/1197/1865 
s 1653
f 1234/1197/1865 1236/1199/1867 1237/1200/1868 
s 1654
f 1237/1200/1868 1235/1198/1866 1234/1197/1865 
s 1655
f 1238/1201/1869 1224/1184/1846 1237/1200/1868 
s 1656
f 1237/1200/1868 1236/1199/1867 1238/1201/1869 
s 1657
f 1238/1201/1869 1217/1171/1834 1216/866/1833 
s 1658
f 1216/866/1833 1224/1184/1846 1238/1201/1869 
s 1659
f 1168/1117/1761 1167/1116/1760 1239/1202/1870 
s 1660
f 1164/1113/1757 1212/1167/1829 1200/1154/1814 
s 1661
f 1168/1117/1761 1239/1202/1870 1232/1195/1863 
s 1662
f 1168/1117/1761 1232/1195/1863 1169/1118/1762 
s 1663
f 1236/1199/1867 1234/1197/1865 1240/1203/1871 
s 1664
f 1240/1203/1871 1241/1204/1872 1236/1199/1867 
s 1665
f 1234/1197/1865 1232/1195/1863 1239/1202/1870 
s 1666
f 1239/1202/1870 1240/1203/1871 1234/1197/1865 
s 1667
f 1241/1204/1872 1242/1205/1873 1238/1201/1869 
s 1668
f 1238/1201/1869 1236/1199/1867 1241/1204/1872 
s 1669
f 1242/1205/1873 1219/1173/1836 1217/1171/1834 
s 1670
f 1217/1171/1834 1238/1201/1869 1242/1205/1873 
s 1671
f 1239/1202/1870 1167/1116/1760 1206/1206/1874 
s 1672
f 1240/1203/1871 1239/1202/1870 1206/1206/1874 
s 1673
f 1241/1204/1872 1240/1203/1871 1206/1206/1874 
s 1674
f 1206/1206/1874 1121/1207/1875 1241/1204/1872 
s 1675
f 1242/1205/1873 1241/1204/1872 1121/1207/1875 
s 1676
f 1120/1174/1837 1219/1173/1836 1242/1205/1873 
s 1677
f 1242/1205/1873 1121/1207/1875 1120/1174/1837 
s 1678
f 1243/1208/1876 1110/1209/1877 1158/1210/1878 
s 1679
f 1244/1211/1879 1245/1212/1880 1246/1213/1881 
s 1680
f 1162/1111/1755 1247/1214/1882 961/927/1455 
s 1681
f 961/927/1455 1163/1112/1756 1162/1111/1755 
s 1682
f 1165/1114/1758 1248/1215/1883 1207/1161/1821 
s 1683
f 1207/1161/1821 1130/1075/1709 1165/1114/1758 
s 1684
f 1228/1188/1852 1097/1034/1665 1131/1120/1764 
s 1685
f 1131/1120/1764 1225/1189/1853 1228/1188/1852 
s 1686
f 1247/1216/1884 1162/1121/1765 1101/1039/1672 
s 1687
f 1172/1123/1767 1171/1122/1766 930/892/1414 
s 1688
f 930/892/1414 929/891/1413 1172/1123/1767 
s 1689
f 1249/1217/1885 1177/1128/1773 1173/1124/1768 
s 1690
f 1173/1124/1768 1245/1212/1880 1249/1217/1885 
s 1691
f 1172/1123/1767 929/891/1413 932/894/1416 
s 1692
f 932/894/1416 934/898/1421 1172/1123/1767 
s 1693
f 1250/1218/1886 1251/1219/1887 1252/1220/1888 
s 1694
f 1252/1220/1888 1253/1221/1889 1250/1218/1886 
s 1695
f 1177/1128/1773 1249/1217/1885 930/892/1414 
s 1696
f 930/892/1414 1171/1122/1766 1177/1128/1773 
s 1697
f 932/894/1416 907/895/1417 915/877/1398 
s 1698
f 1252/1220/1888 1251/1219/1887 1254/1222/1890 
s 1699
f 1252/1220/1888 1254/1222/1891 1249/1217/1885 
s 1700
f 1252/1220/1888 1249/1217/1885 1245/1212/1880 
s 1701
f 1249/1217/1885 1254/1222/1891 930/892/1414 
s 1702
f 1254/1222/1892 1255/1223/1893 927/889/1411 
s 1703
f 927/889/1411 930/892/1414 1254/1222/1891 
s 1704
f 1229/1146/1856 1230/1191/1857 1099/1036/1667 
s 1705
f 1230/1191/1857 1231/1193/1668 1099/1036/1667 
s 1706
f 1231/1193/1894 1222/1224/1894 1101/1039/1672 
s 1707
f 1222/1224/1895 1256/1225/1896 1101/1039/1672 
s 1708
f 1256/1225/1896 1247/1216/1884 1101/1039/1672 
s 1709
f 1101/1039/1672 1099/1036/1667 1231/1193/1897 
s 1710
f 1231/1193/1898 1223/1194/1862 1222/1224/1895 
s 1711
f 906/1226/1899 1215/1170/1832 1221/1177/1841 
s 1712
f 1221/1177/1841 1220/1227/1900 906/1226/1901 
s 1713
f 1221/1177/1841 1215/1170/1832 1214/1169/1831 
s 1714
f 1243/1208/1876 1221/1177/1841 1109/1178/1842 
s 1715
f 1109/1178/1842 1110/1209/1877 1243/1208/1876 
s 1716
f 1257/1228/1902 910/872/1393 913/875/1396 
s 1717
f 913/875/1396 935/900/1423 1257/1228/1902 
s 1718
f 1258/1229/1903 1257/1228/1902 935/900/1423 
s 1719
f 935/900/1423 1220/1176/1840 1258/1229/1903 
s 1720
f 1243/1208/1876 1258/1230/1904 1220/1227/1900 
s 1721
f 1220/1227/1900 1221/1177/1841 1243/1208/1876 
s 1722
f 911/873/1394 910/872/1393 1259/1231/1905 
s 1723
f 1259/1231/1905 1116/1056/1691 911/873/1394 
s 1724
f 1260/1232/1906 1259/1231/1905 910/872/1393 
s 1725
f 910/872/1393 1257/1228/1902 1260/1232/1906 
s 1726
f 1261/1233/1907 1260/1232/1906 1257/1228/1902 
s 1727
f 1257/1228/1902 1258/1229/1903 1261/1233/1907 
s 1728
f 1262/1234/1908 1261/1235/1909 1258/1230/1904 
s 1729
f 1258/1230/1904 1243/1208/1876 1262/1234/1908 
s 1730
f 1158/1210/1878 1262/1234/1908 1243/1208/1876 
s 1731
f 1245/1212/1880 1173/1124/1768 1194/1147/1796 
s 1732
f 1194/1147/1796 1246/1213/1881 1245/1212/1880 
s 1733
f 1163/1112/1756 961/927/1455 925/887/1409 
s 1734
f 925/887/1409 1192/1144/1793 1163/1112/1756 
s 1735
f 1245/1212/1880 1244/1211/1879 1253/1221/1910 
s 1736
f 1253/1221/1910 1252/1220/1888 1245/1212/1880 
s 1737
f 1250/1218/1886 1263/1236/1911 1264/1237/1912 
s 1738
f 1264/1237/1912 1251/1219/1887 1250/1218/1886 
s 1739
f 966/932/1460 1265/1238/1913 963/929/1457 
s 1740
f 962/928/1456 961/927/1455 1247/1214/1882 
s 1741
f 1247/1214/1882 1256/1239/1914 962/928/1456 
s 1742
f 1253/1221/1915 1244/1211/1916 1266/1240/1917 
s 1743
f 1266/1241/1918 1267/1242/1919 1250/1218/1920 
s 1744
f 1250/1218/1920 1253/1221/1915 1266/1241/1921 
s 1745
f 1268/1243/1922 1263/1236/1911 1250/1218/1886 
s 1746
f 1250/1218/1923 1267/1242/1923 1268/1243/1924 
s 1747
f 1269/1244/1925 1266/1240/1926 1270/1245/1927 
s 1748
f 1269/1244/1925 919/881/1402 1267/1242/1928 
s 1749
f 1267/1242/1928 1266/1241/1921 1269/1244/1925 
s 1750
f 921/883/1404 920/882/1403 926/888/1410 
s 1751
f 1268/1243/1924 1267/1242/1919 919/881/1402 
s 1752
f 919/881/1402 921/883/1929 1268/1243/1924 
s 1753
f 1269/1244/1925 1270/1245/1927 1271/1246/1930 
s 1754
f 1269/1244/1925 1271/1246/1930 920/882/1403 
s 1755
f 1269/1244/1925 920/882/1403 919/881/1402 
s 1756
f 1271/1246/1930 925/887/1409 920/882/1403 
s 1757
f 1148/1098/1749 1157/1105/1747 1156/1104/1746 
s 1758
f 1156/1104/1746 1155/1103/1931 1272/1247/1931 
s 1759
f 1272/1247/1932 1273/1248/1933 1274/1249/1934 
s 1760
f 1274/1249/1934 1211/935/1935 1152/1165/1936 
s 1761
f 1272/1247/1937 1274/1249/1934 1152/1165/1936 
s 1762
f 1156/1104/1746 1272/1247/1937 1152/1165/1936 
s 1763
f 1156/1104/1746 1152/1165/1936 1150/1100/1748 
s 1764
f 1272/1247/1932 1155/1103/1938 1154/1102/1938 
s 1765
f 1272/1247/1939 1154/1102/1940 1275/1250/1941 
s 1766
f 1272/1247/1939 1275/1250/1941 1276/1251/1942 
s 1767
f 1272/1247/1943 1276/1251/1942 1273/1248/1933 
s 1768
f 1127/1252/1944 1276/1251/1942 1275/1250/1941 
s 1769
f 1275/1250/1941 1154/1102/1945 1127/1252/1944 
s 1770
f 1273/1248/1933 1276/1251/1942 1277/1253/1946 
s 1771
f 1277/1253/1947 1274/1249/1934 1273/1248/1933 
s 1772
f 1277/1253/1946 1211/935/1948 1274/1254/1948 
s 1773
f 1211/935/1949 1277/1253/1949 1103/1166/1950 
s 1774
f 1277/1253/1947 1276/1251/1942 1103/1166/1950 
s 1775
f 1127/1252/1944 1154/1102/1951 1146/1255/1952 
s 1776
f 1157/1105/1747 1148/1098/1953 1146/1255/1953 
s 1777
f 1146/1255/1952 1154/1102/1954 1157/1105/1747 
s 1778
f 1127/1252/1944 1103/1166/1950 1276/1251/1942 
s 1779
f 912/874/1395 911/873/1394 1112/1050/1685 
s 1780
f 1112/1050/1685 1111/1049/1684 912/874/1395 
s 1781
f 1149/1097/1738 914/876/1397 912/874/1395 
s 1782
f 912/874/1395 1111/1049/1684 1149/1097/1738 
s 1783
f 1097/1035/1955 1229/1146/1856 1099/1036/1667 
s 1784
f 1255/1223/1893 1278/1256/1956 933/896/1418 
s 1785
f 1278/1256/1956 938/902/1427 937/901/1426 
s 1786
f 937/901/1426 933/896/1418 1278/1256/1956 
s 1787
f 965/931/1459 938/902/1427 1278/1256/1956 
s 1788
f 939/903/1428 1265/1238/1913 905/905/1957 
s 1789
f 905/905/1957 940/904/1429 939/903/1428 
s 1790
f 1279/1257/1958 1224/1184/1846 1216/866/1833 
s 1791
f 905/867/1959 1216/866/1833 1215/1170/1832 
s 1792
f 1215/1170/1832 906/1226/1901 905/867/1960 
s 1793
f 1216/866/1833 905/905/1961 1265/1238/1913 
s 1794
f 1265/1238/1913 1279/1257/1958 1216/866/1833 
s 1795
f 1248/1215/1883 1280/1258/1962 1208/1162/1822 
s 1796
f 1208/1162/1822 1207/1161/1821 1248/1215/1883 
s 1797
f 1280/1258/1962 1281/1259/1963 1227/1187/1850 
s 1798
f 1227/1187/1850 1208/1162/1822 1280/1258/1962 
s 1799
f 1248/1215/1883 1165/1114/1758 1197/1151/1811 
s 1800
f 1197/1151/1811 1233/1196/1864 1248/1215/1883 
s 1801
f 1235/1198/1866 1280/1258/1962 1248/1215/1883 
s 1802
f 1248/1215/1883 1233/1196/1864 1235/1198/1866 
s 1803
f 1235/1198/1866 1237/1200/1868 1281/1259/1963 
s 1804
f 1281/1259/1963 1280/1258/1962 1235/1198/1866 
s 1805
f 1227/1187/1850 1281/1259/1963 1224/1184/1846 
s 1806
f 1281/1259/1963 1237/1200/1868 1224/1184/1846 
s 1807
f 1193/1145/1794 1282/1260/1964 1246/1213/1881 
s 1808
f 1246/1213/1881 1194/1147/1796 1193/1145/1794 
s 1809
f 1197/1151/1811 1169/1118/1762 1232/1195/1863 
s 1810
f 1244/1211/1879 1246/1213/1881 1282/1260/1965 
s 1811
f 1282/1260/1966 1270/1245/1927 1244/1211/1966 
s 1812
f 1244/1211/1916 1270/1245/1927 1266/1240/1967 
s 1813
f 965/931/1459 921/883/1461 963/929/1457 
s 1814
f 966/932/1460 962/928/1456 1256/1239/1914 
s 1815
f 1256/1239/1914 1222/1182/1968 966/932/1460 
s 1816
f 1264/1237/1912 1263/1236/1911 965/931/1459 
s 1817
f 1263/1236/1911 1268/1243/1922 965/931/1459 
s 1818
f 1268/1243/1922 921/883/1461 965/931/1459 
s 1819
f 1264/1237/1912 965/931/1459 1283/1261/1969 
s 1820
f 1254/1222/1891 1251/1219/1887 1264/1237/1912 
s 1821
f 1254/1222/1891 1264/1237/1912 1283/1261/1969 
s 1822
f 1254/1222/1891 1283/1261/1969 1255/1223/1893 
s 1823
f 1265/1238/1913 966/932/1460 1222/1182/1968 
s 1824
f 1222/1182/1968 1279/1257/1958 1265/1238/1913 
s 1825
f 1279/1257/1958 1222/1182/1968 1224/1184/1846 
s 1826
f 938/902/1427 965/931/1459 964/930/1458 
s 1827
f 964/930/1458 939/903/1428 938/902/1427 
s 1828
f 939/903/1428 964/930/1458 963/929/1457 
s 1829
f 963/929/1457 1265/1238/1913 939/903/1428 
s 1830
f 1192/1144/1793 925/887/1409 1271/1246/1930 
s 1831
f 1192/1144/1793 1271/1246/1930 1282/1260/1965 
s 1832
f 1192/1144/1793 1282/1260/1965 1193/1145/1794 
s 1833
f 1271/1246/1930 1270/1245/1927 1282/1260/1965 
s 1834
f 1283/1261/1969 965/931/1459 1278/1256/1956 
s 1835
f 1283/1261/1969 1278/1256/1956 1255/1223/1893 
s 1836
f 933/896/1418 927/889/1411 1255/1223/1893 
s 11
f 1284/284/1970 1285/285/1971 1286/286/1972 
s 12
f 1285/285/1971 1284/284/1970 1287/287/1973 
s 42
f 1288/275/1974 1289/276/1974 1290/277/1974 
s 43
f 1290/275/1975 1289/276/1975 1291/277/1975 
s 44
f 1292/275/1976 1293/276/1976 1294/277/1976 
s 45
f 1294/275/1977 1293/276/1977 1295/277/1977 
s 46
f 1295/275/1978 1293/276/1978 1292/277/1978 
s 54
f 1296/275/1979 1297/276/1979 1298/277/1979 
s 1
f 1299/1262/1980 1300/1263/1981 1301/1264/1981 
s 2
f 1301/1264/1982 1302/1265/1983 1299/1262/1982 
s 3
f 1300/1266/1984 1303/1267/1984 1304/1268/1984 
s 4
f 1304/1268/1984 1301/1264/1984 1300/1266/1984 
s 5
f 1303/1269/1985 1305/1270/1986 1306/1271/1987 
s 6
f 1306/1271/1987 1304/1268/1988 1303/1269/1985 
s 7
f 1305/1270/1986 1307/1272/1989 1308/1273/1990 
s 8
f 1308/1273/1990 1306/1271/1991 1305/1270/1991 
s 9
f 1307/1272/1989 1309/1274/1992 1310/1275/1993 
s 10
f 1310/1275/1993 1308/1273/1990 1307/1272/1989 
s 11
f 1309/1276/1994 1311/1277/1994 1312/1278/1994 
s 12
f 1312/1278/1994 1310/1275/1994 1309/1276/1994 
s 13
f 1312/1278/1995 1313/1279/1996 1308/1273/1997 
s 14
f 1308/1273/1997 1310/1275/1998 1312/1278/1995 
s 15
f 1313/1279/1996 1302/1265/1983 1306/1271/1999 
s 16
f 1306/1271/1999 1308/1273/2000 1313/1279/1996 
s 17
f 1302/1265/1983 1301/1264/2001 1304/1268/2002 
s 18
f 1304/1268/2002 1306/1271/1999 1302/1265/1983 
s 19
f 1311/1280/2003 1314/1281/2004 1313/1279/1996 
s 20
f 1313/1279/1996 1312/1278/2005 1311/1280/2003 
s 21
f 1314/1281/2004 1299/1262/1980 1302/1265/1983 
s 22
f 1302/1265/1983 1313/1279/1996 1314/1281/2004 
s 1
f 1315/1263/2006 1316/1262/2007 1317/1264/2006 
s 2
f 1318/1265/2008 1317/1264/2009 1316/1262/2009 
s 3
f 1319/1267/2010 1315/1266/2010 1320/1268/2010 
s 4
f 1317/1264/2010 1320/1268/2010 1315/1266/2010 
s 5
f 1321/1270/2011 1319/1269/2012 1322/1271/2013 
s 6
f 1320/1268/2014 1322/1271/2013 1319/1269/2012 
s 7
f 1323/1272/2015 1321/1270/2011 1324/1273/2016 
s 8
f 1322/1271/2017 1324/1273/2016 1321/1270/2017 
s 9
f 1325/1274/2018 1323/1272/2015 1326/1275/2019 
s 10
f 1324/1273/2016 1326/1275/2019 1323/1272/2015 
s 11
f 1327/1277/2020 1325/1276/2020 1328/1278/2020 
s 12
f 1326/1275/2020 1328/1278/2020 1325/1276/2020 
s 13
f 1329/1279/2021 1328/1278/2022 1324/1273/2023 
s 14
f 1326/1275/2024 1324/1273/2023 1328/1278/2022 
s 15
f 1318/1265/2008 1329/1279/2021 1322/1271/2025 
s 16
f 1324/1273/2026 1322/1271/2025 1329/1279/2021 
s 17
f 1317/1264/2027 1318/1265/2008 1320/1268/2028 
s 18
f 1322/1271/2025 1320/1268/2028 1318/1265/2008 
s 19
f 1330/1281/2029 1327/1280/2030 1329/1279/2021 
s 20
f 1328/1278/2031 1329/1279/2021 1327/1280/2030 
s 21
f 1316/1262/2007 1330/1281/2029 1318/1265/2008 
s 22
f 1329/1279/2021 1318/1265/2008 1330/1281/2029 
s 1
f 1331/1262/2032 1332/1263/2033 1333/1264/2034 
s 2
f 1333/1264/2035 1334/1265/2036 1331/1262/2035 
s 3
f 1332/1266/2037 1335/1267/2037 1336/1268/2038 
s 4
f 1336/1268/2037 1333/1264/2037 1332/1266/2037 
s 5
f 1335/1269/2039 1337/1270/2040 1338/1271/2041 
s 6
f 1338/1271/2041 1336/1268/2042 1335/1269/2039 
s 7
f 1337/1270/2040 1339/1272/2043 1340/1273/2044 
s 8
f 1340/1273/2044 1338/1271/2045 1337/1270/2045 
s 9
f 1339/1272/2043 1341/1274/2046 1342/1275/2047 
s 10
f 1342/1275/2047 1340/1273/2044 1339/1272/2043 
s 11
f 1341/1276/2048 1343/1277/2048 1344/1278/2049 
s 12
f 1344/1278/2049 1342/1275/2050 1341/1276/2048 
s 13
f 1344/1278/2049 1345/1279/2051 1340/1273/2052 
s 14
f 1340/1273/2052 1342/1275/2050 1344/1278/2049 
s 15
f 1345/1279/2051 1334/1265/2036 1338/1271/2053 
s 16
f 1338/1271/2053 1340/1273/2054 1345/1279/2051 
s 17
f 1334/1265/2036 1333/1264/2034 1336/1268/2038 
s 18
f 1336/1268/2038 1338/1271/2053 1334/1265/2036 
s 19
f 1343/1280/2055 1346/1281/2056 1345/1279/2051 
s 20
f 1345/1279/2051 1344/1278/2049 1343/1280/2055 
s 21
f 1346/1281/2056 1331/1262/2032 1334/1265/2036 
s 22
f 1334/1265/2036 1345/1279/2051 1346/1281/2056 
s 1
f 1347/1282/2057 1348/1283/2058 1349/1284/2059 
s 2
f 1348/1283/2058 1350/1285/2060 1349/1284/2061 
s 3
f 1348/1283/2058 1351/1286/2062 1350/1285/2060 
s 4
f 1351/1286/2063 1352/1287/2064 1350/1285/2060 
s 5
f 1350/1285/2060 1352/1287/2064 1353/1288/2065 
s 6
f 1352/1287/2064 1354/1289/2066 1353/1288/2065 
s 7
f 1353/1288/2065 1354/1289/2066 1355/1290/2067 
s 8
f 1354/1289/2068 1356/1291/2069 1355/1290/2067 
s 9
f 1355/1290/2067 1356/1291/2069 1357/1292/2070 
s 10
f 1356/1293/2071 1358/1294/2071 1357/1295/2071 
s 11
f 1358/1296/2072 1359/1297/2073 1360/1298/2074 
s 12
f 1358/1296/2072 1360/1298/2074 1349/1299/2075 
s 13
f 1358/1296/2072 1349/1299/2075 1350/1300/2076 
s 14
f 1358/1296/2072 1350/1300/2076 1353/1301/2077 
s 15
f 1358/1296/2072 1353/1301/2077 1355/1302/2078 
s 16
f 1358/1296/2079 1355/1302/2079 1357/1303/2079 
s 17
f 1361/1304/2080 1362/1305/2080 1363/1306/2080 
s 18
f 1363/1304/2081 1362/1305/2081 1364/1306/2081 
s 19
f 1364/1304/2082 1362/1305/2082 1361/1306/2082 
s 20
f 1365/1289/2083 1366/1291/2084 1367/1290/2085 
s 21
f 1367/1290/2085 1366/1291/2084 1368/1292/2086 
s 22
f 1366/1293/2087 1369/1294/2087 1368/1295/2087 
s 23
f 1369/1296/2088 1370/1297/2089 1371/1298/2090 
s 24
f 1369/1296/2088 1371/1298/2090 1372/1299/2091 
s 25
f 1369/1296/2088 1372/1299/2091 1373/1300/2092 
s 26
f 1369/1296/2088 1373/1300/2092 1374/1301/2093 
s 27
f 1369/1296/2088 1374/1301/2093 1367/1302/2094 
s 28
f 1369/1296/2088 1367/1302/2094 1368/1303/2095 
s 29
f 1358/1307/2096 1347/1308/2097 1375/1309/2098 
s 30
f 1358/1307/2096 1348/1310/2099 1347/1308/2097 
s 31
f 1358/1307/2096 1351/1311/2100 1348/1310/2099 
s 32
f 1358/1307/2101 1352/1312/2102 1351/1311/2103 
s 33
f 1358/1307/2101 1354/1313/2104 1352/1312/2102 
s 34
f 1358/1307/2101 1356/1314/2105 1354/1313/2104 
s 35
f 1358/1315/2106 1375/1316/2106 1359/1317/2106 
s 36
f 1375/1318/2107 1360/1319/2108 1359/1320/2109 
s 37
f 1375/1318/2107 1347/1282/2057 1360/1319/2108 
s 38
f 1347/1282/2057 1349/1284/2061 1360/1319/2108 
s 39
f 1376/1304/2110 1377/1305/2110 1378/1306/2110 
s 40
f 1378/1304/2111 1377/1305/2111 1379/1306/2111 
s 41
f 1379/1304/2112 1377/1305/2112 1376/1306/2112 
s 42
f 1380/1304/2113 1381/1305/2113 1382/1306/2113 
s 43
f 1382/1304/2114 1381/1305/2114 1383/1306/2114 
s 44
f 1383/1304/2115 1381/1305/2115 1380/1306/2115 
s 45
f 1384/1304/2116 1385/1305/2116 1386/1306/2116 
s 46
f 1386/1304/2117 1385/1305/2117 1387/1306/2117 
s 47
f 1387/1304/2118 1385/1305/2118 1384/1306/2118 
s 48
f 1388/1321/2119 1389/1322/2120 1390/1323/2121 
s 49
f 1389/1322/2120 1391/1324/2122 1392/1325/2123 
s 50
f 1393/1326/2124 1392/1325/2123 1394/1327/2125 
s 51
f 1391/1324/2122 1394/1327/2125 1392/1325/2123 
s 52
f 1395/1328/2126 1393/1326/2124 1396/1329/2127 
s 53
f 1394/1327/2125 1396/1329/2127 1393/1326/2124 
s 54
f 1397/1330/2128 1388/1331/2129 1398/1332/2130 
s 55
f 1396/1333/2131 1397/1334/2132 1395/1335/2131 
s 56
f 1395/1336/2133 1397/1334/2134 1393/1337/2135 
s 57
f 1397/1334/2134 1392/1338/2136 1393/1337/2135 
s 58
f 1397/1334/2134 1390/1339/2137 1392/1338/2136 
s 59
f 1397/1330/2128 1394/1340/2138 1391/1341/2139 
s 60
f 1389/1342/2140 1397/1330/2128 1391/1341/2139 
s 61
f 1396/1343/2141 1394/1340/2138 1397/1330/2128 
s 62
f 1389/1342/2140 1388/1331/2129 1397/1330/2128 
s 63
f 1399/1307/2142 1400/1308/2143 1401/1309/2143 
s 64
f 1399/1307/2142 1402/1310/2144 1400/1308/2145 
s 65
f 1399/1307/2142 1403/1311/2146 1402/1310/2144 
s 66
f 1399/1307/2142 1404/1312/2147 1403/1311/2146 
s 67
f 1405/1344/2148 1398/1345/2149 1390/1323/2121 
s 68
f 1390/1323/2121 1406/1346/2150 1407/1347/2151 
s 69
f 1407/1347/2151 1405/1344/2148 1390/1323/2121 
s 70
f 1408/1348/2152 1407/1347/2151 1406/1346/2150 
s 71
f 1406/1346/2150 1409/1349/2153 1410/1350/2154 
s 72
f 1410/1350/2154 1408/1348/2152 1406/1346/2150 
s 73
f 1409/1349/2153 1411/1351/2155 1412/1352/2156 
s 74
f 1412/1352/2156 1410/1350/2154 1409/1349/2153 
s 75
f 1405/1353/2157 1397/1330/2128 1398/1332/2130 
s 76
f 1397/1334/2132 1412/1354/2158 1411/1355/2158 
s 77
f 1397/1334/2134 1411/1355/2159 1409/1356/2160 
s 78
f 1406/1357/2161 1397/1334/2134 1409/1356/2160 
s 79
f 1390/1339/2137 1397/1334/2134 1406/1357/2161 
s 80
f 1410/1358/2162 1397/1330/2128 1408/1359/2163 
s 81
f 1397/1330/2128 1407/1360/2164 1408/1359/2163 
s 82
f 1410/1358/2162 1412/1361/2165 1397/1330/2128 
s 83
f 1405/1353/2157 1407/1360/2164 1397/1330/2128 
s 84
f 1398/1345/2149 1388/1321/2119 1390/1323/2121 
s 85
f 1392/1325/2123 1390/1323/2121 1389/1322/2120 
s 86
f 1399/1296/2166 1413/1301/2167 1414/1302/2168 
s 87
f 1399/1296/2166 1414/1302/2168 1415/1303/2169 
s 88
f 1369/1307/2170 1416/1308/2171 1417/1309/2172 
s 89
f 1369/1307/2170 1418/1310/2173 1416/1308/2171 
s 90
f 1369/1307/2170 1419/1311/2174 1418/1310/2173 
s 91
f 1369/1307/2170 1420/1312/2175 1419/1311/2174 
s 92
f 1369/1307/2170 1365/1313/2176 1420/1312/2175 
s 93
f 1369/1307/2170 1366/1314/2177 1365/1313/2176 
s 94
f 1369/1315/2178 1417/1316/2178 1370/1317/2178 
s 95
f 1417/1318/2179 1371/1319/2180 1370/1320/2181 
s 96
f 1417/1318/2179 1416/1282/2182 1371/1319/2180 
s 97
f 1416/1282/2182 1372/1284/2183 1371/1319/2180 
s 98
f 1416/1282/2182 1418/1283/2184 1372/1284/2183 
s 99
f 1418/1283/2184 1373/1285/2185 1372/1284/2183 
s 100
f 1418/1283/2184 1419/1286/2186 1373/1285/2185 
s 101
f 1419/1286/2186 1420/1287/2187 1373/1285/2185 
s 102
f 1373/1285/2185 1420/1287/2187 1374/1288/2188 
s 103
f 1420/1287/2187 1365/1289/2083 1374/1288/2188 
s 104
f 1374/1288/2188 1365/1289/2083 1367/1290/2189 
s 105
f 1399/1307/2142 1421/1313/2190 1404/1312/2147 
s 106
f 1399/1307/2142 1422/1314/2191 1421/1313/2190 
s 107
f 1399/1315/2192 1401/1316/2192 1423/1317/2192 
s 108
f 1401/1318/2193 1424/1319/2194 1423/1320/2195 
s 109
f 1401/1318/2193 1400/1282/2196 1424/1319/2194 
s 110
f 1400/1282/2196 1425/1284/2197 1424/1319/2194 
s 111
f 1400/1282/2196 1402/1283/2198 1425/1284/2197 
s 112
f 1402/1283/2198 1426/1285/2199 1425/1284/2197 
s 113
f 1402/1283/2198 1403/1286/2200 1426/1285/2199 
s 114
f 1403/1286/2200 1404/1287/2201 1426/1285/2199 
s 115
f 1426/1285/2199 1404/1287/2201 1413/1288/2202 
s 116
f 1404/1287/2201 1421/1289/2203 1413/1288/2202 
s 117
f 1413/1288/2202 1421/1289/2203 1414/1290/2204 
s 118
f 1421/1289/2203 1422/1291/2205 1414/1290/2204 
s 119
f 1414/1290/2204 1422/1291/2205 1415/1292/2206 
s 120
f 1422/1293/2207 1399/1294/2207 1415/1295/2207 
s 121
f 1399/1296/2166 1423/1297/2208 1424/1298/2209 
s 122
f 1399/1296/2166 1424/1298/2209 1425/1299/2210 
s 123
f 1399/1296/2166 1425/1299/2210 1426/1300/2211 
s 124
f 1399/1296/2166 1426/1300/2211 1413/1301/2167 
s 1
f 1427/1262/2212 1428/1263/2213 1429/1264/2213 
s 2
f 1429/1264/2214 1430/1265/2215 1427/1262/2214 
s 3
f 1428/1266/2216 1431/1267/2216 1432/1268/2216 
s 4
f 1432/1268/2217 1429/1264/2217 1428/1266/2217 
s 5
f 1431/1269/2218 1433/1270/2219 1434/1271/2220 
s 6
f 1434/1271/2220 1432/1268/2221 1431/1269/2218 
s 7
f 1433/1270/2219 1435/1272/2222 1436/1273/2223 
s 8
f 1436/1273/2223 1434/1271/2224 1433/1270/2224 
s 9
f 1435/1272/2222 1437/1274/2225 1438/1275/2226 
s 10
f 1438/1275/2226 1436/1273/2223 1435/1272/2222 
s 11
f 1437/1276/2227 1439/1277/2228 1440/1278/2229 
s 12
f 1440/1278/2229 1438/1275/2230 1437/1276/2227 
s 13
f 1440/1278/2231 1441/1279/2232 1436/1273/2233 
s 14
f 1436/1273/2233 1438/1275/2234 1440/1278/2231 
s 15
f 1441/1279/2232 1430/1265/2215 1434/1271/2235 
s 16
f 1434/1271/2235 1436/1273/2236 1441/1279/2232 
s 17
f 1430/1265/2215 1429/1264/2237 1432/1268/2238 
s 18
f 1432/1268/2238 1434/1271/2235 1430/1265/2215 
s 19
f 1439/1280/2239 1442/1281/2240 1441/1279/2232 
s 20
f 1441/1279/2232 1440/1278/2241 1439/1280/2239 
s 21
f 1442/1281/2240 1427/1262/2212 1430/1265/2215 
s 22
f 1430/1265/2215 1441/1279/2232 1442/1281/2240 
s 1
f 1443/1362/2242 1444/1363/2242 1445/1364/2242 
s 2
f 1444/1363/2242 1446/1365/2242 1445/1364/2242 
s 3
f 1446/1365/2242 1447/1366/2242 1445/1364/2242 
s 4
f 1444/1363/2242 1448/1367/2242 1446/1365/2242 
s 5
f 1448/1367/2242 1449/1368/2242 1446/1365/2242 
s 6
f 1444/1363/2242 1450/1369/2242 1448/1367/2242 
s 7
f 1451/1370/2243 1452/1371/2243 1453/1372/2243 
s 8
f 1454/1373/2243 1455/1374/2243 1451/1370/2243 
s 9
f 1454/1375/2244 1456/1376/2245 1443/1377/2246 
s 10
f 1443/1377/2246 1445/1378/2244 1454/1375/2244 
s 11
f 1456/1376/2245 1457/1379/2247 1444/1380/2247 
s 12
f 1444/1380/2247 1443/1377/2246 1456/1376/2245 
s 13
f 1457/1379/2247 1458/1381/2248 1450/1382/2249 
s 14
f 1450/1382/2249 1444/1380/2247 1457/1379/2247 
s 15
f 1458/1381/2248 1453/1383/2250 1448/1384/2250 
s 16
f 1448/1384/2250 1450/1382/2251 1458/1381/2251 
s 17
f 1453/1383/2250 1452/1385/2252 1449/1386/2253 
s 18
f 1449/1386/2253 1448/1384/2250 1453/1383/2250 
s 19
f 1452/1385/2252 1451/1387/2254 1446/1388/2254 
s 20
f 1446/1388/2254 1449/1386/2253 1452/1385/2252 
s 21
f 1451/1389/2255 1455/1390/2256 1447/1391/2257 
s 22
f 1447/1391/2257 1446/1392/2255 1451/1389/2255 
s 23
f 1455/1390/2256 1454/1375/2244 1445/1378/2244 
s 24
f 1445/1378/2244 1447/1391/2257 1455/1390/2256 
s 25
f 1459/1393/2242 1460/1394/2242 1461/1395/2242 
s 26
f 1459/1393/2242 1462/1396/2242 1460/1394/2242 
s 27
f 1463/1397/2242 1464/1398/2242 1465/1399/2242 
s 28
f 1464/1398/2242 1466/1400/2242 1465/1399/2242 
s 29
f 1466/1400/2242 1467/1401/2242 1465/1399/2242 
s 30
f 1464/1398/2242 1468/1402/2242 1466/1400/2242 
s 31
f 1464/1403/2258 1463/1404/2258 1469/1405/2259 
s 32
f 1469/1405/2259 1470/1406/2260 1464/1403/2261 
s 33
f 1463/1404/2262 1465/1407/2262 1471/1408/2262 
s 34
f 1471/1408/2262 1469/1405/2259 1463/1404/2262 
s 35
f 1465/1409/2263 1467/1410/2264 1472/1411/2264 
s 36
f 1472/1411/2264 1471/1412/2263 1465/1409/2263 
s 37
f 1467/1410/2264 1466/1413/2265 1473/1414/2266 
s 38
f 1473/1414/2266 1472/1411/2264 1467/1410/2264 
s 39
f 1466/1413/2267 1468/1415/2268 1474/1416/2268 
s 40
f 1474/1416/2268 1473/1414/2266 1466/1413/2267 
s 41
f 1468/1415/2268 1464/1403/2261 1470/1406/2260 
s 42
f 1470/1406/2260 1474/1416/2268 1468/1415/2268 
s 43
f 1475/1417/2243 1476/1418/2243 1477/1393/2243 
s 44
f 1476/1418/2243 1478/1394/2243 1477/1393/2243 
s 45
f 1478/1394/2243 1479/1396/2243 1477/1393/2243 
s 46
f 1476/1418/2243 1480/1395/2243 1478/1394/2243 
s 47
f 1476/1419/2269 1475/1420/2269 1481/1421/2269 
s 48
f 1481/1421/2270 1482/1422/2260 1476/1419/2269 
s 49
f 1475/1420/2271 1477/1423/2272 1459/1424/2271 
s 50
f 1459/1424/2271 1481/1421/2270 1475/1420/2271 
s 51
f 1477/1423/2272 1479/1425/2264 1462/1426/2264 
s 52
f 1462/1426/2264 1459/1424/2265 1477/1423/2265 
s 53
f 1479/1425/2264 1478/1427/2263 1460/1428/2263 
s 54
f 1460/1428/2263 1462/1426/2264 1479/1425/2264 
s 55
f 1478/1429/2262 1480/1430/2259 1461/1431/2262 
s 56
f 1461/1431/2262 1460/1432/2262 1478/1429/2262 
s 57
f 1480/1430/2259 1476/1419/2258 1482/1422/2260 
s 58
f 1482/1422/2260 1461/1431/2273 1480/1430/2259 
s 59
f 1481/1417/2242 1459/1393/2242 1482/1418/2242 
s 60
f 1459/1393/2242 1461/1395/2242 1482/1418/2242 
s 61
f 1483/1433/2243 1484/1434/2243 1485/1435/2243 
s 62
f 1486/1436/2243 1487/1437/2243 1483/1433/2243 
s 63
f 1486/1438/2274 1488/1439/2275 1489/1440/2276 
s 64
f 1489/1440/2276 1490/1441/2274 1486/1438/2274 
s 65
f 1488/1439/2275 1485/1442/2277 1491/1443/2278 
s 66
f 1491/1443/2278 1489/1440/2276 1488/1439/2275 
s 67
f 1485/1442/2277 1484/1444/2279 1492/1445/2279 
s 68
f 1492/1445/2279 1491/1443/2278 1485/1442/2277 
s 69
f 1484/1444/2279 1483/1446/2280 1493/1447/2280 
s 70
f 1493/1447/2280 1492/1445/2279 1484/1444/2279 
s 71
f 1483/1448/2281 1487/1449/2282 1494/1450/2283 
s 72
f 1494/1450/2283 1493/1451/2281 1483/1448/2281 
s 73
f 1487/1449/2282 1486/1438/2274 1490/1441/2274 
s 74
f 1490/1441/2274 1494/1450/2283 1487/1449/2282 
s 75
f 1456/1452/2243 1454/1373/2243 1457/1453/2243 
s 76
f 1454/1373/2243 1451/1370/2243 1457/1453/2243 
s 77
f 1451/1370/2243 1453/1372/2243 1457/1453/2243 
s 78
f 1453/1372/2243 1458/1454/2243 1457/1453/2243 
s 79
f 1495/1455/2242 1496/1456/2242 1497/1457/2242 
s 80
f 1496/1456/2242 1498/1458/2242 1497/1457/2242 
s 81
f 1498/1458/2242 1499/1459/2242 1497/1457/2242 
s 82
f 1496/1456/2242 1500/1460/2242 1498/1458/2242 
s 83
f 1496/1461/2284 1495/1462/2285 1501/1463/2286 
s 84
f 1501/1463/2286 1502/1464/2287 1496/1461/2284 
s 85
f 1495/1462/2288 1497/1465/2288 1503/1466/2288 
s 86
f 1503/1466/2288 1501/1463/2286 1495/1462/2285 
s 87
f 1497/1467/2289 1499/1468/2290 1504/1469/2290 
s 88
f 1504/1469/2290 1503/1470/2289 1497/1467/2289 
s 89
f 1499/1468/2290 1498/1471/2291 1505/1472/2292 
s 90
f 1505/1472/2292 1504/1469/2290 1499/1468/2290 
s 91
f 1498/1471/2293 1500/1473/2294 1506/1474/2294 
s 92
f 1506/1474/2294 1505/1472/2292 1498/1471/2293 
s 93
f 1500/1473/2294 1496/1461/2295 1502/1464/2287 
s 94
f 1502/1464/2287 1506/1474/2294 1500/1473/2294 
s 95
f 1488/1475/2243 1486/1436/2243 1485/1435/2243 
s 96
f 1486/1436/2243 1483/1433/2243 1485/1435/2243 
s 97
f 1507/1362/2296 1508/1363/2296 1509/1364/2296 
s 98
f 1508/1363/2296 1510/1365/2296 1509/1364/2296 
s 99
f 1510/1365/2296 1511/1366/2296 1509/1364/2296 
s 100
f 1508/1363/2296 1512/1367/2296 1510/1365/2296 
s 101
f 1512/1367/2296 1513/1368/2296 1510/1365/2296 
s 102
f 1508/1363/2296 1514/1369/2296 1512/1367/2296 
s 121
f 1515/1393/2296 1516/1394/2296 1517/1395/2296 
s 122
f 1515/1393/2296 1518/1396/2296 1516/1394/2296 
s 123
f 1519/1397/2296 1520/1398/2296 1521/1399/2296 
s 124
f 1520/1398/2296 1522/1400/2296 1521/1399/2296 
s 125
f 1522/1400/2296 1523/1401/2296 1521/1399/2296 
s 126
f 1520/1398/2296 1524/1402/2297 1522/1400/2296 
s 127
f 1520/1403/2298 1519/1404/2299 1525/1405/2299 
s 128
f 1525/1405/2299 1526/1406/2298 1520/1403/2298 
s 129
f 1519/1404/2299 1521/1407/2300 1527/1408/2300 
s 130
f 1527/1408/2300 1525/1405/2299 1519/1404/2299 
s 131
f 1521/1409/2301 1523/1410/2302 1528/1411/2302 
s 132
f 1528/1411/2302 1527/1412/2301 1521/1409/2301 
s 133
f 1523/1410/2302 1522/1413/2303 1529/1414/2304 
s 134
f 1529/1414/2304 1528/1411/2302 1523/1410/2302 
s 135
f 1522/1413/2305 1524/1415/2306 1530/1416/2306 
s 136
f 1530/1416/2306 1529/1414/2304 1522/1413/2305 
s 137
f 1524/1415/2306 1520/1403/2298 1526/1406/2298 
s 138
f 1526/1406/2298 1530/1416/2306 1524/1415/2306 
s 139
f 1531/1417/2307 1532/1418/2307 1533/1393/2307 
s 140
f 1532/1418/2307 1534/1394/2307 1533/1393/2307 
s 141
f 1534/1394/2307 1535/1396/2307 1533/1393/2307 
s 142
f 1532/1418/2308 1536/1395/2308 1534/1394/2308 
s 143
f 1532/1419/2309 1531/1420/2309 1537/1421/2306 
s 144
f 1537/1421/2306 1538/1422/2309 1532/1419/2309 
s 145
f 1531/1420/2305 1533/1423/2305 1515/1424/2304 
s 146
f 1515/1424/2304 1537/1421/2306 1531/1420/2305 
s 147
f 1533/1423/2303 1535/1425/2302 1518/1426/2303 
s 148
f 1518/1426/2310 1515/1424/2304 1533/1423/2303 
s 149
f 1535/1425/2302 1534/1427/2301 1516/1428/2301 
s 150
f 1516/1428/2301 1518/1426/2310 1535/1425/2302 
s 151
f 1534/1429/2300 1536/1430/2299 1517/1431/2300 
s 152
f 1517/1431/2300 1516/1432/2300 1534/1429/2300 
s 153
f 1536/1430/2299 1532/1419/2311 1538/1422/2311 
s 154
f 1538/1422/2311 1517/1431/2311 1536/1430/2299 
s 155
f 1537/1417/2296 1515/1393/2296 1538/1418/2296 
s 156
f 1515/1393/2296 1517/1395/2296 1538/1418/2296 
s 175
f 1539/1455/2296 1540/1456/2296 1541/1457/2296 
s 176
f 1540/1456/2296 1542/1458/2296 1541/1457/2296 
s 177
f 1542/1458/2296 1543/1459/2296 1541/1457/2296 
s 178
f 1540/1456/2296 1544/1460/2296 1542/1458/2296 
s 179
f 1540/1461/2312 1539/1462/2313 1545/1463/2314 
s 180
f 1545/1463/2314 1546/1464/2315 1540/1461/2316 
s 181
f 1539/1462/2317 1541/1465/2317 1547/1466/2317 
s 182
f 1547/1466/2317 1545/1463/2314 1539/1462/2313 
s 183
f 1541/1467/2318 1543/1468/2319 1548/1469/2319 
s 184
f 1548/1469/2319 1547/1470/2318 1541/1467/2318 
s 185
f 1543/1468/2319 1542/1471/2320 1549/1472/2321 
s 186
f 1549/1472/2321 1548/1469/2319 1543/1468/2319 
s 187
f 1542/1471/2320 1544/1473/2322 1550/1474/2323 
s 188
f 1550/1474/2323 1549/1472/2321 1542/1471/2322 
s 189
f 1544/1473/2324 1540/1461/2316 1546/1464/2315 
s 190
f 1546/1464/2315 1550/1474/2323 1544/1473/2324 
s 1
f 1551/1476/2325 1552/1477/2326 1553/1478/2327 
s 2
f 1554/1479/2328 1553/1478/2327 1552/1477/2329 
s 3
f 1555/1480/2330 1556/1481/2330 1557/1482/2331 
s 4
f 1558/1483/2332 1557/1482/2331 1556/1481/2333 
s 5
f 1557/1482/2331 1558/1483/2332 1551/1476/2325 
s 6
f 1552/1477/2329 1551/1476/2325 1558/1483/2332 
s 7
f 1553/1478/2327 1554/1479/2334 1559/1484/2335 
s 8
f 1560/1485/2336 1559/1484/2336 1554/1479/2334 
s 9
f 1561/1486/2337 1554/1479/2338 1562/1487/2339 
s 10
f 1552/1477/2340 1562/1487/2339 1554/1479/2334 
s 11
f 1555/1480/2341 1557/1482/2342 1563/1488/2342 
s 12
f 1564/1489/2343 1558/1483/2344 1565/1490/2345 
s 13
f 1556/1481/2346 1565/1490/2345 1558/1483/2346 
s 14
f 1562/1487/2339 1552/1477/2347 1564/1489/2348 
s 15
f 1558/1483/2344 1564/1489/2348 1552/1477/2347 
s 16
f 1566/1478/2349 1567/1484/2349 1568/1491/2349 
s 17
f 1569/1492/2350 1560/1485/2351 1561/1486/2337 
s 18
f 1554/1479/2352 1561/1486/2337 1560/1485/2351 
s 19
f 1570/1493/2353 1559/1484/2354 1569/1494/2355 
s 20
f 1560/1485/2351 1569/1494/2355 1559/1484/2354 
s 21
f 1565/1495/2356 1556/1481/2357 1563/1496/2358 
s 22
f 1555/1480/2341 1563/1496/2358 1556/1481/2357 
s 23
f 1553/1497/2359 1570/1498/2360 1561/1499/2361 
s 24
f 1569/1500/2362 1561/1499/2361 1570/1498/2360 
s 25
f 1551/1501/2363 1553/1497/2359 1562/1502/2364 
s 26
f 1561/1499/2361 1562/1502/2364 1553/1497/2359 
s 27
f 1557/1503/2365 1551/1501/2363 1564/1504/2366 
s 28
f 1562/1502/2364 1564/1504/2366 1551/1501/2363 
s 29
f 1565/1505/2367 1563/1506/2368 1564/1504/2367 
s 30
f 1557/1503/2365 1564/1504/2366 1563/1506/2368 
s 1
f 1571/1507/2369 1572/1508/2370 1573/1509/2371 
s 2
f 1574/1510/2372 1573/1509/2371 1572/1508/2373 
s 3
f 1573/1509/2371 1574/1510/2372 1575/1511/2374 
s 4
f 1576/1512/2375 1575/1511/2374 1574/1510/2376 
s 5
f 1575/1511/2374 1576/1512/2375 1577/1513/2377 
s 6
f 1578/1514/2378 1577/1513/2377 1576/1512/2375 
s 7
f 1577/1513/2377 1578/1514/2378 1579/1515/2379 
s 8
f 1580/1512/2380 1579/1515/2379 1578/1514/2381 
s 9
f 1579/1515/2379 1580/1512/2380 1571/1507/2369 
s 10
f 1572/1508/2373 1571/1507/2369 1580/1512/2380 
s 11
f 1573/1509/2371 1581/1516/2382 1571/1507/2369 
s 12
f 1575/1511/2374 1581/1516/2383 1573/1509/2371 
s 13
f 1577/1513/2377 1581/1516/2384 1575/1511/2374 
s 14
f 1579/1515/2379 1581/1516/2385 1577/1513/2377 
s 15
f 1571/1507/2369 1581/1516/2386 1579/1515/2379 
s 16
f 1582/1517/2387 1583/1518/2388 1584/1519/2389 
s 17
f 1585/1520/2389 1584/1519/2389 1583/1518/2388 
s 18
f 1584/1521/2390 1585/1522/2390 1586/1517/2390 
s 19
f 1587/1523/2391 1586/1517/2390 1585/1522/2390 
s 20
f 1586/1517/2392 1587/1523/2391 1588/1524/2393 
s 21
f 1589/1525/2394 1588/1524/2393 1587/1523/2391 
s 22
f 1588/1524/2393 1589/1525/2394 1590/1526/2395 
s 23
f 1591/1527/2395 1590/1526/2395 1589/1525/2394 
s 24
f 1590/1528/2396 1591/1529/2396 1592/1530/2396 
s 25
f 1593/1531/2397 1592/1530/2396 1591/1529/2396 
s 26
f 1592/1530/2398 1593/1531/2397 1582/1517/2387 
s 27
f 1583/1518/2388 1582/1517/2387 1593/1531/2397 
s 28
f 1584/1532/2399 1586/1533/2399 1582/1534/2399 
s 29
f 1592/1535/2399 1582/1534/2399 1590/1536/2399 
s 30
f 1582/1534/2399 1586/1533/2399 1590/1536/2399 
s 31
f 1590/1536/2399 1586/1533/2399 1588/1537/2399 
s 32
f 1594/1508/2400 1595/1538/2401 1596/1509/2402 
s 33
f 1596/1509/2402 1597/1510/2403 1594/1508/2400 
s 34
f 1597/1510/2403 1596/1509/2402 1598/1511/2404 
s 35
f 1598/1511/2404 1599/1512/2405 1597/1510/2403 
s 36
f 1599/1512/2405 1598/1511/2404 1600/1513/2406 
s 37
f 1600/1513/2406 1601/1514/2407 1599/1512/2405 
s 38
f 1601/1514/2407 1600/1513/2406 1602/1515/2408 
s 39
f 1602/1515/2408 1603/1512/2409 1601/1514/2407 
s 40
f 1603/1512/2409 1602/1515/2408 1595/1538/2401 
s 41
f 1595/1538/2401 1594/1508/2400 1603/1512/2409 
s 42
f 1604/1516/2410 1596/1509/2402 1595/1538/2401 
s 43
f 1604/1516/2411 1598/1511/2404 1596/1509/2402 
s 44
f 1604/1516/2412 1600/1513/2406 1598/1511/2404 
s 45
f 1604/1516/2413 1602/1515/2408 1600/1513/2406 
s 46
f 1604/1516/2414 1595/1538/2401 1602/1515/2408 
s 47
f 1605/1518/2415 1606/1517/2416 1607/1519/2417 
s 48
f 1607/1519/2417 1608/1520/2417 1605/1518/2415 
s 49
f 1608/1522/2418 1607/1521/2418 1609/1517/2418 
s 50
f 1609/1517/2418 1610/1523/2419 1608/1522/2418 
s 51
f 1610/1523/2419 1609/1517/2420 1611/1524/2421 
s 52
f 1611/1524/2421 1612/1525/2422 1610/1523/2419 
s 53
f 1612/1525/2422 1611/1524/2421 1613/1526/2423 
s 54
f 1613/1526/2423 1614/1527/2423 1612/1525/2422 
s 55
f 1614/1529/2424 1613/1528/2424 1615/1530/2424 
s 56
f 1615/1530/2424 1616/1531/2425 1614/1529/2424 
s 57
f 1616/1531/2425 1615/1530/2426 1606/1517/2416 
s 58
f 1606/1517/2416 1605/1518/2415 1616/1531/2425 
s 59
f 1609/1533/2427 1607/1532/2427 1606/1534/2427 
s 60
f 1606/1534/2427 1615/1535/2427 1613/1536/2427 
s 61
f 1609/1533/2427 1606/1534/2427 1613/1536/2427 
s 62
f 1609/1533/2427 1613/1536/2427 1611/1537/2427 
s 1
f 1617/1539/2428 1618/1540/2429 1619/1541/2430 
s 2
f 1618/1540/2429 1620/1542/2431 1619/1541/2430 
s 3
f 1620/1542/2431 1621/1543/2432 1619/1541/2430 
s 4
f 1621/1543/2432 1622/1544/2433 1619/1541/2430 
s 5
f 1622/1544/2433 1623/1545/2434 1619/1541/2430 
s 6
f 1623/1545/2434 1624/1546/2435 1619/1541/2430 
s 7
f 1619/1541/2430 1624/1546/2435 1625/1547/2436 
s 8
f 1626/1548/2437 1627/1549/2438 1628/1550/2439 
s 9
f 1629/1551/2440 1628/1550/2439 1627/1549/2438 
s 10
f 1630/1552/2441 1631/1553/2442 1626/1548/2443 
s 11
f 1627/1549/2438 1626/1548/2443 1631/1553/2442 
s 12
f 1632/1554/2444 1633/1555/2445 1630/1552/2444 
s 13
f 1631/1553/2442 1630/1552/2441 1633/1555/2445 
s 14
f 1634/1556/2446 1635/1557/2447 1632/1554/2446 
s 15
f 1633/1555/2445 1632/1554/2446 1635/1557/2447 
s 16
f 1636/1558/2448 1637/1559/2449 1634/1556/2450 
s 17
f 1635/1557/2447 1634/1556/2450 1637/1559/2449 
s 18
f 1638/1560/2451 1639/1561/2452 1636/1558/2448 
s 19
f 1637/1559/2449 1636/1558/2448 1639/1561/2452 
s 20
f 1640/1562/2453 1641/1563/2454 1638/1560/2451 
s 21
f 1639/1561/2452 1638/1560/2451 1641/1563/2454 
s 22
f 1642/1564/2455 1643/1565/2456 1640/1562/2453 
s 23
f 1641/1563/2454 1640/1562/2453 1643/1565/2456 
s 24
f 1644/1566/2457 1645/1567/2458 1642/1564/2459 
s 25
f 1643/1565/2456 1642/1564/2459 1645/1567/2458 
s 26
f 1628/1550/2439 1629/1551/2440 1644/1566/2457 
s 27
f 1645/1567/2458 1644/1566/2457 1629/1551/2440 
s 28
f 1627/1549/2438 1646/1568/2460 1629/1551/2440 
s 29
f 1647/1569/2461 1629/1551/2440 1646/1568/2460 
s 30
f 1631/1553/2442 1648/1570/2462 1627/1549/2438 
s 31
f 1646/1568/2460 1627/1549/2438 1648/1570/2462 
s 32
f 1633/1555/2445 1649/1571/2463 1631/1553/2442 
s 33
f 1648/1570/2462 1631/1553/2442 1649/1571/2463 
s 34
f 1635/1557/2447 1650/1572/2464 1633/1555/2445 
s 35
f 1649/1571/2463 1633/1555/2445 1650/1572/2464 
s 36
f 1637/1559/2449 1651/1573/2465 1635/1557/2447 
s 37
f 1650/1572/2464 1635/1557/2447 1651/1573/2465 
s 38
f 1639/1561/2452 1652/1574/2466 1637/1559/2449 
s 39
f 1651/1573/2465 1637/1559/2449 1652/1574/2466 
s 40
f 1641/1563/2454 1653/1575/2467 1639/1561/2452 
s 41
f 1652/1574/2466 1639/1561/2452 1653/1575/2467 
s 42
f 1643/1565/2456 1654/1576/2468 1641/1563/2454 
s 43
f 1653/1575/2467 1641/1563/2454 1654/1576/2468 
s 44
f 1645/1567/2458 1655/1577/2469 1643/1565/2456 
s 45
f 1654/1576/2468 1643/1565/2456 1655/1577/2469 
s 46
f 1629/1551/2440 1647/1569/2461 1645/1567/2458 
s 47
f 1656/1578/2470 1619/1541/2430 1625/1547/2436 
s 48
f 1646/1568/2460 1656/1578/2470 1647/1569/2461 
s 49
f 1625/1547/2436 1647/1569/2461 1656/1578/2470 
s 50
f 1648/1570/2462 1619/1541/2430 1646/1568/2460 
s 51
f 1656/1578/2470 1646/1568/2460 1619/1541/2430 
s 52
f 1649/1571/2463 1617/1539/2428 1648/1570/2462 
s 53
f 1619/1541/2430 1648/1570/2462 1617/1539/2428 
s 54
f 1650/1572/2464 1618/1540/2429 1649/1571/2463 
s 55
f 1617/1539/2428 1649/1571/2463 1618/1540/2429 
s 56
f 1651/1573/2465 1620/1542/2431 1650/1572/2464 
s 57
f 1618/1540/2429 1650/1572/2464 1620/1542/2431 
s 58
f 1652/1574/2466 1621/1543/2432 1651/1573/2465 
s 59
f 1620/1542/2431 1651/1573/2465 1621/1543/2432 
s 60
f 1653/1575/2467 1622/1544/2433 1652/1574/2466 
s 61
f 1621/1543/2432 1652/1574/2466 1622/1544/2433 
s 62
f 1654/1576/2468 1623/1545/2434 1653/1575/2467 
s 63
f 1622/1544/2433 1653/1575/2467 1623/1545/2434 
s 64
f 1655/1577/2469 1624/1546/2435 1654/1576/2468 
s 65
f 1623/1545/2434 1654/1576/2468 1624/1546/2435 
s 66
f 1647/1569/2461 1625/1547/2436 1655/1577/2469 
s 67
f 1624/1546/2435 1655/1577/2469 1625/1547/2436 
s 68
f 1657/1579/2471 1658/1580/2472 1659/1581/2473 
s 69
f 1660/1582/2474 1661/1583/2475 1662/1584/2476 
s 70
f 1662/1584/2476 1661/1583/2475 1658/1580/2472 
s 71
f 1663/1585/2477 1664/1586/2478 1665/1587/2479 
s 72
f 1665/1587/2479 1664/1586/2478 1661/1583/2475 
s 73
f 1664/1586/2480 1666/1588/2481 1661/1583/2475 
s 74
f 1661/1583/2475 1666/1588/2481 1658/1580/2472 
s 75
f 1667/1589/2482 1668/1590/2483 1669/1591/2484 
s 76
f 1670/1592/2485 1671/1593/2486 1668/1590/2487 
s 77
f 1668/1590/2483 1671/1593/2486 1669/1591/2484 
s 78
f 1669/1591/2488 1671/1593/2486 1666/1588/2481 
s 79
f 1666/1588/2481 1671/1593/2489 1658/1580/2472 
s 80
f 1658/1580/2490 1671/1593/2489 1659/1581/2490 
s 81
f 1672/1585/2491 1673/1594/2492 1674/1586/2493 
s 82
f 1674/1586/2494 1673/1594/2495 1675/1595/2496 
s 83
f 1676/1582/2497 1677/1584/2498 1678/1583/2499 
s 84
f 1678/1583/2499 1677/1584/2500 1673/1594/2495 
s 85
f 1677/1584/2498 1679/1580/2501 1673/1594/2492 
s 86
f 1673/1594/2495 1679/1580/2501 1675/1595/2496 
s 87
f 1680/1579/2502 1681/1596/2502 1679/1580/2501 
s 88
f 1682/1593/2503 1683/1592/2504 1681/1596/2505 
s 89
f 1681/1596/2505 1683/1592/2504 1679/1580/2501 
s 90
f 1679/1580/2506 1683/1592/2507 1675/1595/2496 
s 91
f 1675/1595/2508 1683/1592/2507 1684/1597/2508 
s 92
f 1683/1592/2507 1685/1590/2509 1684/1597/2510 
s 93
f 1685/1590/2511 1686/1589/2511 1684/1597/2511 
s 94
f 1655/1577/2469 1645/1567/2458 1647/1569/2461 
s 95
f 1686/1589/2512 1667/1589/2482 1684/1597/2513 
s 96
f 1666/1588/2514 1675/1595/2496 1669/1591/2484 
s 97
f 1684/1597/2515 1669/1591/2516 1675/1595/2496 
s 98
f 1664/1586/2517 1674/1586/2494 1666/1588/2517 
s 99
f 1675/1595/2518 1666/1588/2514 1674/1586/2518 
s 100
f 1663/1585/2519 1672/1585/2491 1664/1586/2478 
s 101
f 1674/1586/2494 1664/1586/2478 1672/1585/2491 
s 102
f 1665/1587/2520 1673/1594/2521 1663/1585/2477 
s 103
f 1672/1585/2522 1663/1585/2522 1673/1594/2521 
s 104
f 1661/1583/2523 1678/1583/2499 1665/1587/2524 
s 105
f 1673/1594/2521 1665/1587/2520 1678/1583/2499 
s 106
f 1660/1582/2525 1676/1582/2497 1661/1583/2523 
s 107
f 1678/1583/2499 1661/1583/2523 1676/1582/2497 
s 108
f 1662/1584/2526 1677/1584/2527 1660/1582/2528 
s 109
f 1676/1582/2529 1660/1582/2528 1677/1584/2527 
s 110
f 1658/1580/2530 1679/1580/2530 1662/1584/2530 
s 111
f 1677/1584/2530 1662/1584/2530 1679/1580/2530 
s 112
f 1657/1579/2471 1680/1579/2531 1658/1580/2532 
s 113
f 1679/1580/2506 1658/1580/2532 1680/1579/2533 
s 114
f 1659/1581/2534 1681/1596/2535 1657/1579/2471 
s 115
f 1680/1579/2531 1657/1579/2471 1681/1596/2535 
s 116
f 1671/1593/2536 1682/1593/2503 1659/1581/2537 
s 117
f 1681/1596/2505 1659/1581/2537 1682/1593/2503 
s 118
f 1670/1592/2485 1683/1592/2538 1671/1593/2536 
s 119
f 1682/1593/2503 1671/1593/2536 1683/1592/2538 
s 120
f 1668/1590/2539 1685/1590/2509 1670/1592/2485 
s 121
f 1683/1592/2504 1670/1592/2485 1685/1590/2509 
s 122
f 1667/1589/2540 1686/1589/2540 1668/1590/2539 
s 123
f 1685/1590/2541 1668/1590/2539 1686/1589/2540 
s 124
f 1687/1592/2542 1688/1590/2543 1689/1593/2544 
s 125
f 1690/1589/2545 1691/1591/2546 1688/1590/2547 
s 126
f 1688/1590/2547 1691/1591/2546 1689/1593/2548 
s 127
f 1691/1591/2549 1692/1588/2550 1689/1593/2544 
s 128
f 1693/1585/2551 1694/1587/2552 1695/1586/2553 
s 129
f 1694/1587/2552 1696/1583/2554 1695/1586/2553 
s 130
f 1695/1586/2553 1696/1583/2554 1692/1588/2555 
s 131
f 1697/1582/2556 1698/1584/2557 1696/1583/2554 
s 132
f 1698/1584/2557 1699/1580/2558 1696/1583/2554 
s 133
f 1696/1583/2554 1699/1580/2558 1692/1588/2550 
s 134
f 1692/1588/2550 1699/1580/2559 1689/1593/2548 
s 135
f 1689/1593/2548 1699/1580/2559 1700/1581/2560 
s 136
f 1699/1580/2558 1701/1579/2561 1700/1581/2562 
s 137
f 1702/1589/2563 1703/1590/2563 1704/1597/2563 
s 138
f 1703/1590/2564 1705/1592/2565 1704/1597/2566 
s 139
f 1706/1593/2567 1707/1596/2568 1705/1592/2569 
s 140
f 1708/1579/2570 1709/1580/2571 1707/1596/2568 
s 141
f 1669/1591/2516 1684/1597/2513 1667/1589/2482 
s 142
f 1710/1582/2572 1711/1583/2573 1712/1584/2574 
s 143
f 1711/1583/2573 1713/1594/2575 1712/1584/2574 
s 144
f 1712/1584/2574 1713/1594/2576 1709/1580/2571 
s 145
f 1714/1585/2577 1715/1586/2578 1713/1594/2576 
s 146
f 1715/1586/2578 1716/1595/2579 1713/1594/2575 
s 147
f 1713/1594/2575 1716/1595/2580 1709/1580/2571 
s 148
f 1709/1580/2581 1716/1595/2579 1705/1592/2582 
s 149
f 1705/1592/2582 1716/1595/2583 1704/1597/2566 
s 150
f 1702/1589/2584 1704/1597/2585 1690/1589/2545 
s 151
f 1691/1591/2586 1690/1589/2545 1704/1597/2585 
s 152
f 1704/1597/2585 1716/1595/2587 1691/1591/2546 
s 153
f 1692/1588/2555 1691/1591/2546 1716/1595/2587 
s 154
f 1716/1595/2588 1715/1586/2578 1692/1588/2555 
s 155
f 1695/1586/2553 1692/1588/2589 1715/1586/2578 
s 156
f 1715/1586/2578 1714/1585/2590 1695/1586/2553 
s 157
f 1693/1585/2590 1695/1586/2553 1714/1585/2590 
s 158
f 1714/1585/2591 1713/1594/2592 1693/1585/2591 
s 159
f 1694/1587/2593 1693/1585/2591 1713/1594/2592 
s 160
f 1713/1594/2592 1711/1583/2573 1694/1587/2593 
s 161
f 1696/1583/2594 1694/1587/2595 1711/1583/2573 
s 162
f 1711/1583/2573 1710/1582/2572 1696/1583/2594 
s 163
f 1697/1582/2596 1696/1583/2594 1710/1582/2572 
s 164
f 1710/1582/2597 1712/1584/2598 1697/1582/2599 
s 165
f 1698/1584/2600 1697/1582/2599 1712/1584/2598 
s 166
f 1712/1584/2574 1709/1580/2601 1698/1584/2601 
s 167
f 1699/1580/2601 1698/1584/2601 1709/1580/2601 
s 168
f 1709/1580/2581 1708/1579/2602 1699/1580/2603 
s 169
f 1701/1579/2561 1699/1580/2603 1708/1579/2603 
s 170
f 1708/1579/2602 1707/1596/2568 1701/1579/2561 
s 171
f 1700/1581/2604 1701/1579/2561 1707/1596/2568 
s 172
f 1707/1596/2568 1706/1593/2567 1700/1581/2605 
s 173
f 1689/1593/2606 1700/1581/2605 1706/1593/2567 
s 174
f 1706/1593/2567 1705/1592/2607 1689/1593/2606 
s 175
f 1687/1592/2542 1689/1593/2606 1705/1592/2607 
s 176
f 1705/1592/2608 1703/1590/2564 1687/1592/2542 
s 177
f 1688/1590/2609 1687/1592/2542 1703/1590/2564 
s 178
f 1703/1590/2541 1702/1589/2541 1688/1590/2609 
s 179
f 1690/1589/2541 1688/1590/2609 1702/1589/2541 
s 180
f 1632/1554/2610 1630/1552/2611 1642/1564/2612 
s 181
f 1630/1552/2611 1626/1548/2443 1642/1564/2612 
s 182
f 1626/1548/2611 1628/1550/2611 1642/1564/2613 
s 183
f 1628/1550/2611 1644/1566/2611 1642/1564/2613 
s 184
f 1640/1562/2614 1638/1560/2615 1642/1564/2613 
s 185
f 1638/1560/2615 1632/1554/2616 1642/1564/2612 
s 186
f 1638/1560/2615 1636/1558/2617 1632/1554/2616 
s 187
f 1636/1558/2617 1634/1556/2618 1632/1554/2610 
s 188
f 1707/1596/2568 1709/1580/2571 1705/1592/2569 
s 1
f 1717/1478/2619 1718/1477/2620 1719/1476/2621 
s 2
f 1718/1477/2622 1717/1478/2619 1720/1479/2623 
s 3
f 1721/1482/2624 1722/1481/2625 1723/1480/2625 
s 4
f 1722/1481/2626 1721/1482/2624 1724/1483/2627 
s 5
f 1719/1476/2621 1724/1483/2627 1721/1482/2624 
s 6
f 1724/1483/2627 1719/1476/2621 1718/1477/2622 
s 7
f 1725/1484/2628 1720/1479/2629 1717/1478/2619 
s 8
f 1720/1479/2629 1725/1484/2630 1726/1485/2630 
s 9
f 1727/1487/2631 1720/1479/2632 1728/1486/2633 
s 10
f 1720/1479/2629 1727/1487/2631 1718/1477/2634 
s 11
f 1729/1488/2635 1721/1482/2635 1723/1480/2636 
s 12
f 1730/1490/2637 1724/1483/2638 1731/1489/2639 
s 13
f 1724/1483/2640 1730/1490/2637 1722/1481/2640 
s 14
f 1731/1489/2641 1718/1477/2642 1727/1487/2631 
s 15
f 1718/1477/2642 1731/1489/2641 1724/1483/2638 
s 16
f 1732/1491/2643 1725/1484/2643 1717/1478/2643 
s 17
f 1728/1486/2633 1726/1485/2644 1733/1492/2645 
s 18
f 1726/1485/2644 1728/1486/2633 1720/1479/2646 
s 19
f 1733/1494/2647 1725/1484/2648 1732/1493/2649 
s 20
f 1725/1484/2648 1733/1494/2647 1726/1485/2644 
s 21
f 1729/1496/2650 1722/1481/2651 1730/1495/2652 
s 22
f 1722/1481/2651 1729/1496/2650 1723/1480/2636 
s 23
f 1728/1499/2653 1732/1498/2654 1717/1497/2655 
s 24
f 1732/1498/2654 1728/1499/2653 1733/1500/2656 
s 25
f 1727/1502/2657 1717/1497/2655 1719/1501/2658 
s 26
f 1717/1497/2655 1727/1502/2657 1728/1499/2653 
s 27
f 1731/1504/2659 1719/1501/2658 1721/1503/2660 
s 28
f 1719/1501/2658 1731/1504/2659 1727/1502/2657 
s 29
f 1731/1504/2661 1729/1506/2662 1730/1505/2661 
s 30
f 1729/1506/2662 1731/1504/2659 1721/1503/2660 
s 1
f 1734/1598/2437 1735/1599/2663 1736/1600/2664 
s 2
f 1737/1601/2665 1738/1602/2666 1739/1603/2663 
s 3
f 1739/1603/2663 1738/1602/2666 1740/1604/2663 
s 4
f 1740/1604/2663 1738/1602/2666 1735/1599/2663 
s 5
f 1735/1599/2663 1738/1602/2666 1736/1600/2664 
s 6
f 1741/1605/2437 1742/1606/2667 1743/1607/2668 
s 7
f 1743/1607/2668 1742/1606/2667 1744/1608/2437 
s 8
f 1742/1606/2667 1745/1609/2669 1744/1608/2437 
s 9
f 1746/1610/2670 1747/1611/2437 1748/1612/2671 
s 10
f 1748/1612/2671 1747/1611/2437 1745/1609/2669 
s 11
f 1749/1613/2672 1750/1614/2673 1747/1611/2437 
s 12
f 1747/1611/2437 1750/1614/2673 1745/1609/2669 
s 13
f 1750/1614/2673 1751/1615/2437 1745/1609/2669 
s 14
f 1745/1609/2437 1751/1615/2437 1744/1608/2437 
s 15
f 1744/1608/2437 1751/1615/2437 1738/1602/2666 
s 16
f 1738/1602/2437 1751/1615/2437 1736/1600/2664 
s 17
f 1751/1615/2437 1752/1616/2663 1736/1600/2664 
s 18
f 1736/1600/2664 1752/1616/2663 1753/1617/2437 
s 19
f 1754/1606/2674 1755/1605/2674 1756/1609/2675 
s 20
f 1755/1605/2675 1757/1607/2676 1756/1609/2675 
s 21
f 1758/1608/2677 1759/1602/2678 1757/1607/2676 
s 22
f 1757/1607/2676 1759/1602/2678 1756/1609/2675 
s 23
f 1760/1601/2675 1761/1603/2679 1759/1602/2675 
s 24
f 1762/1604/2674 1763/1599/2674 1761/1603/2679 
s 25
f 1761/1603/2679 1763/1599/2674 1759/1602/2678 
s 26
f 1759/1602/2678 1763/1599/2674 1756/1609/2675 
s 27
f 1764/1598/2680 1765/1600/2681 1763/1599/2674 
s 28
f 1766/1618/2675 1767/1617/2675 1765/1600/2675 
s 29
f 1765/1600/2675 1767/1617/2674 1763/1599/2674 
s 30
f 1768/1616/2682 1769/1615/2683 1767/1617/2674 
s 31
f 1767/1617/2674 1769/1615/2674 1763/1599/2674 
s 32
f 1763/1599/2675 1769/1615/2675 1756/1609/2675 
s 33
f 1770/1614/2684 1771/1613/2685 1769/1615/2675 
s 34
f 1771/1613/2675 1772/1611/2686 1769/1615/2675 
s 35
f 1773/1618/2687 1736/1600/2664 1753/1617/2437 
s 36
f 1756/1609/2674 1772/1611/2686 1774/1612/2688 
s 37
f 1772/1611/2686 1775/1610/2675 1774/1612/2688 
s 38
f 1775/1610/2689 1746/1610/2670 1774/1612/2688 
s 39
f 1748/1612/2671 1774/1612/2688 1746/1610/2670 
s 40
f 1772/1611/2686 1747/1611/2690 1775/1610/2690 
s 41
f 1746/1610/2690 1775/1610/2690 1747/1611/2690 
s 42
f 1771/1613/2691 1749/1613/2691 1772/1611/2691 
s 43
f 1747/1611/2691 1772/1611/2691 1749/1613/2691 
s 44
f 1770/1614/2684 1750/1614/2673 1771/1613/2685 
s 45
f 1749/1613/2672 1771/1613/2692 1750/1614/2673 
s 46
f 1769/1615/2693 1751/1615/2693 1770/1614/2684 
s 47
f 1750/1614/2673 1770/1614/2684 1751/1615/2693 
s 48
f 1768/1616/2682 1752/1616/2694 1769/1615/2683 
s 49
f 1751/1615/2694 1769/1615/2694 1752/1616/2694 
s 50
f 1767/1617/2695 1753/1617/2696 1768/1616/2682 
s 51
f 1752/1616/2695 1768/1616/2682 1753/1617/2695 
s 52
f 1766/1618/2697 1773/1618/2687 1767/1617/2697 
s 53
f 1753/1617/2696 1767/1617/2697 1773/1618/2687 
s 54
f 1765/1600/2681 1736/1600/2664 1766/1618/2698 
s 55
f 1773/1618/2687 1766/1618/2698 1736/1600/2664 
s 56
f 1764/1598/2680 1734/1598/2699 1765/1600/2699 
s 57
f 1736/1600/2664 1765/1600/2699 1734/1598/2699 
s 58
f 1763/1599/2700 1735/1599/2701 1764/1598/2680 
s 59
f 1734/1598/2702 1764/1598/2680 1735/1599/2701 
s 60
f 1762/1604/2703 1740/1604/2704 1763/1599/2703 
s 61
f 1735/1599/2701 1763/1599/2700 1740/1604/2703 
s 62
f 1761/1603/2679 1739/1603/2705 1762/1604/2705 
s 63
f 1740/1604/2704 1762/1604/2705 1739/1603/2705 
s 64
f 1760/1601/2706 1737/1601/2706 1761/1603/2679 
s 65
f 1739/1603/2706 1761/1603/2679 1737/1601/2706 
s 66
f 1759/1602/2611 1738/1602/2666 1760/1601/2611 
s 67
f 1737/1601/2665 1760/1601/2611 1738/1602/2666 
s 68
f 1758/1608/2677 1744/1608/2707 1759/1602/2678 
s 69
f 1738/1602/2708 1759/1602/2678 1744/1608/2708 
s 70
f 1769/1615/2683 1772/1611/2686 1756/1609/2675 
s 71
f 1744/1608/2707 1758/1608/2677 1743/1607/2668 
s 72
f 1755/1605/2709 1741/1605/2709 1757/1607/2676 
s 73
f 1743/1607/2668 1757/1607/2676 1741/1605/2709 
s 74
f 1754/1606/2710 1742/1606/2667 1755/1605/2711 
s 75
f 1741/1605/2711 1755/1605/2711 1742/1606/2667 
s 76
f 1756/1609/2712 1745/1609/2669 1754/1606/2712 
s 77
f 1742/1606/2667 1754/1606/2710 1745/1609/2712 
s 78
f 1774/1612/2688 1748/1612/2671 1756/1609/2713 
s 79
f 1745/1609/2669 1756/1609/2713 1748/1612/2671 
s 80
f 1776/1619/2663 1777/1620/2714 1778/1621/2715 
s 81
f 1779/1622/2716 1780/1623/2717 1777/1620/2714 
s 82
f 1777/1620/2714 1780/1623/2717 1778/1621/2715 
s 83
f 1781/1624/2663 1782/1625/2718 1783/1626/2719 
s 84
f 1782/1625/2718 1784/1627/2720 1783/1626/2719 
s 85
f 1784/1627/2663 1785/1628/2721 1783/1626/2663 
s 86
f 1786/1629/2437 1787/1630/2663 1785/1628/2721 
s 87
f 1787/1630/2663 1788/1631/2722 1785/1628/2721 
s 88
f 1785/1628/2721 1788/1631/2722 1783/1626/2663 
s 89
f 1783/1626/2719 1788/1631/2722 1780/1623/2717 
s 90
f 1788/1631/2722 1789/1632/2663 1780/1623/2717 
s 91
f 1780/1623/2717 1789/1632/2663 1778/1621/2715 
s 92
f 1790/1633/2723 1791/1634/2663 1789/1632/2663 
s 93
f 1789/1632/2663 1791/1634/2663 1778/1621/2715 
s 94
f 1792/1630/2674 1793/1629/2674 1794/1631/2674 
s 95
f 1793/1629/2674 1795/1628/2674 1794/1631/2674 
s 96
f 1796/1627/2675 1797/1625/2675 1795/1628/2674 
s 97
f 1798/1624/2724 1799/1626/2674 1797/1625/2725 
s 98
f 1797/1625/2725 1799/1626/2674 1795/1628/2674 
s 99
f 1795/1628/2674 1799/1626/2674 1794/1631/2674 
s 100
f 1800/1622/2674 1801/1620/2674 1802/1623/2726 
s 101
f 1803/1619/2675 1804/1621/2727 1801/1620/2674 
s 102
f 1801/1620/2728 1804/1621/2727 1802/1623/2726 
s 103
f 1802/1623/2674 1804/1621/2727 1799/1626/2674 
s 104
f 1799/1626/2674 1804/1621/2727 1794/1631/2674 
s 105
f 1757/1607/2676 1743/1607/2668 1758/1608/2677 
s 106
f 1804/1621/2727 1805/1634/2674 1806/1632/2674 
s 107
f 1805/1634/2674 1807/1633/2729 1806/1632/2674 
s 108
f 1789/1632/2730 1806/1632/2731 1790/1633/2731 
s 109
f 1807/1633/2731 1790/1633/2731 1806/1632/2731 
s 110
f 1788/1631/2722 1794/1631/2732 1789/1632/2730 
s 111
f 1806/1632/2732 1789/1632/2730 1794/1631/2732 
s 112
f 1787/1630/2733 1792/1630/2734 1788/1631/2722 
s 113
f 1794/1631/2735 1788/1631/2722 1792/1630/2734 
s 114
f 1786/1629/2736 1793/1629/2736 1787/1630/2736 
s 115
f 1792/1630/2734 1787/1630/2733 1793/1629/2737 
s 116
f 1785/1628/2721 1795/1628/2708 1786/1629/2708 
s 117
f 1793/1629/2737 1786/1629/2708 1795/1628/2708 
s 118
f 1784/1627/2720 1796/1627/2738 1785/1628/2721 
s 119
f 1795/1628/2739 1785/1628/2721 1796/1627/2738 
s 120
f 1782/1625/2718 1797/1625/2740 1784/1627/2740 
s 121
f 1796/1627/2738 1784/1627/2740 1797/1625/2740 
s 122
f 1781/1624/2741 1798/1624/2724 1782/1625/2718 
s 123
f 1797/1625/2725 1782/1625/2718 1798/1624/2724 
s 124
f 1783/1626/2719 1799/1626/2742 1781/1624/2743 
s 125
f 1798/1624/2743 1781/1624/2743 1799/1626/2742 
s 126
f 1780/1623/2717 1802/1623/2726 1783/1626/2744 
s 127
f 1799/1626/2742 1783/1626/2744 1802/1623/2726 
s 128
f 1779/1622/2716 1800/1622/2745 1780/1623/2717 
s 129
f 1802/1623/2746 1780/1623/2717 1800/1622/2745 
s 130
f 1777/1620/2714 1801/1620/2728 1779/1622/2716 
s 131
f 1800/1622/2745 1779/1622/2716 1801/1620/2728 
s 132
f 1776/1619/2747 1803/1619/2748 1777/1620/2714 
s 133
f 1801/1620/2748 1777/1620/2714 1803/1619/2748 
s 134
f 1778/1621/2749 1804/1621/2727 1776/1619/2747 
s 135
f 1803/1619/2749 1776/1619/2747 1804/1621/2727 
s 136
f 1791/1634/2750 1805/1634/2751 1778/1621/2751 
s 137
f 1804/1621/2727 1778/1621/2715 1805/1634/2752 
s 138
f 1790/1633/2723 1807/1633/2729 1791/1634/2750 
s 139
f 1805/1634/2752 1791/1634/2753 1807/1633/2729 
s 140
f 1794/1631/2674 1804/1621/2727 1806/1632/2674 
s 1
f 1808/1635/2754 1809/1636/2754 1810/1637/2754 
s 2
f 1811/1638/2754 1812/1639/2754 1809/1636/2754 
s 3
f 1812/1639/2754 1813/1640/2754 1809/1636/2754 
s 4
f 1809/1636/2754 1813/1640/2754 1810/1637/2754 
s 5
f 1814/1641/2755 1808/1642/2437 1815/1643/2756 
s 6
f 1810/1644/2437 1815/1643/2756 1808/1642/2437 
s 7
f 1816/1645/2757 1809/1646/2758 1814/1641/2755 
s 8
f 1808/1642/2758 1814/1641/2758 1809/1646/2758 
s 9
f 1817/1641/2759 1811/1642/2759 1816/1645/2757 
s 10
f 1809/1646/2760 1816/1645/2757 1811/1642/2759 
s 11
f 1818/1643/2761 1812/1644/2675 1817/1641/2759 
s 12
f 1811/1642/2759 1817/1641/2759 1812/1644/2675 
s 13
f 1819/1647/2762 1813/1648/2763 1818/1643/2761 
s 14
f 1812/1644/2763 1818/1643/2761 1813/1648/2763 
s 15
f 1815/1643/2756 1810/1644/2764 1819/1647/2762 
s 16
f 1813/1648/2764 1819/1647/2764 1810/1644/2764 
s 17
f 1820/1649/2765 1821/1650/2754 1822/1651/2754 
s 18
f 1823/1652/2754 1824/1653/2754 1821/1650/2754 
s 19
f 1824/1653/2754 1825/1654/2754 1821/1650/2754 
s 20
f 1821/1650/2754 1825/1654/2754 1822/1651/2754 
s 21
f 1826/1655/2611 1827/1656/2611 1828/1657/2611 
s 22
f 1829/1658/2611 1830/1659/2611 1827/1656/2611 
s 23
f 1827/1656/2611 1830/1659/2611 1828/1657/2611 
s 24
f 1828/1657/2611 1830/1659/2611 1831/1660/2611 
s 25
f 1830/1661/2663 1820/1662/2766 1831/1663/2756 
s 26
f 1822/1664/2437 1831/1663/2756 1820/1662/2766 
s 27
f 1829/1665/2758 1821/1666/2757 1830/1661/2758 
s 28
f 1820/1662/2766 1830/1661/2758 1821/1666/2757 
s 29
f 1827/1661/2767 1823/1662/2760 1829/1665/2760 
s 30
f 1821/1666/2757 1829/1665/2760 1823/1662/2760 
s 31
f 1826/1663/2761 1824/1664/2674 1827/1661/2767 
s 32
f 1823/1662/2675 1827/1661/2675 1824/1664/2768 
s 33
f 1828/1667/2769 1825/1668/2769 1826/1663/2761 
s 34
f 1824/1664/2768 1826/1663/2761 1825/1668/2769 
s 35
f 1831/1663/2756 1822/1664/2764 1828/1667/2769 
s 36
f 1825/1668/2769 1828/1667/2769 1822/1664/2764 
s 1
f 1832/263/2770 1833/262/2770 1834/264/2771 
s 2
f 1835/266/2772 1836/265/2772 1837/267/2772 
s 3
f 1836/265/2772 1835/266/2772 1838/268/2772 
s 4
f 1839/270/2773 1837/269/2774 1840/271/2775 
s 5
f 1837/269/2774 1839/270/2773 1835/272/2776 
s 6
f 1841/273/2777 1840/271/2778 1842/274/2779 
s 7
f 1840/271/2778 1841/273/2777 1839/270/2778 
s 8
f 1843/276/2780 1844/275/2780 1845/277/2780 
s 9
f 1843/276/2781 1845/275/2781 1846/277/2781 
s 10
f 1843/276/2782 1846/275/2782 1844/277/2782 
s 11
f 1847/285/2783 1848/284/2784 1849/286/2785 
s 12
f 1848/284/2784 1847/285/2783 1850/287/2786 
s 13
f 1851/279/2787 1852/278/2788 1853/280/2789 
s 14
f 1852/278/2788 1851/279/2787 1854/281/2790 
s 15
f 1853/282/2791 1848/274/2792 1850/283/2791 
s 16
f 1848/274/2793 1853/282/2793 1852/273/2793 
s 17
f 1851/266/2794 1850/265/2794 1847/267/2794 
s 18
f 1850/265/2794 1851/266/2794 1853/268/2794 
s 19
f 1854/270/2795 1847/269/2796 1849/271/2797 
s 20
f 1847/269/2796 1854/270/2795 1851/272/2798 
s 21
f 1855/274/2799 1856/282/2799 1857/273/2800 
s 22
f 1858/266/2801 1859/265/2802 1860/267/2803 
s 23
f 1859/265/2802 1858/266/2801 1856/268/2804 
s 24
f 1860/269/2805 1861/270/2805 1858/272/2805 
s 25
f 1857/273/2800 1862/271/2806 1855/274/2807 
s 26
f 1862/271/2806 1857/273/2800 1861/270/2808 
s 27
f 1863/276/2809 1864/275/2809 1865/277/2809 
s 28
f 1863/276/2810 1865/275/2810 1866/277/2810 
s 29
f 1863/276/2811 1866/275/2811 1864/277/2811 
s 30
f 1867/276/2812 1868/275/2812 1869/277/2812 
s 31
f 1867/276/2813 1869/275/2813 1870/277/2813 
s 32
f 1867/276/2814 1870/275/2814 1868/277/2814 
s 33
f 1837/285/2815 1842/284/2816 1840/286/2817 
s 34
f 1842/284/2816 1837/285/2815 1836/287/2818 
s 35
f 1835/279/2819 1841/278/2820 1838/280/2821 
s 36
f 1841/278/2820 1835/279/2819 1839/281/2822 
s 37
f 1838/282/2823 1842/274/2779 1836/283/2824 
s 38
f 1842/274/2779 1838/282/2823 1841/273/2777 
s 39
f 1852/273/2825 1849/271/2825 1848/274/2792 
s 40
f 1849/271/2825 1852/273/2825 1854/270/2825 
s 41
f 1871/276/2826 1872/275/2826 1873/277/2826 
s 42
f 1871/276/2827 1873/275/2827 1874/277/2827 
s 43
f 1871/276/2828 1874/275/2828 1872/277/2828 
s 44
f 1875/276/2829 1876/275/2829 1877/277/2829 
s 45
f 1875/276/2830 1877/275/2830 1878/277/2830 
s 46
f 1875/276/2831 1878/275/2831 1876/277/2831 
s 47
f 1834/264/2771 1879/288/2832 1832/263/2770 
s 48
f 1880/290/2833 1881/289/2834 1833/262/2835 
s 49
f 1833/262/2835 1832/263/2835 1880/290/2833 
s 50
f 1834/264/2771 1833/262/2836 1881/289/2834 
s 51
f 1880/290/2833 1832/263/2837 1879/288/2832 
s 52
f 1882/276/2838 1883/275/2838 1884/277/2838 
s 53
f 1882/276/2781 1884/275/2781 1885/277/2781 
s 54
f 1882/276/2782 1885/275/2782 1883/277/2782 
s 55
f 1886/276/2839 1887/275/2839 1888/277/2839 
s 56
f 1886/276/2840 1888/275/2840 1889/277/2840 
s 57
f 1890/263/2841 1891/262/2842 1892/264/2843 
s 58
f 1892/264/2843 1893/288/2844 1890/263/2841 
s 59
f 1894/290/2845 1895/289/2846 1891/262/2847 
s 60
f 1891/262/2847 1890/263/2848 1894/290/2845 
s 61
f 1892/264/2843 1891/262/2849 1895/289/2846 
s 62
f 1894/290/2845 1890/263/2850 1893/288/2844 
s 63
f 1896/263/2851 1897/262/2851 1898/264/2852 
s 64
f 1898/264/2852 1899/288/2853 1896/263/2854 
s 65
f 1900/290/2855 1901/289/2856 1897/262/2857 
s 66
f 1897/262/2857 1896/263/2857 1900/290/2855 
s 67
f 1898/264/2852 1897/262/2858 1901/289/2856 
s 68
f 1900/290/2855 1896/263/2859 1899/288/2853 
s 69
f 1860/285/2860 1855/284/2861 1862/286/2861 
s 70
f 1861/270/2808 1860/269/2862 1862/271/2862 
s 71
f 1855/284/2863 1860/285/2860 1859/287/2863 
s 72
f 1858/279/2864 1857/278/2865 1856/280/2866 
s 73
f 1857/278/2865 1858/279/2864 1861/281/2867 
s 74
f 1856/282/2868 1855/274/2868 1859/283/2868 
s 75
f 1902/285/2869 1903/284/2869 1904/286/2869 
s 76
f 1903/284/2870 1902/285/2870 1905/287/2870 
s 77
f 1906/279/2871 1907/278/2872 1908/280/2873 
s 78
f 1907/278/2872 1906/279/2871 1909/281/2874 
s 79
f 1908/292/2875 1903/291/2876 1905/293/2875 
s 80
f 1903/291/2876 1908/292/2877 1907/294/2878 
s 81
f 1906/266/2879 1905/265/2880 1902/267/2881 
s 82
f 1905/265/2880 1906/266/2879 1908/268/2882 
s 83
f 1909/296/2883 1902/295/2884 1904/297/2885 
s 84
f 1902/295/2886 1909/296/2883 1906/298/2886 
s 85
f 1907/294/2878 1904/297/2885 1903/291/2887 
s 86
f 1904/297/2885 1907/294/2878 1909/296/2883 
s 87
f 1910/276/2888 1911/275/2888 1912/277/2888 
s 88
f 1910/276/2889 1912/275/2889 1913/277/2889 
s 89
f 1910/276/2890 1913/275/2890 1911/277/2890 
s 90
f 1914/276/2891 1915/275/2891 1916/277/2891 
s 91
f 1914/276/2892 1916/275/2892 1917/277/2892 
s 92
f 1914/276/2893 1917/275/2893 1915/277/2893 
s 93
f 1886/276/2894 1889/275/2894 1887/277/2894 
s 296
f 1918/1669/2895 1919/1670/2895 1920/1671/2895 
s 630
f 1921/1672/2896 1922/1673/2897 1923/1674/2898 
s 631
f 1922/1673/2897 1921/1672/2896 1924/1675/2899 
s 632
f 1921/1672/2896 1925/1676/2900 1924/1675/2899 
s 633
f 1925/1676/2900 1921/1672/2896 1926/1677/2901 
s 634
f 1922/1673/2897 1927/1678/2902 1928/1679/2903 
s 635
f 1927/1678/2902 1922/1673/2897 1924/1675/2899 
s 656
f 1929/1680/2904 1930/1681/2905 1931/1682/2906 
s 657
f 1932/1683/2907 1929/1684/2908 1933/1685/2909 
s 658
f 1929/1684/2908 1932/1683/2907 1930/1686/2910 
s 659
f 1934/1687/2911 1935/1688/2912 1920/1671/2913 
s 660
f 1935/1688/2912 1934/1687/2911 1936/1689/2914 
s 661
f 1920/1671/2913 1937/1690/2915 1918/1669/2916 
s 662
f 1937/1690/2915 1920/1671/2913 1935/1688/2912 
s 663
f 1938/1691/2917 1937/1690/2915 1939/1692/2918 
s 664
f 1937/1690/2915 1938/1691/2917 1918/1669/2916 
s 665
f 1940/1693/2919 1939/1692/2918 1941/1694/2920 
s 666
f 1939/1692/2918 1940/1693/2919 1938/1691/2917 
s 667
f 1934/1695/2921 1942/1696/2922 1936/1697/2923 
s 668
f 1942/1696/2922 1934/1695/2921 1943/1698/2924 
s 669
f 1944/1699/2925 1943/1698/2924 1934/1695/2921 
s 670
f 1943/1698/2924 1944/1699/2925 1926/1677/2901 
s 671
f 1943/1698/2924 1941/1694/2920 1942/1696/2922 
s 672
f 1941/1694/2920 1943/1698/2924 1940/1693/2919 
s 674
f 1926/1677/2901 1940/1693/2919 1943/1698/2924 
s 675
f 1940/1693/2919 1926/1677/2901 1921/1672/2896 
s 676
f 1944/1700/2926 1920/1671/2913 1919/1670/2927 
s 677
f 1920/1671/2913 1944/1700/2926 1934/1687/2911 
s 678
f 1919/1670/2927 1920/1671/2913 1918/1669/2916 
s 679
f 1918/1669/2916 1945/1701/2928 1919/1670/2927 
s 680
f 1945/1701/2929 1938/1691/2917 1923/1674/2898 
s 681
f 1938/1691/2917 1945/1701/2929 1918/1669/2916 
s 682
f 1921/1672/2896 1938/1691/2917 1940/1693/2919 
s 683
f 1938/1691/2917 1921/1672/2896 1923/1674/2898 
s 684
f 1923/1674/2898 1946/1702/2930 1945/1701/2931 
s 685
f 1946/1702/2930 1923/1674/2898 1922/1673/2897 
s 709
f 1927/1678/2902 1947/1703/2932 1948/1704/2933 
s 726
f 1919/1670/2927 1949/1705/2934 1950/1706/2935 
s 747
f 1951/1707/2936 1928/1679/2903 1952/1708/2937 
s 748
f 1951/1707/2936 1952/1708/2937 1953/1709/2938 
s 749
f 1951/1707/2936 1953/1709/2938 1954/1710/2939 
s 752
f 1948/1704/2933 1928/1679/2903 1927/1678/2902 
s 753
f 1928/1679/2903 1948/1704/2933 1952/1708/2937 
s 754
f 1955/1711/2940 1956/1712/2941 1950/1706/2935 
s 755
f 1955/1713/2942 1957/1714/2943 1956/1715/2944 
s 756
f 1957/1714/2943 1925/1676/2900 1956/1715/2944 
s 757
f 1958/1716/2945 1925/1676/2900 1957/1714/2943 
s 758
f 1924/1675/2899 1925/1676/2900 1958/1716/2945 
s 759
f 1959/1717/2946 1960/1718/2947 1958/1716/2945 
s 760
f 1959/1717/2946 1958/1716/2945 1957/1714/2943 
s 761
f 1959/1717/2946 1957/1714/2943 1955/1713/2942 
s 763
f 1959/1717/2946 1955/1713/2942 1961/1719/2948 
s 764
f 1927/1678/2902 1958/1716/2945 1960/1718/2947 
s 765
f 1958/1716/2945 1927/1678/2902 1924/1675/2899 
s 766
f 1955/1711/2940 1962/1720/2949 1961/1721/2950 
s 767
f 1962/1720/2949 1955/1711/2940 1950/1706/2935 
s 768
f 1926/1677/2901 1956/1715/2944 1925/1676/2900 
s 769
f 1956/1715/2944 1926/1677/2901 1944/1699/2925 
s 770
f 1951/1707/2936 1954/1710/2939 1949/1705/2934 
s 771
f 1951/1707/2936 1949/1705/2934 1946/1702/2930 
s 772
f 1951/1707/2936 1946/1702/2930 1922/1673/2897 
s 780
f 1963/1722/2951 1933/1723/2952 1964/1724/2953 
s 793
f 1948/1704/2933 1947/1703/2932 1965/1725/2954 
s 798
f 1959/1717/2946 1966/1726/2955 1947/1703/2932 
s 799
f 1959/1717/2946 1947/1703/2932 1960/1718/2947 
s 800
f 1947/1703/2932 1927/1678/2902 1960/1718/2947 
s 801
f 1967/1727/2956 1931/1682/2906 1968/1728/2957 
s 802
f 1969/1729/2958 1931/1682/2906 1967/1727/2956 
s 803
f 1969/1729/2958 1929/1680/2904 1931/1682/2906 
s 804
f 1970/1730/2959 1969/1729/2958 1967/1727/2956 
s 805
f 1970/1730/2959 1967/1727/2960 1971/1731/2961 
s 806
f 1972/1732/2962 1969/1729/2958 1970/1730/2959 
s 807
f 1969/1733/2963 1973/1734/2964 1964/1735/2965 
s 808
f 1973/1734/2964 1969/1733/2963 1972/1736/2966 
s 809
f 1963/1722/2951 1964/1724/2953 1973/1737/2967 
s 810
f 1974/1738/2968 1970/1730/2959 1971/1731/2961 
s 811
f 1975/1739/2969 1970/1730/2959 1974/1738/2968 
s 812
f 1976/1740/2970 1972/1732/2962 1970/1730/2959 
s 813
f 1976/1740/2970 1970/1730/2959 1975/1739/2969 
s 814
f 1963/1741/2971 1973/1734/2964 1972/1736/2966 
s 815
f 1971/1731/2961 1936/1689/2972 1974/1738/2968 
s 816
f 1977/1742/2973 1936/1697/2923 1942/1696/2922 
s 817
f 1978/1743/2974 1975/1744/2975 1974/1745/2976 
s 818
f 1978/1743/2974 1974/1745/2977 1977/1742/2973 
s 819
f 1978/1743/2974 1976/1746/2978 1975/1744/2975 
s 820
f 1979/1747/2979 1976/1746/2978 1978/1743/2974 
s 821
f 1976/1748/2980 1980/1749/2981 1963/1741/2971 
s 822
f 1963/1741/2971 1972/1736/2966 1976/1748/2980 
s 823
f 1981/1750/2982 1982/1751/2983 1977/1742/2973 
s 824
f 1982/1751/2983 1978/1743/2974 1977/1742/2973 
s 825
f 1982/1751/2983 1979/1747/2979 1978/1743/2974 
s 826
f 1930/1681/2905 1979/1747/2979 1982/1751/2983 
s 827
f 1968/1728/2984 1982/1751/2983 1981/1750/2982 
s 828
f 1931/1682/2906 1982/1751/2983 1968/1728/2984 
s 829
f 1931/1682/2906 1930/1681/2905 1982/1751/2983 
s 830
f 1951/1707/2936 1922/1673/2897 1928/1679/2903 
s 831
f 1946/1702/2930 1949/1705/2934 1945/1701/2929 
s 832
f 1949/1705/2934 1919/1670/2927 1945/1701/2929 
s 833
f 1952/1708/2937 1948/1704/2933 1965/1725/2954 
s 834
f 1959/1717/2946 1961/1719/2948 1966/1726/2955 
s 835
f 1956/1712/2941 1919/1670/2927 1950/1706/2935 
s 836
f 1919/1670/2927 1956/1712/2941 1944/1700/2926 
s 837
f 1962/1720/2949 1949/1705/2934 1954/1710/2939 
s 838
f 1949/1705/2934 1962/1720/2949 1950/1706/2935 
s 839
f 1929/1684/2908 1964/1752/2985 1933/1685/2985 
s 840
f 1964/1752/2986 1929/1684/2908 1969/1753/2986 
s 841
f 1979/1754/2987 1980/1749/2988 1976/1748/2980 
s 842
f 1980/1749/2988 1979/1754/2987 1983/1755/2989 
s 843
f 1983/1756/2990 1932/1757/2991 1980/1758/2992 
s 844
f 1930/1686/2910 1983/1755/2989 1979/1754/2987 
s 845
f 1983/1755/2989 1930/1686/2910 1932/1683/2907 
s 846
f 1933/1723/2993 1963/1722/2951 1980/1758/2992 
s 847
f 1932/1757/2991 1933/1723/2993 1980/1758/2992 
s 848
f 1937/1690/2915 1971/1731/2961 1967/1727/2956 
s 849
f 1971/1731/2961 1937/1690/2915 1935/1688/2912 
s 850
f 1936/1689/2914 1971/1731/2961 1935/1688/2912 
s 851
f 1936/1697/2994 1977/1742/2973 1974/1745/2977 
s 852
f 1981/1750/2982 1942/1696/2922 1941/1694/2920 
s 853
f 1942/1696/2922 1981/1750/2982 1977/1742/2973 
s 854
f 1939/1692/2918 1968/1728/2995 1941/1694/2920 
s 855
f 1941/1694/2920 1968/1728/2995 1981/1750/2982 
s 856
f 1967/1727/2996 1939/1692/2918 1937/1690/2915 
s 857
f 1939/1692/2918 1967/1727/2996 1968/1728/2984 
s 859
f 1984/1759/2997 1985/1760/2998 1986/1761/2998 
s 860
f 1987/1761/2999 1985/1760/2999 1984/1759/2997 
s 861
f 1988/1759/3000 1985/1762/3001 1987/1761/3001 
s 862
f 1986/1761/3002 1985/1762/3002 1988/1759/3000 
s 863
f 1989/1763/3003 1990/1764/3004 1991/1765/3005 
s 864
f 1992/1766/3006 1993/1767/3007 1991/1765/3005 
s 865
f 1993/1767/3007 1994/1768/3008 1991/1765/3005 
s 866
f 1994/1768/3008 1989/1763/3003 1991/1765/3005 
s 867
f 1995/1763/3009 1996/1764/3009 1997/1765/3010 
s 868
f 1998/1767/3011 1999/1768/3011 1997/1765/3011 
s 869
f 1996/1768/3012 1998/1763/3012 1997/1765/3010 
s 870
f 2000/1769/3013 1996/1770/3014 1995/1771/3014 
s 904
f 1999/1766/3015 2001/1767/3015 1997/1765/3010 
s 934
f 2002/1772/3016 2003/1773/3016 2004/1774/3017 
s 935
f 2005/1775/3018 2006/1776/3019 2007/1777/3020 
s 936
f 2006/1776/3019 2005/1775/3021 2008/1778/3021 
s 937
f 2008/1778/3022 2009/1779/3023 2006/1776/3019 
s 938
f 2009/1779/3023 2008/1778/3022 2010/1780/3024 
s 975
f 2010/1780/3024 2002/1772/3025 2009/1779/3023 
s 1019
f 2011/1781/3026 2012/1782/3027 2013/1783/3028 
s 1020
f 2014/1784/3029 2015/1785/3030 2016/1786/3031 
s 1021
f 2016/1786/3031 2017/1787/3032 2014/1784/3029 
s 1022
f 2017/1787/3033 2018/1788/3034 2019/1789/3035 
s 1023
f 2020/1790/3036 2019/1789/3035 2018/1788/3034 
s 1024
f 2020/1791/3037 2004/1774/3017 2011/1792/3038 
s 1025
f 2011/1792/3038 2019/1793/3039 2020/1791/3037 
s 1026
f 2017/1787/3040 2016/1786/3031 2018/1788/3034 
s 1027
f 2021/1794/3041 2022/1795/3042 2018/1788/3034 
s 1028
f 1993/1796/3043 1992/1797/3044 2023/1798/3045 
s 1029
f 2018/1788/3034 2016/1786/3031 2021/1794/3041 
s 1030
f 2024/1799/3046 2025/1800/3047 2026/1801/3048 
s 1031
f 2026/1801/3048 2027/1802/3049 2021/1794/3041 
s 1032
f 2027/1802/3050 2022/1795/3042 2021/1794/3041 
s 1033
f 2026/1801/3048 2028/1803/3051 2027/1802/3050 
s 1034
f 2029/1804/3052 2030/1805/3053 2031/1806/3054 
s 1035
f 2030/1805/3053 2029/1804/3052 2032/1807/3055 
s 1036
f 2032/1807/3056 2033/1808/3057 2030/1805/3053 
s 1037
f 2033/1808/3057 2032/1807/3058 2034/1809/3058 
s 1038
f 2034/1809/3059 2035/1810/3060 2033/1808/3061 
s 1039
f 2035/1810/3062 2034/1809/3063 2036/1811/3063 
s 1040
f 2036/1812/3064 2031/1813/3065 2035/1814/3066 
s 1041
f 2031/1813/3065 2036/1812/3064 2029/1815/3067 
s 1042
f 2030/1805/3053 2003/1816/3068 2031/1806/3054 
s 1043
f 2003/1816/3069 2030/1805/3053 2037/1817/3070 
s 1044
f 2037/1817/3070 2033/1808/3071 2025/1800/3047 
s 1045
f 2033/1808/3057 2037/1817/3070 2030/1805/3053 
s 1047
f 2035/1810/3060 2025/1800/3072 2033/1808/3061 
s 1048
f 2025/1800/3072 2035/1810/3062 2002/1818/3073 
s 1049
f 1996/1770/3074 2000/1769/3013 1990/1819/3075 
s 1050
f 2000/1820/3076 1997/1821/3077 2023/1798/3045 
s 1051
f 1997/1821/3078 2000/1820/3076 1995/1822/3079 
s 1052
f 1997/1821/3078 2038/1823/3080 2023/1798/3045 
s 1053
f 2038/1823/3080 1997/1821/3078 2001/1824/3081 
s 1054
f 2001/1824/3082 2039/1825/3083 2038/1823/3080 
s 1055
f 2039/1825/3083 2001/1824/3081 1999/1826/3084 
s 1056
f 1998/1827/3085 2040/1828/3086 1999/1826/3084 
s 1057
f 1999/1826/3084 2040/1828/3086 2039/1825/3083 
s 1058
f 1998/1827/3085 1990/1819/3075 2040/1828/3087 
s 1059
f 1990/1819/3075 1998/1827/3088 1996/1770/3088 
s 1060
f 1990/1819/3089 1989/1829/3090 2040/1828/3086 
s 1061
f 1991/1830/3091 1990/1819/3089 2000/1769/3013 
s 1062
f 2023/1798/3045 1991/1831/3092 2000/1820/3076 
s 1063
f 1992/1797/3044 1991/1831/3093 2023/1798/3045 
s 1064
f 1993/1796/3094 2023/1798/3045 2038/1823/3080 
s 1065
f 2039/1825/3083 1994/1832/3095 2038/1823/3080 
s 1066
f 1994/1832/3095 1993/1796/3094 2038/1823/3080 
s 1067
f 2040/1828/3096 1994/1832/3095 2039/1825/3083 
s 1068
f 1989/1829/3090 1994/1832/3095 2040/1828/3096 
s 1069
f 2041/1833/3097 2013/1783/3028 2015/1834/3098 
s 1070
f 2041/1833/3097 2011/1781/3026 2013/1783/3028 
s 1071
f 2015/1834/3098 2014/1835/3099 2041/1833/3097 
s 1072
f 2014/1835/3099 2017/1836/3100 2041/1833/3097 
s 1073
f 2017/1836/3100 2019/1837/3101 2041/1833/3097 
s 1074
f 2041/1833/3097 2019/1837/3101 2011/1781/3026 
s 1075
f 2015/1785/3030 2013/1838/3102 2024/1799/3046 
s 1076
f 2012/1839/3103 2011/1792/3038 2004/1774/3017 
s 1077
f 2022/1795/3104 2042/1840/3105 2043/1841/3104 
s 1078
f 2044/1842/3106 2008/1778/3107 2005/1775/3108 
s 1079
f 2008/1778/3107 2044/1842/3106 2045/1843/3109 
s 1080
f 2046/1844/3110 2047/1845/3111 2048/1846/3112 
s 1081
f 2046/1844/3110 2044/1847/3113 2043/1841/3114 
s 1082
f 2044/1847/3113 2046/1844/3110 2048/1848/3115 
s 1083
f 2005/1849/3116 2043/1841/3114 2044/1847/3113 
s 1084
f 2043/1841/3114 2005/1849/3117 2022/1795/3118 
s 1085
f 2013/1838/3102 2037/1817/3070 2024/1799/3046 
s 1086
f 2037/1817/3070 2013/1838/3102 2012/1850/3119 
s 1087
f 2037/1817/3070 2025/1800/3120 2024/1799/3046 
s 1088
f 2002/1818/3073 2010/1851/3121 2025/1800/3047 
s 1089
f 2012/1839/3103 2004/1774/3017 2003/1773/3122 
s 1090
f 2028/1803/3123 2026/1801/3048 2025/1800/3047 
s 1091
f 2025/1800/3047 2010/1851/3121 2028/1803/3124 
s 1092
f 2034/1809/3125 2029/1852/3126 2036/1853/3127 
s 1093
f 2029/1852/3126 2034/1809/3125 2032/1807/3128 
s 1094
f 2015/1785/3030 2024/1799/3046 2016/1786/3031 
s 1095
f 2037/1817/3070 2012/1850/3119 2003/1816/3129 
s 1096
f 2022/1795/3130 2005/1849/3117 2018/1788/3034 
s 1097
f 2020/1790/3131 2018/1788/3034 2005/1849/3131 
s 1098
f 2026/1801/3048 2016/1786/3031 2024/1799/3046 
s 1099
f 2042/1840/3105 2022/1795/3132 2027/1802/3050 
s 1100
f 2026/1801/3048 2021/1794/3041 2016/1786/3031 
s 1101
f 2020/1791/3037 2005/1775/3133 2007/1777/3020 
s 1102
f 2020/1791/3134 2007/1777/3020 2006/1776/3019 
s 1103
f 2006/1776/3019 2004/1774/3017 2020/1791/3037 
s 1104
f 2004/1774/3017 2006/1776/3019 2009/1779/3023 
s 1105
f 2004/1774/3017 2009/1779/3023 2002/1772/3135 
s 1106
f 2035/1814/3136 2031/1813/3065 2003/1773/3137 
s 1107
f 2003/1773/3138 2002/1772/3138 2035/1814/3136 
s 1108
f 2049/1854/3139 2050/1855/3140 2051/1856/3141 
s 1109
f 2050/1855/3140 2049/1854/3139 2052/1857/3142 
s 1110
f 2052/1857/3143 2053/1858/3144 2050/1855/3145 
s 1111
f 2053/1858/3144 2052/1857/3146 2054/1859/3147 
s 1112
f 2055/1860/3148 2053/1858/3144 2054/1859/3147 
s 1113
f 2053/1858/3144 2055/1860/3148 2056/1861/3149 
s 1114
f 2055/1862/3150 2051/1863/3151 2056/1864/3152 
s 1115
f 2051/1863/3151 2055/1862/3150 2049/1865/3153 
s 1116
f 2051/1856/3154 2028/1803/3154 2010/1851/3154 
s 1117
f 2047/1845/3111 2046/1844/3110 2057/1866/3155 
s 1118
f 2028/1803/3123 2051/1856/3156 2050/1855/3156 
s 1119
f 2050/1855/3140 2027/1802/3157 2028/1803/3123 
s 1120
f 2027/1802/3050 2050/1855/3145 2053/1858/3144 
s 1121
f 2056/1861/3149 2027/1802/3158 2053/1858/3144 
s 1122
f 2027/1802/3050 2056/1861/3149 2008/1867/3159 
s 1123
f 2056/1864/3152 2010/1780/3160 2008/1778/3107 
s 1124
f 2010/1780/3160 2056/1864/3152 2051/1863/3151 
s 1125
f 2054/1859/3161 2049/1868/3161 2055/1869/3162 
s 1126
f 2049/1868/3161 2054/1859/3161 2052/1857/3161 
s 1127
f 2047/1860/3163 2042/1840/3164 2045/1870/3165 
s 1128
f 2042/1840/3164 2047/1860/3163 2057/1866/3166 
s 1129
f 2057/1866/3167 2043/1841/3168 2042/1840/3105 
s 1130
f 2043/1841/3168 2057/1866/3167 2046/1844/3110 
s 1131
f 2048/1871/3169 2045/1843/3109 2044/1842/3170 
s 1132
f 2045/1843/3109 2048/1871/3169 2047/1872/3171 
s 1133
f 2045/1870/3165 2027/1802/3172 2008/1867/3173 
s 1134
f 2027/1802/3172 2045/1870/3165 2042/1840/3164 
s 296
f 2058/1669/3174 2059/1671/3174 2060/1670/3174 
s 630
f 2061/1672/3175 2062/1674/3176 2063/1673/3177 
s 631
f 2063/1673/3177 2064/1675/3178 2061/1672/3175 
s 632
f 2061/1672/3175 2064/1675/3178 2065/1676/3179 
s 633
f 2065/1676/3179 2066/1677/3180 2061/1672/3175 
s 634
f 2063/1673/3177 2067/1679/3181 2068/1678/3182 
s 635
f 2068/1678/3182 2064/1675/3178 2063/1673/3177 
s 656
f 2069/1680/3183 2070/1682/3184 2071/1681/3185 
s 657
f 2072/1683/3186 2073/1685/3187 2069/1684/3188 
s 658
f 2069/1684/3188 2071/1686/3189 2072/1683/3186 
s 659
f 2074/1687/3190 2059/1671/3191 2075/1688/3192 
s 660
f 2075/1688/3192 2076/1689/3193 2074/1687/3190 
s 661
f 2059/1671/3191 2058/1669/3194 2077/1690/3195 
s 662
f 2077/1690/3195 2075/1688/3192 2059/1671/3191 
s 663
f 2078/1691/3196 2079/1692/3197 2077/1690/3195 
s 664
f 2077/1690/3195 2058/1669/3194 2078/1691/3196 
s 665
f 2080/1693/3198 2081/1694/3199 2079/1692/3197 
s 666
f 2079/1692/3197 2078/1691/3196 2080/1693/3198 
s 667
f 2074/1695/3200 2076/1697/3201 2082/1696/3202 
s 668
f 2082/1696/3202 2083/1698/3203 2074/1695/3200 
s 669
f 2084/1699/3204 2074/1695/3200 2083/1698/3203 
s 670
f 2083/1698/3203 2066/1677/3180 2084/1699/3204 
s 671
f 2083/1698/3203 2082/1696/3202 2081/1694/3199 
s 672
f 2081/1694/3199 2080/1693/3198 2083/1698/3203 
s 674
f 2066/1677/3180 2083/1698/3203 2080/1693/3198 
s 675
f 2080/1693/3198 2061/1672/3175 2066/1677/3180 
s 676
f 2084/1700/3205 2060/1670/3206 2059/1671/3191 
s 677
f 2059/1671/3191 2074/1687/3190 2084/1700/3205 
s 678
f 2060/1670/3206 2058/1669/3194 2059/1671/3191 
s 679
f 2058/1669/3194 2060/1670/3206 2085/1701/3207 
s 680
f 2085/1701/3208 2062/1674/3176 2078/1691/3196 
s 681
f 2078/1691/3196 2058/1669/3194 2085/1701/3208 
s 682
f 2061/1672/3175 2080/1693/3198 2078/1691/3196 
s 683
f 2078/1691/3196 2062/1674/3176 2061/1672/3175 
s 684
f 2062/1674/3176 2085/1701/3209 2086/1702/3210 
s 685
f 2086/1702/3210 2063/1673/3177 2062/1674/3176 
s 709
f 2068/1678/3182 2087/1704/3211 832/1703/3212 
s 726
f 2060/1670/3206 2088/1706/3213 2089/1705/3214 
s 747
f 2090/1707/3215 834/1708/3216 2067/1679/3181 
s 748
f 2090/1707/3215 830/1709/3217 834/1708/3216 
s 749
f 2090/1707/3215 831/1710/3218 830/1709/3217 
s 752
f 2087/1704/3211 2068/1678/3182 2067/1679/3181 
s 753
f 2067/1679/3181 834/1708/3216 2087/1704/3211 
s 754
f 2091/1711/3219 2088/1706/3213 2092/1712/3220 
s 755
f 2091/1713/3221 2092/1715/3222 2093/1714/3223 
s 756
f 2093/1714/3223 2092/1715/3222 2065/1676/3179 
s 757
f 2094/1716/3224 2093/1714/3223 2065/1676/3179 
s 758
f 2064/1675/3178 2094/1716/3224 2065/1676/3179 
s 759
f 2095/1717/3225 2094/1716/3224 2096/1718/3226 
s 760
f 2095/1717/3225 2093/1714/3223 2094/1716/3224 
s 761
f 2095/1717/3225 2091/1713/3221 2093/1714/3223 
s 763
f 2095/1717/3225 828/1719/3227 2091/1713/3221 
s 764
f 2068/1678/3182 2096/1718/3226 2094/1716/3224 
s 765
f 2094/1716/3224 2064/1675/3178 2068/1678/3182 
s 766
f 2091/1711/3219 828/1721/3228 827/1720/3229 
s 767
f 827/1720/3229 2088/1706/3213 2091/1711/3219 
s 768
f 2066/1677/3180 2065/1676/3179 2092/1715/3222 
s 769
f 2092/1715/3222 2084/1699/3204 2066/1677/3180 
s 770
f 2090/1707/3215 2089/1705/3214 831/1710/3218 
s 771
f 2090/1707/3215 2086/1702/3210 2089/1705/3214 
s 772
f 2090/1707/3215 2063/1673/3177 2086/1702/3210 
s 780
f 2097/1722/3230 2098/1724/3231 2073/1723/3232 
s 793
f 2087/1704/3211 833/1725/3233 832/1703/3212 
s 798
f 2095/1717/3225 832/1703/3212 829/1726/3234 
s 799
f 2095/1717/3225 2096/1718/3226 832/1703/3212 
s 800
f 832/1703/3212 2096/1718/3226 2068/1678/3182 
s 801
f 2099/1727/3235 2100/1728/3236 2070/1682/3184 
s 802
f 2101/1729/3237 2099/1727/3235 2070/1682/3184 
s 803
f 2101/1729/3237 2070/1682/3184 2069/1680/3183 
s 804
f 2102/1730/3238 2099/1727/3235 2101/1729/3237 
s 805
f 2102/1730/3238 2103/1731/3239 2099/1727/3240 
s 806
f 2104/1732/3241 2102/1730/3238 2101/1729/3237 
s 807
f 2101/1733/3242 2098/1735/3243 2105/1734/3244 
s 808
f 2105/1734/3244 2104/1736/3245 2101/1733/3242 
s 809
f 2097/1722/3230 2105/1737/3246 2098/1724/3231 
s 810
f 2106/1738/3247 2103/1731/3239 2102/1730/3238 
s 811
f 2107/1739/3248 2106/1738/3247 2102/1730/3238 
s 812
f 2108/1740/3249 2102/1730/3238 2104/1732/3241 
s 813
f 2108/1740/3249 2107/1739/3248 2102/1730/3238 
s 814
f 2097/1741/3250 2104/1736/3245 2105/1734/3244 
s 815
f 2103/1731/3239 2106/1738/3247 2076/1689/3251 
s 816
f 2109/1742/3252 2082/1696/3202 2076/1697/3201 
s 817
f 2110/1743/3253 2106/1745/3254 2107/1744/3255 
s 818
f 2110/1743/3253 2109/1742/3252 2106/1745/3256 
s 819
f 2110/1743/3253 2107/1744/3255 2108/1746/3257 
s 820
f 2111/1747/3258 2110/1743/3253 2108/1746/3257 
s 821
f 2108/1748/3259 2097/1741/3250 2112/1749/3260 
s 822
f 2097/1741/3250 2108/1748/3259 2104/1736/3245 
s 823
f 2113/1750/3261 2109/1742/3252 2114/1751/3262 
s 824
f 2114/1751/3262 2109/1742/3252 2110/1743/3253 
s 825
f 2114/1751/3262 2110/1743/3253 2111/1747/3258 
s 826
f 2071/1681/3185 2114/1751/3262 2111/1747/3258 
s 827
f 2100/1728/3263 2113/1750/3261 2114/1751/3262 
s 828
f 2070/1682/3184 2100/1728/3263 2114/1751/3262 
s 829
f 2070/1682/3184 2114/1751/3262 2071/1681/3185 
s 830
f 2090/1707/3215 2067/1679/3181 2063/1673/3177 
s 831
f 2086/1702/3210 2085/1701/3208 2089/1705/3214 
s 832
f 2089/1705/3214 2085/1701/3208 2060/1670/3206 
s 833
f 834/1708/3216 833/1725/3233 2087/1704/3211 
s 834
f 2095/1717/3225 829/1726/3234 828/1719/3227 
s 835
f 2092/1712/3220 2088/1706/3213 2060/1670/3206 
s 836
f 2060/1670/3206 2084/1700/3205 2092/1712/3220 
s 837
f 827/1720/3229 831/1710/3218 2089/1705/3214 
s 838
f 2089/1705/3214 2088/1706/3213 827/1720/3229 
s 839
f 2069/1684/3188 2073/1685/3264 2098/1752/3264 
s 840
f 2098/1752/3265 2101/1753/3265 2069/1684/3188 
s 841
f 2111/1754/3266 2108/1748/3259 2112/1749/3267 
s 842
f 2112/1749/3267 2115/1755/3268 2111/1754/3266 
s 843
f 2115/1756/3269 2112/1758/3270 2072/1757/3271 
s 844
f 2071/1686/3189 2111/1754/3266 2115/1755/3268 
s 845
f 2115/1755/3268 2072/1683/3186 2071/1686/3189 
s 846
f 2073/1723/3272 2112/1758/3270 2097/1722/3230 
s 847
f 2072/1757/3271 2112/1758/3270 2073/1723/3272 
s 848
f 2077/1690/3195 2099/1727/3235 2103/1731/3239 
s 849
f 2103/1731/3239 2075/1688/3192 2077/1690/3195 
s 850
f 2076/1689/3193 2075/1688/3192 2103/1731/3239 
s 851
f 2076/1697/3273 2106/1745/3256 2109/1742/3252 
s 852
f 2113/1750/3261 2081/1694/3199 2082/1696/3202 
s 853
f 2082/1696/3202 2109/1742/3252 2113/1750/3261 
s 854
f 2079/1692/3197 2081/1694/3199 2100/1728/3274 
s 855
f 2081/1694/3199 2113/1750/3261 2100/1728/3274 
s 856
f 2099/1727/3275 2077/1690/3195 2079/1692/3197 
s 857
f 2079/1692/3197 2100/1728/3263 2099/1727/3275 
s 859
f 2116/1759/3276 2117/1761/3277 2118/1760/3277 
s 860
f 2119/1761/3278 2116/1759/3276 2118/1760/3278 
s 861
f 2120/1759/3279 2119/1761/3280 2118/1762/3280 
s 862
f 2117/1761/3281 2120/1759/3279 2118/1762/3281 
s 863
f 2121/1763/3282 2122/1765/3283 2123/1764/3284 
s 864
f 2124/1766/3285 2122/1765/3283 2125/1767/3286 
s 865
f 2125/1767/3286 2122/1765/3283 2126/1768/3287 
s 866
f 2126/1768/3287 2122/1765/3283 2121/1763/3282 
s 867
f 2127/1763/3288 2128/1765/3289 2129/1764/3288 
s 868
f 2130/1767/3290 2128/1765/3290 2131/1768/3290 
s 869
f 2129/1768/3291 2128/1765/3289 2130/1763/3291 
s 870
f 2132/1769/3292 2127/1771/3293 2129/1770/3293 
s 904
f 2131/1766/3294 2128/1765/3289 2133/1767/3294 
s 934
f 2134/1772/3295 2135/1774/3296 2136/1773/3295 
s 935
f 2137/1775/3297 2138/1777/3298 2139/1776/3299 
s 936
f 2139/1776/3299 2140/1778/3300 2137/1775/3300 
s 937
f 2140/1778/3301 2139/1776/3299 2141/1779/3302 
s 938
f 2141/1779/3302 2142/1780/3303 2140/1778/3301 
s 975
f 2142/1780/3303 2141/1779/3302 2134/1772/3304 
s 1019
f 2143/1781/3305 2144/1783/3306 2145/1782/3307 
s 1020
f 2146/1784/3308 2147/1786/3309 2148/1785/3310 
s 1021
f 2147/1786/3309 2146/1784/3308 2149/1787/3311 
s 1022
f 2149/1787/3312 2150/1789/3313 2151/1788/3314 
s 1023
f 2152/1790/3315 2151/1788/3314 2150/1789/3313 
s 1024
f 2152/1791/3316 2143/1792/3317 2135/1774/3296 
s 1025
f 2143/1792/3317 2152/1791/3316 2150/1793/3318 
s 1026
f 2149/1787/3319 2151/1788/3314 2147/1786/3309 
s 1027
f 2153/1794/3320 2151/1788/3314 2154/1795/3321 
s 1028
f 2125/1796/3322 2155/1798/3323 2124/1797/3324 
s 1029
f 2151/1788/3314 2153/1794/3320 2147/1786/3309 
s 1030
f 2156/1799/3325 2157/1801/3326 2158/1800/3327 
s 1031
f 2157/1801/3326 2153/1794/3320 2159/1802/3328 
s 1032
f 2159/1802/3329 2153/1794/3320 2154/1795/3321 
s 1033
f 2157/1801/3326 2159/1802/3329 2160/1803/3330 
s 1034
f 2161/1804/3331 2162/1806/3332 2163/1805/3333 
s 1035
f 2163/1805/3333 2164/1807/3334 2161/1804/3331 
s 1036
f 2164/1807/3335 2163/1805/3333 2165/1808/3336 
s 1037
f 2165/1808/3336 2166/1809/3337 2164/1807/3337 
s 1038
f 2166/1809/3338 2165/1808/3339 2167/1810/3340 
s 1039
f 2167/1810/3341 2168/1811/3342 2166/1809/3342 
s 1040
f 2168/1812/3343 2167/1814/3344 2162/1813/3345 
s 1041
f 2162/1813/3345 2161/1815/3346 2168/1812/3343 
s 1042
f 2163/1805/3333 2162/1806/3332 2136/1816/3347 
s 1043
f 2136/1816/3348 2169/1817/3349 2163/1805/3333 
s 1044
f 2169/1817/3349 2158/1800/3327 2165/1808/3350 
s 1045
f 2165/1808/3336 2163/1805/3333 2169/1817/3349 
s 1047
f 2167/1810/3340 2165/1808/3339 2158/1800/3351 
s 1048
f 2158/1800/3351 2134/1818/3352 2167/1810/3341 
s 1049
f 2129/1770/3353 2123/1819/3354 2132/1769/3292 
s 1050
f 2132/1820/3355 2155/1798/3323 2128/1821/3356 
s 1051
f 2128/1821/3357 2127/1822/3358 2132/1820/3355 
s 1052
f 2128/1821/3357 2155/1798/3323 2170/1823/3359 
s 1053
f 2170/1823/3359 2133/1824/3360 2128/1821/3357 
s 1054
f 2133/1824/3361 2170/1823/3359 2171/1825/3362 
s 1055
f 2171/1825/3362 2131/1826/3363 2133/1824/3360 
s 1056
f 2130/1827/3364 2131/1826/3363 2172/1828/3365 
s 1057
f 2131/1826/3363 2171/1825/3362 2172/1828/3365 
s 1058
f 2130/1827/3364 2172/1828/3366 2123/1819/3354 
s 1059
f 2123/1819/3354 2129/1770/3367 2130/1827/3367 
s 1060
f 2123/1819/3368 2172/1828/3365 2121/1829/3369 
s 1061
f 2122/1830/3370 2132/1769/3292 2123/1819/3368 
s 1062
f 2155/1798/3323 2132/1820/3355 2122/1831/3371 
s 1063
f 2124/1797/3324 2155/1798/3323 2122/1831/3372 
s 1064
f 2125/1796/3373 2170/1823/3359 2155/1798/3323 
s 1065
f 2171/1825/3362 2170/1823/3359 2126/1832/3374 
s 1066
f 2126/1832/3374 2170/1823/3359 2125/1796/3373 
s 1067
f 2172/1828/3375 2171/1825/3362 2126/1832/3374 
s 1068
f 2121/1829/3369 2172/1828/3375 2126/1832/3374 
s 1069
f 2173/1833/3376 2148/1834/3377 2144/1783/3306 
s 1070
f 2173/1833/3376 2144/1783/3306 2143/1781/3305 
s 1071
f 2148/1834/3377 2173/1833/3376 2146/1835/3378 
s 1072
f 2146/1835/3378 2173/1833/3376 2149/1836/3379 
s 1073
f 2149/1836/3379 2173/1833/3376 2150/1837/3380 
s 1074
f 2173/1833/3376 2143/1781/3305 2150/1837/3380 
s 1075
f 2148/1785/3310 2156/1799/3325 2144/1838/3381 
s 1076
f 2145/1839/3382 2135/1774/3296 2143/1792/3317 
s 1077
f 2154/1795/3383 2174/1841/3383 2175/1840/3384 
s 1078
f 2176/1842/3385 2137/1775/3386 2140/1778/3387 
s 1079
f 2140/1778/3387 2177/1843/3388 2176/1842/3385 
s 1080
f 2178/1844/3389 2179/1846/3390 2180/1845/3391 
s 1081
f 2178/1844/3389 2174/1841/3392 2176/1847/3393 
s 1082
f 2176/1847/3393 2179/1848/3394 2178/1844/3389 
s 1083
f 2137/1849/3395 2176/1847/3393 2174/1841/3392 
s 1084
f 2174/1841/3392 2154/1795/3396 2137/1849/3397 
s 1085
f 2144/1838/3381 2156/1799/3325 2169/1817/3349 
s 1086
f 2169/1817/3349 2145/1850/3398 2144/1838/3381 
s 1087
f 2169/1817/3349 2156/1799/3325 2158/1800/3399 
s 1088
f 2134/1818/3352 2158/1800/3327 2142/1851/3400 
s 1089
f 2145/1839/3382 2136/1773/3401 2135/1774/3296 
s 1090
f 2160/1803/3402 2158/1800/3327 2157/1801/3326 
s 1091
f 2158/1800/3327 2160/1803/3403 2142/1851/3400 
s 1092
f 2166/1809/3404 2168/1853/3405 2161/1852/3406 
s 1093
f 2161/1852/3406 2164/1807/3407 2166/1809/3404 
s 1094
f 2148/1785/3310 2147/1786/3309 2156/1799/3325 
s 1095
f 2169/1817/3349 2136/1816/3408 2145/1850/3398 
s 1096
f 2154/1795/3409 2151/1788/3314 2137/1849/3397 
s 1097
f 2152/1790/3410 2137/1849/3410 2151/1788/3314 
s 1098
f 2157/1801/3326 2156/1799/3325 2147/1786/3309 
s 1099
f 2175/1840/3384 2159/1802/3329 2154/1795/3411 
s 1100
f 2157/1801/3326 2147/1786/3309 2153/1794/3320 
s 1101
f 2152/1791/3316 2138/1777/3298 2137/1775/3412 
s 1102
f 2152/1791/3413 2139/1776/3299 2138/1777/3298 
s 1103
f 2139/1776/3299 2152/1791/3316 2135/1774/3296 
s 1104
f 2135/1774/3296 2141/1779/3302 2139/1776/3299 
s 1105
f 2135/1774/3296 2134/1772/3414 2141/1779/3302 
s 1106
f 2167/1814/3415 2136/1773/3416 2162/1813/3345 
s 1107
f 2136/1773/3417 2167/1814/3415 2134/1772/3417 
s 1108
f 2181/1854/3418 2182/1856/3419 2183/1855/3420 
s 1109
f 2183/1855/3420 2184/1857/3421 2181/1854/3418 
s 1110
f 2184/1857/3422 2183/1855/3423 2185/1858/3424 
s 1111
f 2185/1858/3424 2186/1859/3425 2184/1857/3426 
s 1112
f 2187/1860/3427 2186/1859/3425 2185/1858/3424 
s 1113
f 2185/1858/3424 2188/1861/3428 2187/1860/3427 
s 1114
f 2187/1862/3429 2188/1864/3430 2182/1863/3431 
s 1115
f 2182/1863/3431 2181/1865/3432 2187/1862/3429 
s 1116
f 2182/1856/3433 2142/1851/3433 2160/1803/3433 
s 1117
f 2180/1845/3391 2189/1866/3434 2178/1844/3389 
s 1118
f 2160/1803/3402 2183/1855/3435 2182/1856/3435 
s 1119
f 2183/1855/3420 2160/1803/3402 2159/1802/3436 
s 1120
f 2159/1802/3329 2185/1858/3424 2183/1855/3423 
s 1121
f 2188/1861/3428 2185/1858/3424 2159/1802/3437 
s 1122
f 2159/1802/3329 2140/1867/3438 2188/1861/3428 
s 1123
f 2188/1864/3430 2140/1778/3387 2142/1780/3439 
s 1124
f 2142/1780/3439 2182/1863/3431 2188/1864/3430 
s 1125
f 2186/1859/3440 2187/1869/3441 2181/1868/3440 
s 1126
f 2181/1868/3440 2184/1857/3440 2186/1859/3440 
s 1127
f 2180/1860/3442 2177/1870/3443 2175/1840/3444 
s 1128
f 2175/1840/3444 2189/1866/3445 2180/1860/3442 
s 1129
f 2189/1866/3446 2175/1840/3384 2174/1841/3447 
s 1130
f 2174/1841/3447 2178/1844/3389 2189/1866/3446 
s 1131
f 2179/1871/3448 2176/1842/3449 2177/1843/3388 
s 1132
f 2177/1843/3388 2180/1872/3450 2179/1871/3448 
s 1133
f 2177/1870/3443 2140/1867/3451 2159/1802/3452 
s 1134
f 2159/1802/3452 2175/1840/3444 2177/1870/3443 
s 103
f 2190/1370/2307 2191/1371/2307 2192/1372/2307 
s 104
f 2193/1373/2307 2194/1374/2308 2190/1370/2307 
s 105
f 2193/1375/3453 2195/1376/3454 1507/1377/3455 
s 106
f 1507/1377/3455 1509/1378/3453 2193/1375/3453 
s 107
f 2195/1376/3454 2196/1379/3456 1508/1380/3456 
s 108
f 1508/1380/3456 1507/1377/3455 2195/1376/3454 
s 109
f 2196/1379/3456 2197/1381/3457 1514/1382/3458 
s 110
f 1514/1382/3458 1508/1380/3456 2196/1379/3456 
s 111
f 2197/1381/3457 2192/1383/3459 1512/1384/3459 
s 112
f 1512/1384/3459 1514/1382/3458 2197/1381/3457 
s 113
f 2192/1383/3459 2191/1385/3460 1513/1386/3461 
s 114
f 1513/1386/3461 1512/1384/3459 2192/1383/3459 
s 115
f 2191/1385/3460 2190/1387/3462 1510/1388/3462 
s 116
f 1510/1388/3462 1513/1386/3461 2191/1385/3460 
s 117
f 2190/1389/3463 2194/1390/3464 1511/1391/3465 
s 118
f 1511/1391/3465 1510/1392/3463 2190/1389/3463 
s 119
f 2194/1390/3464 2193/1375/3453 1509/1378/3453 
s 120
f 1509/1378/3453 1511/1391/3465 2194/1390/3464 
s 157
f 2198/1433/2307 2199/1434/2307 2200/1435/2307 
s 158
f 2201/1436/2307 2202/1437/2307 2198/1433/2307 
s 159
f 2201/1438/3466 2203/1439/3467 2204/1440/3468 
s 160
f 2204/1440/3468 2205/1441/3466 2201/1438/3466 
s 161
f 2203/1439/3467 2200/1442/3469 2206/1443/3470 
s 162
f 2206/1443/3470 2204/1440/3468 2203/1439/3467 
s 163
f 2200/1442/3469 2199/1444/3471 2207/1445/3471 
s 164
f 2207/1445/3471 2206/1443/3470 2200/1442/3469 
s 165
f 2199/1444/3471 2198/1446/3472 2208/1447/3472 
s 166
f 2208/1447/3472 2207/1445/3471 2199/1444/3471 
s 167
f 2198/1448/3473 2202/1449/3474 2209/1450/3475 
s 168
f 2209/1450/3475 2208/1451/3473 2198/1448/3473 
s 169
f 2202/1449/3474 2201/1438/3466 2205/1441/3466 
s 170
f 2205/1441/3466 2209/1450/3475 2202/1449/3474 
s 171
f 2195/1452/2307 2193/1373/2307 2196/1453/2307 
s 172
f 2193/1373/2307 2190/1370/2307 2196/1453/2307 
s 173
f 2190/1370/2307 2192/1372/2307 2196/1453/2307 
s 174
f 2192/1372/2307 2197/1454/2307 2196/1453/2307 
s 191
f 2203/1475/2307 2201/1436/2307 2200/1435/2307 
s 192
f 2201/1436/2307 2198/1433/2307 2200/1435/2307 
# 0 polygons - 3707 triangles

